# File exported by Houdini 21.0.631 (www.sidefx.com)
# 3296 points
# 19050 vertices
# 6350 primitives
# Bounds: [-0.100775793, -1.64979756, -1.64979756] to [0.800689697, 1.64979756, 1.64979756]
g 
v 0.316666871 -0.376319468 -0.559542894
v 0.396623015 -0.307178617 -0.601994574
v 0.475399464 -0.242402852 -0.652728677
v 0.550916731 -0.181191087 -0.712107599
v 0.620978355 -0.12277174 -0.780328751
v 0.68321538 -0.0664440691 -0.857330918
v 0.735060513 -0.0116205979 -0.942665935
v 0.773774028 0.0421258397 -1.0353384
v 0.796543896 0.0950101092 -1.13362551
v 0.800689697 0.146981567 -1.23490417
v 0.783985198 0.197679937 -1.33553326
v 0.745094895 0.246417388 -1.43086314
v 0.684069157 0.292208731 -1.51544809
v 0.602787375 0.333868712 -1.58351636
v 0.505189061 0.370181561 -1.62968493
v 0.397139758 0.400121719 -1.64979756
v 0.285862029 0.42307514 -1.64167392
v 0.17901738 0.438999325 -1.60553217
v 0.0836671367 0.448470235 -1.54393506
v 0.00539728347 0.452607155 -1.46127725
v -0.052182138 0.452906311 -1.36299133
v -0.0875055864 0.451041311 -1.25471222
v -0.100775793 0.448684454 -1.14160192
v -0.0935026705 0.447381854 -1.02793145
v -0.0680111647 0.448489815 -0.916915476
v -0.0270211603 0.453161687 -0.810738444
v 0.0266563017 0.462367833 -0.710690558
v 0.0903042927 0.476931334 -0.617350221
v 0.161387071 0.497566283 -0.530764878
v 0.237565786 0.524909854 -0.450610518
v 0.316666871 0.559542894 -0.376319468
v 0.396623015 0.601994574 -0.307178617
v 0.475399464 0.652728677 -0.242402852
v 0.550916731 0.712107599 -0.181191087
v 0.620978355 0.780328751 -0.12277174
v 0.68321538 0.857330918 -0.0664440691
v 0.735060513 0.942665935 -0.0116205979
v 0.773774028 1.0353384 0.0421258397
v 0.796543896 1.13362551 0.0950101092
v 0.800689697 1.23490417 0.146981567
v 0.783985198 1.33553326 0.197679937
v 0.745094895 1.43086314 0.246417388
v 0.684069157 1.51544809 0.292208731
v 0.602787375 1.58351636 0.333868712
v 0.505189061 1.62968493 0.370181561
v 0.397139758 1.64979756 0.400121719
v 0.285862029 1.64167392 0.42307514
v 0.17901738 1.60553217 0.438999325
v 0.0836671367 1.54393506 0.448470235
v 0.00539728347 1.46127725 0.452607155
v -0.052182138 1.36299133 0.452906311
v -0.0875055864 1.25471222 0.451041311
v -0.100775793 1.14160192 0.448684454
v -0.0935026705 1.02793145 0.447381854
v -0.0680111647 0.916915476 0.448489815
v -0.0270211603 0.810738444 0.453161687
v 0.0266563017 0.710690558 0.462367833
v 0.0903042927 0.617350221 0.476931334
v 0.161387071 0.530764878 0.497566283
v 0.237565786 0.450610518 0.524909854
v 0.316666871 0.376319468 0.559542894
v 0.396623015 0.307178617 0.601994574
v 0.475399464 0.242402852 0.652728677
v 0.550916731 0.181191087 0.712107599
v 0.620978355 0.12277174 0.780328751
v 0.68321538 0.0664440691 0.857330918
v 0.735060513 0.0116205979 0.942665935
v 0.773774028 -0.0421258397 1.0353384
v 0.796543896 -0.0950101092 1.13362551
v 0.800689697 -0.146981567 1.23490417
v 0.783985198 -0.197679937 1.33553326
v 0.745094895 -0.246417388 1.43086314
v 0.684069157 -0.292208731 1.51544809
v 0.602787375 -0.333868712 1.58351636
v 0.505189061 -0.370181561 1.62968493
v 0.397139758 -0.400121719 1.64979756
v 0.285862029 -0.42307514 1.64167392
v 0.17901738 -0.438999325 1.60553217
v 0.0836671367 -0.448470235 1.54393506
v 0.00539728347 -0.452607155 1.46127725
v -0.052182138 -0.452906311 1.36299133
v -0.0875055864 -0.451041311 1.25471222
v -0.100775793 -0.448684454 1.14160192
v -0.0935026705 -0.447381854 1.02793145
v -0.0680111647 -0.448489815 0.916915476
v -0.0270211603 -0.453161687 0.810738444
v 0.0266563017 -0.462367833 0.710690558
v 0.0903042927 -0.476931334 0.617350221
v 0.161387071 -0.497566283 0.530764878
v 0.237565786 -0.524909854 0.450610518
v 0.316666871 -0.559542894 0.376319468
v 0.396623015 -0.601994574 0.307178617
v 0.475399464 -0.652728677 0.242402852
v 0.550916731 -0.712107599 0.181191087
v 0.620978355 -0.780328751 0.12277174
v 0.68321538 -0.857330918 0.0664440691
v 0.735060513 -0.942665935 0.0116205979
v 0.773774028 -1.0353384 -0.0421258397
v 0.796543896 -1.13362551 -0.0950101092
v 0.800689697 -1.23490417 -0.146981567
v 0.783985198 -1.33553326 -0.197679937
v 0.745094895 -1.43086314 -0.246417388
v 0.684069157 -1.51544809 -0.292208731
v 0.602787375 -1.58351636 -0.333868712
v 0.505189061 -1.62968493 -0.370181561
v 0.397139758 -1.64979756 -0.400121719
v 0.285862029 -1.64167392 -0.42307514
v 0.17901738 -1.60553217 -0.438999325
v 0.0836671367 -1.54393506 -0.448470235
v 0.00539728347 -1.46127725 -0.452607155
v -0.052182138 -1.36299133 -0.452906311
v -0.0875055864 -1.25471222 -0.451041311
v -0.100775793 -1.14160192 -0.448684454
v -0.0935026705 -1.02793145 -0.447381854
v -0.0680111647 -0.916915476 -0.448489815
v -0.0270211603 -0.810738444 -0.453161687
v 0.0266563017 -0.710690558 -0.462367833
v 0.0903042927 -0.617350221 -0.476931334
v 0.161387071 -0.530764878 -0.497566283
v 0.237565786 -0.450610518 -0.524909854
v 0.372356892 0.269420773 -1.13283563
v 0.305964231 -1.07688701 -0.292890966
v 0.365474313 -0.261120081 1.08210468
v 0.320041865 0.263951033 -0.997826815
v 0.340022802 -0.256323844 1.00662291
v 0.307038218 1.01918292 0.276906699
v 0.346001148 0.314648151 -1.26282156
v 0.32615298 0.24204573 -0.913480997
v 0.328463972 -0.937860489 -0.251013756
v 0.31761542 -0.253914714 0.928563118
v 0.335655153 0.858696759 0.223388925
v 0.35486865 -0.120633639 0.547350526
v 0.345448256 0.146097124 -0.549146175
v 0.312506914 -0.843118131 -0.245147571
v 0.335380167 0.2150179 -0.821110606
v 0.345620245 -0.208516851 0.822487354
v 0.378125578 -0.333488047 1.37631798
v 0.367329955 -0.527549207 -0.0731939822
v 0.314598948 0.781692445 0.228745803
v 0.334123254 0.717762351 0.195482314
v 0.37446174 1.31549656 0.318599731
v 0.327125639 -1.36235583 -0.347385436
v 0.315690458 0.359389782 -1.40335357
v 0.32907474 0.568297386 0.185027257
v 0.345485359 -0.17708388 0.688142776
v 0.356584638 -0.596859813 -0.133848831
v 0.37836647 1.39637697 0.338677943
v 0.349809319 0.166290581 0.29103896
v 0.35295707 -1.43649018 -0.357344478
v 0.16341652 -0.359610409 1.09220767
v 0.51418227 1.01863217 0.153457344
v 0.523470938 1.14503276 0.204000995
v 0.535182714 -1.16465998 -0.209002987
v 0.128078029 0.369138151 -0.998341382
v 0.157750145 -0.356272787 1.00683248
v 0.153336912 -1.15042496 -0.371608496
v 0.172439843 -0.365443468 1.17611098
v 0.496741235 1.20332229 0.237653092
v 0.312685937 -0.400779277 -0.296333015
v 0.395404726 -0.51622206 0.11889977
v 0.486196607 0.169199944 -1.01846135
v 0.194364682 0.334144801 -0.971810937
v 0.458656102 -1.27974868 -0.27966094
v 0.171484292 1.21103895 0.370329678
v 0.494570017 -0.105964616 0.898125827
v 0.159760475 -0.354035288 0.921496749
v 0.113543153 0.952560663 0.375725299
v 0.505245864 -0.258214176 1.2699151
v 0.196712911 -0.332540065 0.868998528
v 0.179737136 -0.918929815 -0.344749898
v 0.142790094 0.866294801 0.364850998
v 0.348250836 0.257284582 0.0730483681
v 0.299970031 -0.48532626 -0.277572811
v 0.540829778 0.240146205 -1.2591722
v 0.16073966 0.357153803 -0.828596175
v 0.6072824 0.240906164 -1.32114339
v 0.184040427 0.395899981 -1.39077449
v 0.381050795 0.360142529 -1.48172975
v 0.414980114 -0.0517815724 -0.591080606
v 0.225963831 -0.321037292 0.732433259
v 0.180249423 -1.30969656 -0.384263664
v 0.179766208 -0.821575582 -0.349023879
v 0.181087911 -0.349122643 0.7981112
v 0.423800737 0.72043407 0.0668433234
v 0.315592527 -0.241244569 0.479449958
v 0.411920786 -0.00208173413 0.616542161
v 0.41305989 0.603787839 -0.0246038679
v 0.511553645 -0.283330739 1.35172522
v 0.513261378 1.39215112 0.29574129
v 0.227498382 0.727304339 0.31809178
v 0.25962168 0.299518049 -0.634999752
v 0.479228526 -0.00228817388 -0.739958048
v 0.457676202 0.0290817991 0.684210002
v 0.250965655 -0.34733057 0.561237693
v 0.285354197 0.284569353 -0.551499605
v 0.243148342 0.565590084 0.355415851
v 0.457556427 0.662515938 -0.0655106306
v 0.270066291 -0.281018198 0.675034523
v 0.226654798 -0.389761269 1.42167103
v 0.260362625 -0.365836471 1.35451198
v 0.452058762 1.423967 0.323917896
v 0.241073698 1.43032908 0.387718201
v 0.37607953 -0.139922634 -0.468040287
v 0.367432743 0.185615838 0.45141542
v 0.361334056 -0.373993665 0.0437434241
v 0.343239754 -0.164634332 0.313475549
v 0.368061602 0.00419382518 -0.45712471
v 0.34706974 0.376315415 -0.234624937
v 0.570461392 -0.292020261 1.43214273
v 0.0886620209 -1.11248028 -0.392704189
v 0.285774142 0.311025351 -1.13892961
v 0.13615109 1.13750839 0.374416441
v 0.522744179 -0.197519138 1.12556624
v 0.619481146 -1.0466553 -0.11380028
v 0.585749865 -0.0991908982 0.9930076
v 0.0965356156 -0.390063435 1.14154994
v 0.29563278 -0.292889178 1.06258345
v 0.202492923 1.07321894 0.339356244
v 0.465856552 0.211422607 -1.09556353
v 0.424517065 -1.04708171 -0.22109136
v 0.629792511 0.118436724 -1.06878662
v 0.56128639 0.117295474 -1.00319922
v 0.450996786 1.14273393 0.236516565
v 0.611724496 -1.23775291 -0.2077768
v 0.282199651 -1.2107687 -0.330283076
v 0.586615622 -0.971761882 -0.0872819051
v 0.25261566 0.308354855 -1.0312804
v 0.320944339 -0.448415488 -0.226154536
v 0.349597156 0.00912868232 -0.109848291
v 0.346117854 -0.214319006 -0.146703169
v 0.372205794 0.473618299 -0.0195428059
v 0.354307353 -0.296103239 0.0395365506
v 0.313425303 0.358883023 0.435993403
v 0.30860737 1.17873299 0.310335219
v 0.0355552398 -0.976047158 -0.411011219
v 0.122345902 -0.391101182 1.23821175
v 0.472707599 -0.240866408 1.18147063
v 0.477948755 0.243181765 -1.19935894
v 0.109054886 0.394906342 -1.23759806
v 0.548808932 -0.0427643545 0.872361064
v 0.556104481 0.0691259578 -0.919516444
v 0.209305957 0.322019845 -0.88605392
v 0.220658362 -0.979669213 -0.324169368
v 0.231338233 0.99125123 0.315527171
v 0.473817885 -1.38318896 -0.305886298
v 0.218345642 0.359177172 -1.25027716
v 0.627664149 1.34010601 0.242199287
v 0.662345171 -1.31471109 -0.222074419
v 0.612570584 0.202807501 -1.23092318
v 0.252924562 -0.295224726 0.90196687
v 0.255425751 -0.906672418 -0.296510249
v 0.347394049 0.15292874 -0.192968592
v 0.357433617 0.00173475791 -0.369112402
v 0.35491398 -0.359677225 -0.0311377663
v 0.349495023 0.0914413258 0.0159103107
v 0.338950038 -0.160716832 0.473812401
v 0.358346254 0.38160336 -0.144080862
v 0.362016767 -0.400531918 0.178899571
v 0.460787535 0.279160678 -1.28741908
v 0.304014295 -1.28668642 -0.338003039
v 0.365186006 0.789145827 0.176319003
v 0.398080796 0.151361242 -0.81689769
v 0.241064399 -0.300918013 0.816230655
v 0.495478988 0.0779132396 0.706673861
v 0.438369304 -0.298227817 1.32115483
v 0.143898949 -1.35849047 -0.403134227
v 0.61914438 0.255413979 -1.36930978
v 0.24593927 -0.830453217 -0.299163222
v 0.406800717 0.867771566 0.163434237
v 0.46556887 0.780014098 0.0528130569
v 0.22522521 0.410660863 -0.531853795
v 0.326352775 -0.196703583 0.550083697
v 0.110618271 -1.27961028 -0.401774675
v 0.128670394 1.3552444 0.406296492
v 0.223746195 -0.393502772 0.556640923
v 0.380716592 0.719871461 0.131545946
v 0.273054957 -0.760295033 -0.273973346
v 0.280858666 -0.264231861 0.750493467
v 0.271230131 0.759275675 0.271880895
v 0.321701527 0.204601571 -0.569467604
v 0.317898333 -0.599896133 -0.212447256
v 0.294834226 0.562554419 0.260460705
v 0.410606295 -0.592483401 0.0176556055
v 0.384106547 0.542447746 0.00609226804
v 0.315456331 0.506780505 0.226162136
v 0.443788379 0.308654368 -1.36471498
v 0.25251925 -1.33817971 -0.366172582
v 0.58733654 1.39452422 0.274252176
v 0.284214348 0.719958365 0.257849634
v 0.42588526 0.593950212 -0.106501453
v 0.373933971 0.121870942 -0.667197704
v 0.297046959 -0.681664169 -0.245585188
v 0.42346561 -0.0510424376 0.693199754
v 0.308614671 -0.229182959 0.630212843
v 0.387440771 0.613445103 0.0608529039
v 0.486629695 0.676066577 -0.123519719
v 0.371875525 -0.214277714 -0.487720698
v 0.309655517 1.44100821 0.370364517
v 0.275963008 -1.41376555 -0.374686122
v 0.349139243 0.080142267 -0.15192759
v 0.33039695 -0.349829167 -0.234919772
v 0.325840324 0.371143758 -0.325657874
v 0.533167601 0.293235987 -1.40416992
v 0.423218906 0.333251029 -1.42754543
v 0.351271838 -0.248335764 0.126695395
v 0.349625975 0.0105487322 -0.0237562284
v 0.344565898 0.268128783 0.14807184
v 0.350215614 0.044257585 0.175349236
v 0.352452338 0.32257247 0.0103231436
v 0.332197249 -0.208785653 0.39814049
v 0.365777522 -0.0748884082 -0.412818223
v 0.0276828744 0.413048625 -1.1316247
v 0.0351702161 0.415435046 -1.20716751
v 0.592825055 -0.0724914521 0.957543731
v 0.511987388 -0.0064730919 0.789258182
v 0.113862321 0.396343619 -0.773868442
v 0.610568047 -0.121216096 1.05479181
v 0.407126307 -0.222364202 1.02776492
v 0.243566528 -1.05191934 -0.320201993
v 0.379650235 1.06217134 0.246939987
v 0.398868471 0.23589614 -1.06371903
v 0.492579728 0.209695444 -1.12554252
v 0.251345903 -1.13319099 -0.328922421
v 0.634620845 -0.146824375 1.12467873
v 0.679354608 -1.15997326 -0.147511259
v 0.230957389 0.343006879 -1.18538833
v 0.0255937632 -0.412352562 1.0929426
v 0.114149578 0.378303915 -1.07581294
v 0.206732199 1.14436388 0.347005814
v 0.235725999 -0.339747876 1.17111409
v 0.431224167 0.244688347 -1.14269316
v 0.282821119 -0.996908486 -0.290849209
v 0.341908485 -0.305092663 1.2134738
v 0.273203731 0.336269736 -1.23669469
v 0.0932483226 -1.0292232 -0.38762182
v 0.0947415903 -0.385727108 0.964549959
v 0.0967793986 1.03713453 0.383487314
v 0.161145672 1.00949562 0.353493631
v 0.210725263 -0.326393098 0.967905223
v 0.257960528 -0.321117789 1.11741447
v 0.520625532 1.07890475 0.177586898
v 0.451642036 -1.12975693 -0.234673008
v 0.32009384 -0.296524376 1.13687885
v 0.31672588 1.10282838 0.289728194
v 0.440280735 1.2008456 0.260321438
v 0.39903909 0.277584434 -1.20344818
v 0.375232905 0.95976156 0.219653666
v 0.425121665 0.195323244 -0.989231348
v 0.176796958 0.348459542 -1.04687953
v 0.544413149 -1.02016711 -0.140326723
v 0.610049069 -1.11232734 -0.152673423
v 0.599309385 -0.14746356 1.09438789
v 0.619170845 0.164096028 -1.14965296
v 0.438711733 -0.228799373 1.09940398
v 0.402954876 -1.18246865 -0.273180902
v 0.471017092 -1.20323479 -0.250418007
v 0.590623856 -0.185518429 1.16786301
v 0.218175888 0.335211247 -1.10063124
v 0.352450132 -1.0210079 -0.255097866
v 0.262418866 0.290881425 -0.943098545
v 0.272308379 -0.29250145 0.984568715
v 0.461185992 0.949606538 0.155383468
v 0.098030895 0.390544206 -1.16019094
v 0.490653753 -0.188556045 1.06413877
v 0.0953941494 -1.19592452 -0.397068381
v 0.34930408 -0.14781101 0.14151378
v 0.349184006 0.109564096 0.106749035
v 0.346205533 0.446301073 0.117611304
v 0.348890305 0.0786695778 -0.237783819
v 0.352041513 0.00262697367 -0.280665427
v 0.387043804 -0.510745466 0.035818141
v 0.38246122 0.52130419 -0.229448304
v 0.337014616 0.299579352 -0.279925168
v 0.349667549 -0.106509008 -0.00604358083
v 0.330010146 -0.310110271 -0.312271476
v 0.357844442 0.0585960634 0.346738994
v 0.321302176 0.295007706 -0.369440794
v 0.303799927 0.399245322 0.36063689
v 0.350466162 -0.0717179403 0.32013014
v 0.384962857 -0.0656829998 -0.501575589
v 0.3760252 0.0940063074 0.461377442
v 0.35988313 0.13333796 0.380270928
v 0.358186007 -0.0778670013 0.471351981
v 0.400464743 0.144867197 0.53917557
v 0.323528469 -0.39502877 0.341257632
v 0.244892269 1.06985998 0.318743378
v 0.160329208 -1.00263083 -0.356993705
v 0.23917447 1.2105751 0.344872862
v 0.232891828 -1.26090121 -0.358191997
v 0.162790075 0.371810973 -1.20268166
v 0.376763076 0.217920244 -0.960486472
v 0.382985681 -0.214679584 0.953965306
v 0.215272829 -1.06300497 -0.335409492
v 0.353771567 -1.23497283 -0.30739823
v 0.0363007374 -1.2389183 -0.419587553
v 0.418454111 -0.281518698 1.2394644
v 0.598150134 1.27593338 0.226712003
v 0.509918392 -0.140872359 0.983386159
v 0.433752328 0.17585282 -0.953414917
v 0.59763515 0.964453638 0.0718988851
v 0.13951543 0.363835037 -0.913696885
v 0.129453942 -0.371876895 0.897280633
v 0.108722299 -0.941605628 -0.381617367
v 0.607264757 -0.898892701 -0.0204574857
v 0.307450861 0.37697655 -1.46701849
v 0.7544173 0.989002168 0.0152526209
v 0.7544173 -0.989002168 -0.0152526209
v -0.000182429329 -0.457764745 0.760714531
v -0.000182429329 -0.760714531 -0.457764745
v 0.7544173 0.0152526209 -0.989002168
v 0.7544173 -0.0152526209 0.989002168
v -0.000182429329 0.457764745 -0.760714531
v -0.000182429329 0.760714531 0.457764745
v 0.714582026 1.47315562 0.269313067
v 0.714582026 -0.269313067 1.47315562
v 0.714582026 0.269313067 -1.47315562
v 0.714582026 -1.47315562 -0.269313067
v -0.0233924277 -1.41213429 -0.452756733
v -0.0233924277 1.41213429 0.452756733
v -0.0233924277 -0.452756733 1.41213429
v -0.0233924277 0.452756733 -1.41213429
v 0.0445322096 -1.50260615 -0.450538695
v 0.0445322096 1.50260615 0.450538695
v 0.0445322096 0.450538695 -1.50260615
v 0.0445322096 -0.450538695 1.50260615
v 0.709137917 -0.0390323326 -0.899998426
v 0.709137917 0.0390323326 0.899998426
v 0.709137917 -0.899998426 0.0390323326
v 0.709137917 0.899998426 -0.0390323326
v 0.513158083 0.211796969 0.682418108
v 0.513158083 0.682418108 -0.211796969
v 0.513158083 -0.682418108 0.211796969
v 0.513158083 -0.211796969 -0.682418108
v -0.0941406935 -0.449862897 1.19815707
v -0.0941406935 0.449862897 -1.19815707
v -0.0941406935 1.19815707 0.449862897
v -0.0941406935 -1.19815707 -0.449862897
v 0.553988218 1.60660064 0.352025151
v 0.553988218 -0.352025151 1.60660064
v -0.0807569176 -0.44793582 0.972423434
v -0.0698438585 -0.451973796 1.30885172
v -0.0807569176 0.44793582 -0.972423434
v 0.553988218 0.352025151 -1.60660064
v -0.0807569176 -0.972423434 -0.44793582
v -0.0698438585 -1.30885172 -0.451973796
v -0.0698438585 1.30885172 0.451973796
v 0.553988218 -1.60660064 -0.352025151
v -0.0807569176 0.972423434 0.44793582
v -0.0698438585 0.451973796 -1.30885172
v 0.277116328 0.542226374 -0.413464993
v 0.798616767 1.1842649 0.120995834
v 0.277116328 0.413464993 0.542226374
v 0.798616767 -0.120995834 1.1842649
v 0.199476421 -0.511238098 0.490687698
v 0.199476421 0.511238098 -0.490687698
v 0.798616767 0.120995834 -1.1842649
v 0.199476421 0.490687698 0.511238098
v 0.277116328 -0.542226374 0.413464993
v 0.798616767 -1.1842649 -0.120995834
v 0.277116328 -0.413464993 -0.542226374
v 0.199476421 -0.490687698 -0.511238098
v 0.356644928 -0.580768704 0.341749042
v 0.356644928 0.341749042 0.580768704
v 0.356644928 0.580768704 -0.341749042
v 0.356644928 -0.341749042 -0.580768704
v 0.652096868 -0.818829834 0.0946079046
v 0.652096868 0.818829834 -0.0946079046
v 0.341500878 1.64573574 0.411598444
v 0.341500878 -1.64573574 -0.411598444
v 0.341500878 -0.411598444 1.64573574
v 0.652096868 0.0946079046 0.818829834
v 0.652096868 -0.0946079046 -0.818829834
v 0.341500878 0.411598444 -1.64573574
v 0.125845686 0.487248808 -0.574057579
v 0.232439697 0.431037247 -1.62360311
v 0.232439697 1.62360311 0.431037247
v 0.232439697 -0.431037247 1.62360311
v 0.125845686 -0.487248808 0.574057579
v 0.232439697 -1.62360311 -0.431037247
v 0.451164424 0.385151625 -1.63974118
v 0.451164424 -1.63974118 -0.385151625
v 0.125845686 -0.574057579 -0.487248808
v 0.451164424 1.63974118 0.385151625
v 0.451164424 -0.385151625 1.63974118
v 0.125845686 0.574057579 0.487248808
v 0.764540076 -1.38319826 -0.22204867
v 0.764540076 0.22204867 -1.38319826
v 0.764540076 -0.22204867 1.38319826
v 0.764540076 1.38319826 0.22204867
v 0.0584802963 -0.664020419 -0.469649583
v 0.0584802963 0.664020419 0.469649583
v 0.0584802963 0.469649583 -0.664020419
v 0.0584802963 -0.469649583 0.664020419
v 0.792337418 -0.172330752 1.28521872
v 0.792337418 0.172330752 -1.28521872
v 0.436011255 0.627361655 -0.274790734
v 0.436011255 -0.627361655 0.274790734
v 0.585947514 0.746218204 -0.151981413
v 0.792337418 1.28521872 0.172330752
v 0.792337418 -1.28521872 -0.172330752
v 0.585947514 -0.151981413 -0.746218204
v 0.436011255 -0.274790734 -0.627361655
v 0.436011255 0.274790734 0.627361655
v 0.585947514 0.151981413 0.746218204
v 0.585947514 -0.746218204 0.151981413
v 0.643428266 -1.54948223 -0.313038707
v 0.131342262 -0.443734765 1.57473361
v 0.643428266 -0.313038707 1.54948223
v 0.643428266 1.54948223 0.313038707
v -0.0971392319 1.08476663 0.448033154
v 0.131342262 0.443734765 -1.57473361
v 0.131342262 1.57473361 0.443734765
v -0.0971392319 -1.08476663 -0.448033154
v -0.0971392319 -0.448033154 1.08476663
v 0.643428266 0.313038707 -1.54948223
v -0.0971392319 0.448033154 -1.08476663
v 0.131342262 -1.57473361 -0.443734765
v -0.0475161634 -0.86382699 -0.450825751
v -0.0475161634 0.450825751 -0.86382699
v -0.0475161634 0.86382699 0.450825751
v -0.0475161634 -0.450825751 0.86382699
v 0.785158992 -1.08448195 -0.0685679764
v 0.785158992 0.0685679764 -1.08448195
v 0.785158992 -0.0685679764 1.08448195
v 0.785158992 1.08448195 0.0685679764
v 0.544064283 0.269180119 -1.34303105
v 0.219636396 1.2753247 0.363761008
v 0.288003474 -0.33770147 1.2655232
v 0.374446571 1.23311949 0.296644479
v 0.362088323 -0.317128211 1.29233634
v 0.13966991 0.395457596 -1.31104672
v 0.373461723 0.244466156 0.516299725
v 0.433058321 -0.892972648 -0.156907156
v 0.495275348 0.0845447853 -0.869266868
v 0.484058559 -0.848453224 -0.0869381502
v 0.560751617 0.894533694 0.0480895415
v 0.480038375 -0.0717110485 0.823352575
v 0.386025608 0.189761862 -0.892244935
v 0.368712336 -0.891886652 -0.209557354
v 0.22610417 0.311141998 -0.800658107
v 0.219417408 0.901844621 0.316157341
v 0.441122711 -0.161365688 0.923633456
v 0.51388061 -0.935938478 -0.114896894
v 0.343814552 -0.375275612 0.268524051
v 0.323811442 0.358926356 0.288683623
v 0.342059493 0.150596261 -0.369967848
v 0.349569619 0.155897677 -0.0388063379
v 0.35002479 0.00615754677 -0.19392851
v 0.35761252 -0.0345067196 0.397180974
v 0.346070856 -0.205005273 -0.308321804
v 0.303236485 0.290194541 -0.458092898
v 0.305838019 0.446227401 0.288746804
v 0.363161594 0.497295439 0.0590513833
v 0.335516483 -0.274699688 0.310274094
v 0.297932774 0.361679167 -0.414351463
v 0.353024274 0.306267262 -0.095190011
v 0.0924284607 0.394192874 -0.855603158
v 0.172983766 -0.389161646 0.667205811
v 0.296676606 1.26809108 0.334849238
v 0.274875015 0.481685668 0.356799453
v 0.268624634 0.353814811 -0.49914217
v 0.380751014 -0.742404938 -0.147511438
v 0.420717597 0.789341569 0.113307767
v 0.267251462 0.837738037 0.278066188
v 0.299673408 -0.255241126 0.855406582
v 0.200803399 0.816136599 0.330598623
v 0.161283895 0.742355585 0.372541428
v 0.299920708 -0.242000535 0.718561828
v 0.405349672 0.687363982 0.0745486096
v 0.42756325 -0.0972236693 0.76899159
v 0.434090048 0.680988133 0.0151746171
v 0.490526676 0.737612367 -0.0225142837
v 0.468987852 -0.715547144 0.00684817787
v 0.285632998 -0.36579147 1.39061654
v 0.37756896 -1.31103265 -0.317798942
v 0.514829755 -1.32344484 -0.273610383
v 0.558475137 1.33114588 0.260770828
v 0.350565732 1.45183277 0.361211091
v 0.289961845 -0.392384052 1.51261175
v 0.296111614 0.346774042 -1.32260489
v 0.321193188 0.214019582 -0.725968719
v 0.330990523 -0.753211915 -0.211297989
v 0.524639308 0.00412794109 -0.804684281
v 0.425772041 -0.800574958 -0.119767569
v 0.435249388 -0.132253453 0.849262595
v 0.344798267 -0.673641324 -0.17661649
v 0.403715432 0.0241395794 -0.616437495
v 0.440697372 -0.00804793742 -0.671858847
v 0.391629219 -0.612622082 -0.0598804019
v 0.228620499 -0.642461956 -0.339011967
v 0.203285202 0.655290604 0.362717062
v 0.261309355 0.643902659 0.295494348
v 0.30099687 0.240083084 -0.618574917
v 0.309429437 0.644044697 0.223791838
v 0.344847977 -0.16160807 0.612687886
v 0.289155304 -0.317168891 0.485712737
v 0.254529208 -0.552351058 -0.341062903
v 0.31852746 0.221481517 -0.504220366
v 0.33232677 -0.515025616 -0.178740323
v 0.393741041 0.532957911 -0.0652813762
v 0.395260662 0.0479242727 0.540255606
v 0.471245021 -0.784701288 -0.0557461604
v 0.281301498 0.261979908 -0.779098094
v 0.478088081 -0.0267907288 0.764656246
v 0.3823511 -0.0853035375 0.623170555
v 0.239580631 -0.365669101 1.32052708
v 0.218311772 0.371602535 -1.31773341
v 0.214576617 -0.736568987 -0.332469106
v 0.18309395 0.353397012 -0.744983971
v 0.381459177 -0.666872323 -0.11371287
v 0.33018887 0.192362159 -0.651632667
v 0.177338421 0.37664941 -0.678724647
v 0.244215742 0.302356422 -0.713927269
v 0.411785096 -0.721299291 -0.0936784446
v 0.408437401 0.106062718 -0.744769216
v 0.476436496 0.0530052632 -0.796516955
v 0.266127974 0.419521451 -0.455024868
v 0.293207407 -0.269969553 0.556539714
v 0.43394202 0.165547669 0.60229224
v 0.379108667 -0.0385782272 0.544669867
v 0.237816408 0.351547629 -0.582454979
v 0.452005118 -0.317893326 1.40303755
v 0.305959165 1.3533901 0.350996971
v 0.373830974 0.0822422355 -0.58382082
v 0.429388404 -0.619285643 0.0432995968
v 0.369591326 -0.163539067 0.75457114
v 0.426975638 -0.667248487 -0.0247662775
v 0.275692701 -0.611510992 -0.283289939
v 0.404396921 0.0504956357 -0.647461534
v 0.546767533 -1.38598287 -0.283966184
v 0.444612682 1.3621397 0.308116168
v 0.41681245 0.322613686 -1.3829838
v 0.204681009 1.41031015 0.394105345
v 0.0317960866 -0.419950396 1.24470723
v 0.662711263 -0.172486261 1.20091558
v 0.349458098 -0.0665910468 -0.0701358467
v 0.356205821 -0.146692544 -0.363469422
v 0.205350652 -1.38761759 -0.390216112
v 0.53747797 0.0255838875 -0.842688859
v 0.439275831 -0.333016515 1.44238472
v 0.401135266 -1.38259518 -0.328808129
v 0.358213931 -0.363035172 1.46792853
v 0.348495454 0.224212766 0.370427936
v 0.348688394 -0.11836721 -0.148582429
v 0.338921338 0.267968446 0.289482117
v 0.34719187 -0.166808695 -0.227180883
v 0.350533009 -0.0756373554 -0.231181502
v 0.348911196 0.136045799 0.196080163
v 0.345317423 0.274401665 0.441708237
v 0.344541341 0.225618556 0.210364595
v 0.350802541 -0.215347067 -0.385353446
v 0.351168931 -0.0164261125 0.247603774
v 0.34976992 -0.0859375969 0.0681685209
v 0.36258167 0.0452344827 0.39194417
v 0.348354697 -0.109820843 0.233900666
v 0.327150613 0.222067714 -0.414420396
v 0.372592777 -0.434396356 0.092927359
v 0.341172755 0.149720356 -0.459483624
v 0.340260267 -0.260289758 -0.231937796
v 0.336030692 0.224551141 -0.325086087
v 0.34531644 0.348536283 0.11355415
v 0.341790646 -0.315526754 -0.155655161
v 0.34912321 0.150542215 -0.106643952
v 0.349604249 0.184832305 -0.0743586272
v 0.347431898 0.19591403 0.130437553
v 0.358260006 -0.342882901 0.114124201
v 0.347936988 0.303189456 -0.189249128
v 0.303624302 0.439553708 -0.37806046
v 0.349093676 0.174704358 0.0458125547
v 0.350314349 0.236766532 -0.0118705304
v 0.337514073 0.315426052 0.210132375
v 0.361213684 0.0782756731 -0.501008511
v 0.349783361 0.0771959201 -0.325534552
v 0.531854928 -0.300285429 1.42336345
v 0.329057693 0.31397298 0.364584982
v 0.309793681 -0.370768279 -0.375986487
v 0.3467713 -0.119589873 0.395873219
v 0.353350788 0.0769126415 -0.413828194
v 0.349474102 0.0824039727 -0.0691545308
v 0.352297634 0.0740802437 0.264753789
v 0.355237663 -0.0750496015 -0.323800296
v 0.341704726 -0.429326445 -0.142092764
v 0.349718451 0.0109520424 0.0745107681
v 0.349489897 -0.260008514 -0.0539201126
v 0.361109674 0.392201006 -0.0522631854
v 0.344671756 0.152018175 -0.281221181
v 0.356758446 0.413984179 0.0376750231
v 0.349775165 -0.0508975945 0.15763405
v 0.348987103 -0.158636495 -0.0654366463
v 0.348615736 0.227719799 -0.144967496
v 0.332093388 0.414776951 0.190754056
v 0.349548966 -0.308249891 0.202813163
v 0.367380202 -0.43923685 0.00384403695
v 0.350407243 -0.185681731 0.0358624868
v 0.374397904 0.459505528 -0.10309612
v 0.371573389 0.00627334788 0.468152225
v 0.346272945 -0.208305806 0.221170709
v 0.343644679 0.226858839 -0.235624626
v 0.384717464 0.0117742028 -0.542569995
v 0.346925616 0.450823128 -0.278084844
v 0.391348302 -0.179118484 -0.524921358
v 0.143211067 -1.07620621 -0.368908525
v 0.318020225 0.283461213 -1.08192515
v 0.14571923 0.367744952 -1.109918
v 0.0281920265 -1.15319812 -0.415555596
v 0.0125324437 1.16092324 0.419145882
v 0.217630595 -1.18576062 -0.351290554
v 0.468980849 -0.98987174 -0.172547713
v 0.579082787 1.01645792 0.114605851
v 0.560759306 1.20955634 0.2141155
v 0.329603225 -1.15704691 -0.298977762
v 0.323647559 0.304611266 -1.18531466
v 0.592375457 1.15161836 0.176524326
v 0.546126604 0.170329168 -1.09306729
v 0.52801013 -0.167645052 1.06188035
v 0.4999322 -1.07460284 -0.189879671
v 0.380700052 1.1533072 0.272193998
v 0.567076206 -0.893181145 -0.045716498
v 0.444429934 0.136339113 -0.881820977
v 0.273061186 0.274266005 -0.856932521
v 0.679849744 0.200627029 -1.27826154
v 0.59700501 -0.219077006 1.25419426
v 0.134292483 -0.7935341 -0.383132845
v 0.0939991251 -0.386042297 1.05191958
v 0.496915549 0.125200525 -0.941370785
v 0.164526254 -1.23105145 -0.377577692
v 0.682924151 0.164725006 -1.2010777
v 0.431511194 -0.198732272 1.00165606
v 0.44462952 1.27857614 0.282900661
v 0.548857868 0.205335602 -1.17757106
v 0.262157857 -0.394085616 0.481341124
v 0.375155985 -0.82039547 -0.181808949
v 0.482397884 0.863447845 0.0926906019
v 0.460885078 -0.652417719 0.0905730054
v 0.395693898 -0.963539183 -0.211512566
v 0.456245989 0.0880596191 -0.814094424
v 0.0830398351 -0.410201162 1.29238391
v 0.0654025376 0.89072454 0.402959257
v 0.377858311 -1.10261238 -0.262673616
v 0.526996553 -0.78067714 0.0197175425
v 0.208459839 0.352059662 -0.663273096
v 0.392854929 -0.268985599 1.15884447
v 0.351704091 0.649205029 0.152918264
v 0.224210247 -0.326212257 1.0416863
v 0.157947361 -0.390015721 1.31062365
v 0.641027749 0.0704755411 -0.997569263
v 0.288885802 0.927384138 0.271857172
v 0.0358529203 1.25942099 0.420499682
v 0.377922297 -0.479633987 0.19332689
v 0.150146112 -0.752204299 -0.381043375
v 0.498067975 0.0162934158 0.751382887
v 0.0714053288 0.394414961 -1.00442064
v 0.431529552 0.0837477297 0.611097276
v 0.457239509 -0.0837831199 -0.654321671
v 0.38457638 -0.123128116 0.703888655
v 0.285456985 0.532438576 0.292313486
v 0.314085573 -0.294499993 0.411862761
v 0.613713264 -1.15008903 -0.168951809
v 0.469279587 -1.48512554 -0.337152481
v 0.523688555 0.816001356 0.0164372213
v 0.533660591 0.951705992 0.10565459
v 0.555455208 1.08286834 0.161614761
v 0.447211832 1.0338608 0.199493378
v 0.661486328 1.16960382 0.156988531
v 0.395078421 0.524972856 -0.146639556
v 0.574786127 -1.09815395 -0.162315175
v 0.485102773 0.113330066 0.678571224
v 0.492775589 0.695477784 -0.0888149142
v 0.36728403 0.452263594 -0.189400807
v 0.281999111 -0.45813632 -0.355606943
v 0.224515721 -0.344668806 0.644464076
v 0.527820468 -1.25557435 -0.245801896
v 0.299938977 -0.357740879 0.416772306
v 0.581924379 -1.31981695 -0.249778807
v 0.0771602914 -0.405749351 0.845442235
v 0.189536825 0.930868804 0.335431039
v 0.337480813 0.493200839 0.158576429
v 0.361936688 -0.446917951 -0.0428532586
v 0.332357675 -0.3726677 -0.204500854
v 0.357325464 0.589891434 0.122120634
v 0.484129608 -1.44878411 -0.322347343
v 0.33122763 -0.440496117 -0.187533125
v 0.666001678 -0.119522102 1.09837306
v 0.0502038524 0.938538134 0.405299991
v 0.354033679 -0.517106771 -0.112900466
v 0.211148366 1.45121455 0.400412381
v 0.347765297 -0.474595279 -0.122878961
v 0.0318986364 -0.411864996 0.966123283
v 0.347269773 -0.392393231 -0.107437812
v 0.349995881 0.335550874 0.0589764789
v 0.351079553 -0.219062865 0.0846808702
v 0.172526389 1.43036091 0.407002538
v 0.398184389 -0.0194067638 -0.56490171
v 0.350030243 -0.166468784 0.092594333
v 0.275785983 0.569545925 0.295235664
v 0.350414485 -0.224984869 -0.0107997339
v 0.336115003 -0.282874405 -0.273671955
v 0.410443634 0.182911038 0.565968812
v 0.42180264 0.953361332 0.18499358
v 0.341447115 -0.386297792 -0.143905938
v 0.0301033258 1.03016913 0.409437716
v 0.0275697131 -0.411146611 1.05253923
v 0.249150798 1.46749091 0.393348992
v 0.673609674 -1.27579618 -0.202451959
v 0.0968666822 -0.418301016 1.37857866
v 0.371026456 -0.437305719 0.0455680601
v 0.401873231 0.608809888 0.0177271664
v 0.386692822 -0.138556272 -0.503424585
v 0.339200288 0.382879615 0.157654852
v 0.0376928002 0.419145852 -1.25609159
v 0.339357018 -0.215313315 0.311385274
v 0.0749843046 1.28123319 0.411605477
v 0.534836054 1.42812288 0.300865382
v 0.331576049 0.459926397 0.182190508
v 0.632662535 -0.194365829 1.22555494
v 0.329289854 -0.329917371 -0.271096915
v 0.690530539 -0.15033479 1.17564034
v 0.304093748 -1.48707426 -0.383121669
v 0.595474184 1.33739686 0.251199394
v 0.464568526 -0.343022376 1.50233436
v 0.328068048 0.941886902 0.247565195
v 0.442830056 0.866802096 0.130562663
v 0.377207845 1.01631534 0.235047325
v 0.379389733 -0.506081164 -0.00370809226
v 0.636019349 -1.27981162 -0.216444671
v 0.343351513 -0.291760713 0.252064943
v 0.349854887 0.0285753347 0.127881691
v 0.342560679 -0.23932533 0.262799621
v 0.349829495 -0.0206359439 0.118882895
v 0.33689782 -0.474459916 -0.163176119
v 0.350666136 0.383241147 0.0717478916
v 0.311707437 0.472222954 0.250443995
v 0.344300181 -0.350824684 -0.125728935
v 0.530032396 0.304678708 -1.43643427
v 0.606100857 -0.103563406 1.0196569
v 0.35316363 0.30602169 -0.0416261442
v 0.367221832 0.538309753 0.0693951622
v 0.652244747 -0.15878801 1.16369426
v 0.301049531 -0.52531898 -0.258002311
v 0.312540203 0.569486558 0.221784264
v 0.349687517 -0.174103379 -0.0200674888
v 0.340224773 0.334296674 0.166446894
v 0.336448371 -0.331798702 -0.198274359
v 0.0609105639 -0.398806721 1.03058195
v 0.122359067 -0.418127745 1.42014313
v 0.550303817 -0.239444122 1.26343989
v 0.346900642 -0.299293309 -0.101292871
v 0.349045128 0.150893927 0.240857154
v 0.452553809 -0.944849551 -0.164401561
v 0.703303456 -0.107640631 1.10427094
v 0.348872453 -0.228151292 0.173605725
v 0.348300636 -0.178206503 0.181030974
v 0.393517137 0.910091519 0.19025977
v 0.323531389 0.442733765 0.219552621
v 0.577368915 -0.122208193 1.02467752
v 0.515916288 -1.11685729 -0.198901385
v 0.349565476 0.0632665232 0.0924080163
v 0.317662179 -0.521260917 -0.217838138
v 0.367740422 -0.414244235 0.136696041
v 0.680634022 -1.20051146 -0.166622102
v 0.339104772 0.428225935 0.151846081
v 0.393636048 -0.0984392762 -0.523257196
v 0.3709158 -0.472212583 -0.0122649055
v 0.351891667 -0.245597139 0.0376811251
v 0.338385344 0.99171263 0.252147734
v 0.555391192 0.143352404 -1.04645181
v 0.089003548 0.921816409 0.388986588
v 0.469181478 -0.279845864 1.29622436
v 0.286362827 0.643727839 0.259514302
v 0.502763331 0.259410679 -1.27407038
v 0.127993822 -0.38403663 0.80679369
v 0.350829631 -0.277567029 0.165760756
v -0.00178468449 -0.423758239 1.15707242
v 0.46997121 -0.331034899 1.46589756
v 0.506425917 0.837590218 0.052022174
v 0.589556158 0.142894313 -1.07958496
v 0.142456949 1.3228544 0.3970429
v 0.602456808 -0.247625709 1.33323741
v 0.551398396 -0.851847112 -0.0251562968
v 0.0597153939 -0.399857283 1.07487047
v 0.122732058 -1.32082105 -0.403697103
v 0.408917636 -0.0909247473 -0.563956618
v 0.349232942 0.197677717 0.332648426
v 0.338414401 -0.328697503 0.286022902
v 0.343215585 -0.249913111 -0.371763378
v 0.317809403 0.42572546 0.254279971
v 0.321437985 0.204594091 -0.609122097
v 0.157817975 -0.361760408 0.826474845
v 0.33228755 -0.237786129 0.357637942
v 0.355360597 0.344904274 -0.119795009
v 0.573225319 -1.20216107 -0.208052918
v 0.362592727 -0.560942531 -0.105118856
v 0.363743812 -0.432390243 0.208980277
v 0.340272993 -0.28637892 -0.192950964
v 0.624945581 -0.18012628 1.18669057
v 0.585525334 0.165571302 -1.1224041
v 0.0597100034 -0.404399782 1.16276169
v 0.414378732 0.999883592 0.207023591
v 0.495320171 -0.822268426 -0.0568818264
v 0.302026689 0.517018199 0.259118468
v 0.331330836 0.645140707 0.187564403
v 0.462523609 -0.869535208 -0.119630039
v 0.471453369 0.908371508 0.127460182
v 0.527943015 -1.4101131 -0.297544241
v 0.367757261 -0.0802563876 0.546406031
v 0.349577546 0.0546714179 0.0439186357
v 0.440669209 1.07422507 0.217868254
v 0.352044404 -0.277376443 -0.00497306511
v 0.345440149 0.403086364 0.115416206
v 0.302611262 1.22098482 0.322192222
v 0.0761849657 0.9677881 0.392427474
v 0.352125406 0.429045349 0.0798158944
v 0.0659357458 1.22974908 0.408397317
v 0.192501739 0.890293598 0.333372474
v 0.516965568 0.0563187301 -0.856934726
v 0.499491721 0.277873278 -1.32531297
v 0.475499004 -0.916049302 -0.133391932
v 0.459325552 -0.270029187 1.25359583
v 0.130905837 -0.375063777 1.11638641
v 0.202702329 -0.336802781 0.765703499
v 0.348619729 -0.128929853 0.188331828
v 0.347007751 -0.158359602 0.227697611
v 0.0892906785 -1.07093811 -0.390378565
v 0.468325794 0.261244804 -1.24108005
v 0.353132874 -0.270594448 0.0814382881
v 0.441616476 -0.0117916157 0.688906252
v 0.349920094 -0.131916955 0.0562853068
v 0.540155768 -0.256939977 1.30196357
v 0.343537897 -0.238288671 -0.18952246
v 0.351230621 0.304833651 -0.143001497
v 0.382683218 0.316189647 -1.31928217
v 0.210379705 -0.325954646 0.806162417
v 0.349660844 0.012479688 0.0220893752
v 0.550996065 0.187960163 -1.13822114
v 0.062490724 -0.405662417 0.89455986
v 0.349754721 -0.0406961702 0.0749939233
v 0.24888438 -0.310832113 0.658905745
v 0.0817557126 1.16460419 0.396825373
v 0.215210527 -0.910651624 -0.323159933
v 0.633173227 -0.128410369 1.08796036
v 0.679207087 0.183646068 -1.23935318
v 0.651347458 0.163931653 -1.17572045
v 0.453141779 0.295630723 -1.33176565
v 0.487569392 -0.716315985 0.0408651643
v 0.354849219 -0.325464189 0.00202014786
v 0.337730587 -0.59606266 -0.173435077
v 0.376270145 -0.0313181914 -0.479129434
v 0.321289241 -0.34069714 -0.345766723
v 0.066972889 1.01228046 0.395403415
v 0.322904378 -0.373065859 -0.266297281
v 0.34728238 -0.238940984 -0.102408774
v 0.574624777 1.36492276 0.267697543
v 0.346475631 -0.829622626 -0.211988032
v 0.284192115 0.428349108 -0.418040723
v 0.626547277 -0.931717932 -0.0340049081
v 0.344128489 -0.187264591 0.268339843
v 0.273062378 1.41271448 0.374625325
v 0.352963567 0.904933214 0.220534548
v 0.276240379 -0.83515209 -0.274793714
v 0.289482147 -1.45046985 -0.378872305
v 0.506207347 -0.273025334 1.31502771
v 0.533116519 -1.21395111 -0.228656217
v 0.36920616 0.181840613 -0.820341587
v 0.380467802 -0.474647045 0.0632139221
v 0.428418666 1.1098057 0.236310109
v 0.343287528 -1.49360895 -0.374015003
v 0.182495713 0.698839903 0.367518544
v 0.346279919 0.198323399 0.247963801
v 0.359781682 0.401684433 -0.00669653155
v 0.614724636 1.30994081 0.234563321
v 0.0331543088 0.413064092 -1.16584301
v 0.490155518 -1.14525795 -0.221957684
v 0.31002298 -0.385291249 -0.3360551
v 0.354543805 -0.325256497 0.157050595
v 0.277246952 -0.385992587 1.46999061
v 0.349798381 -0.197963983 0.133424461
v 0.0826999173 -0.863320887 -0.40054214
v 0.327803344 -1.46020162 -0.370295137
v 0.363893837 0.444052786 0.00754442811
v 0.382986546 0.304807752 -1.27790487
v 0.523434639 -0.238969341 1.2346884
v 0.127100423 0.909241676 0.370595455
v 0.6356709 0.092692554 -1.0287621
v 0.398313999 -0.0438427851 0.619674742
v 0.35128504 0.263298124 -0.0365274511
v 0.34687984 -0.258848399 0.213113636
v 0.487434864 -0.249337405 1.22406459
v 0.33770135 1.24947107 0.315150112
v 0.059425883 -1.04680717 -0.401037484
v 0.270715952 1.00272751 0.294772923
v 0.370987833 0.865451694 0.19438456
v 0.369591027 -0.11754676 -0.436118275
v 0.344870538 0.220161095 0.290207356
v 0.420638621 0.282721192 -1.25038135
v 0.45102486 -0.0630378425 0.763846874
v 0.638845444 -1.02070343 -0.088734746
v 0.349412143 -0.0989400744 0.149851739
v 0.602796078 0.0864311606 -0.990924776
v 0.579538822 -1.16037548 -0.188038036
v 0.0665897429 0.403376073 -1.18301964
v 0.351584613 0.118540153 0.2743496
v 0.372533113 0.044367522 -0.521527648
v 0.318012416 -0.416730076 -0.254966885
v 0.10458988 0.87659508 0.385046721
v 0.324541926 0.383508861 0.252453476
v 0.300529867 0.251419395 -0.558158398
v 0.347288251 -0.34109351 0.237272546
v 0.428841501 -0.0288040526 -0.633811712
v 0.621982098 -1.31850171 -0.236266837
v 0.649639666 -1.24968827 -0.199351862
v 0.623395145 0.142601833 -1.10926974
v 0.295051247 0.398159742 0.432240725
v 0.347345263 0.299506843 0.089752458
v 0.224149168 0.610669613 0.357818514
v 0.415933669 1.14419413 0.253329009
v 0.61574614 0.183934391 -1.19007063
v 0.0625498816 -0.398855031 0.986972809
v 0.334599078 0.291017354 0.327699214
v 0.349367052 -0.0807144046 0.195601374
v 0.401106387 -0.853272855 -0.168749556
v 0.53528142 -0.109545872 0.956502616
v 0.552186012 -0.118806005 0.991904616
v 0.285916537 -0.87762785 -0.271419913
v 0.304313064 1.3127569 0.342183292
v 0.647783339 0.183643132 -1.21571755
v 0.350117534 -0.00307431724 0.165785402
v 0.34930405 -0.0983649418 -0.189301744
v 0.502507091 -0.316317201 1.44749248
v 0.356304228 -0.317730427 0.0788359195
v 0.314735979 0.37924096 0.325355172
v 0.432460904 -0.345592141 1.48034513
v 0.32118234 0.5356583 0.20526123
v 0.223401546 -0.332391083 0.68892312
v 0.492780149 1.42752147 0.312958717
v 0.128314957 -0.372913241 1.0724864
v 0.389523357 0.538081288 -0.0267297104
v 0.539310455 -0.309783399 1.45982778
v 0.285414398 -0.274294645 0.915915489
v 0.0625932366 0.417229891 -1.30270958
v 0.356238931 0.356720805 -0.0228426531
v 0.324715883 -0.286014855 0.366932809
v 0.384875655 -0.137218162 0.736960649
v 0.347924381 -0.187369645 -0.104820535
v 0.380215675 -0.537879109 -0.033743795
v 0.352391422 -0.0742415637 -0.279300272
v 0.169089571 -0.960892737 -0.351187289
v 0.303399622 0.422071815 0.324496001
v 0.264579475 -1.47674096 -0.391545057
v 0.321941584 0.336942554 0.400008857
v 0.160623461 0.822992861 0.358156085
v 0.410360575 0.559856653 -0.126613483
v 0.322858542 -0.795071125 -0.227493346
v 0.41005668 -0.00826138072 -0.605381787
v 0.339678913 -0.255810529 -0.320768207
v 0.349692374 -0.11662446 0.10348697
v 0.199420229 1.35799503 0.385696709
v 0.397940338 -0.0591350645 -0.544596612
v 0.374126911 0.486953676 -0.209549963
v 0.259523183 0.522696197 0.355728209
v 0.349710524 -0.068915315 0.112215564
v 0.408815742 -0.315351635 1.34609532
v 0.195185676 -0.343129367 1.06807947
v 0.319329858 -0.894199371 -0.248776764
v 0.524928749 0.880700767 0.0669515878
v 0.394986719 -1.45303059 -0.349329531
v 0.268484026 -0.504561305 -0.346349806
v 0.548017561 0.047097832 -0.880651832
v 0.360771537 -1.46769822 -0.362815082
v 0.257306486 0.299528033 -0.986626625
v 0.344307452 -0.265441447 -0.148100942
v 0.292312562 -0.798715711 -0.25753358
v 0.29711026 -0.604851902 -0.249417722
v 0.14633505 -0.405683488 1.3853749
v 0.556956232 -0.0829348788 0.937313557
v 0.347023308 -0.117145427 0.316392213
v 0.367058933 0.426282436 -0.0787869692
v 0.604944646 -1.35589421 -0.255586296
v 0.351336628 -0.312294185 -0.0446220264
v 0.327205777 -0.44289279 0.333984315
v 0.414855212 -0.93223393 -0.187018096
v 0.645744205 0.20216915 -1.25640559
v 0.555171967 -1.12616062 -0.184120819
v 0.350184917 -0.0333512798 0.203144506
v 0.265332043 -0.580553293 -0.309140861
v 0.337746263 1.29243612 0.325671524
v 0.212680593 0.331448466 -1.05070293
v 0.35166353 -0.0351530425 -0.257350594
v 0.331344128 0.338634133 0.249647498
v 0.112159453 1.30217898 0.403268635
v 0.120216198 -1.05462277 -0.377274275
v 0.060450796 -0.401390612 1.11899126
v 0.0731236339 -1.26115704 -0.410975873
v 0.361645967 -0.0362068117 -0.390894383
v 0.346430361 -0.137937009 0.273026526
v 0.714332938 0.198530748 -1.29711306
v 0.445493996 0.751451433 0.0575067587
v 0.272043914 1.44607997 0.382283747
v 0.261431992 0.958864629 0.294066161
v 0.29409945 0.287994951 -0.502780259
v 0.437667161 1.16966569 0.251509786
v 0.358054936 -0.192544296 -0.411848634
v 0.493397862 0.0185604487 -0.7803545
v 0.359607071 0.112124652 -0.564780772
v 0.349003136 0.122141644 0.151771858
v 0.349155396 -0.0939294323 -0.109328322
v 0.420871824 0.598454833 -0.065628089
v 0.553691685 1.39406693 0.284094244
v 0.217790201 0.577106953 0.38658309
v 0.654291868 0.143752724 -1.13668287
v 0.251146019 0.316058695 -1.07671165
v 0.45273149 0.991302609 0.179254442
v 0.34917289 -0.122494012 -0.226676524
v 0.249563903 -1.43917656 -0.387691379
v 0.103790864 0.385068506 -1.11834943
v 0.304066271 0.241217077 -0.797005892
v 0.062700741 0.401252002 -1.13445473
v 0.16346778 1.34896922 0.394995123
v 0.429599881 -0.842470169 -0.13683477
v 0.408990711 0.653716087 0.0421650894
v 0.3835482 0.492294908 -0.125524491
v 0.574057639 -0.934042454 -0.07043951
v 0.484543681 -1.03271854 -0.181104377
v 0.364861965 -0.349657685 1.42303205
v 0.108441412 -0.399750203 1.27101052
v 0.339897335 -0.163808361 0.396163404
v 0.360378265 0.0403695218 -0.435428798
v 0.349626392 0.0764418617 0.14005214
v 0.561454356 0.0922036096 -0.960457087
v 0.395745873 0.528399229 -0.105628543
v 0.49679175 -1.41423357 -0.308203429
v 0.243675932 -0.53018111 -0.376485109
v 0.360808045 -0.495222569 0.274396211
v 0.367305815 -0.0579414889 0.508095145
v 0.275040239 0.320477694 -0.523554683
v 0.387365699 1.10862911 0.256362677
v 0.263208807 -0.380519211 1.42746162
v 0.149149731 0.362432659 -1.0626688
v 0.4300614 -0.116857454 0.808812201
v 0.362199485 0.417167157 -0.167353302
v 0.311293483 -0.456030846 -0.257544637
v 0.40289405 0.554407239 -0.208193436
v 0.416606873 0.110439233 0.575385094
v 0.197916105 -0.362415373 0.675722837
v 0.0998029113 -0.986479104 -0.384653479
v 0.509781897 0.91235894 0.0996818617
v 0.498283982 0.948862374 0.128660306
v 0.515175641 0.168174133 -1.05311954
v 0.265085131 1.23319328 0.339291185
v 0.309177071 0.538428843 0.234613404
v 0.498291463 -1.18740594 -0.233450815
v 0.347501546 -0.214250877 -0.350054711
v 0.501073539 -0.122928448 0.937236488
v 0.350472599 -0.0317212194 -0.213771358
v 0.185532451 -1.35259211 -0.389818549
v 0.0846436918 0.406403542 -1.26816702
v 0.335435718 -0.306840867 -0.233884692
v 0.118450813 -0.401094943 1.30360699
v 0.303694725 0.254384935 -0.523724616
v 0.325267017 -0.48095119 -0.202302754
v 0.370612055 0.57978946 0.083223775
v 0.356592238 0.348671347 -0.0716935322
v 0.350797087 0.0133544318 0.211475432
v 0.349847794 -0.0625981614 0.24038431
v 0.64584446 0.219964445 -1.2989912
v 0.423287511 1.45188463 0.340254128
v 0.237123951 1.39029431 0.380550593
v 0.303262264 0.247464746 -0.840854406
v 0.0612517148 1.05541062 0.398021519
v 0.52897805 -0.978944838 -0.128259212
v 0.10914202 1.25249827 0.397428483
v 0.283423752 0.35721153 -0.456917375
v 0.341148198 0.334173888 -1.33361721
v 0.380876184 -0.105384603 -0.481667519
v 0.295164078 -0.273951024 0.956169128
v 0.349873751 0.0905877873 0.185816005
v 0.541912973 0.798621178 -0.0204891358
v 0.363741249 -0.203125551 -0.448935032
v 0.353992254 -0.387504518 0.223027781
v 0.07192339 0.405622333 -1.2260989
v 0.130423799 -0.403424978 1.34337139
v 0.576993167 0.221585989 -1.24527264
v 0.155757263 -1.32765603 -0.394776165
v 0.348873287 -0.0906451866 0.277987272
v 0.374309868 -0.603215039 -0.0960780308
v 0.36018604 -0.370784998 0.147280768
v 0.229597345 -0.867934406 -0.312300652
v 0.356932878 -0.372190118 1.50280225
v 0.321187466 -0.378142178 1.48764622
v 0.349150687 -0.119450346 0.472387701
v 0.29123047 0.262073994 -0.588731349
v 0.503155708 0.190683097 -1.09080803
v 0.349368632 0.0991365612 0.061080981
v 0.326364994 -0.55753237 -0.194368392
v 0.129004046 0.381238401 -1.1793493
v 0.348966926 -0.20731391 -0.0595614575
v 0.252908975 0.914173484 0.29471451
v 0.290836334 0.418516964 0.394176751
v 0.392556041 -0.513640463 0.0772598758
v 0.450572163 -0.0459793694 -0.663130701
v 0.575320303 -0.0547253415 0.915267527
v 0.43584913 -0.0671506822 -0.626547754
v 0.378355861 -0.570586681 -0.0657551512
v 0.527503371 0.0978714451 -0.932020664
v 0.389648616 0.052150704 -0.603809059
v 0.350964189 0.0594220608 0.22070308
v 0.254977286 1.26998007 0.350295424
v 0.354124933 0.151721433 0.339290679
v 0.167678356 1.38675845 0.400375783
v 0.287410527 0.286330044 -1.01391673
v 0.263803601 -1.37624788 -0.370374978
v 0.349212945 -0.113367826 -0.0697167143
v 0.233336702 0.647691846 0.330749065
v 0.461327821 -0.119938917 -0.646561623
v 0.342194557 0.245618507 0.250071079
v 0.291350693 0.464590847 0.323876917
v 0.187899187 -0.340202749 0.836398363
v 0.424101204 -0.0866739005 -0.597258747
v 0.166326389 -0.718937218 -0.377140999
v 0.312263876 0.366726935 -0.370579779
v 0.471454889 0.110479161 -0.877265513
v 0.307203859 0.352454871 -1.36313975
v 0.0771371648 -0.406602293 1.2474016
v 0.309849441 0.718041062 0.226730883
v 0.453290284 -0.0846935287 0.798794925
v 0.312725842 -0.486088097 -0.239866942
v 0.329910785 -0.191559523 0.620571971
v 0.240282163 -0.599439025 -0.339932024
v 0.346413285 -0.187504515 -0.267056614
v 0.499357134 -0.891515434 -0.100119688
v 0.246307254 0.414974719 -0.492654502
v 0.353907555 0.470665157 0.0876070857
v 0.360684484 0.385783523 -0.0983090475
v 0.16282092 0.375840575 -0.719164371
v 0.330284059 0.229784593 -0.870227635
v 0.128977537 0.385065019 -1.21224618
v 0.222032025 0.321320355 -1.00209689
v 0.649409115 0.236622557 -1.34337342
v 0.194170594 1.00237727 0.336493433
v 0.344075739 -0.141694814 0.355873585
v 0.426327854 0.120621286 -0.814611197
v 0.591959715 0.0622785091 -0.944600821
v 0.0564196035 -1.34061074 -0.425129861
v 0.320577592 0.330983639 -1.29130292
v 0.354031503 -0.296998739 0.120750703
v 0.544874549 0.222842202 -1.21758962
v 0.365320504 0.111335248 -0.598952591
v 0.356322706 -0.11163114 -0.345778883
v 0.610126972 0.221171692 -1.27335072
v 0.445509881 0.0566237904 0.647558749
v 0.53844595 0.256435424 -1.30164421
v 0.371072143 -0.324200332 1.33186471
v 0.596015155 -1.28143752 -0.230665773
v 0.393247068 0.79039669 0.145431936
v 0.470583349 1.17958486 0.240341902
v 0.289637953 0.440740585 0.358596683
v 0.172804341 -0.361485392 0.761766076
v 0.375802368 -0.450339735 0.129334629
v 0.53800422 -0.912571967 -0.0822802931
v 0.414249063 0.347878277 -1.47061038
v 0.58344692 0.185135514 -1.16374612
v 0.381395519 0.166345224 0.49275285
v 0.348006904 -0.143655285 -0.187854975
v 0.419641674 0.146111503 0.57814163
v 0.348598003 -0.13952215 -0.107532561
v 0.13996236 1.28560352 0.392059773
v 0.172209024 -1.27066183 -0.380727619
v 0.312408119 0.292519867 -0.41378507
v 0.350670248 0.113564834 -0.480606467
v 0.438419759 -1.0886209 -0.227465391
v 0.186771303 0.352554202 -1.12777638
v 0.346106082 -0.190280855 -0.188003451
v 0.271161407 0.293801934 -0.596317828
v 0.321040452 -0.356618375 -0.304780632
v 0.411527961 1.04448402 0.223784342
v 0.160142034 -0.357553929 1.04915142
v 0.533985794 -0.269683272 1.33276832
v 0.350411922 0.266442448 -0.120529979
v 0.299149483 -0.429380208 -0.326586872
v 0.474644423 0.699219584 -0.0449008681
v 0.404131889 0.0230042432 0.57848525
v 0.332588464 -0.294683516 -0.356736124
v 0.595991492 0.116813652 -1.0364058
v 0.237604931 -1.40137541 -0.38337931
v 0.0948592424 -0.387597442 1.09601736
v 0.349859357 0.35180226 -1.41449344
v 0.20211336 -0.951639295 -0.33272773
v 0.226511866 -1.36385667 -0.379368305
v 0.550927281 -0.954765677 -0.099846907
v 0.359572738 -0.0747127309 -0.368079633
v 0.216879621 1.03411973 0.327931851
v 0.321853667 -0.677330136 -0.211242914
v 0.408710301 -0.333956748 1.41329646
v 0.539220393 -0.143999219 1.02514803
v 0.344858229 1.41656208 0.354069978
v 0.362630606 -0.129786164 0.62730509
v 0.352194428 -0.420381665 0.253611535
v 0.254149586 -0.292080075 0.742566586
v 0.32616505 -0.384557009 -0.235034928
v 0.352075905 0.0290557127 0.255869597
v 0.122485593 0.832713842 0.380623966
v 0.376683563 1.19312179 0.284922868
v 0.339945734 -1.39966023 -0.352251172
v 0.399134576 -0.68079114 -0.0897296816
v 0.342656523 0.245114297 0.329661518
v 0.35339871 0.0395505317 -0.347349346
v 0.415547341 0.163072482 -0.886470079
v 0.34959808 -0.0267907176 -0.0470513962
v 0.261758119 0.32121557 -0.567270935
v 0.226160437 0.944135785 0.31429255
v 0.328440845 -0.254763871 0.967981756
v 0.274151772 0.359927416 -1.34918714
v 0.364129514 -0.386865646 0.105255686
v 0.278366327 -0.441377461 -0.393573761
v 0.351108462 -0.175756216 -0.338175356
v 0.122534424 0.372793734 -1.03588676
v 0.316442072 0.25666678 -0.436344355
v 0.426509351 -0.0744581819 0.731181264
v 0.47564438 -0.0619817264 -0.691044569
v 0.50645113 0.77705723 -0.00113493041
v 0.487147391 1.14379883 0.22010009
v 0.301722616 -1.38818777 -0.361301064
v 0.580350101 0.203632489 -1.20417881
v 0.0940862671 1.07965624 0.386281192
v 0.149984285 0.705881357 0.392735779
v 0.404043019 -0.0885113478 0.697881281
v 0.361154318 -0.152901024 -0.402795643
v 0.395065665 -0.892326772 -0.188235879
v 0.344251961 -0.212918654 -0.229316384
v 0.152832001 1.24506724 0.381778598
v 0.402274162 -0.131892532 -0.544162452
v 0.254297256 0.477621228 0.418656886
v 0.357711315 0.718825638 0.163804218
v 0.365734696 -0.67078191 -0.142446548
v 0.314620644 -1.42514014 -0.365868419
v 0.218643561 -0.378871262 1.35457897
v 0.199597165 -0.377768934 1.31599605
v 0.3307271 0.363807887 -1.43991268
v 0.347324491 0.249519333 0.40669173
v 0.347575694 -0.165575936 -0.147265047
v 0.410253882 -1.00525463 -0.215650827
v 0.564915955 -0.0966330916 0.967568934
v 0.329760849 0.186724961 -0.533418238
v 0.343863308 1.03937137 0.260592818
v 0.342109621 -0.234138593 -0.27189976
v 0.334449798 -0.183549643 0.436499774
v 0.303494543 -0.758451939 -0.242448553
v 0.178609833 0.859100699 0.343207955
v 0.349811763 0.290063947 0.0435338542
v 0.215465486 -1.32519627 -0.375625581
v 0.352746874 -0.0763700679 0.39644298
v 0.295832545 -0.413986176 -0.365517795
v 0.579566002 -0.241741315 1.29731154
v 0.327746153 -0.201422155 0.476116836
v 0.641701221 -0.965799093 -0.0506333746
v 0.102977477 0.405868977 -1.30619586
v 0.204265267 0.331597656 -0.772293806
v 0.371960998 -0.21085906 0.914122343
v 0.301150024 0.847943842 0.250937372
v 0.573570073 -0.835903883 0.00989712588
v 0.35027042 -0.233824119 0.940922618
v 0.0528848134 1.14223039 0.404886335
v 0.356945932 -0.747537255 -0.179288059
v 0.32520625 0.33569777 0.326372385
v 0.361439854 -0.113220528 -0.388254046
v 0.349642992 0.247401878 0.0299361628
v 0.382981658 0.568250239 0.037494909
v 0.12663193 -0.371544838 1.02920175
v 0.353759021 -0.0361035541 -0.302117676
v 0.351709366 -0.787664354 -0.196210399
v 0.254428208 0.598747432 0.319895238
v 0.347161382 0.113722034 -0.392043859
v 0.285244256 -0.645120442 -0.263530135
v 0.157963872 -0.892109156 -0.357824504
v 0.222595736 0.3518264 -0.62309134
v 0.360255867 -0.402506411 -0.0157079827
v 0.375718355 -0.0157529544 0.506290317
v 0.315041184 0.402564824 0.289083153
v 0.491183072 -0.961860776 -0.144846633
v 0.323598415 -0.253224134 0.403157562
v 0.37605226 -0.473353863 0.0221862961
v 0.523237824 0.144322172 -1.01222587
v 0.374262691 0.465527117 -0.0607500076
v 0.242216215 -1.29956734 -0.362073809
v 0.61224252 -1.19001031 -0.187420979
v 0.101818539 -1.23774409 -0.399433792
v 0.145140901 -0.92903316 -0.363807499
v 0.103158869 0.99529773 0.380085051
v 0.224906653 -0.363844782 0.600497663
v 0.573786676 0.238904551 -1.28692651
v 0.38248086 0.140075371 -0.743446946
v 0.473139375 0.814389825 0.0694501773
v 0.358837545 -0.4830167 -0.0807657912
v 0.378863066 -1.41076422 -0.343137175
v 0.569211066 0.253348559 -1.32157958
v 0.324557781 -0.225765228 0.439679772
v 0.373792231 1.2741518 0.307862222
v 0.375769913 1.35624743 0.328928381
v 0.312910467 -0.717768669 -0.227505475
v 0.256968349 0.358835906 -1.31772661
v 0.427854389 0.590586007 -0.147855461
v 0.646963298 -1.2153182 -0.185393602
v 0.414570034 1.41383874 0.332302034
v 0.20676823 -1.28563964 -0.371544003
v 0.350347519 0.0409551859 -0.259362072
v 0.337199867 0.29189536 0.250094056
v 0.365787476 -0.0359879471 0.470116317
v 0.349569261 -0.0263382774 -0.0891585499
v 0.446959317 0.671307623 -0.024338549
v 0.260689616 -0.726028204 -0.287300706
v 0.43907401 1.39417124 0.319229931
v 0.344676822 -0.549964964 -0.149165124
v 0.361529261 0.200686023 -0.859859228
v 0.275854915 -0.272273898 0.828656852
v 0.390320241 -0.299899459 1.26633096
v 0.137645856 0.376015425 -0.800916672
v 0.40183717 -0.811658919 -0.151193842
v 0.232735828 -0.309895962 0.774472833
v 0.290046155 -0.260392338 0.621238291
v 0.347518682 0.339914858 -0.211970001
v 0.337883115 0.785975635 0.205052257
v 0.622091174 -0.986130118 -0.0756725073
v 0.383393735 -0.478438288 0.10474807
v 0.083031185 -1.30567682 -0.413318396
v 0.338496 -0.188636199 0.355485976
v 0.351117104 -0.0449169241 0.283679575
v 0.351419657 0.140443563 -0.589498818
v 0.465582579 0.655541003 -0.107071802
v 0.345723927 0.521635354 0.134547397
v 0.309818119 0.255385399 -0.480721295
v 0.24793148 0.383235633 -0.516589105
v 0.431570232 -0.975751996 -0.19150728
v 0.128044844 0.397347689 -0.733335316
v 0.432543725 0.0739026368 -0.746786058
v 0.358847409 -0.367473304 0.0111694811
v 0.409794539 -0.624600589 -0.0233212784
v 0.522237957 -0.864312947 -0.061928656
v 0.0909902006 -1.15418136 -0.394824117
v 0.287265956 0.322612107 -0.479381293
v 0.21429795 0.691469312 0.338999927
v 0.346198589 0.209082842 0.170766845
v 0.119202308 0.405556798 -1.33660924
v 0.261955917 -0.352383077 1.2915771
v 0.348988175 0.142530188 0.075585179
v 0.333219916 0.18597275 -0.437182486
v 0.338604897 -0.359484941 -0.167497486
v 0.461838245 -1.06079936 -0.205074012
v 0.268338293 -0.685884655 -0.281769127
v 0.382405102 1.43611574 0.347901762
v 0.433041722 0.909325242 0.158622369
v 0.560000718 -1.06011796 -0.151605725
v 0.357601017 0.258234978 0.479074895
v 0.0648547038 -1.00288129 -0.398964942
v 0.399672657 -0.135092556 0.775489986
v 0.348393947 0.184813097 0.0886139125
v 0.381980658 0.0273813885 0.503987014
v 0.5000844 -0.167294756 1.02665567
v 0.341043353 -0.159264505 0.548088074
v 0.565619946 -1.35445583 -0.267368585
v 0.167173758 -0.362485975 1.13515961
v 0.404584736 -0.109210588 0.735692441
v 0.350457877 0.104968011 0.230504453
v 0.459142596 -1.41741145 -0.320526689
v 0.582552731 -0.265740812 1.36601925
v 0.354194969 0.00186497148 -0.324868083
v 0.34715125 0.18108803 0.204795673
v 0.273614109 0.458782911 0.39021638
v 0.24919261 -0.309595078 1.01323998
v 0.381941229 0.502973795 -0.0436380245
v 0.506830931 -1.00514638 -0.155478641
v 0.446905226 0.824463606 0.103989266
v 0.441601306 0.627984703 -0.0860920325
v 0.383868903 0.496896565 -0.0840665922
v 0.346693546 0.412899256 -0.256876141
v 0.29903239 0.973635197 0.272930533
v 0.482040882 1.02450311 0.175147578
v 0.534983814 1.35864687 0.277917981
v 0.345163584 1.16666579 0.29164362
v 0.419098347 -1.41739881 -0.332653821
v 0.472125143 1.39193344 0.308322579
v 0.331275493 0.18576397 -0.483107448
v 0.0940372571 -0.385356337 1.00828695
v 0.506687462 0.037288297 -0.819525003
v 0.351422727 -0.0983747169 0.434146523
v 0.221708655 -0.315710813 0.885399759
v 0.438329995 0.213580415 -1.06166947
v 0.229794294 0.380544752 -0.557074428
v 0.146453977 -1.29432595 -0.392609477
v 0.0960733443 -0.387452841 0.919605792
v 0.445981354 -0.261879265 1.21120834
v 0.459985644 0.70970434 -0.00358284591
v 0.403484076 0.568009853 -0.0456900112
v 0.476375252 -1.10273111 -0.212999791
v 0.315295309 1.14021468 0.298765391
v 0.344921321 -0.871702552 -0.223642647
v 0.284841686 0.303677022 -1.0996784
v 0.314100981 0.893799186 0.248015866
v 0.348177671 1.08374667 0.269429833
v 0.361733019 -0.951562643 -0.231316194
v 0.209786028 1.31522846 0.374430031
v 0.364077121 -0.464758664 0.239882693
v 0.310504138 -0.233559594 0.553098798
v 0.37428695 -0.0718356967 -0.457845926
v 0.363349259 0.159370556 0.415861189
v 0.280976385 0.270953536 -0.626275659
v 0.350739747 -0.635062873 -0.157021701
v 0.518131495 0.28721422 -1.37197304
v 0.645880163 1.12768853 0.142202482
v 0.194290578 0.355440229 -1.17165804
v 0.446391016 -0.708581388 -0.026637312
v 0.34958908 0.0504890196 -0.00265046419
v 0.427536815 0.0288450588 -0.679026127
v 0.399826974 -0.347690463 1.45434928
v 0.415834874 0.827661514 0.137635335
v 0.351489812 0.0400200337 -0.303245872
v 0.348488986 0.153599307 0.11929433
v 0.0659696907 -1.21809745 -0.408710003
v 0.339877695 1.33430195 0.335234076
v 0.446975172 -1.01862121 -0.197841346
v 0.345169753 0.254603088 -1.02203631
v 0.471580625 -0.151664615 0.951941729
v 0.310890615 0.329003781 -0.391833156
v 0.201170921 -0.662571549 -0.362842977
v 0.356302917 0.216146395 -0.900953889
v 0.328384221 -0.317808151 -0.429128051
v 0.508179247 0.241862252 -1.23007464
v 0.353326231 -0.0532103181 0.359914154
v 0.366363764 0.433891892 -0.0351061486
v 0.347873271 0.166359484 0.162262037
v 0.315238953 -1.32469606 -0.34259662
v 0.307031929 0.37809667 0.397646248
v 0.312857032 1.06264079 0.282840997
v 0.3538858 0.378632814 -0.189405814
v 0.33818233 -0.409172535 0.298790991
v 0.126541913 -1.01481426 -0.373099804
v 0.385656595 0.071952112 0.50125289
v 0.487955123 -0.0886387303 0.860323966
v 0.132036388 1.20789969 0.384004116
v 0.230307758 1.24080396 0.353679717
v 0.294040322 -0.92302686 -0.272047311
v 0.460078776 0.0388872027 -0.752360404
v 0.488819659 0.986346364 0.15374288
v 0.352942467 -0.000336860743 0.290655255
v 0.354321897 0.368992954 0.0248727333
v 0.343177527 0.301463783 -0.234764725
v 0.593308091 0.907626748 0.0340845138
v 0.390969902 0.522435665 -0.187716916
v 0.429334193 -0.289466679 1.28055525
v 0.49762547 0.104078822 -0.904361367
v 0.36559701 -0.399247319 0.0647386163
v 0.365158945 -1.06196499 -0.258432239
v 0.333020836 0.368071824 0.207519174
v 0.453964233 0.315092385 -1.39715374
v 0.318448395 -0.212714672 0.58810991
v 0.138534933 -0.713558912 -0.399980336
v 0.581607103 0.0392869972 -0.904064894
v 0.328015059 -0.324215651 0.334921122
v 0.42556268 0.235099062 -1.10499418
v 0.522388339 -1.04676569 -0.165665999
v 0.410476327 1.37708235 0.323363483
v 0.477734566 0.298367769 -1.36686313
v 0.463025182 -1.16955042 -0.242707744
v 0.346805513 0.114682749 -0.303519636
v 0.343587756 -0.338489175 1.3521651
v 0.286147028 -0.723236799 -0.25951159
v 0.383804113 0.255134523 -1.10173714
v 0.253391415 -0.624052644 -0.31273815
v 0.0981005132 -0.394235015 1.19436479
v 0.349333823 0.133071288 0.0317155495
v 0.339984119 -0.979737699 -0.2527318
v 0.566582084 -1.24622118 -0.22781752
v 0.351791054 0.158032268 -0.660633147
v 0.46540767 0.151155606 -0.948217332
v 0.349531174 0.0859417468 -0.0275256038
v 0.373608559 0.139699638 0.456742704
v 0.341697097 -0.490071654 0.315963328
v 0.3498303 -0.137901634 0.01036999
v 0.331878483 0.313969135 0.288736075
v 0.514156938 0.224547356 -1.18963742
v 0.350729913 0.00419190992 -0.236865371
v 0.395959586 0.0863895342 -0.674963474
v 0.307745129 -0.254013717 0.889413655
v 0.414509207 -1.11588252 -0.248284698
v 0.592999637 -0.201064438 1.20647717
v 0.468307078 0.00199877378 0.721993566
v 0.338240087 -0.712992489 -0.19451049
v 0.518924415 -0.076596275 0.883918881
v 0.228794977 0.313308835 -0.957991481
v 0.349717438 -0.0212820172 0.0411553048
v 0.343435019 -0.140885144 0.434838951
v 0.545334935 -0.0702939928 0.905925632
v 0.307583332 1.39527404 0.360255688
v 0.380466878 0.0478696339 -0.563004017
v 0.289674938 -1.35052335 -0.356764406
v 0.410307556 1.33825672 0.312556684
v 0.613699436 1.00677705 0.0894395113
v 0.356982857 -0.0364757217 -0.34653008
v 0.100375287 0.393560499 -1.20028317
v 0.527459681 0.120644994 -0.971625507
v 0.270186573 -0.954973042 -0.292312562
v 0.294896871 0.267091334 -0.928076029
v 0.202650994 0.968101203 0.329625517
v 0.158211634 -1.19096732 -0.374532551
v 0.449432284 -0.655258954 0.046403382
v 0.278496087 -1.31242168 -0.352350205
v 0.273517787 -0.30718261 0.560593963
v 0.470985234 0.0706185624 0.679471791
v 0.236370847 0.359025419 -1.28373778
v 0.377957135 -0.780396163 -0.1651503
v 0.388081133 -1.03385258 -0.237833053
v 0.366648108 -0.103296749 0.585328817
v 0.349069089 -0.0965802297 0.357484967
v 0.2174775 -0.318620145 0.845430732
v 0.69693476 0.107923657 -1.10010648
v 0.271262497 1.37146592 0.366112083
v 0.26090157 -0.485488385 -0.383794963
v 0.579108477 1.30501342 0.244372681
v 0.238623425 0.536163986 0.385266662
v 0.134717315 -0.972485125 -0.3686665
v 0.19524768 0.620376706 0.388317645
v 0.338276774 0.187525958 -0.347602576
v 0.35196209 0.190437868 -0.787811697
v 0.323330283 0.252995431 -0.95596981
v 0.339679778 0.269527048 0.367105305
v 0.62169981 -0.228203446 1.29858613
v 0.186662659 0.341017187 -1.01345706
v 0.525518715 -0.0947364345 0.920028687
v 0.26773262 0.282419145 -0.899941444
v 0.259878933 -0.79516232 -0.287186891
v 0.353367478 -0.0280319192 0.324940383
v 0.496253014 0.305731535 -1.40862584
v 0.625641227 1.15961564 0.166337311
v 0.130620047 -0.375525326 0.852577746
v 0.191854104 -0.703258455 -0.359604657
v 0.137504593 -1.25497663 -0.38998428
v 0.287721723 -0.257317871 0.6872316
v 0.464637727 0.321588844 -1.42965913
v 0.438011974 -0.139816284 -0.609908581
v 0.335617185 0.186624005 -0.392243683
v 0.579429805 1.24214625 0.219977677
v 0.274303943 1.2973578 0.349111915
v 0.521562815 -0.291731536 1.3872577
v 0.350748092 -0.106599353 -0.260407269
v 0.317016482 0.357110769 0.362591416
v 0.130166158 -1.21427965 -0.387297988
v 0.341848493 1.3756398 0.344828308
v 0.271544665 0.683052182 0.275318891
v 0.184504643 0.339114726 -0.857244849
v 0.510520935 -0.0571231358 0.84578377
v 0.555778265 0.985821664 0.111012027
v 0.224432632 -1.22279048 -0.354672462
v 0.0982999802 -0.809044957 -0.401374191
v 0.541701078 0.855488002 0.0331401266
v 0.390447021 -1.14281881 -0.267654985
v 0.400032043 -0.30737108 1.30641294
v 0.302625567 -0.279724568 0.483206421
v 0.327813029 0.453713566 -0.329235464
v 0.379504949 -0.29323563 1.22627032
v 0.354581028 -0.355499685 0.191126645
v 0.388392538 0.00408183085 0.542495906
v 0.340878367 1.20720661 0.303524226
v 0.234721556 0.82947129 0.303989947
v 0.373977005 0.296727836 -1.23541784
v 0.201637343 0.327905506 -0.929017425
v 0.289066643 -0.257669091 0.654186964
v 0.357171625 -0.0992997065 0.50939703
v 0.355305254 0.178533316 0.374981284
v 0.293138176 -1.24858677 -0.333804458
v 0.510897994 -1.38217032 -0.293890506
v 0.266609132 1.18840826 0.329880446
v 0.142946258 -0.382917583 0.764623106
v 0.169458225 -0.407124639 0.635438442
v 0.645692289 -0.207376733 1.26671648
v 0.248747185 0.292263359 -0.829137981
v 0.349937737 -0.0608058125 -0.191275239
v 0.418426365 -0.0269121602 0.654794633
v 0.423149794 0.0405796245 0.613688827
v 0.320764065 0.606463075 0.203521818
v 0.400249362 -0.740490139 -0.120741263
v 0.306195468 -0.274199933 0.995634437
v 0.340993881 0.188468426 -0.303082198
v 0.340762943 0.263409734 -0.257617533
v 0.27267924 -0.355383337 1.32360804
v 0.235264197 -0.948584497 -0.31305784
v 0.640561759 1.05041313 0.10206826
v 0.538129091 -1.08720016 -0.175425306
v 0.330176473 -0.637130857 -0.19342342
v 0.349105328 0.0778461397 -0.281505644
v 0.114794314 1.16861022 0.385612339
v 0.352656484 0.823814988 0.199288219
v 0.40143761 -1.07505584 -0.242633268
v 0.374679148 -0.992509842 -0.234040052
v 0.497158378 -0.0404243693 0.807112992
v 0.523197711 0.984910071 0.130974233
v 0.329629809 0.297425598 -0.324782401
v 0.556608737 -1.28632939 -0.246287972
v 0.204586893 0.357864797 -1.21305048
v 0.304790974 -0.325527281 0.422846973
v 0.453250706 -0.826910794 -0.104608648
v 0.346708953 0.114090115 -0.347735941
v 0.323111653 0.258328408 -0.391777396
v 0.547829866 1.30083573 0.253441572
v 0.351123095 0.27773428 -0.00103589904
v 0.349533111 0.206158161 0.016607631
v 0.223667353 -0.31645602 0.932092249
v 0.238870487 -0.310830086 0.973948956
v 0.203451693 0.406647295 -0.572372973
v 0.346069038 0.344198853 -1.37986672
v 0.439276844 0.2613585 -1.20552337
v 0.406077325 -0.274671614 1.19873595
v 0.522448182 0.193333387 -1.11999595
v 0.493136972 0.147071511 -0.979632735
v 0.556321323 -0.221689001 1.22235203
v 0.340098947 0.225802854 -0.280407727
v 0.198549598 -1.2465812 -0.367943078
v 0.402922392 0.720348895 0.0988952294
v 0.471873701 -0.321361721 1.43485916
v 0.314793885 0.218180597 -0.681156754
v 0.384167731 0.827365816 0.169387713
v 0.354700297 0.320192307 -1.29712737
v 0.332178712 0.335389137 -0.302503139
v 0.275493562 -0.355146319 0.485037535
v 0.349758089 0.0421865173 -0.215967476
v 0.354133904 -0.183077797 -0.375373244
v 0.364593029 -1.37350988 -0.338090777
v 0.352196842 -1.33654296 -0.332944781
v 0.487729937 0.0683052912 -0.834209204
v 0.431782007 -0.254918456 1.16992116
v 0.517712176 -0.226153091 1.19351113
v 0.668875337 0.0710645244 -1.01921999
v 0.349594116 0.0100305472 -0.0675879717
v 0.493655294 0.319460809 -1.45038283
v 0.427063257 -1.15600049 -0.254606217
v 0.247775495 -0.296245635 0.858846724
v 0.348754197 0.21606943 0.0592170954
v 0.36357674 -0.0146382507 0.43277216
v 0.278775841 0.60400027 0.278758436
v 0.411773384 0.0667656884 0.576381385
v 0.408741146 1.21718442 0.278375834
v 0.557511151 -0.205273733 1.18229198
v 0.331644297 0.223249584 -0.369689405
v 0.362061024 -0.70863533 -0.160800353
v 0.265552521 -0.646232307 -0.290956289
v 0.349488944 0.165270478 0.0029498979
v 0.372222573 0.455204755 -0.146074504
v 0.0544428863 1.18469095 0.407688737
v 0.495036721 -0.749660075 0.0110654552
v 0.388572395 -1.34788585 -0.323651731
v 0.361996382 0.00240198197 -0.413263559
v 0.348300368 0.265786052 -0.166802958
v 0.0841081664 0.844450176 0.399904877
v 0.329565853 0.260092735 -0.347192436
v 0.17160517 0.354964733 -0.786614537
v 0.317428887 -1.00850868 -0.272772998
v 0.0571363345 -1.09059787 -0.402961701
v 0.294693828 -1.03700602 -0.291114926
v 0.308173388 -0.640963078 -0.229370654
v 0.356296629 0.0396116115 -0.391486943
v 0.412335068 -0.160668969 0.865336001
v 0.300217748 -0.247900546 0.590786695
v 0.353404939 0.126541004 0.311457127
v 0.258493096 -0.863553643 -0.290913552
v 0.261310995 -0.293908328 0.944153368
v 0.282687455 0.39212656 -0.435999513
v 0.352361143 0.342185825 -0.166304737
v 0.354216397 0.043996565 0.29956466
v 0.349569619 0.0475818589 -0.0466230214
v 0.349524498 0.0434394367 -0.173201382
v 0.124586038 -1.17323291 -0.384686828
v 0.253375083 0.351936251 -0.541112304
v 0.32275942 0.221268296 -0.459316552
v 0.416296929 0.311572731 -1.34372306
v 0.381377071 -0.061850857 0.583421886
v 0.565915287 -0.995014608 -0.114008196
v 0.451200962 0.0136461509 -0.710024476
v 0.0936597735 -0.404393494 0.806249261
v 0.388692588 0.197113022 0.525693238
v 0.268053681 -1.27412784 -0.348179668
v 0.436881989 -1.38562536 -0.318295062
v 0.163474604 0.89924562 0.350843549
v 0.546251297 0.921184659 0.0777867362
v 0.348953158 0.0794819072 -0.194521487
v 0.317388296 -1.11710989 -0.295697927
v 0.235249758 0.305939853 -0.914709151
v 0.393925369 -0.019862311 0.580971539
v 0.303221822 -0.24080795 0.757276833
v 0.260106146 -0.309589505 1.0535171
v 0.56451726 -0.259536177 1.33240306
v 0.347545415 0.225758389 0.101065449
v 0.348394006 0.113579713 -0.436399341
v 0.327317655 -0.410425007 -0.214238241
v 0.34724918 0.115348428 -0.259482145
v 0.394555718 0.0178873911 -0.582787216
v 0.523913801 0.0763546005 -0.89392662
v 0.349496663 0.125052586 -0.0111948866
v 0.417705983 0.259578943 -1.1702565
v 0.174756259 -0.391542226 1.35081661
v 0.468877107 -0.134406984 0.912186205
v 0.349703372 0.00783147477 -0.151739597
v 0.266053319 0.549176753 0.324048311
v 0.472012222 -0.0573534593 0.791633427
v 0.348875821 1.12609386 0.279753715
v 0.343261629 0.151281044 -0.325524688
v 0.346518546 0.227563083 -0.19053784
v 0.149586186 0.375716776 -0.75974679
v 0.445870608 0.785560012 0.0811049119
v 0.343563676 0.189351007 -0.2585783
v 0.476066977 -0.29021585 1.33681822
v 0.368034661 -0.0347415954 -0.435260117
v 0.172346368 1.31828117 0.387078941
v 0.386118323 0.118437894 0.498252094
v 0.138340369 0.981737852 0.36360231
v 0.341268152 0.269676775 0.2119807
v 0.235776871 0.326237082 -0.648511827
v 0.212306708 0.768509448 0.326128989
v 0.179890573 1.27987599 0.378037304
v 0.299200118 0.257200211 -0.884926736
v 0.350972503 -0.236711323 -0.417316526
v 0.290854514 0.276821345 -0.970946133
v 0.241873294 0.298933983 -0.871695638
v 0.190013811 -0.341646999 1.02553129
v 0.341913313 -1.19628394 -0.30283165
v 0.346102446 0.152646199 -0.237009212
v 0.605613887 1.18125999 0.184431747
v 0.248104066 0.324112147 -0.608766019
v 0.258158147 -1.23614144 -0.344437867
v 0.341854274 0.606252789 0.161390975
v 0.129538432 1.02059925 0.368769556
v 0.586784899 -1.12939894 -0.171156839
v 0.502157629 -0.790248811 -0.0216820743
v 0.278789401 0.506747484 0.323919833
v 0.458557755 -0.102085724 0.835843265
v 0.345060289 0.264754325 -0.212461233
v 0.24929142 -0.301782906 0.701732099
v 0.409724474 1.29736185 0.30116576
v 0.602058589 -1.00910747 -0.10124369
v 0.351127923 0.0768544674 -0.369681597
v 0.102910638 0.394544512 -0.815611184
v 0.337700188 0.374128819 -0.280033588
v 0.410049498 1.17992771 0.266827732
v 0.34785533 0.115940437 -0.215718776
v 0.546542168 1.01781404 0.134049118
v 0.343438059 0.682964623 0.175053507
v 0.596007586 -0.921027005 -0.0459501818
v 0.349463463 -0.0566586405 -0.109845623
v 0.603666365 1.0500983 0.120141216
v 0.244006202 0.686049402 0.308003545
v 0.446684808 1.32102776 0.295136422
v 0.401335716 -0.77280283 -0.134676397
v 0.256695688 0.722804368 0.288644582
v 0.253870457 -0.371973842 0.519918144
v 0.433210135 0.0143289044 0.651134312
v 0.368557096 0.484345436 0.0202268213
v 0.508443594 0.729856253 -0.0606176183
v 0.194217846 -0.352787942 0.721153736
v 0.345817417 0.189938307 -0.214017645
v 0.344306648 0.300828695 0.134544924
v 0.120585851 -1.13233232 -0.382300138
v 0.365788847 0.0419099033 -0.478914857
v 0.464321673 -0.118241809 0.873969376
v 0.0244540144 -1.11200941 -0.414714098
v 0.335530251 0.261856437 -0.302501559
v 0.367859513 -0.287526757 1.18666458
v 0.356638879 0.204706892 0.41098085
v 0.245601922 -0.664976835 -0.312561214
v 0.311913013 0.221103951 -0.644381404
v 0.224949375 0.327394247 -0.688597679
v 0.186705634 -0.340601504 0.985539019
v 0.607113242 -0.951908708 -0.0612312891
v 0.333800554 -0.333355933 1.31774223
v 0.367236555 0.114144117 0.420877337
v 0.355195105 0.238960117 -0.984622777
v 0.270104885 -1.17343366 -0.328007311
v 0.310577661 -0.375856847 0.379978031
v 0.352325141 -0.31073007 1.2528162
v 0.0236848593 -1.06674886 -0.413812846
v 0.35777846 0.230784744 0.44617644
v 0.283512056 -0.292354822 1.02401257
v 0.545101583 -1.32168579 -0.26274395
v 0.349334627 0.0808085054 -0.110216588
v 0.322004229 0.816232741 0.227113008
v 0.320841998 0.68166256 0.20848833
v 0.408299237 0.563594103 -0.0858534202
v 0.329051822 -1.26089346 -0.323066503
v 0.317985982 -0.275197566 1.03429568
v 0.365393817 -1.2731719 -0.31249547
v 0.341627896 -1.08968472 -0.277633578
v 0.268796742 0.274170786 -0.742065609
v 0.306039661 -0.232833669 0.675681174
v 0.345733494 -0.139763042 0.510585248
v 0.358232409 -0.0562580936 0.433703393
v 0.380847961 0.205550224 -0.929133058
v 0.307990998 -0.563017488 -0.234213963
v 0.401689023 -0.066959165 0.658867359
v 0.375137866 0.0494643897 0.465177298
v 0.353879511 -1.12988091 -0.281401753
v 0.423039883 0.642098308 -0.00312037789
v 0.395807385 0.571548939 -0.00601451006
v 0.191433564 -1.20765567 -0.36456877
v 0.440179229 -0.145956129 0.887301862
v 0.31515485 -0.321804166 1.23959339
v 0.365768313 0.420897275 -0.123009965
v 0.164750367 -0.353046566 0.872639716
v 0.197599381 -0.377894908 0.637109518
v 0.324846685 -0.327238828 1.27871621
v 0.34670648 0.367905468 -1.47479355
v 0.262729913 -0.28235504 0.783431768
v 0.386368275 -0.026271373 -0.522294044
v 0.529418111 -0.0227879863 0.826948285
v 0.349523097 0.0458010174 -0.0890806019
v 0.273855984 0.384515792 -1.45911586
v 0.369340569 -0.635860503 -0.12218675
v 0.361066341 0.00554755935 0.396936923
v 0.322042227 0.332461834 -0.34742853
v 0.160241842 0.352924049 -0.984662831
v 0.546023905 -0.275576353 1.36149657
v 0.378364414 0.510825574 -0.00544022769
v 0.456466496 -0.233731538 1.13945949
v 0.335683644 0.293471605 0.402811497
v 0.355989993 0.414610744 -0.21187681
v 0.208325937 1.2106843 0.356645077
v 0.311901122 -0.358815491 -0.415942252
v 0.248860657 -0.987612545 -0.309063226
v 0.13507092 -0.377703488 1.1611346
v 0.391915858 0.171582207 -0.854324579
v 0.329526603 -1.04923809 -0.274673969
v 0.349484652 0.0445710607 -0.131015986
v 0.521877468 1.31936586 0.268794775
v 0.368390769 0.0696961582 0.425834298
v 0.151923582 1.04097259 0.359676123
v 0.27379781 -0.309120446 1.09132111
v 0.270872742 0.369674236 -1.38885748
v 0.19463177 1.24507177 0.367270917
v 0.348471701 0.116221726 -0.172425926
v 0.278004706 0.881978631 0.273629934
v 0.496905178 -0.219203681 1.15074134
v 0.348858535 0.753002405 0.184773937
v 0.403012186 0.198910773 -0.957555234
v 0.25091657 0.301900417 -0.672735274
v 0.592870295 -0.168360621 1.13173997
v 0.408866882 1.25657284 0.289773852
v 0.305416256 -0.966855586 -0.271991313
v 0.150210008 0.360048741 -0.870823562
v 0.48816511 1.34952831 0.29003197
v 0.305648327 -1.1842047 -0.315288961
v 0.451810598 0.243929103 -1.1687237
v 0.489056528 -1.34515643 -0.289296359
v 0.458185762 0.142364159 0.637874126
v 0.0279977247 -0.838142276 -0.428910881
v 0.521032333 -1.29302001 -0.261276871
v 0.436845779 1.49154532 0.347522229
v 0.340523064 -1.29893112 -0.327848256
v 0.305031151 -0.443817139 -0.2883811
v 0.382665217 0.273612708 -1.1648562
v 0.299012244 0.75498879 0.242381886
v 0.673140585 0.0948963165 -1.06087744
v 0.295803308 0.490007311 0.289825022
v 0.333250254 -0.179308414 0.512274504
v 0.354377538 0.113132037 -0.523962557
v 0.0573156923 1.09908354 0.400945902
v 0.12613529 -0.370884687 0.986115932
v 0.360532701 -0.360091209 0.0748509765
v 0.385853946 -0.70451355 -0.124217197
v 0.364590347 -0.143061474 0.674205422
v 0.395058811 -0.518789232 0.160728917
v 0.566440701 0.956837058 0.0868142769
v 0.299204558 0.325617641 -0.435685754
v 0.235742778 0.30565238 -0.757637262
v 0.476466626 0.190969899 -1.05713344
v 0.281233281 1.14776957 0.315681815
v 0.248752147 -1.19948816 -0.34134692
v 0.448754609 0.115062229 -0.847706258
v 0.287987262 -0.568829894 -0.272927046
v 0.619300544 -0.168070689 1.15541697
v 0.370193779 0.652483344 0.119889721
v 0.465427667 1.1082803 0.217361555
v 0.418601185 -1.35871303 -0.316648453
v 0.542538345 1.17769814 0.208803877
v 0.330438614 -0.276862234 1.07223761
v 0.378483415 -1.20888686 -0.290787518
v 0.529023528 -1.35237038 -0.27845031
v 0.367052227 0.0795949399 -0.543052733
v 0.41666764 -0.249392927 1.12984943
v 0.375316828 0.352117807 -1.44503784
v 0.371274024 0.213417307 0.485419273
v 0.353133202 -0.14266482 -0.32998684
v 0.167086691 0.348261744 -0.942855775
v 0.341280252 0.150072783 -0.414554954
v 0.363948613 0.487081736 -0.252403319
v 0.366243511 -1.16962934 -0.28579855
v 0.355689883 -0.282872826 1.14784634
v 0.313850701 -0.266409278 0.444606006
v 0.609811902 1.12221324 0.154990077
v 0.0294877458 -1.02047563 -0.411932528
v 0.42297107 0.753572643 0.0899639651
v 0.21654053 -0.325912684 1.00137949
v 0.192384869 -0.334978789 0.904586196
v 0.189122587 1.17706609 0.358800024
v 0.123601653 0.39499709 -1.27400672
v 0.34762162 0.189976484 -0.169285968
v 0.558595181 1.14773667 0.189438075
v 0.145071849 -0.378959864 1.20330095
v 0.576393425 1.17977166 0.19558531
v 0.469400615 0.130562767 -0.911791205
v 0.186222613 -1.16840112 -0.361059636
v 0.340768129 0.337796837 -0.257337213
v 0.574861765 1.11752617 0.168568939
v 0.142152011 -0.389384866 1.27325511
v 0.333672941 0.411542058 -0.303376585
v 0.300401628 0.605116844 0.241385683
v 0.317617297 -1.22265577 -0.318777472
v 0.405693948 -0.149693802 0.823929489
v 0.217419893 0.316474557 -0.8432616
v 0.354376614 -0.398604155 -0.0614013821
v 0.442083806 1.23845124 0.271434635
v 0.475558311 -0.684536874 0.0657854602
v 0.359108329 0.450645268 -0.233060315
v 0.535794437 1.04962027 0.156040579
v 0.193689585 -0.991201043 -0.339604765
v 0.439546615 -1.19503915 -0.261137813
v 0.27816546 -0.274570435 0.875066578
v 0.399361104 0.0936040655 0.538466513
v 0.126895711 1.05898809 0.371770263
v 0.359885514 0.291491359 -1.19414067
v 0.175316453 0.343577445 -0.9000175
v 0.337298453 -0.283834726 -0.40130803
v 0.292072445 -0.254652858 0.788012981
v 0.349527031 -0.0914067328 -0.0349197648
v 0.341816396 0.167114973 -0.619783998
v 0.128221318 1.09890378 0.373958498
v 0.253562957 0.322130114 -1.12022352
v 0.335230619 -0.177301496 0.583963752
v 0.353082746 0.228946954 -0.94076997
v 0.19529061 0.352481514 -0.703943849
v 0.273582757 -0.273137301 0.71262455
v 0.228344232 -0.785615206 -0.315415859
v 0.118242972 -1.09283543 -0.380226791
v 0.439815044 0.156402409 -0.917439997
v 0.194121987 0.335135162 -0.814686
v 0.319747448 -0.218050793 0.514868796
v 0.418817341 -0.321608543 1.37999308
v 0.448742032 -1.35244536 -0.304917902
v 0.294464767 -0.396638304 0.412183851
v 0.471796125 0.752757788 0.021552166
v 0.40895924 0.556832373 -0.167138204
v 0.451196194 0.0700885281 -0.777765989
v 0.415728599 -1.22196436 -0.27911073
v 0.289259791 -0.47457996 -0.316460222
v 0.115114227 0.379112363 -0.883296251
v 0.285412371 0.295297682 -1.05718195
v 0.401426762 -0.55022949 0.0487969555
v 0.348427027 0.152487203 -0.149227098
v 0.581718564 -1.03427565 -0.126753435
v 0.581672907 0.26164186 -1.3553822
v 0.375674963 0.00729396893 -0.500316501
v 0.343148947 -0.279342651 1.10985088
v 0.277787805 0.267126709 -0.815033853
v 0.195916802 0.734307826 0.346035451
v 0.219444141 -0.684624135 -0.337342054
v 0.37914747 -0.264521211 1.12000835
v 0.57913965 0.930797219 0.0610201769
v 0.364065588 -0.403224826 0.0256843064
v 0.349484265 0.118386641 -0.051485844
v 0.181560606 0.349632382 -1.08320725
v 0.352363706 -0.258452296 1.04454088
v 0.131852344 0.366974592 -0.957348466
v 0.596071899 1.21012318 0.200638771
v 0.409865856 0.181582898 -0.922715127
v 0.292463541 -1.14485848 -0.312883794
v 0.151705742 -0.817653418 -0.368230909
v 0.280823946 -1.10391176 -0.310377181
v 0.590381145 1.08560479 0.145684034
v 0.568935215 1.05061352 0.138645872
v 0.349596202 -0.0578729808 -0.0309247114
v 0.380469024 0.48901698 -0.16754429
v 0.439092249 -0.103512779 -0.619383514
v 0.0641169101 -0.400378227 0.943521917
v 0.448211432 -0.0376147032 0.727370858
v 0.0998697802 -0.389825612 0.87458837
v 0.374166578 0.754305482 0.153994635
v 0.356647074 -0.0122752246 0.362914383
v 0.34931922 0.115599535 -0.0899804235
v 0.403586298 0.129568711 -0.780082405
v 0.290412754 0.373594999 -1.43184292
v 0.331151217 -0.300297171 1.1746949
v 0.60638535 0.938619137 0.048600968
v 0.408179253 -0.188666955 0.929648876
v 0.240519106 -1.16801214 -0.339258254
v 0.187010661 1.10987878 0.350687623
v 0.401213974 -0.245363727 1.09148598
v 0.469268024 -0.171416208 0.992939472
v 0.568159163 -0.146022946 1.06081343
v 0.326707572 -0.201205835 0.660787046
v 0.35877648 0.0222555064 0.366170496
v 0.291647106 1.11800051 0.304957747
v 0.370060652 0.521844566 -0.270090789
v 0.21163182 0.378712624 -0.597582877
v 0.215282798 -1.14819753 -0.346583277
v 0.28648901 -0.309701681 1.12627852
v 0.12160594 -0.889955938 -0.378091931
v 0.258250028 0.327292323 -1.16056347
v 0.561067522 1.27325141 0.238650933
v 0.351371676 0.266480565 -0.0743900463
v 0.387058616 -0.642260671 -0.0898888782
v 0.44673717 0.623384118 -0.127848759
v 0.442421287 -1.45247102 -0.335470259
v 0.243663937 -0.752552032 -0.303352684
v 0.178434595 0.384144634 -1.31617069
v 0.381689787 -0.181072041 0.845037758
v 0.302793503 -0.30383876 0.450059503
v 0.346349001 0.264568806 0.114514902
v 0.308230281 -0.294089615 1.09989476
v 0.270767629 0.279707342 -0.657631099
v 0.420925111 0.142920852 -0.850265086
v 0.149017513 -1.10989261 -0.369239539
v 0.21164082 0.861183345 0.320938438
v 0.361659527 -0.236204982 0.97974664
v 0.35665375 0.0774057955 -0.457722485
v 0.584558129 -1.39007771 -0.273888767
v 0.0610629208 -1.17590523 -0.406600296
v 0.152226925 -1.04357862 -0.362884283
v 0.362179518 0.0881856307 0.385204107
v 0.248177201 1.02855897 0.311041832
v 0.224143982 -1.01903725 -0.326054722
v 0.29701522 0.681801498 0.24199146
v 0.225605369 1.17972338 0.344851971
v 0.348982871 0.116023548 -0.130083963
v 0.402206123 0.25627172 -1.13625014
v 0.331511289 -0.350974053 1.38760507
v 0.455229133 -0.20885691 1.06708777
v 0.57561177 0.871170163 0.0174976308
v 0.40615496 -0.653958619 -0.0578410327
v 0.175117314 -0.376512289 0.697017133
v 0.239303023 -0.707715452 -0.311812431
v 0.315617442 0.293827504 -1.12282372
v 0.214647055 0.328898132 -0.730056226
v 0.234591171 -0.327229798 1.08795881
v 0.496662676 -1.22722876 -0.248003036
v 0.349830657 0.196417019 -0.0265260879
v 0.24616231 -1.0871315 -0.324004769
v 0.418815583 -0.16864568 0.898766637
v 0.31727162 0.406860471 -0.350067437
v 0.597873151 -1.07351398 -0.139054149
v 0.383305848 -0.48122263 0.145705864
v 0.421315879 -0.761229575 -0.103517428
v 0.350871593 -0.14197503 0.584145725
v 0.33521378 0.309051603 -1.22350192
v 0.583038807 0.986295462 0.0946643353
v 0.153891608 0.357799083 -1.02374196
v 0.260895699 -1.02614534 -0.307554871
v 0.364865929 0.684959233 0.141972378
v 0.373738706 -0.239008158 1.01743507
v 0.22428599 0.383832633 -1.38942015
v 0.407188475 -0.551080227 0.091154702
v 0.349433631 0.145106465 -0.0722585991
v 0.199655458 0.384279788 -1.35363603
v 0.181239903 1.03941345 0.345901608
v 0.458961934 0.171876252 -0.985340238
v 0.472138554 0.0930441022 -0.848478377
v 0.157502502 0.367895156 -1.15608859
v 0.121414907 0.750015855 0.398963898
v 0.410448402 -0.553544044 0.132564425
v 0.243940577 0.871008217 0.297969759
v 0.348892778 0.188869372 -0.123873487
v 0.542277217 1.24018633 0.233095407
v 0.539697528 1.11382711 0.18340531
v 0.508003592 1.17625129 0.222971529
v 0.367076308 0.0269772541 0.430179805
v 0.265623599 0.386995554 -0.476245016
v 0.253694028 -0.320083171 0.608156025
v 0.057877183 -1.13367236 -0.404768199
v 0.344901383 0.28722474 -1.15204883
v 0.355577618 0.25925675 -1.06328654
v 0.505922854 1.23382676 0.244807899
v 0.530330777 -0.207575545 1.15924954
v 0.153979331 0.398154706 -1.35423732
v 0.52622956 1.20694792 0.226904333
v 0.305149943 -0.256029248 0.518065512
v 0.342001587 0.289724767 0.174619019
v 0.401408195 -1.28508794 -0.30233252
v 0.223590583 0.339309365 -1.14445722
v 0.0721452236 -0.95931524 -0.397192657
v 0.454819232 0.0996103659 0.644037008
v 0.324048519 0.751934111 0.213889778
v 0.271934152 -1.0639137 -0.307731122
v 0.48218751 -0.20916982 1.10544884
v 0.280866921 -0.526979089 -0.303453624
v 0.0585833266 0.408614546 -0.872299194
v 0.296005905 -0.312773138 1.16250026
v 0.289332181 -0.293593168 0.521103323
v 0.297527611 -0.34273091 1.30409014
v 0.454916149 0.333753049 -1.46127784
v 0.299736917 0.399096191 -0.394421786
v 0.305417985 -0.316953033 1.20060921
v 0.567056477 0.00219059852 0.839673817
v 0.364800155 0.149784371 -0.702740312
v 0.189879104 -0.870086908 -0.339226991
v 0.447152555 -0.788189292 -0.0875428393
v 0.383328915 -0.106128693 0.664261699
v 0.312073052 0.30264464 -1.15489662
v 0.0845021382 0.394274026 -0.890321553
v 0.483027965 1.30025017 0.275867611
v 0.457119703 -1.23642612 -0.26680699
v 0.270154119 0.27578032 -0.692951143
v 0.123877235 -0.837405741 -0.382447094
v 0.349710613 -0.162008375 -0.301438659
v 0.386740744 -0.242098197 1.05441761
v 0.390125632 -1.24757373 -0.296416879
v 0.332407206 -0.36509639 0.3131302
v 0.272270679 -0.331775218 0.522146523
v 0.240490764 0.371448576 -1.35286868
v 0.417540252 -1.32378113 -0.30728969
v 0.321972013 -0.358579785 0.350317031
v 0.277175218 0.343874663 -1.27979434
v 0.435995072 0.125451609 0.608235896
v 0.290688604 0.316364855 -1.17513704
v 0.2924546 -0.33933875 0.451807678
v 0.519843698 1.27509367 0.25412631
v 0.290116519 0.799316943 0.255133808
v 0.55582428 0.278899759 -1.38184786
v 0.515473902 -0.187123001 1.09178913
v 0.161873192 1.07635939 0.357953548
v 0.278291404 -0.333110601 1.22619295
v 0.224298671 1.10963655 0.334339589
v 0.126815692 0.378479779 -1.14478862
v 0.294370025 0.245790333 -0.709744513
v 0.340163797 0.462627977 0.146898016
v 0.193968326 0.377423227 -0.638119757
v 0.241624415 -0.379044265 1.39060211
v 0.256399274 0.285426408 -0.78723675
v 0.376229286 0.162064999 -0.782099485
v 0.433674335 0.634204507 -0.0448144302
v 0.399163276 0.754618704 0.122138053
v 0.0985710993 0.384428918 -0.927710831
v 0.292040139 0.250225693 -0.66141355
v 0.141096279 0.787505209 0.376805991
v 0.435630172 -0.209418297 1.03834009
v 0.244187206 1.14722621 0.331707776
v 0.349493444 -0.130290687 -0.0309567153
v 0.126470909 0.376995832 -0.842234731
v 0.181399941 -0.743496895 -0.359216452
v 0.431916922 -1.2933712 -0.293517977
v 0.240157157 0.346202075 -1.22325802
v 0.182452023 -1.12725663 -0.357434958
v 0.410439223 -0.556740522 0.172216415
v 0.381109864 -0.923873723 -0.209451899
v 0.412456036 0.0814919397 -0.712350011
v 0.338949233 -0.232503086 0.900843918
v 0.349631935 0.48953405 -0.294849187
v 0.374045342 0.523583353 0.0311418455
v 0.420737922 -0.226174101 1.06309736
v 0.419422269 0.00944394432 -0.642569482
v 0.352393091 -0.116632625 -0.300716251
v 0.355564743 0.510294497 0.0971289128
v 0.172644094 0.97214812 0.346025407
v 0.359733701 0.456621975 0.0486890823
v 0.357683063 -0.340098351 0.0417777933
v 0.422959685 0.691886485 0.0464734137
v 0.447901964 -0.679690838 0.00761429919
v 0.339150667 0.185245141 -0.694350898
v 0.429892987 0.0977740362 -0.779566169
v 0.342127979 0.149198338 -0.50496918
v 0.349772841 -0.0991081372 0.0269937422
v 0.442920476 0.717733622 0.0339693762
v 0.48106879 1.06834102 0.193986326
v 0.199053213 -0.346372068 1.11150384
v 0.277833194 1.04476583 0.297814488
v 0.344107896 0.249680012 0.176090896
v 0.327346295 0.213640273 -0.771665156
v 0.349259973 -0.143744573 -0.263944328
v 0.483857721 -0.299741715 1.37556791
v 0.485771984 0.226283714 -1.16140294
v 0.389628857 0.114294365 -0.707492292
v 0.53929913 0.00714797992 0.806905746
v 0.3836689 1.48004758 0.35904628
v 0.150686264 0.940820634 0.357109159
v 0.249956369 -0.348962486 1.25267589
v 0.485558599 -0.679586351 0.104924999
v 0.465245873 -0.0244525522 -0.700861871
v 0.349734694 -0.0585921258 0.0348179638
v 0.371891022 -0.859879553 -0.19736959
v 0.392101318 -0.186490163 0.887573361
v 0.0883054063 0.387669832 -1.04275668
v 0.320058405 -0.226409435 0.784704864
v 0.263011575 -0.324498415 1.14939415
v 0.466238499 -0.690598667 0.033642672
v 0.455879688 -1.31664407 -0.291871399
v 0.556437254 0.833476543 -5.31702353e-05
v 0.282973289 -0.376366258 0.44905141
v 0.470192939 -0.813700557 -0.0780558735
v 0.445155531 -0.62049973 0.117003091
v 0.388255775 0.652038455 0.0843828693
v 0.380887657 0.327981681 -1.36055732
v 0.394674152 -0.218512714 0.991407931
v 0.0988662019 0.382689714 -0.976435065
v 0.212832808 -0.620352864 -0.366621107
v 0.156703517 1.11307085 0.363724321
v 0.422046512 -0.696061313 -0.0595430247
v 0.646857083 -1.17493248 -0.167136028
v 0.62627542 1.08830643 0.130082443
v 0.214456543 -1.10647309 -0.341222763
v 0.351722658 0.179524153 -0.743994236
v 0.354407132 0.0882852897 0.307061911
v 0.345867693 -0.186267942 0.729653955
v 0.349447399 -0.0692162067 -0.150113657
v 0.241124898 -0.344602108 1.21149063
v 0.51717335 0.0587842166 0.741940618
v 0.507002056 1.04809892 0.1711988
v 0.446400344 -0.307183653 1.36056459
v 0.34962377 -0.0273687337 -0.130447119
v 0.127087474 -0.370915323 0.942427993
v 0.323280126 -0.216804728 0.744262338
v 0.449774265 0.192706272 -1.02289546
v 0.223417431 -0.363931507 1.282691
v 0.242082059 0.761411965 0.300182611
v 0.346039891 0.235572889 0.140226588
v 0.418594062 -0.586826205 0.0633791089
v 0.213732064 -0.826597452 -0.324165612
v 0.256628543 0.497511953 0.386658967
v 0.238940388 1.34632444 0.371013641
v 0.35039559 0.229242846 -0.0537183508
v 0.356993794 0.107794054 0.345057249
v 0.160369843 -0.37936902 0.727916598
v 0.349881023 -0.0291609485 -0.171898872
v 0.323683262 -0.327489793 -0.387515068
v 0.34966892 -0.0307493471 -0.000765152858
v 0.326885641 -0.233488739 0.860556245
v 0.261554837 1.1130476 0.318017662
v 0.35066539 -0.911829591 -0.228994429
v 0.425602406 0.588059962 -0.188982725
v 0.314898968 -0.331664205 0.383381069
v 0.335276157 0.174925864 -0.578125417
v 0.458832562 0.228522345 -1.13318169
v 0.382020354 0.338776022 -1.40216267
v 0.519175589 0.207864165 -1.15207553
v 0.344951868 -0.275120884 -0.443824261
v 0.438367724 -0.620781124 0.077429384
v 0.433171093 0.0492539108 -0.71438247
v 0.271984547 1.33083129 0.357054085
v 0.429146141 -0.639990091 0.0111528905
v 0.195300862 -0.393530726 1.39525223
v 0.272048593 -0.285249323 0.635545194
v 0.374732524 -0.172385097 0.799180567
v 0.20613873 -0.355065733 1.19344139
v 0.349893004 0.227322012 -0.0986588895
v 0.360224575 -0.26323989 -0.492950022
v 0.284101874 1.08531022 0.302113026
v 0.243785471 1.30483234 0.361106157
v 0.144361362 0.383643061 -1.24156356
v 0.503157258 1.10986102 0.199393973
v 0.182236627 -0.376787215 1.27679229
v 0.313956112 -0.368010968 1.43684256
v 0.48487708 0.0423474759 0.714639544
v 0.318557203 0.273848295 -1.03940213
v 0.559133589 -0.283235401 1.39605021
v 0.280542254 -0.281661004 0.595433891
v 0.160956472 0.383554548 -1.27825201
v 0.44871673 -0.620892525 0.156697243
v 0.494303674 -0.307959199 1.41245151
v 0.308543354 0.325962275 -1.25108325
v 0.157498032 -0.355157912 0.964868903
v 0.172478929 0.663562477 0.390372247
v 0.392139882 -0.546421647 0.00647071656
v 0.162976518 -0.377661884 1.23997068
v 0.355649322 0.0141020892 0.331921309
v 0.510215461 -0.0178146288 -0.766756833
v 0.371783346 -0.443057954 0.165714994
v 0.491269052 0.796152055 0.034975782
v 0.245618701 0.386196464 -1.43067074
v 0.313764006 0.225040048 -0.54509753
v 0.557925761 -0.189517349 1.14477408
v 0.152292371 1.1741221 0.37245363
v 0.166729674 -0.784303129 -0.362909645
v 0.308296114 0.231334671 -0.581518352
v 0.38539207 0.686177313 0.108523726
v 0.334063858 0.529931366 0.170662344
v 0.188306317 -0.337994486 0.946179926
v 0.348342061 0.274745226 -1.1091305
v 0.425095439 -0.587403297 0.105422661
v 0.197901219 -0.782901943 -0.34009248
v 0.44143039 -0.743878126 -0.064514637
v 0.154137403 -0.854276299 -0.362594157
v 0.525772452 -0.0531974919 -0.755323648
v 0.411235869 -0.199877933 0.967657566
v 0.299389005 0.320695817 -1.21184206
v 0.413458049 0.215242162 -1.02547419
v 0.232059181 -0.334956467 1.13184798
v 0.391715705 0.217191994 -0.990360022
v 0.207483232 0.394527197 -1.41842115
v 0.356729835 0.550490081 0.109161876
v 0.229097918 0.794378817 0.309553742
v 0.472303599 1.21910131 0.253098667
v 0.10171967 0.381392032 -1.01160395
v 0.29953146 0.241803661 -0.754260063
v 0.359518975 -0.208830521 0.871782243
v 0.0949491337 1.12736714 0.38903445
v 0.255749851 0.79691112 0.286491871
v 0.181572765 0.371288627 -1.2446245
v 0.640306532 -1.08912158 -0.127174139
v 0.36093688 0.131425858 -0.627708912
v 0.265366346 0.331682533 -1.19888914
v 0.491814792 -1.26615882 -0.262984574
v 0.198903799 0.371501148 -1.28182495
v 0.393852592 -0.580831647 -0.0263746772
v 0.303590268 -0.350368917 1.34721041
v 0.248974174 0.348951876 -1.25482416
v 0.470858216 -0.748782337 -0.025158722
v 0.376578718 -0.506478548 0.237813964
v 0.171148255 1.1426518 0.36124897
v 0.477886379 1.25763619 0.263771415
v 0.554597199 -0.172184736 1.10169399
v 0.186991274 -1.03326678 -0.345988691
v 0.488716215 -1.30418658 -0.276438773
v 0.493688434 -0.0398962162 -0.728770435
v 0.0630527213 0.399066031 -0.959937394
v 0.438838005 -0.17866993 0.961363971
v 0.178711757 -0.367827237 1.21020734
v 0.365802318 -0.155093372 0.714611888
v 0.202099234 -0.350687891 1.15325713
v 0.645105124 -1.13419402 -0.14827852
v 0.2699157 -0.328627676 1.18692839
v 0.206459731 -0.362105131 1.23820519
v 0.380610973 0.090726532 -0.629017591
v 0.463716745 -0.190753207 1.03184843
v 0.358599365 0.623083413 0.131322801
v 0.17746973 -1.07995784 -0.354510546
v 0.428343564 -0.588823497 0.145069882
v 0.345651448 -0.167454675 0.647362173
v 0.425883949 -1.26082015 -0.286315858
v 0.346467525 -0.195741713 0.772644818
v 0.324488342 -0.209404603 0.702788293
v 0.414666206 0.0593844801 -0.685648382
v 0.346461356 0.484209359 0.123965964
v 0.326954246 0.500401974 0.192812651
v 0.0377634168 -0.412559927 0.9283939
v 0.35200423 -0.437491626 -0.0927935168
v 0.335408598 -0.399763197 -0.176736638
v 0.349671125 -0.0740042776 -0.00179081794
v 0.344191015 0.561246097 0.147032738
v 0.371979475 0.618277848 0.100403339
v 0.618095756 -0.0812955797 0.9939816
v 0.65168196 -0.233608678 1.3363682
v 0.0113613727 0.417124361 -1.02729547
v 0.281752884 0.389530569 -1.49079776
v 0.0339715481 0.905562222 0.415442258
v 0.34313637 -0.50616461 -0.145393074
v 0.0901413783 -0.413267553 1.33107185
v 0.262938112 1.50337589 0.397445023
v 0.409605771 1.07995772 0.236263588
v 0.322276652 0.381450862 -1.50261974
v 0.419551998 0.298326015 -1.30182493
v 0.320159793 -1.52359712 -0.387343138
v 0.0857265145 1.33315134 0.415318489
v 0.0459160767 0.404482633 -1.04437876
v 0.34983927 -0.352073252 -0.0786093846
v 0.161662623 -0.408552289 1.42557609
v 0.0366556458 0.408711314 -1.09527361
v 0.369789779 -0.495577931 -0.041006323
v 0.0393023528 0.984978259 0.407121569
v 0.326195985 0.406971693 0.22500971
v 0.239412531 -1.50144804 -0.403498828
v 0.68285203 1.1334579 0.130388528
v 0.171790719 -0.683869004 -0.383331031
v 0.124353744 -1.40461338 -0.415839672
v 0.321862727 0.476484865 0.214184687
v 0.67992264 -1.23880041 -0.184349611
v 0.376620293 0.236902565 -1.02497149
v 0.354828119 1.51643455 0.376189888
v 0.0864769742 0.415431261 -1.33978128
v 0.309978694 -0.241781861 0.823315263
v -0.00895857532 -1.04074919 -0.424391747
v 0.562513351 0.289604396 -1.41918302
v 0.236313552 -0.394224882 1.45618749
v 0.483755678 -0.098461464 -0.682462215
v 0.615901709 -0.0373742394 0.928544223
v 0.22665377 -0.575460792 -0.372018814
v 0.0751916245 0.394254595 -1.08506107
v 0.40522486 0.359947354 -1.50577092
v 0.527760506 0.764605999 -0.0421500802
v 0.52647537 0.317522645 -1.47362387
v 0.274132729 -0.416493237 0.444067329
v 0.511724174 -1.47846293 -0.323478341
v 0.115047529 -0.761861742 -0.401912779
v 0.538766026 -0.8165645 -0.00518889446
v 0.225081801 -1.46520114 -0.399797767
v 0.455514312 1.53086317 0.35365364
v 0.206014678 -1.42542052 -0.397168249
v 0.654880702 0.0275565535 -0.947153449
v 0.151003391 -0.39733541 0.69514817
v 0.161141932 0.401368052 -0.65402025
v 0.000563259295 1.00345623 0.420777529
v 0.181696072 1.47371578 0.412788004
v 0.202111408 0.441117853 -0.538734972
v 0.0241968017 1.07313168 0.411774158
v 0.569256127 0.0159950815 -0.864444971
v 0.144111842 0.398537189 -0.694286227
v 0.487140447 0.332408339 -1.48701656
v 0.687136769 -0.0922021866 1.06648123
v 0.130587488 -0.401694953 0.728375793
v 0.0307762846 -0.414545774 1.17251015
v 0.635656178 -0.0928722322 1.02774918
v 0.364409029 -1.5276655 -0.376778334
v 0.721026003 0.146521002 -1.18963623
v 0.551589489 0.061255876 0.773195326
v 0.685278416 0.144434169 -1.1611197
v 0.364508897 0.371594608 -1.50847518
v 0.663628876 1.09110165 0.115083903
v 0.682324767 0.217259541 -1.31941652
v 0.633302867 0.966534019 0.05223912
v 0.635806084 1.28124464 0.216164619
v 0.716986358 -1.22556448 -0.166090161
v 0.227423698 0.436430573 -0.50700134
v 0.391589075 -0.360448092 1.49379718
v 0.522657335 -1.44105089 -0.308858365
v 0.62100035 -0.254899919 1.36836815
v 0.553415537 0.763594747 -0.0755065456
v 0.0285118446 -0.411282659 1.00904524
v 0.405590355 -0.203463286 -0.562347949
v 0.593792558 -0.0192034002 0.887070358
v 0.586169481 -0.0143649783 -0.847048998
v 0.445987195 0.346658796 -1.49751246
v 0.287151039 0.469543934 -0.403920382
v 0.392109662 -0.525145113 0.203658476
v 0.0439389646 -0.933319211 -0.410247415
v 0.651474237 -0.105657734 1.06223357
v 0.221789673 1.49104154 0.405679494
v 0.678362608 -0.135094985 1.13677347
v 0.200661823 -1.48881567 -0.410942763
v 0.602874935 0.0086481031 -0.885650635
v 0.591111779 0.273248464 -1.39589429
v 0.542126656 -0.0290053356 -0.791969419
v 0.617241263 0.0323240086 -0.92563504
v 0.467831612 1.46044493 0.330002069
v 0.243028268 0.447041601 -0.476342916
v 0.0541910529 1.35982955 0.4275316
v 0.10235893 0.801079214 0.397991538
v 0.617216706 1.24360275 0.206880882
v 0.375963181 -0.173137039 -0.478336364
v -0.00130867166 -0.991805315 -0.423340201
v 0.633137405 -0.0542428568 0.965883076
v 0.528693438 0.0281088706 0.777119517
v 0.183048174 -0.642353177 -0.389371753
v 0.00866637658 0.417834014 -1.06677806
v 0.10532406 -0.392157972 0.837051392
v 0.405293286 1.52386296 0.364847779
v 0.574006319 1.42550325 0.288710594
v 0.308641642 -0.41783458 0.375527203
v 0.51757586 0.10051509 0.718190789
v 0.657656312 1.01566005 0.0726268664
v 0.275143087 0.437298238 0.426660687
v 0.588352501 -0.867659628 -0.00756219216
v 0.145260081 0.408400297 -1.39906895
v 0.191243246 -1.45679069 -0.407197356
v 0.421758175 -0.358678997 1.5175724
v 0.0193442255 1.11547565 0.414646685
v 0.114211388 0.412188351 -1.36990571
v 0.197706133 -0.598516107 -0.396212339
v 0.382982761 -1.49344349 -0.363149822
v 0.263763845 0.459658176 -0.440907627
v 0.122931533 0.708140612 0.412213296
v 0.292885721 0.395116538 -1.52777433
v 0.181442633 0.403944671 -0.613383234
v 0.406634778 -0.563525259 0.217851743
v 0.332503527 -0.384271979 1.52531266
v 0.634880066 1.2037251 0.183105797
v 0.0928002 1.38151848 0.420366764
v 0.0473994687 -0.419517338 1.28395951
v 0.65641588 1.24740648 0.194900066
v 0.711891711 0.181927949 -1.25810218
v 0.33199054 1.48058915 0.373520941
v 0.21701324 0.543854237 0.414818436
v 0.0602689348 -0.419732153 1.31607378
v 0.0926533341 1.19972336 0.396545172
v 0.199221835 -0.401177734 1.44042778
v 0.608723998 -0.852031767 0.0231671724
v 0.196190327 -0.400004536 0.598639786
v 0.307108998 -0.451389104 0.375337094
v 0.0235363971 1.21102726 0.419532537
v 0.597753644 -0.273624152 1.4013561
v 0.557065904 0.034316428 0.800260603
v 0.347939759 -0.454246998 0.285322458
v 0.495909482 -1.51523197 -0.338731438
v 0.111602001 -0.402967304 0.767997682
v 0.00752970669 -0.946367085 -0.423061252
v 0.150014624 -0.41004163 0.665351093
v 0.206741929 -0.407750189 1.48336506
v 0.674218655 -1.08513451 -0.110048756
v 0.56057024 -1.42483068 -0.292684406
v 0.0413324945 -0.86793983 -0.418461621
v 0.652355969 -0.0653918311 0.997694075
v 0.656361759 -0.997947931 -0.0651756003
v 0.609184861 0.886472106 0.00548112765
v 0.0625154078 -0.420661032 0.807138026
v 0.0800656304 -0.914206088 -0.396437019
v 0.67829752 1.21153331 0.171133384
v 0.0997995213 1.42914605 0.425990403
v 0.673598409 1.28813064 0.206840754
v 0.413587719 -0.160775185 -0.568930209
v 0.0575665571 -0.425000191 1.35067987
v 0.291208386 -0.435669035 0.40634346
v 0.288675904 1.47598004 0.384350717
v 0.209609941 0.400595903 -1.45162439
v 0.427178979 -0.590400517 0.186690792
v 0.335768491 -0.312936187 -0.47276929
v 0.0671632886 0.410798907 -0.831070483
v 0.165479735 0.629322767 0.414651453
v -0.00909561943 1.04624009 0.422953308
v 0.646914661 -0.906101942 -0.000667360669
v 0.0976132676 -0.727993965 -0.422014624
v 0.15622519 -0.367998511 0.791632771
v 0.176239252 0.405130476 -1.42808449
v 0.45266816 -1.52172804 -0.351993322
v 0.0797705874 0.776961446 0.416410059
v 0.408496618 -1.52604485 -0.364808321
v 0.0753735602 0.423789591 -1.3760922
v 0.0437841043 -1.28410864 -0.421953082
v 0.468435764 -0.650740325 0.13033767
v 0.425523102 -1.48945737 -0.350436687
v 0.140137404 -0.418565065 1.4493531
v -0.000667653803 -1.1695714 -0.425150454
v 0.596114159 1.45549178 0.292688042
v 0.169737428 -0.413633257 1.4642446
v 0.589178979 0.848857939 -0.014204015
v 0.247222602 -0.400422603 1.49880016
v 0.595130742 0.286297232 -1.43665111
v 0.502747297 -0.712253332 0.0779125094
v 0.215589821 -0.554437578 -0.403401226
v 0.585278809 0.0336337872 0.825387239
v 0.673566937 -0.186285406 1.23958075
v 0.505602717 -0.0762127265 -0.718698382
v 0.245114088 0.395417154 -1.47286141
v 0.504509389 -0.326660722 1.48338521
v 0.512052834 1.46351099 0.318496466
v 0.0329122096 0.424566537 -0.84398514
v 0.64972043 1.3182615 0.226776645
v 0.167213455 -0.622921526 -0.415071875
v 0.6112535 1.41622221 0.274919033
v -0.00835186802 1.1957047 0.4276824
v 0.0790804625 -1.38961577 -0.425649166
v 0.152303994 -0.665181637 -0.407407016
v -0.0141388662 1.23662674 0.432232141
v 0.610932887 0.017900914 0.860636413
v 0.0336538553 0.409705222 -0.995619655
v 0.235327214 -0.510993004 -0.411861718
v 0.727449715 -0.144875348 1.18998063
v 0.250448763 0.402305603 -1.51111233
v 0.584272504 -1.45244169 -0.295207798
v 0.555882514 -0.00580251496 -0.827944517
v 0.420785576 -0.119858183 -0.583670318
v 0.614682615 1.37303305 0.258465081
v 0.549949825 -0.768749833 0.0644875467
v 0.51310885 0.70260787 -0.12489409
v 0.699178994 1.17546785 0.146240115
v 0.367441982 -0.163377762 -0.441064179
v 0.172299594 -1.39279783 -0.400707006
v 0.070044525 0.816417158 0.412278742
v 0.632800817 0.00029535903 0.89652276
v 0.658873558 -0.216685832 1.29967701
v 0.295483977 -0.399170727 -0.404501736
v 0.355463177 0.287190795 0.508359373
v -0.0166151356 -0.425761372 1.06401503
v 0.677737951 0.986019075 0.0431850292
v 0.0761853307 0.415487707 -0.786175966
v 0.193515673 -0.423516929 0.569846392
v 0.307088256 1.51151454 0.387628108
v 0.0957229435 -0.423251182 0.730854332
v 0.648175597 1.40077245 0.258961022
v 0.121652953 -0.422403604 0.687521815
v 0.174620599 0.412753731 -1.46573341
v 0.383378327 -0.230023637 -0.528839707
v 0.662540019 -0.947930932 -0.0255947672
v 0.521097362 0.330132335 -1.50936663
v 0.515836954 -0.744202256 0.0507792495
v 0.0411836542 0.857084692 0.418602824
v 0.309883595 0.482101351 -0.367928356
v -0.00128623017 -0.423001558 0.981764555
v 0.32993266 0.318751574 0.439379573
v 0.396496207 0.235397816 0.559314251
v 0.292944461 -0.471978426 0.397515982
v 0.00599834509 1.28779233 0.431676924
v 0.424861342 0.208433256 0.594224632
v 0.197504699 0.476696879 -0.516790092
v -0.00644319784 -0.423135489 1.02180517
v 0.267704755 -0.454577148 0.438522398
v 0.238327682 0.51131779 0.410716802
v 0.454106152 -0.356334925 1.53962851
v 0.000818733592 0.426523447 -1.21820068
v 0.00399003644 0.420049071 -1.11089158
v 0.647714853 -1.3522644 -0.241295591
v 0.0233658478 -0.414606124 1.13362956
v 0.141672328 1.4517355 0.419169873
v 0.0791191086 -0.422140986 0.767399848
v 0.387524515 -1.570418 -0.381759822
v 0.424238592 1.56413126 0.370873839
v 0.25718537 -0.466502815 -0.421969891
v 0.00694750482 -1.26023424 -0.429714531
v -0.0233989768 0.428204805 -1.0871582
v 0.277897924 -0.425625652 -0.432899594
v 0.500366151 -0.339013815 1.52102947
v 0.460606694 -0.156002283 -0.637881756
v 0.0233689602 -0.421735704 0.897209585
v 0.538593948 -0.092401363 -0.74268353
v 0.0934377015 0.72972697 0.423302233
v 0.250111759 -0.434072435 0.474936157
v 0.163731441 -1.43166697 -0.409913361
v 0.236302331 -0.414666384 0.51154393
v 0.326895148 1.54543471 0.390608847
v 0.704513013 1.09934628 0.103705376
v 0.674513638 -1.02996206 -0.0771096274
v 0.211148739 0.408067644 -1.49017549
v 0.671439767 -0.978869617 -0.0441986956
v 0.676209092 -1.11888826 -0.127691209
v 0.661061764 0.122157767 -1.10034502
v 0.0308574233 -1.19499314 -0.417522222
v 0.297909379 -0.386668146 -0.442528248
v 0.443884462 -0.227948949 -0.621830404
v -0.000451243599 -1.13323081 -0.42328167
v 0.656822503 -0.0178472921 0.935438931
v 0.655572712 0.251875371 -1.38778484
v 0.470585406 1.56224918 0.358786196
v 0.39699018 -0.245889112 -0.565144241
v 0.280803293 0.417407602 0.465271622
v 0.6100263 -0.282535672 1.43687463
v 0.69485569 -1.35040665 -0.226880684
v 0.492163867 -0.675575674 0.141705886
v 0.489257455 -0.352738529 1.5580399
v 0.578705847 -0.301797897 1.46851707
v 0.62561506 0.269694 -1.41354251
v 0.715959013 -1.18563473 -0.147179455
v 0.430691749 -0.180799261 -0.598158777
v 0.01536234 0.424149454 -0.892501831
v 0.2781398 -1.51329899 -0.395953923
v 0.685281456 -0.19975923 1.27922618
v 0.227177516 0.504472852 0.441448182
v 0.00657621864 -0.423244983 0.940324008
v 0.627729297 -1.38992727 -0.261188775
v 0.700894058 -0.165550873 1.21443844
v 0.372086287 0.279778808 0.542485595
v 0.207509264 -0.533818126 -0.435348123
v 0.0578657687 0.404298782 -0.914786339
v 0.683943808 0.12747182 -1.12710714
v 0.0468475409 1.310022 0.423149854
v 0.0127165029 -0.421959162 1.19904101
v 0.324396133 0.339587688 0.472529203
v 0.106921867 0.420475036 -1.40877104
v -0.0119953398 1.08913636 0.424071044
v 0.708770156 -1.26548052 -0.186831102
v 0.19083944 0.586110711 0.415446877
v 0.564113677 -0.0627070069 -0.784447491
v 0.684141576 1.33127904 0.221544042
v 0.696510255 1.25301814 0.184263036
v 0.551903784 -1.46599972 -0.308511674
v 0.112758897 0.415557981 -0.709152818
v 0.39295125 0.554382503 -0.247574106
v 0.124180019 -1.45100486 -0.423487544
v 0.543233335 -1.50978625 -0.324702084
v 0.562735081 0.302130997 -1.45691168
v 0.371870428 -0.276615292 -0.538744688
v 0.377783567 -0.372890115 1.52737916
v 0.178471416 0.778365731 0.351935536
v 0.00932614319 -0.429777205 1.28053284
v 0.602653682 -1.42462087 -0.280646622
v 0.515648127 -0.113682777 -0.709393859
v 0.0471075438 0.426329434 -1.34016716
v 0.518303335 -0.145245284 -0.700244486
v 0.255222678 0.457958519 0.454154223
v 0.0695426688 0.431235015 -1.41524863
v 0.231494695 0.47706899 0.477858514
v 0.258442432 0.40843603 -1.54827857
v 0.719747603 -0.179573014 1.25744724
v 0.569295645 -0.0324877203 -0.814802587
v 0.103522494 -1.35336447 -0.41396445
v 0.232105583 -0.490929574 -0.446472436
v 0.258359313 -0.408699393 1.54932857
v 0.136020482 -0.425879359 1.48427022
v 0.636753321 -0.26292789 1.40278244
v 0.316579461 -0.349982977 -0.456241161
v 0.571954131 0.819079816 -0.0295801852
v 0.257824481 -0.449106723 -0.457969546
v 0.140014604 0.416839004 -1.4386909
v 0.656501114 -1.05538821 -0.100910693
v 0.507070541 1.53659618 0.342090547
v 0.478837043 0.345075905 -1.52223372
v 0.638626695 0.00291633676 -0.905893028
v 0.489288718 -0.132667601 -0.67550683
v 0.214387015 -0.414486468 1.52569783
v 0.514435351 0.342230201 -1.54327726
v 0.0878450945 0.421787739 -0.737419844
v -0.0217382871 -0.431178212 1.18711185
v 0.358247489 -0.238411933 -0.457886279
v 0.391223282 0.372400701 -1.53857577
v 0.555142164 1.46211982 0.306092501
v 0.174744919 -0.420353055 1.50563288
v 0.214316681 0.41521576 -1.52873027
v 0.489488423 -0.166422918 -0.667937756
v 0.341619432 0.386132389 -1.54243159
v 0.483487129 -0.200359061 -0.658764064
v 0.403526217 -0.373012513 1.55325198
v 0.513721228 -0.705926955 0.115398929
v 0.0604922138 1.4055953 0.432236642
v 0.181045815 0.426056743 -1.54208434
v 0.623035192 0.865001976 -0.0239679497
v 0.710520267 0.0873468667 -1.07341671
v 0.0155673278 0.951654494 0.418634266
v 0.644151926 -1.42331779 -0.268658906
v 0.284021556 -0.407992065 -0.469310552
v 0.684263229 -0.0500461832 0.998063803
v 0.654762864 -0.247082859 1.37385225
v 0.598948479 0.826508284 -0.0457477458
v 0.133163348 1.40561032 0.413371414
v 0.172414452 0.421131909 -1.50651884
v 0.298856378 1.57079268 0.403643698
v 0.21474871 -1.52449667 -0.414535552
v 0.162708297 -1.47092462 -0.417293459
v 0.374527335 1.55277205 0.380370587
v 0.619999409 -0.87857002 0.00624083867
v 0.479489923 -1.55007792 -0.35311529
v -0.0240239929 0.42926988 -1.13373351
v 0.00949469209 0.421682268 -1.18483043
v 0.234397233 -0.470501423 -0.479569018
v 0.322780341 -0.34606868 -0.49317044
v 0.346283048 0.53508085 -0.32900691
v 0.470469266 -0.647580743 0.167893961
v 0.019580191 1.33893287 0.433862656
v 0.0198719595 0.417292178 -0.947584331
v 0.0200284105 0.428820521 -1.30048704
v 0.355571926 0.523600757 -0.304475784
v 0.629386365 0.0545564853 -0.965121448
v 0.209320128 -0.433227003 0.536007404
v 0.715855896 -0.198118314 1.29696667
v 0.103365332 0.427946806 -1.44812274
v 0.0916706771 -1.43194532 -0.428592145
v 0.422490299 -0.218486682 -0.593423903
v 0.000852328201 -1.21284568 -0.427544743
v 0.435590267 -1.55777967 -0.366354167
v 0.017305525 -1.34226143 -0.43523103
v 0.722010076 0.119634606 -1.13774729
v 0.300395399 0.399918765 -1.5567106
v 0.0846419334 -0.428532928 1.42359602
v 0.252210796 -1.53185308 -0.406681389
v 0.28386724 0.409323782 -1.57988834
v 0.435536861 0.359143227 -1.5320102
v 0.0427993722 -0.42081356 0.851482332
v 0.702509999 -1.10279071 -0.108277842
v 0.671313405 -0.0770666823 1.03035569
v 0.317703754 -0.483545095 0.358825803
v 0.689651608 -0.215068907 1.31875777
v 0.575031757 1.49351037 0.311013252
v 0.734924078 -1.29251492 -0.190913528
v 0.453176141 -0.192878082 -0.627954066
v 0.701004326 -1.30570412 -0.206655219
v 0.173192233 0.429996818 -0.588408649
v 0.00385255902 0.421555221 -1.15111113
v 0.619108677 -0.0219870843 -0.86493814
v 0.12651661 0.420953095 -0.672239661
v 0.0613260902 -0.825686753 -0.416899115
v 0.68544066 0.23334296 -1.36135519
v 0.0904930457 -0.694125533 -0.439322531
v 0.633402586 0.842495322 -0.0540596806
v 0.354071975 -0.386536926 1.55676126
v -0.00994013529 -0.424265891 1.11168504
v 0.535888255 -0.738891721 0.0904087126
v 0.708776057 -1.14429033 -0.12843582
v 0.531618834 1.49797797 0.323859781
v 0.332995355 0.500140548 -0.334248006
v 0.0296920855 -0.428642213 1.32020164
v 0.594443023 0.299630135 -1.47517121
v 0.484795481 0.158013076 0.665485799
v 0.664942324 0.0498742051 -0.98463285
v 0.0614928603 -1.42811501 -0.435581923
v 0.390129805 -0.540771186 0.239917397
v 0.469341487 0.357358485 -1.5561285
v 0.446194232 -0.619020522 0.195512325
v 0.287589371 -1.5557524 -0.403094769
v 0.00566794118 -0.43413794 0.858510137
v 0.0402354896 0.439597905 -1.42227852
v 0.375434548 -0.533697009 0.272212237
v 0.721765518 -0.123385489 1.14496696
v 0.13639155 0.425245464 -1.48047578
v 0.00663992437 0.436408669 -1.33626246
v 0.162819311 0.596909165 0.438137084
v 0.423582613 0.371392936 -1.56540179
v 0.642751217 0.903791666 -0.00134801853
v -0.0176503621 0.426683098 -1.04000151
v 0.113570586 1.47511435 0.430314004
v 0.719531 1.14266813 0.122191623
v 0.635710478 1.44317245 0.277758658
v 0.6908077 -1.06479287 -0.091170229
v 0.378198653 0.384288222 -1.57145226
v 0.304991961 0.3771514 0.471831024
v 0.270275384 -0.491954923 0.425336063
v 0.732835114 1.04023767 0.0571082495
v 0.66430223 -0.0410202891 0.971005201
v 0.689413309 -0.025085438 0.965793252
v 0.697227776 1.02440286 0.0606325977
v -0.0557627454 0.438698053 -1.15418363
v 0.709944129 1.29718959 0.199675962
v 0.616928518 -1.45808053 -0.288335323
v 0.585669577 -1.48519897 -0.305731446
v 0.386146724 0.282349557 0.571736991
v 0.593545914 1.52601588 0.317057252
v 0.154920846 1.49617553 0.42392078
v 0.357074499 -0.525013685 0.304633856
v 0.631484985 -0.0533686206 -0.84217751
v 0.166337445 -0.428980619 0.603496611
v -0.0371086076 -0.433278739 1.13760209
v 0.194549352 1.5137192 0.417338341
v -0.0107665053 1.12731802 0.424686372
v 0.684445322 1.05861366 0.0878096893
v 0.515868604 -1.54088902 -0.341221482
v 0.738110662 -1.16426837 -0.128568411
v 0.559571266 0.31489712 -1.49333429
v -0.0304419287 -1.18151939 -0.43405056
v 0.142000899 0.672199428 0.413087785
v 0.574786723 -0.104875766 -0.764381111
v 0.304173619 -0.375175416 -0.475320131
v 0.387207359 1.58181298 0.384729087
v 0.148258686 0.42573294 -0.629792452
v 0.111451551 0.684938431 0.429830402
v 0.279938698 1.53819191 0.400838971
v 0.73663646 0.163091838 -1.23359597
v 0.655618668 -0.0270457212 -0.883480608
v 0.0232129209 -0.43554914 1.36242294
v 0.708666027 -1.04239881 -0.0698926151
v 0.0547395311 -0.4316594 1.39353144
v 0.0117669143 -1.30509114 -0.43263334
v 0.119251907 -0.68402648 -0.424740881
v 0.416497827 0.584059715 -0.227926373
v 0.251528323 1.56177056 0.413172424
v 0.107539706 -0.428227961 1.45723677
v 0.0744033977 -0.774792194 -0.421656817
v 0.629339397 0.283726096 -1.45571184
v 0.707028866 0.167697951 -1.22421002
v -0.00190023449 0.422760367 -0.993740082
v 0.380443901 -0.388106942 1.58867383
v 0.339734733 -1.56087339 -0.391266584
v -0.0494827963 0.43580541 -1.05931294
v 0.449617535 0.621254861 -0.169596285
v 0.686644256 -0.232296318 1.35910392
v 0.171974152 -1.50940263 -0.422142088
v 0.0287340879 -0.436528772 0.803182602
v 0.225719482 -0.445292056 0.502972066
v 0.66116631 0.943172038 0.0204291213
v -0.0107299183 0.430002719 -0.927645981
v -0.0469062775 -1.0609405 -0.435192883
v 0.716344833 1.21481764 0.160084829
v 0.140317127 -0.429409921 0.642362237
v 0.0212251693 -0.905292928 -0.421754122
v 0.185047939 -0.578891158 -0.424916059
v 0.302291125 -0.508772135 0.384608954
v 0.542714715 -0.320670336 1.49730861
v 0.306914091 -0.396864384 1.55014086
v 0.124321863 -1.4898591 -0.430181175
v 0.640147388 -0.871688128 0.0266099907
v 0.413650215 0.592393577 -0.260688543
v -0.0134250224 -0.433652997 0.907275259
v 0.313795239 0.365734935 0.511454463
v -0.0409364216 0.434951305 -1.00170803
v 0.654877961 1.35819852 0.240954295
v 0.192172512 0.553216577 0.441017002
v -0.0173000637 0.4295367 -0.963662684
v 0.723267615 -1.08210599 -0.0882301852
v 0.0418404154 -1.38015795 -0.433810174
v 0.714490354 0.995793402 0.0344112739
v 0.732891321 1.25446177 0.173743114
v 0.472237974 0.652383327 -0.147887766
v -0.046687983 0.435252905 -1.10778916
v 0.05059845 -0.410791516 1.20623469
v 0.346194029 1.57722497 0.393592715
v 0.668527067 1.4260211 0.262756854
v 0.139617726 0.450252593 -0.604150355
v 0.51156038 0.13387233 0.698195338
v 0.0303237569 1.38147104 0.436445564
v -0.0064991056 -0.430082619 1.23570621
v 0.555312097 0.326628804 -1.52639675
v 0.327820212 -0.399681866 1.58329844
v 0.169528037 0.457541496 -0.560990334
v 0.753905714 -1.10559952 -0.0911032185
v 0.304741859 -1.59248269 -0.407228857
v 0.419453651 -1.59823966 -0.381256759
v 0.192017272 -1.54685152 -0.424602181
v 0.566835105 0.791915655 -0.0547711402
v 0.102929026 0.444858491 -0.657361031
v 0.617171943 1.48461342 0.297105134
v 0.220792741 1.58002615 0.424428612
v 0.17220664 -0.453167498 0.564084709
v 0.551545382 1.52404213 0.326912224
v 0.300761253 -0.383376777 -0.505073071
v 0.341506034 0.300762326 0.474298686
v 0.701288879 0.0696561784 -1.03881419
v 0.584153891 -0.312332451 1.50486219
v 0.717492938 1.3416853 0.216395989
v 0.485441387 1.49811149 0.336253613
v 0.361696899 0.396224231 -1.6026932
v -0.0182248726 0.429489374 -1.17855549
v 0.544400573 0.726711512 -0.132265881
v 0.586917818 0.312075078 -1.50654638
v 0.704761446 -0.0630341992 1.03135109
v 0.749296367 1.20874012 0.147044554
v 0.588081479 -1.52502632 -0.31825161
v 0.410263151 0.383549511 -1.59841251
v 0.549238265 0.121203333 0.735058248
v 0.729641795 1.18028903 0.138649955
v 0.741844773 1.0995518 0.0902603939
v 0.541957498 -0.333796829 1.5387584
v 0.13519676 -0.640652359 -0.43448922
v 0.290033996 -0.407205909 1.57624209
v 0.13563247 0.640815139 0.434359223
v 0.514777064 -0.695081472 0.149976715
v 0.506320179 0.354358256 -1.57697237
v 0.0432589054 0.428999513 -0.800386965
v 0.699874103 -0.973949432 -0.0268413629
v 0.203912258 -0.512552559 -0.467097223
v 0.625018835 0.924001515 0.0259279925
v -0.0135327214 -1.0940994 -0.425929457
v 0.612807214 0.0507573262 0.831184447
v 0.522907555 -0.348225355 1.5703603
v 0.103623234 0.654820442 0.449320823
v 0.171092182 -0.564599454 -0.453460455
v 0.596047997 -0.0453747399 -0.824991703
v 0.579788148 -0.789814591 0.0710625425
v 0.0113743767 -0.874727845 -0.429514676
v 0.370057434 -0.556732178 0.305374771
v 0.752535462 1.15962613 0.120906115
v 0.549258947 -1.55212319 -0.336412698
v 0.619304478 -0.292228431 1.47199357
v 0.155247748 -0.60396868 -0.43900159
v 0.445678622 0.222950384 0.622631431
v -0.00810238905 0.432460189 -1.2611897
v 0.447063684 -0.623755872 0.224853471
v 0.649674892 -0.271808356 1.4368397
v 0.57898283 0.0608572289 0.797028661
v 0.0437314212 0.807647943 0.427065372
v 0.387404799 -0.278442681 -0.569024026
v 0.336781174 0.327144027 0.506973982
v 0.458599299 0.369645745 -1.58997989
v -0.0309854578 -1.23218787 -0.437317938
v 0.0524537042 -0.434030443 0.772960722
v 0.657800078 0.882523358 -0.0290769599
v 0.43886292 -0.370901018 1.57795358
v 0.262280613 -1.58306849 -0.41532144
v -0.0186097026 -1.27837539 -0.43790096
v -0.0222569052 -0.432176948 0.950983942
v 0.219273001 -1.57627499 -0.424140662
v 0.172455922 1.53141713 0.426293731
v 0.07773754 0.701961279 0.442843735
v -0.0290175099 -0.959264696 -0.434161007
v 0.749082446 -0.128120452 1.17065227
v 0.0519209057 0.757127643 0.436504513
v 0.730408788 0.0963530019 -1.10111356
v -0.0279531591 -1.13894963 -0.431400567
v 0.464917094 -1.58612168 -0.366997123
v 0.104264505 -0.65602994 -0.448476851
v 0.625504315 -1.49528551 -0.299001843
v 0.197806075 0.520881951 0.468309224
v 0.551510036 0.337932169 -1.55904937
v 0.712028801 -0.237434015 1.38930237
v 0.543884814 0.0864392892 0.749695063
v 0.327142119 0.398382813 -1.57798231
v -0.0352191962 1.27177942 0.440517813
v 0.35249871 0.311444432 0.531876087
v 0.000826447736 0.909202278 0.428489
v 0.728013039 -0.212019593 1.33756447
v -0.0427699499 -0.438495696 1.21923137
v 0.624801517 0.300422341 -1.49997449
v 0.414955318 0.250762731 0.594592214
v 0.319475502 1.601722 0.405993044
v 0.442095608 0.614524662 -0.212153286
v 0.509484112 -1.57300615 -0.35242036
v 0.674568474 -0.2511262 1.39920294
v 0.704327166 -1.39474249 -0.241842523
v 0.454530805 0.184107453 0.629805088
v -0.0299310107 -0.4389759 1.2697506
v 0.290970027 0.500365078 -0.395215511
v 0.668697953 -1.38854742 -0.249059722
v -0.00349997915 -0.85182333 -0.438516468
v 0.0441474989 -0.802079976 -0.429448187
v 0.423145682 -0.599023879 0.234963328
v 0.677233636 -0.000738116505 -0.926186562
v -0.0378299728 -1.00983953 -0.433852077
v 0.137299269 1.51795328 0.432266116
v 0.136020899 -0.45157361 0.610253394
v 0.36484617 1.60032189 0.394824445
v 0.107102998 1.51341522 0.438505292
v 0.663958132 0.279369265 -1.46802652
v 0.000495279266 1.37252975 0.442500383
v 0.0883441865 0.437656283 -1.4845885
v 0.660186172 -0.281488985 1.47078204
v 0.626559734 -0.302336216 1.50643086
v 0.696149886 0.244524032 -1.39688706
v 0.667456925 0.263599098 -1.42759573
v -0.0395420827 0.437650025 -1.22016919
v -0.0332576036 1.15317667 0.432512224
v 0.689016938 -0.259908885 1.43194592
v 0.745812654 -0.18710883 1.29101443
v 0.135639459 -0.433166355 1.5237298
v 0.595336199 0.796668768 -0.0767605975
v -0.00468954863 -0.437660813 1.31995034
v 0.263885379 0.434808165 0.491780192
v 0.0362223461 -0.775952339 -0.438709646
v 0.479916424 -0.654043019 0.198931769
v 0.692207515 0.0524143092 -1.00667846
v 0.311375082 0.408854991 -1.60604095
v 0.720960557 -0.0799401924 1.06849861
v 0.243800953 0.478236109 -0.461181134
v -0.0310836378 0.939968586 0.436401248
v 0.0655070618 1.45352995 0.438150465
v 0.406199694 1.60682511 0.386621922
v 0.731652677 -0.0463438593 1.02241731
v 0.472580492 0.648570538 -0.184905142
v 0.540431201 -0.723217845 0.131443515
v 0.0831669271 -1.46471369 -0.43594864
v 0.34681496 -0.310665548 -0.514074028
v 0.732988298 -1.12572467 -0.109566748
v -0.0362080298 1.20000541 0.435726076
v 0.132575542 0.609570384 0.455654085
v 0.602568984 0.0771704018 0.802653372
v 0.237498537 -0.471832544 0.471617818
v 0.0881049484 -0.439002126 0.699634433
v 0.496590406 0.678280652 -0.15188463
v -0.0179945529 1.32088387 0.441144139
v 0.691110909 -1.00652719 -0.0540295579
v 0.686916471 1.38196349 0.241002843
v 0.696096778 0.0279732179 -0.974154174
v 0.724908471 -1.01794291 -0.0472985841
v 0.589904726 -0.322176129 1.53905559
v 0.0189338233 0.436445206 -0.814693809
v 0.549154341 1.55601132 0.337586612
v 0.721993744 0.0477881692 -1.01786983
v 0.714909732 0.214624822 -1.33541322
v 0.576996207 0.0896226987 0.774516642
v 0.414933473 -0.385588139 1.61052489
v 0.662353277 -1.45872068 -0.276830018
v 0.755715251 0.122137912 -1.16275799
v 0.71525842 0.228663847 -1.36979711
v 0.594017446 -0.819257617 0.047315646
v 0.55976522 -0.337967247 1.56573486
v 0.74151963 -1.06026626 -0.0682878643
v 0.504936874 1.57688129 0.354653031
v 0.318410337 0.525403321 -0.364901036
v 0.721414208 1.06390345 0.0762802586
v 0.0558380187 -0.437010676 1.43150437
v 0.0755563527 -0.436147451 1.45689499
v 0.747220635 1.3001343 0.19060728
v 0.207786918 1.54880059 0.421122581
v 0.736420274 -0.0945533887 1.1027137
v 0.68191582 0.921877146 -0.00674019707
v 0.74086082 0.179602817 -1.27170265
v 0.488926023 -0.362379044 1.59024203
v 0.72522819 -1.32897782 -0.209486604
v 0.0106314691 -1.37192166 -0.440308839
v 0.685166597 -0.927069485 0.0031576755
v 0.741140783 -1.255162 -0.172174767
v 0.0678015053 0.436915755 -1.44904792
v 0.164047703 0.565301716 0.461914301
v 0.758656681 0.14405936 -1.20747125
v -0.0369382352 1.10844374 0.432087243
v 0.0244532786 -0.44179076 1.41173756
v 0.0321679562 0.435682952 -1.38097537
v 0.0923433304 0.433242977 -0.697750449
v 0.358734041 -0.316625208 -0.553185403
v 0.26921317 1.59319508 0.415885031
v -0.0533956103 -1.19711924 -0.440637082
v -0.0188886113 -1.32864773 -0.442682385
v 0.748764396 0.191014528 -1.30198562
v 0.039340537 -0.448945463 0.743611455
v 0.48025924 0.195402727 0.656368494
v -0.0573407598 -0.438149333 1.05645204
v 0.520916343 0.163690954 0.696571112
v -0.0623307414 1.1735909 0.441225588
v 0.678239107 -1.42169893 -0.258943379
v -0.00539266644 0.444366544 -1.37731361
v 0.759408832 -0.144619763 1.20905566
v 0.630536199 -0.843066037 0.0496379547
v -0.0471927486 -1.2817992 -0.444960058
v -0.0491186343 -0.435693771 1.09241915
v 0.568161905 0.757077515 -0.106225044
v 0.0649069548 -0.443074733 0.724408865
v 0.0492056683 0.436626762 -0.758490205
v 0.139355481 0.432429612 -1.52360404
v 0.301857591 -0.410150468 1.60114169
v 0.37378937 0.554567456 -0.293231279
v 0.225873694 0.420159221 -1.56556928
v 0.0997085571 -0.44689098 0.665154219
v 0.741091669 0.216752321 -1.35697711
v 0.753649414 -1.21354616 -0.148504972
v -0.0185897592 0.966622591 0.430031121
v -0.0342291333 -0.431816459 1.03009629
v -0.0486011617 1.06901538 0.435007244
v 0.181630462 -1.57315671 -0.432286888
v 0.739334941 0.0739522278 -1.0685674
v 0.239421129 -1.55640376 -0.415115356
v 0.336745918 -0.525250971 0.340271056
v 0.0271399803 -1.41473949 -0.441819161
v 0.460595518 1.59234476 0.369811743
v 0.765688896 -1.1635536 -0.119331732
v 0.527190685 0.727844954 -0.095810011
v 0.139898688 -1.53257918 -0.434082091
v 0.0183009785 0.797613978 0.440337181
v 0.265462965 -0.429754823 -0.49284783
v -0.0139045073 0.437624574 -1.29949391
v -0.067403391 -0.441186249 1.12274456
v 0.0526209362 -0.897811651 -0.409934878
v 0.330274612 -0.344440252 -0.524111867
v 0.235603452 1.52831936 0.409930408
v 0.0195205752 -0.813451052 -0.436976105
v 0.637260795 1.50643361 0.299729913
v 0.698700845 1.42517257 0.254743099
v 0.59217757 0.319913566 -1.53410351
v 0.693225563 0.00139763847 0.934641957
v 0.606730342 -0.801526785 0.0814147368
v 0.601970553 -0.0776507929 -0.801766753
v 0.733802915 -0.159386367 1.22357774
v 0.202509522 -0.465912521 0.516404271
v 0.339044809 -0.403808981 1.61177874
v 0.76122725 0.16672945 -1.25622225
v 0.361960828 0.311959207 0.554591238
v 0.755018592 -0.16570349 1.24980426
v -0.0132070268 -0.44468838 1.36433184
v -0.0464532785 0.977454007 0.438037187
v 0.573312283 -0.765164733 0.0992925614
v -0.0129115358 -0.904376566 -0.434301376
v 0.0043834378 0.845448077 0.435806602
v 0.69941026 0.960357845 0.0149646504
v -0.0605467334 -1.22828436 -0.444007993
v -0.0299713314 0.900466442 0.439993799
v 0.213060677 -0.424090832 1.5705471
v 0.291936249 0.397088766 0.502199054
v 0.428853184 0.605035007 -0.24201493
v 0.704339564 0.251617044 -1.42043483
v -0.0567595474 -0.439506263 1.1695596
v -0.0581063293 -1.15832496 -0.43980369
v 0.26355502 -0.416702449 1.59038413
v 0.412128657 -0.257126302 -0.593933225
v -0.00340482686 0.438482314 -0.847637177
v 0.723438859 1.38305807 0.231908098
v 0.0588801503 -0.732250512 -0.441646695
v 0.051539667 -1.46068299 -0.44277522
v 0.714066029 -0.0360992998 0.996708632
v 0.396309167 -0.571074724 0.265170425
v 0.640465438 0.0336753279 0.866655767
v 0.0503005944 -0.442738324 1.46018672
v 0.495132446 -0.671573937 0.172617093
v 0.560061216 -0.802411139 0.0337118506
v -0.0388756767 0.441829085 -1.27754724
v 0.350188553 -1.59997141 -0.398211062
v -0.0534913689 -1.11120021 -0.437245101
v 0.661819756 1.46720755 0.279681534
v 0.167976961 1.55562067 0.43205148
v 0.178405985 -0.426445693 1.54131222
v -0.0592541285 -0.439653277 1.01366138
v 0.636304021 0.0652507544 0.835103631
v 0.336999863 0.344041079 0.540342867
v 0.0912773386 -0.438379258 1.49356055
v 0.266884565 0.493637681 -0.428130358
v -0.0301041324 0.43906951 -0.904332936
v -0.0280707423 0.443703681 -1.3240571
v 0.743039727 1.3495748 0.213156566
v 0.545811415 -0.133797348 -0.728199661
v 0.513275146 0.68957299 -0.171711475
v 0.0867878273 -1.5020442 -0.441142797
v 0.37724176 -0.396306306 1.61753321
v 0.664317727 0.0244528167 0.892205775
v 0.69614166 0.263295025 -1.4458288
v 0.717215478 -0.0171091724 0.972064555
v 0.747242332 -0.0693105906 1.06606567
v 0.0249292292 1.41676581 0.442356914
v 0.454098612 -0.374807775 1.60482669
v -0.0388750955 0.437549382 -0.951014459
v 0.521921277 -0.830699146 -0.0353057496
v -0.0385115482 -0.43474564 0.989834666
v 0.762270451 -1.27396035 -0.174724296
v 0.526933551 -0.172020137 -0.700087368
v 0.127481163 -0.607170761 -0.46260488
v 0.596214652 0.110080376 0.774561584
v -0.0596032701 1.22654474 0.443318367
v 0.252232105 0.421889275 -1.60269904
v 0.0418380015 0.444476545 -1.45788062
v -0.0513065644 0.94436264 0.442075819
v 0.76653111 1.24871755 0.161453143
v 0.522086203 -0.694425702 0.172981292
v 0.669460297 -0.881383419 0.035790395
v 0.735674143 -1.35871971 -0.21916689
v 0.457484186 0.634756744 -0.232342735
v 0.697436333 -1.43512523 -0.259198844
v 0.0175300147 0.44313547 -1.40874982
v 0.0179250874 0.441631287 -0.793357849
v -0.0396595113 1.01386404 0.433547854
v 0.733439684 0.234620616 -1.39582193
v 0.759576201 0.0965204388 -1.11767912
v 0.175516635 0.432441294 -1.56771493
v -0.0609288737 1.11410439 0.438885421
v 0.760531306 -0.106792055 1.13743436
v 0.750822067 -1.31778181 -0.197644651
v 0.383550406 -1.60812831 -0.392404765
v 0.221898854 0.4659805 -0.495610684
v 0.0623688512 0.447125882 -0.705352068
g 
f 2472 199 2573
f 2243 2425 2114
f 1804 1415 1752
f 2341 2169 937
f 2055 1978 2111
f 898 823 1274
f 2185 1917 1935
f 1360 1310 2116
f 1607 607 1399
f 1719 931 980
f 912 831 909
f 1563 1251 1869
f 1717 581 2259
f 1842 1332 2150
f 1849 1646 1846
f 1962 1333 1741
f 2103 1184 1911
f 2198 1325 1893
f 1594 1397 1559
f 2333 2292 1707
f 1685 1450 1558
f 1997 1920 2125
f 2410 2370 1939
f 1260 896 934
f 1320 1254 2166
f 2148 1625 1914
f 2139 393 2300
f 2052 1450 2142
f 1431 1340 1518
f 2264 2307 1475
f 1970 1650 1825
f 2063 704 1270
f 1986 1663 2024
f 1902 166 1996
f 2176 1977 2166
f 2067 1891 1937
f 1841 1649 1693
f 2356 2348 1998
f 917 849 1378
f 2317 2196 1186
f 1454 1443 1515
f 1140 1003 1952
f 1751 1700 1740
f 981 846 1712
f 1300 1050 2235
f 1612 932 1216
f 1276 928 961
f 1248 1181 1389
f 882 862 1057
f 1129 1120 1472
f 2372 2379 2240
f 2196 2381 1373
f 2380 2406 1509
f 2263 2043 1490
f 1833 937 1033
f 1784 1280 1659
f 1846 1212 1439
f 2304 1105 1844
f 1175 1104 1127
f 1543 969 1040
f 2041 1946 2286
f 2163 1999 2051
f 1790 779 1298
f 1890 1350 1483
f 1614 957 1591
f 2076 1488 935
f 2250 2129 2236
f 1557 219 1485
f 1754 923 989
f 2408 2371 1997
f 2385 321 1485
f 1495 1110 2030
f 2327 386 2223
f 2346 2327 2094
f 1732 1582 1653
f 2271 2332 1945
f 996 1421 1835
f 2071 1845 2072
f 2386 330 2284
f 2202 2019 2046
f 1025 942 1016
f 2279 2437 2262
f 974 872 1244
f 664 663 2154
f 1629 1526 2080
f 2321 376 2121
f 1236 1069 1587
f 2149 1922 2123
f 2122 2266 990
f 2428 163 2202
f 2348 390 1235
f 2405 334 2242
f 2383 2415 2086
f 2200 2739 2233
f 2233 2048 2200
f 2415 2090 1520
f 1089 877 1265
f 1560 916 943
f 1696 326 1508
f 2037 1306 2067
f 2020 1038 1581
f 1496 1358 1934
f 976 851 852
f 1766 1510 1573
f 886 832 854
f 1819 1673 2012
f 1689 991 1718
f 2079 1253 2232
f 1971 1240 2113
f 2082 1240 2260
f 2239 1415 1837
f 2043 2367 1319
f 2020 1413 1733
f 1924 1306 2113
f 2273 1908 2194
f 1096 1805 270
f 2227 1374 2096
f 2268 2393 1115
f 2195 1390 2272
f 2342 136 2108
f 2082 1390 2230
f 1854 1033 1143
f 2168 1230 1430
f 1255 1197 1466
f 1149 900 282
f 2306 751 2540
f 1313 2697 2694
f 2355 1418 1759
f 1158 1006 2369
f 1553 1226 2031
f 2270 1807 2308
f 1349 1154 1287
f 1585 1291 1398
f 2103 1303 2131
f 2389 780 1160
f 2314 279 1849
f 1553 1501 1759
f 1193 858 1892
f 2362 283 2050
f 1592 1002 1981
f 1756 1072 1372
f 1736 795 1370
f 1938 1813 1866
f 1584 926 2077
f 1851 1249 1676
f 1736 869 2009
f 2431 629 1580
f 2241 2179 2211
f 1787 878 1352
f 2270 2358 1641
f 1560 1630 1506
f 2358 622 1716
f 177 2610 2388
f 1283 1210 1287
f 2368 1910 2083
f 1136 975 2351
f 1337 143 2083
f 1465 848 968
f 933 906 1510
f 2407 749 2522
f 1232 890 1161
f 200 574 2404
f 2178 842 1856
f 1734 1365 1703
f 2330 773 1697
f 1912 1735 2167
f 1532 1419 1764
f 1544 1419 2005
f 1211 1105 1264
f 1590 1074 1200
f 1837 2604 557
f 2372 723 2069
f 972 856 1492
f 728 2383 2293
f 1582 1269 1690
f 2353 2172 1519
f 2147 709 1595
f 1082 999 1828
f 2036 1857 2114
f 2059 1982 2089
f 1886 1782 1895
f 1839 1301 1738
f 2146 1662 2023
f 1017 844 1481
f 2206 2089 2250
f 2156 1929 2221
f 1969 1493 2094
f 2420 330 2305
f 2245 2328 1498
f 1884 1679 1877
f 2312 1485 1968
f 1446 1122 1518
f 766 351 2142
f 1953 1795 2127
f 1975 1320 2349
f 2100 2030 2180
f 1459 919 1923
f 2398 2780 214
f 2139 2070 2184
f 1886 1550 1925
f 2307 341 2017
f 2395 212 2029
f 2202 2401 2137
f 2334 2271 1578
f 1625 1086 1236
f 1367 1035 1275
f 1688 2395 938
f 2180 1270 1508
f 2066 1639 2536
f 1515 1104 1528
f 1083 1019 1163
f 2027 1211 2238
f 1527 969 979
f 2016 1473 1919
f 2256 945 1434
f 1195 796 841
f 986 851 872
f 1365 1348 1702
f 2344 2102 1277
f 663 664 2163
f 1395 1379 1991
f 1643 1030 1363
f 1699 1562 1802
f 1818 1069 1209
f 1525 1245 1578
f 2004 1602 1898
f 2084 1862 1990
f 2400 2384 2215
f 1590 1586 1626
f 2423 728 2236
f 2281 2086 2140
f 715 1293 1456
f 1693 1146 1541
f 386 2122 1290
f 2425 2411 2120
f 2294 2065 2233
f 825 804 1010
f 1927 1701 2217
f 2412 163 2286
f 2137 962 1150
f 2276 2222 2305
f 1862 1657 1709
f 2384 2359 2146
f 2280 953 1494
f 1662 980 994
f 1170 1089 1265
f 2363 2416 2001
f 1235 1194 1597
f 2037 1572 2003
f 1618 1046 1386
f 1941 1539 1599
f 1004 867 982
f 2310 402 1488
f 1937 348 399
f 1780 1064 1145
f 1904 1874 1900
f 2204 1651 977
f 1039 2468 1355
f 1113 2484 1048
f 1401 224 1010
f 1547 868 918
f 987 981 1728
f 1157 2446 1180
f 1640 1206 2347
f 390 2397 1696
f 1885 1883 1951
f 1547 1414 1654
f 2409 2391 2014
f 1164 1081 1248
f 2401 2412 1949
f 798 619 2680
f 1648 1536 1586
f 1513 822 1470
f 2326 136 2469
f 2024 1647 1942
f 1612 1484 1733
f 2162 1196 1934
f 376 2364 2093
f 857 827 1127
f 1858 1002 2054
f 997 921 1019
f 1094 1075 1183
f 1840 1781 1933
f 1957 1353 2039
f 1480 1444 1770
f 2044 1141 1546
f 1328 929 1271
f 1551 809 842
f 1445 2436 800
f 1702 836 985
f 1966 1267 1521
f 1530 1012 1197
f 1206 1148 1538
f 924 870 1525
f 1174 1038 1762
f 1098 990 1474
f 1225 173 839
f 2197 1698 2289
f 2394 2247 1357
f 1924 963 1412
f 2417 145 2303
f 1774 1511 2337
f 2258 627 1509
f 2182 1249 1606
f 1624 722 1352
f 2404 2128 1563
f 1389 1250 1394
f 2210 1311 1399
f 1940 1396 1834
f 2040 2308 1061
f 1829 602 899
f 1899 1797 1859
f 2162 1661 2115
f 2311 568 1785
f 1585 1362 1741
f 604 751 1584
f 2144 1678 1848
f 2028 887 611
f 2381 182 2069
f 3196 1853 2515
f 1202 892 1184
f 1742 1566 1864
f 2331 280 887
f 2198 1295 1963
f 2209 194 1605
f 1617 1059 2318
f 1972 2186 1084
f 2445 1411 785
f 2209 1605 2189
f 1772 905 1610
f 1246 1103 1426
f 1952 1278 2047
f 2283 1785 2026
f 1608 1362 1369
f 1417 920 932
f 2575 1903 1388
f 2379 2317 2035
f 2393 581 2225
f 1224 1138 1831
f 2213 2405 1607
f 2217 2409 2201
f 1487 881 1182
f 2155 2107 2175
f 1352 846 928
f 1505 1333 1911
f 2311 2303 2430
f 1809 877 1117
f 2421 2313 2276
f 2319 2347 1499
f 2402 2356 2107
f 1954 279 2218
f 1800 995 1224
f 2313 2350 1336
f 2359 2213 1243
f 1564 1346 1398
f 2390 2314 1814
f 1439 967 2057
f 1810 1535 2021
f 2177 1655 2189
f 1916 1852 2249
f 2195 1571 2259
f 2380 2144 2197
f 2203 1887 2225
f 2249 553 837
f 1873 2330 2212
f 2168 1171 1763
f 1619 1014 1108
f 2292 632 1771
f 2388 2368 2152
f 2155 2152 2210
f 1593 1210 1321
f 1980 1458 1878
f 1472 1382 1468
f 830 782 1159
f 2124 1223 1881
f 2145 1295 1610
f 2291 569 1119
f 184 569 1715
f 2365 2413 192
f 1896 807 1119
f 2285 573 944
f 2255 912 1231
f 1392 2435 787
f 1824 1272 1308
f 2096 1486 1706
f 731 2705 1850
f 2417 626 1042
f 1193 946 1411
f 2422 629 1204
f 2475 2295 1227
f 1962 614 1303
f 2112 1938 2203
f 2106 1409 2133
f 625 283 2339
f 2044 1051 1400
f 2375 2433 1032
f 2092 2427 1226
f 1772 984 1784
f 629 1511 2251
f 2131 627 1435
f 1366 837 1160
f 2373 1006 1190
f 1447 1372 1742
f 2430 2092 1888
f 2133 1864 2058
f 1675 926 1851
f 2336 625 1603
f 2369 280 1342
f 574 200 2228
f 1771 2450 931
f 2419 758 2298
f 952 819 577
f 961 868 1807
f 1085 1024 1517
f 1624 878 2441
f 2333 1285 1983
f 2128 2351 1123
f 286 632 1552
f 1222 737 1124
f 2437 2073 2027
f 2321 1207 1760
f 1364 1247 1289
f 2654 266 2463
f 266 2654 1154
f 1591 1294 1645
f 2322 1256 1854
f 1324 2913 2559
f 2443 405 1910
f 1393 1065 1478
f 1283 2486 1113
f 2351 574 1136
f 1645 1397 1517
f 2269 1112 1642
f 1214 968 993
f 2269 2205 1228
f 2040 1292 622
f 1335 2228 200
f 1328 1228 1344
f 808 1330 701
f 1984 1451 1876
f 1377 886 1005
f 1999 1803 1855
f 1928 1870 2121
f 1589 1125 1345
f 1909 1730 1766
f 1364 992 1326
f 1173 992 1502
f 1789 1371 1987
f 2267 2315 1440
f 1339 1262 1271
f 1151 885 1054
f 2407 1132 1500
f 1054 797 1344
f 1638 1620 1740
f 1680 1620 1802
f 1643 1049 1530
f 1162 1026 1083
f 925 791 864
f 1013 790 1348
f 1262 1027 1112
f 1568 1192 1443
f 1461 1175 1205
f 1856 1013 2110
f 1781 1722 1767
f 1178 1007 1658
f 2366 859 1257
f 1088 1005 1551
f 1744 1120 2074
f 909 809 861
f 863 824 1380
f 1232 1076 1901
f 2364 376 1765
f 1855 1806 1822
f 921 852 922
f 1034 189 1479
f 200 2404 1682
f 1037 674 1028
f 1273 948 973
f 1666 1503 1863
f 1699 1371 1836
f 1556 884 2208
f 2126 1879 2081
f 1791 1562 1687
f 2167 1894 1928
f 1596 1368 1464
f 1611 1350 1526
f 2580 1079 1533
f 2320 664 2138
f 2102 2320 985
f 1055 997 1060
f 1803 1749 1832
f 1961 1029 2256
f 884 826 1007
f 1425 1163 1183
f 2013 778 1375
f 2323 2309 1798
f 864 796 908
f 1576 927 2262
f 1665 1189 1889
f 1665 905 1133
f 1406 1133 1376
f 1455 1376 1659
f 1577 1018 1363
f 1765 1299 1542
f 2192 954 1763
f 1188 2563 1187
f 1731 1630 1636
f 1048 2731 818
f 1976 1778 2041
f 1725 1724 1747
f 1506 1630 303
f 1943 189 1476
f 2578 2354 209
f 2265 2386 2136
f 2296 2088 2221
f 2418 2265 1459
f 2377 703 2134
f 1537 1170 1329
f 1597 1000 1179
f 1567 2967 1222
f 2119 1437 2170
f 2360 2310 1960
f 1711 1572 2157
f 1753 1569 1941
f 2281 1357 2086
f 1128 998 1241
f 1710 2334 934
f 940 352 324
f 1322 1016 1260
f 2370 2174 1739
f 1989 1821 1979
f 2266 2346 1531
f 2049 2353 1209
f 1493 1477 1801
f 1779 776 914
f 1775 2543 871
f 405 2083 1910
f 1097 298 957
f 1559 1402 1410
f 1118 902 1698
f 2247 2326 1581
f 1023 959 1761
f 1731 834 1630
f 1701 1616 2101
f 1583 815 895
f 2190 1869 1904
f 1951 1529 1725
f 1216 888 1902
f 1052 953 1369
f 2301 2268 1621
f 1494 1063 2328
f 1148 910 1669
f 2064 1884 1978
f 1710 1191 322
f 1777 1383 1604
f 2029 212 2296
f 1711 1381 1598
f 1110 1086 358
f 2416 2421 2343
f 2392 2282 1315
f 2376 2360 1867
f 1644 1385 1634
f 2090 2423 1456
f 1834 1594 1847
f 1245 1181 1322
f 1416 1020 1118
f 1608 1416 1848
f 1704 1484 1996
f 2396 2390 1661
f 2151 2064 2206
f 1965 1649 2147
f 2172 2377 1565
f 1691 1498 1569
f 1609 1340 1691
f 1716 874 1028
f 2411 2123 2018
f 2007 1124 1157
f 1989 1653 1895
f 1829 1746 2406
f 1966 1171 1438
f 2135 1866 2033
f 2173 2164 2176
f 1896 1408 2231
f 2374 1974 2150
f 1677 901 1826
f 1796 1335 1336
f 2424 780 1826
f 1729 983 1955
f 2286 163 2241
f 314 215 2440
f 2366 749 893
f 1737 1142 2021
f 1448 1294 578
f 2240 1633 1218
f 2413 2629 1318
f 1067 915 1793
f 2648 882 1217
f 2427 145 1963
f 1460 1317 1325
f 282 756 795
f 1956 1215 1830
f 1282 983 998
f 2481 781 759
f 1804 1233 1432
f 2105 781 1462
f 2981 1176 2777
f 1652 875 1064
f 1729 746 983
f 2072 1841 2017
f 1111 799 898
f 351 766 1828
f 1685 856 1082
f 2352 264 1606
f 1656 2674 668
f 2335 2025 1817
f 1695 1252 1570
f 999 891 1384
f 1775 871 2582
f 2513 904 1130
f 1779 982 2275
f 1089 2452 274
f 2447 803 2525
f 814 777 2226
f 2432 777 1428
f 693 778 863
f 2435 2013 789
f 2436 1790 782
f 301 779 843
f 2438 2389 1428
f 2439 1974 2291
f 781 2513 1130
f 782 682 2436
f 1790 228 782
f 317 2500 835
f 867 738 784
f 2458 2803 2490
f 892 138 785
f 2445 787 830
f 1166 633 202
f 2435 682 787
f 785 1392 787
f 2013 2454 789
f 789 682 2435
f 1013 661 790
f 1543 309 790
f 2566 1222 634
f 2742 2967 2499
f 2636 2620 2886
f 970 2509 397
f 925 305 791
f 794 694 791
f 1907 699 793
f 1053 179 793
f 927 694 794
f 976 366 794
f 1736 282 795
f 1799 1370 795
f 864 694 796
f 1195 684 796
f 1054 375 797
f 1156 659 797
f 1776 2677 532
f 619 798 1263
f 1111 362 799
f 853 347 799
f 2436 682 800
f 833 1445 800
f 971 312 2852
f 844 2516 802
f 825 248 804
f 964 657 806
f 2061 693 806
f 1896 187 807
f 1366 295 807
f 701 2537 808
f 1551 691 809
f 909 661 809
f 1424 206 811
f 828 554 811
f 1107 189 813
f 2226 861 814
f 2464 2433 814
f 1048 2460 2731
f 2628 635 815
f 1583 722 815
f 797 375 816
f 950 301 816
f 970 2634 2509
f 1031 820 874
f 1496 747 821
f 865 347 821
f 903 733 822
f 1513 269 822
f 1875 1754 989
f 818 2451 966
f 1343 320 823
f 898 347 823
f 2457 1392 138
f 2362 371 824
f 804 2465 1010
f 1009 248 825
f 884 554 826
f 986 692 826
f 857 683 827
f 1026 308 827
f 956 697 828
f 826 554 828
f 1060 688 829
f 827 683 829
f 912 687 831
f 790 661 831
f 2550 718 404
f 900 285 832
f 886 552 832
f 847 662 833
f 789 2454 833
f 783 2524 940
f 792 786 633
f 786 792 2491
f 1009 1077 2688
f 1702 309 836
f 1161 556 836
f 2253 2389 837
f 1366 2249 837
f 2526 783 324
f 2186 1972 839
f 1441 1355 2468
f 1677 144 840
f 1149 282 840
f 2238 689 841
f 796 694 841
f 952 2649 819
f 809 661 842
f 2178 671 842
f 1445 662 843
f 1156 301 843
f 880 724 844
f 1017 2516 844
f 1073 805 845
f 981 168 846
f 1352 722 846
f 1070 662 847
f 1078 684 847
f 1001 148 848
f 1465 648 848
f 917 533 849
f 1431 708 849
f 940 324 783
f 986 697 851
f 976 305 851
f 851 697 852
f 921 366 852
f 958 347 853
f 1449 269 853
f 832 2464 854
f 861 691 814
f 2476 1116 1114
f 2476 2456 1116
f 352 317 2091
f 1685 716 856
f 972 153 856
f 906 683 857
f 858 1225 839
f 2366 258 859
f 1312 657 859
f 2298 1401 860
f 809 691 861
f 861 2226 368
f 882 1330 862
f 1173 380 862
f 2457 824 863
f 791 694 864
f 1474 126 865
f 823 347 865
f 1282 222 866
f 1147 714 866
f 1004 738 867
f 911 167 867
f 1547 265 868
f 961 168 868
f 2124 594 869
f 1736 592 869
f 924 259 870
f 1250 174 870
f 871 2543 1632
f 2609 871 888
f 851 305 872
f 974 692 872
f 874 2631 1028
f 1716 640 874
f 1652 760 875
f 1391 733 875
f 866 714 876
f 1011 221 876
f 1089 274 877
f 1809 1265 877
f 1436 718 879
f 1284 724 880
f 316 2662 1837
f 881 2771 266
f 1487 273 881
f 2648 1330 882
f 1666 643 883
f 993 148 883
f 1556 554 884
f 819 1616 577
f 1151 651 885
f 1054 1281 375
f 1377 552 886
f 2028 2331 887
f 2373 593 887
f 1632 1902 888
f 1216 183 888
f 1379 310 889
f 811 554 889
f 1232 257 890
f 930 556 890
f 999 153 891
f 1570 224 891
f 1202 138 892
f 1411 146 892
f 1178 258 893
f 1500 1296 893
f 843 662 894
f 929 659 894
f 1973 357 895
f 815 635 895
f 1260 353 896
f 876 714 896
f 1567 216 897
f 799 347 898
f 940 317 352
f 1829 3269 2483
f 2289 535 899
f 764 2461 1507
f 1149 285 900
f 1956 756 900
f 1842 743 901
f 1677 594 901
f 1229 535 902
f 1118 533 902
f 1145 733 903
f 1449 362 903
f 630 904 2587
f 1665 132 905
f 1772 620 905
f 933 683 906
f 1192 255 906
f 763 1274 907
f 965 1975 907
f 945 232 908
f 796 684 908
f 831 661 909
f 1148 559 910
f 1660 234 910
f 1387 167 911
f 2458 949 911
f 2255 687 912
f 2572 913 1170
f 1347 1779 914
f 776 541 914
f 1726 534 915
f 1067 639 915
f 870 259 916
f 916 1506 526
f 902 533 917
f 1489 396 918
f 868 168 918
f 1284 216 919
f 1459 150 919
f 1417 180 920
f 1256 183 920
f 788 1017 2076
f 997 366 921
f 852 697 922
f 1094 655 922
f 1090 335 923
f 1754 210 923
f 1097 202 803
f 994 259 924
f 1244 305 925
f 1672 2628 815
f 635 2736 817
f 1584 193 926
f 1675 293 926
f 1576 694 927
f 1055 653 927
f 1276 1787 928
f 846 168 928
f 1070 230 929
f 1328 659 929
f 855 317 835
f 1277 556 930
f 1764 667 930
f 2450 1771 943
f 1719 1172 931
f 1612 263 932
f 920 183 932
f 1588 683 933
f 2334 730 934
f 934 714 1710
f 829 683 936
f 2279 653 936
f 2169 771 937
f 1833 198 937
f 938 1745 2572
f 938 2395 1361
f 1683 251 939
f 939 2196 170
f 1081 721 941
f 1109 353 942
f 1025 727 942
f 916 259 943
f 1746 2672 944
f 2256 232 945
f 1078 254 945
f 1505 146 946
f 1193 281 946
f 1907 380 947
f 1808 207 947
f 2324 676 948
f 1273 375 948
f 1168 337 949
f 949 2458 801
f 1273 159 950
f 1298 301 950
f 847 684 951
f 1043 230 951
f 1107 288 952
f 2280 732 953
f 1052 134 953
f 617 2533 1230
f 1868 955 1843
f 811 206 956
f 922 697 956
f 895 635 838
f 957 1166 202
f 821 347 958
f 991 131 958
f 1628 268 959
f 1023 134 959
f 813 2632 2791
f 1048 818 960
f 1334 299 960
f 928 168 961
f 805 1073 1180
f 2137 772 962
f 891 153 962
f 1905 2505 178
f 1621 135 963
f 1924 262 963
f 1422 657 964
f 1380 371 964
f 1015 223 965
f 2448 907 1274
f 978 818 966
f 2160 567 1324
f 1439 591 967
f 1214 650 968
f 848 148 968
f 1527 685 969
f 1543 687 969
f 970 819 247
f 971 2818 313
f 1116 312 971
f 1150 153 972
f 1278 159 973
f 948 676 973
f 1658 692 974
f 791 305 976
f 2545 1107 813
f 3202 2523 2593
f 2181 403 2593
f 960 818 978
f 1068 149 978
f 1852 231 979
f 969 687 979
f 1662 127 980
f 2450 994 980
f 987 168 981
f 867 167 982
f 1779 171 982
f 746 1729 2868
f 1282 221 983
f 1675 186 984
f 1772 605 984
f 836 2102 985
f 2320 670 985
f 828 697 986
f 918 168 987
f 910 559 988
f 1396 529 988
f 923 335 989
f 1754 1875 1860
f 2266 126 990
f 990 244 2122
f 1689 131 991
f 853 269 991
f 1364 311 992
f 1173 203 992
f 1304 645 993
f 968 148 993
f 994 2450 259
f 1708 346 994
f 1317 570 995
f 1800 604 995
f 1055 366 997
f 1128 222 998
f 983 746 998
f 1082 153 999
f 971 313 1000
f 1597 363 1000
f 1461 680 1001
f 1760 148 1001
f 1592 699 1002
f 1858 672 1002
f 1140 228 1003
f 950 159 1003
f 1750 738 1004
f 2459 1005 886
f 1088 545 1005
f 1158 195 1006
f 2373 2369 1006
f 1178 544 1007
f 826 692 1007
f 2251 588 1008
f 1201 179 1008
f 1252 774 1009
f 248 1009 2688
f 1384 224 1401
f 896 353 1011
f 2712 221 1011
f 1166 957 1614
f 1530 233 1012
f 1856 661 1013
f 1370 196 1014
f 1619 591 1014
f 1100 223 1015
f 1135 717 1015
f 942 353 1016
f 1322 249 1016
f 1017 788 2516
f 1577 645 1018
f 1623 675 1018
f 921 655 1019
f 1083 688 1019
f 1327 533 1020
f 1416 732 1020
f 1152 398 1021
f 1341 1074 1021
f 855 215 1022
f 1021 398 1022
f 1222 2566 737
f 1063 134 1023
f 2338 623 1024
f 1085 559 1024
f 941 727 1025
f 829 688 1026
f 1162 308 1026
f 1262 644 1027
f 1674 647 1027
f 925 232 1029
f 1961 666 1029
f 1377 545 1030
f 1643 378 1030
f 874 640 1031
f 840 144 1032
f 2433 285 1032
f 937 771 1033
f 1854 180 1033
f 919 150 1035
f 1367 724 1035
f 1916 284 1036
f 1491 600 1036
f 1028 2631 1037
f 2020 250 1038
f 1174 130 1038
f 1179 810 1155
f 836 309 1040
f 969 685 1040
f 2330 757 1041
f 889 554 1041
f 1453 1460 1042
f 1188 1187 642
f 1195 689 1043
f 1339 230 1043
f 1044 2457 138
f 2403 2362 1044
f 1368 681 1045
f 1642 647 1045
f 1618 387 1046
f 1286 170 1046
f 1065 1068 2557
f 1030 378 1047
f 1215 552 1047
f 1283 638 2486
f 1482 639 583
f 2676 1049 1918
f 1643 675 1049
f 2759 1050 566
f 1300 171 1050
f 1882 290 1051
f 2044 765 1051
f 1071 134 1052
f 1008 179 1053
f 1792 587 1053
f 1281 1054 885
f 794 366 1055
f 1208 633 1056
f 862 380 1057
f 793 179 1057
f 2016 769 1058
f 1546 372 1058
f 1830 560 1059
f 1617 196 1059
f 997 688 1060
f 936 653 1060
f 1251 137 1061
f 2308 265 1061
f 2136 744 1062
f 1275 150 1062
f 1494 134 1063
f 1539 129 1063
f 875 733 1064
f 1780 536 1064
f 2105 1478 1065
f 2047 770 1066
f 1131 597 1066
f 1065 149 1068
f 1818 360 1069
f 1236 227 1069
f 951 230 1070
f 894 662 1070
f 959 134 1071
f 1346 277 1071
f 1756 281 1072
f 1972 628 1072
f 314 1341 215
f 1611 379 1075
f 1094 206 1075
f 1382 695 1076
f 1232 685 1076
f 2444 738 2673
f 805 1180 2446
f 1157 737 2446
f 908 684 1078
f 2454 2013 254
f 2580 1500 1132
f 2546 385 1079
f 2245 735 1080
f 849 533 1080
f 1025 249 1081
f 1164 721 1081
f 856 153 1082
f 1026 688 1083
f 1084 2186 597
f 1566 628 1084
f 988 559 1085
f 2460 1048 2484
f 1625 349 1086
f 1110 227 1086
f 1579 370 1087
f 1045 647 1087
f 1577 545 1088
f 1534 335 1090
f 2036 702 1090
f 880 327 1091
f 897 216 1091
f 1516 395 1092
f 1423 273 1092
f 1596 253 1093
f 1808 311 1093
f 956 206 1094
f 1237 2507 1164
f 1095 2568 721
f 2263 184 1096
f 2043 2263 1096
f 957 202 1097
f 1309 244 1098
f 1134 195 1099
f 1429 551 1099
f 1254 223 1100
f 1839 345 1100
f 1817 651 1101
f 2653 1177 1101
f 1540 616 1102
f 1958 133 1103
f 1246 624 1103
f 1515 367 1104
f 1175 648 1104
f 1211 636 1105
f 2304 644 1105
f 1471 290 1106
f 1491 187 1106
f 189 1943 1479
f 1014 196 1108
f 1011 353 1109
f 2049 1110 1495
f 1541 362 1111
f 2269 646 1112
f 1027 647 1112
f 960 299 1113
f 704 328 1114
f 1116 363 1114
f 2393 603 1115
f 1115 135 2268
f 1116 2456 312
f 1000 363 1116
f 877 274 1117
f 1905 178 1983
f 1020 533 1118
f 807 295 1119
f 2257 571 1119
f 1129 765 1120
f 1744 695 1120
f 2476 2282 2453
f 1288 226 1121
f 1843 718 1121
f 1853 572 2478
f 787 682 830
f 1469 708 1122
f 1446 716 1122
f 2622 2777 2287
f 1292 137 1123
f 1123 642 1512
f 236 2007 2363
f 1589 677 1125
f 1424 310 1125
f 1757 678 1126
f 1858 207 1126
f 1104 367 1127
f 827 308 1127
f 2424 1974 2439
f 1598 222 1128
f 1051 765 1129
f 1668 245 1130
f 2475 597 1131
f 1406 383 1133
f 905 620 1133
f 1308 195 1134
f 1438 561 1134
f 1801 717 1135
f 1135 2448 320
f 2228 199 1136
f 1359 2483 879
f 328 1315 2282
f 1224 570 1138
f 2011 585 1138
f 1744 769 1139
f 1532 257 1139
f 1225 228 1140
f 2044 2329 1141
f 1263 384 1142
f 1737 753 1142
f 1033 771 1143
f 1618 403 1144
f 1452 335 1144
f 1146 761 1145
f 1064 733 1145
f 1693 761 1146
f 903 362 1146
f 1191 714 1147
f 1381 161 1147
f 1206 559 1148
f 1032 285 1149
f 962 153 1150
f 1561 356 1150
f 1723 651 1151
f 1520 398 1152
f 1626 165 1152
f 2323 548 1153
f 1087 647 1153
f 1349 181 1154
f 1998 239 1155
f 1039 1355 1155
f 894 659 1156
f 816 301 1156
f 1124 737 1157
f 1099 195 1158
f 782 228 1159
f 858 599 1159
f 2439 295 1160
f 837 2389 1160
f 1040 685 1161
f 890 556 1161
f 1205 308 1162
f 1425 652 1163
f 1019 655 1163
f 1095 721 2507
f 1056 633 1166
f 2056 720 1167
f 1234 135 1167
f 1323 337 1168
f 1168 2493 1959
f 1288 543 1169
f 1469 350 1169
f 1537 2572 1170
f 2168 561 1171
f 1966 555 1171
f 1243 580 1172
f 808 203 1173
f 1310 130 1174
f 1461 648 1175
f 1319 760 1176
f 2981 2478 1176
f 2537 1177 2653
f 2537 701 297
f 1296 544 1178
f 1155 239 1179
f 1000 313 1179
f 1796 745 1180
f 1248 249 1181
f 1245 174 1181
f 1154 181 1182
f 881 266 1182
f 1163 655 1183
f 1075 379 1183
f 892 146 1184
f 2103 589 1184
f 859 258 1185
f 974 666 1185
f 2196 939 1186
f 1186 268 2317
f 1955 221 2712
f 1665 383 1189
f 1589 256 1189
f 1504 593 1190
f 1006 195 1190
f 1710 714 1191
f 1968 219 1191
f 1568 255 1192
f 857 367 1192
f 1235 390 1194
f 2224 363 1194
f 951 684 1195
f 1098 747 1196
f 2162 541 1196
f 1012 2549 1197
f 1255 378 1197
f 964 371 1198
f 2153 160 1198
f 1318 754 1199
f 1008 588 1199
f 1074 314 1200
f 2194 240 2518
f 1217 179 1201
f 1199 754 1201
f 1044 138 1202
f 1128 241 1203
f 1548 725 1203
f 1592 624 1204
f 1175 308 1205
f 1299 680 1205
f 2456 2476 2453
f 1640 559 1206
f 883 148 1207
f 2321 382 1207
f 2579 2273 2194
f 792 633 1208
f 1117 274 1208
f 2353 124 1209
f 1069 227 1209
f 1283 299 1210
f 1593 287 1210
f 636 2027 2073
f 1014 591 1212
f 1846 592 1212
f 803 202 786
f 1812 650 1214
f 1255 560 1215
f 1956 552 1215
f 932 183 1216
f 2581 2481 759
f 2191 304 1259
f 882 179 1217
f 2462 1554 1218
f 2192 555 1219
f 1913 302 1219
f 800 789 833
f 1548 534 1220
f 1971 719 1220
f 1172 580 1221
f 1931 143 1221
f 2967 897 2499
f 2124 289 1223
f 2183 140 1223
f 995 570 1224
f 1159 228 1225
f 1226 294 2092
f 2427 595 1226
f 2295 590 1227
f 1084 597 1227
f 1328 646 1228
f 2205 550 1228
f 1436 535 1229
f 917 543 1229
f 2168 617 1230
f 2511 271 1230
f 2253 553 1231
f 912 368 1231
f 1804 609 1233
f 1816 128 1234
f 1412 135 1234
f 834 1731 2479
f 1165 2532 201
f 1086 227 1236
f 1164 176 1237
f 1290 244 1238
f 2254 338 1238
f 1075 206 1239
f 1125 677 1239
f 1971 736 1240
f 2082 262 1240
f 998 2827 1241
f 2213 580 1243
f 1719 127 1243
f 1029 666 1244
f 872 305 1244
f 1525 174 1245
f 271 1706 1486
f 2422 624 1246
f 2252 681 1247
f 1364 637 1247
f 1081 249 1248
f 2182 753 1249
f 1851 193 1249
f 916 526 1250
f 1389 174 1250
f 137 1563 2128
f 1654 530 1251
f 825 224 1252
f 1695 774 1252
f 1513 563 1253
f 2079 261 1253
f 1320 223 1254
f 1047 378 1255
f 1256 2609 183
f 2143 2366 1257
f 859 657 1257
f 2078 2543 775
f 1121 718 1258
f 1229 543 1258
f 1388 2169 194
f 1983 178 1259
f 1016 353 1260
f 1984 204 1261
f 1810 384 1261
f 944 2015 2285
f 1339 644 1262
f 1776 384 798
f 2214 619 1263
f 1043 689 1264
f 1105 644 1264
f 913 812 1170
f 1487 181 1266
f 1714 726 1266
f 1966 551 1267
f 1700 377 1267
f 1958 672 1268
f 1789 658 1268
f 1582 342 1269
f 1446 220 1269
f 2075 754 1213
f 2180 358 1270
f 2159 1508 1270
f 1262 646 1271
f 929 230 1271
f 1190 195 1272
f 1824 191 1272
f 816 375 1273
f 823 320 1274
f 1820 155 1275
f 1035 150 1275
f 2102 556 1277
f 1277 690 2344
f 1351 770 1278
f 1952 159 1278
f 1490 572 1279
f 768 197 1279
f 1784 186 1280
f 1737 601 1280
f 948 375 1281
f 1281 885 2025
f 876 221 1282
f 1393 149 1065
f 1035 724 1284
f 1091 216 1284
f 1285 1707 143
f 2018 243 1286
f 939 170 1286
f 1154 638 1287
f 1210 287 1287
f 1258 543 1288
f 1773 226 1288
f 1247 681 1289
f 1093 311 1289
f 1726 616 736
f 2122 244 1290
f 1290 218 386
f 1585 586 1291
f 1756 292 1291
f 2040 137 1292
f 1512 640 1292
f 1022 398 1293
f 1591 298 1294
f 1448 147 1294
f 2198 605 1295
f 2145 595 1295
f 2258 573 2285
f 1296 1500 2580
f 1833 180 1297
f 1906 278 1297
f 1003 1790 1298
f 1765 680 1299
f 1162 652 1299
f 1004 171 1300
f 1839 717 1301
f 1660 529 1301
f 1724 142 1302
f 1334 149 1302
f 2103 610 1303
f 2297 2131 1303
f 883 643 1304
f 1018 645 1304
f 1757 253 1305
f 1514 673 1305
f 2037 719 1306
f 1924 538 1306
f 2325 306 1307
f 1407 636 1307
f 1272 195 1308
f 1769 621 1308
f 1601 244 1309
f 1196 541 1309
f 1360 130 1310
f 1679 125 1310
f 2210 1931 1311
f 1221 580 1311
f 1185 666 1312
f 1549 657 1312
f 1615 770 1313
f 2658 676 1921
f 1151 550 1314
f 1985 637 1314
f 2148 154 1315
f 1315 328 1137
f 1267 551 1316
f 1770 656 1316
f 2077 293 1317
f 1460 570 1317
f 2278 2413 1318
f 1318 2473 754
f 2478 572 1319
f 2367 760 1319
f 1975 223 1320
f 2649 247 819
f 775 935 2078
f 1210 299 1321
f 1302 142 1321
f 1181 249 1322
f 2022 337 1323
f 1959 2395 1323
f 2361 967 591
f 2198 755 1325
f 1317 293 1325
f 1723 637 1326
f 992 2653 1326
f 1080 533 1327
f 2280 539 1327
f 1932 164 1329
f 2227 2489 612
f 802 327 880
f 1466 2549 1331
f 1842 140 1332
f 2079 276 1332
f 1505 586 1333
f 1962 610 1333
f 1321 299 1334
f 978 149 1334
f 200 606 1335
f 2350 745 1336
f 1335 606 1336
f 1983 1285 1337
f 1876 649 1338
f 1623 643 1338
f 2386 340 2136
f 1062 2265 2136
f 1264 644 1339
f 1431 735 1340
f 1609 220 1340
f 1022 215 1341
f 1480 598 1342
f 2331 133 1342
f 1497 320 1343
f 865 126 1343
f 1228 550 1344
f 797 659 1344
f 1353 256 1345
f 1125 310 1345
f 1564 277 1346
f 1052 582 1346
f 2033 741 612
f 1410 201 1479
f 2115 566 1347
f 1050 171 1347
f 1365 172 1348
f 790 309 1348
f 1403 181 1349
f 1611 677 1350
f 1890 549 1350
f 1313 770 1351
f 973 676 1351
f 1672 722 1624
f 1957 256 1353
f 1395 185 1353
f 746 2868 2827
f 879 718 2550
f 1441 531 1355
f 2038 540 1356
f 2135 609 1356
f 2247 1360 1357
f 2281 2394 1357
f 1496 131 1358
f 564 2218 2396
f 2105 759 781
f 1360 2247 130
f 1745 938 1361
f 1585 582 1362
f 1608 562 1362
f 1030 545 1363
f 1018 675 1363
f 1734 172 1365
f 1897 284 1366
f 1481 724 1367
f 1524 2776 1921
f 1087 370 1368
f 1596 681 1368
f 953 732 1369
f 1362 582 1369
f 1370 1799 196
f 1212 592 1370
f 1699 546 1371
f 1789 678 1371
f 1447 292 1372
f 1072 628 1372
f 1386 170 1373
f 2227 741 1374
f 1824 621 1374
f 1434 254 1375
f 693 2061 1375
f 1455 696 1376
f 1133 620 1376
f 1047 552 1377
f 849 708 1378
f 1169 543 1378
f 1041 757 1379
f 1395 310 1379
f 806 693 1380
f 824 371 1380
f 1246 1426 2399
f 866 222 1381
f 1711 161 1381
f 1472 695 1382
f 1527 231 1382
f 2528 2494 1555
f 1777 389 1383
f 1349 287 1383
f 891 224 1384
f 1644 365 1385
f 1092 273 1385
f 1046 170 1386
f 2099 403 1386
f 1811 167 1387
f 949 337 1387
f 1850 275 194
f 1903 771 1388
f 1181 174 1389
f 781 1130 1462
f 2082 615 1390
f 1390 2301 2230
f 2367 270 1391
f 1470 733 1391
f 1392 785 138
f 863 778 2457
f 1302 149 1393
f 1250 526 1394
f 1345 310 1395
f 1940 529 1396
f 1085 141 1396
f 1594 141 1397
f 1645 147 1397
f 1291 292 1398
f 1346 582 1398
f 1311 580 1399
f 607 1607 2402
f 1051 290 1400
f 758 2419 351
f 1559 147 1402
f 1165 201 1402
f 1383 389 1403
f 1266 181 1403
f 1514 370 1404
f 1722 369 1404
f 1088 671 1405
f 1214 645 1405
f 1890 383 1406
f 1844 636 1407
f 1730 229 1407
f 1896 571 1408
f 1279 197 1408
f 2106 277 1409
f 1402 201 1410
f 1479 631 1410
f 1411 2445 599
f 946 146 1411
f 1523 538 1412
f 963 135 1412
f 878 2514 2441
f 2020 565 1413
f 1906 263 1413
f 1547 396 1414
f 1874 530 1414
f 2239 175 1415
f 1804 316 1415
f 1608 732 1416
f 1297 180 1417
f 1664 294 1418
f 2355 2341 1418
f 1532 208 1419
f 1544 667 1419
f 794 791 976
f 1689 261 1420
f 2183 139 1420
f 1868 226 1421
f 1421 2590 1354
f 1010 2465 1401
f 862 1330 808
f 1198 160 1422
f 1257 657 1422
f 881 273 1423
f 1239 206 1424
f 889 310 1424
f 1542 652 1425
f 1103 133 1426
f 1471 197 1427
f 1428 2253 2432
f 2375 2438 1428
f 1316 551 1429
f 1158 598 1429
f 1108 2570 2747
f 2274 1448 578
f 1230 271 1430
f 1769 561 1430
f 1080 735 1431
f 1233 2495 1432
f 2246 615 1433
f 2045 1540 1433
f 2061 205 1434
f 945 254 1434
f 2403 589 1435
f 2339 283 1435
f 899 535 1436
f 1258 718 1436
f 2493 801 2606
f 1857 210 1437
f 2119 365 1437
f 1099 551 1438
f 1171 561 1438
f 1212 591 1439
f 1465 650 1440
f 2315 665 1440
f 2175 531 1441
f 2190 528 1442
f 1442 2313 606
f 1192 367 1443
f 1454 669 1443
f 1638 656 1444
f 1480 658 1444
f 843 779 1445
f 1445 833 662
f 1492 716 1446
f 1564 292 1447
f 1402 147 1448
f 799 362 1449
f 822 269 1449
f 1685 766 1450
f 2052 350 1450
f 1984 532 1451
f 1452 989 335
f 2181 235 1452
f 1138 570 1453
f 1734 669 1454
f 854 814 691
f 1894 696 1455
f 1456 398 2090
f 2423 364 1456
f 2145 132 1457
f 1957 272 1457
f 1077 774 1458
f 1980 630 1458
f 2265 150 1459
f 1460 1453 570
f 848 648 1461
f 1130 245 1462
f 1787 1915 1463
f 1368 370 1464
f 1305 253 1464
f 1528 648 1465
f 1197 2549 1466
f 2318 560 1466
f 1877 361 1467
f 1995 744 1467
f 1382 231 1468
f 1036 600 1468
f 1378 708 1469
f 1558 350 1469
f 1918 649 2676
f 1805 563 1470
f 822 733 1470
f 2231 197 1471
f 2104 290 1471
f 1120 695 1472
f 1838 208 1473
f 2016 700 1473
f 821 747 1474
f 990 126 1474
f 1111 763 1475
f 2307 151 1475
f 952 577 1476
f 1301 717 1477
f 1493 234 1477
f 1778 641 1478
f 1943 631 1479
f 2261 658 1480
f 1960 336 1481
f 844 724 1481
f 1102 616 1482
f 915 639 1482
f 1350 677 1483
f 1189 383 1483
f 1704 250 1484
f 1612 169 1484
f 2385 2466 321
f 2332 219 1557
f 1430 271 1486
f 2096 621 1486
f 1634 273 1487
f 2076 336 1488
f 1488 402 2078
f 1709 396 1489
f 987 237 1489
f 1490 2043 572
f 1408 571 1490
f 1882 600 1491
f 1897 187 1491
f 856 716 1492
f 1269 342 1492
f 1969 234 1493
f 953 134 1494
f 1110 2049 227
f 958 131 1496
f 1531 344 1497
f 1135 320 1497
f 2328 129 1498
f 1691 735 1498
f 2347 527 1499
f 1809 1056 1499
f 893 749 1500
f 1553 272 1501
f 2177 618 1501
f 844 802 880
f 854 2459 886
f 947 380 1502
f 992 311 1502
f 1666 382 1503
f 1574 204 1503
f 2234 593 1504
f 1272 191 1504
f 1686 586 1505
f 1631 764 1507
f 2242 326 1696
f 1508 2159 390
f 2406 573 1509
f 2297 2380 1509
f 2181 2593 2523
f 906 255 1510
f 1766 306 1510
f 1774 588 1511
f 1511 2431 2337
f 642 1123 2351
f 1031 640 1512
f 1718 269 1513
f 1464 370 1514
f 1687 673 1514
f 1294 298 578
f 1231 368 2432
f 1443 367 1515
f 1516 2713 395
f 1385 365 1516
f 1024 623 1517
f 1397 141 1517
f 1122 708 1518
f 1340 220 1518
f 2466 1871 1519
f 1519 124 2353
f 2090 398 1520
f 1520 542 2415
f 1267 377 1521
f 1219 555 1521
f 2480 2042 2599
f 986 826 828
f 2058 590 1522
f 2541 2462 1522
f 1234 128 1523
f 1891 538 1523
f 1524 2025 2335
f 870 174 1525
f 1350 549 1526
f 1629 379 1526
f 1076 685 1527
f 1104 648 1528
f 1440 665 1528
f 1951 260 1529
f 1593 142 1529
f 828 811 956
f 1049 233 1530
f 2346 344 1531
f 1531 126 2266
f 1919 208 1532
f 2208 544 1533
f 1079 385 1533
f 2120 387 1534
f 1144 335 1534
f 1455 601 1535
f 1810 381 1535
f 1859 165 1536
f 1648 537 1536
f 1688 2572 1537
f 1932 527 1538
f 1148 388 1538
f 1941 129 1539
f 1023 251 1539
f 1475 151 1541
f 1146 362 1541
f 1629 2364 1542
f 1299 652 1542
f 831 687 1543
f 1832 667 1544
f 2130 536 1545
f 1141 372 1546
f 2074 765 1546
f 1793 534 1548
f 2003 725 1548
f 806 657 1549
f 1961 205 1549
f 1886 739 1550
f 1609 359 1550
f 2459 691 1551
f 1552 1560 286
f 2926 1554 2639
f 1241 2531 1555
f 1041 554 1556
f 2127 331 1557
f 1485 321 1557
f 1122 716 1558
f 1450 350 1558
f 352 2091 2410
f 1397 147 1559
f 1506 916 1560
f 2019 356 1561
f 972 342 1561
f 1791 686 1562
f 1699 673 1562
f 1563 137 1251
f 1409 277 1564
f 2377 121 1565
f 1557 321 1565
f 2387 391 1871
f 1871 2466 2387
f 1227 590 1566
f 1742 628 1566
f 1923 216 1567
f 1794 255 1568
f 1753 359 1569
f 1498 129 1569
f 962 772 1570
f 1252 224 1570
f 2195 291 1571
f 2028 611 1571
f 852 366 976
f 2037 399 1572
f 1711 725 1572
f 838 635 817
f 1510 255 1573
f 2062 679 1573
f 1870 381 1574
f 1261 204 1574
f 841 694 1576
f 2119 705 2713
f 1405 645 1577
f 1684 1595 1845
f 1136 2472 975
f 2271 238 1578
f 1578 730 2334
f 1153 548 1579
f 1404 370 1579
f 2399 291 2422
f 2246 2431 1580
f 1038 130 1581
f 2326 565 1581
f 1026 827 829
f 1732 342 1582
f 1712 722 1583
f 2352 193 1584
f 1590 240 1586
f 1536 165 1586
f 1069 360 1587
f 1663 162 1587
f 936 683 1588
f 1483 677 1589
f 1476 189 1107
f 215 835 2440
f 1792 699 1592
f 1604 287 1593
f 1834 141 1594
f 1010 224 825
f 2548 1684 2908
f 1595 400 2147
f 1289 681 1596
f 1194 363 1597
f 1208 2809 792
f 1203 725 1598
f 1381 222 1598
f 1539 251 1599
f 1922 332 1599
f 1622 128 1600
f 1627 360 1600
f 1238 244 1601
f 1644 726 1602
f 2004 156 1602
f 2339 2258 1603
f 1383 287 1604
f 1529 260 1604
f 2355 618 1605
f 1249 193 1606
f 2405 246 1607
f 1399 2213 1607
f 1690 220 1609
f 905 132 1610
f 1295 605 1610
f 1239 677 1611
f 1591 623 1614
f 861 368 909
f 1066 770 1615
f 970 397 1616
f 1701 577 1616
f 1108 196 1617
f 2780 996 214
f 1534 387 1618
f 2361 591 1619
f 1638 546 1620
f 1680 660 1620
f 2268 135 1621
f 1818 124 1622
f 2032 128 1622
f 1918 675 1623
f 1304 643 1623
f 1837 2662 2604
f 2148 349 1625
f 1586 165 1626
f 1021 1074 1626
f 1816 720 1627
f 1783 360 1627
f 1071 277 1628
f 2035 268 1628
f 1425 379 1629
f 1992 713 1631
f 2564 764 1631
f 1632 2543 2078
f 2078 402 1632
f 2240 608 1633
f 1522 2462 1633
f 1266 726 1634
f 1385 273 1634
f 1664 198 1635
f 579 1188 975
f 1552 304 1636
f 1987 546 1638
f 2101 397 1639
f 2066 710 1639
f 1024 559 1640
f 2288 2042 2480
f 2358 674 1641
f 1915 188 1641
f 1112 647 1642
f 1768 365 1644
f 1294 147 1645
f 869 592 1646
f 1849 289 1646
f 2038 175 1647
f 2024 242 1647
f 1692 537 1648
f 872 692 986
f 2642 2453 752
f 1841 709 1649
f 1965 761 1649
f 1714 389 1650
f 1970 707 1650
f 1575 2580 1132
f 922 655 921
f 1651 723 2482
f 2287 760 1652
f 1582 739 1653
f 1989 355 1653
f 1061 265 1654
f 1414 530 1654
f 2177 185 1655
f 2109 596 1655
f 2008 700 1656
f 1414 396 1657
f 1862 333 1657
f 1185 258 1658
f 1007 692 1658
f 1376 620 1659
f 1280 601 1659
f 1477 234 1660
f 988 529 1660
f 2162 564 1661
f 2390 566 1661
f 127 2146 2359
f 1986 162 1663
f 1783 242 1663
f 2341 198 1664
f 1888 294 1664
f 908 232 864
f 1207 382 1666
f 2010 225 1667
f 1777 260 1667
f 1946 245 1668
f 904 630 1668
f 910 234 1669
f 2609 1256 1670
f 1903 2575 1671
f 2771 2463 266
f 815 722 1672
f 1819 720 1673
f 2229 540 1673
f 1153 647 1674
f 1893 293 1675
f 1280 186 1676
f 1249 753 1676
f 2009 594 1677
f 2144 614 1678
f 1962 562 1678
f 1174 361 1679
f 1884 125 1679
f 1713 660 1680
f 909 368 912
f 1544 373 1681
f 1713 698 1681
f 1442 606 1682
f 1286 243 1683
f 1599 251 1683
f 1845 2299 1684
f 946 281 1686
f 1291 586 1686
f 1156 797 816
f 1404 369 1687
f 1562 673 1687
f 938 2572 1688
f 2371 212 1688
f 1880 131 1689
f 1269 220 1690
f 1550 739 1690
f 1340 735 1691
f 1800 537 1692
f 1908 315 1692
f 1649 761 1693
f 1913 377 1694
f 1861 373 1694
f 2331 2028 1426
f 1878 774 1695
f 2454 1078 847
f 1508 390 1696
f 2397 246 1696
f 2109 757 1697
f 1697 773 2216
f 2197 584 1698
f 902 535 1698
f 1751 377 1700
f 1316 656 1700
f 1011 876 896
f 1927 577 1701
f 1348 309 1702
f 1743 669 1703
f 1365 670 1703
f 1762 250 1704
f 1467 361 1705
f 1704 339 1705
f 1706 2492 2851
f 2292 1172 1707
f 1221 143 1707
f 1795 346 1708
f 924 238 1708
f 1727 742 1709
f 1657 396 1709
f 714 934 896
f 2125 388 1669
f 846 722 1712
f 1739 1728 1712
f 1861 660 1713
f 1806 698 1713
f 1403 389 1714
f 1898 726 1714
f 1293 2091 855
f 1994 184 1715
f 2374 276 1715
f 622 640 1716
f 2045 616 1540
f 1253 261 1718
f 991 269 1718
f 1838 302 1720
f 1694 373 1720
f 2288 731 1721
f 2209 596 1721
f 1579 548 1722
f 1781 369 1722
f 1314 637 1723
f 1101 651 1723
f 1725 142 1724
f 1393 641 1724
f 1529 142 1725
f 1482 616 1726
f 2158 534 1726
f 1982 742 1727
f 1489 237 1727
f 1935 237 1728
f 1307 306 1730
f 1909 229 1730
f 1561 342 1732
f 1413 263 1733
f 1484 250 1733
f 1788 172 1734
f 1406 696 1735
f 1912 549 1735
f 1676 753 1737
f 2014 345 1738
f 1301 529 1738
f 1583 357 1739
f 2174 1728 1739
f 1639 397 2536
f 1700 656 1740
f 1620 660 1740
f 784 2803 2458
f 1362 562 1741
f 1333 586 1741
f 1372 628 1742
f 1568 669 1743
f 2138 547 1743
f 1901 695 1744
f 1361 706 1745
f 1829 740 1746
f 2211 575 1747
f 1724 641 1747
f 1093 253 1748
f 1126 207 1748
f 930 667 1749
f 1803 690 1749
f 738 2444 784
f 1300 2535 1750
f 864 232 925
f 1694 377 1751
f 275 2575 1388
f 1415 175 1752
f 1356 609 1752
f 1925 359 1753
f 2170 210 1754
f 1057 179 882
f 1753 332 1755
f 2184 122 1755
f 1686 281 1756
f 1836 678 1757
f 1748 253 1757
f 2108 2281 1758
f 1899 585 1758
f 1501 618 1759
f 1418 294 1759
f 1207 148 1760
f 2302 2321 1760
f 939 251 1186
f 959 268 1761
f 1705 361 1762
f 1038 250 1762
f 1171 555 1763
f 954 617 1763
f 890 257 1764
f 1419 667 1764
f 2302 680 1765
f 1730 306 1766
f 1628 277 2106
f 1926 300 1767
f 1722 548 1767
f 1437 365 1768
f 1602 156 1768
f 1134 561 1769
f 1486 621 1769
f 1429 598 1770
f 1444 656 1770
f 931 2292 1771
f 1169 350 1773
f 1835 226 1773
f 2278 588 1774
f 2677 1776 798
f 1261 384 1776
f 1825 389 1777
f 1976 641 1778
f 1462 245 1778
f 1779 1347 171
f 2060 536 1780
f 1463 2514 878
f 1840 369 1781
f 1886 122 1782
f 2068 711 1782
f 1587 360 1783
f 1819 242 1783
f 202 633 786
f 984 186 1784
f 568 278 1785
f 2283 2311 1785
f 1467 744 1786
f 1930 217 1786
f 2569 2274 578
f 2110 172 1788
f 1454 665 1788
f 2117 678 1789
f 2057 2759 1814
f 1347 566 1050
f 1790 1003 228
f 1790 2436 779
f 2303 145 2430
f 1603 734 2336
f 1822 686 1791
f 1860 1875 3014
f 1204 587 1792
f 793 699 1792
f 915 534 1793
f 1203 241 1793
f 1573 255 1794
f 1743 547 1794
f 1945 331 1795
f 1953 346 1795
f 1073 2340 1796
f 1899 542 1797
f 1152 165 1797
f 2309 229 1798
f 1767 548 1798
f 795 756 1799
f 1059 196 1799
f 1497 344 1801
f 1477 717 1801
f 1218 1554 750
f 1633 2462 1218
f 1555 1067 241
f 1007 544 884
f 1562 686 1802
f 1620 546 1802
f 1999 690 1803
f 1391 270 1805
f 1994 563 1805
f 1855 698 1806
f 1680 686 1806
f 868 265 1807
f 2270 188 1807
f 867 784 911
f 1502 311 1808
f 1748 207 1808
f 1815 1265 1809
f 1574 381 1810
f 2275 167 1811
f 1827 338 1811
f 2267 650 1812
f 1405 671 1812
f 1374 741 1813
f 1938 191 1813
f 2314 190 1814
f 566 2390 1814
f 1499 527 1815
f 1329 1265 1815
f 1600 128 1816
f 1167 720 1816
f 885 651 1817
f 1817 2789 2335
f 1600 360 1818
f 1627 720 1819
f 1062 744 1820
f 155 1867 2360
f 1989 711 1821
f 2010 394 1821
f 1806 686 1822
f 1840 252 1822
f 929 894 1070
f 1631 713 1823
f 1813 191 1824
f 1667 225 1825
f 1650 389 1825
f 901 743 1826
f 2438 144 1826
f 1387 337 1827
f 1929 338 1827
f 999 758 1828
f 850 783 2526
f 2483 740 1829
f 1799 756 1830
f 1215 560 1830
f 820 1031 2553
f 1536 537 1831
f 1138 585 1831
f 1681 698 1832
f 1749 667 1832
f 2034 198 1833
f 1396 141 1834
f 1421 226 1835
f 2052 214 1835
f 1019 688 997
f 978 966 1068
f 1305 673 1836
f 1371 678 1836
f 1415 316 1837
f 2008 302 1838
f 2005 208 1838
f 1015 717 1839
f 1791 369 1840
f 958 853 991
f 1127 367 857
f 2072 709 1841
f 945 908 1078
f 1881 140 1842
f 1843 955 404
f 404 718 1843
f 1105 636 1844
f 2309 2304 1844
f 2071 2299 1845
f 1646 592 1846
f 1594 631 1847
f 2201 729 1847
f 1416 584 1848
f 1678 562 1848
f 279 289 1849
f 194 2209 1850
f 2705 275 1850
f 926 193 1851
f 1916 231 1852
f 2255 553 1852
f 1279 572 1853
f 920 180 1854
f 2130 1545 2591
f 1803 698 1855
f 842 661 1856
f 1016 249 1025
f 2036 210 1857
f 1768 156 1857
f 2117 672 1858
f 1831 585 1859
f 1797 165 1859
f 1681 373 1861
f 1751 660 1861
f 2540 315 2273
f 982 171 1004
f 1285 143 1337
f 2967 634 1222
f 2084 333 1862
f 1338 643 1863
f 1503 204 1863
f 1566 590 1864
f 2133 1447 1864
f 638 2654 2486
f 887 593 1865
f 1865 1717 611
f 1813 741 1866
f 2135 613 1866
f 1995 339 1867
f 1867 155 1820
f 1121 226 1868
f 1251 530 1869
f 2190 2404 1869
f 1094 922 956
f 1503 382 1870
f 1928 381 1870
f 1622 124 1871
f 1970 225 1872
f 2068 323 1872
f 2212 385 1873
f 1657 333 1874
f 1904 530 1874
f 1993 1875 989
f 1451 649 1876
f 1863 204 1876
f 1786 217 1877
f 1679 361 1877
f 1458 774 1878
f 1949 576 1878
f 1909 679 1879
f 2126 300 1879
f 1420 139 1880
f 1358 131 1880
f 901 594 1881
f 1223 140 1881
f 1106 290 1882
f 1129 600 1882
f 1885 394 1883
f 1667 260 1883
f 2064 125 1884
f 2207 394 1885
f 2203 613 1887
f 2229 603 1887
f 1635 568 1888
f 2092 294 1888
f 1457 132 1889
f 1189 256 1889
f 1735 549 1890
f 2067 538 1891
f 2032 391 1891
f 1237 176 267
f 858 839 1892
f 1072 281 1892
f 860 325 2298
f 957 298 1591
f 1116 971 1000
f 984 605 1893
f 1325 293 1893
f 1060 653 1055
f 1535 381 1894
f 2167 696 1894
f 1653 739 1895
f 1782 711 1895
f 1036 284 1897
f 807 187 1897
f 1602 726 1898
f 1650 707 1898
f 2140 542 1899
f 1874 333 1900
f 2222 528 1900
f 1076 695 1901
f 1139 257 1901
f 1902 169 1216
f 1902 1632 402
f 1143 771 1903
f 1869 530 1904
f 1337 405 1905
f 841 689 1195
f 2342 626 2429
f 2026 278 1906
f 1417 263 1906
f 2054 699 1907
f 1057 380 1907
f 1648 240 1908
f 2273 315 1908
f 1926 229 1909
f 1184 146 1911
f 1333 610 1911
f 1463 878 1787
f 2080 549 1912
f 1521 377 1913
f 1720 302 1913
f 1625 162 1914
f 2065 154 1914
f 1276 188 1915
f 1915 2354 1463
f 1468 231 1916
f 1156 843 894
f 1081 941 1025
f 2185 354 1917
f 1727 237 1917
f 1338 649 1918
f 1049 675 1918
f 1139 769 1919
f 1473 208 1919
f 1538 388 1920
f 1997 164 1920
f 1282 866 876
f 2204 723 1651
f 1229 902 917
f 2149 332 1922
f 1683 243 1922
f 2001 157 1923
f 919 216 1923
f 1550 359 1925
f 1755 122 1925
f 1798 229 1926
f 1879 300 1926
f 1476 577 1927
f 2434 788 2076
f 1894 381 1928
f 2313 1442 2276
f 2156 338 1929
f 2022 2221 1929
f 2111 217 1930
f 2136 340 1930
f 2083 143 1931
f 1070 847 951
f 1920 164 1932
f 1815 527 1932
f 1781 300 1933
f 2051 252 1933
f 906 857 1192
f 1196 747 1934
f 1358 564 1934
f 1015 965 1135
f 1917 237 1935
f 2174 213 1935
f 1332 140 1936
f 1420 261 1936
f 1060 829 936
f 1937 391 2387
f 2112 191 1938
f 324 352 1939
f 1939 357 1973
f 1159 599 830
f 1738 529 1940
f 1569 129 1941
f 1647 175 1942
f 2048 401 1942
f 1847 631 1943
f 1821 711 1944
f 1872 225 1944
f 1708 238 1945
f 2332 331 1945
f 2041 245 1946
f 1980 576 1946
f 2182 767 1947
f 1949 772 2401
f 2412 576 1949
f 1883 260 1951
f 1003 159 1952
f 2023 346 1953
f 1954 289 279
f 1048 960 1113
f 983 221 1955
f 832 552 1956
f 1889 256 1957
f 1981 672 1958
f 2261 133 1958
f 1959 1361 2395
f 2493 1168 801
f 1367 155 1960
f 2310 336 1960
f 1312 666 1961
f 993 645 1214
f 1042 755 2417
f 1295 2427 1963
f 2522 749 1964
f 2143 160 1964
f 1780 761 1965
f 1887 613 1967
f 1356 540 1967
f 1147 161 1968
f 1968 1485 219
f 1669 234 1969
f 2087 707 1970
f 2158 736 1971
f 1250 870 916
f 1892 839 1972
f 838 324 1973
f 357 1939 2370
f 1974 2424 743
f 2374 2291 1974
f 1975 965 223
f 1747 641 1976
f 2000 152 1977
f 2176 710 1977
f 2055 123 1978
f 1884 217 1978
f 1821 394 1979
f 2046 355 1979
f 1668 630 1980
f 934 730 1260
f 1002 672 1981
f 1103 624 1981
f 2059 742 1982
f 1917 354 1982
f 1776 532 1984
f 2205 2252 1985
f 1247 637 1985
f 1914 162 1986
f 1371 546 1987
f 1444 658 1987
f 2248 2095 2826
f 1058 372 1988
f 1862 742 1990
f 2055 343 1990
f 1379 757 1991
f 1655 185 1991
f 1083 652 1162
f 1507 2299 1992
f 2006 713 1992
f 989 1452 1993
f 2232 563 1994
f 1994 1096 184
f 1820 744 1995
f 1705 339 1995
f 1484 169 1996
f 2376 1704 1996
f 2371 164 1997
f 2348 239 1998
f 1998 531 2356
f 2163 690 1999
f 2165 152 2000
f 2002 713 2000
f 1163 652 1083
f 1183 655 1094
f 1137 328 704
f 1567 236 2001
f 2416 157 2001
f 1823 713 2002
f 1977 710 2002
f 1220 719 2003
f 1572 725 2003
f 2243 156 2004
f 1720 373 2005
f 1419 208 2005
f 2335 2603 1524
f 2071 762 2006
f 2000 713 2006
f 2007 236 1124
f 973 159 1273
f 2141 302 2008
f 1473 700 2008
f 869 594 2009
f 840 282 2009
f 1944 225 2010
f 1883 394 2010
f 1758 585 2011
f 1453 2342 2011
f 1127 308 1175
f 1647 242 2012
f 1673 540 2012
f 961 188 1276
f 2013 2435 778
f 1375 254 2013
f 2391 345 2014
f 2014 729 2409
f 1988 700 2016
f 2165 762 341
f 2017 151 2307
f 2018 387 2411
f 2123 243 2018
f 1732 355 2019
f 1535 601 2021
f 1142 384 2021
f 998 222 1282
f 898 763 1111
f 1827 337 2022
f 2022 2029 2221
f 1662 346 2023
f 2171 712 2023
f 1663 242 2024
f 1043 951 1195
f 1413 2469 2026
f 1785 278 2026
f 2027 636 1211
f 2399 1426 2028
f 1323 2395 2029
f 1110 358 2030
f 2100 211 2030
f 1457 272 2031
f 1226 595 2031
f 1523 128 2032
f 1871 391 2032
f 1866 741 2033
f 1233 609 2033
f 1635 198 2034
f 1297 278 2034
f 2448 1135 965
f 2317 268 2035
f 2035 608 2379
f 1684 2506 2908
f 923 210 2036
f 2012 540 2038
f 1752 175 2038
f 1353 185 2039
f 1501 272 2039
f 1061 137 2040
f 1009 774 1077
f 1778 245 2041
f 1873 2546 2042
f 1096 270 2043
f 1319 572 2043
f 2260 736 2045
f 2019 355 2046
f 2207 2428 2046
f 2186 173 2047
f 1278 770 2047
f 2239 557 2048
f 2233 401 2048
f 2546 1873 385
f 2049 1495 703
f 1209 227 2049
f 2316 2153 2050
f 1198 371 2050
f 1180 745 1157
f 2126 663 2051
f 1999 252 2051
f 1773 350 2052
f 2053 2529 267
f 1394 526 2053
f 947 207 2054
f 1002 699 2054
f 2059 123 2055
f 1343 823 865
f 1208 1056 1117
f 2712 1011 1109
f 927 794 1055
f 1673 720 2056
f 1115 603 2056
f 967 567 2057
f 1814 190 2057
f 1633 608 2058
f 1864 590 2058
f 1990 742 2059
f 1334 960 978
f 1965 400 2060
f 1545 536 2060
f 1549 205 2061
f 1794 547 2062
f 2081 679 2062
f 1086 349 2063
f 2151 125 2064
f 1986 401 2065
f 154 2294 2392
f 1054 550 1151
f 1244 666 974
f 1155 810 1039
f 2002 710 2066
f 1306 538 2067
f 1380 693 863
f 1298 950 1003
f 1944 711 2068
f 2070 323 2068
f 2204 2381 2069
f 1782 122 2070
f 2139 323 2070
f 1992 2299 2071
f 1845 709 2072
f 2073 2437 2325
f 1307 636 2073
f 1182 266 1154
f 1058 769 2074
f 1120 765 2074
f 1244 925 1029
f 1201 754 2075
f 1341 1021 1022
f 1166 1614 2319
f 995 604 2077
f 926 293 2077
f 3269 1829 899
f 1936 261 2079
f 932 263 1417
f 1274 763 898
f 1526 549 2080
f 2093 2364 2080
f 2154 663 2081
f 1879 679 2081
f 1387 911 949
f 2193 333 2084
f 2060 400 2085
f 1124 236 1222
f 2086 1357 392
f 2415 542 2086
f 1872 323 2087
f 2097 707 2087
f 2223 218 2088
f 2088 2408 329
f 2206 123 2089
f 1982 354 2089
f 2090 2415 728
f 398 1456 1293
f 2091 317 855
f 1164 2507 721
f 2092 2430 145
f 294 1226 1553
f 2093 654 376
f 1493 344 2094
f 2327 1969 2094
f 1988 372 2095
f 2512 1512 642
f 1374 621 2096
f 323 2300 2097
f 2004 707 2097
f 1930 340 2098
f 2188 343 2098
f 2099 2593 403
f 2099 1373 2381
f 1188 2351 975
f 1112 646 1262
f 2199 211 2215
f 1616 397 2101
f 2102 2344 2320
f 2102 836 556
f 2104 2937 1400
f 2356 531 2107
f 2155 607 2107
f 1113 299 1283
f 2394 2281 2108
f 2011 2342 2108
f 1248 176 1164
f 1991 757 2109
f 2216 596 2109
f 2290 2378 2336
f 2315 307 2110
f 1013 172 2110
f 2098 343 2111
f 1978 217 2111
f 1504 191 2112
f 1306 719 2113
f 1240 262 2113
f 2114 2425 702
f 1857 156 2114
f 1661 566 2115
f 914 541 2115
f 322 219 2332
f 1310 125 2116
f 2293 392 2116
f 842 671 1551
f 1071 1052 1346
f 1268 672 2117
f 1126 678 2117
f 1516 365 2119
f 1378 543 917
f 1284 919 1035
f 1090 702 2120
f 2411 387 2120
f 1870 382 2121
f 376 654 2121
f 244 990 1098
f 2407 2876 1132
f 1922 243 2123
f 2123 319 2149
f 2889 2721 1012
f 1646 289 2124
f 2237 329 2125
f 1920 388 2125
f 1933 300 2126
f 1241 241 1128
f 1565 121 2127
f 1795 331 2127
f 1123 137 2128
f 2128 574 2351
f 1479 201 1034
f 2220 364 2185
f 2250 354 2129
f 1149 840 1032
f 1652 536 2130
f 1377 1030 1047
f 993 883 1304
f 1145 903 1146
f 1435 589 2131
f 2131 2297 627
f 2132 1854 1143
f 1903 558 1143
f 1409 1447 2133
f 1495 211 2134
f 2171 2377 2134
f 1967 613 2135
f 1786 744 2136
f 2401 772 2137
f 664 547 2138
f 2138 670 2320
f 1201 1008 1199
f 275 2663 2575
f 1543 790 831
f 2086 542 2140
f 1758 2281 2140
f 1656 668 2141
f 1219 302 2141
f 2431 1511 629
f 2398 214 2142
f 1450 766 2142
f 1964 749 2143
f 1422 160 2143
f 2380 614 2144
f 928 1787 1352
f 2031 595 2145
f 1510 306 933
f 2352 2306 264
f 1606 193 2352
f 2146 127 1662
f 1649 709 2147
f 865 821 1474
f 1137 349 2148
f 1264 689 1211
f 1755 332 2149
f 1974 743 2150
f 1332 276 2150
f 2116 125 2151
f 1161 836 1040
f 2368 1931 2152
f 2155 177 2152
f 2153 2316 2378
f 2161 1964 160
f 2154 547 664
f 1205 1162 1299
f 1368 1045 1087
f 1670 2498 2582
f 1238 338 2156
f 1572 399 2157
f 2157 161 1711
f 1176 2478 1319
f 949 801 1168
f 1220 534 2158
f 1270 704 2159
f 1194 390 2159
f 853 799 1449
f 2235 567 2160
f 2153 2378 2161
f 2161 2426 2244
f 2344 690 2163
f 1639 710 2164
f 2349 152 2165
f 888 871 1632
f 1977 152 2166
f 1254 158 2166
f 1102 2365 192
f 979 231 1527
f 1735 696 2167
f 1215 1047 1255
f 2169 1388 771
f 2169 1605 194
f 1860 705 2170
f 1437 210 2170
f 2199 712 2171
f 1953 121 2171
f 943 286 1560
f 1384 758 999
f 2172 2353 703
f 1565 321 2172
f 2164 2217 2101
f 2410 213 2370
f 1369 582 1052
f 1309 1098 1196
f 918 396 1547
f 1136 574 2228
f 1005 545 1377
f 3067 2329 2937
f 1525 238 924
f 2107 531 2175
f 1571 291 2399
f 2164 710 2176
f 1287 638 1283
f 2039 185 2177
f 1812 671 2178
f 1885 575 2179
f 2030 358 2180
f 1144 403 2181
f 1204 629 587
f 1322 730 1245
f 1271 230 1339
f 2214 753 2182
f 1396 988 1085
f 1288 1121 1258
f 1954 139 2183
f 1936 140 2183
f 1489 918 987
f 2070 122 2184
f 2149 319 2184
f 2129 354 2185
f 950 816 1273
f 1066 597 2186
f 839 173 2186
f 2084 343 2188
f 2284 2420 2188
f 1605 618 2189
f 1655 596 2189
f 1089 1170 812
f 1100 345 1254
f 2391 158 1254
f 1682 2404 2190
f 2191 1636 304
f 1334 1302 1321
f 1184 589 1202
f 2141 668 2192
f 2188 2420 2193
f 1900 333 2193
f 1161 685 1232
f 1134 1099 1438
f 1472 600 1129
f 1183 379 1425
f 1379 889 1041
f 1009 825 1252
f 1424 811 889
f 1284 880 1091
f 1908 240 2194
f 2220 2410 715
f 1482 583 1102
f 2196 2317 182
f 1373 170 2196
f 2144 584 2197
f 1429 1099 1158
f 1118 584 1416
f 1265 1329 1170
f 1389 176 1248
f 1289 311 1364
f 903 822 1449
f 1063 1023 1539
f 2134 211 2199
f 2215 712 2199
f 1570 891 962
f 1517 141 1085
f 2048 557 2200
f 2409 729 2201
f 2201 1927 2217
f 1630 834 303
f 1040 309 1543
f 994 346 1662
f 2202 356 2019
f 1205 680 1461
f 1938 613 2203
f 2106 608 2035
f 1344 659 1328
f 2069 723 2204
f 1227 597 2475
f 1492 342 972
f 1474 747 1098
f 2205 2269 2252
f 1314 550 2205
f 1436 1229 1258
f 1771 286 943
f 1678 614 1962
f 1303 610 1962
f 1287 287 1349
f 968 650 1465
f 1353 1345 1395
f 2064 123 2206
f 2179 2428 2207
f 1979 394 2207
f 1225 858 1159
f 884 544 2208
f 2152 1931 2210
f 1616 819 970
f 1728 237 987
f 1370 1014 1212
f 1424 1125 1239
f 1403 1349 1383
f 1260 730 1322
f 1339 1043 1264
f 1551 671 1088
f 2179 575 2211
f 930 890 1764
f 1533 385 2208
f 2213 1399 580
f 2213 2359 334
f 1947 619 2214
f 1142 753 2214
f 1466 560 1255
f 2100 2400 2215
f 2384 712 2215
f 1721 596 2216
f 1178 893 1296
f 1325 755 1460
f 1107 952 1476
f 1701 2101 2217
f 1963 2417 755
f 1880 139 2218
f 2218 564 1358
f 980 127 1719
f 2529 2053 2219
f 1001 848 1461
f 1660 910 988
f 1538 527 1206
f 895 357 1583
f 2185 213 2220
f 715 364 2220
f 2088 218 2221
f 1579 1087 1153
f 2193 2420 2222
f 2276 528 2222
f 386 218 2223
f 2237 2327 2223
f 1114 363 2224
f 2159 704 2224
f 994 924 1708
f 1717 2234 2225
f 1887 2393 2225
f 2432 368 2226
f 777 814 2433
f 1275 155 1367
f 612 741 2227
f 2340 199 2228
f 2056 603 2229
f 1967 540 2229
f 963 262 2230
f 1106 187 2231
f 1408 197 2231
f 1504 1190 1272
f 1253 563 2232
f 1715 276 2232
f 1394 176 1389
f 2065 401 2233
f 1131 1066 1615
f 1865 593 2234
f 964 806 1380
f 2387 2385 348
f 2466 2172 321
f 2759 567 2235
f 2612 2160 2702
f 728 318 2236
f 2129 2423 2236
f 2088 329 2223
f 1669 1969 2237
f 1512 2512 1031
f 1576 374 2238
f 1211 689 2238
f 390 2348 2397
f 1619 1108 2747
f 1942 175 2239
f 1422 964 1198
f 1628 959 1071
f 2428 2179 2241
f 1411 599 1193
f 1359 879 2550
f 1598 1128 1203
f 1502 380 1173
f 1235 239 2348
f 2354 1641 674
f 2400 326 2242
f 1481 336 1017
f 2114 156 2243
f 2097 2300 2243
f 1692 315 604
f 1964 2161 2244
f 2419 2711 2398
f 1278 973 1351
f 1761 251 1023
f 736 616 2045
f 1496 821 958
f 1327 539 2245
f 1498 735 2245
f 2272 615 2246
f 1433 2337 2246
f 1271 646 1328
f 1581 130 2247
f 2247 2394 2326
f 892 785 1411
f 1656 700 2248
f 2249 1366 284
f 1852 553 2249
f 1478 641 1393
f 1197 378 1530
f 1200 240 1590
f 2089 354 2250
f 1515 665 1454
f 1147 866 1381
f 1312 859 1185
f 1150 972 1561
f 1566 1084 1227
f 1431 849 1080
f 1468 600 1472
f 1152 1021 1626
f 1376 696 1406
f 1511 588 2251
f 1053 587 2251
f 1045 681 2252
f 215 855 835
f 837 553 2253
f 1292 1123 1512
f 1410 631 1559
f 1601 776 2254
f 1811 338 2254
f 1465 1440 1528
f 612 2489 2495
f 1490 1279 1408
f 979 687 2255
f 1029 232 2256
f 1326 637 1364
f 1807 188 961
f 2263 571 2257
f 1119 569 2257
f 1369 732 1608
f 2258 2339 627
f 1509 573 2258
f 1571 611 2259
f 2301 2195 2259
f 1398 292 1564
f 1240 736 2260
f 1433 615 2260
f 1518 708 1431
f 1587 162 1236
f 1342 133 2261
f 1268 658 2261
f 2437 374 2262
f 927 653 2262
f 1292 640 622
f 1179 239 1597
f 1707 1172 1221
f 1329 164 1537
f 1469 1169 1378
f 1140 173 1225
f 1447 1409 1564
f 1448 1165 1402
f 1236 162 1625
f 2257 184 2263
f 1611 1075 1239
f 1321 142 1593
f 1475 763 2264
f 2264 2349 341
f 2265 2418 2386
f 2265 1062 150
f 1033 180 1833
f 2266 2122 386
f 126 1531 1343
f 1446 1269 1492
f 1440 650 2267
f 2178 307 2267
f 1145 761 1780
f 1828 766 1082
f 2268 2301 581
f 135 1115 1167
f 1533 544 1296
f 1514 1305 1464
f 1228 646 2269
f 1243 1172 1719
f 1398 582 1585
f 1028 2358 1716
f 1712 1728 981
f 1658 258 1178
f 1412 1234 1523
f 1497 1343 1531
f 1100 1015 1839
f 1641 188 2270
f 2271 2334 322
f 1945 238 2271
f 1973 895 838
f 1064 536 1652
f 2472 1136 199
f 1580 291 2272
f 1390 615 2272
f 1160 295 1366
f 315 2540 751
f 1173 862 808
f 1700 1267 1316
f 1182 181 1487
f 2063 349 1137
f 1596 1093 1289
f 1702 670 1365
f 1384 2298 758
f 1817 1101 1177
f 1165 1448 2274
f 2254 776 2275
f 982 167 2275
f 1442 528 2276
f 1656 2864 2674
f 1199 588 2278
f 1540 192 1774
f 1464 253 1596
f 985 670 1702
f 1344 550 1054
f 1180 1073 1796
f 1251 1061 1654
f 2262 653 2279
f 1588 2325 2279
f 900 832 1956
f 1658 974 1185
f 1020 732 2280
f 1793 241 1067
f 1762 361 1174
f 2282 2392 752
f 2282 2476 328
f 2429 2311 2283
f 1345 256 1589
f 1234 1167 1816
f 2098 340 2284
f 2258 2285 1603
f 1746 944 573
f 1348 172 1013
f 1946 2412 2286
f 1882 1051 1129
f 1176 760 2287
f 2287 2777 1176
f 1626 1074 1590
f 1516 1092 1385
f 1310 1174 1679
f 1336 745 1796
f 2034 278 568
f 2216 773 2288
f 899 602 2289
f 1698 535 2289
f 2426 2161 2378
f 1831 537 1224
f 1593 1529 1604
f 1560 1552 1630
f 1119 295 2291
f 1130 904 1668
f 1659 601 1455
f 1698 584 1118
f 1133 383 1665
f 1382 1076 1527
f 2292 2333 632
f 2292 931 1172
f 1542 1425 1629
f 2383 392 2293
f 2293 318 728
f 1669 388 1148
f 1216 169 1612
f 2294 154 2065
f 1522 590 2295
f 2408 2088 2296
f 1559 631 1594
f 1517 623 1645
f 1586 240 1648
f 1724 1302 1393
f 1209 124 1818
f 1308 621 1824
f 1518 220 1446
f 1526 379 1611
f 1443 669 1568
f 1509 627 2297
f 1303 614 2297
f 1288 1169 1773
f 2298 1384 1401
f 2187 2604 2633
f 1630 1552 1636
f 1723 1151 1314
f 2425 2243 2300
f 1082 766 1685
f 1407 1307 1730
f 1222 236 1567
f 2259 581 2301
f 1621 2230 2301
f 1682 606 200
f 1714 1266 1403
f 1654 265 1547
f 2488 2322 2132
f 1478 1462 1778
f 1514 1404 1687
f 1660 1301 1477
f 1623 1018 1304
f 1001 680 2302
f 1765 376 2302
f 2429 626 2303
f 2083 405 1337
f 1770 598 1480
f 1157 745 2007
f 1569 359 1691
f 1487 1266 1634
f 1558 716 1685
f 1769 1430 1486
f 1577 1088 1405
f 1191 1147 1968
f 1578 238 1525
f 1609 1550 1690
f 1801 344 1493
f 1308 1134 1769
f 1027 644 2304
f 2343 2421 2305
f 2222 2420 2305
f 2218 139 1954
f 1589 1189 1483
f 2063 358 1086
f 1137 704 2063
f 1270 358 2063
f 1469 1122 1558
f 1541 1111 1475
f 1186 251 1761
f 1326 1101 1723
f 1363 545 1577
f 1770 1316 1429
f 1759 294 1553
f 1224 537 1800
f 151 2017 1841
f 2307 2264 341
f 1807 265 2308
f 2308 2040 622
f 1407 229 2309
f 2309 2323 2304
f 1740 656 1638
f 1017 336 2076
f 1470 1391 1805
f 1386 403 1618
f 1528 665 1515
f 855 1022 1293
f 1275 1062 1820
f 1764 257 1532
f 1901 257 1232
f 1037 209 674
f 1573 679 1766
f 1996 169 1902
f 1902 402 166
f 1952 173 1140
f 2310 2360 166
f 1488 336 2310
f 1167 1115 2056
f 1634 726 1644
f 1363 675 1643
f 2311 2429 2303
f 2311 2430 568
f 1653 355 1732
f 1552 632 304
f 1351 676 2658
f 1117 1056 1809
f 1644 1602 1768
f 1388 194 275
f 1747 575 1725
f 1968 161 2312
f 2157 348 2312
f 1762 1704 1705
f 1733 263 1612
f 2313 2421 2350
f 1336 606 2313
f 1722 1404 1579
f 2314 2396 279
f 190 1849 1846
f 1666 883 1207
f 1645 623 1591
f 1622 1600 1818
f 1627 1600 1816
f 1740 660 1751
f 2315 2267 307
f 1788 665 2315
f 1217 1201 2075
f 1598 725 1711
f 1835 214 996
f 1931 1221 1311
f 2336 2378 2316
f 2050 283 2316
f 1823 2564 1631
f 900 756 282
f 1812 1214 1405
f 1663 1587 1783
f 1513 1253 1718
f 1683 939 1286
f 1750 1004 1300
f 2529 2624 2727
f 2453 2642 2442
f 752 2453 2282
f 1712 1583 1739
f 268 1186 1761
f 2317 2379 182
f 1691 359 1609
f 1618 1144 1534
f 1432 316 1804
f 1741 586 1585
f 1771 632 286
f 1713 1680 1806
f 1309 541 776
f 1802 686 1680
f 2537 203 808
f 1059 560 2318
f 1767 300 1781
f 1372 292 1756
f 1542 2364 1765
f 1090 923 2036
f 1906 1297 1417
f 2319 1056 1166
f 1991 185 1395
f 1574 1503 1870
f 1499 1056 2319
f 1614 2338 2319
f 1483 383 1890
f 1690 739 1582
f 2320 2344 664
f 670 2138 1703
f 1894 1455 1535
f 1687 369 1791
f 1570 772 1695
f 1277 930 1749
f 1693 151 1841
f 1604 260 1777
f 2121 382 2321
f 2322 1670 1256
f 1709 1489 1727
f 1674 2304 2323
f 1798 548 2323
f 1802 546 1699
f 1713 1681 1861
f 1281 2025 2324
f 2324 1921 676
f 1439 190 1846
f 1905 1983 1337
f 933 306 2325
f 1323 1168 1959
f 1709 742 1862
f 2617 2105 1065
f 1664 1635 1888
f 1845 1595 709
f 1832 1544 1681
f 2322 2488 2498
f 2132 2322 1854
f 1832 698 1803
f 2469 1413 565
f 2326 2394 136
f 1541 151 1693
f 1794 1568 1743
f 2316 625 2336
f 1848 562 1608
f 1777 1667 1825
f 1822 1791 1840
f 1861 1694 1751
f 2053 526 2219
f 1822 252 1855
f 1934 747 1496
f 1911 146 1505
f 1783 1627 1819
f 2327 2346 386
f 2327 2237 1969
f 1481 1367 1960
f 1641 2354 1915
f 1063 129 2328
f 2328 2245 539
f 1530 378 1643
f 1697 757 2330
f 1556 2212 2330
f 1921 2324 1524
f 1426 133 2331
f 1342 280 2331
f 1692 1648 1908
f 1703 669 1734
f 734 2616 2290
f 1599 332 1941
f 1915 1787 1276
f 241 1241 1555
f 1714 1650 1898
f 331 2332 1557
f 2332 2271 322
f 1863 643 1666
f 1386 1373 2099
f 1256 920 1854
f 1707 1285 2333
f 1913 1694 1720
f 612 1233 2033
f 2334 1710 322
f 730 1578 1245
f 1801 1135 1497
f 1734 1454 1788
f 2225 581 1717
f 2473 1213 754
f 2629 2413 2382
f 1548 1203 1793
f 1925 1753 1755
f 1810 1261 1574
f 1462 1478 2105
f 1476 1927 1943
f 1766 679 1909
f 1922 1599 1683
f 1520 1152 1797
f 1864 1447 1742
f 1433 1540 2337
f 1434 1375 2061
f 1290 1238 2156
f 2116 392 1360
f 1636 2191 1731
f 1998 1155 1355
f 1737 1280 1676
f 1259 304 1983
f 1150 356 2137
f 1926 1767 1798
f 1874 1414 1657
f 2251 1008 1053
f 2005 373 1544
f 1756 1291 1686
f 1286 1046 2018
f 1659 620 1784
f 1592 1204 1792
f 1614 623 2338
f 1859 585 1899
f 1752 609 1804
f 1849 190 2314
f 1869 2404 1563
f 1603 625 2339
f 1435 627 2339
f 1471 1427 2104
f 2166 152 1320
f 1615 2694 2643
f 2340 1335 1796
f 2340 2228 1335
f 2341 2355 2169
f 937 198 2341
f 1836 673 1699
f 2342 1453 626
f 2342 2429 136
f 1847 729 1834
f 1900 528 1904
f 1689 1420 1880
f 1809 1499 1815
f 2418 157 2343
f 1624 1352 878
f 1631 1507 1992
f 1084 628 1972
f 2042 2288 773
f 1913 1219 1521
f 1795 1708 1945
f 1895 739 1886
f 1933 252 1840
f 690 1277 1749
f 2163 664 2344
f 3065 2680 3027
f 1892 281 1193
f 1549 1312 1961
f 2346 2266 386
f 2094 344 2346
f 2017 341 762
f 2165 2006 762
f 1206 527 2347
f 2347 2319 2338
f 1951 575 1885
f 1623 1338 1918
f 1438 551 1966
f 2348 2356 2397
f 239 1235 1597
f 1866 613 1938
f 1877 217 1884
f 1909 1879 1926
f 1857 1437 1768
f 1491 1106 1882
f 1859 1536 1831
f 1521 555 1966
f 1671 558 1903
f 1320 152 2349
f 2165 341 2349
f 1427 197 768
f 1638 1444 1987
f 1877 1467 1786
f 1941 332 1753
f 2127 1557 1565
f 2007 745 2350
f 1315 1137 2148
f 1890 1406 1735
f 1725 575 1951
f 2058 1522 1633
f 1505 946 1686
f 574 2128 2404
f 2351 1188 642
f 1053 793 1792
f 1584 751 2352
f 2713 1516 2119
f 1855 252 1999
f 1867 1820 1995
f 2353 2049 703
f 124 1519 1871
f 1811 1387 1827
f 1738 345 1839
f 1824 1374 1813
f 2080 2364 1629
f 1676 186 1851
f 400 1595 2508
f 1532 1139 1919
f 1757 1305 1836
f 1704 2376 339
f 1825 225 1970
f 1838 1720 2005
f 1995 1467 1705
f 1263 1142 2214
f 1814 2759 566
f 1878 1695 1949
f 1605 2169 2355
f 2011 1138 1453
f 2019 1561 1732
f 2143 1257 1422
f 751 2306 2352
f 1828 758 351
f 1049 2676 233
f 2012 242 1819
f 531 1998 1355
f 2356 2402 2397
f 1835 1773 2052
f 2035 1628 2106
f 1548 1220 2003
f 1726 915 1482
f 1491 1036 1897
f 547 2154 2062
f 1916 1036 1468
f 2000 1977 2002
f 2296 2221 2029
f 773 2330 1873
f 2290 2616 2357
f 1317 995 2077
f 2358 1028 674
f 2358 2270 622
f 1243 127 2359
f 2359 2384 334
f 1400 2329 2044
f 1399 607 2210
f 1456 364 715
f 1925 122 1886
f 2414 2294 2233
f 1412 538 1924
f 2648 2597 1330
f 2031 272 1553
f 1743 1703 2138
f 2091 1293 715
f 1889 132 1665
f 1757 1126 1748
f 1982 1727 1917
f 1808 947 1502
f 1960 155 2360
f 2360 2376 166
f 2361 1619 2605
f 967 1324 567
f 1430 561 2168
f 2050 371 2362
f 2362 2403 283
f 2010 1667 1883
f 1929 1827 2022
f 1895 711 1989
f 2007 2350 2363
f 2001 236 2363
f 2010 1821 1944
f 1955 2712 1613
f 1907 793 1057
f 2030 211 1495
f 1119 571 1896
f 2021 384 1810
f 324 1939 1973
f 1733 250 2020
f 2062 1573 1794
f 2365 1102 583
f 2365 2530 2382
f 1979 355 1989
f 1937 399 2067
f 2096 2561 2227
f 1741 562 1962
f 1876 1338 1863
f 2006 1992 2071
f 2032 1622 1871
f 161 2157 2312
f 2042 773 1873
f 893 258 2366
f 1834 729 1940
f 1939 352 2410
f 2068 1872 1944
f 2372 750 723
f 1932 1538 1920
f 875 760 2367
f 2367 2043 270
f 2014 1738 1940
f 1898 707 2004
f 2065 1914 1986
f 1946 1668 1980
f 1718 261 1689
f 1931 2368 2083
f 1546 765 2044
f 1987 658 1789
f 2134 703 1495
f 1191 219 322
f 1508 326 2180
f 1932 1329 1815
f 1838 1473 2008
f 2055 1990 2059
f 1978 123 2064
f 1808 1093 1748
f 1957 1457 1889
f 2121 654 1928
f 1360 392 1357
f 1878 576 1980
f 2075 2648 1217
f 2038 1356 1752
f 1876 204 1984
f 734 2015 2277
f 2290 2426 2378
f 1970 1872 2087
f 1923 1567 2001
f 1848 584 2144
f 2041 2211 1976
f 1470 563 1513
f 1937 2387 348
f 2157 399 348
f 218 1290 2156
f 1610 132 2145
f 1324 967 2361
f 2060 1780 1965
f 2369 2373 280
f 1342 598 2369
f 1942 401 2024
f 2170 1754 1860
f 1452 235 1993
f 2118 1077 1458
f 1739 357 2370
f 1891 1523 2032
f 1990 343 2084
f 1928 654 2167
f 1452 1144 2181
f 2089 123 2059
f 1899 1758 2140
f 2066 1823 2002
f 1361 1959 2554
f 1744 1139 1901
f 2371 2408 212
f 1537 164 2371
f 2125 329 1997
f 2137 356 2202
f 2111 343 2055
f 1459 157 2418
f 2017 762 2072
f 2165 2000 2006
f 2024 401 1986
f 1984 1261 1776
f 2235 2535 1300
f 2069 182 2372
f 1318 1199 2278
f 1930 1786 2136
f 1904 528 2190
f 887 280 2373
f 2190 1442 1682
f 1935 213 2185
f 630 2118 1458
f 2127 121 1953
f 2057 190 1439
f 1610 605 1772
f 2051 1933 2126
f 1830 1059 1799
f 1919 769 2016
f 2245 1080 1327
f 1715 569 2374
f 2081 2062 2154
f 1428 777 2375
f 1032 144 2375
f 402 2310 166
f 2051 663 2163
f 1996 166 2376
f 1867 339 2376
f 2167 654 1912
f 1546 1058 2074
f 1534 1090 2120
f 1480 1342 2261
f 2023 1953 2171
f 2273 2579 2540
f 1347 914 2115
f 2072 762 2071
f 1843 1121 1868
f 2377 2171 121
f 2377 2172 703
f 2080 1912 2093
f 2038 1647 2012
f 2114 702 2036
f 1581 565 2020
f 1784 620 1772
f 2379 2372 182
f 1906 1413 2026
f 1263 798 384
f 1830 756 1956
f 1606 767 2182
f 1833 1297 2034
f 2108 1758 2011
f 2033 609 2135
f 2111 1930 2098
f 2133 608 2106
f 1981 624 1592
f 674 209 2354
f 2068 1782 2070
f 2003 719 2037
f 1914 154 2148
f 2380 2297 614
f 2204 977 2099
f 1935 1728 2174
f 2381 2204 2099
f 2381 2196 182
f 1675 984 1893
f 2058 608 2133
f 2109 1655 1991
f 2123 2411 393
f 2021 601 1737
f 1607 246 2402
f 2546 1079 2576
f 2081 663 2126
f 2091 715 2410
f 2201 1847 1943
f 2176 158 2173
f 2180 326 2100
f 1726 736 2158
f 2175 177 2155
f 2046 2428 2202
f 1800 1692 604
f 2147 400 1965
f 1231 553 2255
f 1851 186 1675
f 1696 246 2242
f 2184 319 2139
f 2541 1522 2295
f 1789 1268 2117
f 319 2123 393
f 2541 2556 2635
f 1067 1555 2494
f 2240 1218 750
f 2008 1656 2141
f 2086 392 2383
f 1927 2201 1943
f 2217 2173 2409
f 1826 144 1677
f 2146 712 2384
f 2384 2400 334
f 2046 1979 2207
f 2234 1717 1865
f 2554 1959 2493
f 289 1954 1223
f 2385 2312 348
f 1485 2312 2385
f 2253 1231 2432
f 2284 340 2386
f 2386 2418 330
f 2023 712 2146
f 1471 1106 2231
f 2150 743 1842
f 391 1937 1891
f 2152 177 2388
f 2039 272 1957
f 1670 2582 871
f 2531 2528 1555
f 2171 2134 2199
f 2389 2253 1428
f 2389 2438 780
f 2074 769 1744
f 2390 2396 2314
f 2210 607 2155
f 2249 284 1916
f 2229 1887 1967
f 2166 158 2176
f 2173 158 2391
f 1327 1020 2280
f 2053 176 1394
f 1315 154 2392
f 2294 752 2392
f 2097 2087 323
f 1254 345 2391
f 2393 2268 581
f 2393 1887 603
f 2108 136 2394
f 668 954 2192
f 2395 1688 212
f 2218 279 2396
f 1661 564 2396
f 2085 1545 2060
f 2079 1332 1936
f 2193 2084 2188
f 2402 246 2397
f 1370 592 1736
f 996 2780 2708
f 2142 351 2398
f 2206 318 2151
f 2622 2287 2130
f 654 2093 1912
f 2203 2234 2112
f 2211 1747 1976
f 1466 1331 2318
f 2047 173 1952
f 1580 2422 291
f 2048 1942 2239
f 1606 264 767
f 2113 262 1924
f 2022 1323 2029
f 2242 334 2400
f 2400 2100 326
f 2078 935 1488
f 772 1949 1695
f 2401 2202 163
f 2028 1571 2399
f 2254 1238 1601
f 1763 617 2168
f 2107 607 2402
f 1850 1721 731
f 2077 604 1584
f 2161 160 2153
f 1435 283 2403
f 1202 589 2403
f 2183 1420 1936
f 1490 571 2263
f 1881 594 2124
f 1540 1102 192
f 2115 541 2162
f 2145 1457 2031
f 2242 246 2405
f 2405 2213 334
f 2243 2004 2097
f 2135 1356 1967
f 1774 192 2278
f 1972 1072 1892
f 2185 364 2129
f 2101 1639 2164
f 1994 1715 2232
f 2259 611 1717
f 1366 807 1897
f 1837 557 2239
f 2142 214 2052
f 1988 2248 700
f 2244 2522 1964
f 1400 290 2104
f 2369 598 1158
f 1746 573 2406
f 2406 2380 602
f 2067 399 2037
f 2184 1755 2149
f 2177 1501 2039
f 2215 211 2100
f 2296 212 2408
f 1997 329 2408
f 1858 1126 2117
f 1893 605 2198
f 1911 610 2103
f 729 2014 1940
f 2410 2220 213
f 2174 2370 213
f 2221 218 2156
f 1958 1103 1981
f 2218 1358 1880
f 2182 1947 2214
f 2411 2425 393
f 387 2018 1046
f 1842 901 1881
f 318 2293 2151
f 2207 1885 2179
f 2231 187 1896
f 2113 719 1971
f 2412 1946 576
f 2412 2401 163
f 2286 2211 2041
f 2413 2365 2382
f 2413 2278 192
f 1875 1993 2470
f 2229 1673 2056
f 2241 2211 2286
f 2240 2379 608
f 2132 1143 558
f 2235 2160 2535
f 1190 593 2373
f 2324 948 1281
f 2109 1697 2216
f 542 1520 1797
f 2415 2383 728
f 1434 205 2256
f 2054 207 1858
f 2343 157 2416
f 2416 2363 2421
f 913 1745 2577
f 2189 618 2177
f 1601 1309 776
f 2293 2116 2151
f 2170 705 2119
f 2417 2303 626
f 2417 1963 145
f 1934 564 2162
f 2316 283 625
f 157 1459 1923
f 2343 330 2418
f 2015 1603 2285
f 1971 1220 2158
f 2222 1900 2193
f 1963 755 2198
f 2469 136 2283
f 2250 318 2206
f 2209 1721 1850
f 2110 307 1856
f 2125 1669 2237
f 2016 1058 1988
f 2223 329 2237
f 1642 2252 2269
f 2183 1223 1954
f 2188 2098 2284
f 2131 589 2103
f 1985 1314 2205
f 2173 2391 2409
f 2217 2164 2173
f 2419 2398 351
f 2419 2298 325
f 1642 1045 2252
f 2284 330 2420
f 2225 2234 2203
f 2236 318 2250
f 2139 319 393
f 2403 1044 1202
f 2009 282 1736
f 1664 1418 2341
f 1621 963 2230
f 1453 1042 626
f 1494 539 2280
f 2421 2363 2350
f 1460 755 1042
f 2153 1198 2050
f 1844 1407 2309
f 2337 1540 1774
f 2124 869 1646
f 2189 596 2209
f 568 1635 2034
f 2422 1580 629
f 1204 624 2422
f 2208 2212 1556
f 2362 824 1044
f 1907 947 2054
f 604 315 751
f 2234 1504 2112
f 2423 2129 364
f 2423 2090 728
f 2267 1812 2178
f 2424 2439 780
f 1826 743 2424
f 1763 555 2192
f 2328 539 1494
f 2066 2564 1823
f 2045 1433 2260
f 1865 611 887
f 2105 2617 759
f 2230 262 2082
f 2300 393 2425
f 2120 702 2425
f 1677 840 2009
f 2139 2300 323
f 2262 374 1576
f 2855 977 1651
f 2427 2092 145
f 2427 1295 595
f 1688 1537 2371
f 2287 1652 2130
f 2789 1177 297
f 2251 587 629
f 2305 330 2343
f 1958 1268 2261
f 2110 1788 2315
f 2252 1247 1985
f 1759 618 2355
f 2323 1153 1674
f 2279 936 1588
f 2208 385 2212
f 701 2669 297
f 2347 2338 1640
f 2305 2421 2276
f 2192 1219 2141
f 2330 1041 1556
f 2241 163 2428
f 1817 2025 885
f 2238 374 2027
f 2321 2302 376
f 2283 136 2429
f 1805 1096 1994
f 2232 276 2079
f 2195 2301 1390
f 1674 1027 2304
f 2047 1066 2186
f 1950 2274 2544
f 274 2565 2809
f 2061 806 1549
f 2289 602 2197
f 1888 568 2430
f 704 1114 2224
f 2422 1246 2399
f 2025 1524 2324
f 2366 2143 749
f 2288 1721 2216
f 2275 776 1779
f 2219 526 1506
f 2257 569 184
f 1852 979 2255
f 2260 615 2082
f 2275 1811 2254
f 2406 602 1829
f 2431 2246 2337
f 1760 1001 2302
f 2238 841 1576
f 768 1279 1853
f 2338 1024 1640
f 2432 2226 777
f 2464 832 285
f 2433 2375 777
f 2224 1194 2159
f 1588 933 2325
f 2492 271 2511
f 1375 778 693
f 2435 1392 778
f 682 789 800
f 2291 2374 569
f 2256 205 1961
f 2272 291 2195
f 304 2333 1983
f 1500 749 2407
f 2246 1580 2272
f 1298 779 301
f 682 782 830
f 2436 1445 779
f 2578 1463 2354
f 2150 276 2374
f 2240 750 2372
f 2437 2279 2325
f 2027 374 2437
f 2333 304 632
f 2197 602 2380
f 2689 897 1091
f 2085 400 2508
f 1391 875 2367
f 2264 907 1975
f 1856 307 2178
f 2325 1307 2073
f 2438 2375 144
f 1826 780 2438
f 1160 780 2439
f 2439 2291 295
f 2308 622 2270
f 2336 734 2290
f 2294 2414 752
f 2526 838 817
f 2625 944 2672
f 802 2660 327
f 2739 2414 2233
f 2443 2449 405
f 830 599 2445
f 785 787 2445
f 1089 812 2452
f 1097 803 2600
f 2191 2496 1731
f 1193 599 858
f 1097 2600 298
f 1274 320 2448
f 965 907 2448
f 1905 405 2449
f 1975 2349 2264
f 943 259 2450
f 980 931 2450
f 2451 2501 966
f 2731 2451 818
f 907 2264 763
f 254 1078 2454
f 847 833 2454
f 298 2569 578
f 810 1179 313
f 2687 2456 2542
f 2457 1044 824
f 2457 778 1392
f 911 784 2458
f 1441 2468 2555
f 2631 874 820
f 2751 2587 2513
f 1750 2673 738
f 2459 854 691
f 1551 1005 2459
f 2066 2536 2564
f 2581 759 2611
f 2689 2860 873
f 2474 314 2539
f 285 2433 2464
f 814 854 2464
f 860 1401 2465
f 1519 2172 2466
f 2466 2385 2387
f 2274 2569 2467
f 1341 314 1074
f 2518 240 1200
f 2306 2540 2503
f 2488 2132 558
f 2076 935 2434
f 2531 1241 2827
f 2274 1950 1165
f 565 2326 2469
f 2283 2026 2469
f 288 2636 2649
f 1107 2545 288
f 248 2850 804
f 955 2607 404
f 1554 2482 750
f 267 2727 2718
f 558 2584 2488
f 303 2219 1506
f 2500 317 2524
f 977 3202 2593
f 748 812 913
f 2508 2548 2661
f 2626 2475 1131
f 2175 1441 2555
f 942 727 2504
f 2590 1421 996
f 2504 1109 942
f 2219 303 2471
f 2605 2747 2880
f 2515 1853 2478
f 1114 328 2476
f 1068 966 2557
f 201 2532 1034
f 2513 2587 904
f 2477 178 2505
f 1359 3135 3243
f 2479 1731 2496
f 2520 2496 2191
f 2495 1233 612
f 296 768 2651
f 2603 2345 3112
f 2481 2513 781
f 2573 199 2340
f 3269 1436 879
f 2483 3243 740
f 786 2525 803
f 860 2510 2728
f 1670 2322 2498
f 264 2547 767
f 2484 2552 2527
f 2532 1165 1950
f 395 2695 2615
f 834 2471 303
f 2484 1113 2486
f 2654 638 1154
f 2669 2345 297
f 2456 2687 312
f 2477 1259 178
f 2506 1684 2299
f 2501 2613 2557
f 2426 2290 2357
f 2582 2498 2665
f 325 860 2728
f 2542 2453 2442
f 2453 2542 2456
f 267 176 2053
f 768 3196 2651
f 2219 2471 2529
f 2827 2868 2487
f 2244 2562 2522
f 820 2553 2685
f 2525 786 2491
f 1463 2578 2514
f 1079 2845 2576
f 2517 701 2597
f 668 2521 954
f 2085 2508 3013
f 1432 2787 316
f 2641 2518 2656
f 2536 2509 2567
f 2703 731 2480
f 2674 2521 668
f 395 2615 1092
f 944 2625 2015
f 845 2455 1073
f 2455 2340 1073
f 727 2932 2502
f 2532 1950 2992
f 2992 2632 2532
f 2521 2558 954
f 750 2482 723
f 1637 2075 1213
f 2460 2484 2527
f 1729 1955 2989
f 897 2689 2499
f 2506 2299 1507
f 2519 2494 2528
f 838 2526 324
f 2473 1318 2629
f 1684 2548 1595
f 2505 1905 2449
f 2426 2357 2602
f 235 2538 1993
f 2345 2789 297
f 2620 2545 2791
f 2588 2947 3202
f 1554 2926 2608
f 1706 2561 2096
f 2824 2414 2739
f 2510 860 2465
f 2340 2455 2573
f 2669 2517 2720
f 2564 2536 2567
f 642 1187 2512
f 2160 2559 2702
f 2501 2557 966
f 2594 764 2564
f 2295 2475 2556
f 2539 2440 2589
f 2517 2669 701
f 1330 2597 701
f 2440 2539 314
f 2562 2244 2602
f 617 954 2558
f 975 2623 579
f 2617 2557 2613
f 2446 2598 805
f 2786 2671 2782
f 2191 1259 2520
f 1921 2714 2658
f 1910 2630 2443
f 2306 2547 264
f 940 2524 317
f 835 2500 2440
f 2604 2187 557
f 2630 1910 2368
f 2782 2496 2520
f 2783 2531 2487
f 2530 2365 583
f 2531 2783 2528
f 2553 1031 2512
f 2533 2511 1230
f 2490 801 2458
f 2485 1950 2544
f 2913 1324 2361
f 2533 617 2558
f 639 1067 2494
f 2474 2518 1200
f 2647 583 639
f 2556 2541 2295
f 2659 532 2737
f 2624 2529 2471
f 2452 2741 2534
f 397 2509 2536
f 2494 2647 639
f 2471 2756 2624
f 737 2571 2446
f 737 2566 2571
f 2648 1637 2597
f 1868 1354 955
f 2653 992 203
f 2537 297 1177
f 314 2474 1200
f 2640 2577 2637
f 2513 2481 2751
f 2576 2599 2546
f 2489 2917 2854
f 977 2855 2588
f 1595 2548 2508
f 2551 177 2175
f 1423 2615 1242
f 2639 2462 2541
f 2462 2639 1554
f 810 2686 3028
f 813 2791 2545
f 2610 177 2551
f 845 2618 2455
f 784 2444 2803
f 2516 2675 2682
f 557 2187 2200
f 2524 2844 2500
f 783 2497 2524
f 2533 3295 2511
f 2815 2574 2550
f 404 2815 2550
f 764 2594 2652
f 2589 2500 2844
f 3140 2894 2908
f 2615 1423 1092
f 2775 2514 2578
f 2277 2616 734
f 2585 2472 2573
f 2533 2558 3104
f 2749 2634 2958
f 731 2288 2480
f 2692 2613 2501
f 2654 2704 2486
f 2770 3019 2748
f 2567 2509 2596
f 2504 2836 2740
f 2588 2855 1948
f 748 913 2577
f 1109 2740 2712
f 2447 2600 803
f 2472 2623 975
f 2118 630 2587
f 2523 235 2181
f 731 2703 2705
f 783 850 2497
f 1775 775 2543
f 2571 2566 2865
f 1745 913 2572
f 706 2577 1745
f 2512 2758 2553
f 2318 2684 1617
f 941 2932 727
f 2599 2042 2546
f 935 2842 2700
f 2565 274 2452
f 2683 2703 2480
f 1993 2538 2470
f 2467 2814 2544
f 2672 1746 740
f 1671 2575 2904
f 2446 2571 2598
f 2477 2505 2790
f 2602 2244 2426
f 2666 2958 2649
f 3031 2503 2579
f 2443 2560 2449
f 2479 2756 834
f 2870 3239 2876
f 2809 1208 274
f 2580 1575 1079
f 1533 1296 2580
f 2449 2560 2795
f 2649 2636 2666
f 801 2490 2606
f 2634 970 247
f 2583 235 2523
f 312 2687 2852
f 2607 955 2670
f 2667 2498 2488
f 2784 2764 2794
f 2587 2751 2646
f 2527 2939 2812
f 2740 1109 2504
f 2388 2601 2368
f 2584 2667 2488
f 2765 1331 2549
f 805 2838 845
f 2621 2585 2573
f 2227 2561 2489
f 2552 2484 2486
f 2524 2497 2844
f 2118 2761 2735
f 2277 2724 2616
f 2460 2527 2812
f 820 2698 2631
f 2500 2589 2440
f 649 2988 2676
f 2592 775 1775
f 2593 2099 977
f 2594 2564 2567
f 1860 3014 2716
f 1671 2584 558
f 2463 2704 2654
f 2780 2398 2586
f 2614 2555 2468
f 2534 2565 2452
f 2643 2694 2772
f 810 3028 2825
f 2501 2935 2692
f 2958 2634 247
f 2693 2485 2544
f 1012 2721 2549
f 2736 635 2628
f 2467 2544 2274
f 2930 2482 2608
f 1034 813 189
f 2747 2570 2959
f 817 2877 2526
f 2559 2160 1324
f 1037 2631 2950
f 1141 2753 372
f 2776 1524 2603
f 2770 2748 2530
f 2160 2612 2535
f 2735 1077 2118
f 1354 2710 2670
f 1427 2965 2104
f 2645 2560 2443
f 2643 1131 1615
f 850 2526 2877
f 2329 2927 1141
f 2795 2790 2505
f 2795 2505 2449
f 1012 233 2889
f 1670 871 2609
f 888 183 2609
f 2618 2621 2455
f 1361 2554 706
f 2477 2520 1259
f 2532 2632 1034
f 1034 2632 813
f 2611 2617 2613
f 2853 2519 2528
f 2684 2318 1331
f 2519 2647 2494
f 2599 2683 2480
f 2718 2856 1237
f 2638 2463 2771
f 2748 2382 2530
f 2601 2388 2610
f 1331 2733 2684
f 2600 2569 298
f 2569 2600 2664
f 2863 2791 2632
f 2507 3129 1095
f 2655 2535 2612
f 2617 2611 759
f 1065 2557 2617
f 2477 2790 2841
f 2518 2641 2194
f 2529 2727 267
f 2962 2638 1242
f 2504 2502 2836
f 2824 2642 2414
f 2814 2693 2544
f 2516 2682 802
f 2441 2657 1624
f 2585 2623 2472
f 2573 2455 2621
f 2883 2542 2442
f 2194 2627 2579
f 2700 2434 935
f 3005 2635 3026
f 817 2736 2644
f 1617 2684 2570
f 2626 2556 2475
f 2540 2579 2503
f 3243 2483 1359
f 2664 2600 2447
f 2657 1672 1624
f 996 2708 2590
f 2630 2368 2601
f 2647 2530 583
f 2750 2594 2567
f 2733 1331 2765
f 2841 2782 2520
f 2636 288 2545
f 3118 2665 2667
f 2277 2015 2625
f 2725 2698 2685
f 2496 2671 2479
f 2634 2596 2509
f 2541 2635 2639
f 2637 2577 706
f 2637 706 3092
f 2642 752 2414
f 2694 1615 1313
f 2555 2551 2175
f 2711 325 2862
f 235 2583 2538
f 2443 2630 2645
f 1132 2902 1575
f 705 2619 2713
f 2691 2592 1775
f 775 2842 935
f 3022 2876 3239
f 2616 2822 2357
f 2648 2075 1637
f 2735 2688 1077
f 2714 2915 2805
f 2649 952 288
f 2640 748 2577
f 1853 3196 768
f 203 2537 2653
f 1101 1326 2653
f 2486 2704 2552
f 2502 2504 727
f 1868 1421 1354
f 1354 2670 955
f 2528 2783 2853
f 2594 2945 2652
f 2641 2627 2194
f 2591 2622 2130
f 2726 2722 209
f 2913 2918 2559
f 2535 2655 1750
f 2555 2614 2744
f 3031 2579 2627
f 2776 2714 1921
f 1313 1351 2658
f 2623 2585 2785
f 2935 2501 2451
f 2850 2746 804
f 2625 2672 2861
f 2770 2647 2519
f 2673 1750 2655
f 2477 2841 2520
f 2846 2732 2657
f 2696 2817 2687
f 1775 2582 2691
f 2981 2777 2808
f 2633 2730 2187
f 2663 275 2828
f 748 2741 812
f 2691 2582 2665
f 2947 2583 2523
f 2601 2709 2630
f 2463 2831 2754
f 2643 2626 1131
f 2586 2843 2887
f 2662 316 2787
f 2517 2729 2832
f 2345 2603 2335
f 2652 2461 764
f 2679 748 2640
f 2645 2630 2709
f 2717 2474 2539
f 2465 2746 2510
f 2610 2668 2601
f 2491 2906 2525
f 2852 2687 2817
f 2688 3074 2723
f 768 296 1427
f 2937 2104 2965
f 2711 2419 325
f 2574 1359 2550
f 1947 3071 619
f 740 2650 2672
f 2675 3270 2682
f 2699 1637 1213
f 2496 2782 2671
f 2939 2527 2813
f 2677 2737 532
f 2712 2740 1613
f 2675 2516 788
f 834 2756 2471
f 3 2715 2796
f 2660 802 2682
f 2734 2675 788
f 2927 2753 1141
f 2710 1354 2590
f 3013 1545 2085
f 2591 2882 2801
f 2809 2595 2690
f 1637 2729 2597
f 2716 705 1860
f 2553 2797 2685
f 2581 2755 2481
f 2671 2911 2479
f 2804 3074 2735
f 2739 2187 2730
f 1242 2638 2771
f 873 2499 2689
f 1091 327 2689
f 2607 2815 404
f 2791 2863 2847
f 2690 2491 792
f 2950 2726 1037
f 3015 2641 3240
f 2485 2693 2719
f 2561 1706 2851
f 2669 2757 2345
f 2714 2697 2658
f 2569 2664 2467
f 2734 788 2434
f 2695 395 2833
f 2687 2542 2696
f 2773 579 2623
f 2731 2839 2873
f 2946 2667 2584
f 2784 2699 1213
f 3147 2568 1095
f 705 2716 2619
f 2755 2751 2481
f 2615 2695 2925
f 2769 2628 2732
f 2666 3122 2958
f 2685 2698 820
f 2709 2601 2668
f 2620 2636 2545
f 2701 2748 2914
f 1242 2925 2835
f 2614 2763 3158
f 2752 1432 2495
f 2861 2798 2625
f 247 2649 2958
f 2723 248 2688
f 2850 248 2723
f 2498 2667 2665
f 2597 2729 2517
f 2948 2626 2738
f 2467 2664 2706
f 2590 3121 2710
f 2717 2656 2474
f 3121 2590 2708
f 3204 2525 2906
f 2701 2629 2382
f 1313 2658 2697
f 3021 2588 1948
f 2810 2668 2878
f 2704 2813 2552
f 2744 2614 2766
f 2779 2744 2830
f 2864 1656 2248
f 2692 2834 2613
f 2834 2611 2613
f 2834 2816 2611
f 2719 2781 2485
f 209 2722 2578
f 2785 2585 2792
f 2015 734 1603
f 2602 3077 2562
f 3097 3072 441
f 2485 2781 2992
f 3282 3149 2723
f 2547 3057 3001
f 2916 2693 2814
f 3295 2492 2511
f 2738 2626 2643
f 2636 2886 2666
f 2807 2441 2514
f 2558 2521 3254
f 2873 2935 2451
f 2877 817 2644
f 2805 2697 2714
f 2656 2518 2474
f 2837 2795 2560
f 2460 2839 2731
f 2599 2678 2683
f 2757 2669 2720
f 2470 2538 3079
f 2700 2734 2434
f 2746 3152 2510
f 2578 2722 2775
f 3006 2975 2951
f 3233 2720 2832
f 2832 2849 2715
f 3187 2682 3270
f 2685 2797 3039
f 2551 2744 2779
f 2881 2841 2790
f 1672 2732 2628
f 2492 1706 271
f 2758 2512 1187
f 2761 2804 2735
f 2799 2595 2565
f 2833 395 2713
f 2676 2988 2743
f 2666 2886 2969
f 2862 325 2728
f 532 2659 1451
f 2778 2694 2697
f 1575 3192 2845
f 2739 2200 2187
f 2730 2824 2739
f 2907 706 2554
f 2726 209 1037
f 2563 2758 1187
f 2733 2765 2767
f 2772 2819 3012
f 2652 2885 2461
f 45 3138 3194
f 3087 73 415
f 2984 476 3161
f 2852 2818 971
f 3062 2829 2846
f 2549 2721 2765
f 2807 2514 2775
f 941 2568 2932
f 2592 3037 2940
f 2879 2825 3200
f 2806 2892 2589
f 2741 2679 2823
f 2539 2589 2892
f 2829 2732 2846
f 2732 2829 2769
f 2870 2407 2522
f 2904 2946 1671
f 2744 2551 2555
f 2684 2733 2570
f 2790 2795 2888
f 2996 2974 3208
f 2798 2861 3110
f 2746 2465 804
f 2762 2764 2784
f 2596 2896 2750
f 2838 805 2924
f 2750 2945 2594
f 2567 2596 2750
f 2657 2732 1672
f 2822 2872 2357
f 2467 2706 2814
f 2679 2741 748
f 2911 2756 2479
f 3010 2633 2604
f 2697 2805 2778
f 2493 2745 2554
f 2650 3220 2861
f 2447 2919 2664
f 2734 3042 2675
f 2748 2701 2382
f 2845 1079 1575
f 2568 2920 2932
f 2798 2724 2277
f 2565 2534 2799
f 873 2742 2499
f 2761 2897 2804
f 2606 2745 2493
f 2552 2813 2527
f 313 2818 2686
f 2644 2736 3212
f 2519 3019 2770
f 462 91 3192
f 2912 2833 2619
f 2823 2534 2741
f 2704 2463 2754
f 2831 2463 2638
f 2758 2859 2797
f 1188 579 2563
f 2759 2057 567
f 2235 1050 2759
f 2571 2865 2598
f 2787 1432 2752
f 3130 2503 3031
f 3064 515 13
f 2761 2118 2587
f 3272 2796 2794
f 2629 2762 2473
f 2766 2875 3153
f 2591 3013 2882
f 3258 2914 501
f 2751 2755 2898
f 2726 3025 2722
f 2629 2701 2762
f 2885 2707 2461
f 2461 2707 2506
f 2570 1108 1617
f 2774 2792 2621
f 2733 2959 2570
f 3191 2873 2839
f 2622 2801 2808
f 2762 2784 2473
f 2801 2622 2591
f 3134 3184 3129
f 2775 2722 3030
f 3258 2762 2701
f 2942 2508 2661
f 2647 2770 2530
f 2921 426 6
f 1637 2699 2729
f 2771 1423 1242
f 2772 2694 2778
f 2482 2930 1651
f 1613 2802 1955
f 2779 2668 2610
f 2447 2525 3204
f 2585 2621 2792
f 2903 3211 3019
f 2095 2248 1988
f 2692 3294 2979
f 3054 2959 2733
f 2749 2596 2634
f 2749 2896 2596
f 3211 2748 3019
f 2711 2586 2398
f 2951 2859 2563
f 2604 2662 3010
f 2780 2887 2708
f 1423 2771 881
f 2779 2610 2551
f 2797 2553 2758
f 3231 3162 2912
f 2816 2909 2581
f 2883 2696 2542
f 3012 2819 461
f 502 3233 2715
f 2473 2784 1213
f 2621 2618 2774
f 2929 2774 2618
f 2587 2646 2761
f 2781 2863 2992
f 2854 3159 2752
f 2822 2616 2724
f 2789 2345 2335
f 2789 1817 1177
f 2893 3238 3264
f 2830 2744 2766
f 3074 2688 2735
f 3005 2926 2639
f 2788 2742 873
f 2940 2842 2592
f 2643 2772 2738
f 2845 2678 2576
f 2645 2709 2793
f 3214 77 470
f 3000 3035 2881
f 2794 2699 2784
f 3058 2993 2888
f 2727 2931 3090
f 2796 3272 433
f 2797 2859 2934
f 2747 2605 1619
f 2560 2645 2768
f 3112 2820 2603
f 2603 2820 2776
f 2872 2602 2357
f 2857 2608 2926
f 2668 2810 2709
f 3164 3147 1095
f 2622 2808 2777
f 2785 2773 2623
f 2602 2872 3077
f 2800 2793 2810
f 2803 3061 3186
f 2451 2731 2873
f 3106 2595 2799
f 2589 2844 2806
f 2938 2846 2441
f 2843 3113 2961
f 2935 2873 2978
f 3191 3043 3040
f 2849 2832 2729
f 2690 2884 2901
f 2981 2515 2478
f 2743 2889 233
f 2920 2568 3147
f 2832 2720 2517
f 2751 2898 2646
f 3098 2767 2765
f 2826 2864 2248
f 2741 2452 812
f 3243 3020 2650
f 2674 3073 2521
f 2843 2586 2711
f 2809 2565 2595
f 2690 792 2809
f 2798 2277 2625
f 3179 2810 2878
f 2749 3122 2991
f 2813 2704 2754
f 2814 2968 2916
f 2506 1507 2461
f 3051 2816 2834
f 2581 2611 2816
f 2817 2696 2966
f 3038 2858 2801
f 3012 2738 2772
f 2915 2714 2776
f 2862 2728 2910
f 3199 2819 2778
f 2548 2894 2661
f 2734 2700 2955
f 3109 2965 3119
f 3034 2956 2743
f 3170 2804 3132
f 2489 2854 2495
f 2824 2730 2943
f 2847 2900 2983
f 2680 2677 798
f 2888 2881 2790
f 3105 3186 3061
f 3222 3198 56
f 1039 810 2825
f 2879 2763 2825
f 2468 1039 2763
f 2802 3190 2989
f 2842 775 2592
f 2899 2677 3065
f 2827 998 746
f 2487 2531 2827
f 2835 2962 1242
f 2803 3186 2490
f 2965 1427 296
f 116 3075 3205
f 579 2773 2951
f 2859 2758 2563
f 2705 2941 2828
f 2813 2754 2952
f 2807 2938 2441
f 2938 2807 3069
f 2825 2763 1039
f 2869 2831 2638
f 2869 3111 2831
f 3041 2925 2695
f 3 502 2715
f 2756 2911 2866
f 2866 2624 2756
f 2828 275 2705
f 2887 2923 2708
f 3009 15 443
f 2887 2780 2586
f 2795 3058 2888
f 2922 2924 2598
f 2839 2460 2812
f 2833 2713 2619
f 2556 2948 2635
f 3279 3143 499
f 2769 2736 2628
f 3000 2993 16
f 3070 102 3282
f 484 75 3267
f 2503 3057 2306
f 2895 2994 2817
f 442 2957 3268
f 2575 2663 2904
f 3033 2757 2720
f 3074 3170 3070
f 3074 2804 3170
f 2919 2706 2664
f 3030 3069 2775
f 1554 2608 2482
f 3236 409 3099
f 3003 3023 39
f 2949 2678 2845
f 3062 3056 488
f 2620 2791 2847
f 2657 2441 2846
f 2836 1613 2740
f 2660 2860 327
f 3120 2679 3059
f 2641 3015 2627
f 2924 805 2598
f 3022 2902 2876
f 2769 3212 2736
f 101 3282 486
f 3233 502 2
f 2699 2794 2849
f 3239 2870 2562
f 3032 2673 2655
f 2904 2663 2985
f 2976 2681 29
f 2937 2329 1400
f 2852 2994 2818
f 2989 1955 2802
f 2832 2715 3233
f 2871 2881 3035
f 2871 2786 2782
f 2976 2851 2492
f 2854 2752 2495
f 1651 2930 2855
f 2901 2906 2491
f 2729 2699 2849
f 429 36 3038
f 2858 2808 2801
f 2746 2850 2848
f 2930 3236 3099
f 3059 2640 3275
f 2470 3014 1875
f 3232 477 77
f 2859 2951 2975
f 327 2860 2689
f 3167 84 514
f 2619 3050 2912
f 2547 2971 767
f 3135 1359 2574
f 2566 634 2760
f 2796 2715 2849
f 1948 2855 3076
f 2905 3201 3230
f 2764 2762 3258
f 3272 501 4
f 2822 3100 2872
f 3015 3031 2627
f 3077 3239 2562
f 2796 433 3
f 2954 2927 3228
f 2919 2811 2706
f 3152 3185 2510
f 2865 2566 2760
f 3072 82 441
f 2826 3181 2821
f 3113 2843 2862
f 2874 2700 2842
f 3218 441 81
f 3189 517 108
f 3027 2680 3071
f 3182 3276 2840
f 2624 2866 2931
f 3204 2919 2447
f 3031 3015 3116
f 2953 2607 3281
f 93 497 3029
f 2361 2605 2913
f 2492 3295 2681
f 2522 2562 2870
f 2870 2876 2407
f 2878 2668 2779
f 2830 2878 2779
f 3035 480 15
f 3011 2670 2710
f 3155 2502 2920
f 2952 2939 2813
f 2785 3249 3226
f 2864 2826 2821
f 3078 426 2921
f 2718 3089 2856
f 2917 2851 2970
f 3060 3034 2659
f 2983 2620 2847
f 2861 3220 3110
f 524 3292 69
f 2842 2940 2874
f 2874 2955 2700
f 2763 2614 2468
f 3158 2766 2614
f 2893 2717 2892
f 3004 2990 2950
f 2766 3153 2830
f 3057 2547 2306
f 2806 2844 2997
f 2497 2997 2844
f 1671 2946 2584
f 2626 2948 2556
f 2824 2933 2642
f 2878 2830 3086
f 2861 2672 2650
f 1613 2836 3049
f 2805 3199 2778
f 2917 2489 2561
f 2881 2871 2841
f 3097 2865 2760
f 3183 3177 3118
f 2955 2874 521
f 3223 2661 2963
f 2487 3123 3078
f 442 3255 25
f 3237 3193 110
f 3096 2858 467
f 3040 2978 2873
f 3145 3103 850
f 2921 2853 2783
f 3137 2923 2961
f 2929 3253 2774
f 2812 2939 2980
f 2843 2961 2887
f 2862 2843 2711
f 3071 2680 619
f 2691 3177 3037
f 2939 2952 3197
f 2548 2908 2894
f 2986 2847 2863
f 2717 2539 2892
f 2841 2871 2782
f 3179 2800 2810
f 2994 2852 2817
f 2860 2660 3175
f 3071 2867 3166
f 2612 3048 3032
f 2897 2761 2646
f 3132 2804 2897
f 2897 2646 2898
f 2998 3002 2945
f 17 473 3102
f 3285 3171 20
f 2882 3146 3038
f 2894 3140 2891
f 2874 2940 86
f 2921 2783 3078
f 3025 2990 3088
f 2923 3137 3124
f 2491 2690 2901
f 2892 2806 2893
f 3083 3080 2884
f 2999 3053 2898
f 3170 3132 3284
f 2519 2853 3019
f 3019 2853 2903
f 2661 2894 2963
f 474 2976 29
f 2595 2884 2690
f 2595 3106 2884
f 3023 2885 3002
f 2929 845 2838
f 3101 2868 1729
f 3291 3092 3156
f 2907 2554 2745
f 1948 3205 3075
f 2930 3076 2855
f 2755 2909 3024
f 2707 2908 2506
f 941 721 2568
f 2932 2920 2502
f 3082 3066 468
f 3221 3075 518
f 2934 3039 2797
f 3131 3039 2934
f 3051 481 105
f 2911 2671 2974
f 2831 3111 2754
f 90 2890 458
f 3045 491 57
f 3007 2913 2605
f 2776 2820 2915
f 2968 2814 2706
f 3241 3253 3142
f 2917 2561 2851
f 2702 2559 2918
f 2702 2918 3045
f 2942 2882 3013
f 2968 2706 2811
f 2919 2928 2811
f 3210 3020 3135
f 2490 3186 3287
f 2742 2788 2973
f 3046 2538 2583
f 2645 2793 2768
f 2921 2903 2853
f 438 3138 45
f 2574 3173 3135
f 2970 2976 474
f 3137 522 98
f 3081 2946 2904
f 2877 3145 850
f 520 3225 3222
f 3141 3142 2838
f 2924 2922 3157
f 3096 2981 2808
f 3009 2786 2871
f 3175 2905 2860
f 2966 2895 2817
f 3256 3244 449
f 3025 3030 2722
f 3204 2906 3144
f 3150 2835 3163
f 2534 2823 2972
f 2442 2642 2933
f 2990 2726 2950
f 2588 3021 2947
f 2685 3039 2725
f 2928 2919 3204
f 3192 2949 2845
f 2973 2788 3063
f 2709 2810 2793
f 3193 2869 2962
f 2929 2838 3142
f 2680 3065 2677
f 3065 3027 503
f 2867 767 2971
f 2889 3227 2721
f 3002 2998 3023
f 2857 490 3236
f 2931 2727 2624
f 2996 3064 2866
f 2693 3107 3194
f 2933 2824 2960
f 2957 2936 2883
f 58 491 3017
f 2935 2978 3245
f 2948 3026 2635
f 2696 2883 2936
f 2696 2936 2966
f 2955 521 85
f 3064 3208 515
f 3257 3235 489
f 3053 506 103
f 2659 3034 2988
f 3117 3213 2941
f 3173 2574 2953
f 3120 2823 2679
f 2942 2661 3223
f 3072 3097 2760
f 2961 3113 2977
f 3151 3281 2607
f 2897 2898 3053
f 2945 3002 2652
f 2943 2960 2824
f 3187 2660 2682
f 845 2929 2618
f 2906 2901 3044
f 3139 464 31
f 2883 2933 2957
f 3097 2922 2865
f 2560 2768 2837
f 2922 2598 2865
f 2753 2095 372
f 2950 2631 2698
f 3016 3004 2725
f 2698 2725 3004
f 2951 2563 579
f 296 3119 2965
f 3017 3045 2918
f 2895 23 435
f 2953 2574 2815
f 2737 3060 2659
f 3039 3148 2725
f 2710 3121 3011
f 2677 2899 2737
f 3042 2955 85
f 2889 2743 2956
f 3106 2799 3266
f 3211 2903 472
f 86 521 2874
f 3081 2985 478
f 3125 74 508
f 3207 414 42
f 2490 3287 2606
f 3058 2795 2837
f 3157 3241 3141
f 3216 3060 2737
f 3245 2692 2935
f 2979 3051 2834
f 2962 2835 3150
f 2854 2917 2982
f 2933 2883 2442
f 2961 2923 2887
f 2961 2977 3137
f 3139 2674 2864
f 2869 2638 2962
f 2329 3067 2927
f 2599 2576 2678
f 3249 3095 507
f 516 2895 2966
f 2967 1567 897
f 2967 2742 634
f 3257 3143 2991
f 2900 3206 2983
f 2787 2752 3159
f 2895 3091 2994
f 3227 3098 2721
f 3128 8 410
f 2868 3101 3123
f 2963 2894 2891
f 2982 2970 28
f 3122 2969 3207
f 474 28 2970
f 2972 2823 3085
f 2979 2834 2692
f 2946 3081 3183
f 3048 2612 2702
f 2724 3242 2822
f 2986 2781 3127
f 2890 2683 2678
f 3138 2781 2719
f 2909 2755 2581
f 447 104 3024
f 3177 2691 2665
f 2991 2896 2749
f 499 3143 41
f 2915 2987 2805
f 3026 2948 3018
f 2635 3005 2639
f 3252 3034 3060
f 2971 2547 3001
f 2487 2868 3123
f 2799 2534 2972
f 2637 3114 2640
f 3295 30 2681
f 2973 634 2742
f 3230 3063 2788
f 2727 3090 2718
f 516 2966 2936
f 14 3055 443
f 2974 2671 2786
f 2492 2681 2976
f 2976 2970 2851
f 3117 2890 90
f 2980 3191 2812
f 3166 3027 3071
f 3247 2886 2983
f 2917 2970 2982
f 408 86 2940
f 2916 3107 2693
f 2900 2847 2986
f 2886 3247 2969
f 7 426 3078
f 2934 2975 3214
f 410 7 3123
f 2811 2928 3161
f 509 3206 2900
f 2819 2772 2778
f 2987 2820 3203
f 458 2890 2949
f 3161 476 47
f 2988 649 1451
f 3191 3040 2873
f 2839 2812 3191
f 2633 3234 2730
f 2928 3144 2984
f 2989 3128 3101
f 3232 3180 3006
f 2836 3289 3049
f 3266 3085 419
f 3148 3016 2725
f 3136 3125 3004
f 2863 2781 2986
f 2896 2991 3143
f 2859 2975 2934
f 3225 3105 3061
f 767 2867 1947
f 2992 1950 2485
f 2992 2863 2632
f 3095 2792 2774
f 2881 2888 3000
f 3083 3248 3080
f 3079 2944 2470
f 3196 3176 2995
f 2721 3098 2765
f 3106 3083 2884
f 267 2718 1237
f 2856 2507 1237
f 2911 2996 2866
f 3052 2857 2926
f 3055 14 3208
f 3018 119 3273
f 2995 2651 3196
f 3108 3103 3265
f 3064 2931 2866
f 3091 3244 3028
f 2503 3130 3057
f 6 2903 2921
f 66 3262 427
f 2964 2945 2750
f 40 451 3279
f 2913 3007 2918
f 2949 2890 2678
f 3151 3011 97
f 506 3053 2999
f 2898 2755 2999
f 2995 498 34
f 3018 3012 119
f 3235 3207 42
f 3000 2888 2993
f 3054 2767 457
f 473 16 2993
f 3023 451 39
f 2707 2885 3003
f 3140 3003 2891
f 3136 3016 439
f 2950 2698 3004
f 3232 3226 477
f 2538 3046 3079
f 2605 2880 3007
f 2724 2798 3008
f 432 93 3100
f 2990 3004 3125
f 2871 3035 3009
f 3055 2974 2786
f 3252 463 61
f 480 3035 3000
f 78 477 3226
f 2686 810 313
f 2745 2606 3188
f 39 525 3003
f 2667 3183 3118
f 407 3124 98
f 2670 3151 2607
f 2767 3098 60
f 461 119 3012
f 3013 2508 2942
f 3013 2591 1545
f 2717 2893 3209
f 2819 3199 120
f 2951 2773 3006
f 850 3103 2497
f 2659 2988 1451
f 75 439 3148
f 2755 3024 2999
f 3030 3025 3087
f 2837 2840 3058
f 2683 2890 3117
f 2743 233 2676
f 3210 466 95
f 3220 2650 3020
f 2918 3007 3017
f 3005 3273 3052
f 43 414 3247
f 3104 3254 30
f 3290 19 511
f 3290 3179 19
f 3217 3172 3212
f 2637 3092 3114
f 3173 3281 466
f 2829 3062 3094
f 3011 3124 407
f 2999 104 506
f 2947 3221 2583
f 3023 2998 451
f 3023 3003 2885
f 104 2999 3024
f 3088 508 73
f 3025 2726 2990
f 3026 3018 3273
f 513 113 3246
f 3199 2805 2987
f 3024 3068 447
f 3240 3262 3251
f 2703 2683 3117
f 3069 3030 3093
f 2655 2612 3032
f 3198 3048 413
f 26 3286 412
f 3209 3264 67
f 3068 3024 2909
f 2720 3233 3033
f 2757 3160 3112
f 3088 3087 3025
f 2988 3034 2743
f 2733 2767 3054
f 15 3009 3035
f 3102 3058 2840
f 2695 2833 3036
f 3037 2592 2691
f 36 2858 3038
f 2801 2882 3038
f 2897 3053 3132
f 2885 2652 3002
f 2807 2775 3069
f 3056 2938 3069
f 3096 467 35
f 2808 2858 3096
f 2738 3012 3018
f 3244 3256 3200
f 3048 3198 3032
f 2973 2760 634
f 3120 446 51
f 3211 5 2914
f 2763 2879 3158
f 3041 3163 2925
f 2833 2912 3036
f 3091 2686 2994
f 108 479 3189
f 3191 2980 3043
f 2781 3138 3127
f 2673 3061 2444
f 3153 3086 2830
f 485 3115 3154
f 3160 2757 3033
f 3275 436 52
f 3094 3217 2769
f 3045 3048 2702
f 3045 3017 491
f 3000 16 480
f 3265 68 3108
f 3238 2997 3108
f 3155 10 456
f 453 3292 3047
f 3172 3047 2644
f 3048 3045 57
f 3047 2877 2644
f 3286 3178 412
f 3177 2665 3118
f 3014 2944 3246
f 2912 3050 3231
f 3051 3068 2816
f 2926 3005 3052
f 3217 3212 2769
f 3073 2674 3139
f 3163 2835 2925
f 2716 3014 3050
f 3292 453 69
f 2948 2738 3018
f 2753 3181 2095
f 2974 2996 2911
f 2786 3009 3055
f 3062 2846 2938
f 2760 2973 3072
f 20 3171 421
f 2767 60 457
f 3145 2877 3292
f 2880 2959 3154
f 3120 3059 446
f 2640 3059 2679
f 3082 2968 3066
f 2850 2723 3149
f 2891 525 38
f 3061 2803 2444
f 3290 3276 3182
f 2793 3182 2768
f 3063 3072 2973
f 2 3160 3033
f 2857 3052 490
f 3128 2989 3190
f 2993 3102 473
f 479 3040 3043
f 3277 3086 3153
f 2875 2766 3158
f 3029 3100 93
f 443 3055 3009
f 3114 3169 3275
f 3222 3061 2673
f 63 503 3027
f 3221 3046 2583
f 2978 107 3245
f 3139 450 3073
f 2968 2811 3066
f 47 468 3066
f 493 3177 3183
f 2673 3032 3222
f 101 500 3293
f 481 3051 2979
f 3283 33 496
f 2909 2816 3068
f 3068 3051 105
f 2723 3070 3282
f 3284 417 102
f 3100 2822 3242
f 3063 434 82
f 3176 3096 35
f 2938 3056 3062
f 3075 116 518
f 3076 3099 3205
f 2959 2880 2747
f 3041 3036 3174
f 2695 3036 3041
f 92 3077 497
f 3077 2872 3029
f 3133 2836 2502
f 3078 2783 2487
f 3270 2675 3042
f 72 3056 3093
f 2994 2686 2818
f 3200 2825 3028
f 2660 3187 3167
f 3075 3021 1948
f 2901 2884 3080
f 3080 3044 2901
f 2828 2985 2663
f 3197 3260 109
f 3111 2869 3237
f 88 3183 3081
f 3081 2904 2985
f 468 3107 3082
f 3042 85 3270
f 3254 3073 450
f 3262 3209 427
f 111 3174 445
f 3275 2640 3114
f 3107 468 46
f 120 461 2819
f 3085 2823 3120
f 51 419 3085
f 13 416 3084
f 3086 3277 424
f 3087 3088 73
f 3087 3093 3030
f 2703 2941 2705
f 2990 3125 3088
f 2788 2905 3230
f 3263 3229 3090
f 3090 3229 3089
f 3089 2718 3090
f 3090 2931 3084
f 3075 3221 3021
f 3091 3028 2686
f 23 2895 516
f 59 3154 3054
f 2905 873 2860
f 3236 2930 2608
f 2982 28 492
f 114 513 2944
f 3119 296 2651
f 3109 3067 2937
f 2981 3096 2515
f 3156 2907 2745
f 3092 706 2907
f 3093 3087 415
f 3093 3056 3069
f 525 2891 3003
f 2925 1242 2615
f 2848 3152 2746
f 2968 3082 2916
f 3094 2769 2829
f 3095 3249 2792
f 3095 2774 3253
f 441 3218 3097
f 3091 435 22
f 3099 3076 2930
f 71 3094 3062
f 3100 3029 2872
f 1729 2989 3101
f 2840 2837 2768
f 3102 2993 3058
f 3265 3145 524
f 2997 2497 3103
f 3117 90 454
f 3159 2982 3296
f 3161 3066 2811
f 3273 3005 3026
f 30 3295 3104
f 2939 3197 2980
f 2980 3197 3189
f 2858 36 467
f 3041 3174 3163
f 3273 482 118
f 3157 2922 3218
f 423 3083 3106
f 3054 3154 2959
f 435 3091 2895
f 3262 3240 2656
f 24 516 2936
f 416 12 3263
f 2982 3159 2854
f 3107 2916 3082
f 46 483 3107
f 409 3236 117
f 2806 2997 3238
f 3266 50 3106
f 2965 3109 2937
f 3283 3109 3259
f 3169 53 436
f 2821 3139 2864
f 3111 2952 2754
f 3112 2345 2757
f 3112 3203 2820
f 3085 3266 2972
f 3195 2977 3113
f 3034 3252 2956
f 72 488 3056
f 3185 2910 2728
f 485 58 3115
f 3007 2880 3115
f 2862 2910 3113
f 3116 3130 3031
f 3117 2941 2703
f 3219 3105 3278
f 3276 3102 2840
f 2907 3156 3092
f 3124 3011 3121
f 3121 2708 2923
f 1 2987 3203
f 3221 2947 3021
f 2510 3185 2728
f 3122 2749 2958
f 444 114 3079
f 3123 3128 410
f 522 3137 2977
f 3121 2923 3124
f 3296 27 3178
f 2915 2820 2987
f 2633 3010 3126
f 3234 3286 26
f 2900 2986 3127
f 438 44 3127
f 3128 3123 3101
f 3190 8 3128
f 3184 3164 3129
f 3129 2507 2856
f 1613 3049 2802
f 3190 3289 523
f 3274 3001 3130
f 455 29 2681
f 471 3274 3251
f 50 423 3106
f 3261 470 76
f 505 3110 3220
f 103 417 3132
f 3078 3123 7
f 3182 2840 2768
f 3183 2667 2946
f 106 481 2979
f 2900 3127 44
f 456 9 3133
f 3289 2836 3133
f 2944 3079 114
f 3220 3210 95
f 3079 3046 444
f 3093 415 72
f 3134 3129 2856
f 3007 3115 3017
f 3280 94 432
f 3289 9 523
f 79 507 3095
f 3208 14 515
f 2974 3055 3208
f 3004 3016 3136
f 74 3125 3136
f 2927 2954 2753
f 2954 3181 2753
f 2977 3195 99
f 98 3124 3137
f 3193 3150 418
f 3136 439 74
f 3148 439 3016
f 3148 3039 3267
f 2719 3194 3138
f 3165 2940 3037
f 450 3139 31
f 2902 1132 2876
f 2902 3192 1575
f 3260 3197 2952
f 2707 3003 3140
f 2838 2924 3141
f 3178 3010 2662
f 2956 3252 61
f 3134 2856 3089
f 3143 2964 2896
f 3213 2985 2828
f 37 2963 406
f 3146 2942 3223
f 3199 2987 460
f 3044 3080 3248
f 2896 2964 2750
f 3145 3265 3103
f 508 3088 3125
f 3146 2882 2942
f 3215 2920 3147
f 3185 3195 2910
f 3288 3184 3134
f 3271 2848 3293
f 3282 102 486
f 3181 2826 2095
f 3173 3210 3135
f 3150 3193 2962
f 428 3281 3151
f 3151 2670 3011
f 105 447 3068
f 3267 3131 484
f 103 3132 3053
f 3277 3285 20
f 3234 3255 2730
f 3022 92 462
f 3154 3115 2880
f 52 446 3059
f 3215 3155 2920
f 3155 3133 2502
f 3110 505 3280
f 407 97 3011
f 2984 3248 48
f 3156 3188 3291
f 3092 3291 3169
f 453 3047 3172
f 2644 3212 3172
f 459 3195 100
f 3141 2924 3157
f 3144 3044 3248
f 3038 3146 429
f 80 3241 3157
f 3296 2982 492
f 3098 3227 452
f 2933 2960 2957
f 3160 3203 3112
f 47 3066 3161
f 3161 2928 2984
f 2987 1 460
f 1095 3129 3164
f 3049 3190 2802
f 3231 3246 113
f 3162 3036 2912
f 519 3234 26
f 3037 3177 3165
f 87 408 3165
f 430 3166 3168
f 2867 3071 1947
f 89 478 2985
f 3167 3175 2660
f 2867 2971 3168
f 64 430 3168
f 3171 3256 21
f 3158 2879 3171
f 438 3127 3138
f 498 2995 3176
f 2515 3096 3176
f 3291 510 53
f 3169 3114 3092
f 3284 3070 3170
f 70 453 3172
f 3224 437 112
f 3201 2905 3175
f 35 498 3176
f 87 3165 493
f 2787 3296 3178
f 27 412 3178
f 3086 3179 2878
f 3179 3290 2800
f 77 3214 3180
f 2975 3006 3180
f 464 2821 3181
f 2954 3283 496
f 3054 457 59
f 3154 59 485
f 82 3072 3063
f 3182 2793 2800
f 18 3276 3290
f 3224 3174 3036
f 3225 520 55
f 3276 475 17
f 3164 3184 11
f 2940 3165 408
f 91 458 2949
f 51 3085 3120
f 3133 3155 456
f 2821 464 3139
f 3083 423 49
f 512 3083 49
f 3215 495 10
f 3184 487 11
f 3271 100 3185
f 2985 3213 89
f 430 63 3166
f 3286 3126 3010
f 3027 3166 63
f 3250 440 84
f 54 510 3188
f 3188 3156 2745
f 2606 3287 3188
f 3189 479 3043
f 3189 3197 517
f 523 8 3190
f 2662 2787 3178
f 3254 3104 2558
f 418 110 3193
f 3194 2719 2693
f 3194 3107 483
f 3113 2910 3195
f 459 99 3195
f 3110 3008 2798
f 58 3017 3115
f 2515 3176 3196
f 3250 3167 3187
f 2734 2955 3042
f 3222 3032 3198
f 413 56 3198
f 460 120 3199
f 3256 3171 2879
f 514 83 3201
f 3283 3259 431
f 3044 3144 2906
f 2947 2523 3202
f 3202 977 2588
f 2607 2953 2815
f 3149 2848 2850
f 3189 3043 2980
f 3285 2875 3158
f 3144 2928 3204
f 3205 1948 3076
f 409 116 3099
f 3216 2737 2899
f 463 2899 62
f 509 43 3206
f 2983 2886 2620
f 414 3207 3247
f 3208 3064 2996
f 2717 3262 2656
f 3210 3220 3020
f 3210 3173 466
f 472 5 3211
f 2748 3211 2914
f 3217 494 70
f 454 89 3213
f 2828 2941 3213
f 2975 3180 3214
f 470 3261 3214
f 3048 57 413
f 10 3155 3215
f 32 464 3181
f 3216 3252 3060
f 3261 3131 2934
f 70 3172 3217
f 454 3213 3117
f 81 420 3218
f 2922 3097 3218
f 3081 478 88
f 83 434 3230
f 2903 6 472
f 3264 3108 411
f 2949 3192 91
f 3122 3207 3235
f 42 489 3235
f 483 45 3194
f 3287 3186 3219
f 448 3287 3219
f 19 3086 424
f 2900 44 509
f 3109 3283 3067
f 76 484 3131
f 95 505 3220
f 3151 97 428
f 495 3215 3164
f 518 115 3221
f 99 522 2977
f 3174 112 445
f 3094 71 494
f 3203 3160 1
f 3040 479 2978
f 3222 3225 3061
f 2891 38 2963
f 2936 2957 24
f 3260 3237 422
f 3046 3221 115
f 3162 437 3224
f 112 3174 3224
f 3164 3215 3147
f 3177 493 3165
f 3036 3162 3224
f 3225 3278 3105
f 2902 3022 3192
f 3226 507 78
f 3226 3232 2773
f 2956 3227 2889
f 61 452 2956
f 3226 2773 2785
f 2927 3067 3228
f 469 3245 107
f 3084 416 3263
f 3089 3288 3134
f 434 3063 3230
f 2905 2788 873
f 3050 2619 2716
f 3231 113 437
f 3006 2773 3232
f 3160 2 465
f 3234 519 3255
f 3234 2633 3126
f 2991 3122 3235
f 2608 2857 3236
f 3237 3260 3111
f 3237 2869 3193
f 3108 68 411
f 3264 3209 2893
f 92 3022 3239
f 3015 3240 3251
f 2641 2656 3240
f 3065 503 62
f 3142 3141 3241
f 80 425 3241
f 3242 2724 3008
f 3243 3135 3020
f 2650 740 3243
f 3259 3109 3119
f 3200 3028 3244
f 22 449 3244
f 3294 3245 469
f 106 2979 3294
f 3281 428 96
f 2944 513 3246
f 3246 3231 3050
f 3247 3207 2969
f 2983 3206 3247
f 512 48 3248
f 507 3226 3249
f 3249 2785 2792
f 3218 420 3157
f 3272 2794 2764
f 2701 2914 3258
f 77 3180 3232
f 3014 2470 2944
f 3246 3050 3014
f 3287 448 54
f 494 3217 3094
f 3247 3206 43
f 2963 38 406
f 3279 451 2998
f 3062 488 71
f 3274 65 504
f 84 3167 3250
f 3270 440 3250
f 110 422 3237
f 3105 3219 3186
f 3110 3280 3008
f 487 3184 3288
f 115 444 3046
f 3064 3084 2931
f 66 471 3251
f 3252 3216 463
f 3143 3279 2964
f 3183 88 493
f 48 476 2984
f 22 3244 3091
f 3086 19 3179
f 67 427 3209
f 21 421 3171
f 2995 3259 2651
f 117 3236 490
f 3142 3253 2929
f 3253 3241 425
f 96 466 3281
f 3157 420 80
f 2945 2964 2998
f 3150 3163 418
f 3254 2521 3073
f 450 30 3254
f 3192 3022 462
f 3222 56 520
f 2943 2730 3255
f 519 25 3255
f 2879 3200 3256
f 449 21 3256
f 41 3143 3257
f 2991 3235 3257
f 452 60 3098
f 501 3272 3258
f 3099 116 3205
f 34 431 3259
f 3119 2651 3259
f 2952 3111 3260
f 422 109 3260
f 107 2978 479
f 76 3131 3261
f 2934 3214 3261
f 3278 55 448
f 2666 2969 3122
f 3280 3242 3008
f 2960 2943 3268
f 3255 3268 2943
f 3262 2717 3209
f 496 32 2954
f 3033 3233 2
f 3077 3029 497
f 3263 3090 3084
f 3263 12 3229
f 411 67 3264
f 3238 2893 2806
f 3288 3229 12
f 524 68 3265
f 3103 3108 2997
f 3168 3001 504
f 3283 3228 3067
f 2899 463 3216
f 419 50 3266
f 3266 2799 2972
f 3267 75 3148
f 3039 3131 3267
f 3268 2957 2960
f 37 429 3146
f 3257 489 41
f 512 3248 3083
f 514 3201 3167
f 879 2483 3269
f 899 1436 3269
f 3248 2984 3144
f 3270 85 440
f 3250 3187 3270
f 3293 3282 101
f 3271 3152 2848
f 4 433 3272
f 2914 5 501
f 3273 119 482
f 118 3052 3273
f 102 3070 3284
f 425 79 3253
f 2957 442 24
f 111 418 3163
f 53 3169 3291
f 3274 471 65
f 504 3001 3274
f 100 3271 500
f 3275 3169 436
f 52 3059 3275
f 3001 3168 2971
f 2764 3258 3272
f 34 3259 2995
f 3095 3253 79
f 3276 18 475
f 17 3102 3276
f 13 3084 3064
f 3116 3274 3130
f 109 517 3197
f 3146 3223 37
f 3116 3251 3274
f 3153 2875 3277
f 20 424 3277
f 3251 3116 3015
f 3052 118 490
f 465 1 3160
f 3278 3225 55
f 448 3219 3278
f 3181 2954 32
f 66 3251 3262
f 3152 3271 3185
f 499 40 3279
f 2998 2964 3279
f 3167 3201 3175
f 3164 11 495
f 3230 3201 83
f 3057 3130 3001
f 3280 3100 3242
f 3280 505 94
f 3100 3280 432
f 3281 3173 2953
f 3070 2723 3074
f 3282 3293 3149
f 62 2899 3065
f 3283 2954 3228
f 3283 431 33
f 2796 2849 2794
f 3132 417 3284
f 2963 37 3223
f 3195 3185 100
f 3285 3277 2875
f 3158 3171 3285
f 2956 452 3227
f 3010 3178 3286
f 3286 3234 3126
f 3108 3264 3238
f 2867 3168 3166
f 54 3188 3287
f 3077 92 3239
f 3288 3089 3229
f 12 487 3288
f 3133 9 3289
f 3289 3190 3049
f 511 18 3290
f 3182 2800 3290
f 3188 510 3291
f 64 3168 504
f 3292 524 3145
f 2877 3047 3292
f 2848 3149 3293
f 3293 500 3271
f 3163 3174 111
f 3268 3255 442
f 469 106 3294
f 3294 2692 3245
f 2908 2707 3140
f 455 2681 30
f 3295 2533 3104
f 437 3162 3231
f 3296 2787 3159
f 492 27 3296
