# File exported by Houdini 21.0.631 (www.sidefx.com)
# 2405 points
# 13524 vertices
# 4508 primitives
# Bounds: [-0.34771651, -0.33567217, -0.0975968167] to [0.246709913, 0.27915895, 0.111436658]
g 
v 0.202714369 0.107039467 -0.0975968167
v 0.179098457 0.0768039227 -0.0944240019
v 0.153290063 0.0496760011 -0.085481368
v 0.126201585 0.0259273909 -0.0719098896
v 0.0983827263 0.00552718993 -0.0548245013
v 0.0700753108 -0.0117156496 -0.0352453887
v 0.0412839204 -0.0260438807 -0.0140858898
v 0.0118467901 -0.0376762003 0.00782557018
v -0.0184972491 -0.046757549 0.0297056008
v -0.0500429012 -0.0533284694 0.0507688895
v -0.0830470622 -0.0573090091 0.0701814592
v -0.117644139 -0.0584971197 0.0870217979
v -0.153741717 -0.0565852188 0.100261018
v -0.190896198 -0.0512034819 0.108778559
v -0.228181601 -0.0420001782 0.111436658
v -0.264086932 -0.0287664104 0.107236542
v -0.296505541 -0.0115977703 0.0955643505
v -0.32289502 0.00894183014 0.0764937773
v -0.340660095 0.0317227095 0.0510497093
v -0.34771651 0.0550987311 0.0212883893
v -0.343061775 0.0771439299 -0.00992554985
v -0.32710284 0.0960231721 -0.0394357815
v -0.301569015 0.110355832 -0.0644271001
v -0.269047976 0.119425282 -0.0829229206
v -0.232365385 0.123174369 -0.0939817727
v -0.194056079 0.122036062 -0.0975968167
v -0.156063363 0.116701849 -0.0944240019
v -0.119665712 0.107915089 -0.085481368
v -0.08555457 0.0963300914 -0.0719098896
v -0.0539780594 0.0824383497 -0.0548245013
v -0.0248916 0.0665448308 -0.0352453887
v 0.00191271002 0.0487748608 -0.0140858898
v 0.0267051496 0.0290977191 0.00782557018
v 0.0497418493 0.00735969003 0.0297056008
v 0.0712052509 -0.0166741908 0.0507688895
v 0.0911545902 -0.0432663597 0.0701814592
v 0.109482072 -0.0726342499 0.0870217979
v 0.1258751 -0.104851618 0.100261018
v 0.139791608 -0.139719218 0.108778559
v 0.150464013 -0.176610976 0.111436658
v 0.156955913 -0.214322805 0.107236542
v 0.158296734 -0.250982434 0.0955643505
v 0.153703645 -0.284106225 0.0764937773
v 0.142857373 -0.310881644 0.0510497093
v 0.126141354 -0.328680694 0.0212883893
v 0.104722291 -0.33567217 -0.00992554985
v 0.080392912 -0.33129096 -0.0394357815
v 0.0552135482 -0.316344351 -0.0644271001
v 0.0310986694 -0.292715043 -0.0829229206
v 0.00951055996 -0.262821496 -0.0939817727
v -0.00865828991 -0.229075536 -0.0975968167
v -0.0230350792 -0.193505764 -0.0944240019
v -0.033624351 -0.15759109 -0.085481368
v -0.0406470187 -0.122257471 -0.0719098896
v -0.0444046818 -0.0879655406 -0.0548245013
v -0.0451837108 -0.0548291691 -0.0352453887
v -0.0431966186 -0.0227309801 -0.0140858898
v -0.0385519415 0.00857848022 0.00782557018
v -0.0312446002 0.0393978618 0.0297056008
v -0.0211623609 0.0700026527 0.0507688895
v -0.00810752995 0.100575373 0.0701814592
v 0.00816208031 0.131131381 0.0870217979
v 0.0278666206 0.161436856 0.100261018
v 0.0511045903 0.190922707 0.108778559
v 0.0777175799 0.218611151 0.111436658
v 0.107131027 0.243089214 0.107236542
v 0.138208807 0.262580216 0.0955643505
v 0.16919136 0.275164366 0.0764937773
v 0.197802722 0.27915895 0.0510497093
v 0.221575156 0.273581952 0.0212883893
v 0.238339484 0.258528262 -0.00992554985
v 0.246709913 0.235267773 -0.0394357815
v 0.246355459 0.205988511 -0.0644271001
v 0.237949327 0.173289746 -0.0829229206
v 0.222854823 0.139647141 -0.0939817727
v 0.0794828832 -0.093359746 0.0504390784
v -0.250358611 0.0640340894 -0.01401392
v 0.135004491 0.217518866 0.0576092526
v 0.0130068036 0.00812221039 0.0079950178
v 0.0818740577 -0.274537265 -0.0108527858
v 0.123829551 -0.270641834 0.0433341078
v 0.174961016 0.240819365 0.0394216999
v 0.211533502 0.197678283 -0.0345309414
v 0.187152267 0.216446355 0.00610165996
v -0.0678879619 -0.0258962661 0.0380842984
v 0.147969529 0.156257972 -0.0050971522
v 0.0617071725 0.0700017586 0.00708547048
v 0.152132481 0.122956991 -0.0340482667
v 0.0296560228 -0.18076089 -0.0298498962
v -0.0261314083 0.0173810944 0.0142216943
v 0.0144458106 -0.0860720575 -0.00676784059
v 0.117839761 0.113905132 -0.00910986774
v -0.2394045 0.0865222067 -0.0447467528
v -0.0765673295 0.069297865 -0.0417082682
v -0.231830776 -0.00513380952 0.0668055788
v 0.0740537196 0.112630121 0.025696028
v 0.0159980487 -0.237583905 -0.072659418
v 0.0956854001 0.0728650838 -0.0169754773
v 0.136193067 0.0746465698 -0.0519855805
v -0.0319584571 0.0178591684 0.00946544204
v 0.0582628846 -0.24392353 -0.0256772377
v 0.0118084913 -0.0467874371 0.00265768636
v 0.0860763416 -0.189086944 0.0292592607
v -0.0319424346 -0.123435855 -0.0640638918
v -0.138145223 0.0459745079 -0.0129534584
v -0.121080607 0.0141453184 0.0168668665
v 0.0473583676 -0.133219242 0.00714159291
v -0.0968718678 -0.00164912757 0.026442932
v -0.196315542 0.0694436282 -0.0309767686
v 0.032023672 0.102387995 0.047576271
v -0.197530523 0.0525014251 -0.0105103292
v -0.0938628688 0.0285551623 -0.00106493209
v -0.00248268223 0.0578378402 0.0345749706
v 0.122343309 -0.199596971 0.0685732514
v 0.113958411 -0.176117003 0.0663289949
v 0.107029326 -0.128936172 0.0721029639
v -0.0623482317 0.0468466505 -0.0197701901
v 0.0339293182 0.0831068233 0.0328890979
v 0.0825339779 -0.237065509 0.00624913536
v -0.123971999 0.0779769868 -0.0495850258
v 0.0458924286 -0.0669380873 0.0238341596
v 0.0778276175 0.0329019763 -0.0238621309
v 0.0494375192 0.139989227 0.064977929
v 0.108956464 -0.232648358 0.0400010683
v 0.115064912 0.157071725 0.0253563244
v -0.00806923863 -0.00751935225 0.000699309516
v -0.291157693 0.0683689713 -0.0105457855
v -0.0011762681 -0.151100397 -0.0482471883
v 0.0695357248 -0.221121967 -0.00243619573
v 0.0637271479 0.0326754041 -0.0132128261
v 0.111179963 -0.289622247 0.0192458238
v 0.14219515 0.189153656 0.0266955458
v -0.305268943 0.047355108 0.0205177348
v 0.0375265591 0.122403726 0.0593166389
v -0.279440105 0.0874262601 -0.0381531306
v -0.283491433 0.0785022303 -0.0255588237
v 0.0491833501 -0.0885830298 0.022048641
v 0.0821351632 0.189519346 0.0808504298
v -0.105868489 -0.0200743601 0.0452589951
v -0.168507367 -0.0334996693 0.0797484517
v -0.226349026 0.0437749289 0.0059284484
v -0.265066355 0.00939159468 0.0585124344
v 0.112808675 0.215704218 0.0766841546
v 0.178596035 0.158088878 -0.0332385898
v 0.000351876399 -0.170221403 -0.0560921393
v 0.100708954 0.141780749 0.0258342624
v -0.0308667347 -0.032192871 0.0285439659
v 0.111776792 0.188237756 0.053717196
v -0.0852642432 0.0136242341 0.0111779878
v -0.159356475 0.0208581574 0.0178332012
v -0.00436786329 -0.109232396 -0.0315748341
v -0.101496682 0.0597856045 -0.0311302934
v 0.0632277429 -0.288561404 -0.0405055024
v 0.0175348148 -0.211278334 -0.0575667731
v 0.00846725143 -0.189479634 -0.0569143146
v 0.0358429365 -0.249027357 -0.0547868013
v 0.0449931733 -0.00102269999 -0.0117972447
v 0.122785717 -0.236122042 0.0557473041
v -0.0195761789 0.0406997278 0.0285210237
v 0.0453342348 -0.263392478 -0.0503751934
v 0.0665672496 0.174987212 0.0812620223
v 0.174820945 0.173538834 -0.0172446277
v -0.00980571937 -0.0745183155 -0.0207072403
v -0.0181708764 -0.0526477881 -0.0169377644
v -0.047453247 0.0415650979 -0.0150889102
v -0.2521635 -0.00738366554 0.0758143365
v -0.202984005 0.090708591 -0.0560504757
v -0.00413030246 -0.0239914246 0.0142612783
v 0.0393680483 0.0470449142 0.00906344596
v 0.0434536301 -0.211154029 -0.0281356853
v 0.207900703 0.232311621 -0.00125079392
v 0.127313063 0.188630089 0.0400099494
v -0.0802757218 0.0549177602 -0.0271122288
v 0.176303342 0.115983337 -0.0629728362
v 0.0953332186 0.0407018103 -0.0345837772
v 0.00239763153 0.00964049157 0.00254283613
v -0.219293267 0.0635486469 -0.0197025277
v -0.195824414 0.100106671 -0.0688713491
v -0.168406278 0.0351881459 0.00390615501
v -0.276748329 0.0480934009 0.0123499604
v 0.109375954 0.200731799 0.0666011944
v 0.0550443977 -0.215973496 -0.0169996284
v 0.130532876 -0.155017853 0.0928788185
v 0.0931541398 -0.115232617 0.0599835292
v 0.181128725 0.14251183 -0.0478663966
v -0.00312148407 -0.130101353 -0.0400814079
v -0.165984079 0.00772785861 0.0336453244
v 0.0351855867 0.065513052 0.0212322101
v 0.105410114 -0.268587708 0.0209819153
v 0.169976279 0.188031614 -0.000741302501
v 0.136583224 -0.257028073 0.0650587156
v 0.106388949 -0.249646619 0.0300655663
v 0.0124601228 -0.0193000399 0.0073673469
v -0.0510588847 -0.0102919349 0.0232096389
v -0.285800099 0.0456611551 0.0177442152
v 0.12119738 0.22202377 0.0745536238
v 0.149091348 0.139596671 -0.0188753325
v -0.264660478 0.0935725868 -0.0491741486
v 0.134097904 0.140526101 -0.00430897018
v 0.0288713053 -0.0192491002 0.0165650714
v 0.159396663 0.0818329304 -0.0701372549
v -0.121067397 0.0669284463 -0.0374549031
v -0.187543884 -0.0270549022 0.0789289922
v -0.0295841657 0.0246044938 -0.00231626141
v -0.0731371045 0.0047648116 0.0166549422
v -0.121239685 -0.00800738577 0.038361568
v 0.135050401 0.11965584 -0.020446429
v 0.0926844031 -0.288080961 -0.00346040772
v 0.0532417335 -0.0458409749 0.0331590734
v 0.133040339 -0.182516828 0.0874940157
v -0.218921527 0.0803826526 -0.0406025238
v -0.165203944 0.0571753494 -0.0214524046
v -0.233311832 0.00757174473 0.0517035685
v -0.020529205 -0.0183626451 0.0192750879
v 0.0188702773 0.11478474 0.0656675249
v 0.0498639382 0.0873135626 0.0256366376
v -0.00243484811 -0.226413205 -0.0886211842
v -0.128360435 0.00480010314 0.0276269205
v 0.180427507 0.228404596 0.0231010057
v -0.0166684613 -0.0319921449 -0.00800598878
v -0.225887895 0.0550166257 -0.00792077277
v -0.167874217 0.0519044735 -0.0150255971
v -0.11253494 0.0365808755 -0.00657667173
v -0.0715805218 0.016192466 0.00740428641
v 0.0948474407 0.110002495 0.00756773585
v 0.154163331 0.249765188 0.0679798201
v 0.0919677317 -0.086664997 0.0649747029
v 0.00127530203 0.0792987123 0.0479478464
v -0.00387984957 0.0369338132 0.0228098072
v -0.267199159 0.0787272751 -0.0293005425
v 0.0261072908 -0.0761135072 0.00552054215
v -0.0724841803 0.0226518214 0.00209337729
v -0.0608803965 -0.00596746895 0.0223974045
v -0.00071811612 -0.0584251359 -0.00844146311
v 0.106749758 -0.193064615 0.0520153232
v 0.0791732967 -0.0720500052 0.0541324876
v 0.0636362508 0.092296578 0.0194757096
v 0.116064779 0.138499588 0.0102236196
v 0.0015794693 -0.203547269 -0.0717575476
v 0.0751743242 0.137092173 0.0429798216
v 0.0970257148 -0.181048825 0.0447484516
v -0.298034668 0.0276951808 0.0443460643
v 0.221572593 0.21480985 -0.0304847434
v -0.235840455 0.0984066203 -0.0606592707
v 0.133676857 0.0529022701 -0.0632200241
v -0.244303942 -0.0132953962 0.080762215
v -0.127331793 0.0286972169 0.0034764125
v 0.0703542456 -0.24080883 -0.00989693217
v -0.245613188 0.0739616379 -0.0275662597
v 0.131455347 0.126117304 -0.0125390915
v 0.115339406 -0.131681949 0.0810689479
v 0.0867565051 -0.109357677 0.0544719398
v 0.195871592 0.2027051 -0.0142894089
v -0.0569501743 0.0320729315 -0.00674976083
v -0.0972851664 0.0449728258 -0.0164213274
v 0.165248096 0.14058128 -0.0336138271
v 0.0695652366 -0.277459234 -0.0273897778
v 0.0303856656 0.00234195683 -0.0016974482
v -0.228576377 -0.017187994 0.0805642679
v 0.0769424811 -0.117876329 0.0419122986
v 0.0459492952 -0.116315499 0.0112748453
v 0.11344035 -0.158358902 0.0712763965
v -0.222417548 0.0262746587 0.0261969212
v 0.0223461445 -0.114815801 -0.0102052577
v 0.0522799306 -0.162138671 0.00183981319
v 0.0191977229 0.0863000527 0.043591138
v 0.0495386347 0.0784912109 0.0202546082
v 0.0189625621 0.050135579 0.0211287364
v 0.189738438 0.243306875 0.0268418305
v 0.203933284 0.223923713 -0.00444504293
v 0.0724567771 0.0115219234 -0.0287321843
v 0.189729065 0.1768516 -0.029403178
v -0.215854287 0.100032546 -0.0659370273
v 0.0827012062 -0.217635974 0.0144069139
v 0.0822456777 -0.255734056 -0.00207261113
v -0.179057196 0.0815089419 -0.0481021777
v -0.30235666 0.080507271 -0.0240381397
v 0.0700425804 -0.25919801 -0.0184343532
v -0.148980185 0.0870759115 -0.0581863001
v 0.0754517242 0.0687726289 -0.00347797968
v -0.148007423 0.00187101273 0.035386771
v 0.0154531654 0.0913674161 0.0493885428
v 0.0602299199 -0.0838394538 0.0333798453
v 0.0271514505 -0.0534903184 0.0115723051
v 0.152007923 0.226696104 0.0494409017
v 0.0885284692 0.0206894055 -0.0385137387
v 0.0671354756 0.0490549989 -0.00798457861
v 0.0392753594 0.152084321 0.0829332396
v 0.0582913198 0.124743342 0.0463125296
v -0.076158151 -0.0373716764 0.0499085411
v 0.129405707 -0.220724583 0.0697759911
v 0.0971282721 -0.210255191 0.0343267843
v 0.116756372 -0.250733018 0.0424986593
v 0.0942558944 -0.25236243 0.0140257291
v 0.0290731173 0.134196728 0.0749790221
v -0.149183735 0.0326361023 0.00312603987
v 0.178749397 0.190083623 -0.00766102318
v 0.150740117 0.0650092661 -0.0726543888
v -0.0132912351 -0.15824683 -0.0642737746
v 0.0699182153 0.152163386 0.0591527969
v 0.114714541 -0.215445518 0.0535703711
v 0.130183622 -0.255460829 0.0575230531
v 0.131791025 0.156907067 0.0103153139
v 0.098866418 0.15782547 0.0399194099
v 0.0204939637 0.00679579051 0.0101737557
v -0.0206955634 -0.020787226 -0.0054949387
v 0.0971534178 -0.28227964 0.00472307252
v 0.0356598049 -0.138755813 -0.00644636154
v 0.0688183904 -0.193090901 0.0081057772
v 0.0362276845 -0.180812761 -0.0228080358
v -0.270202994 0.0671199113 -0.0136522586
v -0.311645269 0.0694099218 -0.00711092912
v -0.020145731 -0.0835613981 -0.0325535163
v 0.0137683582 -0.165277198 -0.0396704748
v -0.0158539787 -0.137147799 -0.0558297671
v 0.0097600054 -0.123329192 -0.0250587743
v 0.0497656316 -0.206943661 -0.0191050135
v 0.0772269443 -0.211929128 0.0102880914
v 0.0646170229 -0.233390108 -0.0134578403
v 0.0631717071 0.0565100051 -0.00135971361
v -0.230041087 0.0814982206 -0.0400507823
v 0.119963743 -0.277556866 0.0355510823
v 0.154288933 0.0933230743 -0.0571172275
v 0.138674513 0.206130281 0.0442911536
v 0.146306232 0.17470935 0.0110519538
v 0.113428272 0.173172519 0.0397114679
v 0.157179207 0.235435903 0.0521440729
v 0.0978417248 -0.101135939 0.0684277341
v -0.278781861 0.055503685 0.00329883909
v -0.316302836 0.0577083677 0.00962167326
v -0.00679978635 -0.182328567 -0.0700020939
v 0.132189408 0.102458745 -0.0298326518
v 0.0597790107 0.110899791 0.0349842347
v 0.0224778131 0.12473651 0.0715539157
v -0.28894943 0.0897715464 -0.0392805263
v -0.259399503 0.0833385438 -0.0368568115
v -0.215487182 -0.00727740629 0.0644977763
v -0.172900259 -0.00563963503 0.0501701534
v -0.296002775 0.0854740292 -0.0320554674
v -0.263970107 0.0720270574 -0.0213210545
v 0.031681519 -0.0861609951 0.00732148765
v 0.02924289 -0.0649460033 0.0107532954
v -0.0275593437 -0.144840539 -0.0717263371
v 0.0511828475 0.105562061 0.0372088775
v 0.0818731338 0.20428206 0.094329074
v 0.0828000307 0.174303174 0.0670865327
v -0.135760248 -0.0367654189 0.0716289952
v 0.00244300789 0.0286026001 0.0173788108
v -0.0134681892 0.0561335944 0.0373391509
v 0.000651328824 -0.0225353353 0.0016175526
v 0.119493425 -0.142265797 0.0831334889
v -0.077035822 -0.0206947979 0.0370233171
v -0.122143231 -0.0142994504 0.0446813107
v 0.0762215853 -0.257551908 -0.0101956017
v -0.2063106 -0.0173341949 0.0736522004
v -0.159027174 -0.0202855747 0.0620374531
v 0.216951713 0.16392979 -0.0679842532
v -0.18130371 0.045954559 -0.00588190695
v -0.257830232 0.036643479 0.0222130679
v -0.241555378 0.0517598726 -0.000525631534
v -0.210075617 0.0361388251 0.0115043465
v 0.0691650957 0.191851601 0.0941213667
v -0.241090506 -0.000331148214 0.0636579469
v -0.267787099 0.020335611 0.04541355
v -0.234930322 0.0136123411 0.0447714627
v -0.112462096 0.0699061379 -0.0413035639
v -0.19944416 0.0805175453 -0.0439555421
v -0.143309325 0.0619373806 -0.0297728498
v 0.0283326562 -0.0105701229 0.0161441378
v 0.0881773308 -0.128758058 0.0510123633
v 0.0920853093 -0.174823448 0.0411766842
v 0.102898538 -0.147688165 0.0621553063
v 0.123900428 -0.170246094 0.0801729038
v 0.100311287 0.105194181 -0.000189964601
v 0.0969322547 0.188370958 0.06696859
v 0.162564501 0.156307623 -0.0189365
v 0.0158573445 -0.175493687 -0.0422031656
v -0.0116972476 -0.170264617 -0.0689397082
v 0.12429183 0.148169577 0.0103031537
v 0.10504926 0.123559296 0.00867924374
v 0.0904349461 0.149632111 0.0404791683
v -0.00822664984 0.0270681735 0.019170668
v 0.163502589 0.223344266 0.0353667066
v -0.0304283556 -0.0120856483 0.0198422689
v -0.0426797457 -0.0415339731 0.0390024297
v 0.0646518767 0.0993150324 0.0234165378
v 0.107363708 0.0858408436 -0.0187823977
v 0.0575416125 -0.0651771426 0.0343843848
v 0.0208069254 -0.0352220349 0.0103208227
v 0.05079953 -0.0247912053 0.0324050933
v 0.0969930142 0.203065798 0.0797810256
v 0.129395247 0.173315436 0.0255223028
v 0.125534415 0.203001797 0.0538285188
v 0.0980046317 0.173628926 0.0535500273
v -0.104341842 0.0161766149 0.0118620023
v -0.0672035441 0.0103006447 0.0116367666
v -0.139832303 0.0186110269 0.0161267817
v -0.180037826 0.0204754658 0.0228761304
v 0.215797067 0.18520163 -0.0493461527
v 0.0866647512 0.125795141 0.0253741369
v 0.0779987723 0.100447252 0.0143185183
v 0.0203046147 -0.277768254 -0.0884523466
v 0.156000197 -0.267544329 0.0860290676
v -0.280296236 -0.0201820899 0.10140045
v 0.242524698 0.246898025 -0.0246806666
v -0.28530848 0.114890561 -0.0736750066
v 0.16619426 0.0632399619 -0.0899526849
v -0.0394348279 0.0744915903 -0.045034945
v 0.0180143509 0.146284118 0.0936414078
v 0.0265653543 -0.0318600386 -0.00313015981
v 0.242152393 0.189639121 -0.0736750066
v 0.12266992 0.252834707 0.10140045
v 0.145127803 -0.158165097 0.110107608
v 0.209688932 0.276370466 0.0361690484
v -0.0146349454 0.0852890164 0.0604751743
v 0.153709963 -0.195466891 0.1093366
v -0.0447941944 -0.0713973567 -0.045034945
v -0.04087428 -0.00707624992 -0.00313015981
v -0.0342700742 -0.0500430092 0.0402372442
v -0.135692924 -0.0575411692 0.0936414078
v 0.0811799169 -0.0299702752 0.0604751743
v 0.112292156 0.0157272909 -0.0633671954
v -0.209538907 -0.0466018319 0.110107608
v -0.0158466846 -0.211290658 -0.0960104093
v 0.0924243033 0.23085019 0.1093366
v 0.0678032339 -0.32381767 -0.0519314408
v -0.344188303 0.0434107184 0.0361690484
v -0.037135683 -0.139924288 -0.0786956251
v 0.0925576016 -0.33348155 -0.0246806666
v -0.0348982699 0.0239881705 0.0187655855
v 0.134499371 -0.319781184 0.0361690484
v -0.00332522951 -0.0422168747 0.0187655855
v 0.139745831 0.0378016979 -0.0786956251
v -0.0114894453 0.0576598458 -0.0246656388
v 0.0143089294 0.0389362909 -0.00313015981
v -0.0665449798 -0.0553187393 0.0604751743
v -0.314335942 0.103189498 -0.0519314408
v -0.172318965 -0.0538943484 0.104519784
v 0.132833362 -0.122285418 0.104519784
v -0.213210732 0.122605219 -0.0957892984
v -0.0283297151 -0.175548434 -0.0899526849
v -0.345389128 0.0661213323 0.00568141975
v -0.102610141 0.10212259 -0.0786956251
v 0.0394856036 0.176179782 0.104519784
v 0.117678583 -0.0887429342 0.0936414078
v 0.0382234976 0.0182287041 0.0187655855
v 0.115431823 -0.332176447 0.00568141975
v 0.0604735501 -0.00465725036 0.0402372442
v -0.0425258502 -0.10511151 -0.0633671954
v -0.0697663128 0.0893842205 -0.0633671954
v -0.335082293 0.0865835547 -0.0246806666
v 0.230402082 0.156468451 -0.0884523466
v -0.331777573 0.0203322694 0.0637717396
v -0.175059721 0.119368955 -0.0960104093
v 0.183497041 0.277161658 0.0637717396
v 0.0556796156 -0.0188797656 -0.0246656388
v -0.0441901647 -0.0387800746 -0.0246656388
v 0.212784588 0.123343304 -0.0957892984
v 0.0431561098 -0.304529697 -0.0736750066
v 0.0842290223 -0.00309422985 -0.045034945
v -0.13786453 0.112308472 -0.0899526849
v 2.72751786e-05 0.115853377 0.0786016285
v -0.0262034796 0.0547002554 0.0402372442
v 0.246532679 0.220628142 -0.0519314408
v 0.0644110888 0.204766929 0.110107608
v -0.246134266 -0.0353832953 0.1093366
v -0.30970028 -0.00132797007 0.0860290676
v 0.100318328 -0.057950303 0.0786016285
v 0.190906405 0.0919216946 -0.0960104093
v 0.229957312 0.266055107 0.00568141975
v 0.153700083 0.268872291 0.0860290676
v -0.250706673 0.121299826 -0.0884523466
v -0.100345597 -0.0579030663 0.0786016285
v 0.157626331 -0.232652619 0.10140045
v 0.000426135026 -0.245948523 -0.0957892984
v 0.148280501 -0.297493935 0.0637717396
v -0.250546068 0.0798505396 -0.034107212
v -0.076745905 -0.0290005766 0.0434342474
v -0.116335414 -0.0285765305 0.056616433
v 0.0923910663 -0.10529235 0.0615130737
v 0.0868893117 -0.0676185712 0.0628002137
v -0.01154627 0.0260312781 -0.00425730366
v 0.136057138 -0.200377852 0.0852988511
v 0.136076793 0.233917773 0.0711671039
v 0.0114799812 -0.14377968 -0.0322610289
v 0.00996914413 -0.104690701 -0.0172797181
v -0.0182022862 -0.115849473 -0.0470670983
v 0.0573390573 -0.26152578 -0.0349125005
v -0.0767784044 0.038481757 -0.0116285495
v -0.118540749 0.0510272942 -0.020651659
v -0.139410198 0.0755778104 -0.0456156582
v 0.0568730012 -0.290224403 -0.0492457524
v 0.0757227987 -0.284941584 -0.0232241489
v 0.0649010316 0.134809449 0.0491581596
v 0.0501577482 0.167060122 0.0876547322
v 0.0767343864 0.159645081 0.0598172471
v -0.308178395 0.0295495093 0.0447485633
v -0.0336873643 -0.10262654 -0.0539242662
v -0.0187836252 0.026307527 0.0197377577
v -0.0220613908 -0.140772209 -0.0639070123
v 0.0239502173 -0.195760593 -0.0429018848
v 0.0653382763 -0.0469169393 0.0438520908
v 0.0722434521 -0.0763166547 0.0464509614
v 0.0404214971 -0.0490504801 0.0222711135
v 0.122181602 0.0587960258 -0.0486126393
v 0.0196212325 -0.185547784 -0.0428570807
v -0.00256288401 -0.192980766 -0.0709056705
v 0.00570424506 -0.214512438 -0.0727477297
v 0.0193327051 -0.0114850337 0.00227996917
v 0.0218686648 -0.238878116 -0.0663567558
v 0.0460195653 -0.244343773 -0.0404155143
v 0.0329213291 -0.216297567 -0.0424646735
v 0.0527484939 0.0388846733 -0.00292073842
v 0.0584298857 -0.00514273858 -0.0230888315
v 0.0334647894 0.0125684096 -0.000857661944
v -0.245200202 0.0169909634 0.0434134565
v -0.205039933 0.016136501 0.0339077488
v -0.223330796 0.0033869287 0.0539713912
v -0.179947168 0.00116704742 0.0445398018
v 0.137330666 -0.22260341 0.0790485069
v 0.106698632 -0.212942988 0.0447753258
v 0.12219464 -0.21807225 0.0617883764
v 0.123436093 -0.253225774 0.0498800725
v 0.0277063288 -0.255407184 -0.0677611083
v 0.0426286012 -0.270568073 -0.0571948551
v 0.0513895415 -0.253229231 -0.0381924175
v 0.0757347792 0.167009905 0.0668013543
v -0.119402789 0.00691075157 0.0235462096
v 0.193579152 0.165826663 -0.0421748087
v 0.160945654 0.163493708 -0.0117520019
v 0.188878298 0.183562964 -0.0230891369
v -0.0261629801 -0.0645992234 -0.0275959019
v -0.24979496 0.00481541222 0.0598233901
v -0.28584519 0.0200923998 0.0507892258
v -0.0687413588 -0.00990186725 0.0267556813
v 0.00333892438 -0.0675111562 -0.00879362877
v -0.00401683664 -0.0483635813 -0.00712641701
v -0.0540246814 0.0475666337 -0.0204290431
v -0.0478567258 0.0296580028 -0.00487887533
v 0.0862524733 0.054478012 -0.0197472181
v 0.214860931 0.21734944 -0.0213266518
v 0.216293946 0.226632282 -0.0148269925
v -0.273253888 -0.00649477635 0.0812995359
v -0.240896627 -0.00757229375 0.072565496
v 0.00554425037 -0.08623074 -0.0138484705
v -0.076982677 -0.0126358923 0.0307706781
v -0.175498188 0.0692559332 -0.033972498
v -0.22132802 0.0896391869 -0.0518386289
v -0.184944853 0.0922842845 -0.0605108067
v -0.0128084952 -0.0336131416 0.0209772643
v 0.00136055681 -0.0100165997 0.0105674928
v -0.161713675 0.0996878892 -0.0723066553
v 0.0251961667 0.140232593 0.082995832
v 0.0179454237 0.0704071447 0.0334922597
v 0.0507872365 0.021713227 -0.00862119626
v 0.0250759181 0.0293891802 0.00897099823
v 0.052995801 0.0647887215 0.00996908918
v 0.0290873852 -0.230833977 -0.0538575016
v 0.0597125813 -0.201942131 -0.00573952217
v 0.031793844 -0.198087707 -0.0353046134
v 0.0504840016 -0.230409443 -0.0287032109
v 0.0420171618 -0.146731168 -0.0030540654
v 0.0314887799 -0.174181774 -0.0250216443
v 0.0555772781 -0.173339039 0.00111211266
v 0.02286385 -0.125950456 -0.0139365597
v 0.14802371 0.211883217 0.0403843708
v 0.169722408 0.210776344 0.0185047183
v 0.0637391359 -0.260524064 -0.0266863834
v 0.0858103558 0.0106831733 -0.040623419
v 0.16909492 0.252266169 0.0554911755
v 0.208729789 0.220085025 -0.0126574533
v 0.200107247 0.228964955 0.0038055887
v 0.137653261 0.173785597 0.0183445718
v 0.121350184 0.17314972 0.0326450616
v 0.131628558 0.202212125 0.0475163572
v 0.10563942 0.173339352 0.0466879047
v 0.231664792 0.19592759 -0.0571537428
v -0.0870167837 0.0417570956 -0.0140629178
v -0.066630058 0.0352844484 -0.00922803488
v -0.107586987 0.0480432995 -0.018620614
v 0.103890613 0.0603411235 -0.0312188808
v 0.115269788 0.0418812335 -0.0519798324
v -0.0253770184 0.0446021706 -0.0166980457
v 0.196438551 0.234250918 0.0121226078
v 0.167031378 0.125465333 -0.046679128
v 0.184180796 0.116682671 -0.0705248043
v 0.0726973191 0.0829657912 0.00700719561
v 0.0963578001 0.0248642825 -0.0435063206
v 0.0952395201 0.0572520718 -0.02560197
v 0.0766798034 0.0515077077 -0.0138079636
v -0.320324153 0.0742438808 -0.0114847422
v 0.0415134504 -0.106236577 0.0101867542
v 0.0678759664 -0.101629473 0.0367578864
v 0.0580602773 -0.12817198 0.0195206888
v 0.0717448816 -0.150275797 0.0267562252
v -0.24073039 0.0628800467 -0.0145855863
v -0.209705576 0.0638490096 -0.0218702257
v -0.183751941 0.0578155704 -0.0192359108
v -0.058421988 -0.0390407406 0.0441335104
v -0.212137923 0.105229557 -0.0731677413
v -0.218864202 0.0948176906 -0.0588111281
v -0.144176826 0.0255215894 0.00976815168
v -0.185194597 0.0320654511 0.0108439159
v -0.154846579 0.0396090969 -0.00345034362
v -0.211423472 0.0478263721 -0.00218040147
v -0.108099744 0.0232812613 0.00578002539
v -0.300508618 0.0578785427 0.00546133239
v -0.26164785 0.0551755354 -0.000286541675
v -0.276572466 0.0345977545 0.0296129938
v -0.237265646 0.033786241 0.0206908118
v 0.0679072589 0.197209731 0.100092128
v 0.0975684971 0.210978404 0.0863517299
v 0.096749872 0.195607796 0.0734162927
v 0.097419478 0.181084096 0.0603162758
v -0.117413342 0.0257796198 0.00480094599
v -0.0243094843 -0.0366456397 -0.0132513326
v 0.0577014722 -0.233942375 -0.0218407046
v 0.0535576232 -0.20114319 -0.0123492647
v 0.0666030124 -0.202344745 0.00191489235
v 0.0404692814 -0.199653357 -0.0263789613
v 0.0428247899 -0.0199391283 0.0261917282
v -0.205224499 -0.0332022198 0.0922283083
v -0.221562475 -0.0150815388 0.0757633671
v -0.179998189 -0.0176915117 0.0657651126
v 0.100143969 0.227183416 0.0988190919
v 0.105734043 -0.172863245 0.0576512441
v 0.1370527 -0.176946804 0.0942802653
v 0.0886066258 -0.148159966 0.0458638258
v 0.163935274 0.148564756 -0.0262471195
v 0.166500092 0.132578105 -0.0408664644
v -0.017070923 -0.126574546 -0.0515271612
v 0.0104776677 -0.133392751 -0.0286847018
v 0.0127129983 -0.154567212 -0.0358568691
v 0.00937898085 -0.113760062 -0.0214283373
v -0.144870773 0.0146600623 0.0212998465
v -0.201752067 -0.00102361024 0.0530949719
v -0.111198664 0.0108468626 0.0180922281
v -0.158541843 0.00117320113 0.0388337709
v -0.188402921 0.0207540933 0.0245053507
v 0.150814846 0.0573386848 -0.0777987912
v -0.0191639569 -0.161380202 -0.0721185505
v 0.0488616563 0.0708930716 0.0161208697
v 0.0180357266 0.0606515929 0.0274363011
v 0.0184427276 0.0792376548 0.0390819162
v 0.0214580931 0.0394397154 0.0147806462
v -0.149911195 -0.0418136194 0.0822213143
v -0.147247434 -0.0214532297 0.0595498718
v 0.0941208676 -0.271739691 0.00555813545
v 0.110689804 -0.265161127 0.0290232655
v 0.0993941575 -0.292136878 0.00319114188
v 0.0953106359 -0.233488142 0.0230752509
v 0.118547216 0.0994158611 -0.0196304992
v 0.126662001 0.082431592 -0.0380580612
v 0.00919705909 0.110951662 0.0686252937
v -0.324690789 0.0484742448 0.0241123717
v 0.235334098 0.192080036 -0.0643094555
v 0.211240157 0.166829377 -0.0596117862
v 0.147378772 0.196952119 0.0283244234
v 0.187643573 0.19179365 -0.0150913205
v 0.175997034 0.197389096 0.00109743187
v 0.158330187 0.16987358 -0.00419507129
v -0.0502098277 -0.0280773565 0.0335950255
v 0.162632793 0.117083587 -0.0484906062
v 0.142521799 -0.257104188 0.0726479739
v 0.134371862 -0.265242159 0.0589692332
v -0.135546073 -0.0234135296 0.0578308664
v -0.0964666009 -0.0272818469 0.0487072989
v 0.0960722342 -0.223036066 0.0281431228
v 0.112551972 -0.257188916 0.0346418098
v 0.0947217643 -0.243118897 0.0184399579
v 0.0938643888 -0.261286855 0.00975971296
v 0.00804507826 -0.0252145827 0.00458505237
v 0.0120040867 0.000455017114 0.00701501546
v -0.0423505791 0.0056050471 0.0136054652
v 0.121435769 -0.304202884 0.0260359403
v 0.031316869 -0.150694162 -0.0154227363
v 0.0578999445 -0.109094076 0.024964381
v 0.0253808592 -0.104943924 -0.00398226501
v 0.0419984274 -0.125287816 0.00454956293
v 0.0613501854 -0.151483923 0.0152686844
v 0.070207566 -0.128194764 0.0319893099
v 0.0433768705 -0.171970308 -0.0114538055
v 0.213219315 0.145093888 -0.0791372657
v 0.190495491 0.250335544 0.0323172174
v 0.192881271 0.239278689 0.0201216973
v -0.269936711 0.0569771379 -0.000674012932
v -0.285592049 0.0390373431 0.0262579508
v -0.290251136 0.0567754172 0.0044072126
v -0.308855057 0.0592955947 0.00564965419
v 0.167415679 0.258401573 0.0627357289
v 0.128223881 0.219970882 0.0661439374
v 0.179566592 0.149960443 -0.0405486897
v 0.148439422 0.148034498 -0.0118720457
v 0.150302842 0.131077155 -0.0263634603
v -0.256908387 0.089556329 -0.045407787
v -0.28179723 0.093737185 -0.0460199341
v -0.264383793 0.0997218415 -0.0573224053
v 0.0479505472 -0.236846387 -0.0346273743
v 0.0253741127 -0.234657437 -0.0600961745
v -0.0102463961 0.0646161735 0.0422594547
v 0.140867904 0.148402646 -0.00454470608
v 0.12275251 0.123469405 -0.00666127354
v 0.107702203 0.149208397 0.0256045088
v 0.140915304 0.130317599 -0.0181308072
v 0.0814694688 -0.283542395 -0.0154272635
v 0.016551869 -0.0264794994 0.00884791557
v 0.156395331 0.105476648 -0.0506964289
v 0.158367932 0.0734714121 -0.0747980475
v 0.144098908 0.0739689842 -0.0600919239
v -0.120371655 0.0727126226 -0.0438975319
v -0.132058591 0.0544824153 -0.022876408
v -0.0260989536 -0.108716652 -0.0504742973
v -0.170394123 -0.0191753525 0.0644128993
v -0.187871873 -0.0199017152 0.0707786679
v -0.0237071998 0.0296637602 -0.00631801365
v -0.0282905493 0.0173140336 0.00228916854
v -0.0162233673 -0.0631139576 -0.0202483665
v 0.0116455331 -0.0676322728 -0.00298740203
v 0.0138264978 -0.0576753505 0.00133695069
v 0.0450632945 -0.076763019 0.0211254079
v 0.18624872 0.109861813 -0.0777523667
v -0.0561810173 0.00839935616 0.0121163595
v -0.0793643221 -8.15421226e-05 0.0215170067
v -0.111902505 -0.00648622215 0.0344648622
v -0.130258098 -0.010248851 0.0430247672
v 0.12649934 0.116930097 -0.0146453818
v 0.143693671 0.121737614 -0.0269527379
v 0.1297151 0.0915910304 -0.0348742306
v 0.135238215 0.133904666 -0.0102772871
v 0.0717673749 -0.0543249026 0.0492158234
v 0.10840223 -0.279519975 0.0200820155
v 0.0871748105 -0.282129884 -0.00768505875
v 0.0480642691 -0.052072309 0.0280589554
v 0.0518705659 -0.0357915089 0.032836806
v 0.0292312689 -0.0363831148 0.015632363
v 0.110515535 -0.184675634 0.0593870766
v 0.126164809 -0.193055049 0.0755096227
v -0.167251229 0.0827557668 -0.0510931127
v -0.202814102 0.0749988407 -0.0366562828
v -0.223120943 0.0850495026 -0.0457394086
v -0.186805278 0.086631611 -0.053297855
v -0.158028021 0.0526570752 -0.0174165051
v -0.179743856 0.0634497181 -0.0264980048
v -0.212866426 0.0585179403 -0.0148014296
v -0.232377216 0.0013600426 0.0590269007
v -0.215673596 0.0149845248 0.0379891433
v -0.256647795 0.0189913083 0.0440439545
v 0.0289481301 -0.00057305349 0.0157752223
v -0.138171136 0.0858360529 -0.0576481
v -0.0962786824 0.0774919987 -0.0503079481
v -0.0193770714 -0.0083374856 0.0164795723
v -0.0208693109 -0.0364545174 0.0260172784
v 0.0418726392 0.0898088068 0.0324554704
v 0.0559639335 0.0746868327 0.0137422858
v 0.0250861309 0.109231688 0.0572175123
v -0.00947177596 -0.205681756 -0.0855393559
v 0.012879841 -0.200205281 -0.0573374294
v 0.192549005 0.132081628 -0.0675253272
v 0.17932038 0.126266912 -0.0583774783
v -0.127104715 0.010698732 0.0215037372
v -0.139507264 -0.00450729672 0.0397646502
v -0.0899800882 0.00917620957 0.0157320779
v -0.16284211 0.0143813193 0.0256443229
v 0.177585512 0.234440967 0.0311939586
v 0.183637023 0.222486317 0.0147880884
v 0.154952005 0.220907658 0.0415429324
v -0.02470438 -0.028523026 -0.00993581675
v 0.00313312793 -0.042102173 -0.00132022123
v -0.00855064113 -0.00407915888 0.0135883661
v -0.124820068 -0.0260247234 0.0569642447
v 0.12284945 0.230511084 0.0806553885
v -0.185271114 0.0392781235 0.00257196487
v -0.18757762 0.0521102324 -0.0118876975
v -0.117487825 0.082553491 -0.0551987216
v -0.15453583 0.0935658142 -0.0654819533
v -0.125122577 0.0952674001 -0.0697213709
v 0.109272607 -0.303320378 0.0108056115
v -0.120784044 0.0391383655 -0.00811123289
v -0.103449017 0.0333852135 -0.0045361286
v -0.0824289322 0.0257553123 0.000279826781
v -0.0495955124 0.0155047439 0.00693498086
v 0.0853174329 -0.308318138 -0.0220314972
v 0.0941981599 0.0867346823 -0.00726227183
v 0.103334859 0.114577182 0.0037493736
v 0.0877037272 0.134493753 0.0310259406
v -0.326035976 0.0618118681 0.00660361396
v 0.0434810556 0.109581195 0.0453797206
v 0.0289123915 0.0205367282 0.00400104234
v 0.0548298396 0.0556787923 0.00386044197
v 0.0538472906 0.00280900369 -0.0171264876
v 0.17185986 0.246682763 0.0477187224
v 0.146968663 0.245446816 0.0710887164
v 0.147886127 0.23192142 0.0580335259
v -0.0341016091 -0.0399769172 0.0341096856
v 0.0857626125 -0.0895352513 0.0577874184
v 0.0343178399 0.0743025616 0.0270114522
v -0.000172449727 0.0689243302 0.0411267094
v -0.00154407136 0.0471260026 0.0276570842
v 0.00813292619 0.0196753256 0.0125807943
v 0.0368626192 0.0565019436 0.015274303
v -0.28608492 0.0836864337 -0.0318261757
v -0.27008605 0.0850503966 -0.0369451195
v -0.253738612 0.0700085312 -0.0208853744
v 0.015104074 -0.246174991 -0.0781984255
v 0.0276291259 -0.264886528 -0.0727024153
v 0.0391333885 -0.259072006 -0.0557759367
v 0.0230273772 -0.0859805569 0.000183735945
v 0.0389541201 -0.0667007118 0.0180968419
v 0.0195433907 -0.0505495071 0.00685154274
v 0.0537513979 -0.081037432 0.0279526822
v -0.0915731117 0.0569415428 -0.0287161879
v -0.0700882375 0.0502695963 -0.0228554234
v -0.0622678138 0.0177790318 0.00540399877
v -0.104321696 -0.0123433582 0.03780986
v -0.059727896 -0.014284377 0.0276456531
v -0.0525266305 -0.000952822855 0.0179258361
v -0.0670784712 0.0715251565 -0.0438783467
v -0.277339458 0.00495814206 0.0678041726
v -0.0251124892 -0.0551063381 -0.0222309753
v 0.0051296344 -0.0523899831 -0.00288407272
v -0.00561350537 -0.0658277944 -0.0143013392
v 0.129624754 -0.238627329 0.0633580685
v 0.134950832 -0.19141072 0.0869456753
v 0.0993010998 -0.189750388 0.0443761908
v 0.130093157 -0.20323512 0.0768715814
v 0.114612885 -0.196077362 0.0603923127
v 0.137010679 -0.210528329 0.0829697326
v 0.115878388 -0.234028444 0.0479795337
v 0.124566764 -0.185087785 0.0762138367
v -0.0278506707 -0.0033976913 -0.000667971035
v -0.0856435001 -0.00617820164 0.0277356021
v -0.0661584139 -0.0433917306 0.0506459512
v -0.26761651 0.0363472886 0.025064854
v -0.220895216 0.0370903462 0.0128039941
v -0.251801521 0.0533693209 -0.000244137642
v -0.247723669 0.0355307683 0.0210938081
v 0.0931424573 -0.0772255287 0.06795156
v 0.0787835047 -0.0610753 0.0553489663
v 0.079225108 -0.0828872696 0.0522796214
v 0.050121855 0.0963362679 0.03148821
v 0.0583557934 0.0847691298 0.0183116104
v 0.0722086281 0.104191542 0.0212048925
v 0.0355834216 0.113944061 0.0539977439
v 0.0996023566 0.149586961 0.0327883922
v 0.132878706 0.1484669 0.00281281653
v 0.112061284 0.129160434 0.00678424351
v 0.115761176 0.148456141 0.0180486869
v -0.216627419 -0.00203094841 0.0585574843
v -0.16926685 0.00100016932 0.0418526866
v -0.191989467 0.00222460763 0.0466107316
v 0.0162326023 -0.192773506 -0.0499899238
v 0.00942831952 -0.207545131 -0.064905405
v -0.0059366026 -0.199652344 -0.0782398507
v 0.00990331732 -0.226803154 -0.07426209
v 0.0918794349 0.100682668 0.00364562101
v 0.121168673 0.0857973471 -0.0308965743
v 0.105569452 0.100235268 -0.00790399965
v 0.099130556 0.0817655995 -0.014409692
v 0.0973693281 0.126448154 0.0171640329
v 0.054781273 0.149944812 0.0692053661
v 0.0808006749 0.146183133 0.045617111
v 0.0765303448 0.121478148 0.0301630422
v 0.0243668221 0.0928150415 0.0452784598
v 0.0929110646 -0.165467352 0.045239713
v 0.0812397152 -0.113621332 0.0475472584
v 0.09993238 -0.131644398 0.0632928163
v 0.0886605978 -0.13853471 0.0487881154
v 0.123472005 -0.152574152 0.0849850327
v 0.10459137 -0.163043603 0.0594522879
v 0.0216077343 -0.246633142 -0.0706257373
v 0.0329821743 -0.254467189 -0.0609168969
v 0.0508442335 -0.262292355 -0.0431514941
v -0.308312714 0.0188331716 0.058918491
v -0.293396235 0.0313825645 0.0382598937
v -0.323708832 0.0419208966 0.0326081142
v -0.0588224381 -0.0310198162 0.0386130475
v 0.220159724 0.20494248 -0.0373994
v 0.229553074 0.221795514 -0.0328706168
v -0.199968114 0.0956045091 -0.0626259819
v -0.233134314 0.104106575 -0.0685127601
v -0.237861484 0.0925900564 -0.0528051816
v 0.12345957 0.0460517518 -0.0573904328
v 0.126998872 0.0561727546 -0.0547458865
v -0.236119136 -0.0136739053 0.0786340907
v -0.254252136 -0.013227337 0.0838551745
v -0.262583524 -0.00713096187 0.0787506849
v 0.203083947 0.160774514 -0.0559764616
v 0.176986083 0.166091233 -0.0253266357
v 0.00276299776 -0.028629085 0.0116923535
v -0.0890474096 0.0205091685 0.00567031698
v -0.110732019 0.0298978891 -0.000222336806
v -0.130527705 0.0374260023 -0.00500452053
v -0.124086209 0.0212427322 0.0104268119
v -0.166518435 0.0283078793 0.0111793587
v 0.0766592696 -0.219862372 0.00641443301
v 0.0641944855 -0.242298797 -0.017886946
v 0.0763958767 -0.238986522 -0.00190328143
v -0.223117262 0.0749840364 -0.0331310816
v -0.24551563 0.0678863078 -0.0198958181
v -0.241505638 0.080315575 -0.0364375263
v -0.199916273 0.0638244301 -0.0235968903
v 0.042324964 -0.0115031255 -0.0123370299
v 0.189167559 0.124889143 -0.0695056245
v 0.17461808 0.132155061 -0.049219951
v 0.18317391 0.122663558 -0.0650113896
v 0.155242026 0.176552981 0.00410665339
v 0.172903642 0.204253212 0.00987713411
v 0.150081277 0.190752149 0.0206042305
v -0.108857326 0.00159217441 0.0262398906
v 0.109296642 -0.112406693 0.0788145512
v 0.0987234712 -0.111099526 0.0671383888
v 0.0801023468 -0.103699461 0.0487692282
v 0.096666351 -0.0928447545 0.0688807368
v 0.172541603 0.180833787 -0.00912093651
v 0.204383403 0.200133771 -0.025111137
v 0.191061631 0.210098445 -0.00321153854
v -0.115093403 0.0434519574 -0.0131996404
v -0.0746401921 0.0305297337 -0.00458654854
v -0.0580632202 0.0403265655 -0.0139406798
v -0.0542649813 0.0240953285 -1.28531155e-05
v -0.0775069892 0.0624441169 -0.0346779861
v -0.0610936619 0.0528645888 -0.0253537782
v -0.0786434859 0.0463805348 -0.0189171787
v -0.0856842175 0.0609919615 -0.0330525525
v -0.095318526 0.0371879302 -0.00904471055
v -0.0994697213 0.0525137633 -0.0237871576
v 0.156077355 0.148040637 -0.0190945659
v 0.186083138 0.150510684 -0.0466709547
v 0.158622965 0.131888121 -0.0337141939
v 0.171861738 0.149270535 -0.0334438048
v 0.0758270472 -0.276100367 -0.0190297458
v 0.0244587399 0.00981398299 0.00321034994
v 0.0364157408 -0.00457868027 -0.00685613649
v 0.0503024831 -0.00837457646 -0.0175781474
v 0.0612673908 -0.100263968 0.0305674467
v 0.0983573049 -0.173509657 0.0488442443
v 0.130558908 -0.172966421 0.0874720365
v 0.0955399051 -0.145828694 0.0543248653
v 0.0938011557 -0.125169188 0.0581612363
v 0.0830873251 -0.149853244 0.0392333083
v 0.0856495053 -0.177458197 0.0329237692
v 0.109517604 -0.148801595 0.069495663
v 0.117151558 -0.168119162 0.0726945251
v 0.140356332 -0.235314518 0.0782010555
v -0.22716786 0.0096254684 0.0474990122
v -0.265516192 0.0434686989 0.0154993106
v -0.275389969 0.0272967555 0.0386352316
v -0.251146406 0.0249471292 0.0351273939
v -0.231805116 0.0271963198 0.0274032336
v -0.242421344 0.0403396748 0.0138477422
v -0.204627484 0.0234175269 0.025268998
v 0.0353677161 -0.146419927 -0.00965395942
v 0.0256143175 -0.172091916 -0.0303296298
v 0.0245820619 -0.145693094 -0.0201440603
v -0.00388022163 -0.119690381 -0.0359204747
v 0.0174414348 -0.104512304 -0.0107656522
v -0.00218786136 -0.140556321 -0.0441575684
v 0.0625396296 -0.183267072 0.00490433956
v 0.00979107153 0.0742032304 0.0401096344
v 0.0144150937 0.0297544152 0.013774666
v 0.0437033698 0.0643131137 0.0155347651
v 0.0419693813 0.0809112489 0.026566172
v 0.0293658245 0.0482280776 0.0150805982
v 0.00857308041 0.0535013936 0.0275355261
v 0.00625674054 0.0886806324 0.0524638854
v 0.025898708 0.085002616 0.0388771445
v 0.0265176557 0.0675779879 0.0272472985
v 0.183328703 0.242726862 0.0327686109
v 0.188497722 0.231127843 0.0174080208
v 0.2062518 0.210415512 -0.0183611698
v 0.195791751 0.219950438 0.000413909351
v 0.0749575421 0.0221604276 -0.026368456
v -0.0861528367 -0.0151290288 0.0352021195
v -0.00444215536 -0.03141132 0.0160804801
v 0.0102473786 -0.0250933208 0.0071580885
v 0.0116525842 -0.00520764384 0.00660216669
v 0.027999796 -0.00788357668 -0.00221748045
v 0.20209305 0.181310445 -0.0383452363
v 0.186157867 0.167823657 -0.0330795348
v 0.199492753 0.165181428 -0.0487400889
v 0.168754473 0.164765179 -0.0183010325
v -0.191832185 0.095630236 -0.0637695268
v -0.22832711 0.093897447 -0.0561052598
v -0.209337741 0.0953473821 -0.0609447807
v -0.222674936 0.104835846 -0.0711010545
v 0.0701928586 -0.24998863 -0.014129851
v 0.0814529359 -0.207152501 0.0170943625
v 0.0827049762 -0.227407202 0.0104550309
v 0.0823731869 -0.246508032 0.00205991231
v 0.0820807964 -0.265137583 -0.00640415912
v 0.105881654 -0.258601725 0.0257539712
v 0.107179224 -0.241084218 0.0344904698
v 0.0704264939 -0.231646836 -0.00585343409
v -0.247521296 0.0911048278 -0.0491649806
v -0.273629427 0.0970860347 -0.0520761274
v -0.20592849 0.0855533481 -0.0491747893
v -0.164158717 0.0688018724 -0.0350129865
v -0.182378516 0.075321272 -0.0401961952
v 0.218196586 0.194893107 -0.0437969826
v 0.236543491 0.203948572 -0.0555820577
v 0.213554531 0.17602779 -0.0545480549
v 0.00823487062 -0.24498871 -0.0858485922
v -0.29672721 0.0744349957 -0.0172604099
v -0.275659949 0.0742056817 -0.021635903
v 0.0762999728 -0.248308018 -0.0060405517
v 0.0633895025 -0.269579798 -0.0313107334
v 0.0631590858 -0.278739989 -0.0359033719
v 0.0760536194 -0.266838819 -0.0145503795
v 0.0640442595 -0.251479954 -0.0221903231
v 0.0763768628 -0.229374528 0.00214369153
v -0.111440673 0.0630672872 -0.0339693613
v -0.131816521 0.0907096043 -0.0638753399
v -0.114313722 0.0762181506 -0.0481875353
v -0.0858612582 0.0737139806 -0.0463602506
v -0.133869097 0.0795122162 -0.0506219119
v -0.140792787 0.0696984529 -0.0387756638
v 0.0867648944 0.0369927362 -0.0291926041
v 0.0699023381 0.0739956126 0.00362721155
v 0.0887855291 0.0702634454 -0.0129153654
v 0.0754702464 0.0917314738 0.0104910908
v -0.136340648 0.0110737439 0.0231294297
v -0.173292696 0.0142126121 0.0282959137
v -0.152987003 0.0145161692 0.0232476387
v -0.099226959 0.00768328505 0.0186940935
v 0.0203670431 0.0997565314 0.0528209098
v 0.0592969805 -0.049313236 0.0381023996
v 0.0200564992 -0.0669309124 0.00334783248
v 0.0405223109 -0.0868697688 0.0147335911
v 0.0458970293 -0.0421250649 0.027429767
v 0.0519295968 -0.0710850134 0.0283119548
v 0.0352122821 -0.0565143116 0.0170431212
v 0.0177187268 -0.0424875505 0.00723656639
v 0.119137809 0.0510310195 -0.050364662
v 0.108550578 0.0703441724 -0.0293812715
v 0.120880753 0.0654929802 -0.0433551781
v 0.153408915 0.24206543 0.0617472194
v 0.166549742 0.217100292 0.0270040836
v 0.166137055 0.238137782 0.0457660332
v -0.231298983 0.0502336733 -0.000891798991
v -0.201613426 0.0470871925 -0.00329415384
v -0.171265334 0.0460089482 -0.00775137544
v 0.0782249793 0.00616404274 -0.0358000882
v 0.0907465592 0.047269959 -0.0272591542
v 0.0833865255 0.0266103633 -0.031339068
v 0.0711027011 0.0397112258 -0.0154503174
v 0.0670235604 0.0650676116 0.000569328375
v 0.0820032507 0.0630395263 -0.0117003666
v 0.0333864279 0.127913699 0.0666622147
v 0.0630476102 0.152893618 0.0652113333
v 0.0445123687 0.146582946 0.0742041171
v 0.0679005086 0.116252586 0.0329097323
v 0.0539196134 0.132449031 0.055545412
v 0.0716583207 0.144442424 0.0515243784
v -0.0944277421 -0.0411644056 0.0603464991
v -0.0674164668 -0.0343740024 0.0442299135
v -0.148847282 0.100202993 -0.0741079748
v 0.101015829 -0.24181357 0.0266447756
v 0.0891137049 -0.225177228 0.0189794432
v 0.118858084 -0.226023793 0.0547128469
v 0.125731632 -0.210412487 0.0689319819
v 0.133180737 -0.231260434 0.070618242
v 0.110610008 -0.204326674 0.0526421443
v 0.0880503654 -0.263319612 0.00172541896
v 0.103743568 -0.222560242 0.0375663713
v 0.0941794738 -0.196123302 0.0360927396
v 0.1133167 -0.241720736 0.0418070704
v 0.120097242 -0.260421515 0.0427873284
v 0.0884987563 -0.244738862 0.0102156345
v 0.0997897089 -0.259888172 0.0176693704
v 0.135818049 0.0857877135 -0.0443811268
v 0.161172614 0.0908498019 -0.0657016635
v 0.125276059 0.103139363 -0.0231032856
v 0.146914855 0.105664045 -0.0414020307
v 0.0390288197 0.136981294 0.0701621398
v 0.0198052302 0.132196143 0.0798143521
v 0.0301172342 0.148467302 0.0866569728
v -0.133980334 0.0236363746 0.00981191546
v -0.143531457 0.0388262086 -0.00447777985
v -0.154705748 0.0268909875 0.0103531769
v -0.0987914205 0.0218009762 0.00581036881
v -0.177394181 0.0268874578 0.0150580434
v 0.139652282 -0.276158333 0.0613591932
v 0.131414205 -0.273731917 0.0517449677
v 0.164012626 0.178860307 -0.00243304553
v 0.181824282 0.206942737 0.00334393373
v 0.196012035 0.191966131 -0.0233755354
v 0.126084372 -0.29810366 0.0346763283
v 0.130582228 -0.292137474 0.0430198945
v 0.135380313 0.0643487871 -0.057752464
v 0.137969807 0.0453110933 -0.0722471923
v -0.00736365607 -0.154534489 -0.0562367849
v 0.00738761062 -0.17030324 -0.0487072207
v 0.0500360951 0.157415092 0.0792691559
v 0.0780588388 0.152572617 0.0529492274
v 0.0611010268 0.143820271 0.059257526
v 0.0692202076 0.126274407 0.0393144749
v 0.131922036 -0.213503212 0.0755283087
v 0.102452211 -0.201081127 0.0440461896
v 0.111486383 -0.223951101 0.0464446433
v 0.118377343 -0.207325295 0.0609936863
v 0.127236187 -0.263134837 0.0507180355
v 0.132927686 -0.24818258 0.0638556406
v 0.136299476 -0.24179557 0.0705949739
v 0.12601915 -0.228477627 0.0626781061
v 0.11978814 -0.243633002 0.0490955114
v 0.119637124 0.130686656 0.00132141507
v 0.140278488 0.156963706 0.00259772898
v 0.123325132 0.156855047 0.0178865995
v 0.108074479 0.140900016 0.0189225674
v 0.106966183 0.157418951 0.0326680578
v 0.0913608074 0.158819646 0.0470510796
v 0.13485077 0.188661635 0.0331131928
v 0.119474679 0.188379034 0.0469206572
v -0.00792863406 -0.0245253388 -0.00222440157
v 0.00517182704 -0.0166829769 0.00422931509
v 0.00117399031 -0.00539667904 0.00329044671
v -0.0133136436 -0.0140649201 -0.0015612198
v 0.112828493 -0.273752749 0.0281155854
v 0.0917370245 -0.279481918 -0.0008181468
v 0.103919208 -0.285828233 0.0116897533
v 0.0337109901 -0.160269424 -0.0168524273
v 0.0418016538 -0.135895714 0.000674103037
v 0.029441027 -0.132438645 -0.0101481751
v 0.0781109333 -0.193915233 0.018339619
v 0.0486116037 -0.18676354 -0.0118491594
v 0.0493232496 -0.2155388 -0.0233799927
v 0.0620958991 -0.218360797 -0.00990896672
v 0.0585924909 -0.165323421 0.00738440733
v 0.0450883284 -0.157794923 -0.00407013157
v -0.259989947 0.0656543896 -0.0140050827
v -0.280729502 0.0679181814 -0.0123346997
v -0.31369555 0.0810749605 -0.0222122278
v -0.291773081 0.0794687942 -0.0250226837
v -0.301395983 0.0689746812 -0.00896185357
v -0.320248812 0.0679230615 -0.00303434604
v -0.0278179199 -0.0859593973 -0.0398298465
v -0.00445361296 -0.0864275992 -0.0217139181
v -0.00597454607 -0.165013194 -0.0601342469
v 0.0197695438 -0.170763731 -0.0358996056
v 0.00624115812 -0.158395365 -0.0442153625
v -0.0203901194 -0.151219875 -0.0678821281
v 0.0188981295 -0.150296018 -0.0277478825
v 0.0150076328 -0.111532703 -0.0155421086
v -0.010534686 -0.123039916 -0.0436216146
v -0.0085101407 -0.144046903 -0.05210023
v -0.0234687217 -0.130025059 -0.0594788492
v 0.00283180433 -0.116554528 -0.028453676
v 0.0166500062 -0.129698977 -0.0212796815
v 0.00417867815 -0.137019351 -0.0363264978
v 0.0479178838 -0.195844218 -0.016430771
v 0.0714096501 -0.211591035 0.00367721356
v 0.0652839094 -0.226016968 -0.0094820112
v 0.0612680689 -0.193195224 -0.000427060178
v 0.0571821928 -0.209010452 -0.0115619618
v 0.0533149168 -0.223709241 -0.0224032328
v 0.0494012646 0.174790978 0.0952185094
v 0.0587914959 0.166748285 0.0804191157
v 0.0662295818 0.0174807291 -0.0213836208
v 0.0615433156 0.0398885757 -0.00843092892
v 0.0599687956 0.0623928122 0.00400038622
v 0.0706801042 0.0011716017 -0.0312099755
v 0.0418451242 0.0164083261 -0.00468253205
v 0.0427835956 0.0365948267 0.00232146285
v 0.0500179753 -0.28105399 -0.0532679856
v -0.226542711 0.0688608512 -0.0248770919
v -0.236997038 0.0684155375 -0.0222858209
v -0.212791771 0.0749379024 -0.0349006243
v -0.189928368 0.0636913106 -0.0251417402
v -0.203496531 0.0583187602 -0.0163352136
v 0.204393685 0.237630054 0.00697868317
v 0.101278305 -0.275703311 0.0127702206
v 0.10661035 -0.29541263 0.0109013719
v 0.11861667 -0.293934494 0.0268709995
v 0.145018667 0.0843245909 -0.0541532412
v 0.163453639 0.100845158 -0.0609717146
v 0.130639702 0.165292844 0.0179600362
v 0.126195312 0.19583495 0.0470976643
v 0.144167632 0.182290256 0.0192032866
v 0.148819879 0.166054353 0.00178360462
v 0.14054811 0.194764525 0.0329099223
v 0.114246555 0.16526179 0.0325805098
v 0.112615965 0.180828571 0.0467491448
v 0.0985335782 0.165945187 0.0467635691
v 0.161265537 0.185872927 0.00592137687
v 0.128240913 0.181019083 0.0328557082
v 0.107573442 0.0382617377 -0.0468044244
v 0.104004003 0.0288995989 -0.0484718531
v 0.0994499698 0.0505671352 -0.0328690819
v 0.10511075 -0.11694549 0.0729311183
v 0.0860543624 -0.0994650424 0.0560045652
v -0.0504874513 0.0357551277 -0.0100662382
v -0.0693148598 0.0575857013 -0.0298872404
v -0.276342362 0.0412124991 0.0210816506
v -0.295592904 0.0508910343 0.0134081533
v -0.285333753 0.0622057132 -0.00384316617
v -0.295059383 0.0433513187 0.0231187455
v -0.294243693 0.0367681496 0.0314825699
v -0.328701377 0.0691714063 -0.0026347246
v -0.265506178 0.0610604286 -0.00691567268
v -0.305545509 0.063631244 -0.000903053209
v -0.00991113763 -0.189507946 -0.0772813782
v -0.00326646585 -0.175442249 -0.0625867918
v 0.0119121596 -0.18210189 -0.0495587811
v -0.201558784 0.105190523 -0.0745844841
v 0.1219972 0.108029746 -0.0168360509
v 0.145828933 0.114011988 -0.0344887674
v -0.0120049445 -0.101678044 -0.0346477069
v -0.00449595228 -0.0985201001 -0.0269246008
v 0.0465200506 0.121200584 0.052079767
v -0.264738798 0.0885099396 -0.0425323322
v -0.249251768 0.0851475969 -0.0411559828
v -0.277040541 0.0812809616 -0.0305792745
v -0.205619037 0.00764169125 0.0440145396
v -0.222848594 -0.00927178282 0.0691224486
v -0.199322388 -0.00813076273 0.0606808849
v -0.207953542 -0.0241450984 0.0822924003
v -0.183781579 -0.00519977137 0.0527768843
v -0.154293031 -0.013333776 0.053127829
v -0.179377154 -0.0327396654 0.0826901272
v 0.0380880125 -0.114704147 0.00433814665
v 0.0367862619 -0.0962423608 0.00886003859
v 0.0201132521 -0.0954289958 -0.00528648915
v 0.0710448623 -0.118426681 0.0356239527
v 0.0572036915 -0.090699546 0.028994469
v 0.0654211268 -0.0917078406 0.0366559662
v 0.069592759 -0.138992742 0.0280758776
v 0.0543823801 -0.13679035 0.0130154984
v 0.0541597009 -0.117932171 0.0187623873
v 0.0721312314 -0.160453543 0.0237604789
v -0.315697372 0.0512292236 0.0180872902
v -0.0146093862 -0.147610947 -0.0600456931
v -0.000170800573 -0.161573172 -0.0523473397
v -0.0288567375 -0.13492617 -0.0674955174
v 0.0661355183 0.10756506 0.0280196015
v 0.0420560576 0.0993278846 0.0389044024
v 0.0288229436 0.118818358 0.0623907074
v 0.0574832186 0.0937083885 0.0247140899
v 0.110824525 0.19530946 0.0606038943
v 0.111262269 0.207514882 0.0708343759
v 0.0821609944 0.197008654 0.0874953493
v 0.0822948441 0.181890994 0.0740368366
v 0.0835041478 0.166849881 0.0602119491
v 0.0658865198 0.183949411 0.0897874534
v -0.141299278 -0.029438084 0.0659484118
v -0.146035343 -0.0355470441 0.0740448609
v -0.126067981 -0.0383918881 0.069750078
v -0.0173353534 -0.00509617664 -0.000545047922
v -0.207900003 0.110377826 -0.080432184
v -0.172848925 0.0993082747 -0.0706743598
v -0.190861315 0.104764931 -0.0754280761
v -0.0136442473 0.0347286016 0.0237741098
v -0.00903753564 0.0505150631 0.0321295895
v -0.00807133131 0.0733951479 0.0478660874
v 0.0119053787 -0.0108144907 0.00746858772
v -0.00346548622 -0.0156094776 0.00102646381
v 0.00167867367 -0.0308168996 0.00057351595
v 0.0996338427 -0.121478297 0.0656177923
v 0.112179264 -0.140250832 0.0750347003
v 0.134944946 -0.165855527 0.0950962305
v -0.120764181 -0.0333281755 0.0627731904
v -0.117036998 -0.0212348644 0.049807325
v -0.140750974 -0.0138414949 0.0496524498
v -0.095741339 -0.0180854034 0.0404453501
v -0.101156734 -0.0344099775 0.0567596368
v -0.196419775 -0.0292993132 0.0845506117
v -0.197616786 -0.0151125137 0.0683089718
v -0.164001927 -0.0268424023 0.0708076432
v -0.156994686 -0.0346172526 0.0769396648
v -0.176837623 -0.0120765036 0.0584823377
v -0.214469269 -0.013084989 0.0711399466
v 0.228519499 0.187377796 -0.0609701648
v 0.208677754 0.156942979 -0.0648786202
v 0.166864038 0.111201905 -0.05695666
v -0.192056224 0.0358234011 0.00796621572
v -0.216586664 0.0536378212 -0.00814269483
v -0.25804159 0.0486971326 0.00708498061
v -0.19155623 0.046338208 -0.00439272122
v -0.174571052 0.0400399789 -0.000375915319
v -0.215979889 0.0425652601 0.00511172088
v -0.20304963 0.030087119 0.017075995
v -0.226496741 0.0320555456 0.020205304
v -0.252092123 0.0314583033 0.0272576362
v -0.236819088 0.0452767275 0.00644405931
v -0.246062025 0.0580646247 -0.00741550932
v -0.268742293 0.0310183074 0.03212291
v -0.16123274 0.0460789017 -0.00954036787
v -0.205868304 0.0417670384 0.00389879174
v 0.0748975351 0.174629748 0.0740085319
v 0.0747961104 0.190391749 0.087956287
v 0.0742338151 0.203876048 0.100698911
v -0.257053405 0.00881204288 0.0569264404
v -0.226220295 0.0148478067 0.040924482
v -0.236737192 0.0211120658 0.0360827968
v -0.241029277 0.0112264315 0.0493803769
v -0.214478657 0.021838136 0.0295392517
v -0.261431605 0.0140665192 0.0515634976
v -0.287190795 0.0259736609 0.0435694344
v -0.26025337 0.0310417097 0.0298732538
v -0.17133671 0.0755477399 -0.0419907384
v -0.0947887748 0.0703775063 -0.0426069312
v -0.143901303 0.0808439553 -0.0512999892
v -0.103058085 0.0667626038 -0.0384127721
v -0.19276455 0.0751312375 -0.0384177826
v -0.196422547 0.0859616473 -0.0511147045
v -0.154671222 0.0816120431 -0.0511395447
v -0.215149507 0.0852505639 -0.0473251827
v -0.152215898 0.0686998442 -0.036386326
v -0.146477431 0.0536879674 -0.0202117525
v -0.120725937 0.0592302456 -0.02912944
v -0.169246301 0.0628624856 -0.0274007432
v -0.130108938 0.0723853782 -0.0428014733
v -0.177098453 0.0877001956 -0.0558742061
v 0.0206821058 -0.00616414379 0.0116264448
v 0.087409772 -0.157214776 0.0417000689
v 0.0825045928 -0.132107735 0.043915242
v 0.0875611305 -0.119134039 0.0529032126
v 0.102955364 -0.182479218 0.0511827432
v 0.092397809 -0.184710488 0.0381118767
v 0.100576974 -0.15559198 0.0571213439
v 0.105202578 -0.139535725 0.0671301931
v 0.127298668 -0.162824407 0.0865968913
v 0.120959163 -0.17773962 0.0742205903
v 0.116417579 -0.150429294 0.0771520883
v 0.110305898 -0.165836975 0.0652716979
v 0.108971067 0.109837405 -0.00428040465
v 0.0889932215 0.0915037617 -6.02938162e-05
v 0.0862904042 0.105416238 0.0112690069
v 0.107104048 0.225889236 0.0911775604
v 0.0904476345 0.173971504 0.0603166074
v 0.11735782 0.203849137 0.0620651208
v 0.119547263 0.21337913 0.0684002936
v 0.126450345 0.211149976 0.060042277
v 0.0895963535 0.188869685 0.0738089085
v 0.10426008 0.188163489 0.0603365451
v 0.08960668 0.204035565 0.0872403905
v 0.103789449 0.201910168 0.072665669
v 0.114277393 0.224211812 0.082980819
v 0.0868756101 -0.290977776 -0.0120535875
v 0.157236934 0.139962465 -0.0263386518
v 0.18294847 0.175071746 -0.0240515471
v 0.186344951 0.158123314 -0.0409671888
v 0.198900625 0.149018452 -0.0609595813
v 0.155060947 0.15574573 -0.0121894842
v 0.170476019 0.157190502 -0.0259350073
v 0.19470647 0.174615085 -0.0362510458
v 0.173180401 0.141185254 -0.0409473702
v 0.0228966381 -0.178832799 -0.036235109
v -0.0205378011 -0.177620202 -0.0825659484
v 0.000795891974 -0.185967699 -0.0635605156
v 0.112816453 0.120747998 6.46888438e-05
v 0.101469234 0.135130137 0.0201745778
v 0.0799669474 0.130853474 0.0344444327
v 0.0929072276 0.141619653 0.0322068557
v 0.0849895105 0.153368339 0.0479408279
v 0.0892495885 0.116029307 0.0162829943
v -0.0026123228 0.0187591426 0.0152110094
v -0.0167242009 0.0484634936 0.0330389217
v 0.169142649 0.232041553 0.0374339744
v 0.157720745 0.214518309 0.0333508886
v 0.175164759 0.219716072 0.0208024587
v 0.147925764 0.219404772 0.0469881855
v -0.0307176411 -0.0218116809 0.0237710048
v -0.0405743495 -0.0158395264 0.0238353424
v -0.0414797887 -0.0338943638 0.0338095017
v -0.050600294 -0.0435964316 0.0439816974
v -0.050250601 -0.0195139926 0.028411286
v 0.118620612 0.0746290684 -0.0356815793
v 0.11567039 0.0903504267 -0.0230774879
v 0.103853576 0.0763622001 -0.0216954108
v 0.110581264 0.0951887891 -0.0155029483
v -0.272433966 0.0909163952 -0.0441670753
v 0.063639529 -0.0580219962 0.041030556
v 0.0503242575 -0.0615132786 0.0285879821
v 0.0657362416 -0.0806501582 0.0392803736
v 0.0576871522 -0.0191782936 0.0382558331
v 0.0439944938 -0.0313088298 0.0267644543
v 0.0323854536 -0.0463245846 0.0165701136
v 0.0589883924 -0.0405577645 0.0386351012
v 0.0353622474 -0.0151585108 0.0207893755
v 0.134686634 0.196913049 0.0401754677
v 0.103654265 0.195025146 0.066776529
v 0.139260679 0.165633023 0.0103428699
v 0.106284782 0.165506005 0.0397298746
v 0.0895412788 0.196358129 0.0804389045
v 0.104712278 0.209464908 0.0785204768
v 0.13305375 0.209101588 0.0521110408
v 0.118527152 0.195781842 0.0540521741
v 0.136091322 0.181387007 0.0259636957
v 0.122345679 0.165171996 0.0253304467
v 0.104953893 0.180891111 0.0535698496
v 0.0910262093 0.166487172 0.0535918698
v 0.120407932 0.180877224 0.039825432
v 0.0899169222 0.18142353 0.0670968294
v -0.137944072 0.00326704397 0.0314484648
v -0.138116762 0.0311306119 0.00278013269
v -0.149306685 0.020180231 0.0164370835
v -0.130393222 0.0165711027 0.0163127873
v -0.114360929 0.0185824074 0.0113060959
v -0.0944313854 0.0148345437 0.0114897853
v -0.0764794275 0.0117485346 0.0115642035
v -0.159769163 0.0337996855 0.00380716845
v -0.186637938 0.0259679984 0.0181390755
v -0.169885218 0.0208546259 0.0201467965
v -0.155693263 0.00810155366 0.0307130013
v 0.209851727 0.18807444 -0.0407795422
v 0.221145466 0.181977883 -0.057636261
v 0.206050381 0.17008841 -0.0515604764
v 0.0979741812 0.118125521 0.0106879277
v 0.0844981447 0.139980808 0.0377961248
v 0.0813417062 0.117047891 0.0232383292
v 0.0944731832 0.134212554 0.0252974518
v 0.181611449 0.250672132 0.0415613875
v 0.200090334 0.257409573 0.0288933609
v 0.07812915 0.0781290159 1.50316982e-05
v 0.0972224474 0.0958744884 -0.0038531411
v 0.086185731 0.0824695304 -0.00353458547
v 0.0912744477 0.0779168308 -0.0103557641
v 0.0801877752 0.109280035 0.0186628662
v 0.0835818723 0.0961484611 0.00719062006
v 0.0674600378 0.0877829865 0.0138290413
v -0.255634397 0.0954924524 -0.0533843562
v 0.123113893 -0.287929296 0.0351981111
v 0.025701642 -0.285241663 -0.0856876373
v 0.0149075873 -0.270294875 -0.0912170559
v 0.154851913 -0.275825262 0.0812614262
v 0.157148466 -0.259263396 0.0907967091
v 0.151405364 0.0735615641 -0.0676407963
v -0.307443529 0.0750763491 -0.0156459305
v -0.277178228 0.117157921 -0.0782989636
v -0.272191584 -0.0244742502 0.1043185
v 0.240432084 0.252713144 -0.0173031092
v 0.244617313 0.241082907 -0.0320582241
v -0.293438733 0.1126232 -0.0690510571
v -0.0141017456 -0.179503441 -0.0765186101
v -0.304055333 0.0403994769 0.0293496586
v -0.288400888 -0.0158899296 0.0984824002
v 0.172646359 0.0700219423 -0.0921883434
v 0.159742162 0.0564579815 -0.0877170265
v 0.10356462 0.0442035086 -0.0399492644
v 0.0130882151 0.138707757 0.0903315991
v 0.119026668 -0.187476575 0.068673335
v 0.142459705 -0.148942158 0.109443083
v 0.152086988 -0.186038941 0.110386625
v 0.0229404867 0.15386048 0.0969512165
v -0.0467064455 0.07846497 -0.0499297231
v 0.0339246392 -0.0289519597 -0.00860802457
v 0.0192060731 -0.0347681195 0.00234770519
v 0.244253933 0.197813809 -0.0690510571
v 0.240050852 0.181464434 -0.0782989636
v 0.11490047 0.247961968 0.1043185
v 0.130439371 0.257707477 0.0984824002
v 0.147795916 -0.167388037 0.110772133
v 0.203745827 0.277764708 0.0436093807
v 0.215632051 0.274976194 0.0287287198
v 0.155332938 -0.204894841 0.108286574
v -0.0113712382 0.0929321945 0.0653283149
v -0.0445994362 -0.0796814486 -0.0499297231
v -0.0321632139 0.0705182105 -0.0401401669
v -0.286646336 0.0738197789 -0.018718468
v -0.0178986527 0.0776458383 0.0556220338
v 0.131368652 -0.195169777 0.0812221766
v -0.0449889526 -0.0631132647 -0.0401401669
v 0.0432946943 0.130161032 0.0614701919
v 0.0212587789 -0.00085221167 0.00261530699
v 0.0740980729 -0.327554315 -0.0456836112
v -0.0362228975 0.0417059958 -0.0150534483
v -0.0131499181 -0.0818905905 -0.026407633
v 0.0864752531 -0.332386255 -0.0320582241
v 0.0850709379 0.22473067 0.110386625
v -0.0420354493 -0.0149036152 -0.00860802457
v -0.0397131108 0.000751115149 0.00234770519
v -0.126668528 -0.0580191463 0.0903315991
v -0.0421564877 -0.0516857393 0.045503065
v 0.0761925876 -0.0233222321 0.0556220338
v -0.144717321 -0.0570631921 0.0969512165
v 0.0861672536 -0.0366183184 0.0653283149
v -0.200217545 -0.0489026569 0.109443083
v 0.105337441 0.0106272399 -0.0590958484
v -0.218860254 -0.0443010032 0.110772133
v 0.0997776687 0.236969709 0.108286574
v -0.0194408819 -0.202398211 -0.0952172056
v 0.0615083911 -0.320080996 -0.0581792705
v -0.342424214 0.037566714 0.0436093807
v -0.345952392 0.0492547229 0.0287287198
v -0.035380017 -0.148757696 -0.0820885003
v 0.0986399502 -0.334576845 -0.0173031092
v -0.0367251039 0.0162833259 0.0132955778
v -0.033071436 0.0316930152 0.0242355932
v 0.138678372 -0.315331399 0.0436093807
v 0.00426078029 -0.0399465375 0.0132955778
v -0.0109112393 -0.0444872119 0.0242355932
v -0.0263836607 -0.0484002791 0.0349714234
v 0.198614031 0.138427258 -0.0689366981
v -0.0285041109 -0.0746536329 -0.0344114825
v 0.11924687 0.0208273418 -0.0676385462
v -0.0122524872 -0.220183104 -0.096803613
v 0.0675727874 0.166993424 0.0734940916
v 0.13032037 -0.324230939 0.0287287198
v -0.0388913527 -0.131090879 -0.0753027573
v 0.0106311264 -0.0155148227 0.00657276716
v -0.184572786 0.0986707285 -0.06850788
v -0.0940823555 0.0992263407 -0.0753027573
v 0.0750199407 0.197438687 0.0941206589
v 0.0452950969 0.183551252 0.106649175
v -0.307952464 0.106772661 -0.0581792705
v 0.0439826734 0.0127941966 0.0242355932
v -0.222788066 0.122889794 -0.0948855355
v 0.02078427 -0.0171531979 0.0118105887
v 0.146517947 0.0437388495 -0.0820885003
v -0.0181905217 0.0621023402 -0.0299555138
v -0.00478836754 0.0532173514 -0.0193757638
v 0.00811081938 0.0438555777 -0.00860802457
v -0.0582939386 -0.0543236062 0.0556220338
v -0.074796021 -0.0563138723 0.0653283149
v -0.320719391 0.0996063352 -0.0456836112
v -0.163030341 -0.0552397817 0.102390401
v -0.181607574 -0.0525489151 0.106649175
v 0.129354239 -0.113568515 0.102390401
v 0.136312485 -0.131002322 0.106649175
v -0.0256823972 -0.184527099 -0.0921883434
v -0.346552819 0.0606100336 0.0134849045
v -0.344225466 0.0716326311 -0.00212206505
v -0.111137927 0.105018839 -0.0820885003
v 0.0336761102 0.168808311 0.102390401
v 0.113580331 -0.0806885958 0.0903315991
v 0.121776842 -0.0967972726 0.0969512165
v 0.0324643254 0.0236632116 0.0132955778
v 0.0551076978 0.00135121983 0.0349714234
v 0.110077053 -0.333924294 -0.00212206505
v 0.0658394024 -0.0106657203 0.045503065
v -0.0776604414 0.0928571522 -0.0676385462
v -0.0618721843 0.0859112889 -0.0590958484
v -0.339072049 0.081863746 -0.0173031092
v -0.331092566 0.0913033634 -0.0320582241
v 0.234175712 0.164879099 -0.0856876373
v 0.226628453 0.148057789 -0.0912170559
v -0.1845579 0.120702505 -0.096803613
v -0.165561542 0.118035406 -0.0952172056
v 0.176344201 0.276163012 0.0701327622
v 0.190649882 0.278160304 0.0574107245
v 0.0347432904 -0.0266548041 0.0201951973
v -0.203633398 0.122320637 -0.0966930538
v -0.0309770331 -0.166569769 -0.0877170265
v 0.0718281195 -0.0653115138 0.0478385277
v -0.327336311 0.0146370493 0.0701327622
v -0.0415864363 -0.11368449 -0.0676385462
v -0.336218834 0.0260274895 0.0574107245
v 0.17612648 0.253867865 0.0499265306
v 0.120786592 -0.330428571 0.0134849045
v 0.0744267404 0.182565063 0.0813241303
v 0.132973701 0.0318645462 -0.0753027573
v 0.0205070395 0.0340170041 0.00234770519
v 0.0860252678 -0.0792976096 0.0599927008
v -0.0434652641 -0.0965385288 -0.0590958484
v -0.146963954 0.114505157 -0.0921883434
v -0.0446869358 -0.0468046218 -0.0299555138
v 0.129498973 0.228318885 0.0723896474
v 0.0628774613 -0.0152977072 -0.0299555138
v 0.0484817699 -0.0224618241 -0.0193757638
v -0.0436933935 -0.0307555273 -0.0193757638
v 0.217819706 0.131495222 -0.0948855355
v 0.207749486 0.115191385 -0.0966930538
v 0.0913058743 0.00121648004 -0.0499297231
v 0.0371273905 -0.29862237 -0.0782989636
v 0.0771521628 -0.00740493974 -0.0401401669
v -0.128765121 0.11011178 -0.0877170265
v -0.00404012762 0.108214378 0.0743915439
v 0.00409467798 0.123492375 0.0828117132
v -0.0236829203 0.062351454 0.045503065
v 0.246621296 0.22794795 -0.0456836112
v 0.246444076 0.213308334 -0.0581792705
v 0.0388605446 0.0055084643 -0.00602141256
v -0.180242166 0.104485013 -0.0763441846
v 0.0333084464 0.0920444503 0.0393436477
v 0.049184829 -0.310437024 -0.0690510571
v -0.0287240408 0.0470490605 0.0349714234
v 0.0148618547 0.105733581 0.0608504005
v 0.160998806 0.25053665 0.0619463585
v 0.178045616 0.107663713 -0.0708666891
v 0.0691709444 0.0282158963 -0.0191948432
v 0.0577578396 0.197844818 0.109443083
v 0.143096894 0.0555941798 -0.0709835067
v 0.0710643381 0.21168904 0.110772133
v -0.237157941 -0.0386917368 0.110386625
v -0.303102911 -0.00646287017 0.0907967091
v -0.31629765 0.00380693004 0.0812614262
v 0.0957364589 -0.0506083295 0.0743915439
v 0.104900196 -0.0652922764 0.0828117132
v -0.0150070069 -0.0439742953 -0.0116206827
v -0.255110592 -0.0320748538 0.108286574
v 0.0805536434 0.0162831638 -0.0335680358
v -0.241536021 0.122237101 -0.0912170559
v -0.289361745 0.0162689611 0.0567475706
v 0.145954445 0.265726268 0.0907967091
v 0.196810395 0.0994805843 -0.096803613
v 0.185002431 0.0843628049 -0.0952172056
v 0.225766242 0.269818544 0.0134849045
v 0.234148398 0.26229167 -0.00212206505
v 0.161445722 0.272018313 0.0812614262
v -0.259877324 0.12036255 -0.0856876373
v -0.0916963294 -0.0576060377 0.0743915439
v -0.108994871 -0.0582000911 0.0828117132
v 0.157291114 -0.223487705 0.1043185
v 0.157961532 -0.241817534 0.0984824002
v 0.0042137308 -0.178946257 -0.0563161336
v -0.0851555914 -0.0399493687 0.0556110144
v -0.303466409 0.0234187879 0.0514807068
v 0.0345254987 0.14308469 0.078657724
v 0.150992066 -0.290800095 0.0701327622
v 0.00496834749 -0.254384995 -0.0948855355
v 0.145568937 -0.304187775 0.0574107245
v 0.171064287 0.106617555 -0.0644991845
v -0.00411607744 -0.237512022 -0.0966930538
v 0.228538036 0.212540314 -0.0397421978
v -0.24584353 0.0970957279 -0.0572381243
v 0.127482399 -0.281340748 0.0435656495
v -0.111058988 -0.0344451033 0.0603902675
v -0.0863055512 -0.0237549003 0.0423606299
v -0.128436059 -0.0182173755 0.0503791086
v -0.115567259 -0.0412772223 0.0686779395
v -0.0100333588 0.0165633485 -0.000864894711
v 0.00689356634 0.0290434957 -0.00134733017
v -0.0859717429 -0.0467878841 0.0618955083
v 0.0208619069 -0.162107617 -0.0308941472
v 0.0175637398 -0.139797583 -0.0245954432
v 0.00335802371 -0.126688004 -0.0324407518
v 0.00518080546 -0.147561893 -0.0402016528
v -0.0113937417 -0.112409949 -0.0392360166
v -0.0246198401 -0.119428135 -0.0548626408
v -0.0282263104 -0.0969609618 -0.0460304655
v -0.0199883822 -0.0940242484 -0.0376032069
v 0.0118024787 -0.0955405086 -0.0122552933
v 0.00279334304 -0.106515892 -0.0241888203
v -0.00956412964 -0.133546337 -0.047886882
v 0.0159713589 -0.119843923 -0.0179369859
v 0.0567001477 -0.279938996 -0.0444595702
v 0.0503652692 -0.271342456 -0.048097264
v 0.069816649 -0.268367946 -0.0228816848
v 0.0569246635 -0.270607591 -0.0397096016
v 0.0578627139 -0.25264439 -0.0301484168
v 0.0696377978 -0.286752999 -0.0316499025
v -0.104614243 0.0735628679 -0.0457111038
v -0.0856212601 0.0668013319 -0.0390421599
v -0.0936621949 0.0636500865 -0.0355314165
v -0.0687562227 0.0429822057 -0.0160979237
v -0.085012354 0.033735767 -0.00670299213
v -0.109878093 0.055626601 -0.0262273178
v -0.125862837 0.045262102 -0.0138083659
v -0.0645469427 0.0270932056 -0.0021970626
v -0.0890372023 0.0496109687 -0.0215276107
v -0.105222493 0.0406166501 -0.011408044
v -0.159938052 0.0880526975 -0.0582736842
v -0.148424506 0.0753397942 -0.0444569923
v -0.13133876 0.0641280711 -0.0334862471
v 0.0811141953 -0.291065603 -0.0193144102
v 0.0578332469 0.175017521 0.0885076076
v 0.0422268175 0.160571739 0.0881677642
v 0.0689221621 0.159611151 0.0661342219
v 0.0842705071 0.159630895 0.0536092035
v 0.0605262183 0.158936858 0.0722923726
v 0.113834314 -0.299399436 0.0183731169
v -0.0193187781 -0.104924716 -0.0425018035
v -0.032104224 -0.112365641 -0.05794359
v -0.0123766363 -0.0910205022 -0.029982904
v -0.0229840688 0.0330412984 0.0240352526
v 0.0400164388 -0.218628451 -0.0354358219
v -0.00207586749 -0.20989491 -0.0792850778
v 0.0348612927 -0.232904866 -0.0481151901
v 0.0139418151 -0.218933001 -0.0655183047
v 0.00506534427 -0.196672142 -0.0642928928
v 0.0270598102 -0.188240364 -0.0360155627
v 0.0207337271 -0.203390434 -0.0501069836
v 0.0553489067 -0.0553006269 0.0338885337
v 0.0590467788 -0.0752702057 0.033990182
v 0.072555542 -0.0870384946 0.0447099544
v 0.0650147721 -0.0701064244 0.0405078791
v 0.0431635194 -0.0587394349 0.0230070241
v 0.0377858542 -0.0387047678 0.0214776937
v 0.0245003346 -0.0440363139 0.0113873444
v 0.112569183 0.0634750128 -0.0370238423
v 0.128295958 0.0655148998 -0.0502536781
v 0.115670837 0.0565787703 -0.0439003482
v 0.206651479 0.146586388 -0.0709787682
v 0.205181271 0.135589197 -0.0780615732
v 0.0439650081 -0.228109613 -0.0352440029
v 0.0228607655 -0.223408356 -0.0574521385
v 0.0303924289 -0.223913372 -0.048989512
v 0.0390081815 -0.242365599 -0.0477827303
v 0.0524615087 -0.244878113 -0.0330123343
v 0.0361630917 -0.208367586 -0.0351209193
v 0.0281582344 -0.245466113 -0.0622006916
v 0.0284592211 -0.206143111 -0.0427495465
v 0.0425663665 0.0258128997 -0.00185662403
v 0.0489757732 0.0469610132 0.00325475493
v 0.0563399121 0.0313071236 -0.00858466793
v 0.0346320383 0.0285436511 0.00373953674
v 0.0570966527 0.0135650067 -0.0159810968
v -0.263430923 0.0256510619 0.0375068858
v -0.22456339 0.0210170224 0.033057522
v -0.19544363 0.0183429588 0.028960092
v -0.250381708 0.0116195548 0.0515120625
v -0.218315274 0.00870210119 0.0461915731
v -0.185531974 0.00717892358 0.0392473489
v -0.223691225 -0.00322207133 0.0620566756
v -0.192977622 -0.00484052999 0.0550105385
v -0.17644687 0.007545806 0.0364864133
v -0.241305158 0.0060639116 0.0558208749
v -0.208677083 -0.00464785844 0.0593529083
v -0.161889434 -0.00589496922 0.0473438203
v -0.129542366 -0.00253089471 0.0351807252
v -0.119887285 -0.000600548461 0.0308949053
v -0.0821761638 0.00700848224 0.016268909
v 0.180956781 0.182494134 -0.0160582829
v 0.203307748 0.190392837 -0.0321162902
v 0.166589826 0.171906307 -0.0105195148
v 0.154246226 0.162295863 -0.00630121864
v 0.185221136 0.199855775 -0.00598118128
v -0.0189943314 -0.0736930147 -0.0269738846
v -0.00986161549 -0.0556118377 -0.013147098
v 0.00662011793 -0.0606984012 -0.00436754012
v -0.000395868905 -0.0761935413 -0.0145799816
v 0.00860617962 -0.0766941532 -0.0081099337
v -0.0349160284 -0.0877926499 -0.0466326401
v -0.270325571 -0.00100574153 0.0733278617
v -0.258412361 0.0040834602 0.0632694513
v -0.280459225 -0.000189065147 0.0754016265
v -0.260298073 -0.00143810664 0.0708100349
v -0.280488908 0.0154909901 0.0551870689
v -0.298646152 0.0175624155 0.0577647611
v -0.271257341 0.0150231384 0.0531395711
v -0.27430582 0.00998949073 0.060447
v -0.0682564154 -0.0177008621 0.0322393924
v -0.070258446 -0.00254152669 0.0217017736
v -0.0633412674 0.00227299868 0.017118657
v -0.113728672 -0.0137492241 0.0417421721
v -0.0323097669 -0.0386406556 -0.018131258
v 0.0719231591 0.0589777641 -0.0063111987
v 0.0912778303 0.0641004592 -0.0184839033
v 0.0916776806 0.0307219084 -0.0364668295
v 0.0815761313 0.0438056998 -0.0215685759
v 0.210534066 0.227539614 -0.00809323695
v 0.213156939 0.207566008 -0.0278903302
v 0.200307921 0.214550644 -0.008775617
v -0.250452995 -0.00133977924 0.0677050352
v -0.283717275 0.0107352408 0.0622579344
v -0.277070224 -0.0121142687 0.0898094177
v -0.267658681 0.00431857863 0.06571915
v -0.278063536 0.0207290687 0.0477736741
v -0.156955361 0.0608456098 -0.0268214885
v -0.20585981 0.10030748 -0.0677488297
v -0.230044678 0.0882449821 -0.0486012436
v -0.193834066 0.0911891162 -0.0579600781
v -0.159683973 0.075482212 -0.0433722995
v -0.209189415 0.08031784 -0.0421567671
v -0.225841179 0.0994021371 -0.0635801181
v -0.189484045 0.0808853433 -0.0458968133
v -0.16904889 0.0892329216 -0.0587053858
v -0.186109483 0.069410339 -0.0325677134
v -0.175627083 0.0935729146 -0.0632527694
v -0.212290242 0.0902722627 -0.0540879704
v 0.138338476 -0.250249207 0.0699474141
v -0.135832354 0.0973307788 -0.0715592206
v -0.169999823 0.104989059 -0.0781001747
v -0.165527925 0.093943134 -0.0648407564
v 0.0422470458 0.0723661855 0.0211095102
v 0.0579706207 0.0478042997 -0.00221019378
v 0.00874866545 0.0642582774 0.0339928493
v 0.0490447208 0.0308500957 -0.003938396
v 0.0274852794 0.0580896288 0.0212307237
v 0.00887139887 0.04096701 0.020723829
v 0.0321124643 0.0381944478 0.00898852106
v 0.0261580255 0.0765696093 0.0330895856
v 0.0189287011 0.019934658 0.00856618676
v 0.0461207666 0.055868037 0.00948790181
v 0.0604238212 0.0240919627 -0.0144267948
v 0.0363093391 0.0208381582 7.2687275e-05
v 0.0481946245 0.0100342622 -0.0108388783
v 0.0117750326 0.0831283033 0.0453763939
v 0.0632674098 0.00538861658 -0.0235606264
v 0.00251148059 0.0107591106 0.012054773
v -0.00684147561 0.0076509146 0.0137373358
v -0.0123460125 -0.0248508994 0.0180999134
v -0.0107029118 0.0430863686 0.0279888567
v 0.0320362337 -0.239226282 -0.0545040481
v 0.0597682521 -0.225439951 -0.01566872
v 0.041493807 -0.235101536 -0.0413939469
v 0.0183110014 -0.230048478 -0.0660748929
v 0.0533618927 -0.238035351 -0.0288011935
v 0.0467581078 -0.221068919 -0.0288016573
v 0.0372546427 -0.225877658 -0.041987475
v 0.0544225834 -0.194025159 -0.00841634721
v 0.0645244569 -0.210861385 -0.00395172043
v 0.0345755965 -0.189485654 -0.0283794906
v 0.041888956 -0.188856259 -0.0201073065
v 0.0704976916 -0.182461277 0.0140582155
v 0.0299545638 -0.141643643 -0.0131967003
v 0.0355201624 -0.129437551 -0.0031661496
v 0.0427338965 -0.179557532 -0.0152558908
v 0.0483973846 -0.141963065 0.0051548453
v 0.0380171202 -0.15429005 -0.0100278426
v 0.0476497896 -0.167745575 -0.00522030983
v 0.0367873237 -0.171019658 -0.0180654805
v 0.0638188347 -0.17286706 0.0102548208
v 0.0292856488 -0.122986734 -0.006779938
v 0.0235026442 -0.135872349 -0.0172252096
v 0.0553188846 -0.184653088 -0.00361544196
v 0.0264110286 -0.155836537 -0.0225124285
v 0.056929525 -0.156621382 0.00879112724
v 0.16049619 0.229453787 0.0436301753
v 0.167152599 0.195038274 0.0077890642
v 0.17208153 0.225873128 0.0291589089
v 0.161005199 0.208195329 0.0247839335
v 0.178427741 0.213466182 0.0122348247
v 0.141046375 0.214511111 0.049280569
v 0.143597677 0.20204784 0.0361831225
v 0.155568555 0.199349672 0.0225482937
v 0.0765970647 -0.293963581 -0.0263280384
v -0.0276117194 0.0256026126 0.0189540554
v 0.212548599 0.241010591 0.00156496186
v -0.152426675 -0.0280520488 0.068247132
v -0.16117239 -0.0418119542 0.0864256248
v -0.172863349 -0.0395648703 0.0881856829
v 0.111476853 0.0475396812 -0.0452596731
v 0.0997772142 0.0345950872 -0.0416625366
v 0.118874632 0.0363486148 -0.0585584976
v 0.107768908 0.053749118 -0.0383908153
v 0.111433908 0.0327398255 -0.0534111746
v 0.0997590795 0.0668442175 -0.0239219237
v -0.0424346142 0.0350090861 -0.009571895
v 0.191972762 0.225567952 0.0090969326
v 0.200576127 0.242761359 0.0153795341
v 0.185438022 0.236582085 0.0252407473
v 0.191752687 0.119600341 -0.0762000829
v 0.170386508 0.0976190194 -0.0702845007
v 0.186674237 0.129946902 -0.0630983412
v 0.160177648 0.124148957 -0.0409309678
v 0.171149015 0.121345617 -0.0538152009
v 0.180875674 0.090335831 -0.0864583999
v 0.0702375099 0.0959523767 0.0171192605
v 0.0643627569 0.0790396035 0.010595073
v 0.080842644 0.0871474445 0.00351225096
v 0.0836468488 0.0734456182 -0.0069942791
v 0.0131661026 0.0128198722 0.00577667169
v -0.00817072485 0.00282865646 0.00118664023
v -0.0202933308 0.00886727683 0.000768305152
v 0.0645658374 -0.130570084 0.0254293401
v 0.0496762954 -0.107620858 0.017442219
v 0.0595678762 -0.143702716 0.016049616
v 0.0658156872 -0.109734207 0.0326374322
v 0.0451754071 -0.0973858461 0.0161059201
v 0.0731702074 -0.0977053866 0.0430173352
v 0.0284029618 -0.0956512839 0.00170179096
v 0.0669687241 -0.153946683 0.0204008594
v 0.0631045476 -0.120275356 0.0269947257
v 0.0771589875 -0.145478815 0.034134645
v 0.0765159205 -0.125757277 0.0393114276
v 0.0788241699 -0.168859869 0.0282371715
v -0.2339928 0.074706465 -0.0307641272
v -0.20631735 0.0694237277 -0.0292599685
v -0.216305941 0.0692993253 -0.0273290258
v -0.220828339 0.0585775264 -0.0133127579
v -0.229456663 0.0620257631 -0.0158295315
v -0.193702906 0.0580663159 -0.0178115331
v -0.173906505 0.0575376339 -0.0205238741
v -0.057101056 -0.045645088 0.048396755
v -0.0409209281 -0.0252581611 0.0287579168
v -0.196071044 0.0410434976 0.00271086721
v -0.177611277 0.0518925637 -0.0133886179
v -0.193696871 0.0307873059 0.0141611798
v -0.165009648 0.0401286893 -0.00224141381
v -0.0795429796 0.0184241738 0.00635961397
v -0.1029898 0.0273924191 0.00115039689
v -0.221258849 0.0488509983 -0.00135886087
v -0.207253382 0.052989345 -0.00922027696
v -0.150375664 0.0461396016 -0.0113400714
v -0.17621319 0.0336329415 0.00719165383
v -0.200116917 0.035935875 0.00955659337
v -0.235847056 0.0566726215 -0.00787050929
v -0.119890288 0.0329262018 -0.00194102898
v -0.275116682 0.061798349 -0.0056805918
v -0.253214538 0.0419274345 0.0144506227
v -0.314816892 0.0636271313 0.00136547454
v -0.214582667 0.0295119286 0.0204290878
v -0.255930066 0.0595749244 -0.0071589672
v -0.268476099 0.0513231903 0.00621359935
v -0.295745492 0.0629379973 -0.00234134425
v -0.307006687 0.0540025793 0.0121916002
v -0.247355774 0.0468930192 0.00685613975
v -0.242901012 0.0290234163 0.0279489476
v -0.285434276 0.0325383805 0.0346081406
v -0.231754273 0.0386935323 0.0133653451
v -0.285442173 0.0513771847 0.0102527225
v -0.0246565286 -0.0454976186 -0.0174411405
v -0.0067939749 -0.0377927423 -0.00535254087
v -0.032007888 -0.0304031707 -0.0137640024
v -0.032917954 -0.0471683182 -0.0229354072
v 0.0739290565 -0.203341678 0.00989265461
v 0.0251459014 -0.0267704688 0.0138903335
v -0.213912725 -0.018178463 0.0770738572
v -0.23028639 -0.0113961119 0.0739985108
v -0.16586861 -0.012747868 0.055944331
v -0.206930578 -0.010988988 0.0663295835
v -0.188297525 -0.0118827429 0.0617148727
v -0.176782936 -0.0252960976 0.0733268708
v -0.197240949 -0.0221819226 0.0764559433
v 0.0987505913 0.219217435 0.092763193
v 0.105869457 0.217585832 0.0847553536
v 0.120290615 -0.160423368 0.0788264796
v 0.0993851125 -0.1644191 0.0529928245
v 0.106899574 -0.156544998 0.0641447008
v 0.0861056298 -0.166802526 0.0370938294
v 0.0942938775 -0.134948656 0.0560511388
v 0.0940809026 -0.156099111 0.0495562814
v 0.127101645 -0.179389179 0.0811775029
v 0.0995848849 -0.13990964 0.0606093444
v 0.0827853903 -0.141552463 0.0414540693
v 0.0821865052 -0.122837067 0.0461425334
v -0.301918954 0.0337778814 0.0374609046
v -0.212313831 0.00194435311 0.0525863208
v -0.194691896 0.0109084751 0.0373535007
v -0.195268139 0.0248706471 0.0213711727
v -0.150520712 -0.00573651819 0.0440131314
v -0.184798256 0.0141912354 0.0311122127
v -0.313648075 0.0367106535 0.0368030332
v -0.130739138 -0.0312583223 0.064196527
v 0.0882240981 -0.253971815 0.00597216748
v 0.0888224915 -0.23519285 0.01456773
v 0.0988708436 -0.267303914 0.0133814393
v 0.111254312 -0.248096257 0.0367109627
v 0.0875728279 -0.272590548 -0.00293780724
v 0.100357085 -0.250937492 0.022103902
v 0.102057956 -0.232456684 0.0316601917
v 0.116679445 -0.267488539 0.0355843864
v 0.0890290216 -0.214188457 0.0232263599
v -0.0220607296 -0.0108874086 -0.00254178629
v 0.127789974 0.0746546239 -0.0440604873
v 0.123770125 0.0954368338 -0.026926361
v 0.138555795 0.0978590921 -0.0388722792
v 0.112544067 0.0805316567 -0.0266066343
v 0.113929026 0.104425378 -0.0122279115
v 0.10235507 0.0909304544 -0.0113016069
v 0.137825564 0.112444095 -0.0281058084
v 0.0105649671 0.0971336067 0.0565987974
v -0.335527509 0.0638790578 0.00621586666
v 0.208033621 0.178910792 -0.0464362092
v 0.164158314 0.201758146 0.0163016077
v 0.15260838 0.183847591 0.0125301834
v 0.152223185 0.205512077 0.0309410598
v 0.15848884 0.192791417 0.0142856287
v -0.0591487736 -0.0228043757 0.0331269987
v -0.0504272245 -0.0361362621 0.0388449952
v -0.0212161504 -0.0279085841 0.0227451324
v -0.0089456141 -0.0155851515 0.0147850253
v -0.0183713268 0.00259843306 0.0149293607
v 0.0014404885 0.000703470549 0.0109630767
v 0.146256924 0.0953878835 -0.047874175
v 0.152736425 0.0830192193 -0.0626200959
v -0.12775144 0.0842897445 -0.0565965176
v -0.142941386 0.0924437344 -0.0651355088
v -0.107986577 -0.0276963562 0.0529574752
v -0.0925698355 -0.0347724557 0.0539222993
v -0.0856825188 -0.0318901427 0.0489289872
v -0.10459701 -0.0411622636 0.0643346906
v 0.0114436401 -0.0354089886 0.00475840457
v 0.0353606232 -0.00517229456 0.0203058366
v -0.0303705428 -0.00140940689 0.0162999853
v -0.293814182 0.0218639504 0.0507607907
v -0.287197143 0.00583910104 0.0696447641
v 0.115715764 -0.283836812 0.0274978522
v 0.0794518739 -0.156952664 0.0329542719
v 0.0291343983 -0.1659244 -0.0239603221
v 0.0503120758 -0.126263142 0.0123786638
v 0.0737062767 -0.108911321 0.0408697166
v 0.0305886399 -0.113988444 -0.00238345074
v 0.0533978045 -0.0989122987 0.0233575534
v 0.0334561132 -0.105274536 0.00312021165
v 0.0764223263 -0.135311827 0.0364498682
v 0.0644415393 -0.16167742 0.0150003936
v 0.0550846457 -0.147089809 0.0102288099
v 0.0713494644 -0.171124265 0.0191605836
v 0.0784124583 -0.180471942 0.0236621406
v 0.0350801647 -0.121268213 -0.00070085167
v 0.0407489166 -0.16384685 -0.010971074
v 0.0499450304 -0.152049348 0.00312981638
v 0.0489442386 -0.177401751 -0.00766612124
v 0.0651804283 -0.145935461 0.02118643
v 0.0618842989 -0.137339473 0.0205462296
v 0.125871554 0.139800042 0.00255339243
v 0.137674928 0.227371767 0.0637777969
v 0.00168125646 -0.220180929 -0.080398649
v -0.076173678 -0.00628332142 0.0257094298
v 0.0219770763 -0.0587021373 0.00678170379
v 0.130996913 0.236066282 0.07796482
v 0.142868817 -0.286650151 0.0612326451
v -0.0953245461 -0.00987043325 0.0332250111
v 0.128188461 0.13241984 -0.00499523804
v -0.103443123 -0.00574991945 0.0316417702
v -0.145959958 0.00891500339 0.0275421701
v 0.035260845 -0.0762343109 0.0129279383
v 0.0783874467 -0.0508247726 0.0561430231
v 0.129539341 -0.18777284 0.0814359561
v 0.0439115055 -0.25342387 -0.0472618937
v -0.219458178 -0.0209289417 0.0821848437
v 0.235808343 0.211467087 -0.0483714715
v 0.223055065 0.224518463 -0.0236930493
v 0.0917844251 -0.0957839489 0.0629439875
v 0.13876988 0.240839928 0.074845165
v 0.0938421562 -0.299160898 -0.00698281964
v -0.0267105717 -0.039708171 0.0304131974
v -0.256782472 0.076343365 -0.0283637531
v 0.0846744031 -0.0564445406 0.0619607344
v 0.012714657 0.119234331 0.0733898431
v -0.088857837 0.00264632213 0.0210799407
v 0.0173799191 -0.0765579045 -0.00142016902
v 0.126470625 -0.245885864 0.0565884672
v 0.0582221635 0.102217928 0.0299685318
v 0.0344101749 -0.263304442 -0.0636129603
v 0.111725189 -0.12117143 0.0795171037
v 0.143459558 0.23693639 0.0667897016
v 0.0911578685 -0.0593703613 0.0684559569
v -0.0257880781 -0.154754251 -0.0754646137
v -0.00308581605 0.0865074247 0.0557048433
v 0.106690444 0.132287487 0.0136549482
v 0.0145983761 0.125982776 0.0779840946
v -0.013179793 -0.196019664 -0.0845213905
v 0.141632617 0.248758048 0.0793103874
v 0.141458631 0.140133768 -0.0113482988
v 0.165982351 0.0883002579 -0.0723716691
v 0.140278593 0.106466971 -0.0345702805
v 0.10330189 -0.0953027159 0.0757597908
v 0.137110934 -0.156971186 0.100440726
v 0.16313763 0.244215727 0.0541361123
v 0.127250358 0.03941698 -0.0650032312
v 0.0222091395 0.0170432609 0.00907220691
v 0.129819393 0.110429205 -0.0221840572
v 0.150326759 0.254147947 0.075756751
v 0.104155235 -0.106724173 0.0742495507
v 0.232913658 0.184103787 -0.0684011802
v 0.025466891 -0.214080393 -0.0499112383
v 0.200689197 0.172671959 -0.0439363383
v 0.0426764935 0.167818725 0.0943254009
v 0.0704640001 -0.29783991 -0.0358792804
v 0.0535032749 0.115111433 0.0425334983
v -0.0189750157 -0.17055808 -0.076943323
v 0.0894977674 0.212489188 0.095016472
v 0.172844902 0.0900734961 -0.0782080814
v -0.143042907 -0.0482825115 0.0866146311
v -0.25427568 0.101723522 -0.0618039854
v 0.0342328623 0.156371355 0.0906246603
v 0.0617332943 0.118649356 0.0392132141
v -0.0765305981 -0.0455996245 0.0568788052
v 0.102581352 -0.301663458 0.00299582933
v -0.095898211 -0.0490923785 0.0682151318
v -0.291880459 0.0960983485 -0.0471074246
v 0.143590093 0.222921908 0.0542057492
v -0.308151096 0.0872662589 -0.0317717642
v -0.0596841462 0.0598817393 -0.0320118815
v 0.179600701 0.0998772606 -0.0781698078
v 0.204566732 0.251464427 0.0190049931
v 0.00521736732 0.102666609 0.0641740486
v 0.14331387 -0.247105896 0.0775335059
v 0.196253374 0.129026353 -0.0737267286
v 0.0210067686 -0.25583151 -0.0760987476
v 0.115758479 -0.310103357 0.0161172412
v 0.0294923559 0.0107843596 0.0144603103
v 0.141096309 -0.265883237 0.0673529059
v 0.193870187 0.156430393 -0.0499412753
v 0.148493916 -0.256799191 0.0804851428
v 0.218904108 0.173048854 -0.0626187697
v -0.0433501825 0.0220965892 0.00170510868
v 0.0876730159 -0.201800331 0.0263970029
v 0.125284478 0.238882259 0.0859848335
v 0.19170244 0.13842243 -0.0617744587
v 0.0722842142 -0.0439506285 0.050730221
v -0.0205255989 0.0205492284 -0.00178488018
v -0.314461231 0.044343356 0.0269064568
v 0.221944451 0.244943291 -0.00472046761
v -0.324743032 0.0360383429 0.0407545306
v 0.195815176 0.183127686 -0.0304489061
v -0.0327374674 0.0325340666 -0.0079116514
v -0.121281326 0.0889761522 -0.0624536872
v 0.0923266783 0.221146524 0.100419648
v 0.208583251 0.246330336 0.0103326337
v 0.14695555 -0.239734888 0.0850085542
v -0.241059899 0.109002881 -0.073653996
v 0.0343327597 -0.014711461 -0.00728321215
v 0.0622176826 0.190255091 0.098632209
v -0.0383595787 0.027336577 -0.00326882605
v -0.0372392163 0.0152573828 0.00872512162
v 0.050090801 -0.01250955 0.0317219198
v -0.26494962 -0.0128601603 0.0868326053
v 0.231028989 0.231081396 -0.0263818782
v -0.0245329235 -0.163716599 -0.0791465193
v 0.141468436 -0.172130808 0.101345114
v 0.207759887 0.128625527 -0.0862517506
v -0.229886726 0.109887756 -0.0765996724
v 0.026271861 -0.0179837458 -0.00235055666
v -0.299238235 0.0917181671 -0.039691139
v -0.293305695 0.0117516927 0.0637816861
v 0.00925177056 -0.236818716 -0.0802898332
v 0.110309474 -0.0927893892 0.0842542499
v 0.05828318 -0.0300347935 0.0386107787
v -0.318533242 0.0307282936 0.046097666
v -0.0349081829 0.0208719857 0.00259597227
v 0.189299688 0.145448357 -0.0538755842
v -0.273983389 0.103559934 -0.0606101118
v -0.149208546 0.107287437 -0.0828754455
v -0.0234945435 0.0527797565 -0.0229110643
v 0.126761124 -0.14442353 0.0912925228
v 0.00350817037 -0.0963041261 -0.0193812568
v 0.21568428 0.234672353 -0.00721856346
v -0.218821228 0.110123336 -0.0785638243
v 0.183830559 0.135773748 -0.0557585619
v 0.19970952 0.124144942 -0.0811154544
v 0.1450046 -0.229354605 0.0863479301
v -0.320528537 0.0861457512 -0.0274650287
v -0.332837641 0.0751836672 -0.00973318238
v -0.0440599918 0.0487272218 -0.02123533
v 0.22427249 0.170529574 -0.0703943372
v 0.137486607 -0.296906233 0.0499514081
v 0.121136464 -0.320137054 0.0185976997
v 0.0561948605 0.182551384 0.0966810808
v 0.236137047 0.219921082 -0.0414584242
v 0.224588051 0.235442519 -0.0158105195
v 0.227838531 0.202142939 -0.0478452221
v -0.041186884 -0.00583637645 0.0191203132
v -0.307588726 0.0934270918 -0.0401839763
v 0.0369783603 0.16266869 0.0941854492
v 0.0933631137 0.0150267323 -0.0455220826
v -0.0335796066 0.0506206267 -0.0222418178
v -0.128200755 0.101483189 -0.0770972893
v -0.0160135999 0.0369846746 -0.0104660969
v 0.23781687 0.19872126 -0.0613791123
v 0.139003009 -0.186603099 0.0936106369
v 0.143277571 -0.181605428 0.100634351
v -0.192887887 -0.0362737849 0.0915604755
v -0.186095312 0.109447442 -0.0819930434
v -0.0156081971 0.0150906295 0.015649002
v -0.284316778 0.100888893 -0.0550457574
v -0.0420739427 0.0566878654 -0.0282157101
v -0.301884323 0.099126853 -0.049107857
v -0.313390553 0.0247823242 0.0525241457
v 0.0181759857 -0.0214410238 0.00246954011
v 0.145012766 -0.191110209 0.0997147411
v -0.0281916782 0.00899058953 0.0139093185
v -0.227598324 -0.023040276 0.0874456391
v 0.0660196766 -0.0354894958 0.0453466401
v -0.263898343 0.106832668 -0.0668456852
v -0.243664265 0.103100874 -0.0654566064
v -0.217277855 -0.0275562834 0.0895277634
v 0.0788466632 -0.30363372 -0.0280397702
v 0.107604973 -0.310383141 0.00550504681
v 0.0275775976 -0.274627864 -0.0778014213
v 0.0213182103 -0.265780836 -0.080902122
v 0.00191424589 -0.0197459273 0.01087345
v 0.147263199 -0.265531659 0.0754687861
v 0.100800753 0.0193719249 -0.0503332205
v -0.0990531594 0.0849766582 -0.0586429015
v -0.283692002 -0.00531591661 0.0830823556
v 0.0349975377 -0.274891764 -0.0687640607
v -0.0310295112 -0.021937374 -0.00922689214
v -0.0358370468 -0.0947086066 -0.0513336807
v 0.10806419 0.0236931089 -0.0550199747
v -0.15970695 0.105943233 -0.0803141147
v 0.135836214 -0.285756648 0.0524779074
v 0.0820174441 -0.312963426 -0.0284393337
v -0.0336240754 -0.056089472 -0.0281319804
v -0.0350947119 -0.0787900314 -0.0417216681
v -0.255912274 -0.0189604945 0.0916910097
v 0.133522287 0.243883401 0.082684122
v -0.182945982 -0.0381797366 0.0902464539
v 0.00415933691 -0.22887671 -0.0821234733
v 0.216695771 0.250095546 0.005288471
v 0.150186673 -0.248721182 0.0858017057
v 0.214924753 0.154346853 -0.0735605955
v 0.00112384884 0.09450946 0.0598728545
v -0.30280894 0.0130218398 0.0649476349
v 0.0848378241 -0.299665809 -0.018602496
v 0.0633312017 -0.29824844 -0.0450619869
v 0.223485559 0.161713764 -0.0767523572
v -0.251985043 0.107825845 -0.070262529
v 0.11585559 0.23352468 0.090006046
v 0.159167051 0.256703317 0.0693775192
v -0.00730695762 0.0802665874 0.0528383255
v 0.142223075 -0.205915555 0.0911669508
v 0.15781714 0.0654886365 -0.0796431005
v 0.14124392 -0.293168515 0.0564043187
v 0.11862044 -0.123405062 0.0870677531
v -0.0315967724 0.0580013432 -0.0283607319
v -0.316371143 0.0920474678 -0.0363874994
v -0.301432788 0.00228745025 0.0786651373
v 0.136213154 0.251759589 0.0873589888
v -0.00572639145 -0.215355471 -0.0864571929
v 0.156650081 0.261974037 0.0767188594
v 0.220283583 0.151651576 -0.0814601481
v -0.29353267 0.101655677 -0.0542393923
v 0.175235748 0.259538323 0.0559538417
v 0.146140084 -0.274198711 0.0705715343
v -0.266564667 -0.019748915 0.0962667018
v -0.0680075809 0.0647072122 -0.036936745
v -0.325398624 0.054734014 0.0159283485
v -0.0516851209 0.0546823218 -0.0268597659
v -0.0759800747 0.0762361437 -0.0490343198
v 0.0357445776 0.00471774116 0.0194643606
v 0.128253981 0.246959955 0.0905908048
v 0.212545112 0.254889846 0.0138450935
v -0.0346573144 -0.0647183433 -0.033537697
v -0.0364637263 -0.0710540414 -0.0384049155
v 0.154034957 0.114888296 -0.0416986756
v 0.122664608 -0.133681357 0.0892560706
v 0.00337330252 -0.236038342 -0.0868902206
v 0.196418121 0.247455195 0.0237578508
v 0.11069338 -0.103559114 0.0824447796
v 0.145372972 0.0509426221 -0.0763310194
v -0.107052587 0.0803677142 -0.053187225
v 0.0648429617 -0.00390920276 -0.028021289
v 0.0417331234 -5.9345879e-05 0.0243287347
v 0.144397512 -0.217535064 0.0898532346
v 0.172305003 0.0814649165 -0.0837636814
v -0.00126983155 0.0221659429 -0.00128401618
v 0.218469828 0.144541919 -0.0852345079
v 0.140660346 -0.196016267 0.0925682038
v -0.187798187 -0.0327423997 0.085624814
v -0.00367507176 0.0322187096 -0.0058129644
v -0.158074632 0.111660585 -0.0876990259
v -0.00623106118 0.0414842144 -0.0116695538
v 0.0420602299 -0.009425628 0.0253418423
v -0.0149994306 0.0471176468 -0.0171500798
v 0.0734400526 -0.0346099213 0.0524895638
v 0.078700535 -0.0415365435 0.0572786815
v -0.290724635 0.00091304793 0.0771497712
v -0.236528993 -0.0184865557 0.0847363248
v 0.150122985 -0.22580263 0.0942193791
v 0.107738331 0.233588934 0.0977059007
v 0.148495525 -0.210342467 0.0976419598
v 0.133308992 -0.302363843 0.0422074422
v 0.0984193385 -0.085511975 0.0722417831
v 0.226113841 0.178875402 -0.0654785857
v 0.0743091628 -0.308603942 -0.0361766927
v 0.0470083505 -0.00375649636 0.0287211966
v 0.146687478 -0.200679958 0.0986367092
v 0.150827631 -0.235118628 0.0917171389
v -0.297131538 0.00716267526 0.0709312335
v 0.0807210132 0.21082148 0.101376146
v 0.0868744552 -0.321468741 -0.0262705982
v 0.145781934 -0.281588286 0.0671185926
v 0.0996115655 -0.30909729 -0.00415712409
v 0.114992917 -0.113578744 0.0851759836
v -0.208194762 -0.0397437699 0.101217762
v 0.0841183737 -0.0476817898 0.0623152889
v 0.23026669 0.246278808 -0.0122565674
v -0.282979667 0.107181624 -0.0637434348
v -0.274524599 0.109593257 -0.0685875565
v -0.305663347 0.00877460744 0.0713991672
v -0.0168605335 -0.186572164 -0.083472915
v 0.189193979 0.103024773 -0.0859531015
v -0.0296199396 -0.0131010357 -0.00474465126
v 0.115033872 0.0277424175 -0.0596100353
v 0.043338798 -0.281804681 -0.0619147904
v -0.110668518 0.0872204304 -0.0608876683
v -0.313051105 0.0132869026 0.0676684827
v 0.133675352 -0.147071809 0.0990391597
v -0.248669446 0.114651613 -0.0799040571
v -0.293107033 -0.00434452621 0.0848130733
v 0.08564464 0.216914967 0.102598876
v 0.223875821 0.191261277 -0.0528012924
v 0.234968886 0.240473405 -0.0223343596
v -0.115055487 0.0935950503 -0.0681937337
v 0.105193846 -0.0847809315 0.079959929
v 0.173812971 0.267151415 0.0643634275
v -0.236509994 0.114567883 -0.0817651674
v 0.0887249932 -0.0521805622 0.0667012334
v -0.259899616 0.112569094 -0.0752288625
v -0.177199349 0.108839922 -0.082217522
v 0.0643026754 -0.0245677456 0.0441439562
v 0.182728857 0.259901464 0.0487577803
v 0.220060483 0.258687347 0.00943964161
v 0.126522928 -0.125425532 0.0960595235
v -0.118680105 0.0993981138 -0.0750191137
v 0.104695097 -0.317816377 -0.0016285436
v 0.038817253 -0.284202486 -0.0687576681
v 0.230837896 0.176138282 -0.0728152245
v 0.15201661 -0.242783949 0.0904192328
v -0.17753385 -0.0446294285 0.0957672447
v -0.318189234 0.0200457834 0.0602004305
v -0.187371671 -0.04298703 0.0975235999
v 0.150562435 -0.218202755 0.0975356475
v -0.227074504 -0.0291714445 0.0948539972
v 0.12024352 0.242321804 0.0939671844
v -0.287098467 -0.00929668453 0.0894000605
v 0.0503475592 -0.292506129 -0.0585287921
v 0.117595769 -0.105953738 0.0900132135
v -0.290583432 0.105942093 -0.0606033243
v -0.201621324 0.114942946 -0.0872280002
v 0.229224741 0.169358164 -0.0766802579
v 0.05825115 -0.301157981 -0.0528899282
v 0.213484287 0.137709737 -0.0852935538
v -0.0313333757 0.00961895753 0.0047881119
v -0.103748217 0.0928101763 -0.0676101893
v 0.121235535 -0.115051538 0.0922350958
v 0.113512374 0.239245057 0.0975276977
v 0.112806655 -0.319557935 0.00804638304
v 0.128971234 -0.308089674 0.0340948999
v 0.182105869 0.266841352 0.0557023659
v 0.189653337 0.26768589 0.0488360189
v -0.24569948 -0.0189185012 0.0882716551
v -0.236853808 -0.0242461506 0.09202943
v 0.063753657 -0.306176364 -0.0484014973
v 0.140482217 -0.164296597 0.102480367
v -0.0394507051 0.0647510216 -0.035427656
v -0.0812758729 0.0880352259 -0.062189281
v -0.152424037 -0.0480479114 0.0900555477
v 0.0433504991 -0.289543062 -0.0657993257
v -0.0585753582 0.0669116974 -0.0388858095
v -0.216924101 -0.0341327153 0.0974605829
v 0.237021983 0.228359267 -0.0351000726
v -0.23791033 -0.0302826576 0.0999831334
v 0.224405289 0.254640132 0.00129608542
v -0.197654739 -0.0410251729 0.0989519581
v 0.0787217021 -0.319955707 -0.0360231511
v 0.209049612 0.259809792 0.0218493231
v 0.102342077 -0.325542718 -0.00825142208
v 0.0894744769 -0.315693647 -0.0201966912
v -0.225963607 0.115272418 -0.0843097121
v -0.130541965 -0.0433643237 0.0765351355
v 0.0969883054 -0.316697061 -0.0110237487
v -0.0860859081 0.0816895887 -0.0550662875
v 0.207516924 0.26580742 0.0288288314
v -0.110822432 0.0978008732 -0.0733611956
v 0.100291997 -0.0764016658 0.0759465545
v -0.196717799 0.110137857 -0.0815926716
v 0.216208339 0.262859732 0.0171854291
v -0.167792439 -0.046377629 0.094097957
v -0.323184133 0.0258567855 0.053904973
v -0.213565722 0.116199777 -0.0872835219
v -0.0503638014 0.0619431883 -0.0336395986
v -0.0744300261 0.0824202746 -0.0557072461
v 0.124315701 -0.313088894 0.0258647446
v 0.0681311488 -0.305446446 -0.0424980074
v 0.0696962923 -0.0280103814 0.0491304621
v -0.2682347 0.112350971 -0.0734640881
v -0.139842734 -0.0424545258 0.0791189373
v 0.0952835232 -0.0680181161 0.071745649
v -0.191039413 0.114581332 -0.0880664214
v -0.0660559908 0.0780864358 -0.0507570095
v -0.122788675 -0.0442678668 0.0744748563
v -0.159819812 -0.0486311391 0.0936043635
v 0.237451822 0.234606877 -0.0301181525
v 0.143972531 0.256381005 0.0840684623
v -0.107576884 -0.048154816 0.0722442716
v 0.114972472 -0.0983225331 0.0885535851
v 0.0466433018 -0.298149049 -0.0660178661
v 0.200805783 0.266595185 0.0364483893
v -0.0577543899 0.0737065151 -0.0457688347
v 0.228872985 0.252241105 -0.00552145671
v -0.180598855 0.113321081 -0.0876046717
v -0.225839719 -0.0362223275 0.103217132
v 0.00295490865 0.0382792279 -0.00723184412
v -0.0919223577 0.0893193111 -0.0637264326
v -0.138737202 0.10415411 -0.0797328576
v -0.332349688 0.0354441628 0.0436724313
v 0.191659734 0.260238469 0.0400284827
v -0.0497377701 0.0691783726 -0.0406793952
v -0.332107812 0.0400052182 0.0374668874
v 0.0152814556 0.0229935199 0.00406977255
v 0.00728956005 0.0194998812 0.00190842093
v -0.133760199 -0.0488302149 0.0835204422
v 0.165955722 0.0813688338 -0.0772024691
v 0.164469883 0.26380536 0.0706407055
v -0.125011668 -0.0493240282 0.0805426762
v -0.0266234577 0.0369544327 -0.0111685302
v 0.150118038 0.260443151 0.0817717761
v -0.255499721 -0.0247570835 0.0989918411
v 0.21327953 0.266334414 0.0233500395
v -0.216207117 -0.0391619205 0.103390783
v 0.196107477 0.269009054 0.0434650145
v 0.0693892464 -0.313530385 -0.0448341779
v 0.194639653 0.114048094 -0.0834459066
v -0.116568297 -0.0489709117 0.0767561942
v 0.165330619 0.07329005 -0.0821613371
v 0.121076815 0.030999735 -0.0637632459
v -0.332826555 0.0457502455 0.0299359988
v 0.202649236 0.117678396 -0.0892504156
v 0.0941992253 -0.323584467 -0.0178496875
v -0.328103781 0.0312616192 0.0480887108
v -0.246855512 -0.0245319977 0.0957582444
v 0.0140089439 -0.256412745 -0.0849408284
v 0.0543334372 -0.305714935 -0.0601161681
v -0.334325343 0.0578975454 0.013994785
v 0.196684018 0.109093539 -0.0893985853
v 0.129825249 -0.137182876 0.0970376432
v -0.169497058 0.110990636 -0.085776493
v 0.0336993858 -0.284713298 -0.0754196346
v 0.108650416 -0.324522525 0.000393225171
v -0.324959606 0.0807521567 -0.0191519428
v -0.334340453 0.051799234 0.0222043004
v 0.0916895568 -0.308399707 -0.0139526092
v 0.0399804711 -0.291823924 -0.0711774454
v -0.248255432 -0.0288853031 0.101784721
v -0.0238604229 -0.170795888 -0.0823795125
v 0.143065706 0.0641164258 -0.0654630512
v 0.0617365055 -0.311165333 -0.0534194447
v -0.31318751 0.0976265669 -0.0446408242
v -0.336549222 0.0698739216 -0.00164049445
v -0.310678601 0.00662077824 0.07579083
g 
f 1420 587 1020
f 1768 513 1163
f 135 696 335
f 1607 242 497
f 2081 1958 774
f 2061 1761 664
f 933 157 1572
f 1120 731 1171
f 2214 1582 1090
f 1955 1781 769
f 852 757 1670
f 2371 1466 2080
f 804 1002 2387
f 1339 256 629
f 1720 234 536
f 758 1835 903
f 1905 355 1216
f 1673 1372 1026
f 1497 161 1157
f 2008 2178 2397
f 577 2133 1000
f 611 465 1581
f 1464 976 509
f 1250 178 1501
f 1087 1088 1422
f 2020 481 2343
f 1415 1326 783
f 385 1473 419
f 1245 2342 347
f 90 2089 2145
f 963 800 1769
f 484 1989 2019
f 1212 135 801
f 1576 59 159
f 2215 1642 750
f 793 285 327
f 1334 1238 1381
f 654 2012 462
f 1434 378 2044
f 1811 383 1037
f 1345 979 529
f 1593 2099 1745
f 436 1513 832
f 2266 999 399
f 708 298 2186
f 2175 1683 683
f 1956 323 707
f 984 879 1750
f 524 805 2017
f 1717 297 659
f 1879 247 615
f 11 2053 1601
f 2022 1456 415
f 1461 825 483
f 993 897 1010
f 1027 231 342
f 1076 409 553
f 1645 812 923
f 1133 1003 1459
f 1818 499 1665
f 1508 369 1313
f 1299 1753 738
f 1053 1095 494
f 1237 237 386
f 104 1499 1233
f 973 352 546
f 1941 387 1370
f 1158 972 1580
f 1439 1824 1186
f 729 1996 250
f 1907 143 1337
f 1352 400 785
f 100 1487 2298
f 1287 605 1279
f 220 616 1589
f 1494 532 2207
f 1231 315 500
f 2089 100 2104
f 1311 491 1016
f 1024 395 637
f 1395 296 602
f 1908 1321 868
f 1711 724 909
f 1754 367 996
f 1168 598 743
f 1236 755 843
f 177 597 1860
f 1868 358 1041
f 1252 1783 798
f 959 554 644
f 1651 255 580
f 1097 291 520
f 1317 626 936
f 1190 252 480
f 1649 254 579
f 1192 173 812
f 1970 595 1229
f 1917 1316 865
f 1699 1292 746
f 1142 485 633
f 986 278 354
f 1058 651 668
f 1642 1302 1300
f 1959 279 749
f 1377 1678 735
f 1042 460 569
f 1737 287 590
f 1209 1052 1463
f 1050 860 1093
f 1098 292 521
f 1103 944 1061
f 1383 326 576
f 845 303 379
f 1935 1247 830
f 1153 559 619
f 591 1198 1135
f 1880 329 686
f 1145 957 1634
f 895 274 318
f 1159 287 1766
f 1697 1777 790
f 1382 325 573
f 1882 330 689
f 1048 295 334
f 713 624 1904
f 1708 1919 848
f 1004 311 340
f 801 335 339
f 341 1999 231
f 1288 1241 1550
f 1335 391 612
f 348 382 1356
f 203 1904 714
f 1883 361 834
f 1878 360 1039
f 1698 364 747
f 1749 1307 997
f 1652 1305 279
f 1910 1319 869
f 1911 371 864
f 1331 1239 1330
f 1344 888 981
f 1138 299 378
f 1605 1203 1092
f 844 304 381
f 1408 380 859
f 1362 384 1363
f 1541 1898 735
f 734 1376 1029
f 1329 394 614
f 1387 1113 1177
f 1399 890 1080
f 1021 397 635
f 1403 894 1081
f 1327 1419 855
f 1606 290 1962
f 1963 1054 1264
f 1630 498 712
f 1143 486 634
f 1638 278 568
f 1309 1647 1011
f 153 1636 492
f 1049 300 1658
f 1374 1676 1674
f 1349 331 507
f 851 501 506
f 1787 510 699
f 1776 515 1162
f 1558 2216 514
f 745 518 213
f 1920 517 1213
f 1105 293 523
f 1104 291 522
f 872 1639 488
f 1340 272 531
f 1715 914 1084
f 1721 163 1137
f 1748 1728 1730
f 818 1724 1747
f 1719 234 537
f 1191 254 539
f 970 541 571
f 2159 543 1726
f 2110 1633 486
f 983 548 601
f 1312 549 741
f 1500 976 551
f 1160 557 789
f 960 556 645
f 1685 1789 1666
f 1971 1802 1121
f 1984 562 1129
f 1946 1812 1816
f 1361 566 766
f 1380 324 575
f 1392 326 574
f 1650 255 578
f 2258 2163 422
f 969 584 685
f 581 1188 1826
f 1739 286 588
f 1972 594 1228
f 1973 1849 1223
f 1169 597 744
f 1166 1862 1165
f 982 549 1501
f 2324 2096 2112
f 1401 296 604
f 1274 603 772
f 1276 1885 946
f 1336 391 613
f 1330 393 1332
f 1155 561 617
f 1154 559 618
f 1270 1899 355
f 210 627 937
f 866 1257 939
f 2073 758 1493
f 1346 256 630
f 1149 485 632
f 1144 487 631
f 1022 398 1923
f 1709 638 849
f 2076 1924 1435
f 1918 1197 1435
f 967 554 643
f 961 557 642
f 1820 1245 1244
f 1821 646 1268
f 1118 1933 649
f 1063 648 671
f 1367 653 856
f 1205 652 1072
f 1407 657 1001
f 1179 661 906
f 663 1837 585
f 1619 666 770
f 1057 651 670
f 2204 2065 748
f 1115 350 672
f 1363 384 2126
f 1366 194 815
f 1795 1803 958
f 2362 1412 684
f 1892 329 688
f 687 1196 1197
f 1343 693 927
f 695 1210 336
f 1790 1687 1668
f 1786 511 698
f 1350 92 702
f 2027 693 701
f 705 1655 1338
f 1379 621 2227
f 1957 1174 709
f 202 366 710
f 809 102 719
f 723 205 1712
f 1734 396 205
f 725 206 1710
f 724 206 1735
f 1942 1206 727
f 726 207 250
f 2008 208 1338
f 1119 732 208
f 1747 1725 142
f 1724 818 1726
f 1829 539 2088
f 1378 2102 734
f 1029 504 733
f 1306 548 740
f 1167 1859 739
f 1310 547 743
f 1707 363 745
f 1013 1642 2215
f 1025 755 1577
f 2012 215 334
f 216 841 1237
f 853 756 1667
f 1613 217 51
f 1493 1342 2073
f 760 218 528
f 1360 1813 765
f 968 764 1832
f 1894 537 768
f 1925 1246 1260
f 1557 691 1989
f 596 1878 1862
f 598 1868 1864
f 1286 1875 742
f 1012 2081 776
f 1056 552 775
f 1872 779 891
f 396 813 224
f 232 1871 224
f 225 374 784
f 1696 556 788
f 1036 1578 226
f 2036 2372 2349
f 839 795 1553
f 837 2237 2330
f 965 228 1778
f 348 1770 229
f 2010 230 340
f 1646 780 918
f 816 233 194
f 815 233 535
f 1719 717 821
f 1720 719 820
f 824 1317 241
f 1461 737 825
f 1881 359 836
f 1888 360 835
f 839 236 503
f 838 236 481
f 1839 401 842
f 841 267 754
f 847 238 379
f 2023 380 846
f 850 1213 636
f 813 232 224
f 853 239 507
f 852 239 508
f 783 1417 858
f 1370 1940 857
f 1051 862 1096
f 1409 381 861
f 1912 370 867
f 1915 1320 866
f 736 1317 235
f 241 371 1318
f 877 243 1742
f 994 881 1615
f 985 880 1755
f 1089 245 2401
f 1033 582 882
f 1945 1405 978
f 1397 893 1077
f 896 248 319
f 989 897 1005
f 1858 321 900
f 726 250 702
f 729 250 704
f 1835 759 905
f 1810 660 907
f 184 480 252
f 1649 813 920
f 1650 811 926
f 1346 692 930
f 931 257 493
f 932 258 515
f 884 259 1900
f 1857 1981 941
f 1314 628 940
f 1323 1258 942
f 948 747 516
f 1285 609 947
f 1295 517 951
f 1281 610 949
f 1807 676 954
f 1801 1985 564
f 1808 1979 1984
f 966 266 644
f 282 1778 266
f 754 267 642
f 962 267 216
f 963 268 645
f 964 268 643
f 968 269 684
f 1741 270 571
f 971 270 572
f 1161 271 1779
f 889 2155 168
f 1340 888 979
f 600 273 1750
f 984 273 601
f 988 895 1010
f 2071 987 1934
f 990 275 354
f 1068 989 1926
f 2048 1421 1615
f 994 1421 695
f 1756 1303 998
f 1614 877 2125
f 2056 277 339
f 986 896 1009
f 1301 491 1015
f 1300 1643 1014
f 1414 587 1018
f 761 281 1922
f 1998 635 1023
f 965 282 1943
f 1025 282 863
f 1674 388 1030
f 1679 389 1032
f 1031 284 342
f 1035 1682 505
f 1939 1369 1034
f 1809 1358 1038
f 1867 1277 1040
f 1877 361 1280
f 2129 286 569
f 1739 1017 1044
f 495 1093 1157
f 2050 333 1051
f 1052 289 494
f 1064 292 668
f 1105 828 1066
f 1067 293 669
f 1069 294 671
f 1068 294 670
f 707 2209 1073
f 1075 295 553
f 1074 1048 1463
f 1083 1082 665
f 2401 1427 709
f 2186 298 640
f 1232 1091 1138
f 1049 860 1095
f 1053 861 1094
f 1100 301 522
f 1099 301 521
f 1102 302 191
f 1101 302 523
f 1389 1108 1176
f 1391 1111 1183
f 844 703 1110
f 1843 176 673
f 1470 2257 418
f 1117 306 1114
f 1120 307 650
f 1119 307 648
f 308 562 1122
f 1123 1804 565
f 1897 1124 309
f 1150 1125 1794
f 1802 563 310
f 1135 312 591
f 1140 314 633
f 1139 314 377
f 1146 315 631
f 1147 316 634
f 1148 316 632
f 1150 317 618
f 1151 1897 619
f 1152 319 993
f 1656 1156 495
f 1046 1160 320
f 1766 513 1159
f 1779 2216 1161
f 1831 1170 2083
f 1175 323 1071
f 1380 1112 1180
f 1382 1107 1179
f 1947 908 1178
f 1383 1110 1181
f 793 327 1036
f 1827 582 1186
f 911 2037 328
f 1892 180 329
f 1135 1882 312
f 1230 2201 655
f 1605 1202 1349
f 728 332 1937
f 2029 1073 1206
f 1631 1136 1630
f 1662 1628 1207
f 1234 333 2016
f 1236 334 215
f 1211 336 477
f 1210 695 198
f 1266 1215 1902
f 1901 356 1218
f 801 339 1133
f 2056 2127 2190
f 803 340 1130
f 1004 230 1212
f 807 341 231
f 1976 592 1221
f 1987 594 1227
f 1986 595 1226
f 1027 342 1992
f 343 2021 1141
f 1233 343 500
f 1235 344 787
f 2016 386 1234
f 1289 1240 1503
f 1335 2045 345
f 1242 346 527
f 1333 1241 1393
f 347 1244 1245
f 1250 2137 2331
f 1780 799 1356
f 1783 1252 1357
f 1256 1894 768
f 1258 351 251
f 1263 1995 814
f 1962 478 1618
f 725 1619 353
f 1266 1905 714
f 1218 356 647
f 356 1267 1820
f 1272 357 657
f 1834 2046 2058
f 1579 174 1612
f 1278 358 772
f 1277 358 773
f 833 359 946
f 1282 1298 948
f 1283 1888 950
f 1280 1883 951
f 1243 362 2087
f 1289 1243 1550
f 947 1748 364
f 1730 142 1296
f 1293 1699 949
f 1292 365 945
f 1013 366 1642
f 1302 366 1011
f 1304 1756 741
f 1303 367 739
f 738 1652 1757
f 1308 1749 742
f 1307 368 1016
f 1965 2227 2217
f 1313 305 673
f 1316 370 939
f 1315 1917 1856
f 864 371 936
f 1318 371 941
f 1320 372 942
f 1319 372 938
f 1321 373 937
f 1322 373 943
f 855 1415 374
f 1325 374 857
f 612 1906 2045
f 1333 375 613
f 1334 375 614
f 1344 376 629
f 1343 376 530
f 1347 377 506
f 378 331 1202
f 847 379 1108
f 845 379 1988
f 2023 1109 1351
f 1350 380 784
f 1354 381 1111
f 1353 1409 785
f 1356 382 2138
f 1359 383 766
f 1358 1811 764
f 1966 751 1954
f 1365 599 1865
f 1237 2016 840
f 1369 387 858
f 1368 1939 856
f 1373 1673 733
f 706 389 1898
f 1375 390 2102
f 1335 1240 1384
f 1389 392 574
f 1388 392 573
f 1330 1238 1387
f 1386 393 575
f 1390 394 576
f 1398 395 606
f 1400 396 224
f 1396 397 602
f 1022 763 1403
f 1402 1081 603
f 1406 399 1001
f 1405 399 999
f 1411 400 859
f 1410 400 862
f 1417 1842 1019
f 1416 1417 783
f 1419 401 1020
f 1418 1327 1355
f 117 922 812
f 2143 975 1447
f 2349 67 2192
f 2135 40 2094
f 2208 1462 417
f 2257 1935 830
f 1473 385 1365
f 2163 2258 1827
f 1499 428 1233
f 1491 432 550
f 33 2365 2034
f 436 832 2051
f 1944 2404 442
f 1958 2081 1012
f 1504 1156 2122
f 2227 1965 1379
f 22 1534 2190
f 497 2142 1607
f 1895 1560 1736
f 458 1561 2095
f 1042 1161 1565
f 461 1555 2107
f 1569 463 349
f 2237 837 227
f 1838 2 1596
f 2369 2194 2183
f 1472 2367 420
f 2211 475 1002
f 2165 1083 1616
f 249 477 2010
f 352 478 85
f 1960 479 1617
f 1190 480 2006
f 911 328 480
f 2213 2030 2037
f 837 481 1553
f 1149 957 1627
f 1208 1207 151
f 1143 956 486
f 1629 487 712
f 1640 488 568
f 1646 489 578
f 1645 489 579
f 1643 1644 924
f 1648 490 711
f 1647 490 580
f 1653 491 1301
f 710 1311 202
f 931 493 705
f 1052 494 1095
f 1053 494 240
f 1093 495 1657
f 1659 496 1094
f 1497 1658 527
f 1663 449 1546
f 2162 55 1554
f 159 59 1665
f 1233 500 1146
f 1671 560 1793
f 854 97 1787
f 1372 502 1026
f 1675 1374 1225
f 1676 503 1544
f 1678 504 1029
f 1677 504 1031
f 1682 1035 1680
f 883 505 1033
f 1684 1683 1493
f 2175 1272 1683
f 1347 506 1671
f 853 507 1201
f 509 2143 2097
f 1464 509 977
f 1691 870 524
f 804 870 97
f 1689 511 526
f 1688 1786 1668
f 1687 1790 512
f 1690 512 1666
f 1695 1768 555
f 1694 1766 789
f 934 514 790
f 2216 6 1161
f 932 515 788
f 1162 515 1572
f 1701 516 747
f 746 1213 517
f 1700 1920 1923
f 849 1706 519
f 850 1217 519
f 1099 521 1064
f 1098 521 1062
f 1100 522 1060
f 1101 523 1067
f 1105 523 2015
f 1569 349 700
f 2138 382 499
f 1665 1251 159
f 870 2063 524
f 1242 496 1659
f 106 528 637
f 1711 528 218
f 1341 529 979
f 1345 529 2040
f 1715 530 981
f 1716 530 661
f 2079 1345 978
f 1713 531 659
f 1718 313 1467
f 1721 1722 536
f 1725 533 1291
f 1745 818 1731
f 2231 2243 2191
f 1728 534 1593
f 535 1733 1991
f 1732 535 546
f 1720 536 718
f 1721 536 821
f 1896 2167 819
f 1740 540 590
f 1738 540 589
f 542 541 2005
f 970 915 1742
f 886 1724 543
f 1900 544 884
f 1744 363 533
f 1136 1631 313
f 1722 545 91
f 2110 545 1137
f 1758 547 998
f 997 1299 547
f 1760 1306 996
f 982 879 1752
f 1759 1312 1757
f 1782 550 974
f 976 1955 551
f 1764 552 1249
f 1075 553 1440
f 1076 553 1608
f 1775 1697 1158
f 1777 555 1162
f 1771 1696 1163
f 1784 558 699
f 620 560 1690
f 1788 561 698
f 1800 562 952
f 1803 564 958
f 1805 565 1148
f 1814 1361 2055
f 1813 567 907
f 1812 567 1037
f 1638 568 1006
f 1640 568 1009
f 1578 690 2183
f 1548 570 791
f 1488 1818 1665
f 1741 571 542
f 970 571 1743
f 1830 572 584
f 171 572 270
f 1382 573 1176
f 1392 574 1185
f 1383 576 1183
f 1000 2125 577
f 1614 2123 878
f 1650 578 923
f 1646 578 925
f 1643 924 921
f 1647 580 926
f 1651 580 917
f 1439 1826 1188
f 1828 581 1034
f 1823 582 1033
f 685 1831 2212
f 1612 174 1273
f 1836 585 630
f 1833 586 721
f 174 586 905
f 1840 1420 841
f 1739 588 1824
f 2129 588 286
f 1738 589 1828
f 1740 590 1045
f 1737 590 1047
f 126 1844 1247
f 2075 716 1845
f 1132 591 1428
f 1974 1976 678
f 1850 592 1847
f 1849 593 935
f 1851 1973 912
f 1854 594 1846
f 1853 1986 680
f 1855 1970 940
f 1862 1878 221
f 77 596 899
f 1859 597 901
f 1864 1868 222
f 1863 1168 901
f 1865 599 832
f 600 1248 2112
f 985 2096 880
f 1249 1501 1759
f 983 601 1755
f 984 601 1760
f 1396 602 1079
f 1876 603 1081
f 1869 1877 1280
f 1875 604 1078
f 1870 1286 1041
f 1873 221 1039
f 1874 605 1040
f 1398 606 615
f 1872 606 1080
f 1886 607 688
f 1887 607 689
f 1885 608 686
f 1884 608 835
f 1890 609 687
f 833 1193 609
f 1889 610 836
f 1891 1281 834
f 1907 1906 612
f 1333 613 1384
f 1336 613 1381
f 1398 615 893
f 1893 1736 1896
f 767 616 220
f 1154 618 317
f 2227 621 2090
f 1541 621 1379
f 1900 623 1214
f 1904 203 1219
f 1328 2234 625
f 1909 626 869
f 116 1257 866
f 252 912 865
f 868 351 1323
f 1913 1314 864
f 1916 628 867
f 2105 1342 2067
f 1148 632 1625
f 1140 633 1627
f 1147 634 1633
f 1919 636 1213
f 106 637 1398
f 1024 637 909
f 1922 1709 1218
f 1921 639 1402
f 964 643 1767
f 967 643 1769
f 959 644 1778
f 1268 646 1245
f 1218 647 1262
f 1928 648 1171
f 1120 650 1172
f 1057 992 1932
f 1247 1935 1117
f 1940 1205 92
f 1936 1367 1035
f 728 856 653
f 1272 657 887
f 908 658 132
f 1948 658 1816
f 1717 659 253
f 907 660 1085
f 1716 661 1179
f 1950 1366 815
f 1866 662 1364
f 1954 751 769
f 1273 663 707
f 2061 2174 2084
f 1958 1012 749
f 1262 647 666
f 1961 667 1264
f 1960 667 139
f 1064 668 1932
f 1067 669 1933
f 1063 671 1926
f 1117 1114 1255
f 1964 672 1256
f 1254 1313 673
f 2126 674 816
f 818 1745 1968
f 1661 777 2064
f 1173 1087 1422
f 322 1616 81
f 954 1796 1805
f 952 676 1800
f 1975 935 1224
f 1849 677 1854
f 1974 264 1804
f 956 678 1222
f 107 679 1122
f 1982 679 1220
f 1978 1808 1128
f 1979 1848 1227
f 1981 1795 1124
f 1854 681 1223
f 1977 681 1226
f 1983 1801 1129
f 1985 1798 1125
f 1536 2195 2221
f 968 684 1412
f 1885 686 329
f 1890 687 1197
f 1886 688 1195
f 1882 689 1200
f 1548 2197 570
f 1557 196 691
f 691 78 1989
f 1346 185 692
f 1341 144 692
f 2027 704 197
f 1343 86 693
f 727 88 694
f 1339 197 694
f 1421 198 695
f 1211 994 695
f 1210 198 1371
f 2106 995 697
f 198 697 995
f 1685 1786 698
f 1689 1788 698
f 1687 1686 558
f 558 1668 1687
f 1686 1787 699
f 1691 1784 699
f 1253 60 700
f 349 113 700
f 845 199 701
f 693 86 701
f 1350 1106 846
f 1996 702 250
f 844 146 703
f 250 207 704
f 694 197 704
f 732 80 705
f 2178 1338 1655
f 369 1379 1965
f 1898 1508 706
f 1657 2128 2049
f 444 1524 2041
f 1175 1273 707
f 2028 2368 2046
f 709 99 1089
f 1427 1957 709
f 1302 1644 1300
f 1308 105 711
f 1309 1654 711
f 1305 1653 1301
f 1662 1630 712
f 1663 1629 712
f 1899 1216 355
f 1902 1270 355
f 1904 1267 713
f 1901 1269 713
f 1903 1266 714
f 1265 2136 2223
f 2223 203 1265
f 2132 715 482
f 715 2075 482
f 2220 482 1621
f 1219 1822 140
f 1191 165 919
f 2203 1014 94
f 1718 163 717
f 1719 164 717
f 1027 719 718
f 1722 2014 718
f 1032 102 809
f 1030 121 720
f 1028 137 720
f 2058 721 1579
f 396 1734 722
f 722 674 781
f 2013 1712 762
f 1733 205 723
f 1711 206 724
f 1997 724 814
f 761 1262 725
f 353 206 725
f 726 2035 207
f 1206 88 727
f 727 207 1942
f 1070 1938 728
f 502 730 2074
f 2000 730 838
f 1120 131 731
f 1118 189 731
f 1338 208 732
f 732 1930 80
f 2008 650 208
f 2003 2146 2150
f 1906 1328 625
f 2207 56 1462
f 1136 2168 1723
f 335 696 2054
f 2009 752 147
f 1727 1744 1725
f 1726 543 1724
f 1730 1728 1731
f 1728 1745 1731
f 2092 2348 2267
f 1676 1372 388
f 1674 1676 388
f 733 209 1029
f 1677 1373 733
f 734 2102 390
f 734 209 1378
f 1679 1377 735
f 1317 824 235
f 1441 115 736
f 1441 114 737
f 2001 737 1461
f 1862 177 1165
f 1858 1166 1165
f 1753 1305 738
f 738 276 1299
f 1754 1167 739
f 739 109 1303
f 1751 321 740
f 740 211 1306
f 741 276 1312
f 1752 1304 741
f 1749 212 742
f 1758 1168 743
f 1864 1310 743
f 744 1874 1169
f 744 177 1861
f 1746 2199 2091
f 544 166 246
f 1293 516 365
f 544 95 363
f 1292 1702 746
f 1295 1699 746
f 1296 1701 747
f 1298 1698 948
f 1015 1958 749
f 1012 1959 749
f 384 214 751
f 751 1966 384
f 9 2009 1492
f 1952 147 752
f 1235 1574 753
f 841 216 267
f 2024 334 1075
f 1025 110 755
f 1236 215 755
f 2172 854 1990
f 2100 804 97
f 756 1481 424
f 851 155 757
f 852 154 757
f 1683 1342 1493
f 758 2073 1835
f 1837 174 759
f 2113 2105 185
f 1021 218 760
f 1024 2013 762
f 1712 149 762
f 1023 150 763
f 1022 187 763
f 1811 219 764
f 764 82 1358
f 1813 84 765
f 765 219 1360
f 566 1359 766
f 766 285 1361
f 1115 1254 1116
f 767 2161 1895
f 820 102 768
f 1114 1894 1256
f 1781 1954 769
f 201 1427 708
f 1261 1619 770
f 1244 1925 666
f 1962 1618 667
f 484 2019 2007
f 2372 1594 2349
f 78 691 1332
f 2055 285 793
f 771 1337 196
f 1993 484 2007
f 1876 1278 772
f 1867 1274 772
f 1861 221 1275
f 1275 744 1861
f 1875 1308 742
f 1878 596 1284
f 773 111 1277
f 1868 598 773
f 1877 1287 361
f 1958 120 774
f 1012 1762 1959
f 1661 1172 777
f 1879 223 778
f 1872 112 779
f 1871 232 780
f 2089 781 674
f 1845 2298 830
f 2178 2008 1338
f 1326 1416 783
f 1408 225 784
f 1325 1350 784
f 1410 1418 1355
f 1409 1352 785
f 1411 1353 785
f 786 1198 1944
f 843 110 787
f 344 2043 787
f 1776 1696 788
f 1773 932 788
f 1775 1695 555
f 1768 1693 555
f 1766 320 789
f 1774 1694 789
f 1779 1697 790
f 1777 157 790
f 1038 82 791
f 2032 1038 791
f 1036 226 792
f 2055 1361 285
f 1364 385 794
f 2009 794 1492
f 2188 251 2210
f 839 76 795
f 795 2006 227
f 962 118 796
f 967 188 796
f 228 1253 797
f 700 113 797
f 959 228 797
f 1783 229 798
f 964 113 798
f 960 348 799
f 961 188 800
f 963 169 800
f 1212 230 802
f 802 1371 135
f 2010 803 249
f 804 2063 870
f 1688 156 2002
f 341 807 1852
f 2014 1722 91
f 720 121 808
f 1999 808 342
f 342 284 1992
f 1992 809 719
f 720 137 810
f 1650 173 811
f 1644 152 811
f 1645 117 812
f 1649 232 813
f 1646 112 780
f 1651 223 779
f 1648 892 778
f 944 2061 2084
f 1995 831 108
f 1735 139 814
f 1732 1950 815
f 1734 233 816
f 2200 921 1192
f 1607 1967 242
f 2120 1088 2236
f 2167 532 819
f 717 164 819
f 537 234 820
f 719 102 820
f 717 163 821
f 536 234 821
f 536 1722 718
f 1104 158 822
f 1102 1103 822
f 627 210 2134
f 1098 235 824
f 824 1318 1065
f 737 114 825
f 1100 114 826
f 736 235 826
f 483 825 827
f 1099 124 828
f 1105 158 828
f 829 1322 1441
f 1471 2298 58
f 546 1991 831
f 2013 108 831
f 1513 1865 832
f 833 1285 1298
f 1281 1883 834
f 834 141 1891
f 1276 1888 835
f 1284 1884 835
f 1282 1889 836
f 950 1881 836
f 2066 664 191
f 1544 236 838
f 2011 2000 838
f 1675 76 839
f 2016 344 840
f 753 216 840
f 1420 237 841
f 754 1840 841
f 1418 96 842
f 386 1839 842
f 1416 1841 1414
f 755 110 843
f 1209 134 843
f 1353 146 844
f 1107 303 845
f 1109 238 847
f 848 337 1708
f 1919 518 848
f 849 338 1709
f 849 187 1706
f 1921 1700 639
f 636 1705 850
f 781 920 813
f 1203 155 851
f 1672 501 851
f 1669 154 852
f 2098 339 335
f 1419 1326 855
f 1939 1367 856
f 1937 1368 856
f 857 1941 1370
f 1940 1325 857
f 858 98 1369
f 1941 783 858
f 1351 1411 859
f 1355 1408 859
f 1050 123 860
f 1049 1660 860
f 1053 240 861
f 1354 1094 861
f 1051 96 862
f 1352 1096 862
f 282 266 863
f 1574 110 863
f 1314 1911 864
f 864 1909 1913
f 1316 252 865
f 866 1320 116
f 1315 1916 867
f 938 1912 867
f 1318 824 241
f 736 115 626
f 1317 736 626
f 829 2001 1914
f 1322 829 1914
f 1323 1908 868
f 1321 183 868
f 1319 1909 869
f 1324 1910 869
f 870 1691 510
f 2017 871 524
f 806 156 871
f 806 160 2002
f 526 2002 872
f 2334 2285 2142
f 1918 242 874
f 875 2078 1924
f 1951 662 876
f 1614 243 877
f 1742 83 877
f 984 167 879
f 982 178 879
f 2149 244 880
f 2085 880 2096
f 994 93 881
f 983 244 881
f 1826 1682 1680
f 1090 245 2033
f 882 2033 245
f 1089 1681 883
f 883 245 1089
f 884 544 246
f 886 166 1727
f 886 2091 885
f 1406 2266 399
f 656 577 1271
f 978 2040 1945
f 1407 980 887
f 1344 144 888
f 1340 162 888
f 1490 8 889
f 975 2155 889
f 750 2158 2215
f 1399 149 890
f 780 112 890
f 779 223 891
f 615 606 891
f 1395 247 892
f 892 1648 105
f 1397 106 893
f 615 247 893
f 1403 150 894
f 1401 179 894
f 1151 129 895
f 988 274 895
f 617 101 896
f 986 248 896
f 993 248 897
f 989 119 897
f 813 722 781
f 1167 211 898
f 1165 1860 898
f 802 230 336
f 477 336 2010
f 1166 249 899
f 803 77 899
f 321 93 900
f 900 249 1858
f 1168 109 901
f 1169 1863 901
f 802 135 1212
f 727 694 704
f 704 2027 729
f 726 92 1205
f 701 199 2027
f 934 157 902
f 902 2086 7
f 674 722 816
f 1172 2052 777
f 905 586 903
f 630 585 904
f 904 2113 185
f 759 174 905
f 906 325 1179
f 1946 1810 907
f 1949 1816 908
f 1948 566 1815
f 1997 108 909
f 637 528 909
f 2018 2248 910
f 328 913 2006
f 480 184 911
f 1189 1257 116
f 795 76 1190
f 1258 116 1320
f 480 328 2006
f 1715 162 914
f 297 190 914
f 970 253 915
f 1714 83 915
f 971 84 916
f 1717 253 916
f 171 2111 1819
f 580 490 917
f 778 223 917
f 579 489 918
f 780 232 918
f 579 254 919
f 920 781 2070
f 539 254 920
f 924 173 921
f 919 165 538
f 812 173 923
f 578 489 923
f 811 173 924
f 578 255 925
f 779 112 925
f 811 152 926
f 580 255 926
f 693 197 927
f 629 376 927
f 692 185 928
f 694 88 929
f 630 256 929
f 629 256 930
f 692 144 930
f 1641 257 1007
f 1638 257 931
f 153 2042 1641
f 1464 258 932
f 1446 7 2086
f 1559 456 934
f 2373 2169 2199
f 2003 259 2146
f 1976 1852 678
f 371 241 936
f 1909 864 936
f 1973 260 865
f 912 1973 865
f 1975 1850 1847
f 1914 210 937
f 1259 1321 937
f 1986 1848 680
f 1978 1853 680
f 1913 1319 938
f 1257 184 939
f 1912 866 939
f 1916 1855 940
f 1981 103 941
f 1911 1857 941
f 1910 262 942
f 1258 1320 942
f 1324 115 943
f 943 262 1324
f 2084 2283 2242
f 1701 1291 533
f 1707 1701 533
f 365 213 945
f 945 1702 1292
f 1885 180 946
f 1881 1276 946
f 1698 1285 947
f 1890 1297 947
f 1699 263 949
f 1889 1293 949
f 1888 1881 950
f 1891 1283 950
f 1700 1921 951
f 1883 1295 951
f 952 308 1796
f 1971 1624 953
f 1142 1807 954
f 1144 186 955
f 1147 151 955
f 565 1635 1148
f 1982 1804 1797
f 1145 128 957
f 1149 186 957
f 958 309 1795
f 1980 1803 1795
f 1802 1798 682
f 1983 1802 682
f 1979 1799 1984
f 1985 1806 564
f 1767 554 959
f 1773 556 960
f 1770 348 960
f 1774 557 961
f 1765 188 961
f 1765 267 962
f 753 118 962
f 557 87 754
f 1771 169 963
f 1770 268 964
f 1772 118 966
f 863 266 966
f 1772 554 967
f 1830 584 969
f 1832 219 969
f 1743 270 971
f 1830 84 971
f 1045 287 1159
f 1158 271 972
f 1044 122 972
f 1042 271 1161
f 1995 1263 973
f 889 168 974
f 550 432 974
f 509 1500 2143
f 8 1447 975
f 976 1464 79
f 933 258 977
f 2097 977 509
f 531 2079 1086
f 978 1405 1714
f 888 144 979
f 979 1345 272
f 980 1407 2040
f 530 376 981
f 888 162 981
f 1751 548 983
f 1005 248 986
f 318 274 987
f 1065 103 2071
f 1058 274 988
f 1068 119 989
f 1008 80 990
f 1063 275 990
f 669 192 991
f 1069 189 991
f 1066 124 992
f 1057 192 992
f 319 248 993
f 994 1211 93
f 1615 244 2149
f 995 1371 198
f 1304 167 996
f 1306 1754 996
f 1307 1753 997
f 1310 1749 997
f 1299 276 998
f 1303 1758 998
f 2266 1271 577
f 999 83 1405
f 2133 1448 73
f 1945 1407 1001
f 2069 1406 1001
f 1002 804 2100
f 2100 854 2172
f 1133 277 1003
f 1134 127 1003
f 2056 2116 1132
f 1131 311 1004
f 897 248 1005
f 354 275 1005
f 1007 257 1006
f 568 488 1006
f 1007 1639 1636
f 354 278 1008
f 931 80 1008
f 896 101 1009
f 568 278 1009
f 895 129 1010
f 897 119 1010
f 1011 152 1302
f 1762 1012 776
f 774 120 1013
f 1643 94 1014
f 750 1300 1014
f 1652 279 775
f 775 1764 1652
f 1311 120 1015
f 749 1301 1015
f 1654 1311 1016
f 1739 175 1017
f 1740 122 1017
f 1737 280 1046
f 1840 87 1018
f 1738 98 1019
f 1842 1047 1019
f 1839 1420 1020
f 1394 218 1021
f 1397 397 1021
f 1022 1706 187
f 1404 1998 1023
f 1396 150 1023
f 1922 1262 761
f 1399 395 1024
f 962 216 753
f 863 110 1025
f 2297 75 2221
f 1026 209 1673
f 807 231 2014
f 1028 1850 137
f 1376 1678 1029
f 1374 283 1225
f 1373 121 1030
f 810 1674 1030
f 1377 284 1031
f 808 1677 1031
f 1964 102 1032
f 1682 1823 1033
f 1369 1828 1034
f 1681 1936 1035
f 792 226 2036
f 792 2019 1036
f 1578 1036 2032
f 1359 1812 1037
f 1360 1811 1037
f 1989 78 2055
f 1358 82 1038
f 327 1809 1038
f 1275 221 1873
f 1039 141 1873
f 1277 111 1040
f 1287 1867 1040
f 1274 1877 1869
f 1286 222 1041
f 1278 1870 1041
f 1591 271 1042
f 589 540 1043
f 1017 175 1043
f 1591 286 1044
f 1017 122 1044
f 588 2157 1187
f 1580 122 1045
f 590 287 1045
f 320 1737 1046
f 1018 87 1046
f 1047 1842 280
f 590 540 1047
f 1074 295 1048
f 1236 134 1048
f 1658 1660 1049
f 1076 288 2049
f 1074 123 1050
f 1234 96 1051
f 1209 289 1052
f 1054 1606 1961
f 2053 1623 1054
f 2051 832 290
f 876 85 1055
f 1056 2164 552
f 1931 192 1057
f 1927 651 1058
f 1934 274 1058
f 828 158 1059
f 522 301 1059
f 822 158 2015
f 522 291 1060
f 825 114 1060
f 822 1103 1061
f 520 291 1061
f 521 301 1062
f 826 235 1062
f 1930 648 1063
f 1929 192 669
f 521 292 1064
f 1065 1318 103
f 828 124 1066
f 1929 293 1066
f 523 293 1067
f 1927 119 1068
f 1928 189 1069
f 1931 294 1069
f 1936 99 1070
f 1071 2028 1834
f 1368 1937 652
f 2035 1205 1072
f 1938 1956 1073
f 2209 88 1206
f 2050 289 2043
f 1608 295 1074
f 334 295 1075
f 602 397 1077
f 893 247 1077
f 604 296 1078
f 892 105 1078
f 894 150 1079
f 602 296 1079
f 606 395 1080
f 890 112 1080
f 1081 1402 398
f 894 1876 1081
f 1761 191 664
f 1083 2165 1082
f 1101 81 1083
f 661 1715 1084
f 914 190 1084
f 660 1717 1085
f 916 84 1085
f 659 297 1713
f 659 531 1086
f 915 253 1086
f 1087 675 2303
f 675 1087 1173
f 2236 1088 1087
f 1616 1422 1088
f 2028 1071 201
f 407 2186 1438
f 298 708 1427
f 640 2214 3
f 99 709 1174
f 1582 2214 640
f 1090 1509 2214
f 641 299 1141
f 1232 128 1091
f 1231 299 1091
f 377 314 1092
f 1232 145 1092
f 1093 1657 288
f 860 1660 1093
f 496 300 1094
f 1094 1354 1659
f 860 123 1095
f 1095 1053 300
f 494 289 1096
f 1096 1352 240
f 1060 291 1097
f 827 825 1097
f 1065 292 1098
f 1059 301 1099
f 1062 301 1100
f 665 302 1101
f 1761 1103 1102
f 2015 523 302
f 827 2185 483
f 1059 158 1104
f 1061 291 1104
f 1996 1988 1106
f 379 238 1988
f 1382 303 1107
f 701 86 1107
f 1389 125 1108
f 379 303 1108
f 238 2023 846
f 1109 146 1351
f 1383 304 1110
f 125 1181 1110
f 381 304 1111
f 1388 132 1112
f 1380 172 1112
f 1392 172 1113
f 1387 148 1113
f 672 193 1115
f 1255 350 1115
f 1527 2034 2065
f 1116 673 176
f 2161 767 306
f 1935 306 1117
f 2052 1172 650
f 1118 1969 322
f 649 189 1118
f 1930 732 1119
f 1807 1971 1121
f 1799 107 1122
f 1797 308 1122
f 1796 308 1123
f 1805 1796 1123
f 1153 958 1806
f 1124 2071 103
f 1795 309 1124
f 1793 1794 310
f 953 89 563
f 1798 1794 1125
f 317 170 1126
f 1155 182 1126
f 1154 182 1127
f 1152 129 1127
f 1808 265 1128
f 1803 1978 1128
f 1804 264 565
f 1800 1983 1129
f 1129 265 1984
f 340 311 1130
f 1884 77 1130
f 1459 127 1131
f 1880 311 1131
f 1892 195 180
f 339 277 1133
f 1428 312 1134
f 1886 127 1134
f 2395 451 1533
f 1198 786 1135
f 1887 133 1194
f 1494 313 1718
f 2168 1136 1494
f 1467 1664 1137
f 545 1721 1137
f 1091 299 1138
f 1624 314 1139
f 1347 953 1139
f 1092 314 1140
f 500 343 1141
f 299 641 378
f 1625 485 1142
f 1635 264 1143
f 1628 487 1144
f 1634 186 1144
f 1091 128 1145
f 1629 104 1146
f 500 315 1146
f 1626 316 1147
f 1635 316 1148
f 1626 186 1149
f 1791 1125 1150
f 620 170 317
f 1792 129 1151
f 895 318 1151
f 1897 318 987
f 1785 319 1152
f 993 129 1152
f 896 319 617
f 1791 559 1153
f 1792 559 1154
f 1789 561 1155
f 1785 182 1155
f 1793 560 620
f 1794 1793 620
f 1658 496 527
f 1288 1497 527
f 1156 1656 2122
f 1695 130 1159
f 1046 87 1160
f 1693 1776 1162
f 1696 1693 1163
f 1163 169 1771
f 1639 872 1637
f 2262 2109 183
f 898 1858 1165
f 321 1751 93
f 899 596 1166
f 1166 1858 249
f 1860 1859 1167
f 1167 1754 211
f 1168 1863 598
f 1168 1758 109
f 1169 1874 111
f 901 597 1169
f 1170 1819 2083
f 1170 572 171
f 648 307 1171
f 731 189 1171
f 777 2152 2064
f 1172 1661 131
f 1173 1969 131
f 731 131 1969
f 1933 1118 322
f 201 1071 1957
f 1073 1956 707
f 1174 1957 323
f 1070 99 1174
f 1071 1834 1175
f 707 323 1175
f 573 392 1176
f 1108 303 1176
f 575 393 1177
f 1113 172 1177
f 1812 1948 1816
f 1946 1816 1949
f 573 325 1178
f 908 132 1178
f 1107 86 1179
f 575 324 1386
f 1112 132 1180
f 1815 1380 1180
f 574 326 1181
f 1113 148 1182
f 576 326 1182
f 576 394 1183
f 1111 304 1183
f 1810 1949 1184
f 1184 1084 190
f 1112 172 1185
f 574 392 1185
f 2019 793 1036
f 1038 2032 327
f 2019 792 2007
f 1187 1824 588
f 1823 1439 1186
f 1043 175 1188
f 1188 581 589
f 2037 911 1189
f 1190 912 252
f 165 2118 538
f 921 173 1192
f 180 195 1193
f 687 609 1193
f 688 607 1194
f 1131 127 1195
f 688 329 1195
f 1194 133 1196
f 874 1890 1197
f 689 330 1887
f 1522 2117 21
f 1135 786 1882
f 1130 311 1199
f 686 608 1199
f 689 607 1200
f 1134 312 1200
f 507 331 1201
f 1605 145 1202
f 1434 331 378
f 506 377 1203
f 1605 155 1203
f 1204 1750 178
f 1205 1940 652
f 2035 1942 207
f 1206 1942 2029
f 88 2209 1836
f 1072 1937 332
f 728 1938 332
f 728 653 1070
f 1207 1208 1664
f 1630 1723 2162
f 1633 2110 1208
f 2012 334 2024
f 1048 334 1236
f 2043 1209 787
f 1051 333 1234
f 900 93 1211
f 695 336 1211
f 340 230 1004
f 1702 1919 1213
f 1703 1920 850
f 1270 337 1214
f 1214 95 1900
f 1708 1902 1215
f 1216 2150 622
f 1265 1905 1216
f 1269 338 1217
f 1705 1903 1217
f 1709 1901 1218
f 1923 1703 1706
f 1706 1022 1923
f 1219 203 2223
f 1219 140 1904
f 2098 2056 339
f 1133 136 801
f 1130 77 803
f 1212 136 1004
f 679 261 1220
f 1974 1982 1220
f 1028 341 1221
f 1850 1028 1221
f 807 91 1222
f 1852 807 1222
f 1849 1854 1223
f 1223 260 1973
f 1028 720 1999
f 810 137 1224
f 1225 283 1224
f 1675 1851 76
f 1846 1987 1226
f 1855 1977 1226
f 679 107 1972
f 1848 1987 1227
f 809 1679 1032
f 1031 342 808
f 1027 718 2014
f 1854 677 1228
f 261 1228 1847
f 1030 720 810
f 1853 1978 1229
f 1857 1970 1229
f 1196 133 1435
f 1145 315 1231
f 1141 299 1231
f 1140 128 1232
f 428 1485 343
f 842 96 1234
f 787 110 1235
f 840 344 1235
f 1330 181 1238
f 1334 148 1238
f 1331 143 1239
f 1336 181 1239
f 1290 345 2244
f 1289 138 1240
f 1335 345 1240
f 1288 346 1241
f 1333 138 1241
f 1329 346 1242
f 1289 362 1243
f 1244 347 1925
f 666 647 1244
f 1246 2346 1620
f 1204 1248 600
f 499 382 1251
f 1783 159 1251
f 1780 79 799
f 113 349 1252
f 1460 1253 2184
f 1253 228 2184
f 673 1116 1254
f 1254 1115 193
f 1116 126 1255
f 1114 350 1255
f 672 350 1256
f 768 1964 1256
f 767 220 306
f 911 184 1257
f 1259 2309 2031
f 770 1925 1260
f 206 353 1735
f 1960 139 1261
f 1619 725 1262
f 546 352 1732
f 814 139 1263
f 1618 973 1263
f 1054 1961 1264
f 1617 1963 1264
f 1009 278 986
f 1010 119 988
f 1010 129 993
f 990 354 1008
f 986 354 1005
f 1005 275 989
f 1216 622 1265
f 1216 1899 2003
f 1266 1903 1215
f 1267 356 713
f 1267 1904 140
f 646 2312 2047
f 1903 624 1269
f 1269 1901 338
f 1270 1902 337
f 1214 623 1270
f 203 714 1905
f 2175 357 1272
f 1834 1579 1612
f 1837 663 1273
f 1274 1869 603
f 1274 1867 1877
f 1275 1873 605
f 835 608 1276
f 1277 772 358
f 111 773 1863
f 1278 1876 179
f 1041 358 1278
f 834 361 1279
f 1279 1873 141
f 951 1921 1280
f 1281 1891 610
f 949 263 1281
f 836 359 1282
f 946 1193 833
f 833 1298 359
f 1283 1891 141
f 1039 360 1283
f 835 360 1284
f 836 610 950
f 833 609 1285
f 1286 1870 604
f 1286 742 222
f 1040 605 1287
f 527 346 1288
f 2087 362 611
f 1503 345 1290
f 1583 465 1290
f 945 213 518
f 745 1704 518
f 745 363 95
f 1900 95 544
f 1291 142 1725
f 1292 1293 365
f 1293 1889 948
f 1294 1707 213
f 1294 365 516
f 1295 1883 263
f 746 517 1295
f 747 364 1296
f 1748 947 1297
f 747 948 1698
f 1747 1724 1727
f 276 738 1312
f 998 547 1299
f 1300 750 1642
f 1301 749 279
f 1302 1642 366
f 152 1011 1647
f 1013 120 710
f 1303 1756 367
f 109 739 1859
f 1304 1752 167
f 996 367 1304
f 1305 1753 1653
f 1305 1652 738
f 1306 1760 548
f 211 740 321
f 1307 1749 368
f 1016 1653 1307
f 1308 1875 105
f 711 1654 368
f 1011 202 1309
f 711 490 1309
f 997 547 1310
f 1310 1864 212
f 1311 1654 202
f 1312 1759 549
f 276 741 1756
f 2217 34 1506
f 193 1508 1254
f 1508 1898 200
f 672 706 193
f 843 787 1209
f 940 1970 1314
f 1314 1913 628
f 867 370 1315
f 1856 1977 1315
f 939 184 1316
f 1316 1917 370
f 936 241 1317
f 867 628 938
f 941 103 1318
f 210 1914 2001
f 1319 1910 372
f 1319 1913 1909
f 1320 1915 372
f 1321 1259 183
f 1321 1908 373
f 1322 1914 373
f 943 115 1322
f 1323 351 1258
f 942 262 1323
f 866 1912 1915
f 262 943 1908
f 784 374 1325
f 1325 1940 92
f 1326 1419 1841
f 1326 1415 855
f 1327 1418 401
f 855 225 1327
f 1393 346 1329
f 1391 394 1329
f 1390 148 1334
f 1385 391 1336
f 1331 196 143
f 732 705 1338
f 927 197 1339
f 929 256 1339
f 1713 162 1340
f 928 2067 1341
f 980 2067 887
f 1716 86 1343
f 930 144 1344
f 904 185 1346
f 1203 377 1092
f 1139 377 1347
f 1202 145 1138
f 641 2021 2093
f 1201 1434 2255
f 2093 2400 2044
f 1670 155 1349
f 1202 331 1349
f 847 125 703
f 1106 238 846
f 1988 1996 199
f 846 380 1350
f 1350 1325 92
f 146 1109 703
f 859 2023 1351
f 862 400 1352
f 1352 1409 240
f 1108 125 847
f 1110 304 844
f 844 381 1353
f 1353 1411 146
f 1111 1659 1354
f 861 381 1354
f 225 1355 1327
f 859 400 1355
f 845 701 1107
f 1251 382 229
f 799 348 1356
f 1252 349 1357
f 1358 1809 383
f 82 764 968
f 1359 566 1948
f 1037 383 1359
f 1037 567 1360
f 219 765 969
f 1361 1814 566
f 285 766 1809
f 1362 1952 214
f 147 1952 1362
f 1866 1362 1363
f 214 384 1362
f 1966 2126 384
f 2145 2138 90
f 1364 1951 385
f 1364 147 1866
f 1365 10 1473
f 1366 1363 194
f 1366 1950 662
f 843 134 1236
f 1234 386 842
f 840 216 1237
f 1235 753 840
f 841 237 1237
f 1367 1034 1680
f 1367 1936 653
f 1370 387 1368
f 98 858 1417
f 1369 1939 387
f 1941 857 1415
f 1370 1368 652
f 1372 1673 388
f 1373 1677 121
f 1030 388 1373
f 1374 1674 283
f 1374 1675 503
f 1375 448 2090
f 621 1541 1376
f 1376 390 621
f 209 733 1673
f 1031 504 1377
f 1377 1679 284
f 1898 389 735
f 1541 735 1678
f 1032 389 1964
f 1026 502 1378
f 1379 369 200
f 1177 172 1380
f 1239 181 1330
f 1238 181 1381
f 613 375 1381
f 612 2045 1335
f 2244 345 2045
f 613 391 1384
f 1240 138 1384
f 1239 143 1385
f 612 391 1385
f 1332 393 1386
f 1814 78 1386
f 1238 148 1387
f 1185 392 1388
f 1178 132 1388
f 1181 125 1389
f 614 394 1390
f 1182 148 1390
f 1182 326 1392
f 614 375 1393
f 1241 346 1393
f 54 104 1546
f 498 449 1663
f 1998 281 1394
f 1710 218 1394
f 1078 296 1395
f 1077 247 1395
f 635 397 1396
f 760 106 1397
f 637 395 1398
f 762 149 1399
f 205 396 1400
f 1871 149 1400
f 722 813 396
f 1870 179 1401
f 1079 296 1401
f 639 398 1402
f 1869 1921 1402
f 763 150 1403
f 763 187 1404
f 638 281 1404
f 1405 1945 399
f 83 999 877
f 887 657 1407
f 784 380 1408
f 1408 1355 225
f 1409 1353 381
f 861 240 1409
f 1410 1355 400
f 862 96 1410
f 1411 1351 146
f 785 400 1411
f 1412 2276 1548
f 1412 791 82
f 1414 1841 587
f 1018 280 1414
f 857 374 1415
f 1415 783 1941
f 1414 1842 1416
f 1416 1326 1841
f 1019 98 1417
f 1417 1416 1842
f 842 401 1418
f 1418 1410 96
f 1020 1841 1419
f 1419 1327 401
f 855 374 225
f 1420 1839 237
f 1420 1840 587
f 2066 191 665
f 697 198 1421
f 1969 1173 1422
f 1422 1616 322
f 2154 805 2063
f 541 243 2005
f 1328 1906 1907
f 884 246 2232
f 1427 2401 298
f 1003 277 1428
f 591 312 1428
f 995 2139 696
f 1371 696 135
f 1267 140 1268
f 1434 1201 331
f 1924 1918 1435
f 1744 166 544
f 543 2159 1746
f 1245 1820 1268
f 1439 1823 1826
f 1188 175 1439
f 1116 1844 126
f 798 113 1252
f 553 409 1440
f 826 114 1441
f 1441 1322 115
f 2097 1446 2086
f 656 2038 411
f 2282 2038 2238
f 61 1456 2176
f 1003 127 1459
f 1004 136 1459
f 1456 2022 2176
f 823 2001 1461
f 1186 1187 1827
f 1827 1825 582
f 1048 134 1463
f 1052 123 1463
f 2178 2151 782
f 2080 1466 1829
f 1362 1866 147
f 1664 1467 313
f 1137 163 1467
f 1313 369 748
f 748 305 1313
f 2257 2161 306
f 10 1365 1865
f 2229 2147 2074
f 1479 2357 15
f 390 1376 734
f 974 432 1490
f 752 9 1491
f 794 419 1492
f 1157 1656 495
f 1494 1136 313
f 1494 1718 532
f 832 599 1055
f 1055 478 290
f 1157 1660 1497
f 1497 1288 161
f 133 2076 1435
f 1253 700 797
f 2155 1953 168
f 1637 872 160
f 1204 178 1250
f 1240 345 1503
f 611 362 1503
f 64 2122 2087
f 794 147 1364
f 1164 1636 1637
f 3 1438 640
f 2053 11 1623
f 1348 441 1520
f 2117 1533 21
f 2056 1132 277
f 2119 2238 2069
f 1379 200 1541
f 730 1372 1544
f 503 236 1544
f 2276 1412 2362
f 690 570 2197
f 1243 161 1550
f 1241 138 1550
f 2381 2258 1495
f 2065 446 1527
f 481 236 1553
f 795 227 1553
f 2360 2131 1566
f 2167 1556 56
f 771 196 1557
f 456 514 934
f 902 7 1559
f 1560 1895 57
f 525 2017 2160
f 1161 6 1565
f 2131 1762 776
f 2060 1577 654
f 1568 2012 2024
f 515 258 1572
f 902 157 933
f 1573 1501 1249
f 1249 1763 1573
f 966 118 1574
f 1574 1235 110
f 1357 463 1576
f 755 215 1577
f 1943 1577 2060
f 791 570 2032
f 721 586 1579
f 972 122 1580
f 1159 130 1045
f 657 357 2069
f 465 611 1290
f 640 298 1582
f 245 883 882
f 1893 164 1589
f 1894 220 1589
f 2175 683 2195
f 1819 2173 2083
f 1819 2111 2077
f 972 271 1591
f 569 286 1591
f 1967 1729 1593
f 469 1838 1596
f 2 1838 2219
f 2183 226 1578
f 2148 2048 2181
f 473 2053 2350
f 1959 1056 775
f 1371 802 1210
f 1173 131 1661
f 2051 290 1606
f 1961 1962 667
f 874 242 1297
f 1050 288 1608
f 553 295 1608
f 1331 691 196
f 1337 143 196
f 1612 1175 1834
f 854 2100 97
f 881 244 1615
f 1211 477 900
f 335 801 135
f 801 136 1212
f 249 803 899
f 1210 802 336
f 1054 1963 2053
f 1260 1617 479
f 1264 1960 1617
f 1263 667 1618
f 1618 478 352
f 1260 479 770
f 1606 1962 1961
f 1055 85 478
f 1261 479 1960
f 1619 1261 353
f 1262 666 1619
f 1620 1617 1260
f 1260 1246 1620
f 1499 104 54
f 1189 2018 910
f 1190 76 912
f 1257 1189 911
f 913 227 2006
f 2018 116 251
f 838 481 2011
f 1553 227 837
f 1553 236 839
f 116 1258 251
f 1845 1621 2075
f 2358 32 2226
f 1621 1844 176
f 1441 736 826
f 1461 483 823
f 1441 737 829
f 1557 1993 771
f 1989 484 1557
f 2051 1606 1623
f 633 314 1624
f 954 1805 1625
f 632 485 1625
f 632 316 1626
f 955 186 1626
f 633 485 1627
f 957 128 1627
f 1628 1662 487
f 955 151 1628
f 1629 1663 104
f 631 487 1629
f 2162 498 1630
f 1630 1662 1631
f 1207 1664 1631
f 1632 2110 486
f 1632 1222 91
f 1208 151 1633
f 634 486 1633
f 957 186 1634
f 631 315 1634
f 1635 565 264
f 634 316 1635
f 1164 492 1636
f 1007 1636 153
f 1164 525 2259
f 1008 278 1638
f 1006 488 1639
f 1637 1636 1639
f 526 488 1640
f 493 257 1641
f 366 1013 710
f 1643 1300 1644
f 1644 1302 152
f 919 117 1645
f 1647 1309 490
f 711 105 1648
f 917 490 1648
f 1011 366 202
f 918 232 1649
f 925 255 1651
f 1652 1764 1757
f 279 1305 1301
f 1016 491 1653
f 1015 491 1311
f 1311 710 120
f 1016 368 1654
f 1654 1309 202
f 1655 705 493
f 1817 493 1641
f 705 80 931
f 1157 161 1656
f 1096 240 494
f 1658 300 496
f 1658 1497 1660
f 1659 1111 1391
f 527 496 1242
f 1094 300 1053
f 1095 300 1049
f 1095 123 1052
f 1660 1157 1093
f 1093 288 1050
f 1096 2050 1051
f 2142 497 2103
f 242 1967 1297
f 1207 1631 1662
f 712 487 1662
f 1546 104 1663
f 712 498 1663
f 499 1818 90
f 1576 159 1357
f 349 463 1357
f 1138 145 1232
f 1231 500 1141
f 1146 104 1233
f 1232 1092 1140
f 1231 1091 1145
f 1789 170 1666
f 1790 1685 1666
f 508 239 1667
f 1667 2193 1990
f 1784 1688 1668
f 854 508 1990
f 1686 154 1669
f 757 155 1670
f 507 239 1670
f 506 501 1671
f 1793 89 1671
f 1692 501 1672
f 838 730 1544
f 209 1026 1378
f 1673 1373 388
f 1674 810 283
f 1851 1675 1225
f 839 503 1675
f 1676 1374 503
f 1544 1372 1676
f 730 502 1372
f 733 504 1677
f 1677 808 121
f 1678 1376 1541
f 1678 1377 504
f 2147 1378 502
f 2340 2229 1474
f 734 1029 209
f 735 389 1679
f 1679 809 284
f 1034 581 1680
f 1035 505 1681
f 1681 1089 99
f 1033 505 1682
f 1272 1342 1683
f 1684 2297 683
f 683 1683 1684
f 2069 357 2119
f 851 757 1672
f 1671 89 1347
f 1349 507 1670
f 851 506 1203
f 2255 1348 1520
f 508 854 1669
f 852 508 1669
f 1670 239 852
f 1667 239 853
f 97 510 1787
f 977 258 1464
f 2086 933 977
f 1685 1790 1786
f 698 561 1685
f 1669 1787 1686
f 699 558 1686
f 1672 757 154
f 2002 526 511
f 1688 1784 156
f 1640 101 1689
f 698 511 1689
f 1690 1692 512
f 1666 170 1690
f 871 156 1691
f 699 510 1691
f 1671 501 560
f 1690 560 1692
f 1637 160 525
f 1162 555 1693
f 1572 258 933
f 1163 513 1694
f 1694 1774 169
f 1695 1775 130
f 1159 513 1695
f 1572 1777 1162
f 932 1773 79
f 790 157 934
f 1696 1776 1693
f 1696 1771 556
f 789 320 1160
f 934 902 1559
f 1697 1779 1158
f 1697 1775 555
f 1698 1298 1285
f 947 364 1698
f 516 1293 948
f 1699 1295 263
f 1699 1293 1292
f 365 1294 213
f 951 517 1700
f 1294 516 1701
f 1701 1296 1291
f 1702 945 518
f 1213 746 1702
f 1213 850 1920
f 745 95 1704
f 1217 850 1705
f 1705 636 1215
f 187 849 638
f 1706 1703 519
f 1707 745 213
f 1707 533 363
f 1215 636 1708
f 337 848 1704
f 1709 1922 638
f 338 849 519
f 1097 825 1060
f 1097 520 827
f 1104 822 1061
f 1061 944 520
f 1098 824 1065
f 1099 828 1059
f 2015 158 1105
f 1100 826 1062
f 1062 235 1098
f 1104 522 1059
f 1102 822 2015
f 1066 293 1105
f 1060 114 1100
f 1067 81 1101
f 1064 124 1099
f 1251 1665 499
f 700 60 1569
f 806 525 160
f 1691 524 871
f 2002 156 806
f 872 488 526
f 1689 526 1640
f 2017 525 806
f 1659 1391 1242
f 1656 161 1243
f 761 725 1710
f 1710 206 1711
f 760 528 106
f 1400 149 1712
f 1712 2013 723
f 979 272 1340
f 1340 531 1713
f 914 162 1713
f 1714 1405 83
f 1086 2079 1714
f 981 376 1344
f 981 162 1715
f 2040 1407 1945
f 1343 530 1716
f 979 144 1341
f 1342 887 2067
f 1717 660 297
f 1184 190 1810
f 2079 531 272
f 1718 1467 163
f 819 532 717
f 1589 164 1719
f 1721 545 1722
f 2232 259 884
f 1724 886 1727
f 1725 1744 533
f 142 1291 1296
f 1728 1748 534
f 1297 1967 534
f 1729 2099 1593
f 1731 142 1730
f 1296 364 1730
f 1731 818 1747
f 363 1744 544
f 815 535 1732
f 1991 546 535
f 816 722 1734
f 1733 233 1734
f 814 724 1735
f 1261 139 1735
f 1718 717 532
f 1719 537 1589
f 718 719 1720
f 821 234 1719
f 1560 457 1736
f 1736 1893 616
f 821 163 1721
f 819 1893 1896
f 768 537 820
f 820 234 1720
f 616 767 1895
f 919 254 1191
f 2228 583 2132
f 1191 1829 165
f 2118 165 1466
f 117 919 538
f 1737 320 287
f 1047 540 1738
f 1043 540 1740
f 2005 243 878
f 571 541 542
f 2111 1741 542
f 1742 243 541
f 915 83 1742
f 916 253 1743
f 571 270 1743
f 1744 1727 166
f 2306 2169 2386
f 1745 1728 1593
f 543 2091 886
f 166 886 885
f 1747 142 1731
f 1747 1727 1725
f 1748 1730 364
f 1297 534 1748
f 1632 91 545
f 1631 1664 313
f 1137 1664 1208
f 1734 205 1733
f 352 85 1732
f 1735 353 1261
f 973 1618 352
f 973 546 831
f 1733 723 1991
f 1749 1310 212
f 1749 1308 368
f 879 178 1750
f 273 600 985
f 881 93 1751
f 740 548 1751
f 879 167 1752
f 741 549 1752
f 1753 1299 997
f 1753 1307 1653
f 739 367 1754
f 1754 1306 211
f 601 273 1755
f 880 244 1755
f 998 276 1756
f 1756 1304 367
f 1757 1312 738
f 1758 1303 109
f 743 547 1758
f 1501 549 1759
f 601 548 1760
f 996 167 1760
f 1500 551 2155
f 1953 551 769
f 1500 509 976
f 1491 550 752
f 974 168 1782
f 1952 550 1782
f 976 79 1955
f 1955 79 1780
f 1490 889 974
f 751 214 1953
f 1953 214 1782
f 1056 1959 1762
f 2360 1056 1762
f 1573 1250 1501
f 2356 454 1537
f 552 1763 1249
f 1764 1759 1757
f 775 552 1764
f 1463 134 1209
f 1440 62 1075
f 1608 288 1076
f 1463 123 1074
f 1444 409 1076
f 1074 1050 1608
f 796 188 1765
f 642 267 1765
f 1766 1694 513
f 1766 287 320
f 797 113 1767
f 643 554 1767
f 1163 1693 1768
f 1768 1695 513
f 643 268 1769
f 800 188 1769
f 798 229 1770
f 645 268 1770
f 1160 87 557
f 169 1163 1694
f 645 556 1771
f 644 554 1772
f 796 118 1772
f 788 556 1773
f 799 79 1773
f 789 557 1774
f 800 169 1774
f 1775 1580 130
f 788 515 1776
f 1777 1697 555
f 1777 1572 157
f 965 2022 228
f 644 266 1778
f 1779 271 1158
f 790 514 1779
f 229 382 348
f 1616 1088 2165
f 1616 1083 81
f 1784 1691 156
f 1668 558 1784
f 1127 182 1785
f 617 319 1785
f 1786 1688 511
f 1786 1790 1668
f 1686 2039 154
f 97 870 510
f 1787 1669 854
f 1788 1689 101
f 617 561 1788
f 1789 1685 561
f 1126 170 1789
f 1666 512 1790
f 1126 182 317
f 1791 1806 1125
f 618 559 1791
f 619 559 1792
f 1127 129 1792
f 619 1897 309
f 620 1690 170
f 560 501 1692
f 310 89 1793
f 1692 2039 512
f 1794 1798 310
f 620 1150 1794
f 309 958 1153
f 1795 1981 1980
f 1796 954 676
f 956 1143 264
f 678 264 1974
f 1122 679 1797
f 1798 1985 682
f 1798 1802 310
f 1122 562 1799
f 1799 1227 107
f 1800 676 1121
f 1129 562 1800
f 1801 564 265
f 1801 1983 682
f 1802 1971 563
f 1802 1983 1121
f 953 1347 89
f 310 563 89
f 1128 564 1803
f 1803 1980 1978
f 1804 1982 1974
f 1123 565 1805
f 1806 1985 1125
f 1806 958 564
f 1121 676 1807
f 1807 1142 1624
f 1808 1984 265
f 1808 1978 680
f 1574 863 966
f 1809 327 285
f 766 383 1809
f 908 1947 1949
f 906 1084 1184
f 1184 1947 906
f 660 190 297
f 1810 1946 1949
f 1811 1358 383
f 1811 1360 219
f 325 906 1947
f 1812 1946 567
f 1812 1359 1948
f 1813 1085 84
f 1813 1360 567
f 1814 324 566
f 2055 78 1814
f 1180 658 1815
f 1817 1641 2042
f 1655 493 1817
f 1007 153 1641
f 1638 931 1008
f 1006 257 1638
f 1009 101 1640
f 1639 1007 1006
f 1042 569 1591
f 1044 972 1591
f 1580 1775 1158
f 1565 460 1042
f 1045 130 1580
f 460 1563 569
f 791 1412 1548
f 1665 59 1488
f 1818 100 90
f 430 100 1818
f 1818 1488 430
f 1615 1421 994
f 1742 541 970
f 1743 253 970
f 572 1170 584
f 971 572 1830
f 1741 171 270
f 1819 1170 171
f 971 916 1743
f 1177 393 1387
f 1176 392 1389
f 1386 324 1814
f 1380 575 1177
f 1388 573 1178
f 1176 303 1382
f 1181 326 1383
f 1380 1815 324
f 1185 172 1392
f 1388 1112 1185
f 1390 576 1182
f 1183 304 1383
f 1382 1179 325
f 1183 394 1391
f 1389 574 1181
f 1392 1113 1182
f 1267 1268 1820
f 647 356 1820
f 1821 1268 140
f 1822 1219 2171
f 1822 2171 2284
f 1614 878 243
f 999 2125 877
f 920 254 1649
f 918 489 1646
f 921 94 1643
f 1651 779 925
f 1649 579 918
f 1645 579 919
f 926 152 1647
f 926 255 1650
f 925 112 1646
f 1648 778 917
f 923 173 1650
f 917 223 1651
f 1644 811 924
f 923 489 1645
f 505 883 1681
f 1033 882 883
f 1186 582 1823
f 1823 1682 1826
f 1824 1439 175
f 1824 1187 1186
f 2258 2381 1825
f 882 582 1825
f 1680 1035 1367
f 1680 581 1826
f 589 581 1828
f 1828 1369 98
f 922 117 538
f 1829 1191 539
f 204 2104 716
f 684 269 2212
f 584 1170 1831
f 765 84 1830
f 764 219 1832
f 685 269 1832
f 174 1579 586
f 2378 1833 721
f 903 586 1833
f 663 585 1836
f 929 88 1836
f 1273 174 1837
f 904 585 1837
f 1834 2058 1579
f 2256 1838 469
f 1839 386 237
f 1020 401 1839
f 1840 754 87
f 1018 587 1840
f 1020 587 1841
f 1842 1414 280
f 1740 1017 1043
f 2157 588 2129
f 1188 589 1043
f 1045 122 1740
f 1828 98 1738
f 1824 175 1739
f 1047 280 1737
f 1044 286 1739
f 1738 1019 1047
f 1046 280 1018
f 2075 715 204
f 176 2220 1621
f 1844 1116 176
f 2365 33 1552
f 1247 1844 1845
f 2298 1845 716
f 1459 136 1133
f 1428 277 1132
f 2117 591 2395
f 1134 1003 1428
f 451 2116 1534
f 1131 1004 1459
f 1226 681 1846
f 1228 677 1847
f 1847 592 261
f 1848 1979 680
f 1848 1986 1987
f 1849 1973 593
f 1221 592 1850
f 1850 1975 137
f 1220 1976 1974
f 1225 593 1851
f 1851 912 76
f 1222 678 1852
f 1852 1221 341
f 935 593 1225
f 935 1975 677
f 1229 595 1853
f 1228 594 1854
f 1226 595 1855
f 1855 1916 1977
f 1227 1972 107
f 260 1856 1917
f 1223 681 1856
f 679 1972 261
f 1229 1980 1857
f 1857 1911 1970
f 249 900 477
f 1858 898 321
f 901 109 1859
f 1859 1860 597
f 222 212 1864
f 744 597 177
f 1860 1165 177
f 1861 1862 221
f 744 1275 1874
f 1862 1861 177
f 1862 1166 596
f 898 211 321
f 1284 596 77
f 773 598 1863
f 1863 1169 111
f 212 222 742
f 743 598 1864
f 662 1951 1364
f 599 1365 1951
f 1865 1513 10
f 85 876 1950
f 1055 599 876
f 290 832 1055
f 1363 1366 1866
f 1752 549 982
f 1250 1573 2137
f 1759 1764 1249
f 1501 178 982
f 1750 1204 600
f 1755 244 983
f 1760 167 984
f 983 881 1751
f 1755 273 985
f 1750 273 984
f 1077 397 1397
f 1395 892 1078
f 1867 1287 1877
f 772 1277 1867
f 1079 150 1396
f 1080 395 1399
f 1395 602 1077
f 1081 398 1403
f 773 358 1868
f 1041 222 1868
f 1402 603 1869
f 1869 1280 1921
f 1401 604 1870
f 1870 1278 179
f 890 149 1871
f 1400 224 1871
f 1080 112 1872
f 141 1039 1283
f 1279 605 1873
f 1874 1275 605
f 1040 111 1874
f 1078 105 1875
f 1875 1286 604
f 1876 894 179
f 772 603 1876
f 361 1287 1279
f 1878 1284 360
f 1039 221 1878
f 892 247 1879
f 891 223 1879
f 1401 894 1079
f 1199 311 1880
f 1195 329 1880
f 946 359 1881
f 1883 1281 263
f 1883 1280 361
f 1199 608 1884
f 1884 1284 77
f 1885 1276 608
f 1200 607 1886
f 1230 133 1887
f 1888 1276 1881
f 1888 1283 360
f 1889 1282 948
f 949 610 1889
f 947 609 1890
f 1193 946 180
f 950 610 1891
f 141 834 1279
f 1298 1282 359
f 1194 195 1892
f 1196 687 195
f 1503 362 1289
f 1550 161 1288
f 1550 138 1289
f 1290 611 1503
f 2244 65 1583
f 1336 1239 1385
f 1381 375 1334
f 1385 1907 612
f 1387 393 1330
f 1331 1332 691
f 1386 78 1332
f 1384 138 1333
f 1381 181 1336
f 1329 614 1393
f 1334 614 1390
f 1384 391 1335
f 1329 1242 1391
f 1393 375 1333
f 891 606 1872
f 1871 780 890
f 1879 778 892
f 1879 615 891
f 893 106 1398
f 1893 819 164
f 1589 616 1893
f 1589 537 1894
f 1894 1114 220
f 1895 1736 616
f 2161 1470 57
f 1896 1736 457
f 1153 1806 1791
f 1154 1127 1792
f 1155 1126 1789
f 1788 101 617
f 1155 617 1785
f 1151 619 1792
f 317 182 1154
f 1150 618 1791
f 1153 619 309
f 1152 1127 1785
f 1150 620 317
f 1897 1151 318
f 987 1124 1897
f 1898 1541 200
f 389 706 1964
f 2227 2090 2240
f 2090 390 1375
f 1899 1270 623
f 1899 623 2003
f 95 1214 1704
f 1900 259 623
f 2136 1265 622
f 713 356 1901
f 1901 1709 338
f 1902 1708 337
f 714 624 1903
f 1903 1705 1215
f 140 1822 1821
f 624 713 1269
f 1905 1265 203
f 1905 1266 355
f 1907 1337 1328
f 1907 1385 143
f 1332 1331 1330
f 943 373 1908
f 1908 1323 262
f 936 626 1909
f 1910 1324 262
f 942 372 1910
f 626 115 1324
f 1324 869 626
f 252 1316 184
f 941 371 1911
f 1911 1314 1970
f 1912 938 1915
f 939 370 1912
f 868 183 2109
f 937 627 1259
f 938 628 1913
f 937 373 1914
f 938 372 1915
f 351 868 2109
f 940 628 1916
f 1916 1315 1977
f 1917 1315 370
f 1917 865 260
f 1339 629 927
f 1344 629 930
f 1341 692 928
f 1837 759 904
f 1339 694 929
f 927 376 1343
f 903 1835 905
f 928 185 2105
f 903 2062 758
f 1836 630 929
f 1346 630 904
f 930 256 1346
f 875 1924 2076
f 874 1197 1918
f 1918 497 242
f 1142 954 1625
f 1632 486 956
f 1144 955 1628
f 1139 953 1624
f 1634 315 1145
f 1144 631 1634
f 1146 631 1629
f 1143 634 1635
f 1149 632 1626
f 1142 633 1624
f 1625 1805 1148
f 1627 128 1140
f 1633 151 1147
f 1147 955 1626
f 1627 485 1149
f 1021 760 1397
f 1403 398 1022
f 1394 281 761
f 1217 338 519
f 1024 762 1399
f 1021 1998 1394
f 1023 635 1396
f 1919 1702 518
f 1919 1708 636
f 848 518 1704
f 1214 337 1704
f 1920 1700 517
f 1920 1703 1923
f 1923 639 1700
f 1922 281 638
f 1218 1262 1922
f 909 528 1711
f 1712 205 1400
f 1404 187 638
f 909 108 1024
f 1923 398 639
f 1023 763 1404
f 850 519 1703
f 1711 218 1710
f 1924 497 1918
f 2076 1230 655
f 655 875 2076
f 1090 1582 245
f 2033 1551 1090
f 2401 245 1582
f 1201 2255 2025
f 1348 2044 2400
f 2021 1485 53
f 1138 378 1202
f 1092 145 1605
f 1349 155 1605
f 1769 188 967
f 754 642 557
f 964 798 1770
f 959 797 1767
f 1769 268 963
f 961 642 1765
f 1778 282 965
f 963 645 1771
f 966 644 1772
f 962 796 1765
f 961 800 1774
f 1778 228 959
f 1767 113 964
f 960 799 1773
f 960 645 1770
f 967 796 1772
f 1244 647 1820
f 1171 307 1120
f 989 275 1926
f 671 294 1926
f 670 651 1927
f 988 119 1927
f 1171 189 1928
f 671 648 1928
f 1172 131 1120
f 1118 731 1969
f 669 293 1929
f 992 192 1929
f 1119 648 1930
f 990 80 1930
f 670 294 1931
f 991 192 1931
f 992 124 1932
f 668 651 1932
f 991 189 649
f 650 2008 2052
f 208 650 307
f 322 81 1933
f 669 649 1933
f 668 292 1934
f 987 274 1934
f 1117 126 1247
f 830 1247 1845
f 306 220 1114
f 418 830 1471
f 1936 1681 99
f 1070 653 1936
f 856 728 1937
f 2029 332 1938
f 1938 1070 1956
f 1939 1368 387
f 1034 1367 1939
f 1940 1370 652
f 92 726 702
f 1072 652 1937
f 858 387 1941
f 207 727 704
f 1072 332 2035
f 1568 462 2012
f 1574 118 753
f 1577 1943 1025
f 215 654 1577
f 1025 1943 282
f 1196 1435 1197
f 2389 1944 1521
f 2133 577 656
f 887 1342 1272
f 1001 657 2069
f 1001 399 1945
f 1271 2238 2038
f 907 567 1946
f 1714 915 1086
f 1178 325 1947
f 1947 1184 1949
f 1180 132 658
f 908 1816 658
f 1815 658 1948
f 906 661 1084
f 1179 86 1716
f 1815 566 324
f 1715 661 530
f 1717 916 1085
f 1086 253 659
f 1713 297 914
f 1085 1813 907
f 190 660 1810
f 1366 662 1866
f 1950 1732 85
f 876 662 1950
f 1365 385 1951
f 1951 876 599
f 752 550 1952
f 1782 214 1952
f 1782 168 1953
f 769 751 1953
f 2138 499 90
f 1780 1781 1955
f 1955 769 551
f 1174 323 1956
f 1834 2028 2046
f 1273 1175 1612
f 2209 707 663
f 1957 1427 201
f 1071 323 1957
f 2246 1994 1609
f 302 665 191
f 665 1082 2066
f 1083 665 1101
f 1761 2061 1103
f 1761 1102 191
f 2327 2158 750
f 2279 2131 776
f 1958 1015 120
f 775 279 1959
f 2260 774 2215
f 1960 1264 667
f 1263 139 667
f 1606 1054 1623
f 1962 290 478
f 1261 770 479
f 770 666 1925
f 1963 1617 1620
f 1058 988 1927
f 1932 651 1057
f 1058 668 1934
f 1932 124 1064
f 1066 992 1929
f 1069 991 1931
f 669 991 649
f 1063 990 1930
f 1933 81 1067
f 1934 292 2071
f 1068 670 1927
f 1057 670 1931
f 1069 671 1928
f 1926 275 1063
f 1926 294 1068
f 1313 1254 1508
f 1115 1116 1255
f 1508 193 706
f 369 1508 200
f 1255 126 1117
f 446 2065 2204
f 2065 305 748
f 706 672 1964
f 1964 768 102
f 1965 748 369
f 1256 350 1114
f 233 815 194
f 816 194 2126
f 674 2145 2089
f 1593 534 1967
f 1967 1607 1729
f 1968 1726 818
f 1498 2121 45
f 1661 675 1173
f 1422 322 1969
f 1970 1855 595
f 264 678 956
f 952 562 308
f 1128 265 564
f 1971 1807 1624
f 1971 953 563
f 1220 261 592
f 1228 261 1972
f 1972 1227 594
f 1973 1851 593
f 260 1223 1856
f 952 1796 676
f 935 677 1849
f 1222 1632 956
f 1224 137 1975
f 1975 1847 677
f 1221 1852 1976
f 1976 1220 592
f 1977 1856 681
f 1979 1808 680
f 1227 1799 1979
f 1854 1846 681
f 1229 1978 1980
f 1124 103 1981
f 1981 1857 1980
f 1797 679 1982
f 1797 1804 1123
f 1123 308 1797
f 1983 1800 1121
f 1984 1799 562
f 265 1129 1801
f 1985 1801 682
f 1226 1987 1986
f 1986 1853 595
f 1846 594 1987
f 2221 683 2297
f 100 430 1487
f 1413 684 2212
f 1412 82 968
f 1832 269 968
f 2212 269 685
f 584 1831 685
f 969 685 1832
f 969 765 1830
f 1780 1356 1781
f 1783 1251 229
f 2138 1954 1781
f 1357 159 1783
f 1194 607 1887
f 1195 127 1886
f 1892 688 1194
f 329 180 1885
f 1880 686 1199
f 1890 874 1297
f 195 1194 1196
f 195 687 1193
f 1884 1130 1199
f 1200 312 1882
f 1887 330 1230
f 1886 1134 1200
f 1882 786 330
f 1880 1131 1195
f 690 1578 570
f 2054 2196 2141
f 199 845 1988
f 2025 853 1201
f 1999 341 1028
f 720 808 1999
f 702 1106 1350
f 1990 2193 217
f 1733 535 233
f 723 831 1991
f 2334 2103 2385
f 2193 1496 217
f 1992 284 809
f 719 1027 1992
f 771 2072 2182
f 1994 2165 2187
f 538 2202 922
f 508 1667 1990
f 238 1106 1988
f 973 831 1995
f 1995 1997 814
f 1106 702 1996
f 1996 729 199
f 217 2211 2172
f 1904 624 714
f 1701 1707 1294
f 1723 1630 1136
f 2139 995 2106
f 909 724 1997
f 1997 1995 108
f 1998 1404 281
f 1998 1021 635
f 342 231 1999
f 2021 343 1485
f 1990 217 2172
f 2000 2074 730
f 829 737 2001
f 2001 823 210
f 511 1688 2002
f 2002 160 872
f 1956 1070 1174
f 878 2092 2005
f 2004 1000 1571
f 246 166 885
f 368 1308 711
f 1394 761 1710
f 2101 2030 2213
f 2134 210 823
f 913 328 2030
f 2006 795 1190
f 484 1993 1557
f 1993 2007 2170
f 1056 2107 2164
f 2009 9 752
f 147 794 2009
f 340 803 2010
f 1110 703 125
f 2020 2011 481
f 1167 898 1860
f 2012 654 215
f 1224 935 1225
f 2081 774 2260
f 2013 1024 108
f 831 723 2013
f 2204 2217 1506
f 231 1027 2014
f 2014 91 807
f 302 1102 2015
f 932 79 1464
f 2025 52 1481
f 2016 333 344
f 2016 1237 386
f 810 1224 283
f 2182 1328 1337
f 2102 1378 2147
f 805 524 2063
f 806 871 2017
f 2018 1189 116
f 2018 251 2188
f 1902 355 1266
f 1269 1217 1903
f 1989 793 2019
f 2000 2011 2250
f 2011 2020 2272
f 2330 2269 37
f 837 2343 481
f 419 794 385
f 696 1371 995
f 697 2148 2106
f 436 2051 1514
f 1253 1460 60
f 2022 965 2176
f 2023 859 380
f 2023 238 1109
f 1831 2083 2059
f 2160 2259 525
f 2024 62 1568
f 1207 1628 151
f 1075 62 2024
f 2255 52 2025
f 756 853 2025
f 307 1119 208
f 703 1109 847
f 1481 756 2025
f 2007 792 2026
f 502 2074 2147
f 197 693 2027
f 2027 199 729
f 2219 2046 2368
f 336 230 2010
f 2029 1942 332
f 1938 1073 2029
f 2030 2101 2269
f 2309 1452 413
f 183 2031 2262
f 1036 327 2032
f 2032 570 1578
f 4 1551 2033
f 2033 882 1825
f 654 462 1567
f 2313 2259 2281
f 1843 305 2034
f 305 2065 2034
f 4 2033 2381
f 2035 726 1205
f 2035 332 1942
f 1599 2369 68
f 2030 328 2037
f 1189 910 2037
f 2038 656 1271
f 2114 1684 2062
f 2039 1692 1672
f 2039 1686 1687
f 2164 1763 552
f 25 2271 2324
f 529 2067 980
f 2040 978 1345
f 2271 25 1592
f 2036 2026 792
f 2286 2284 2171
f 495 1156 2041
f 1657 495 2041
f 2128 2041 1524
f 2186 2380 708
f 154 2039 1672
f 512 2039 1687
f 492 2179 153
f 782 2151 2166
f 2346 1246 2325
f 1925 347 1246
f 1821 1822 2333
f 2043 344 333
f 289 1209 2043
f 2044 378 641
f 2062 903 1833
f 2048 1615 2149
f 1421 2048 697
f 1444 1076 2049
f 2049 288 1657
f 2050 1096 289
f 2043 333 2050
f 1623 1514 2051
f 2397 2247 2008
f 2118 2202 538
f 2053 1963 2350
f 2054 2139 2196
f 2190 2403 22
f 1466 2130 2118
f 1602 2350 2379
f 1406 2238 1271
f 2244 2045 2265
f 793 1989 2055
f 1192 922 2057
f 1741 2111 171
f 2058 2256 721
f 2058 2046 1838
f 2128 63 2049
f 1581 2087 611
f 2063 804 2387
f 1943 2060 2176
f 2054 2098 335
f 2068 1426 2174
f 2213 2037 910
f 2114 2062 1833
f 441 1348 2400
f 11 1514 1623
f 2062 1684 1493
f 2283 2084 2174
f 2387 1424 2154
f 2026 2036 2349
f 805 2160 2017
f 758 2062 1493
f 2034 1527 33
f 2061 2068 2174
f 2066 2198 2156
f 2021 641 1141
f 1337 771 2182
f 2342 1245 646
f 1528 2090 448
f 664 2156 2068
f 2238 2119 2282
f 520 944 2115
f 2218 827 520
f 2372 2194 471
f 2072 1993 2170
f 539 920 2070
f 2104 2088 2070
f 2070 2088 539
f 980 2040 529
f 2067 529 1341
f 2071 1124 987
f 2071 292 1065
f 2205 2170 2192
f 2072 771 1993
f 2188 2300 2248
f 351 2210 251
f 2073 2113 1835
f 2073 1342 2105
f 873 1729 1607
f 2092 2124 2005
f 2115 2218 520
f 2230 2229 2074
f 204 716 2075
f 1621 1845 1844
f 2049 63 1444
f 2072 2289 2182
f 2076 133 1230
f 497 1924 2103
f 204 715 2080
f 1621 482 2075
f 978 1714 2079
f 272 1345 2079
f 2077 2355 2318
f 2400 2093 1543
f 2080 2088 204
f 1466 2371 583
f 2045 1906 2082
f 2265 2082 1469
f 53 2093 2021
f 2084 2115 944
f 2061 944 1103
f 2086 902 933
f 1446 2097 410
f 343 1233 428
f 421 2229 2230
f 2122 1656 1243
f 2122 1243 2087
f 2088 2104 204
f 2088 2080 1829
f 2087 1581 64
f 2089 90 100
f 2070 2089 2104
f 2090 621 390
f 2102 2275 1375
f 2091 543 1746
f 2044 641 2093
f 2093 53 1543
f 2094 1259 627
f 2095 1684 2114
f 458 2383 1562
f 2195 1536 452
f 1457 1723 2168
f 1248 2331 2294
f 2230 1476 421
f 875 2364 2078
f 2112 985 600
f 2271 2085 2096
f 2143 410 2097
f 2097 2086 977
f 2141 2098 2054
f 475 1610 1002
f 2030 2237 913
f 922 1192 812
f 2180 452 1535
f 2069 2238 1406
f 2366 1622 2220
f 1530 2275 35
f 2103 1924 2078
f 453 2285 2334
f 2089 2070 781
f 716 100 2298
f 2105 2067 928
f 2113 759 1835
f 411 1448 656
f 2253 2252 2106
f 2149 2085 2181
f 2358 435 1512
f 2130 2108 2189
f 2321 2059 2206
f 583 2228 2108
f 2110 1632 545
f 1137 1208 2110
f 2306 2232 246
f 1622 1552 435
f 2224 2220 1622
f 2275 1530 1375
f 542 2124 2111
f 985 2112 2096
f 2335 2324 2112
f 2343 1588 468
f 1563 5 2129
f 2124 2077 2111
f 2278 1519 439
f 2348 72 1432
f 2113 904 759
f 2113 2073 2105
f 458 2095 2383
f 2405 18 1586
f 2331 1204 1250
f 1538 2225 27
f 1132 2395 591
f 2134 2135 627
f 1534 2116 2190
f 2395 1132 2116
f 1000 73 1571
f 2154 2063 2387
f 2242 2115 2084
f 2103 2334 2142
f 2247 2152 2052
f 1198 591 2117
f 2404 1198 2117
f 2232 2146 259
f 1000 2004 2125
f 2005 2124 542
f 2267 2124 2092
f 2004 1571 464
f 2119 357 2180
f 1156 1504 444
f 2122 64 1504
f 2348 2316 72
f 2004 1614 2125
f 2251 2077 2124
f 2298 1487 58
f 2125 2266 577
f 1614 2004 2123
f 2126 1966 674
f 2126 194 1363
f 2332 2321 2206
f 2041 1156 444
f 2256 2378 721
f 2114 1833 2378
f 2116 2056 2190
f 1524 63 2128
f 2128 1657 2041
f 464 2123 2004
f 2383 2114 2378
f 2108 2130 583
f 2130 1466 583
f 2173 1819 2077
f 2222 2185 2241
f 2123 464 1570
f 823 483 2222
f 2132 482 2224
f 2371 715 2132
f 2057 2336 2314
f 330 786 2201
f 2358 2226 2224
f 73 1000 2133
f 656 1448 2133
f 1443 2135 2144
f 2134 2222 2144
f 1452 2094 40
f 2094 627 2135
f 2356 2137 2274
f 476 1994 2187
f 2338 431 2303
f 2064 675 1661
f 2274 1573 1763
f 2148 697 2048
f 2109 2262 2391
f 2145 1966 1954
f 1781 1356 2138
f 2366 1843 2365
f 1843 673 305
f 873 2142 2285
f 2142 873 1607
f 2159 2231 2264
f 2291 2296 492
f 2140 2336 2202
f 2127 2141 2403
f 2157 5 1478
f 2385 19 1547
f 2202 2057 922
f 1447 410 2143
f 2143 1500 975
f 467 2405 1586
f 2144 2135 2134
f 1585 2191 467
f 2141 2127 2098
f 696 2139 2054
f 2145 674 1966
f 1954 2138 2145
f 975 889 8
f 1505 2403 2141
f 2129 569 1563
f 1505 2141 23
f 2170 2007 2026
f 2275 2102 2147
f 2229 421 1474
f 153 2179 2042
f 2273 2148 2181
f 2208 1494 2207
f 786 2389 2201
f 1592 2263 2271
f 2149 880 2085
f 2239 2166 2151
f 2247 2052 2008
f 2152 2302 2064
f 805 2154 2153
f 402 2154 1424
f 1944 2389 786
f 1013 2215 774
f 2181 2263 2273
f 2155 975 1500
f 551 1953 2155
f 1082 2198 2066
f 2198 1425 2156
f 2129 5 2157
f 2163 1187 2157
f 165 1829 1466
f 2327 1014 2203
f 2150 1216 2003
f 2242 474 2233
f 2081 2268 776
f 2150 2315 622
f 1549 45 2121
f 2249 1477 2319
f 2191 1585 2264
f 1746 1436 404
f 2153 2393 2160
f 2161 2257 1470
f 57 1895 2161
f 1723 55 2162
f 1554 449 498
f 498 2162 1554
f 1477 2249 423
f 2173 2318 2277
f 2165 1994 1082
f 1827 1187 2163
f 1478 422 2163
f 2130 2140 2118
f 2251 1431 71
f 2165 2120 2187
f 31 2189 1510
f 2157 1478 2163
f 1556 2167 1896
f 1896 457 1556
f 2252 2139 2106
f 921 2200 94
f 2107 1056 2360
f 1494 2208 2168
f 2168 417 1457
f 2120 2165 1088
f 2201 1230 330
f 2169 2091 2199
f 2316 2123 1570
f 878 2316 2092
f 2171 1219 2223
f 2100 2211 1002
f 51 217 1496
f 2066 2156 664
f 2245 2166 2320
f 2083 2173 2206
f 2318 2173 2077
f 2156 1425 403
f 1426 42 2174
f 2068 2061 664
f 2175 2180 357
f 2176 965 1943
f 2060 1567 61
f 1729 873 2177
f 2261 2177 873
f 2193 756 424
f 217 1613 2211
f 452 2180 2195
f 1655 1817 2178
f 2282 2119 2295
f 474 2242 1604
f 2167 2207 532
f 2120 44 1611
f 625 2082 1906
f 415 1460 2184
f 2184 228 2022
f 2185 2218 2235
f 2200 1192 2057
f 226 2183 2036
f 2234 1480 625
f 1509 1090 433
f 1994 476 1609
f 2187 1611 476
f 2213 2248 2292
f 61 2176 2060
f 1723 1457 55
f 415 2184 2022
f 654 1567 2060
f 1510 2108 434
f 2140 2130 2189
f 2144 416 1443
f 2036 2183 2194
f 2127 2056 2098
f 1968 2243 2231
f 67 1451 2192
f 2026 2349 2192
f 424 1496 2193
f 2193 1667 756
f 2192 2170 2026
f 2195 2180 2175
f 403 1426 2068
f 2237 227 913
f 2068 2156 403
f 2183 690 2369
f 2304 1540 455
f 2198 1082 2246
f 43 1425 2198
f 2091 2169 885
f 2199 1746 404
f 817 2200 2314
f 2031 413 1442
f 2210 2391 2278
f 748 1965 2204
f 2289 2205 412
f 1436 1746 2290
f 1451 412 2205
f 2072 2170 2205
f 2118 2140 2202
f 2205 2192 1451
f 2306 885 2169
f 2303 675 2338
f 2236 44 2120
f 2167 56 2207
f 417 2168 2208
f 2208 2207 1462
f 1206 1073 2209
f 663 1836 2209
f 2391 2210 2109
f 2226 1511 2228
f 1611 2187 2120
f 2109 2210 351
f 1613 475 2211
f 2211 2100 2172
f 404 1430 2199
f 2059 2083 2206
f 2249 622 2315
f 2212 1831 2059
f 2343 837 2330
f 2101 445 1525
f 433 1090 1551
f 2158 2260 2215
f 2216 1779 514
f 1558 6 2216
f 2217 2204 1965
f 2235 1455 2241
f 2219 1838 2046
f 1437 2 2219
f 514 456 1558
f 2336 2140 2310
f 2336 2057 2202
f 1509 3 2214
f 690 2270 2369
f 2220 176 2366
f 2220 2224 482
f 2276 2197 1548
f 2259 2160 2281
f 2218 2287 2235
f 2221 2195 683
f 2297 2095 1561
f 2296 2179 492
f 2108 1510 2189
f 2241 1455 416
f 2222 2134 823
f 2185 2222 483
f 2358 2224 1622
f 2164 2107 2225
f 2225 1555 27
f 2331 1248 1204
f 2221 75 1536
f 1603 2233 474
f 625 1480 425
f 425 1469 2082
f 2132 2224 2226
f 2228 2132 2226
f 1555 2225 2107
f 1506 446 2204
f 2243 2177 2254
f 2057 2314 2200
f 2259 2291 1164
f 2240 1528 34
f 1599 471 2194
f 1511 2226 32
f 1511 434 2228
f 416 2144 2241
f 2074 2000 2230
f 1476 2230 2250
f 2345 2203 817
f 2082 625 425
f 1599 2194 2369
f 1532 2345 30
f 2250 36 1476
f 17 1436 2290
f 2287 41 2235
f 2218 2115 2233
f 2182 2301 2234
f 2301 66 2234
f 2108 2228 434
f 2218 2185 827
f 2287 2233 1603
f 2234 1328 2182
f 2236 1087 2303
f 1489 44 2236
f 2246 43 2198
f 2030 2269 2237
f 2099 2243 1968
f 1449 411 2038
f 2042 2151 1817
f 2307 2146 2232
f 2090 1528 2240
f 2217 2227 2240
f 1968 2231 1726
f 1968 1745 2099
f 2140 2189 2310
f 34 2217 2240
f 2241 2144 2222
f 1455 2235 41
f 2283 42 1604
f 2233 2115 2242
f 2177 2099 1729
f 2191 2264 2231
f 66 1480 2234
f 2185 2235 2241
f 776 2268 2279
f 2243 2099 2177
f 2265 65 2244
f 1583 1290 2244
f 38 2292 2300
f 1449 2282 74
f 2151 2178 1817
f 1609 43 2246
f 2246 1082 1994
f 2064 2338 675
f 2300 2278 1518
f 2248 2018 2188
f 2315 2150 2288
f 2136 2171 2223
f 2250 2230 2000
f 2251 2124 2267
f 2196 2139 2293
f 2252 1433 2293
f 2212 2059 1413
f 2273 1600 24
f 2254 2191 2243
f 1520 52 2255
f 2255 1434 1348
f 2378 2256 2390
f 2106 2148 2253
f 2191 2405 467
f 2253 406 2252
f 2136 2286 2171
f 40 2135 1443
f 2309 1259 2094
f 830 418 2257
f 2257 306 1935
f 422 1495 2258
f 1825 1827 2258
f 259 2003 623
f 2286 14 1517
f 1449 2038 2282
f 525 1164 1637
f 1164 2291 492
f 2260 2158 2299
f 2254 2177 2261
f 2261 2285 1545
f 622 2319 2136
f 1442 39 2262
f 2031 183 1259
f 18 2405 2261
f 2048 2149 2181
f 2263 1592 472
f 1585 17 2264
f 2231 2159 1726
f 2200 817 94
f 2363 2314 2336
f 23 2141 2196
f 2293 23 2196
f 2265 2045 2082
f 1469 65 2265
f 2263 2181 2085
f 2291 2388 2296
f 2354 1445 30
f 2272 1587 36
f 2313 2291 2259
f 2266 1406 1271
f 2266 2125 999
f 2355 2251 71
f 1433 2252 406
f 2269 1525 37
f 2326 2280 2247
f 2248 2213 910
f 2263 472 1600
f 2329 443 1523
f 2260 2299 2268
f 445 2101 2351
f 2269 2330 2237
f 2270 68 2369
f 2270 690 2197
f 2271 2263 2085
f 1600 2273 2263
f 39 1519 2391
f 1525 2269 2101
f 2317 2307 2386
f 2357 2315 2288
f 1014 2327 750
f 2250 2011 2272
f 2020 468 1587
f 36 2250 2272
f 442 2404 1522
f 427 1483 2364
f 2148 2341 2253
f 2341 24 1429
f 2392 2356 2274
f 1573 2274 2137
f 2340 35 2275
f 2382 875 655
f 2277 2206 2173
f 2147 2340 2275
f 2305 69 1540
f 1468 2320 47
f 2197 2304 2270
f 16 2199 1430
f 2278 2188 2210
f 1519 2278 2391
f 2206 2277 2332
f 2152 777 2052
f 2280 2302 2152
f 1530 448 1375
f 782 2166 2323
f 28 1566 2131
f 2247 2280 2152
f 2268 2081 2260
f 2312 1821 2347
f 2295 74 2282
f 2377 1465 2320
f 2174 42 2283
f 1604 2242 2283
f 2284 2333 1822
f 2285 2261 873
f 2285 453 1545
f 1529 2322 46
f 2286 2136 2319
f 1517 2284 2286
f 1542 2335 2294
f 2305 2304 2276
f 2287 2218 2233
f 1603 41 2287
f 2150 2146 2288
f 2042 2239 2151
f 2245 2323 2166
f 1763 2164 2392
f 2284 438 2333
f 2301 2289 1450
f 412 1450 2289
f 2205 2289 2072
f 2299 443 2329
f 2159 2264 2290
f 655 2201 2396
f 1746 2159 2290
f 2248 2300 2292
f 2392 2274 1763
f 2225 2392 2164
f 1433 23 2293
f 2139 2252 2293
f 2344 2331 2137
f 2295 2180 1535
f 2294 2335 1248
f 2295 2119 2180
f 1535 74 2295
f 2393 2153 1423
f 2078 2385 2103
f 2385 2078 2361
f 2290 2264 17
f 2297 1684 2095
f 1561 75 2297
f 100 716 2104
f 2298 1471 830
f 46 2322 1486
f 2329 2268 2299
f 14 2286 2319
f 2352 2291 2313
f 2300 2188 2278
f 439 1518 2278
f 2376 2353 1453
f 1521 1944 442
f 2320 2166 2239
f 2213 2351 2101
f 1526 2292 38
f 2301 2182 2289
f 1450 66 2301
f 2317 2357 2288
f 2121 1498 2338
f 431 1489 2303
f 2304 2197 2276
f 2270 2304 455
f 405 1431 2267
f 1540 2304 2305
f 2306 2307 2232
f 885 2306 246
f 423 2375 1479
f 2303 1489 2236
f 2296 2402 2308
f 2394 2302 2280
f 1442 2262 2031
f 2332 1597 70
f 1549 2121 2302
f 2397 782 2323
f 2254 2261 2405
f 2094 1452 2309
f 413 2031 2309
f 31 2310 2189
f 2359 2299 2158
f 2251 2267 1431
f 2364 2361 2078
f 2382 655 2396
f 2310 31 1458
f 438 2284 1517
f 2312 646 1821
f 2267 1432 405
f 459 2352 2398
f 2398 2352 2313
f 2336 2310 2363
f 2296 2308 2179
f 2357 1479 2375
f 2316 878 2123
f 1570 72 2316
f 2179 2308 2339
f 2288 2307 2317
f 2329 2279 2268
f 2277 2318 470
f 1477 14 2319
f 2319 622 2249
f 47 2320 1465
f 2239 2377 2320
f 459 1575 2352
f 1413 2321 2328
f 2384 429 1486
f 2322 2326 2384
f 2323 2245 2384
f 2305 2276 2362
f 2324 2271 2096
f 1246 347 2325
f 2326 2323 2384
f 2337 2327 2203
f 2359 2327 2311
f 420 2047 1475
f 2335 1542 440
f 1413 2059 2321
f 28 2131 2279
f 1423 2153 402
f 2160 805 2153
f 2359 29 1502
f 450 2337 1532
f 37 1588 2330
f 26 2294 2344
f 2294 26 1542
f 406 2253 1429
f 2341 2148 2273
f 2277 1597 2332
f 2321 2374 2328
f 2312 1475 2047
f 2347 1821 2333
f 438 1516 2333
f 2279 2329 1523
f 2374 2321 2332
f 2376 69 2305
f 2112 1248 2335
f 1507 25 2324
f 1598 470 2318
f 2310 408 2363
f 2311 29 2359
f 2362 1413 2353
f 29 2311 1531
f 1498 431 2338
f 2338 2064 2121
f 2402 426 2377
f 2339 2042 2179
f 2340 2147 2229
f 1474 35 2340
f 2342 2367 2325
f 2327 2337 2311
f 1502 443 2299
f 2335 440 1507
f 2355 1598 2318
f 2307 2288 2146
f 1597 2277 470
f 646 2047 2342
f 1429 2253 2341
f 2273 24 2341
f 2325 347 2342
f 2330 1588 2343
f 2324 2335 1507
f 2020 2343 468
f 1587 2272 2020
f 2354 817 2314
f 1537 2344 2356
f 2374 70 1454
f 2370 2367 1472
f 2328 2353 1413
f 2351 2292 1526
f 2344 2294 2331
f 2356 2344 2137
f 94 817 2203
f 2345 2337 2203
f 2370 2379 2346
f 2047 420 2367
f 2325 2370 2346
f 1531 2311 450
f 2345 1532 2337
f 2347 1516 13
f 2354 2345 817
f 2058 1838 2256
f 13 1475 2312
f 2333 1516 2347
f 1590 2373 16
f 1595 2390 2256
f 2353 2328 414
f 2348 2092 2316
f 1432 2267 2348
f 1594 67 2349
f 2053 473 1601
f 1963 1620 2350
f 1575 2388 2352
f 1526 445 2351
f 2351 2213 2292
f 2388 2291 2352
f 1620 2379 2350
f 2312 2347 13
f 30 2345 2354
f 2362 2376 2305
f 2344 1537 26
f 2363 408 1445
f 2368 201 708
f 201 2368 2028
f 2355 2077 2251
f 71 1598 2355
f 2392 1538 454
f 2339 2239 2042
f 32 2358 1512
f 2337 450 2311
f 2357 2317 1584
f 2357 2375 2315
f 1622 435 2358
f 2327 2359 2158
f 1502 2299 2359
f 1602 473 2350
f 426 2402 1482
f 2360 1762 2131
f 1566 461 2360
f 1483 19 2361
f 2334 1547 453
f 684 1413 2362
f 2379 2370 12
f 2279 1523 28
f 2328 1454 414
f 2300 1518 38
f 2354 2314 2363
f 408 2310 1458
f 1445 2354 2363
f 2364 875 2382
f 1843 2034 2365
f 1552 1622 2365
f 2366 176 1843
f 2365 1622 2366
f 2107 2360 461
f 414 1453 2353
f 2367 2342 2047
f 2367 2370 2325
f 2380 2368 708
f 68 2270 1539
f 1472 12 2370
f 2132 583 2371
f 2080 715 2371
f 471 1594 2372
f 2372 2036 2194
f 466 1584 2317
f 2199 16 2373
f 1454 2328 2374
f 2332 70 2374
f 2375 423 2249
f 2249 2315 2375
f 2399 466 2317
f 2376 2362 2353
f 1453 69 2376
f 1584 15 2357
f 2377 2239 2339
f 1595 1 2390
f 2379 1620 2346
f 12 1602 2379
f 2377 2339 2308
f 2186 407 2380
f 2380 2219 2368
f 1495 4 2381
f 2033 1825 2381
f 2382 1484 427
f 2186 640 1438
f 2396 1484 2382
f 1 2383 2390
f 455 1539 2270
f 2364 2382 427
f 2383 1 1562
f 2383 2095 2114
f 2361 2364 1483
f 429 2384 2245
f 1424 2387 50
f 2387 1002 1610
f 2380 407 1437
f 1486 2322 2384
f 2361 19 2385
f 1547 2334 2385
f 2320 1468 2245
f 2219 2380 1437
f 2386 2169 2373
f 2399 2373 1590
f 2386 2307 2306
f 2280 2326 2322
f 2154 402 2153
f 2387 1610 50
f 2402 2377 2308
f 2388 1575 48
f 1521 20 2389
f 2396 2201 2389
f 2390 2383 2378
f 2262 39 2391
f 454 2356 2392
f 2392 2225 1538
f 1423 49 2393
f 2281 2160 2393
f 447 2302 2394
f 1529 447 2394
f 2280 2322 2394
f 2281 2393 2398
f 1533 2117 2395
f 20 1484 2396
f 2396 2389 20
f 2397 2178 782
f 2326 2247 2397
f 2256 469 1595
f 2386 2373 2399
f 1590 466 2399
f 2302 2121 2064
f 49 1564 2393
f 2313 2281 2398
f 2398 2393 1564
f 2317 2386 2399
f 2116 451 2395
f 1543 441 2400
f 2044 1348 1434
f 2245 1468 429
f 1515 2403 437
f 22 2403 1515
f 2398 1564 459
f 709 1089 2401
f 1582 298 2401
f 2402 2296 2388
f 2402 2388 1482
f 2323 2326 2397
f 426 1465 2377
f 2302 447 1549
f 2322 1529 2394
f 2403 2190 2127
f 2403 1505 437
f 2404 1944 1198
f 2117 1522 2404
f 2405 2191 2254
f 2261 1545 18
f 48 1482 2388
