# File exported by Houdini 21.0.631 (www.sidefx.com)
# 1714 points
# 9738 vertices
# 3246 primitives
# Bounds: [0.0651663095, -1.18384409, -1.18960559] to [0.636185467, 0.918201983, 0.902146161]
g 
v 0.371676296 -0.440236539 -0.391899139
v 0.319704145 -0.393270522 -0.440398186
v 0.268582612 -0.348701805 -0.491966456
v 0.219777822 -0.305805862 -0.547076285
v 0.174811378 -0.263794661 -0.606001258
v 0.135281637 -0.221852064 -0.668749034
v 0.102863796 -0.17917411 -0.734981537
v 0.0792768747 -0.135020107 -0.80392462
v 0.0662056208 -0.0887768939 -0.874279261
v 0.0651663095 -0.0400374085 -0.944153786
v 0.0773135051 0.0113123888 -1.01104712
v 0.103199653 0.0650115386 -1.07191885
v 0.14252305 0.12036936 -1.12337995
v 0.193924397 0.176264897 -1.16201496
v 0.254907846 0.231224105 -1.18480909
v 0.321951538 0.283580571 -1.18960559
v 0.390828311 0.331699997 -1.17547834
v 0.457088977 0.374220163 -1.14291108
v 0.516599894 0.410247743 -1.09372222
v 0.566004038 0.439464241 -1.03075647
v 0.603005588 0.462124377 -0.957432032
v 0.626443624 0.478964239 -0.877268791
v 0.636185467 0.491056532 -0.793495595
v 0.632909358 0.499656528 -0.708793998
v 0.61785078 0.506067336 -0.625180542
v 0.592568398 0.511540949 -0.544002295
v 0.558761001 0.517216623 -0.466002822
v 0.51814431 0.524089336 -0.391423225
v 0.472380996 0.532998562 -0.320111156
v 0.423055112 0.544628918 -0.251622021
v 0.371676296 0.559512854 -0.18530643
v 0.319704145 0.578031242 -0.120383158
v 0.268582612 0.600406349 -0.0560013838
v 0.219777822 0.626684904 0.00870253146
v 0.174811378 0.65670985 0.0745477453
v 0.135281637 0.690079689 0.142244995
v 0.102863796 0.72609973 0.21232143
v 0.0792768747 0.763729155 0.285031468
v 0.0662056208 0.8015365 0.360256582
v 0.0651663095 0.837679863 0.4374035
v 0.0773135051 0.869936287 0.515320361
v 0.103199653 0.895803213 0.592261076
v 0.14252305 0.912690938 0.665932894
v 0.193924397 0.918201983 0.73365736
v 0.254907846 0.910462677 0.792650461
v 0.321951538 0.888438284 0.840390742
v 0.390828311 0.852144063 0.874999821
v 0.457088977 0.802679896 0.895539701
v 0.516599894 0.742067397 0.902146161
v 0.566004038 0.672929168 0.895965397
v 0.603005588 0.598098218 0.878927469
v 0.626443624 0.52025497 0.853429556
v 0.636185467 0.441659093 0.822015285
v 0.632909358 0.364005327 0.787112296
v 0.61785078 0.28838855 0.750857472
v 0.592568398 0.215349317 0.715008616
v 0.558761001 0.144961953 0.680924177
v 0.51814431 0.0769377798 0.64958626
v 0.472380996 0.0107250866 0.621645868
v 0.423055112 -0.0544034056 0.597473443
v 0.371676296 -0.119276345 0.577205598
v 0.319704145 -0.184760734 0.56078136
v 0.268582612 -0.251704514 0.547967792
v 0.219777822 -0.320879072 0.538373768
v 0.174811378 -0.392915159 0.53145349
v 0.135281637 -0.468227625 0.52650404
v 0.102863796 -0.546925545 0.522660077
v 0.0792768747 -0.628709078 0.518893123
v 0.0662056208 -0.712759614 0.514022708
v 0.0651663095 -0.79764241 0.506750286
v 0.0773135051 -0.881248653 0.495726705
v 0.103199653 -0.960814714 0.479657799
v 0.14252305 -1.03306031 0.457447082
v 0.193924397 -1.09446692 0.428357601
v 0.254907846 -1.1416868 0.392158598
v 0.321951538 -1.17201889 0.349214792
v 0.390828311 -1.18384409 0.300478518
v 0.457088977 -1.17690003 0.247371361
v 0.516599894 -1.15231502 0.191576183
v 0.566004038 -1.11239338 0.134791046
v 0.603005588 -1.06022263 0.0785045475
v 0.626443624 -0.999219179 0.0238392465
v 0.636185467 -0.932715595 -0.028519636
v 0.632909358 -0.863661885 -0.0783182532
v 0.61785078 -0.794455945 -0.1256769
v 0.592568398 -0.726890266 -0.171006307
v 0.558761001 -0.662178636 -0.21492134
v 0.51814431 -0.601027071 -0.258163065
v 0.472380996 -0.543723702 -0.301534772
v 0.423055112 -0.490225494 -0.345851451
v 0.359408259 -0.276694417 0.0339286849
v 0.349429965 0.222194955 0.200232491
v 0.339541554 0.304900467 0.226103708
v 0.369159341 -0.380419046 0.0386622772
v 0.35119918 0.0665789619 -0.327426195
v 0.354948372 0.112907358 -0.430175632
v 0.376251251 -0.58499974 0.119166352
v 0.334206939 0.108622395 -0.581719935
v 0.338460386 0.14510648 -0.659543455
v 0.361315429 0.410540402 0.431795508
v 0.371148944 -0.658475637 0.155784458
v 0.342668176 0.493019432 0.465203941
v 0.363705277 -0.735438108 0.19127734
v 0.348794073 -0.80042851 0.228451625
v 0.337287396 0.596973896 0.56159997
v 0.340234876 0.186963364 -0.78448844
v 0.306661963 0.670424461 0.590277255
v 0.33445102 0.697111428 0.659908533
v 0.378191233 0.26136899 -0.908168256
v 0.328480989 -0.936103165 0.28396529
v 0.332958281 -0.166989684 0.405121714
v 0.328371078 0.342932343 0.074918732
v 0.352057278 -0.0600253046 0.196499541
v 0.335599154 -0.194882065 -0.317878872
v 0.303621203 0.432030797 0.100990571
v 0.386478633 0.0758910179 0.394726753
v 0.316900104 -0.290343761 0.288829863
v 0.351761132 0.781036615 0.765531361
v 0.291312307 0.462824643 0.206356555
v 0.396958619 0.287309855 -0.324600726
v 0.311944693 -0.38089636 0.260208189
v 0.287712693 -0.359650254 0.342291117
v 0.398293912 -0.418035686 -0.100638039
v 0.309875399 -0.0639074147 -0.447095007
v 0.276808292 -0.0508172102 -0.558414161
v 0.413673252 0.279159367 -0.453613013
v 0.287579447 -0.516516864 0.288744837
v 0.4792867 0.205302358 0.585285962
v 0.352173477 -0.146151915 -0.177488714
v 0.356843531 -0.0404734761 0.285578519
v 0.359326631 0.305020928 -0.121646859
v 0.432376236 -0.574892879 -0.0220995899
v 0.263761312 -0.00715033943 -0.637873888
v 0.483705908 -0.70831883 -0.0106144566
v 0.309323728 -0.589247823 0.247577652
v 0.209398657 -0.0436334386 -0.712360203
v 0.252552122 0.604670644 0.389647931
v 0.511365354 0.384571284 -0.743766665
v 0.229511425 0.0789267719 -0.857092738
v 0.456432223 -0.846003234 0.113718152
v 0.476906091 0.348468632 -0.797857285
v 0.206153139 0.728647888 0.494188458
v 0.415749073 -0.884659231 0.177504703
v 0.418004513 0.598054588 0.682734966
v 0.218882397 0.769543648 0.575412571
v 0.197503045 0.80292213 0.58895874
v 0.441212535 0.651235282 0.753498793
v 0.464269251 0.350227952 -0.952858388
v 0.467875928 0.358886123 -0.994530022
v 0.257494569 -1.01765406 0.365226954
v 0.336440504 -0.222128958 0.228331298
v 0.389520854 0.00157044164 0.451710343
v 0.342483699 0.318782747 -0.0243638977
v 0.367022991 0.197698534 -0.218999088
v 0.375118166 0.374693155 -0.183548614
v 0.351915836 0.0758244172 0.0527231842
v 0.340889722 -0.113915935 -0.27781111
v 0.3526811 0.0110044824 -0.0982689708
v 0.357061505 -0.174188346 -0.0978407785
v 0.349259079 0.162799358 0.0587232746
v 0.345733136 -0.0106806988 -0.274665058
v 0.288268209 -0.269451499 -0.455383301
v 0.320908308 0.368104875 0.168097302
v 0.376336426 -0.349268436 -0.0413363203
v 0.403489441 0.36374107 -0.280709177
v 0.407943994 -0.442802966 -0.276243001
v 0.414914846 0.0758896321 0.483424425
v 0.389349043 -0.435040861 -0.0150221698
v 0.369152755 0.160259485 -0.358141422
v 0.364429742 0.177906096 0.286136746
v 0.331473768 0.0193196032 -0.426271588
v 0.46689263 -0.557428062 -0.171717361
v 0.266060263 -0.582881987 0.317678273
v 0.380945623 0.195700809 -0.441956908
v 0.38240099 -0.442641497 0.0234732125
v 0.532850206 0.412167996 -0.687461674
v 0.324231803 0.384799182 0.259432375
v 0.369048744 0.251534194 0.341422796
v 0.253636897 -0.5064165 0.351155221
v 0.407206118 -0.582328081 0.0482891053
v 0.358387411 0.141667247 -0.16470927
v 0.353654861 0.0530737005 -0.169034749
v 0.361466348 -0.235634923 -0.155332685
v 0.349256307 -0.0540545844 -0.196538731
v 0.352278411 -0.173875317 0.0736052319
v 0.352683872 0.235981464 -0.0664511696
v 0.347267389 -0.152564272 0.166167244
v 0.349303365 -0.105776303 0.344053626
v 0.216861695 0.639599025 0.354791433
v 0.320520192 0.473505288 0.383707136
v 0.302785635 0.0303840488 -0.57119894
v 0.518160045 -0.699477434 -0.079862386
v 0.341120481 -0.591418087 0.191028878
v 0.408190727 0.333074868 0.490271479
v 0.300278306 0.0720145702 -0.648658216
v 0.408898264 -0.653291285 0.08650662
v 0.48642385 -0.85087502 0.0799773559
v 0.532026768 -0.769777477 -0.0344750956
v 0.378218085 0.212756664 -0.672165096
v 0.330942452 -0.661123574 0.22155422
v 0.285211772 0.597882926 0.461334139
v 0.302521974 0.112142697 -0.723272026
v 0.407268614 -0.732654572 0.127160817
v 0.367047936 0.520896673 0.540995061
v 0.261022717 0.080815807 -0.782518506
v 0.296629488 -0.799949884 0.289583385
v 0.545485795 -0.929787636 0.0584219359
v 0.361649901 0.631815374 0.634169996
v 0.289401561 0.136798307 -0.824597657
v 0.479546905 0.563041806 0.732806265
v 0.42697674 0.291402012 -0.771488249
v 0.281088322 -0.874934375 0.318277448
v 0.152225539 -0.737232447 0.437974304
v 0.256210864 0.710073411 0.556081533
v 0.467800468 -0.914843321 0.132990211
v 0.530930638 0.402138412 -0.817203999
v 0.315833092 0.212906525 -0.960414886
v 0.183312118 0.765244067 0.510761023
v 0.219275758 -0.883072615 0.378816366
v 0.417894721 0.73496443 0.797353029
v 0.276657134 0.737657249 0.622157156
v 0.382510304 -0.989368379 0.247094691
v 0.368502408 0.295636445 -1.09444857
v 0.347204059 0.204531923 0.132785112
v 0.322792441 0.408747554 0.00611876883
v 0.384958982 -0.0597430356 0.506322682
v 0.350990742 -0.212324739 -0.241169944
v 0.365155309 0.1090905 0.278192014
v 0.34533903 -0.129706129 0.256698638
v 0.367504686 -0.298070163 -0.214270398
v 0.376873136 -0.32465294 -0.130547613
v 0.381507486 -0.364911795 -0.2425192
v 0.361936986 -0.0811795741 0.427379191
v 0.342890114 0.249428436 0.0589277521
v 0.35043782 0.492173284 -0.134059101
v 0.351726532 -0.0815871283 0.103531837
v 0.353452235 0.0197420809 0.134147197
v 0.377322018 0.281528383 -0.224240303
v 0.352483004 0.117081471 0.134554774
v 0.36466825 -0.257237375 -0.0688284114
v 0.35197711 0.0111807156 -0.167209387
v 0.367863327 0.0419588238 0.314157456
v 0.347546518 0.390244246 -0.0886409283
v 0.368559211 -0.0188338645 0.369777948
v 0.361407757 0.222618669 -0.147534743
v 0.332436204 -0.0425259955 -0.358268231
v 0.528404653 0.424127936 -0.600522041
v 0.271674335 -0.958841085 0.341987908
v 0.155951947 -0.0355119966 -0.816002548
v 0.288227797 -0.177024126 -0.462262809
v 0.350804716 -0.343898296 0.115341768
v 0.377109438 0.216457412 -0.293107867
v 0.346396327 -0.137335226 0.485728711
v 0.390994698 -0.383458763 -0.19845137
v 0.33297959 -0.315442353 0.201590896
v 0.249972552 -0.224356383 -0.523732126
v 0.356357127 0.247248068 0.277806431
v 0.361377507 -0.432958484 0.0984017402
v 0.417509913 -0.500597894 -0.0604639575
v 0.25877291 -0.136290342 -0.540911555
v 0.25341174 -0.426313818 0.382659972
v 0.391196907 0.241466597 -0.370058507
v 0.362077922 0.134700269 -0.266399324
v 0.34945479 0.319159895 0.306900293
v 0.338285446 0.395888001 0.345582485
v 0.444677293 0.142295465 0.530894458
v 0.361228645 0.149785489 -0.512918591
v 0.42976132 0.355282515 -0.380132675
v 0.382685006 0.169549733 0.369045883
v 0.336229593 -0.407334685 0.1790317
v 0.347112179 -0.505085409 0.16043888
v 0.370010853 0.325661302 0.389970064
v 0.251372784 -0.368931293 0.424886107
v 0.227971047 0.598733783 0.285921633
v 0.273418963 0.524267733 0.291836351
v 0.369456023 0.183474302 -0.594104707
v 0.480379581 0.369545013 -0.570349634
v 0.504311979 0.423375756 -0.512425482
v 0.259329528 0.0405731052 -0.716122329
v 0.400509059 -0.513284445 0.0158012919
v 0.31411165 -0.468370974 0.237984821
v 0.40859744 0.254226148 -0.610407233
v 0.297521323 0.547428191 0.420171678
v 0.488054246 -0.778056681 0.0341027044
v 0.390172392 0.438042879 0.51732856
v 0.332371652 0.0687622204 -0.502593517
v 0.28456825 -0.443686426 0.31059286
v 0.211791605 -0.183542073 -0.596792042
v 0.471460223 -0.637875497 -0.0533828363
v 0.394966662 0.227842629 -0.526631832
v 0.452954084 -0.566216111 -0.0962992013
v 0.395583123 0.243532434 0.425482333
v 0.352537543 -0.0148192421 0.0370940603
v 0.354163766 0.179713115 0.209664509
v 0.353865057 0.0916152969 -0.0938634798
v 0.354677141 0.173227429 -0.0858811885
v 0.354184926 -0.110719219 -0.053154517
v 0.3528063 -0.0349567756 -0.0502892658
v 0.358138084 0.0290101971 0.229906812
v 0.351832181 0.125979409 -0.0174348094
v 0.352536559 -0.0731597543 -0.114660323
v 0.330585152 -0.196672991 0.317896545
v 0.238323703 -0.656147778 0.350665152
v 0.279812902 0.531728804 0.338038504
v 0.434800684 0.30241558 -0.545603812
v 0.32442078 -0.558441043 0.217646986
v 0.442195892 -0.646004915 0.0170370135
v 0.516360104 0.266287059 0.642070353
v 0.442441493 0.389015168 0.579010546
v 0.345716149 0.181093141 -0.739455462
v 0.323083222 0.560336411 0.495671153
v 0.505947828 0.386329681 -0.657309234
v 0.419911563 0.275369048 -0.691312373
v 0.314401567 -0.730302751 0.256875902
v 0.474685133 0.436344832 0.649730086
v 0.538893402 -0.84302038 0.0119841686
v 0.419235408 0.476864547 0.594398558
v 0.452778965 0.320765465 -0.631933749
v 0.164327696 -0.055146683 -0.777157545
v 0.447092563 -0.715395272 0.0558620021
v 0.305692285 0.129222244 -0.752638817
v 0.39202258 0.557399154 0.61333096
v 0.534417331 0.398508132 0.7043764
v 0.287193596 -0.658459187 0.285713732
v 0.214677721 0.676304936 0.423677236
v 0.37148729 -0.780843198 0.194468275
v 0.138052404 -0.674603283 0.457953513
v 0.17591469 0.0147420317 -0.855075538
v 0.281436712 0.647823215 0.520078599
v 0.260455161 0.657214463 0.492080897
v 0.211051181 -0.731708586 0.379528522
v 0.264936358 -0.730432391 0.318638384
v 0.185303614 -0.807185471 0.405636221
v 0.333559573 -0.858875155 0.260247767
v 0.269865304 0.147656873 -0.908768535
v 0.155718803 -0.880012333 0.434651047
v 0.242847487 -0.804791749 0.348591655
v 0.329284936 0.199120566 -0.86880517
v 0.434439301 0.321554154 -0.939759135
v 0.543505192 0.526308596 0.779309571
v 0.381047279 -0.912538648 0.224496976
v 0.631314516 -0.965967417 -0.00234019477
v 0.0910703391 -0.587817311 0.520776629
v 0.48684442 0.392233968 -1.11831665
v 0.0712399036 -0.839445531 0.501238465
v 0.584504843 0.635513663 0.887446404
v 0.538452625 -0.631602883 -0.236542195
v 0.605209589 -0.760673106 -0.148341596
v 0.0712399036 -0.0143625103 -0.977600455
v 0.631314516 0.485010386 -0.835382223
v 0.197294593 -0.284800261 -0.576538801
v 0.168223724 0.91544646 0.699795127
v 0.168223724 0.148317128 -1.14269745
v 0.48684442 -1.16460752 0.219473779
v 0.584504843 -1.086308 0.106647797
v 0.244180217 -0.286291778 0.54317081
v 0.397365689 0.552070856 -0.218464226
v 0.631314516 0.480957031 0.837722421
v 0.0727412477 0.782632828 0.322644025
v 0.575664699 0.514378786 -0.505002558
v 0.0727412477 -0.670734346 0.516457915
v 0.122861356 -0.996937513 0.46855244
v 0.197294593 0.641697407 0.0416251384
v 0.48684442 0.772373676 0.898842931
v 0.584504843 0.450794309 -0.994094253
v 0.0656859651 0.819608212 0.398830056
v 0.625380039 0.326196939 0.768984914
v 0.294143379 0.589218795 -0.0881922692
v 0.35638994 -1.17793155 0.324846655
v 0.575664699 0.180155635 0.697966397
v 0.197294593 -0.356897116 0.534913659
v 0.447718054 0.53881371 -0.285866588
v 0.538452625 0.110949866 0.665255189
v 0.447718054 -0.0218391605 0.609559655
v 0.397365689 -0.465231001 -0.368875295
v 0.168223724 -1.06376362 0.442902327
v 0.294143379 -0.218232632 0.554374576
v 0.345690221 -0.416753531 -0.416148663
v 0.0712399036 0.853808045 0.47636193
v 0.35638994 0.870291173 0.857695282
v 0.605209589 0.251868933 0.732933044
v 0.447718054 -0.516974568 -0.323693097
v 0.614724636 0.470544308 -0.917350411
v 0.625380039 0.502861917 -0.6669873
v 0.0727412477 -0.111898497 -0.839101911
v 0.11907272 -0.200513095 -0.701865315
v 0.294143379 -0.370986164 -0.466182321
v 0.35638994 0.307640284 -1.18254197
v 0.495262653 0.0438314341 0.635616064
v 0.224416122 0.203744501 -1.17341208
v 0.605209589 0.508804142 -0.584591389
v 0.0910703391 -0.157097101 -0.769453049
v 0.0656859651 -0.0644071549 -0.909216523
v 0.538452625 0.520653009 -0.428713024
v 0.423958659 0.827412009 0.885269761
v 0.11907272 0.708089709 0.177283213
v 0.423958659 -1.180372 0.273924947
v 0.0910703391 0.744914412 0.248676449
v 0.495262653 0.528543949 -0.35576719
v 0.397365689 -0.0868398771 0.58733952
v 0.423958659 0.35296008 -1.15919471
v 0.244180217 0.613545656 -0.0236494262
v 0.541301966 0.707498312 0.899055779
v 0.345690221 0.568772078 -0.152844787
v 0.0902565792 0.88286972 0.553790689
v 0.224416122 -1.1180768 0.410258114
v 0.288429677 0.899450481 0.816520572
v 0.575664699 -0.694534421 -0.192963824
v 0.155046508 -0.430571377 0.528978765
v 0.345690221 -0.152018547 0.568993449
v 0.625380039 -0.829058886 -0.101997577
v 0.155046508 -0.242823362 -0.637375116
v 0.155046508 0.673394799 0.108396366
v 0.224416122 0.91433233 0.763153911
v 0.244180217 -0.327253819 -0.519521356
v 0.288429677 0.257402331 -1.18720734
v 0.288429677 -1.15685284 0.37068671
v 0.122861356 0.0926904529 -1.09764934
v 0.0902565792 -0.921031713 0.487692237
v 0.495262653 -0.572375417 -0.279848933
v 0.122861356 0.904247046 0.629096985
v 0.634547412 0.40283221 0.804563761
v 0.541301966 -1.13235426 0.163183615
v 0.541301966 0.424856007 -1.06223941
v 0.0902565792 0.0381619632 -1.04148293
v 0.614724636 -1.0297209 0.0511718988
v 0.0656859651 -0.755200982 0.510386467
v 0.614724636 0.559176564 0.866178513
v 0.11907272 -0.507576585 0.524582028
v 0.634547412 0.49535653 -0.751144767
v 0.634547412 -0.89818871 -0.0534189455
v 0.430572033 -0.956883669 0.189232916
v 0.244269669 0.155021891 -0.993606329
v 0.327681184 -0.320313156 -0.390220672
v 0.374407351 0.712186873 0.726625502
v 0.178923056 0.0951284841 -0.998649418
v 0.376101941 0.279788822 -0.999037623
v 0.346336454 -0.247366786 0.137266219
v 0.35760963 0.10514193 0.212327465
v 0.353383511 -0.104803637 0.014544134
v 0.318088502 -0.228856549 -0.385166168
v 0.368012637 -0.378925234 -0.330076247
v 0.3525199 0.0429745205 -0.0276666712
v 0.349370658 0.201405153 -0.00794873573
v 0.446140409 0.062123768 0.555519044
v 0.409888685 0.156423405 0.453147501
v 0.291874796 0.491980016 0.0331326313
v 0.49610734 -0.628338099 -0.12631245
v 0.448653996 0.518932104 0.664883375
v 0.456375062 0.3590886 -0.480589747
v 0.320567518 -0.134701982 -0.376817465
v 0.356749445 -0.183300525 -0.0165446233
v 0.43781659 -0.495968789 -0.211272687
v 0.381829143 0.246879339 -0.822311521
v 0.466464132 0.335309237 -0.716280818
v 0.383924574 0.234012231 -0.743897259
v 0.380832285 -0.514958024 0.0754710808
v 0.399380863 0.441483051 -0.236969084
v 0.232145667 -0.0935703665 -0.621177614
v 0.47356686 0.423453629 -0.423353553
v 0.323796034 -1.01575005 0.307873338
v 0.304916352 0.460068971 0.301329821
v 0.430099964 -0.493698955 -0.141307861
v 0.552198529 0.330448419 0.698875844
v 0.160751715 -0.112233587 -0.721547067
v 0.486325085 0.362722188 -0.881110191
v 0.308987558 -0.0104680266 -0.49676767
v 0.294481814 -0.0889439359 -0.481194824
v 0.349560857 -0.284473181 -0.304289132
v 0.497060627 0.351782501 0.641273677
v 0.307029039 -0.217337191 0.46934852
v 0.301842272 -0.266695768 0.384719789
v 0.514952421 0.605150044 0.799948215
v 0.43381542 0.228764668 0.510531545
v 0.172816738 0.697863758 0.36226514
v 0.463412762 0.295473576 0.575749874
v 0.218168363 -0.576576948 0.386797547
v 0.151593506 -0.584742129 0.463193119
v 0.168353826 0.737359464 0.434430778
v 0.430985093 0.305764884 -0.854254067
v 0.184135929 -0.656123042 0.414047062
v 0.198197052 0.625651419 0.215816006
v 0.211579621 -0.49353534 0.421308547
v 0.24645257 0.553922355 0.209354475
v 0.26727128 0.517082989 0.122800775
v 0.337855607 0.283261776 0.143082723
v 0.272915602 0.79037869 0.678363562
v 0.324598968 0.47233066 -0.0599150509
v 0.507863641 0.481001049 0.714806974
v 0.3615565 0.454385251 -0.148956314
v 0.224389598 0.587735474 0.140489638
v 0.31996116 0.795832694 0.743095756
v 0.31848523 0.245511159 -1.06285489
v 0.210909471 0.0986614451 -0.939553797
v 0.485151291 0.691236436 0.832187593
v 0.291225106 0.753262401 0.660688698
v 0.191396147 0.122968882 -1.03462422
v 0.238928244 0.181600332 -1.07671702
v 0.440691561 0.341187865 -1.02668309
v 0.215340778 0.0206705146 -0.786455333
v 0.174814314 -0.135085508 -0.681568563
v 0.339054912 0.00155457947 -0.351897806
v 0.338234127 0.766480207 0.735085726
v 0.352321506 -0.260838896 0.089298591
v 0.367730141 -0.31561178 -0.00770448754
v 0.38294214 0.37549895 0.458383352
v 0.309669197 0.420138031 0.233975664
v 0.45086503 -0.937458694 0.160771623
v 0.201113328 0.0438442044 -0.854319036
v 0.358289897 0.111095488 -0.351024568
v 0.227733806 0.126783237 -0.964143693
v 0.35450986 -0.221492395 0.0559137985
v 0.250093132 0.1152739 -0.883551776
v 0.371102184 0.232161984 -0.220989764
v 0.402207971 0.279889911 -0.367488027
v 0.204985812 0.0644524917 -0.883573294
v 0.389683843 0.32631886 -0.253735423
v 0.334882975 0.329060376 0.0262625292
v 0.350438476 -0.246211156 -0.270612627
v 0.342627138 -0.0572275482 -0.276539057
v 0.342993379 0.275523186 0.0111987703
v 0.481165975 0.627469063 0.77995187
v 0.386243135 -0.382737875 -0.0718443096
v 0.429747552 0.696044326 0.777171314
v 0.343996853 0.738573492 0.714333713
v 0.437090427 0.312351197 0.537315071
v 0.426104963 0.363303006 0.53903985
v 0.30289349 -0.106181756 -0.447141081
v 0.352474004 -0.0336452611 0.117989942
v 0.239572138 0.122092485 -0.925188482
v 0.406073987 0.685022652 0.740427136
v 0.363328964 -0.266494989 -0.0218778439
v 0.261586845 0.10988427 -0.841376722
v 0.401789278 0.284264058 0.455156922
v 0.38722834 -0.371593922 -0.117696598
v 0.220553905 -0.0698560849 -0.664009809
v 0.397598624 0.806907475 0.840057015
v 0.35814029 -0.225045323 0.00639237976
v 0.219831944 -0.138814956 -0.610053003
v 0.212273344 -0.00804691389 -0.751153529
v 0.353283972 -0.0230255798 0.166188106
v 0.423711807 0.276609004 0.500840902
v 0.309492558 -0.278483361 0.33403334
v 0.335621804 -0.0754632801 -0.321074754
v 0.352583557 0.0489168912 0.090282172
v 0.377647787 0.0251189973 0.382288039
v 0.326187849 -0.0883470476 -0.366655409
v 0.345279217 -0.166670248 -0.256511301
v 0.364199191 -0.334886074 0.0365663432
v 0.399811894 0.390705198 0.504671693
v 0.343952239 0.355669945 -0.0568768159
v 0.47841689 -0.95524621 0.14020057
v 0.350671917 0.312279731 -0.0739891529
v 0.245024517 -0.115540236 -0.580357909
v 0.352615893 0.000611242198 0.0828596279
v 0.355765164 -0.312231153 0.0790546834
v 0.348691642 0.234816834 -0.0224147998
v 0.343565643 0.0666432306 -0.41924575
v 0.377681524 0.331335336 -0.202753827
v 0.371646047 0.483892053 -0.17576842
v 0.193290845 0.0688138977 -0.916402102
v 0.432630002 0.313356876 -0.896750152
v 0.195245475 0.0173276272 -0.822191536
v 0.277836025 0.49139294 0.16096884
v 0.442917883 0.354894221 -0.431500971
v 0.233377188 -0.499948144 0.386064261
v 0.385714471 0.328686029 0.435948461
v 0.213671833 -0.534631073 0.403627366
v 0.342858076 0.462827623 -0.104680017
v 0.258910716 0.772216022 0.637950599
v 0.489738554 0.280218005 0.61041075
v 0.312374294 0.4197734 0.0534843318
v 0.435699999 0.394155234 -0.354661942
v 0.462855875 0.604831457 0.742993832
v 0.367235094 0.154490933 -0.436148524
v 0.368196189 0.295449406 -0.169799954
v 0.465716243 0.670834482 0.79607302
v 0.341015548 -0.234607577 0.183191717
v 0.346016854 0.0217661541 -0.310384542
v 0.38454634 0.759714425 0.782636881
v 0.419509858 0.310403436 -0.408499599
v 0.364869982 0.746833444 0.747804701
v 0.424493045 -0.920467675 0.181630835
v 0.274434954 -0.91654098 0.331812233
v 0.247787282 0.0797366947 -0.814523458
v 0.19398281 -0.526450574 0.432611078
v 0.34621945 -0.0816655532 -0.233263955
v 0.298385561 0.458697855 0.25914675
v 0.321384132 -0.0220907349 -0.433072507
v 0.209236786 -0.447078526 0.446958452
v 0.349564463 -0.163709685 0.12003354
v 0.347633541 -0.131103024 -0.223951638
v 0.318085462 -0.21318163 0.394754678
v 0.367391378 0.250890732 -0.180944443
v 0.361124754 0.382216722 -0.135880038
v 0.378592551 0.246346742 -0.262543768
v 0.160205379 0.0409162566 -0.928683579
v 0.396219492 0.236883342 -0.447613776
v 0.351531237 -0.127901465 0.0890853405
v 0.489394158 0.422622561 -0.468291819
v 0.3374888 -0.16160059 -0.30178836
v 0.221139416 0.0912786722 -0.90121603
v 0.379994094 0.202445447 -0.365201861
v 0.296604425 0.445835501 0.150172234
v 0.240080595 -0.928755403 0.365481347
v 0.398659766 0.118784972 0.425573528
v 0.268547714 0.512985528 0.206846744
v 0.346246272 0.109598406 -0.507166624
v 0.32314977 0.730413258 0.679064453
v 0.308489114 0.412612945 0.184656769
v 0.406422436 0.772067308 0.817783117
v 0.319830358 0.52096653 0.442394525
v 0.415780693 0.411987841 0.547220647
v 0.404705763 -0.936819434 0.208134085
v 0.565178037 -0.87622726 0.00421183556
v 0.43058604 0.620695233 0.716619313
v 0.354492217 0.361908704 0.368278444
v 0.332837015 -0.209638521 0.273151845
v 0.235226482 0.716797113 0.529265642
v 0.348558366 0.0686925128 -0.37092936
v 0.341707706 -0.329077423 0.158284739
v 0.35332486 0.0710438564 0.131456524
v 0.365877211 0.465477735 0.490058839
v 0.32470715 -0.302601814 0.244988754
v 0.479667604 -0.886329472 0.106412672
v 0.246934965 -0.0495287478 -0.630642772
v 0.496121883 -0.929535866 0.10978023
v 0.406197906 0.300829619 -0.969313264
v 0.417036951 0.359586269 -0.329723567
v 0.513773441 0.376798034 0.671633005
v 0.405599207 0.291855365 -0.924920917
v 0.331525117 -0.123659082 -0.331290096
v 0.346166313 -0.199544355 0.151463419
v 0.352794886 -0.114146173 -0.139083058
v 0.544836998 0.586613297 0.817676067
v 0.345748544 -0.141192466 0.211770341
v 0.329513162 -0.483355343 0.200680792
v 0.355259985 0.0210972391 0.185048074
v 0.357484996 0.101219013 -0.299106866
v 0.538770854 0.253427237 0.666022539
v 0.340732396 0.442809522 0.407168508
v 0.396269679 0.722524226 0.76208514
v 0.349342883 -0.106100254 0.181087509
v 0.370015264 -0.302901089 -0.0542168133
v 0.293346226 -0.315007687 0.360400319
v 0.351480544 -0.0702571794 0.150117248
v 0.389080375 0.0353751592 0.42494151
v 0.518211246 0.424858898 -0.556612194
v 0.389334917 0.36839658 -0.231924057
v 0.323917747 -0.393639386 0.219686866
v 0.330369353 0.335972816 0.198180392
v 0.287203163 -0.224061251 -0.457654387
v 0.168458238 -0.771719873 0.421338022
v 0.469740421 0.727141678 0.845077276
v 0.354587018 0.205465779 0.232823804
v 0.311720848 0.400521517 0.135540903
v 0.232907608 -0.457787544 0.40394482
v 0.303435177 -0.201320514 -0.422571629
v 0.280056119 0.497494787 0.249439284
v 0.407907784 -0.973814189 0.217740506
v 0.334638596 0.398955077 -0.0413017571
v 0.458517492 0.41314733 0.615400076
v 0.451227516 0.71137321 0.813171208
v 0.36176151 -0.548031032 0.137448907
v 0.332927465 -0.255736411 -0.348006636
v 0.319767416 0.0282765105 -0.499592006
v 0.49273029 0.39571476 -0.541056395
v 0.339762002 0.0304877665 -0.385073215
v 0.324900985 0.375610799 0.0400496721
v 0.450956047 0.391163886 -0.403143257
v 0.340365529 -0.175647795 0.242449433
v 0.127553686 -0.812393188 0.45715493
v 0.512637377 -0.848595977 0.0469323322
v 0.317966193 0.0698673874 -0.576400638
v 0.366052687 0.339702636 -0.153093055
v 0.31742543 -0.181750789 -0.383599371
v 0.360065907 -0.360810995 0.0744446889
v 0.331094086 -0.0112816477 -0.392727166
v 0.469642282 0.3691957 0.610828817
v 0.353423893 0.4231776 -0.119555853
v 0.539988816 -0.88371259 0.0368929133
v 0.322721303 -0.243639648 0.303815246
v 0.340552807 -0.453611642 0.169233799
v 0.369119376 0.176671505 -0.281262904
v 0.303410977 -0.2387826 0.429599941
v 0.333891451 0.36462611 -0.00832691882
v 0.347897977 -0.29592514 0.124887466
v 0.350127786 -0.117045194 0.13505578
v 0.23251088 0.192768574 -1.1227535
v 0.384063959 0.286085367 0.409289062
v 0.386223704 0.126205802 0.382399768
v 0.28149876 0.214504257 -1.06556535
v 0.447729737 0.263457596 0.542280555
v 0.344614267 0.225776806 0.0973693356
v 0.539178073 0.292719066 0.674269438
v 0.386286706 0.408841193 -0.211699679
v 0.318827033 -0.230210319 0.349638194
v 0.288958818 -0.00975915045 -0.565421045
v 0.446652204 0.456021816 0.622128606
v 0.32164669 0.428581417 0.322843075
v 0.512273967 -0.809949398 0.0226768926
v 0.352411479 -0.0472417176 0.0707777366
v 0.543613136 0.451387435 -0.569467962
v 0.461116225 0.342189699 -0.910598814
v 0.350169718 -0.21116972 0.104622997
v 0.332793266 0.31207785 0.109894678
v 0.458227873 -0.976177156 0.169372201
v 0.375068694 0.0539930575 0.351658732
v 0.34669739 0.205183029 0.0592080317
v 0.300132543 -0.947164297 0.313526094
v 0.227263048 -0.617290974 0.368192255
v 0.388124406 -1.07045639 0.267353982
v 0.380334437 0.447301686 -0.192800418
v 0.365670234 -0.509736419 0.114383586
v 0.365935445 -0.328264594 -0.274529248
v 0.351520479 -0.178619623 -0.210757673
v 0.388399929 0.286792129 -0.279070169
v 0.275483489 0.574234545 0.401323706
v 0.480189145 0.324655324 0.609211743
v 0.421420574 0.192814827 0.481053352
v 0.370276392 -0.291459531 -0.0992536396
v 0.521932244 0.394218922 -0.776287377
v 0.354857504 -0.140633389 -0.108250879
v 0.125084668 -0.851460993 0.459229469
v 0.323577464 0.356184363 0.121756852
v 0.172306746 -0.843674362 0.418621004
v 0.273096681 -0.156515971 -0.502073586
v 0.441867977 -0.900561392 0.154973626
v 0.434011668 0.321019292 -0.464651823
v 0.404733926 0.456782788 0.556967735
v 0.423702121 0.0252824314 0.530236661
v 0.402118891 0.0407112092 0.465364754
v 0.428984523 -0.721747935 0.0885311067
v 0.201772749 -0.844154239 0.391792357
v 0.310777456 0.769499898 0.704201877
v 0.498055518 0.236223131 0.614178181
v 0.392630041 0.498680711 0.567189455
v 0.354883075 -0.181114107 0.027644759
v 0.221392229 0.0488750637 -0.81987083
v 0.413225621 -0.456238478 -0.124052659
v 0.269536108 -0.0295718666 -0.597844243
v 0.260212362 0.0164520927 -0.677731991
v 0.352361768 0.0307454467 0.0465535112
v 0.468862146 0.364160419 -0.526569188
v 0.353749156 -0.0503276363 0.241749763
v 0.306836545 0.482922494 -0.0135154324
v 0.333907545 -0.268857867 0.214562133
v 0.465702146 0.390908241 -0.450806797
v 0.388031125 -0.692681193 0.140446857
v 0.377415955 0.189168021 -0.51935339
v 0.297478437 -0.986275315 0.324354142
v 0.509811103 0.38290906 -0.850212514
v 0.481803536 0.355542123 -0.839218438
v 0.349512339 -0.0953487754 0.226555973
v 0.212057903 0.750238359 0.537191749
v 0.200116023 -0.616008043 0.4020105
v 0.360408753 -0.289611131 -0.255021274
v 0.446069658 0.329452604 -0.512633145
v 0.364334077 -0.267409414 -0.185324773
v 0.479740739 0.392842442 -0.496754378
v 0.537138045 -0.80625689 -0.01207319
v 0.317380846 0.387934327 0.0877663195
v 0.337391078 0.351566732 0.283958286
v 0.330399036 -0.182474107 0.362190604
v 0.343311667 0.255316943 0.17307891
v 0.339687258 -0.150579676 0.331110507
v 0.164240465 -0.694148779 0.430044651
v 0.376616627 0.26988256 -0.95318979
v 0.342806309 -0.187642813 0.197288096
v 0.352474958 -0.093325004 0.0578915142
v 0.405304253 0.252448916 -0.491313666
v 0.50574249 0.647398949 0.820161819
v 0.503342986 0.417630196 0.676747501
v 0.231628045 -0.843462706 0.363263994
v 0.336907744 0.296302021 0.0637986287
v 0.40077576 0.076830253 0.443698972
v 0.404123574 0.199817657 0.439564347
v 0.389172912 0.205775216 0.397108525
v 0.408591717 -0.690485299 0.105759628
v 0.333739102 -0.361595988 0.189751595
v 0.22504051 0.153182685 -1.0342623
v 0.305328786 -0.147410437 -0.424975485
v 0.507858813 0.308794916 0.641256452
v 0.272912025 -0.993388116 0.347468376
v 0.171247125 -0.61943692 0.434123129
v 0.408484221 -0.460916847 -0.0802721158
v 0.300048292 -0.369475424 0.300872147
v 0.36010462 -0.221146926 -0.0405701883
v 0.446447134 0.102044478 0.542354167
v 0.355134785 -0.389644176 0.107387416
v 0.214720219 -0.959129512 0.391798913
v 0.350959599 -0.0845741332 0.27106604
v 0.2263567 -0.768457055 0.363686532
v 0.137450099 -0.774160147 0.449465543
v 0.266662776 -0.0930053443 -0.550072134
v 0.406137586 -0.426147312 -0.198469505
v 0.544615924 -0.729747713 -0.0916260034
v 0.357741594 -0.335694045 -0.318074852
v 0.346396744 -0.11794211 0.300836504
v 0.356077701 -0.191700205 -0.167220011
v 0.560854793 -0.801000118 -0.0468901619
v 0.358736038 0.176926926 0.247703344
v 0.30885011 0.451298684 0.0197350644
v 0.223224878 0.590882063 0.212487176
v 0.306196362 0.717939556 0.642342806
v 0.353166074 -0.137699604 0.0442047082
v 0.198107451 -0.769581676 0.3927055
v 0.439057946 0.747807205 0.830885768
v 0.247502625 0.754738569 0.599737048
v 0.350943893 0.119903028 0.0565420575
v 0.297073007 0.462278336 0.0663127154
v 0.281770408 0.0333496109 -0.643538296
v 0.378474951 -0.405009061 0.00984848477
v 0.496398538 0.585211277 0.766750872
v 0.352779061 -0.0605989732 0.0250420272
v 0.348867625 -0.420921415 0.138312712
v 0.321013331 0.377787113 0.214308351
v 0.37240541 0.175715819 0.327123225
v 0.434729099 -0.760404348 0.100067273
v 0.433832496 0.497659177 0.630202174
v 0.360372841 -0.214075595 -0.0840340629
v 0.419113964 0.436982185 -0.282660574
v 0.379237711 0.480942637 0.52943933
v 0.375492871 0.422207534 0.475264758
v 0.204476535 -0.918343723 0.39574641
v 0.212412328 0.699419081 0.458965302
v 0.340610474 -0.281914383 0.169996634
v 0.471725047 0.341633856 -0.757196128
v 0.314541757 -0.0991800353 -0.410764515
v 0.352721363 0.705303252 0.692649364
v 0.351383835 0.146542579 -0.587554336
v 0.260871261 -0.840584219 0.333749801
v 0.202212572 0.105080202 -0.972106934
v 0.359026611 -0.20411402 -0.125547782
v 0.196502581 -0.694316626 0.396710128
v 0.146674931 -0.839130461 0.440964848
v 0.350507796 0.140259385 0.0959013999
v 0.300219119 0.173764229 -0.889944971
v 0.235663444 0.691781819 0.493722498
v 0.407668203 0.311057448 -1.01506865
v 0.171204507 0.658726692 0.218566462
v 0.362989336 0.136046663 -0.394874871
v 0.364009142 -0.247061789 -0.112707593
v 0.511432648 0.544264376 0.75635767
v 0.491455585 0.37568897 -0.612596035
v 0.200666562 0.619593561 0.144280776
v 0.237283632 0.0286208633 -0.750672877
v 0.322475761 0.441235662 -0.0270138681
v 0.348567277 0.237986013 -0.93459636
v 0.303807378 -0.906719327 0.301555872
v 0.463830084 0.540703356 0.698929369
v 0.381145954 -0.950407207 0.23626557
v 0.351602167 0.101355031 0.0171350241
v 0.348865896 0.184208393 0.0229963921
v 0.192716449 0.688052416 0.392887145
v 0.405512303 0.283835202 -0.881415367
v 0.361384302 0.263017267 -0.136469513
v 0.349855274 -0.0993062183 -0.187716022
v 0.339178354 -0.163389951 0.287098289
v 0.510534883 -0.774324536 -0.000313214608
v 0.514328122 0.45142895 -0.484082788
v 0.359031737 -0.0620165728 0.356961429
v 0.424737126 0.29186216 -0.500557184
v 0.478040546 0.499951303 0.690309346
v 0.431257218 0.433985859 0.585917652
v 0.429195493 0.298542202 -0.81246376
v 0.448143065 0.58110404 0.708024323
v 0.139018372 0.753500521 0.404283345
v 0.383285731 -0.723015308 0.158989668
v 0.211517245 0.126509011 -1.00003934
v 0.250935376 -0.693807721 0.334202468
v 0.355087996 -0.0149672274 0.212879941
v 0.238103926 -0.413511544 0.419098645
v 0.291261792 0.179712489 -0.93442899
v 0.344294399 -0.552133203 0.176508844
v 0.39620775 -0.403295428 -0.228030011
v 0.360233366 0.183076397 -0.156118035
v 0.332107604 0.0463699736 -0.46298939
v 0.352468789 0.015456032 0.00421154359
v 0.344922692 0.247009873 -0.982126951
v 0.169953197 -0.537770152 0.457834989
v 0.348696858 0.402295351 0.38837111
v 0.49101302 0.458990663 0.682677567
v 0.357718945 0.131466702 -0.4716748
v 0.41996029 0.538051963 0.639087498
v 0.552864075 -0.764691114 -0.068729043
v 0.18973358 -0.0391363502 -0.753498912
v 0.343007267 0.542426944 0.516353548
v 0.373972237 0.188075364 -0.324009508
v 0.279091805 0.502703071 0.0779348686
v 0.330513448 0.325146794 0.154279485
v 0.35471186 -0.963739991 0.265882671
v 0.414072752 0.265750021 -0.535243511
v 0.380069017 0.253816515 -0.864524782
v 0.346565396 0.225132957 0.0203586929
v 0.360158712 0.286877185 0.32693544
v 0.377827734 -0.337154537 -0.0859050229
v 0.453180015 0.342347473 0.575267017
v 0.352527887 -0.0321383961 -0.0953838527
v 0.413348109 0.11448478 0.46764943
v 0.29030028 -0.131473139 -0.471566439
v 0.331089556 -0.896653056 0.27184239
v 0.435792238 -0.994829893 0.198473409
v 0.403016031 0.403358698 -0.258495033
v 0.521347582 -0.659051776 -0.138770252
v 0.444127202 0.311928213 -0.589195251
v 0.479800284 0.455627948 -0.397956192
v 0.467307061 0.34480086 -0.600980699
v 0.343208134 0.243394524 0.135048404
v 0.224465281 -0.693782091 0.36560601
v 0.394667476 -0.426361144 -0.0560460426
v 0.31336695 -0.336134762 0.273958355
v 0.368349135 -0.279578984 -0.142887712
v 0.512017846 -0.895421207 0.0748307183
v 0.340068996 -0.232363194 -0.312173843
v 0.558758318 0.550372124 0.808757186
v 0.42231527 0.277459383 -0.578335345
v 0.358187735 0.322921276 0.347437918
v 0.414737999 0.0443985425 0.497798681
v 0.288502276 -0.836227953 0.304296464
v 0.279299587 0.691181958 0.570410967
v 0.364677846 0.577017426 0.587723196
v 0.258715093 0.152773261 -0.951575339
v 0.339689463 0.268414497 0.101397179
v 0.309372067 0.511325061 0.401985914
v 0.497546107 0.452566504 -0.441272676
v 0.350871563 0.166948974 -0.0134109855
v 0.327886105 -0.256225914 0.259009302
v 0.51054877 0.386004388 -0.707104266
v 0.416773409 -0.780027747 0.134229705
v 0.345120728 0.259347647 -1.0286473
v 0.344388902 -0.375456005 0.148022205
v 0.3626526 0.144063145 0.264616489
v 0.358442277 -0.256234199 -0.227462262
v 0.352830321 0.452797413 0.449108511
v 0.351206839 -0.0686275065 -0.155763224
v 0.370384008 0.28678292 0.366303474
v 0.299317211 -0.454857945 0.274484485
v 0.253268659 -0.180290952 -0.53177166
v 0.505698681 -0.974026442 0.121620029
v 0.367195517 0.367469162 0.412182897
v 0.279999346 0.184677422 -0.980977356
v 0.383047879 -0.393665403 -0.0289720409
v 0.355626792 -0.466248214 0.127890944
v 0.35041225 0.162610754 0.135037556
v 0.465429515 -0.712038398 0.0232644714
v 0.231111258 -0.203500941 -0.559332907
v 0.454801947 0.327322274 -0.826468825
v 0.462176412 0.478004932 0.656714559
v 0.412275732 0.653388023 0.720828176
v 0.365473926 0.218873501 0.308911681
v 0.201294482 0.146654546 -1.07011414
v 0.411506206 -1.01233339 0.227573141
v 0.512565196 0.400844604 -0.619425535
v 0.352320462 0.0842772797 -0.0219587367
v 0.419667393 0.398584634 -0.306218922
v 0.501340866 -0.704088986 -0.0450788662
v 0.354598433 -0.145053804 0.00234214589
v 0.391819924 -0.619724095 0.102491505
v 0.352641732 0.230356231 -0.889388323
v 0.358127654 -0.00644597271 0.257418394
v 0.224326178 -0.38953495 0.460985899
v 0.429216832 0.109083615 0.506252885
v 0.286879003 0.47530371 0.113054141
v 0.332969964 0.816374421 0.779239476
v 0.285196275 -0.402433485 0.325138032
v 0.374646127 0.178134307 -0.400345951
v 0.34793371 0.271496207 -1.06610548
v 0.347818792 -0.348560721 -0.35916844
v 0.456751853 0.426490515 -0.37731418
v 0.253820419 -0.767210424 0.333906829
v 0.362624317 0.00221398519 0.300115407
v 0.265019834 0.722637892 0.586352348
v 0.35029763 0.18886286 0.170051187
v 0.344496757 0.0893481746 -0.465683192
v 0.285463184 -0.282724738 0.427203804
v 0.531896532 0.418288946 -0.643694699
v 0.37136057 0.206429541 -0.252496541
v 0.129522577 -0.045348797 -0.844768047
v 0.376608878 0.211492136 0.354417384
v 0.357088327 -0.885034382 0.241616517
v 0.279823333 0.141915128 -0.866088331
v 0.339562982 -0.303367078 -0.351093709
v 0.440595955 0.18434456 0.520416081
v 0.234656394 0.571141005 0.173177421
v 0.352726817 -0.0278635174 -0.00709944312
v 0.405039072 0.577174008 0.648427367
v 0.362512469 0.171079069 -0.1964802
v 0.347558111 -0.123402826 0.416016817
v 0.503317356 0.375608832 -0.80873841
v 0.275843382 -0.620936394 0.301160812
v 0.559867501 0.428117275 -0.824533522
v 0.256782472 0.53360641 0.167448476
v 0.372089356 0.172266006 -0.477721542
v 0.191117525 -0.0915280655 -0.694693387
v 0.322992921 0.205758423 -0.913148642
v 0.305575281 0.0096782567 -0.533036351
v 0.472780436 0.36852321 -1.03436136
v 0.355308175 -0.161858857 -0.135939226
v 0.49057737 0.370099247 -0.923135519
v 0.524527431 0.337015629 0.670047581
v 0.460372239 0.328657269 -0.674388289
v 0.466538966 -0.745870471 0.044484444
v 0.413427144 0.237635255 0.468848884
v 0.258376241 -0.544922948 0.334719062
v 0.379293621 0.538520038 0.577436566
v 0.319164157 0.10918878 -0.653859198
v 0.506936252 -0.73915273 -0.0228926744
v 0.406176209 0.517891884 0.603652358
v 0.269242465 -0.434628814 0.34683609
v 0.326349825 -0.976010084 0.295740902
v 0.461110145 0.174526021 0.556945741
v 0.212524682 0.612212062 0.250989467
v 0.16201973 0.797057867 0.525133908
v 0.243103743 -0.580222726 0.351897836
v 0.427570254 -0.685463965 0.0707700849
v 0.524977505 -0.952262521 0.0915498808
v 0.330132991 0.390334636 0.302954167
v 0.370664746 -0.324152827 -0.238427296
v 0.426106095 -0.649733782 0.0517071746
v 0.181686103 -0.733112752 0.409758836
v 0.38295272 0.204886317 -0.560756087
v 0.354018003 -0.0735027343 0.314516872
v 0.355559289 -0.924341619 0.254110277
v 0.386124492 0.253796548 -0.30538705
v 0.354756117 0.347803861 -0.104968563
v 0.272212237 -0.51212877 0.317594945
v 0.30783385 -0.294133842 -0.42241776
v 0.373156995 -0.363200784 0.00110302353
v 0.352176666 0.0584513545 0.0118729183
v 0.361656487 -0.0300561413 0.328104705
v 0.494504988 0.521955192 0.723480105
v 0.383424789 0.226815835 -0.332976311
v 0.270106792 -0.201449886 -0.494476318
v 0.312403411 -0.0278767701 -0.46626246
v 0.307003856 0.560624659 0.46129173
v 0.284442484 -0.308383822 0.39709568
v 0.354911566 0.505592644 0.503823638
v 0.352628618 0.003213146 -0.0356804393
v 0.375957936 0.290200323 -1.04508531
v 0.486202896 0.394167274 0.644331157
v 0.387494087 0.219440162 -0.40567717
v 0.321732134 -0.275223523 -0.386465728
v 0.439243048 0.472134382 -0.30507648
v 0.423990846 0.283881158 -0.731237531
v 0.280208051 -0.765938997 0.303817749
v 0.32680288 -0.176835552 0.476829439
v 0.46265468 -0.780560911 0.0712807029
v 0.388064861 -0.410518497 -0.302913547
v 0.45803076 0.334596455 -0.86835748
v 0.259296566 0.557131648 0.038984634
v 0.405510277 0.276464283 -0.838900745
v 0.356529266 0.223468915 -0.846064031
v 0.389303684 0.614714682 0.657973468
v 0.20729202 -0.22640653 -0.583601117
v 0.457030863 0.337213874 -0.557573199
v 0.19847323 0.652359009 0.325925171
v 0.320071727 0.684317887 0.626002192
v 0.436855823 0.33065781 -0.98314631
v 0.433951229 0.559042394 0.673731506
v 0.348100096 0.183548108 0.0965618715
v 0.334286779 0.650267601 0.611571252
v 0.31176734 0.466027349 0.342245281
v 0.251112849 -0.88132906 0.348675996
v 0.178932965 -0.911946118 0.417146713
v 0.33300525 0.0892158672 -0.542238414
v 0.4112629 0.319766909 -0.352302104
v 0.401950687 0.241702989 -0.56887114
v 0.387857854 0.21248515 -0.484123319
v 0.401780933 0.261366665 -0.408833265
v 0.330959469 0.48246038 0.424936116
v 0.390464872 -0.656214893 0.121414468
v 0.37323454 -0.311091423 -0.173673972
v 0.24044852 0.0536765456 -0.784425557
v 0.351943046 0.0955119133 0.0936369374
v 0.347201735 -0.0345281996 -0.236824125
v 0.392522156 -0.58396256 0.0831837952
v 0.365229845 0.168735296 -0.238241747
v 0.20344989 0.63381809 0.289142638
v 0.292217612 0.70413512 0.606233895
v 0.307019442 0.221467555 -1.01575661
v 0.289940715 0.487307131 0.284227252
v 0.236681715 -0.540450752 0.369091421
v 0.348570049 0.128572524 -0.547605693
v 0.429212779 0.0698224232 0.519333422
v 0.300948709 0.0512359925 -0.609990001
v 0.402444512 -0.46745798 -0.0387986116
v 0.357500702 -0.180545151 -0.0584046394
v 0.357117444 -0.223694488 -0.197938666
v 0.337749988 0.294985086 0.184637517
v 0.488268971 -0.813726187 0.0563454628
v 0.368899226 0.0123744961 0.341103703
v 0.257291853 0.544167757 0.0857475773
v 0.323405832 -0.348412782 0.231738672
v 0.31232664 -0.424867541 0.248067066
v 0.318584353 0.0494251698 -0.537571847
v 0.287188113 -0.258335292 0.464155465
v 0.246095777 0.554653168 0.132781953
v 0.340224892 -0.0270956662 -0.315516144
v 0.313886702 -0.831394613 0.275855303
v 0.271040827 -0.39430204 0.363250941
v 0.447301775 0.313207269 -0.744236171
v 0.496163487 0.368083805 -0.768914104
v 0.410277367 0.3235313 -1.06659782
v 0.236287862 0.00143241556 -0.713504314
v 0.388486862 0.219378218 -0.601631761
v 0.342367887 -0.137124062 0.374197364
v 0.504114807 0.398650169 -0.583389938
v 0.457318813 -0.642069459 -0.0179133452
v 0.493814737 -0.668856382 -0.0671944842
v 0.357475847 0.195957124 -0.117595367
v 0.380821168 0.247546643 0.382419676
v 0.526162624 0.502628267 0.747359991
v 0.195741072 0.669159472 0.359510154
v 0.472375035 0.249746799 0.579599261
v 0.451273859 0.320245653 -0.785136282
v 0.53892082 0.409482598 -0.859229267
v 0.35323593 0.558999002 0.551572204
v 0.236588985 0.576279461 0.248683363
v 0.143101722 -0.633038282 0.460438639
v 0.462179422 -0.677297413 0.00262704887
v 0.362390995 0.0360006019 0.27376762
v 0.260397673 0.0636306629 -0.752292931
v 0.25919503 0.538122475 0.248503774
v 0.354427069 0.132906824 -0.0899603888
v 0.528329432 0.566337645 0.788167119
v 0.405238092 0.269435197 -0.79753989
v 0.378039867 -0.339762658 -0.205148205
v 0.384352624 -0.356796831 -0.16325292
v 0.266819149 0.84510386 0.732975006
v 0.554772913 0.437438011 -0.671600282
v 0.376002222 -0.0395715088 0.439240664
v 0.211092547 0.605607152 0.177813679
v 0.251971185 -0.466590047 0.367152393
v 0.395141423 0.162762627 0.411235332
v 0.445208937 -0.681156576 0.0367675833
v 0.268989116 -0.246238053 -0.48914057
v 0.338352382 -0.151499271 0.446253717
v 0.237478212 0.665918827 0.457347929
v 0.348729879 0.274797529 -0.0446639024
v 0.322564095 -0.0545488596 -0.401483387
v 0.402322769 -0.905434549 0.199719965
v 0.190895975 0.70776397 0.427392453
v 0.455839634 0.217680395 0.549239159
v 0.436824352 0.297498703 -0.662165642
v 0.128967419 -0.715408266 0.460884035
v 0.48702535 -0.74312222 0.0111929402
v 0.414692372 0.265485018 -0.651183605
v 0.188038021 -0.880556107 0.406685144
v 0.252303749 -0.61911726 0.334665954
v 0.353287876 -0.0754571408 -0.0231108237
v 0.526114583 -0.734566987 -0.0572457202
v 0.374059081 -0.621942937 0.13776882
v 0.232526094 0.629836798 0.380754203
v 0.214261249 -0.806357801 0.377671689
v 0.280630201 0.0554913841 -0.682196856
v 0.337554574 0.431786388 -0.0734931678
v 0.350543737 0.143555999 0.0208022129
v 0.485254347 0.358703375 -0.688067198
v 0.377835125 0.0949983373 0.351859957
v 0.308565527 -0.867603421 0.288790345
v 0.35277468 0.150650531 -0.0516287461
v 0.307186007 0.618438721 0.531709909
v 0.286900401 0.810043156 0.718276143
v 0.37699306 0.595480859 0.623444438
v 0.346912712 0.665444076 0.645494938
v 0.169151813 0.814774632 0.563370585
v 0.308185488 0.167863742 -0.847050548
v 0.355644494 -0.624503672 0.172357306
v 0.321008116 0.00561911799 -0.464217663
v 0.448116809 -0.744983792 0.0719559267
v 0.188372701 -0.570845008 0.425748348
v 0.484460562 -0.633399069 -0.0893769786
v 0.238534078 -0.730933309 0.349317104
v 0.35320124 0.0507321246 -0.0968116373
v 0.354406893 -0.0933482274 0.386278182
v 0.365201056 0.167165846 -0.553761125
v 0.262834549 0.185253486 -1.02812374
v 0.329633802 0.501268148 -0.0923236981
v 0.263426006 -0.657141685 0.31819576
v 0.425519198 -0.538406551 -0.0412154272
v 0.354746997 0.0532623529 0.164767936
v 0.35291934 0.067858927 -0.0600810461
v 0.227762774 0.788567066 0.613992572
v 0.38322413 0.24035351 -0.781771481
v 0.441909432 -0.530006707 -0.118223302
v 0.49437204 0.377459407 -0.964741349
v 0.204525128 -0.115760706 -0.651864588
v 0.429974347 0.288031638 -0.620566547
v 0.300106406 -0.694870472 0.270963907
v 0.331720978 0.53054589 0.480794549
v 0.239024192 0.737421513 0.563918412
v 0.276114285 -0.694197476 0.302603185
v 0.423792779 -0.614305437 0.0324245282
v 0.401258767 0.324181199 -0.303419411
v 0.365406066 -0.403516531 0.0698957741
v 0.365009457 0.145383254 -0.313318372
v 0.190390855 0.725052655 0.457447499
v 0.32126981 0.634731114 0.574487627
v 0.408452034 -0.617332816 0.0673415735
v 0.314785957 0.42383644 0.279929072
v 0.473452121 -0.597738504 -0.111722156
v 0.248612031 -0.268024564 -0.517484725
v 0.318131685 0.0897905827 -0.615311027
v 0.420377821 -0.579131544 0.0135454498
v 0.478440583 -0.673247337 -0.03202812
v 0.330241531 0.434914291 0.365002513
v 0.5197438 0.440873265 0.707352698
v 0.269496322 -0.474405169 0.33196345
v 0.168006331 0.718993127 0.3971847
v 0.434368908 -0.533770204 -0.0794409364
v 0.332626671 0.344738871 0.241486371
v 0.305440962 -0.764960945 0.273726732
v 0.328540534 -0.167826802 -0.343321115
v 0.281188518 0.0775407776 -0.720091999
v 0.250398815 0.56333065 0.285522878
v 0.534242988 -0.694549024 -0.115250394
v 0.300853968 -0.0486403853 -0.489833057
v 0.402234733 0.254318386 -0.718922853
v 0.349333197 0.614442587 0.598848462
v 0.35132876 -0.660439312 0.189172357
v 0.50821507 -0.664138436 -0.102923334
v 0.447840631 -0.527109921 -0.156543434
v 0.288131267 -0.584587634 0.28279826
v 0.400827944 -0.0517851301 0.544767559
v 0.358212143 0.179749683 -0.665554404
v 0.303443462 -0.324863046 0.316779584
v 0.350130826 -0.0113374656 -0.201325372
v 0.366293073 -0.0504846089 0.398548126
v 0.358860761 -0.587219596 0.155682623
v 0.240114391 0.63860184 0.417731702
v 0.392817199 -0.550179005 0.0635394081
v 0.369724214 0.415509373 -0.165492699
v 0.354372591 -1.00383413 0.277367711
v 0.211754233 -0.655622542 0.382918954
v 0.37025857 -0.47500211 0.0867077112
v 0.270415068 -0.802488208 0.319051325
v 0.355989307 0.0972381532 -0.169451818
v 0.364938647 0.209686205 -0.186829627
v 0.393796235 0.232603207 -0.641674578
v 0.443298787 -0.570482314 -0.0588120446
v 0.456425279 -0.881817698 0.130510807
v 0.315410197 0.162202209 -0.805704176
v 0.467642218 -0.818244636 0.0854960755
v 0.406159431 -0.845147192 0.173615113
v 0.179447472 0.679034352 0.334433973
v 0.462904453 -0.602204919 -0.0747734085
v 0.346677184 0.222881034 0.162299737
v 0.382210493 0.225165322 -0.708421707
v 0.334992468 0.192891791 -0.826197684
v 0.186090901 0.647381783 0.25453189
v 0.215325683 0.657039881 0.388095081
v 0.366537362 0.0735359788 0.292511672
v 0.450997323 -0.606500089 -0.0383877344
v 0.246452972 -0.977959812 0.367511481
v 0.326077223 -0.438560843 0.209131315
v 0.354610026 0.163572013 -0.6269449
v 0.236439988 0.573873043 0.107526071
v 0.334783733 -0.826864123 0.25136134
v 0.328208148 0.577900052 0.525258541
v 0.291478187 -0.313337415 -0.455248475
v 0.482024193 -0.592465937 -0.149295032
v 0.490405649 0.362577319 -0.729873002
v 0.243682727 0.586457551 0.32034266
v 0.22137247 0.620026886 0.321540594
v 0.274611592 0.524591625 0.047375083
v 0.360897928 0.115595892 0.246067524
v 0.442604393 0.305817246 -0.70334357
v 0.477362245 0.352701575 -0.644215405
v 0.298857242 -0.412717015 0.286610067
v 0.344640434 0.357000917 0.325883895
v 0.283209264 0.100333437 -0.759653747
v 0.285595536 -0.48300755 0.29816097
v 0.465831608 0.0947022438 0.577084124
v 0.353960276 0.141284704 0.179975137
v 0.38523525 -0.871858001 0.206978574
v 0.377849191 -0.00783124194 0.411165833
v 0.428859562 -0.478327155 -0.246020645
v 0.354963571 0.270711452 -0.0917425528
v 0.25616467 -0.0719843432 -0.589823067
v 0.343368053 0.313166916 0.266865879
v 0.424355745 -0.496001095 -0.100780606
v 0.185529739 0.638314068 0.181258842
v 0.263012528 0.681844711 0.530681729
v 0.392846733 -0.522180378 0.0457473509
v 0.290190369 -0.730188131 0.287788957
v 0.312924534 -0.199018762 0.507321775
v 0.156381547 -0.808313668 0.432127625
v 0.309662282 -0.6600613 0.253507763
v 0.404339582 0.262352943 -0.757571876
v 0.536886454 0.361541212 0.69264096
v 0.398583204 0.244407043 -0.68067044
v 0.437938631 -0.610611022 -0.00268278853
v 0.227822796 -0.246684656 -0.550002754
v 0.486169666 -0.995691955 0.150540695
v 0.345035106 0.265070587 0.212855995
v 0.451504409 -0.524122119 -0.193188325
v 0.394906193 -0.474828809 0.00119051139
v 0.353002012 0.108910725 -0.055792775
v 0.409463525 -0.506427944 -0.0214150473
v 0.373849094 0.198700324 -0.633733034
v 0.261894405 0.555621505 0.318488598
v 0.368709803 0.14114593 0.302270353
v 0.238709718 0.808282852 0.654142857
v 0.352743208 0.028500272 -0.0645389259
v 0.186365858 -0.0154814543 -0.790435255
v 0.355585605 0.115697302 -0.128911942
v 0.336030334 0.127238408 -0.620886564
v 0.35265252 -0.00486882497 -0.0688223988
v 0.393125623 -0.404870272 -0.262659848
v 0.318566442 -0.626628816 0.235773593
v 0.37833035 -0.548699975 0.0987946019
v 0.293094665 0.657471418 0.552926421
v 0.238198519 0.6088081 0.353959471
v 0.189189404 -0.164761648 -0.639760256
v 0.300793201 -0.543582082 0.261884898
v 0.361090779 0.0758312345 0.24791646
v 0.461051792 -0.562095106 -0.134097993
v 0.294386417 -0.0300835278 -0.527258754
v 0.23949106 -0.0253699105 -0.672742009
v 0.349073172 0.0251324344 -0.270098656
v 0.345695972 -0.696439087 0.206793025
v 0.351957977 0.195697144 -0.0474989638
v 0.515505791 0.389894277 -0.892186761
v 0.329723507 -0.764668286 0.243693307
v 0.304406226 -0.248850703 -0.42165032
v 0.426546156 0.14989911 0.493320793
v 0.434728146 -0.494121999 -0.179633871
v 0.320966989 0.127823189 -0.691709816
v 0.399694949 -0.40987578 -0.153019801
v 0.415594876 -0.543536007 -0.00429761084
v 0.284635395 0.0114817889 -0.604380965
v 0.360109091 0.217139468 -0.804314017
v 0.335759014 -0.363072187 -0.39652583
v 0.168109193 -0.197756529 -0.646491349
v 0.252457321 0.827090323 0.694647372
v 0.35534519 -0.110301331 0.456441641
v 0.114837088 -0.653988838 0.482918173
v 0.323107481 -0.695690393 0.239248991
v 0.278821468 -0.547435522 0.300606489
v 0.305673242 0.589917541 0.494714677
v 0.392634153 0.47744301 -0.216784954
v 0.363534659 0.211641505 -0.764387548
v 0.285335243 0.527028203 0.00145022164
v 0.190262288 0.78344965 0.550008953
v 0.337828934 -0.730946541 0.225784004
v 0.300830364 0.0924721062 -0.686700821
v 0.554144561 0.431109995 -0.709325671
v 0.357950389 0.678550124 0.673561156
v 0.367218465 -0.694521964 0.173733667
v 0.569414079 -0.842446566 -0.0243745595
v 0.353805333 -0.10918124 -0.0935885608
v 0.273478687 0.10662809 -0.801409364
v 0.359339803 0.125483528 -0.213834539
v 0.326133639 -0.59863466 0.219376221
v 0.349385321 0.00781105226 -0.238476813
v 0.352045208 0.0588081144 -0.283781856
v 0.348225474 0.275223613 0.252413034
v 0.356186092 -0.844748318 0.231570914
v 0.321536094 -0.7981655 0.260475993
v 0.141261518 -0.545026362 0.486537069
v 0.354202718 -1.04535782 0.289144129
v 0.38250798 0.674352586 0.701916873
v 0.298102021 -0.623339415 0.267767072
v 0.267463326 -0.299203813 0.461391211
v 0.357098818 -0.12505056 0.523964465
v 0.321093917 -0.194111109 0.437028766
v 0.287479073 0.539977014 0.379946589
v 0.269845217 -0.290149212 -0.485930294
v 0.33728829 -0.627170801 0.204865903
v 0.524401069 0.226288363 0.64596957
v 0.172864959 -0.0070267315 -0.827105701
v 0.36229977 0.195234999 -0.702628613
v 0.323022038 0.144922793 -0.728564501
v 0.262187183 0.631377816 0.458030552
v 0.404939055 -0.548516273 0.0303304605
v 0.356779695 0.157131851 -0.123844549
v 0.358601809 0.210695922 0.265716106
v 0.351874828 -0.0421956182 -0.132340133
v 0.417864084 -0.457763135 -0.167464778
v 0.28519994 -0.0706954673 -0.519671619
v 0.300296664 0.503114402 0.360900611
v 0.365819216 -0.0984584242 0.495655149
v 0.332443357 -0.522233486 0.197069883
v 0.262609452 0.571841955 0.357399195
v 0.343287766 -0.202352032 -0.283398092
v 0.384624809 -1.02939892 0.257615209
v 0.403678626 0.0103239901 0.490262568
v 0.380605817 -0.418242574 -0.342387348
v 0.535193801 0.409587383 -0.735328019
v 0.506461501 -0.623115897 -0.163685873
v 0.350309551 -0.762574434 0.216757491
v 0.356342614 0.0903954506 -0.252551049
v 0.537546098 0.46150291 0.737354219
v 0.341498911 0.162434772 -0.697978914
v 0.257462472 -0.391018927 0.395328969
v 0.44411239 -0.801544845 0.107555032
v 0.308377147 0.51239419 -0.0484950803
v 0.300691903 -0.496381968 0.265256554
v 0.409186572 -0.436839819 -0.236675456
v 0.367600888 0.209546849 -0.731832922
v 0.291652143 -1.02260935 0.337372422
v 0.176989153 -0.0724742636 -0.736680865
v 0.390138716 -0.759181201 0.162279829
v 0.355412185 -0.14666453 -0.0366182886
v 0.392034084 0.25802508 -0.340115458
v 0.354760498 0.206749499 -0.0849411413
v 0.264867008 0.570262015 -0.00443499861
v 0.46381405 -1.01463175 0.179750651
v 0.313490808 -0.337546706 -0.425407022
v 0.3529526 0.0318901017 -0.132448003
v 0.160354227 -0.655810356 0.439124227
v 0.328743756 -0.210237563 -0.348429739
v 0.373030186 -0.442148566 0.0604001507
v 0.273451805 -0.351729065 0.386939138
v 0.23661238 -0.159667581 -0.569912076
v 0.286351085 0.576958776 0.434240967
v 0.400981575 0.635274529 0.691312134
v 0.354186058 0.0734020174 -0.131747156
v 0.388365448 -0.0295665748 0.478874505
v 0.131962717 -0.0735668465 -0.804813743
v 0.357095271 0.232585326 -0.107413121
v 0.354831636 0.0917448401 0.170905411
v 0.373200595 0.65010637 0.667460263
v 0.373697907 -0.414823681 0.0403986052
v 0.378973097 -0.088647522 0.533819079
v 0.355444849 -0.14367649 -0.0746572688
v 0.377714068 -0.824375868 0.200431108
v 0.371678829 0.073810935 0.325216353
v 0.498134643 0.384971291 -1.00468457
v 0.35693574 0.0626653582 0.201899394
v 0.422547698 -0.465048641 -0.20682615
v 0.375722259 -0.370534658 -0.288573503
v 0.358210236 -0.390023112 -0.36880371
v 0.425304919 -0.478405654 -0.291426122
v 0.290857375 -0.236825615 0.501004636
v 0.354917943 0.0740706176 -0.208698571
v 0.354147822 -0.116565101 -0.0192002002
v 0.372065276 -0.0698325038 0.467384607
v 0.353165686 -0.0726136491 -0.0716969445
v 0.37649405 0.135348305 0.341433048
v 0.530526876 0.451874346 -0.527193367
v 0.360818952 0.257568419 0.309099555
v 0.403888255 -0.0201383065 0.517796993
v 0.268362284 -0.325233728 0.426140487
v 0.147334903 0.0742579401 -1.01516402
v 0.357994795 0.143770799 0.226774931
v 0.146898404 -0.0925076157 -0.761459053
v 0.422649384 -0.0138703808 0.557038069
v 0.464052439 0.133913368 0.56569612
v 0.293309093 0.495496601 0.319776356
v 0.352036715 0.0304683819 -0.204632461
v 0.247555748 -0.341022432 0.45997712
v 0.352030903 0.237676561 0.240373865
v 0.316974312 -0.512064755 0.230089039
v 0.351075351 -0.0288591124 -0.164154857
v 0.298116028 0.131980389 -0.785110295
v 0.353055388 0.283222079 0.290046066
v 0.371066272 0.104628362 0.315319777
v 0.360141575 0.519190371 -0.160598457
v 0.506051064 0.189284816 0.621436417
v 0.549817145 0.420744538 -0.78144455
v 0.433880955 -0.863683462 0.14843522
v 0.182895273 0.0780405179 -0.955707192
v 0.451018095 -0.517586231 -0.229737341
v 0.266914576 0.604043961 0.427037627
v 0.335022956 -0.161772743 0.51506418
v 0.17504257 0.75081706 0.471994728
v 0.278062612 -0.112794027 -0.510992467
v 0.40291968 -0.447556376 -0.316849828
v 0.42599389 -0.823244691 0.140804365
v 0.482638955 0.163174778 0.590632558
v 0.165120125 0.0990464762 -1.0336467
v 0.283646077 0.623828173 0.492976189
v 0.384961694 -0.483602017 0.0440957248
v 0.352277637 0.0477796607 -0.243073821
v 0.39806506 -0.802251101 0.167646587
v 0.319529712 -1.05632186 0.321663946
v 0.352156609 -0.00817282218 -0.131640658
v 0.321392566 0.156160414 -0.766112089
v 0.131163284 -0.129530042 -0.745651543
v 0.519166946 0.677517235 0.855417073
v 0.337140203 0.528079331 -0.122472256
v 0.444826692 0.0231087115 0.572753489
v 0.544183552 0.427463561 0.72790885
v 0.448800147 0.354411513 -1.06608367
v 0.344899178 0.0378093719 -0.34915632
v 0.152566895 -0.0142677343 -0.851894081
v 0.353674024 0.0991461128 -0.393264562
v 0.206476331 0.822711527 0.628463566
v 0.160034537 -0.925933897 0.434066862
v 0.484019578 0.740426183 0.869899035
v 0.533187449 0.617726684 0.826788783
v 0.429367453 0.782265007 0.850621045
v 0.416110337 -1.05100071 0.236650139
v 0.574117959 0.572427988 0.836784899
v 0.22535871 -0.352622986 0.492524236
v 0.128502622 0.793714225 0.462369144
v 0.263753474 0.213109151 -1.10738528
v 0.561659396 -0.908324778 0.0284848772
v 0.104743905 -0.777961493 0.477262616
v 0.123625927 -0.747471213 0.462924749
v 0.186561897 -0.495290607 0.454321921
v 0.559409976 0.364844501 0.718052506
v 0.562030971 0.480568707 0.77260381
v 0.107886896 -0.693455756 0.482364684
v 0.154975638 0.780701816 0.486394942
v 0.173320323 0.838386178 0.603619456
v 0.299553841 0.830687761 0.755758822
v 0.15823096 -0.504638553 0.484138906
v 0.176607162 -0.462131083 0.482861161
v 0.369973689 0.800530076 0.804801285
v 0.187901437 0.850893855 0.640602589
v 0.121788412 -0.610811055 0.485772759
v 0.205278501 0.164654821 -1.10702527
v 0.297570765 0.239199683 -1.10135555
v 0.141454846 0.826102555 0.538439214
v 0.540794194 0.641719162 0.85055995
v 0.587561488 -0.877597809 -0.0192619376
v 0.269053459 -0.274916321 0.496324033
v 0.247281641 -0.313579112 0.49334839
v 0.559537888 0.607660055 0.845438361
v 0.574539959 -0.944514811 0.0374684073
v 0.194305867 -0.41813609 0.486398101
v 0.562373638 0.258072704 0.691905797
v 0.591933429 -0.831030369 -0.0598498546
v 0.563696921 0.400085688 0.736205459
v 0.205886334 -0.38312462 0.496299028
v 0.314109564 0.538601339 -0.0839130282
v 0.153083324 0.0595737882 -0.976151466
v 0.431921124 0.347665757 -1.10222232
v 0.582268178 -0.794354975 -0.0804642513
v 0.56757766 0.433939159 -0.867336929
v 0.331318319 0.266356736 -1.09900069
v 0.290226102 0.551571369 -0.0433287546
v 0.459627092 0.758887649 0.861075103
v 0.23652789 0.581065834 0.0744308829
v 0.499298424 0.713015497 0.8630687
v 0.562581658 -0.724873006 -0.126121268
v 0.134491131 0.809312463 0.499925196
v 0.181287259 0.0402917936 -0.887793839
v 0.146144986 0.727372348 0.362264395
v 0.215423793 0.846811056 0.671342969
v 0.484272957 0.125468686 0.597435594
v 0.125571042 -0.576263785 0.491749734
v 0.574222922 0.513575673 0.802410781
v 0.14825815 0.766314805 0.448323011
v 0.571875811 0.294980705 0.709277213
v 0.10705249 0.8195858 0.472550154
v 0.549444318 -0.690045953 -0.149389535
v 0.58741796 0.536858082 0.827976644
v 0.573147357 -0.759446084 -0.102853991
v 0.556572974 0.450627267 -0.620364666
v 0.581167996 0.331519127 0.728716612
v 0.499994516 0.150536373 0.615337312
v 0.534829378 -0.652323782 -0.181623369
v 0.15704751 0.702537954 0.328586012
v 0.594762862 0.480059147 0.803793311
v 0.154421926 0.0105574792 -0.887285948
v 0.39478755 -1.10965693 0.274086952
v 0.577611566 0.460921705 -0.667958677
v 0.505815387 0.121178232 0.626250029
v 0.458823413 0.367201686 -1.0953474
v 0.545670629 0.416199714 -0.901838779
v 0.186818913 -0.208172485 -0.617893517
v 0.14496313 -0.150805622 -0.708787262
v 0.17456609 0.672076881 0.297028571
v 0.128792644 0.0264094062 -0.957522929
v 0.158770666 -0.174366832 -0.673155248
v 0.279108047 0.864418924 0.768686116
v 0.235199153 0.860442638 0.712604702
v 0.510314286 -1.0104506 0.134348676
v 0.354662508 -1.09232354 0.301989049
v 0.398459077 0.324467182 -1.11631012
v 0.591400266 0.404721171 0.765409172
v 0.565220177 0.436350286 0.753890872
v 0.124999724 0.780197084 0.430200458
v 0.487051576 0.089738369 0.609027386
v 0.569798589 0.475172162 -0.583316922
v 0.521098435 0.153914154 0.640704632
v 0.466663212 0.057451129 0.591076016
v 0.540192008 0.477799863 -0.497603327
v 0.536047041 0.189317182 0.656751931
v 0.587684929 0.36775431 0.747308195
v 0.344009757 0.28569594 -1.13327277
v 0.522792816 0.479202837 -0.456812114
v 0.311885625 0.85149473 0.791670859
v 0.278943747 0.2349924 -1.13718271
v 0.584538162 0.477130115 -0.625846386
v 0.24825646 0.876155257 0.746402144
v 0.428029716 -1.12541962 0.252004951
v 0.37165457 0.829261541 0.833934665
v 0.556941032 0.478096843 -0.538000643
v 0.504295051 0.481976539 -0.415999174
v 0.252720177 0.214878812 -1.13983798
v 0.344774157 0.838079929 0.814019144
v 0.311067462 0.260071993 -1.135306
v 0.484784395 0.486428559 -0.375323981
v 0.372883111 -1.13443589 0.299463928
v 0.371342838 0.307377696 -1.13437355
v 0.464906842 0.493469507 -0.335551172
v 0.598741949 0.507245481 0.821851373
v 0.142823339 0.68962121 0.220425144
v 0.5749681 0.451711804 -0.706022859
v 0.429165244 0.501916289 -0.274174958
v 0.592520416 0.443492383 0.783742726
v 0.158157066 0.669232011 0.183818519
v 0.10457892 -0.00326479855 -0.945753634
v 0.440448582 -1.03197312 0.208016604
v 0.488785535 -0.586518049 -0.187949911
v 0.469602466 -0.551009119 -0.209627062
v 0.510384083 -0.611471236 -0.20278424
v 0.157244146 0.681231141 0.256421417
v 0.583457708 -0.909972072 0.00666106213
v 0.191833869 0.632549047 0.112331659
v 0.422076464 -1.08860505 0.244333461
v 0.56024158 -0.981334984 0.0726914778
v 0.310020387 -1.12724113 0.346981883
v 0.174344853 0.650462747 0.147668138
v 0.465473205 -1.04655254 0.190987647
v 0.551293373 0.22323893 0.67546612
v 0.27775225 -1.06167269 0.357408583
v 0.447186857 -1.0673095 0.21514681
v 0.128750801 -0.0206715558 -0.881254733
v 0.479292184 -1.07483482 0.190130427
v 0.531056643 -0.996711016 0.108191609
v 0.128764048 0.710818648 0.256110281
v 0.520855248 0.397071242 -0.934978187
v 0.248715594 -1.08355045 0.385070533
v 0.469669938 -0.544139922 -0.247913748
v 0.491426468 -0.578010857 -0.226760089
v 0.103859089 0.782721698 0.393652529
v 0.129624233 0.730064452 0.324541152
v 0.188745901 -0.942132056 0.411762297
v 0.314230323 -1.09601057 0.335909933
v 0.523704827 0.402648926 -0.976593137
v 0.553565443 0.42448473 -0.94933027
v 0.103763849 0.803064406 0.4357014
v 0.502754688 0.393210322 -1.04279995
v 0.129853338 0.00433486234 -0.918538868
v 0.143277511 0.705386162 0.291968018
v 0.338266313 -1.12838876 0.325129658
v 0.217605263 0.600912511 0.108163491
v 0.127003625 0.853757143 0.560139835
v 0.103878506 -0.0264061764 -0.910418689
v 0.222770929 -1.00115919 0.391166657
v 0.149309352 0.840179384 0.571886301
v 0.526896298 0.408628732 -1.0143249
v 0.110285729 0.842020452 0.516588688
v 0.180993766 -0.972283006 0.421442389
v 0.401360899 -1.14156628 0.278908968
v 0.213110313 0.615551114 0.0673002154
v 0.282908589 -1.10694921 0.363290578
v 0.118983246 0.754659653 0.361310571
v 0.478458852 0.378386468 -1.07116282
v 0.104082592 -0.0507989004 -0.874669135
v 0.241025835 0.589782178 0.0324820317
v 0.528793514 -1.03554428 0.129178837
v 0.578988135 0.446648031 -0.786175668
v 0.105541013 -0.0754455626 -0.839842498
v 0.493721426 -1.03821492 0.162105262
v 0.566169083 0.438744307 -0.743660688
v 0.206009015 0.879606605 0.700443447
v 0.519207239 -1.084095 0.15991731
v 0.12448249 0.062768653 -1.03221273
v 0.223396122 0.885870636 0.728783846
v 0.155082852 -0.990321994 0.443787813
v 0.576087952 0.440882474 -0.90808934
v 0.141483426 0.0858957916 -1.04939616
v 0.104739815 0.0147367446 -0.975745678
v 0.141297162 -0.94829011 0.450689435
v 0.551905811 -1.02188909 0.101618156
v 0.117828146 -0.11039038 -0.782589138
v 0.105327405 -0.0979876593 -0.812824726
v 0.447785467 -0.511015594 -0.268608361
v 0.234405875 -1.04228711 0.388543606
v 0.128808022 -0.897050142 0.45759505
v 0.121559747 0.042768497 -0.998865962
v 0.166846454 0.116452411 -1.06852579
v 0.59637171 0.464397252 -0.752306521
v 0.18021135 0.140159994 -1.0977124
v 0.485565841 -1.11498284 0.200842246
v 0.383242577 0.511417329 -0.198751032
v 0.598509014 0.459260166 -0.858473301
v 0.584097326 0.448676676 -0.829948843
v 0.449039161 0.503638566 -0.304028273
v 0.596780956 0.479776829 -0.662152946
v 0.460843682 0.461131006 -0.353826076
v 0.183178127 0.875239193 0.666682184
v 0.45611006 -1.10207021 0.220422328
v 0.414284825 0.472928613 -0.258663654
v 0.438730419 0.431687444 -0.330325067
v 0.547267318 0.422212929 -0.990100026
v 0.554834962 -1.05664635 0.116393305
v 0.141869619 0.863570213 0.596109509
v 0.208750218 -1.06020546 0.41202879
v 0.406167716 0.505359948 -0.236583933
v 0.60390538 0.466358721 -0.802355886
v 0.115971029 0.732249022 0.289906591
v 0.10278102 0.756294489 0.32552579
v 0.161889195 0.869982302 0.632127404
v 0.457780629 -1.13720655 0.231918484
v 0.19597216 -1.01811612 0.415405452
v 0.602486074 -0.939102471 0.00668430608
v 0.604982913 -0.900472105 -0.0215184838
v 0.100801125 -0.866024315 0.478618532
v 0.591050565 -0.977478385 0.0414941274
v 0.101839557 -0.822707593 0.47802344
v 0.102226578 -0.733853817 0.482456505
v 0.582836151 -1.02422535 0.0753431842
v 0.601300716 -0.867331326 -0.0416112505
v 0.173147857 -1.03546965 0.435477436
v 0.601960778 0.476525009 -0.70005697
v 0.0948819369 0.774511039 0.354454935
g 
f 968 931 1040
f 908 906 1056
f 1704 1523 1614
f 1711 84 431
f 761 701 860
f 1450 1472 1012
f 1222 1110 1173
f 760 667 744
f 1444 226 1225
f 372 29 1686
f 1389 1470 1049
f 1179 569 488
f 1456 241 1228
f 643 636 754
f 620 558 668
f 1357 1393 639
f 306 1384 875
f 1024 902 981
f 1444 1388 1420
f 1427 1352 723
f 1033 1025 1406
f 645 543 1227
f 1258 1093 1098
f 1101 966 1010
f 786 740 1282
f 1298 1087 1300
f 1469 1381 795
f 1070 515 581
f 1135 777 778
f 1069 598 771
f 1254 1241 1247
f 1273 1027 1209
f 275 304 1302
f 863 729 758
f 1314 137 1154
f 1320 742 1105
f 1016 733 779
f 819 733 1171
f 1102 1045 1268
f 1252 1154 1231
f 910 871 1174
f 867 574 616
f 920 832 1237
f 982 513 533
f 971 793 1174
f 1345 755 145
f 897 644 721
f 1438 1405 958
f 633 591 705
f 1140 186 557
f 1075 545 622
f 1026 595 675
f 858 587 592
f 974 945 1275
f 671 636 769
f 784 751 1402
f 1090 651 891
f 658 652 1326
f 817 651 1212
f 1415 1101 1396
f 1354 988 1078
f 776 647 732
f 1297 1223 1328
f 1095 650 1256
f 175 1425 813
f 1152 797 886
f 1443 257 951
f 1475 175 1298
f 1018 763 1271
f 1582 1442 861
f 1112 690 937
f 1384 1455 637
f 1069 750 994
f 1414 1475 1236
f 1307 1125 1377
f 853 810 1158
f 599 591 688
f 1068 893 917
f 1106 1022 1068
f 1232 1077 1312
f 392 1481 1673
f 954 845 1108
f 1338 361 68
f 312 954 977
f 1038 623 823
f 1292 1219 1249
f 823 730 737
f 1120 785 1412
f 1074 585 739
f 1519 1351 1711
f 1032 851 864
f 104 326 1428
f 1474 201 1341
f 1477 1404 930
f 1103 722 990
f 1348 1390 176
f 948 866 1116
f 1418 1424 1054
f 1166 1058 1062
f 1064 584 605
f 852 614 660
f 1649 405 41
f 1024 852 892
f 923 874 942
f 960 849 996
f 1478 1402 461
f 903 707 1409
f 1536 48 1494
f 1363 830 1349
f 611 1512 580
f 854 709 895
f 1379 1456 936
f 1383 1366 1426
f 1151 815 986
f 857 576 594
f 1317 1122 1253
f 872 745 961
f 553 551 1026
f 792 745 754
f 1479 1379 899
f 1452 241 182
f 913 721 843
f 788 532 538
f 1426 61 400
f 895 521 557
f 1423 439 1275
f 988 877 1239
f 1076 520 587
f 1183 955 1299
f 1307 1238 1419
f 675 559 576
f 723 634 999
f 633 578 769
f 1309 1039 1305
f 766 764 1107
f 1440 297 1151
f 1465 1611 1297
f 35 1615 413
f 1697 1342 1683
f 978 514 596
f 1410 387 2
f 1470 375 90
f 1034 727 939
f 912 624 1094
f 1400 1278 1432
f 1429 1459 1253
f 803 746 848
f 402 1408 1657
f 1356 1476 1321
f 1128 1019 232
f 1436 63 377
f 1467 62 410
f 1483 32 404
f 1164 487 735
f 725 656 762
f 762 572 669
f 912 787 1227
f 924 694 909
f 544 520 1099
f 615 1614 1500
f 1303 228 1459
f 933 1447 1267
f 943 523 911
f 943 813 1029
f 644 505 532
f 1214 601 632
f 802 655 294
f 1458 1443 896
f 1294 351 4
f 829 528 782
f 1410 1028 1261
f 1378 1454 655
f 1436 377 1287
f 1327 900 963
f 691 606 1135
f 1262 1610 1391
f 956 573 629
f 748 565 670
f 1318 1186 1223
f 549 505 1029
f 567 506 941
f 1382 1451 1063
f 993 564 607
f 1619 846 1283
f 568 566 1083
f 1406 120 515
f 875 664 1230
f 1095 938 1270
f 997 666 1096
f 1071 641 935
f 1008 957 1152
f 1121 946 1136
f 824 623 935
f 124 1035 1218
f 1070 598 1042
f 1134 1010 1209
f 777 720 1004
f 554 539 1416
f 1280 554 795
f 588 507 1201
f 1262 1202 1318
f 884 575 994
f 690 534 567
f 1264 1216 1302
f 1316 1399 1455
f 884 608 975
f 1158 854 927
f 800 716 1089
f 1140 553 1279
f 1427 1088 1405
f 1122 961 972
f 1229 1132 1277
f 1267 439 1317
f 999 800 834
f 1023 862 1031
f 1023 792 799
f 775 518 521
f 794 672 1501
f 1311 1289 1364
f 1283 846 1133
f 1200 959 1077
f 736 571 1115
f 667 648 1108
f 1086 812 1332
f 1177 831 1084
f 527 526 898
f 1301 1226 1257
f 1385 1368 718
f 1265 1264 1314
f 1222 905 1217
f 1347 1007 1329
f 820 699 949
f 1480 321 1374
f 1392 1325 1346
f 1370 1311 1355
f 1171 1003 1048
f 886 1552 1532
f 1189 1145 1148
f 1071 612 925
f 1230 1153 1169
f 1339 1322 1346
f 1339 1190 1289
f 887 540 1306
f 995 1403 465
f 1272 1457 1353
f 701 673 1091
f 1417 1466 718
f 883 864 949
f 1145 1002 1268
f 1244 1048 1091
f 1006 737 1009
f 1466 201 1375
f 69 1506 1709
f 1009 820 885
f 1374 1329 1395
f 1360 1213 1325
f 1260 888 1118
f 1404 103 869
f 1193 871 1180
f 1353 533 585
f 1359 1259 104
f 916 635 1126
f 1213 1046 1286
f 1244 140 1397
f 930 819 1397
f 1541 509 516
f 103 326 1392
f 887 319 1403
f 1457 1480 1243
f 1394 1208 1485
f 1260 1163 1341
f 1159 929 1263
f 1220 1062 1199
f 1220 922 1165
f 213 1502 1146
f 1242 140 625
f 910 835 1235
f 1464 597 561
f 940 627 1017
f 1333 1053 1250
f 1428 1245 1276
f 1021 767 835
f 1313 1163 1199
f 1463 1242 728
f 207 1617 1017
f 1060 851 867
f 1237 971 1046
f 577 522 772
f 1064 774 832
f 631 628 768
f 902 850 1161
f 628 1059 840
f 710 584 850
f 1434 1 1389
f 1059 149 499
f 1508 1647 1167
f 1434 378 1
f 1592 537 47
f 1535 1408 33
f 1543 1336 1571
f 1410 2 1334
f 1366 1467 410
f 12 425 1665
f 836 336 724
f 1484 445 731
f 1524 409 65
f 1481 392 7
f 916 1551 1496
f 1051 1657 1408
f 1369 415 3
f 1550 408 86
f 1586 1582 861
f 28 1598 399
f 1549 1498 1540
f 751 710 1011
f 1533 1685 1684
f 323 1291 1504
f 1515 498 689
f 1493 772 473
f 1248 974 92
f 1326 1028 1043
f 1439 1420 1132
f 1358 1296 1454
f 1433 1049 1310
f 687 504 556
f 1278 1675 1465
f 904 822 956
f 1393 1437 1354
f 1092 546 708
f 1025 596 717
f 1364 991 1224
f 59 1484 374
f 1441 818 1303
f 1330 254 796
f 64 1497 371
f 967 575 842
f 1197 510 639
f 1321 1357 579
f 1273 938 1399
f 1581 1484 59
f 1246 1057 1114
f 1483 404 1460
f 592 548 716
f 1228 241 1452
f 1461 1371 736
f 821 788 1088
f 958 738 806
f 1435 1470 90
f 1452 182 1437
f 1681 1515 353
f 1471 1463 1245
f 748 600 760
f 1628 1324 1564
f 1219 1045 1290
f 404 31 1460
f 904 649 696
f 1156 742 812
f 861 600 926
f 670 573 970
f 1362 1234 1387
f 1451 275 1082
f 1011 892 1234
f 1041 630 773
f 1478 461 1362
f 660 903 953
f 1315 539 1188
f 1335 412 1565
f 856 562 631
f 1035 589 1170
f 997 698 1319
f 124 468 528
f 983 665 1043
f 1511 1510 66
f 1037 645 1415
f 697 593 764
f 542 534 1004
f 1252 855 1114
f 475 1557 1246
f 1172 756 785
f 1503 881 1510
f 719 679 898
f 657 590 873
f 1514 478 1120
f 995 465 501
f 830 525 609
f 1052 856 894
f 756 711 1235
f 1509 965 1587
f 1184 809 570
f 890 811 964
f 1124 607 659
f 735 487 496
f 1157 569 680
f 1013 804 1119
f 642 580 582
f 1178 942 1081
f 1178 498 781
f 739 509 563
f 923 511 530
f 1251 1013 1079
f 1167 1014 1345
f 487 570 496
f 1486 1563 1531
f 1473 436 497
f 833 511 870
f 870 781 497
f 1225 60 1449
f 998 1486 499
f 678 246 502
f 1487 502 579
f 582 118 503
f 735 525 503
f 687 438 504
f 512 91 504
f 644 164 505
f 549 91 505
f 567 194 506
f 824 100 506
f 817 177 507
f 588 119 507
f 728 215 508
f 707 432 508
f 739 139 509
f 1197 169 510
f 620 95 510
f 1460 1683 560
f 833 494 511
f 923 433 511
f 538 91 512
f 705 185 512
f 982 335 513
f 602 139 513
f 594 238 514
f 978 154 514
f 1070 262 515
f 1067 581 515
f 509 139 516
f 561 1541 516
f 717 238 517
f 649 165 517
f 686 153 518
f 775 112 518
f 915 469 519
f 934 227 519
f 1076 161 520
f 544 157 520
f 518 153 521
f 895 234 521
f 577 147 522
f 814 473 522
f 943 164 523
f 535 123 523
f 531 147 524
f 663 220 524
f 525 735 609
f 830 435 525
f 693 476 526
f 527 194 526
f 550 194 527
f 901 782 528
f 829 124 528
f 541 237 529
f 702 236 529
f 511 494 530
f 513 335 530
f 950 147 531
f 642 435 531
f 788 240 532
f 505 91 532
f 513 139 533
f 209 1353 1457
f 542 194 534
f 690 292 534
f 1330 123 535
f 897 231 535
f 1320 136 536
f 536 1188 459
f 1512 611 537
f 1494 395 537
f 532 91 538
f 738 452 538
f 554 459 539
f 539 288 1416
f 847 500 540
f 887 136 540
f 646 113 541
f 638 237 541
f 526 194 542
f 645 472 543
f 682 117 543
f 632 157 544
f 555 237 545
f 1075 156 545
f 647 116 546
f 1092 244 546
f 544 246 547
f 829 451 547
f 1386 227 548
f 592 157 548
f 556 91 549
f 487 1304 570
f 613 285 550
f 506 194 550
f 553 153 551
f 661 243 551
f 508 215 552
f 1295 707 552
f 1140 153 553
f 1280 459 554
f 743 293 555
f 529 237 555
f 677 251 556
f 504 91 556
f 1323 444 557
f 521 1140 557
f 558 1489 96
f 878 171 558
f 517 238 559
f 675 155 559
f 713 490 560
f 602 494 561
f 597 1541 561
f 856 480 562
f 704 339 562
f 509 328 563
f 1306 500 563
f 993 485 564
f 604 119 564
f 581 268 565
f 748 450 565
f 568 483 566
f 1134 179 566
f 534 194 567
f 586 483 568
f 1157 488 569
f 235 560 490
f 609 496 805
f 719 476 571
f 736 308 571
f 803 225 572
f 762 115 572
f 956 1692 573
f 670 268 573
f 867 210 574
f 522 147 574
f 967 174 575
f 884 96 575
f 857 131 576
f 559 238 576
f 524 147 577
f 633 438 578
f 747 151 578
f 1099 161 579
f 1357 95 579
f 642 220 580
f 118 965 492
f 729 126 581
f 581 1067 268
f 525 435 582
f 580 118 582
f 1142 143 583
f 508 432 583
f 1064 212 584
f 710 248 584
f 533 139 585
f 1074 205 585
f 660 432 903
f 1503 590 483
f 1172 881 586
f 520 157 587
f 858 184 587
f 659 119 588
f 1035 124 589
f 678 171 589
f 657 483 590
f 962 873 590
f 599 185 591
f 633 187 591
f 587 157 592
f 697 472 593
f 1367 111 593
f 576 238 594
f 1239 245 594
f 1026 243 595
f 1233 155 595
f 1025 252 596
f 514 238 596
f 1070 126 598
f 1069 174 598
f 806 185 599
f 748 460 600
f 861 278 600
f 548 157 601
f 1214 114 601
f 516 139 602
f 530 494 602
f 1033 262 603
f 967 169 603
f 610 119 604
f 964 115 604
f 825 219 605
f 584 248 605
f 691 116 606
f 900 446 606
f 564 119 607
f 1124 484 607
f 1066 286 608
f 884 267 608
f 805 108 609
f 609 735 496
f 507 119 610
f 656 163 610
f 283 1036 1417
f 1071 102 612
f 527 309 613
f 730 285 613
f 583 432 614
f 852 341 614
f 681 316 615
f 574 147 616
f 1418 144 616
f 918 272 617
f 882 265 617
f 682 302 618
f 671 151 618
f 755 142 619
f 842 96 1489
f 1398 1535 1529
f 780 255 621
f 687 251 621
f 1423 239 622
f 545 237 622
f 824 285 623
f 1038 102 623
f 912 117 624
f 747 255 624
f 625 215 1242
f 140 197 625
f 536 459 626
f 741 133 626
f 627 552 215
f 914 1017 627
f 631 339 628
f 573 268 629
f 1195 165 629
f 1041 470 630
f 1291 323 630
f 562 339 631
f 547 451 632
f 601 157 632
f 487 1164 1336
f 858 129 634
f 634 1352 301
f 1496 635 916
f 643 187 636
f 671 229 636
f 1455 281 637
f 637 271 1384
f 1182 237 638
f 872 299 638
f 1393 263 639
f 639 95 1357
f 1504 1291 464
f 695 308 640
f 1071 190 641
f 882 100 641
f 524 220 642
f 688 187 643
f 897 164 644
f 1037 472 645
f 643 113 646
f 529 236 646
f 776 116 647
f 1277 152 647
f 703 1553 247
f 667 278 648
f 559 155 649
f 904 165 649
f 780 270 650
f 1095 121 650
f 817 163 651
f 1090 93 651
f 658 250 652
f 1137 162 652
f 807 333 653
f 663 495 654
f 1454 92 655
f 802 1378 655
f 772 1518 1482
f 725 163 656
f 604 115 656
f 223 1534 968
f 566 483 657
f 782 250 658
f 1082 275 659
f 607 119 659
f 1453 1445 273
f 1415 273 1445
f 614 432 660
f 1157 243 661
f 686 225 661
f 865 309 662
f 1041 315 662
f 577 495 663
f 808 220 663
f 1312 97 664
f 875 271 664
f 983 469 665
f 1413 441 665
f 878 286 666
f 997 467 666
f 760 278 667
f 558 171 668
f 1487 620 668
f 518 112 669
f 572 225 669
f 565 268 670
f 859 229 671
f 653 1288 794
f 914 197 673
f 701 316 673
f 1086 191 674
f 1066 98 674
f 595 155 675
f 658 441 676
f 1214 451 676
f 549 94 677
f 790 251 677
f 668 171 678
f 1141 246 678
f 662 309 679
f 719 470 679
f 1547 479 1468
f 569 490 680
f 595 243 680
f 673 316 681
f 928 117 682
f 697 302 682
f 944 271 683
f 1256 270 683
f 978 252 684
f 1197 263 684
f 593 472 685
f 1097 471 685
f 551 153 686
f 669 225 686
f 827 438 687
f 646 236 688
f 591 187 688
f 952 498 1515
f 1112 292 690
f 1160 116 691
f 692 1081 493
f 1499 498 692
f 542 474 693
f 1115 476 693
f 1061 224 694
f 924 234 694
f 783 308 695
f 713 458 696
f 649 155 696
f 543 472 697
f 997 191 698
f 741 125 698
f 820 317 699
f 662 315 699
f 462 1063 1451
f 1018 265 700
f 761 316 701
f 770 236 702
f 555 293 702
f 648 1442 703
f 360 1593 1582
f 1491 336 1065
f 1050 466 704
f 148 339 704
f 591 185 705
f 504 438 705
f 924 486 706
f 725 112 706
f 903 432 707
f 707 1295 1409
f 1429 242 708
f 546 116 708
f 854 160 709
f 694 234 709
f 751 248 710
f 1150 303 711
f 756 477 711
f 712 1495 1616
f 1233 490 713
f 664 271 714
f 457 1236 1475
f 757 469 715
f 1433 232 715
f 800 129 716
f 548 227 716
f 1195 120 717
f 596 238 717
f 1368 283 718
f 783 470 719
f 984 474 720
f 777 446 720
f 644 240 721
f 913 231 721
f 1103 138 722
f 1352 634 723
f 1706 1708 724
f 891 163 725
f 1149 336 726
f 1288 333 726
f 1469 260 727
f 1034 250 727
f 1242 215 728
f 728 143 1463
f 863 126 729
f 565 450 729
f 865 317 730
f 823 285 730
f 1274 445 1581
f 731 1444 1449
f 647 152 732
f 919 167 732
f 1016 320 733
f 819 203 733
f 726 333 734
f 774 219 734
f 1371 308 736
f 730 317 737
f 1006 204 737
f 958 452 738
f 512 185 738
f 585 139 739
f 786 123 740
f 1380 463 740
f 409 1524 1511
f 1280 125 741
f 1332 133 741
f 1320 133 742
f 1156 279 742
f 879 293 743
f 545 156 743
f 758 450 744
f 667 277 744
f 872 113 745
f 792 130 745
f 803 447 746
f 1398 488 746
f 827 255 747
f 928 151 747
f 779 203 749
f 1350 101 749
f 1069 290 750
f 1177 267 750
f 248 784 1255
f 1324 466 752
f 752 216 1117
f 752 466 753
f 948 141 753
f 636 229 754
f 745 113 754
f 1192 145 755
f 1172 477 756
f 1019 230 757
f 519 469 757
f 1056 305 758
f 729 450 758
f 913 183 759
f 934 230 759
f 600 278 760
f 761 1351 316
f 656 115 762
f 1018 177 763
f 1281 264 763
f 593 111 764
f 766 302 764
f 1248 92 765
f 1090 486 765
f 1059 339 148
f 859 302 766
f 1412 481 767
f 1021 213 767
f 849 109 768
f 628 437 768
f 578 151 769
f 636 187 769
f 599 236 770
f 815 440 770
f 598 126 771
f 893 290 771
f 495 1538 654
f 522 473 772
f 1679 418 1669
f 883 315 773
f 630 323 773
f 1155 337 774
f 1064 219 774
f 706 112 775
f 606 116 776
f 1135 446 777
f 980 269 778
f 777 292 778
f 1072 196 779
f 733 203 779
f 1094 255 780
f 932 270 780
f 692 498 1178
f 870 433 781
f 676 451 782
f 782 901 250
f 1001 470 783
f 571 308 783
f 784 248 751
f 1120 478 785
f 756 481 785
f 911 123 786
f 966 122 787
f 912 121 787
f 821 240 788
f 1509 1164 492
f 1409 1661 1620
f 1085 445 789
f 1450 266 789
f 1196 258 790
f 932 251 790
f 605 1255 791
f 1023 130 792
f 807 331 793
f 971 337 793
f 1501 1502 794
f 213 653 794
f 1381 125 795
f 554 260 795
f 740 1330 1380
f 1152 192 797
f 715 469 798
f 969 442 798
f 792 229 799
f 766 188 799
f 999 129 800
f 761 198 801
f 503 118 492
f 1587 1570 1509
f 933 170 802
f 811 447 803
f 1013 482 804
f 985 484 804
f 570 221 496
f 1058 108 805
f 738 185 806
f 770 440 806
f 1021 331 807
f 1155 333 807
f 1184 145 809
f 973 221 809
f 837 160 810
f 853 156 810
f 890 447 811
f 572 115 811
f 742 133 812
f 1086 195 812
f 1425 94 813
f 813 168 175
f 574 210 814
f 1126 473 814
f 702 293 815
f 1151 440 815
f 790 258 816
f 683 270 816
f 610 163 817
f 1441 269 818
f 951 170 818
f 203 930 1404
f 1009 317 820
f 843 240 821
f 1309 158 899
f 904 458 822
f 623 285 823
f 550 285 824
f 1149 219 825
f 791 1634 825
f 1143 325 826
f 839 142 826
f 621 255 827
f 578 438 827
f 1103 141 828
f 1102 455 828
f 1141 124 829
f 1363 435 830
f 1308 98 831
f 1177 276 831
f 920 212 832
f 774 337 832
f 1464 494 833
f 821 159 834
f 800 183 834
f 767 481 835
f 910 331 835
f 836 672 1288
f 726 336 836
f 1075 239 837
f 1061 160 837
f 874 335 838
f 1168 338 838
f 1139 330 839
f 619 142 839
f 1059 499 840
f 1040 437 840
f 841 1603 1607
f 575 96 842
f 510 169 842
f 834 183 843
f 721 240 843
f 814 210 844
f 1113 340 844
f 908 277 845
f 954 312 845
f 491 1643 1258
f 1074 500 847
f 1105 279 847
f 746 488 848
f 661 225 848
f 960 109 849
f 880 217 849
f 584 212 850
f 902 110 850
f 1032 210 851
f 1060 449 851
f 1024 341 852
f 1030 156 853
f 1158 160 854
f 1252 325 855
f 1210 475 855
f 1052 480 856
f 1279 131 857
f 936 184 858
f 799 229 859
f 618 302 859
f 1008 198 860
f 701 284 860
f 611 220 808
f 1023 188 862
f 1229 244 862
f 771 126 863
f 883 489 864
f 851 449 864
f 613 309 865
f 699 317 865
f 948 480 866
f 1127 211 866
f 851 210 867
f 1210 479 868
f 868 1542 1210
f 749 203 869
f 869 103 1350
f 755 218 142
f 511 433 870
f 910 303 871
f 1193 332 871
f 541 113 872
f 1396 261 873
f 873 962 273
f 923 335 874
f 996 217 874
f 1384 271 875
f 563 1372 1306
f 988 181 877
f 1111 245 877
f 1170 171 878
f 975 286 878
f 1030 443 879
f 986 293 879
f 1081 217 880
f 768 437 880
f 941 100 882
f 1207 265 882
f 1208 489 883
f 820 449 885
f 987 322 885
f 801 198 886
f 797 1552 886
f 1038 204 888
f 1260 311 888
f 603 169 889
f 684 252 889
f 1266 447 890
f 706 486 891
f 651 163 891
f 1466 137 718
f 1011 110 892
f 852 222 892
f 1068 290 893
f 863 305 893
f 1053 454 894
f 856 109 894
f 709 234 895
f 918 264 896
f 896 178 937
f 523 164 897
f 526 476 898
f 679 309 898
f 1440 298 899
f 899 1379 301
f 327 1146 1506
f 1327 446 900
f 776 167 900
f 528 468 901
f 727 250 901
f 1024 110 902
f 347 1556 1612
f 1222 448 905
f 908 318 906
f 917 305 906
f 926 460 907
f 1598 907 1688
f 1269 318 908
f 765 486 909
f 694 224 909
f 523 123 911
f 1087 168 911
f 1073 231 913
f 681 207 914
f 625 197 914
f 1386 114 915
f 665 469 915
f 1189 282 917
f 893 305 917
f 1271 264 918
f 937 272 918
f 1388 731 919
f 1085 167 919
f 1161 212 920
f 1313 107 921
f 973 214 921
f 1621 56 1525
f 1371 640 308
f 1006 322 922
f 1220 105 922
f 775 234 924
f 1382 190 925
f 612 283 925
f 600 460 926
f 1594 394 1586
f 854 444 927
f 1162 300 927
f 618 151 928
f 624 117 928
f 1159 312 929
f 881 1503 586
f 930 203 819
f 968 493 931
f 880 437 931
f 621 251 932
f 816 270 932
f 1303 170 933
f 1089 227 934
f 757 230 934
f 641 100 935
f 623 102 935
f 634 936 858
f 1456 184 936
f 178 896 1443
f 690 272 937
f 1095 281 938
f 1273 287 938
f 727 260 939
f 947 256 939
f 552 627 940
f 617 272 941
f 506 100 941
f 874 217 942
f 1178 433 942
f 714 271 944
f 816 258 944
f 837 239 945
f 974 224 945
f 1500 681 615
f 1121 134 946
f 1003 320 946
f 1416 288 947
f 1294 256 947
f 1050 480 948
f 699 315 949
f 864 449 949
f 616 147 950
f 1378 170 951
f 980 178 951
f 781 498 952
f 1679 497 952
f 903 1609 953
f 1387 222 953
f 1183 443 955
f 853 300 955
f 822 1692 956
f 1008 134 957
f 1110 192 957
f 1542 475 1210
f 1405 452 958
f 1200 196 959
f 1153 97 959
f 894 109 960
f 1122 299 961
f 745 130 961
f 962 1453 273
f 789 266 963
f 900 167 963
f 564 485 964
f 811 115 964
f 1596 1512 1592
f 1101 122 966
f 1270 287 966
f 1042 174 967
f 1534 493 968
f 1434 442 969
f 983 434 969
f 907 460 970
f 1692 1044 1688
f 1237 337 971
f 961 130 972
f 1092 242 972
f 977 247 1553
f 1192 214 973
f 1080 221 973
f 1248 224 974
f 558 96 975
f 608 286 975
f 976 1365 1097
f 685 472 976
f 954 247 977
f 1131 176 977
f 1078 154 978
f 1112 178 980
f 818 269 980
f 902 334 981
f 1276 341 981
f 838 335 982
f 798 469 983
f 1144 474 984
f 1327 266 984
f 993 484 985
f 1133 491 985
f 1039 298 986
f 815 293 986
f 1060 144 987
f 1165 322 987
f 1354 181 988
f 1107 111 989
f 1337 233 989
f 753 141 990
f 722 216 990
f 1150 173 991
f 1364 324 991
f 1098 485 993
f 575 174 994
f 750 267 994
f 1188 536 995
f 838 338 996
f 849 217 996
f 499 149 998
f 634 129 999
f 704 466 1000
f 630 470 1001
f 695 464 1001
f 1159 455 1002
f 1145 318 1002
f 1147 284 1003
f 1171 320 1003
f 720 474 1004
f 534 292 1004
f 1083 179 1005
f 1340 173 1005
f 1118 204 1006
f 1347 195 1007
f 1308 99 1007
f 1147 134 1008
f 737 317 1009
f 966 287 1010
f 1134 261 1010
f 710 110 1011
f 984 266 1012
f 1472 128 1012
f 1251 482 1013
f 1540 1517 1649
f 711 477 1015
f 1005 173 1015
f 602 513 530
f 1495 953 1609
f 1136 320 1016
f 582 503 525
f 1201 177 1018
f 1128 230 1019
f 715 232 1019
f 1194 307 1020
f 1016 196 1020
f 653 213 1021
f 1106 276 1022
f 750 290 1022
f 1033 252 1025
f 551 243 1026
f 1273 127 1027
f 1005 179 1027
f 1410 434 1028
f 1326 162 1028
f 505 164 1029
f 813 94 1029
f 743 156 1030
f 955 443 1030
f 972 130 1031
f 862 244 1031
f 844 210 1032
f 889 252 1033
f 652 250 1034
f 1191 311 1036
f 1036 283 612
f 1345 218 755
f 976 472 1037
f 1191 102 1038
f 879 443 1039
f 1309 298 1039
f 1104 223 1040
f 931 437 1040
f 679 470 1041
f 603 262 1042
f 598 174 1042
f 1028 434 1043
f 665 441 1043
f 30 372 1605
f 1691 1697 1605
f 1102 211 1045
f 1219 313 1045
f 971 332 1046
f 1213 206 1046
f 632 544 547
f 1601 399 1598
f 531 524 642
f 1367 471 1047
f 1467 253 1047
f 1003 284 1048
f 1470 166 1049
f 1433 442 1049
f 562 480 1050
f 753 466 1050
f 1266 1093 1051
f 1051 1408 1344
f 866 480 1052
f 960 338 1053
f 1333 454 1053
f 987 144 1054
f 1424 208 1054
f 5 351 1055
f 947 288 1055
f 744 277 1056
f 906 305 1056
f 1246 1567 1057
f 1265 189 1057
f 1166 108 1058
f 1080 107 1058
f 1059 628 339
f 885 449 1060
f 945 224 1061
f 709 160 1061
f 1220 208 1062
f 1058 107 1062
f 1063 462 700
f 1207 190 1063
f 825 1634 1065
f 1084 98 1066
f 1096 286 1066
f 515 120 1067
f 629 268 1067
f 1022 290 1068
f 959 196 1072
f 749 101 1072
f 759 230 1073
f 1129 231 1073
f 1123 205 1074
f 810 156 1075
f 1356 161 1076
f 959 97 1077
f 1232 180 1077
f 988 154 1078
f 684 263 1078
f 1057 1567 1079
f 1013 274 1079
f 550 527 613
f 805 221 1080
f 921 107 1080
f 931 493 1081
f 942 217 1081
f 588 462 1082
f 1015 477 1083
f 566 179 1083
f 608 267 1084
f 831 98 1084
f 731 445 1085
f 963 167 1085
f 1204 195 1086
f 786 259 1087
f 1298 168 1087
f 1427 159 1088
f 788 452 1088
f 759 183 1089
f 716 227 1089
f 1515 14 353
f 1473 497 1679
f 1296 93 1090
f 1048 284 1091
f 673 197 1091
f 1142 341 1276
f 541 529 646
f 1031 244 1092
f 890 485 1093
f 1493 473 635
f 1017 914 207
f 624 255 1094
f 650 121 1094
f 674 191 1096
f 666 286 1096
f 1365 976 1445
f 1436 471 1097
f 512 504 705
f 1093 485 1098
f 985 491 1098
f 520 161 1099
f 502 246 1099
f 1259 334 1100
f 920 206 1100
f 1415 122 1101
f 1116 211 1102
f 1263 138 1103
f 840 499 1104
f 742 279 1105
f 540 136 1105
f 582 435 642
f 1301 276 1106
f 764 111 1107
f 1176 188 1107
f 1612 1391 1610
f 648 247 1108
f 845 277 1108
f 1254 289 1109
f 1121 307 1109
f 1222 192 1110
f 1206 289 1110
f 1422 245 1111
f 1377 296 1111
f 778 292 1112
f 1505 340 1113
f 1032 489 1113
f 1057 189 1114
f 855 475 1114
f 580 220 611
f 571 476 1115
f 1144 128 1115
f 866 211 1116
f 828 141 1116
f 216 752 990
f 1117 1564 1324
f 888 204 1118
f 922 105 1118
f 1216 274 1119
f 804 484 1119
f 1361 478 1545
f 1462 216 722
f 1206 134 1121
f 1317 299 1122
f 847 279 1123
f 1272 205 1123
f 1119 484 1124
f 1307 295 1125
f 1162 296 1125
f 635 473 1126
f 844 340 1126
f 1052 454 1127
f 1290 211 1127
f 1184 146 145
f 1073 230 1128
f 1128 254 1129
f 535 231 1129
f 1348 176 1131
f 1561 1553 1589
f 561 516 602
f 1420 152 1132
f 1229 233 1132
f 846 491 1133
f 804 482 1133
f 657 261 1134
f 640 1621 1525
f 606 446 1135
f 1020 307 1136
f 946 320 1136
f 1369 162 1137
f 1034 256 1137
f 989 111 1138
f 1047 253 1138
f 826 325 1139
f 1375 330 1139
f 1140 521 153
f 589 124 1141
f 547 246 1141
f 614 341 1142
f 1198 479 1143
f 855 325 1143
f 556 549 677
f 693 474 1144
f 1012 128 1144
f 1189 318 1145
f 361 1338 1506
f 946 134 1147
f 860 284 1147
f 521 234 775
f 312 176 929
f 1274 1450 789
f 1540 1507 1014
f 1240 282 1148
f 1145 313 1148
f 1149 1065 336
f 734 219 1149
f 1015 173 1150
f 1180 303 1150
f 576 131 675
f 1438 440 1151
f 957 192 1152
f 1230 97 1153
f 1072 101 1153
f 532 240 644
f 1252 189 1154
f 1385 137 1314
f 693 526 542
f 734 333 1155
f 793 337 1155
f 1215 279 1156
f 848 488 1157
f 810 160 1158
f 1269 312 1159
f 610 604 656
f 708 116 1160
f 1441 1459 1160
f 1100 334 1161
f 850 212 1161
f 1323 296 1162
f 1299 300 1162
f 1313 329 1163
f 1260 105 1163
f 1336 1543 1304
f 922 322 1165
f 1054 208 1165
f 1349 108 1166
f 982 209 1168
f 1250 338 1168
f 1370 193 1169
f 1153 101 1169
f 666 467 1170
f 589 171 1170
f 733 320 1171
f 568 477 1172
f 809 221 570
f 1202 448 1173
f 1110 289 1173
f 273 1415 1396
f 649 517 559
f 871 332 1174
f 793 331 1174
f 1183 295 1175
f 1411 158 1175
f 989 233 1176
f 862 188 1176
f 1022 276 1177
f 569 1179 235
f 1483 1460 235
f 871 303 1180
f 991 324 1180
f 1300 259 1181
f 1241 132 1181
f 1431 1423 1182
f 622 237 1182
f 1305 443 1183
f 1343 456 1185
f 1127 454 1185
f 1282 463 1186
f 1318 291 1186
f 688 236 599
f 1059 148 149
f 995 501 1188
f 539 459 1188
f 906 318 1189
f 1339 314 1190
f 1193 324 1190
f 612 102 1191
f 888 311 1191
f 619 214 1192
f 809 145 1192
f 1286 332 1193
f 1293 307 1194
f 1200 180 1194
f 1067 120 1195
f 517 165 1195
f 677 94 1196
f 1414 258 1196
f 889 169 1197
f 1468 479 1198
f 142 1198 826
f 538 452 788
f 1062 107 1199
f 1163 105 1199
f 1020 196 1200
f 702 529 555
f 700 462 1201
f 507 177 1201
f 567 272 690
f 1262 448 1202
f 1247 291 1202
f 1137 256 1203
f 4 415 1203
f 1007 195 1204
f 674 98 1204
f 581 565 729
f 1331 132 1205
f 1194 180 1205
f 1109 289 1206
f 957 134 1206
f 1530 1464 436
f 1446 1530 436
f 700 265 1207
f 641 190 1207
f 663 524 577
f 1394 489 1208
f 773 323 1208
f 1027 179 1209
f 1010 287 1209
f 1143 479 1210
f 1181 259 1211
f 1186 291 1211
f 1473 1679 1669
f 651 93 1212
f 763 177 1212
f 555 545 743
f 1360 206 1213
f 1413 114 1214
f 1347 202 1215
f 1123 279 1215
f 1655 998 1639
f 1264 274 1216
f 1124 275 1216
f 1217 192 1222
f 1550 1217 905
f 1381 468 1218
f 1035 467 1218
f 1292 313 1219
f 1322 200 1221
f 1169 101 1221
f 688 643 646
f 1297 172 1223
f 1186 463 1223
f 991 173 1224
f 135 1316 306
f 620 1487 95
f 400 60 1225
f 1579 703 1593
f 1301 199 1226
f 1395 99 1226
f 543 117 1227
f 787 122 1227
f 1228 184 1456
f 1176 233 1229
f 898 309 527
f 664 97 1230
f 1139 325 1231
f 1154 137 1231
f 538 512 738
f 1376 180 1232
f 680 490 1233
f 696 155 1233
f 1516 493 1534
f 892 222 1234
f 1362 461 1234
f 835 481 1235
f 711 303 1235
f 1474 329 330
f 1532 801 886
f 705 438 633
f 1236 457 714
f 944 258 1236
f 832 337 1237
f 1307 181 1238
f 1437 182 1238
f 877 245 1239
f 514 154 1239
f 1106 282 1240
f 1292 199 1240
f 1254 132 1241
f 1211 291 1241
f 215 625 627
f 1242 1463 140
f 1243 106 1250
f 1168 209 1243
f 716 129 592
f 1245 1477 1471
f 1463 143 1245
f 1241 291 1247
f 1173 289 1247
f 909 224 1248
f 1373 199 1249
f 1219 456 1249
f 106 1243 1480
f 1053 338 1250
f 841 482 1251
f 1459 228 1253
f 1122 242 1253
f 1293 132 1254
f 1255 605 248
f 637 281 1256
f 650 270 1256
f 831 276 1257
f 1226 99 1257
f 1537 1258 1643
f 1359 334 1259
f 1360 104 1259
f 768 109 631
f 3 387 1261
f 1028 162 1261
f 1391 448 1262
f 828 455 1263
f 929 138 1263
f 535 523 897
f 1315 501 1569
f 1265 274 1264
f 1079 274 1265
f 1344 447 1266
f 802 1447 933
f 1002 455 1268
f 1045 313 1268
f 1002 318 1269
f 845 312 1269
f 787 121 1270
f 938 287 1270
f 754 113 643
f 707 508 552
f 617 265 1271
f 763 264 1271
f 1272 202 321
f 1484 1449 374
f 445 1274 789
f 945 239 1275
f 1447 294 1275
f 1245 143 1276
f 1132 152 1277
f 546 244 1277
f 1465 453 1278
f 1400 166 1278
f 553 131 1279
f 1422 186 1279
f 626 459 1280
f 1458 264 1281
f 1212 93 1281
f 740 463 1282
f 1211 259 1282
f 974 294 92
f 330 329 1284
f 921 214 1284
f 1232 457 1285
f 1475 280 1285
f 1190 314 1286
f 1046 332 1286
f 1047 471 1287
f 377 62 1287
f 653 333 1288
f 1311 200 1289
f 1190 324 1289
f 592 129 858
f 556 251 687
f 1185 456 1290
f 1045 211 1290
f 1284 214 619
f 1546 340 1505
f 881 1172 478
f 1001 464 1291
f 772 495 577
f 1148 313 1292
f 530 335 923
f 1109 307 1293
f 1205 132 1293
f 769 187 633
f 1203 256 1294
f 1055 351 1294
f 940 1572 1295
f 765 92 1296
f 1358 93 1296
f 1610 172 1611
f 175 168 1298
f 1125 295 1299
f 955 300 1299
f 1087 259 1300
f 1331 280 1300
f 594 245 857
f 782 658 676
f 1240 199 1301
f 661 551 686
f 818 170 1303
f 769 151 671
f 805 496 221
f 1164 1130 1336
f 1571 1336 1130
f 1039 443 1305
f 1175 158 1305
f 540 500 1306
f 1000 1187 148
f 1324 1628 1000
f 1257 99 1308
f 1204 98 1308
f 840 437 628
f 899 298 1309
f 1004 474 542
f 1049 166 1310
f 876 232 1310
f 1370 200 1311
f 714 457 1312
f 1077 97 1312
f 1284 329 1313
f 814 522 574
f 1264 1385 1314
f 1154 189 1314
f 533 209 982
f 563 500 739
f 1335 1315 1569
f 1316 135 1224
f 1340 127 1316
f 1431 299 1317
f 1202 291 1318
f 1218 467 1319
f 698 125 1319
f 1208 323 1485
f 626 133 1320
f 1476 1357 1321
f 579 161 1321
f 1026 131 553
f 1339 200 1322
f 1350 103 1322
f 627 625 914
f 754 229 792
f 927 444 1323
f 1407 296 1323
f 1000 466 1324
f 616 144 867
f 1213 314 1325
f 762 112 725
f 652 162 1326
f 720 446 1327
f 1306 249 319
f 682 543 697
f 728 508 583
f 557 444 895
f 744 450 760
f 670 460 748
f 1223 463 1328
f 1432 453 1328
f 1007 99 1329
f 1374 202 1329
f 1129 254 1330
f 1330 740 123
f 631 109 856
f 1181 132 1331
f 1376 280 1331
f 669 112 762
f 698 191 1332
f 812 133 1332
f 737 204 823
f 1185 454 1333
f 2 378 1334
f 969 434 1334
f 1055 288 1565
f 965 118 1512
f 764 302 697
f 824 506 550
f 1439 233 1337
f 1138 253 1337
f 801 1351 761
f 1120 327 1338
f 68 1514 1338
f 660 222 852
f 1622 1635 1653
f 732 167 776
f 1224 173 1340
f 1027 127 1340
f 1083 477 568
f 1036 311 1341
f 1163 1474 1341
f 865 662 699
f 1297 453 1465
f 1342 1697 1691
f 1401 456 1343
f 1333 106 1343
f 746 447 1344
f 1014 218 1345
f 671 618 859
f 1325 314 1346
f 1322 103 1346
f 1156 195 1347
f 1131 1604 1348
f 929 176 1390
f 687 621 827
f 1424 1363 1349
f 830 108 1349
f 686 518 669
f 1221 101 1350
f 615 316 1351
f 868 479 1547
f 914 673 681
f 1352 1427 297
f 899 301 1440
f 1594 926 907
f 1353 209 533
f 1311 135 1355
f 306 193 1355
f 604 564 964
f 758 305 863
f 1321 161 1356
f 1356 1452 1476
f 770 702 815
f 1668 1533 1684
f 1357 1476 1393
f 95 639 510
f 609 108 830
f 1099 246 544
f 1281 93 1358
f 873 261 657
f 981 334 1359
f 725 706 891
f 1100 206 1360
f 760 450 748
f 881 478 1361
f 531 435 1363
f 843 821 834
f 1351 801 1526
f 859 766 799
f 629 165 956
f 696 458 904
f 1289 324 1364
f 1520 1521 356
f 607 484 993
f 1383 253 1366
f 410 61 1366
f 898 476 719
f 860 198 761
f 1217 1539 797
f 848 225 803
f 1138 111 1367
f 685 471 1367
f 925 283 1368
f 1368 1385 304
f 1203 415 1369
f 1261 162 1369
f 1221 200 1370
f 1402 1478 1622
f 1402 1622 150
f 605 219 1064
f 1652 1615 35
f 249 1488 979
f 1372 563 328
f 719 571 783
f 638 541 872
f 1401 310 1373
f 1226 199 1373
f 682 618 928
f 321 202 1374
f 1231 1466 1375
f 721 231 897
f 1285 280 1376
f 1205 180 1376
f 877 181 1377
f 1125 296 1377
f 1378 802 170
f 951 257 1378
f 692 493 1516
f 1379 1479 1456
f 936 301 1379
f 850 110 710
f 1508 146 1490
f 1328 463 1380
f 681 1500 207
f 1041 662 679
f 1381 1469 468
f 1319 125 1381
f 730 613 865
f 1368 304 1382
f 1063 190 1382
f 586 568 1172
f 1337 253 1383
f 271 637 683
f 990 752 753
f 953 222 660
f 718 137 1385
f 849 768 880
f 601 114 1386
f 519 227 1386
f 932 790 816
f 806 599 770
f 1387 1495 712
f 1234 222 1387
f 1444 731 1388
f 732 152 1388
f 924 706 775
f 1049 442 1389
f 893 771 863
f 1390 722 138
f 1061 694 709
f 1630 1675 89
f 905 448 1391
f 941 272 567
f 1142 583 614
f 1029 94 549
f 104 1325 1392
f 825 605 791
f 747 578 827
f 817 507 610
f 1011 461 751
f 949 315 883
f 1108 277 667
f 620 510 1489
f 918 896 937
f 1393 1476 1437
f 263 1354 1078
f 1091 284 701
f 958 440 1438
f 799 188 1023
f 970 460 670
f 757 715 1019
f 587 184 1076
f 675 131 1026
f 678 502 668
f 622 239 1075
f 1555 1472 1544
f 1544 1450 1274
f 581 126 1070
f 1113 489 1394
f 1329 99 1395
f 1373 310 1395
f 1101 261 1396
f 758 744 1056
f 148 704 1000
f 843 183 913
f 779 196 1016
f 873 273 1396
f 1004 292 777
f 895 444 854
f 1471 930 1397
f 819 1048 1397
f 1566 7 386
f 942 433 923
f 1344 1535 1398
f 1179 488 1398
f 747 624 928
f 834 159 999
f 596 252 978
f 999 159 723
f 952 497 781
f 938 281 1399
f 1316 127 1399
f 874 838 996
f 1283 482 841
f 632 451 1214
f 944 683 816
f 864 489 1032
f 783 695 1001
f 956 165 904
f 659 275 1124
f 964 485 890
f 949 449 820
f 1310 166 1400
f 659 588 1082
f 779 749 1072
f 900 606 776
f 1107 188 766
f 1249 456 1401
f 751 461 1402
f 536 136 995
f 869 203 1404
f 1404 326 103
f 803 572 811
f 1088 452 1405
f 1405 1438 297
f 835 331 1021
f 885 322 1009
f 1025 120 1406
f 515 262 1406
f 1111 296 1407
f 961 299 872
f 780 621 932
f 1343 106 310
f 1408 402 33
f 892 110 1024
f 1149 726 734
f 837 810 1075
f 867 144 1060
f 717 120 1025
f 1609 1409 1620
f 1409 1295 1661
f 778 269 1135
f 832 212 1064
f 1088 159 821
f 1056 277 908
f 1479 158 1411
f 1419 182 1411
f 1394 1505 1113
f 1238 181 1354
f 894 454 1052
f 785 481 1412
f 917 282 1068
f 951 818 980
f 1089 183 800
f 1135 269 691
f 909 486 924
f 1040 223 968
f 996 338 960
f 1134 566 657
f 879 743 1030
f 981 341 1024
f 915 114 1413
f 676 441 1413
f 1126 814 844
f 935 100 824
f 678 589 1141
f 839 826 1139
f 704 562 1050
f 774 734 1155
f 1030 853 955
f 807 653 1021
f 807 793 1155
f 1029 164 943
f 1081 880 931
f 1425 175 1414
f 1236 258 1414
f 936 634 301
f 645 122 1415
f 713 696 1233
f 288 539 1315
f 939 260 1416
f 1053 894 960
f 773 315 1041
f 1417 718 283
f 1417 1036 201
f 969 798 983
f 785 478 1172
f 1054 144 1418
f 950 1363 1418
f 1510 881 1361
f 1238 182 1419
f 1175 295 1419
f 1483 1179 1529
f 1420 1439 226
f 1388 152 1420
f 1448 1421 1673
f 1674 385 8
f 1083 1005 1015
f 986 879 1039
f 1061 837 945
f 703 247 648
f 857 245 1422
f 1407 186 1422
f 973 921 1080
f 993 985 1098
f 780 650 1094
f 1158 300 853
f 1423 1431 439
f 1275 239 1423
f 1424 1418 1363
f 1166 208 1424
f 1586 861 926
f 987 885 1060
f 812 195 1156
f 1196 94 1425
f 972 242 1122
f 782 451 829
f 911 786 1087
f 683 637 1256
f 1010 261 1101
f 739 500 1074
f 977 1553 1131
f 1031 130 1023
f 557 186 1323
f 913 759 1073
f 1092 972 1031
f 1366 61 1426
f 1450 1544 1472
f 680 243 1157
f 771 290 1069
f 882 617 941
f 735 492 1164
f 723 159 1427
f 939 256 1034
f 1116 141 948
f 1235 481 756
f 1477 1245 1428
f 1108 247 954
f 1253 242 1429
f 1160 1459 1429
f 1171 1048 819
f 781 433 1178
f 1136 1016 1020
f 886 198 1152
f 948 753 1050
f 1430 1648 1639
f 1161 334 902
f 1326 441 658
f 579 502 1099
f 823 204 1038
f 1233 595 680
f 1068 282 1106
f 708 242 1092
f 1144 984 1012
f 1692 970 573
f 1006 922 1118
f 934 759 1089
f 919 731 1085
f 1643 846 1615
f 917 906 1189
f 1174 331 910
f 927 300 1158
f 1317 439 1431
f 638 299 1431
f 1085 789 963
f 1278 453 1432
f 1380 796 1432
f 1227 122 645
f 798 442 1433
f 1009 322 1006
f 826 1198 1143
f 1003 946 1147
f 1152 198 1008
f 975 96 884
f 1334 378 1434
f 1675 1278 1435
f 1278 166 1435
f 736 128 1461
f 594 514 1239
f 790 677 1196
f 842 169 967
f 1520 63 1436
f 585 205 1353
f 197 1244 1091
f 1062 208 1166
f 1201 462 588
f 994 174 1069
f 503 492 735
f 1312 664 714
f 440 958 806
f 1151 297 1438
f 1282 259 786
f 499 1486 1104
f 1397 1048 1244
f 1132 233 1439
f 1383 226 1439
f 755 619 1192
f 980 778 1112
f 1352 297 1440
f 1151 298 1440
f 883 773 1208
f 1129 1073 1128
f 1040 840 1104
f 691 269 1441
f 1113 844 1032
f 985 804 1133
f 647 546 1277
f 1008 860 1147
f 891 486 1090
f 934 519 757
f 1157 661 848
f 1165 987 1054
f 1577 1498 1638
f 1119 274 1013
f 1153 959 1072
f 1416 260 554
f 1058 805 1080
f 986 298 1151
f 1225 226 1426
f 1033 603 889
f 1582 27 360
f 1442 648 278
f 1556 905 1391
f 1235 303 910
f 952 1681 1679
f 1304 487 1336
f 767 213 1146
f 1168 838 982
f 1127 866 1052
f 937 178 1112
f 1043 434 983
f 951 178 1443
f 1443 1458 257
f 1237 206 920
f 275 1302 1216
f 275 1451 304
f 990 141 1103
f 994 267 884
f 978 684 1078
f 1227 117 912
f 878 558 975
f 1074 847 1123
f 1320 536 626
f 935 102 1071
f 1148 282 1189
f 1341 201 1036
f 1212 177 817
f 908 845 1269
f 1121 1109 1206
f 1461 128 1472
f 1174 332 971
f 741 698 1332
f 1136 307 1121
f 1386 548 601
f 878 666 1170
f 1448 1673 1481
f 1216 1119 1124
f 1445 1453 1365
f 1037 1415 1445
f 973 809 1192
f 1097 685 976
f 1098 491 1258
f 1107 989 1176
f 741 626 1280
f 1038 888 1191
f 1081 692 1178
f 1077 180 1200
f 1161 920 1100
f 1669 1446 1473
f 1046 206 1237
f 1275 294 974
f 977 176 312
f 1149 825 1065
f 1288 726 836
f 1197 684 889
f 1234 461 1011
f 925 190 1071
f 1102 828 1116
f 328 509 1541
f 1275 439 1447
f 1447 802 294
f 1448 1481 465
f 1094 121 912
f 1248 765 909
f 1244 197 140
f 232 876 254
f 32 1483 1529
f 1096 191 997
f 60 374 1449
f 1267 228 933
f 1265 1057 1079
f 1126 340 916
f 1626 1572 940
f 1079 1567 1251
f 875 193 306
f 1169 193 1230
f 1110 957 1206
f 92 294 655
f 967 603 1042
f 1209 179 1134
f 1012 266 1450
f 1114 475 1246
f 369 76 1642
f 1150 991 1180
f 870 436 833
f 1173 448 1222
f 1150 711 1015
f 1082 462 1451
f 1451 1382 304
f 1177 750 1022
f 639 263 1197
f 1084 267 1177
f 1442 278 861
f 882 641 1207
f 1268 455 1102
f 340 1546 916
f 1437 1476 1452
f 1241 1181 1211
f 1117 216 992
f 1236 714 944
f 1367 593 685
f 966 787 1270
f 1066 674 1096
f 1202 1173 1247
f 1454 1378 257
f 1296 92 1454
f 1276 143 1142
f 963 266 1327
f 1455 1384 306
f 1399 281 1455
f 1199 105 1220
f 184 1228 1076
f 1456 1479 241
f 1457 1272 321
f 1243 209 1457
f 1380 1330 796
f 1194 1020 1200
f 1247 289 1254
f 1043 441 1326
f 1270 121 1095
f 1697 357 30
f 1358 257 1458
f 896 264 1458
f 1294 947 1055
f 1251 1613 841
f 1193 1190 1286
f 829 547 1141
f 911 168 943
f 1282 1186 1211
f 847 540 1105
f 1137 652 1034
f 1340 1005 1027
f 1231 325 1252
f 1266 890 1093
f 1350 749 869
f 1018 700 1201
f 1268 313 1145
f 695 640 1525
f 1165 208 1220
f 1250 1168 1243
f 933 228 1303
f 1293 1194 1205
f 796 254 876
f 796 876 1400
f 1162 1125 1299
f 569 235 490
f 1210 855 1143
f 1342 458 713
f 1042 262 1070
f 1183 1175 1305
f 717 517 1195
f 1159 1002 1269
f 1402 150 784
f 1271 265 1018
f 1390 1348 1662
f 1118 105 1260
f 1272 1123 1215
f 1306 319 887
f 143 728 583
f 1463 1471 140
f 1290 1127 1185
f 1294 4 1203
f 839 1284 619
f 1066 608 1084
f 1114 189 1252
f 168 813 943
f 1180 324 1193
f 1277 244 1229
f 833 436 1464
f 1464 561 494
f 1115 693 1144
f 1103 828 1263
f 1249 199 1292
f 1199 107 1313
f 1263 455 1159
f 1063 700 1207
f 1353 205 1272
f 1302 304 1385
f 570 1304 1184
f 1223 172 1318
f 1504 1584 1527
f 1257 276 1301
f 1051 1537 1657
f 193 875 1230
f 192 1217 797
f 1314 189 1265
f 795 125 1280
f 1209 287 1273
f 128 736 1115
f 1229 862 1176
f 1240 1148 1292
f 1354 263 1393
f 1284 839 330
f 1286 314 1213
f 1302 1385 1264
f 1530 1446 1678
f 145 146 1345
f 1290 456 1219
f 280 1298 1300
f 1133 482 1283
f 1086 674 1204
f 1466 1417 201
f 1466 1231 137
f 918 617 1271
f 501 1566 1569
f 1375 1474 330
f 1276 981 1359
f 1499 1516 1588
f 1411 182 241
f 1318 172 1262
f 1301 1106 1240
f 1337 989 1138
f 1254 1109 1293
f 1467 1366 253
f 1287 62 1467
f 142 218 1468
f 984 720 1327
f 901 468 1469
f 795 260 1469
f 1470 1435 166
f 1389 1 375
f 1299 295 1183
f 1036 612 1191
f 1215 1156 1347
f 1090 765 1296
f 1308 1007 1204
f 1312 457 1232
f 1428 1359 104
f 1367 1047 1138
f 1253 228 1317
f 1187 149 148
f 1319 467 997
f 1195 629 1067
f 1490 146 1184
f 1170 467 1035
f 1332 191 1086
f 1406 262 1033
f 1345 146 1167
f 1162 927 1323
f 947 939 1416
f 919 732 1388
f 1390 138 929
f 1370 1169 1221
f 1341 311 1260
f 1369 1137 1203
f 1267 1447 439
f 1317 228 1267
f 1239 154 988
f 1433 715 798
f 1315 1565 288
f 1328 453 1297
f 1289 200 1339
f 998 149 1430
f 767 327 1412
f 1298 280 1475
f 1256 281 1095
f 1291 630 1001
f 1346 314 1339
f 1300 1181 1331
f 1105 136 1320
f 1250 106 1333
f 1356 1076 1228
f 560 235 1460
f 1364 135 1311
f 1566 501 465
f 1375 1139 1231
f 1324 752 1117
f 1111 877 1377
f 326 1404 1477
f 1316 1224 1340
f 1397 140 1471
f 1259 1100 1360
f 1281 763 1212
f 1376 1232 1285
f 1304 1490 1184
f 1187 1628 1636
f 1266 1051 1344
f 1262 172 1610
f 1305 158 1309
f 1224 135 1364
f 1255 784 150
f 1322 1221 1350
f 1403 136 887
f 146 1508 1167
f 1369 3 1261
f 1313 921 1284
f 1343 1185 1333
f 1355 193 1370
f 1325 104 1360
f 1473 1446 436
f 497 436 870
f 1308 831 1257
f 1295 552 940
f 1346 103 1392
f 1381 1218 1319
f 1413 665 915
f 1474 1375 201
f 1474 1163 329
f 1445 976 1037
f 1377 181 1307
f 1331 1205 1376
f 1285 457 1475
f 1475 1414 175
f 672 724 1708
f 1355 135 306
f 1514 68 343
f 597 1464 1530
f 1392 326 104
f 310 1374 1395
f 1374 310 1480
f 1329 202 1347
f 1276 1359 1428
f 1387 712 1362
f 1412 327 1120
f 1419 295 1307
f 1428 326 1477
f 930 1471 1477
f 1261 387 1410
f 232 254 1128
f 1448 465 1403
f 1403 319 1448
f 1399 127 1273
f 1279 186 1140
f 1395 1226 1373
f 1418 616 950
f 1287 471 1436
f 1373 1249 1401
f 1426 226 1383
f 1401 1343 310
f 1411 241 1479
f 899 158 1479
f 1469 727 901
f 202 1272 1215
f 1449 1444 1225
f 1480 1457 321
f 310 106 1480
f 950 531 1363
f 1610 1611 1631
f 1660 1421 979
f 1334 434 1410
f 1432 1328 1380
f 1349 1166 1424
f 1439 1337 1383
f 1452 1356 1228
f 1400 876 1310
f 1382 925 1368
f 1488 249 1372
f 1310 232 1433
f 1497 962 1528
f 1566 465 1481
f 1279 857 1422
f 915 519 1386
f 1323 186 1407
f 1429 708 1160
f 1615 1652 1643
f 1372 249 1306
f 1454 257 1358
f 1398 1529 1179
f 1330 535 1129
f 1214 676 1413
f 1432 796 1400
f 1188 501 1315
f 1160 691 1441
f 1458 1281 1358
f 1218 468 124
f 1421 319 249
f 1436 1097 1520
f 1420 226 1444
f 1434 969 1334
f 995 136 1403
f 1411 1175 1419
f 1398 746 1344
f 1521 1520 1365
f 1609 903 1409
f 1130 1164 1509
f 1422 1111 1407
f 1198 142 1468
f 1303 1459 1441
f 1414 1196 1425
f 1437 1238 1354
f 1423 622 1182
f 1467 1047 1287
f 1182 638 1431
f 1389 442 1434
f 1508 1490 1513
f 1455 306 1316
f 1405 297 1427
f 1440 301 1352
f 672 1708 1501
f 328 1488 1372
f 1538 495 1482
f 1482 1518 50
f 235 1179 1483
f 1535 368 1529
f 1555 1544 1562
f 731 1449 1484
f 1581 1578 1274
f 1482 495 772
f 375 1470 1389
f 1674 1421 1660
f 808 654 1536
f 1608 1645 1640
f 1706 419 71
f 1504 1527 323
f 1674 1673 1421
f 1563 1486 1655
f 668 502 1487
f 579 95 1487
f 1543 1490 1304
f 1527 1584 1575
f 1632 868 1577
f 1489 558 620
f 510 842 1489
f 1435 90 382
f 1517 1647 1644
f 1590 45 414
f 1536 1492 364
f 611 808 1494
f 1065 1634 1491
f 1494 808 1536
f 1225 1426 400
f 1628 1187 1000
f 1538 403 49
f 772 1493 1518
f 537 611 1494
f 48 395 1494
f 1522 635 1496
f 635 1522 1493
f 1677 1671 419
f 65 371 1528
f 58 1578 389
f 1677 724 336
f 390 689 1595
f 689 498 1499
f 1614 615 1519
f 1394 1576 1505
f 689 390 14
f 672 794 1288
f 1518 346 50
f 1488 1624 979
f 1502 213 794
f 70 427 1501
f 483 586 1503
f 1503 1511 590
f 69 361 1506
f 1146 1709 1506
f 1525 56 381
f 1505 1558 1546
f 1495 1387 953
f 1634 791 1650
f 1576 1394 1485
f 1146 327 767
f 1497 1453 962
f 1507 1468 218
f 1596 46 1587
f 1570 1587 407
f 327 1506 1338
f 1576 1575 1606
f 1545 1514 343
f 1511 1503 1510
f 66 409 1511
f 1512 1596 965
f 118 580 1512
f 1513 1490 1543
f 1497 64 1521
f 1453 1497 1521
f 1120 1338 1514
f 429 1510 1361
f 689 14 1515
f 1695 1644 1647
f 429 66 1510
f 1709 1501 427
f 1362 1573 1478
f 1538 1492 654
f 654 808 663
f 1518 1522 346
f 1519 615 1351
f 1014 1167 1517
f 356 63 1520
f 1520 1097 1365
f 64 356 1521
f 1365 1453 1521
f 1371 1461 1583
f 1580 1583 1461
f 1522 1518 1493
f 51 346 1522
f 1523 207 1500
f 1532 85 411
f 49 364 1492
f 590 1511 1524
f 1371 1621 640
f 1104 1531 1574
f 962 590 1524
f 1528 962 1524
f 1525 1548 695
f 1676 1629 1696
f 67 1361 1545
f 1527 1485 323
f 992 1533 1117
f 1462 992 216
f 1590 1571 1130
f 50 403 1482
f 1524 65 1528
f 371 1497 1528
f 965 1509 492
f 368 32 1529
f 1568 1640 597
f 1711 1351 1526
f 1573 1560 1599
f 1531 1104 1486
f 724 672 836
f 1531 18 401
f 1532 1526 801
f 1539 86 348
f 1585 16 1597
f 1535 1344 1408
f 33 368 1535
f 364 48 1536
f 1536 654 1492
f 1652 34 1657
f 846 1643 491
f 1652 1657 1537
f 411 1526 1532
f 49 1492 1538
f 1482 403 1538
f 85 1532 1552
f 1568 597 1530
f 86 1539 1550
f 1517 1540 1014
f 218 1014 1507
f 1568 1670 1608
f 405 1649 1644
f 1187 1430 149
f 1557 475 1542
f 1636 1430 1187
f 1507 1547 1468
f 597 1559 1541
f 1655 19 344
f 1516 1597 1588
f 1578 1562 1544
f 1564 1533 1668
f 1678 1568 1530
f 343 67 1545
f 1545 478 1514
f 1522 1496 51
f 1600 223 1574
f 1602 52 1551
f 1547 1507 1498
f 1575 1576 1527
f 722 1390 1462
f 464 695 1548
f 381 55 1548
f 1549 1638 1498
f 1649 41 379
f 1526 411 84
f 1361 67 429
f 1584 54 1575
f 1540 1498 1507
f 1604 1131 1561
f 1589 1687 1561
f 1557 1567 1246
f 1604 1662 1348
f 1523 1617 207
f 55 367 1554
f 1550 1539 1217
f 1556 1550 905
f 1558 1505 1606
f 1602 1558 358
f 428 1496 1551
f 1551 916 1546
f 1585 1534 223
f 1597 1516 1534
f 348 85 1552
f 1552 797 1539
f 464 1548 1554
f 348 1552 1539
f 391 25 1589
f 1504 464 1554
f 1472 1555 1461
f 1578 58 1562
f 381 1548 1525
f 408 1550 1556
f 1554 1548 55
f 1631 420 88
f 53 1558 1606
f 1546 1602 1551
f 1255 1646 791
f 1560 1573 712
f 998 1430 1639
f 1666 1663 1571
f 1604 1561 1713
f 373 1562 58
f 1655 1486 998
f 1563 344 18
f 1612 1556 1391
f 1612 88 347
f 6 412 1335
f 1565 1315 1335
f 5 1055 1565
f 1481 7 1566
f 1565 412 5
f 1556 87 408
f 1576 1485 1527
f 1553 1561 1131
f 1362 712 1573
f 1534 1585 1597
f 1569 386 6
f 1570 407 45
f 6 1335 1569
f 407 1587 46
f 1590 1570 45
f 1566 386 1569
f 1130 1509 1570
f 1583 1580 57
f 401 1574 1531
f 223 1104 1574
f 537 395 47
f 1584 1554 367
f 1559 597 1640
f 1665 1678 1446
f 1568 1678 1670
f 389 1581 59
f 1593 360 26
f 1575 54 422
f 1579 26 391
f 1558 53 358
f 1562 373 1580
f 1555 1562 1580
f 373 57 1580
f 1581 445 1484
f 1581 389 1578
f 1579 1553 703
f 1586 394 27
f 1593 703 1442
f 1584 1504 1554
f 367 54 1584
f 17 1574 401
f 1580 1461 1555
f 1544 1274 1578
f 1542 1654 1633
f 18 1531 1563
f 27 1582 1586
f 1597 16 416
f 1621 1583 370
f 17 388 1600
f 1585 223 1600
f 394 1594 28
f 1606 1575 422
f 1596 1592 380
f 430 1713 24
f 1577 868 1547
f 1516 1499 692
f 15 1595 1588
f 1130 1570 1590
f 1609 1623 1495
f 1687 1589 25
f 1553 1579 1589
f 712 1616 1560
f 1499 1588 1595
f 15 390 1595
f 1589 1579 391
f 47 380 1592
f 1592 1512 537
f 26 1579 1593
f 1442 1582 1593
f 1551 52 428
f 428 51 1496
f 1594 1586 926
f 689 1499 1595
f 1596 1587 965
f 380 46 1596
f 1598 28 1594
f 416 1588 1597
f 10 1608 349
f 1598 1594 907
f 399 1601 29
f 1588 416 15
f 1295 1572 1661
f 1560 1651 1599
f 1591 1560 1616
f 352 43 1689
f 1513 1543 1689
f 1574 17 1600
f 388 16 1585
f 1688 1601 1598
f 358 52 1602
f 1602 1546 1558
f 1617 1626 1017
f 1585 1600 388
f 1666 414 44
f 1687 384 1713
f 1601 1686 29
f 1613 1567 1641
f 1651 1560 1591
f 458 1691 822
f 1686 1601 1044
f 1691 1044 822
f 1606 1505 1576
f 422 53 1606
f 1557 1542 1633
f 1641 1633 1699
f 23 1680 430
f 1283 841 1607
f 1627 37 1603
f 1659 992 1462
f 1640 1568 1608
f 40 1549 379
f 1659 1462 1662
f 1631 1611 1630
f 841 1613 1603
f 1556 347 87
f 1557 1641 1567
f 1603 1613 1627
f 1705 1704 1614
f 328 1559 1488
f 396 1607 1603
f 1705 1614 1519
f 1707 1617 1523
f 1559 328 1541
f 1623 1609 1620
f 846 1619 1615
f 1616 1690 1591
f 36 413 1619
f 342 1707 1704
f 1653 1635 1618
f 1617 1672 1626
f 1603 37 396
f 1618 76 417
f 1283 1607 1619
f 1619 413 1615
f 1495 1623 1616
f 1616 1623 1690
f 1607 396 36
f 76 1618 1642
f 1635 1478 1573
f 1621 1371 1583
f 370 56 1621
f 1583 57 370
f 1488 1559 1624
f 1656 1645 393
f 1620 1625 1623
f 1614 1523 1500
f 83 1704 1705
f 1622 1676 150
f 1622 1478 1635
f 1645 1656 1624
f 1682 1690 1625
f 1664 1625 1661
f 1613 1641 1627
f 940 1017 1626
f 398 37 1627
f 1613 1251 1567
f 20 424 1648
f 1629 1622 1653
f 1676 1622 1629
f 81 355 1710
f 78 397 1702
f 1629 1653 75
f 36 1619 1607
f 1611 1465 1630
f 1700 1633 1654
f 420 1631 1630
f 1611 172 1297
f 1599 1642 1573
f 1635 1573 1642
f 1664 1694 80
f 1612 1610 1631
f 88 1612 1631
f 366 39 1632
f 1671 1667 72
f 1676 1703 1646
f 1651 397 77
f 1628 1637 1636
f 1549 40 1638
f 1638 1632 1577
f 1675 382 89
f 1658 1661 1572
f 1645 1608 10
f 1624 1559 1640
f 398 1627 1699
f 1641 1557 1633
f 89 420 1630
f 1639 424 19
f 366 1638 40
f 1642 1618 1635
f 1652 35 363
f 1258 1537 1093
f 1649 1549 1540
f 1547 1498 1577
f 868 1632 1654
f 1642 1599 369
f 1653 417 75
f 10 393 1645
f 1624 1640 1645
f 150 1676 1646
f 1646 1255 150
f 43 421 1701
f 1647 1517 1167
f 1648 1430 1636
f 424 1639 1648
f 405 1644 42
f 791 1646 1650
f 1649 1517 1644
f 1650 1703 1667
f 379 1549 1649
f 1638 366 1632
f 1599 77 369
f 77 1599 1651
f 1591 397 1651
f 1636 1693 1648
f 42 1644 1695
f 34 1652 363
f 1537 1643 1652
f 1695 1701 421
f 1618 417 1653
f 1654 1632 1714
f 1654 1542 868
f 344 1563 1655
f 1639 19 1655
f 979 1624 1656
f 393 9 1656
f 34 402 1657
f 1537 1051 1093
f 1660 9 385
f 39 359 1714
f 1572 1626 1658
f 1685 992 1659
f 1707 82 1710
f 383 1684 22
f 1698 1684 1685
f 979 1656 1660
f 249 979 1421
f 9 1660 1656
f 1680 1662 1604
f 1543 1571 1663
f 1689 1543 1663
f 1625 1690 1623
f 1712 376 73
f 1663 44 352
f 1658 1664 1661
f 1685 1533 992
f 1620 1661 1625
f 1669 1665 1446
f 1590 414 1666
f 44 1663 1666
f 73 362 1712
f 1634 1650 1491
f 1670 349 1608
f 1533 1564 1117
f 1666 1571 1590
f 13 418 1679
f 1669 418 12
f 11 349 1670
f 1491 1650 1671
f 362 72 1667
f 1671 1650 1667
f 1710 1694 1672
f 1672 1658 1626
f 21 1668 383
f 1658 1672 1694
f 8 392 1673
f 1421 1448 319
f 8 1673 1674
f 1660 385 1674
f 1662 1462 1390
f 1680 1698 1659
f 1675 1630 1465
f 1435 382 1675
f 1696 1703 1676
f 72 419 1671
f 1491 1671 1677
f 336 1491 1677
f 12 1665 1669
f 1678 11 1670
f 425 11 1678
f 1680 1659 1662
f 1693 1637 365
f 1668 1637 1564
f 1681 952 1515
f 353 13 1681
f 1713 1680 1604
f 75 406 1629
f 1682 1664 79
f 1625 1664 1682
f 713 560 1342
f 1637 1668 21
f 31 1683 1460
f 1637 1628 1564
f 1684 383 1668
f 350 1684 1698
f 1685 1659 1698
f 1044 1605 1686
f 1693 20 1648
f 1637 21 365
f 1713 384 24
f 1683 1342 560
f 1678 1665 425
f 1687 25 384
f 1688 907 970
f 1688 1044 1601
f 1513 1701 1508
f 1663 352 1689
f 1605 1044 1691
f 1691 458 1342
f 1701 1513 1689
f 1688 970 1692
f 1692 822 1044
f 365 20 1693
f 1693 1636 1637
f 1679 1681 13
f 1682 1702 1690
f 355 80 1694
f 1664 1658 1694
f 1647 1508 1695
f 421 42 1695
f 1696 1629 406
f 1696 74 1712
f 1605 372 1686
f 354 1702 1682
f 357 1697 1683
f 1605 1697 30
f 1680 23 1698
f 1700 359 38
f 1699 1627 1641
f 1683 31 357
f 423 79 1664
f 1677 419 1706
f 1699 1633 1700
f 1700 1714 359
f 1699 38 398
f 1701 1695 1508
f 1689 43 1701
f 38 1699 1700
f 80 423 1664
f 354 78 1702
f 1591 1690 1702
f 1703 1650 1646
f 1712 1667 1703
f 1705 431 83
f 1704 1707 1523
f 1704 83 342
f 1696 1712 1703
f 1705 1711 431
f 1707 342 82
f 71 345 1706
f 1707 1710 1617
f 1684 350 22
f 1708 1706 345
f 724 1677 1706
f 1502 1501 1709
f 427 69 1709
f 345 70 1708
f 1709 1146 1502
f 1501 1708 70
f 1698 23 350
f 426 81 1710
f 1672 1617 1710
f 1711 1705 1519
f 1526 84 1711
f 1591 1702 397
f 1712 362 1667
f 1712 74 376
f 426 1710 82
f 1713 430 1680
f 1713 1561 1687
f 1694 1710 355
f 406 74 1696
f 1682 79 354
f 1632 39 1714
f 1714 1700 1654
