# File exported by Houdini 21.0.631 (www.sidefx.com)
# 3116 points
# 17844 vertices
# 5948 primitives
# Bounds: [-0.897000015, -0.666651011, -0.671422482] to [0.897000015, 0.666651011, 0.671422482]
g 
v 0.897000015 0 0
v 0.88992691 0 -0.0843179375
v 0.868819118 0 -0.16730614
v 0.834009528 0 -0.247655809
v 0.786047101 0 -0.324099809
v 0.725688279 0 -0.395432532
v 0.653884828 0 -0.460529089
v 0.571769297 0 -0.51836282
v 0.480636597 0 -0.568021655
v 0.381923944 0 -0.608722448
v 0.277188241 0 -0.639823318
v 0.168080956 0 -0.660833836
v 0.0563229695 0 -0.671422482
v -0.0563231595 0 -0.671422482
v -0.168081149 0 -0.660833776
v -0.277188271 0 -0.639823258
v -0.381924093 0 -0.608722389
v -0.480636746 0 -0.568021595
v -0.571769476 0 -0.518362701
v -0.653884888 0 -0.460529029
v -0.725688338 0 -0.395432472
v -0.786047161 0 -0.32409972
v -0.834009588 0 -0.24765569
v -0.868819177 0 -0.167305976
v -0.88992691 0 -0.0843177587
v -0.897000015 0 1.0158243e-07
v -0.889926851 0 0.0843180716
v -0.868819058 0 0.167306289
v -0.834009409 0 0.247656003
v -0.786046982 0 0.324099988
v -0.725688159 0 0.395432621
v -0.653884768 0 0.460529149
v -0.571769118 0 0.51836288
v -0.480636388 0 0.568021715
v -0.381923735 0 0.608722568
v -0.277188003 0 0.639823318
v -0.168080732 0 0.660833836
v -0.0563227311 0 0.671422482
v 0.0563230775 0 0.671422482
v 0.16808106 0 0.660833776
v 0.277188301 0 0.639823258
v 0.381924123 0 0.608722389
v 0.480636805 0 0.568021536
v 0.571769536 0 0.518362701
v 0.653885067 0 0.46052891
v 0.725688457 0 0.395432293
v 0.78604728 0 0.324099541
v 0.834009707 0 0.247655481
v 0.868819237 0 0.167305768
v 0.88992691 0 0.0843178555
v 0.750311971 -0.00244805706 0.0629513115
v -0.695422292 -0.00487854891 0.0731768832
v 0.648726404 -0.00383550441 0.0378267616
v 0.250879645 0.100397721 -0.309360355
v 0.560394466 -0.026729878 0.210265353
v 0.701558232 0.00426478824 -0.0694684312
v 0.609654486 -0.0141385691 0.119741201
v 0.709870577 -0.00174376601 0.0312998891
v -0.717199743 -0.00133021863 0.0212550368
v 0.521710932 0.0323875695 -0.173584178
v -0.6086483 0.0117481779 -0.0949773937
v 0.668301225 0.00144070061 -0.0160897709
v 0.619715452 0.00775623089 -0.0633592159
v -0.569080532 0.0221198164 -0.150802329
v -0.512996554 -0.0353613645 0.179669693
v 0.427192777 0.0548143163 -0.280553579
v -0.231445923 -0.0711335018 0.404858679
v 0.667804718 -0.0111343628 0.175541848
v -0.470805228 -0.0447925664 0.267263353
v 0.546692252 -0.0122654168 0.053830497
v 0.548288703 0.0227484386 -0.121269815
v 0.160312921 0.11507991 -0.325837225
v -0.648481786 0.00112404325 -0.0121140815
v 0.446741998 -0.055393938 0.20315823
v 0.592530131 0.00159491028 -0.0101415142
v 0.340587437 -0.0778396279 0.298530757
v -0.55379492 -0.0238018837 0.139553353
v 0.509377658 -0.0307027027 0.122088149
v -0.405567318 -0.0588824674 0.294806004
v 0.376796007 0.0606360026 -0.330176145
v -0.616577566 -0.00723987538 0.055962991
v -0.444164604 -0.0549456179 0.231867909
v 0.0686444566 -0.119948648 0.342784762
v 0.242718011 -0.110182531 0.292583704
v 0.470587909 0.0194891412 -0.0439348891
v -0.359582186 0.0603394248 -0.34787178
v 0.32330218 -0.0934059694 0.261242956
v 0.523547947 0.0126383603 -0.0469676964
v 0.457179874 0.0509599857 -0.18043147
v -0.514096677 0.00815658271 -0.0270151012
v -0.479683965 -0.0148214279 0.0364726223
v -0.284833223 -0.0896222889 0.314362198
v 0.503393948 -0.00103704922 0.00282065105
v 0.324052304 0.0931925476 -0.257756084
v -0.476866901 -0.0343149342 0.0932874829
v -0.0439368077 -0.130947515 0.324852079
v 0.465578854 -0.0431416556 0.12322887
v -0.480754048 0.0427963324 -0.163689941
v -0.491863638 0.0242659654 -0.0721078143
v -0.388652235 -0.0804827884 0.172914207
v -0.138452217 0.10866829 -0.34947443
v 0.397220045 -0.0740417913 0.206934541
v 0.391580105 0.0779275149 -0.183451608
v 0.290081263 -0.121045917 0.218070313
v 0.44812566 -0.00235458207 0.00454655103
v -0.431461632 0.0178711191 -0.025624983
v 0.441253245 -0.0414455757 0.0756157935
v -0.0928660631 0.074344568 -0.441355526
v 0.435381651 0.0471272059 -0.0859923735
v 0.0859093294 0.135634601 -0.308708787
v -0.430955976 -0.0394875407 0.0610993057
v -0.230927736 -0.120830812 0.27641508
v 0.39666 0.0435500257 -0.0315455236
v -0.360015392 -0.100935578 0.138541281
v -0.182809949 -0.149839535 0.249814555
v -0.0802846327 -0.150198922 0.286532551
v 0.216107056 0.169455349 -0.193414479
v 0.0533908047 0.167265445 -0.262360841
v -0.0545889623 0.146272242 -0.296096444
v -0.1810949 0.139147952 -0.26803413
v -0.387889355 -0.0774576366 0.0910333768
v 0.126305088 -0.177855015 0.230319113
v 0.356250167 0 0
v 0.35344106 0.083718732 0
v 0.345057905 0.166117162 0
v 0.331233025 0.245895818 0
v 0.312184423 0.321796596 0
v 0.288212448 0.392622411 0
v 0.259695172 0.457256347 0
v 0.227082387 0.514679074 0
v 0.190888375 0.563984931 0
v 0.151683912 0.604396522 0
v 0.11008735 0.635276377 0
v 0.0667545944 0.656137526 0
v 0.022369083 0.666651011 0
v -0.0223691575 0.666651011 0
v -0.066754669 0.656137466 0
v -0.11008738 0.635276318 0
v -0.151683971 0.604396522 0
v -0.190888435 0.563984931 0
v -0.227082491 0.514678955 0
v -0.259695202 0.457256287 0
v -0.288212478 0.392622352 0
v -0.312184423 0.321796477 0
v -0.331233084 0.245895728 0
v -0.345057964 0.166116998 0
v -0.35344106 0.0837185383 0
v -0.356250167 -1.00860532e-07 0
v -0.353441 -0.0837188587 0
v -0.345057905 -0.166117325 0
v -0.331232995 -0.245896026 0
v -0.312184364 -0.321796775 0
v -0.288212419 -0.392622441 0
v -0.259695172 -0.457256377 0
v -0.227082342 -0.514679134 0
v -0.190888286 -0.563985109 0
v -0.151683822 -0.604396582 0
v -0.110087253 -0.635276377 0
v -0.066754505 -0.656137586 0
v -0.022368988 -0.666651011 0
v 0.0223691277 -0.666651011 0
v 0.0667546391 -0.656137466 0
v 0.110087387 -0.635276318 0
v 0.151683986 -0.604396522 0
v 0.190888464 -0.563984871 0
v 0.227082506 -0.514678895 0
v 0.259695292 -0.457256109 0
v 0.288212538 -0.392622173 0
v 0.312184483 -0.321796298 0
v 0.331233114 -0.24589552 0
v 0.345057964 -0.166116789 0
v 0.35344106 -0.08371865 0
v -0.316954404 -0.10436219 0.232198134
v -0.00261431513 -0.0978712663 0.393800229
v -0.348665178 -0.0478740446 0.414781839
v 0.258210868 -0.157562092 0.177062199
v -0.549914122 -0.0168025438 0.0818675831
v 0.0161925368 -0.369539529 0.0834803656
v -0.0697996542 -0.347199172 0.0911524594
v -0.0343368873 0.370226711 -0.0819126889
v 0.0865472332 -0.370536 0.0757651478
v 0.181547239 0.326136768 -0.0711111799
v -0.045338735 0.300212473 -0.123911865
v 0.257494628 0.251261294 -0.0696837902
v -0.25199753 -0.256749034 0.0707004592
v 0.0219928809 -0.491332203 0.0351536982
v 0.0343834981 0.289278328 -0.132667288
v -0.123235047 -0.259342879 0.140040919
v 0.0358916819 0.489361793 -0.0349853374
v -0.0359456576 -0.49398005 0.0338089801
v -0.059104275 0.480968297 -0.0361084938
v 0.12393339 -0.257686079 0.140925705
v 0.0671084896 0.451247126 -0.0449534357
v -0.100252509 -0.493711084 0.0285144188
v -0.200921953 -0.23423852 0.125993401
v -0.127454638 0.489526629 -0.025448164
v 0.191589072 -0.247751877 0.120187849
v -0.0465319641 0.263948381 -0.152903542
v -0.178069055 0.352557063 -0.0594204478
v -0.147450164 -0.369859159 0.0620036758
v 0.284627169 0.177741215 -0.108838171
v 0.119598411 -0.506916106 0.022492744
v 0.213217229 -0.314037085 0.0637370646
v 0.0756838322 0.24543041 -0.164812431
v -0.035585206 -0.306026101 0.121389501
v 0.0663589239 -0.52646631 0.0234097354
v -0.0141660832 -0.442371935 0.051253818
v 0.0353877209 -0.423444241 0.0579910576
v 0.0995614678 -0.220886096 0.185412586
v -0.295364529 0.206845239 -0.0621171519
v 0.0516108833 0.337873548 -0.0978215039
v 0.0505864732 -0.319065541 0.110744022
v 0.0293712355 -0.566064298 0.016451057
v 0.00100991817 0.597456217 -0.0109451208
v 0.0740591958 -0.44130072 0.047678344
v -0.103695795 0.411705136 -0.0543968156
v -0.100311212 -0.439001113 0.0453049839
v 0.270498216 -0.182893053 0.122126892
v -0.0793390423 0.550756514 -0.0168845709
v 0.112703644 0.277136236 -0.127306834
v 0.140191883 0.390244186 -0.0554768182
v -0.216114014 -0.174884915 0.187102541
v 0.140443772 -0.321245223 0.0897207782
v 0.0918176994 0.493775725 -0.0296708103
v 0.200487569 0.20880796 -0.152152166
v 0.184011862 0.25458473 -0.117909759
v -0.263835877 -0.168424353 0.153043166
v 0.132966608 -0.38964957 0.0574437082
v -0.0751865655 0.214003637 -0.197214007
v -0.110200658 0.350298136 -0.0813434049
v 0.721704304 0.00160399463 -0.0302019287
v -0.154241964 0.235427633 -0.148962915
v 0.41802296 0.0317158289 -0.0352123715
v 0.0284221396 0.20869194 -0.210135192
v 0.33125481 -0.133232102 0.0994314626
v -0.377336502 0.0887538344 -0.107509986
v -0.265166879 0.169726342 -0.147480503
v -0.317427963 -0.0679305494 0.359520495
v 0.582822561 0.0206347089 -0.29788816
v -0.113518901 -0.212195143 0.190473154
v -0.272465706 -0.133344397 0.21189937
v -0.410863966 -0.0192037635 0.0185060054
v 0.193167195 -0.0816242397 0.39353013
v 0.119237825 0.188258439 -0.216955453
v 0.195492968 -0.39616701 0.0365973338
v -0.330796331 -0.141126856 0.0836649984
v -0.0809369013 0.176947281 -0.24349165
v -0.173341557 0.185521111 -0.196395874
v -0.426951081 0.0530254617 -0.293071389
v -0.59763664 -0.0199453365 0.255308598
v -0.150333032 -0.0811052471 0.410097986
v 0.363803804 0.100636855 -0.0855857134
v 0.76110673 -0.000202308962 0.00504645612
v 0.623036921 0.0165009797 -0.20452489
v -0.146389544 0.287618369 -0.108629294
v 0.690275073 -0.00667130947 0.104924783
v 0.504830599 0.0347854979 -0.294818848
v 0.756785631 -0.00442756945 0.147890255
v 0.20085755 -0.160555422 0.220488846
v 0.0932831615 0.0993026718 -0.380871177
v -0.428368717 -0.0582186393 0.119282559
v -0.265698433 0.106143273 -0.282510996
v 0.257795334 0.135370329 -0.218821079
v -0.309691578 0.0682947487 -0.364433438
v -0.641406417 -0.0143647958 0.201158583
v -0.763602376 -1.86764355e-05 -0.00338499504
v 0.0214213151 -0.0629345328 0.478626192
v -0.415587395 0.0670690089 -0.171026245
v -0.353736073 0.0986358002 -0.17800808
v 0.718913317 0.00642785896 -0.146282479
v -0.721576929 -0.00629906962 0.148427635
v 0.114043206 -0.0891920626 0.400190085
v 0.003888726 -0.190093368 0.236851588
v -0.638927817 0.0143730287 -0.173750997
v -0.739807427 0.00183286343 -0.0452513769
v 0.0717829093 -0.268337876 0.145857438
v 0.522236645 -0.0272544306 0.345495611
v -0.429090798 0.0372660868 -0.392729759
v -0.207602486 0.0775019974 -0.397790223
v 0.565385818 -0.0232478939 0.303573549
v 0.631554782 -0.015689075 0.251378208
v 0.0703180134 0.0553986207 -0.495150864
v 0.397310346 0.0473672338 -0.371851325
v 0.330927551 -0.123249732 0.135998622
v 0.697298467 -0.00883517973 0.238529637
v -0.0679856837 -0.0741098821 0.445828408
v 0.424620092 -0.0598798543 0.246167943
v -0.239740133 0.283391207 -0.062823467
v 0.0361666232 -0.153413936 0.287787765
v -0.247833535 0.0548844784 -0.448492676
v -0.562428355 -0.0234457478 0.307863384
v -0.315704763 0.130478948 -0.149865657
v -0.786566794 0.00114216388 -0.0472278222
v 0.711776733 0.00765510509 -0.230978414
v 0.29734695 -0.187635615 0.0800922066
v -0.66886133 0.0109526962 -0.271981716
v 0.412951916 -0.0677886307 0.129444808
v 0.151195377 -0.0662547946 0.450369686
v -0.537347257 0.0277070757 -0.302960843
v -0.475222766 0.0441261269 -0.255562067
v -0.199968189 -0.0565816052 0.462499022
v -0.758013904 0.00430795737 -0.150438264
v -0.395313293 -0.0317381658 0.453621686
v -0.25785026 -0.0509967841 0.456108868
v 0.615348935 -0.015815394 0.311888665
v -0.136273474 -0.0563285574 0.481917888
v -0.232635453 -0.0393668488 0.506442845
v 0.329742074 -0.0590701178 0.38367933
v 0.664636612 0.0104561429 -0.299316525
v 0.666402936 -0.0105863037 0.298362732
v -0.629026234 0.0133389067 -0.324609131
v 0.279594898 0.0323918462 -0.513915181
v 0.467603952 0.0359974653 -0.353448719
v 0.538626075 0.0218007043 -0.371453166
v -0.561106741 0.016668519 -0.391515911
v -0.368069172 0.0443220288 -0.412037581
v -0.0546796992 -0.0566325039 0.493465096
v -0.28429842 0.038570635 -0.488037765
v -0.139706805 0.0578151271 -0.476271093
v 0.157391086 0.0532097071 -0.48530066
v 0.590865552 0.015825225 -0.358498544
v -0.370481908 0.0733659714 -0.272379756
v 0.10482645 -0.0418566763 0.530448377
v 0.51048547 0.0196440797 -0.424532831
v 0.428199321 0.0230365265 -0.471491277
v -0.498530626 -0.0245411657 0.402349561
v -0.289278418 -0.0355648473 0.497111082
v -0.553784847 -0.0190138537 0.379756927
v 0.107366107 0.0406594053 -0.533610106
v 0.462222606 -0.0226383097 0.448739201
v 0.3725622 -0.0372364111 0.443775237
v -0.657975972 -0.0104641085 0.312833637
v -0.688643098 -0.00927860383 0.250988662
v -0.609698892 -0.0122297294 0.374767721
v -0.174370155 -0.0293933097 0.556453288
v 0.364983678 0.0255720597 -0.499818861
v -0.568705022 -0.012165416 0.424910665
v 0.499534488 0.0114689926 -0.491809249
v -0.689205348 0.00660471246 -0.335011899
v -0.381923854 -0.0159328841 0.534513533
v -0.207618862 0.102694862 -0.329545826
v -0.803851366 -0.00226979028 0.188749924
v -0.290106446 0.111029759 -0.241289064
v -0.473203599 -0.0179839749 0.467888832
v 0.288527161 -0.0250227749 0.537965953
v -0.625775218 0.00801412109 -0.40385741
v -0.731447518 0.0047864751 -0.293824822
v -0.780104578 -0.00333158392 0.216259316
v -0.669287145 0.00724999234 -0.357695401
v 0.178695843 -0.0337674953 0.541717112
v -0.282734275 0.0218789671 -0.552009761
v -0.382825136 0.0180846173 -0.524397969
v 0.250307113 -0.021543229 0.564863145
v 0.572799087 -0.0104047367 0.435786486
v -0.29707247 -0.0138981529 0.578176796
v -0.235892951 0.0996798277 -0.321911007
v 0.388302505 0.0711397901 -0.24745065
v -0.185093224 0.0315223485 -0.546831548
v 0.0754667744 -0.0268755425 0.580825865
v 0.754603088 0.00376805523 -0.275654346
v 0.50876826 -0.0133542167 0.471223444
v 0.792561233 0.00268625002 -0.186309159
v 0.0260285046 -0.0297097433 0.574873328
v 0.778973818 0.00327315764 -0.215040401
v -0.602200747 0.00847938191 -0.425538361
v 0.52810508 0.0106893228 -0.476242691
v -0.33452931 0.0219886266 -0.531074226
v 0.248227224 0.179254591 -0.148562878
v 0.330527186 0.019770423 -0.542168498
v -0.411969811 0.0166253485 -0.516184509
v -0.123857766 0.0236353315 -0.584945738
v 0.00947019085 0.254411608 -0.162918672
v -0.0161518212 -0.0189875942 0.609273016
v -0.722595096 -0.00525717344 0.30657801
v 0.464991391 -0.0138047906 0.498600036
v -0.333000362 -0.0218779575 0.531921446
v 0.346514642 0.0578343235 -0.372142702
v 0.13447246 0.213207841 -0.179945245
v 0.201667681 0.145100698 -0.242785752
v 0.176037446 0.022869125 -0.578539193
v -0.540020764 -0.0297528058 0.255658269
v 0.704301536 0.00476544071 -0.345965236
v 0.60762167 -0.01166311 0.384569079
v -0.0195533689 0.0277991965 -0.580268383
v 0.250940651 0.0668313354 -0.407321662
v -0.787629902 -0.00119949598 0.0428208858
v 0.115183972 0.159575656 -0.259670317
v -0.758500695 0.00459153112 -0.204347864
v 0.351142883 -0.0208833925 0.528523207
v 0.784937501 0.00284777349 -0.131880462
v 0.00537914783 0.148976326 -0.294357061
v 0.801615953 -0.00138669927 0.0626667216
v -0.739397168 -0.00479100319 0.277122021
v -0.592697501 0.00433571776 -0.0312961079
v 0.324331701 0.143382281 -0.0957287624
v 0.772842526 0.00245471275 -0.0852705836
v -0.548224151 -0.029204214 0.224909499
v 0.676596582 0.00648056436 -0.360957533
v 0.062759079 0.0249491967 -0.587351382
v -0.149118453 -0.0190945193 0.596554697
v 0.773997307 -0.00361461588 0.199744478
v -0.420148998 0.062121544 -0.229206249
v -0.470859051 -0.0452045202 0.148373201
v -0.0953325108 0.272770733 -0.135425761
v -0.417048007 -0.0189018119 0.502082646
v -9.49949026e-08 0 -0.671422482
v 1.73225999e-07 0 0.671422482
v 0.509982944 -0.0341052748 0.28478381
v -0.0909572169 0.250826031 -0.155531317
v 0.445226729 0.0123256268 -0.519600809
v -0.112201735 0 0.666128159
v -0.112202153 0 -0.666128159
v 0.112202071 0 0.666128159
v 0.112201959 0 -0.666128159
v 0.36913532 0.0386217833 -0.43983227
v -0.122617185 0.142942071 -0.285183638
v 0.34360683 -0.0962630957 0.211023882
v 0.512137651 -0.0204746015 0.41503033
v 0.222634599 0 -0.650328577
v -0.222634375 0 0.650328577
v 0.222634673 0 0.650328517
v -0.222634703 0 -0.650328517
v -0.222411692 0.119920373 -0.283044398
v 0.0988978148 -0.066003792 0.46185261
v -0.0873627067 -0.0177266747 0.609158754
v -0.231909186 0.0779531226 -0.383110046
v 0.391973197 0.0791461766 -0.127641201
v 0.0198581554 -0.593973994 0.011199736
v 0.232856885 0.22343789 -0.110950314
v 0.159280717 0.195468411 -0.190764174
v 0.329556227 0 0.624272823
v -0.329556167 0 -0.624272823
v 0.329556108 0 -0.624272883
v -0.329555869 0 0.624272943
v 0.296770841 -0.0884791836 0.305568725
v -0.211050481 0.204624578 -0.147284865
v 0.417137325 0.0657394975 -0.141840607
v -0.281855345 0.0601180494 -0.411527842
v 0.339995503 0.0976172313 -0.21234405
v 0.17105186 0.174531162 -0.213077828
v 0.465937912 0.0424550436 -0.119588643
v -0.695645392 -0.00452456158 0.361157119
v 0.362441689 0.0841034651 -0.226999342
v 0.0411976017 0.111465231 -0.361845911
v 0.652624965 -0.00936781336 0.35040009
v -0.472645789 -0.0271938257 0.411876798
v -0.195673108 0.252557218 -0.111504152
v 0.129566491 0.143812448 -0.281378955
v 0.240990594 0.199769005 -0.128742918
v 0.258242399 0.160245135 -0.167350814
v -0.201975599 0.22883746 -0.128401518
v 0.431280464 0 0.588371992
v -0.431280077 0 0.588372111
v 0.431280255 0 -0.588372052
v -0.431280434 0 -0.588371992
v -0.378099829 -0.0547298118 0.354210526
v -0.340975195 -0.0341431722 0.475529611
v -0.129260615 -0.150787115 0.270214945
v -0.408578694 -0.0624550208 0.263880491
v -0.215431228 0.148382843 -0.228718325
v -0.555257857 -0.00440093363 0.0206113718
v -0.278585613 0.189388961 -0.102448069
v -0.517581642 0.0346575007 -0.192777172
v 0.140732363 0.474900246 -0.0274663754
v 0.417170197 -0.0527847521 0.312397689
v 0.62245661 0.00842472631 -0.403065979
v -0.150978163 0.0770112798 -0.419458508
v -0.174319357 -0.121932946 0.305350661
v -0.128926545 0.0405034907 -0.529390752
v -0.0331193432 0.0342681482 -0.559472322
v 0.269079268 0.053105779 -0.442551702
v 0.160466686 -0.0415785462 0.520879924
v 0.271552712 -0.0463692248 0.467373371
v 0.322307318 -0.046515923 0.438444436
v -0.315430284 -0.0420525894 0.458091587
v -0.0831701905 0.0537831262 -0.497140288
v -0.591047108 0.0197229199 -0.288355142
v 0.369891971 -0.0754559413 0.260973662
v -0.484128714 0.00719388295 -0.01817693
v 0.259907991 -0.0273316894 0.539903104
v 0.247944936 -0.0749497488 0.385660738
v -0.0207892936 -0.0707759038 0.457491428
v -0.526203096 0 -0.543192148
v -0.526202738 0 0.543192267
v 0.526203156 0 0.543192148
v 0.526202917 0 -0.543192267
v -0.22040607 0.182433411 -0.168866158
v -0.0964173451 0.298374623 -0.116027758
v -0.163427278 0.406299502 -0.0424616486
v 0.0470364504 0.0381802358 -0.546910822
v -0.0174590405 0.175538868 -0.253025562
v 0.3525832 -0.0626213551 0.348636389
v 0.749957383 -0.004498614 0.259125769
v -0.447941124 -0.0448179133 0.317714661
v -0.0985253975 0.124619834 -0.328018278
v -0.223233834 0.0425150506 -0.498324633
v 0.314702809 0.03915314 -0.470193416
v 0.143615454 -0.221477821 0.168048203
v 0.0228158776 0.0566846281 -0.494657904
v -0.317156494 -0.122102901 0.175126985
v 0.425546736 0.0482002534 -0.326689512
v -0.286616445 0.121961668 -0.217265889
v -0.573366165 -0.0200453233 0.335131675
v 0.0736984089 0.0796928182 -0.430006683
v 0.316342592 -0.124637999 0.164679304
v -0.193993062 0.0588643439 -0.45665735
v 0.317784488 0.112799063 -0.197817817
v -0.168410227 0.118448794 -0.315315813
v 0.0663375109 -0.0529162586 0.502935052
v 0.140905231 -0.468894541 0.028650742
v -0.614931345 0.0173571426 -0.266670346
v -0.426918566 -0.0615911707 0.150025383
v 0.0986115783 -0.0186491888 0.605213881
v -0.448625177 0.0544475988 -0.218641534
v -0.39002496 0.0730682015 -0.226663351
v -0.343426704 -0.074617967 0.305425048
v 0.294448644 0.0610503778 -0.402783245
v -0.0614824109 -0.25394997 0.158771932
v 0.213409051 -0.0967968926 0.343716383
v -0.573285878 -0.0156469103 0.0943097696
v 0.512451828 -0.0168075394 0.44330287
v -0.00473283604 0.328792155 -0.106431961
v 0.325213283 0.132094875 -0.121513166
v -0.612826943 0 0.489446014
v 0.612827301 0 0.489445806
v 0.612827063 0 -0.489445955
v -0.612827182 0 -0.489445865
v -0.417474568 -0.0368103199 0.407176316
v -0.127633989 0.516571522 -0.0189543087
v 0.342218608 0.0390086174 -0.455757678
v -0.0159865767 0.304157346 -0.12279655
v 0.07545387 -0.0753507689 0.441695631
v 0.45296821 0.0320468806 -0.402609587
v -0.546966851 0.0176290441 -0.0840609819
v 0.167879596 -0.187502652 0.199525818
v 0.232560799 0.307993263 -0.055586081
v 0.258914322 0.0407158434 -0.49246639
v 0.414954692 -0.0236896239 0.478198826
v -0.393228292 -0.0737290084 0.2187839
v -0.669686079 -0.00939481799 0.130899176
v 0.188143253 0.13443777 -0.27275297
v 0.0782855526 -0.568869889 0.0134089747
v 0.563214421 0.00833687 -0.462766081
v -0.282271236 -0.10791564 0.261680365
v -0.157820433 -0.149879336 0.261590779
v 0.272506535 -0.0550494343 0.436222851
v 0.487348109 -0.0410928056 0.167849079
v -0.452311248 0.0458611809 -0.11064373
v 0.206280366 0.016953364 -0.59234041
v -0.358178228 0.102411911 -0.127425581
v -0.0441556685 -0.206646159 0.212616891
v -0.401646376 0.0724763647 -0.119804367
v -0.0117059695 0.160453677 -0.276205629
v -0.0779186711 -0.277218312 0.136232242
v 0.181867108 0.372359604 -0.0504502282
v -0.519504786 -0.0184482429 0.424857765
v -0.341789305 -0.104167983 0.186540872
v 0.212823123 0.0650656894 -0.432154238
v -0.567904353 0.00973715447 -0.0574673638
v -0.131513968 0.157449514 -0.258054376
v 0.576647401 -0.0177976247 0.356562078
v -0.305199176 0.0506531447 -0.430560619
v 0.0681935325 -0.185167074 0.234523162
v 0.417711049 0.0637452751 -0.224760205
v -0.343602151 0.0332482718 -0.477044672
v -0.140025601 -0.195085883 0.20100534
v -0.174002185 0.0678145438 -0.438012213
v -0.503740132 -0.0343326814 0.30749014
v -0.491531491 -0.0407064781 0.228773654
v -0.0559395812 0.4128865 -0.0602512918
v 0.0457851551 0.124077208 -0.336859405
v 0.101255246 -0.146221459 0.286105752
v 0.194236368 -0.0615645014 0.449597239
v 0.41668576 0.0353944786 -0.416812301
v 0.157273948 0.0373613462 -0.534091294
v -0.0749124885 0.425960392 -0.0530600436
v -0.592449903 -0.0189250652 0.310668051
v -0.689786613 0 -0.427980751
v 0.689786792 0 0.427980602
v 0.689786553 0 -0.42798081
v -0.689786434 0 0.4279809
v -0.0938103646 -0.29652673 0.118491828
v 0.0915123448 0.195381597 -0.215444505
v 0.48284781 0.0429327451 -0.237366319
v -0.786243796 0.00297456817 -0.149168745
v -0.287572175 -0.0598825365 0.408803791
v -0.165312529 -0.417110652 0.0387899317
v 0.355054259 -0.107658893 0.115751989
v -0.138360903 -0.396622986 0.0531543493
v 0.527990162 -0.031949874 0.263031781
v 0.230021879 -0.256094247 0.0889547542
v 0.104622848 0.516542852 -0.0225180835
v -0.687226713 0.00436942931 -0.0681661293
v -0.0604302138 -0.103007644 0.377869844
v -0.22687912 -0.0939925164 0.341933161
v 0.00307112862 0.28075099 -0.14017576
v 0.0334396474 -0.0967562124 0.394580692
v -0.106224418 -0.0600971915 0.477195829
v -0.244456813 -0.313294858 0.0462872349
v 0.146657944 0.0968318656 -0.37149623
v 0.179667488 0.159748673 -0.231622666
v 0.0364338234 -0.0369523168 0.552014232
v 0.329486102 -0.109234251 0.188121706
v -0.81331265 -6.69171641e-05 -0.00179313531
v -0.402252048 0.012118455 -0.542917848
v 0.170459732 -0.354578406 0.0618053451
v -0.647441864 0.0138691347 -0.219719172
v -0.524289727 -0.0284628533 0.130073816
v 0.353457689 -0.0565708317 0.372867316
v 0.469514608 0.0449156314 -0.151222631
v -0.229123786 -0.147503346 0.221749172
v 0.484860092 -0.0337477215 0.103523001
v 0.01894149 0.432494789 -0.0545139015
v -0.483630568 -0.0326632708 0.358216852
v -0.0262491684 -0.155389071 0.284893811
v 0.149141788 0.292649239 -0.103413336
v -0.127561226 0.0318856835 -0.557050347
v -0.216054797 0.160160422 -0.207071468
v -0.199352384 -0.108239628 0.324097633
v 0.280320436 -0.0718305707 0.376216739
v 0.00486260373 -0.12317124 0.340678811
v 0.236440882 -0.0859951377 0.359507263
v -0.0663713217 -0.0353949517 0.553772211
v 0.370802939 0.0496977419 -0.385788202
v 0.305498093 0.169042304 -0.0896133333
v 0.299246997 0.129415974 -0.180789173
v -0.156789422 0.442030668 -0.0323798582
v -0.127511635 0.0873789415 -0.40099448
v -0.20934996 0.050688345 -0.476494163
v -0.205887735 0.037000753 -0.522726059
v -0.0380327329 0.519346833 -0.0267544743
v 0.121089779 0.497225523 -0.0250097848
v 0.162839636 0.24049072 -0.140326664
v 0.214462772 0.0497810282 -0.478349149
v 0.727604508 -0.00451549562 0.313625634
v 0.218641847 -0.0529550128 0.467556626
v -0.249206111 -0.0310022067 0.52978003
v 0.011623689 0.377049714 -0.0783362016
v -0.138293371 -0.458259672 0.0322651155
v -0.495042026 -0.0366909653 0.138416827
v 0.281817436 0.101891525 -0.277556628
v -0.326185167 0.0416534357 -0.452653706
v 0.188064709 -0.125764087 0.290161043
v 0.133754566 -0.114309989 0.337512553
v -0.589949906 -0.0203127321 0.1687361
v -0.728376627 0.0059047956 -0.152124286
v 0.167347714 -0.154526681 0.247897372
v -0.309734434 -0.098605901 0.25905481
v 0.0694650859 0.0925920457 -0.400229484
v 0.575919807 0.021775458 -0.165609092
v -0.525141299 0.0248370841 -0.108769923
v 0.0203214213 -0.0448161811 0.529459953
v 0.0712118968 0.317668796 -0.107673481
v 0.49722299 -0.0098386528 0.500530899
v 0.676677823 -0.00825088657 0.327039987
v 0.560660183 0.0261866637 -0.226811424
v 0.28616178 0.0163688995 -0.57249707
v -0.267281145 0.116049998 -0.255724519
v -0.75586772 0 -0.359766096
v 0.755867839 0 0.359765917
v 0.75586772 0 -0.359766185
v -0.7558676 0 0.359766304
v -0.627759814 -0.0157453921 0.256826818
v -0.131489262 -0.103501379 0.361799002
v 0.448391169 0.0526474454 -0.232713774
v -0.355224699 -0.107980587 0.111962639
v -0.684782684 0.00984631106 -0.183263555
v -0.31758377 -0.131688312 0.146696299
v 0.257600546 0.123921618 -0.245186642
v -0.482751042 0.0370586328 -0.314759076
v 0.384611696 0.0133737447 -0.546002805
v 0.293087065 -0.100674286 0.272539854
v -0.0495958962 0.56731987 -0.0152224973
v -0.10574206 0.0468952656 -0.514152348
v 0.323652238 0.0739726052 -0.329433501
v -0.0967682451 -0.120974459 0.334599495
v 0.00770628545 -0.0730731562 0.453026056
v -0.336947471 -0.0279970933 0.503974497
v 0.0478082597 0.0301684812 -0.571576595
v 0.176797122 -0.140965745 0.267063409
v 0.52010572 -0.032553792 0.167550161
v -0.360632211 -0.0643420964 0.329444975
v 0.199673921 -0.111551665 0.31521377
v -0.300401837 -0.0510239378 0.432911217
v 0.00517638633 0.352503002 -0.0919401422
v -0.0678403154 0.0829247907 -0.423854411
v -0.174420834 -0.0165253431 0.600553632
v 0.366279781 0.0976023898 -0.115089722
v 0.163668007 0.0779024363 -0.413518369
v 0.221951127 -0.200660661 0.146764204
v 0.0860004872 0.365842342 -0.0774120763
v 0.237350523 0.0289968923 -0.540896952
v 0.113796987 0.063837111 -0.465227395
v -0.414275348 -0.0640781745 0.236761466
v 0.113792844 -0.049284596 0.5067904
v -0.0261686947 -0.06029322 0.484736711
v -0.32654348 -0.085901916 0.281430483
v -0.6423347 -0.0144606149 0.233450532
v 0.345822006 0.112086445 -0.130975604
v -0.0556900576 -0.227231234 0.187006831
v -0.681771815 0.00824651867 -0.126968771
v 0.22953409 0.084652558 -0.365546077
v -0.226908222 -0.265993565 0.0828764811
v 0.0358113982 -0.229638875 0.187300622
v 0.548779786 -0.0264149997 0.160685629
v -0.740806937 0.00236641616 -0.332974017
v -0.326418847 0.0291163884 -0.504048824
v -0.432166278 0.0239679012 -0.46388635
v -0.697053373 0.00223805895 -0.0351833962
v -0.141902253 0.200965002 -0.192107961
v 0.643265784 0.0139765898 -0.254549921
v -0.396642387 -0.045948647 0.379556835
v -0.215413034 0.257334739 -0.0957359076
v -0.228194326 -0.223841935 0.117269799
v -0.0613111183 0.0609801225 -0.480606735
v 0.0154790273 0.40451926 -0.0658236891
v -0.412867993 0.0300653186 -0.446042091
v -0.158261791 -0.288764894 0.103858247
v -0.440100402 0.0323179699 -0.0546656512
v 0.288252443 -0.159362689 0.1345862
v -0.339933664 0.0940463543 -0.231620044
v -0.439893126 0.0396280549 -0.365176022
v 0.241375521 -0.140709966 0.223964304
v -0.476840675 0.0265223719 -0.409499675
v -0.139950708 -0.176659688 0.226706401
v 0.306312084 -0.139618218 0.144289851
v 0.0850996152 -0.165223211 0.259593636
v -0.111017898 -0.078229256 0.427200675
v -0.556506574 -0.0210369527 0.354248494
v 0.371396422 -0.0608696863 0.336506456
v 0.0761364624 -0.495473564 0.0306849461
v -0.279984564 0.135424197 -0.193942994
v -0.527879357 -0.00959188491 0.0366268195
v 0.523091197 0.0331437513 -0.23991853
v 0.530781448 -0.0233902019 0.370609134
v 0.810028493 0 0.285877526
v -0.810028374 0 -0.285877705
v 0.810028315 0 -0.285877824
v -0.810028195 0 0.285878003
v 0.214288816 -0.185768098 0.17222102
v 0.0519096255 -0.206861258 0.210842311
v -0.203825235 -0.0415484682 0.508583128
v -0.812458813 0.000550783705 -0.0321904719
v 0.209680483 0.0965197608 -0.344881207
v -0.0129319886 -0.531790316 0.024519816
v -0.257120937 -0.0815432221 0.359047472
v -0.169399723 -0.218260139 0.160152853
v 0.157331944 -0.100775369 0.359325767
v 0.225304276 0.24514851 -0.098417066
v -0.59782362 0.019875465 -0.196593806
v 0.432586402 -0.034034092 0.409979641
v 0.162650675 -0.308573931 0.0896179378
v 0.166304469 -0.226803303 0.15334855
v 0.658691049 0.0114740832 -0.165331706
v -0.714125633 0.00751126325 -0.22917974
v 0.171840891 -0.050120499 0.491721988
v -0.370565593 -0.0867550001 0.198303655
v 0.102322608 0.176721409 -0.238029644
v -0.286864221 0.0860119835 -0.325762451
v 0.0192596652 -0.110030785 0.367312938
v -0.00999682955 0.0603855215 -0.485196799
v 0.793945372 0.00077539339 -0.034222126
v -0.0413121544 -0.170639321 0.260799915
v 0.783853352 0.00204852712 -0.266229689
v -0.503086448 -0.0161731057 0.0513569117
v 0.469947487 -0.0461528823 0.24605678
v -0.0130261136 0.236948177 -0.180074379
v -0.758384824 0.003236786 -0.093860805
v -0.168180019 0.32634601 -0.0760723352
v 0.113832466 0.442239553 -0.0418304428
v 0.357596159 -0.0858501568 0.233747229
v -0.799604893 -0.00251666759 0.157122537
v 0.122394651 -0.456238478 0.0358097889
v 0.519611418 0.0265760142 -0.109255284
v -0.0414168611 0.121969111 -0.342292607
v 0.338433921 -0.0335705951 0.481408507
v -0.738936663 -0.00420986442 0.102839582
v -0.477621108 -0.030411439 0.384722829
v 0.105783023 -0.303493738 0.11104016
v -0.274202317 -0.069692567 0.38464725
v 0.57884264 -0.0232443027 0.234830931
v -0.251730204 -0.133914798 0.230121002
v -0.0406053588 0.218732908 -0.197648272
v 0.458804607 -0.0375008285 0.35557574
v -0.0903419033 -0.17969276 0.239219621
v 0.174396262 0.422057658 -0.0351611488
v -0.571478665 -0.0245761685 0.195749745
v -0.432116747 -0.0511483066 0.300109416
v 0.0109737031 -0.280304253 0.142284408
v -0.672996163 -0.00410802802 0.0481552593
v 0.451649755 -0.0464081578 0.299866974
v 0.231669247 -0.215669528 0.122593097
v 0.393835872 -0.0640655532 0.284817308
v 0.60144192 -0.00887882337 0.0639577731
v -0.0151199866 -0.138204515 0.314219087
v 0.0153789781 0.0927468017 -0.404839307
v 0.498945743 0.0155983558 -0.0470721722
v 0.0837149024 0.41298604 -0.0569481775
v 0.594470859 -0.0111780465 0.406459332
v -0.422409832 0.0204702951 -0.490212381
v -0.156362727 -0.0616129413 0.461852223
v 0.116646007 -0.129263669 0.313058883
v -0.44621709 -0.0239611398 0.454221576
v -0.0279204566 0.195513442 -0.226273879
v -0.249126539 -0.148158714 0.205502316
v 0.0786448643 0.341750383 -0.0914243907
v -0.851414204 0 0.207481146
v -0.851414382 0 -0.207480833
v 0.851414442 0 0.207480624
v 0.851414323 0 -0.207480967
v -0.524446011 0.0331031419 -0.246080056
v 0.602930248 0.0143055283 -0.114659928
v 0.0994305089 -0.473727286 0.0341524072
v -0.296421319 -0.174385682 0.0992395431
v -0.742010474 -0.00563537376 0.208817646
v -0.0156568307 0.0418222323 -0.537505507
v -0.121733375 -0.333433568 0.0879889056
v -0.0999377742 0.324247569 -0.0982819125
v -0.242828682 -0.164154246 0.182131335
v -0.164042056 0.0496546887 -0.494541585
v 0.410797983 -0.0696495771 0.182565808
v -0.257580638 0.235301197 -0.0806899741
v 0.12938875 -0.342359722 0.0806518644
v -0.024671983 -0.332781404 0.104483239
v -0.146502823 0.500139236 -0.0195276402
v 0.156955034 0.165761709 -0.234644413
v 0.251295656 -0.0995771065 0.313957006
v 0.732872605 0.00284650805 -0.337363273
v 0.174108833 -0.396312416 0.0434987471
v 0.542075336 -0.0257717893 0.323352128
v -0.551341414 -0.00904530939 0.464951545
v -0.0441003069 -0.348566532 0.0934576914
v -0.0419410765 -0.0783558339 0.437755644
v -0.107577756 0.381063193 -0.0669363961
v -0.177185744 -0.0746238306 0.418150038
v -0.39553681 0.0641554072 -0.0647422224
v 0.562755406 -0.0182258468 0.104448564
v 0.669958293 0.0115464041 -0.20951283
v 0.572436512 0.0123505145 -0.0724534243
v -0.659646988 0.00967095047 -0.330011487
v -0.00186047866 0.484217197 -0.0375576206
v -0.119533755 -0.357234597 0.0755031258
v -0.107669711 0.233833909 -0.167355999
v -0.205535725 -0.428243995 0.0236516967
v 0.130957708 0.11881499 -0.328645021
v 0.556607604 0.0234403182 -0.318684518
v 0.534773588 -0.0320923887 0.214147389
v 0.286948234 0.0395349041 -0.483161241
v -0.173752442 -0.239248648 0.13636288
v 0.53281188 0.000115731164 -0.000365137996
v 0.723980308 0.00579991331 -0.284426093
v -0.424431503 -0.0122934589 0.530703306
v 0.0882929936 0.391003609 -0.0653074309
v -0.265862197 0.0466443859 -0.467672974
v 0.152958199 -0.408691674 0.0449546464
v 0.499734789 0.0335225537 -0.320606321
v -0.116700105 -0.0491346456 0.505934715
v 0.204299107 0.119085424 -0.294845223
v -0.448613375 0.0537844747 -0.166739434
v 0.61662519 0.0175873432 -0.236098111
v 0.500967681 -0.0168816466 0.0492892526
v -0.133116663 0.394253939 -0.0553302132
v 0.701317489 0.00809011236 -0.26186493
v -0.691417098 0.0094795078 -0.227037743
v -0.649875939 0.0119780693 -0.301078111
v -0.507735968 0.0218654107 -0.409443647
v -0.127618194 0.119782507 -0.329834253
v -0.232306406 0.0621463731 -0.432798624
v -0.171515137 -0.342533439 0.0671152547
v -0.543552041 0.0290014185 -0.203826845
v -0.644984961 -0.00672657741 0.0681619197
v 0.643437445 0.0118555464 -0.317805797
v -0.879372954 0 0.125812173
v -0.879373074 0 -0.125811875
v 0.879373014 0 -0.125812039
v 0.879373074 0 0.125811815
v -0.0802728534 0.521749556 -0.0233179238
v -0.679559469 0.000692940026 -0.0096783815
v -0.261677742 -0.0371413454 0.50280863
v 0.664024413 0.00972373784 -0.132922173
v 0.427148312 0.0413487703 -0.0597758442
v 0.417905807 -0.0277931951 0.45544523
v 0.735592246 0.00602871319 -0.192719519
v -0.0181094892 0.629413724 -0.00539775239
v 0.650841832 -0.00806772429 0.0890017673
v 0.624571979 -0.0141564617 0.144406796
v 0.0342821442 0.593861043 -0.0110560367
v -0.11661163 0.0660370514 -0.458859861
v -0.509401798 0.0168533456 -0.0553897806
v -0.398444235 0.041243542 -0.400552183
v 0.60280031 -0.0140835112 0.362084448
v -0.476688921 0.0375928432 -0.114233956
v -0.549475849 -0.0163278263 0.409754515
v -0.0193954669 -0.364207804 0.0855630785
v -0.24497956 -0.0453904942 0.480887026
v 0.0153191611 -0.5200544 0.0274956897
v -0.195841223 0.0952825472 -0.355116069
v -0.00431687245 0.449972957 -0.0488753691
v 0.0955159888 -0.324626476 0.0992075652
v 0.481546491 0.0261805039 -0.0705786794
v -0.893463433 0 0.042159088
v 0.893463492 0 -0.0421589687
v -0.893463492 0 -0.0421588272
v 0.893463492 0 0.0421589278
v 0.047347486 0.464241236 -0.0420484394
v -0.106899522 -0.143796474 0.290601373
v -0.625658095 0.00851955451 -0.0740853772
v 0.621581793 0.00114104035 -0.0101456568
v -0.454058796 -0.0370990485 0.077346094
v 0.257385492 0.0226591062 -0.557783306
v 0.38572666 0.062830247 -0.303464055
v -0.315021068 -0.16412586 0.078547135
v -0.0972227305 -0.54220283 0.0171935372
v 0.309276491 -0.0690020472 0.363143206
v -0.0628046617 -0.140171498 0.30652532
v 0.549380362 0.0253844094 -0.152038306
v -0.0788481608 -0.11248824 0.355543882
v 0.730351329 -0.00404071249 0.0883247331
v 0.613275766 0.0160679948 -0.306939602
v -0.338965565 0.0598058067 -0.371138036
v -0.164822951 -0.315231502 0.0843416303
v -0.414002568 0.0414035842 -0.0479690023
v 0.546260297 0.0181785952 -0.0900003761
v 0.587791681 -0.0193581451 0.314656228
v -0.354845583 -0.0418594815 0
v 0.354845613 0.041859366 0
v 0.354845613 -0.041859325 0
v -0.354845613 0.041859217 0
v 0.293555945 0.053337492 -0.429470003
v -0.0817207024 0.471023023 -0.0368721224
v 0.654812694 0.00850099325 -0.1019862
v 0.610980272 -0.0185868144 0.228415415
v -0.593014061 0.0121557591 -0.397962093
v 0.140547872 -0.0767899826 0.424752742
v -0.42065239 -0.0509819575 0.322218329
v -0.243655443 0.13204512 -0.239184976
v -0.550413966 -0.0208517425 0.110876374
v -0.52988863 -0.0245611258 0.359571576
v 0.677512527 -0.00285929511 0.0351338089
v 0.716438234 -0.00666075293 0.145022854
v 0.649564803 0.00670067221 -0.0710773095
v 0.569913089 0.0245310925 -0.195703477
v 0.655154943 0.00468556583 -0.409830987
v 0.0201751851 -0.17176576 0.262032866
v -0.00306348875 -0.393565834 0.0718941763
v 0.169071585 -0.0794388577 0.408492565
v 0.051027976 0.225797072 -0.188497633
v -0.0738098547 -0.45878461 0.0420197546
v -0.584190845 0.015636865 -0.369488448
v 0.655813575 -0.00687246677 0.380798399
v 0.0343004279 -0.0534110516 0.504330158
v 0.541169941 0.0166774932 -0.415425599
v 0.188059375 -0.175920352 0.205392882
v 0.622393072 -0.0169508588 0.198790818
v 0.140383527 0.317902952 -0.0907049179
v 0.6030671 -0.0183012523 0.170891255
v 0.510097563 -0.0243767407 0.387906939
v 0.234775573 -0.292997301 0.0623186156
v -0.349249452 -0.124918088 0
v -0.349249512 0.124917768 0
v 0.349249482 0.124917947 0
v 0.349249512 -0.124917716 0
v 0.0697669014 0.150446013 -0.286174089
v -0.373758823 0.0665926561 -0.302042216
v 0.0985120162 0.575386763 -0.0106262909
v -0.70116365 -0.0068001058 0.125508368
v -0.295484096 -0.118649289 0.220152617
v -0.0746730492 -0.0259514563 0.582983017
v -0.290418178 0.150112718 -0.148683995
v 0.695720017 0.00719018932 -0.125942469
v 0.592384696 -0.0200564507 0.289870918
v 0.0473079272 0.0623303019 -0.478570074
v -0.758338809 -0.00298695243 0.0841541737
v 0.219598174 0.288399518 -0.073364675
v -0.290296912 0.0932599157 -0.296822816
v -0.73867619 -0.000584253285 0.00967152324
v 0.640570223 0.0137818288 -0.287146837
v -0.199397713 0.124727853 -0.286642462
v -0.145144001 -0.110358454 0.343160421
v 0.555980146 -0.0227993038 0.132719159
v 0.118028238 0.10695488 -0.357699454
v 0.647609651 0.0098849358 -0.348959267
v -0.372802496 0.050686162 -0.377932012
v -0.772856116 0.00343833165 -0.2322817
v 0.454786211 -0.0432474352 0.101531103
v -0.636662662 -0.00150779053 0.011490983
v 0.52274698 0.0213229638 -0.396095932
v -0.519853115 0.0264330097 -0.354946673
v 0.399475604 0.0520652384 -0.344192624
v -0.590754747 0.0200294368 -0.170932204
v -0.492056519 -0.0339851528 0.33332938
v -0.0982083827 -0.468605995 0.0359818451
v 0.811855793 -0.00197647884 0.162612751
v 0.0523345806 -0.136447817 0.314740956
v 0.0487921089 -0.449559897 0.0470071062
v 0.711273313 0.00757958833 -0.180409849
v 0.711822927 -0.00568173733 0.111604325
v -0.130372301 -0.0394656956 0.532878399
v 0.41906774 -0.00129686168 0.00458244467
v -0.389038652 0.0322238728 -0.453417599
v -0.0308779869 -0.107244059 0.372813076
v 0.630128205 0.0148666697 -0.174429461
v 0.0884758607 -0.4214212 0.0532874428
v -0.507538855 0.0339713618 -0.294421613
v 0.0889302567 0.0476404876 -0.515205979
v -0.383916587 0.0820671394 -0.176475316
v -0.163236335 -0.458830625 0.0268455278
v -0.262224615 -0.104888476 0.289900869
v 0.452561051 0.0433514901 -0.320293814
v -0.211604804 -0.291300863 0.0761153549
v -0.189751148 -0.17960389 0.198256612
v 0.402403206 0.0537836999 -0.0520773605
v 0.564618289 0.0119351242 -0.430939078
v -0.163565069 0.100003265 -0.359373271
v -0.0341728739 0.462364256 -0.0435808487
v -0.338145524 0.206006363 0
v 0.338145554 -0.206006154 0
v -0.338145435 -0.206006676 0
v 0.338145465 0.206006497 0
v 0.245030537 -0.0474978499 0.474820137
v 0.452380478 -0.027478708 0.0506501235
v 0.717571676 -0.00303064892 0.355793715
v 0.0662481636 0.585679531 -0.0109903505
v -0.254369795 0.0613261536 -0.42330724
v -0.0627234653 -0.399937332 0.06572254
v 0.11787264 -0.197875813 0.206699133
v -0.0341160633 -0.264653355 0.15369539
v -0.0324343108 -0.394460917 0.0704657733
v -0.774057984 -0.00216605701 0.282126397
v -0.463307351 0.0254558753 -0.430678427
v -0.620907187 -0.0100984527 0.0867711902
v -0.721427202 -0.00270856707 0.355729043
v 0.663896978 -0.00516598532 0.0622662269
v -0.458933771 0.0327606164 -0.386927485
v -0.451109946 0.0486271046 -0.274090081
v 0.0200204588 -0.0847305283 0.423923403
v 0.0860448927 -0.103141062 0.375312537
v -0.560456693 0.0246292744 -0.280760944
v 0.11660821 0.0476929285 -0.510708332
v 0.00323411846 -0.470111996 0.0418739989
v 0.335595161 0.025857592 -0.513861001
v 0.196850434 0.0763870552 -0.405403376
v 0.770455956 -0.00318673719 0.111023255
v 0.170047879 -0.0691626742 0.436338663
v -0.218718529 0.306354463 -0.0630845279
v -0.663137972 0.011051449 -0.157851458
v -0.759813309 -0.00210560556 0.0557077378
v -0.0725518614 -0.0914212987 0.402893394
v -0.12528649 -0.0855899975 0.406029344
v 0.795187533 -0.00254347268 0.133378714
v -0.369563997 0.0920096189 -0.152349904
v 0.170368448 0.353120089 -0.0624015294
v -0.45496732 0.0407696143 -0.335980475
v 0.461405545 0.0204019658 -0.462325066
v -0.678971171 -0.0104305111 0.191215083
v 0.745431781 -0.00528483326 0.204684108
v -0.534091294 -0.02947619 0.160081849
v 0.000185128374 0.541504025 -0.0221307632
v -0.145865649 -0.0310622584 0.556810021
v 0.658814907 -0.0108022187 0.143539175
v 0.698703647 -0.00855734479 0.178247213
v -0.160464525 -0.037549261 0.532871306
v 0.23096332 0.0420341343 -0.498073637
v -0.501728535 0.000335601508 -0.00188439758
v -0.14184688 -0.0920460448 0.385381997
v 0.0845226943 0.272833437 -0.138430491
v -0.37319082 -0.0388975963 0.436387122
v 0.408905327 0.0077588181 -0.561574697
v 0.225251004 -0.154465422 0.211481482
v -0.0954673961 -0.0409506783 0.534155548
v 0.73171711 -0.00615033833 0.177353159
v 0.487097889 0.0417696051 -0.179197326
v 0.535486877 -0.0237218011 0.11292126
v -0.122899674 -0.116049282 0.338499665
v 0.696183145 0.00146792829 -0.0227493886
v -0.203057796 -0.0274621136 0.556196213
v 0.642276466 -0.0145246405 0.221327454
v -0.570773005 -0.0126236742 0.0697327927
v 0.554395497 0.0259243622 -0.288576812
v 0.475611836 -0.00185137766 0.00367318187
v 0.232054725 -0.124589041 0.26764378
v 0.737052917 -0.000759676972 0.0157922991
v 0.321708798 -0.283845901 0
v 0.321708739 0.2838462 0
v -0.321708739 0.28384611 0
v -0.321708679 -0.283846408 0
v -0.639368832 0.014143954 -0.277434766
v 0.394309789 0.0425086357 -0.399600178
v -0.429442763 0.0593740232 -0.136334106
v 0.72472769 0.00405756058 -0.0847501233
v 0.634560943 -0.00694111548 0.0640795082
v -0.449917465 -0.0335429534 0.394746333
v 0.157731071 0.449813187 -0.030865185
v 0.748895824 0.00365732959 -0.0998623595
v 0.491045475 0.0257161167 -0.400199413
v -0.627992094 0.0158867706 -0.197286323
v 0.37688297 -0.0489642322 0.385158598
v -0.118056908 -0.23590377 0.16405277
v -0.640038192 -0.0105020581 0.348762333
v 0.770687044 -0.00225907634 0.287494153
v -0.163749337 -0.0522965975 0.486115158
v -0.129161879 -0.436965436 0.0405875817
v 0.280702472 0.118035965 -0.23710835
v -0.169658795 0.296112776 -0.0933727324
v 0.131180972 0.0797137618 -0.419126093
v -0.205506593 -0.135488525 0.263180375
v -0.469062924 -0.0479017086 0.220710158
v -0.332862139 -0.0582657009 0.385120124
v -0.0500465818 0.346680015 -0.0933071375
v 0.435185492 -0.0581140891 0.226061508
v 0.430681229 -0.0611993 0.158069164
v 0.197761998 -0.346905529 0.0549042933
v -0.330369741 0.068680197 -0.343160659
v 0.720656216 -0.0031577826 0.0617179684
v -0.0130885933 -0.208919391 0.213137686
v 0.476632863 0.0156249208 -0.482260168
v 0.523530781 0.00675622839 -0.505665064
v 0.411027223 -0.0665573925 0.228590116
v 0.607346237 0.0048081968 -0.0364032015
v -0.383157969 -0.0693317279 0.273559749
v 0.348964095 -0.0449787118 0.426945627
v 0.677089155 0.00368234958 -0.0491297916
v -0.535002708 0.0129179303 -0.0539939515
v 0.663519204 -0.0121417958 0.244186088
v -0.740003586 0.000713124464 -0.0182106979
v 0.692613304 -0.00406107772 0.060497649
v 0.18500872 -0.231428772 0.139360532
v -0.25478065 0.15051195 -0.191533014
v 0.434315205 0.0594271496 -0.181668833
v -0.566684723 -0.0250673294 0.254143566
v -0.0692429319 -0.527081847 0.0229667556
v 0.343737304 -0.0819710568 0.275855064
v 0.191415459 0.394440502 -0.0392460264
v -0.257357538 0.0785966665 -0.367667198
v -0.205930889 0.0672987103 -0.428388923
v -0.0183269978 -0.559852898 0.0180284325
v 0.540466487 -0.0297493525 0.189040393
v 0.100414589 -0.261845589 0.143964782
v 0.398687959 -0.0730006024 0.102902748
v -0.295248806 0.0444206186 -0.459992319
v 0.497406453 0.00694074808 -0.51924783
v -0.228476107 -0.0544489361 0.457762688
v 0.634291172 -0.00175729429 0.0142730316
v -0.0554616041 0.534896195 -0.0220715385
v 0.608060777 -0.00195744634 0.0143448627
v -0.456479907 -0.0115145324 0.0210516993
v 0.448610246 0.0375034027 -0.36950025
v -0.185831293 0.0525608063 -0.478470951
v -0.802028477 0.00235608174 -0.174788684
v -0.675344944 0.0109908311 -0.210882515
v -0.631783307 0.0136371925 -0.150173172
v -0.525070369 -0.0133300228 0.456539899
v -0.706209719 -0.00729388278 0.278865248
v -0.345324218 -0.040410351 0.447048962
v 0.100194938 0.147405803 -0.283744335
v -0.167989284 0.168904841 -0.224584669
v -0.044757463 -0.572647452 0.0146982549
v -0.729465604 -0.00349068362 0.0695892572
v -0.735682487 -0.00193292846 0.037810158
v 0.553203166 -0.00497624278 0.0234296937
v 0.678543627 0.00745581556 -0.108260579
v 0.566419065 0.0173826683 -0.377252072
v 0.756713867 -0.00124556024 0.0321664549
v 0.365877837 0.0884517878 -0.198598176
v -0.0369309708 -0.0398459174 0.543024004
v -0.160852283 -0.395670593 0.0476504937
v -0.204426944 0.354753643 -0.0479769148
v 0.0460102521 0.562652588 -0.0165765993
v -0.398665071 0.0623814538 -0.283262372
v 0.338471532 0.0823605508 -0.282149523
v 0.472454339 0.0376764163 -0.33117035
v 0.598569691 0.0116992695 -0.0843531787
v -0.0483049043 0.434699893 -0.0523435511
v 0.404865533 -0.0343960375 0.431927115
v 0.0555404797 0.534214497 -0.0222913641
v 0.452781707 0.0327340774 -0.065471217
v -0.129352912 -0.136603534 0.296027899
v 0.243848607 0.1556734 -0.192766473
v -0.218766019 -0.0332001783 0.531866729
v 0.144441634 -0.201814264 0.191077009
v -0.104250014 0.506271243 -0.0245223343
v -0.613833606 -0.00338348141 0.0242092051
v 0.300198495 -0.357209235 0
v -0.300198436 0.357209414 0
v 0.300198436 0.357209504 0
v -0.300198376 -0.357209623 0
v -0.412598938 -0.0685539916 0.17581962
v -0.145133942 0.0672510788 -0.448133558
v -0.31790635 -0.112381011 0.20398058
v 0.0906523094 0.461825132 -0.038958557
v 0.173117906 0.044754371 -0.507108927
v -0.715818882 0.00290567358 -0.0553248785
v -0.237078756 0.0486223884 -0.473305136
v 0.245402932 0.119561628 -0.265132278
v 0.339538813 0.0324248783 -0.484691828
v 0.723594904 0.00519799162 -0.114591449
v -0.545610249 -0.0244881008 0.332509309
v 0.151006281 -0.149340138 0.264579087
v -0.580018282 -0.0219145138 0.282071441
v -0.452525288 -0.0458695479 0.105795369
v 0.227694809 -0.104989253 0.315636933
v 0.116484664 -0.367491782 0.0711536333
v -0.229794338 -0.107385412 0.308427125
v 0.368402779 0.091668196 -0.170231134
v 0.0366042554 -0.345012814 0.0960867479
v 0.520900369 -0.00908452552 0.0314856991
v -0.0873764977 0.368873239 -0.0763843879
v -0.0491125509 -0.281201601 0.138138026
v 0.549831927 -0.0222448781 0.35071969
v -0.158455402 -0.0992935747 0.362576872
v 0.219884694 -0.0629425645 0.435900867
v 0.130781248 0.041282583 -0.527511001
v 0.323410958 -0.0785854459 0.314655691
v -0.637261927 -0.0123867877 0.135892585
v -0.0149303656 0.393021107 -0.0711458325
v -0.0791882649 -0.505422652 0.0276522487
v 0.395709723 0.0249178726 -0.484800428
v -0.208588108 -0.0658268631 0.431202382
v -0.492287815 -0.0399275199 0.25737524
v 0.106457599 -0.0770270675 0.432314098
v -0.406128496 -0.0676765814 0.103925839
v -0.0975684226 0.0857899711 -0.411695749
v -0.525820911 -0.0216650292 0.391908884
v -0.237235427 0.259072334 -0.0797997937
v 0.688283443 -0.000294041849 0.0063411016
v 0.219650954 0.078706041 -0.388190955
v -0.761573315 0.00196990208 -0.061245624
v 0.151555255 -0.441978812 0.0342474654
v -0.302221596 -0.0782224014 0.336036205
v 0.777047575 -0.000698224234 0.021378627
v 0.158595249 0.13957262 -0.277922153
v -0.4500992 -0.0509549677 0.260686308
v 0.1423361 0.423473448 -0.042497389
v -0.598586679 0.0174217168 -0.318154156
v 0.0718148798 -0.34172228 0.0938816667
v 0.6769135 0.0107313488 -0.237188667
v -0.13355881 0.0489601903 -0.503273368
v -0.0765474066 0.0444553085 -0.525288463
v 0.0439162478 0.0861526355 -0.418020695
v 0.172305897 -0.168023109 0.224545449
v 0.383992463 -0.0824025571 0.183526918
v -0.0130346566 -0.0827965066 0.428640306
v -0.361606628 0.0380071513 -0.445924222
v -0.314837098 0.0582604036 -0.396900058
v -0.128625333 0.459765613 -0.0332225598
v 0.439318627 0.0276968684 -0.43903175
v 0.144008026 -0.361966103 0.0668277815
v 0.54712826 -0.0292695649 0.237568423
v 0.203317806 -0.266485333 0.098560676
v -0.27254498 -0.0428437628 0.478042841
v 0.411959976 -0.0188427325 0.505043626
v -0.67389065 -0.00996945892 0.281905413
v -0.43970111 0.0276156478 -0.43817848
v -0.266254932 -0.229225472 0.0786354542
v -0.402424067 0.0558880605 -0.316137046
v 0.641394138 0.00392139424 -0.0361217037
v -0.511308074 -0.033711683 0.154732093
v 0.536392391 -0.0288660694 0.293274999
v 0.542089581 0.00688059721 -0.0295181759
v 0.312389165 0.105852552 -0.22954531
v -0.0818027556 -0.321402669 0.104041196
v 0.716047347 9.65737563e-05 -0.0019968471
v -0.232588857 -0.0252666082 0.555798888
v 0.108601622 0.253013909 -0.149191022
v 0.120347373 -0.161120981 0.257305264
v -0.0383722186 0.0581310652 -0.490074366
v 0.420605421 0.0182722937 -0.502642512
v 0.567412734 0.0146096051 -0.403362274
v -0.243104294 -0.0607573614 0.431854904
v 0.463817716 -0.0136890644 0.0271571558
v 0.51508528 0.0203531422 -0.0745933726
v 0.0174370334 0.120466158 -0.345621675
v 0.101389274 0.121981546 -0.33155936
v 0.0523997843 -0.169169769 0.261178166
v -0.269010484 -0.147499964 0.184733286
v 0.382208943 -0.0622084886 0.314517111
v 0.724624932 0.00289545162 -0.0569194108
v -0.637556553 0.00961839035 -0.0976276472
v 0.0652102232 0.426619917 -0.0540337637
v -0.00979921874 -0.499746591 0.0328293554
v 0.117117785 -0.237662867 0.161519006
v 0.0514510088 -0.375180095 0.0780044273
v -0.16902937 -0.109495282 0.335532069
v 0.490457475 -0.0106200958 0.0272992104
v -0.0111956866 -0.171826944 0.261303604
v 0.269475222 -0.0998706222 0.296978623
v 0.271513909 0.0883941054 -0.328153491
v -0.230788961 0.214052945 -0.122798339
v -0.589344501 0.0163612161 -0.120412
v -0.503528953 -0.0272598863 0.374773264
v -0.121398352 0.25121665 -0.146598294
v 0.203728482 -0.133630142 0.266898572
v 0.498068452 0.0166062247 -0.459067285
v 0.270111591 0.112435147 -0.261201769
v -0.270136535 0.123278983 -0.233500585
v 0.0222208295 -0.254489064 0.16416426
v -0.179171443 -0.135643303 0.276498944
v -0.624479711 -0.0144489417 0.313627511
v -0.448443443 0.0524056517 -0.244603127
v 0.507891536 0.0266000647 -0.372075826
v -0.667785704 -0.00646261778 0.371239305
v 0.188797951 0.182451531 -0.192458749
v -0.661747515 -0.00158933364 0.0157646723
v 0.65141201 0.0131612169 -0.193684742
v 0.0142619563 0.0402790196 -0.54187429
v -0.48799777 0.0167504456 -0.0452022851
v -0.0883680433 0.0637154356 -0.469720274
v -0.0689062327 0.161004066 -0.270743877
v 0.14200522 0.0619985163 -0.464246392
v -0.125381559 -0.287540525 0.116917878
v -0.503619492 -0.00750659639 0.0229160059
v 0.0793134123 0.0663121864 -0.46391812
v -0.164038122 -0.179661378 0.212184057
v 0.573987961 0.00693235872 -0.0391240343
v 0.123149596 -0.102118008 0.367422402
v -0.00662810029 -0.112023033 0.363918424
v -0.0811260194 0.49458015 -0.0301677547
v 0.608451605 0.0181034431 -0.271799177
v -0.446000546 0.0408509932 -0.0823104456
v -0.744746864 -0.00476939231 0.132781431
v -0.13390103 0.0987985581 -0.37246865
v 0.640070498 -0.0135634765 0.297308385
v -0.547697425 -0.0130073614 0.438418239
v -0.568962336 0.0238421224 -0.186309412
v 0.273953795 0.424939394 0
v -0.273953855 0.424939334 0
v 0.273953915 -0.424939156 0
v -0.273953795 -0.424939394 0
v -0.4675273 0.0482791625 -0.195432588
v 0.59263289 0.0211154372 -0.215817422
v -0.0885647237 -0.134901002 0.310388833
v 0.456144929 0.0479533002 -0.267981768
v 0.00769382529 -0.419731259 0.0603779778
v 0.265732914 -0.220238447 0.0872616991
v 0.0394070558 0.186867297 -0.236551091
v -0.52863723 0.0219139475 -0.385203302
v 0.0374933071 -0.537795126 0.0224896781
v 0.554563701 0.0269389506 -0.258627206
v 0.248928607 -0.127966285 0.244416043
v -0.600502074 0.00881177373 -0.0649894923
v 0.599927843 -0.0199003518 0.259101003
v 0.688084126 0.00878226571 -0.156078547
v 0.608240604 0.0162830763 -0.149461269
v -0.316220433 -0.0546436794 0.409878999
v 0.147067964 0.0868302584 -0.395827472
v 0.0196388364 -0.138057038 0.31436488
v 0.0190180875 -0.209655508 0.211737394
v 0.0843414739 -0.203271717 0.209670007
v -0.222973168 0.331680089 -0.0488743186
v 0.0616393834 -0.423110962 0.0559148043
v -0.457996815 0.00370187871 -0.00735062174
v 0.202658415 0.0434016921 -0.502847075
v -0.498364389 0.0391353704 -0.237251177
v 0.387820184 -0.0733445883 0.0703220069
v 0.44072035 0.0569095574 -0.203956619
v 0.172399968 -0.119050212 0.312689185
v 0.023420753 0.460398704 -0.0444794409
v 0.704423189 0.00277052354 -0.0456649251
v 0.591249645 -0.0137196174 0.0967563242
v -0.367261082 0.0864016935 -0.208431572
v 0.0506837778 -0.10807234 0.369266689
v -0.0320614278 0.597260237 -0.010314553
v -0.0460046865 0.0427898951 -0.533115506
v -0.0311904512 -0.0499744713 0.513566673
v -0.391793519 0.0366476998 -0.429646134
v -0.695168614 0.0047297664 -0.357820779
v -0.680713058 0.00873131119 -0.305107474
v 0.159915745 -0.381184161 0.0536713824
v 0.216752768 0.216128439 -0.131632805
v -0.209280744 -0.162110925 0.21115005
v 0.504050732 0.0383176878 -0.206870541
v 0.0446527041 -0.508813798 0.029313501
v 0.0849380195 -0.133167624 0.314257205
v 0.551062644 0.0267769974 -0.178032592
v -0.501854539 -0.0248474497 0.0803266764
v 0.474244446 -0.0464433096 0.20011951
v -0.175932363 0.244584233 -0.129201055
v 0.0283730719 -0.467548519 0.0422141403
v -0.408793122 -0.0490863621 0.350087911
v -0.229812428 0.164132103 -0.189873621
v -0.668580711 -0.0115222828 0.225043654
v 0.0990116596 0.0864356533 -0.409894556
v -0.610773802 -0.0174497645 0.283798426
v -0.0257688574 -0.472724557 0.0408455506
v 0.0376456827 0.15149574 -0.289232433
v -0.143605769 -0.338730991 0.0787078366
v -0.029196389 -0.223915994 0.194292516
v -0.141038463 0.17142418 -0.232799619
v 0.136787698 -0.29698813 0.106751174
v 0.0187594239 0.0677101761 -0.465843856
v 0.188790604 -0.0930510089 0.365757704
v -0.25894466 0.190630406 -0.124206312
v -0.532978475 -0.0287648998 0.306156009
v -0.763431013 0.000994701637 -0.0322186165
v 0.596023321 -0.0168099087 0.336490065
v -0.383074343 -0.0429094099 0.408463597
v -0.5110147 0.0348374918 -0.164757624
v -0.0213973373 0.348695934 -0.0940628201
v 0.323403299 0.158260629 -0.0699915364
v -0.087930657 -0.373324364 0.0745939761
v 0.576655209 -0.021175107 0.152339652
v 0.522123694 0.0297581255 -0.14018403
v 0.207476228 0.317381263 -0.0641540661
v 0.206675783 -0.223949865 0.132704899
v -0.513294518 0.030440161 -0.324324042
v -0.395084232 0.0677074045 -0.25275299
v 0.111836351 0.206806049 -0.196251109
v -0.241065308 -0.0187650789 0.576767802
v -0.657253921 -0.0124560148 0.255455077
v 0.462294519 -0.0465972945 0.269915581
v -0.0376824103 0.161620155 -0.273615032
v -0.0873190388 -0.231607825 0.176593617
v -0.142369896 -0.216182038 0.174873948
v -0.373250455 -0.0671597496 0.301213533
v -0.103698932 0.478177756 -0.0321183763
v 0.741666913 0.000584984256 -0.012680416
v 0.376477659 -0.0428441614 0.414220601
v 0.0146812331 0.514793158 -0.0286570061
v 0.134065598 0.19703804 -0.199696824
v 0.115619093 0.470562398 -0.0328987278
v -0.229761392 -0.134194538 0.247309312
v -0.0615057722 -0.0833565369 0.423545748
v 0.368832141 0.032181453 -0.469115496
v 0.175079033 0.100341164 -0.353220135
v -0.0693803802 -0.429885 0.0527871251
v -0.391904324 -0.0261223391 0.481893182
v -0.288537532 -0.0742281377 0.360599786
v -0.056780152 -0.501894534 0.0303463805
v -0.214887992 -0.209959492 0.141869247
v 0.0855553895 -0.543053925 0.0180576686
v -0.530746937 0.0306815375 -0.273619175
v -0.614050269 -0.00875226408 0.40803647
v 0.219749808 -0.0730505362 0.405474722
v 0.388171047 -0.0250568222 0.489528388
v -0.421821296 -0.0640244707 0.20528993
v -0.194328904 0.164966941 -0.214645207
v -0.0463209562 0.392869979 -0.0697192252
v -0.204488769 -0.272176176 0.0926364511
v 0.0942229256 -0.517033279 0.0231076535
v -0.179859921 0.106907994 -0.333463579
v -0.240807995 0.108869329 -0.295165718
v 0.429986328 -0.0395769291 0.378250629
v 0.324019641 0.0808662325 -0.304585487
v -0.404623628 -0.0600830354 0.0730742961
v -0.745536864 -0.00523886969 0.167877987
v -0.051386971 -0.116900042 0.351040155
v 0.547296047 0.0183895305 -0.392766565
v 0.169988155 0.0603371523 -0.460725397
v 0.241053581 0.0924850702 -0.337754577
v 0.208529443 -0.172081932 0.196675301
v -0.0697223991 -0.558343828 0.0162844379
v 0.130259246 0.343267679 -0.0793757737
v -0.335249096 -0.128755495 0.106324822
v 0.00536211859 -0.340689272 0.0998723805
v -0.31187728 0.108038403 -0.223512307
v -0.290819079 0.101893932 -0.267872244
v 0.51972872 -0.0176514741 0.0643115193
v 0.0606584735 0.0469553955 -0.52022022
v -0.133990392 0.365230918 -0.0680234954
v -0.557114124 0.0204790421 -0.115841441
v 0.461043626 -0.0479009822 0.148160949
v -0.379205614 -0.0808036104 0.0701711848
v -0.105637588 -0.10817112 0.358903736
v 0.145612672 -0.125005037 0.311946481
v -0.226536006 -0.0822004899 0.37488243
v -0.491918325 -0.0222136993 0.425523549
v -0.47399646 -0.0127794417 0.49863109
v 0.303091466 -0.0168484934 0.564653218
v 0.301327109 -0.0301209576 0.513042569
v 0.310530573 -0.147701532 0.117078468
v 0.272365451 0.141919479 -0.187929243
v 0.241867974 -0.312356234 0.0481732301
v 0.353533059 0.0823510364 -0.254945427
v 0.0418319963 0.415779918 -0.0599839315
v 0.0819116458 0.524608374 -0.0227374714
v -0.613263249 0.00450384431 -0.450604916
v -0.615857422 0.0113531165 -0.375939667
v -0.769732356 0.00219099596 -0.294769973
v -0.703007221 0.0076262271 -0.280182749
v -0.715892255 0.00436360063 -0.334615797
v -0.736063778 0.00314352335 -0.072321102
v -0.367090344 -0.0825188085 0.231335402
v 0.278206527 0.095328927 -0.299823999
v -0.0762402788 -0.0636597052 0.472253412
v -0.712247849 0.000292418728 -0.00636702171
v -0.347382218 -0.0613779128 0.357444912
v 0.651014924 -0.0130555918 0.273808837
v 0.0620963201 0.115540944 -0.351911485
v -0.664830804 -0.0043387101 0.402791142
v -0.722858965 -0.00663663354 0.246931463
v -0.812854111 -0.0013105293 0.224463418
v 0.626419246 0.00994189084 -0.0932012573
v -0.216602355 -0.0479709469 0.483899295
v -0.742368162 0.00540792337 -0.230678082
v -0.784554064 0.00210718531 -0.25857532
v -0.743850708 0.00538879354 -0.178020939
v -0.448171139 0.030616561 -0.413050085
v 0.207730934 0.188839585 -0.171656489
v -0.0797455534 0.346457958 -0.0893103927
v 0.216515496 -0.0840971917 0.375588328
v -0.31401521 -0.0822306201 0.309331656
v -0.0715272874 0.289852262 -0.127715647
v -0.0527144633 0.281104058 -0.138153642
v 0.0652341396 0.402510464 -0.0634090677
v 0.243388891 -0.485967517 0
v -0.243388757 -0.485967755 0
v 0.243388772 0.485967696 0
v -0.243388847 0.485967636 0
v 0.398117781 -0.0768618137 0.156739235
v -0.649511993 -0.00933645479 0.102084391
v 0.0496343486 -0.403725117 0.0651413202
v -0.655976474 0.00430390425 -0.414169371
v -0.689735115 0.00393532729 -0.382005066
v -0.638268471 0.0108402893 -0.353518128
v 0.682841957 -0.00973087363 0.270136058
v -0.552475512 -0.0112509271 0.0530964658
v 0.506394207 -0.0345060565 0.146746218
v -0.192583039 0.19626914 -0.170341179
v 0.170672446 -0.0263281893 0.56842941
v 0.121630013 -0.0341610536 0.551882446
v 0.150651976 -0.0339042619 0.547345579
v 0.202187389 -0.0335602686 0.536170423
v -0.272558838 -0.185064018 0.118345663
v -0.0293470267 0.281786263 -0.13920708
v -0.292856365 -0.142517567 0.163701415
v -0.274448603 0.031131329 -0.519669175
v -0.712488472 -0.00517898379 0.0971090719
v -0.272610366 0.151300788 -0.170512006
v -0.392170936 0.0227797907 -0.496894538
v 0.130351618 0.171417013 -0.23718518
v -0.466825426 0.0348928683 -0.362444639
v 0.400190592 0.0557581112 -0.321232796
v 0.227951691 -0.0290243682 0.544509113
v 0.272996485 -0.0324782543 0.515871048
v -0.226755351 0.35399729 -0.0385314748
v -0.364213556 -0.0948286727 0.166721627
v -0.0996106938 -0.0889103487 0.404252052
v 0.427895188 -0.0556707829 0.103170075
v -0.455472291 -0.0253805891 0.0489680804
v -0.193647772 0.276671052 -0.0947147161
v -0.266818225 -0.0217684358 0.557731807
v -0.17897284 -0.0645810738 0.446475863
v -0.340649217 -0.0890604854 0.250931799
v 0.161019564 0.375167221 -0.0559034422
v 0.0323513187 0.358273476 -0.0877865106
v -0.484915555 0.01610999 -0.470717043
v 0.0852375999 -0.244279563 0.165089786
v -0.123073697 0.326535195 -0.0912700668
v -0.263017654 0.0970926285 -0.310269982
v -0.209886849 0.0854894891 -0.374023795
v -0.219443485 -0.315425485 0.0591106638
v -0.285715163 -0.0472115614 0.455533236
v -0.259752989 -0.0652389154 0.408208758
v 0.390249103 0.0752892941 -0.212982774
v 0.369777381 0.0713644624 -0.279263109
v 0.418722987 0.0615229346 -0.110583514
v 0.26852712 -0.257303774 0.0570278205
v -0.15178594 -0.262564361 0.125784338
v -0.454360366 0.0447848104 -0.303530782
v 0.307551414 0.132105663 -0.159740224
v -0.100953303 0.15885061 -0.265161246
v 0.345256537 -0.0864894986 0.253479362
v 0.192245007 0.230060712 -0.134908199
v -0.175902352 0.0403136946 -0.520448267
v -0.197179139 0.0227898285 -0.573873281
v 0.0921983495 -0.034727592 0.554236054
v 0.402031928 -0.0663484037 0.254462689
v 0.0721785575 0.181973457 -0.237724066
v -0.192915067 0.400683016 -0.0352727249
v -0.544552267 0.0131319026 -0.4404971
v 0.733562231 0.00568280555 -0.25269872
v 0.747390568 0.00330277788 -0.307572126
v -0.429427922 -0.0515183732 0.0900008455
v 0.40125677 0.0623412244 -0.27795431
v -0.408564091 0.0449124798 -0.370938361
v 0.745958626 0.00172659103 -0.0412700959
v -0.105467997 0.563895762 -0.0119576557
v 0.460936964 0.0383160375 -0.0925027505
v 0.254862756 -0.24475944 0.0779860094
v 0.305417448 -0.10624449 0.241095513
v -0.771486998 0.00331880711 -0.123222485
v -0.117415473 -0.456215262 0.0367799476
v -0.398816049 0.0696456283 -0.0913971364
v -0.144896433 0.313416123 -0.0922638625
v 0.53966248 -0.015616226 0.425207943
v 0.486530632 -0.0179593451 0.45903039
v -0.160195887 -0.0236693379 0.578727961
v 0.36620599 -0.0318868794 0.472031027
v 0.443703055 0.0246781074 -0.0404753722
v 0.487223446 0.00846241787 -0.0210770946
v -0.706927955 -0.00296755042 0.0449677259
v 0.813624382 0.00141296536 -0.21376811
v 0.742114186 0.00537452335 -0.1674501
v 0.1027577 -0.495402098 0.0277828649
v 0.166618884 -0.248393521 0.132525072
v -0.179768831 -0.370837182 0.0512922779
v 0.59167695 0.0105190929 -0.415947378
v 0.0139323892 0.30836603 -0.119664498
v 0.120937094 0.301817179 -0.10698586
v 0.176050723 0.28126511 -0.100725524
v -0.190944657 -0.219861642 0.146522805
v 0.0461988188 -0.0238231905 0.592685401
v 0.0635887533 -0.0359840319 0.55296129
v -0.0659809634 0.248136327 -0.163764611
v -0.238089815 0.0340257548 -0.52242595
v 0.118415505 -0.322185576 0.0954547599
v -0.47415182 -0.0408365913 0.121714875
v 0.777008712 0.00183871854 -0.292689115
v 0.743620038 0.00550272735 -0.219170779
v 0.795453966 0.00221759849 -0.240743205
v 0.368838996 0.0938973427 -0.142223805
v -0.148547575 0.261431903 -0.127861679
v 0.275243521 -0.138037995 0.196041316
v -0.569689453 0.012681949 -0.420084685
v -0.543833554 0.00945560168 -0.469247371
v -0.295664072 0.186667174 -0.081512697
v 0.344479352 -0.0390783288 0.454613209
v 0.190862119 0.109832838 -0.322444558
v 0.233175531 0.174591988 -0.170328006
v 0.701872408 -0.00722668786 0.299643874
v 0.534223795 0.0140289022 -0.444932431
v -0.358853996 0.024843635 -0.505729616
v -0.342176706 0.0141226621 -0.561141729
v -0.301183552 0.0323734619 -0.504027307
v 0.691696405 0.00823287107 -0.293307573
v -0.420073956 0.0497017838 -0.0731589422
v 0.325909197 0.123574987 -0.145996064
v 0.174506292 0.124631442 -0.299536884
v -0.0614587404 0.23117511 -0.181198835
v -0.764548242 -0.00351293432 0.114582755
v 0.224735484 0.194362253 -0.150438055
v 0.268094838 0.165844917 -0.147151008
v -0.516094267 0.0145354383 -0.456436783
v -0.490015268 0.0205039196 -0.437864512
v 0.0601934232 0.362040251 -0.0831913725
v -0.197470054 0.329139531 -0.0621444993
v 0.307590246 0.0258713756 -0.52718097
v -0.216460809 -0.0200417787 0.57884419
v -0.453131199 0.0179673359 -0.482557297
v -0.39636749 0.00666910456 -0.572158933
v -0.695388198 0.00892507471 -0.250435233
v -0.403063416 -0.0728451312 0.155458614
v -0.189428911 -0.0354121812 0.532806575
v -0.0989662185 0.0289299488 -0.570803404
v -0.154585153 0.0353373401 -0.540881574
v -0.575987637 -0.0184933003 0.122291408
v 0.467388362 -0.0320323706 0.0754301921
v -0.00867019966 -0.260190934 0.159683943
v 0.265249133 -0.169133693 0.149102315
v 0.442216992 -0.0531533025 0.12724416
v 0.276842475 -0.116874993 0.244702116
v 0.115069874 0.372648984 -0.0688324794
v 0.103275612 -0.395175278 0.0614662208
v 0.436593413 0.00801353902 -0.548264503
v 0.390131861 0.0190417431 -0.516022682
v -0.338016361 -0.119837806 0.130497038
v 0.170790151 -0.0889297798 0.383651912
v -0.0937276036 0.193888471 -0.21738331
v 0.0262401719 -0.397749007 0.0695184022
v -0.0402070209 -0.543851912 0.0209001824
v 0.422337025 -0.0640386119 0.205402926
v 0.209607303 0.0297911149 -0.546590149
v 0.0543131232 0.269835502 -0.146193698
v -0.061160244 0.196156248 -0.221752971
v 0.0394676812 0.249001727 -0.165823922
v -0.0194714405 0.259766132 -0.157436639
v 0.19150506 -0.295618623 0.0850563943
v -0.163107589 0.210676447 -0.171240926
v -0.00285087433 -0.0285529476 0.578758359
v -0.00889645331 -0.00960519537 0.639725626
v 0.034442544 -0.00889934134 0.641673207
v -0.690654576 -0.00768942432 0.308921635
v -0.750729144 -0.00323076546 0.306816459
v -0.498384058 0.0342146084 -0.132765099
v -0.594054222 -0.0112784859 0.0759318247
v 0.224924877 0.150683254 -0.217510521
v -0.713534415 -0.00741336308 0.182089373
v -0.669064522 -0.00640507229 0.0785079524
v 0.581469595 -0.00263920962 0.0171226412
v 0.439922482 -0.00752846105 0.547042131
v 0.462716401 -0.0182253588 0.474379033
v 0.125518426 0.524399042 -0.018030528
v -0.0479535833 -0.0672889352 0.465347201
v -0.30339849 -0.0217694081 0.54469192
v -0.35735321 -0.0154467141 0.547935486
v -0.309479058 -0.0286292713 0.514851272
v -0.364179015 -0.0272463001 0.492566913
v -0.208985314 -0.539332151 0
v -0.208985463 0.539331913 0
v 0.208985478 -0.539331913 0
v 0.208985388 0.539332032 0
v -0.185677603 -0.291028798 0.0901446715
v 0.783075869 -0.00323050329 0.170099184
v -0.742888689 0.00460418826 -0.124086522
v 0.348999321 0.0643262416 -0.343171209
v 0.320040226 0.05990953 -0.387255788
v -0.404738963 -0.0715930387 0.132149786
v -0.351513445 0.112282604 -0.0968914852
v 0.766835272 0.000771628518 -0.0233684648
v -0.787830174 0.000348207162 -0.0175827779
v -0.332222492 0.124400459 -0.125386
v -0.561132312 -0.0247978121 0.166839644
v 0.0492008291 -0.479862809 0.0372617356
v 0.0750521049 0.554256737 -0.0167402271
v -0.471672684 0.0342600755 -0.0906949341
v 0.158864051 0.217824504 -0.165230498
v 0.108246706 0.228345662 -0.172812521
v -0.307318032 0.146706581 -0.125515953
v 0.0055509326 0.191696405 -0.232470617
v 0.17157793 0.149664447 -0.252637327
v 0.200258106 0.024458006 -0.56762892
v 0.181176677 0.0298911557 -0.553349614
v -0.0615770444 -0.0459497422 0.523279965
v -0.338739395 0.132137716 -0.0741472319
v 0.0976416245 0.321588218 -0.0997839943
v -0.214245334 -0.249920413 0.103504963
v -0.602638304 0.0168357547 -0.148010269
v 0.0184782185 0.231417999 -0.185351104
v -0.549977541 -0.027020311 0.280390859
v -0.516266763 -0.0357142352 0.210520849
v 0.723636925 0.00247537438 -0.357096523
v 0.677559018 0.00809106976 -0.325981796
v -0.525499761 -0.0233883616 0.0967582166
v 0.627529323 -0.00791086443 0.40180102
v 0.623540223 -0.01298445 0.342190951
v -0.0851166919 -0.0527562983 0.501121819
v 0.35371384 0.0127148759 -0.562279105
v -0.0752740875 0.0243052039 -0.588249683
v -0.0451910235 0.0262635052 -0.584088266
v 0.128904209 0.0547944829 -0.487584502
v 0.243881792 0.0605198182 -0.431027681
v 0.269390017 0.0685227662 -0.391885966
v -0.598422527 -0.00524159055 0.455868393
v -0.132731378 0.224008635 -0.169424266
v 0.317110032 -0.108541921 0.214070022
v 0.144814357 0.129244164 -0.303347826
v -0.254675329 -0.212266177 0.105887428
v -0.762389541 -0.00106887799 0.025934374
v 0.194326147 -0.0713017583 0.421670705
v 0.370531678 -0.0851144791 0.208985835
v 0.448407918 0.0411605351 -0.343043327
v 0.085429281 0.163280681 -0.260891616
v 0.143480837 0.154974565 -0.257239312
v 0.255632937 -0.206509247 0.110395253
v 0.342452705 -0.10838104 0.162882596
v -0.788074911 0.00289691263 -0.203895599
v -0.729296923 0.00654640933 -0.204720765
v 0.748297095 0.00275437464 -0.0703222752
v 0.287602663 -0.144364417 0.16532664
v -0.144622535 -0.416357905 0.044259198
v 0.154813677 -0.335867941 0.0763498247
v 0.142847672 -0.266919255 0.126459733
v 0.33018899 -0.0282348879 0.507931769
v 0.217512399 -0.240433991 0.11019659
v 0.752089798 0.00435003452 -0.133451059
v 0.584020674 -0.0147820991 0.381833076
v 0.0830970556 0.217545211 -0.191969931
v -0.0246739872 0.147322059 -0.296780258
v 0.0561501347 0.136908695 -0.311785161
v 0.0311128125 -0.299683005 0.125777885
v -0.603252769 -0.0163564552 0.13717775
v 0.394151568 -0.0300131496 0.462044448
v 0.156871855 0.267374426 -0.119166605
v 0.771721959 0.00164232193 -0.054268837
v -0.204581127 -0.0146222943 0.600854158
v -0.656749725 -0.0117687369 0.163991407
v 0.134737581 0.235246614 -0.15693818
v 0.797938883 -0.00204590359 0.0963586047
v 0.4599877 -0.0501742028 0.225196421
v -0.788471222 -0.0024001759 0.248947874
v -0.617878139 0.000743484881 -0.00761655625
v -0.554146111 0.0040137358 -0.0197251998
v -0.350376457 0.0688100755 -0.321052462
v 0.508551598 -0.027466204 0.365295947
v 0.460698158 -0.0272743199 0.42090854
v 0.305456311 0.153882548 -0.114340916
v 0.476669818 0.031655468 -0.374482453
v 0.206039801 0.267016947 -0.095069848
v -0.401139826 0.0319092907 -0.0257541612
v 0.244365409 -0.0348478407 0.517709434
v 0.285469204 -0.0375924557 0.492048711
v 0.274785727 -0.0211526845 0.557981849
v 0.264377683 0.181364894 -0.128419846
v 0.785276473 -0.00234474475 0.252296537
v 0.73117137 -0.00613287976 0.234286085
v 0.14617157 0.107777402 -0.347504377
v -0.54078573 -0.0301286653 0.189669147
v -0.584127188 -0.0227468107 0.226152211
v 0.283030361 0.0243460592 -0.542893827
v 0.226862848 0.0229682829 -0.565881133
v 0.305625975 0.0202279277 -0.550747097
v -0.380948126 0.0859564766 -0.131219864
v -0.396311164 0.0763063431 -0.147719473
v 0.70582068 0.00307284156 -0.374987215
v 0.620233417 0.0114705218 -0.369616926
v 0.134889394 0.279432803 -0.11803779
v 0.100146897 0.0332992487 -0.557425916
v -0.113125198 0.110311076 -0.352829248
v -0.042796433 0.105855323 -0.374439001
v -0.296776474 -0.156351939 0.129117653
v -0.133405998 -0.0246609226 0.580285072
v 0.0605210625 -0.293376863 0.127872542
v -0.604295075 -0.0191333666 0.198002756
v -0.579671562 -0.0169396233 0.364021927
v 0.20181632 0.417997003 -0.0284568593
v 0.121850044 -0.482313693 0.0284191985
v -0.423362672 0.0576643385 -0.262822717
v -0.540646851 0.0287906006 -0.173296213
v -0.325153857 0.116432816 -0.17528294
v -0.478796035 -0.0253564697 0.0645750389
v -0.489981443 -0.0405037664 0.165476948
v -0.450633526 -0.0510307364 0.13368921
v -0.124474749 0.189373448 -0.213602409
v -0.17769365 -0.0568991303 0.468736261
v 0.459601671 0.0100685759 -0.0191491768
v -0.070541583 0.267783731 -0.145347834
v -0.121497214 0.279242754 -0.122966178
v -0.28311637 0.169105947 -0.124608383
v -0.6163041 -0.0175807457 0.228525579
v -0.189573169 -0.0498118252 0.486596614
v -0.432408035 -0.0238898508 0.033665143
v -0.567920089 0.0221595075 -0.310772985
v -0.402643621 -0.0158418603 0.524428964
v -0.419573069 -0.025019519 0.469428837
v -0.471314639 -0.0230344515 0.438932359
v 0.00512755336 0.0259006508 -0.586552501
v 0.0281614363 0 -0.671422482
v -0.0281616263 0 -0.671422482
v 0.0177174751 -0.021870872 0.599994242
v -0.0281612799 0 0.671422482
v 0.0281616263 0 0.671422482
v 0.144058198 0.0464565009 -0.508974195
v 0.493838191 -0.0391633771 0.259645581
v 0.508645833 -0.0322410502 0.315589041
v 0.171286225 -0.584190726 0
v 0.171286136 0.584190726 0
v -0.171286196 0.584190726 0
v -0.171286047 -0.584190845 0
v 0.243569046 -0.270034343 0.0695258826
v 0.165988341 0.308312893 -0.0869965851
v -0.342511177 0.110378928 -0.15177457
v 0.333387792 -0.141316757 0.0692771897
v 0.469349802 0.00610574894 -0.538810849
v 0.450745642 0.0168319829 -0.49102062
v 0.356097192 -0.103665806 0.140082583
v -0.155482844 0.351579428 -0.0678053349
v -0.140141234 0 0.663480997
v -0.084262237 0 0.66877532
v -0.0842626542 0 -0.66877532
v -0.140141651 0 -0.663480997
v 0.109635875 -0.0266268831 0.57801193
v 0.0842625722 0 0.66877532
v 0.140141562 0 0.663480997
v 0.140141457 0 -0.663480997
v 0.0842624605 0 -0.66877532
v -0.122324415 -0.0165564604 0.609167933
v 0.0919612348 0.0260586143 -0.581375182
v 0.0499269105 0.0185660068 -0.608762264
v 0.151836529 0.028777685 -0.563265622
v 0.121949516 0.0273387507 -0.573396921
v 0.292841107 -0.172638625 0.105832703
v -0.682904005 -0.00702476036 0.101143137
v 0.343581319 0.0454082787 -0.427745819
v 0.401143909 0.0315896012 -0.449321002
v -0.152204305 0.141926214 -0.277033001
v -0.089796029 0.141874164 -0.296557337
v 0.184692979 -0.374469191 0.0481773429
v 0.0431328379 0.313527703 -0.114420637
v 0.332011104 -0.0961174145 0.235729098
v 0.35647127 -0.0956352875 0.186040878
v 0.538581669 -0.0120269014 0.455204904
v 0.535919785 -0.019589195 0.396726996
v 0.486942381 -0.0216569118 0.432089984
v 0.249911427 0 -0.645075917
v 0.19535777 0 -0.655581236
v -0.249911189 0 0.645075917
v -0.195357561 0 0.655581236
v 0.195357859 0 0.655581117
v 0.249911487 0 0.645075917
v -0.218211278 0.0285092071 -0.548464477
v -0.195357919 0 -0.655581117
v -0.249911487 0 -0.645075917
v -0.158252269 0.374755859 -0.0565559492
v -0.0795254037 0.580197036 -0.0112539036
v -0.0532765836 0.623111844 -0.00523327012
v -0.190643847 0.11529509 -0.310469598
v -0.572413921 -0.00892197527 0.447909504
v 0.23289685 0.261184424 -0.0814868584
v 0.0705173016 -0.0639009699 0.472021729
v 0.127375454 -0.0669628531 0.454081506
v 0.231527254 0.358015329 -0.0361972153
v 0.314312458 -0.158659264 0.0874249488
v 0.285484254 0.161284894 -0.132569879
v 0.0717128366 -0.596308529 0.00870396104
v -0.0382115953 -0.0289424192 0.576306164
v -0.105392434 -0.0247938186 0.583738089
v -0.0701147765 -0.0103353877 0.635304153
v 0.249395326 -0.148426712 0.20305033
v -0.259223551 0.0884118825 -0.338728547
v -0.231592581 0.0692547113 -0.41033411
v -0.23905763 -0.286491305 0.0623725653
v 0.435841888 -0.0179966576 0.0265395604
v 0.392336279 0.0791969895 -0.155050695
v -0.698361099 0.00587870507 -0.0995836258
v 0.0644418299 -0.622420788 0.00491449982
v 0.0581953116 -0.554444432 0.0177239757
v 0.260382921 0.205324322 -0.104134046
v 0.209335417 0.239205956 -0.114605606
v -0.345290929 0.077059105 -0.291970581
v -0.305679828 0.0759000108 -0.340097547
v -0.277125984 0.210384324 -0.0816790611
v 0.182373613 0.20219709 -0.170881942
v 0.318989843 -0.0227037631 0.535195172
v -0.305907577 0.0258466359 -0.527666211
v 0.303372264 0 0.632048011
v 0.35574019 0 0.616497636
v -0.303372204 0 -0.632048011
v -0.35574013 0 -0.616497636
v -0.303371936 0 0.63204813
v 0.355740011 0 -0.616497636
v 0.303372175 0 -0.63204813
v -0.355739802 0 0.616497755
v 0.272790164 -0.0880443826 0.327596426
v 0.32014814 -0.0870551914 0.288184643
v 0.432629138 0.012870444 -0.016006384
v -0.183240354 0.22001572 -0.149153203
v -0.23861292 0.188113183 -0.146427408
v 0.415343404 0.0673627704 -0.169027984
v -0.284140199 0.0687406361 -0.38177985
v 0.338324815 0.0924327895 -0.236197501
v 0.343344182 0.102414131 -0.184993804
v 0.196905449 0.163550571 -0.214956388
v 0.145176217 0.181824565 -0.215087846
v 0.44428578 0.0486854613 -0.108787261
v 0.439401448 0.056576293 -0.159345403
v -0.369129926 -0.0946037471 0.0907521099
v -0.735911071 -0.00307913567 0.331910819
v -0.711573005 -0.00233604526 0.373717874
v -0.676803291 -0.00743511366 0.339482158
v 0.0150161143 0.106074475 -0.375005543
v 0.0654658005 0.104831249 -0.373036474
v 0.685089767 -0.0055268188 0.360517323
v 0.645772099 -0.0117761437 0.321345836
v -0.420484781 -0.0303494763 0.439735889
v -0.446264565 -0.0186249465 0.484510183
v -0.342592567 0.0854889378 -0.261732072
v -0.317876458 0.0797970518 -0.314146161
v -0.17172654 0.269869536 -0.110791549
v -0.215503663 0.237759188 -0.110952683
v 0.115426652 0.132677257 -0.306130826
v -0.010516312 0.073101677 -0.451875418
v -0.0645363927 0.0711533129 -0.45325315
v -0.692905188 -0.0030333139 0.389609724
v 0.284953654 0.147441983 -0.159494579
v -0.149682239 0.183170453 -0.211828589
v -0.112041786 0.174221396 -0.238118067
v -0.480680048 -0.00355897169 0.0084378114
v 0.455958635 0 0.578196764
v 0.406602293 0 0.59854722
v -0.386239737 -0.0208713096 0.509417534
v -0.455958247 0 0.578196883
v -0.406601906 0 0.598547339
v 0.455958426 0 -0.578196883
v 0.406602085 0 -0.59854722
v -0.406602263 0 -0.59854722
v -0.455958605 0 -0.578196764
v -0.391141772 -0.0574639775 0.325389147
v -0.364434808 -0.0517203957 0.383277625
v -0.359781742 -0.0215894952 0.520171165
v -0.31480518 -0.0347685888 0.487400264
v -0.368516892 -0.0330491625 0.464535534
v -0.0993075669 -0.159859106 0.265164256
v -0.161854923 -0.163718462 0.236938834
v -0.188742742 0.151499927 -0.240785241
v -0.236708909 0.148369819 -0.211739451
v -0.242267594 0.11981532 -0.269319743
v -0.58419323 -0.00731525011 0.0434286967
v -0.783904254 0.00250132871 -0.101530433
v -0.257052511 0.212502584 -0.10130018
v -0.299385697 0.166334614 -0.102455258
v -0.185886979 0.378239781 -0.0457718745
v -0.320704192 -0.137220517 0.123523623
v -0.788073659 -0.000449295156 0.0125201046
v -0.494520932 0.0401022695 -0.185262993
v -0.542455196 0.0297732484 -0.228641957
v 0.134272903 0.452522665 -0.0348803848
v 0.424546778 -0.0458332822 0.346883416
v 0.494318604 0.0351551808 -0.129356846
v 0.498801798 0.0365456641 -0.154924676
v 0.593209565 0.0129854577 -0.387994558
v 0.677738786 0.00428287452 -0.390909761
v -0.121830106 0.0760953724 -0.430084765
v -0.143981144 -0.122826859 0.317189604
v -0.202988282 -0.121171981 0.292156607
v -0.151424319 0.0428911746 -0.517857432
v -0.100870997 0.0377215296 -0.542523682
v -0.158675775 0.0254790019 -0.572837889
v -0.00426957291 0.0335525386 -0.562488616
v -0.0679156706 0.0340420976 -0.557820141
v -0.432867318 -0.00445211213 0.00565100927
v 0.0281513017 0.268672258 -0.149376675
v 0.24944748 0.0527132079 -0.454009324
v 0.380998641 -0.0873818099 0.128622815
v 0.188715592 -0.0404939055 0.51705277
v 0.132036179 -0.0416313745 0.526373088
v 0.514425516 0.00721288659 -0.0239425581
v 0.23088634 -0.0428480841 0.494140983
v 0.296809196 -0.0472795404 0.450418085
v 0.325903565 -0.0529783368 0.410892576
v 0.318445385 -0.040494211 0.464482456
v -0.325193733 -0.047103826 0.432604134
v -0.295586735 -0.0405020751 0.475315064
v -0.111241408 0.0560031161 -0.486603141
v -0.05551048 0.0517703481 -0.506345391
v -0.583802283 0.0218279492 -0.25663653
v -0.620534182 0.0156108672 -0.296181411
v 0.246219382 0.234960243 -0.0902976394
v 0.384638041 -0.0755649209 0.232314259
v 0.363624513 -0.0716807842 0.292580187
v -0.461517096 0.0173565 -0.0359302424
v 0.246771857 -0.0640657023 0.420012563
v 0.260973871 -0.0819712877 0.356276125
v -0.00338026648 -0.0640401989 0.475382864
v 0.78599745 1.34874153e-05 -0.00273128995
v -0.784606516 0.00191291701 -0.0765985996
v -0.381591201 -0.0857744664 0.117093757
v -0.383625597 -0.0838422328 0.146978751
v -0.476670563 0.0115215527 -0.504438639
v 0.484194607 -0.0145895202 0.481410712
v -0.503419936 0 -0.555606842
v -0.548986316 0 -0.530777454
v 0.473122805 0.0117029222 -0.506300211
v -0.548985958 0 0.530777574
v -0.503419578 0 0.555606961
v 0.503419995 0 0.555606842
v 0.548986316 0 0.530777454
v -0.497555494 -0.0178503152 0.449278206
v 0.503419757 0 -0.555606961
v 0.548986077 0 -0.530777574
v -0.373509377 0.088809602 -0.0793367028
v -0.246762395 0.167847589 -0.169166431
v -0.204367757 0.175369442 -0.191012472
v -0.0684067383 0.318644136 -0.107947938
v -0.12191736 0.305015594 -0.104897939
v 0.130885631 0.61983645 0
v 0.13088569 -0.61983645 0
v -0.130885676 0.61983645 0
v -0.130885541 -0.61983645 0
v 0.198784903 0.0583510138 -0.457268268
v 0.15303418 0.0695168376 -0.439798027
v -0.130899802 0.42678225 -0.0431683436
v -0.185225695 0.426502705 -0.0295335464
v 0.0495374463 -0.0306361243 0.570789635
v 0.0780146271 -0.0429807603 0.530373871
v 0.0092627164 -0.0364101641 0.554397225
v 0.0239122622 0.0320025943 -0.566952288
v 0.0792560056 0.0396528393 -0.540033698
v 0.0342791378 0.0248266738 -0.589295864
v -0.0489608161 0.177824467 -0.248107716
v 0.410940886 0.0587804429 -0.0787831023
v 0.193023279 0.297868282 -0.0816992521
v 0.28523466 -0.0779159814 0.351517797
v 0.334772497 -0.0633702278 0.361816853
v 0.716723979 -0.00685995771 0.265557826
v -0.438076228 -0.0434182547 0.344746858
v -0.456052005 -0.0464361869 0.28854996
v -0.0668452233 0.130670607 -0.32274586
v -0.144901156 0.128254905 -0.306272447
v -0.38994059 0.0533201024 -0.347010016
v -0.194141954 0.0454007946 -0.498685867
v -0.254062563 0.0401328914 -0.495134145
v -0.251213849 0.0254452545 -0.549174309
v 0.310696542 0.0324135683 -0.498878926
v 0.317398846 0.0459768772 -0.442451626
v 0.266191334 0.0466599576 -0.467149317
v 0.124412812 -0.215662614 0.182160839
v 0.167075187 -0.20590134 0.17541042
v 0.0465638898 0.0537367761 -0.501996458
v -0.0272057522 0.0506787375 -0.511373699
v -0.33940205 -0.112396613 0.157422513
v -0.293848217 -0.128988683 0.193017662
v 0.413576603 0.0553756952 -0.301619828
v 0.42356509 0.0441456251 -0.35690558
v -0.305829197 0.12008024 -0.197637945
v -0.603320658 -0.0155360047 0.341195315
v 0.104255438 0.0741973817 -0.439059824
v 0.0465983488 0.0735164657 -0.448643476
v 0.302474529 -0.124131501 0.190841556
v -0.167189255 0.0588063709 -0.465410352
v -0.221178994 0.0569681935 -0.452765614
v 0.322930545 0.118063658 -0.171539277
v 0.289833903 0.12343172 -0.208391637
v -0.0850622505 0.231664687 -0.17571792
v -0.215981737 0.111668572 -0.304329604
v -0.17283158 0.128223762 -0.294115722
v -0.153815851 0.11376024 -0.332310021
v -0.116754062 0.131643489 -0.309288114
v 0.120242767 -0.0577314533 0.481126755
v 0.049835369 -0.0444169529 0.528774202
v 0.0469290577 -0.0611398742 0.482374728
v 0.0912892148 -0.0486391298 0.512171924
v 0.299738765 0.0843613893 -0.315247864
v 0.30591318 0.0916778147 -0.285124511
v -0.642245948 0.0144079905 -0.250793427
v -0.464936316 -0.0488677807 0.174310222
v -0.438248962 -0.0574416034 0.177048996
v -0.433752626 0.0595421046 -0.197138011
v -0.472134531 0.0465040319 -0.226883337
v 0.0541543253 -0.249514475 0.165650219
v -0.401676267 0.0717392713 -0.201493651
v 0.0889765397 -0.286335647 0.127556711
v -0.33076629 -0.0712419078 0.332839638
v -0.35571599 -0.0775088891 0.278233886
v 0.321473479 0.0669716299 -0.358556688
v 0.270194709 0.0605173483 -0.417577058
v 0.318967462 0.0530241132 -0.415054947
v 0.294148922 0.0691307411 -0.374590486
v 0.271426678 0.223780632 -0.0768892318
v -0.0318327025 -0.243514121 0.172840118
v -0.0950496495 -0.255435467 0.15105775
v 0.243667394 -0.0930111557 0.336192757
v 0.181624874 -0.10562887 0.338137597
v -0.598228872 -0.0140230926 0.104975007
v -0.0340752229 0.324725717 -0.10794279
v 0.0236082915 0.333189398 -0.10263066
v 0.344274163 0.118977629 -0.104086645
v 0.30617547 0.141447186 -0.138263091
v -0.633355856 0 0.474987566
v -0.592298031 0 0.503904462
v 0.592298388 0 0.503904223
v 0.633356214 0 0.474987358
v 0.633355975 0 -0.474987507
v 0.59229815 0 -0.503904402
v 0.564290047 -0.0150769856 0.403946042
v -0.577536225 0.00811967719 -0.451499611
v -0.592298329 0 -0.503904283
v -0.633356035 0 -0.474987447
v -0.428026974 -0.0409106128 0.373800188
v -0.397930562 -0.0361493677 0.429148942
v -0.151755258 0.522521198 -0.0136848548
v 0.0420581549 -0.0723792687 0.45315361
v 0.475551486 0.0237279776 -0.431328446
v 0.422311038 0.0401086509 -0.386312783
v -0.578393757 0.0143095432 -0.0896561071
v -0.517770529 0.0215583425 -0.0789668262
v 0.22008197 0.337304473 -0.0492350832
v 0.291318178 0.0461710729 -0.455894232
v 0.438705415 -0.0134812118 0.517082989
v 0.438889295 -0.0229261313 0.464721829
v -0.397387624 -0.0748061612 0.194337413
v -0.388866156 -0.0716797113 0.246688262
v 0.0634185225 0.293638498 -0.125988156
v -0.690395594 -0.00871552061 0.157005206
v -0.62190187 -0.0124155516 0.113409586
v -0.0624831058 0.37015152 -0.0793107972
v 0.234167308 0.133483306 -0.243037492
v 0.233315915 0.113339171 -0.289697528
v 0.616986573 0.00448152795 -0.44785735
v -0.255182296 -0.119996019 0.256875873
v -0.29576382 -0.109911673 0.242013648
v -0.0430130735 -0.601008713 0.00955049321
v 0.296824306 -0.0413642935 0.472708136
v 0.299234688 -0.0543567687 0.422664553
v 0.485794008 -0.038687095 0.135400191
v -0.425153792 0.0560938232 -0.102912761
v -0.464256048 0.0455630496 -0.137324661
v -0.0803775787 -0.204359382 0.208274245
v -0.0274720434 -0.188724861 0.236533806
v -0.103003025 -0.275261104 0.132394075
v 0.194878444 0.346026272 -0.0565223321
v 0.165541157 0.396624714 -0.0463677198
v 0.0566843934 0.620539784 -0.00558025064
v 0.0158665702 0.567526221 -0.0165380929
v -0.0984079242 -0.51738745 0.0226466991
v -0.50369072 -0.0121080596 0.481380492
v -0.342252284 -0.0963978469 0.216901019
v 0.182522371 0.0679833069 -0.434948921
v 0.243434578 0.074639231 -0.387219459
v 0.569652259 -0.0207141284 0.330974102
v 0.557079673 -0.0187697094 0.376794696
v -0.275204331 0.0528168678 -0.440247297
v -0.337123036 0.0474426933 -0.42231065
v 0.100279652 -0.181772009 0.232958302
v 0.0359204896 -0.188488051 0.235887185
v 0.423107237 0.0587944277 -0.255213559
v 0.415322453 0.0668655708 -0.196121886
v -0.35857147 0.0185474511 -0.534412324
v -0.37484163 0.0296307802 -0.474751741
v -0.313081712 0.0365033038 -0.480881065
v -0.166998193 -0.198015124 0.18584314
v 0.38832894 0.0793094635 -0.0954998881
v -0.465706885 -0.0383958071 0.338665187
v -0.518345416 -0.0293986034 0.331833452
v -0.485960722 -0.0398529731 0.284902006
v -0.51756537 -0.0334409475 0.276307404
v -0.0331047066 0.415539414 -0.0608144812
v -0.00999934971 0.131991088 -0.324479103
v 0.132428586 -0.140487015 0.286900103
v 0.0686307028 -0.150142223 0.287013561
v 0.170998722 -0.0597724244 0.462510169
v 0.24567543 -0.0546498969 0.450399965
v 0.368750423 0.0442283154 -0.412829697
v 0.12835598 0.0346448608 -0.548576653
v 0.190761939 0.0367559381 -0.52795285
v 0.145378381 0.0215651449 -0.588742137
v -0.09850806 0.446894437 -0.0424929522
v -0.654192448 0.00693296641 -0.385495484
v -0.707737446 0 -0.411706626
v 0.671835661 0 -0.444254935
v 0.650234878 0.00757378992 -0.380687326
v 0.707737446 0 -0.411706686
v 0.707737625 0 0.411706448
v -0.67183578 0 -0.444254875
v 0.671835899 0 0.444254756
v 0.6283741 -0.010457647 0.370400131
v -0.671835601 0 0.444255024
v -0.707737327 0 0.411706746
v -0.0652291328 -0.301049471 0.119909957
v -0.124345019 -0.501997769 0.0230255146
v 0.226764709 0.0557023585 -0.454654068
v 0.186100334 0.0514583774 -0.482058734
v 0.060958147 0.202600449 -0.213227719
v 0.494724721 0.0385046601 -0.269539624
v 0.470419347 0.0472410321 -0.206987604
v -0.773084342 0.00371434074 -0.176950023
v -0.302756816 -0.063935712 0.384781063
v -0.272389233 -0.0558149889 0.432284594
v -0.209086642 -0.370568186 0.0402236171
v 0.370172918 -0.0922003537 0.159059525
v -0.120670944 -0.413831919 0.0504002757
v 0.51662761 -0.0353273563 0.233768895
v 0.242170945 -0.231259376 0.0994481295
v 0.219395965 -0.282441467 0.0780343264
v 0.101953104 0.541718841 -0.0170703717
v -0.71299088 0.00414687488 -0.078935191
v -0.0886716694 -0.0998322144 0.380273342
v -0.0404070988 -0.0917613357 0.405261606
v -0.193016633 -0.0939261764 0.360512972
v -0.256318569 -0.0933114141 0.325432003
v 0.0523926504 -0.0854325145 0.419720858
v 0.082521826 -0.0875181928 0.410521626
v -0.0956081301 -0.070788987 0.449987024
v -0.0884208828 -0.645707011 0
v 0.0884209722 0.645706952 0
v 0.0884210169 -0.645706892 0
v -0.0884210244 0.645706892 0
v -0.227964342 -0.340789229 0.0437948555
v -0.261830539 -0.271953464 0.0536511131
v 0.122517884 0.0926193669 -0.389182359
v 0.171513781 0.0874545276 -0.385554045
v 0.181543097 -0.326100647 0.0714044273
v -0.670182645 0.0114013795 -0.238541707
v -0.656303108 0.0125761041 -0.190514013
v -0.612324178 0.0183222108 -0.229988545
v -0.499785274 -0.0314058661 0.110081375
v 0.351899803 -0.0507948808 0.399019152
v -0.206804097 -0.148450181 0.235912442
v 0.514120996 -0.0246981289 0.0933580026
v 0.494581193 -0.0243124552 0.0730126947
v 0.0440350957 0.441827744 -0.0498076007
v -0.00710373325 0.422323257 -0.0591925047
v -0.505516231 -0.0295747202 0.35160476
v -0.475256443 -0.039559558 0.31182602
v -0.0535130501 -0.154486194 0.283895075
v 0.00388012454 -0.154148921 0.28703168
v 0.119019933 0.325919956 -0.0920696184
v 0.145744309 0.361774147 -0.0661682487
v 0.1558097 0.335260808 -0.0758446753
v -0.151873678 0.474309862 -0.0246767532
v 0.329057544 -0.0701660812 0.340578943
v 0.303247541 -0.0619994663 0.393867999
v 0.274960369 -0.0636607781 0.4058626
v -0.0238114949 -0.121282287 0.344527215
v 0.0358545929 -0.122069634 0.341290087
v -0.0916793346 -0.0317063518 0.562716544
v -0.054951448 -0.0186521336 0.608626246
v -0.0155206695 -0.0353452377 0.557257831
v -0.667992294 0.00748109352 -0.0980440825
v -0.620076597 0.0128813451 -0.122842237
v 0.344723105 0.0513191335 -0.400102645
v 0.390012443 0.0384391136 -0.423719227
v 0.096869573 -0.446777493 0.0429554731
v 0.121354878 -0.422965407 0.047018785
v -0.0154415984 0.568756223 -0.0161924884
v -0.0578798652 0.508018851 -0.0285905357
v 0.135175198 0.258667886 -0.135158405
v 0.179290652 0.220172524 -0.15286237
v 0.248100773 0.034719497 -0.517208755
v 0.191729814 -0.054085914 0.473123014
v 0.258390605 -0.0403199904 0.493808091
v 0.216183767 -0.0377884395 0.517317355
v -0.329793543 -0.0149741052 0.561640084
v -0.280151963 -0.0293392893 0.524179578
v -0.0107248751 0.368495524 -0.0834918767
v 0.0420511737 0.385956854 -0.0726663917
v -0.153214559 -0.437177896 0.0354096405
v -0.120706961 -0.477010369 0.0301656164
v 0.455592632 -0.0520388149 0.177048624
v 0.295705169 0.103910945 -0.258216441
v 0.215503111 -0.118340835 0.291275561
v 0.161058217 -0.133162886 0.288722754
v 0.10212791 -0.116594858 0.341549277
v 0.15804249 -0.113037273 0.332023829
v -0.576879978 -0.020743506 0.146966517
v -0.622202873 -0.0158353932 0.167524427
v -0.714344501 0.00735046342 -0.179742262
v -0.712768078 0.00621478772 -0.126083419
v 0.14721553 -0.165486887 0.23977603
v 0.189972788 -0.149756655 0.244334638
v -0.296505421 -0.0947018191 0.285897136
v 0.0416990332 0.0989222005 -0.388889521
v 0.600004613 0.0188861061 -0.184284911
v 0.576652646 0.0193643384 -0.134317234
v -0.533556223 0.0273437295 -0.141011506
v -0.497068465 0.0290656276 -0.0996934548
v 0.000931297254 -0.054122027 0.502932072
v -0.00884090923 -0.0434420593 0.533542395
v 0.0917657241 0.297453225 -0.117399201
v -0.177948788 -0.433664411 0.0302577764
v 0.577085674 0.0226060674 -0.272814125
v 0.538438678 0.0301505197 -0.203519642
v -0.213382348 0.133578986 -0.25938502
v -0.705279827 0.00635142811 -0.309871763
v 0.740778148 0 0.37759912
v -0.740778029 0 -0.377599299
v -0.77095747 0 -0.341932893
v 0.713101327 0.00545898639 -0.315565169
v 0.770957589 0 0.341932714
v 0.740777969 0 -0.377599359
v 0.77095741 0 -0.341933012
v 0.707637668 -0.0051656221 0.332637578
v -0.74077785 0 0.377599478
v -0.770957291 0 0.341933131
v -0.706944704 -0.0051231524 0.333691567
v -0.642061353 -0.0134004159 0.284109801
v -0.115416966 -0.0962065384 0.382743746
v -0.517649949 -0.034605436 0.242302835
v -0.697593868 0.00807543285 -0.154384956
v -0.430314422 -0.0544995777 0.277062774
v 0.259834319 0.107072242 -0.283737183
v 0.217837557 0.127501965 -0.268044353
v 0.206474394 0.366554767 -0.0437359288
v -0.48828128 0.0329719856 -0.345243186
v -0.478800148 0.0406548344 -0.284703374
v 0.414996773 0.0131184803 -0.53299886
v 0.36000216 0.0193385854 -0.530107021
v 0.260445803 -0.113049425 0.269750148
v -0.104629159 0.534101605 -0.0180254839
v 0.295638412 0.0768342167 -0.344552875
v -0.0703297928 -0.125657797 0.330285996
v -0.114608176 -0.129072309 0.314462483
v 0.508703887 -0.0369965658 0.19994694
v -0.103482462 0.0983277261 -0.38118431
v -0.0411050841 0.091453068 -0.406634688
v -0.0389673002 0.0785450339 -0.437232941
v 0.193321437 -0.208991662 0.157544553
v 0.24698104 -0.19208394 0.135232985
v 0.0685873553 0.381534278 -0.0723542795
v 0.104481116 0.345428705 -0.0845031515
v 0.220027536 0.0358296372 -0.522417545
v 0.261203825 0.0285566226 -0.534647524
v 0.241145328 0.0478724129 -0.474238634
v 0.128828526 0.0698602051 -0.445655525
v 0.099605225 0.0558107272 -0.489803672
v 0.147072732 -0.0584805422 0.473497719
v 0.0935020745 -0.056281969 0.48958683
v 0.140899003 -0.0498038568 0.500213683
v 0.595744073 0.00386530347 -0.469949484
v 0.167201936 0.475933164 -0.0217248537
v 0.345751822 0.107002899 -0.156949729
v -0.650436044 0.0104661556 -0.125616133
v 0.227969393 0.0704378337 -0.408659816
v 0.263405919 0.079125911 -0.361414313
v -0.240018398 -0.240003452 0.0929433405
v 0.277477324 -0.196785286 0.096724242
v -0.000604785397 -0.232844919 0.18602398
v 0.0684213191 -0.225680575 0.187165275
v 0.570010066 -0.0238495804 0.181331158
v 0.52941364 -0.0286033992 0.140542328
v -0.403912365 0.0265586339 -0.470912129
v -0.460662276 0.0218513273 -0.454267055
v -0.44175595 0.014601904 -0.509249926
v 0.0244642422 -0.32286942 0.110461101
v -0.00109255733 -0.309470057 0.12021406
v -0.721116006 0.00160788896 -0.0320273414
v -0.665691674 0.00342720957 -0.0396822281
v -0.108692497 0.212534577 -0.190286964
v -0.0445619151 0.661394238 0
v 0.0445618853 -0.661394238 0
v 0.0445618406 0.661394238 0
v -0.0445617475 -0.661394298 0
v 0.669802785 0.0107817622 -0.27223593
v -0.234958798 0.236621559 -0.098517105
v -0.216079324 0.280983776 -0.0791017786
v -0.229827821 -0.185573876 0.160700172
v -0.037377499 0.0669959188 -0.466482133
v -0.420131207 0.0338915624 -0.420030653
v -0.183957025 -0.262782723 0.111142144
v -0.466430813 0.027467778 -0.0630476326
v -0.36749059 0.0801311806 -0.242239028
v -0.334235668 0.104392014 -0.202740297
v -0.315346926 0.0980045199 -0.251077145
v -0.421218306 0.047118973 -0.342261136
v 0.263535887 -0.132289946 0.221723169
v 0.220415324 -0.141615078 0.239775017
v -0.492442727 0.0282335803 -0.379167348
v -0.118981764 -0.169793516 0.244469419
v -0.133600816 -0.0767054483 0.426139146
v -0.0847064182 -0.0810762644 0.425645739
v -0.127561316 -0.0678443387 0.451507688
v 0.382566601 -0.0195911173 0.518340051
v 0.438683033 -0.0183323715 0.490270227
v 0.35190767 -0.069394201 0.321000665
v 0.375032216 -0.0551438406 0.35853374
v 0.0741723776 -0.464758515 0.0398433991
v -0.298100978 0.134083122 -0.172706768
v -0.262207657 0.135088235 -0.214250207
v -0.526131332 -0.00156537676 0.00535567477
v 0.4860228 -0.0257331245 0.403797686
v 0.763025403 -0.00399818365 0.228975788
v 0.8220191 0 0.266766489
v 0.798037887 0 0.304988533
v -0.822018981 0 -0.266766697
v -0.798037767 0 -0.304988712
v 0.822018921 0 -0.266766816
v 0.798037708 0 -0.304988801
v 0.766419411 0.0036866006 -0.245494947
v -0.798037589 0 0.30498898
v -0.822018802 0 0.266766995
v -0.758170247 -0.00421324652 0.246314406
v 0.232478172 -0.166223839 0.18691577
v 0.190253645 -0.189369187 0.184499428
v -0.175702244 -0.0437578335 0.509282172
v 0.200365528 0.0873215944 -0.373782009
v 0.221557289 0.105069876 -0.316512734
v -0.0358221717 -0.516599298 0.0275787003
v 0.00898475386 -0.54898721 0.0205763318
v -0.249774516 -0.0739431754 0.386349648
v -0.277825922 -0.0836215988 0.339228719
v -0.196590215 -0.198267385 0.168541789
v -0.146370828 -0.238371894 0.150065064
v 0.145779997 -0.0894002989 0.390635788
v -0.571643829 0.024181297 -0.221927091
v -0.615001678 0.0166254248 -0.172876328
v 0.486026645 -0.029854469 0.375099361
v 0.436335862 -0.0282275751 0.438886166
v 0.170708835 -0.276064008 0.108236991
v -0.450312614 -0.0527070723 0.156669632
v -0.485524982 -0.0432983823 0.197235361
v -0.454196334 -0.052980952 0.201088011
v -0.469620794 -0.0465252995 0.244389012
v 0.143394142 -0.243044421 0.147105873
v 0.000767976628 -0.576702356 0.0147803305
v 0.694851935 0.00912820268 -0.208338052
v 0.638836145 0.0128467903 -0.149167359
v -0.724330902 0.00641594548 -0.25579533
v -0.70161581 0.00862145796 -0.205853984
v -0.754374802 0.0041768658 -0.259543359
v 0.202999979 -0.0464517549 0.493658483
v -3.7252903e-08 0.666651011 0
v 6.98491931e-08 -0.666651011 0
v -0.317000896 0.0891600177 -0.280593634
v -0.283872336 0.0777935386 -0.353120208
v -0.228253245 0.0896296874 -0.352892816
v 0.400880158 -0.0473833904 0.367851734
v -0.0590241663 -0.186206132 0.236536279
v -0.526762426 -0.0169746224 0.0665462762
v 0.446724683 -0.0527466238 0.247876123
v 0.487156212 -0.0424633697 0.227551639
v 0.483290642 -0.0394881964 0.292173147
v -0.0411011465 0.243217722 -0.172226429
v -0.727040708 0.00461021252 -0.0991535559
v -0.139328256 0.339021832 -0.0795672461
v -0.193534076 0.302655488 -0.0780798495
v 0.0886839852 0.434263378 -0.0483415686
v -0.769397438 -0.00388144748 0.146801412
v 0.489689708 0.0314748809 -0.0999918282
v -0.0768210739 0.11259295 -0.356249511
v 0.0253286306 0.135367706 -0.317013085
v -0.0125334747 0.114422254 -0.358771682
v -0.0395085886 0.135927126 -0.316660613
v 0.311807036 -0.0351959281 0.488725007
v 0.409112364 -0.0132953385 0.534048378
v 0.359425515 -0.0265624635 0.49982971
v -0.781443596 -0.0025910784 0.0982207134
v -0.724496484 -0.00543232867 0.120733976
v -0.44636032 -0.0290931743 0.424512327
v -0.457205623 -0.0366031677 0.365903139
v 0.078929916 -0.311483026 0.111715637
v 0.116268076 -0.278878331 0.125850052
v 0.590926111 -0.0212579034 0.204250753
v 0.56398958 -0.0250934064 0.268821299
v -0.00490183337 0.213837981 -0.205260158
v 0.493031502 -0.0323275402 0.346817583
v 0.445123464 -0.0442059413 0.327614903
v 0.459105551 -0.0321971364 0.390702963
v -0.141444668 -0.162279934 0.247857049
v -0.0706400722 -0.166804031 0.261877358
v -0.113714896 -0.189634725 0.218313724
v -0.429491013 -0.0573809668 0.254179031
v -0.0194674227 -0.283665031 0.139206201
v 0.0417204797 -0.274107277 0.144938305
v -0.691747189 -0.00150438666 0.0191124994
v -0.641146064 -0.00412421627 0.0373100117
v 0.473501474 -0.0389526449 0.323018402
v 0.428469777 -0.0559938736 0.273734689
v 0.39526996 -0.0542283803 0.33944729
v 0.620791137 -0.00492892601 0.038507659
v 0.569800973 -0.0133597171 0.074739866
v -0.17885913 0.459063768 -0.0227180719
v 0.0169473886 0.0799327046 -0.435173124
v 0.110439308 0.409814119 -0.0539809726
v -0.5202865 0.0343634449 -0.219731838
v 0.239665091 -0.178524241 0.161321267
v -0.153964639 -0.0710083991 0.43573907
v 0.00266375649 0.0494295284 -0.515327632
v -0.259966701 0.258892804 -0.0626192987
v -0.278746724 0.233428434 -0.0620486028
v -0.124778323 -0.527759016 0.0170197561
v -0.229266971 -0.15946129 0.201551646
v -0.860116601 0 0.187393725
v -0.842711806 0 0.227568567
v -0.86011678 0 -0.187393397
v -0.842711985 0 -0.227568269
v 0.860116839 0 0.187393188
v 0.842712045 0 0.22756806
v 0.773801148 0.00362956454 -0.161183134
v 0.86011672 0 -0.187393546
v 0.842711926 0 -0.227568388
v -0.502548337 0.0370892547 -0.265356481
v -0.552254438 0.0275069121 -0.25139758
v -0.49520421 0.0403264537 -0.209587112
v 0.632623911 0.0119997486 -0.123557642
v 0.57439971 0.0160741434 -0.102908559
v -0.315435231 -0.151027665 0.103296846
v -0.280099243 -0.200439483 0.090638347
v -0.773812413 -0.00382780563 0.181419015
v -0.702560365 -0.00843478553 0.217553645
v 0.0322442204 0.0474440157 -0.520388126
v -0.098532699 -0.34147501 0.0892522186
v -0.109757252 -0.315979272 0.102013819
v -0.321785837 0.142483279 -0.100932799
v 0.638839066 -0.0110576358 0.116914384
v 0.562622488 0.00164845947 -0.00646507367
v -0.0526789576 -0.371421874 0.0801991224
v -0.0459209979 -0.450759321 0.0469588079
v 0.582611203 -0.0178406723 0.124874018
v -0.180273905 0.0775391683 -0.409325242
v -0.199918076 -0.342966974 0.0553914346
v 0.688634157 -0.00785456691 0.128735304
v -0.797756851 0.00231102947 -0.121683307
v 0.686151266 -0.00896779448 0.154410645
v -0.0341760777 0.495326072 -0.0334445797
v 0.777663827 -0.00142996572 0.0471519865
v -0.192385495 -0.3167575 0.0717689246
v -0.147164449 -0.0463581793 0.5082497
v -0.116931006 -0.0320168845 0.558541238
v -0.0401952155 -0.422186702 0.0581912324
v 0.0618612394 0.50627315 -0.0287527833
v 0.586975992 0.0183645226 -0.328310877
v 0.0659198537 0.477924317 -0.036522951
v 0.0393961109 0.516991377 -0.0272501335
v -0.152233467 -0.136053309 0.287674934
v 0.676079571 -0.0109123411 0.208834976
v -0.0164671242 -0.414597154 0.0622755773
v 0.660558701 -0.00123029796 0.011806163
v 0.403649867 -0.0411400869 0.397999913
v -0.629062057 0.00483673951 -0.0428444147
v 0.677131951 0.00611726427 -0.0828946754
v -0.0535846166 -0.326186568 0.10555464
v -0.0767680034 -0.48527658 0.0333813801
v 0.758416414 -0.00456964131 0.180034965
v 0.621152222 -0.0105216615 0.0919102058
v 0.244828701 0.327160746 -0.0408009849
v 0.0286938194 0.539730489 -0.0222307276
v 0.667718589 -0.00849568006 0.111711897
v 0.491786897 0.0319941007 -0.348850071
v 0.177174076 -0.418819696 0.0349373929
v 0.637661457 -0.0141298231 0.171610102
v 0.700356305 0.0056540682 -0.0976289213
v 0.617089808 0.0138355065 -0.338370264
v 0.649241567 -0.0134797152 0.195406675
v 0.52812165 0.0292869266 -0.306749374
v 0.775793672 -0.00234292937 0.0786300972
v -0.375167966 0.0609215684 -0.326843947
v 0.597384334 -0.0053107813 0.0358735509
v 0.0734687299 -0.398319811 0.0648540854
v 0.4778651 -0.0211196318 0.0504334122
v -0.652263343 0.00645272061 -0.0700866356
v -0.0145577528 0.516156852 -0.0281545576
v -0.18574819 0.08737012 -0.381113172
v 0.102977499 -0.344914675 0.0858900025
v 0.594522178 0.00848629791 -0.0593044423
v -0.185680717 -0.163972616 0.223973036
v -0.0524135605 -0.477495939 0.0378411114
v 0.0610017106 -0.0962645859 0.393972218
v 0.541472793 -0.0184857026 0.0839822069
v -0.256890744 0.0691712871 -0.39629674
v 0.0160005316 0.168920308 -0.263475448
v 0.52627641 0.026702689 -0.34112227
v 0.645341694 0.000599030172 -0.00718098832
v 0.302689999 -0.0786237866 0.333850145
v -0.0254680905 0.4370538 -0.052860897
v 0.679153323 0.010250953 -0.185571492
v -0.390820086 0.0557634123 -0.0411047563
v -0.37331447 0.0775212497 -0.047062248
v 0.35241285 0.070992358 -0.310415834
v 0.0198772009 0.628379166 -0.00557116
v 0.182554945 -0.446751803 0.0253309384
v 0.0854434818 0.112196602 -0.354671508
v 0.0727664977 0.124492548 -0.332669199
v -0.575720727 0.0191104598 -0.340396583
v -0.157029659 0.0880701765 -0.390554577
v -0.201153979 -0.0790574625 0.396467596
v 0.599323928 -0.0170812532 0.142627105
v 0.62172389 -0.0164220221 0.280662715
v -0.0287363324 0.541474879 -0.0216555372
v -0.51940763 0.0174774621 -0.431617379
v -0.160446391 0.155080214 -0.250168949
v -0.367156327 -0.0781782791 0.256231785
v -0.813630223 -0.000591128424 0.0290118661
v 0.704191029 -0.00500265835 0.0856662318
v 0.560982525 0.0205392372 -0.349249333
v 0.7195521 0.00717297709 -0.206325442
v -0.117862485 -0.386476785 0.0621152781
v -0.431939304 0.0483587682 -0.31824562
v 0.646953583 0.0138998246 -0.222628802
v 0.373323172 0.0554252453 -0.357935488
v 0.735203028 -0.00187654444 0.0408437625
v -0.244080693 -0.197637022 0.132738218
v 0.433078736 -0.060401883 0.185220107
v 0.0182516407 -0.445671886 0.0500517227
v 0.545827866 0.0127886012 -0.0589591451
v 0.678388774 -0.00620241929 0.0858908966
v -0.137192532 -0.31352222 0.095494315
v 0.145956546 -0.182867989 0.215115726
v -0.512456834 0.0103581091 -0.486704946
v -0.538542271 0.0172520168 -0.413221359
v -0.0769028217 0.394926548 -0.0655969605
v -0.170306817 -0.0867345929 0.388929248
v 0.585060537 0.0220621936 -0.247029528
v -0.552309036 0.0206636079 -0.36255306
v -0.346363038 0.0520093292 -0.39606303
v -0.275311887 -0.120480984 0.23710674
v 0.441627979 0.0484053567 -0.299644351
v 0.210874677 -0.370077819 0.0399454311
v -0.18827486 -0.0217822082 0.579372585
v 0.52669239 0.0315723307 -0.276398629
v -0.0716372132 0.0961154625 -0.392441869
v 0.474609256 0.0406406038 -0.300587624
v 0.381734878 0.0794901177 -0.0669049546
v 0.73656112 -0.00282437121 0.334951878
v -0.040314883 -0.143958062 0.302916139
v 0.400351375 0.0205529593 -0.0115978122
v -0.145532221 -0.482078582 0.0243529547
v -0.586376011 -0.000994515489 0.00489768106
v -0.152406782 -0.511140943 0.0161674432
v -0.263297558 -0.0148177231 0.584759176
v 0.342653394 0.127383411 -0.0731665641
v 0.248753965 0.0149800992 -0.588982582
v -0.821693778 0.0013545159 -0.199328199
v 0.112183347 -0.533159673 0.0173190609
v -0.406064898 0.00587675581 -0.00423840946
v -0.206404462 0.441626132 -0.0191969201
v 0.0173374303 0.0187088437 -0.609544158
v -0.347235978 0.125645459 -0.0406348407
v -0.805088758 0.00167809287 -0.232768059
v -0.0661117062 0.453769803 -0.0440430641
v 0.14247866 -0.491645694 0.0224587899
v 0.245344833 0.279407442 -0.0622204989
v 0.0715065449 0.0318754651 -0.564637363
v 0.412619412 -0.0543567166 0.0699660629
v -0.302554309 -0.188200563 0.071307078
v -0.35678339 0.106941767 -0.0627343953
v 0.256579787 -0.285292774 0.0512998141
v 0.220469669 -0.394394577 0.0282010119
v -0.130303055 0.544457138 -0.0127508752
v 0.339773178 -0.0151423411 0.557852983
v -0.288134485 0.0156244077 -0.57433939
v -0.329257458 -0.152669817 0.0607394278
v -0.259766251 0.0173155963 -0.576799214
v 0.226134598 -0.341308922 0.0446367301
v 0.0867027044 0.606762707 -0.00601266325
v -0.785854816 -0.00193410018 0.0735684484
v 0.575007081 -0.00791025814 0.0449070595
v 0.286225766 -0.268043607 0.0353950746
v -0.403434038 -0.0113689126 0.545663893
v 0.267488569 -0.30462876 0.0349364467
v 0.262535363 -0.00940839294 0.607095301
v 0.374228597 -0.0915784761 0.0955564454
v -0.349767178 -0.116443977 0.0865068287
v -0.606965363 0.0146391904 -0.347276062
v -0.25917837 -0.29130581 0.0460277423
v -0.156551838 0.550732315 -0.00777188037
v -0.544364989 0.0244032014 -0.332836211
v 0.257200301 0.296925664 -0.0459096804
v -0.0994552895 -0.570655882 0.0112971738
v 0.551391542 0.00572058372 -0.493322849
v 0.793714941 0.00222593336 -0.104574956
v 0.611498892 0.00716568902 -0.428027749
v 0.140411645 -0.0263868198 0.573997915
v 0.202468827 -0.421292216 0.0262142047
v 0.256155074 0.347265214 -0.0277420785
v -0.791550219 -0.00264717173 0.124501131
v -0.581138432 -0.0134716621 0.398648471
v -0.150678769 -0.557309806 0.00761865126
v 0.242640272 0.379062772 -0.0245288629
v -0.24565345 0.334483355 -0.0363150164
v 0.222924247 -0.0210278183 0.574754357
v -0.634774864 0.00473435968 -0.429885358
v 0.199465558 -0.0269911867 0.559529543
v -0.0932381228 -0.407198042 0.0584341027
v 0.801661193 0.00136451644 -0.0713981017
v 0.349647969 -0.11638809 0.0795733556
v 0.125223577 0.583504498 -0.00648335181
v 0.398429424 -0.0513369143 0.0472926907
v -0.813561678 -0.00110862008 0.0620190576
v 0.280587912 0.241673887 -0.0551029518
v 0.299194902 -0.207741454 0.0590120256
v 0.802754879 -0.000582908513 0.0254925769
v -0.592439175 -0.00889573339 0.42924723
v 0.573255658 0.00450283987 -0.485202909
v -0.221283719 -0.39776656 0.0271693468
v -0.0731723458 -0.590856969 0.00978763215
v 0.217225283 0.388334662 -0.0322132409
v 0.33907038 0.141935885 -0.0458579399
v -0.145755321 0.016102178 -0.606944203
v 0.125189811 0.554170787 -0.0118505238
v 0.194434166 -0.0183481071 0.590768576
v 0.406450033 -0.0076137404 0.562724352
v -0.0124036446 -0.606537342 0.00910090655
v 0.590428352 0.00777027151 -0.441920102
v 0.365513116 -0.0962101221 0.0622795038
v 0.152149752 0.533619106 -0.0117992396
v 0.0123532973 -0.620669961 0.00666103186
v 0.635544538 0.00467122579 -0.429819375
v -0.263262421 0.284071505 -0.0464282073
v -0.114670813 0.0164459571 -0.610129476
v -0.29089582 -0.214221567 0.0633155331
v 0.807782769 0.00204462954 -0.154633686
v -0.383729577 -0.0622538924 0.0412426442
v 0.424248368 -0.0368569009 0.0495938025
v -0.212810382 0.41091767 -0.0254293215
v 0.380781144 -0.0696966127 0.048870068
v 0.228448763 0.00912070926 -0.615828633
v 0.808065474 0.00191878702 -0.125501335
v -0.408729345 -0.0399671793 0.0414126329
v -0.312713504 0.0182784256 -0.555185199
v 0.170454428 0.0149729056 -0.606688797
v -0.832242787 -0.00117461942 0.166385129
v -0.282167733 0.257593364 -0.0444981828
v 0.278707325 0.00893659424 -0.603502989
v -0.57676053 -0.00458786264 0.47869572
v -0.0130643016 0.0996105149 -0.390292495
v 0.138065338 0.0140137263 -0.615187585
v -0.215541571 0.379430443 -0.0342530087
v 0.146976754 0.501885116 -0.0196366049
v -0.0119420635 0.0859602764 -0.421139836
v -0.3071132 0.0115011791 -0.584161043
v -0.368611068 -0.087360546 0.049737297
v 0.308068633 0.186199069 -0.0644871965
v -0.173498303 -0.483662426 0.0182221904
v 0.0818452165 0.0192508604 -0.604402542
v 0.294448197 0.215073124 -0.060046684
v 0.228112847 0.41062808 -0.0216321405
v -0.82864219 -0.00105020858 0.197469503
v -0.549493909 -0.00594656216 0.491310716
v -0.19069463 -0.4569287 0.0206083991
v -0.473600447 -0.00754777621 0.528550506
v -0.268199176 -0.307715058 0.0330973044
v 0.179507315 0.531221211 -0.00738570886
v -0.373821408 0.0132179782 -0.551472068
v -0.3622756 0.00797658693 -0.580164373
v 0.376231909 -0.0130065978 0.551190019
v -0.0994212851 0.0220228955 -0.593351722
v 0.316735148 -0.173094332 0.0623490848
v -0.619589031 -0.00518181361 0.438242644
v 0.819587886 -0.0011475248 0.215513334
v 0.0133216195 -0.0138395978 0.625913203
v 0.0401552171 -0.0160396453 0.618047655
v -0.35941112 -0.00865978468 0.577076495
v -0.0856331065 0.0168640092 -0.611857295
v 0.113820158 0.0203286931 -0.597558737
v 0.284587592 -0.209106281 0.0765201449
v 0.185431972 0.447580665 -0.0247065872
v 0.0407772139 -0.60972023 0.0080151502
v 0.0499403216 -0.58202374 0.012610158
v 0.0685068667 -0.017691873 0.610992849
v 0.823013484 0.000603082415 -0.0436815284
v 0.244687423 -0.0149440113 0.590787828
v -0.809536397 0.00112642767 -0.0629356056
v -0.531946719 -0.00926273502 0.480116874
v 0.320385307 0.0143871494 -0.568495989
v -0.641743839 -0.00486711925 0.41995737
v -0.110427551 0.595055461 -0.00583651476
v -0.314393163 0.163923129 -0.0776283741
v 0.348983109 -0.119693168 0.0501328111
v 0.823203623 0.0013231684 -0.182391748
v -0.229735225 0.0202709325 -0.574560225
v 0.360289961 -0.00820768625 0.579212725
v 0.104145259 0.0136982743 -0.620572507
v 0.761173606 0.00440120744 -0.19072938
v -0.269773692 -0.0100734718 0.601040423
v 0.196668789 0.00891056005 -0.623078942
v 0.160401031 -0.0185970552 0.596440077
v -0.838950217 -0.000580939464 0.0459158532
v -0.298768878 0.227691129 -0.0429588519
v 0.147049293 0.565606236 -0.00670016417
v 0.178771734 -0.0108159231 0.61989063
v -0.211122707 0.0147984205 -0.598766148
v -0.0590127669 0.595769942 -0.00949499663
v -0.526098788 -0.00636809506 0.503439486
v -0.381795764 -0.0106550502 0.558901727
v -0.124197252 -0.554023087 0.01153877
v -0.100394808 0.00993637368 -0.633455515
v 0.268474311 0.268656284 -0.0512834825
v 0.361012667 0.00659049908 -0.586440563
v 0.770938873 0.00310958363 -0.111309767
v 0.839161158 -0.000933642208 0.161404729
v -0.639933884 -0.00787428487 0.387731969
v -0.280377805 -0.244540557 0.0531796478
v -0.308969945 0.185194388 -0.0621760674
v 0.129458606 -0.018736558 0.6010198
v -0.838717461 -0.000224362346 0.0133215161
v 0.299967289 0.233918369 -0.0404125676
v 0.162558869 -0.471178085 0.0236850884
v -0.447448671 -0.0129752848 0.514540136
v 0.287396908 0.195582807 -0.0835559964
v -0.0549490675 0.017867947 -0.610778868
v 0.139582336 -0.520116091 0.0163413994
v 0.531292856 -0.00869640987 0.484420806
v 0.658373237 -0.00427420624 0.409878731
v 0.23744525 -0.366042495 0.0299464222
v 0.208139032 -0.44866851 0.0176764876
v 0.268999279 0.314798713 -0.0314476304
v 0.252968013 -0.336158246 0.0321529545
v -0.26642409 0.310220718 -0.0333759263
v -0.540757179 0.00579279196 -0.498035997
v -0.285491645 0.282982647 -0.0301293638
v -0.144549415 -0.538225174 0.0117549403
v 0.713474512 -0.00759535097 0.207211509
v 0.173723757 0.50428915 -0.013607461
v -0.449236244 -0.00745164137 0.542475522
v -0.0325581282 0.0102543961 -0.636674464
v -0.0189692024 0.0196854509 -0.606293082
v 0.220740229 -0.0147132361 0.597609341
v 0.287292093 0.257757336 -0.0408241637
v 0.813527882 0.000114827613 -0.00977583043
v 0.325516194 0.173834085 -0.0449051149
v 0.212982625 0.441540241 -0.0182457492
v -0.80512166 0.00174828002 -0.0933277234
v -0.837739229 0.000164919198 -0.0170660447
v -0.834897041 0.000596932776 -0.0484641828
v 0.166243732 0.552884221 -0.00595076848
v -0.321648747 0.17365925 -0.0509398617
v -0.0691832229 0.010286185 -0.635097504
v 0.272990048 -0.0152318561 0.580844641
v 0.384966999 -0.0066496795 0.576488972
v 0.10871727 0.600563943 -0.00541789318
v 0.308440149 0.00897644833 -0.594419897
v 0.279293865 -0.229760617 0.0659233108
v 0.280118853 0.28304857 -0.0353276059
v -0.426092625 -0.00707024429 0.555717528
v -0.83911413 -0.000817260414 0.0812894851
v 0.312657028 0.203469366 -0.0416942164
v -0.4254511 0.0068764207 -0.556767464
v 0.381199419 0.00753794285 -0.573815405
v 0.681063354 -0.00379907154 0.391898096
v 0.597145855 -0.00501389662 0.460082799
v -0.824942589 0.00137409114 -0.115246385
v 0.337572843 0.00805320125 -0.5884884
v 0.101576753 -0.55596137 0.0139623778
v 0.329601914 -0.00929647684 0.58584553
v 0.318756431 -0.193226159 0.040601939
v -0.431329608 0.0109325135 -0.534207046
v -0.23841688 -0.366833299 0.0297461357
v -0.499296755 -0.0072668381 0.514475048
v 0.255698383 0.00773191499 -0.614869893
v -0.404200643 -0.00653085252 0.568422019
v -0.361296624 -0.101280645 0.0661043003
v -0.273100019 -0.0053215283 0.61909616
v -0.268988222 0.0103416927 -0.600317657
v -0.812887907 -0.00165668572 0.0991823301
v 0.070144549 0.0129096527 -0.625949979
v 0.0589638166 0.00721870922 -0.645860314
v -0.83582288 0.00091524492 -0.0840226933
v 0.118971534 -0.0110792248 0.627816677
v -0.385330826 -0.00593498163 0.579307139
v -0.816023231 0.00178791082 -0.145708561
v -0.253919959 -0.33654806 0.0318441056
v 0.161596 -0.530069232 0.0105970688
v 0.364747673 -0.0902334526 0.0404499061
v 0.0896334425 -0.010779514 0.631969273
v -0.239255488 0.0137698082 -0.595676541
v -0.178535566 0.0155781917 -0.602958083
v -0.358077586 0.102288119 -0.0401548482
v 0.827546716 -0.000697918411 0.0475122966
v 0.0611494593 -0.0100467214 0.63673234
v 0.609246135 -0.00707418285 0.430332452
v -0.13410069 0.00810975488 -0.635907769
v 0.358506233 0.096893169 -0.0345724523
v 0.832762778 -0.000240395093 0.0143944072
v -0.311871886 0.19884865 -0.0432697199
v 0.377935857 0.0690099746 -0.0391750857
v 0.800675929 -0.00229980447 0.192378968
v 0.822769225 -0.00122422876 0.0812050849
v -0.456076771 0.00986853614 -0.525971949
v 0.386492044 -0.00245108875 0.00517063634
v 0.165768623 -0.499927461 0.0160028264
v 0.296325356 -0.00816391315 0.601368666
v -0.13022545 -0.582165718 0.00567311747
v -0.31913653 -0.173079565 0.0579853803
v 0.129490763 -0.553222001 0.0110050328
v -0.101938993 -0.599298358 0.00614287099
v 0.638050854 -0.00430829125 0.429989725
v 0.524218798 -0.00534048816 0.511411488
v 0.841335654 0.000136058225 -0.0180034488
v -0.478364468 0.00623062393 -0.533692658
v 0.148687392 -0.0110085448 0.62394768
v -0.368509471 -0.0712553114 0.0180201288
v 0.0132259745 -0.00746066961 0.646650732
v 0.750659049 -0.00296104304 0.31208533
v 0.235324621 -0.0089818351 0.615011871
v 0.562675238 -0.00737244776 0.469952703
v 0.817405462 -0.00160500291 0.109811507
v -0.822548985 -0.00158340344 0.133816019
v 0.851682901 -0.000344596017 0.0351038501
v -0.168797761 -0.535678327 0.00840239879
v -0.278918624 -0.329234451 0.0195836276
v -0.188679397 -0.402104616 0.0368262157
v 0.834569752 0.000808134675 -0.0756083578
v -0.574641228 0.00448011048 -0.483282655
v 0.362328678 0.0986419916 -0.0570041686
v -0.0387418084 -0.0108371796 0.635208607
v -0.510220408 0.00557308272 -0.51841718
v 0.820122182 0.00138729566 -0.102448627
v 0.273818791 -0.32915318 0.0221967064
v 0.207616791 -0.00995550305 0.617486358
v -0.35512802 -0.108539283 0.0453554243
v -0.390030265 -0.036381986 0.0230376441
v 0.73678261 -0.00470515061 0.289016962
v 0.292124212 0.299726933 -0.0205995627
v -0.382598221 0.0154081639 -0.00509664277
v 0.263967872 -0.365203053 0.017407218
v -0.242834017 0.308878005 -0.0479625277
v 0.280471712 0.334185392 -0.018263936
v 0.623844624 -0.00378019735 0.448397785
v -0.0130212 -0.638590872 0.003848325
v 0.26742506 0.368149549 -0.0162042193
v 0.187968582 -0.475175172 0.0168868043
v 0.0364938825 0.0123768374 -0.6293841
v -0.229230329 0.0085085677 -0.617359579
v -0.246965095 -0.397417784 0.0170858726
v -0.30198884 -0.222998276 0.0428591073
v 0.707315505 -0.00245540007 0.380472362
v 0.403783172 -0.0253199637 0.0234863106
v 0.101570025 -0.578860819 0.0095941769
v -0.236737549 -0.0135712307 0.596635163
v -0.264999479 -0.360978454 0.0182579327
v 0.0934061408 -0.60810858 0.00524197798
v 0.378721386 -0.031503167 0.0167019907
v 0.331763744 -0.158369496 0.0440716222
v 0.468268126 -0.0090096863 0.523750305
v -0.0802023262 0.609437466 -0.00634309324
v 0.826295018 -0.00122414017 0.185475469
v -0.281241715 -0.275760472 0.0359067954
v -0.223706901 -0.451759607 0.0122116338
v 0.253697783 0.400607139 -0.0139215058
v -0.291756004 -0.297860712 0.0205523409
v -0.244076416 0.36197269 -0.0273992009
v -0.228851438 -0.422743559 0.0172337629
v -0.0646071807 -0.62027657 0.00526069431
v -0.328415126 -0.171625867 0.0395025089
v 0.239264011 0.432229191 -0.0118159177
v -0.30145973 -0.243260711 0.0325499624
v 0.197133735 0.475497514 -0.0147773707
v 0.342143536 -0.14092432 0.0267153401
v -0.375352919 0.056689769 -0.0224772245
v -0.344627887 -0.126131669 0.063488014
v 0.792155504 -0.00242743781 0.220480606
v -0.154987603 -0.0127752889 0.617072403
v 0.123682238 -0.590942025 0.00493340287
v -0.177058965 0.5264498 -0.00845555123
v -0.312343389 -0.195726424 0.0471540615
v -0.172061309 0.494348139 -0.0159318261
v -0.298190385 0.00537792314 -0.611807823
v 0.557361484 -0.0041368641 0.498109668
v 0.191023886 -0.509407699 0.00880266819
v 0.740150988 -0.00457045017 0.115961857
v -0.199619412 0.473251015 -0.0140813626
v 0.225127921 0.462662786 -0.00968962349
v 0.826721191 -0.00144883385 0.135021314
v -0.391988784 -0.0123716835 0.00950065721
v -0.185266182 -0.509007096 0.00996727962
v 0.198203683 0.506613374 -0.00789060444
v -0.864267826 -0.00031874064 0.0564893298
v -0.341651887 -0.137348115 0.0434138142
v 0.753692269 -0.00332887936 0.091446884
v -0.232117906 0.423398316 -0.0152388792
v 0.227175325 -0.420700371 0.018165838
v 0.124969803 0.00763690099 -0.638304889
v 0.807027936 -0.00149479485 0.23737675
v -0.132783651 -0.00845553353 0.635174572
v -0.0234625693 -0.583435774 0.0130792931
v 0.854022384 -8.64509493e-05 0.00606321963
v 0.850007355 0.000323270506 -0.0495022647
v 0.846667528 -0.000637465564 0.0700205937
v 0.213133529 -0.4777821 0.00993534923
v 0.299381405 -0.230701685 0.0418305323
v -0.364893258 -0.0859112144 0.0326560587
v -0.262272924 0.370996207 -0.0161607489
v 0.0924976543 0.00776259042 -0.641427338
v -0.353564322 -0.109917134 0.0278663561
v -0.851447225 0.000601874664 -0.118215777
v -0.318368405 -0.207940251 0.031039333
v -0.283067495 0.31016022 -0.0219698399
v -0.337750524 0.158316568 -0.0311162099
v 0.159174815 -0.56327343 0.00505692838
v -0.202987462 -0.48201853 0.0114565697
v -0.190791994 -0.00894248579 0.624137104
v 0.839995861 -0.000985917402 0.104735211
v -0.266102135 0.337961465 -0.023471551
v -0.340390474 -0.149289951 0.0248587038
v -0.33206293 -0.187973231 0.0204250552
v -0.19778499 0.502917469 -0.00867406745
v 0.340508908 0.149069428 -0.0271530785
v 0.829677761 0.00124428992 -0.130122691
v 0.496767789 -0.00523865269 0.528263867
v -0.376479387 -0.0212084036 0.00835105777
v -0.832067847 0.00111833715 -0.169583008
v -0.364162892 0.0778831542 -0.0248865802
v -0.102218375 -0.0101864282 0.632813811
v -0.345818728 0.136220008 -0.0239834525
v -0.238361076 0.392619193 -0.0207354203
v -0.854697943 0.000455624162 -0.0616483092
v 0.248945594 -0.420290142 0.0108971074
v 0.351050019 0.117231101 -0.0463488288
v 0.00291522639 0.0118665993 -0.631860137
v -0.839381635 -0.0009536164 0.112076178
v -0.598134995 0.0040605152 -0.467287481
v 0.381816566 0.0415120721 -0.0196413174
v 0.364481807 0.0637775362 -0.0170107372
v 0.231537849 -0.448968023 0.0102535412
v 0.304331124 -0.269855082 0.0200113151
v 0.844156623 0.000788995298 -0.103450499
v 0.0351026878 -0.637304425 0.00365759199
v -0.133634314 0.570892334 -0.00767455576
v 0.347742498 0.122943848 -0.0309513099
v 0.581086576 -0.00394274015 0.481708497
v 0.47284773 -0.00432224618 0.547010779
v 0.318406224 0.223523855 -0.0245258044
v -0.859246671 -0.000464081997 0.102002949
v -0.860248864 -1.76115846e-05 -0.00229647919
v 0.320283502 -0.215906575 0.023518296
v -0.452445447 0.00616290141 -0.547708094
v 0.332545877 -0.180092409 0.0233832113
v 0.289336443 -0.302608162 0.0212789439
v -0.299803495 -0.00717145205 0.60377413
v -0.255403161 0.405432314 -0.0106453188
v 0.853858531 0.000546879426 -0.12840426
v -0.316316336 0.219295561 -0.0255156625
v -0.199185252 0.00832482427 -0.624501944
v 0.354645789 -0.105591923 0.0265938323
v -0.166706711 0.00821553916 -0.630808234
v 0.866774321 5.21322509e-05 -0.0207104199
v -0.857103884 -0.0002018706 0.0263014939
v 0.382395357 -0.0537597053 0.0319045
v -0.858494043 0.000260766887 -0.0356151499
v 0.302866966 0.260926157 -0.0249589551
v 0.0242168773 0.00603407202 -0.650790215
v 0.867481649 -0.000331581337 0.0570798665
v -0.285606354 0.337036282 -0.0134474225
v -0.327864826 0.187737867 -0.0267216228
v 0.32890901 0.18915756 -0.0253887549
v 0.0100493152 -0.641798735 0.00329855038
v -0.304717869 0.256857485 -0.0238976218
v -0.0389654189 -0.626391768 0.00542874448
v -0.0860688314 -0.6149683 0.00483966619
v -0.715863585 0.00293908827 -0.361534715
v 0.215742946 0.48758015 -0.00762012787
v -0.844290912 0.000867082155 -0.140700236
v 0.86188823 -0.000430751999 0.0950021148
v 0.870362878 -0.000136820323 0.0195749048
v -0.235100925 -0.00832315441 0.616638064
v 0.365499854 -0.0685706511 0.0191951729
v 0.24463363 -0.39258042 0.0185574144
v -0.352816969 0.111212313 -0.0228541791
v -0.216403931 0.484813809 -0.00780713744
v 0.855934143 0.000386823551 -0.0775508806
v -0.328405082 -0.00823504105 0.589733005
v 0.837343216 0.000917002209 -0.158490047
v 0.262258798 -0.396455705 0.0104352785
v -0.864048004 0.000412171648 -0.0890882611
v -0.227185801 0.455142766 -0.0101851886
v 0.161137894 0.00781871937 -0.633205116
v -0.334479868 0.00770779047 -0.590720713
v 0.869740188 0.000212559942 -0.0623672716
v -0.247422516 0.432677597 -0.0076929545
v -0.301685601 0.294292152 -0.0135351568
v -0.162088826 -0.00611273479 0.63915807
v 0.852929652 -0.000588435039 0.132689938
v -0.307091445 -0.262429982 0.0183403958
v -0.00650143391 0.00647054613 -0.649689734
v 0.442340106 0.0536921173 -0.13181299
v -0.851474643 -0.000625947199 0.137711123
v -0.318808466 -0.227729231 0.0172222797
v 0.312500089 -0.241856366 0.0212673061
v 0.367603719 0.0238657147 0.000649282942
v -0.876340032 7.2989933e-06 -0.01952531
v -0.678248882 0.00323539972 -0.403964072
v 0.865047991 0.0004079153 -0.0973294675
v 0.180369139 -0.539322734 0.00535941962
v -0.872662544 0.000265464769 -0.0563601814
v -0.249805048 -0.428727567 0.0089876689
v -0.875824451 -9.40837926e-05 0.0158376116
v 0.349794596 0.109864935 -0.0162727758
g 
f 1862 540 966
f 1485 709 878
f 738 1608 2426
f 1761 2305 1214
f 2193 1197 1393
f 2622 2634 1126
f 1338 656 734
f 1510 871 1031
f 1717 2444 990
f 1481 2472 2235
f 2337 569 1219
f 1899 2463 1134
f 1678 790 871
f 1773 1909 964
f 1553 586 780
f 787 1787 397
f 1359 794 2573
f 1344 586 684
f 1361 597 760
f 2231 847 1248
f 1371 584 734
f 1808 463 1397
f 2144 1289 1460
f 1646 520 937
f 2685 1679 2586
f 1401 705 980
f 2568 907 1340
f 1278 61 907
f 1303 2503 878
f 1516 461 733
f 1628 541 1231
f 1355 564 665
f 2449 2450 1107
f 1414 516 682
f 1316 621 760
f 1473 357 443
f 1120 459 2151
f 1464 644 802
f 1402 60 916
f 2656 1772 461
f 1257 608 640
f 2018 1118 1567
f 1356 643 683
f 1164 439 443
f 1446 594 917
f 2006 88 1259
f 1723 608 937
f 1923 827 1286
f 1457 1206 70
f 2107 859 1329
f 1642 512 1697
f 1435 539 694
f 1626 719 1319
f 90 889 1306
f 1957 479 1351
f 1810 91 1539
f 1501 516 697
f 612 985 1647
f 2239 1008 1203
f 1607 403 640
f 1543 648 697
f 1578 900 1176
f 1869 1580 1735
f 1539 111 909
f 1736 1950 845
f 2166 859 1089
f 1705 548 1319
f 1578 441 2477
f 1339 2404 1651
f 1807 1169 1406
f 1450 2431 1069
f 1898 723 1069
f 1928 1129 1935
f 2610 2611 1488
f 1925 1589 1815
f 915 96 2350
f 1821 111 1539
f 2160 967 2644
f 1260 439 507
f 1925 105 999
f 1360 2400 721
f 1845 1745 284
f 1509 821 1241
f 2152 653 1868
f 1539 1146 1821
f 1648 789 1296
f 1800 814 1523
f 2731 2453 3004
f 1892 235 1470
f 2460 884 2608
f 673 2811 1884
f 2353 628 1222
f 1373 572 802
f 1742 963 1155
f 1677 815 1445
f 1137 681 705
f 897 341 2464
f 1201 519 683
f 1256 941 1122
f 935 494 788
f 1766 540 1214
f 1265 572 727
f 1482 539 757
f 1374 650 916
f 184 2718 2816
f 1577 2677 2348
f 997 940 2550
f 1538 985 1650
f 2019 1132 478
f 1675 2123 1031
f 1463 676 917
f 2341 2157 1194
f 1315 644 748
f 1674 2314 1397
f 1270 1080 1284
f 263 1178 1676
f 1661 74 1110
f 2127 1560 1627
f 2298 547 1376
f 593 1192 2235
f 1947 759 975
f 2654 113 233
f 1271 797 900
f 1314 2593 1119
f 1545 638 685
f 1437 570 2639
f 1350 2587 1511
f 1398 522 685
f 1767 1706 633
f 1660 2436 1131
f 1751 2251 752
f 1247 823 1202
f 2174 194 2219
f 1598 522 531
f 1582 2297 992
f 1208 518 554
f 2590 841 1418
f 1428 1216 1131
f 898 841 1015
f 2109 704 1296
f 1703 2415 995
f 592 1682 2234
f 1413 2190 747
f 1595 2452 1752
f 1302 430 440
f 1317 1415 930
f 1429 2630 714
f 1420 770 1986
f 1737 2630 1523
f 1716 703 1438
f 930 2206 2668
f 773 2283 2282
f 2118 2017 1907
f 2170 182 1403
f 1584 769 1104
f 2161 1157 2724
f 1412 518 700
f 945 894 1028
f 1718 372 767
f 2466 763 2498
f 1387 551 700
f 1704 1023 1168
f 1818 1708 969
f 1454 2384 824
f 1028 1025 2558
f 1378 995 2632
f 2651 252 2191
f 2541 2540 1261
f 1601 2440 1429
f 1215 638 716
f 2111 2490 1138
f 1180 2077 535
f 1357 2260 905
f 1558 718 1310
f 613 1474 2260
f 1400 2712 1025
f 1652 2359 1452
f 1386 2635 921
f 1370 611 2520
f 2592 1202 823
f 1840 616 1600
f 1796 616 1599
f 1750 589 1166
f 1763 633 226
f 2571 2595 948
f 1606 779 899
f 632 464 2757
f 2369 464 1093
f 1504 798 1279
f 2061 1600 1778
f 2512 770 2475
f 1166 2930 587
f 2471 1604 1629
f 2617 673 1144
f 189 905 2561
f 1653 228 1202
f 2093 409 843
f 818 2044 488
f 1744 792 2232
f 1901 703 185
f 869 1596 200
f 1839 2233 958
f 1883 489 1981
f 1403 974 536
f 668 1800 1525
f 1033 939 1126
f 941 931 2569
f 1377 447 451
f 1734 2387 843
f 2060 881 1012
f 1757 583 1407
f 1866 1308 1561
f 1313 566 725
f 2040 836 1583
f 2192 614 991
f 2390 2608 2172
f 1559 670 1053
f 1846 2473 1459
f 2048 2911 157
f 2278 701 2371
f 1427 746 780
f 1486 456 682
f 2081 967 1189
f 819 805 1275
f 1239 796 2511
f 2000 1146 1351
f 1978 2851 2551
f 1556 427 437
f 233 113 1012
f 1198 647 680
f 2356 1127 1404
f 1707 1407 378
f 2222 1335 1568
f 1528 732 1128
f 1049 1065 2336
f 1033 885 1091
f 1806 773 813
f 1422 2237 833
f 912 2680 2912
f 1982 668 1656
f 1492 2533 931
f 1036 2141 677
f 1656 666 1453
f 1886 2095 978
f 229 1658 1664
f 1955 1156 1388
f 1531 722 1053
f 1709 2599 1335
f 1743 826 1530
f 1518 436 487
f 1332 584 665
f 1304 754 1002
f 1236 2392 863
f 1100 736 2422
f 288 2394 1045
f 1258 408 590
f 863 851 1571
f 2819 2965 993
f 2641 860 1330
f 1050 258 1043
f 535 953 1240
f 1292 643 680
f 1822 477 1234
f 1331 2351 906
f 1348 563 741
f 1786 600 1424
f 1188 467 567
f 2598 438 1024
f 2613 467 628
f 2448 512 2106
f 1500 519 622
f 1537 728 1049
f 2021 1211 1433
f 1657 748 1391
f 2281 574 1088
f 1618 2435 858
f 2322 460 936
f 1196 2580 970
f 1483 2103 641
f 2068 2096 867
f 1324 2443 870
f 2470 791 1410
f 1803 645 787
f 2178 702 1226
f 1739 573 1044
f 1841 292 1701
f 1611 427 688
f 731 1439 1594
f 343 658 1295
f 1793 1006 1051
f 996 883 1593
f 2604 2454 996
f 1159 59 1591
f 1394 266 1700
f 2485 2684 973
f 773 510 1228
f 2628 377 624
f 1347 704 741
f 1285 615 763
f 1532 2082 911
f 1220 424 532
f 2270 2063 914
f 2383 212 1760
f 2507 730 1276
f 1769 2468 1110
f 1527 777 1158
f 1575 2403 722
f 1661 1110 1118
f 1341 781 932
f 895 879 1250
f 2050 1309 1448
f 1150 2253 667
f 511 2016 477
f 2396 715 1266
f 2085 1099 1298
f 840 339 349
f 2254 750 1096
f 1487 1124 1515
f 1071 1056 2841
f 1218 835 1542
f 2818 396 1094
f 2495 2505 784
f 1346 621 795
f 1274 563 727
f 1293 366 1621
f 2187 367 1622
f 1307 476 715
f 1288 436 451
f 1641 2456 1479
f 1135 506 567
f 1193 496 629
f 1238 476 674
f 1363 470 816
f 2221 1191 1352
f 2177 558 1042
f 1268 1162 1447
f 732 2084 502
f 2496 751 1442
f 2796 1714 2542
f 604 1983 2621
f 893 2705 328
f 2776 1892 295
f 2682 203 1112
f 919 872 977
f 1334 2861 2784
f 1439 1430 2662
f 2323 347 1480
f 2003 2690 1139
f 2410 2408 728
f 2513 811 1353
f 1431 2531 1038
f 1299 402 514
f 1493 895 1142
f 2225 585 1149
f 1694 768 1581
f 998 857 1070
f 2577 1777 1300
f 1741 2083 1147
f 1290 614 778
f 1396 528 712
f 1552 475 684
f 2215 445 950
f 1395 2179 924
f 1100 47 2922
f 2382 370 800
f 1497 724 1030
f 1820 742 1493
f 1726 598 1484
f 1209 2180 735
f 2022 620 481
f 1990 1268 1597
f 1318 711 860
f 2327 382 828
f 2317 1165 1364
f 1943 1322 310
f 2941 1620 2064
f 1871 361 521
f 1417 1097 2567
f 2612 2692 949
f 1533 2709 2711
f 2516 816 1305
f 2775 1728 1644
f 1423 415 530
f 2075 537 848
f 1246 533 574
f 1039 329 1212
f 543 1621 366
f 470 1729 384
f 2723 2228 2876
f 933 346 365
f 1575 890 983
f 2655 639 1007
f 1643 2433 1062
f 1683 482 696
f 1244 264 920
f 1148 506 629
f 2115 471 929
f 657 1789 910
f 1263 1076 1638
f 1237 469 674
f 2197 2480 1272
f 2057 1005 1458
f 2276 425 968
f 2210 943 1991
f 1997 371 617
f 2845 2665 1826
f 1140 562 642
f 1617 474 1121
f 2008 2163 474
f 1782 353 480
f 1253 708 717
f 1365 717 1000
f 352 605 2772
f 1243 565 642
f 1546 1633 2637
f 2402 1455 721
f 1713 623 1070
f 1711 1712 380
f 2362 634 1063
f 2788 513 2893
f 1981 2756 1167
f 1521 472 350
f 2099 652 951
f 1843 1141 2032
f 1349 2708 2945
f 1655 671 2345
f 1777 533 1095
f 2732 2700 1597
f 2600 846 2583
f 2140 2677 2694
f 1825 2487 803
f 2053 363 602
f 1730 2364 1039
f 1687 457 678
f 2292 376 1684
f 1379 456 712
f 1383 2335 663
f 1832 575 1191
f 2058 399 679
f 3050 3028 2035
f 1911 1979 822
f 1762 538 1434
f 2687 852 1823
f 1381 265 698
f 2335 1252 1409
f 1153 374 393
f 1939 1099 1301
f 2430 393 1029
f 2334 442 1032
f 1251 2483 2411
f 1953 31 1938
f 1733 524 2128
f 1587 400 687
f 1179 1076 1263
f 1727 2867 671
f 2721 1432 2705
f 1152 1323 556
f 2803 3084 2881
f 1293 1054 1116
f 2521 28 2750
f 1320 777 2486
f 1367 840 865
f 1480 3079 1366
f 1960 405 1426
f 2094 423 1441
f 2476 1320 1445
f 343 502 1455
f 1781 1469 1534
f 1477 933 949
f 2710 1512 2213
f 1478 347 2458
f 815 348 2537
f 2429 1491 1770
f 1513 349 1366
f 1566 1520 1851
f 1519 2729 2805
f 2071 1526 1605
f 2188 1529 1622
f 1872 2134 1585
f 637 1541 2293
f 2464 426 1550
f 1549 356 1441
f 1554 357 564
f 2895 2810 3062
f 2054 1566 1603
f 2527 1755 1593
f 362 1592 2798
f 1669 363 1829
f 2802 1609 364
f 1610 2427 764
f 2638 315 1614
f 1476 2135 365
f 1621 1013 952
f 2698 366 1117
f 851 1572 360
f 1572 828 2330
f 1632 368 450
f 1631 368 449
f 1633 2618 1570
f 369 2346 1041
f 1997 2895 2727
f 1728 2775 2782
f 1267 1217 1655
f 1654 1068 454
f 1790 692 1662
f 1666 372 596
f 1718 947 1665
f 1895 2277 1669
f 1670 373 2779
f 1937 2333 1673
f 1672 1153 1252
f 2412 2149 1681
f 2963 2148 375
f 1686 376 678
f 1693 401 2572
f 1696 2117 517
f 2628 80 1695
f 1706 378 430
f 2761 2828 625
f 2156 669 263
f 1710 379 601
f 397 2337 381
f 2195 1393 1719
f 2327 1625 1722
f 1721 382 1794
f 2115 517 1732
f 2372 558 1731
f 1743 387 448
f 1742 387 758
f 386 2684 2717
f 1747 388 1494
f 1746 388 2225
f 2818 390 2699
f 1755 1094 1196
f 383 799 1756
f 2479 571 1759
f 1758 391 553
f 1765 2647 687
f 1029 393 1673
f 1772 394 559
f 2419 1873 1775
f 2445 2494 1774
f 2126 395 523
f 1776 395 625
f 2290 473 1781
f 2420 493 1785
f 1788 397 1130
f 1793 1792 552
f 982 2210 398
f 1794 2211 6
f 2058 1858 399
f 2649 1222 686
f 2478 495 1798
f 1587 1059 1801
f 3100 37 1877
f 401 1693 2905
f 1299 1035 1807
f 1607 1200 1812
f 2105 2449 1811
f 1817 404 488
f 1816 404 409
f 405 1823 852
f 1824 1945 803
f 2921 2779 1671
f 1816 409 1604
f 550 1792 1051
f 1844 2032 1116
f 1843 410 1654
f 425 3032 1856
f 2805 2823 2701
f 2885 3012 2884
f 1860 2205 1859
f 2783 2205 1860
f 2202 2280 1863
f 2097 495 1866
f 1865 416 560
f 1870 417 603
f 1869 417 771
f 1873 418 521
f 549 1790 1711
f 1765 1638 2647
f 2846 2790 2923
f 1362 884 1885
f 2322 423 978
f 2366 509 1889
f 1897 2276 2934
f 1856 1801 1896
f 1134 2598 426
f 1024 868 1900
f 2060 2191 1556
f 593 2278 2589
f 2371 1151 2279
f 1906 2787 542
f 1908 429 749
f 1907 429 449
f 1113 1947 1773
f 2462 1946 1909
f 1933 430 1419
f 1912 1302 1498
f 3058 355 2803
f 1924 435 672
f 3104 441 1934
f 1928 437 1903
f 2181 438 562
f 1931 1164 1204
f 1932 440 601
f 1939 2334 1672
f 1164 443 1554
f 2311 649 1941
f 1940 444 1272
f 1943 445 1725
f 1942 445 655
f 2487 528 1944
f 1949 447 713
f 1948 1377 1612
f 1950 448 1155
f 2355 686 1952
f 2396 761 1951
f 1907 449 1783
f 1954 1471 626
f 1178 450 1619
f 1955 1813 710
f 1288 451 1949
f 1377 451 1926
f 1680 2730 2483
f 340 2687 1823
f 1068 1654 2345
f 1486 1108 1968
f 1379 935 1967
f 1687 1426 1971
f 1970 457 475
f 545 2497 458
f 2407 785 1972
f 1975 460 618
f 2418 461 1772
f 1516 1078 1977
f 1980 462 1616
f 1979 462 1392
f 870 2513 463
f 2532 1329 1984
f 1276 793 465
f 1988 1402 774
f 1990 466 1795
f 1994 468 619
f 492 2270 2413
f 1996 469 617
f 2147 497 2074
f 2002 471 1731
f 2367 756 472
f 2010 2008 474
f 2010 1617 776
f 2011 475 1154
f 1087 865 2016
f 2015 477 1038
f 2018 478 771
f 2020 2399 719
f 90 479 1064
f 1780 480 1533
f 1782 480 345
f 622 2022 481
f 2272 546 2021
f 2023 482 677
f 1683 286 833
f 1978 2025 2851
f 2027 114 1536
f 2026 1697 1221
f 2175 344 1467
f 2038 486 1141
f 2042 1380 618
f 2041 487 1927
f 2043 488 1502
f 2177 689 2050
f 2052 489 627
f 2051 489 862
f 602 2099 1603
f 2057 490 2671
f 2056 490 1305
f 2059 491 804
f 1888 1778 749
f 2414 609 492
f 1784 493 2420
f 2263 2194 2066
f 2067 2478 775
f 2070 496 630
f 2074 497 530
f 2073 497 848
f 2077 498 753
f 1180 1026 2076
f 761 2516 499
f 2539 1458 2078
f 2080 500 557
f 2083 501 989
f 2082 501 2645
f 2417 502 1295
f 2085 503 1804
f 2087 504 1239
f 2086 1312 693
f 2088 505 603
f 284 505 726
f 1148 820 2089
f 2092 507 626
f 2091 507 1931
f 2709 1533 353
f 2096 508 1440
f 2095 2068 1865
f 2101 2366 695
f 2100 509 951
f 2015 2254 511
f 2254 607 2104
f 2106 512 1187
f 1851 513 359
f 2108 514 1329
f 2107 514 402
f 2400 515 1406
f 1414 1120 2113
f 929 517 2115
f 1412 1098 2120
f 1500 1391 519
f 1201 827 2121
f 2123 1646 1761
f 1873 521 1586
f 1871 521 1585
f 1398 1109 2124
f 1868 2125 1598
f 2126 523 699
f 2753 1733 1887
f 2722 8 2133
f 1396 1067 2139
f 2138 528 1092
f 3047 139 1837
f 2348 1181 877
f 1423 530 1195
f 183 531 2124
f 2141 532 1889
f 2143 533 1147
f 2145 534 651
f 2144 534 559
f 2308 1240 647
f 2574 1891 2146
f 2696 536 2670
f 2002 2362 2075
f 1434 538 1251
f 2149 538 882
f 1435 1187 2150
f 1510 1214 540
f 2153 1766 1055
f 1231 541 1710
f 858 2341 541
f 1894 1905 2960
f 1906 542 1430
f 2160 544 648
f 2563 458 1177
f 1973 545 115
f 2972 2161 2724
f 2453 1136 3004
f 2163 546 2272
f 2021 546 2201
f 2164 547 1461
f 2352 547 681
f 2166 548 892
f 2165 1089 552
f 1711 380 549
f 549 2749 2804
f 2466 785 2167
f 491 553 2599
f 2169 554 2120
f 2218 554 582
f 1052 555 1544
f 1133 786 2171
f 887 1168 1023
f 1914 367 2748
f 2767 831 2792
f 2176 557 1189
f 2144 559 1340
f 2180 561 1756
f 1209 830 2179
f 2182 562 1244
f 2185 357 1574
f 2189 565 707
f 1135 567 2548
f 2756 1569 2743
f 2194 568 2195
f 2193 568 991
f 1720 2449 569
f 1437 1215 2196
f 1272 444 571
f 1373 994 2199
f 1211 636 573
f 2289 756 2200
f 2203 575 1212
f 2204 575 1712
f 2668 576 1173
f 1298 1383 577
f 3110 2207 1513
f 2211 1794 1991
f 2570 2218 1261
f 2220 2049 634
f 244 583 758
f 2222 1757 947
f 1581 585 302
f 2229 2003 1509
f 2714 588 235
f 842 2625 1400
f 2230 1750 1102
f 2231 590 1833
f 2492 1248 781
f 2233 591 1249
f 2232 591 1579
f 2728 2234 1682
f 224 592 1475
f 2386 593 2589
f 2237 594 1001
f 2236 594 1048
f 2239 595 746
f 2238 595 619
f 1361 1037 2596
f 174 597 1036
f 306 598 857
f 2693 1901 2248
f 2250 1345 689
f 2249 600 981
f 743 1700 604
f 1368 606 1247
f 2251 606 1112
f 2253 607 1096
f 1257 1057 608
f 2255 1723 1375
f 1417 1121 2256
f 1988 441 610
f 1370 2594 2257
f 782 805 611
f 2258 2597 1073
f 1474 1279 2260
f 2261 613 898
f 2488 2192 2065
f 1290 938 2262
f 955 1599 616
f 2268 1452 955
f 1975 618 1380
f 2042 618 1436
f 1994 619 1203
f 2271 620 914
f 2062 620 2022
f 1346 994 2274
f 2022 622 2121
f 1165 1895 623
f 2275 623 968
f 2279 1717 1289
f 2280 377 1696
f 624 2202 1088
f 1399 625 395
f 1354 2716 2672
f 1954 626 1560
f 1321 2353 1798
f 1148 629 2070
f 1605 1880 630
f 2207 3110 1512
f 1058 2617 2590
f 1144 877 2285
f 2287 633 1706
f 2286 1763 1796
f 1063 634 1352
f 2922 635 2941
f 2291 2007 1780
f 1020 636 2201
f 2293 1684 1686
f 1545 1635 2295
f 2296 639 1102
f 2297 2655 2219
f 1257 640 1811
f 2340 1294 1194
f 2299 641 2103
f 1140 642 2189
f 1292 1081 2300
f 1315 1037 2302
f 1819 265 1803
f 646 2306 2338
f 2338 701 2307
f 2309 647 1240
f 2310 544 1008
f 1239 504 649
f 2312 650 942
f 2313 1343 812
f 2314 651 1460
f 2315 1674 892
f 2317 652 2055
f 2316 1364 696
f 726 720 1470
f 211 653 806
f 2318 2152 1066
f 1338 1079 2320
f 2321 656 942
f 1456 658 343
f 706 1480 347
f 1032 662 1937
f 2336 664 1463
f 1355 665 2224
f 1453 666 2691
f 1046 667 2253
f 1103 669 1294
f 1194 1294 669
f 2725 1891 2707
f 2344 1559 1035
f 2343 670 1405
f 2867 1068 671
f 2347 672 1286
f 1651 1580 672
f 1362 673 2284
f 1144 673 219
f 877 1181 1317
f 1415 1317 1181
f 1238 674 1996
f 2349 675 2102
f 2607 675 1695
f 2350 1331 915
f 2351 676 1074
f 1686 678 1970
f 2671 1797 2057
f 2058 2056 1826
f 1198 680 2301
f 2379 681 1517
f 1701 1698 550
f 1486 682 2112
f 1356 683 2122
f 1201 683 2300
f 1344 684 2011
f 1545 685 2125
f 1587 687 2647
f 1611 688 699
f 1105 689 1345
f 2356 690 740
f 2357 690 792
f 2359 691 806
f 2358 691 853
f 2360 2288 1063
f 2361 692 910
f 2364 693 1312
f 2363 693 1309
f 1435 694 82
f 2365 2098 1890
f 1683 696 317
f 1597 2700 466
f 1381 698 1409
f 2370 699 1627
f 1387 700 2119
f 2307 701 1904
f 2434 702 744
f 2373 2178 1732
f 2374 1716 714
f 703 1901 1010
f 1347 1115 2376
f 2377 2109 1547
f 2378 1401 956
f 1480 706 3079
f 1622 367 707
f 2380 708 800
f 1253 1030 2381
f 2383 1454 1205
f 2384 1760 789
f 248 710 1668
f 2387 710 1813
f 2392 711 977
f 1379 712 2138
f 1396 712 1968
f 2393 713 1224
f 2394 713 1540
f 1307 715 1952
f 1266 715 2014
f 717 708 2380
f 2397 1365 890
f 2398 1558 849
f 2399 2020 1306
f 1455 2402 343
f 722 1531 1034
f 2403 2069 1255
f 2404 1898 1613
f 1339 1081 2405
f 2406 724 1034
f 1634 724 866
f 1274 727 2199
f 2409 1537 1048
f 1804 503 729
f 2414 2507 2465
f 2413 730 492
f 2415 731 813
f 2416 1528 969
f 2467 733 765
f 1371 734 2321
f 1338 734 2648
f 277 735 1774
f 1872 735 2180
f 5 1608 1572
f 2432 1450 953
f 2431 740 2514
f 1347 741 2184
f 1348 741 2377
f 742 1643 1179
f 2433 1820 1101
f 293 2791 2025
f 2435 744 1449
f 2434 744 1424
f 2437 745 1136
f 2436 745 1280
f 2438 746 1465
f 2441 747 849
f 2440 747 2190
f 2442 1657 946
f 1888 749 2017
f 2444 750 990
f 2446 751 1775
f 1442 2567 2465
f 2447 1667 1249
f 2452 498 1281
f 2356 753 1127
f 838 2604 1304
f 2455 754 880
f 2456 755 1494
f 2457 755 864
f 2459 2289 636
f 2365 2367 2098
f 1482 757 2176
f 1742 758 1568
f 2463 759 1910
f 1549 975 759
f 2567 751 1174
f 1361 760 2274
f 1951 761 1390
f 762 2024 1699
f 1470 235 284
f 91 765 1311
f 2467 765 1375
f 2468 766 1410
f 2469 1769 1376
f 2493 767 783
f 2471 767 1666
f 2473 1584 1548
f 2475 770 1190
f 2766 342 1491
f 2477 774 1271
f 2480 775 1799
f 2481 2197 1758
f 2482 776 1753
f 973 1158 777
f 2486 1527 966
f 446 778 1092
f 2489 2111 1802
f 2490 779 1389
f 1553 780 2438
f 2492 1341 971
f 2491 781 55
f 229 783 1629
f 2493 783 804
f 1334 2375 1744
f 218 2375 1861
f 2499 2407 725
f 1093 2785 2369
f 1803 787 1788
f 2876 2247 2890
f 2066 2339 788
f 2501 1648 1027
f 2502 789 1760
f 2503 790 1591
f 2504 1303 986
f 2505 2470 1834
f 2506 791 465
f 465 793 2506
f 2509 1359 837
f 2508 2586 1145
f 2758 1951 2511
f 2512 798 853
f 2380 800 1529
f 1101 801 306
f 2515 801 1542
f 1131 913 1451
f 2517 822 1224
f 1825 803 344
f 1824 803 1944
f 2059 804 1664
f 2493 804 1709
f 805 782 241
f 808 2524 2661
f 1592 362 364
f 2530 1431 1004
f 2531 811 1985
f 2534 812 1172
f 2533 812 1343
f 1806 813 1594
f 2415 813 2282
f 348 815 2430
f 2538 1490 815
f 2540 817 842
f 1548 818 230
f 2043 1499 818
f 1237 319 820
f 1616 210 2822
f 1509 1111 821
f 2518 1911 822
f 823 223 1606
f 2592 899 1235
f 2384 205 824
f 894 1454 824
f 2269 196 825
f 1743 1710 826
f 1933 1530 826
f 1201 84 827
f 2327 1572 851
f 828 661 2330
f 855 2578 829
f 1258 280 830
f 1209 277 830
f 2163 2009 474
f 2162 2008 2010
f 1887 1323 831
f 2753 33 2129
f 1363 2014 1238
f 2570 832 824
f 1261 179 2570
f 2237 1242 833
f 834 2639 216
f 1218 2614 835
f 1065 251 2640
f 836 2606 2605
f 836 1626 1583
f 2597 2509 837
f 1401 980 2547
f 2454 1236 294
f 1304 2627 838
f 2633 923 839
f 2593 839 1172
f 1514 311 840
f 1367 339 840
f 841 1357 189
f 1400 2540 842
f 1386 200 842
f 1291 1734 843
f 2387 2093 843
f 587 2296 1750
f 1617 1588 776
f 2482 2010 776
f 1950 1273 845
f 845 1786 72
f 2600 1300 314
f 919 239 2560
f 1137 55 847
f 2231 2352 847
f 2288 312 537
f 2147 2075 848
f 849 195 2398
f 1558 2441 849
f 59 1159 976
f 1206 93 850
f 2544 1259 1314
f 863 1625 851
f 1572 2327 828
f 1960 1823 405
f 1192 1481 2235
f 1652 2512 853
f 1504 2358 853
f 1140 318 854
f 1193 290 854
f 1300 2600 2577
f 2556 1101 306
f 1726 1070 857
f 2435 2157 858
f 1628 1618 858
f 2166 98 859
f 2107 268 859
f 2320 1318 2641
f 860 254 1330
f 2618 1634 866
f 1206 1457 861
f 861 2259 2588
f 1883 1459 862
f 216 2051 862
f 2392 1625 863
f 2457 1150 667
f 1641 2252 864
f 840 311 865
f 1087 296 865
f 2096 101 867
f 2097 2068 867
f 1024 290 868
f 1900 868 1135
f 2555 869 921
f 2443 1985 870
f 1808 1324 870
f 2203 1860 1859
f 1510 1678 871
f 871 81 1031
f 2027 1642 1697
f 2581 982 872
f 1722 309 872
f 1144 219 877
f 1317 2285 877
f 2503 1485 878
f 878 73 1303
f 2293 327 879
f 895 307 879
f 2307 2472 1694
f 1579 2861 1334
f 1342 970 880
f 1589 233 881
f 2446 2149 882
f 1762 1174 882
f 1609 2802 883
f 2624 294 1609
f 1362 214 884
f 1980 1708 1818
f 2576 885 2634
f 2543 1060 886
f 2579 886 1060
f 2615 2547 57
f 2172 887 1023
f 884 214 2608
f 1188 319 888
f 1307 108 888
f 2145 99 889
f 1575 278 890
f 890 316 983
f 194 992 2297
f 1674 2166 892
f 1705 2315 892
f 1323 337 893
f 1223 556 893
f 945 178 894
f 2545 1028 894
f 1493 307 895
f 1372 186 896
f 2437 1337 896
f 1440 341 897
f 1550 2591 897
f 1357 841 898
f 2489 1235 899
f 823 1606 2592
f 900 85 1176
f 2260 193 905
f 116 1972 2498
f 2351 1177 906
f 61 1278 2279
f 1256 2601 908
f 1145 75 908
f 1200 95 909
f 1789 2361 910
f 911 80 1532
f 2082 1574 911
f 1451 913 2697
f 2063 308 914
f 914 2602 2270
f 1331 116 915
f 2313 71 916
f 1989 60 1402
f 2236 1463 917
f 2350 1446 917
f 1114 51 918
f 997 2622 918
f 1162 321 2623
f 983 2643 920
f 1929 264 1244
f 1692 2555 921
f 1861 295 1892
f 1626 836 922
f 774 71 923
f 1415 1245 2206
f 2179 280 924
f 2074 2116 929
f 191 1317 930
f 2533 880 931
f 941 1492 931
f 932 281 1341
f 2491 954 932
f 1614 315 933
f 1477 346 933
f 1220 272 934
f 1044 298 934
f 2171 221 1544
f 1379 2065 935
f 1976 2322 936
f 937 177 1723
f 937 77 1646
f 1223 1290 326
f 1033 53 939
f 1225 58 939
f 940 2989 258
f 1061 2552 940
f 1198 2198 1265
f 1256 63 941
f 1756 561 891
f 1330 2312 942
f 1374 2321 942
f 943 2210 466
f 2736 2209 943
f 1274 289 944
f 1285 273 944
f 1716 195 714
f 1737 2374 714
f 1659 178 945
f 934 2442 946
f 1657 243 946
f 1349 1167 1535
f 1718 234 947
f 1425 217 948
f 933 315 949
f 2692 2612 1234
f 509 2099 951
f 951 267 2100
f 987 324 952
f 953 259 1240
f 2579 2582 954
f 954 2491 956
f 1840 2268 955
f 1452 2266 955
f 956 2491 2378
f 2615 886 956
f 1872 418 957
f 2233 203 958
f 1557 1839 2675
f 1742 118 963
f 1759 110 963
f 1909 322 964
f 964 2585 1773
f 1527 1862 966
f 966 271 2486
f 2160 173 967
f 2081 241 967
f 1896 2275 968
f 1895 2276 968
f 1708 292 969
f 1528 237 969
f 970 1342 270
f 2580 1196 1090
f 924 280 971
f 2616 971 1341
f 1381 2538 1055
f 1677 1055 2538
f 2078 282 972
f 1630 2485 973
f 973 1047 1158
f 974 1778 1888
f 2462 1947 975
f 1485 59 976
f 872 309 977
f 1318 919 977
f 2536 814 2673
f 2095 120 978
f 2094 1886 978
f 2798 2740 362
f 2379 1073 980
f 2547 837 1359
f 981 2610 260
f 1786 845 981
f 398 1722 982
f 982 2581 1795
f 1113 86 920
f 316 890 1365
f 2271 2163 2272
f 2667 1746 2661
f 984 388 1746
f 612 97 985
f 1538 107 985
f 1303 73 986
f 1182 2504 986
f 1095 324 987
f 1447 314 987
f 988 2406 2343
f 988 1336 2406
f 989 80 2628
f 989 283 2083
f 1151 2444 1717
f 990 64 1717
f 2262 2193 991
f 2263 2192 991
f 992 194 2571
f 1373 83 994
f 1346 289 994
f 2415 215 995
f 1378 1703 995
f 2624 883 996
f 1043 258 2989
f 857 2556 306
f 1243 1365 1000
f 1316 174 1001
f 1446 2273 1001
f 2312 254 1002
f 2455 1343 1002
f 1350 215 1003
f 1003 2587 1350
f 2344 2530 1004
f 2057 329 1005
f 1005 2364 282
f 1360 269 1006
f 1793 268 1006
f 2296 2319 1007
f 2239 92 1008
f 2159 112 1008
f 1741 1171 1009
f 2645 501 1009
f 1010 1438 703
f 1901 1551 1010
f 2594 1011 1313
f 1370 222 1011
f 881 233 1012
f 1013 1268 952
f 2368 543 2722
f 2591 1014 897
f 1014 2613 1321
f 2196 2261 2603
f 2553 2285 191
f 2290 2007 1020
f 1021 1270 2588
f 1647 107 1021
f 2868 1942 2955
f 2331 2652 1022
f 2172 134 2390
f 2181 290 1024
f 1025 2545 1400
f 2712 217 1425
f 1348 209 1026
f 1026 2636 122
f 1208 2501 1027
f 1648 2119 1027
f 2545 832 179
f 1770 2430 1029
f 1253 1497 1030
f 2247 2549 1551
f 81 871 2504
f 2123 2154 1031
f 2332 1938 31
f 1937 2334 1032
f 1034 278 722
f 1299 300 1035
f 1559 249 1035
f 1242 174 1036
f 2241 2240 2596
f 1361 83 1037
f 1315 272 1037
f 2616 1322 305
f 1822 299 1038
f 2531 2015 1038
f 2366 2098 695
f 2364 1005 1039
f 1333 207 2632
f 1280 186 1040
f 1041 2346 336
f 2073 1637 1041
f 1226 1042 2372
f 1693 258 1050
f 2998 2989 918
f 946 1739 1044
f 2200 298 1044
f 1045 2474 1636
f 1884 2795 1577
f 1159 1158 1047
f 1422 2409 1048
f 1537 2236 1048
f 1043 1768 1050
f 1006 269 1051
f 1544 2267 1052
f 2626 1559 1053
f 1293 2142 1054
f 1246 325 1054
f 1055 265 1381
f 1055 1677 2153
f 401 2420 1056
f 2572 1056 1071
f 2447 1595 1752
f 2232 792 1754
f 1702 77 1057
f 1257 65 1057
f 1058 2173 2284
f 2575 1058 1418
f 949 315 2642
f 988 2695 2642
f 2251 1667 752
f 1587 335 1059
f 2576 2550 1060
f 2552 1061 68
f 2841 2564 1061
f 2582 68 2564
f 2556 998 1062
f 2288 537 1063
f 2418 90 1064
f 1957 1311 1064
f 1049 251 1065
f 1264 220 1066
f 2152 1663 1066
f 1396 175 1067
f 1971 303 1067
f 2345 671 1068
f 2405 259 1069
f 2431 1898 1069
f 1070 1726 1713
f 2557 998 1070
f 940 258 1071
f 610 89 1072
f 1371 60 1072
f 1073 2379 78
f 2597 837 1073
f 979 1993 1074
f 1463 664 1074
f 1358 231 1075
f 1225 62 1075
f 1584 2044 1548
f 1076 1643 335
f 1124 281 1077
f 2582 1077 954
f 1516 177 1078
f 1675 1977 1078
f 1079 2648 2583
f 846 239 1079
f 1982 2535 1800
f 1270 105 1080
f 1590 93 1080
f 1081 2347 84
f 1292 2405 1081
f 1114 58 2629
f 1416 253 1082
f 184 2670 1888
f 296 2104 2252
f 2291 2459 2007
f 2202 2281 1088
f 1088 283 624
f 1089 2165 548
f 859 268 1089
f 1358 56 1277
f 2508 53 1091
f 2573 794 1091
f 2488 2138 1092
f 1986 1233 1093
f 1755 2818 1094
f 1094 1748 1090
f 2142 324 1095
f 1300 1777 1095
f 1096 274 2253
f 2414 2465 1097
f 1412 240 1098
f 1098 2441 188
f 2085 334 1099
f 1939 332 1099
f 1100 2922 2941
f 1784 736 1100
f 1820 1814 1101
f 1582 217 1102
f 1750 2296 1102
f 1103 2092 263
f 2299 1260 1103
f 1948 255 1104
f 2474 1540 1104
f 2249 1382 1105
f 1994 112 1106
f 2257 115 1106
f 2451 569 1107
f 1344 175 1108
f 1486 238 1108
f 2043 1109 1499
f 1398 180 1109
f 2468 287 1110
f 74 1661 2631
f 1111 1509 297
f 1111 2298 2631
f 1867 2646 1112
f 1472 203 2682
f 1773 86 1113
f 920 264 1113
f 2105 2448 2106
f 1387 2376 1115
f 1347 273 1115
f 2032 338 1116
f 1054 1844 1116
f 2698 1117 2039
f 1117 338 1141
f 2018 102 1118
f 1110 287 1118
f 908 75 1119
f 2593 63 1119
f 2650 2223 1332
f 2650 856 257
f 1414 79 1120
f 2481 2067 775
f 1417 331 1121
f 2009 2256 1121
f 1075 62 1122
f 2569 56 1122
f 559 534 1123
f 889 90 1123
f 2564 2841 285
f 1487 281 1124
f 844 2930 2723
f 1394 275 1125
f 976 266 1125
f 939 58 1126
f 2622 1114 918
f 1012 2651 2060
f 869 1386 921
f 1595 197 1127
f 2417 1975 1128
f 2041 1528 1128
f 1355 89 1129
f 1928 2186 1129
f 3104 437 1935
f 1199 250 1130
f 397 381 1130
f 1646 2304 1761
f 2436 1428 1131
f 2019 76 1132
f 1924 87 1132
f 1133 555 2342
f 2463 1929 1134
f 2464 1899 1134
f 2090 506 1135
f 1136 2453 2437
f 1660 1157 1136
f 2378 55 1137
f 2352 681 1137
f 1636 2474 769
f 1846 199 769
f 1138 276 2111
f 2490 192 1138
f 1139 297 2003
f 2181 562 1140
f 1843 2038 1141
f 895 304 1142
f 1218 301 1142
f 2562 1418 189
f 939 53 2566
f 2601 1143 908
f 1679 75 1145
f 1143 2508 1145
f 1539 91 1146
f 2000 1821 1146
f 1777 313 1147
f 2083 2143 1147
f 1149 2889 3030
f 2252 607 1150
f 1150 2457 864
f 2349 2117 2114
f 2371 1046 1151
f 1323 1152 831
f 2175 2037 344
f 1672 374 1153
f 1490 333 1153
f 475 457 1154
f 1067 175 1154
f 2191 2060 2651
f 963 110 1155
f 448 387 1155
f 2619 1156 1974
f 1125 2385 1485
f 1591 52 1158
f 2509 70 2685
f 1160 2544 1679
f 931 880 1161
f 2580 2569 1161
f 2515 2408 2410
f 2242 2410 728
f 2623 2600 314
f 1162 1990 321
f 1082 253 1163
f 2554 2584 51
f 1931 439 1164
f 2317 2277 1165
f 1713 1364 1165
f 1356 2303 1464
f 769 199 1636
f 2621 2806 2824
f 2173 2575 1168
f 964 322 1169
f 1807 249 1169
f 2607 1555 1170
f 1473 94 1170
f 1171 1741 313
f 856 2650 1171
f 923 2534 839
f 1172 63 2593
f 909 1810 1539
f 576 570 1173
f 1015 2668 1173
f 2567 1097 2465
f 1174 1762 331
f 2562 2559 1175
f 881 109 1176
f 85 900 797
f 1177 2351 1993
f 545 458 2563
f 1643 1076 1179
f 2308 122 2636
f 1181 2348 529
f 825 196 529
f 2656 1182 1771
f 1977 81 1182
f 2837 2945 2708
f 1642 100 1187
f 1435 2106 1187
f 2089 319 1188
f 1992 467 1188
f 557 500 1189
f 967 173 1189
f 905 193 2561
f 1420 224 1190
f 1191 320 1832
f 2385 275 1192
f 1192 593 709
f 2090 290 1193
f 2071 496 1193
f 2157 2340 1194
f 2156 2341 1194
f 1041 336 1195
f 530 497 1195
f 970 270 1196
f 1094 1090 1196
f 2193 938 1197
f 503 291 1197
f 2308 647 1198
f 1719 291 1199
f 1383 250 1199
f 1607 95 1200
f 1573 261 1200
f 2283 228 1653
f 1202 2592 181
f 619 595 1203
f 1008 112 1203
f 1164 103 1204
f 1235 212 1205
f 1454 178 1205
f 1160 70 1206
f 1284 93 1206
f 2119 518 1027
f 2218 205 1208
f 601 826 1710
f 2640 835 2614
f 1211 2021 2201
f 1739 1433 1211
f 1005 329 1039
f 1832 1039 1212
f 2602 435 1213
f 1132 76 1924
f 2305 1766 1214
f 1214 2154 1761
f 894 824 832
f 1437 180 1215
f 2814 2840 2706
f 1423 336 1217
f 1267 325 1217
f 1269 67 1218
f 2195 2337 1219
f 2451 69 1219
f 2241 272 1220
f 1890 424 1220
f 1697 261 1221
f 1444 121 1221
f 2400 1946 721
f 1290 1223 938
f 893 328 1223
f 2342 2146 1891
f 822 2393 1224
f 288 2517 1224
f 1262 58 1225
f 2601 62 2566
f 2372 2178 1226
f 2434 1042 1226
f 1481 275 1227
f 1228 2578 855
f 2283 773 1228
f 1501 92 1229
f 1427 238 1229
f 1163 253 1230
f 1736 1628 1231
f 1232 69 2451
f 2500 2339 1232
f 2512 221 1233
f 2016 311 1234
f 1282 181 1235
f 294 863 1571
f 2627 711 1236
f 1995 469 1237
f 2013 319 1237
f 2014 476 1238
f 2511 2087 1239
f 1240 2636 535
f 259 953 1450
f 1870 2229 1241
f 1242 2237 174
f 677 482 1242
f 2182 316 1243
f 2188 565 1243
f 562 438 1244
f 2643 2182 1244
f 1245 1415 196
f 627 2051 1245
f 2142 533 1246
f 1864 325 1246
f 1751 823 1247
f 1248 2492 590
f 847 55 1248
f 1754 197 1249
f 1667 2233 1249
f 879 327 1250
f 1552 304 1250
f 2412 2148 1251
f 2335 332 1252
f 1153 333 1252
f 2397 1497 1253
f 2739 2536 2673
f 2585 1255 2069
f 1255 2626 2403
f 1119 63 1256
f 2492 280 1258
f 1834 408 1258
f 797 88 2006
f 850 2006 1259
f 1930 439 1260
f 2092 1103 1260
f 648 544 2310
f 2540 179 1261
f 1082 58 1262
f 1075 231 1262
f 1663 204 1066
f 1264 2286 220
f 2198 572 1265
f 2183 122 1265
f 2758 2754 2354
f 1844 325 1267
f 829 2578 245
f 1990 1162 1268
f 1553 67 1269
f 1142 304 1269
f 1270 1902 105
f 1271 2633 88
f 2480 1940 1272
f 2479 2197 1272
f 1273 110 2611
f 1941 260 2610
f 2184 563 1274
f 805 241 1275
f 1275 227 819
f 2483 1251 2148
f 1576 231 1277
f 2407 2497 725
f 566 2499 725
f 2475 193 1279
f 1474 1504 1279
f 896 186 1280
f 1280 190 2436
f 2076 209 1281
f 1138 192 1281
f 1205 178 1282
f 2587 181 1282
f 979 1210 1283
f 619 468 1283
f 861 2588 1284
f 1080 93 1284
f 2168 273 1285
f 2265 615 1285
f 827 84 1286
f 672 435 1286
f 2373 2349 1287
f 1483 54 1287
f 1927 436 1288
f 2273 96 795
f 1717 64 1289
f 2144 61 1289
f 409 404 1291
f 1612 232 1291
f 2309 2405 1292
f 1621 324 1293
f 1294 2340 641
f 936 2417 1295
f 2502 2109 1296
f 2376 1648 1296
f 2563 468 1297
f 1106 115 1297
f 1099 332 1298
f 577 2085 1298
f 2108 300 1299
f 919 1318 239
f 987 314 1300
f 442 1953 1938
f 1099 2820 1301
f 1912 430 1302
f 1932 117 1302
f 1303 2504 790
f 73 878 2386
f 1002 254 1304
f 1304 2604 754
f 956 2579 954
f 2539 2516 1305
f 1998 2056 1305
f 889 99 1306
f 1306 2020 479
f 2013 476 1307
f 1866 119 1308
f 2059 247 1308
f 1730 320 1309
f 2050 2363 1309
f 2169 188 1310
f 718 2635 1310
f 1311 1957 91
f 765 733 1311
f 1312 2086 504
f 972 282 1312
f 2190 566 1313
f 1973 2594 1313
f 2633 1314 1259
f 2442 272 1315
f 2273 621 1316
f 2505 2494 784
f 1987 2495 784
f 977 711 1318
f 1318 2320 239
f 2165 1626 1319
f 2399 1705 1319
f 2486 271 1320
f 510 2826 1228
f 1487 310 1322
f 1943 305 1322
f 893 556 1323
f 1323 1887 337
f 1324 1808 64
f 990 750 1324
f 859 98 1329
f 2603 2261 898
f 992 217 1582
f 942 656 1330
f 254 860 2627
f 906 116 1331
f 1331 2350 676
f 2185 66 1332
f 2223 584 1332
f 1333 2565 207
f 2632 995 208
f 2784 2375 1334
f 2222 234 1335
f 1335 2599 118
f 2164 612 78
f 866 2406 1336
f 2830 202 2662
f 1337 2437 213
f 1906 206 1337
f 2347 1081 1339
f 907 61 1340
f 559 394 1340
f 281 932 1077
f 1341 2492 781
f 880 754 1342
f 996 270 1342
f 1343 2313 650
f 1343 2455 2533
f 2226 586 1344
f 1345 2250 600
f 2265 289 1346
f 2543 2573 885
f 2183 563 1348
f 995 215 1350
f 2020 106 1351
f 1146 1957 1351
f 2565 1333 945
f 634 2221 1352
f 1191 2204 1352
f 967 241 2644
f 2532 2513 1353
f 2530 300 1353
f 2733 2690 2714
f 2186 564 1355
f 2583 2648 257
f 2301 643 1356
f 898 613 1357
f 905 189 1357
f 1122 56 1358
f 1277 231 1358
f 1044 934 946
f 2573 2543 57
f 1359 2509 794
f 2110 515 1360
f 2401 269 1360
f 2079 2014 1363
f 1999 470 1363
f 1364 2316 2317
f 1364 1713 317
f 1365 2397 717
f 1365 1243 316
f 305 924 971
f 349 339 1366
f 2325 706 659
f 2323 339 1367
f 829 1867 1368
f 1368 228 855
f 449 429 1369
f 1563 225 1369
f 2520 222 1370
f 2224 584 1371
f 1337 206 1372
f 1703 186 1372
f 2302 83 1373
f 916 60 1374
f 942 650 1374
f 1810 95 1375
f 1723 2467 1375
f 1376 74 2298
f 1948 447 1377
f 1040 186 1378
f 1128 1975 1380
f 1380 2042 487
f 1382 2249 260
f 649 504 1382
f 663 250 1383
f 1040 207 1384
f 2595 1428 190
f 553 391 2599
f 963 118 1385
f 842 817 1386
f 1386 869 200
f 2168 551 1115
f 1077 932 954
f 2619 560 1388
f 560 1956 1388
f 1606 223 1389
f 1752 2490 1389
f 972 2087 1390
f 761 499 1390
f 1500 243 1391
f 748 2122 1391
f 2065 494 935
f 1818 237 1392
f 1197 291 1393
f 1227 275 1394
f 924 305 1395
f 1984 98 1397
f 2314 1808 1397
f 2294 180 1398
f 997 918 2989
f 2828 2761 2764
f 1400 2545 179
f 2625 842 200
f 1401 2378 705
f 1402 1988 1989
f 916 71 1402
f 2268 182 1052
f 792 690 1404
f 1127 197 1404
f 1004 299 1405
f 988 2343 1405
f 2550 2576 256
f 1169 322 1406
f 515 402 1406
f 1707 1757 1407
f 698 663 1409
f 1252 333 1409
f 1833 2470 1410
f 2506 2468 1410
f 1308 119 1411
f 553 491 1411
f 2167 240 1412
f 2441 1098 1413
f 1967 79 1414
f 1415 2206 930
f 1262 231 1416
f 1699 253 1416
f 841 189 1418
f 1058 2590 1418
f 430 378 1419
f 1407 244 1419
f 2000 2663 242
f 1190 770 1420
f 782 611 1421
f 1106 112 1421
f 974 2670 536
f 1048 2237 1422
f 1422 833 286
f 646 1496 2306
f 1747 2457 2306
f 1864 415 1423
f 1618 72 1424
f 2250 2434 1424
f 217 2712 2230
f 1384 207 2546
f 2813 340 1685
f 1824 303 1426
f 1687 1960 1426
f 1979 2393 822
f 2439 746 1427
f 2226 238 1427
f 1428 2436 190
f 2571 1216 1428
f 2440 2395 1429
f 195 1601 1429
f 1439 206 1430
f 542 2872 1430
f 1038 299 1431
f 1431 2530 811
f 1062 335 1643
f 2820 1099 334
f 2705 1804 328
f 1433 1739 243
f 622 481 1500
f 1588 1762 1434
f 983 920 86
f 1156 248 1436
f 618 460 1436
f 1073 837 980
f 2569 931 1161
f 2155 180 1437
f 2398 1716 1438
f 731 206 1439
f 1886 341 1440
f 101 2096 1014
f 1976 262 1441
f 356 2094 1441
f 2127 1954 1560
f 2091 1627 1560
f 2445 2496 784
f 1573 111 1444
f 1462 121 1444
f 772 342 2750
f 1320 271 1445
f 2537 2476 1445
f 1446 2350 96
f 1001 594 1446
f 1162 314 1447
f 2049 1448 2221
f 1309 320 1448
f 1287 54 1449
f 744 702 1449
f 819 2520 805
f 227 1275 1525
f 1069 259 1450
f 1450 2432 740
f 2359 2266 1452
f 2267 1652 1452
f 1453 2691 246
f 1454 894 178
f 1454 2383 2384
f 2084 2401 1455
f 975 262 1456
f 343 2402 1456
f 1457 2258 2259
f 1005 282 1458
f 2473 230 1459
f 1459 1883 1846
f 1289 64 1460
f 651 534 1460
f 2560 239 846
f 1650 97 1461
f 2298 1111 1461
f 1074 676 1463
f 1463 2236 2336
f 2614 67 1465
f 746 595 1465
f 2564 285 1124
f 1061 940 1071
f 556 326 1466
f 1825 2037 1466
f 1945 2827 1467
f 1782 345 1468
f 1781 2482 1469
f 1913 345 1469
f 235 1892 1842
f 1178 263 1471
f 1471 1954 450
f 958 203 1472
f 1555 357 1473
f 1930 94 1473
f 1091 53 1033
f 1172 839 2534
f 2559 2562 189
f 1704 1475 2234
f 365 2710 1476
f 2710 20 1476
f 2207 346 1477
f 706 347 1478
f 1478 737 2424
f 1367 296 1479
f 2456 347 1479
f 1366 339 1480
f 1481 1192 275
f 1227 768 1481
f 1482 2176 1543
f 1482 2620 2151
f 2102 2103 1483
f 2340 54 1483
f 1250 304 895
f 1683 317 1484
f 2242 286 1484
f 1485 2503 59
f 1485 2385 709
f 1161 880 970
f 1487 2616 281
f 571 444 1488
f 2611 2610 1273
f 2634 885 1033
f 1545 211 1635
f 2358 2295 1635
f 2777 1432 2721
f 2217 1953 581
f 2538 333 1490
f 2430 815 1490
f 348 1491 342
f 1491 2429 29
f 1492 941 63
f 1172 812 1492
f 2457 1747 755
f 2458 984 1495
f 1496 646 302
f 1497 2397 278
f 1034 724 1497
f 1631 225 1498
f 1302 117 1498
f 1337 213 1906
f 2155 1207 1499
f 1433 243 1500
f 2310 92 1501
f 2112 516 1501
f 1503 183 1502
f 488 404 1502
f 1816 198 1503
f 1235 2489 212
f 853 798 1504
f 1504 1474 2295
f 2850 2785 1805
f 2510 2664 2052
f 976 1738 266
f 2003 297 1509
f 2704 2476 772
f 2151 2620 1120
f 1862 1678 1510
f 1659 208 1511
f 2587 1003 1653
f 1013 1621 543
f 2710 365 346
f 578 1512 3110
f 1513 2207 349
f 3079 1513 1366
f 1514 2692 311
f 840 349 1514
f 1620 310 1515
f 1124 285 1515
f 2467 177 1516
f 681 547 1517
f 1926 436 1518
f 2042 248 1518
f 1521 2701 1520
f 1566 323 1520
f 2701 1521 1519
f 2005 472 1521
f 1521 350 1519
f 2004 2291 1522
f 1522 2711 350
f 2395 227 2630
f 2536 1737 1523
f 1503 198 1524
f 596 531 1524
f 2081 500 1525
f 2071 318 1526
f 1914 351 1526
f 1527 2486 777
f 1158 52 1527
f 1528 2041 237
f 1528 2416 732
f 2187 352 2772
f 2188 2380 1529
f 758 387 1530
f 1530 1933 244
f 1053 2343 1531
f 80 911 2607
f 989 501 1532
f 1074 664 979
f 1163 51 2629
f 1197 938 729
f 480 353 1533
f 1522 2291 1533
f 1519 350 2711
f 480 1780 1534
f 1469 345 1534
f 1039 1832 1730
f 1167 1349 1636
f 757 100 1536
f 1049 2336 1537
f 1537 2409 728
f 2672 107 1538
f 1540 2474 2394
f 713 447 1540
f 2292 2781 1685
f 1271 88 797
f 835 2515 1542
f 1542 301 1218
f 1543 2620 1482
f 221 2171 1233
f 555 1052 2170
f 2381 1634 1546
f 2875 370 2382
f 2109 276 1547
f 1281 209 1547
f 2044 818 1548
f 1899 356 1549
f 1441 262 1549
f 279 426 1900
f 897 2464 1550
f 855 829 1368
f 865 296 1367
f 2555 1692 1010
f 1551 1901 599
f 2227 304 1552
f 2012 475 1552
f 2227 586 1553
f 2186 103 1554
f 443 357 1554
f 1574 357 1555
f 1555 2607 911
f 2191 427 1556
f 1934 109 1556
f 1310 188 1558
f 1558 2398 718
f 2626 1255 249
f 1559 2344 670
f 626 2091 1560
f 560 416 1561
f 1308 247 1561
f 771 478 1562
f 1132 87 1562
f 1280 745 896
f 2287 225 1563
f 1563 226 633
f 624 283 2628
f 1880 358 630
f 1995 820 1564
f 1997 358 1565
f 323 2054 2101
f 1118 287 1567
f 793 478 1567
f 923 2633 1271
f 1271 774 923
f 1126 58 1114
f 1335 118 1568
f 758 583 1568
f 1981 489 1569
f 2932 2838 1615
f 2638 1570 2618
f 2650 1009 1171
f 851 360 1571
f 1609 294 1571
f 1608 360 1572
f 1221 261 1573
f 1574 2082 66
f 564 357 2185
f 722 278 1575
f 1416 231 1576
f 140 2694 1837
f 1806 202 2669
f 1934 441 1578
f 1579 1557 2861
f 1869 87 1580
f 1651 104 1580
f 217 992 948
f 1102 639 1582
f 1583 236 2040
f 1584 2473 769
f 1104 255 1584
f 2134 354 1585
f 521 418 1585
f 2924 354 2869
f 1681 330 1586
f 521 361 1586
f 1485 976 1125
f 1049 2408 251
f 981 845 1273
f 1588 1617 331
f 1588 2484 776
f 1925 233 1589
f 1176 85 1589
f 1815 85 1590
f 2006 93 1590
f 1678 52 790
f 1592 4 2529
f 1755 270 1593
f 813 731 1594
f 202 1439 2662
f 2575 1175 1168
f 1127 753 1595
f 1595 2447 197
f 2395 2440 222
f 819 2395 222
f 879 307 637
f 1263 637 1179
f 2930 1166 1596
f 1268 1013 1597
f 2125 522 1598
f 596 187 1598
f 1459 834 862
f 2318 220 1599
f 2266 1715 1599
f 1763 226 1600
f 2061 1840 1600
f 849 747 1601
f 602 363 2055
f 1669 2277 2055
f 1602 2780 1829
f 1602 1829 363
f 1566 359 1603
f 1603 2099 2054
f 2471 198 1604
f 2093 1629 1604
f 1565 358 1880
f 2894 2681 2882
f 1564 820 2070
f 630 496 1605
f 1526 2072 1605
f 1389 779 1606
f 223 823 1751
f 2255 95 1607
f 2427 360 764
f 2427 364 1609
f 1592 364 1610
f 2425 4 1610
f 655 1943 310
f 1903 427 1611
f 1817 255 1612
f 1377 232 1612
f 1898 176 1613
f 2088 104 1613
f 315 2638 1336
f 933 365 1614
f 1570 2135 1615
f 3040 2137 527
f 1911 210 1616
f 1121 331 1617
f 1617 2010 474
f 1424 744 1618
f 1618 1628 72
f 1498 117 1619
f 450 368 1619
f 753 498 2452
f 1620 655 310
f 1620 2941 635
f 952 324 1621
f 1293 1116 338
f 543 366 2698
f 2640 1210 1065
f 707 565 1622
f 1529 352 1622
f 351 2748 2679
f 1526 318 1624
f 707 1914 1624
f 1625 2392 309
f 2327 851 1625
f 1608 5 2426
f 1626 2165 1583
f 922 719 1626
f 699 523 1627
f 1627 2091 2370
f 1145 908 1143
f 858 541 1628
f 1628 1736 72
f 1629 2093 229
f 783 2471 1629
f 973 777 1630
f 1619 368 1631
f 1369 225 1631
f 1783 368 1632
f 2646 1867 245
f 2558 2546 207
f 1633 1634 2618
f 2637 2838 2935
f 2382 2907 2875
f 2028 2907 2382
f 2692 1514 1477
f 806 691 1635
f 1656 114 666
f 2474 1045 2394
f 1581 2551 585
f 2817 1727 2871
f 369 2793 1727
f 1637 2073 312
f 1791 369 1637
f 1076 2647 1638
f 1218 1142 1269
f 1546 2028 1639
f 800 708 1639
f 800 370 1529
f 605 2875 2866
f 1235 1205 1282
f 1095 987 1300
f 864 755 1641
f 1479 296 1641
f 987 952 1447
f 1642 2027 100
f 1187 512 1642
f 335 1062 1059
f 958 1472 2675
f 617 371 1644
f 1644 1728 1999
f 1564 358 1645
f 617 469 1645
f 863 294 1236
f 77 937 608
f 1646 2123 520
f 1394 293 1227
f 1190 224 2561
f 1892 2776 1842
f 985 107 1647
f 1270 1021 1902
f 1122 62 1256
f 1648 2501 789
f 1358 1075 1122
f 1749 176 1649
f 720 1749 1649
f 985 97 1650
f 1111 297 1650
f 853 691 1652
f 1652 2267 221
f 1225 939 2566
f 265 1055 1766
f 1256 908 1119
f 1202 181 1653
f 410 2345 1654
f 1963 1843 1654
f 1655 336 2346
f 2080 114 1656
f 1657 2442 748
f 1391 243 1657
f 1956 247 1658
f 1333 208 1659
f 1282 178 1659
f 1131 1451 1660
f 1136 745 1660
f 1336 988 2642
f 2535 912 814
f 912 2673 814
f 419 2745 2804
f 2360 2204 1662
f 1224 2394 288
f 1665 204 1663
f 1663 2152 187
f 1225 1075 1262
f 804 783 1664
f 1658 247 1664
f 2001 372 1665
f 1757 204 947
f 1524 198 1666
f 767 372 1666
f 1667 2447 752
f 1667 2251 203
f 1734 232 1668
f 1518 248 1668
f 2276 373 2934
f 2934 1830 38
f 1829 2780 2779
f 2334 374 1672
f 1673 374 1937
f 1674 2315 651
f 1397 98 1674
f 1440 897 1014
f 1078 520 1675
f 1031 81 1675
f 601 379 1932
f 1178 117 1676
f 2538 815 1677
f 1445 271 1677
f 1678 1862 52
f 1591 790 52
f 2586 1679 1145
f 75 2544 1314
f 1680 2963 3050
f 2149 330 1681
f 1681 375 2412
f 2734 2728 1682
f 1682 592 632
f 1684 2293 1541
f 1541 355 1684
f 1969 376 1685
f 1969 1960 1687
f 1255 964 1169
f 646 1694 302
f 1536 557 757
f 2657 2655 2762
f 2669 202 2830
f 1649 176 2514
f 740 690 2514
f 1692 921 718
f 1438 1010 1692
f 1050 993 1693
f 1206 850 1160
f 1694 2472 768
f 1581 302 1694
f 2114 377 1695
f 2116 2280 1696
f 624 377 2280
f 1697 512 261
f 1349 1045 1636
f 2040 1698 2674
f 2024 253 1699
f 1125 266 1394
f 1708 2542 1701
f 2304 77 1702
f 1787 787 1702
f 1703 1378 186
f 1372 731 1703
f 1168 1175 1704
f 1705 2399 99
f 892 548 1705
f 1706 1767 378
f 1912 2287 1706
f 1264 204 1707
f 1708 1980 2542
f 1701 292 1708
f 804 491 1709
f 1335 234 1709
f 2341 379 541
f 1103 263 669
f 1284 2588 1270
f 1790 549 2660
f 1859 380 1712
f 1662 2204 1712
f 2205 2783 2755
f 1713 1726 317
f 1165 623 1713
f 806 653 1715
f 1983 604 1700
f 1716 2398 195
f 1716 2374 703
f 64 990 1324
f 1717 2279 1151
f 2493 234 1718
f 1130 381 1719
f 1393 291 1719
f 1787 65 1720
f 2337 397 1720
f 2742 2716 2956
f 983 2069 1575
f 1649 218 720
f 661 1721 2329
f 828 382 1721
f 2329 1794 6
f 1625 309 1722
f 1722 398 382
f 1723 2255 608
f 177 937 520
f 1119 75 1314
f 1724 799 383
f 891 1395 1725
f 2215 891 1725
f 857 598 1726
f 1484 317 1726
f 2559 224 1475
f 2346 369 1727
f 1729 2845 384
f 1826 2056 1998
f 470 384 1998
f 1309 693 1730
f 1730 1832 320
f 2115 385 1731
f 2049 2220 558
f 2117 2373 1732
f 1732 385 2115
f 2721 1887 1733
f 2777 2128 32
f 1734 1291 232
f 1668 710 1734
f 1580 104 1735
f 603 417 1735
f 1031 2154 1510
f 1557 3009 2861
f 845 72 1736
f 1231 448 1736
f 1737 2536 1254
f 1047 386 1738
f 1983 266 1738
f 2684 386 1047
f 1739 946 243
f 1211 573 1739
f 771 417 1740
f 821 102 1241
f 1593 270 996
f 1009 501 1741
f 1147 313 1741
f 1202 228 1247
f 1231 1710 1743
f 1277 56 1090
f 1845 2229 1745
f 603 505 1745
f 984 2458 1494
f 1495 2423 737
f 2667 2524 23
f 1747 1496 388
f 1764 1576 1748
f 1277 1090 1748
f 726 505 1749
f 1613 176 1749
f 1750 2230 589
f 752 223 1751
f 1247 606 1751
f 2577 856 1171
f 192 1752 2452
f 1389 2447 1752
f 1206 861 1284
f 2484 389 1753
f 1469 2482 1753
f 2774 389 2411
f 1468 345 1913
f 2800 2774 2858
f 1405 670 1004
f 299 1004 1431
f 1754 1404 197
f 1249 591 1754
f 1755 2527 390
f 3027 2746 2740
f 1176 109 1578
f 2134 2180 1756
f 383 891 2215
f 1757 2222 583
f 1757 1707 204
f 2197 391 1758
f 1758 119 2481
f 2611 110 1759
f 1385 2479 1759
f 1447 952 1268
f 1802 2502 1760
f 1761 2304 645
f 882 538 1762
f 1762 1588 331
f 1763 2286 633
f 226 1563 1908
f 1764 396 2713
f 2584 392 1768
f 1416 1082 1262
f 1766 2153 540
f 1766 2305 265
f 2286 1264 1767
f 1707 378 1767
f 1769 2469 766
f 1110 74 1769
f 1491 348 1770
f 739 2429 1770
f 1153 393 1490
f 1673 2333 30
f 986 73 1771
f 1123 90 1772
f 1772 2656 394
f 1452 2268 2267
f 2585 86 1773
f 1773 1947 1909
f 957 2445 1774
f 2494 277 1774
f 1873 330 1775
f 2496 2419 1775
f 2651 2904 2933
f 1280 1040 1384
f 1776 523 395
f 2828 1907 201
f 2126 2659 395
f 1777 2577 313
f 1147 533 1777
f 1748 1094 396
f 1600 226 1778
f 1118 102 1661
f 2718 184 2118
f 2000 106 2663
f 2010 2482 2162
f 449 368 1783
f 1893 201 1783
f 2064 285 1785
f 1056 2420 1785
f 981 600 1786
f 1424 72 1786
f 1057 65 1787
f 1720 397 1787
f 787 397 1788
f 1130 250 1788
f 657 2660 2752
f 2878 2745 1874
f 1637 312 1789
f 910 692 1790
f 1636 199 1167
f 1089 268 1793
f 1475 592 2234
f 1475 1704 1175
f 1794 382 398
f 1795 2581 321
f 2210 982 1795
f 1722 872 982
f 1599 220 1796
f 1796 1763 616
f 836 2605 922
f 679 2056 2058
f 2665 1858 2058
f 1797 2203 329
f 679 399 2671
f 2754 2480 1799
f 2478 2649 1799
f 1800 2535 814
f 1523 227 1800
f 2632 207 1040
f 1847 3100 3003
f 1059 2557 1801
f 1856 400 1801
f 2795 1884 2964
f 2111 276 1802
f 1760 212 1802
f 550 1841 1701
f 1809 292 1841
f 2305 645 1803
f 2544 1160 850
f 1227 2025 768
f 2905 2980 401
f 2572 258 1693
f 1693 993 2905
f 1432 334 2705
f 729 328 1804
f 1142 301 1493
f 786 1093 1233
f 974 1403 2061
f 1403 182 2061
f 1547 1138 1281
f 1806 2669 510
f 1035 249 1807
f 2110 2107 402
f 1808 2314 64
f 870 463 1808
f 2416 292 1809
f 1375 765 1810
f 1810 909 95
f 640 403 1811
f 2449 65 1811
f 1200 261 1812
f 1812 403 1607
f 1813 1388 1956
f 1658 2387 1813
f 1542 801 1814
f 1814 1820 301
f 2841 1056 1785
f 1589 85 1815
f 1080 105 1815
f 1350 208 995
f 1502 404 1816
f 2044 255 1817
f 1291 404 1817
f 1392 462 1818
f 1818 969 237
f 1819 1788 250
f 698 265 1819
f 1820 2433 742
f 1493 301 1820
f 1893 1954 2127
f 523 1776 2127
f 1821 2000 242
f 1038 477 1822
f 2695 1405 299
f 1823 1960 340
f 1426 405 1824
f 1998 384 1826
f 2951 3038 3070
f 2779 373 1829
f 2055 363 1669
f 1670 407 1830
f 2788 1602 359
f 320 1191 2221
f 1212 575 1832
f 590 408 1833
f 2469 2231 1833
f 830 277 1834
f 2470 408 1834
f 2734 1682 2757
f 2677 2140 529
f 2657 2519 2219
f 1579 591 1839
f 1839 1557 1579
f 843 409 1291
f 1604 198 1816
f 955 616 1840
f 1840 2061 182
f 1792 550 236
f 1051 269 1841
f 1841 550 1051
f 1051 1792 1793
f 338 1117 366
f 1843 1963 9
f 1844 1054 325
f 1844 1267 410
f 235 588 284
f 1846 1883 199
f 38 1897 2934
f 2815 1849 2856
f 2727 2900 2738
f 1520 2701 1851
f 513 1851 2823
f 2885 2884 2951
f 1857 2671 399
f 1857 399 2763
f 1712 575 1859
f 1859 2205 380
f 2749 2205 2755
f 1860 2203 1797
f 2375 295 1861
f 1470 1861 1892
f 1862 1527 52
f 1510 540 1862
f 530 415 1863
f 1217 325 1864
f 2281 415 1864
f 2068 416 1865
f 2067 119 1866
f 1199 1130 1719
f 1112 606 1867
f 1867 829 245
f 1598 187 1868
f 1322 2616 1487
f 1252 332 1672
f 1562 87 1869
f 1745 2229 1870
f 1740 417 1870
f 1372 896 1337
f 2445 957 2419
f 1774 735 957
f 1873 2419 418
f 2084 732 2416
f 2070 630 1564
f 862 489 1883
f 1883 1981 199
f 699 688 2126
f 612 2164 97
f 1884 1577 219
f 884 2388 1885
f 2811 1362 1885
f 1886 2094 341
f 1440 508 1886
f 978 120 2322
f 1887 2721 337
f 33 2753 2767
f 1200 909 1573
f 1778 974 2061
f 532 424 1889
f 2100 2141 1889
f 934 298 1890
f 2098 424 1890
f 1632 1954 1893
f 1776 201 1893
f 968 623 1895
f 373 1669 1829
f 968 425 1896
f 1801 2557 1896
f 687 400 2981
f 2981 3003 3100
f 1159 1047 1738
f 1898 2431 176
f 1898 2404 723
f 1549 759 1899
f 1899 2464 356
f 1550 426 279
f 1929 2463 264
f 2598 1134 1929
f 1254 185 2374
f 999 1902 2956
f 1902 2742 2956
f 1589 881 1176
f 688 427 2191
f 1204 103 1903
f 437 427 1903
f 2235 2472 1904
f 2278 593 1904
f 1228 2826 2609
f 2787 213 428
f 2017 429 1907
f 1778 226 1908
f 1369 429 1908
f 1946 322 1909
f 1113 264 1910
f 1947 1113 1910
f 1911 2518 210
f 1616 462 1911
f 1158 1159 1591
f 1196 270 1755
f 2554 2720 392
f 1230 253 2024
f 1419 378 1407
f 1706 430 1912
f 1419 244 1933
f 440 430 1933
f 1753 389 1913
f 1914 707 367
f 389 2678 1913
f 1789 657 1791
f 2631 821 1111
f 1511 208 1350
f 1425 948 2546
f 1264 1066 204
f 1444 1221 1573
f 301 1542 1814
f 672 87 1924
f 1213 435 1924
f 1744 2375 218
f 1744 2357 792
f 1744 2232 1334
f 1241 2229 1509
f 451 436 1926
f 1668 232 1926
f 1392 237 1927
f 487 436 1927
f 1903 103 1928
f 1556 3104 1934
f 1900 2598 1024
f 1024 438 2181
f 443 439 1930
f 1260 2299 94
f 507 439 1931
f 1302 440 1932
f 1676 117 1932
f 826 601 440
f 1578 109 1934
f 610 3104 1935
f 1935 1129 89
f 1935 437 1928
f 2026 121 1936
f 1936 2691 666
f 374 1673 393
f 662 1032 2332
f 1032 442 1938
f 1672 332 1939
f 1473 1170 1555
f 1554 103 1164
f 1473 443 1930
f 2311 444 1940
f 1382 260 649
f 1515 310 1487
f 2948 2731 3077
f 1724 383 2215
f 950 445 1942
f 1725 305 1943
f 1466 326 446
f 2139 303 1944
f 803 2487 1944
f 1945 1824 405
f 1467 344 1945
f 1456 2462 975
f 1946 2400 322
f 1946 2462 2402
f 721 1455 2401
f 1947 2462 1909
f 1910 759 1947
f 1540 447 1948
f 2393 1288 1949
f 451 447 1949
f 2588 2259 1647
f 1950 1736 448
f 1155 110 1950
f 1743 448 1231
f 1155 387 1742
f 2355 2396 1951
f 1222 108 686
f 2396 2355 1952
f 1783 201 1907
f 1631 449 1369
f 581 1489 2216
f 1301 1489 1953
f 1632 450 1954
f 1471 450 1178
f 1619 117 1178
f 1631 1498 1619
f 248 1156 1955
f 1561 247 1956
f 1064 479 1957
f 1957 1146 91
f 1926 232 1377
f 1960 1969 340
f 1529 370 352
f 10 2817 1920
f 1655 2345 1267
f 1655 2346 671
f 682 456 1967
f 935 79 1967
f 1108 175 1968
f 712 456 1968
f 340 2813 2687
f 678 376 1969
f 678 457 1970
f 2012 327 1970
f 1426 303 1971
f 1154 457 1971
f 1972 116 906
f 2497 545 1973
f 2339 459 79
f 694 2500 82
f 1436 460 1974
f 2322 120 1974
f 936 460 1975
f 936 658 1976
f 1976 1441 423
f 1772 90 2418
f 733 461 2418
f 1977 2656 461
f 1977 1675 81
f 1182 986 1771
f 1204 2370 1931
f 1581 768 1978
f 585 2225 302
f 1979 1911 462
f 1392 1288 1979
f 1980 1818 462
f 1981 1569 2756
f 1167 199 1981
f 1982 1453 2535
f 1800 668 1982
f 1738 386 1983
f 1700 266 1983
f 136 884 2460
f 2608 2390 135
f 1397 463 1984
f 1329 98 1984
f 2513 870 1985
f 109 881 2060
f 1093 464 1986
f 464 632 1420
f 1442 2465 1987
f 2225 388 1496
f 1746 2667 984
f 1747 2306 1496
f 610 1989 1988
f 2477 441 1988
f 1072 60 1989
f 1511 1282 1659
f 1795 321 1990
f 1794 398 1991
f 580 943 2209
f 2591 2548 2613
f 888 108 1992
f 628 467 1992
f 1021 107 2742
f 2690 1354 1139
f 1283 468 1993
f 1297 468 1994
f 1924 76 1213
f 1213 2413 2270
f 2602 914 2062
f 1645 469 1995
f 1644 1999 1996
f 674 469 1996
f 1645 358 1997
f 1700 293 1394
f 816 470 1998
f 1729 1999 1728
f 1699 1416 1576
f 1663 187 2001
f 596 372 2001
f 2075 471 2002
f 1731 2220 2002
f 929 2147 2074
f 517 929 2116
f 385 1732 2178
f 297 1139 1538
f 2003 1845 588
f 350 472 2004
f 2459 2291 2004
f 1520 323 2005
f 2367 472 2005
f 2006 850 93
f 1590 797 2006
f 2007 2290 1780
f 2007 2459 636
f 1781 2162 2482
f 473 546 2008
f 2008 2162 473
f 1121 474 2009
f 2009 2271 308
f 684 475 2011
f 1154 175 2011
f 1250 327 2012
f 1970 475 2012
f 1971 1067 1154
f 888 319 2013
f 674 476 2013
f 715 476 2014
f 511 477 2015
f 2015 2531 2443
f 865 311 2016
f 1234 477 2016
f 2017 2118 184
f 749 429 2017
f 1740 102 2018
f 2413 76 2019
f 922 106 719
f 1351 479 2020
f 1533 2291 1780
f 1534 345 480
f 1534 2290 1781
f 2790 2857 2689
f 2141 267 677
f 696 482 2023
f 1484 286 1683
f 1536 100 2027
f 1697 2026 2027
f 1586 361 2029
f 2032 1141 338
f 2032 1844 410
f 1467 2877 2175
f 2037 1825 344
f 2038 1843 9
f 486 2039 1117
f 236 552 1792
f 1380 487 2041
f 1927 237 2041
f 1518 487 2042
f 1502 183 2043
f 818 488 2043
f 1817 488 2044
f 2044 1584 255
f 1503 1502 1816
f 965 2728 2715
f 2177 1448 2049
f 2051 627 489
f 1569 489 2052
f 1603 359 2053
f 1602 363 2053
f 2054 323 1566
f 2099 602 652
f 1461 1111 1650
f 2056 679 490
f 1411 491 2059
f 1556 109 2060
f 1659 945 1333
f 2063 2270 492
f 2256 308 609
f 493 1784 1100
f 1100 2941 493
f 1515 285 2064
f 1785 493 2064
f 2192 494 2065
f 2194 69 2066
f 788 494 2066
f 1866 495 2067
f 2067 2481 119
f 1798 495 867
f 1799 775 2478
f 2068 2095 508
f 2068 2097 416
f 2069 2403 1575
f 2069 983 86
f 396 1764 1748
f 629 496 2070
f 854 318 2071
f 1195 497 2073
f 848 312 2073
f 1863 2116 2074
f 2075 2147 471
f 2075 2362 537
f 1281 498 2076
f 1026 209 2076
f 2356 2432 2077
f 2077 1180 498
f 1390 499 972
f 1458 282 2078
f 1266 2014 2079
f 2516 761 2079
f 668 500 2080
f 1536 114 2080
f 1275 241 2081
f 2082 1532 501
f 2082 2645 66
f 283 989 2628
f 2083 1741 501
f 658 1456 262
f 1809 2401 2084
f 1455 502 2084
f 732 502 2417
f 2417 936 1975
f 577 291 503
f 1382 504 2086
f 2363 1105 2086
f 1312 504 2087
f 1745 505 284
f 1735 104 2088
f 1749 505 2088
f 567 506 2089
f 820 319 2089
f 868 290 2090
f 629 506 2090
f 1260 94 1930
f 2091 626 507
f 1931 2370 2091
f 1471 263 2092
f 1260 507 2092
f 1470 284 726
f 1878 40 2809
f 2711 1522 1533
f 2093 2387 229
f 1604 409 2093
f 978 423 2094
f 2094 356 341
f 2095 1886 508
f 1865 2619 120
f 2096 2068 508
f 416 1866 1561
f 2097 867 495
f 2098 2367 695
f 2098 2366 424
f 2099 509 2054
f 2055 652 602
f 1889 509 2100
f 267 951 2316
f 2101 695 323
f 2054 509 2101
f 2830 2913 2891
f 510 773 1806
f 2102 1443 2103
f 1287 2349 2102
f 1170 94 2103
f 1087 511 2104
f 2104 296 1087
f 2254 2015 2443
f 2016 511 1087
f 2106 2450 2105
f 1811 403 2105
f 1812 261 512
f 2106 1435 2450
f 1430 2872 2662
f 1851 359 1566
f 2107 2110 268
f 1353 300 2108
f 1299 514 2108
f 1807 402 1299
f 2109 2377 704
f 2109 2502 276
f 402 515 2110
f 1006 268 2110
f 1406 322 2400
f 2400 1360 515
f 1406 402 1807
f 276 1138 1547
f 2111 2489 779
f 1229 238 2112
f 682 516 2112
f 697 516 2113
f 2620 1543 2113
f 1927 1288 1392
f 1695 675 2114
f 1731 471 2115
f 1696 517 2116
f 2116 1863 2280
f 1732 517 2117
f 700 518 2119
f 2119 1648 2376
f 1098 188 2120
f 554 518 2120
f 622 519 2121
f 827 1923 2121
f 2122 748 2303
f 683 519 2122
f 1078 177 520
f 1761 2154 2123
f 2123 1675 520
f 1585 418 1872
f 1585 354 1871
f 1586 330 1873
f 2831 361 1871
f 2124 2043 183
f 531 522 2124
f 685 522 2125
f 2125 1868 211
f 2132 7 2158
f 2722 543 2698
f 527 2932 3040
f 3040 2135 1476
f 712 528 2138
f 2138 2488 2065
f 1067 303 2139
f 1944 528 2139
f 1092 2487 446
f 778 446 326
f 1181 529 196
f 2738 371 2727
f 2829 2782 2856
f 1576 1277 1748
f 2073 1041 1195
f 2074 530 1863
f 1195 336 1423
f 1423 1217 1864
f 1598 531 596
f 1524 531 183
f 630 358 1564
f 2240 532 2141
f 2141 2100 267
f 2241 532 2240
f 1220 934 1890
f 1095 533 2142
f 2142 1293 324
f 2143 2083 283
f 574 533 2143
f 1301 442 1939
f 2820 2794 1489
f 1953 442 1301
f 1938 2332 1032
f 2315 99 2145
f 1123 534 2145
f 2076 498 1180
f 2077 2432 535
f 1180 535 2636
f 2696 2574 536
f 1403 536 2146
f 1263 1408 1541
f 848 537 312
f 2361 312 2288
f 2362 2002 2220
f 848 497 2147
f 2147 929 471
f 328 938 1223
f 1434 1251 2411
f 1680 2483 2148
f 2148 2412 375
f 2149 2412 538
f 2149 2446 330
f 1671 2779 2780
f 1669 373 1895
f 1187 100 2150
f 757 539 2150
f 694 539 2151
f 1906 213 2787
f 161 3075 2461
f 2152 2318 653
f 1868 187 2152
f 966 540 2153
f 2153 1677 271
f 1214 1510 2154
f 1109 180 2155
f 2639 1207 2155
f 1499 1207 230
f 1459 230 834
f 1194 669 2156
f 2156 1676 379
f 2157 2341 858
f 2157 2435 54
f 1430 206 1906
f 1521 1520 2005
f 1522 350 2004
f 2146 536 2574
f 543 2732 1013
f 2700 2732 2158
f 543 2368 2732
f 1008 544 2159
f 1421 112 2159
f 648 173 2160
f 1994 1106 1297
f 1297 115 545
f 1972 906 458
f 3004 1136 1157
f 1157 1660 1451
f 2731 2948 2735
f 2162 1781 473
f 473 2201 546
f 2163 2271 2009
f 2163 2008 546
f 481 620 2272
f 1376 547 2352
f 1461 97 2164
f 1517 547 2164
f 1319 548 2165
f 2166 1674 98
f 1711 1790 1662
f 1712 1711 1662
f 1498 225 1912
f 1698 236 550
f 700 551 2167
f 2499 240 2167
f 1115 273 2168
f 2466 551 2168
f 1439 202 1594
f 1089 548 2166
f 552 236 1583
f 1793 552 1089
f 552 1583 2165
f 1759 963 1385
f 1385 118 2599
f 1758 553 1411
f 2059 1308 1411
f 1208 554 2218
f 2120 188 2169
f 2169 582 554
f 1208 1027 518
f 2170 1403 2146
f 2171 1544 555
f 2845 3038 2665
f 2172 2244 134
f 887 214 2173
f 1168 887 2173
f 1914 1526 1624
f 2748 351 1914
f 2748 367 1623
f 2519 2657 2840
f 1351 106 2000
f 2037 1152 556
f 556 1466 2037
f 556 1223 326
f 1189 500 2081
f 757 557 2176
f 1189 173 2176
f 2080 557 1536
f 2177 1042 689
f 2178 2373 702
f 2178 2372 385
f 1731 558 2220
f 1340 394 2568
f 2145 889 1123
f 1340 61 2144
f 1772 559 1123
f 1866 416 2097
f 1388 1813 1955
f 1956 560 1561
f 1865 560 2619
f 2179 1395 561
f 830 280 2179
f 2180 2134 1872
f 2180 1209 561
f 854 290 2181
f 2643 983 316
f 642 562 2182
f 1244 438 1929
f 727 563 2183
f 1026 122 2183
f 944 273 2184
f 741 563 2184
f 665 564 2185
f 1574 66 2185
f 2186 1928 103
f 1554 564 2186
f 1555 911 1574
f 1000 2380 2188
f 642 565 2189
f 1624 318 2189
f 2190 1413 566
f 1011 2440 2190
f 1098 240 1413
f 1650 297 1538
f 1563 1369 1908
f 1188 888 1992
f 2548 2591 279
f 1188 567 2089
f 1135 868 2090
f 1841 269 1809
f 912 2535 246
f 688 2191 252
f 2192 2263 494
f 2192 2488 614
f 2193 2262 938
f 1219 69 2194
f 2194 2263 568
f 1219 569 2451
f 1720 65 2449
f 1719 381 2195
f 2195 568 1393
f 1215 2261 2196
f 1173 570 2196
f 576 216 2639
f 2197 2481 775
f 2197 2479 391
f 1941 444 2311
f 1759 571 2611
f 802 572 2198
f 994 289 2199
f 727 572 2199
f 1044 573 2200
f 2365 298 2200
f 2201 473 1020
f 636 1211 2201
f 1863 415 2202
f 1088 574 2143
f 1246 574 1864
f 1246 1054 2142
f 1212 329 2203
f 2203 1859 575
f 1191 575 2204
f 2603 1015 1173
f 2668 191 930
f 570 576 2639
f 2335 1383 1298
f 1298 332 2335
f 1199 291 577
f 2085 577 503
f 1514 349 2207
f 466 2736 943
f 2210 1991 398
f 1795 466 2210
f 2947 2869 2899
f 1725 445 2215
f 2169 1310 582
f 2635 2541 1310
f 2219 2655 2657
f 1448 2177 2050
f 1448 320 2221
f 1407 583 244
f 947 234 2222
f 734 584 2223
f 665 584 2224
f 1072 89 2224
f 780 586 2226
f 1108 238 2226
f 1269 304 2227
f 684 586 2227
f 587 1750 1166
f 1596 2549 2228
f 2688 2686 2675
f 1845 2003 2229
f 2690 2003 588
f 1166 589 200
f 2625 589 2230
f 1102 217 2230
f 1258 830 1834
f 2231 2469 2352
f 1258 590 2492
f 1857 2783 1860
f 2763 399 1858
f 1857 1860 1797
f 2232 1754 591
f 2233 1667 203
f 2233 1839 591
f 2808 2728 2734
f 632 592 224
f 1278 2371 2279
f 709 593 2386
f 2568 73 2386
f 1904 593 2235
f 917 594 2236
f 2236 1537 2336
f 1001 174 2237
f 2237 1048 594
f 1465 595 2238
f 1283 1210 2238
f 2439 92 2239
f 1665 1663 2001
f 183 1503 1524
f 2001 187 596
f 1666 596 1524
f 532 2241 1220
f 2141 1036 2240
f 1037 272 2241
f 760 597 174
f 2409 286 2242
f 2410 598 306
f 2247 1551 599
f 2248 185 2821
f 1345 600 2249
f 981 260 2249
f 1424 600 2250
f 1932 379 1676
f 1676 2156 263
f 1612 1291 1817
f 2053 602 1603
f 1602 2788 2780
f 1735 417 1869
f 2088 603 1735
f 1870 603 1745
f 1700 743 293
f 1640 17 2773
f 605 352 370
f 1247 228 1368
f 1368 1867 606
f 2251 1751 606
f 1112 203 2251
f 2104 607 2252
f 2252 1641 296
f 274 1096 2444
f 2253 1150 607
f 2443 750 2254
f 1057 77 608
f 640 608 2255
f 1375 95 2255
f 492 730 2414
f 2256 2009 308
f 2063 609 308
f 1097 2256 609
f 1935 89 610
f 1578 2477 900
f 610 1072 1989
f 2594 115 2257
f 1421 611 2257
f 1073 78 2258
f 78 612 2258
f 2259 2258 612
f 2542 1980 2796
f 1279 193 2260
f 2260 1357 613
f 716 613 2261
f 778 614 2488
f 991 614 2262
f 991 568 2263
f 2066 494 2263
f 763 615 2264
f 915 116 2264
f 944 289 2265
f 795 615 2265
f 1600 616 1763
f 1599 955 2266
f 2267 1544 221
f 2267 2268 1052
f 1052 182 2170
f 2268 1840 182
f 1997 617 1645
f 1996 617 1644
f 1995 1564 1645
f 2727 371 1997
f 1926 1518 1668
f 1436 248 2042
f 1974 1156 1436
f 2041 1128 1380
f 2238 619 1283
f 1203 595 2239
f 1203 112 1994
f 1993 979 1283
f 1245 196 2269
f 914 308 2271
f 2272 620 2271
f 2062 914 620
f 1923 2022 2121
f 2021 481 2272
f 1896 425 1856
f 3032 1897 1848
f 795 621 2273
f 2273 1446 96
f 994 83 2274
f 760 621 2274
f 1433 481 2021
f 1500 481 1433
f 2022 1923 2062
f 2122 519 1391
f 887 2172 2608
f 1070 623 2275
f 2275 1896 2557
f 2276 1895 373
f 2276 1897 425
f 2277 1895 1165
f 1904 701 2278
f 274 1151 1046
f 1289 61 2279
f 2280 2202 624
f 283 1088 2143
f 1695 377 2628
f 2281 2202 415
f 1864 574 2281
f 1776 625 201
f 2659 1399 395
f 2127 1776 1893
f 194 2174 1216
f 2092 626 1471
f 2269 2510 627
f 2269 627 1245
f 2051 2206 1245
f 2649 2478 2353
f 1798 867 101
f 1222 628 1992
f 1546 1634 1633
f 2089 506 1148
f 2070 820 1148
f 1193 629 2090
f 1193 854 2071
f 2282 2283 1003
f 1003 215 2282
f 855 228 2283
f 2283 1653 1003
f 2072 1526 351
f 1605 496 2071
f 2072 1880 1605
f 1612 255 1948
f 1512 346 2207
f 3110 2208 578
f 3079 21 1513
f 2207 1477 1514
f 2284 2173 214
f 2617 1058 2284
f 2590 631 2553
f 2285 1317 191
f 1682 632 2757
f 1420 632 224
f 1986 464 1420
f 1767 1264 1707
f 1767 633 2286
f 2286 1796 220
f 2287 1912 225
f 1563 633 2287
f 1352 2360 1063
f 2221 634 2049
f 2288 2360 692
f 2652 635 2922
f 47 1100 2422
f 1620 1515 2064
f 2200 573 2289
f 2289 2459 756
f 1020 473 2290
f 2290 1534 1780
f 1020 2007 636
f 1685 376 2292
f 1684 355 2292
f 1263 1541 637
f 637 307 1179
f 1686 327 2293
f 1215 180 2294
f 685 638 2294
f 716 638 2295
f 1007 639 2296
f 2297 1582 639
f 2219 194 2297
f 1615 1633 1570
f 2135 1570 1614
f 1614 365 2135
f 1811 65 1257
f 403 1812 2448
f 1607 640 2255
f 74 1376 1769
f 1461 547 2298
f 1783 1632 1893
f 1483 1287 2102
f 1483 641 2340
f 1294 641 2299
f 2103 94 2299
f 1243 1000 2188
f 1243 642 2182
f 2189 318 1140
f 1140 854 2181
f 683 643 2300
f 1081 84 2300
f 1464 2198 2301
f 680 643 2301
f 1037 83 2302
f 802 644 2302
f 748 644 2303
f 2304 1646 77
f 787 645 1702
f 2305 1761 645
f 1803 265 2305
f 1694 646 2307
f 1265 122 2308
f 1240 259 2309
f 680 647 2309
f 1999 1729 470
f 1543 2176 173
f 697 648 2310
f 1008 92 2310
f 1941 649 260
f 1940 796 2311
f 2086 1105 1382
f 2312 1330 254
f 1343 650 2312
f 916 650 2313
f 2534 71 2313
f 1460 534 2144
f 1460 64 2314
f 2314 1674 651
f 2145 651 2315
f 2315 1705 99
f 951 652 2316
f 2023 267 2316
f 2055 2277 2317
f 1868 653 211
f 1715 653 2318
f 1066 220 2318
f 654 375 2029
f 1681 1586 2029
f 2319 2296 587
f 2655 2297 639
f 1942 1022 2955
f 1943 655 445
f 2331 655 1620
f 660 1022 2652
f 1079 239 2320
f 734 656 2321
f 2321 1374 60
f 1791 1637 1789
f 1727 2793 2871
f 1976 658 262
f 1295 502 343
f 1295 658 936
f 2322 1974 460
f 2322 1976 423
f 1479 347 2323
f 1478 2424 22
f 1794 2329 1721
f 661 828 1721
f 2331 1942 655
f 2333 1937 662
f 2334 1937 374
f 2334 1939 442
f 1383 1199 577
f 1819 250 663
f 1210 979 664
f 2336 1065 664
f 3037 2726 2659
f 1332 665 2185
f 2224 89 1355
f 1355 1129 2186
f 1936 666 2026
f 2026 1221 121
f 2194 2195 1219
f 2337 2195 381
f 1720 569 2337
f 1393 568 2193
f 701 1046 2371
f 2307 646 2338
f 1046 2338 667
f 2253 274 1046
f 2306 2457 667
f 1150 864 2252
f 1107 2450 82
f 2451 82 1232
f 79 788 2339
f 2339 2500 459
f 1107 569 2449
f 1656 668 2080
f 1525 1800 227
f 1525 1275 2081
f 2340 2157 54
f 2299 1103 1294
f 2341 2156 379
f 1710 541 379
f 2170 2146 2342
f 2171 555 1133
f 1053 670 2343
f 1035 300 2344
f 2344 1004 670
f 2345 410 1267
f 336 1655 1217
f 1727 671 2346
f 1637 369 1041
f 1580 87 672
f 1286 84 2347
f 1651 672 2347
f 1286 435 1923
f 2285 631 1144
f 1884 219 673
f 2284 214 1362
f 1181 196 1415
f 877 219 2348
f 2140 825 529
f 1237 820 1995
f 1996 1999 1238
f 1237 674 2013
f 1696 377 2114
f 2114 2117 1696
f 1443 2102 675
f 1443 1170 2103
f 2114 675 2349
f 96 915 2653
f 917 676 2350
f 2351 1331 676
f 1074 1993 2351
f 1242 482 833
f 1036 597 2240
f 1036 677 1242
f 2023 677 267
f 1971 457 1687
f 1687 678 1969
f 1685 340 1969
f 1970 327 1686
f 1797 329 2057
f 1198 1265 2308
f 1292 680 2309
f 2301 2198 1198
f 2300 643 1292
f 705 681 2379
f 1517 78 2379
f 2164 78 1517
f 1701 2542 1698
f 1968 456 1486
f 2113 516 1414
f 2112 238 1486
f 1414 682 1967
f 2121 519 1201
f 1356 1464 2301
f 2122 2303 1356
f 2300 84 1201
f 1552 1250 2012
f 1552 684 2227
f 2011 175 1344
f 1344 1108 2226
f 2125 211 1545
f 1398 685 2294
f 2295 638 1545
f 2124 522 1398
f 2353 1321 628
f 1952 686 108
f 108 1222 1992
f 2754 2758 796
f 2354 2649 686
f 2758 2354 2355
f 1801 400 1587
f 1638 1408 1263
f 2647 1076 335
f 1611 1204 1903
f 2370 1204 1611
f 1913 1469 1753
f 2250 689 1042
f 2050 689 1105
f 2049 558 2177
f 2514 690 2357
f 3078 158 2243
f 1635 691 2358
f 2358 1504 2295
f 1715 2266 2359
f 2359 1652 691
f 2360 1352 2204
f 1662 692 2360
f 2288 692 2361
f 2361 1789 312
f 2220 634 2362
f 1063 537 2362
f 2087 972 1312
f 2086 693 2363
f 2363 2050 1105
f 1312 282 2364
f 2364 1730 693
f 2150 539 1435
f 2151 459 694
f 79 459 1120
f 1890 298 2365
f 2005 323 695
f 1889 424 2366
f 2366 2101 509
f 2367 2365 756
f 2004 472 756
f 1364 317 696
f 2316 696 2023
f 2317 2316 652
f 833 482 1683
f 1543 697 2113
f 1501 697 2310
f 1501 1229 2112
f 1543 173 648
f 1597 466 1990
f 2368 2133 526
f 1409 663 2335
f 1409 333 1381
f 663 698 1819
f 1627 523 2127
f 688 252 2126
f 1611 699 2370
f 2120 518 1412
f 2119 2376 1387
f 1412 700 2167
f 1387 1115 551
f 2306 667 2338
f 1046 701 2338
f 1904 2472 2307
f 2371 1278 2278
f 2372 1042 558
f 1731 385 2372
f 1449 702 2373
f 2373 2117 2349
f 1226 702 2434
f 1590 1080 1815
f 2374 1737 1254
f 2374 185 703
f 2375 2784 295
f 1296 704 2376
f 741 704 2377
f 1547 209 2377
f 1137 705 2378
f 2378 2491 55
f 980 705 2379
f 1137 847 2352
f 2323 1367 1479
f 2326 1478 22
f 1480 339 2323
f 2187 1623 367
f 1622 352 2187
f 2189 707 1624
f 1622 565 2188
f 2196 570 1437
f 216 576 2206
f 1437 2639 2155
f 1639 708 2381
f 1030 1634 2381
f 1639 2028 2382
f 2875 605 370
f 2027 2026 114
f 2026 666 114
f 1489 581 1953
f 1205 212 2383
f 1760 2384 2383
f 2501 205 2384
f 2385 1125 275
f 1192 709 2385
f 878 709 2386
f 1167 2756 1535
f 1956 1658 1813
f 1955 710 248
f 2387 1734 710
f 2387 1658 229
f 2388 884 136
f 2627 1304 254
f 2392 1236 711
f 977 309 2392
f 1538 1139 2672
f 2139 528 1396
f 1968 175 1396
f 2138 2065 1379
f 1967 456 1379
f 1948 1104 1540
f 2393 1979 1288
f 1949 713 2393
f 2394 1224 713
f 1429 714 195
f 2395 819 227
f 2630 1737 714
f 1952 108 1307
f 1307 888 2013
f 1474 716 2295
f 1215 716 2261
f 2294 638 1215
f 1474 613 716
f 2381 708 1253
f 2380 1000 717
f 1253 717 2397
f 890 278 2397
f 195 849 1601
f 1692 718 2398
f 1310 2541 582
f 1306 479 90
f 922 1779 106
f 2020 719 106
f 1319 719 2399
f 1306 99 2399
f 218 1649 2357
f 1360 1006 2110
f 2402 721 1946
f 1360 721 2401
f 2401 1809 269
f 1815 105 1925
f 278 1034 1497
f 1053 722 2403
f 249 1255 1169
f 1613 104 2404
f 2404 1339 723
f 1069 723 2405
f 2405 2309 259
f 1030 724 1634
f 2406 1531 2343
f 2406 866 724
f 1973 725 2497
f 2407 2499 785
f 1972 458 2407
f 1313 1011 2190
f 1749 720 726
f 2088 1613 1749
f 1274 944 2184
f 2199 289 1274
f 1265 727 2183
f 1049 728 2408
f 2408 2515 251
f 2409 1422 286
f 2242 728 2409
f 2410 2242 598
f 306 801 2410
f 2411 2484 1434
f 375 1681 2029
f 1251 538 2412
f 503 1197 729
f 729 938 328
f 1804 334 2085
f 1987 2465 2507
f 1276 730 2413
f 2413 1213 76
f 1276 2019 793
f 1097 609 2414
f 2063 492 609
f 1372 206 731
f 2415 1703 731
f 1907 2828 2118
f 2416 1809 2084
f 969 292 2416
f 1128 732 2417
f 1977 461 1516
f 1516 733 2467
f 1311 733 2418
f 1861 1470 720
f 2321 60 1371
f 1371 1072 2224
f 2223 257 2648
f 1338 2641 656
f 1209 735 277
f 1872 957 735
f 2179 561 1209
f 957 418 2419
f 2419 2496 2445
f 2420 2980 1784
f 736 1784 2421
f 2667 23 2423
f 388 984 1494
f 764 738 2425
f 2427 1610 364
f 1571 360 2427
f 1029 30 2428
f 1490 393 2430
f 2430 1770 348
f 2431 1450 740
f 2514 176 2431
f 2432 953 535
f 2356 740 2432
f 2376 704 1347
f 1348 1026 2183
f 2184 273 1347
f 2377 209 1348
f 742 1179 307
f 1493 742 307
f 2433 1643 742
f 1101 2556 2433
f 768 2025 1978
f 293 2025 1227
f 2373 1287 1449
f 2434 2250 1042
f 1449 54 2435
f 2435 1618 744
f 2436 1660 745
f 190 1280 1384
f 2437 2453 213
f 2437 896 745
f 1465 67 2438
f 780 746 2438
f 2239 746 2439
f 1229 92 2439
f 2238 2614 1465
f 2440 1601 747
f 2440 1011 222
f 2441 1558 188
f 1413 747 2441
f 1413 240 566
f 1315 748 2442
f 2442 934 272
f 2302 644 1315
f 2017 184 1888
f 1908 749 1778
f 1453 1982 1656
f 2104 511 2254
f 1096 607 2254
f 2443 1324 750
f 2444 1151 274
f 1096 750 2444
f 784 2496 1442
f 1775 330 2446
f 1174 751 2446
f 1389 223 752
f 2447 1389 752
f 1249 197 2447
f 1812 512 2448
f 2448 2105 403
f 2449 2105 2450
f 2450 1435 82
f 1107 82 2451
f 1281 192 2452
f 2452 1595 753
f 2077 753 2356
f 428 213 2453
f 2787 2786 1894
f 1236 2454 838
f 2604 1342 754
f 1002 754 2455
f 2456 2458 347
f 2456 1641 755
f 1494 755 1747
f 1495 1478 2458
f 2458 2456 1494
f 2200 756 2365
f 2004 756 2459
f 636 2289 573
f 2005 695 2367
f 2151 539 1482
f 2150 100 757
f 1568 118 1742
f 1568 583 2222
f 244 758 1530
f 1530 387 1743
f 2462 1456 2402
f 1910 264 2463
f 2463 1899 759
f 975 1549 262
f 2464 341 356
f 1134 426 2464
f 2446 882 1174
f 1174 331 1417
f 2256 1097 1417
f 2596 2240 597
f 1316 1001 2273
f 1316 760 174
f 2274 83 1361
f 2078 972 499
f 1952 715 2396
f 1390 2511 1951
f 1699 1764 762
f 2167 551 2466
f 2466 2498 785
f 1285 944 2265
f 2498 763 2264
f 1285 763 2168
f 1609 1571 2427
f 1608 764 360
f 1610 764 2425
f 1608 738 764
f 1845 284 588
f 2418 1064 1311
f 91 1810 765
f 2467 1723 177
f 2468 2506 287
f 2468 1769 766
f 1833 766 2469
f 1376 2352 2469
f 2470 1833 408
f 2470 2505 791
f 1665 372 1718
f 1666 198 2471
f 1718 767 2493
f 2472 1481 768
f 2473 1846 769
f 1548 230 2473
f 1104 769 2474
f 770 2512 1233
f 1190 193 2475
f 1986 770 1233
f 1870 1241 1740
f 1869 771 1562
f 2018 771 1740
f 2606 836 2040
f 2040 2674 2606
f 1491 29 2522
f 342 772 2537
f 1630 2704 2485
f 2476 2537 772
f 1630 1320 2476
f 2405 723 1339
f 2404 104 1651
f 1339 1651 2347
f 1228 855 2283
f 813 773 2282
f 1402 71 774
f 2477 1271 900
f 1988 774 2477
f 2478 2067 495
f 1798 2353 2478
f 2479 1385 391
f 1272 571 2479
f 2754 796 1940
f 2480 2197 775
f 119 1758 1411
f 1434 2484 1588
f 2678 2800 2873
f 2411 389 2484
f 1753 776 2484
f 2704 2883 2485
f 777 1320 1630
f 271 966 2153
f 2262 614 1290
f 1092 528 2487
f 2487 1825 446
f 1290 778 326
f 1092 778 2488
f 1802 212 2489
f 899 779 2489
f 2490 2111 779
f 2490 1752 192
f 2438 67 1553
f 1553 1269 2227
f 1427 780 2226
f 1427 1229 2439
f 1248 590 2231
f 932 781 2491
f 1248 55 781
f 971 280 2492
f 2644 544 2160
f 2644 782 2159
f 241 782 2644
f 2257 1106 1421
f 2471 783 767
f 1987 784 1442
f 2494 1834 277
f 2494 2445 784
f 465 791 2495
f 2495 1987 465
f 1775 751 2496
f 1861 720 218
f 1334 2232 1579
f 138 2047 2795
f 725 1973 1313
f 2497 2407 458
f 2168 763 2466
f 116 2498 2264
f 1972 785 2498
f 2167 785 2499
f 2499 566 240
f 2171 786 1233
f 1133 1805 786
f 1702 645 2304
f 1788 1819 1803
f 1702 1057 1787
f 2247 2228 2549
f 2500 694 459
f 1232 82 2500
f 2066 69 1232
f 1232 2339 2066
f 935 788 79
f 2501 1208 205
f 2384 789 2501
f 1296 789 2502
f 2502 1802 276
f 2503 1303 790
f 871 790 2504
f 2504 1182 81
f 1410 766 1833
f 1834 2494 2505
f 2505 2495 791
f 1410 791 2506
f 2506 1567 287
f 1987 2507 465
f 2683 1023 965
f 1754 792 1404
f 1744 218 2357
f 1404 690 2356
f 1567 2506 793
f 1567 478 2018
f 2507 1276 465
f 2507 2414 730
f 1462 1936 121
f 1091 794 2508
f 2508 1143 53
f 2597 1457 70
f 794 2685 2586
f 2510 2052 627
f 1346 795 2265
f 2264 2653 915
f 2274 621 1346
f 444 1941 1488
f 1239 649 2311
f 796 1239 2311
f 2511 1390 2087
f 2355 2354 686
f 1590 85 797
f 1279 798 2475
f 2512 2475 798
f 2512 1652 221
f 1871 2924 2831
f 2134 1756 799
f 2899 354 799
f 2381 1546 1639
f 2382 800 1639
f 2108 2532 1353
f 1329 514 2107
f 1985 811 2513
f 2513 2532 463
f 2357 1649 2514
f 1101 1814 801
f 2515 2410 801
f 2515 835 251
f 2242 1484 598
f 2199 572 1373
f 2303 644 1464
f 1464 802 2198
f 1373 802 2302
f 2571 194 1216
f 1305 490 2539
f 2079 816 2516
f 2516 2539 499
f 1458 490 2057
f 2517 2518 822
f 1684 376 1686
f 1216 2174 1131
f 2911 1838 157
f 1825 1466 446
f 1945 344 803
f 1944 303 1824
f 1467 2827 2769
f 1664 783 229
f 1709 234 2493
f 1664 247 2059
f 2520 611 805
f 2520 819 222
f 2257 611 1370
f 1698 2542 1714
f 211 806 1635
f 2359 806 1715
f 2318 1599 1715
f 2476 2704 1630
f 302 2225 1496
f 3030 2661 1149
f 2802 2527 1593
f 1592 810 2798
f 4 1592 1610
f 2530 2344 300
f 1353 811 2530
f 2531 1431 811
f 1985 2443 2531
f 1984 463 2532
f 2532 2108 1329
f 2312 1002 1343
f 2533 1492 812
f 2533 2455 880
f 2534 923 71
f 2313 812 2534
f 2282 215 2415
f 1594 202 1806
f 2535 1453 246
f 1523 814 2536
f 342 2537 348
f 1445 815 2537
f 2538 1381 333
f 2078 499 2539
f 2539 490 1458
f 1363 1238 1999
f 1363 816 2079
f 1305 816 1998
f 2218 582 1261
f 2540 2541 817
f 2540 1400 179
f 2635 1386 817
f 1499 1109 2155
f 1109 2043 2124
f 57 886 2615
f 2543 2576 1060
f 59 2503 1591
f 2544 75 1679
f 850 1259 2544
f 1541 2658 355
f 2545 1025 1028
f 894 832 2545
f 2546 2558 1425
f 2595 1384 2546
f 1359 57 2547
f 980 837 2547
f 1457 2259 861
f 1321 101 1014
f 216 2206 2051
f 862 834 216
f 279 1135 2548
f 2549 1596 869
f 2555 1551 2549
f 2552 1060 2550
f 256 997 2550
f 2550 940 2552
f 68 1060 2552
f 3046 2786 2735
f 612 1647 2259
f 1015 841 2553
f 631 2285 2553
f 1722 382 2327
f 1163 1230 2554
f 392 2584 2554
f 2556 857 998
f 1062 2433 2556
f 80 2607 1695
f 191 1015 2553
f 1070 2275 2557
f 1025 1425 2558
f 2565 1028 2558
f 2559 2561 224
f 1475 1175 2559
f 2581 919 2560
f 2623 321 2560
f 1525 500 668
f 2561 193 1190
f 2561 2559 189
f 2562 2575 1418
f 1440 1014 2096
f 2757 464 2369
f 51 1163 2554
f 1779 922 2605
f 1993 468 2563
f 1297 545 2563
f 637 2293 879
f 1010 1551 2555
f 68 1061 2564
f 1124 1077 2564
f 945 1028 2565
f 2558 207 2565
f 62 1225 2566
f 2566 53 1143
f 1174 1417 2567
f 2567 1442 751
f 1771 73 2568
f 1278 907 2589
f 2549 869 2555
f 2695 2612 2642
f 1822 1234 2612
f 1122 941 2569
f 2569 2580 56
f 440 1933 826
f 2548 567 467
f 2570 179 832
f 205 2218 2570
f 948 992 2571
f 2571 1428 2595
f 1345 2249 1105
f 1071 258 2572
f 57 1359 2573
f 1091 885 2573
f 2547 2615 1401
f 2575 2562 1175
f 2575 2173 1058
f 2634 2622 256
f 2576 2543 885
f 2577 2600 856
f 1171 313 2577
f 2702 245 2578
f 338 366 1293
f 1060 68 2579
f 2579 956 886
f 1090 56 2580
f 1161 970 2580
f 872 919 2581
f 2560 321 2581
f 675 2607 1443
f 2564 1077 2582
f 2582 2579 68
f 1261 582 2541
f 846 1079 2583
f 257 856 2583
f 230 1207 834
f 2802 364 362
f 1768 1043 2584
f 51 2998 918
f 2069 86 2585
f 2585 964 1255
f 2589 907 2568
f 2586 2508 794
f 1160 1679 2685
f 1282 1511 2587
f 1653 181 2587
f 1647 1021 2588
f 2589 2278 1278
f 2568 2386 2589
f 101 1321 1798
f 1132 1562 478
f 478 793 2019
f 294 2624 2454
f 2590 2617 631
f 2553 841 2590
f 2591 1550 279
f 2613 1014 2591
f 1235 181 2592
f 2592 1606 899
f 2593 1314 839
f 63 1172 1492
f 2594 1973 115
f 2594 1370 1011
f 824 205 2570
f 190 1384 2595
f 2546 948 2595
f 1037 2241 2596
f 597 1361 2596
f 1665 947 204
f 70 2509 2597
f 2598 1900 426
f 1929 438 2598
f 891 561 1395
f 2599 391 1385
f 2599 1709 491
f 2600 2623 846
f 2583 856 2600
f 2601 1256 62
f 2566 1143 2601
f 1923 435 2602
f 1213 2270 2602
f 1173 2196 2603
f 2062 1923 2602
f 996 1342 2604
f 2604 838 2454
f 3075 2948 2461
f 305 1725 1395
f 1738 976 1159
f 1698 2040 236
f 1170 1443 2607
f 1034 1531 2406
f 891 383 1756
f 200 1596 1166
f 2608 214 887
f 135 2460 2608
f 898 1015 2603
f 2609 2578 1228
f 2610 981 1273
f 1488 1941 2610
f 110 1273 1950
f 2611 571 1488
f 1573 909 111
f 111 1821 2747
f 1822 2695 299
f 1059 1062 998
f 998 2557 1059
f 132 2045 2715
f 761 2396 1266
f 120 2095 1865
f 401 1056 2572
f 628 1321 2613
f 2613 2548 467
f 2614 1218 67
f 2614 2238 2640
f 1135 279 1900
f 2568 394 1771
f 886 57 2543
f 956 1401 2615
f 1740 1241 102
f 821 1661 102
f 1341 281 2616
f 305 971 2616
f 2653 615 795
f 1144 631 2617
f 2284 673 2617
f 2597 2258 1457
f 1177 1993 2563
f 2796 1616 2822
f 1388 1156 2619
f 1974 120 2619
f 2398 1438 1692
f 2113 1120 2620
f 2949 2968 2707
f 1891 2725 2342
f 245 2676 2646
f 1126 1114 2622
f 2622 997 256
f 2128 2777 1733
f 314 1162 2623
f 2560 846 2623
f 1609 883 2624
f 996 2454 2624
f 30 1029 1673
f 1082 1163 2629
f 51 1114 2629
f 2625 200 589
f 2712 1400 2625
f 249 1559 2626
f 1053 2403 2626
f 2627 860 711
f 1236 838 2627
f 80 989 1532
f 58 1082 2629
f 230 818 1499
f 555 2170 2342
f 2019 1276 2413
f 227 1523 2630
f 2630 1429 2395
f 1266 2079 761
f 906 1177 458
f 1661 821 2631
f 2631 2298 74
f 208 1333 2632
f 1040 1378 2632
f 839 1314 2633
f 1259 88 2633
f 2423 1495 2667
f 256 2576 2634
f 1033 1126 2634
f 1047 973 2684
f 1210 664 1065
f 2635 817 2541
f 2635 718 921
f 2636 1026 1180
f 2636 1240 2308
f 1764 1699 1576
f 2646 2833 2682
f 2574 2835 2703
f 1117 1141 486
f 19 2838 2932
f 242 2747 1821
f 2618 866 2638
f 1614 1570 2638
f 2639 834 1207
f 2640 2238 1210
f 2640 251 835
f 2032 410 1843
f 1318 860 2641
f 2641 1338 2320
f 2612 949 2642
f 315 1336 2642
f 316 2182 2643
f 1244 920 2643
f 2159 544 2644
f 1330 656 2641
f 2720 2848 2902
f 1421 2159 782
f 1332 66 2645
f 1009 2650 2645
f 31 1953 2217
f 2654 233 1925
f 2660 2878 2752
f 2774 2411 2483
f 335 1587 2647
f 1633 1615 2637
f 734 2223 2648
f 2648 1079 1338
f 866 1336 2638
f 2353 1222 2649
f 2649 2354 1799
f 1332 2645 2650
f 2650 257 2223
f 2024 2720 1230
f 1698 1714 2674
f 2834 2950 3008
f 252 2933 2659
f 2328 2652 2922
f 635 2331 1620
f 2653 2264 615
f 795 96 2653
f 635 2652 2331
f 1925 999 2654
f 2764 2718 2118
f 1771 394 2656
f 2656 1977 1182
f 1842 2714 235
f 1779 2943 2663
f 454 1963 1654
f 1746 1149 2661
f 2219 2519 2174
f 1964 454 1068
f 2867 1727 2817
f 2659 2126 252
f 1964 2867 10
f 910 1790 2660
f 1149 1746 2225
f 1902 999 105
f 2658 1541 1408
f 2813 2781 2888
f 913 1131 2174
f 2519 913 2174
f 2670 184 2816
f 2690 2733 1354
f 2024 2848 2720
f 2161 2731 3004
f 2665 2058 1826
f 2621 1983 386
f 2518 2751 2807
f 2524 2667 2661
f 2667 1495 984
f 1901 2693 599
f 2668 2206 576
f 2668 1015 191
f 737 1478 1495
f 185 2248 1901
f 390 2740 2746
f 2848 2024 762
f 2792 831 1152
f 599 2890 2247
f 965 1704 2234
f 2671 490 679
f 2671 1857 1797
f 2527 2740 390
f 1638 1765 2958
f 2675 1839 958
f 1472 2836 2688
f 2175 1152 2037
f 2137 1476 20
f 2932 2135 3040
f 2677 3047 2694
f 1029 2428 739
f 1468 1913 2678
f 2072 2799 1880
f 2072 351 2681
f 2682 1112 2646
f 1880 2799 1565
f 2676 245 2702
f 2655 1007 2762
f 2859 2715 2045
f 1704 965 1023
f 2172 1023 2683
f 2859 133 2683
f 2684 2485 2883
f 2536 2739 1254
f 2551 1581 1978
f 2244 2172 2683
f 70 1160 2685
f 2685 794 2509
f 2175 2877 2812
f 2686 1557 2675
f 2699 2713 396
f 852 2687 2863
f 2675 1472 2688
f 2928 1688 156
f 831 2767 2753
f 2677 529 2348
f 2348 219 1577
f 2672 1139 1354
f 588 2714 2690
f 2706 2911 2814
f 2970 2708 1535
f 2742 107 2672
f 2821 185 1254
f 2965 2778 2905
f 2578 2609 2702
f 2718 2847 2816
f 2702 2834 3000
f 2873 1468 2678
f 2743 2052 2664
f 2772 1623 2187
f 1477 949 2692
f 1234 311 2692
f 2696 2670 2816
f 2694 140 2983
f 2694 2983 2140
f 2695 988 1405
f 2695 1822 2612
f 1045 2945 288
f 2039 8 2698
f 2772 605 1640
f 1623 3096 2759
f 2773 17 1918
f 580 2211 1991
f 2880 1462 2760
f 2736 2158 7
f 2702 2609 2834
f 1891 2574 2703
f 2949 2946 1185
f 2705 334 1804
f 2705 893 337
f 913 2814 2697
f 2950 2834 2609
f 1891 2703 2707
f 2745 2660 549
f 2708 1349 1535
f 2751 2737 2839
f 2846 2729 2709
f 295 2719 2776
f 2710 346 1512
f 2213 20 2710
f 2670 974 1888
f 3062 2810 2952
f 2711 2709 2729
f 1425 1025 2712
f 2625 2230 2712
f 386 2717 2621
f 2669 2909 2826
f 2717 2883 2864
f 2713 762 1764
f 2808 1836 132
f 965 2859 2683
f 2737 288 2945
f 3067 2892 3085
f 1805 2725 2765
f 2330 5 1572
f 2052 2743 1569
f 2527 362 2740
f 1432 2794 2820
f 2705 337 2721
f 2964 2811 1885
f 2698 8 2722
f 2133 2368 2722
f 1399 2726 2849
f 2930 844 2319
f 156 2706 2928
f 2840 2814 2519
f 2979 246 2691
f 2368 2132 2158
f 3077 2972 159
f 1133 2342 2725
f 2882 2952 2894
f 2725 2707 2765
f 2691 1936 2880
f 2720 2554 1230
f 246 2979 2680
f 2785 1093 786
f 2785 2976 2369
f 2132 2368 526
f 2681 2799 2072
f 2700 2158 2736
f 1991 943 580
f 2741 1462 1444
f 133 2244 2683
f 2889 585 2551
f 2746 2699 390
f 2944 2937 2836
f 1468 2857 1782
f 131 2771 1691
f 2728 965 2234
f 2729 1519 2711
f 2774 2800 2678
f 1905 1894 2786
f 1597 1013 2732
f 2368 2158 2732
f 2805 2701 1519
f 513 2788 359
f 2874 2776 2719
f 2808 2715 2728
f 428 2735 2786
f 2736 466 2700
f 7 2209 2736
f 2796 2855 1714
f 2823 1851 2701
f 2840 2657 2928
f 2517 2751 2518
f 2740 3091 3027
f 371 2738 2775
f 2751 3076 2807
f 2688 3057 2686
f 2833 2836 2682
f 2821 1254 2739
f 2741 2940 2920
f 1462 2880 1936
f 2836 1472 2682
f 2522 2766 1491
f 604 2852 743
f 2825 2764 2865
f 2742 1902 1021
f 2672 2716 2742
f 2741 2760 1462
f 380 2205 2749
f 2790 2709 353
f 1565 2799 2810
f 210 2807 2903
f 2990 2510 2985
f 1354 2744 2716
f 2943 1779 2978
f 2140 2985 825
f 2747 242 2940
f 1444 111 2747
f 2528 2798 810
f 2759 2679 2748
f 3095 2804 2749
f 2659 2726 1399
f 2789 762 2713
f 453 2879 1962
f 3095 12 1875
f 288 2737 2517
f 910 2660 657
f 359 1602 2053
f 2898 2788 2893
f 1887 831 2753
f 524 1733 2753
f 1799 2354 2754
f 1940 2480 2754
f 2824 604 2621
f 2761 1399 2849
f 549 2804 2745
f 2745 419 1874
f 1857 2763 2783
f 2842 2734 2757
f 2511 796 2758
f 2355 1951 2758
f 2773 1623 2772
f 2759 2748 1623
f 2679 2759 2882
f 2761 625 1399
f 2771 2734 2842
f 2228 2723 2930
f 1007 2768 2762
f 2319 2768 1007
f 452 2730 1680
f 2884 2801 2763
f 2774 2678 389
f 3039 2864 2883
f 2976 3080 2995
f 2725 1805 1133
f 2717 2806 2621
f 2766 2522 807
f 2766 2750 342
f 2792 1152 2175
f 33 2767 2033
f 2768 2319 844
f 2827 1945 405
f 2781 2813 1685
f 2816 2862 2696
f 1916 2873 2800
f 1468 2910 2857
f 2510 2990 2664
f 2854 2808 2734
f 599 2693 2770
f 2995 1691 2771
f 3096 1918 432
f 2890 599 2770
f 355 2658 2803
f 2778 48 3002
f 2848 762 2789
f 1959 2730 452
f 2774 2483 2730
f 1644 371 2775
f 2782 2775 2738
f 2753 2129 524
f 2965 2525 809
f 2721 1733 2777
f 2902 2897 2720
f 1842 2797 2714
f 401 2980 2420
f 1671 39 1831
f 127 2946 2942
f 1852 2898 2893
f 2033 2767 2812
f 2877 1467 2769
f 1508 142 3094
f 2248 2966 2693
f 2755 3095 2749
f 657 2752 2860
f 485 3028 2916
f 786 1805 2785
f 2842 2757 2369
f 2674 1714 2666
f 2801 2783 2763
f 3046 162 1905
f 3046 161 2389
f 2664 2999 2743
f 2666 1714 3017
f 2794 1432 2777
f 2786 2787 428
f 1894 542 2787
f 912 2912 2673
f 2857 2790 353
f 2898 1671 2780
f 2921 1831 407
f 2794 32 2216
f 2857 353 1782
f 2713 2936 2931
f 743 2791 293
f 2919 2887 2823
f 2812 2792 2175
f 34 2769 2843
f 657 2860 2793
f 2860 2871 2793
f 1791 657 2793
f 2777 32 2794
f 2216 1489 2794
f 2773 2772 1640
f 2806 2717 2864
f 17 1640 1965
f 1577 3047 2677
f 2888 1962 2879
f 2796 1980 1616
f 2855 2796 2822
f 810 1592 2529
f 2827 405 852
f 2843 2769 2827
f 1729 1728 2829
f 2782 2829 1728
f 3012 2801 2884
f 2248 2821 2966
f 2755 2783 2801
f 1593 883 2802
f 362 2527 2802
f 2933 252 2651
f 2781 2292 3090
f 3084 420 1876
f 2729 2809 2805
f 434 3090 3058
f 2749 549 380
f 2976 2785 2850
f 3058 2881 1919
f 2842 2976 2995
f 413 2893 2887
f 2795 139 3047
f 3047 1577 2795
f 2854 1836 2808
f 2811 673 1362
f 2812 2767 2792
f 1535 2756 2970
f 2900 2815 2738
f 2956 2908 999
f 2743 3034 2756
f 2134 799 354
f 2812 484 2033
f 1640 455 1965
f 3090 434 1922
f 2687 2879 2863
f 2744 3067 2716
f 1838 2911 2706
f 2519 2814 913
f 2782 2738 2815
f 2761 2865 2764
f 3014 2870 2886
f 2980 2778 3002
f 1768 392 2906
f 2877 2034 484
f 2269 825 2985
f 2983 140 1689
f 2805 2919 2823
f 2818 1755 390
f 2699 396 2818
f 2985 2510 2269
f 2776 2962 1842
f 2990 3094 2664
f 334 1432 2820
f 1489 1301 2820
f 3002 2421 1784
f 2974 2968 1325
f 2807 3076 3061
f 2886 2870 2851
f 2809 2919 2805
f 2781 35 2888
f 2680 912 246
f 2729 2938 2809
f 2887 1853 413
f 3114 153 1328
f 3041 2654 3108
f 2853 2791 743
f 2895 1997 1565
f 2826 510 2669
f 2988 3008 2950
f 2034 2769 34
f 2843 1961 34
f 201 625 2828
f 2764 2118 2828
f 384 2845 1826
f 743 2852 2853
f 2760 2741 3010
f 2797 2733 2714
f 2866 1966 455
f 2862 2835 2696
f 2851 2870 2551
f 2835 2574 2696
f 2215 950 1724
f 2833 2646 2676
f 2852 604 2824
f 242 2663 2993
f 3043 3036 3000
f 2782 2815 2856
f 2832 950 2868
f 2932 2136 19
f 1061 1071 2841
f 1785 285 2841
f 2734 2771 2854
f 2946 2835 2942
f 2836 2833 2944
f 2031 483 2935
f 1961 2843 2863
f 2715 2808 132
f 2827 852 2843
f 2940 2741 2747
f 2845 1729 2829
f 2737 2837 2839
f 126 3051 1019
f 2970 3022 2708
f 2931 2789 2713
f 2704 772 2926
f 2845 2829 2844
f 2726 3037 3048
f 2521 2766 807
f 2838 2637 1615
f 1879 2689 41
f 2849 2726 3026
f 1805 2765 2850
f 2861 2719 2784
f 3080 2991 1507
f 2669 2830 2909
f 131 1836 2854
f 2854 2771 131
f 2957 542 1894
f 2991 2974 129
f 2851 2025 2791
f 1768 2925 1050
f 14 2844 2856
f 2856 2844 2829
f 1849 2815 412
f 2730 1959 2858
f 799 1724 2899
f 2663 106 1779
f 2967 2768 844
f 1959 42 2858
f 2858 2774 2730
f 2686 3009 1557
f 2045 133 2859
f 2859 965 2715
f 1921 2860 2752
f 2871 1920 2817
f 452 1680 1958
f 2857 2910 2689
f 2844 3038 2845
f 2871 2860 433
f 2822 210 2903
f 2799 2894 2810
f 42 2800 2858
f 2688 2836 2937
f 2862 2847 3069
f 2706 156 1838
f 1962 2888 35
f 2863 2843 852
f 2864 2996 2806
f 1640 605 2866
f 2860 1921 433
f 455 1640 2866
f 2817 10 2867
f 1942 2868 950
f 950 2832 1724
f 113 2904 1012
f 2960 2982 2957
f 3042 2904 3041
f 2886 2791 2853
f 3055 2918 18
f 2762 2768 3019
f 2849 2865 2761
f 433 1920 2871
f 2793 369 1791
f 2887 513 2823
f 2868 579 2832
f 2605 2606 2978
f 2910 1468 2873
f 2832 579 2214
f 2733 2744 1354
f 3056 2962 2874
f 1068 2867 1964
f 2878 11 2752
f 2790 2846 2709
f 1966 2866 3055
f 2028 1546 2637
f 2028 2935 2918
f 2863 453 1961
f 1770 1029 739
f 2752 11 1921
f 2876 2890 2959
f 2908 2654 999
f 2982 2913 2957
f 2769 2034 2877
f 484 2812 2877
f 3096 1623 2773
f 1874 11 2878
f 2878 2660 2745
f 2879 2687 2813
f 2879 453 2863
f 2847 2862 2816
f 3084 2803 2958
f 351 2679 2681
f 2681 2894 2799
f 1882 2986 16
f 2918 2907 2028
f 3012 2885 1855
f 2763 1858 2884
f 1858 2951 2884
f 3070 13 2885
f 2883 2717 2684
f 2864 3039 3052
f 2943 2993 2663
f 2961 2956 3067
f 2951 1858 2665
f 113 2654 3041
f 1853 2919 40
f 2893 513 2887
f 35 2781 1922
f 2879 2813 2888
f 2935 2030 2918
f 2910 41 2689
f 2720 2897 392
f 2870 2889 2551
f 2747 2741 1444
f 163 2982 2960
f 2957 2872 542
f 3 875 3060
f 3112 3018 165
f 2909 2830 2891
f 2893 413 1852
f 2723 2953 2971
f 2791 2886 2851
f 2895 3064 2727
f 1565 2810 2895
f 2913 2830 2662
f 2723 2971 844
f 2739 2984 2954
f 2744 2892 3067
f 39 1671 2898
f 2780 2788 2898
f 2929 2969 152
f 2214 2915 2832
f 2992 3021 3101
f 993 2992 2819
f 2900 412 2815
f 2900 2727 3064
f 2873 1916 431
f 2674 2666 2896
f 2517 2737 2751
f 2897 2906 392
f 2832 2915 1724
f 2760 2939 2880
f 2778 809 2526
f 2247 2876 2228
f 2938 1878 2809
f 2906 2925 1768
f 2906 2897 3007
f 154 1506 2967
f 2875 3055 2866
f 2918 2030 18
f 2899 2869 354
f 2953 153 3114
f 354 2924 1871
f 2899 1724 2915
f 2874 3009 3054
f 2955 2324 46
f 2909 2891 2988
f 41 2910 1915
f 431 1915 2910
f 2911 2914 2697
f 2697 2814 2911
f 1086 152 2969
f 3112 1690 2988
f 2914 2911 2048
f 2987 2130 44
f 2657 2762 2994
f 2954 2975 2821
f 2913 2662 2872
f 2826 2909 2950
f 3052 2996 2864
f 2926 772 2750
f 1451 2697 2724
f 2914 2724 2697
f 2910 2873 431
f 2246 1885 137
f 164 3018 2982
f 1885 2388 137
f 2800 42 1916
f 2970 2756 3034
f 2036 2916 2987
f 2699 2936 2713
f 2915 2214 45
f 2947 45 2131
f 361 654 2029
f 2036 485 2916
f 2848 2789 2917
f 25 3093 3113
f 2030 2935 483
f 2523 2661 3030
f 421 1878 2938
f 654 2963 375
f 2131 2869 2947
f 2797 2892 2733
f 2919 2809 40
f 2919 1853 2887
f 2889 1149 585
f 1157 1451 2724
f 2939 2760 3010
f 2831 654 361
f 1671 1831 2921
f 2921 1670 2779
f 1022 660 2324
f 2652 2328 660
f 2922 47 2328
f 2719 3009 2874
f 2923 2938 2846
f 2689 1879 2923
f 3016 2839 2837
f 2987 2916 2831
f 654 2831 2916
f 2923 2790 2689
f 2770 2969 2929
f 2212 2955 46
f 2824 2806 3066
f 2892 2744 2733
f 2036 2987 44
f 3049 2924 2869
f 3091 2740 2798
f 2925 2906 3021
f 2917 2789 3006
f 3068 3053 3109
f 2928 2706 2840
f 2929 2890 2770
f 1596 2228 2930
f 2930 2319 587
f 2936 2699 2746
f 2933 2901 3037
f 3039 2926 3105
f 2923 1879 421
f 2324 2955 1022
f 2719 295 2784
f 2838 19 2031
f 2932 527 2136
f 3022 2837 2708
f 2927 3007 2897
f 2925 2992 1050
f 2904 2651 1012
f 2934 373 1670
f 407 1670 2921
f 2935 2028 2637
f 2838 2031 2935
f 3102 3106 151
f 2848 2917 2902
f 2937 2944 1183
f 2984 2739 2673
f 2959 1186 153
f 3011 3072 3022
f 3062 2952 422
f 2938 2729 2846
f 3064 2895 3062
f 1850 2900 15
f 2939 3010 3013
f 2680 2973 2912
f 579 2868 2212
f 2676 3000 3086
f 3086 2944 2833
f 2962 2797 1842
f 2064 493 2941
f 2835 2862 2942
f 2942 3069 1084
f 3069 2942 2862
f 2898 1852 39
f 2938 2923 421
f 113 3041 2904
f 2901 2933 2904
f 2945 1045 1349
f 2945 2837 2737
f 2939 2979 2880
f 2984 2973 3015
f 2703 2835 2946
f 2946 127 1185
f 3062 422 1881
f 2825 3069 2847
f 3057 2688 2937
f 3092 2944 3086
f 2703 2946 2949
f 1185 128 2949
f 2899 2915 2947
f 45 2947 2915
f 3077 2731 2161
f 2707 2703 2949
f 3019 1506 155
f 654 2916 3028
f 2950 2609 2826
f 2825 2865 3051
f 3057 1183 169
f 2673 2912 2984
f 13 3070 1827
f 3031 3087 147
f 2952 2810 2894
f 406 3070 3103
f 2979 2939 2997
f 2953 2723 2876
f 2954 2821 2739
f 1022 1942 2331
f 2955 2212 2868
f 2956 2716 3067
f 2956 2961 2908
f 2658 2958 2803
f 153 2953 2959
f 2929 2959 2890
f 3029 148 925
f 2960 2957 1894
f 2914 2048 158
f 3050 2035 43
f 2959 2953 2876
f 2992 993 1050
f 2883 2704 2926
f 2964 138 2795
f 3028 485 2035
f 1885 2246 2964
f 2964 1884 2811
f 687 3020 1765
f 1765 3084 2958
f 2852 3068 2853
f 2606 2674 2896
f 2940 2993 3029
f 2525 2965 2819
f 2905 993 2965
f 2969 2770 2966
f 844 2971 2967
f 2968 2949 128
f 2765 2707 2968
f 3019 2768 2967
f 2693 2966 2770
f 1688 2928 2994
f 3017 960 3033
f 154 2967 3114
f 165 3018 1835
f 2724 3078 2972
f 2948 2391 160
f 2855 3017 1714
f 128 1325 2968
f 2920 925 149
f 2765 2968 2974
f 1325 129 2974
f 2966 2821 2975
f 2974 2850 2765
f 2978 1779 2605
f 2903 2855 2822
f 1186 2959 2929
f 2966 3102 2969
f 2882 2759 2986
f 1882 422 2952
f 809 2778 2965
f 152 1186 2929
f 3045 2931 2936
f 2953 3114 2971
f 2691 2880 2979
f 2997 2680 2979
f 3001 2755 2801
f 48 2778 2526
f 2980 2905 2778
f 2797 2962 2977
f 2850 2991 2976
f 3053 2852 2824
f 1958 1680 3050
f 2872 2957 2913
f 2913 2982 3018
f 1086 2969 3102
f 2983 2985 2140
f 3057 169 3044
f 155 1688 2994
f 1689 3025 2983
f 164 2982 2046
f 3020 3084 1765
f 2986 3096 432
f 1905 162 2245
f 2825 2718 2764
f 2990 2985 3025
f 2130 2987 3049
f 2831 2924 2987
f 138 2964 2246
f 2950 2909 2988
f 3024 3015 2973
f 3049 525 2130
f 925 2920 3029
f 3020 687 2981
f 2952 2882 1882
f 2983 3025 2985
f 2958 2658 1408
f 2989 940 997
f 2998 2584 1043
f 2681 2679 2882
f 129 1507 2991
f 2991 2850 2974
f 2999 3059 3034
f 2999 2664 3094
f 130 1691 2995
f 2976 2842 2369
f 3088 2990 3025
f 2901 3042 3116
f 3021 2992 2925
f 3076 2839 3099
f 3022 3016 2837
f 2994 3019 155
f 2994 2928 2657
f 2771 2842 2995
f 3031 147 2978
f 2996 3066 2806
f 3023 2973 2997
f 2997 2973 2680
f 3027 2936 2746
f 2998 51 2584
f 1043 2989 2998
f 3034 2743 2999
f 3000 2676 2702
f 3057 3044 2686
f 3026 3074 2849
f 2855 3073 3017
f 3012 3001 2801
f 3001 3095 2755
f 1784 2980 3002
f 3072 3099 3016
f 3015 3024 3106
f 1856 2981 400
f 1856 3032 3003
f 3080 130 2995
f 48 2421 3002
f 2981 1856 3003
f 2718 2825 2847
f 3105 2926 2750
f 3004 1157 2161
f 2453 2731 428
f 2927 2897 2902
f 2975 3015 3106
f 2789 2931 3006
f 3006 3065 2917
f 3052 873 27
f 3001 414 1854
f 3043 1505 167
f 928 148 2943
f 1505 3043 3008
f 3043 3000 2834
f 3056 2977 2962
f 3044 1083 3107
f 2982 163 2046
f 3010 2741 2920
f 2245 163 2960
f 3023 959 150
f 1850 412 2900
f 3064 1881 15
f 3073 2855 2903
f 3005 2927 2902
f 2902 2917 3005
f 2970 3034 3011
f 1855 2885 13
f 959 3023 3013
f 3015 2975 2954
f 2954 2984 3015
f 3003 411 1847
f 2993 2940 242
f 3013 2997 2939
f 3018 3112 2891
f 3024 3023 150
f 2839 3076 2751
f 1478 2326 706
f 3072 1184 3099
f 3018 164 1835
f 3018 2891 2913
f 3065 3005 2917
f 3019 2994 2762
f 2967 1506 3019
f 420 3084 3020
f 3100 3020 2981
f 3032 411 3003
f 3007 3021 2906
f 3065 3097 902
f 3065 902 1
f 3051 3074 1019
f 3106 1018 151
f 2972 2243 159
f 1897 38 1848
f 3023 3024 2973
f 2973 2984 2912
f 150 1018 3024
f 3087 3031 2896
f 2666 3017 3033
f 2934 1670 1830
f 3031 2978 2606
f 3071 3007 2927
f 3025 1689 141
f 2990 3088 3094
f 2958 1408 1638
f 162 3046 2389
f 3026 2726 3048
f 3078 2724 2914
f 2886 2853 3035
f 3108 2908 123
f 3014 3093 874
f 2963 654 3028
f 3028 3050 2963
f 3054 170 1017
f 3063 3085 2892
f 3088 141 1508
f 2870 3014 3081
f 960 147 3087
f 2896 3031 2606
f 2870 3081 2889
f 3045 3060 3111
f 3030 2889 3081
f 2661 2523 808
f 3099 1184 144
f 2960 1905 2245
f 2927 3005 3083
f 3082 3071 50
f 1848 411 3032
f 3032 425 1897
f 3087 3033 960
f 3059 143 3011
f 2904 3042 2901
f 3042 926 124
f 3093 2886 3035
f 1327 3036 167
f 2676 3086 2833
f 3101 3082 876
f 2819 2992 3101
f 2659 2933 3037
f 3038 2844 3103
f 1828 406 3103
f 3039 2883 2926
f 1476 2137 3040
f 2135 2932 1615
f 3111 3060 875
f 3105 28 873
f 3107 3054 3009
f 2856 1849 14
f 1326 3059 3098
f 3042 3108 926
f 3036 1327 3092
f 2834 3008 3043
f 414 3001 3012
f 3071 904 50
f 3063 2977 962
f 3044 169 1083
f 2936 3027 3045
f 3089 3006 2931
f 2986 1882 2882
f 3046 3075 161
f 3046 1905 2786
f 2731 2735 428
f 2844 14 1828
f 1837 2694 3047
f 139 2795 2047
f 3011 3022 2970
f 16 2986 1917
f 49 2525 2819
f 3038 2951 2665
f 2666 3087 2896
f 525 3049 2869
f 3049 2987 2924
f 3026 3116 125
f 3082 3101 3021
f 3009 2719 2861
f 3085 2961 3067
f 145 3061 3076
f 2996 3052 27
f 1184 3072 143
f 3035 3068 3113
f 167 3036 3043
f 2391 2948 3077
f 3037 2901 3048
f 43 1958 3050
f 2963 1680 2148
f 3013 2920 959
f 2865 2849 3074
f 3009 2686 3107
f 2776 2874 2962
f 3074 3026 125
f 2807 210 2518
f 3061 2903 2807
f 2865 3074 3051
f 3051 126 3069
f 25 874 3093
f 3052 3105 873
f 3075 3046 2735
f 3051 3069 2825
f 2824 3066 3053
f 3107 1083 170
f 2961 927 2908
f 18 1966 3055
f 2907 2918 3055
f 148 3029 2943
f 3055 2875 2907
f 3012 1855 414
f 2977 3056 171
f 1183 3057 2937
f 1919 2881 36
f 3090 2292 355
f 3011 3034 3059
f 1326 143 3059
f 3060 3045 3027
f 1881 3064 3062
f 3116 124 961
f 2797 2977 3063
f 172 3085 3063
f 962 172 3063
f 2988 1690 166
f 2881 3058 2803
f 2881 1876 36
f 15 2900 3064
f 3065 3083 3005
f 3008 166 1505
f 3109 3113 3068
f 3108 3042 3041
f 3098 3094 142
f 3109 3115 26
f 126 1084 3069
f 2892 2797 3063
f 3070 2885 2951
f 3070 406 1827
f 3083 1 904
f 3082 3021 3007
f 3072 3016 3022
f 3 3060 3091
f 3073 3061 1016
f 960 3017 146
f 125 1019 3074
f 2940 3029 2920
f 2997 3013 3023
f 1854 3095 3001
f 160 2461 2948
f 2735 2948 3075
f 3099 144 1085
f 159 2391 3077
f 3077 2161 2972
f 2243 2972 3078
f 2914 158 3078
f 1017 171 3056
f 2903 3061 3073
f 2208 1513 21
f 3079 2325 21
f 3080 2976 2991
f 1507 130 3080
f 2869 2131 525
f 874 24 3014
f 50 876 3082
f 3083 3065 1
f 904 3071 3083
f 3068 3035 2853
f 2996 3115 3066
f 3115 2996 901
f 1084 127 2942
f 145 1016 3061
f 3097 3111 2
f 3011 143 3072
f 2996 27 901
f 3083 3071 2927
f 1876 2881 3084
f 1919 434 3058
f 2886 3093 3014
f 168 1183 2944
f 3086 3000 3036
f 706 2326 659
f 706 2325 3079
f 3091 2528 3
f 3087 2666 3033
f 3025 141 3088
f 1508 3094 3088
f 3089 3045 3111
f 3097 3065 3006
f 355 3058 3090
f 1922 2781 3090
f 2798 2528 3091
f 3091 3060 3027
f 1327 168 3092
f 3086 3036 3092
f 146 3017 3073
f 125 3116 961
f 3007 3071 3082
f 3098 3059 2999
f 3095 1854 12
f 1875 419 2804
f 3096 2986 2759
f 2773 1918 3096
f 3006 3089 3097
f 2 902 3097
f 3085 172 927
f 166 3008 2988
f 171 962 2977
f 2999 3094 3098
f 142 1326 3098
f 2804 3095 1875
f 3115 3109 3053
f 3020 1877 420
f 2874 3054 3056
f 928 2943 2978
f 24 2523 3030
f 2908 927 123
f 2839 3016 3099
f 1085 145 3076
f 1877 3020 3100
f 3100 1847 37
f 876 49 3101
f 3111 3097 3089
f 2944 3092 168
f 149 959 2920
f 151 1086 3102
f 3102 2966 2975
f 3103 3070 3038
f 2844 1828 3103
f 3104 1556 437
f 3104 610 441
f 3105 3052 3039
f 2750 28 3105
f 927 2961 3085
f 3113 903 25
f 3106 3024 1018
f 3106 3102 2975
f 3116 3048 2901
f 3056 3054 1017
f 2978 147 928
f 2920 3013 3010
f 3014 24 3081
f 3107 2686 3044
f 170 3054 3107
f 123 926 3108
f 3108 2654 2908
f 2819 3101 49
f 26 903 3109
f 3053 3068 2852
f 3073 1016 146
f 2993 2943 3029
f 1513 2208 3110
f 1512 578 2213
f 432 1917 2986
f 3030 3081 24
f 3076 3099 1085
f 875 2 3111
f 3045 3089 2931
f 165 1690 3112
f 2988 2891 3112
f 3113 3093 3035
f 3113 3109 903
f 2750 2766 2521
f 2967 2971 3114
f 1328 154 3114
f 901 26 3115
f 3053 3066 3115
f 3116 3026 3048
f 3116 3042 124
