v -125 -125 125
v -125 -121.09375 121.09375
v -125 -117.1875 117.1875
v -125 -113.28125 113.28125
v -125 -109.375 109.375
v -125 -105.46875 105.46875
v -125 -101.5625 101.5625
v -125 -97.65625 97.65625
v -125 -93.75 93.75
v -125 -89.84375 89.84375
v -125 -85.9375 85.9375
v -125 -82.03125 82.03125
v -125 -78.125 78.125
v -125 -74.21875 74.21875
v -125 -70.3125 70.3125
v -125 -66.40625 66.40625
v -125 -62.5 62.5
v -125 -58.59375 58.59375
v -125 -54.6875 54.6875
v -125 -50.78125 50.78125
v -125 -46.875 46.875
v -125 -42.96875 42.96875
v -125 -39.0625 39.0625
v -125 -35.15625 35.15625
v -125 -31.25 31.25
v -125 -27.34375 27.34375
v -125 -23.4375 23.4375
v -125 -19.53125 19.53125
v -125 -15.625 15.625
v -125 -11.71875 11.71875
v -125 -7.8125 7.8125
v -125 -3.90625 3.90625
v -125 0 -0
v -125 3.90625 -3.90625
v -125 7.8125 -7.8125
v -125 11.71875 -11.71875
v -125 15.625 -15.625
v -125 19.53125 -19.53125
v -125 23.4375 -23.4375
v -125 27.34375 -27.34375
v -125 31.25 -31.25
v -125 35.15625 -35.15625
v -125 39.0625 -39.0625
v -125 42.96875 -42.96875
v -125 46.875 -46.875
v -125 50.78125 -50.78125
v -125 54.6875 -54.6875
v -125 58.59375 -58.59375
v -125 62.5 -62.5
v -125 66.40625 -66.40625
v -125 70.3125 -70.3125
v -125 74.21875 -74.21875
v -125 78.125 -78.125
v -125 82.03125 -82.03125
v -125 85.9375 -85.9375
v -125 89.84375 -89.84375
v -125 93.75 -93.75
v -125 97.65625 -97.65625
v -125 101.5625 -101.5625
v -125 105.46875 -105.46875
v -125 109.375 -109.375
v -125 113.28125 -113.28125
v -125 117.1875 -117.1875
v -125 121.09375 -121.09375
v -125 125 -125
v -121.09375 -125 121.09375
v -122.226741 -122.150526 119.440485
v -121.813409 -117.902167 114.896519
v -120.269953 -113.682463 109.380675
v -120.869088 -108.396479 104.814269
v -122.203554 -104.481848 102.144425
v -121.276606 -100.676192 97.6773346
v -121.151032 -97.5735907 94.5691294
v -122.024151 -92.8041001 90.5947325
v -120.452328 -91.1351332 87.8195118
v -122.150116 -85.7796719 83.8239747
v -121.391173 -82.2769658 79.901579
v -121.047976 -78.4751643 75.9940785
v -121.283439 -75.3999015 73.1580749
v -120.85641 -68.9537868 66.6680572
v -120.443412 -65.1736279 62.7978731
v -119.846144 -61.4934668 58.9580392
v -121.683825 -59.7908674 58.2046515
v -120.687566 -53.8795878 52.0207706
v -120.557222 -51.1352768 49.3178153
v -121.660529 -48.1891145 46.9017054
v -122.456863 -42.9405562 42.0669265
v -119.799132 -40.141973 38.4717882
v -121.644997 -34.6332597 33.7037021
v -121.602382 -30.9835417 30.1413798
v -120.022665 -28.6916613 27.5491972
v -120.860883 -24.1483367 23.3487143
v -121.1722 -19.1050318 18.5199899
v -120.346508 -15.0807472 14.5193222
v -122.37796 -11.3499318 11.111852
v -120.52783 -8.90894075 8.59020235
v -121.437615 -3.2335938 3.14143934
v -122.212512 1.35275391 -1.32258763
v -120.654883 3.50927668 -3.38729093
v -119.913966 6.90326978 -6.62238766
v -121.894399 12.6079547 -12.2947125
v -120.738035 15.7179255 -15.1820114
v -121.645648 18.2317692 -17.742523
v -120.432697 22.5155997 -21.692915
v -120.486268 26.3688342 -25.4166595
v -121.862888 32.0391078 -31.2350256
v -120.191716 35.8528417 -34.4737164
v -120.66267 40.0982862 -38.7069301
v -120.593909 42.0565868 -40.5741457
v -120.218543 46.8529126 -45.060711
v -121.289058 51.0646082 -49.548626
v -120.386352 55.2957851 -53.2548629
v -120.058843 59.6222514 -57.2654283
v -122.181156 62.0735714 -60.6737659
v -120.137352 65.1115817 -62.5786642
v -121.383792 70.238405 -68.2064318
v -121.149302 74.6565354 -72.3566971
v -122.060804 77.107179 -75.294114
v -120.551178 82.1309536 -79.2078656
v -121.662558 85.3271428 -83.048948
v -120.078916 90.6488733 -87.0801478
v -121.707961 94.031762 -91.555312
v -120.924739 97.8526452 -94.6624447
v -121.368128 100.236919 -97.3245372
v -120.785013 104.313027 -100.795602
v -121.923252 109.289202 -106.599159
v -121.967964 113.38865 -110.638262
v -120.418741 116.838625 -112.556481
v -120.404077 120.28613 -115.863523
v -121.09375 125 -121.09375
v -117.1875 -125 117.1875
v -117.004357 -122.159733 114.345769
v -116.03611 -118.197366 109.7213
v -117.992021 -113.083701 106.743796
v -116.228005 -109.27246 101.60416
v -118.092613 -105.78608 99.940437
v -115.917772 -101.054963 93.7125292
v -116.849278 -96.9140476 90.5946916
v -116.89524 -92.7391342 86.7261066
v -115.900816 -89.6588519 83.1322726
v -116.402645 -85.3009008 79.4340037
v -116.394757 -80.9769912 75.4023776
v -118.406775 -78.12896 74.0079854
v -117.54492 -73.4792647 69.0969145
v -118.322553 -70.8190809 67.0359559
v -118.025511 -67.2168374 63.4664124
v -117.969895 -61.4596963 58.0031513
v -116.206838 -57.8812195 53.8095482
v -118.208092 -54.728446 51.7547614
v -117.74324 -50.110681 47.2015517
v -117.207059 -45.9993839 43.1316201
v -116.231944 -42.7947659 39.7929508
v -115.915383 -38.281314 35.4991454
v -116.618354 -36.4351334 33.9920423
v -117.970387 -30.0533488 28.3632414
v -117.0645 -26.3214528 24.6504618
v -116.624331 -22.9536871 21.4156671
v -118.412821 -18.4976217 17.5228446
v -116.695629 -15.681332 14.6395433
v -117.547667 -11.6872997 10.9905185
v -116.942226 -9.15906818 8.56865455
v -116.723932 -5.24456774 4.89733256
v -116.725042 -0.30559541 0.285365096
v -117.124473 3.56885876 -3.34400562
v -117.037827 9.04510685 -8.46895723
v -118.012872 12.7829845 -12.0684537
v -117.200659 14.9422608 -14.0099426
v -118.211771 19.4209113 -18.3662425
v -117.240145 22.9200562 -21.4972056
v -117.088393 27.6700387 -25.9187229
v -116.437995 31.7388943 -29.5649057
v -117.47826 34.0130523 -31.9663537
v -118.501093 38.3927565 -36.3966688
v -117.111621 42.1703466 -39.5091013
v -117.993505 46.8890367 -44.2608142
v -116.527811 50.3999919 -46.984006
v -117.491844 54.5736211 -51.2956428
v -117.514331 58.0224712 -54.5477752
v -116.067898 61.6604586 -57.2543983
v -117.480159 65.9142171 -61.9489016
v -117.600796 69.0502523 -64.9629173
v -117.603071 74.2678411 -69.8730095
v -117.240094 77.3409684 -72.5396993
v -118.299592 82.408658 -77.9912848
v -117.059675 86.737607 -81.2278088
v -116.035159 88.804347 -82.4354124
v -117.015447 93.2944414 -87.3351265
v -116.520558 98.1736634 -91.5140003
v -115.96485 100.822623 -93.5350426
v -116.252028 106.626902 -99.1647485
v -116.520295 108.752163 -101.374673
v -116.331193 113.684749 -105.80066
v -116.31212 117.294701 -109.142363
v -117.860826 122.231251 -115.250209
v -117.1875 125 -117.1875
v -113.28125 -125 113.28125
v -113.33057 -120.296288 109.065974
v -113.711321 -116.487686 105.967749
v -113.932761 -114.53084 104.390518
v -113.085601 -110.153225 99.6539495
v -113.779218 -104.175903 94.8244222
v -112.956799 -102.568885 92.6868229
v -113.055892 -96.8871054 87.6292653
v -114.362972 -92.399134 84.5363163
v -113.438702 -90.7642651 82.3694432
v -113.582428 -84.6128328 76.884248
v -112.716185 -81.1553338 73.1801568
v -114.407449 -79.4839219 72.7484221
v -114.186442 -75.3935439 68.8713645
v -113.246804 -71.4822484 64.7610893
v -113.542127 -67.1896596 61.0308547
v -112.82913 -63.7907029 57.5795962
v -113.738282 -59.5177064 54.1555337
v -114.109167 -53.7630771 49.0788797
v -112.100423 -49.7425869 44.6093201
v -113.981533 -46.4355603 42.3423708
v -114.246309 -43.1148912 39.4057373
v -113.883102 -38.5794683 35.1483962
v -113.719504 -34.5251062 31.4094235
v -114.032886 -31.1995055 28.4621572
v -113.181947 -28.5374906 25.83943
v -112.086509 -24.7886821 22.2278147
v -114.303855 -20.4156619 18.6687108
v -113.513222 -16.3085971 14.8099312
v -112.821444 -10.5279897 9.50226407
v -112.229295 -7.28610461 6.54171507
v -111.914601 -3.54369672 3.17273124
v -114.25568 0.107380667 -0.0981508088
v -113.179264 4.6850631 -4.24201595
v -112.238905 7.91573999 -7.1076319
v -114.503434 13.0787028 -11.9804511
v -113.039823 16.746274 -15.1439668
v -114.172899 18.8190041 -17.188962
v -112.548902 23.8228037 -21.4498432
v -112.084603 27.6666106 -24.8080085
v -113.176556 32.5543219 -29.4750882
v -114.62392 35.7504128 -32.7828196
v -114.472753 40.2772397 -36.8851721
v -113.511753 42.8486526 -38.9106052
v -112.331591 47.4369808 -42.6293721
v -114.001028 49.5352815 -45.1765841
v -112.818764 54.3628413 -49.0651887
v -113.540174 58.1990783 -52.8634677
v -113.923404 63.632146 -57.9935253
v -112.723741 66.0551153 -59.5678376
v -113.805548 71.0667931 -64.7023626
v -113.631576 73.2369228 -66.5762154
v -112.555792 78.0246638 -70.2570227
v -113.294375 81.8405895 -74.1766276
v -112.50491 85.217584 -76.6991731
v -113.236678 89.3552783 -80.9463592
v -114.211015 92.4112617 -84.4350719
v -113.435201 97.9899065 -88.9240382
v -112.261971 102.853234 -92.3720541
v -113.10374 104.883379 -94.9016193
v -112.01027 108.86701 -97.5537856
v -114.645297 112.388657 -103.078648
v -113.717748 118.350382 -107.668311
v -112.545566 122.350153 -110.159738
v -113.28125 125 -113.28125
v -109.375 -125 109.375
v -108.865993 -121.892503 106.159587
v -109.208262 -116.093622 101.427061
v -108.927265 -112.888963 98.3734879
v -108.345697 -109.480842 94.8942248
v -108.873102 -104.67324 91.1688025
v -109.245859 -100.987872 88.260055
v -109.204188 -96.9561197 84.7041145
v -108.920063 -94.4857719 82.3311699
v -109.85649 -90.7606751 79.7651936
v -108.911701 -84.9397261 74.0074402
v -109.060524 -83.0159045 72.4300644
v -108.593213 -77.4831898 67.3131881
v -109.429072 -74.3888044 65.1223826
v -110.668336 -69.8411996 61.8336746
v -109.274043 -66.3729924 58.0227616
v -108.396946 -61.2538912 53.1178779
v -108.992136 -57.8076243 50.4046114
v -108.982693 -53.6141378 46.7441048
v -109.673187 -52.1153927 45.7252896
v -109.767187 -46.4917473 40.8261466
v -108.776426 -44.0963557 38.3731519
v -110.529513 -39.6677214 35.0756316
v -108.373018 -33.9722759 29.4534244
v -108.346082 -30.6277428 26.5471675
v -108.110504 -26.6389983 23.0396442
v -110.371194 -23.6627109 20.8934532
v -110.426702 -18.4503544 16.2992944
v -108.297596 -15.2849715 13.2426054
v -109.64536 -11.083914 9.72239794
v -110.00292 -8.84743454 7.78594904
v -109.697069 -5.22706852 4.58715278
v -108.938857 0.909058836 -0.792254641
v -110.300603 3.84602907 -3.39375461
v -109.410099 8.4388357 -7.38635078
v -108.937361 11.8007094 -10.2843051
v -108.771326 15.11804 -13.1552741
v -110.708657 18.600679 -16.4740495
v -108.524893 24.4584271 -21.2347854
v -109.554978 26.5526211 -23.2717745
v -109.55055 29.8877662 -26.1937697
v -109.204482 34.851603 -30.44761
v -109.976192 39.1809437 -34.4717679
v -108.317558 43.6977482 -37.8658669
v -110.16213 45.9320347 -40.479766
v -109.258195 50.8353416 -44.4334213
v -110.282698 54.1511302 -47.7754621
v -109.057494 57.4530167 -50.1254564
v -108.276037 63.2584149 -54.7949636
v -108.328728 66.2303263 -57.397176
v -110.373921 71.013378 -62.7042001
v -109.033562 73.86242 -64.427862
v -108.301615 79.4889085 -68.8702172
v -110.19456 81.3665603 -71.7292182
v -109.608129 85.1505704 -74.665558
v -108.792154 90.6261878 -78.8753453
v -108.723938 93.953236 -81.7197266
v -109.508498 96.8362579 -84.8351453
v -108.995965 101.428062 -88.4419955
v -108.913112 105.742481 -92.1339415
v -109.776617 109.592183 -96.2452735
v -108.959174 111.939521 -97.5747016
v -109.163298 118.409072 -103.407399
v -108.835273 121.676225 -105.941321
v -109.375 125 -109.375
v -105.46875 -125 105.46875
v -105.436908 -119.736292 100.996995
v -105.916009 -116.865873 99.023735
v -105.648119 -114.000092 96.3511624
v -104.313582 -109.727499 91.568548
v -106.323091 -104.475866 88.865576
v -106.430422 -100.997548 85.9936933
v -106.802707 -98.1087401 83.8262321
v -104.50585 -92.9171778 77.6831089
v -104.132603 -89.5103007 74.5675246
v -106.189348 -86.0942488 73.1383372
v -106.108326 -82.8202433 70.3033388
v -106.293514 -78.7454262 66.9610242
v -105.194786 -74.3428882 62.5638738
v -105.509469 -69.779547 58.8992237
v -104.592175 -66.1700767 55.3669778
v -106.262527 -63.1198229 53.6581752
v -104.435332 -57.2597584 47.8395349
v -105.56732 -55.5756285 46.9357613
v -104.626927 -51.0424357 42.7233054
v -104.642748 -48.0330802 40.2105082
v -104.345605 -43.1097764 35.9865255
v -105.471994 -38.9341197 32.8516741
v -105.169051 -34.9883738 29.4375526
v -105.301869 -30.9595025 26.0807478
v -106.315579 -28.3656827 24.1257117
v -105.464589 -22.7782624 19.2184007
v -104.302213 -19.6437941 16.3911296
v -104.350668 -14.6926317 12.2654875
v -106.777136 -10.5817968 9.03915165
v -105.022074 -6.6746631 5.60789569
v -105.942421 -2.83410005 2.40201137
v -106.46423 0.22471752 -0.191395022
v -106.454657 4.00281883 -3.40894963
v -104.662215 7.21299814 -6.03942689
v -104.213218 11.6040297 -9.67434621
v -105.413404 15.0364245 -12.6803256
v -105.787249 19.633476 -16.6157713
v -105.441715 24.6546759 -20.7970505
v -104.56834 27.6845175 -23.1593924
v -104.794061 29.9093885 -25.0746102
v -106.660611 34.915745 -29.7930777
v -106.2548 39.946392 -33.9559673
v -104.463307 42.2958712 -35.3469327
v -105.487672 47.5600607 -40.1360007
v -105.037463 49.7661894 -41.8185142
v -104.7099 53.6142477 -44.91154
v -105.095241 57.985753 -48.7522135
v -104.829194 62.1069895 -52.085005
v -105.343947 67.2154178 -56.6458993
v -106.20887 69.2805586 -58.8656787
v -106.324352 74.9722115 -63.7709741
v -104.11923 78.5901636 -65.4619787
v -106.807207 80.7709124 -69.0153243
v -104.946725 85.2900897 -71.6073244
v -104.427899 89.9718558 -75.1645747
v -106.203181 92.9030552 -78.9327997
v -106.70321 97.5873757 -83.3030903
v -105.744247 102.152196 -86.4160563
v -105.933707 105.953588 -89.7924509
v -105.573779 109.048982 -92.101705
v -105.667222 113.951306 -96.3273436
v -104.260089 116.697437 -97.3350816
v -106.509655 120.356006 -102.552614
v -105.46875 125 -105.46875
v -101.5625 -125 101.5625
v -100.34837 -121.492638 97.532706
v -102.804602 -118.354963 97.3394786
v -100.364192 -112.238452 90.1177723
v -102.019139 -110.359866 90.070548
v -100.941561 -105.518747 85.2098162
v -102.921229 -102.024767 84.0041152
v -101.706668 -97.7672099 79.5486169
v -101.07643 -95.0239082 76.837419
v -101.211611 -88.8775074 71.9634859
v -100.724772 -86.0816431 69.3644313
v -102.51017 -82.3416941 67.5268887
v -101.832655 -79.1681651 64.4952355
v -101.251628 -73.4421762 59.489119
v -102.851131 -71.3743381 58.7274511
v -100.644682 -65.9873159 53.1301795
v -101.791538 -62.7469043 51.0968309
v -102.256816 -58.9009505 48.1841894
v -102.321392 -55.5551651 45.4758544
v -101.14983 -50.8303603 41.1318584
v -102.79888 -47.234377 38.8451282
v -102.261258 -44.2350924 36.1882896
v -102.098664 -38.3794403 31.3479165
v -102.222874 -33.8697851 27.6981342
v -100.931936 -29.9617851 24.1928078
v -101.309741 -26.6554283 21.6036364
v -100.457912 -22.1653507 17.8134788
v -101.012952 -19.1021268 15.4364978
v -102.124535 -16.4092167 13.406269
v -102.043108 -12.029632 9.82032827
v -102.59269 -7.53492531 6.18422605
v -102.266483 -3.87830135 3.1729619
v -101.27643 0.910467485 -0.737671169
v -100.930869 4.95444165 -4.00044883
v -102.120593 7.52141174 -6.1447282
v -101.988433 11.3842614 -9.28850385
v -100.734277 15.251589 -12.2908623
v -100.308846 19.0187436 -15.2619857
v -102.698044 23.4745726 -19.2863415
v -102.734812 26.7658278 -21.9982582
v -100.853727 29.9816025 -24.1900507
v -101.574299 34.4216746 -27.9708599
v -101.767545 39.0449675 -31.788084
v -101.197281 42.5950513 -34.4840271
v -100.85049 47.2927299 -38.1559601
v -102.738696 51.878714 -42.6396114
v -100.299737 55.1486584 -44.2511675
v -100.309973 58.7245968 -47.1253017
v -101.790402 62.5677137 -50.9503418
v -101.645725 66.723496 -54.2572649
v -102.185117 70.1613498 -57.3555658
v -101.323284 73.2364511 -59.3644619
v -102.368736 79.3875161 -65.0143974
v -101.467871 81.7995312 -66.400194
v -100.456899 86.4951005 -69.5122363
v -101.545595 91.0611783 -73.9748922
v -100.668117 93.0529138 -74.9396926
v -102.439707 97.0616141 -79.5437066
v -100.513819 100.726463 -80.9952116
v -102.592835 105.969385 -86.9735973
v -102.347644 108.619062 -88.935241
v -100.960285 112.560219 -90.9128944
v -102.103938 116.187986 -94.9060077
v -102.604536 121.365933 -99.6215618
v -101.5625 125 -101.5625
v -97.65625 -125 97.65625
v -98.7861041 -121.991239 96.4083141
v -96.8542618 -117.895639 91.3495604
v -98.9693904 -112.87382 89.368425
v -98.8693739 -108.108245 85.5087559
v -96.4380283 -105.579308 81.4548822
v -96.8847456 -102.927407 79.7767652
v -98.0105295 -97.4931903 76.4428736
v -98.4974116 -95.0670845 74.910894
v -96.6522454 -90.0979885 69.6653831
v -96.8697197 -84.5997563 65.5612374
v -97.195454 -82.8927019 64.4543504
v -97.5731687 -79.4491111 62.0168122
v -97.5871578 -74.5541689 58.2042356
v -96.3493865 -70.1444276 54.0669805
v -97.5952993 -65.6585734 51.263745
v -98.7936646 -61.143863 48.3250103
v -98.8189202 -57.2470945 45.2567685
v -97.3949701 -55.704129 43.4024158
v -97.0200182 -49.5429715 38.45328
v -97.3055881 -47.4102928 36.9062914
v -96.9922919 -43.3891199 33.6672815
v -98.2189946 -38.7687678 30.4626351
v -98.0086372 -34.1647922 26.7875578
v -98.2978991 -31.1750561 24.5155402
v -98.0046176 -26.7661637 20.9856611
v -98.2943743 -22.5192214 17.7081022
v -96.7425905 -20.2750127 15.691658
v -98.6192205 -16.4743848 12.9975279
v -98.4549883 -12.6174904 9.93803893
v -97.0708879 -9.03716715 7.01796671
v -97.9353716 -4.85236939 3.80174879
v -98.0902807 -0.442693247 0.347391239
v -96.3589129 3.0305983 -2.33620126
v -96.5794499 8.20527635 -6.33968861
v -98.4247653 11.9570874 -9.41498818
v -98.5986678 16.5007774 -13.0156374
v -97.677127 19.7078653 -15.4000613
v -97.4535983 22.5196674 -17.556981
v -98.0753557 27.2362017 -21.3696013
v -97.4062342 32.5067235 -25.3308602
v -97.1690307 35.6593196 -27.7198521
v -96.7959481 40.0976077 -31.0502877
v -98.3612586 43.9018744 -34.545949
v -97.2594617 46.3235451 -36.0432245
v -98.8645809 50.1954995 -39.7004561
v -98.8462319 54.9813832 -43.4776204
v -98.8720779 58.6043634 -46.3546815
v -98.7052277 62.9299593 -49.6921277
v -96.8858236 67.3641705 -52.2130651
v -98.0093403 69.8521322 -54.7692911
v -97.6758816 75.3361854 -58.8682266
v -97.7905086 79.3647045 -62.0889186
v -98.4572273 81.0739156 -63.8585035
v -98.898267 86.3792839 -68.3420919
v -98.526244 90.9253866 -71.6682946
v -96.6765496 92.8633443 -71.8216617
v -98.0974938 98.1090667 -76.9940285
v -97.8735332 102.098083 -79.9416006
v -98.3004653 106.078215 -83.4203033
v -96.996688 108.263868 -84.0098931
v -97.102906 112.151087 -87.1215718
v -97.9739015 118.297134 -92.7202544
v -97.6387936 119.817334 -93.5905597
v -97.65625 125 -97.65625
v -93.75 -125 93.75
v -94.034887 -121.50476 91.4054912
v -93.5495001 -117.394569 87.8576261
v -93.4940882 -111.930372 83.7186245
v -93.5382271 -109.291637 81.7835679
v -92.6519285 -104.205409 77.2386571
v -92.5188547 -101.521275 75.1410565
v -94.9766439 -96.5781337 73.3813361
v -94.0788153 -95.0067206 71.5049577
v -95.0068617 -88.8647567 67.5420932
v -94.0926588 -85.0139698 63.9935236
v -92.9213079 -82.3057889 61.1836925
v -93.2591968 -76.9367141 57.4004493
v -93.5658831 -74.9656458 56.1138149
v -94.8812039 -71.268806 54.096561
v -92.8986008 -65.7810609 48.8877481
v -93.4425477 -63.739453 47.647815
v -94.2896743 -59.0898861 44.5725289
v -92.9697958 -53.3375635 39.6702591
v -95.0103763 -50.3077126 38.2380376
v -94.60437 -46.0763067 34.8721597
v -92.9594338 -43.3017415 32.202443
v -94.9916727 -39.3061044 29.8700209
v -94.7558437 -34.0755421 25.8308539
v -93.7455799 -30.6661232 22.998508
v -93.1754486 -27.94881 20.8331433
v -93.5059348 -23.6385929 17.6827898
v -95.0161742 -19.8483565 15.0873192
v -94.3657787 -14.3196797 10.8103018
v -93.1861519 -11.3825835 8.48559327
v -94.1645546 -7.54940461 5.68709058
v -94.5861219 -4.49164569 3.39877878
v -95.1109654 -0.755464068 0.574823335
v -94.3988401 3.91210559 -2.95438584
v -92.5720976 6.9907105 -5.17715788
v -94.9817228 12.2376208 -9.29880243
v -93.6046814 15.425655 -11.5513082
v -92.6297915 19.4742813 -14.431189
v -93.2014763 22.4574093 -16.7445096
v -94.3488976 28.2670374 -21.3357106
v -93.3437174 32.2555051 -24.08679
v -94.7907152 35.4327446 -26.8695616
v -93.7530224 39.6062473 -29.7056431
v -94.3974533 42.1841237 -31.8565908
v -92.7227682 45.8370196 -34.0010827
v -92.7492967 51.7269069 -38.3810739
v -93.0340613 54.2810696 -40.3999068
v -94.0902585 58.3391462 -43.9131627
v -92.9380629 62.3431559 -46.3524171
v -92.4378673 67.6875792 -50.0551638
v -94.1069932 71.4277327 -53.7747932
v -93.6811073 74.4074695 -55.7645931
v -94.6730237 77.7558988 -58.8910884
v -94.8209731 80.7170469 -61.2293514
v -93.1480521 86.041654 -64.1168997
v -94.9523617 90.7520393 -68.9369636
v -93.4728626 94.8910457 -70.9579014
v -94.8065238 96.9065487 -73.4989841
v -93.287815 101.869055 -76.0251327
v -93.0569605 104.899453 -78.092994
v -92.5444076 109.240523 -80.8767958
v -94.0510451 114.518385 -86.1645907
v -94.0521844 116.2942 -87.5017885
v -94.0244035 122.30858 -91.9999302
v -93.75 125 -93.75
v -89.84375 -125 89.84375
v -89.2809895 -122.357648 87.3936951
v -89.0570151 -118.438948 84.3825536
v -90.8944827 -113.672478 82.6576086
v -90.3229013 -108.548005 78.4349661
v -91.0598961 -104.779899 76.329974
v -90.5686321 -100.61008 72.8969389
v -89.2046233 -96.8392056 69.1080389
v -88.6493567 -93.9510854 66.6296263
v -88.5303351 -89.9890087 63.7340568
v -91.0245786 -86.0111308 62.6330155
v -90.1119699 -82.1070968 59.1906579
v -88.8253628 -77.2081656 54.8643465
v -89.8306707 -74.9596535 53.8694076
v -90.255285 -71.2295503 51.4307469
v -89.0716617 -65.5348323 46.6983713
v -88.847539 -63.2281561 44.9413285
v -90.8119162 -57.9556045 42.104476
v -89.7968057 -55.2321961 39.6773982
v -90.8083947 -50.1957278 36.4655477
v -90.718187 -45.8263543 33.2582702
v -89.7599385 -42.3917035 30.4406136
v -90.5197369 -38.2807945 27.7213395
v -89.0096615 -34.7930201 24.7753196
v -90.211815 -29.9313906 21.6013206
v -90.7152365 -26.7088055 19.3831649
v -89.4903447 -22.5440456 16.1397953
v -90.4944599 -18.887561 13.673757
v -91.029396 -16.3836551 11.9311539
v -88.4790183 -12.030774 8.51576859
v -90.7071093 -7.81321355 5.66971213
v -90.8518941 -3.22309396 2.34259353
v -89.8968924 -0.0453451402 0.0326110975
v -91.2001122 4.90283768 -3.57711477
v -89.0526101 7.52269428 -5.35932448
v -91.0053596 11.6794525 -8.50314221
v -91.1028086 14.4159796 -10.5066899
v -88.5694203 20.4784877 -14.5101423
v -89.7979777 24.7134374 -17.7537336
v -88.6713851 26.565632 -18.8448911
v -88.7579526 32.4185908 -23.0192619
v -89.2039312 35.3867249 -25.2530798
v -91.1298577 38.4083467 -28.0011774
v -89.450622 42.7727812 -30.6084151
v -91.0330678 47.8856957 -34.8734543
v -91.1817569 50.2216587 -36.6343926
v -88.9020332 55.5844901 -39.5325935
v -90.3720221 58.7282549 -42.4591292
v -89.1679293 63.424065 -45.2431404
v -89.7622307 65.4837568 -47.0237446
v -89.0668663 71.3654503 -50.8503762
v -89.4615418 73.8341481 -52.8425338
v -88.5510344 76.8344636 -54.4301698
v -89.9127412 81.8261001 -58.8576717
v -88.8779727 85.5021719 -60.7940776
v -88.96378 88.6892585 -63.1210534
v -89.6066501 93.2959948 -66.8795325
v -89.8264082 98.4555638 -70.7512773
v -90.0346908 101.937134 -73.423027
v -89.4444299 105.533769 -75.5152627
v -90.675438 108.675816 -78.833818
v -90.0100258 112.553313 -81.0474129
v -89.4415797 118.18958 -84.5685019
v -90.370473 119.75143 -86.5759467
v -89.84375 125 -89.84375
v -85.9375 -125 85.9375
v -86.7121054 -122.076937 84.6843856
v -87.0139046 -116.824495 81.3228436
v -85.1048426 -111.928841 76.2054915
v -84.9101156 -110.673204 75.1781962
v -85.0242388 -106.540036 72.467884
v -85.3728285 -100.674595 68.7589992
v -85.6514506 -97.7774375 66.9982348
v -87.1462856 -92.9841639 64.825796
v -84.8964558 -89.3906131 60.7115699
v -86.0098755 -86.0166287 59.1862362
v -85.4273627 -80.8429861 55.2496248
v -86.9736416 -78.2983612 54.4791488
v -85.2655196 -74.0310738 50.4983838
v -86.9031182 -70.4849598 49.0029023
v -84.6840805 -67.310128 45.6007704
v -85.3615128 -62.0540788 42.3762403
v -85.8537451 -58.9934648 40.5184791
v -85.5183442 -56.0391683 38.3390151
v -86.6763011 -50.905807 35.2986164
v -85.9400496 -47.1129793 32.3911342
v -87.0692768 -43.9995524 30.6480736
v -86.5403357 -39.1541834 27.1073294
v -86.5240875 -36.4635431 25.2397983
v -86.8531521 -31.5187729 21.9000382
v -86.1669097 -28.0926806 19.3652758
v -87.1317835 -24.6439592 17.1781769
v -87.2341939 -20.5644755 14.3514035
v -86.3950792 -15.7735949 10.9020878
v -84.5937677 -11.0358267 7.46849727
v -85.3166432 -6.91444066 4.71933494
v -86.1351115 -5.1590301 3.55498907
v -86.7594952 0.16118621 -0.111875474
v -86.9723266 2.69071893 -1.87214468
v -86.1657979 6.85666138 -4.72647759
v -85.5180979 12.6621248 -8.66272665
v -85.045765 14.7335044 -10.0241772
v -86.0401442 19.1183545 -13.1595678
v -84.9753883 24.4537655 -16.6237458
v -85.0863025 26.0569315 -17.7367036
v -84.9814754 31.5036336 -21.4178021
v -86.3970909 34.1453396 -23.6004641
v -86.0277516 38.951975 -26.8076067
v -86.8664274 42.1557086 -29.2953264
v -85.7062773 46.8647722 -32.1328413
v -87.188836 51.1499929 -35.6776668
v -86.0208642 54.3270197 -37.3860575
v -86.8573223 58.4274911 -40.5988434
v -85.9984631 63.8311981 -43.9150794
v -86.809004 67.1239332 -46.6156943
v -87.3005737 71.4905457 -49.9293253
v -86.1514481 74.1047338 -51.073841
v -86.1336497 76.9721515 -53.0391387
v -85.8251136 81.7280339 -56.1145424
v -86.9638345 84.9977082 -59.133813
v -85.9422319 88.6346633 -60.9396863
v -86.485269 94.804542 -65.5935705
v -87.0821459 97.4135812 -67.8638696
v -86.183028 100.896363 -69.5644327
v -85.4812407 105.127557 -71.8914719
v -86.4766437 108.284786 -74.9128388
v -85.3538935 112.297632 -76.6803212
v -85.1478914 117.569443 -80.0863211
v -87.2663604 121.402549 -84.7548687
v -85.9375 125 -85.9375
v -82.03125 -125 82.03125
v -82.8090254 -122.314279 81.02981
v -82.6228454 -118.466237 78.3041409
v -81.7788636 -112.556794 73.6381334
v -82.0668851 -109.521198 71.9045087
v -81.8451257 -105.778263 69.2594816
v -83.1966422 -102.77008 68.4010044
v -82.613368 -96.7745939 63.9590012
v -82.9587528 -93.8667946 62.2965776
v -81.3586066 -90.4529508 58.8730083
v -81.5295451 -87.3002222 56.9403793
v -82.5647614 -82.2360618 54.3184066
v -81.0026704 -77.2862466 50.0831388
v -83.0275849 -72.8996262 48.4214392
v -83.349709 -70.8783078 47.2614906
v -82.3775374 -66.7615807 43.9972369
v -81.57064 -63.778857 41.6198574
v -80.811247 -58.7816216 38.0017291
v -82.007611 -55.7539619 36.5779938
v -83.0252297 -50.5137288 33.5513115
v -81.765008 -47.0134345 30.7524308
v -83.3524851 -43.8360297 29.2307361
v -81.1616035 -39.5564923 25.6837468
v -82.5168019 -36.0963948 23.8284724
v -83.1199821 -31.10745 20.6852055
v -82.990216 -28.6842057 19.0440674
v -81.1326407 -24.4035684 15.8394076
v -80.9199277 -20.7409938 13.4268777
v -82.8938169 -14.4772097 9.60056937
v -80.6693072 -10.5763538 6.82549707
v -81.0460493 -7.62631889 4.94466413
v -82.4977956 -4.65225667 3.07040736
v -83.2586496 0.137361496 -0.0914922613
v -82.9849029 3.37168693 -2.2383929
v -82.2050912 7.24596645 -4.76524267
v -82.8364817 11.6063642 -7.69144299
v -82.9009383 16.6832241 -11.0644395
v -82.6527227 19.555952 -12.9308214
v -80.9986469 24.6456293 -15.970101
v -83.2987724 27.4963589 -18.3233035
v -80.8760913 29.9736142 -19.3931901
v -82.1699904 36.3664182 -23.9058259
v -81.3804766 39.1221604 -25.4702405
v -81.9986167 43.9325285 -28.8192525
v -80.8133686 48.2337052 -31.1834256
v -82.9027192 49.8517646 -33.0627748
v -82.7003674 55.1162055 -36.4650436
v -82.0089039 58.7940466 -38.5730826
v -82.0104375 61.1982167 -40.1511402
v -82.4932874 66.8407712 -44.1113196
v -82.5635909 70.9268657 -46.8478138
v -83.154698 73.5759164 -48.9454649
v -82.0252481 77.8220982 -51.0670153
v -81.127242 82.0870497 -53.2759675
v -81.0282326 84.7287591 -54.9233728
v -82.2644878 90.9145577 -59.8323162
v -80.7199362 92.5894987 -59.7905475
v -80.7543737 97.1959373 -62.7919763
v -82.5247789 101.870417 -67.2546692
v -83.0797573 105.774232 -70.3015802
v -81.1132149 110.374621 -71.6227229
v -80.8261381 112.454995 -72.7144239
v -81.6234034 117.64766 -76.8224191
v -80.7614338 120.079034 -77.5820396
v -82.03125 125 -82.03125
v -78.125 -125 78.125
v -78.1864201 -120.541333 75.3975622
v -78.0598926 -116.998366 73.0630388
v -79.289596 -112.257015 71.2065069
v -78.4805196 -108.393859 68.0544512
v -76.9639492 -106.827155 65.7747176
v -79.2097721 -102.267389 64.8046124
v -79.1162502 -97.3508302 61.6162611
v -79.4017255 -94.1770029 59.8225322
v -78.1367141 -91.1451798 56.9742788
v -77.8421068 -85.0004381 52.9329054
v -78.0361251 -80.7712048 50.4245748
v -77.0886764 -78.9583401 48.6943515
v -77.6311466 -75.0405463 46.6038692
v -77.7505406 -69.6393004 43.315946
v -77.8441517 -66.6223135 41.4892598
v -78.1087295 -61.2145174 38.2511055
v -79.2881636 -58.970914 37.4055638
v -79.2260021 -54.5538616 34.5766749
v -77.7309977 -50.099486 31.1542643
v -78.9128103 -47.0270518 29.6882946
v -78.356355 -41.8859826 26.2562634
v -77.7220851 -39.4040785 24.5005371
v -77.8522975 -35.4050826 22.0509362
v -78.8241925 -30.1222004 18.994865
v -78.7612763 -27.8475899 17.5464937
v -79.1077901 -22.1037304 13.9886181
v -77.6806485 -18.6231598 11.5732731
v -77.5244231 -16.903675 10.4835812
v -79.1314237 -10.5430363 6.67428378
v -78.7518884 -8.78953148 5.53753762
v -79.0855521 -5.17888587 3.27660038
v -77.8183497 0.585262998 -0.364353605
v -78.6825026 4.08637684 -2.57221085
v -77.1137497 9.11605055 -5.62378272
v -78.7642049 12.1606413 -7.66258592
v -77.7302788 15.3650597 -9.55464301
v -77.7530253 19.3373515 -12.0283007
v -76.9168136 23.6922348 -14.5786497
v -77.5154719 27.2794695 -16.9166476
v -76.9409963 31.2271401 -19.2211781
v -77.8945056 36.401616 -22.683887
v -79.4827524 39.3934813 -25.0488186
v -78.5996779 43.0570162 -27.0741408
v -77.4673153 47.8726272 -29.6685113
v -78.5551158 50.8564567 -31.9602788
v -77.6930915 54.6309755 -33.955595
v -79.1707271 57.3443517 -36.3199522
v -77.724073 63.722658 -39.6222762
v -78.4390345 65.4094838 -41.045254
v -76.9052411 70.0839351 -43.1185754
v -79.2971377 72.9918817 -46.3043784
v -78.5062458 78.2155856 -49.1232959
v -77.3936911 81.1368548 -50.2358454
v -78.4196857 86.1881153 -54.0707593
v -78.2276233 90.9313233 -56.9067304
v -78.577853 92.6596411 -58.2479653
v -79.2254937 97.3780701 -61.7186055
v -78.6168122 102.715829 -64.6015282
v -77.0950816 104.235308 -64.2882363
v -77.3940718 108.732689 -67.3221245
v -78.6452282 112.63011 -70.8625659
v -77.6643005 118.188141 -73.4319943
v -77.3210895 121.136906 -74.9315007
v -78.125 125 -78.125
v -74.21875 -125 74.21875
v -73.4067415 -119.996027 70.4681387
v -75.4347658 -116.097972 70.0625868
v -75.1372358 -112.695703 67.7411489
v -72.9712224 -109.983532 64.2050621
v -74.8206175 -104.619165 62.6213645
v -73.457058 -102.479577 60.2227861
v -73.8622849 -97.5376942 57.6348556
v -73.2010082 -92.5855491 54.2188443
v -75.3721727 -88.6444772 53.4506147
v -73.032105 -85.3350938 49.8576122
v -73.1907243 -83.396078 48.8305548
v -74.9339623 -78.0041269 46.7612665
v -73.6419687 -72.9945757 43.003714
v -75.5694973 -69.3168663 41.9059259
v -73.2197093 -67.6871545 39.6482702
v -74.4524475 -63.3852856 37.7535172
v -73.5611572 -59.1765331 34.824754
v -73.4119681 -54.709337 32.1305608
v -75.513217 -49.8721862 30.1280737
v -73.1739525 -46.1757917 27.0309215
v -75.2988691 -42.4134982 25.5495076
v -75.1623844 -38.869639 23.372278
v -74.3380969 -33.9828216 20.2097463
v -74.8929159 -31.1446359 18.6601008
v -73.8139884 -27.8231163 16.4298814
v -75.0648601 -23.3164334 14.0019585
v -73.8824496 -20.390823 12.0521916
v -73.503349 -15.5196235 9.12595442
v -72.9510198 -10.491051 6.12266292
v -74.4939009 -8.90779038 5.30860843
v -74.8039001 -5.15314295 3.08380153
v -74.0065129 -0.696333469 0.412265695
v -73.804966 3.82022078 -2.25561012
v -73.0620401 7.01721448 -4.10153604
v -73.9844306 10.370402 -6.13798628
v -74.3869835 14.6160373 -8.69794343
v -74.772134 19.6859647 -11.7756927
v -73.6029462 22.8683796 -13.4654409
v -73.8424857 28.4823068 -16.8256346
v -75.3899883 31.4785068 -18.9853141
v -74.7675659 36.5064773 -21.8360035
v -75.12887 38.8197943 -23.3318982
v -74.2312009 42.1840239 -25.050966
v -74.5438332 47.5021106 -28.3279153
v -75.1516597 51.1929566 -30.7778852
v -74.1369698 55.2208297 -32.7512398
v -73.7831488 58.6813147 -34.6375374
v -74.6531747 63.3083663 -37.8093643
v -73.3039943 65.566909 -38.4505306
v -75.3083777 71.4458064 -43.0437422
v -75.4288326 74.1532769 -44.7463609
v -73.6517784 78.9728613 -46.5319335
v -74.0460211 82.7811034 -49.0368906
v -73.5302655 86.5910672 -50.9365133
v -73.0300142 91.0741488 -53.209171
v -74.1888048 94.4610925 -56.0636445
v -73.351878 98.0819252 -57.5559473
v -73.814344 101.834907 -60.135015
v -74.179882 105.088589 -62.3636732
v -74.2097852 109.9511 -65.2755802
v -72.8736119 114.400564 -66.6942582
v -74.6405658 115.90202 -69.207939
v -74.4247652 121.228214 -72.1790507
v -74.21875 125 -74.21875
v -70.3125 -125 70.3125
v -70.3822762 -121.190437 68.2372705
v -69.9302602 -116.452507 65.148433
v -71.5129551 -113.815619 65.1143301
v -69.8977058 -110.094542 61.5628474
v -71.5747988 -104.504612 59.8391725
v -70.6420216 -100.696887 56.9074532
v -70.4701484 -98.4002608 55.4742479
v -70.1321249 -92.4526761 51.8712211
v -70.1167868 -90.7863237 50.9251624
v -70.0293531 -85.3469208 47.8143172
v -71.6126438 -83.0665021 47.5888946
v -70.7813429 -79.3065968 44.9074194
v -69.6614547 -75.2050946 41.9111703
v -70.5388706 -71.4479096 40.3188388
v -69.4202638 -66.9863023 37.2016542
v -70.1933456 -63.0248105 35.3913784
v -70.1229789 -59.2445612 33.2352409
v -69.8297524 -55.1459534 30.8066262
v -68.9920535 -49.6588838 27.408547
v -71.6689917 -45.8942149 26.3135368
v -71.3551483 -43.6198869 24.900028
v -71.4369782 -40.3587433 23.0648533
v -71.1155649 -34.2412752 19.480701
v -71.6229093 -32.2330456 18.468996
v -68.9789036 -26.0440963 14.3719457
v -71.2692276 -22.4304708 12.7888186
v -70.3829655 -20.0605091 11.2953449
v -69.2683283 -15.8108796 8.76154559
v -70.3832247 -11.7068913 6.59175011
v -71.0045871 -6.80130899 3.86339309
v -70.8809526 -5.18932428 2.94259399
v -70.5260623 -0.225290242 0.127110669
v -70.8389953 2.84104784 -1.6100558
v -70.3925883 8.56137187 -4.82125701
v -70.5499178 10.4963313 -5.9241225
v -71.4571863 16.2326081 -9.279492
v -69.2895452 20.3218008 -11.2647067
v -69.0297838 22.7377605 -12.5566616
v -70.1415724 28.2098763 -15.8294806
v -71.421497 30.7132342 -17.5486813
v -69.1945363 34.8045003 -19.2662501
v -70.6878356 38.575046 -21.8142921
v -70.6362824 43.6552541 -24.6691588
v -70.9814091 47.7863562 -27.1355432
v -69.1396787 50.9843543 -28.200335
v -69.7874439 54.7805718 -30.5839686
v -70.8569122 59.9114123 -33.9611015
v -70.6695539 61.9842782 -35.0432103
v -70.5235763 67.2197294 -37.9246057
v -70.6391001 69.5820483 -39.3217062
v -69.8412458 74.1467277 -41.4279987
v -69.0834061 77.8171233 -43.0069755
v -71.5620718 81.1460047 -46.4558097
v -69.3611548 84.9510297 -47.1384121
v -69.3575314 90.2620666 -50.0828329
v -71.080675 94.3750817 -53.665956
v -69.0049055 96.3294153 -53.1776176
v -69.2841184 101.518512 -56.2689648
v -69.703774 105.771129 -58.9811748
v -71.3872782 109.374069 -62.4633365
v -70.4565828 112.93869 -63.6581933
v -69.6089164 116.150055 -64.6806357
v -70.1647629 120.239644 -67.4926889
v -70.3125 125 -70.3125
v -66.40625 -125 66.40625
v -67.6127348 -122.318464 66.1622872
v -65.6847366 -118.219835 62.1219099
v -66.651396 -112.267781 59.8624345
v -67.1706041 -110.415331 59.333316
v -66.8229582 -106.177761 56.7608965
v -67.4900265 -101.929233 55.0336529
v -66.7859505 -98.18618 52.4596589
v -67.730972 -94.602054 51.2599125
v -65.043366 -91.1087374 47.4081516
v -67.3996107 -86.6660056 46.7300403
v -66.8464924 -81.9684878 43.8344472
v -66.9506485 -79.4426622 42.549902
v -66.5168547 -74.7160471 39.7590116
v -66.8462991 -70.3926051 37.6438811
v -65.347151 -66.2589334 34.6386602
v -67.2616099 -63.2475091 34.0330343
v -65.0470115 -59.354353 30.8865862
v -66.7000761 -55.7479976 29.7471654
v -65.0861521 -50.7252752 26.4121038
v -66.8581963 -46.9498565 25.1118618
v -67.5531461 -41.8960775 22.6416947
v -65.4945151 -38.4861073 20.1650315
v -67.3401805 -34.2140696 18.431853
v -65.7423111 -32.3954208 17.0379986
v -65.36593 -27.73652 14.5041874
v -67.17875 -24.3146372 13.0674155
v -66.9053596 -19.6297645 10.5066916
v -66.2308873 -16.5869687 8.78855724
v -65.3970471 -11.2515559 5.88654828
v -65.4349305 -6.49824631 3.40169837
v -66.4432558 -4.62056165 2.45604127
v -66.2241279 1.23014748 -0.65172355
v -65.5767619 4.24776618 -2.22843801
v -67.3494863 6.64485222 -3.58021907
v -65.2258252 11.7742998 -6.14390736
v -65.4115507 16.1212569 -8.43613131
v -67.1341096 18.3109062 -9.83429105
v -66.0536952 22.7133573 -12.0024094
v -65.7710614 28.2781682 -14.8790811
v -66.0023832 32.4338527 -17.1256926
v -67.5760239 35.3190102 -19.0937462
v -67.6043602 39.1360308 -21.1661306
v -67.1636266 44.0789085 -23.6839948
v -67.4871851 47.2980237 -25.5360838
v -66.4480317 51.2708456 -27.2547742
v -65.7572195 56.0356922 -29.4780105
v -66.1982027 57.7313714 -30.5737042
v -65.2962982 62.3033572 -32.5454287
v -66.4324744 65.8650689 -35.004636
v -66.5449731 71.3515478 -37.9846947
v -67.4250808 72.9600564 -39.3547016
v -65.1658012 78.4669532 -40.906895
v -65.9345278 82.8904717 -43.7227529
v -65.0927053 84.9751216 -44.2500843
v -65.2176008 89.2182862 -46.5488206
v -67.5405673 93.177848 -50.3462778
v -66.1234522 97.7553435 -51.7113663
v -66.4410515 100.368481 -53.3486993
v -65.7108906 105.354269 -55.3833827
v -67.6513597 109.605101 -59.3194731
v -65.970866 111.948313 -59.0826173
v -66.1033898 117.892575 -62.3447907
v -66.7527158 119.881894 -64.0195362
v -66.40625 125 -66.40625
v -62.5 -125 62.5
v -63.5236797 -122.385361 62.1949475
v -61.9917447 -116.935835 57.9924516
v -63.7360461 -112.296829 57.2588469
v -62.9441344 -110.077233 55.4297291
v -63.7921154 -104.944676 53.5571433
v -63.0269451 -102.72234 51.7942025
v -63.1853568 -97.7734668 49.422811
v -62.1741556 -92.7566395 46.1365259
v -61.9969522 -89.224506 44.2531795
v -61.9313052 -84.9511877 42.0891034
v -62.7446771 -82.0861123 41.2037329
v -61.8047673 -76.8344243 37.9898697
v -62.0612176 -73.2886291 36.3870525
v -62.4061369 -70.9111729 35.4023389
v -61.736933 -65.5127428 32.3564465
v -61.2103141 -62.0975802 30.4080991
v -62.5530156 -57.3244594 28.6865424
v -61.2375127 -54.3395366 26.6209445
v -62.162568 -51.289461 25.5062769
v -62.8092838 -46.6534694 23.442168
v -62.5639783 -42.2693175 21.1562933
v -62.0754798 -38.2698768 19.0049677
v -63.0050206 -34.8248209 17.5531085
v -61.3434193 -31.5048053 15.4608998
v -62.8121389 -27.0918172 13.6135599
v -62.1584757 -24.249466 12.0584787
v -61.5168564 -18.239211 8.9761514
v -61.5988824 -15.6498863 7.71212408
v -62.0258456 -12.126228 6.01711637
v -61.9146504 -6.68605091 3.31171604
v -61.7974422 -3.0746861 1.52006189
v -62.2621467 -0.59902613 0.298373222
v -62.6842217 4.36371948 -2.18829087
v -61.4103326 8.01328081 -3.93678591
v -63.4285165 12.1402129 -6.16028555
v -63.5153541 14.7386939 -7.48906687
v -63.0123566 19.8901697 -10.0266117
v -63.2253719 23.8145991 -12.0454951
v -61.2047971 26.7454417 -13.0955946
v -62.416369 32.4781212 -16.2173312
v -61.4483712 36.424899 -17.9060057
v -62.3566311 40.1630284 -20.0354492
v -63.2733998 44.0267803 -22.2857926
v -61.4746387 47.3546856 -23.2888975
v -61.4556238 51.7750686 -25.4549531
v -63.5288018 54.2088881 -27.5506056
v -61.7713205 58.390015 -28.8546267
v -62.3122377 63.3153078 -31.5625481
v -63.3767212 66.9179043 -33.928299
v -62.9447038 70.2724832 -35.3862451
v -61.8599718 72.9521271 -36.1025322
v -63.3559207 78.0592058 -39.5641029
v -62.2067322 81.3036287 -40.4610645
v -62.4095977 86.5277439 -43.2012935
v -62.4160235 90.4376867 -45.1580862
v -63.3690611 93.9733933 -47.6400456
v -61.6106085 98.5793926 -48.5882909
v -62.3894363 101.837167 -50.8285076
v -61.9824875 105.343572 -52.235653
v -62.1513719 108.393731 -53.8945528
v -62.9920169 112.373044 -56.6288373
v -61.8525364 116.16623 -57.4814077
v -62.7806201 120.772813 -60.6575366
v -62.5 125 -62.5
v -58.59375 -125 58.59375
v -57.4386293 -120.441232 55.3438341
v -58.7087157 -117.545544 55.2075834
v -59.4290951 -112.346886 53.4133903
v -58.6900719 -109.343677 51.3391059
v -58.883804 -104.516991 49.234864
v -57.3594478 -100.567851 46.1481313
v -59.1188176 -98.4427687 46.5585607
v -57.5283487 -92.8650024 42.7389619
v -59.8908585 -88.5025805 42.4039642
v -59.5935435 -85.4636995 40.7446776
v -59.1553389 -82.9474846 39.2542925
v -57.934387 -77.067655 35.7189388
v -58.3148356 -74.1486897 34.5917492
v -58.8224927 -70.7062475 33.2729418
v -58.8297989 -65.8604544 30.9964583
v -57.6602407 -63.1209736 29.1165643
v -59.3671882 -58.6784263 27.8685854
v -57.807429 -55.1708749 25.5142915
v -58.9406349 -50.7566522 23.9330344
v -58.0670435 -45.8360063 21.292491
v -57.7279074 -42.8742751 19.8003375
v -58.7865231 -39.8411869 18.7369988
v -59.428532 -33.9199015 16.1264796
v -59.3031991 -31.5609071 14.9733021
v -59.2862265 -26.9886652 12.8004489
v -59.6987273 -22.1127953 10.5608459
v -58.7929597 -19.4394225 9.14320949
v -58.1987866 -16.2501695 7.5659212
v -58.9025447 -11.2447758 5.29876726
v -57.3451719 -6.60353252 3.02944566
v -57.3920961 -3.44451982 1.5815057
v -57.8369322 1.26415138 -0.584917104
v -57.7914662 3.78877377 -1.75167033
v -59.1049623 6.57601035 -3.10939875
v -57.8878277 10.3549857 -4.79542101
v -59.8170413 14.7923421 -7.0786731
v -59.9068821 20.1196867 -9.64246158
v -59.774659 22.079559 -10.5583849
v -59.0935798 26.3290397 -12.4470177
v -57.972877 31.2205489 -14.4795603
v -59.8752419 34.7228231 -16.6322994
v -58.9127142 39.7868386 -18.7516052
v -58.3314722 42.7626198 -19.9552525
v -57.6461198 45.969945 -21.1999116
v -58.4208888 52.0934234 -24.3467528
v -59.28957 54.0082765 -25.6170199
v -59.7248073 59.7965567 -28.5707026
v -58.5759168 63.0950064 -29.5667828
v -57.756227 67.5296511 -31.2020629
v -57.68619 71.6608525 -33.0707324
v -58.2666394 75.1601421 -35.0346312
v -59.4687869 78.6700061 -37.4272786
v -59.7559169 80.9161128 -38.6817321
v -59.828991 84.5917402 -40.4883077
v -59.2231554 90.033446 -42.6565181
v -58.5010482 94.9552289 -44.4398434
v -59.5523617 98.8982007 -47.1169713
v -58.2655364 101.77467 -47.4396457
v -59.1010309 104.742272 -49.5230098
v -57.8015938 109.981972 -50.8570664
v -58.5103483 114.485517 -53.5886999
v -57.8627664 118.462608 -54.8365938
v -59.2590044 119.754045 -56.772044
v -58.59375 125 -58.59375
v -54.6875 -125 54.6875
v -54.4970244 -121.796261 53.1002707
v -53.6300265 -117.539881 50.4293353
v -56.0093024 -113.692907 50.9428834
v -53.5033727 -110.251716 47.1907091
v -54.4375665 -105.192778 45.8115107
v -53.3271736 -101.389419 43.2544893
v -55.2768962 -97.0723488 42.9268652
v -54.7162989 -94.3340992 41.2929021
v -54.1848626 -90.6607979 39.299543
v -54.4308692 -85.0915456 37.0528543
v -54.3562738 -82.5365722 35.8910441
v -53.6906593 -78.8980543 33.8887084
v -55.6108097 -73.6284967 32.7563225
v -54.0929876 -71.1241711 30.7785512
v -54.8372985 -67.1373893 29.4530645
v -53.5592325 -62.6253363 26.8333196
v -53.4617328 -59.6477207 25.5109641
v -54.8400983 -55.2644358 24.2456567
v -55.0763589 -49.6092436 21.858372
v -53.5921469 -47.2710123 20.2668403
v -53.4809353 -44.1651116 18.8959318
v -53.9409562 -38.2496696 16.50579
v -53.5818304 -35.4255605 15.185331
v -53.4625744 -29.9463386 12.8080668
v -54.7292299 -26.794046 11.73134
v -55.0712094 -23.8946594 10.5272623
v -55.8981839 -18.4620272 8.25595032
v -54.8556263 -16.7369266 7.34491672
v -55.4608945 -10.7390231 4.76476662
v -54.0717777 -7.93014872 3.43037791
v -54.3823441 -3.71600502 1.61668051
v -53.4945062 1.16120139 -0.496943158
v -54.1701889 5.07270192 -2.19831377
v -55.369214 6.50196686 -2.88007036
v -55.0314922 11.5713365 -5.09430331
v -54.6856814 16.7825933 -7.34214039
v -54.5874877 19.3248854 -8.43917553
v -53.4822027 22.3264182 -9.55252819
v -54.3244361 28.4622362 -12.3695594
v -55.1634355 30.5926907 -13.5007834
v -55.3023688 35.7353437 -15.8099933
v -54.4801849 39.3577727 -17.1537499
v -55.8212703 43.3029818 -19.3378196
v -54.801288 48.1828937 -21.1238771
v -53.6043733 51.1328477 -21.927554
v -53.544834 54.7597538 -23.4568154
v -54.5221902 57.3146761 -24.9993733
v -54.5647352 62.1607992 -27.1343004
v -55.147897 67.0361509 -29.575222
v -54.4450589 70.821767 -30.8471622
v -54.8048858 74.0830415 -32.480901
v -54.2802754 77.4343454 -33.6252607
v -53.4484975 81.4726445 -34.8367235
v -53.9908134 84.7641298 -36.6118746
v -55.6787349 88.679144 -39.5003404
v -55.5835329 94.3917602 -41.97302
v -54.1672847 97.96763 -42.4531241
v -53.3901325 102.306179 -43.6971235
v -54.4179776 106.07227 -46.1779072
v -53.7633752 110.250551 -47.4195339
v -55.293008 113.24567 -50.0935497
v -55.390097 116.413642 -51.5853032
v -53.3677018 120.220987 -51.3273421
v -54.6875 125 -54.6875
v -50.78125 -125 50.78125
v -49.7495026 -121.604263 48.3980126
v -50.9192314 -116.41503 47.4221109
v -49.917171 -112.362609 44.8705886
v -50.3912207 -109.788139 44.2588667
v -50.0139385 -105.241184 42.1082088
v -50.5391711 -102.55656 41.4649884
v -50.2804518 -96.322782 38.745224
v -49.5708133 -95.0940753 37.7111252
v -50.9718544 -89.4578047 36.4786415
v -50.1344716 -85.8144771 34.4181077
v -49.5225313 -82.5652028 32.7107027
v -52.0367509 -77.2166293 32.1448201
v -51.4581006 -75.5506558 31.101546
v -51.1696488 -70.2170955 28.7438729
v -50.5791377 -65.9440379 26.6831406
v -50.903715 -61.8439115 25.1846787
v -49.571208 -58.3026059 23.1210448
v -51.6267087 -54.1362608 22.3590157
v -51.3120594 -49.9286951 20.4955533
v -51.9384817 -46.6252953 19.3731764
v -51.6630217 -42.9566356 17.7541568
v -50.5210338 -40.0423245 16.183837
v -52.0066774 -35.4727335 14.7585521
v -49.5743746 -30.373826 12.0461074
v -50.0718784 -27.4249981 10.9857694
v -51.9147735 -23.696984 9.84178847
v -49.9895794 -20.0501416 8.01838516
v -51.8131828 -15.8162046 6.55590319
v -50.7348683 -11.3320963 4.5994593
v -51.5622142 -7.34290614 3.02893199
v -51.6768213 -4.56367632 1.88669029
v -50.6913736 0.81482261 -0.330435819
v -49.7305467 2.5713545 -1.02299892
v -51.9187175 7.31979919 -3.04027669
v -51.5794821 10.6352178 -4.38847219
v -50.8210814 16.0928722 -6.54285735
v -49.5358447 19.5610788 -7.75179651
v -51.1564207 24.4073076 -9.98872396
v -49.7700132 28.427283 -11.31861
v -50.6674247 32.2279283 -13.063249
v -50.9122212 35.7435531 -14.5582695
v -50.0624178 40.3742325 -16.1698536
v -51.6139977 42.4677963 -17.5354619
v -50.7079809 47.1233421 -19.1162363
v -52.0552368 49.6134515 -20.6611197
v -50.7157204 55.5755639 -22.5484381
v -49.4244785 57.7853565 -22.8480889
v -51.9540123 63.1414799 -26.2436258
v -51.8775172 67.1333297 -27.8616837
v -50.581723 70.4777288 -28.5190796
v -49.6000496 74.4951562 -29.5597075
v -50.6270568 79.3639089 -32.143689
v -49.5182349 82.0028682 -32.4850983
v -51.2769395 85.4267293 -35.0433699
v -49.4371667 90.04531 -35.61268
v -51.568681 94.5593919 -39.0104249
v -50.0347927 98.2014534 -39.3079149
v -51.2311052 100.219486 -41.0748402
v -49.8649564 105.698268 -42.1651163
v -52.0510798 108.509962 -45.1844855
v -51.2945516 113.184313 -46.4459088
v -49.6221629 118.446636 -47.0206259
v -50.0348816 122.154358 -48.8958306
v -50.78125 125 -50.78125
v -46.875 -125 46.875
v -46.9160307 -121.657419 45.6614656
v -47.2086893 -117.74214 44.4676167
v -45.6602268 -113.38387 41.4170657
v -47.708374 -109.626574 41.8408448
v -47.7197163 -105.398849 40.2368254
v -48.0744066 -101.038051 38.8587547
v -46.4115449 -96.3464019 35.7726828
v -45.7421385 -94.2064538 34.4736373
v -47.8875573 -91.1879996 34.9341644
v -46.1548864 -86.3572011 31.8864544
v -46.1460199 -82.1866404 30.3406908
v -47.6849567 -78.1030878 29.7947389
v -46.8187475 -75.2013793 28.1666751
v -46.6751962 -71.5583953 26.7200171
v -48.0887545 -66.4639452 25.5693467
v -45.6580108 -61.8363212 22.5865873
v -47.8789083 -57.8560071 22.1606597
v -47.8335935 -55.9821281 21.4226109
v -46.3194203 -50.508103 18.7160484
v -46.873129 -46.8873327 17.582048
v -46.0948053 -43.3957413 16.0025459
v -46.4803281 -38.740599 14.405406
v -47.9824342 -36.0711604 13.8462567
v -47.0068682 -30.0399154 11.2966587
v -45.5651819 -27.217149 9.92123476
v -47.4038926 -24.5776089 9.32059467
v -47.7411905 -20.7021238 7.90675229
v -45.8168746 -16.1869177 5.93307182
v -48.0104379 -12.4680833 4.78878512
v -47.1268611 -7.51364388 2.83275562
v -45.521152 -3.68914597 1.3434734
v -45.8877494 0.128002931 -0.0469901314
v -47.8798818 4.68639509 -1.79507235
v -48.0052129 6.73680587 -2.5872144
v -46.9223669 12.8810852 -4.83528803
v -46.3692485 15.4281949 -5.72315044
v -46.023939 18.3098534 -6.74153262
v -47.6976009 22.3174013 -8.51589199
v -47.0769749 28.1937794 -10.6182228
v -47.005519 30.6993844 -11.544324
v -47.4095525 35.0485842 -13.2931016
v -46.3815018 38.0001188 -14.1000206
v -46.7684603 43.5701655 -16.3016764
v -47.1055991 45.7674152 -17.2472121
v -46.1334023 51.8530505 -19.1372611
v -47.4265213 53.621182 -20.344529
v -46.5953867 59.5011235 -22.1798229
v -46.1045125 62.3076447 -22.9813087
v -47.3142438 66.118241 -25.0266766
v -48.1549806 69.2116815 -26.6630975
v -48.2378066 73.8204855 -28.4875064
v -46.0838112 79.2666542 -29.2232762
v -46.0175126 80.8034461 -29.7469888
v -46.2918994 84.8564015 -31.425312
v -48.1766137 91.0774264 -35.1024159
v -47.5407499 94.5952605 -35.9770369
v -45.6470792 98.8160116 -36.0852985
v -46.7147865 102.675408 -38.3716782
v -47.0663754 106.770676 -40.2024699
v -45.5862338 108.993802 -39.7489356
v -45.5933311 114.165945 -41.6416458
v -47.557524 116.736165 -44.4134636
v -46.269716 121.406967 -44.939727
v -46.875 125 -46.875
v -42.96875 -125 42.96875
v -42.1020682 -122.434397 41.2379308
v -42.0061807 -117.756618 39.5720461
v -41.8376145 -113.765632 38.0774614
v -42.2798659 -109.822484 37.1462392
v -44.1499131 -106.442076 37.5952674
v -43.4998406 -102.890831 35.805878
v -43.7888955 -98.4018563 34.4712688
v -42.5948985 -95.0625252 32.3934289
v -42.8429167 -90.6620992 31.0738301
v -41.6782054 -85.5610401 28.5282448
v -43.6834794 -81.8364893 28.5992207
v -43.9920602 -77.6398297 27.3242885
v -44.2534178 -73.7566331 26.1118648
v -43.7901564 -71.527084 25.0574576
v -41.8911362 -66.3134411 22.2235631
v -42.6543791 -62.7893 21.4259088
v -43.658301 -58.9112935 20.5757359
v -42.7602327 -55.1289517 18.8586144
v -42.5627113 -51.0483389 17.3820457
v -43.4271867 -46.0231164 15.9892357
v -44.2837724 -43.7793107 15.5097042
v -42.4158805 -38.5974591 13.0971617
v -42.7471516 -35.3096098 12.075082
v -44.113725 -30.9143533 10.9099783
v -42.9634534 -27.7024397 9.5215398
v -43.9403993 -22.4744094 7.90027618
v -43.2053199 -19.1270511 6.6111229
v -42.329397 -15.7198698 5.32330088
v -42.6846111 -13.0576546 4.45888728
v -43.4317862 -9.08443302 3.15642522
v -42.2425113 -4.6951596 1.58668266
v -43.6440026 0.623858964 -0.217821618
v -42.5548068 3.30107937 -1.12381436
v -43.5353743 8.45370219 -2.94428071
v -42.6084188 11.2414718 -3.8318507
v -42.7638908 15.937521 -5.45240326
v -42.6899598 18.601367 -6.35273288
v -42.0228388 22.4884015 -7.56021178
v -42.1129643 28.642572 -9.64978888
v -41.6565181 31.718641 -10.5703051
v -43.7175285 34.2235436 -11.9693499
v -41.6447065 38.522128 -12.8339417
v -42.5073214 41.9219721 -14.255926
v -43.9299314 46.06315 -16.1884081
v -44.329191 51.5291041 -18.273948
v -43.6824063 54.0687785 -18.8948348
v -43.0978734 59.6559042 -20.5683409
v -42.5915863 61.1467927 -20.8347112
v -41.9082653 66.7753966 -22.3875283
v -42.0429021 69.6262455 -23.4183154
v -41.8196283 75.2807107 -25.1856907
v -41.9502203 77.7071376 -26.0786523
v -41.9550419 81.5160402 -27.3600711
v -41.6470932 85.5831252 -28.5143071
v -42.2862563 88.7375614 -30.0190341
v -43.9165375 94.8620539 -33.3281035
v -42.7638687 98.8154501 -33.8058475
v -43.109746 102.130928 -35.222707
v -42.4729332 105.522607 -35.8548371
v -43.5474405 109.106896 -38.0106083
v -41.8089792 113.26813 -37.884999
v -43.5607191 118.501739 -41.2961677
v -43.0832434 121.127357 -41.7484751
v -42.96875 125 -42.96875
v -39.0625 -125 39.0625
v -39.9608264 -120.470969 38.5129559
v -37.9172161 -117.411007 35.6151881
v -37.9752043 -112.304514 34.1182948
v -37.83211 -109.338337 33.0919999
v -39.8329643 -105.594676 33.6491916
v -39.5168966 -102.223676 32.3164994
v -37.933261 -98.0958594 29.7687667
v -38.0228878 -94.6400862 28.787915
v -40.1175581 -89.8875756 28.8485603
v -39.1554898 -84.6653606 26.5209093
v -40.276086 -81.222589 26.1706238
v -38.1627084 -77.6497371 23.7065942
v -38.1323057 -73.7283062 22.4914425
v -37.8619863 -70.4783431 21.3476005
v -38.2068709 -67.1036631 20.510568
v -39.2738658 -63.4232576 19.9270121
v -39.3987645 -57.7485109 18.2017598
v -38.6290511 -53.752005 16.6111116
v -39.271524 -50.4567423 15.8521054
v -37.8035305 -47.1435726 14.2575479
v -39.1557045 -43.8771065 13.7443121
v -39.1767718 -40.372683 12.6533711
v -37.7632069 -36.3787071 10.9902131
v -39.7169679 -30.881577 9.81218081
v -39.5332813 -27.6584336 8.74742907
v -40.2199518 -23.8533958 7.67505943
v -37.8958433 -18.9621834 5.74870345
v -39.0028329 -14.6323149 4.56561386
v -39.2133594 -11.43619 3.58761143
v -37.9913059 -7.12391979 2.16517613
v -37.9364055 -3.52337519 1.06931352
v -39.8601128 -0.0157746103 0.00503022195
v -40.0876771 3.69859249 -1.18614385
v -38.0217453 6.98538249 -2.12477147
v -37.8135108 12.963997 -3.92171392
v -38.9442372 16.4634145 -5.12924096
v -38.4378599 19.6357714 -6.03805624
v -40.3769157 24.0936063 -7.78260409
v -39.0881993 26.8489414 -8.39581419
v -40.210699 31.4832201 -10.1276983
v -40.0700553 35.7046819 -11.4455086
v -40.278138 38.1400493 -12.2896813
v -38.9634959 43.5965646 -13.5893965
v -38.8571386 45.8719593 -14.2596246
v -39.2551902 50.337942 -15.8082039
v -38.4725023 54.7427397 -16.8487215
v -40.2028854 58.2921575 -18.7481034
v -39.7941237 61.7322366 -19.6526421
v -39.9458525 66.5880563 -21.2793334
v -39.0416132 68.9769924 -21.5437845
v -38.2682146 73.3438748 -22.4539131
v -39.9441611 76.8691487 -24.5637893
v -37.9667054 80.8610361 -24.5602171
v -39.4715521 85.9620435 -27.1444422
v -39.8866734 89.7949292 -28.6529681
v -39.7355798 94.1706314 -29.9353971
v -38.3314521 97.1851107 -29.8019713
v -40.4087852 100.780414 -32.5793129
v -39.2597209 106.75712 -33.5300378
v -39.634924 108.555139 -34.4205975
v -38.9746059 114.165423 -35.5964191
v -39.3515424 116.846976 -36.7848697
v -40.176153 119.732224 -38.4830412
v -39.0625 125 -39.0625
v -35.15625 -125 35.15625
v -36.1061699 -121.197104 35.0077059
v -33.8924743 -116.741847 31.6533604
v -34.9824061 -112.289525 31.4252621
v -34.0080144 -109.745489 29.8578094
v -33.9146102 -105.751511 28.6921703
v -34.8766879 -101.977012 28.4529633
v -34.0244992 -97.8796137 26.6424387
v -35.3746704 -94.1403882 26.6414816
v -35.7113081 -89.8122651 25.6585078
v -34.304906 -86.4194554 23.7168903
v -35.6254434 -82.4448749 23.4970818
v -35.7996507 -78.0035298 22.339993
v -35.2183044 -73.7631583 20.7825069
v -35.414828 -69.5546643 19.7061318
v -33.9035912 -66.2688875 17.9740261
v -34.0651471 -61.5884126 16.7841467
v -34.5470361 -58.0603182 16.0464953
v -34.0778362 -54.39225 14.8285615
v -35.8352228 -51.8475137 14.8637377
v -35.8058103 -48.0264203 13.7569991
v -35.5799912 -44.312295 12.6130485
v -34.8928468 -39.5826134 11.0492005
v -36.4566379 -35.1895521 10.2631421
v -36.2527382 -32.021265 9.28686828
v -35.8336195 -27.1503047 7.7831495
v -36.259822 -24.5910796 7.13334536
v -35.8354009 -19.5656826 5.60915264
v -36.2433679 -16.3299587 4.73482161
v -35.7117922 -12.1814045 3.48015829
v -35.3333615 -7.00268955 1.97942849
v -35.0328517 -5.21489209 1.46154033
v -34.3238123 0.620474446 -0.170376387
v -35.7290852 3.3523874 -0.95822188
v -35.4714412 8.95746117 -2.54187246
v -34.1497822 11.3137095 -3.09088571
v -36.4734747 16.2382287 -4.73811698
v -35.1188487 18.9761589 -5.33136684
v -36.1998492 23.4323634 -6.78598419
v -36.486615 27.401175 -7.998209
v -34.099704 30.65423 -8.36240135
v -34.7030937 34.9717158 -9.70901385
v -35.250115 37.9542895 -10.7031446
v -34.3078424 44.12738 -12.1113216
v -33.9093804 47.2846089 -12.8271343
v -34.9344729 50.8047179 -14.1986883
v -35.2768843 54.449675 -15.3665191
v -36.5213071 57.2284902 -16.7204741
v -33.9310644 62.3910632 -16.9359615
v -34.399177 65.522536 -18.0313705
v -36.2343789 70.3316281 -20.3873829
v -35.3001332 74.762101 -21.112897
v -35.8494025 77.3309547 -22.1781482
v -33.9335533 82.7203518 -22.4559637
v -35.6945889 85.7891451 -24.4976661
v -36.1336619 88.9911432 -25.724607
v -34.066058 93.1487792 -25.3856937
v -35.6924478 97.8827152 -27.9493896
v -36.1686122 101.807413 -29.4578627
v -36.3534497 106.243719 -30.8986055
v -36.0778481 109.594096 -31.6313533
v -35.3367854 113.891795 -32.1965593
v -35.8376041 116.205425 -33.3161922
v -34.6750068 121.420494 -33.6820516
v -35.15625 125 -35.15625
v -31.25 -125 31.25
v -30.1840853 -121.096785 29.2415655
v -32.21641 -117.622828 30.315082
v -32.51308 -113.40856 29.4980927
v -30.5387428 -108.5827 26.5278331
v -30.8041063 -105.876312 26.0914015
v -30.2432943 -101.722485 24.6113845
v -32.293188 -96.4109175 24.9073271
v -30.7075213 -93.8031208 23.0436906
v -31.8453604 -90.7013758 23.107344
v -32.1103413 -85.639378 21.9992773
v -31.5792685 -81.8372867 20.6748932
v -30.2946228 -78.8829922 19.1178439
v -30.382204 -75.554484 18.364094
v -30.3222503 -71.3995341 17.3199563
v -31.946254 -65.9438819 16.85328
v -31.3816336 -62.1537612 15.6038925
v -32.1360392 -58.1868845 14.959168
v -32.0107431 -54.6819627 14.0032821
v -30.3120521 -50.2435156 12.1838725
v -32.3250256 -46.9095836 12.1308279
v -30.1079665 -43.9547487 10.5871048
v -29.9820782 -40.2750458 9.66023657
v -31.4188892 -34.7468693 8.7336643
v -30.9827651 -30.095243 7.45947075
v -29.9822234 -26.0519727 6.24876853
v -30.6453192 -23.9036601 5.86028235
v -30.4588448 -20.1823545 4.91784964
v -30.5847173 -15.7726011 3.85920435
v -32.464748 -12.3285974 3.20195846
v -30.4752329 -6.96476917 1.6980237
v -30.7077665 -4.56710549 1.12196487
v -31.6881121 0.0866951986 -0.0219776574
v -32.4977415 3.15466828 -0.820156753
v -31.651131 9.0673764 -2.29594175
v -31.1043148 11.2101827 -2.78948041
v -31.6306544 15.8182931 -4.0027437
v -31.027691 19.5780632 -4.85969678
v -31.5313783 22.5669131 -5.69252699
v -30.7164012 28.0685029 -6.89730718
v -30.057181 30.6238715 -7.36373799
v -32.5761782 33.9298326 -8.84243419
v -30.9254941 38.9566458 -9.63802816
v -30.4008892 43.1562998 -10.4959191
v -32.55127 46.4559726 -12.0976072
v -31.3634023 49.9785547 -12.5399801
v -30.4114288 55.9821968 -13.6199887
v -30.7466406 57.9357994 -14.2506496
v -31.5692661 61.7125016 -15.5857471
v -31.6837011 67.5329633 -17.1175538
v -32.5282564 70.6406192 -18.3825294
v -31.2489532 75.004925 -18.7506031
v -30.373673 78.2238962 -19.0075763
v -30.3616512 83.1656649 -20.2003753
v -30.6661653 87.1558316 -21.3818811
v -31.2642434 90.2755091 -22.5791639
v -31.9441135 94.7432858 -24.2119222
v -31.8466207 97.0334392 -24.721497
v -32.1451763 101.399569 -26.0760561
v -31.7163353 105.520243 -26.7737232
v -32.6002679 109.428879 -28.5392861
v -31.3764207 112.034582 -28.1219534
v -30.4770928 116.019436 -28.2874809
v -31.7128778 121.620355 -30.8554517
v -31.25 125 -31.25
v -27.34375 -125 27.34375
v -26.3741345 -122.394253 25.8243399
v -27.1879479 -117.590758 25.5764112
v -26.5662207 -112.004848 23.8043641
v -25.9877941 -110.486002 22.9702998
v -28.4233166 -105.03276 23.8830351
v -27.6019779 -101.786433 22.4760549
v -28.2598199 -98.8482877 22.3474785
v -28.3427294 -94.9166505 21.5215756
v -26.7535886 -90.312117 19.3293858
v -28.6980647 -86.7986539 19.9276271
v -27.0873661 -81.4258857 17.6449022
v -26.2050124 -77.2160533 16.187581
v -27.5593217 -73.7709627 16.2646216
v -26.8330207 -70.174696 15.0639926
v -28.3512088 -66.6375999 15.1140521
v -26.6504774 -63.6670805 13.5740647
v -26.5928554 -57.2996747 12.1900957
v -27.1089898 -54.0630188 11.7247506
v -26.2042405 -51.6270454 10.8227801
v -27.2053881 -48.1569207 10.4810217
v -27.0829265 -44.2653577 9.59068343
v -28.6653853 -38.7995116 8.89762357
v -26.4642679 -34.0586094 7.2106893
v -27.7699037 -29.9123174 6.64529739
v -26.8160506 -26.8644811 5.76319427
v -27.3649027 -24.3824424 5.33778531
v -28.2864 -19.1586408 4.33543184
v -27.4026401 -15.5032648 3.3986431
v -26.1617355 -13.0562625 2.73259589
v -26.9223719 -6.90177395 1.486497
v -28.4031373 -4.08358452 0.927892896
v -27.2344218 0.283959491 -0.0618677803
v -26.2402459 4.12582957 -0.86610226
v -28.639591 7.70156355 -1.76455704
v -28.7070792 11.1398163 -2.5583327
v -26.4704078 14.5399649 -3.07903041
v -27.0897462 18.7445898 -4.06228945
v -26.6570819 24.1071594 -5.14101218
v -27.8270393 27.591218 -6.14225527
v -27.1704512 32.4101986 -7.04479776
v -28.3035366 34.5439922 -7.82173717
v -28.3910928 38.1002692 -8.65366622
v -27.1988816 43.6236517 -9.49211628
v -26.3844287 48.1696265 -10.1674246
v -27.2273588 51.1093821 -11.1325879
v -28.6652691 54.2159499 -12.4329183
v -28.7017035 59.2361217 -13.6014208
v -26.6301319 62.3869727 -13.2909865
v -27.7137266 67.5394599 -14.974161
v -28.1710262 71.478295 -16.1089354
v -28.0041306 75.4661606 -16.9069137
v -26.1889523 77.6626071 -16.2712185
v -27.3992535 82.5780207 -18.100609
v -28.3331132 85.7082282 -19.4270475
v -28.2171369 88.5156615 -19.9812683
v -28.5415212 93.9419824 -21.4499767
v -26.1218393 96.4745051 -20.1607322
v -27.4628356 101.561042 -22.3132336
v -27.4803232 105.759548 -23.2504525
v -28.5499724 110.445304 -25.225683
v -27.9567663 113.454799 -25.3746344
v -26.4930034 116.138484 -24.614858
v -26.4036318 121.598649 -25.6851676
v -27.34375 125 -27.34375
v -23.4375 -125 23.4375
v -23.5784338 -121.824317 22.9794128
v -24.0386589 -117.760835 22.6465003
v -22.1852583 -114.336535 20.2926844
v -23.9221187 -109.756303 21.0048265
v -24.0572962 -106.628154 20.5214807
v -24.4139625 -102.60866 20.0406717
v -23.4612582 -97.5947514 18.3175653
v -22.505938 -93.1559968 16.7725047
v -23.3838965 -89.4465326 16.7328677
v -22.5565755 -86.2405178 15.562326
v -23.9188982 -81.4241085 15.5805997
v -22.9281733 -78.7377037 14.4424937
v -24.3234528 -73.2172548 14.2471715
v -23.5522912 -70.0397166 13.1967664
v -23.9618314 -66.2741576 12.7044015
v -23.9836291 -61.2387921 11.7498278
v -22.7284532 -59.1891585 10.7622241
v -24.2110029 -53.4380103 10.3503026
v -23.4248046 -51.7608446 9.69990135
v -23.8118268 -46.0471284 8.77172995
v -22.384249 -44.2291313 7.9202871
v -24.1774952 -38.7043444 7.48619283
v -23.8533063 -34.8699192 6.65410292
v -22.8643189 -31.5225943 5.76594117
v -23.9969069 -26.043752 4.99975594
v -22.8024476 -22.1431506 4.03934425
v -22.1253044 -18.5787134 3.28847752
v -23.8145762 -15.9424633 3.03730406
v -23.3362314 -10.4236558 1.94599075
v -24.7472539 -9.07578887 1.79680681
v -22.6143073 -3.57901803 0.647496109
v -23.7795868 -0.155525339 0.0295866264
v -23.1378376 4.09126927 -0.757304989
v -24.2432072 8.13391149 -1.57753682
v -22.9757606 12.9791366 -2.38564428
v -23.4424433 15.3686457 -2.88222884
v -22.0895689 18.8416198 -3.32962608
v -22.2104168 23.0902549 -4.10275349
v -23.2449714 26.6231529 -4.95083542
v -24.3353306 30.4630121 -5.93061976
v -24.0176198 36.028361 -6.9225238
v -23.3212205 39.5207898 -7.37338443
v -22.6137787 44.0625105 -7.97135889
v -22.368046 47.0743301 -8.42368624
v -22.4014079 51.7709886 -9.27794426
v -22.6749241 54.3129949 -9.8523443
v -23.558882 58.6061435 -11.0455617
v -23.240095 63.2555906 -11.7605275
v -24.1027906 66.1485443 -12.7549161
v -23.2815268 70.9083291 -13.2068333
v -23.7801122 75.0313886 -14.2740387
v -23.2943251 77.568067 -14.4551661
v -24.7051492 83.1260648 -16.4291347
v -24.5512344 86.3475796 -16.9595173
v -23.0097997 90.8113295 -16.716404
v -23.63347 93.647689 -17.7057588
v -24.195982 96.4389456 -18.6674799
v -22.1570983 101.927416 -18.0673261
v -24.7545886 104.260252 -20.6473572
v -22.2375765 109.447671 -19.4708075
v -22.4980031 113.748172 -20.4728538
v -24.8038117 117.467132 -23.309061
v -22.4138018 120.093484 -21.5340123
v -23.4375 125 -23.4375
v -19.53125 -125 19.53125
v -18.9375929 -121.799783 18.4527576
v -20.2962651 -116.684834 18.9461306
v -19.0238262 -113.106921 17.2138112
v -18.3358779 -110.203795 16.1654666
v -20.7219214 -104.651741 17.3486811
v -20.0848195 -102.883062 16.5311017
v -20.5484146 -97.7058034 16.0615948
v -18.5192 -94.1770599 13.9526705
v -20.5535238 -90.0865008 14.8127603
v -20.6189348 -85.4237409 14.0907724
v -20.6410862 -81.673177 13.4865847
v -18.6104562 -78.9016461 11.747165
v -20.3538543 -74.2134377 12.084236
v -18.251729 -71.2750553 10.4071439
v -20.8011663 -65.8026807 10.95018
v -19.6479889 -62.6596192 9.84908402
v -20.5396109 -59.6063181 9.79432463
v -20.4027922 -54.4682425 8.89043386
v -20.4005024 -50.7217405 8.2779919
v -19.3655196 -47.653257 7.38264066
v -20.2999215 -43.5232362 7.06814621
v -19.9668126 -38.5549289 6.15855231
v -18.5396408 -34.4123602 5.10394238
v -19.2481719 -29.9270734 4.60833163
v -20.8806957 -26.127501 4.36448318
v -20.171988 -24.7709767 3.99743875
v -19.2290416 -19.7056268 3.03136254
v -20.0382155 -16.6356347 2.66678746
v -20.6462898 -10.7600144 1.77723501
v -20.619323 -6.70805755 1.10652484
v -19.9267156 -4.87112876 0.776524779
v -19.202993 0.405803316 -0.0623411058
v -19.6113733 2.74158679 -0.430130255
v -20.2507933 6.45867105 -1.0463457
v -20.4799984 11.7548327 -1.92591164
v -20.0686977 15.144066 -2.43137346
v -18.4929827 20.2766465 -2.99980538
v -20.681527 23.3854017 -3.86916653
v -20.7014857 27.2400222 -4.51127145
v -20.6616036 32.4670546 -5.36657129
v -19.3782575 33.812705 -5.24185044
v -20.8271295 39.7058349 -6.61566851
v -20.0613743 44.3098877 -7.11133793
v -20.0696663 47.6161471 -7.64512146
v -19.7420612 50.1078998 -7.91386577
v -19.7158428 55.5959514 -8.76896832
v -18.6035233 58.3389538 -8.68248067
v -20.0746452 62.0617055 -9.96693376
v -20.4551318 67.2589437 -11.0063245
v -18.7478682 71.5825096 -10.7361556
v -20.2893706 75.0184495 -12.176617
v -20.5145915 79.2289083 -13.0027895
v -20.8445381 81.3238923 -13.5612718
v -18.2792628 86.8197527 -12.6960086
v -19.0800081 90.307965 -13.7846137
v -19.1787418 93.2965489 -14.3144834
v -20.6527357 97.5654671 -16.1199504
v -18.6175485 100.292086 -14.9375422
v -20.7311887 106.785087 -17.7102543
v -18.9988717 110.328457 -16.7689296
v -18.6268556 114.393265 -17.0462946
v -19.6343131 116.072147 -18.231975
v -20.3813682 119.735499 -19.5229864
v -19.53125 125 -19.53125
v -15.625 -125 15.625
v -14.3257176 -119.927149 13.7443397
v -16.8732446 -116.578815 15.7365029
v -16.2506449 -113.643078 14.7741865
v -15.3125325 -110.301605 13.5119753
v -15.2633564 -106.53734 13.0089392
v -16.4737836 -101.918038 13.4318056
v -16.2587381 -96.5084511 12.552845
v -15.8912685 -92.5303526 11.7633974
v -14.318523 -90.1472314 10.3262017
v -14.2776471 -84.5981798 9.66290367
v -16.719657 -80.7978313 10.8072962
v -14.6566332 -78.218474 9.17135586
v -15.9047912 -73.4145279 9.34114191
v -16.3072324 -70.6684714 9.21925748
v -15.7966471 -66.4319693 8.395219
v -16.8448473 -63.373498 8.54013518
v -15.0081587 -57.4315631 6.89553612
v -15.0773651 -54.8488113 6.61580443
v -16.3139962 -50.2160107 6.55379046
v -16.9066919 -46.9337104 6.34795025
v -14.9589477 -42.6870344 5.10842491
v -14.3171654 -37.7388888 4.32251131
v -16.6348479 -34.6888322 4.61634758
v -14.3025573 -31.0867008 3.55695457
v -15.4742229 -28.4232693 3.51862404
v -16.3542614 -22.3279173 2.92125277
v -14.8996622 -19.8889708 2.37071157
v -14.8943513 -14.3896153 1.71459189
v -16.0241938 -11.5956038 1.48648162
v -15.4256616 -9.1684612 1.13143664
v -16.3968095 -3.90727102 0.51253423
v -15.384004 0.27171526 -0.0334405491
v -16.4545746 4.92607524 -0.648451781
v -16.0006837 8.5251731 -1.09126879
v -14.827202 11.6081226 -1.37692783
v -14.8188926 16.2226058 -1.92320841
v -15.1735798 19.0541711 -2.31295988
v -14.5115178 22.5035295 -2.61248294
v -14.8675176 28.007756 -3.33124643
v -15.3499107 32.2011889 -3.95428299
v -15.1626665 34.7460659 -4.21474408
v -16.6327867 38.8330592 -5.16721593
v -16.8730176 41.7091905 -5.63007925
v -16.3247624 47.4665065 -6.19903553
v -14.9124286 51.6766135 -6.16499048
v -14.29526 55.7515397 -6.37586205
v -16.3967595 58.4794089 -7.67098242
v -14.3141472 63.2518038 -7.24316502
v -14.7472262 65.8890647 -7.77344752
v -16.5449088 69.6933116 -9.22455587
v -15.5204962 75.2852317 -9.34771321
v -16.2743431 78.3888874 -10.2058212
v -14.9494746 81.9479996 -9.80063627
v -16.0211889 84.6043011 -10.8436919
v -15.9139017 88.6142227 -11.2815842
v -15.4345763 93.7398843 -11.5746832
v -16.184374 98.9683852 -12.8139309
v -14.8255416 100.227639 -11.8874322
v -15.3248743 106.202008 -13.0202593
v -16.846537 110.734096 -14.9238883
v -15.4430496 112.086905 -13.847709
v -15.793729 116.731505 -14.7490061
v -14.4474063 120.245194 -13.8978494
v -15.625 125 -15.625
v -11.71875 -125 11.71875
v -10.4760311 -119.932084 10.0512979
v -12.9214718 -118.350939 12.2341466
v -10.9861396 -114.282715 10.0442069
v -11.3925293 -110.623604 10.0822612
v -11.7152854 -104.236088 9.76924417
v -12.7795876 -101.317308 10.3583474
v -10.6391616 -98.4984841 8.38353035
v -11.3258858 -93.4950032 8.47130983
v -11.3635781 -88.889663 8.08083699
v -10.45684 -84.9971219 7.11041041
v -12.7616155 -81.0834948 8.27805107
v -12.0329682 -79.2154572 7.62557661
v -12.9936467 -73.8369459 7.67528949
v -12.315541 -68.9458583 6.79284437
v -10.3559354 -66.3532179 5.49719709
v -12.0424107 -63.133531 6.08223927
v -10.8286137 -57.3305776 4.96648542
v -10.7280945 -54.0948167 4.64267443
v -11.6097398 -49.9482388 4.63908844
v -10.813455 -46.0022645 3.97954733
v -12.4999419 -42.8020097 4.28018107
v -12.8768515 -38.3446752 3.9500695
v -12.5256282 -34.545511 3.46163383
v -12.8214555 -32.2282428 3.30570386
v -12.8184459 -28.271731 2.89919723
v -12.9576145 -24.0483532 2.49287432
v -12.8895855 -18.7748376 1.935999
v -12.7817888 -15.0576531 1.53970993
v -11.5882405 -12.5692094 1.16524018
v -12.2621194 -8.45689393 0.829595542
v -10.3742202 -4.83544947 0.401312141
v -11.3663317 -0.835155797 0.0759412623
v -10.5255212 4.96559613 -0.4181239
v -11.0816587 8.49502846 -0.753112047
v -10.6298352 12.1037364 -1.02928579
v -10.5050176 16.2982026 -1.36970325
v -12.0213103 19.7034515 -1.89489043
v -12.4452552 23.780826 -2.3676676
v -12.8653333 27.2367229 -2.80327616
v -10.4488452 32.2027233 -2.69185018
v -12.4322814 34.5428196 -3.43556844
v -10.4023081 40.2499345 -3.34953776
v -11.0961821 43.9562827 -3.90197532
v -10.8593224 46.1588226 -4.01002831
v -12.9887607 51.7399836 -5.37630613
v -10.5916238 54.1510846 -4.58838335
v -12.8598041 58.2613996 -5.99384147
v -10.8740873 63.1802689 -5.49622209
v -12.9906508 65.2787431 -6.78410688
v -10.4883079 70.0041273 -5.87379871
v -12.928606 74.9776047 -7.75484726
v -12.6498048 79.3006825 -8.02510521
v -11.8488217 81.6568472 -7.74029937
v -12.6099713 85.4405981 -8.61922795
v -12.7806424 90.5129416 -9.2545083
v -12.0895406 94.6798469 -9.15708684
v -12.9285898 98.3095614 -10.168032
v -11.502787 102.516147 -9.43377122
v -11.0694075 106.723569 -9.45093344
v -11.7218591 108.225302 -10.148814
v -11.5376122 112.342356 -10.3693003
v -12.4094753 117.236935 -11.6387907
v -11.7999313 121.248004 -11.4457449
v -11.71875 125 -11.71875
v -7.8125 -125 7.8125
v -7.46974151 -122.453271 7.31755427
v -6.62611577 -117.894929 6.2494836
v -7.75162726 -113.09042 7.01307828
v -6.49280655 -109.718007 5.69902235
v -8.08917494 -106.422852 6.88698454
v -7.52479339 -102.902307 6.19454882
v -7.18211775 -96.8638197 5.56549887
v -8.89654993 -94.5805139 6.73152211
v -6.90180505 -90.9139917 5.01976518
v -6.90700929 -85.0894271 4.70170771
v -8.85955509 -81.9942348 5.81145952
v -7.38036161 -78.6110331 4.64142281
v -8.04859096 -74.210248 4.77830345
v -8.68603474 -70.2780661 4.88350179
v -8.58889905 -67.6630471 4.64920865
v -8.8003156 -62.8197324 4.42266777
v -6.63931313 -58.1895405 3.09070864
v -6.92831003 -53.6673647 2.97459313
v -7.16314668 -51.8349678 2.97041182
v -8.68430249 -48.0565414 3.33870034
v -7.17317377 -41.6324316 2.38909333
v -8.4504536 -38.2681703 2.58706718
v -7.78669859 -35.9573665 2.2399134
v -9.12129094 -29.9093306 2.18249365
v -6.68150562 -28.4862769 1.52264975
v -8.23617293 -22.3167179 1.47043479
v -7.28260776 -20.3442672 1.18527455
v -8.85503976 -15.428402 1.09295291
v -8.64282808 -12.651764 0.874776171
v -7.10362844 -8.54917254 0.485841162
v -7.25974092 -4.52594727 0.262857637
v -7.51874016 0.146638684 -0.00882030533
v -8.10786999 4.28324708 -0.277824084
v -7.44128794 8.28200836 -0.493030472
v -6.69927381 11.2299552 -0.601860359
v -6.92630719 16.026616 -0.888042124
v -7.01924052 18.771059 -1.05406863
v -7.95559657 22.7427538 -1.44745739
v -7.94792585 28.6633985 -1.82251653
v -6.7184601 30.3586368 -1.63170632
v -8.42550822 35.7545921 -2.41000488
v -7.72273879 38.3642177 -2.37021465
v -8.59038231 44.2719689 -3.04250511
v -7.95842084 46.5345327 -2.96273116
v -8.53250631 51.9312608 -3.54483048
v -6.77407206 54.6650849 -2.9624418
v -6.70502862 58.2913306 -3.12676032
v -8.19087524 61.799995 -4.04956839
v -7.01753943 65.4724433 -3.67564362
v -6.9928106 71.3550852 -3.99178077
v -6.77980379 73.4026027 -3.98124195
v -7.16286324 79.1484525 -4.53543633
v -8.56981469 83.0363542 -5.69284934
v -7.43593137 85.743394 -5.10065595
v -8.45267749 88.506279 -5.98492026
v -7.87887147 94.4474297 -5.95311328
v -9.02485753 98.4411157 -7.10733635
v -9.12828362 100.943626 -7.37153637
v -6.68171841 106.790078 -5.70832985
v -7.91955156 109.901477 -6.96296333
v -7.83048057 113.836211 -7.13113789
v -7.44805417 117.338833 -6.99156788
v -9.09373234 120.690664 -8.78022876
v -7.8125 125 -7.8125
v -3.90625 -125 3.90625
v -3.49176012 -122.414009 3.41952285
v -3.29586102 -117.636545 3.10170963
v -5.11093341 -112.146113 4.58537052
v -3.04109145 -108.788866 2.64669512
v -3.88259738 -105.794022 3.28604474
v -3.86477942 -100.213349 3.0984199
v -4.42051425 -96.9245076 3.42764934
v -5.11846139 -94.602506 3.8737542
v -4.71246374 -91.1930707 3.43795231
v -4.73901628 -85.7341145 3.25036291
v -3.10759943 -82.6779852 2.05544048
v -3.56959019 -78.1610761 2.23202409
v -2.68714765 -75.1714334 1.61597393
v -4.76384323 -71.2472443 2.71528562
v -3.12187411 -67.3002947 1.68082438
v -3.42498087 -62.3285821 1.70779361
v -4.01423341 -59.8014578 1.92045608
v -3.31125189 -54.0969712 1.43302958
v -4.80547816 -50.4394078 1.93908378
v -3.25596977 -46.3227214 1.20660304
v -4.54030654 -42.295527 1.53627726
v -3.81036041 -39.2948037 1.19781892
v -3.4544308 -34.4466886 0.951949614
v -4.6607956 -31.4512636 1.17270329
v -2.63013716 -28.5738669 0.601225514
v -4.94508045 -24.2761549 0.960380312
v -2.81732524 -20.543106 0.46301289
v -2.61933876 -15.9362405 0.333939299
v -3.05533019 -12.3602348 0.302116789
v -4.04366201 -6.50339472 0.210380241
v -3.11502144 -3.77695438 0.0941223509
v -3.54667814 -1.33101297 0.0377653968
v -2.57977615 4.97415047 -0.102657558
v -3.3647216 7.01774387 -0.188902035
v -4.93668171 10.8793562 -0.429663351
v -3.7819083 15.1002417 -0.456861836
v -5.05798768 18.1835672 -0.735778074
v -3.84016809 24.6761722 -0.758085191
v -4.9528876 27.8075407 -1.10182099
v -3.94590513 30.6558161 -0.967719537
v -3.10047603 34.8661887 -0.86481426
v -5.19857911 38.1291265 -1.58573824
v -4.3147871 42.7731244 -1.4764554
v -5.10012964 46.0301455 -1.87807768
v -4.40298404 52.1191679 -1.83583892
v -4.24668958 54.9009631 -1.86517879
v -5.23332543 58.2903008 -2.44041691
v -4.40400808 62.4819429 -2.20136785
v -3.42928941 65.1461572 -1.78724022
v -4.0050576 71.0477751 -2.27640345
v -4.93852338 75.3325457 -2.97625231
v -4.16185064 78.970434 -2.62930521
v -5.22066572 81.7227226 -3.41317613
v -4.87886354 86.583118 -3.37941774
v -4.10163367 89.4011564 -2.93352635
v -4.83762576 92.751269 -3.58956743
v -3.77261152 98.222925 -2.96445551
v -4.94113843 102.388085 -4.0473096
v -3.1598662 106.280328 -2.68665293
v -2.98979454 110.077881 -2.63288199
v -3.00762275 112.463859 -2.70599089
v -3.19958967 116.704491 -2.98725188
v -3.62655257 121.696142 -3.53069966
v -3.90625 125 -3.90625
v 0 -125 -0
v 1.00140487 -121.802731 -0.97579079
v -1.04356721 -116.127185 0.969492186
v -1.24179055 -114.109819 1.13360397
v -0.450813739 -109.323093 0.39427482
v 1.29242244 -104.990209 -1.08553362
v -0.0911298377 -100.630985 0.073363883
v 0.160208875 -97.5447893 -0.125020327
v -0.655893764 -95.0446155 0.498713365
v 0.154889149 -90.247397 -0.11182674
v 0.721241179 -86.1979741 -0.497356228
v 0.182815866 -82.290846 -0.120352578
v -1.25270479 -78.3317189 0.785012154
v -0.390777924 -73.6172279 0.2301439
v -0.282832025 -69.1222328 0.156399849
v -1.04403234 -66.6727772 0.556868282
v -1.26582208 -63.5238147 0.643278776
v 0.55658411 -58.3886289 -0.259985464
v -1.33025533 -55.8552818 0.594414289
v -0.582523583 -51.8654193 0.241702639
v 0.304335071 -48.1722727 -0.117284096
v 0.790746945 -43.4157994 -0.274647286
v -0.634091048 -38.0771896 0.19315524
v -1.16376649 -35.9283202 0.334497399
v 1.15152043 -30.4622292 -0.280623035
v 0.467270782 -25.9928005 -0.0971654098
v 0.717522392 -22.7701666 -0.130704835
v 0.476215128 -18.2656798 -0.0695871443
v 0.551639669 -15.6724422 -0.0691643266
v -1.17042233 -11.0132493 0.103121224
v -1.01622013 -7.91888471 0.0643786402
v 1.06168382 -3.73885713 -0.0317558731
v -0.552692085 -0.0676688376 0.000299200248
v 0.315520676 4.0645537 0.0102596059
v 0.57571802 7.44733929 0.0343005395
v 0.0503768139 11.9714483 0.0048246674
v -1.19994351 16.2481625 -0.155975017
v 0.207748971 20.6296501 0.0342863086
v -0.0825391511 24.7249087 -0.0163261838
v -0.560601328 26.8337414 -0.120344248
v -0.140514435 30.5646481 -0.0343581939
v 0.199379301 34.324934 0.0547494508
v -1.26303866 40.216538 -0.406360339
v -0.317619882 42.1021883 -0.106979937
v -0.80969017 47.5953454 -0.308299866
v 0.00542861304 50.228419 0.0021813652
v -0.884633254 53.9748834 -0.381983814
v -0.188440137 59.800175 -0.0901500252
v -0.0998760577 63.2167541 -0.0505107215
v -0.929843009 67.3247229 -0.500811383
v -0.70114244 70.2867338 -0.394248096
v 0.19715157 74.8257775 0.118016156
v 0.326463509 77.1083404 0.201384475
v 1.15521723 81.0785824 0.749307001
v 0.349960636 85.3466954 0.238943871
v 0.172756383 89.8480028 0.124174528
v 1.31659069 93.8966918 0.988988084
v 1.30591397 97.6385441 1.02006031
v 0.0565338798 101.32128 0.0458246804
v -0.047872389 104.308025 -0.0399477947
v 1.21331316 108.883717 1.05688037
v -0.383447432 113.765398 -0.348984397
v 0.881733287 116.924241 0.824767963
v -0.856364065 120.495491 -0.825504067
v 0 125 0
v 3.90625 -125 -3.90625
v 3.02128718 -121.118259 -2.92746435
v 3.33175995 -116.166897 -3.09632173
v 3.91862833 -113.518747 -3.55870222
v 3.55275665 -108.493057 -3.08359543
v 3.11620763 -105.399534 -2.62757466
v 2.78713003 -101.044328 -2.25298944
v 2.73163917 -97.3455722 -2.12730382
v 5.00776226 -94.6267543 -3.79094631
v 4.70715514 -90.6916605 -3.41519773
v 4.6950544 -86.9096069 -3.26436266
v 4.27374257 -82.7135335 -2.82797079
v 4.08813265 -79.1359967 -2.58814762
v 3.80198421 -73.1506498 -2.22494092
v 4.42398515 -71.038108 -2.51417228
v 3.71573158 -65.8100073 -1.95625858
v 4.93168588 -61.1591167 -2.41294041
v 3.19121727 -59.2934681 -1.51374672
v 3.79347267 -53.3480152 -1.6189939
v 4.66123728 -49.7042644 -1.85346696
v 4.10936596 -45.5285793 -1.49674875
v 4.60199785 -42.9508171 -1.58127654
v 4.55912878 -39.7841521 -1.45104859
v 3.57052907 -34.796525 -0.993936031
v 3.69970929 -30.0211857 -0.888557278
v 2.6986044 -28.6487328 -0.618492771
v 3.59265782 -22.3181406 -0.641451539
v 5.12436392 -19.7232969 -0.80855481
v 2.72954513 -15.2520872 -0.333050082
v 5.05698076 -11.8235309 -0.478330947
v 4.89931298 -8.39056302 -0.328863955
v 4.66332397 -4.17581572 -0.155785452
v 2.98215844 -0.288732998 -0.00688838036
v 4.84558053 5.00535291 0.194030725
v 5.21151379 9.17329998 0.382454235
v 3.43074269 12.5442744 0.344289423
v 2.91909693 16.5245969 0.385895201
v 2.97565258 18.9639111 0.451440089
v 3.26358736 23.5600599 0.61512251
v 3.23715851 26.589833 0.688604034
v 2.74619998 32.6143757 0.716524783
v 3.12891721 36.4371811 0.912071383
v 3.54182294 39.0862595 1.10749288
v 4.58986987 42.9285475 1.57629157
v 5.25363905 47.8280081 2.01016873
v 2.55979463 49.4941597 1.01355907
v 5.03510972 55.724392 2.24462742
v 4.98838549 57.5641334 2.2972167
v 5.21366637 63.8107814 2.661505
v 3.91274143 65.402868 2.04723609
v 3.58862913 70.1585185 2.01418323
v 3.142211 74.667751 1.87697463
v 3.33933255 78.6339661 2.1006797
v 3.23551413 82.0130716 2.12283562
v 3.25874841 86.7320827 2.26110429
v 3.69431165 89.4465897 2.64354863
v 2.7225859 94.1408498 2.0504524
v 2.90083186 98.4810778 2.28541639
v 3.72866399 101.052654 3.01433114
v 2.61102798 105.40952 2.20181765
v 4.83924502 110.188629 4.2658382
v 4.49562941 113.97624 4.0991595
v 3.2207191 117.467412 3.02663631
v 4.64305003 119.862889 4.45223512
v 3.90625 125 3.90625
v 7.8125 -125 -7.8125
v 9.10912201 -121.841994 -8.87898871
v 8.60268889 -117.942305 -8.11696767
v 7.24195483 -112.516057 -6.51868964
v 8.11132676 -109.633873 -7.11420931
v 8.40681373 -106.233278 -7.14466706
v 8.75365667 -101.254781 -7.09079668
v 7.53823701 -97.3020437 -5.86788693
v 7.15298623 -92.4515829 -5.29043919
v 7.54255002 -90.7319558 -5.47480252
v 6.56445983 -85.7909613 -4.50537055
v 8.80405869 -81.9920847 -5.77490501
v 8.27895504 -77.8441979 -5.15574892
v 7.90106525 -73.6303201 -4.65406371
v 7.95948813 -70.7469434 -4.50487565
v 9.07283789 -66.649569 -4.83760588
v 6.53993495 -62.8887809 -3.29030829
v 8.93299376 -57.4551048 -4.10596874
v 7.25831841 -55.8491095 -3.24296496
v 7.81788359 -49.6370492 -3.10445338
v 7.6555135 -45.8594046 -2.80861833
v 7.32350282 -42.9618757 -2.51705134
v 7.47710509 -40.4003455 -2.41662103
v 8.00616437 -36.2198307 -2.31985534
v 7.29960439 -32.5333111 -1.8998424
v 7.05784822 -28.694458 -1.62016903
v 6.45996636 -22.8646973 -1.1816414
v 7.34209964 -18.4015899 -1.08085045
v 7.8713277 -15.12337 -0.952328008
v 6.586205 -12.9800351 -0.683913379
v 6.5803773 -6.55446435 -0.345046787
v 8.84788235 -3.99658392 -0.282890435
v 6.4688713 1.34516265 0.0696134722
v 6.69685957 4.36312496 0.233753881
v 7.41222607 8.84507217 0.524493396
v 8.29630731 10.859765 0.720767579
v 8.2665399 15.0791337 0.997218082
v 7.9591046 19.2667528 1.2267688
v 7.59693926 22.6791866 1.37833922
v 7.52238213 26.3246285 1.58419132
v 6.55986744 32.4573807 1.70332892
v 8.42368094 34.4747552 2.32323471
v 8.79944986 40.1876764 2.82903555
v 9.1679427 41.8557251 3.06984711
v 7.2052035 45.9714193 2.64986745
v 7.68089818 50.4402962 3.09941424
v 7.14778796 54.6665447 3.12595896
v 8.40953732 58.1388231 3.91136482
v 8.43148868 61.7771097 4.16698401
v 6.93861895 66.7613319 3.70585154
v 7.03265852 70.7661555 3.98139365
v 8.95353558 72.8777557 5.22010863
v 8.07590569 78.379384 5.06387611
v 6.91928552 81.329677 4.50194605
v 7.42348417 85.7150318 5.09043346
v 7.62341831 88.8868967 5.42097597
v 8.37822381 92.5851992 6.20559616
v 8.70365301 97.0550068 6.75786482
v 8.65500803 102.540539 7.09991349
v 6.77455731 105.949828 5.74210544
v 6.66460488 109.354464 5.83043438
v 8.22470803 113.973121 7.49916514
v 8.35780168 118.438547 7.91908707
v 6.68417414 122.210278 6.53499824
v 7.8125 125 7.8125
v 11.71875 -125 -11.71875
v 11.7659078 -121.271575 -11.4149614
v 12.5763422 -117.102595 -11.7817785
v 12.4122994 -114.566207 -11.3762406
v 12.706283 -109.194718 -11.0996719
v 11.840834 -105.908173 -10.0323288
v 11.5892916 -102.097377 -9.46589019
v 12.0603952 -98.1140663 -9.46635534
v 12.2978855 -92.6704843 -9.11720808
v 11.0317517 -90.9614768 -8.02771544
v 12.3821755 -84.8709027 -8.4070913
v 11.347611 -81.4232767 -7.39167735
v 13.0803966 -77.7051442 -8.13131286
v 11.0483679 -74.7088457 -6.6032865
v 12.4823311 -70.0093067 -6.99103474
v 12.7184564 -67.7371007 -6.89209092
v 12.4772961 -63.8612719 -6.374528
v 12.1289741 -59.7469081 -5.79734961
v 12.7561421 -54.34828 -5.54619505
v 10.48937 -51.1355077 -4.2910341
v 11.3406623 -47.6962004 -4.327252
v 13.008305 -41.9584098 -4.36646233
v 11.7769935 -40.3721013 -3.80369579
v 11.3156033 -34.3071012 -3.10564438
v 11.02368 -31.1410132 -2.74630851
v 11.1575256 -27.6476459 -2.46783454
v 10.3982037 -23.813364 -1.98092967
v 12.281462 -18.6706604 -1.83442405
v 10.4284569 -16.3491001 -1.36396708
v 12.3917777 -12.7694005 -1.26588458
v 10.4558044 -7.53448541 -0.630232846
v 10.7507501 -3.7607997 -0.323451341
v 11.549474 -0.731420044 -0.0675801343
v 10.571377 5.20894858 0.440526074
v 10.4799928 7.81146607 0.654912867
v 13.0143748 11.0350056 1.14890959
v 12.929539 14.8779114 1.53891629
v 12.1500487 19.7384747 1.91858742
v 12.3019256 23.2592507 2.28906858
v 10.7503267 26.2569057 2.2581625
v 10.4609324 30.4213012 2.5458814
v 11.0329691 35.9213873 3.17055646
v 11.7000792 38.2675644 3.58186827
v 12.4349846 41.9822793 4.17639198
v 11.5949107 47.9208409 4.44510295
v 11.3543846 49.9252696 4.53496571
v 10.5503975 53.4951394 4.51515989
v 10.8085022 59.5536083 5.14948246
v 11.5041215 61.2362381 5.63575301
v 11.0851206 65.7137509 5.82755881
v 11.5056941 69.0875565 6.35920235
v 12.0414794 74.518452 7.17849926
v 11.0837055 79.1265066 7.01611917
v 12.9695488 81.712532 8.47819735
v 11.8341405 84.7714341 8.02557652
v 12.9993743 90.2794736 9.38861331
v 11.6483862 93.8869773 8.74905414
v 11.937012 96.9401602 9.25740682
v 13.0461273 101.21933 10.5641621
v 11.3686037 105.351882 9.58163038
v 12.2975689 109.167789 10.7399872
v 12.4765351 112.159032 11.1948488
v 10.9918969 116.457182 10.2406828
v 11.3717288 121.054936 11.0128312
v 11.71875 125 11.71875
v 15.625 -125 -15.625
v 15.2600875 -121.66707 -14.853201
v 14.5995864 -116.984925 -13.6634521
v 15.0728458 -113.345692 -13.6675371
v 15.0482691 -108.966628 -13.1180731
v 16.4350042 -106.215469 -13.9652134
v 16.9176065 -100.66158 -13.623624
v 14.2772767 -97.4567067 -11.131331
v 16.0133633 -94.0421865 -12.0474536
v 16.0536973 -90.962109 -11.6822253
v 15.0141155 -85.5075444 -10.2705612
v 16.4954143 -81.7568245 -10.7889015
v 15.3489026 -79.227026 -9.72838326
v 14.4668435 -73.9799229 -8.56204776
v 14.4045108 -71.576931 -8.24824539
v 16.119734 -65.4930766 -8.4458478
v 16.9078989 -63.3461857 -8.56840721
v 15.7842761 -59.9285718 -7.56743301
v 16.8852079 -54.1815328 -7.31893157
v 14.8524073 -50.0947854 -5.95222526
v 14.8313547 -46.8386757 -5.5574481
v 16.5951483 -42.5556397 -5.64973721
v 15.1739032 -38.361782 -4.65678373
v 16.1151856 -36.1445325 -4.65980679
v 15.8727707 -31.1466693 -3.95507152
v 15.3728094 -27.1331259 -3.33689897
v 16.2048277 -22.5606653 -2.92473355
v 16.1047952 -19.7319118 -2.54222719
v 16.9491753 -14.3236447 -1.94219172
v 16.6892355 -12.8660884 -1.71780144
v 16.1983478 -8.05473464 -1.04378715
v 15.2027114 -5.11682413 -0.622316804
v 15.9574376 -0.174734555 -0.0223065261
v 14.9642093 3.18264102 0.381005652
v 16.8188146 6.72262454 0.904532604
v 16.0558529 11.7066652 1.50368396
v 14.7315836 14.8367479 1.74855033
v 16.4665261 20.5280597 2.70420664
v 16.3486251 24.4243527 3.19443669
v 16.8875234 27.1490622 3.66784339
v 16.9650143 30.3225004 4.11537323
v 15.6061955 34.0816238 4.25507587
v 14.6465941 38.9344237 4.56205362
v 14.6423975 42.8404047 5.01828989
v 14.3154501 45.7087732 5.23473329
v 14.6797779 49.5823137 5.82285881
v 16.2897023 54.0187998 7.03960132
v 14.2582894 57.8128642 6.59450039
v 15.4968614 63.1565187 7.82982255
v 16.0860553 66.3627277 8.54011605
v 14.7775223 70.2885206 8.30952145
v 15.9559626 73.6161261 9.39692925
v 16.0628823 77.9664165 10.018923
v 15.7564703 81.6671843 10.2942925
v 14.3177719 85.4192293 9.78410434
v 15.938 90.2734541 11.5102265
v 14.5370546 93.0676608 10.8234374
v 14.363809 98.6971428 11.3413353
v 16.622163 101.527919 13.500909
v 16.5703929 104.353872 13.8334773
v 16.7717712 109.65587 14.7129852
v 14.5338966 112.755808 13.1102501
v 15.1072529 117.85527 14.243755
v 14.783 119.944547 14.1851219
v 15.625 125 15.625
v 19.53125 -125 -19.53125
v 19.0650827 -120.558245 -18.3876233
v 18.5266199 -117.616592 -17.4323032
v 19.6389839 -114.029208 -17.9153422
v 20.3716236 -109.840762 -17.9010772
v 20.788886 -104.558551 -17.3892463
v 20.3620979 -100.885966 -16.4339994
v 19.4734788 -97.3639899 -15.1681248
v 19.1527448 -95.0302461 -14.5607204
v 19.0674568 -89.4002041 -13.6370763
v 19.8636244 -84.6469805 -13.4511666
v 20.0116826 -80.929042 -12.9562104
v 19.141456 -78.7544033 -12.0597916
v 19.8491269 -73.1030776 -11.6082581
v 18.5571582 -70.4502468 -10.458851
v 18.3187643 -65.0804465 -9.53754688
v 20.3400356 -62.2596152 -10.1309023
v 18.6811972 -57.8725513 -8.64902834
v 20.5332371 -55.3027572 -9.08435699
v 20.7430675 -50.5588625 -8.38996717
v 18.7179763 -46.8717029 -7.0187474
v 18.9197569 -43.4970936 -6.58363549
v 19.722546 -38.6068963 -6.09141031
v 18.9673355 -33.8353881 -5.13413726
v 18.326068 -30.6801443 -4.49797128
v 19.6327688 -28.4105122 -4.46221615
v 18.5312089 -24.2265192 -3.5915735
v 19.678317 -20.8613827 -3.28413522
v 18.6743667 -15.9126337 -2.37726685
v 19.9229399 -10.7620661 -1.71529597
v 20.3787284 -8.50099535 -1.3859158
v 18.5261909 -4.37766017 -0.648810943
v 20.7107839 1.10294199 0.182742346
v 20.0594698 3.56300326 0.571775651
v 19.9663172 7.63848895 1.22009994
v 19.9492816 12.9433739 2.06568809
v 18.9124465 16.945542 2.56385325
v 18.3492813 20.8048731 3.05403574
v 20.0171202 24.7858735 3.96913448
v 19.2035604 27.1009469 4.16347737
v 20.5734589 30.8901217 5.08413319
v 18.7838199 34.7251028 5.21816063
v 20.190254 39.4347127 6.36957493
v 20.1630246 42.940265 6.92644495
v 20.1423074 48.1279546 7.75526443
v 19.8458847 49.5124856 7.86095263
v 18.910297 54.1164912 8.18687139
v 20.7730628 59.2620242 9.84843002
v 18.9753155 62.0060037 9.41266787
v 18.9567154 65.2202801 9.89089832
v 20.5069012 69.4505892 11.393731
v 20.6951565 74.3478553 12.309124
v 19.376507 79.1834764 12.2743935
v 18.2328409 81.5940057 11.9015242
v 19.7124021 86.5493144 13.6487591
v 20.5575335 89.2167706 14.672614
v 20.7503768 94.7522038 15.7291514
v 18.8904734 97.7012962 14.7649899
v 20.3993992 102.230155 16.68347
v 20.2448097 104.386603 16.9062954
v 20.5253269 109.169774 17.9259624
v 20.4358636 112.909655 18.4592504
v 19.9594746 116.293393 18.5692402
v 19.4132704 122.225021 18.9822991
v 19.53125 125 19.53125
v 23.4375 -125 -23.4375
v 23.1870107 -120.694781 -22.3884094
v 23.930102 -116.34773 -22.2737045
v 22.7477753 -111.940759 -20.3712259
v 23.6476625 -109.434218 -20.7029075
v 22.3156527 -105.581148 -18.8488978
v 22.8662412 -101.610114 -18.587531
v 22.1357915 -96.8380046 -17.148687
v 22.2626024 -94.7804235 -16.8804711
v 22.289188 -89.3552308 -15.9332443
v 22.2424898 -87.2397621 -15.5234361
v 22.5466245 -82.4507301 -14.8718852
v 22.4806144 -78.811613 -14.1738678
v 24.4478852 -74.1346129 -14.499476
v 23.5408429 -69.0653866 -13.0068593
v 22.2002804 -66.773329 -11.859093
v 22.5528887 -62.5722221 -11.2894749
v 24.2991469 -58.5838534 -11.3883013
v 23.7822498 -54.2685815 -10.3250317
v 22.8950669 -50.1014899 -9.1766157
v 22.1099929 -47.2604166 -8.35941979
v 23.0841567 -43.4370893 -8.02166858
v 22.9560501 -39.2709108 -7.21203996
v 22.8536796 -35.4569153 -6.48256786
v 24.7049378 -31.3342771 -6.19289094
v 24.3240568 -27.1174308 -5.27684742
v 24.1865839 -22.2336758 -4.30205332
v 23.6771713 -20.6724853 -3.91572779
v 24.3826076 -16.76902 -3.27097948
v 24.4848558 -12.1330988 -2.37661741
v 23.6560757 -7.17209446 -1.35730888
v 23.192139 -4.3232017 -0.802114356
v 22.8273335 -0.819665169 -0.149686161
v 23.5362472 2.95167059 0.55576999
v 22.6350776 9.07595791 1.6434801
v 22.5908396 12.8553176 2.32329934
v 24.2899271 14.8864586 2.89272797
v 22.4145876 19.1401697 3.43215209
v 22.8878611 24.4523121 4.47728898
v 24.5446753 26.5279955 5.20896828
v 24.0004393 32.2322599 6.18870719
v 23.7118583 35.3581145 6.70725281
v 22.2627606 38.6232715 6.87888516
v 22.279017 42.7986245 7.62809026
v 22.2431787 46.013297 8.18785592
v 22.5167658 49.9229255 8.99282259
v 22.5463533 54.8299438 9.88972228
v 22.3402855 57.2647832 10.2344929
v 22.2997742 61.8209696 11.0287493
v 24.6320379 67.6638453 13.3335872
v 24.7074383 71.5727746 14.1470393
v 23.9038157 73.8899667 14.1300172
v 24.0538571 78.9415545 15.190791
v 22.9187907 81.8642048 15.0098286
v 23.2544248 85.1064504 15.8328124
v 23.0808994 89.3601892 16.5001083
v 23.8951576 93.7368653 17.9188574
v 22.7162332 97.3408241 17.6897349
v 22.8374027 101.316689 18.5104801
v 22.4248514 104.435904 18.7356771
v 23.8199294 109.967558 20.9553557
v 24.6630274 112.448548 22.1865731
v 23.8367365 117.968587 22.495889
v 22.4611481 122.082382 21.9368837
v 23.4375 125 23.4375
v 27.34375 -125 -27.34375
v 26.6056813 -120.059254 -25.5540661
v 27.6490992 -116.434857 -25.7545514
v 27.4866155 -112.099589 -24.6499064
v 27.0158066 -108.804593 -23.5155507
v 25.982268 -106.485915 -22.1339646
v 26.3075552 -102.233501 -21.5161077
v 26.6236731 -98.7165692 -21.0255814
v 27.5979778 -92.422973 -20.4054973
v 27.9827192 -90.7414704 -20.3135447
v 28.158376 -86.5487617 -19.4965806
v 28.1733074 -82.2528981 -18.5386895
v 26.585463 -79.1586693 -16.835759
v 28.2636053 -74.5416143 -16.8545181
v 26.5157575 -69.171241 -14.6730228
v 26.7113158 -65.4198129 -13.9795943
v 26.6552544 -62.8439413 -13.40097
v 26.7447593 -59.6671252 -12.7662632
v 27.0521117 -53.3536332 -11.5466275
v 27.8725085 -51.1869817 -11.4136767
v 26.4426384 -45.7653436 -9.68125144
v 26.5549514 -42.2049992 -8.96601363
v 27.6422086 -38.209415 -8.44954095
v 27.1547389 -36.4009919 -7.90767546
v 28.6593104 -30.9152969 -7.08808871
v 26.0903258 -26.857058 -5.60567515
v 26.2196137 -23.4923975 -4.92769269
v 27.3006911 -20.7827945 -4.53907723
v 26.3570073 -14.4240994 -3.04140875
v 27.9699955 -11.4626482 -2.56488175
v 27.2381198 -7.87796302 -1.7166472
v 27.3825158 -3.93074008 -0.861068419
v 27.6447676 -0.714849091 -0.158094696
v 27.8370652 2.62177103 0.583859288
v 27.2751661 8.97564579 1.95849784
v 26.7208251 11.9540027 2.55536651
v 27.8229638 16.9781638 3.77906271
v 26.3135397 19.0081394 4.00137146
v 26.8576121 22.2991107 4.79120692
v 27.6361071 26.1433292 5.77999878
v 26.9949541 31.072204 6.71034177
v 27.9202336 34.0877319 7.6138995
v 28.0341507 38.1031598 8.54551779
v 28.0273544 44.0451663 9.8757559
v 27.6168815 45.7586772 10.1096957
v 26.8630601 50.7652871 10.9096877
v 27.1836692 54.4700767 11.8455724
v 27.8498262 58.8671843 13.1155268
v 28.4525495 61.1832471 13.9265549
v 28.302698 65.9866079 14.9407923
v 27.7838534 69.9976198 15.5584289
v 27.9515425 73.7184523 16.4843556
v 26.0708367 76.7584139 16.0092486
v 27.0765902 81.4544474 17.6440695
v 28.5735253 85.6300267 19.5740139
v 27.9097926 88.5470683 19.7706425
v 27.8889728 92.7973135 20.704174
v 28.3626835 96.5322056 21.9032991
v 26.8535019 100.898819 21.675893
v 26.0716322 105.605424 22.0264461
v 27.7828329 109.434638 24.3232342
v 27.126983 112.194652 24.3480193
v 27.0653629 117.932005 25.53498
v 26.2399704 120.275834 25.2482746
v 27.34375 125 27.34375
v 31.25 -125 -31.25
v 30.4636678 -121.204069 -29.5385638
v 31.9569556 -118.200908 -30.2187293
v 32.473773 -112.72663 -29.2852719
v 30.0095728 -108.431436 -26.0318485
v 31.4890549 -104.816457 -26.4045695
v 30.6378248 -101.502425 -24.8785081
v 31.5799115 -96.4942261 -24.378233
v 30.4766222 -92.4384397 -22.5376912
v 32.3933725 -89.8505945 -23.2845102
v 30.8750588 -85.8069558 -21.1943584
v 31.639288 -81.0846057 -20.5236736
v 31.0347676 -77.883167 -19.3366879
v 31.7768276 -74.0934302 -18.8356333
v 31.7402447 -68.9571691 -17.5097394
v 30.746515 -67.4988997 -16.6028475
v 29.9188314 -63.2852129 -15.1473569
v 29.89205 -59.4921062 -14.2267281
v 30.6255849 -55.2703781 -13.5415012
v 31.9564418 -50.1391624 -12.8181538
v 31.3458904 -47.2798528 -11.8562327
v 31.1700245 -41.8202467 -10.4283049
v 30.0038145 -38.1368909 -9.1540176
v 30.7411523 -35.5313596 -8.73819949
v 31.3303513 -30.3067455 -7.59616786
v 31.801963 -27.3180237 -6.95013424
v 31.903065 -23.4105096 -5.97493609
v 30.8852622 -18.2060123 -4.49837969
v 31.8294208 -15.3998849 -3.92135534
v 29.9677191 -11.3928624 -2.73134479
v 31.1013977 -7.19532171 -1.7902765
v 31.683661 -5.1496768 -1.30528491
v 32.1896686 -0.622401957 -0.160279302
v 32.4730706 4.79661709 1.24608708
v 31.8323733 7.22149766 1.83901927
v 31.8064786 12.4434517 3.16625905
v 31.093226 14.8133762 3.68476524
v 31.1439258 18.6300683 4.64170773
v 30.7673639 22.7568179 5.60133839
v 32.3988423 26.8339498 6.95511127
v 30.8691303 30.5931276 7.55506593
v 30.560911 36.1494914 8.83809109
v 32.1122438 39.1682676 10.0622477
v 31.247502 42.9783578 10.7437306
v 31.0712563 45.8065089 11.3861262
v 32.4001538 51.4994052 13.3487092
v 30.066623 54.3926651 13.08323
v 30.1390055 58.1415534 14.0186288
v 31.3974967 62.1583161 15.6129242
v 29.98696 66.8225511 16.0304413
v 32.3115801 70.4539266 18.2118215
v 32.5056523 74.9997419 19.5033242
v 30.6552616 77.3455122 18.9683753
v 32.2544227 81.8511269 21.1204867
v 31.1403815 84.7858021 21.1220978
v 31.3874604 89.3792222 22.4430944
v 31.0489551 94.9366231 23.5814636
v 32.340195 97.7416377 25.287869
v 30.764648 100.313268 24.688819
v 32.4029993 104.753411 27.1545978
v 30.8008888 110.594346 27.2512332
v 30.5671417 112.970142 27.6253947
v 32.6043419 117.831433 30.7345306
v 30.1308081 122.282064 29.4756592
v 31.25 125 31.25
v 35.15625 -125 -35.15625
v 34.1708384 -120.143937 -32.8433524
v 35.4455918 -116.633125 -33.0730411
v 36.3619143 -114.354963 -33.2653229
v 36.1270034 -109.890993 -31.7602582
v 35.7348262 -105.904777 -30.2759103
v 33.8333503 -101.576418 -27.4933643
v 33.9647821 -96.9608586 -26.3460355
v 35.9586173 -94.9710394 -27.3202181
v 35.9584435 -90.8102213 -26.1231537
v 36.4694562 -86.477822 -25.2303932
v 34.7702314 -82.3159774 -22.8971647
v 35.2979774 -79.3443369 -22.4055569
v 34.5439378 -73.1821623 -20.2240005
v 34.0436018 -71.3092322 -19.4209848
v 35.6805631 -66.1522287 -18.8827902
v 35.6897584 -61.4510256 -17.545378
v 33.9672403 -58.2452115 -15.8274327
v 35.3577048 -54.598195 -15.4437349
v 36.1144408 -50.1384226 -14.4857688
v 35.8753083 -45.9789992 -13.1960862
v 34.6228629 -42.2409964 -11.7000338
v 33.8162631 -40.0197384 -10.826544
v 34.4360998 -34.333046 -9.45836961
v 34.1750952 -31.3129727 -8.56099058
v 34.8190746 -27.2186677 -7.58183057
v 35.0906415 -23.3934063 -6.56711709
v 35.0778377 -19.7595126 -5.5449678
v 34.1962291 -14.6092359 -3.99664624
v 34.7071206 -12.0235754 -3.33842945
v 34.405351 -8.18455522 -2.25273996
v 36.1163604 -4.42767702 -1.27929263
v 35.9661691 0.109945746 0.0316346184
v 36.3566355 3.28149331 0.954432451
v 34.8738658 6.83610641 1.90721166
v 35.9916762 11.6842044 3.36427282
v 34.3168475 14.8398724 4.07406111
v 34.753892 18.5472816 5.15672177
v 34.8394621 23.8447358 6.64590217
v 34.5998271 27.4406953 7.5955465
v 34.342363 31.4386499 8.63742023
v 36.2961683 34.3329001 9.96922177
v 35.0140798 38.2013645 10.700685
v 35.7357011 43.096721 12.3207323
v 34.3725544 48.011841 13.2023169
v 35.6926997 50.2043803 14.335439
v 35.6899995 55.313427 15.7930895
v 36.25887 57.2709619 16.6126429
v 34.5259918 61.4172055 16.9639195
v 36.379905 65.6475679 19.1060183
v 36.1145868 69.0743037 19.9567195
v 34.2121113 74.0400201 20.2645232
v 34.8943708 77.8939344 21.7444786
v 34.8236683 82.5591871 23.00011
v 36.5184592 84.6918755 24.7425344
v 35.6456701 89.1704299 25.4283178
v 34.1833221 94.7161062 25.9016894
v 35.1260146 96.8483445 27.2151709
v 35.8759512 100.79834 28.9298907
v 33.9463629 106.545922 28.9347724
v 35.8041467 109.519507 31.37002
v 35.6350122 112.04782 31.9426035
v 35.8512144 116.847765 33.5130741
v 34.2092946 120.720069 33.0379873
v 35.15625 125 35.15625
v 39.0625 -125 -39.0625
v 40.2918392 -120.019225 -38.6863626
v 38.7583045 -117.902345 -36.5575599
v 39.5090647 -114.393252 -36.156563
v 38.3637072 -110.132829 -33.8008287
v 37.7954696 -104.959253 -31.735874
v 37.8500932 -100.375437 -30.393757
v 39.256935 -96.7306589 -30.3787935
v 40.1580016 -93.5695231 -30.0605205
v 39.5446895 -90.8462325 -28.7398885
v 37.8338099 -85.3502611 -25.8330045
v 37.7478658 -81.8110109 -24.7055285
v 40.3836921 -78.453822 -25.3460399
v 38.8535233 -74.0603718 -23.020051
v 40.1251616 -69.6239558 -22.3493798
v 39.7639154 -67.3088742 -21.411715
v 39.6980535 -63.4758422 -20.1589391
v 39.9839711 -59.2990467 -18.968091
v 38.7222355 -54.9713821 -17.0289184
v 38.5348453 -51.7093399 -15.9408913
v 37.8407924 -46.8244454 -14.1749929
v 40.3792249 -42.5476731 -13.7443365
v 37.9402825 -37.8047353 -11.4745787
v 40.0675333 -34.7121826 -11.1266523
v 37.9034802 -32.2676397 -9.78444675
v 39.3529733 -27.9170629 -8.78895543
v 40.0996317 -24.2124698 -7.76728899
v 39.2572912 -19.5958416 -6.15423727
v 39.2964869 -14.8557115 -4.67021818
v 39.1279406 -10.3580231 -3.24230491
v 37.9503028 -7.34165854 -2.22894532
v 40.3291151 -3.63911916 -1.17409964
v 39.5878293 -1.14429771 -0.362402101
v 40.2730072 3.49669221 1.12657848
v 40.0381458 8.97183034 2.87372361
v 38.3208239 11.1978269 3.43287963
v 39.7939441 14.3680371 4.57408691
v 39.1772597 19.0807528 5.98025286
v 38.2727824 23.310698 7.13732218
v 39.2724531 28.5402519 8.96676564
v 40.3597661 32.085511 10.3597098
v 37.7845186 35.6565835 10.7781347
v 39.513585 40.2506737 12.7235873
v 38.8315446 43.9005758 13.6378173
v 39.0531788 45.6958408 14.2765427
v 39.5692971 51.1797032 16.2011591
v 38.2368527 55.1828651 16.8801527
v 37.8226237 57.3817058 17.3626133
v 38.1043377 61.7856179 18.8344004
v 38.7640669 67.4172234 20.9069261
v 39.4739368 70.7880999 22.3542798
v 39.0170171 75.4520305 23.5513053
v 39.8647364 78.9853109 25.1898288
v 38.4301486 81.0521322 24.9187639
v 38.0096021 85.7678829 26.0800248
v 39.3057767 89.4574671 28.1295618
v 39.6472212 93.0421631 29.5109058
v 39.015786 98.0806786 30.6135581
v 37.8486261 100.625794 30.4683845
v 38.906376 105.531648 32.8468318
v 39.6005225 109.571078 34.7125755
v 38.6824198 112.152949 34.7067797
v 39.990111 116.29532 37.205302
v 38.3333666 121.945472 37.396644
v 39.0625 125 39.0625
v 42.96875 -125 -42.96875
v 43.4409521 -120.224268 -41.7812533
v 42.6922647 -116.564969 -39.8113799
v 41.8943893 -114.13057 -38.2514441
v 42.3181938 -109.380268 -37.030203
v 41.9725487 -104.183055 -34.9826268
v 43.0996765 -101.603913 -35.0327663
v 43.9195248 -97.1195448 -34.123554
v 43.6601011 -93.4793877 -32.6505561
v 43.3328457 -88.8692567 -30.8076623
v 41.7230648 -86.1981381 -28.771604
v 43.2735037 -80.7883868 -27.9679724
v 43.7199895 -78.1503665 -27.3338656
v 42.4680115 -73.0360553 -24.8135683
v 42.8786816 -69.6026653 -23.8757642
v 42.818761 -65.1799503 -22.3273977
v 42.9450717 -62.6165881 -21.5125909
v 41.8500084 -58.1421172 -19.4659847
v 43.0087625 -53.3545605 -18.357709
v 42.3351649 -50.4752539 -17.0950256
v 43.0950918 -46.7370769 -16.113109
v 41.8001713 -43.6867935 -14.6089236
v 42.4345266 -38.2076995 -12.9706051
v 41.8922316 -36.5166147 -12.2380998
v 43.6698355 -30.4175531 -10.6266363
v 44.1621199 -27.1192946 -9.58116431
v 43.5590898 -22.5967271 -7.87434294
v 42.6720506 -18.3705747 -6.27128075
v 42.790264 -16.5666527 -5.67113154
v 43.2528247 -11.6005413 -4.01404944
v 42.1731157 -7.35545 -2.48161795
v 41.6603762 -4.84160582 -1.61362496
v 43.9369638 0.665724957 0.233999467
v 42.9154274 2.84115815 0.97543613
v 43.5654136 8.8366496 3.07977836
v 42.8476502 11.3628828 3.89498261
v 42.3227599 15.4860394 5.24329541
v 41.6929632 18.4213595 6.1443285
v 43.248177 24.4647917 8.46446113
v 43.0536596 28.3431803 9.7622211
v 41.6250348 30.1581453 10.0426708
v 41.9847157 33.9896154 11.4163547
v 44.1673391 37.881088 13.3848549
v 43.5572568 44.1724976 15.3922626
v 42.206818 46.7075836 15.7710278
v 42.623718 50.9807101 17.3838993
v 43.4157068 55.2508728 19.1900455
v 43.8950326 57.6481234 20.2437301
v 41.9350472 63.677974 21.3627108
v 43.3986118 65.9355122 22.8920776
v 43.1635592 69.193356 23.8930521
v 43.5348617 73.5812229 25.6267869
v 41.8685309 76.9538908 25.7755709
v 42.6287713 82.5003715 28.1351157
v 43.3753112 86.2132728 29.9162203
v 42.3587308 89.5892429 30.359093
v 43.1149382 93.6096163 32.2877826
v 42.762688 97.4179306 33.3268206
v 43.0888621 101.191405 34.8817801
v 43.8982403 105.388263 37.0108742
v 43.6571686 110.327377 38.5326473
v 41.8736901 113.962408 38.1762124
v 43.423442 117.514476 40.8230644
v 41.7239039 120.576103 40.2472457
v 42.96875 125 42.96875
v 46.875 -125 -46.875
v 46.4044097 -121.853599 -45.2363547
v 47.4997721 -116.343289 -44.2102375
v 47.6231877 -114.173715 -43.49853
v 48.2089292 -110.470681 -42.6053858
v 46.24482 -105.494791 -39.0287009
v 46.9365395 -100.274874 -37.6524447
v 47.2888448 -98.6719222 -37.3286497
v 47.6625733 -92.7234161 -35.3554929
v 47.9046597 -88.9884005 -34.1036723
v 46.3790086 -86.1366217 -31.959449
v 45.9502285 -81.8077539 -30.0726799
v 46.1664204 -77.2855258 -28.5439686
v 47.5876948 -75.2606437 -28.6518444
v 45.6893079 -69.5660693 -25.4274045
v 46.1755292 -65.6572614 -24.2540703
v 47.7943165 -61.3447846 -23.4554564
v 48.127466 -57.9461249 -22.3104012
v 46.722333 -54.9732244 -20.5478184
v 47.6216521 -50.0893065 -19.0826842
v 46.5668381 -46.8613285 -17.4574712
v 46.2481021 -42.8561557 -15.8561269
v 47.0563951 -39.9184947 -15.0273637
v 45.8291708 -36.1105015 -13.2393147
v 46.7865246 -30.7780096 -11.5199688
v 47.3193306 -28.6727395 -10.8541987
v 48.1216603 -24.7399984 -9.5242384
v 47.9303634 -19.5155379 -7.4830946
v 46.0926818 -16.1624975 -5.95978285
v 46.6736458 -10.4068435 -3.88580261
v 45.6583316 -7.65097282 -2.79464523
v 45.6530834 -3.90511903 -1.4262458
v 48.2176383 -0.0310202212 -0.0119657744
v 45.994718 3.07177913 1.13028492
v 46.4754207 6.93359315 2.57793327
v 47.484636 12.8738998 4.89049958
v 46.1088649 14.6525495 5.40489938
v 46.6385681 20.4183348 7.61825519
v 45.818897 23.6596342 8.67246675
v 47.683497 26.1041375 9.95789249
v 46.4365331 30.7405947 11.4198932
v 45.9614995 36.0259573 13.2464562
v 46.3230492 40.3821534 14.9649958
v 47.1053595 43.9589166 16.5656046
v 46.7067062 47.496498 17.7472398
v 46.3245133 51.3308472 19.0230121
v 46.3078136 54.9333063 20.3507304
v 46.4558955 58.6512557 21.7975729
v 46.790504 63.4410238 23.7474999
v 46.4930741 67.0473601 24.9379031
v 47.3617536 70.1258819 26.5702779
v 46.4482218 74.0326066 27.5094635
v 45.7680158 78.5176988 28.7487943
v 45.6921734 82.6405124 30.208197
v 46.4928993 85.1816863 31.6827485
v 48.1723116 90.401139 34.8386547
v 46.6667127 92.6639835 34.594588
v 46.5798402 98.9976103 36.8903429
v 45.6065272 101.525431 37.0417787
v 46.849442 104.799601 39.2784228
v 45.5789397 109.349529 39.8722847
v 46.1375739 113.267026 41.8069262
v 46.0452147 116.608325 42.9540427
v 46.4294476 120.87337 44.8966703
v 46.875 125 46.875
v 50.78125 -125 -50.78125
v 49.8427603 -121.629012 -48.4986055
v 49.923847 -117.48421 -46.9221097
v 49.4315615 -114.384864 -45.2337794
v 50.7198033 -109.539584 -44.4466091
v 50.1314126 -105.031859 -42.1231638
v 51.6919815 -101.597956 -42.0143975
v 51.5311675 -96.783151 -39.8987902
v 50.6644735 -94.9879195 -38.5001034
v 51.870067 -89.9938409 -37.3438924
v 50.2991374 -86.2757717 -34.7167752
v 49.5836398 -80.9362545 -32.1049127
v 51.7464745 -79.0935893 -32.7425152
v 52.030381 -73.1723759 -30.4574928
v 49.5229215 -71.3122717 -28.2527363
v 50.4858697 -67.1223307 -27.109834
v 49.4835467 -62.8215814 -24.8690773
v 51.2047396 -59.1116398 -24.214369
v 51.6579834 -55.7892329 -23.0556742
v 49.6628117 -51.4557816 -20.4435104
v 51.3992136 -47.5964501 -19.5713608
v 50.8681927 -44.1473139 -17.9655526
v 49.8562683 -39.24232 -15.6518051
v 50.0860588 -34.429041 -13.7953198
v 49.9963945 -32.2809872 -12.9114638
v 49.9767405 -26.397974 -10.5542776
v 50.8855264 -23.6177148 -9.6143988
v 49.5700883 -19.78422 -7.84564426
v 51.8922458 -14.6860417 -6.09673347
v 50.4370096 -11.7676769 -4.74821145
v 50.5175045 -7.15307164 -2.89084263
v 51.4324318 -4.4581703 -1.83435632
v 49.6153208 -0.19041637 -0.0755805544
v 49.9843997 3.12764003 1.25066567
v 51.2780433 7.57462416 3.10729524
v 51.2190113 11.3344861 4.64432939
v 50.7258833 15.40291 6.25060974
v 51.3905824 20.5122455 8.43308993
v 51.1289 23.5992829 9.65284298
v 51.3398622 26.7968696 11.0059807
v 51.7027128 31.2178385 12.9123755
v 51.3773139 34.2148823 14.06295
v 51.7498181 40.3853265 16.7194664
v 50.6035767 41.8839592 16.9558251
v 51.6534847 45.5486636 18.8219776
v 51.4311242 49.5357232 20.3814234
v 49.4407427 55.0316401 21.7664412
v 50.8485044 59.4936545 24.2013068
v 51.8870591 62.1463309 25.7967227
v 50.628076 65.1109426 26.371534
v 50.4177964 70.6020822 28.4768113
v 50.4030199 75.3049044 30.3647568
v 51.6504764 77.1817588 31.8917969
v 50.3775512 83.0482595 33.4701435
v 49.9849885 86.8015261 34.7101863
v 51.2924074 89.6221096 36.77547
v 52.1081386 92.4369963 38.5337585
v 51.0941678 98.2874643 40.1753296
v 49.5004712 101.596177 40.2324693
v 49.6901259 106.112006 42.1817517
v 50.249824 108.305654 43.5387203
v 51.4064026 114.629884 47.1416798
v 51.8903918 116.124156 48.2058237
v 51.5018219 119.784613 49.3530066
v 50.78125 125 50.78125
v 54.6875 -125 -54.6875
v 53.6118181 -119.90898 -51.4283074
v 55.179859 -115.995264 -51.2048186
v 55.4534233 -113.258001 -50.2443511
v 54.573522 -109.900311 -47.9811763
v 53.920076 -105.759531 -45.6204957
v 54.7507096 -101.206929 -44.3292096
v 54.5412396 -98.3768635 -42.9247687
v 54.2754451 -95.0661873 -41.278077
v 53.3653149 -89.7522798 -38.3172694
v 54.0379431 -86.5686378 -37.423929
v 55.3587735 -81.3871013 -36.0439209
v 54.1891378 -78.1773819 -33.8909193
v 55.1198035 -72.8716788 -32.1333809
v 54.4629478 -71.3894619 -31.1046443
v 53.9245288 -66.4928854 -28.6847801
v 55.3427071 -63.049507 -27.9146432
v 55.8454458 -59.8184417 -26.7247004
v 55.2959073 -53.5093408 -23.6707804
v 55.3529128 -49.4709491 -21.9068891
v 54.4173029 -47.9153935 -20.8594119
v 55.7001006 -41.7772874 -18.6159929
v 56.0016945 -39.2841341 -17.5998246
v 54.9535467 -35.5200343 -15.6156149
v 55.3118718 -31.243798 -13.8252236
v 53.6131633 -28.6756587 -12.2991422
v 53.4899874 -23.8145587 -10.1907235
v 55.1407944 -19.4189201 -8.56619744
v 54.2943414 -16.7517712 -7.27621106
v 54.1118987 -12.5941696 -5.45195542
v 54.9632509 -6.81819489 -2.99800125
v 53.4236506 -2.69993644 -1.15392369
v 54.863962 -0.24127286 -0.10589748
v 55.2252789 5.12521029 2.26432934
v 55.3378646 7.42151513 3.2855264
v 53.3764864 11.6595388 4.97876174
v 53.5071842 16.1448039 6.91090398
v 55.4981078 20.0010972 8.88018437
v 55.7232431 23.2527789 10.365762
v 55.7530171 27.6825773 12.3470977
v 54.8145122 31.2968963 13.7241928
v 54.225434 35.4412179 15.3745234
v 55.5584886 38.0721197 16.9218355
v 54.321007 43.7687296 19.0204917
v 55.8894631 46.3289699 20.7144101
v 54.7136512 50.9369651 22.2955787
v 53.3624751 53.4595945 22.8218903
v 53.3841788 58.4766847 24.9738384
v 55.7748807 61.9531028 27.6434153
v 54.189848 65.141682 28.2401428
v 53.8357812 69.9693636 30.1348428
v 53.4957553 75.2201981 32.1916905
v 54.2256338 78.6527074 34.1199433
v 55.9027001 81.4923787 36.445152
v 53.3385109 87.1924092 37.2057061
v 55.4992814 91.1320916 40.4621248
v 54.3711477 94.4596279 41.087027
v 55.4432525 96.6318401 42.8606681
v 55.6309072 101.24028 45.0567089
v 55.8002181 105.714862 47.1912989
v 53.8386386 109.632512 47.2197216
v 55.275695 113.53953 50.2078116
v 53.7234844 117.737514 50.602156
v 53.9036706 121.157791 52.2467973
v 54.6875 125 54.6875
v 58.59375 -125 -58.59375
v 57.8214319 -121.313403 -56.1161174
v 59.8904408 -117.612222 -56.3507824
v 59.6720472 -113.061985 -53.973121
v 59.2744045 -109.195579 -51.7800232
v 57.7701368 -106.829145 -49.3722748
v 57.567413 -102.766952 -47.3282203
v 59.2983133 -96.3500191 -45.707149
v 58.6970514 -92.8123085 -43.5824707
v 59.491284 -88.5484343 -42.1428805
v 59.1134658 -86.3558282 -40.8383384
v 58.186717 -82.0289198 -38.1839484
v 58.7026833 -78.292579 -36.7678758
v 59.430574 -75.5002003 -35.8961619
v 58.4792125 -70.1997853 -32.8418253
v 57.3128395 -67.7212737 -31.0503879
v 58.3855943 -61.8728081 -28.8998453
v 59.2526358 -59.5817539 -28.2430077
v 58.8140567 -55.1749625 -25.960507
v 59.4818056 -52.0862559 -24.7854764
v 59.2370583 -45.6566398 -21.6365203
v 58.8883535 -42.5447794 -20.0431361
v 59.2130982 -39.0903068 -18.5172654
v 57.8810145 -35.1292571 -16.2665363
v 57.7066134 -31.9460775 -14.7479996
v 57.5542601 -27.6184659 -12.716483
v 58.3948867 -22.9566582 -10.7244116
v 58.3755343 -18.8044131 -8.78174131
v 57.949855 -15.3988052 -7.13886825
v 59.4122864 -11.9647976 -5.68684786
v 57.8218125 -7.03268724 -3.25314178
v 57.3719705 -4.3869565 -2.01350671
v 58.4641883 -0.323572271 -0.151339121
v 58.2373087 3.04791327 1.42001813
v 57.3007559 8.82368953 4.04483264
v 58.4578447 12.8924872 6.02933611
v 58.4775848 16.4298097 7.68620473
v 59.6670653 19.7477187 9.42630737
v 58.9984029 22.6564001 10.6935314
v 57.8887583 28.1980695 13.0588098
v 59.8468508 31.5203512 15.0911501
v 59.5408549 36.1010561 17.195902
v 59.6802763 39.5509528 18.8832943
v 58.2853005 43.30979 20.194593
v 57.8563195 47.7697501 22.1102554
v 59.5847482 51.6448152 24.6179464
v 59.4404258 55.875175 26.5699536
v 59.0229346 58.4378036 27.5933653
v 57.4745802 62.936016 28.9377688
v 58.3618109 66.864854 31.2188317
v 57.5479641 69.4724788 31.9839977
v 59.8195113 74.0492351 35.4367124
v 57.9291961 78.4034697 36.3347998
v 59.6053998 82.2176224 39.204914
v 59.2710068 85.5134629 40.5477523
v 58.7198527 89.3099165 41.9541212
v 59.204954 94.6995537 44.8534618
v 58.0049977 97.1810942 45.0959131
v 57.368177 102.337416 46.9672878
v 59.4780259 104.466628 49.7077504
v 58.3539618 108.168927 50.4966834
v 57.3318656 113.015525 51.8351271
v 58.3689537 117.258505 54.7540498
v 59.1386806 119.726719 56.6438414
v 58.59375 125 58.59375
v 62.5 -125 -62.5
v 63.26683 -121.890003 -61.6927526
v 63.3104961 -116.966825 -59.241822
v 61.6643904 -112.566411 -55.5307131
v 61.1871204 -109.398461 -53.5502143
v 63.6184639 -105.358951 -53.6221969
v 62.4527387 -101.711843 -50.8174653
v 61.7691837 -97.1670967 -48.015458
v 61.4757689 -92.8002889 -45.6397529
v 63.4425368 -89.9349798 -45.6456262
v 61.3730985 -87.054598 -42.7424833
v 63.3970963 -80.8173272 -40.988671
v 63.0374779 -77.2233612 -38.9437273
v 61.6827671 -74.8149875 -36.9183636
v 63.5656434 -70.156539 -35.6763643
v 63.6309836 -66.1693316 -33.6833572
v 61.3857613 -62.3813012 -30.6345893
v 62.4764736 -59.6463816 -29.8119647
v 62.5098611 -54.6905978 -27.3496134
v 62.2708269 -52.0683043 -25.9386909
v 63.7616238 -48.0830636 -24.5268337
v 62.346534 -44.1347114 -22.0131703
v 63.0004564 -39.8017409 -20.0602227
v 63.6265081 -36.3681961 -18.5118506
v 63.5541149 -30.897189 -15.709148
v 62.7700638 -27.9818123 -14.0513612
v 63.7258694 -22.4285356 -11.4342234
v 62.3549497 -18.2644709 -9.1110413
v 63.1710433 -15.5508465 -7.8589056
v 61.3172589 -12.1837977 -5.97661662
v 62.2075755 -7.39910926 -3.68224518
v 62.0162617 -4.7866732 -2.37481262
v 62.7137562 -0.30533789 -0.153191088
v 61.300599 4.61179428 2.26164602
v 61.4717441 7.34226414 3.61073426
v 62.5977918 11.2701101 5.64387206
v 63.7737785 16.5366534 8.43683895
v 63.6649855 18.417382 9.38033886
v 62.62266 24.2778389 12.1627428
v 61.7099375 27.3751219 13.5145365
v 63.0942501 31.7431965 16.0225054
v 61.9389167 33.8737072 16.7848059
v 61.7331487 38.8283864 19.1759884
v 62.4836745 41.8368024 20.9129371
v 61.3202525 46.8576249 22.9865712
v 61.4626495 51.9305766 25.5343266
v 63.2710213 55.5338864 28.1094857
v 61.9320556 58.7589487 29.1124999
v 61.4298673 61.4152587 30.1818495
v 62.4770104 65.9266813 32.9512156
v 61.688225 71.4719587 35.2718261
v 63.8469182 74.4265814 38.0152628
v 62.4699877 77.7389912 38.8508306
v 62.9655618 81.8381949 41.2239033
v 63.5759967 87.1535869 44.3270092
v 62.4579909 89.9059908 44.9227804
v 63.0494995 93.0351674 46.9265659
v 62.3488001 97.160244 48.462597
v 63.4196717 100.931756 51.2084706
v 62.4957938 106.229947 53.1113987
v 62.3351125 109.742885 54.7266805
v 63.6381184 114.506271 58.2957092
v 62.3485719 117.344252 58.5299723
v 62.0049671 122.123111 60.5779159
v 62.5 125 62.5
v 66.40625 -125 -66.40625
v 67.4333557 -120.20097 -64.8444381
v 66.6538097 -117.743521 -62.7844341
v 66.8509595 -114.585908 -61.2814232
v 66.3378293 -108.427996 -57.5430233
v 66.3205284 -106.83161 -56.6810306
v 67.3592355 -101.110107 -54.485596
v 65.2896883 -98.9249185 -51.6702168
v 67.6277899 -93.1163614 -50.3780298
v 66.6931313 -89.296948 -47.6439446
v 67.0633364 -85.5496769 -45.8979741
v 67.7706592 -82.3742135 -44.660438
v 67.1104294 -79.0779734 -42.455654
v 65.1212694 -75.2788497 -39.218034
v 67.2618633 -71.3402998 -38.387852
v 67.1942959 -66.0805741 -35.5219012
v 67.6169098 -63.7206928 -34.4687707
v 65.7561298 -57.742011 -30.3751293
v 67.2800377 -54.8470559 -29.5208959
v 67.139976 -50.2957719 -27.0148554
v 66.7061952 -46.0477308 -24.5733513
v 67.1657724 -42.7649771 -22.9787418
v 65.7223046 -39.4080425 -20.719899
v 66.2778157 -36.129709 -19.1567856
v 66.5983756 -32.6024722 -17.3701735
v 67.5940959 -27.241278 -14.7307965
v 66.9993461 -24.2517189 -12.9987945
v 65.1954197 -19.1248394 -9.97481546
v 67.3224548 -15.519461 -8.35846566
v 67.0759962 -11.7632061 -6.31223013
v 67.2855413 -7.39049652 -3.97818848
v 67.2096354 -3.75776878 -2.02046616
v 66.9168651 -1.13403163 -0.607086731
v 66.606306 4.38396353 2.33599693
v 65.4175133 8.27373613 4.32997795
v 66.4914423 11.0307589 5.86760858
v 67.3747614 16.894392 9.10604506
v 67.668056 19.7399228 10.6860976
v 65.5528932 22.317616 11.7038744
v 66.9290991 26.0892697 13.9690505
v 65.9006323 30.4763992 16.0673118
v 66.6720882 34.6310251 18.4713821
v 65.9571843 39.1939321 20.6809712
v 65.6053119 43.609628 22.888186
v 66.6716973 46.8701765 24.9993138
v 66.0270308 49.8467659 26.3298716
v 66.1841501 55.0896908 29.1685149
v 67.4431671 59.3628862 32.0289684
v 66.8025916 62.6937712 33.5048512
v 65.7175631 65.7282977 34.5560284
v 65.7830764 70.7791456 37.2485595
v 66.5054211 73.1508853 38.9194434
v 65.2481232 79.1108287 41.2946648
v 67.2969249 82.9291125 44.6469941
v 67.0552928 85.5271761 45.8803987
v 65.2468532 90.3804303 47.1763093
v 65.2687271 94.3989443 49.2903915
v 65.2062392 96.8316124 50.5122022
v 66.3626656 102.093317 54.201477
v 65.7095726 105.569112 55.4952097
v 66.3336627 108.378878 57.5133436
v 66.4353632 112.614944 59.8529175
v 67.3211273 117.324757 63.1874792
v 66.4789196 120.457116 64.0628715
v 66.40625 125 66.40625
v 70.3125 -125 -70.3125
v 69.0535937 -120.689494 -66.6723463
v 69.7362336 -116.063107 -64.7504316
v 71.1529638 -112.564389 -64.074319
v 71.0736915 -108.726974 -61.821019
v 71.1429273 -104.850656 -59.6750605
v 70.90395 -101.082107 -57.3369654
v 69.5024254 -98.4473436 -54.7386332
v 69.643004 -93.3874901 -52.0302828
v 69.8876146 -89.2900883 -49.9221703
v 69.591976 -84.9042903 -47.2692586
v 70.5122348 -80.7204361 -45.5342268
v 69.7037957 -78.364046 -43.6981716
v 70.9760463 -72.8682492 -41.3752018
v 69.0630621 -70.3057418 -38.8442385
v 70.7851388 -67.2297859 -38.0709578
v 69.6063871 -61.1360425 -34.0436723
v 71.2078259 -59.723402 -34.0221889
v 71.3853148 -54.4798192 -31.1124724
v 70.4675492 -50.2514384 -28.3287656
v 69.0390684 -46.1573028 -25.4932575
v 69.1177284 -41.621116 -23.014056
v 70.9830067 -38.6546599 -21.9505919
v 69.6316284 -34.4051104 -19.1654709
v 70.3879682 -30.8577325 -17.3761047
v 71.1773465 -26.0674963 -14.8433217
v 71.1673371 -23.5520212 -13.4090771
v 71.6620547 -20.0823276 -11.5131269
v 70.6647541 -16.1810153 -9.14741975
v 69.9221418 -11.6096008 -6.49414525
v 70.3865372 -8.59416997 -4.83931091
v 70.2287195 -4.80562073 -2.69994072
v 69.9889792 0.274581595 0.153741484
v 71.6796091 4.8209164 2.76449122
v 71.3603773 7.00004753 3.99620826
v 69.9972268 10.4265384 5.83863018
v 71.5553167 14.9670669 8.56778572
v 71.6370192 18.3050484 10.4905528
v 70.2364014 23.6367566 13.2812858
v 70.5746867 26.3705277 14.8887339
v 70.2591842 31.0524102 17.4537361
v 70.4403633 35.8989303 20.2298695
v 71.0860481 38.3818245 21.8272977
v 70.9536382 43.8949427 24.9160471
v 69.1394685 46.3856842 25.6566524
v 68.9557418 49.8318317 27.4895273
v 70.6042257 54.4696564 30.7663033
v 69.7394745 59.7621993 33.342275
v 71.0827759 63.7338377 36.2430248
v 69.0246409 66.7019119 36.8326041
v 69.6541509 70.6558469 39.3717841
v 70.5451378 73.8880875 41.6995625
v 71.0071751 78.0468881 44.3351124
v 69.9973552 81.4944895 45.6351898
v 70.3590192 86.9943236 48.9666823
v 69.9451962 89.7677601 50.2305888
v 69.7575713 93.9216607 52.4139756
v 69.9652235 96.7113533 54.1314516
v 70.8655144 102.585631 58.158268
v 70.6239095 105.028116 59.339969
v 69.2060834 110.613674 61.2411131
v 70.5890498 113.698043 64.2066943
v 71.3065502 116.395965 66.3983576
v 70.0289106 121.876214 68.2788678
v 70.3125 125 70.3125
v 74.21875 -125 -74.21875
v 75.1034621 -122.224328 -73.4357617
v 74.8635798 -117.560269 -70.4078605
v 74.1860195 -111.996111 -66.4683656
v 73.0804559 -109.184694 -63.8341377
v 74.3532347 -105.613851 -62.8218518
v 73.6625561 -101.36165 -59.732466
v 75.5322405 -98.4301316 -59.4771869
v 75.1718822 -93.6801803 -56.3369239
v 74.3480261 -89.0127351 -52.9433692
v 74.7564663 -86.7121306 -51.8583398
v 75.0076536 -81.9674698 -49.1855006
v 75.4029246 -77.7505018 -46.9009218
v 74.6976573 -73.1752555 -43.7281612
v 73.9966691 -70.9996947 -42.0299273
v 73.3168661 -66.6404792 -39.0869687
v 75.0748276 -62.5869115 -37.5896128
v 73.1310244 -58.1685125 -34.0313833
v 72.9661746 -53.7946887 -31.4015412
v 74.9952576 -51.0015973 -30.5990234
v 74.8605489 -46.8323788 -28.0471807
v 73.9253982 -44.2292708 -26.1573316
v 75.1528833 -37.7257273 -22.6815775
v 75.3089791 -34.0364146 -20.5059811
v 73.9706792 -32.1841821 -19.0454865
v 72.9424823 -28.5295357 -16.6481212
v 73.240054 -24.574747 -14.3988464
v 74.0369397 -18.4541933 -10.930336
v 73.5331526 -14.6683209 -8.62886302
v 73.1605822 -11.7451738 -6.87427004
v 73.928407 -8.43974059 -4.99149262
v 74.0854049 -3.35448477 -1.9881469
v 74.7167207 -1.27971174 -0.764926915
v 75.0778542 3.55624071 2.13595937
v 74.4516141 9.0572529 5.39461678
v 75.5605256 10.5651542 6.38646885
v 73.4869098 15.3268129 9.01056095
v 74.2415633 18.2059234 10.8130897
v 73.7649431 24.4836464 14.4482783
v 73.8980012 27.4192418 16.2098173
v 73.1118142 32.1471925 18.8027165
v 74.3599826 35.1430876 20.905915
v 74.5981312 38.0049852 22.680807
v 73.3224211 42.0837921 24.6854842
v 73.165261 46.4631317 27.1958973
v 73.1050056 49.5903305 29.0024112
v 74.1390598 54.1503446 32.1172451
v 75.3369177 57.530637 34.673447
v 72.9348969 63.1051798 36.8205582
v 72.9486567 67.2893206 39.2693244
v 75.0696844 70.8628383 42.5572073
v 73.7450537 73.3074334 43.248485
v 74.2837711 79.2675422 47.1063357
v 74.8990508 82.4162242 49.3831757
v 73.6058378 85.5945711 50.402081
v 75.5259848 89.2299101 53.9134147
v 73.9040394 93.94298 55.5421256
v 74.1820086 97.3266393 57.7590847
v 75.5302346 102.505612 61.9381834
v 74.3434646 104.361902 62.0690028
v 73.4111098 108.560772 63.7565338
v 73.5659549 114.129694 67.1684796
v 75.1419084 116.749252 70.1820928
v 73.8881401 120.318905 71.1211209
v 74.21875 125 74.21875
v 78.125 -125 -78.125
v 77.6813029 -120.115879 -74.646064
v 76.7886398 -116.580475 -71.6164489
v 76.8083418 -113.48374 -69.7319831
v 77.1254666 -109.885046 -67.7994834
v 77.5435095 -105.623934 -65.5236045
v 79.4504785 -100.350437 -63.783122
v 78.2003652 -98.317738 -61.5078641
v 76.8728447 -94.005316 -57.8116485
v 78.1881984 -89.825481 -56.1863402
v 77.5692346 -86.6325518 -53.7601659
v 79.1730039 -81.0739888 -51.3509699
v 79.459174 -79.4179357 -50.4838686
v 78.2424289 -73.9837717 -46.30936
v 78.8176654 -69.2318817 -43.6535623
v 77.7250149 -67.6692627 -42.0767556
v 77.2762702 -62.8872052 -38.8775093
v 78.553711 -57.7156026 -36.2701981
v 76.9526773 -55.1787212 -33.9692026
v 78.1466072 -50.4433146 -31.5357911
v 78.988288 -46.9168589 -29.6470589
v 77.2665235 -43.3165127 -26.7753308
v 78.7452061 -39.0068165 -24.5727984
v 77.3655007 -34.85452 -21.5722992
v 78.7015014 -29.9115488 -18.8326704
v 77.3577208 -27.6249417 -17.0960202
v 78.0016634 -23.0282443 -14.3699309
v 77.8046972 -19.2722657 -11.9957824
v 76.9446021 -16.4533005 -10.1279413
v 78.4735799 -12.3060778 -7.72561586
v 76.9639884 -9.11785469 -5.6139717
v 78.4785626 -5.05550827 -3.17399218
v 78.0945115 -0.0901136697 -0.0562990641
v 79.0594911 5.06236641 3.2018249
v 77.9803406 6.63430883 4.1387653
v 76.9364451 10.4893817 6.45612589
v 77.6860293 15.6787811 9.744178
v 78.6763859 20.3299502 12.7958961
v 76.9957135 23.9584281 14.7575701
v 77.264893 26.6243656 16.4570301
v 77.0481133 32.0587969 19.7605586
v 78.9260083 35.1013604 22.1632821
v 77.4843587 40.4192068 25.0548505
v 77.1459619 42.3081453 26.1112205
v 78.5390186 47.735853 29.9930164
v 77.4736567 51.5135026 31.9275154
v 78.3600935 53.7470578 33.6929958
v 78.8716032 59.8387134 37.7566021
v 78.4829212 63.2273298 39.6981244
v 78.9844267 66.2810903 41.8813913
v 77.4158075 71.4409168 44.2452501
v 78.765999 73.5136806 46.3230279
v 78.4113119 77.6528812 48.7109143
v 77.8484412 81.5731234 50.802724
v 78.5220713 86.1654208 54.1270986
v 78.5061897 89.7975286 56.3972945
v 77.1698782 94.7170232 58.4744092
v 77.472478 98.949068 61.3266359
v 78.2594026 100.2716 62.7775641
v 77.3243432 106.122487 65.646813
v 77.9864102 110.251682 68.7850631
v 77.7858115 113.875505 70.8631886
v 78.2379945 118.181441 73.9702315
v 77.2271794 121.886989 75.3039072
v 78.125 125 78.125
v 82.03125 -125 -82.03125
v 82.3567792 -120.702721 -79.5254985
v 82.6517555 -117.958618 -77.9958948
v 82.0002328 -113.14518 -74.2234488
v 81.5637911 -109.844123 -71.6744246
v 81.2006265 -104.738314 -68.0385338
v 82.991672 -101.086803 -67.1149022
v 83.2462952 -96.5779847 -64.3180753
v 82.7919685 -92.9103447 -61.5378426
v 81.538663 -89.7258559 -58.5290106
v 82.8929165 -87.2285396 -57.8450244
v 81.7885894 -80.9794987 -52.9855918
v 81.2589583 -77.2927224 -50.2458089
v 81.8964673 -73.5642003 -48.197185
v 80.6954446 -71.5334526 -46.1793901
v 80.9141894 -66.7391622 -43.2011617
v 82.2060338 -61.7848577 -40.6327048
v 83.2242706 -59.6347663 -39.7044794
v 83.3017895 -53.3891835 -35.5793162
v 82.5146864 -50.8560369 -33.5709595
v 81.4290669 -46.6579142 -30.3944834
v 80.6651459 -44.1020717 -28.4600004
v 82.9108239 -38.3851185 -25.4603344
v 80.7778488 -36.2856487 -23.4486132
v 82.7499956 -30.202092 -19.9937839
v 82.6895574 -28.2929046 -18.7162221
v 80.9406381 -22.8810463 -14.8160519
v 82.6847142 -19.0575433 -12.6061401
v 82.07476 -14.6983755 -9.65092511
v 81.4737488 -11.7549081 -7.66173145
v 82.8542633 -9.0389599 -5.99133091
v 81.3502984 -4.90340998 -3.19115092
v 82.4221751 -1.24753881 -0.822598897
v 81.0296436 3.36945593 2.18420651
v 83.1739822 7.68155014 5.11124092
v 82.6346234 11.47139 7.58347194
v 81.8561066 15.4392222 10.1103569
v 80.9678337 19.9632213 12.9310303
v 83.3871381 24.2827244 16.1989352
v 81.9699315 28.1584395 18.4651628
v 83.18226 31.2238873 20.7781881
v 83.3505471 34.4452496 22.9682432
v 82.2594675 38.2713547 25.18545
v 81.8826802 42.0701645 27.5585426
v 81.417765 47.1047486 30.6813068
v 81.9509689 51.784829 33.9505353
v 81.7865134 53.6220673 35.0844954
v 81.0121758 57.7466975 37.4254849
v 81.1860059 62.8873153 40.8445596
v 82.9310135 66.5867043 44.176823
v 83.0973961 69.1943074 45.9989341
v 81.9680099 73.3800502 48.1185334
v 83.3779577 79.1796611 52.8147075
v 82.3468476 81.9173499 53.9650843
v 81.4986494 85.8373558 55.9650285
v 82.6562261 88.6828146 58.6414942
v 82.5644672 93.3544208 61.6620641
v 82.7650561 97.4610314 64.5309418
v 83.359552 101.198522 67.4869074
v 81.4892142 105.740934 68.9339652
v 81.1454064 108.334233 70.3266027
v 82.2585429 113.623309 74.7719024
v 81.5656908 117.921436 76.9467473
v 82.2802342 120.52706 79.3359579
v 82.03125 125 82.03125
v 85.9375 -125 -85.9375
v 86.8064085 -121.891532 -84.6477292
v 85.3292526 -117.061297 -79.9100236
v 86.1813967 -113.258824 -78.0864294
v 86.9086598 -109.826932 -76.3592918
v 86.7790855 -104.239462 -72.3664416
v 84.8143662 -101.243948 -68.69553
v 85.4744925 -98.9671882 -67.6733615
v 85.6746542 -93.5247972 -64.1016373
v 86.2203947 -88.7329106 -61.2046926
v 85.7975761 -85.3565345 -58.5870701
v 85.5342222 -80.7509587 -55.2557635
v 85.6890555 -77.4666033 -53.1043205
v 86.2922957 -73.0683081 -50.4418564
v 84.7488108 -70.2620894 -47.6370282
v 85.8099406 -66.1650567 -45.4209567
v 87.0739708 -62.8836244 -43.804215
v 86.2321415 -57.8053576 -39.8774382
v 86.5992437 -53.7431519 -37.2329305
v 86.7154741 -51.3819739 -35.6448978
v 87.0412875 -48.1327221 -33.5162728
v 84.7770043 -42.6373417 -28.9173288
v 84.7571783 -37.9584128 -25.7379837
v 85.0145913 -35.3226393 -24.0235179
v 85.4078938 -31.8620454 -21.7701615
v 84.7264631 -28.6875569 -19.4447618
v 86.2795641 -24.1398967 -16.6622381
v 86.670631 -19.4523851 -13.4876039
v 86.6778401 -16.3358868 -11.3276751
v 85.8301942 -12.0415449 -8.26822511
v 85.7513873 -8.37875873 -5.74792148
v 85.3269228 -5.24123017 -3.57774434
v 87.1880995 -0.424733932 -0.296253954
v 86.7786586 4.75659674 3.30216868
v 86.8144507 7.99419226 5.55209128
v 85.981168 10.7737826 7.4107393
v 84.7725744 16.1350996 10.9425114
v 84.8573065 18.3236332 12.4391532
v 84.8025375 23.3961798 15.8724433
v 87.1645689 28.5835657 19.9317935
v 84.8367022 31.5698916 21.426284
v 86.0338342 35.7297808 24.5917603
v 86.4955668 39.4337814 27.2867782
v 86.8160414 42.5281991 29.5370392
v 86.0025444 48.1143607 33.1036596
v 86.3504585 50.8162469 35.1040497
v 85.6523791 54.9252898 37.635854
v 86.8500732 58.082041 40.3554361
v 84.838843 62.8947399 42.6873357
v 85.0332595 65.3672034 44.467091
v 85.4385024 69.7234279 47.6565221
v 86.2494936 74.4587086 51.3762073
v 85.4435561 78.7361976 53.8200058
v 84.7976171 82.5820951 56.022119
v 86.9378108 84.9461934 59.0802887
v 84.8400961 89.7793253 60.9350927
v 85.2386013 94.1202614 64.1814355
v 87.09523 97.4723913 67.9150427
v 86.597739 101.013951 69.9806383
v 86.2730557 105.717738 72.9647384
v 86.5096364 109.635913 75.8765036
v 85.3876924 112.367388 76.7583358
v 86.485579 118.267623 81.8275508
v 85.5275719 120.228562 82.2628559
v 85.9375 125 85.9375
v 89.84375 -125 -89.84375
v 89.5159328 -121.633584 -87.1051501
v 90.1865635 -116.704597 -84.2014927
v 89.761602 -114.485921 -82.2115172
v 90.9679807 -108.369312 -78.8651002
v 89.2356927 -104.551203 -74.637592
v 89.0990019 -101.91786 -72.6462369
v 90.4786038 -96.7851255 -70.0558641
v 88.5821837 -93.6651103 -66.37648
v 88.9756746 -90.2643608 -64.2506591
v 90.5369638 -84.6321922 -61.2987338
v 88.5657152 -82.0986245 -58.1689872
v 88.7636488 -78.2215654 -55.5458525
v 90.4119597 -73.9647268 -53.4983671
v 89.527258 -69.8982813 -50.0624117
v 88.5819129 -65.5646147 -46.4627119
v 88.8700151 -63.7758559 -45.3420902
v 90.4646999 -57.9687582 -41.9530105
v 89.4554646 -53.8257892 -38.5200879
v 90.2247666 -49.8623992 -35.9905867
v 90.939569 -47.215957 -34.3503902
v 91.1916701 -44.2830068 -32.3059308
v 90.4505953 -39.934618 -28.8968798
v 89.4598624 -36.2016836 -25.9087811
v 90.2754103 -30.6695189 -22.1496272
v 91.0046792 -27.5818369 -20.0806097
v 90.7809797 -24.3658351 -17.695635
v 89.8033413 -19.856256 -14.2652651
v 91.0054887 -16.2159043 -11.8058904
v 90.9384911 -10.8277021 -7.87723912
v 89.597798 -6.49468667 -4.65527699
v 89.9356502 -2.74924243 -1.97803924
v 89.6019947 -0.569712975 -0.408379352
v 89.0037686 5.15744515 3.67225643
v 90.9849912 7.02542607 5.11366663
v 90.8742513 12.1863786 8.85942424
v 88.7930303 14.9136125 10.5937987
v 88.9931021 18.9213396 13.4709497
v 90.6653426 23.8501148 17.2990306
v 88.5900599 27.2261249 19.2957123
v 89.216983 29.9887051 21.4040143
v 89.9408288 35.0225893 25.1996857
v 90.2089577 38.2330626 27.5917178
v 90.831703 42.869714 31.151433
v 89.2236639 45.6148004 32.5593569
v 89.2719415 51.9213103 37.0809294
v 88.8653051 55.5957094 39.5242375
v 89.2452305 59.3567624 42.3784636
v 90.3949894 61.5491612 44.5098862
v 89.5011491 65.440442 46.855958
v 90.143667 70.3071896 50.7019831
v 90.3023731 73.0251509 52.7547554
v 90.1138566 79.061542 56.9963237
v 89.6010119 82.0258271 58.7967769
v 89.8387864 85.4284604 61.3983137
v 90.833877 89.0749655 64.7281957
v 89.4464868 94.4983962 67.6203964
v 89.015187 97.141452 69.1765161
v 89.0740114 102.67401 73.1646878
v 89.2694262 104.877343 74.8987216
v 88.90574 108.957383 77.4954942
v 91.1614381 114.643346 83.6084181
v 88.8574344 118.052339 83.9186236
v 90.6167145 122.241824 88.6172195
v 89.84375 125 89.84375
v 93.75 -125 -93.75
v 93.9608404 -120.136956 -90.3053548
v 95.1096127 -117.195694 -89.1714964
v 93.111064 -112.776652 -84.0060325
v 94.783761 -109.759834 -83.2275989
v 92.7215126 -106.481119 -78.984723
v 93.0837903 -101.391008 -75.5028745
v 93.6511654 -96.8864231 -72.5882115
v 94.7300716 -94.2873533 -71.4547819
v 94.0770367 -90.6502555 -68.2248593
v 94.5080169 -85.1570246 -64.3841722
v 93.7372239 -81.5241605 -61.1347879
v 92.5474349 -77.0656711 -57.0578415
v 92.7197434 -73.7422677 -54.6989131
v 93.1986918 -69.1854687 -51.5839614
v 92.7609222 -65.3027009 -48.46031
v 94.9845717 -61.8264424 -46.9804652
v 93.8338876 -58.8529345 -44.1791972
v 94.7464447 -53.851701 -40.8180577
v 95.0770901 -51.8786713 -39.4597848
v 94.9482047 -46.8887516 -35.6160223
v 92.6662754 -42.3915422 -31.4261306
v 92.4766325 -40.2910093 -29.8078149
v 94.3075374 -36.4622288 -27.5093041
v 93.3235534 -31.3589023 -23.4121935
v 93.6843983 -26.1780454 -19.6197955
v 94.7651544 -23.6152622 -17.9032317
v 94.1432654 -19.5777621 -14.7449156
v 94.5719212 -16.272272 -12.3112002
v 94.402686 -10.6731878 -8.06062078
v 93.6624524 -7.46203813 -5.59130233
v 93.3326166 -3.92615743 -2.93150837
v 94.1805735 0.197412813 0.148739615
v 94.8786829 4.15207366 3.15154624
v 94.7171599 7.24359241 5.48874
v 94.6860411 10.8698421 8.23377853
v 93.1044767 15.0743127 11.2278879
v 92.9045343 18.4075024 13.6811235
v 94.284883 24.3430196 18.3614301
v 93.7425869 28.1059039 21.0777611
v 95.0507659 31.4246626 23.895506
v 92.8633789 35.2973095 26.2226194
v 95.0464883 39.7052108 30.1907268
v 94.9685455 43.2322037 32.845596
v 92.4147111 47.5133567 35.127465
v 92.8851122 49.8932178 37.0746971
v 94.4517 55.6633752 42.0600033
v 93.9322781 57.7201832 43.3743064
v 92.8713934 62.2179202 46.2261195
v 94.6808779 65.6770657 49.7468979
v 94.5158137 71.2600118 53.8815841
v 93.7817261 74.5844583 55.9572739
v 93.4822281 79.1548114 59.1965451
v 94.8387933 82.4942189 62.5892173
v 93.2521273 86.5847202 64.5936748
v 94.1100039 89.9891039 67.7509993
v 94.0129808 92.9786817 69.9296242
v 92.8161807 98.3902574 73.0576633
v 94.3577209 102.64713 77.4843938
v 93.1851853 105.204056 78.4276753
v 93.5006359 110.702185 82.8057978
v 93.068557 114.148957 84.98943
v 92.9504479 117.467609 87.3493352
v 94.3490697 120.346671 90.836772
v 93.75 125 93.75
v 97.65625 -125 -97.65625
v 96.4895582 -120.124714 -92.7262449
v 97.8952682 -118.465914 -92.7780193
v 98.1170179 -114.334583 -89.7453469
v 98.3856582 -108.891466 -85.7068686
v 97.0428226 -104.937599 -81.4675261
v 96.4341173 -101.402221 -78.2290695
v 97.9306617 -98.0204254 -76.793641
v 96.4249162 -93.0957468 -71.8139966
v 98.7972315 -89.054276 -70.3865274
v 96.2944259 -87.0248339 -67.0400514
v 98.5371176 -83.3544437 -65.708053
v 97.5952909 -78.0388749 -60.9298136
v 97.4630138 -75.4905963 -58.8603283
v 97.2775904 -70.0689624 -54.5291186
v 96.3616544 -67.3777279 -51.9410346
v 97.9902574 -63.579329 -49.8412385
v 97.6553133 -57.9545582 -45.2765643
v 97.7872711 -55.9421222 -43.7634197
v 97.6262211 -51.8692132 -40.5103622
v 98.6143461 -46.4389299 -36.6363577
v 97.4073243 -42.0784411 -32.7899869
v 98.7183767 -38.9075818 -30.7271466
v 96.3408948 -34.6858807 -26.7333502
v 97.2955955 -31.0893319 -24.1988405
v 97.8226307 -27.7842792 -21.7434503
v 96.2914987 -22.391233 -17.2486831
v 97.7885397 -20.7918117 -16.2656072
v 96.6864074 -16.373851 -12.6650306
v 98.9576832 -12.1211608 -9.59585593
v 98.4560195 -7.38920909 -5.82009692
v 97.9396668 -3.92599355 -3.076084
v 98.1691723 0.00187967526 0.00147620932
v 98.5507135 4.56180144 3.59655029
v 98.0518406 8.48863569 6.65861083
v 98.9163404 10.4420992 8.26315389
v 96.4318677 16.6129362 12.8161317
v 97.8984983 19.1035173 14.9616453
v 96.4215713 23.3973448 18.04807
v 97.3263543 26.5201161 20.6488497
v 97.9823662 32.4901579 25.4677004
v 98.1022803 34.2296081 26.8640209
v 96.4651785 39.4731386 30.4622669
v 98.0562553 42.5318885 33.3641417
v 98.0074141 47.1478468 36.9667083
v 96.3106543 51.3710836 39.5806614
v 96.6139389 53.5865321 41.4176475
v 97.6006575 57.8676744 45.1833846
v 98.559794 62.2021499 49.0450487
v 97.2719316 67.4152434 52.4608876
v 98.2595605 70.4403776 55.3715244
v 96.5506224 75.1196504 58.022792
v 98.6398192 78.1146128 61.6416902
v 98.1981363 81.5536502 64.0673317
v 96.8171503 85.9341502 66.5591963
v 96.5732555 91.1224709 70.3999493
v 97.9669497 93.8387497 73.5447686
v 98.5952993 97.9343784 77.2469548
v 97.8179928 101.91387 79.7520815
v 96.319687 104.133742 80.2410352
v 97.0685187 108.468192 84.2307734
v 97.5420694 112.547795 87.8251588
v 96.30083 118.216176 91.0745271
v 96.3607196 120.349041 92.7753613
v 97.65625 125 97.65625
v 101.5625 -125 -101.5625
v 101.354556 -120.646523 -97.8245983
v 100.559763 -116.651134 -93.8432826
v 102.387382 -114.476054 -93.7672274
v 101.262915 -108.505947 -87.9010286
v 102.535713 -104.348287 -85.5954087
v 101.278556 -101.879209 -82.5454332
v 101.125664 -98.73475 -79.876937
v 102.157216 -93.3112664 -76.2593535
v 101.864332 -89.9173354 -73.2749543
v 101.620922 -85.2100237 -69.2729694
v 100.65371 -81.2357958 -65.4134739
v 100.591397 -78.3784795 -63.0736059
v 102.729208 -73.5465638 -60.4430419
v 101.304779 -69.3301876 -56.1878349
v 102.785534 -66.7387323 -54.8782098
v 100.694864 -61.3428847 -49.4153075
v 101.941533 -59.2848375 -48.3486976
v 102.136247 -53.3301567 -43.5755365
v 102.421822 -51.885632 -42.5137677
v 100.790492 -46.74076 -37.6881935
v 102.229672 -42.0717182 -34.4078235
v 100.413048 -38.2061198 -30.6911434
v 102.844333 -35.0116671 -28.8060123
v 100.551012 -30.0314574 -24.1575474
v 101.638044 -28.7009838 -23.3368949
v 102.814049 -23.6804851 -19.4774924
v 101.225337 -19.4545637 -15.7543582
v 101.739752 -16.2384426 -13.216761
v 101.592458 -12.6359598 -10.2697458
v 101.975765 -8.61186574 -7.02561276
v 101.988484 -4.46557519 -3.64349793
v 101.066803 -0.6757355 -0.546355411
v 100.255408 3.34119914 2.67978627
v 101.822261 8.06887586 6.57272945
v 102.610341 12.880039 10.5730015
v 102.055822 15.3120279 12.5014528
v 102.848722 20.457021 16.8318277
v 100.550549 22.6164547 18.1927756
v 100.873841 26.5546037 21.4293189
v 102.571843 30.0382862 24.6486591
v 100.209909 36.5032737 29.263918
v 100.977277 38.7552634 31.3072078
v 100.258107 42.7779344 34.3106778
v 100.83896 46.2581413 37.3169829
v 102.335559 51.2007785 41.9172824
v 100.922694 53.5772003 43.257243
v 100.459149 58.2748514 46.8339358
v 101.076997 62.3363949 50.4062048
v 102.155004 66.4216806 54.2824562
v 102.031116 70.53711 57.5758402
v 101.968494 74.5287945 60.7967116
v 102.683423 78.6602254 64.6168099
v 101.389933 82.9799855 67.3066813
v 101.701333 84.6647022 68.8841049
v 102.241091 89.923082 73.5506723
v 100.376568 93.6815555 75.227464
v 101.872795 96.7438573 78.8445374
v 102.652987 101.726164 83.5399565
v 101.472967 105.473074 85.6213267
v 102.432157 109.904534 90.0620676
v 102.583528 111.959614 91.8816977
v 102.604793 117.672192 96.5898475
v 101.565081 119.756666 97.3047635
v 101.5625 125 101.5625
v 105.46875 -125 -105.46875
v 104.339764 -122.09327 -101.913463
v 106.025199 -117.920139 -100.02005
v 104.214947 -113.03964 -94.243361
v 105.774463 -110.49654 -93.5016981
v 105.716872 -106.167315 -89.7894112
v 106.804183 -102.337292 -87.440407
v 105.960701 -98.5146498 -83.5094511
v 104.684489 -93.4973982 -78.3018191
v 104.239374 -91.0716015 -75.9459741
v 106.435106 -85.1585942 -72.5109118
v 105.339426 -82.0341517 -69.1314433
v 106.699287 -77.9005714 -66.4954836
v 106.442457 -74.4341108 -63.3835972
v 105.37222 -69.4110639 -58.5119833
v 106.589069 -65.0457982 -55.4653685
v 104.57694 -61.208541 -51.2080154
v 106.262177 -58.3100876 -49.5692548
v 106.736023 -55.0996487 -47.0489391
v 104.135851 -50.5446221 -42.108058
v 105.497449 -46.6729493 -39.3910168
v 106.38152 -42.093349 -35.8236357
v 105.706758 -38.9007112 -32.8965444
v 106.350431 -34.9493546 -29.7350313
v 104.951297 -30.059684 -25.2384225
v 105.812485 -26.6430734 -22.5533583
v 104.520731 -22.9352331 -19.1776586
v 106.678696 -19.5458884 -16.6810391
v 105.990712 -16.7592305 -14.2105822
v 105.465952 -11.0804591 -9.3488894
v 106.093292 -7.80439379 -6.62395065
v 106.679234 -3.7146165 -3.17017955
v 104.512608 -1.10277494 -0.92203108
v 105.119438 2.89632384 2.43567948
v 105.827533 8.84283351 7.48652205
v 105.327848 10.5438447 8.8844838
v 105.455372 15.0433121 12.6911846
v 106.363084 20.6246154 17.5495815
v 104.323036 24.0130012 20.0408735
v 104.747214 28.5154368 23.8953004
v 104.449337 32.4409714 27.1075036
v 104.57752 35.4435367 29.6527774
v 105.487695 39.5495914 33.3759619
v 106.074131 44.0726338 37.3997306
v 104.950697 45.6187886 38.3017895
v 105.296961 50.8044966 42.7964729
v 105.307425 55.8670967 47.065761
v 106.088451 58.057555 49.2738884
v 104.113259 63.1864001 52.6283363
v 105.790563 65.6030404 55.5214606
v 106.673337 71.4309687 60.9582383
v 105.988473 74.0538836 62.790864
v 106.093889 78.2160086 66.3859245
v 105.725967 82.0310143 69.3824667
v 104.611433 84.648069 70.8412463
v 106.551837 89.9578593 76.6814017
v 104.402434 95.1061649 79.4345211
v 106.267334 98.6681302 83.8815932
v 104.938559 102.478228 86.0313406
v 106.179484 105.185854 89.3486373
v 104.629798 108.779618 91.0527151
v 106.59986 112.281174 95.7532587
v 106.117577 116.488031 98.8914214
v 104.260626 121.501281 101.342397
v 105.46875 125 105.46875
v 109.375 -125 -109.375
v 108.634173 -122.285147 -106.274766
v 108.558145 -117.748621 -102.260575
v 108.319328 -114.527126 -99.2440103
v 109.066289 -109.944406 -95.9298266
v 108.399523 -106.097562 -92.0074007
v 110.441373 -102.362283 -90.4402491
v 108.560972 -96.3603127 -83.6877536
v 109.47367 -92.4678445 -80.9823545
v 108.609156 -90.0488068 -78.2409991
v 109.62639 -85.5299881 -75.0107504
v 109.676842 -82.9696603 -72.7988029
v 108.060139 -77.4251423 -66.9325732
v 108.157718 -73.5627433 -63.6510274
v 110.704591 -71.6343897 -63.4420467
v 110.025582 -65.651308 -57.7865869
v 110.526455 -63.3813934 -56.0425657
v 109.69286 -59.5295763 -52.2397558
v 110.180513 -54.4847786 -48.025287
v 108.16452 -51.7377793 -44.7695367
v 108.951033 -45.600106 -39.7454292
v 109.565583 -44.2337819 -38.7720009
v 109.528224 -40.4245841 -35.4210634
v 108.984985 -36.2530021 -31.6082631
v 108.102352 -30.6859052 -26.5377481
v 109.380526 -28.0880096 -24.57825
v 110.59731 -24.5192139 -21.6940728
v 109.923831 -20.8069123 -18.2974041
v 110.159592 -14.3933546 -12.6845285
v 110.717681 -11.0456467 -9.78358709
v 110.63498 -8.73999295 -7.73559158
v 110.207633 -5.12011462 -4.5142057
v 110.511928 1.05562151 0.933270145
v 108.657439 3.9062128 3.39551263
v 110.521733 7.60249087 6.72192374
v 109.282812 13.0747486 11.4307623
v 108.223542 15.730585 13.6193571
v 108.656957 20.6018734 17.9082949
v 110.34926 22.2069199 19.6041374
v 110.46161 27.6347518 24.4206335
v 110.387869 31.8171414 28.0978114
v 110.397029 35.8795744 31.6879872
v 110.690112 38.3883439 33.9936807
v 109.244248 41.9087894 36.6263534
v 108.091716 46.7454129 40.4223353
v 108.137548 51.9110195 44.9082429
v 109.911783 54.6391089 48.0438551
v 109.157246 57.9040271 50.5651533
v 108.511126 63.561816 55.1773138
v 108.614783 67.1131642 58.3158542
v 108.672227 71.2856025 61.9741215
v 109.088877 73.0884841 63.7851253
v 110.631518 78.1375258 69.1557848
v 109.995006 81.5873947 71.7936475
v 108.462959 84.9894417 73.7456504
v 109.025879 90.6043691 79.0257679
v 109.80834 92.5338055 81.2878683
v 110.279638 96.3894708 85.0383677
v 108.697484 102.401638 89.0464031
v 110.000773 105.115973 92.5027058
v 109.4967 108.129157 94.7182865
v 110.650712 112.057755 99.1941624
v 108.369313 117.079301 101.502428
v 109.562749 120.152826 105.314191
v 109.375 125 109.375
v 113.28125 -125 -113.28125
v 113.581981 -121.067765 -110.008933
v 114.235582 -117.862669 -107.712885
v 113.83407 -114.596058 -104.359486
v 114.474988 -109.883069 -100.630904
v 113.625858 -105.086242 -95.524115
v 112.629187 -102.708891 -92.5441512
v 113.698244 -96.4829286 -87.7595166
v 112.726513 -94.8878688 -85.5710283
v 114.603565 -89.3144495 -81.8860349
v 112.583854 -84.9014154 -76.4682287
v 112.471011 -81.6224776 -73.4413009
v 113.410078 -78.7795346 -71.4751451
v 112.722821 -73.2698243 -66.0734505
v 112.704613 -70.6966191 -63.7426809
v 112.588545 -66.18675 -59.6149592
v 112.157416 -61.5932858 -55.2651503
v 114.131353 -57.9701907 -52.9297302
v 113.433124 -54.2400165 -49.2209163
v 114.068667 -50.6678798 -46.23694
v 113.863156 -46.1864872 -42.0715136
v 114.25518 -43.2404077 -39.5235244
v 112.046469 -40.0998783 -35.9443981
v 114.405612 -34.1842062 -31.2869203
v 112.551463 -31.4733782 -28.338998
v 113.005532 -27.7477978 -25.0852372
v 114.13672 -22.4023728 -20.4554668
v 113.848868 -18.4751375 -16.8269879
v 113.805707 -16.4493425 -14.9762324
v 114.203473 -12.7963017 -11.6910568
v 113.766589 -8.63421482 -7.85828136
v 114.598971 -2.54486905 -2.333115
v 114.350764 -0.0890227289 -0.0814385367
v 114.274871 4.20289168 3.84227923
v 114.399996 9.05501728 8.28715156
v 114.398311 11.2354692 10.2825497
v 114.37784 14.7185055 13.4677669
v 114.09749 19.8588086 18.1267217
v 113.627 23.4839285 21.3472668
v 112.372488 25.9874755 23.3622183
v 114.022145 31.136038 28.4015827
v 112.6921 34.4832657 31.087933
v 113.492673 38.8114203 35.2384946
v 112.550056 43.9021101 39.5294797
v 112.76963 46.7170195 42.146088
v 112.887677 50.9450231 46.0085225
v 113.788167 55.2092345 50.2572609
v 114.11125 58.3148699 53.2350615
v 113.417498 62.9211944 57.0909155
v 112.08006 65.9205894 59.1070688
v 113.893079 70.0557209 63.8308942
v 113.282954 75.2737749 68.2178848
v 113.806784 79.2103327 72.1173859
v 112.526033 82.5521435 74.3141221
v 113.572038 85.9766351 78.1163335
v 112.535764 89.7883921 80.8352425
v 113.386092 92.9323403 84.2978789
v 112.17555 98.5819685 88.4678921
v 112.97677 100.468896 90.8052105
v 112.96169 104.620892 94.5452217
v 114.199722 108.257262 98.9035942
v 112.441193 112.468253 101.168516
v 113.409921 116.408744 105.615251
v 114.290917 121.337386 110.942089
v 113.28125 125 113.28125
v 117.1875 -125 -117.1875
v 116.59255 -120.994697 -112.856642
v 116.812544 -117.786818 -110.071823
v 118.536475 -114.38584 -108.471153
v 115.948172 -109.962095 -101.999232
v 116.663474 -104.616191 -97.6391055
v 117.447622 -101.248122 -95.1308093
v 115.975804 -98.1938733 -91.1049072
v 117.792568 -93.5924729 -88.1959818
v 116.335458 -90.3809496 -84.1160733
v 118.246753 -86.2132441 -81.5554891
v 118.498482 -82.7208689 -78.4183794
v 116.173756 -79.4775747 -73.8656667
v 115.92517 -74.4281578 -69.0247746
v 117.611381 -69.8557725 -65.726671
v 115.930853 -66.5257465 -61.6990922
v 116.325126 -62.424798 -58.09258
v 115.981788 -59.5107403 -55.2172963
v 116.422666 -53.4326233 -49.7661477
v 118.095413 -50.4299931 -47.6444071
v 117.638248 -46.6624173 -43.9142801
v 115.987849 -43.6525878 -40.5053581
v 116.290442 -38.8511715 -36.1441593
v 118.054076 -34.630111 -32.7058061
v 117.587295 -30.723973 -28.901991
v 117.379776 -28.2690794 -26.5457457
v 117.836692 -22.7603674 -21.4560512
v 117.931409 -19.8169166 -18.6962952
v 115.941206 -16.7782154 -15.5622922
v 116.936469 -10.9546733 -10.2480066
v 116.220282 -7.8636868 -7.31135919
v 118.176672 -4.66689542 -4.41214536
v 117.635399 -0.91693475 -0.862911884
v 117.463479 4.63406897 4.35467091
v 118.11396 8.89040367 8.4006463
v 117.727976 11.9792567 11.2823492
v 116.919697 15.5082447 14.5057542
v 116.009575 20.801518 19.3054022
v 117.24518 23.2698791 21.8262494
v 118.208324 28.3591659 26.8183156
v 115.885889 30.8892905 28.637063
v 118.407043 35.1215189 33.2690816
v 117.236051 39.4230126 36.9743864
v 116.987865 42.2339181 39.5268472
v 117.442697 45.877249 43.103583
v 118.532045 50.6863815 48.0636836
v 118.111008 53.6500224 50.6932657
v 118.337639 58.6215731 55.4971086
v 117.936428 63.8256836 60.2189851
v 115.883025 67.145165 62.2478789
v 118.501694 69.5343072 65.9194658
v 117.684219 73.3639195 69.0702048
v 116.518102 78.631298 73.2957569
v 116.09158 83.385269 77.4426213
v 117.561786 86.3309173 81.1937344
v 116.694249 90.7249047 84.6965967
v 117.990058 94.900669 89.5786837
v 118.321238 96.4819559 91.3269154
v 117.529809 102.76891 96.6272827
v 118.386372 105.748317 100.153277
v 115.907965 109.396238 101.439163
v 117.102069 113.670711 106.488603
v 116.420296 117.02965 108.997012
v 116.257322 121.712408 113.199669
v 117.1875 125 117.1875
v 121.09375 -125 -121.09375
v 122.42151 -121.899598 -119.385063
v 119.949353 -118.186326 -113.410987
v 121.340791 -114.278845 -110.933484
v 122.065353 -108.856252 -106.300614
v 121.014792 -104.495597 -101.164103
v 120.366579 -101.798753 -98.0253412
v 121.880142 -96.4906357 -94.0823394
v 121.519005 -92.8699863 -90.2837463
v 121.298467 -89.7253016 -87.0683323
v 120.498837 -85.3288698 -82.2562368
v 122.222116 -81.9271528 -80.1064799
v 121.081414 -77.6726907 -75.2377535
v 121.114306 -75.2974476 -72.956785
v 122.295801 -70.1355605 -68.6182764
v 121.050805 -66.9723837 -64.8564878
v 120.528841 -62.4836957 -60.2486992
v 122.171623 -58.5168054 -57.1927446
v 121.29128 -54.4137324 -52.7992901
v 122.050825 -50.0649528 -48.8837503
v 121.193877 -45.8213075 -44.426095
v 121.837329 -43.8555953 -42.7459887
v 121.493983 -38.3906185 -37.3138332
v 120.376052 -34.163283 -32.8995291
v 119.852782 -30.0692907 -28.8311052
v 120.323854 -27.7094088 -26.6728228
v 121.421026 -24.5752616 -23.8716277
v 120.814716 -18.9339451 -18.2999936
v 121.398686 -14.7394753 -14.3148235
v 121.449133 -10.3780447 -10.0832363
v 122.411995 -8.19797992 -8.02824863
v 120.98264 -4.36791383 -4.22753397
v 121.445554 -0.200346758 -0.194649784
v 120.469295 2.65624551 2.55996819
v 121.515327 7.81714587 7.59922428
v 119.930866 10.9174865 10.4747489
v 120.625571 16.7690792 16.1822381
v 120.724448 18.3710415 17.7426708
v 122.137324 23.7206451 23.1774089
v 119.737251 28.3066635 27.1148966
v 120.208119 30.3842035 29.2194236
v 120.466119 34.8000449 33.5378108
v 119.991184 37.8839385 36.3659092
v 120.604463 43.8726226 42.3298728
v 121.864388 45.9851349 44.8316026
v 120.931118 49.7653606 48.1454456
v 122.07742 53.6891752 52.4338878
v 120.519722 58.3245692 56.234087
v 119.734707 61.6392314 59.0428425
v 121.655275 67.441687 65.6370957
v 120.041224 71.1228211 68.3013641
v 121.833588 75.5211006 73.6080532
v 121.128288 78.7872389 76.3469072
v 120.521696 81.2193139 78.3095159
v 121.393527 84.8789985 82.430088
v 121.525095 89.6791771 87.186164
v 122.10852 93.3316722 91.1727388
v 120.985047 98.3019717 95.1445489
v 121.189454 102.113486 99.0006207
v 120.657382 104.800745 101.159868
v 120.231996 110.652471 106.431739
v 122.386619 114.542192 112.147453
v 120.568932 118.251436 114.059595
v 120.790339 120.740545 116.674331
v 121.09375 125 121.09375
v 125 -125 -125
v 125 -121.09375 -121.09375
v 125 -117.1875 -117.1875
v 125 -113.28125 -113.28125
v 125 -109.375 -109.375
v 125 -105.46875 -105.46875
v 125 -101.5625 -101.5625
v 125 -97.65625 -97.65625
v 125 -93.75 -93.75
v 125 -89.84375 -89.84375
v 125 -85.9375 -85.9375
v 125 -82.03125 -82.03125
v 125 -78.125 -78.125
v 125 -74.21875 -74.21875
v 125 -70.3125 -70.3125
v 125 -66.40625 -66.40625
v 125 -62.5 -62.5
v 125 -58.59375 -58.59375
v 125 -54.6875 -54.6875
v 125 -50.78125 -50.78125
v 125 -46.875 -46.875
v 125 -42.96875 -42.96875
v 125 -39.0625 -39.0625
v 125 -35.15625 -35.15625
v 125 -31.25 -31.25
v 125 -27.34375 -27.34375
v 125 -23.4375 -23.4375
v 125 -19.53125 -19.53125
v 125 -15.625 -15.625
v 125 -11.71875 -11.71875
v 125 -7.8125 -7.8125
v 125 -3.90625 -3.90625
v 125 0 0
v 125 3.90625 3.90625
v 125 7.8125 7.8125
v 125 11.71875 11.71875
v 125 15.625 15.625
v 125 19.53125 19.53125
v 125 23.4375 23.4375
v 125 27.34375 27.34375
v 125 31.25 31.25
v 125 35.15625 35.15625
v 125 39.0625 39.0625
v 125 42.96875 42.96875
v 125 46.875 46.875
v 125 50.78125 50.78125
v 125 54.6875 54.6875
v 125 58.59375 58.59375
v 125 62.5 62.5
v 125 66.40625 66.40625
v 125 70.3125 70.3125
v 125 74.21875 74.21875
v 125 78.125 78.125
v 125 82.03125 82.03125
v 125 85.9375 85.9375
v 125 89.84375 89.84375
v 125 93.75 93.75
v 125 97.65625 97.65625
v 125 101.5625 101.5625
v 125 105.46875 105.46875
v 125 109.375 109.375
v 125 113.28125 113.28125
v 125 117.1875 117.1875
v 125 121.09375 121.09375
v 125 125 125
f 1 66 67
f 1 67 2
f 2 67 3
f 67 68 3
f 3 68 69
f 3 69 4
f 4 69 5
f 69 70 5
f 5 70 71
f 5 71 6
f 6 71 7
f 71 72 7
f 7 72 73
f 7 73 8
f 8 73 9
f 73 74 9
f 9 74 75
f 9 75 10
f 10 75 11
f 75 76 11
f 11 76 77
f 11 77 12
f 12 77 13
f 77 78 13
f 13 78 79
f 13 79 14
f 14 79 15
f 79 80 15
f 15 80 81
f 15 81 16
f 16 81 17
f 81 82 17
f 17 82 83
f 17 83 18
f 18 83 19
f 83 84 19
f 19 84 85
f 19 85 20
f 20 85 21
f 85 86 21
f 21 86 87
f 21 87 22
f 22 87 23
f 87 88 23
f 23 88 89
f 23 89 24
f 24 89 25
f 89 90 25
f 25 90 91
f 25 91 26
f 26 91 27
f 91 92 27
f 27 92 93
f 27 93 28
f 28 93 29
f 93 94 29
f 29 94 95
f 29 95 30
f 30 95 31
f 95 96 31
f 31 96 97
f 31 97 32
f 32 97 33
f 97 98 33
f 33 98 99
f 33 99 34
f 34 99 35
f 99 100 35
f 35 100 101
f 35 101 36
f 36 101 37
f 101 102 37
f 37 102 103
f 37 103 38
f 38 103 39
f 103 104 39
f 39 104 105
f 39 105 40
f 40 105 41
f 105 106 41
f 41 106 107
f 41 107 42
f 42 107 43
f 107 108 43
f 43 108 109
f 43 109 44
f 44 109 45
f 109 110 45
f 45 110 111
f 45 111 46
f 46 111 47
f 111 112 47
f 47 112 113
f 47 113 48
f 48 113 49
f 113 114 49
f 49 114 115
f 49 115 50
f 50 115 51
f 115 116 51
f 51 116 117
f 51 117 52
f 52 117 53
f 117 118 53
f 53 118 119
f 53 119 54
f 54 119 55
f 119 120 55
f 55 120 121
f 55 121 56
f 56 121 57
f 121 122 57
f 57 122 123
f 57 123 58
f 58 123 59
f 123 124 59
f 59 124 125
f 59 125 60
f 60 125 61
f 125 126 61
f 61 126 127
f 61 127 62
f 62 127 63
f 127 128 63
f 63 128 129
f 63 129 64
f 64 129 65
f 129 130 65
f 66 131 67
f 131 132 67
f 67 132 133
f 67 133 68
f 68 133 69
f 133 134 69
f 69 134 135
f 69 135 70
f 70 135 71
f 135 136 71
f 71 136 137
f 71 137 72
f 72 137 73
f 137 138 73
f 73 138 139
f 73 139 74
f 74 139 75
f 139 140 75
f 75 140 141
f 75 141 76
f 76 141 77
f 141 142 77
f 77 142 143
f 77 143 78
f 78 143 79
f 143 144 79
f 79 144 145
f 79 145 80
f 80 145 81
f 145 146 81
f 81 146 147
f 81 147 82
f 82 147 83
f 147 148 83
f 83 148 149
f 83 149 84
f 84 149 85
f 149 150 85
f 85 150 151
f 85 151 86
f 86 151 87
f 151 152 87
f 87 152 153
f 87 153 88
f 88 153 89
f 153 154 89
f 89 154 155
f 89 155 90
f 90 155 91
f 155 156 91
f 91 156 157
f 91 157 92
f 92 157 93
f 157 158 93
f 93 158 159
f 93 159 94
f 94 159 95
f 159 160 95
f 95 160 161
f 95 161 96
f 96 161 97
f 161 162 97
f 97 162 163
f 97 163 98
f 98 163 99
f 163 164 99
f 99 164 165
f 99 165 100
f 100 165 101
f 165 166 101
f 101 166 167
f 101 167 102
f 102 167 103
f 167 168 103
f 103 168 169
f 103 169 104
f 104 169 105
f 169 170 105
f 105 170 171
f 105 171 106
f 106 171 107
f 171 172 107
f 107 172 173
f 107 173 108
f 108 173 109
f 173 174 109
f 109 174 175
f 109 175 110
f 110 175 111
f 175 176 111
f 111 176 177
f 111 177 112
f 112 177 113
f 177 178 113
f 113 178 179
f 113 179 114
f 114 179 115
f 179 180 115
f 115 180 181
f 115 181 116
f 116 181 117
f 181 182 117
f 117 182 183
f 117 183 118
f 118 183 119
f 183 184 119
f 119 184 185
f 119 185 120
f 120 185 121
f 185 186 121
f 121 186 187
f 121 187 122
f 122 187 123
f 187 188 123
f 123 188 189
f 123 189 124
f 124 189 125
f 189 190 125
f 125 190 191
f 125 191 126
f 126 191 127
f 191 192 127
f 127 192 193
f 127 193 128
f 128 193 129
f 193 194 129
f 129 194 195
f 129 195 130
f 131 196 197
f 131 197 132
f 132 197 133
f 197 198 133
f 133 198 199
f 133 199 134
f 134 199 135
f 199 200 135
f 135 200 201
f 135 201 136
f 136 201 137
f 201 202 137
f 137 202 203
f 137 203 138
f 138 203 139
f 203 204 139
f 139 204 205
f 139 205 140
f 140 205 141
f 205 206 141
f 141 206 207
f 141 207 142
f 142 207 143
f 207 208 143
f 143 208 209
f 143 209 144
f 144 209 145
f 209 210 145
f 145 210 211
f 145 211 146
f 146 211 147
f 211 212 147
f 147 212 213
f 147 213 148
f 148 213 149
f 213 214 149
f 149 214 215
f 149 215 150
f 150 215 151
f 215 216 151
f 151 216 217
f 151 217 152
f 152 217 153
f 217 218 153
f 153 218 219
f 153 219 154
f 154 219 155
f 219 220 155
f 155 220 221
f 155 221 156
f 156 221 157
f 221 222 157
f 157 222 223
f 157 223 158
f 158 223 159
f 223 224 159
f 159 224 225
f 159 225 160
f 160 225 161
f 225 226 161
f 161 226 227
f 161 227 162
f 162 227 163
f 227 228 163
f 163 228 229
f 163 229 164
f 164 229 165
f 229 230 165
f 165 230 231
f 165 231 166
f 166 231 167
f 231 232 167
f 167 232 233
f 167 233 168
f 168 233 169
f 233 234 169
f 169 234 235
f 169 235 170
f 170 235 171
f 235 236 171
f 171 236 237
f 171 237 172
f 172 237 173
f 237 238 173
f 173 238 239
f 173 239 174
f 174 239 175
f 239 240 175
f 175 240 241
f 175 241 176
f 176 241 177
f 241 242 177
f 177 242 243
f 177 243 178
f 178 243 179
f 243 244 179
f 179 244 245
f 179 245 180
f 180 245 181
f 245 246 181
f 181 246 247
f 181 247 182
f 182 247 183
f 247 248 183
f 183 248 249
f 183 249 184
f 184 249 185
f 249 250 185
f 185 250 251
f 185 251 186
f 186 251 187
f 251 252 187
f 187 252 253
f 187 253 188
f 188 253 189
f 253 254 189
f 189 254 255
f 189 255 190
f 190 255 191
f 255 256 191
f 191 256 257
f 191 257 192
f 192 257 193
f 257 258 193
f 193 258 259
f 193 259 194
f 194 259 195
f 259 260 195
f 196 261 197
f 261 262 197
f 197 262 263
f 197 263 198
f 198 263 199
f 263 264 199
f 199 264 265
f 199 265 200
f 200 265 201
f 265 266 201
f 201 266 267
f 201 267 202
f 202 267 203
f 267 268 203
f 203 268 269
f 203 269 204
f 204 269 205
f 269 270 205
f 205 270 271
f 205 271 206
f 206 271 207
f 271 272 207
f 207 272 273
f 207 273 208
f 208 273 209
f 273 274 209
f 209 274 275
f 209 275 210
f 210 275 211
f 275 276 211
f 211 276 277
f 211 277 212
f 212 277 213
f 277 278 213
f 213 278 279
f 213 279 214
f 214 279 215
f 279 280 215
f 215 280 281
f 215 281 216
f 216 281 217
f 281 282 217
f 217 282 283
f 217 283 218
f 218 283 219
f 283 284 219
f 219 284 285
f 219 285 220
f 220 285 221
f 285 286 221
f 221 286 287
f 221 287 222
f 222 287 223
f 287 288 223
f 223 288 289
f 223 289 224
f 224 289 225
f 289 290 225
f 225 290 291
f 225 291 226
f 226 291 227
f 291 292 227
f 227 292 293
f 227 293 228
f 228 293 229
f 293 294 229
f 229 294 295
f 229 295 230
f 230 295 231
f 295 296 231
f 231 296 297
f 231 297 232
f 232 297 233
f 297 298 233
f 233 298 299
f 233 299 234
f 234 299 235
f 299 300 235
f 235 300 301
f 235 301 236
f 236 301 237
f 301 302 237
f 237 302 303
f 237 303 238
f 238 303 239
f 303 304 239
f 239 304 305
f 239 305 240
f 240 305 241
f 305 306 241
f 241 306 307
f 241 307 242
f 242 307 243
f 307 308 243
f 243 308 309
f 243 309 244
f 244 309 245
f 309 310 245
f 245 310 311
f 245 311 246
f 246 311 247
f 311 312 247
f 247 312 313
f 247 313 248
f 248 313 249
f 313 314 249
f 249 314 315
f 249 315 250
f 250 315 251
f 315 316 251
f 251 316 317
f 251 317 252
f 252 317 253
f 317 318 253
f 253 318 319
f 253 319 254
f 254 319 255
f 319 320 255
f 255 320 321
f 255 321 256
f 256 321 257
f 321 322 257
f 257 322 323
f 257 323 258
f 258 323 259
f 323 324 259
f 259 324 325
f 259 325 260
f 261 326 327
f 261 327 262
f 262 327 263
f 327 328 263
f 263 328 329
f 263 329 264
f 264 329 265
f 329 330 265
f 265 330 331
f 265 331 266
f 266 331 267
f 331 332 267
f 267 332 333
f 267 333 268
f 268 333 269
f 333 334 269
f 269 334 335
f 269 335 270
f 270 335 271
f 335 336 271
f 271 336 337
f 271 337 272
f 272 337 273
f 337 338 273
f 273 338 339
f 273 339 274
f 274 339 275
f 339 340 275
f 275 340 341
f 275 341 276
f 276 341 277
f 341 342 277
f 277 342 343
f 277 343 278
f 278 343 279
f 343 344 279
f 279 344 345
f 279 345 280
f 280 345 281
f 345 346 281
f 281 346 347
f 281 347 282
f 282 347 283
f 347 348 283
f 283 348 349
f 283 349 284
f 284 349 285
f 349 350 285
f 285 350 351
f 285 351 286
f 286 351 287
f 351 352 287
f 287 352 353
f 287 353 288
f 288 353 289
f 353 354 289
f 289 354 355
f 289 355 290
f 290 355 291
f 355 356 291
f 291 356 357
f 291 357 292
f 292 357 293
f 357 358 293
f 293 358 359
f 293 359 294
f 294 359 295
f 359 360 295
f 295 360 361
f 295 361 296
f 296 361 297
f 361 362 297
f 297 362 363
f 297 363 298
f 298 363 299
f 363 364 299
f 299 364 365
f 299 365 300
f 300 365 301
f 365 366 301
f 301 366 367
f 301 367 302
f 302 367 303
f 367 368 303
f 303 368 369
f 303 369 304
f 304 369 305
f 369 370 305
f 305 370 371
f 305 371 306
f 306 371 307
f 371 372 307
f 307 372 373
f 307 373 308
f 308 373 309
f 373 374 309
f 309 374 375
f 309 375 310
f 310 375 311
f 375 376 311
f 311 376 377
f 311 377 312
f 312 377 313
f 377 378 313
f 313 378 379
f 313 379 314
f 314 379 315
f 379 380 315
f 315 380 381
f 315 381 316
f 316 381 317
f 381 382 317
f 317 382 383
f 317 383 318
f 318 383 319
f 383 384 319
f 319 384 385
f 319 385 320
f 320 385 321
f 385 386 321
f 321 386 387
f 321 387 322
f 322 387 323
f 387 388 323
f 323 388 389
f 323 389 324
f 324 389 325
f 389 390 325
f 326 391 327
f 391 392 327
f 327 392 393
f 327 393 328
f 328 393 329
f 393 394 329
f 329 394 395
f 329 395 330
f 330 395 331
f 395 396 331
f 331 396 397
f 331 397 332
f 332 397 333
f 397 398 333
f 333 398 399
f 333 399 334
f 334 399 335
f 399 400 335
f 335 400 401
f 335 401 336
f 336 401 337
f 401 402 337
f 337 402 403
f 337 403 338
f 338 403 339
f 403 404 339
f 339 404 405
f 339 405 340
f 340 405 341
f 405 406 341
f 341 406 407
f 341 407 342
f 342 407 343
f 407 408 343
f 343 408 409
f 343 409 344
f 344 409 345
f 409 410 345
f 345 410 411
f 345 411 346
f 346 411 347
f 411 412 347
f 347 412 413
f 347 413 348
f 348 413 349
f 413 414 349
f 349 414 415
f 349 415 350
f 350 415 351
f 415 416 351
f 351 416 417
f 351 417 352
f 352 417 353
f 417 418 353
f 353 418 419
f 353 419 354
f 354 419 355
f 419 420 355
f 355 420 421
f 355 421 356
f 356 421 357
f 421 422 357
f 357 422 423
f 357 423 358
f 358 423 359
f 423 424 359
f 359 424 425
f 359 425 360
f 360 425 361
f 425 426 361
f 361 426 427
f 361 427 362
f 362 427 363
f 427 428 363
f 363 428 429
f 363 429 364
f 364 429 365
f 429 430 365
f 365 430 431
f 365 431 366
f 366 431 367
f 431 432 367
f 367 432 433
f 367 433 368
f 368 433 369
f 433 434 369
f 369 434 435
f 369 435 370
f 370 435 371
f 435 436 371
f 371 436 437
f 371 437 372
f 372 437 373
f 437 438 373
f 373 438 439
f 373 439 374
f 374 439 375
f 439 440 375
f 375 440 441
f 375 441 376
f 376 441 377
f 441 442 377
f 377 442 443
f 377 443 378
f 378 443 379
f 443 444 379
f 379 444 445
f 379 445 380
f 380 445 381
f 445 446 381
f 381 446 447
f 381 447 382
f 382 447 383
f 447 448 383
f 383 448 449
f 383 449 384
f 384 449 385
f 449 450 385
f 385 450 451
f 385 451 386
f 386 451 387
f 451 452 387
f 387 452 453
f 387 453 388
f 388 453 389
f 453 454 389
f 389 454 455
f 389 455 390
f 391 456 457
f 391 457 392
f 392 457 393
f 457 458 393
f 393 458 459
f 393 459 394
f 394 459 395
f 459 460 395
f 395 460 461
f 395 461 396
f 396 461 397
f 461 462 397
f 397 462 463
f 397 463 398
f 398 463 399
f 463 464 399
f 399 464 465
f 399 465 400
f 400 465 401
f 465 466 401
f 401 466 467
f 401 467 402
f 402 467 403
f 467 468 403
f 403 468 469
f 403 469 404
f 404 469 405
f 469 470 405
f 405 470 471
f 405 471 406
f 406 471 407
f 471 472 407
f 407 472 473
f 407 473 408
f 408 473 409
f 473 474 409
f 409 474 475
f 409 475 410
f 410 475 411
f 475 476 411
f 411 476 477
f 411 477 412
f 412 477 413
f 477 478 413
f 413 478 479
f 413 479 414
f 414 479 415
f 479 480 415
f 415 480 481
f 415 481 416
f 416 481 417
f 481 482 417
f 417 482 483
f 417 483 418
f 418 483 419
f 483 484 419
f 419 484 485
f 419 485 420
f 420 485 421
f 485 486 421
f 421 486 487
f 421 487 422
f 422 487 423
f 487 488 423
f 423 488 489
f 423 489 424
f 424 489 425
f 489 490 425
f 425 490 491
f 425 491 426
f 426 491 427
f 491 492 427
f 427 492 493
f 427 493 428
f 428 493 429
f 493 494 429
f 429 494 495
f 429 495 430
f 430 495 431
f 495 496 431
f 431 496 497
f 431 497 432
f 432 497 433
f 497 498 433
f 433 498 499
f 433 499 434
f 434 499 435
f 499 500 435
f 435 500 501
f 435 501 436
f 436 501 437
f 501 502 437
f 437 502 503
f 437 503 438
f 438 503 439
f 503 504 439
f 439 504 505
f 439 505 440
f 440 505 441
f 505 506 441
f 441 506 507
f 441 507 442
f 442 507 443
f 507 508 443
f 443 508 509
f 443 509 444
f 444 509 445
f 509 510 445
f 445 510 511
f 445 511 446
f 446 511 447
f 511 512 447
f 447 512 513
f 447 513 448
f 448 513 449
f 513 514 449
f 449 514 515
f 449 515 450
f 450 515 451
f 515 516 451
f 451 516 517
f 451 517 452
f 452 517 453
f 517 518 453
f 453 518 519
f 453 519 454
f 454 519 455
f 519 520 455
f 456 521 457
f 521 522 457
f 457 522 523
f 457 523 458
f 458 523 459
f 523 524 459
f 459 524 525
f 459 525 460
f 460 525 461
f 525 526 461
f 461 526 527
f 461 527 462
f 462 527 463
f 527 528 463
f 463 528 529
f 463 529 464
f 464 529 465
f 529 530 465
f 465 530 531
f 465 531 466
f 466 531 467
f 531 532 467
f 467 532 533
f 467 533 468
f 468 533 469
f 533 534 469
f 469 534 535
f 469 535 470
f 470 535 471
f 535 536 471
f 471 536 537
f 471 537 472
f 472 537 473
f 537 538 473
f 473 538 539
f 473 539 474
f 474 539 475
f 539 540 475
f 475 540 541
f 475 541 476
f 476 541 477
f 541 542 477
f 477 542 543
f 477 543 478
f 478 543 479
f 543 544 479
f 479 544 545
f 479 545 480
f 480 545 481
f 545 546 481
f 481 546 547
f 481 547 482
f 482 547 483
f 547 548 483
f 483 548 549
f 483 549 484
f 484 549 485
f 549 550 485
f 485 550 551
f 485 551 486
f 486 551 487
f 551 552 487
f 487 552 553
f 487 553 488
f 488 553 489
f 553 554 489
f 489 554 555
f 489 555 490
f 490 555 491
f 555 556 491
f 491 556 557
f 491 557 492
f 492 557 493
f 557 558 493
f 493 558 559
f 493 559 494
f 494 559 495
f 559 560 495
f 495 560 561
f 495 561 496
f 496 561 497
f 561 562 497
f 497 562 563
f 497 563 498
f 498 563 499
f 563 564 499
f 499 564 565
f 499 565 500
f 500 565 501
f 565 566 501
f 501 566 567
f 501 567 502
f 502 567 503
f 567 568 503
f 503 568 569
f 503 569 504
f 504 569 505
f 569 570 505
f 505 570 571
f 505 571 506
f 506 571 507
f 571 572 507
f 507 572 573
f 507 573 508
f 508 573 509
f 573 574 509
f 509 574 575
f 509 575 510
f 510 575 511
f 575 576 511
f 511 576 577
f 511 577 512
f 512 577 513
f 577 578 513
f 513 578 579
f 513 579 514
f 514 579 515
f 579 580 515
f 515 580 581
f 515 581 516
f 516 581 517
f 581 582 517
f 517 582 583
f 517 583 518
f 518 583 519
f 583 584 519
f 519 584 585
f 519 585 520
f 521 586 587
f 521 587 522
f 522 587 523
f 587 588 523
f 523 588 589
f 523 589 524
f 524 589 525
f 589 590 525
f 525 590 591
f 525 591 526
f 526 591 527
f 591 592 527
f 527 592 593
f 527 593 528
f 528 593 529
f 593 594 529
f 529 594 595
f 529 595 530
f 530 595 531
f 595 596 531
f 531 596 597
f 531 597 532
f 532 597 533
f 597 598 533
f 533 598 599
f 533 599 534
f 534 599 535
f 599 600 535
f 535 600 601
f 535 601 536
f 536 601 537
f 601 602 537
f 537 602 603
f 537 603 538
f 538 603 539
f 603 604 539
f 539 604 605
f 539 605 540
f 540 605 541
f 605 606 541
f 541 606 607
f 541 607 542
f 542 607 543
f 607 608 543
f 543 608 609
f 543 609 544
f 544 609 545
f 609 610 545
f 545 610 611
f 545 611 546
f 546 611 547
f 611 612 547
f 547 612 613
f 547 613 548
f 548 613 549
f 613 614 549
f 549 614 615
f 549 615 550
f 550 615 551
f 615 616 551
f 551 616 617
f 551 617 552
f 552 617 553
f 617 618 553
f 553 618 619
f 553 619 554
f 554 619 555
f 619 620 555
f 555 620 621
f 555 621 556
f 556 621 557
f 621 622 557
f 557 622 623
f 557 623 558
f 558 623 559
f 623 624 559
f 559 624 625
f 559 625 560
f 560 625 561
f 625 626 561
f 561 626 627
f 561 627 562
f 562 627 563
f 627 628 563
f 563 628 629
f 563 629 564
f 564 629 565
f 629 630 565
f 565 630 631
f 565 631 566
f 566 631 567
f 631 632 567
f 567 632 633
f 567 633 568
f 568 633 569
f 633 634 569
f 569 634 635
f 569 635 570
f 570 635 571
f 635 636 571
f 571 636 637
f 571 637 572
f 572 637 573
f 637 638 573
f 573 638 639
f 573 639 574
f 574 639 575
f 639 640 575
f 575 640 641
f 575 641 576
f 576 641 577
f 641 642 577
f 577 642 643
f 577 643 578
f 578 643 579
f 643 644 579
f 579 644 645
f 579 645 580
f 580 645 581
f 645 646 581
f 581 646 647
f 581 647 582
f 582 647 583
f 647 648 583
f 583 648 649
f 583 649 584
f 584 649 585
f 649 650 585
f 586 651 587
f 651 652 587
f 587 652 653
f 587 653 588
f 588 653 589
f 653 654 589
f 589 654 655
f 589 655 590
f 590 655 591
f 655 656 591
f 591 656 657
f 591 657 592
f 592 657 593
f 657 658 593
f 593 658 659
f 593 659 594
f 594 659 595
f 659 660 595
f 595 660 661
f 595 661 596
f 596 661 597
f 661 662 597
f 597 662 663
f 597 663 598
f 598 663 599
f 663 664 599
f 599 664 665
f 599 665 600
f 600 665 601
f 665 666 601
f 601 666 667
f 601 667 602
f 602 667 603
f 667 668 603
f 603 668 669
f 603 669 604
f 604 669 605
f 669 670 605
f 605 670 671
f 605 671 606
f 606 671 607
f 671 672 607
f 607 672 673
f 607 673 608
f 608 673 609
f 673 674 609
f 609 674 675
f 609 675 610
f 610 675 611
f 675 676 611
f 611 676 677
f 611 677 612
f 612 677 613
f 677 678 613
f 613 678 679
f 613 679 614
f 614 679 615
f 679 680 615
f 615 680 681
f 615 681 616
f 616 681 617
f 681 682 617
f 617 682 683
f 617 683 618
f 618 683 619
f 683 684 619
f 619 684 685
f 619 685 620
f 620 685 621
f 685 686 621
f 621 686 687
f 621 687 622
f 622 687 623
f 687 688 623
f 623 688 689
f 623 689 624
f 624 689 625
f 689 690 625
f 625 690 691
f 625 691 626
f 626 691 627
f 691 692 627
f 627 692 693
f 627 693 628
f 628 693 629
f 693 694 629
f 629 694 695
f 629 695 630
f 630 695 631
f 695 696 631
f 631 696 697
f 631 697 632
f 632 697 633
f 697 698 633
f 633 698 699
f 633 699 634
f 634 699 635
f 699 700 635
f 635 700 701
f 635 701 636
f 636 701 637
f 701 702 637
f 637 702 703
f 637 703 638
f 638 703 639
f 703 704 639
f 639 704 705
f 639 705 640
f 640 705 641
f 705 706 641
f 641 706 707
f 641 707 642
f 642 707 643
f 707 708 643
f 643 708 709
f 643 709 644
f 644 709 645
f 709 710 645
f 645 710 711
f 645 711 646
f 646 711 647
f 711 712 647
f 647 712 713
f 647 713 648
f 648 713 649
f 713 714 649
f 649 714 715
f 649 715 650
f 651 716 717
f 651 717 652
f 652 717 653
f 717 718 653
f 653 718 719
f 653 719 654
f 654 719 655
f 719 720 655
f 655 720 721
f 655 721 656
f 656 721 657
f 721 722 657
f 657 722 723
f 657 723 658
f 658 723 659
f 723 724 659
f 659 724 725
f 659 725 660
f 660 725 661
f 725 726 661
f 661 726 727
f 661 727 662
f 662 727 663
f 727 728 663
f 663 728 729
f 663 729 664
f 664 729 665
f 729 730 665
f 665 730 731
f 665 731 666
f 666 731 667
f 731 732 667
f 667 732 733
f 667 733 668
f 668 733 669
f 733 734 669
f 669 734 735
f 669 735 670
f 670 735 671
f 735 736 671
f 671 736 737
f 671 737 672
f 672 737 673
f 737 738 673
f 673 738 739
f 673 739 674
f 674 739 675
f 739 740 675
f 675 740 741
f 675 741 676
f 676 741 677
f 741 742 677
f 677 742 743
f 677 743 678
f 678 743 679
f 743 744 679
f 679 744 745
f 679 745 680
f 680 745 681
f 745 746 681
f 681 746 747
f 681 747 682
f 682 747 683
f 747 748 683
f 683 748 749
f 683 749 684
f 684 749 685
f 749 750 685
f 685 750 751
f 685 751 686
f 686 751 687
f 751 752 687
f 687 752 753
f 687 753 688
f 688 753 689
f 753 754 689
f 689 754 755
f 689 755 690
f 690 755 691
f 755 756 691
f 691 756 757
f 691 757 692
f 692 757 693
f 757 758 693
f 693 758 759
f 693 759 694
f 694 759 695
f 759 760 695
f 695 760 761
f 695 761 696
f 696 761 697
f 761 762 697
f 697 762 763
f 697 763 698
f 698 763 699
f 763 764 699
f 699 764 765
f 699 765 700
f 700 765 701
f 765 766 701
f 701 766 767
f 701 767 702
f 702 767 703
f 767 768 703
f 703 768 769
f 703 769 704
f 704 769 705
f 769 770 705
f 705 770 771
f 705 771 706
f 706 771 707
f 771 772 707
f 707 772 773
f 707 773 708
f 708 773 709
f 773 774 709
f 709 774 775
f 709 775 710
f 710 775 711
f 775 776 711
f 711 776 777
f 711 777 712
f 712 777 713
f 777 778 713
f 713 778 779
f 713 779 714
f 714 779 715
f 779 780 715
f 716 781 717
f 781 782 717
f 717 782 783
f 717 783 718
f 718 783 719
f 783 784 719
f 719 784 785
f 719 785 720
f 720 785 721
f 785 786 721
f 721 786 787
f 721 787 722
f 722 787 723
f 787 788 723
f 723 788 789
f 723 789 724
f 724 789 725
f 789 790 725
f 725 790 791
f 725 791 726
f 726 791 727
f 791 792 727
f 727 792 793
f 727 793 728
f 728 793 729
f 793 794 729
f 729 794 795
f 729 795 730
f 730 795 731
f 795 796 731
f 731 796 797
f 731 797 732
f 732 797 733
f 797 798 733
f 733 798 799
f 733 799 734
f 734 799 735
f 799 800 735
f 735 800 801
f 735 801 736
f 736 801 737
f 801 802 737
f 737 802 803
f 737 803 738
f 738 803 739
f 803 804 739
f 739 804 805
f 739 805 740
f 740 805 741
f 805 806 741
f 741 806 807
f 741 807 742
f 742 807 743
f 807 808 743
f 743 808 809
f 743 809 744
f 744 809 745
f 809 810 745
f 745 810 811
f 745 811 746
f 746 811 747
f 811 812 747
f 747 812 813
f 747 813 748
f 748 813 749
f 813 814 749
f 749 814 815
f 749 815 750
f 750 815 751
f 815 816 751
f 751 816 817
f 751 817 752
f 752 817 753
f 817 818 753
f 753 818 819
f 753 819 754
f 754 819 755
f 819 820 755
f 755 820 821
f 755 821 756
f 756 821 757
f 821 822 757
f 757 822 823
f 757 823 758
f 758 823 759
f 823 824 759
f 759 824 825
f 759 825 760
f 760 825 761
f 825 826 761
f 761 826 827
f 761 827 762
f 762 827 763
f 827 828 763
f 763 828 829
f 763 829 764
f 764 829 765
f 829 830 765
f 765 830 831
f 765 831 766
f 766 831 767
f 831 832 767
f 767 832 833
f 767 833 768
f 768 833 769
f 833 834 769
f 769 834 835
f 769 835 770
f 770 835 771
f 835 836 771
f 771 836 837
f 771 837 772
f 772 837 773
f 837 838 773
f 773 838 839
f 773 839 774
f 774 839 775
f 839 840 775
f 775 840 841
f 775 841 776
f 776 841 777
f 841 842 777
f 777 842 843
f 777 843 778
f 778 843 779
f 843 844 779
f 779 844 845
f 779 845 780
f 781 846 847
f 781 847 782
f 782 847 783
f 847 848 783
f 783 848 849
f 783 849 784
f 784 849 785
f 849 850 785
f 785 850 851
f 785 851 786
f 786 851 787
f 851 852 787
f 787 852 853
f 787 853 788
f 788 853 789
f 853 854 789
f 789 854 855
f 789 855 790
f 790 855 791
f 855 856 791
f 791 856 857
f 791 857 792
f 792 857 793
f 857 858 793
f 793 858 859
f 793 859 794
f 794 859 795
f 859 860 795
f 795 860 861
f 795 861 796
f 796 861 797
f 861 862 797
f 797 862 863
f 797 863 798
f 798 863 799
f 863 864 799
f 799 864 865
f 799 865 800
f 800 865 801
f 865 866 801
f 801 866 867
f 801 867 802
f 802 867 803
f 867 868 803
f 803 868 869
f 803 869 804
f 804 869 805
f 869 870 805
f 805 870 871
f 805 871 806
f 806 871 807
f 871 872 807
f 807 872 873
f 807 873 808
f 808 873 809
f 873 874 809
f 809 874 875
f 809 875 810
f 810 875 811
f 875 876 811
f 811 876 877
f 811 877 812
f 812 877 813
f 877 878 813
f 813 878 879
f 813 879 814
f 814 879 815
f 879 880 815
f 815 880 881
f 815 881 816
f 816 881 817
f 881 882 817
f 817 882 883
f 817 883 818
f 818 883 819
f 883 884 819
f 819 884 885
f 819 885 820
f 820 885 821
f 885 886 821
f 821 886 887
f 821 887 822
f 822 887 823
f 887 888 823
f 823 888 889
f 823 889 824
f 824 889 825
f 889 890 825
f 825 890 891
f 825 891 826
f 826 891 827
f 891 892 827
f 827 892 893
f 827 893 828
f 828 893 829
f 893 894 829
f 829 894 895
f 829 895 830
f 830 895 831
f 895 896 831
f 831 896 897
f 831 897 832
f 832 897 833
f 897 898 833
f 833 898 899
f 833 899 834
f 834 899 835
f 899 900 835
f 835 900 901
f 835 901 836
f 836 901 837
f 901 902 837
f 837 902 903
f 837 903 838
f 838 903 839
f 903 904 839
f 839 904 905
f 839 905 840
f 840 905 841
f 905 906 841
f 841 906 907
f 841 907 842
f 842 907 843
f 907 908 843
f 843 908 909
f 843 909 844
f 844 909 845
f 909 910 845
f 846 911 847
f 911 912 847
f 847 912 913
f 847 913 848
f 848 913 849
f 913 914 849
f 849 914 915
f 849 915 850
f 850 915 851
f 915 916 851
f 851 916 917
f 851 917 852
f 852 917 853
f 917 918 853
f 853 918 919
f 853 919 854
f 854 919 855
f 919 920 855
f 855 920 921
f 855 921 856
f 856 921 857
f 921 922 857
f 857 922 923
f 857 923 858
f 858 923 859
f 923 924 859
f 859 924 925
f 859 925 860
f 860 925 861
f 925 926 861
f 861 926 927
f 861 927 862
f 862 927 863
f 927 928 863
f 863 928 929
f 863 929 864
f 864 929 865
f 929 930 865
f 865 930 931
f 865 931 866
f 866 931 867
f 931 932 867
f 867 932 933
f 867 933 868
f 868 933 869
f 933 934 869
f 869 934 935
f 869 935 870
f 870 935 871
f 935 936 871
f 871 936 937
f 871 937 872
f 872 937 873
f 937 938 873
f 873 938 939
f 873 939 874
f 874 939 875
f 939 940 875
f 875 940 941
f 875 941 876
f 876 941 877
f 941 942 877
f 877 942 943
f 877 943 878
f 878 943 879
f 943 944 879
f 879 944 945
f 879 945 880
f 880 945 881
f 945 946 881
f 881 946 947
f 881 947 882
f 882 947 883
f 947 948 883
f 883 948 949
f 883 949 884
f 884 949 885
f 949 950 885
f 885 950 951
f 885 951 886
f 886 951 887
f 951 952 887
f 887 952 953
f 887 953 888
f 888 953 889
f 953 954 889
f 889 954 955
f 889 955 890
f 890 955 891
f 955 956 891
f 891 956 957
f 891 957 892
f 892 957 893
f 957 958 893
f 893 958 959
f 893 959 894
f 894 959 895
f 959 960 895
f 895 960 961
f 895 961 896
f 896 961 897
f 961 962 897
f 897 962 963
f 897 963 898
f 898 963 899
f 963 964 899
f 899 964 965
f 899 965 900
f 900 965 901
f 965 966 901
f 901 966 967
f 901 967 902
f 902 967 903
f 967 968 903
f 903 968 969
f 903 969 904
f 904 969 905
f 969 970 905
f 905 970 971
f 905 971 906
f 906 971 907
f 971 972 907
f 907 972 973
f 907 973 908
f 908 973 909
f 973 974 909
f 909 974 975
f 909 975 910
f 911 976 977
f 911 977 912
f 912 977 913
f 977 978 913
f 913 978 979
f 913 979 914
f 914 979 915
f 979 980 915
f 915 980 981
f 915 981 916
f 916 981 917
f 981 982 917
f 917 982 983
f 917 983 918
f 918 983 919
f 983 984 919
f 919 984 985
f 919 985 920
f 920 985 921
f 985 986 921
f 921 986 987
f 921 987 922
f 922 987 923
f 987 988 923
f 923 988 989
f 923 989 924
f 924 989 925
f 989 990 925
f 925 990 991
f 925 991 926
f 926 991 927
f 991 992 927
f 927 992 993
f 927 993 928
f 928 993 929
f 993 994 929
f 929 994 995
f 929 995 930
f 930 995 931
f 995 996 931
f 931 996 997
f 931 997 932
f 932 997 933
f 997 998 933
f 933 998 999
f 933 999 934
f 934 999 935
f 999 1000 935
f 935 1000 1001
f 935 1001 936
f 936 1001 937
f 1001 1002 937
f 937 1002 1003
f 937 1003 938
f 938 1003 939
f 1003 1004 939
f 939 1004 1005
f 939 1005 940
f 940 1005 941
f 1005 1006 941
f 941 1006 1007
f 941 1007 942
f 942 1007 943
f 1007 1008 943
f 943 1008 1009
f 943 1009 944
f 944 1009 945
f 1009 1010 945
f 945 1010 1011
f 945 1011 946
f 946 1011 947
f 1011 1012 947
f 947 1012 1013
f 947 1013 948
f 948 1013 949
f 1013 1014 949
f 949 1014 1015
f 949 1015 950
f 950 1015 951
f 1015 1016 951
f 951 1016 1017
f 951 1017 952
f 952 1017 953
f 1017 1018 953
f 953 1018 1019
f 953 1019 954
f 954 1019 955
f 1019 1020 955
f 955 1020 1021
f 955 1021 956
f 956 1021 957
f 1021 1022 957
f 957 1022 1023
f 957 1023 958
f 958 1023 959
f 1023 1024 959
f 959 1024 1025
f 959 1025 960
f 960 1025 961
f 1025 1026 961
f 961 1026 1027
f 961 1027 962
f 962 1027 963
f 1027 1028 963
f 963 1028 1029
f 963 1029 964
f 964 1029 965
f 1029 1030 965
f 965 1030 1031
f 965 1031 966
f 966 1031 967
f 1031 1032 967
f 967 1032 1033
f 967 1033 968
f 968 1033 969
f 1033 1034 969
f 969 1034 1035
f 969 1035 970
f 970 1035 971
f 1035 1036 971
f 971 1036 1037
f 971 1037 972
f 972 1037 973
f 1037 1038 973
f 973 1038 1039
f 973 1039 974
f 974 1039 975
f 1039 1040 975
f 976 1041 977
f 1041 1042 977
f 977 1042 1043
f 977 1043 978
f 978 1043 979
f 1043 1044 979
f 979 1044 1045
f 979 1045 980
f 980 1045 981
f 1045 1046 981
f 981 1046 1047
f 981 1047 982
f 982 1047 983
f 1047 1048 983
f 983 1048 1049
f 983 1049 984
f 984 1049 985
f 1049 1050 985
f 985 1050 1051
f 985 1051 986
f 986 1051 987
f 1051 1052 987
f 987 1052 1053
f 987 1053 988
f 988 1053 989
f 1053 1054 989
f 989 1054 1055
f 989 1055 990
f 990 1055 991
f 1055 1056 991
f 991 1056 1057
f 991 1057 992
f 992 1057 993
f 1057 1058 993
f 993 1058 1059
f 993 1059 994
f 994 1059 995
f 1059 1060 995
f 995 1060 1061
f 995 1061 996
f 996 1061 997
f 1061 1062 997
f 997 1062 1063
f 997 1063 998
f 998 1063 999
f 1063 1064 999
f 999 1064 1065
f 999 1065 1000
f 1000 1065 1001
f 1065 1066 1001
f 1001 1066 1067
f 1001 1067 1002
f 1002 1067 1003
f 1067 1068 1003
f 1003 1068 1069
f 1003 1069 1004
f 1004 1069 1005
f 1069 1070 1005
f 1005 1070 1071
f 1005 1071 1006
f 1006 1071 1007
f 1071 1072 1007
f 1007 1072 1073
f 1007 1073 1008
f 1008 1073 1009
f 1073 1074 1009
f 1009 1074 1075
f 1009 1075 1010
f 1010 1075 1011
f 1075 1076 1011
f 1011 1076 1077
f 1011 1077 1012
f 1012 1077 1013
f 1077 1078 1013
f 1013 1078 1079
f 1013 1079 1014
f 1014 1079 1015
f 1079 1080 1015
f 1015 1080 1081
f 1015 1081 1016
f 1016 1081 1017
f 1081 1082 1017
f 1017 1082 1083
f 1017 1083 1018
f 1018 1083 1019
f 1083 1084 1019
f 1019 1084 1085
f 1019 1085 1020
f 1020 1085 1021
f 1085 1086 1021
f 1021 1086 1087
f 1021 1087 1022
f 1022 1087 1023
f 1087 1088 1023
f 1023 1088 1089
f 1023 1089 1024
f 1024 1089 1025
f 1089 1090 1025
f 1025 1090 1091
f 1025 1091 1026
f 1026 1091 1027
f 1091 1092 1027
f 1027 1092 1093
f 1027 1093 1028
f 1028 1093 1029
f 1093 1094 1029
f 1029 1094 1095
f 1029 1095 1030
f 1030 1095 1031
f 1095 1096 1031
f 1031 1096 1097
f 1031 1097 1032
f 1032 1097 1033
f 1097 1098 1033
f 1033 1098 1099
f 1033 1099 1034
f 1034 1099 1035
f 1099 1100 1035
f 1035 1100 1101
f 1035 1101 1036
f 1036 1101 1037
f 1101 1102 1037
f 1037 1102 1103
f 1037 1103 1038
f 1038 1103 1039
f 1103 1104 1039
f 1039 1104 1105
f 1039 1105 1040
f 1041 1106 1107
f 1041 1107 1042
f 1042 1107 1043
f 1107 1108 1043
f 1043 1108 1109
f 1043 1109 1044
f 1044 1109 1045
f 1109 1110 1045
f 1045 1110 1111
f 1045 1111 1046
f 1046 1111 1047
f 1111 1112 1047
f 1047 1112 1113
f 1047 1113 1048
f 1048 1113 1049
f 1113 1114 1049
f 1049 1114 1115
f 1049 1115 1050
f 1050 1115 1051
f 1115 1116 1051
f 1051 1116 1117
f 1051 1117 1052
f 1052 1117 1053
f 1117 1118 1053
f 1053 1118 1119
f 1053 1119 1054
f 1054 1119 1055
f 1119 1120 1055
f 1055 1120 1121
f 1055 1121 1056
f 1056 1121 1057
f 1121 1122 1057
f 1057 1122 1123
f 1057 1123 1058
f 1058 1123 1059
f 1123 1124 1059
f 1059 1124 1125
f 1059 1125 1060
f 1060 1125 1061
f 1125 1126 1061
f 1061 1126 1127
f 1061 1127 1062
f 1062 1127 1063
f 1127 1128 1063
f 1063 1128 1129
f 1063 1129 1064
f 1064 1129 1065
f 1129 1130 1065
f 1065 1130 1131
f 1065 1131 1066
f 1066 1131 1067
f 1131 1132 1067
f 1067 1132 1133
f 1067 1133 1068
f 1068 1133 1069
f 1133 1134 1069
f 1069 1134 1135
f 1069 1135 1070
f 1070 1135 1071
f 1135 1136 1071
f 1071 1136 1137
f 1071 1137 1072
f 1072 1137 1073
f 1137 1138 1073
f 1073 1138 1139
f 1073 1139 1074
f 1074 1139 1075
f 1139 1140 1075
f 1075 1140 1141
f 1075 1141 1076
f 1076 1141 1077
f 1141 1142 1077
f 1077 1142 1143
f 1077 1143 1078
f 1078 1143 1079
f 1143 1144 1079
f 1079 1144 1145
f 1079 1145 1080
f 1080 1145 1081
f 1145 1146 1081
f 1081 1146 1147
f 1081 1147 1082
f 1082 1147 1083
f 1147 1148 1083
f 1083 1148 1149
f 1083 1149 1084
f 1084 1149 1085
f 1149 1150 1085
f 1085 1150 1151
f 1085 1151 1086
f 1086 1151 1087
f 1151 1152 1087
f 1087 1152 1153
f 1087 1153 1088
f 1088 1153 1089
f 1153 1154 1089
f 1089 1154 1155
f 1089 1155 1090
f 1090 1155 1091
f 1155 1156 1091
f 1091 1156 1157
f 1091 1157 1092
f 1092 1157 1093
f 1157 1158 1093
f 1093 1158 1159
f 1093 1159 1094
f 1094 1159 1095
f 1159 1160 1095
f 1095 1160 1161
f 1095 1161 1096
f 1096 1161 1097
f 1161 1162 1097
f 1097 1162 1163
f 1097 1163 1098
f 1098 1163 1099
f 1163 1164 1099
f 1099 1164 1165
f 1099 1165 1100
f 1100 1165 1101
f 1165 1166 1101
f 1101 1166 1167
f 1101 1167 1102
f 1102 1167 1103
f 1167 1168 1103
f 1103 1168 1169
f 1103 1169 1104
f 1104 1169 1105
f 1169 1170 1105
f 1106 1171 1107
f 1171 1172 1107
f 1107 1172 1173
f 1107 1173 1108
f 1108 1173 1109
f 1173 1174 1109
f 1109 1174 1175
f 1109 1175 1110
f 1110 1175 1111
f 1175 1176 1111
f 1111 1176 1177
f 1111 1177 1112
f 1112 1177 1113
f 1177 1178 1113
f 1113 1178 1179
f 1113 1179 1114
f 1114 1179 1115
f 1179 1180 1115
f 1115 1180 1181
f 1115 1181 1116
f 1116 1181 1117
f 1181 1182 1117
f 1117 1182 1183
f 1117 1183 1118
f 1118 1183 1119
f 1183 1184 1119
f 1119 1184 1185
f 1119 1185 1120
f 1120 1185 1121
f 1185 1186 1121
f 1121 1186 1187
f 1121 1187 1122
f 1122 1187 1123
f 1187 1188 1123
f 1123 1188 1189
f 1123 1189 1124
f 1124 1189 1125
f 1189 1190 1125
f 1125 1190 1191
f 1125 1191 1126
f 1126 1191 1127
f 1191 1192 1127
f 1127 1192 1193
f 1127 1193 1128
f 1128 1193 1129
f 1193 1194 1129
f 1129 1194 1195
f 1129 1195 1130
f 1130 1195 1131
f 1195 1196 1131
f 1131 1196 1197
f 1131 1197 1132
f 1132 1197 1133
f 1197 1198 1133
f 1133 1198 1199
f 1133 1199 1134
f 1134 1199 1135
f 1199 1200 1135
f 1135 1200 1201
f 1135 1201 1136
f 1136 1201 1137
f 1201 1202 1137
f 1137 1202 1203
f 1137 1203 1138
f 1138 1203 1139
f 1203 1204 1139
f 1139 1204 1205
f 1139 1205 1140
f 1140 1205 1141
f 1205 1206 1141
f 1141 1206 1207
f 1141 1207 1142
f 1142 1207 1143
f 1207 1208 1143
f 1143 1208 1209
f 1143 1209 1144
f 1144 1209 1145
f 1209 1210 1145
f 1145 1210 1211
f 1145 1211 1146
f 1146 1211 1147
f 1211 1212 1147
f 1147 1212 1213
f 1147 1213 1148
f 1148 1213 1149
f 1213 1214 1149
f 1149 1214 1215
f 1149 1215 1150
f 1150 1215 1151
f 1215 1216 1151
f 1151 1216 1217
f 1151 1217 1152
f 1152 1217 1153
f 1217 1218 1153
f 1153 1218 1219
f 1153 1219 1154
f 1154 1219 1155
f 1219 1220 1155
f 1155 1220 1221
f 1155 1221 1156
f 1156 1221 1157
f 1221 1222 1157
f 1157 1222 1223
f 1157 1223 1158
f 1158 1223 1159
f 1223 1224 1159
f 1159 1224 1225
f 1159 1225 1160
f 1160 1225 1161
f 1225 1226 1161
f 1161 1226 1227
f 1161 1227 1162
f 1162 1227 1163
f 1227 1228 1163
f 1163 1228 1229
f 1163 1229 1164
f 1164 1229 1165
f 1229 1230 1165
f 1165 1230 1231
f 1165 1231 1166
f 1166 1231 1167
f 1231 1232 1167
f 1167 1232 1233
f 1167 1233 1168
f 1168 1233 1169
f 1233 1234 1169
f 1169 1234 1235
f 1169 1235 1170
f 1171 1236 1237
f 1171 1237 1172
f 1172 1237 1173
f 1237 1238 1173
f 1173 1238 1239
f 1173 1239 1174
f 1174 1239 1175
f 1239 1240 1175
f 1175 1240 1241
f 1175 1241 1176
f 1176 1241 1177
f 1241 1242 1177
f 1177 1242 1243
f 1177 1243 1178
f 1178 1243 1179
f 1243 1244 1179
f 1179 1244 1245
f 1179 1245 1180
f 1180 1245 1181
f 1245 1246 1181
f 1181 1246 1247
f 1181 1247 1182
f 1182 1247 1183
f 1247 1248 1183
f 1183 1248 1249
f 1183 1249 1184
f 1184 1249 1185
f 1249 1250 1185
f 1185 1250 1251
f 1185 1251 1186
f 1186 1251 1187
f 1251 1252 1187
f 1187 1252 1253
f 1187 1253 1188
f 1188 1253 1189
f 1253 1254 1189
f 1189 1254 1255
f 1189 1255 1190
f 1190 1255 1191
f 1255 1256 1191
f 1191 1256 1257
f 1191 1257 1192
f 1192 1257 1193
f 1257 1258 1193
f 1193 1258 1259
f 1193 1259 1194
f 1194 1259 1195
f 1259 1260 1195
f 1195 1260 1261
f 1195 1261 1196
f 1196 1261 1197
f 1261 1262 1197
f 1197 1262 1263
f 1197 1263 1198
f 1198 1263 1199
f 1263 1264 1199
f 1199 1264 1265
f 1199 1265 1200
f 1200 1265 1201
f 1265 1266 1201
f 1201 1266 1267
f 1201 1267 1202
f 1202 1267 1203
f 1267 1268 1203
f 1203 1268 1269
f 1203 1269 1204
f 1204 1269 1205
f 1269 1270 1205
f 1205 1270 1271
f 1205 1271 1206
f 1206 1271 1207
f 1271 1272 1207
f 1207 1272 1273
f 1207 1273 1208
f 1208 1273 1209
f 1273 1274 1209
f 1209 1274 1275
f 1209 1275 1210
f 1210 1275 1211
f 1275 1276 1211
f 1211 1276 1277
f 1211 1277 1212
f 1212 1277 1213
f 1277 1278 1213
f 1213 1278 1279
f 1213 1279 1214
f 1214 1279 1215
f 1279 1280 1215
f 1215 1280 1281
f 1215 1281 1216
f 1216 1281 1217
f 1281 1282 1217
f 1217 1282 1283
f 1217 1283 1218
f 1218 1283 1219
f 1283 1284 1219
f 1219 1284 1285
f 1219 1285 1220
f 1220 1285 1221
f 1285 1286 1221
f 1221 1286 1287
f 1221 1287 1222
f 1222 1287 1223
f 1287 1288 1223
f 1223 1288 1289
f 1223 1289 1224
f 1224 1289 1225
f 1289 1290 1225
f 1225 1290 1291
f 1225 1291 1226
f 1226 1291 1227
f 1291 1292 1227
f 1227 1292 1293
f 1227 1293 1228
f 1228 1293 1229
f 1293 1294 1229
f 1229 1294 1295
f 1229 1295 1230
f 1230 1295 1231
f 1295 1296 1231
f 1231 1296 1297
f 1231 1297 1232
f 1232 1297 1233
f 1297 1298 1233
f 1233 1298 1299
f 1233 1299 1234
f 1234 1299 1235
f 1299 1300 1235
f 1236 1301 1237
f 1301 1302 1237
f 1237 1302 1303
f 1237 1303 1238
f 1238 1303 1239
f 1303 1304 1239
f 1239 1304 1305
f 1239 1305 1240
f 1240 1305 1241
f 1305 1306 1241
f 1241 1306 1307
f 1241 1307 1242
f 1242 1307 1243
f 1307 1308 1243
f 1243 1308 1309
f 1243 1309 1244
f 1244 1309 1245
f 1309 1310 1245
f 1245 1310 1311
f 1245 1311 1246
f 1246 1311 1247
f 1311 1312 1247
f 1247 1312 1313
f 1247 1313 1248
f 1248 1313 1249
f 1313 1314 1249
f 1249 1314 1315
f 1249 1315 1250
f 1250 1315 1251
f 1315 1316 1251
f 1251 1316 1317
f 1251 1317 1252
f 1252 1317 1253
f 1317 1318 1253
f 1253 1318 1319
f 1253 1319 1254
f 1254 1319 1255
f 1319 1320 1255
f 1255 1320 1321
f 1255 1321 1256
f 1256 1321 1257
f 1321 1322 1257
f 1257 1322 1323
f 1257 1323 1258
f 1258 1323 1259
f 1323 1324 1259
f 1259 1324 1325
f 1259 1325 1260
f 1260 1325 1261
f 1325 1326 1261
f 1261 1326 1327
f 1261 1327 1262
f 1262 1327 1263
f 1327 1328 1263
f 1263 1328 1329
f 1263 1329 1264
f 1264 1329 1265
f 1329 1330 1265
f 1265 1330 1331
f 1265 1331 1266
f 1266 1331 1267
f 1331 1332 1267
f 1267 1332 1333
f 1267 1333 1268
f 1268 1333 1269
f 1333 1334 1269
f 1269 1334 1335
f 1269 1335 1270
f 1270 1335 1271
f 1335 1336 1271
f 1271 1336 1337
f 1271 1337 1272
f 1272 1337 1273
f 1337 1338 1273
f 1273 1338 1339
f 1273 1339 1274
f 1274 1339 1275
f 1339 1340 1275
f 1275 1340 1341
f 1275 1341 1276
f 1276 1341 1277
f 1341 1342 1277
f 1277 1342 1343
f 1277 1343 1278
f 1278 1343 1279
f 1343 1344 1279
f 1279 1344 1345
f 1279 1345 1280
f 1280 1345 1281
f 1345 1346 1281
f 1281 1346 1347
f 1281 1347 1282
f 1282 1347 1283
f 1347 1348 1283
f 1283 1348 1349
f 1283 1349 1284
f 1284 1349 1285
f 1349 1350 1285
f 1285 1350 1351
f 1285 1351 1286
f 1286 1351 1287
f 1351 1352 1287
f 1287 1352 1353
f 1287 1353 1288
f 1288 1353 1289
f 1353 1354 1289
f 1289 1354 1355
f 1289 1355 1290
f 1290 1355 1291
f 1355 1356 1291
f 1291 1356 1357
f 1291 1357 1292
f 1292 1357 1293
f 1357 1358 1293
f 1293 1358 1359
f 1293 1359 1294
f 1294 1359 1295
f 1359 1360 1295
f 1295 1360 1361
f 1295 1361 1296
f 1296 1361 1297
f 1361 1362 1297
f 1297 1362 1363
f 1297 1363 1298
f 1298 1363 1299
f 1363 1364 1299
f 1299 1364 1365
f 1299 1365 1300
f 1301 1366 1367
f 1301 1367 1302
f 1302 1367 1303
f 1367 1368 1303
f 1303 1368 1369
f 1303 1369 1304
f 1304 1369 1305
f 1369 1370 1305
f 1305 1370 1371
f 1305 1371 1306
f 1306 1371 1307
f 1371 1372 1307
f 1307 1372 1373
f 1307 1373 1308
f 1308 1373 1309
f 1373 1374 1309
f 1309 1374 1375
f 1309 1375 1310
f 1310 1375 1311
f 1375 1376 1311
f 1311 1376 1377
f 1311 1377 1312
f 1312 1377 1313
f 1377 1378 1313
f 1313 1378 1379
f 1313 1379 1314
f 1314 1379 1315
f 1379 1380 1315
f 1315 1380 1381
f 1315 1381 1316
f 1316 1381 1317
f 1381 1382 1317
f 1317 1382 1383
f 1317 1383 1318
f 1318 1383 1319
f 1383 1384 1319
f 1319 1384 1385
f 1319 1385 1320
f 1320 1385 1321
f 1385 1386 1321
f 1321 1386 1387
f 1321 1387 1322
f 1322 1387 1323
f 1387 1388 1323
f 1323 1388 1389
f 1323 1389 1324
f 1324 1389 1325
f 1389 1390 1325
f 1325 1390 1391
f 1325 1391 1326
f 1326 1391 1327
f 1391 1392 1327
f 1327 1392 1393
f 1327 1393 1328
f 1328 1393 1329
f 1393 1394 1329
f 1329 1394 1395
f 1329 1395 1330
f 1330 1395 1331
f 1395 1396 1331
f 1331 1396 1397
f 1331 1397 1332
f 1332 1397 1333
f 1397 1398 1333
f 1333 1398 1399
f 1333 1399 1334
f 1334 1399 1335
f 1399 1400 1335
f 1335 1400 1401
f 1335 1401 1336
f 1336 1401 1337
f 1401 1402 1337
f 1337 1402 1403
f 1337 1403 1338
f 1338 1403 1339
f 1403 1404 1339
f 1339 1404 1405
f 1339 1405 1340
f 1340 1405 1341
f 1405 1406 1341
f 1341 1406 1407
f 1341 1407 1342
f 1342 1407 1343
f 1407 1408 1343
f 1343 1408 1409
f 1343 1409 1344
f 1344 1409 1345
f 1409 1410 1345
f 1345 1410 1411
f 1345 1411 1346
f 1346 1411 1347
f 1411 1412 1347
f 1347 1412 1413
f 1347 1413 1348
f 1348 1413 1349
f 1413 1414 1349
f 1349 1414 1415
f 1349 1415 1350
f 1350 1415 1351
f 1415 1416 1351
f 1351 1416 1417
f 1351 1417 1352
f 1352 1417 1353
f 1417 1418 1353
f 1353 1418 1419
f 1353 1419 1354
f 1354 1419 1355
f 1419 1420 1355
f 1355 1420 1421
f 1355 1421 1356
f 1356 1421 1357
f 1421 1422 1357
f 1357 1422 1423
f 1357 1423 1358
f 1358 1423 1359
f 1423 1424 1359
f 1359 1424 1425
f 1359 1425 1360
f 1360 1425 1361
f 1425 1426 1361
f 1361 1426 1427
f 1361 1427 1362
f 1362 1427 1363
f 1427 1428 1363
f 1363 1428 1429
f 1363 1429 1364
f 1364 1429 1365
f 1429 1430 1365
f 1366 1431 1367
f 1431 1432 1367
f 1367 1432 1433
f 1367 1433 1368
f 1368 1433 1369
f 1433 1434 1369
f 1369 1434 1435
f 1369 1435 1370
f 1370 1435 1371
f 1435 1436 1371
f 1371 1436 1437
f 1371 1437 1372
f 1372 1437 1373
f 1437 1438 1373
f 1373 1438 1439
f 1373 1439 1374
f 1374 1439 1375
f 1439 1440 1375
f 1375 1440 1441
f 1375 1441 1376
f 1376 1441 1377
f 1441 1442 1377
f 1377 1442 1443
f 1377 1443 1378
f 1378 1443 1379
f 1443 1444 1379
f 1379 1444 1445
f 1379 1445 1380
f 1380 1445 1381
f 1445 1446 1381
f 1381 1446 1447
f 1381 1447 1382
f 1382 1447 1383
f 1447 1448 1383
f 1383 1448 1449
f 1383 1449 1384
f 1384 1449 1385
f 1449 1450 1385
f 1385 1450 1451
f 1385 1451 1386
f 1386 1451 1387
f 1451 1452 1387
f 1387 1452 1453
f 1387 1453 1388
f 1388 1453 1389
f 1453 1454 1389
f 1389 1454 1455
f 1389 1455 1390
f 1390 1455 1391
f 1455 1456 1391
f 1391 1456 1457
f 1391 1457 1392
f 1392 1457 1393
f 1457 1458 1393
f 1393 1458 1459
f 1393 1459 1394
f 1394 1459 1395
f 1459 1460 1395
f 1395 1460 1461
f 1395 1461 1396
f 1396 1461 1397
f 1461 1462 1397
f 1397 1462 1463
f 1397 1463 1398
f 1398 1463 1399
f 1463 1464 1399
f 1399 1464 1465
f 1399 1465 1400
f 1400 1465 1401
f 1465 1466 1401
f 1401 1466 1467
f 1401 1467 1402
f 1402 1467 1403
f 1467 1468 1403
f 1403 1468 1469
f 1403 1469 1404
f 1404 1469 1405
f 1469 1470 1405
f 1405 1470 1471
f 1405 1471 1406
f 1406 1471 1407
f 1471 1472 1407
f 1407 1472 1473
f 1407 1473 1408
f 1408 1473 1409
f 1473 1474 1409
f 1409 1474 1475
f 1409 1475 1410
f 1410 1475 1411
f 1475 1476 1411
f 1411 1476 1477
f 1411 1477 1412
f 1412 1477 1413
f 1477 1478 1413
f 1413 1478 1479
f 1413 1479 1414
f 1414 1479 1415
f 1479 1480 1415
f 1415 1480 1481
f 1415 1481 1416
f 1416 1481 1417
f 1481 1482 1417
f 1417 1482 1483
f 1417 1483 1418
f 1418 1483 1419
f 1483 1484 1419
f 1419 1484 1485
f 1419 1485 1420
f 1420 1485 1421
f 1485 1486 1421
f 1421 1486 1487
f 1421 1487 1422
f 1422 1487 1423
f 1487 1488 1423
f 1423 1488 1489
f 1423 1489 1424
f 1424 1489 1425
f 1489 1490 1425
f 1425 1490 1491
f 1425 1491 1426
f 1426 1491 1427
f 1491 1492 1427
f 1427 1492 1493
f 1427 1493 1428
f 1428 1493 1429
f 1493 1494 1429
f 1429 1494 1495
f 1429 1495 1430
f 1431 1496 1497
f 1431 1497 1432
f 1432 1497 1433
f 1497 1498 1433
f 1433 1498 1499
f 1433 1499 1434
f 1434 1499 1435
f 1499 1500 1435
f 1435 1500 1501
f 1435 1501 1436
f 1436 1501 1437
f 1501 1502 1437
f 1437 1502 1503
f 1437 1503 1438
f 1438 1503 1439
f 1503 1504 1439
f 1439 1504 1505
f 1439 1505 1440
f 1440 1505 1441
f 1505 1506 1441
f 1441 1506 1507
f 1441 1507 1442
f 1442 1507 1443
f 1507 1508 1443
f 1443 1508 1509
f 1443 1509 1444
f 1444 1509 1445
f 1509 1510 1445
f 1445 1510 1511
f 1445 1511 1446
f 1446 1511 1447
f 1511 1512 1447
f 1447 1512 1513
f 1447 1513 1448
f 1448 1513 1449
f 1513 1514 1449
f 1449 1514 1515
f 1449 1515 1450
f 1450 1515 1451
f 1515 1516 1451
f 1451 1516 1517
f 1451 1517 1452
f 1452 1517 1453
f 1517 1518 1453
f 1453 1518 1519
f 1453 1519 1454
f 1454 1519 1455
f 1519 1520 1455
f 1455 1520 1521
f 1455 1521 1456
f 1456 1521 1457
f 1521 1522 1457
f 1457 1522 1523
f 1457 1523 1458
f 1458 1523 1459
f 1523 1524 1459
f 1459 1524 1525
f 1459 1525 1460
f 1460 1525 1461
f 1525 1526 1461
f 1461 1526 1527
f 1461 1527 1462
f 1462 1527 1463
f 1527 1528 1463
f 1463 1528 1529
f 1463 1529 1464
f 1464 1529 1465
f 1529 1530 1465
f 1465 1530 1531
f 1465 1531 1466
f 1466 1531 1467
f 1531 1532 1467
f 1467 1532 1533
f 1467 1533 1468
f 1468 1533 1469
f 1533 1534 1469
f 1469 1534 1535
f 1469 1535 1470
f 1470 1535 1471
f 1535 1536 1471
f 1471 1536 1537
f 1471 1537 1472
f 1472 1537 1473
f 1537 1538 1473
f 1473 1538 1539
f 1473 1539 1474
f 1474 1539 1475
f 1539 1540 1475
f 1475 1540 1541
f 1475 1541 1476
f 1476 1541 1477
f 1541 1542 1477
f 1477 1542 1543
f 1477 1543 1478
f 1478 1543 1479
f 1543 1544 1479
f 1479 1544 1545
f 1479 1545 1480
f 1480 1545 1481
f 1545 1546 1481
f 1481 1546 1547
f 1481 1547 1482
f 1482 1547 1483
f 1547 1548 1483
f 1483 1548 1549
f 1483 1549 1484
f 1484 1549 1485
f 1549 1550 1485
f 1485 1550 1551
f 1485 1551 1486
f 1486 1551 1487
f 1551 1552 1487
f 1487 1552 1553
f 1487 1553 1488
f 1488 1553 1489
f 1553 1554 1489
f 1489 1554 1555
f 1489 1555 1490
f 1490 1555 1491
f 1555 1556 1491
f 1491 1556 1557
f 1491 1557 1492
f 1492 1557 1493
f 1557 1558 1493
f 1493 1558 1559
f 1493 1559 1494
f 1494 1559 1495
f 1559 1560 1495
f 1496 1561 1497
f 1561 1562 1497
f 1497 1562 1563
f 1497 1563 1498
f 1498 1563 1499
f 1563 1564 1499
f 1499 1564 1565
f 1499 1565 1500
f 1500 1565 1501
f 1565 1566 1501
f 1501 1566 1567
f 1501 1567 1502
f 1502 1567 1503
f 1567 1568 1503
f 1503 1568 1569
f 1503 1569 1504
f 1504 1569 1505
f 1569 1570 1505
f 1505 1570 1571
f 1505 1571 1506
f 1506 1571 1507
f 1571 1572 1507
f 1507 1572 1573
f 1507 1573 1508
f 1508 1573 1509
f 1573 1574 1509
f 1509 1574 1575
f 1509 1575 1510
f 1510 1575 1511
f 1575 1576 1511
f 1511 1576 1577
f 1511 1577 1512
f 1512 1577 1513
f 1577 1578 1513
f 1513 1578 1579
f 1513 1579 1514
f 1514 1579 1515
f 1579 1580 1515
f 1515 1580 1581
f 1515 1581 1516
f 1516 1581 1517
f 1581 1582 1517
f 1517 1582 1583
f 1517 1583 1518
f 1518 1583 1519
f 1583 1584 1519
f 1519 1584 1585
f 1519 1585 1520
f 1520 1585 1521
f 1585 1586 1521
f 1521 1586 1587
f 1521 1587 1522
f 1522 1587 1523
f 1587 1588 1523
f 1523 1588 1589
f 1523 1589 1524
f 1524 1589 1525
f 1589 1590 1525
f 1525 1590 1591
f 1525 1591 1526
f 1526 1591 1527
f 1591 1592 1527
f 1527 1592 1593
f 1527 1593 1528
f 1528 1593 1529
f 1593 1594 1529
f 1529 1594 1595
f 1529 1595 1530
f 1530 1595 1531
f 1595 1596 1531
f 1531 1596 1597
f 1531 1597 1532
f 1532 1597 1533
f 1597 1598 1533
f 1533 1598 1599
f 1533 1599 1534
f 1534 1599 1535
f 1599 1600 1535
f 1535 1600 1601
f 1535 1601 1536
f 1536 1601 1537
f 1601 1602 1537
f 1537 1602 1603
f 1537 1603 1538
f 1538 1603 1539
f 1603 1604 1539
f 1539 1604 1605
f 1539 1605 1540
f 1540 1605 1541
f 1605 1606 1541
f 1541 1606 1607
f 1541 1607 1542
f 1542 1607 1543
f 1607 1608 1543
f 1543 1608 1609
f 1543 1609 1544
f 1544 1609 1545
f 1609 1610 1545
f 1545 1610 1611
f 1545 1611 1546
f 1546 1611 1547
f 1611 1612 1547
f 1547 1612 1613
f 1547 1613 1548
f 1548 1613 1549
f 1613 1614 1549
f 1549 1614 1615
f 1549 1615 1550
f 1550 1615 1551
f 1615 1616 1551
f 1551 1616 1617
f 1551 1617 1552
f 1552 1617 1553
f 1617 1618 1553
f 1553 1618 1619
f 1553 1619 1554
f 1554 1619 1555
f 1619 1620 1555
f 1555 1620 1621
f 1555 1621 1556
f 1556 1621 1557
f 1621 1622 1557
f 1557 1622 1623
f 1557 1623 1558
f 1558 1623 1559
f 1623 1624 1559
f 1559 1624 1625
f 1559 1625 1560
f 1561 1626 1627
f 1561 1627 1562
f 1562 1627 1563
f 1627 1628 1563
f 1563 1628 1629
f 1563 1629 1564
f 1564 1629 1565
f 1629 1630 1565
f 1565 1630 1631
f 1565 1631 1566
f 1566 1631 1567
f 1631 1632 1567
f 1567 1632 1633
f 1567 1633 1568
f 1568 1633 1569
f 1633 1634 1569
f 1569 1634 1635
f 1569 1635 1570
f 1570 1635 1571
f 1635 1636 1571
f 1571 1636 1637
f 1571 1637 1572
f 1572 1637 1573
f 1637 1638 1573
f 1573 1638 1639
f 1573 1639 1574
f 1574 1639 1575
f 1639 1640 1575
f 1575 1640 1641
f 1575 1641 1576
f 1576 1641 1577
f 1641 1642 1577
f 1577 1642 1643
f 1577 1643 1578
f 1578 1643 1579
f 1643 1644 1579
f 1579 1644 1645
f 1579 1645 1580
f 1580 1645 1581
f 1645 1646 1581
f 1581 1646 1647
f 1581 1647 1582
f 1582 1647 1583
f 1647 1648 1583
f 1583 1648 1649
f 1583 1649 1584
f 1584 1649 1585
f 1649 1650 1585
f 1585 1650 1651
f 1585 1651 1586
f 1586 1651 1587
f 1651 1652 1587
f 1587 1652 1653
f 1587 1653 1588
f 1588 1653 1589
f 1653 1654 1589
f 1589 1654 1655
f 1589 1655 1590
f 1590 1655 1591
f 1655 1656 1591
f 1591 1656 1657
f 1591 1657 1592
f 1592 1657 1593
f 1657 1658 1593
f 1593 1658 1659
f 1593 1659 1594
f 1594 1659 1595
f 1659 1660 1595
f 1595 1660 1661
f 1595 1661 1596
f 1596 1661 1597
f 1661 1662 1597
f 1597 1662 1663
f 1597 1663 1598
f 1598 1663 1599
f 1663 1664 1599
f 1599 1664 1665
f 1599 1665 1600
f 1600 1665 1601
f 1665 1666 1601
f 1601 1666 1667
f 1601 1667 1602
f 1602 1667 1603
f 1667 1668 1603
f 1603 1668 1669
f 1603 1669 1604
f 1604 1669 1605
f 1669 1670 1605
f 1605 1670 1671
f 1605 1671 1606
f 1606 1671 1607
f 1671 1672 1607
f 1607 1672 1673
f 1607 1673 1608
f 1608 1673 1609
f 1673 1674 1609
f 1609 1674 1675
f 1609 1675 1610
f 1610 1675 1611
f 1675 1676 1611
f 1611 1676 1677
f 1611 1677 1612
f 1612 1677 1613
f 1677 1678 1613
f 1613 1678 1679
f 1613 1679 1614
f 1614 1679 1615
f 1679 1680 1615
f 1615 1680 1681
f 1615 1681 1616
f 1616 1681 1617
f 1681 1682 1617
f 1617 1682 1683
f 1617 1683 1618
f 1618 1683 1619
f 1683 1684 1619
f 1619 1684 1685
f 1619 1685 1620
f 1620 1685 1621
f 1685 1686 1621
f 1621 1686 1687
f 1621 1687 1622
f 1622 1687 1623
f 1687 1688 1623
f 1623 1688 1689
f 1623 1689 1624
f 1624 1689 1625
f 1689 1690 1625
f 1626 1691 1627
f 1691 1692 1627
f 1627 1692 1693
f 1627 1693 1628
f 1628 1693 1629
f 1693 1694 1629
f 1629 1694 1695
f 1629 1695 1630
f 1630 1695 1631
f 1695 1696 1631
f 1631 1696 1697
f 1631 1697 1632
f 1632 1697 1633
f 1697 1698 1633
f 1633 1698 1699
f 1633 1699 1634
f 1634 1699 1635
f 1699 1700 1635
f 1635 1700 1701
f 1635 1701 1636
f 1636 1701 1637
f 1701 1702 1637
f 1637 1702 1703
f 1637 1703 1638
f 1638 1703 1639
f 1703 1704 1639
f 1639 1704 1705
f 1639 1705 1640
f 1640 1705 1641
f 1705 1706 1641
f 1641 1706 1707
f 1641 1707 1642
f 1642 1707 1643
f 1707 1708 1643
f 1643 1708 1709
f 1643 1709 1644
f 1644 1709 1645
f 1709 1710 1645
f 1645 1710 1711
f 1645 1711 1646
f 1646 1711 1647
f 1711 1712 1647
f 1647 1712 1713
f 1647 1713 1648
f 1648 1713 1649
f 1713 1714 1649
f 1649 1714 1715
f 1649 1715 1650
f 1650 1715 1651
f 1715 1716 1651
f 1651 1716 1717
f 1651 1717 1652
f 1652 1717 1653
f 1717 1718 1653
f 1653 1718 1719
f 1653 1719 1654
f 1654 1719 1655
f 1719 1720 1655
f 1655 1720 1721
f 1655 1721 1656
f 1656 1721 1657
f 1721 1722 1657
f 1657 1722 1723
f 1657 1723 1658
f 1658 1723 1659
f 1723 1724 1659
f 1659 1724 1725
f 1659 1725 1660
f 1660 1725 1661
f 1725 1726 1661
f 1661 1726 1727
f 1661 1727 1662
f 1662 1727 1663
f 1727 1728 1663
f 1663 1728 1729
f 1663 1729 1664
f 1664 1729 1665
f 1729 1730 1665
f 1665 1730 1731
f 1665 1731 1666
f 1666 1731 1667
f 1731 1732 1667
f 1667 1732 1733
f 1667 1733 1668
f 1668 1733 1669
f 1733 1734 1669
f 1669 1734 1735
f 1669 1735 1670
f 1670 1735 1671
f 1735 1736 1671
f 1671 1736 1737
f 1671 1737 1672
f 1672 1737 1673
f 1737 1738 1673
f 1673 1738 1739
f 1673 1739 1674
f 1674 1739 1675
f 1739 1740 1675
f 1675 1740 1741
f 1675 1741 1676
f 1676 1741 1677
f 1741 1742 1677
f 1677 1742 1743
f 1677 1743 1678
f 1678 1743 1679
f 1743 1744 1679
f 1679 1744 1745
f 1679 1745 1680
f 1680 1745 1681
f 1745 1746 1681
f 1681 1746 1747
f 1681 1747 1682
f 1682 1747 1683
f 1747 1748 1683
f 1683 1748 1749
f 1683 1749 1684
f 1684 1749 1685
f 1749 1750 1685
f 1685 1750 1751
f 1685 1751 1686
f 1686 1751 1687
f 1751 1752 1687
f 1687 1752 1753
f 1687 1753 1688
f 1688 1753 1689
f 1753 1754 1689
f 1689 1754 1755
f 1689 1755 1690
f 1691 1756 1757
f 1691 1757 1692
f 1692 1757 1693
f 1757 1758 1693
f 1693 1758 1759
f 1693 1759 1694
f 1694 1759 1695
f 1759 1760 1695
f 1695 1760 1761
f 1695 1761 1696
f 1696 1761 1697
f 1761 1762 1697
f 1697 1762 1763
f 1697 1763 1698
f 1698 1763 1699
f 1763 1764 1699
f 1699 1764 1765
f 1699 1765 1700
f 1700 1765 1701
f 1765 1766 1701
f 1701 1766 1767
f 1701 1767 1702
f 1702 1767 1703
f 1767 1768 1703
f 1703 1768 1769
f 1703 1769 1704
f 1704 1769 1705
f 1769 1770 1705
f 1705 1770 1771
f 1705 1771 1706
f 1706 1771 1707
f 1771 1772 1707
f 1707 1772 1773
f 1707 1773 1708
f 1708 1773 1709
f 1773 1774 1709
f 1709 1774 1775
f 1709 1775 1710
f 1710 1775 1711
f 1775 1776 1711
f 1711 1776 1777
f 1711 1777 1712
f 1712 1777 1713
f 1777 1778 1713
f 1713 1778 1779
f 1713 1779 1714
f 1714 1779 1715
f 1779 1780 1715
f 1715 1780 1781
f 1715 1781 1716
f 1716 1781 1717
f 1781 1782 1717
f 1717 1782 1783
f 1717 1783 1718
f 1718 1783 1719
f 1783 1784 1719
f 1719 1784 1785
f 1719 1785 1720
f 1720 1785 1721
f 1785 1786 1721
f 1721 1786 1787
f 1721 1787 1722
f 1722 1787 1723
f 1787 1788 1723
f 1723 1788 1789
f 1723 1789 1724
f 1724 1789 1725
f 1789 1790 1725
f 1725 1790 1791
f 1725 1791 1726
f 1726 1791 1727
f 1791 1792 1727
f 1727 1792 1793
f 1727 1793 1728
f 1728 1793 1729
f 1793 1794 1729
f 1729 1794 1795
f 1729 1795 1730
f 1730 1795 1731
f 1795 1796 1731
f 1731 1796 1797
f 1731 1797 1732
f 1732 1797 1733
f 1797 1798 1733
f 1733 1798 1799
f 1733 1799 1734
f 1734 1799 1735
f 1799 1800 1735
f 1735 1800 1801
f 1735 1801 1736
f 1736 1801 1737
f 1801 1802 1737
f 1737 1802 1803
f 1737 1803 1738
f 1738 1803 1739
f 1803 1804 1739
f 1739 1804 1805
f 1739 1805 1740
f 1740 1805 1741
f 1805 1806 1741
f 1741 1806 1807
f 1741 1807 1742
f 1742 1807 1743
f 1807 1808 1743
f 1743 1808 1809
f 1743 1809 1744
f 1744 1809 1745
f 1809 1810 1745
f 1745 1810 1811
f 1745 1811 1746
f 1746 1811 1747
f 1811 1812 1747
f 1747 1812 1813
f 1747 1813 1748
f 1748 1813 1749
f 1813 1814 1749
f 1749 1814 1815
f 1749 1815 1750
f 1750 1815 1751
f 1815 1816 1751
f 1751 1816 1817
f 1751 1817 1752
f 1752 1817 1753
f 1817 1818 1753
f 1753 1818 1819
f 1753 1819 1754
f 1754 1819 1755
f 1819 1820 1755
f 1756 1821 1757
f 1821 1822 1757
f 1757 1822 1823
f 1757 1823 1758
f 1758 1823 1759
f 1823 1824 1759
f 1759 1824 1825
f 1759 1825 1760
f 1760 1825 1761
f 1825 1826 1761
f 1761 1826 1827
f 1761 1827 1762
f 1762 1827 1763
f 1827 1828 1763
f 1763 1828 1829
f 1763 1829 1764
f 1764 1829 1765
f 1829 1830 1765
f 1765 1830 1831
f 1765 1831 1766
f 1766 1831 1767
f 1831 1832 1767
f 1767 1832 1833
f 1767 1833 1768
f 1768 1833 1769
f 1833 1834 1769
f 1769 1834 1835
f 1769 1835 1770
f 1770 1835 1771
f 1835 1836 1771
f 1771 1836 1837
f 1771 1837 1772
f 1772 1837 1773
f 1837 1838 1773
f 1773 1838 1839
f 1773 1839 1774
f 1774 1839 1775
f 1839 1840 1775
f 1775 1840 1841
f 1775 1841 1776
f 1776 1841 1777
f 1841 1842 1777
f 1777 1842 1843
f 1777 1843 1778
f 1778 1843 1779
f 1843 1844 1779
f 1779 1844 1845
f 1779 1845 1780
f 1780 1845 1781
f 1845 1846 1781
f 1781 1846 1847
f 1781 1847 1782
f 1782 1847 1783
f 1847 1848 1783
f 1783 1848 1849
f 1783 1849 1784
f 1784 1849 1785
f 1849 1850 1785
f 1785 1850 1851
f 1785 1851 1786
f 1786 1851 1787
f 1851 1852 1787
f 1787 1852 1853
f 1787 1853 1788
f 1788 1853 1789
f 1853 1854 1789
f 1789 1854 1855
f 1789 1855 1790
f 1790 1855 1791
f 1855 1856 1791
f 1791 1856 1857
f 1791 1857 1792
f 1792 1857 1793
f 1857 1858 1793
f 1793 1858 1859
f 1793 1859 1794
f 1794 1859 1795
f 1859 1860 1795
f 1795 1860 1861
f 1795 1861 1796
f 1796 1861 1797
f 1861 1862 1797
f 1797 1862 1863
f 1797 1863 1798
f 1798 1863 1799
f 1863 1864 1799
f 1799 1864 1865
f 1799 1865 1800
f 1800 1865 1801
f 1865 1866 1801
f 1801 1866 1867
f 1801 1867 1802
f 1802 1867 1803
f 1867 1868 1803
f 1803 1868 1869
f 1803 1869 1804
f 1804 1869 1805
f 1869 1870 1805
f 1805 1870 1871
f 1805 1871 1806
f 1806 1871 1807
f 1871 1872 1807
f 1807 1872 1873
f 1807 1873 1808
f 1808 1873 1809
f 1873 1874 1809
f 1809 1874 1875
f 1809 1875 1810
f 1810 1875 1811
f 1875 1876 1811
f 1811 1876 1877
f 1811 1877 1812
f 1812 1877 1813
f 1877 1878 1813
f 1813 1878 1879
f 1813 1879 1814
f 1814 1879 1815
f 1879 1880 1815
f 1815 1880 1881
f 1815 1881 1816
f 1816 1881 1817
f 1881 1882 1817
f 1817 1882 1883
f 1817 1883 1818
f 1818 1883 1819
f 1883 1884 1819
f 1819 1884 1885
f 1819 1885 1820
f 1821 1886 1887
f 1821 1887 1822
f 1822 1887 1823
f 1887 1888 1823
f 1823 1888 1889
f 1823 1889 1824
f 1824 1889 1825
f 1889 1890 1825
f 1825 1890 1891
f 1825 1891 1826
f 1826 1891 1827
f 1891 1892 1827
f 1827 1892 1893
f 1827 1893 1828
f 1828 1893 1829
f 1893 1894 1829
f 1829 1894 1895
f 1829 1895 1830
f 1830 1895 1831
f 1895 1896 1831
f 1831 1896 1897
f 1831 1897 1832
f 1832 1897 1833
f 1897 1898 1833
f 1833 1898 1899
f 1833 1899 1834
f 1834 1899 1835
f 1899 1900 1835
f 1835 1900 1901
f 1835 1901 1836
f 1836 1901 1837
f 1901 1902 1837
f 1837 1902 1903
f 1837 1903 1838
f 1838 1903 1839
f 1903 1904 1839
f 1839 1904 1905
f 1839 1905 1840
f 1840 1905 1841
f 1905 1906 1841
f 1841 1906 1907
f 1841 1907 1842
f 1842 1907 1843
f 1907 1908 1843
f 1843 1908 1909
f 1843 1909 1844
f 1844 1909 1845
f 1909 1910 1845
f 1845 1910 1911
f 1845 1911 1846
f 1846 1911 1847
f 1911 1912 1847
f 1847 1912 1913
f 1847 1913 1848
f 1848 1913 1849
f 1913 1914 1849
f 1849 1914 1915
f 1849 1915 1850
f 1850 1915 1851
f 1915 1916 1851
f 1851 1916 1917
f 1851 1917 1852
f 1852 1917 1853
f 1917 1918 1853
f 1853 1918 1919
f 1853 1919 1854
f 1854 1919 1855
f 1919 1920 1855
f 1855 1920 1921
f 1855 1921 1856
f 1856 1921 1857
f 1921 1922 1857
f 1857 1922 1923
f 1857 1923 1858
f 1858 1923 1859
f 1923 1924 1859
f 1859 1924 1925
f 1859 1925 1860
f 1860 1925 1861
f 1925 1926 1861
f 1861 1926 1927
f 1861 1927 1862
f 1862 1927 1863
f 1927 1928 1863
f 1863 1928 1929
f 1863 1929 1864
f 1864 1929 1865
f 1929 1930 1865
f 1865 1930 1931
f 1865 1931 1866
f 1866 1931 1867
f 1931 1932 1867
f 1867 1932 1933
f 1867 1933 1868
f 1868 1933 1869
f 1933 1934 1869
f 1869 1934 1935
f 1869 1935 1870
f 1870 1935 1871
f 1935 1936 1871
f 1871 1936 1937
f 1871 1937 1872
f 1872 1937 1873
f 1937 1938 1873
f 1873 1938 1939
f 1873 1939 1874
f 1874 1939 1875
f 1939 1940 1875
f 1875 1940 1941
f 1875 1941 1876
f 1876 1941 1877
f 1941 1942 1877
f 1877 1942 1943
f 1877 1943 1878
f 1878 1943 1879
f 1943 1944 1879
f 1879 1944 1945
f 1879 1945 1880
f 1880 1945 1881
f 1945 1946 1881
f 1881 1946 1947
f 1881 1947 1882
f 1882 1947 1883
f 1947 1948 1883
f 1883 1948 1949
f 1883 1949 1884
f 1884 1949 1885
f 1949 1950 1885
f 1886 1951 1887
f 1951 1952 1887
f 1887 1952 1953
f 1887 1953 1888
f 1888 1953 1889
f 1953 1954 1889
f 1889 1954 1955
f 1889 1955 1890
f 1890 1955 1891
f 1955 1956 1891
f 1891 1956 1957
f 1891 1957 1892
f 1892 1957 1893
f 1957 1958 1893
f 1893 1958 1959
f 1893 1959 1894
f 1894 1959 1895
f 1959 1960 1895
f 1895 1960 1961
f 1895 1961 1896
f 1896 1961 1897
f 1961 1962 1897
f 1897 1962 1963
f 1897 1963 1898
f 1898 1963 1899
f 1963 1964 1899
f 1899 1964 1965
f 1899 1965 1900
f 1900 1965 1901
f 1965 1966 1901
f 1901 1966 1967
f 1901 1967 1902
f 1902 1967 1903
f 1967 1968 1903
f 1903 1968 1969
f 1903 1969 1904
f 1904 1969 1905
f 1969 1970 1905
f 1905 1970 1971
f 1905 1971 1906
f 1906 1971 1907
f 1971 1972 1907
f 1907 1972 1973
f 1907 1973 1908
f 1908 1973 1909
f 1973 1974 1909
f 1909 1974 1975
f 1909 1975 1910
f 1910 1975 1911
f 1975 1976 1911
f 1911 1976 1977
f 1911 1977 1912
f 1912 1977 1913
f 1977 1978 1913
f 1913 1978 1979
f 1913 1979 1914
f 1914 1979 1915
f 1979 1980 1915
f 1915 1980 1981
f 1915 1981 1916
f 1916 1981 1917
f 1981 1982 1917
f 1917 1982 1983
f 1917 1983 1918
f 1918 1983 1919
f 1983 1984 1919
f 1919 1984 1985
f 1919 1985 1920
f 1920 1985 1921
f 1985 1986 1921
f 1921 1986 1987
f 1921 1987 1922
f 1922 1987 1923
f 1987 1988 1923
f 1923 1988 1989
f 1923 1989 1924
f 1924 1989 1925
f 1989 1990 1925
f 1925 1990 1991
f 1925 1991 1926
f 1926 1991 1927
f 1991 1992 1927
f 1927 1992 1993
f 1927 1993 1928
f 1928 1993 1929
f 1993 1994 1929
f 1929 1994 1995
f 1929 1995 1930
f 1930 1995 1931
f 1995 1996 1931
f 1931 1996 1997
f 1931 1997 1932
f 1932 1997 1933
f 1997 1998 1933
f 1933 1998 1999
f 1933 1999 1934
f 1934 1999 1935
f 1999 2000 1935
f 1935 2000 2001
f 1935 2001 1936
f 1936 2001 1937
f 2001 2002 1937
f 1937 2002 2003
f 1937 2003 1938
f 1938 2003 1939
f 2003 2004 1939
f 1939 2004 2005
f 1939 2005 1940
f 1940 2005 1941
f 2005 2006 1941
f 1941 2006 2007
f 1941 2007 1942
f 1942 2007 1943
f 2007 2008 1943
f 1943 2008 2009
f 1943 2009 1944
f 1944 2009 1945
f 2009 2010 1945
f 1945 2010 2011
f 1945 2011 1946
f 1946 2011 1947
f 2011 2012 1947
f 1947 2012 2013
f 1947 2013 1948
f 1948 2013 1949
f 2013 2014 1949
f 1949 2014 2015
f 1949 2015 1950
f 1951 2016 2017
f 1951 2017 1952
f 1952 2017 1953
f 2017 2018 1953
f 1953 2018 2019
f 1953 2019 1954
f 1954 2019 1955
f 2019 2020 1955
f 1955 2020 2021
f 1955 2021 1956
f 1956 2021 1957
f 2021 2022 1957
f 1957 2022 2023
f 1957 2023 1958
f 1958 2023 1959
f 2023 2024 1959
f 1959 2024 2025
f 1959 2025 1960
f 1960 2025 1961
f 2025 2026 1961
f 1961 2026 2027
f 1961 2027 1962
f 1962 2027 1963
f 2027 2028 1963
f 1963 2028 2029
f 1963 2029 1964
f 1964 2029 1965
f 2029 2030 1965
f 1965 2030 2031
f 1965 2031 1966
f 1966 2031 1967
f 2031 2032 1967
f 1967 2032 2033
f 1967 2033 1968
f 1968 2033 1969
f 2033 2034 1969
f 1969 2034 2035
f 1969 2035 1970
f 1970 2035 1971
f 2035 2036 1971
f 1971 2036 2037
f 1971 2037 1972
f 1972 2037 1973
f 2037 2038 1973
f 1973 2038 2039
f 1973 2039 1974
f 1974 2039 1975
f 2039 2040 1975
f 1975 2040 2041
f 1975 2041 1976
f 1976 2041 1977
f 2041 2042 1977
f 1977 2042 2043
f 1977 2043 1978
f 1978 2043 1979
f 2043 2044 1979
f 1979 2044 2045
f 1979 2045 1980
f 1980 2045 1981
f 2045 2046 1981
f 1981 2046 2047
f 1981 2047 1982
f 1982 2047 1983
f 2047 2048 1983
f 1983 2048 2049
f 1983 2049 1984
f 1984 2049 1985
f 2049 2050 1985
f 1985 2050 2051
f 1985 2051 1986
f 1986 2051 1987
f 2051 2052 1987
f 1987 2052 2053
f 1987 2053 1988
f 1988 2053 1989
f 2053 2054 1989
f 1989 2054 2055
f 1989 2055 1990
f 1990 2055 1991
f 2055 2056 1991
f 1991 2056 2057
f 1991 2057 1992
f 1992 2057 1993
f 2057 2058 1993
f 1993 2058 2059
f 1993 2059 1994
f 1994 2059 1995
f 2059 2060 1995
f 1995 2060 2061
f 1995 2061 1996
f 1996 2061 1997
f 2061 2062 1997
f 1997 2062 2063
f 1997 2063 1998
f 1998 2063 1999
f 2063 2064 1999
f 1999 2064 2065
f 1999 2065 2000
f 2000 2065 2001
f 2065 2066 2001
f 2001 2066 2067
f 2001 2067 2002
f 2002 2067 2003
f 2067 2068 2003
f 2003 2068 2069
f 2003 2069 2004
f 2004 2069 2005
f 2069 2070 2005
f 2005 2070 2071
f 2005 2071 2006
f 2006 2071 2007
f 2071 2072 2007
f 2007 2072 2073
f 2007 2073 2008
f 2008 2073 2009
f 2073 2074 2009
f 2009 2074 2075
f 2009 2075 2010
f 2010 2075 2011
f 2075 2076 2011
f 2011 2076 2077
f 2011 2077 2012
f 2012 2077 2013
f 2077 2078 2013
f 2013 2078 2079
f 2013 2079 2014
f 2014 2079 2015
f 2079 2080 2015
f 2016 2081 2017
f 2081 2082 2017
f 2017 2082 2083
f 2017 2083 2018
f 2018 2083 2019
f 2083 2084 2019
f 2019 2084 2085
f 2019 2085 2020
f 2020 2085 2021
f 2085 2086 2021
f 2021 2086 2087
f 2021 2087 2022
f 2022 2087 2023
f 2087 2088 2023
f 2023 2088 2089
f 2023 2089 2024
f 2024 2089 2025
f 2089 2090 2025
f 2025 2090 2091
f 2025 2091 2026
f 2026 2091 2027
f 2091 2092 2027
f 2027 2092 2093
f 2027 2093 2028
f 2028 2093 2029
f 2093 2094 2029
f 2029 2094 2095
f 2029 2095 2030
f 2030 2095 2031
f 2095 2096 2031
f 2031 2096 2097
f 2031 2097 2032
f 2032 2097 2033
f 2097 2098 2033
f 2033 2098 2099
f 2033 2099 2034
f 2034 2099 2035
f 2099 2100 2035
f 2035 2100 2101
f 2035 2101 2036
f 2036 2101 2037
f 2101 2102 2037
f 2037 2102 2103
f 2037 2103 2038
f 2038 2103 2039
f 2103 2104 2039
f 2039 2104 2105
f 2039 2105 2040
f 2040 2105 2041
f 2105 2106 2041
f 2041 2106 2107
f 2041 2107 2042
f 2042 2107 2043
f 2107 2108 2043
f 2043 2108 2109
f 2043 2109 2044
f 2044 2109 2045
f 2109 2110 2045
f 2045 2110 2111
f 2045 2111 2046
f 2046 2111 2047
f 2111 2112 2047
f 2047 2112 2113
f 2047 2113 2048
f 2048 2113 2049
f 2113 2114 2049
f 2049 2114 2115
f 2049 2115 2050
f 2050 2115 2051
f 2115 2116 2051
f 2051 2116 2117
f 2051 2117 2052
f 2052 2117 2053
f 2117 2118 2053
f 2053 2118 2119
f 2053 2119 2054
f 2054 2119 2055
f 2119 2120 2055
f 2055 2120 2121
f 2055 2121 2056
f 2056 2121 2057
f 2121 2122 2057
f 2057 2122 2123
f 2057 2123 2058
f 2058 2123 2059
f 2123 2124 2059
f 2059 2124 2125
f 2059 2125 2060
f 2060 2125 2061
f 2125 2126 2061
f 2061 2126 2127
f 2061 2127 2062
f 2062 2127 2063
f 2127 2128 2063
f 2063 2128 2129
f 2063 2129 2064
f 2064 2129 2065
f 2129 2130 2065
f 2065 2130 2131
f 2065 2131 2066
f 2066 2131 2067
f 2131 2132 2067
f 2067 2132 2133
f 2067 2133 2068
f 2068 2133 2069
f 2133 2134 2069
f 2069 2134 2135
f 2069 2135 2070
f 2070 2135 2071
f 2135 2136 2071
f 2071 2136 2137
f 2071 2137 2072
f 2072 2137 2073
f 2137 2138 2073
f 2073 2138 2139
f 2073 2139 2074
f 2074 2139 2075
f 2139 2140 2075
f 2075 2140 2141
f 2075 2141 2076
f 2076 2141 2077
f 2141 2142 2077
f 2077 2142 2143
f 2077 2143 2078
f 2078 2143 2079
f 2143 2144 2079
f 2079 2144 2145
f 2079 2145 2080
f 2081 2146 2147
f 2081 2147 2082
f 2082 2147 2083
f 2147 2148 2083
f 2083 2148 2149
f 2083 2149 2084
f 2084 2149 2085
f 2149 2150 2085
f 2085 2150 2151
f 2085 2151 2086
f 2086 2151 2087
f 2151 2152 2087
f 2087 2152 2153
f 2087 2153 2088
f 2088 2153 2089
f 2153 2154 2089
f 2089 2154 2155
f 2089 2155 2090
f 2090 2155 2091
f 2155 2156 2091
f 2091 2156 2157
f 2091 2157 2092
f 2092 2157 2093
f 2157 2158 2093
f 2093 2158 2159
f 2093 2159 2094
f 2094 2159 2095
f 2159 2160 2095
f 2095 2160 2161
f 2095 2161 2096
f 2096 2161 2097
f 2161 2162 2097
f 2097 2162 2163
f 2097 2163 2098
f 2098 2163 2099
f 2163 2164 2099
f 2099 2164 2165
f 2099 2165 2100
f 2100 2165 2101
f 2165 2166 2101
f 2101 2166 2167
f 2101 2167 2102
f 2102 2167 2103
f 2167 2168 2103
f 2103 2168 2169
f 2103 2169 2104
f 2104 2169 2105
f 2169 2170 2105
f 2105 2170 2171
f 2105 2171 2106
f 2106 2171 2107
f 2171 2172 2107
f 2107 2172 2173
f 2107 2173 2108
f 2108 2173 2109
f 2173 2174 2109
f 2109 2174 2175
f 2109 2175 2110
f 2110 2175 2111
f 2175 2176 2111
f 2111 2176 2177
f 2111 2177 2112
f 2112 2177 2113
f 2177 2178 2113
f 2113 2178 2179
f 2113 2179 2114
f 2114 2179 2115
f 2179 2180 2115
f 2115 2180 2181
f 2115 2181 2116
f 2116 2181 2117
f 2181 2182 2117
f 2117 2182 2183
f 2117 2183 2118
f 2118 2183 2119
f 2183 2184 2119
f 2119 2184 2185
f 2119 2185 2120
f 2120 2185 2121
f 2185 2186 2121
f 2121 2186 2187
f 2121 2187 2122
f 2122 2187 2123
f 2187 2188 2123
f 2123 2188 2189
f 2123 2189 2124
f 2124 2189 2125
f 2189 2190 2125
f 2125 2190 2191
f 2125 2191 2126
f 2126 2191 2127
f 2191 2192 2127
f 2127 2192 2193
f 2127 2193 2128
f 2128 2193 2129
f 2193 2194 2129
f 2129 2194 2195
f 2129 2195 2130
f 2130 2195 2131
f 2195 2196 2131
f 2131 2196 2197
f 2131 2197 2132
f 2132 2197 2133
f 2197 2198 2133
f 2133 2198 2199
f 2133 2199 2134
f 2134 2199 2135
f 2199 2200 2135
f 2135 2200 2201
f 2135 2201 2136
f 2136 2201 2137
f 2201 2202 2137
f 2137 2202 2203
f 2137 2203 2138
f 2138 2203 2139
f 2203 2204 2139
f 2139 2204 2205
f 2139 2205 2140
f 2140 2205 2141
f 2205 2206 2141
f 2141 2206 2207
f 2141 2207 2142
f 2142 2207 2143
f 2207 2208 2143
f 2143 2208 2209
f 2143 2209 2144
f 2144 2209 2145
f 2209 2210 2145
f 2146 2211 2147
f 2211 2212 2147
f 2147 2212 2213
f 2147 2213 2148
f 2148 2213 2149
f 2213 2214 2149
f 2149 2214 2215
f 2149 2215 2150
f 2150 2215 2151
f 2215 2216 2151
f 2151 2216 2217
f 2151 2217 2152
f 2152 2217 2153
f 2217 2218 2153
f 2153 2218 2219
f 2153 2219 2154
f 2154 2219 2155
f 2219 2220 2155
f 2155 2220 2221
f 2155 2221 2156
f 2156 2221 2157
f 2221 2222 2157
f 2157 2222 2223
f 2157 2223 2158
f 2158 2223 2159
f 2223 2224 2159
f 2159 2224 2225
f 2159 2225 2160
f 2160 2225 2161
f 2225 2226 2161
f 2161 2226 2227
f 2161 2227 2162
f 2162 2227 2163
f 2227 2228 2163
f 2163 2228 2229
f 2163 2229 2164
f 2164 2229 2165
f 2229 2230 2165
f 2165 2230 2231
f 2165 2231 2166
f 2166 2231 2167
f 2231 2232 2167
f 2167 2232 2233
f 2167 2233 2168
f 2168 2233 2169
f 2233 2234 2169
f 2169 2234 2235
f 2169 2235 2170
f 2170 2235 2171
f 2235 2236 2171
f 2171 2236 2237
f 2171 2237 2172
f 2172 2237 2173
f 2237 2238 2173
f 2173 2238 2239
f 2173 2239 2174
f 2174 2239 2175
f 2239 2240 2175
f 2175 2240 2241
f 2175 2241 2176
f 2176 2241 2177
f 2241 2242 2177
f 2177 2242 2243
f 2177 2243 2178
f 2178 2243 2179
f 2243 2244 2179
f 2179 2244 2245
f 2179 2245 2180
f 2180 2245 2181
f 2245 2246 2181
f 2181 2246 2247
f 2181 2247 2182
f 2182 2247 2183
f 2247 2248 2183
f 2183 2248 2249
f 2183 2249 2184
f 2184 2249 2185
f 2249 2250 2185
f 2185 2250 2251
f 2185 2251 2186
f 2186 2251 2187
f 2251 2252 2187
f 2187 2252 2253
f 2187 2253 2188
f 2188 2253 2189
f 2253 2254 2189
f 2189 2254 2255
f 2189 2255 2190
f 2190 2255 2191
f 2255 2256 2191
f 2191 2256 2257
f 2191 2257 2192
f 2192 2257 2193
f 2257 2258 2193
f 2193 2258 2259
f 2193 2259 2194
f 2194 2259 2195
f 2259 2260 2195
f 2195 2260 2261
f 2195 2261 2196
f 2196 2261 2197
f 2261 2262 2197
f 2197 2262 2263
f 2197 2263 2198
f 2198 2263 2199
f 2263 2264 2199
f 2199 2264 2265
f 2199 2265 2200
f 2200 2265 2201
f 2265 2266 2201
f 2201 2266 2267
f 2201 2267 2202
f 2202 2267 2203
f 2267 2268 2203
f 2203 2268 2269
f 2203 2269 2204
f 2204 2269 2205
f 2269 2270 2205
f 2205 2270 2271
f 2205 2271 2206
f 2206 2271 2207
f 2271 2272 2207
f 2207 2272 2273
f 2207 2273 2208
f 2208 2273 2209
f 2273 2274 2209
f 2209 2274 2275
f 2209 2275 2210
f 2211 2276 2277
f 2211 2277 2212
f 2212 2277 2213
f 2277 2278 2213
f 2213 2278 2279
f 2213 2279 2214
f 2214 2279 2215
f 2279 2280 2215
f 2215 2280 2281
f 2215 2281 2216
f 2216 2281 2217
f 2281 2282 2217
f 2217 2282 2283
f 2217 2283 2218
f 2218 2283 2219
f 2283 2284 2219
f 2219 2284 2285
f 2219 2285 2220
f 2220 2285 2221
f 2285 2286 2221
f 2221 2286 2287
f 2221 2287 2222
f 2222 2287 2223
f 2287 2288 2223
f 2223 2288 2289
f 2223 2289 2224
f 2224 2289 2225
f 2289 2290 2225
f 2225 2290 2291
f 2225 2291 2226
f 2226 2291 2227
f 2291 2292 2227
f 2227 2292 2293
f 2227 2293 2228
f 2228 2293 2229
f 2293 2294 2229
f 2229 2294 2295
f 2229 2295 2230
f 2230 2295 2231
f 2295 2296 2231
f 2231 2296 2297
f 2231 2297 2232
f 2232 2297 2233
f 2297 2298 2233
f 2233 2298 2299
f 2233 2299 2234
f 2234 2299 2235
f 2299 2300 2235
f 2235 2300 2301
f 2235 2301 2236
f 2236 2301 2237
f 2301 2302 2237
f 2237 2302 2303
f 2237 2303 2238
f 2238 2303 2239
f 2303 2304 2239
f 2239 2304 2305
f 2239 2305 2240
f 2240 2305 2241
f 2305 2306 2241
f 2241 2306 2307
f 2241 2307 2242
f 2242 2307 2243
f 2307 2308 2243
f 2243 2308 2309
f 2243 2309 2244
f 2244 2309 2245
f 2309 2310 2245
f 2245 2310 2311
f 2245 2311 2246
f 2246 2311 2247
f 2311 2312 2247
f 2247 2312 2313
f 2247 2313 2248
f 2248 2313 2249
f 2313 2314 2249
f 2249 2314 2315
f 2249 2315 2250
f 2250 2315 2251
f 2315 2316 2251
f 2251 2316 2317
f 2251 2317 2252
f 2252 2317 2253
f 2317 2318 2253
f 2253 2318 2319
f 2253 2319 2254
f 2254 2319 2255
f 2319 2320 2255
f 2255 2320 2321
f 2255 2321 2256
f 2256 2321 2257
f 2321 2322 2257
f 2257 2322 2323
f 2257 2323 2258
f 2258 2323 2259
f 2323 2324 2259
f 2259 2324 2325
f 2259 2325 2260
f 2260 2325 2261
f 2325 2326 2261
f 2261 2326 2327
f 2261 2327 2262
f 2262 2327 2263
f 2327 2328 2263
f 2263 2328 2329
f 2263 2329 2264
f 2264 2329 2265
f 2329 2330 2265
f 2265 2330 2331
f 2265 2331 2266
f 2266 2331 2267
f 2331 2332 2267
f 2267 2332 2333
f 2267 2333 2268
f 2268 2333 2269
f 2333 2334 2269
f 2269 2334 2335
f 2269 2335 2270
f 2270 2335 2271
f 2335 2336 2271
f 2271 2336 2337
f 2271 2337 2272
f 2272 2337 2273
f 2337 2338 2273
f 2273 2338 2339
f 2273 2339 2274
f 2274 2339 2275
f 2339 2340 2275
f 2276 2341 2277
f 2341 2342 2277
f 2277 2342 2343
f 2277 2343 2278
f 2278 2343 2279
f 2343 2344 2279
f 2279 2344 2345
f 2279 2345 2280
f 2280 2345 2281
f 2345 2346 2281
f 2281 2346 2347
f 2281 2347 2282
f 2282 2347 2283
f 2347 2348 2283
f 2283 2348 2349
f 2283 2349 2284
f 2284 2349 2285
f 2349 2350 2285
f 2285 2350 2351
f 2285 2351 2286
f 2286 2351 2287
f 2351 2352 2287
f 2287 2352 2353
f 2287 2353 2288
f 2288 2353 2289
f 2353 2354 2289
f 2289 2354 2355
f 2289 2355 2290
f 2290 2355 2291
f 2355 2356 2291
f 2291 2356 2357
f 2291 2357 2292
f 2292 2357 2293
f 2357 2358 2293
f 2293 2358 2359
f 2293 2359 2294
f 2294 2359 2295
f 2359 2360 2295
f 2295 2360 2361
f 2295 2361 2296
f 2296 2361 2297
f 2361 2362 2297
f 2297 2362 2363
f 2297 2363 2298
f 2298 2363 2299
f 2363 2364 2299
f 2299 2364 2365
f 2299 2365 2300
f 2300 2365 2301
f 2365 2366 2301
f 2301 2366 2367
f 2301 2367 2302
f 2302 2367 2303
f 2367 2368 2303
f 2303 2368 2369
f 2303 2369 2304
f 2304 2369 2305
f 2369 2370 2305
f 2305 2370 2371
f 2305 2371 2306
f 2306 2371 2307
f 2371 2372 2307
f 2307 2372 2373
f 2307 2373 2308
f 2308 2373 2309
f 2373 2374 2309
f 2309 2374 2375
f 2309 2375 2310
f 2310 2375 2311
f 2375 2376 2311
f 2311 2376 2377
f 2311 2377 2312
f 2312 2377 2313
f 2377 2378 2313
f 2313 2378 2379
f 2313 2379 2314
f 2314 2379 2315
f 2379 2380 2315
f 2315 2380 2381
f 2315 2381 2316
f 2316 2381 2317
f 2381 2382 2317
f 2317 2382 2383
f 2317 2383 2318
f 2318 2383 2319
f 2383 2384 2319
f 2319 2384 2385
f 2319 2385 2320
f 2320 2385 2321
f 2385 2386 2321
f 2321 2386 2387
f 2321 2387 2322
f 2322 2387 2323
f 2387 2388 2323
f 2323 2388 2389
f 2323 2389 2324
f 2324 2389 2325
f 2389 2390 2325
f 2325 2390 2391
f 2325 2391 2326
f 2326 2391 2327
f 2391 2392 2327
f 2327 2392 2393
f 2327 2393 2328
f 2328 2393 2329
f 2393 2394 2329
f 2329 2394 2395
f 2329 2395 2330
f 2330 2395 2331
f 2395 2396 2331
f 2331 2396 2397
f 2331 2397 2332
f 2332 2397 2333
f 2397 2398 2333
f 2333 2398 2399
f 2333 2399 2334
f 2334 2399 2335
f 2399 2400 2335
f 2335 2400 2401
f 2335 2401 2336
f 2336 2401 2337
f 2401 2402 2337
f 2337 2402 2403
f 2337 2403 2338
f 2338 2403 2339
f 2403 2404 2339
f 2339 2404 2405
f 2339 2405 2340
f 2341 2406 2407
f 2341 2407 2342
f 2342 2407 2343
f 2407 2408 2343
f 2343 2408 2409
f 2343 2409 2344
f 2344 2409 2345
f 2409 2410 2345
f 2345 2410 2411
f 2345 2411 2346
f 2346 2411 2347
f 2411 2412 2347
f 2347 2412 2413
f 2347 2413 2348
f 2348 2413 2349
f 2413 2414 2349
f 2349 2414 2415
f 2349 2415 2350
f 2350 2415 2351
f 2415 2416 2351
f 2351 2416 2417
f 2351 2417 2352
f 2352 2417 2353
f 2417 2418 2353
f 2353 2418 2419
f 2353 2419 2354
f 2354 2419 2355
f 2419 2420 2355
f 2355 2420 2421
f 2355 2421 2356
f 2356 2421 2357
f 2421 2422 2357
f 2357 2422 2423
f 2357 2423 2358
f 2358 2423 2359
f 2423 2424 2359
f 2359 2424 2425
f 2359 2425 2360
f 2360 2425 2361
f 2425 2426 2361
f 2361 2426 2427
f 2361 2427 2362
f 2362 2427 2363
f 2427 2428 2363
f 2363 2428 2429
f 2363 2429 2364
f 2364 2429 2365
f 2429 2430 2365
f 2365 2430 2431
f 2365 2431 2366
f 2366 2431 2367
f 2431 2432 2367
f 2367 2432 2433
f 2367 2433 2368
f 2368 2433 2369
f 2433 2434 2369
f 2369 2434 2435
f 2369 2435 2370
f 2370 2435 2371
f 2435 2436 2371
f 2371 2436 2437
f 2371 2437 2372
f 2372 2437 2373
f 2437 2438 2373
f 2373 2438 2439
f 2373 2439 2374
f 2374 2439 2375
f 2439 2440 2375
f 2375 2440 2441
f 2375 2441 2376
f 2376 2441 2377
f 2441 2442 2377
f 2377 2442 2443
f 2377 2443 2378
f 2378 2443 2379
f 2443 2444 2379
f 2379 2444 2445
f 2379 2445 2380
f 2380 2445 2381
f 2445 2446 2381
f 2381 2446 2447
f 2381 2447 2382
f 2382 2447 2383
f 2447 2448 2383
f 2383 2448 2449
f 2383 2449 2384
f 2384 2449 2385
f 2449 2450 2385
f 2385 2450 2451
f 2385 2451 2386
f 2386 2451 2387
f 2451 2452 2387
f 2387 2452 2453
f 2387 2453 2388
f 2388 2453 2389
f 2453 2454 2389
f 2389 2454 2455
f 2389 2455 2390
f 2390 2455 2391
f 2455 2456 2391
f 2391 2456 2457
f 2391 2457 2392
f 2392 2457 2393
f 2457 2458 2393
f 2393 2458 2459
f 2393 2459 2394
f 2394 2459 2395
f 2459 2460 2395
f 2395 2460 2461
f 2395 2461 2396
f 2396 2461 2397
f 2461 2462 2397
f 2397 2462 2463
f 2397 2463 2398
f 2398 2463 2399
f 2463 2464 2399
f 2399 2464 2465
f 2399 2465 2400
f 2400 2465 2401
f 2465 2466 2401
f 2401 2466 2467
f 2401 2467 2402
f 2402 2467 2403
f 2467 2468 2403
f 2403 2468 2469
f 2403 2469 2404
f 2404 2469 2405
f 2469 2470 2405
f 2406 2471 2407
f 2471 2472 2407
f 2407 2472 2473
f 2407 2473 2408
f 2408 2473 2409
f 2473 2474 2409
f 2409 2474 2475
f 2409 2475 2410
f 2410 2475 2411
f 2475 2476 2411
f 2411 2476 2477
f 2411 2477 2412
f 2412 2477 2413
f 2477 2478 2413
f 2413 2478 2479
f 2413 2479 2414
f 2414 2479 2415
f 2479 2480 2415
f 2415 2480 2481
f 2415 2481 2416
f 2416 2481 2417
f 2481 2482 2417
f 2417 2482 2483
f 2417 2483 2418
f 2418 2483 2419
f 2483 2484 2419
f 2419 2484 2485
f 2419 2485 2420
f 2420 2485 2421
f 2485 2486 2421
f 2421 2486 2487
f 2421 2487 2422
f 2422 2487 2423
f 2487 2488 2423
f 2423 2488 2489
f 2423 2489 2424
f 2424 2489 2425
f 2489 2490 2425
f 2425 2490 2491
f 2425 2491 2426
f 2426 2491 2427
f 2491 2492 2427
f 2427 2492 2493
f 2427 2493 2428
f 2428 2493 2429
f 2493 2494 2429
f 2429 2494 2495
f 2429 2495 2430
f 2430 2495 2431
f 2495 2496 2431
f 2431 2496 2497
f 2431 2497 2432
f 2432 2497 2433
f 2497 2498 2433
f 2433 2498 2499
f 2433 2499 2434
f 2434 2499 2435
f 2499 2500 2435
f 2435 2500 2501
f 2435 2501 2436
f 2436 2501 2437
f 2501 2502 2437
f 2437 2502 2503
f 2437 2503 2438
f 2438 2503 2439
f 2503 2504 2439
f 2439 2504 2505
f 2439 2505 2440
f 2440 2505 2441
f 2505 2506 2441
f 2441 2506 2507
f 2441 2507 2442
f 2442 2507 2443
f 2507 2508 2443
f 2443 2508 2509
f 2443 2509 2444
f 2444 2509 2445
f 2509 2510 2445
f 2445 2510 2511
f 2445 2511 2446
f 2446 2511 2447
f 2511 2512 2447
f 2447 2512 2513
f 2447 2513 2448
f 2448 2513 2449
f 2513 2514 2449
f 2449 2514 2515
f 2449 2515 2450
f 2450 2515 2451
f 2515 2516 2451
f 2451 2516 2517
f 2451 2517 2452
f 2452 2517 2453
f 2517 2518 2453
f 2453 2518 2519
f 2453 2519 2454
f 2454 2519 2455
f 2519 2520 2455
f 2455 2520 2521
f 2455 2521 2456
f 2456 2521 2457
f 2521 2522 2457
f 2457 2522 2523
f 2457 2523 2458
f 2458 2523 2459
f 2523 2524 2459
f 2459 2524 2525
f 2459 2525 2460
f 2460 2525 2461
f 2525 2526 2461
f 2461 2526 2527
f 2461 2527 2462
f 2462 2527 2463
f 2527 2528 2463
f 2463 2528 2529
f 2463 2529 2464
f 2464 2529 2465
f 2529 2530 2465
f 2465 2530 2531
f 2465 2531 2466
f 2466 2531 2467
f 2531 2532 2467
f 2467 2532 2533
f 2467 2533 2468
f 2468 2533 2469
f 2533 2534 2469
f 2469 2534 2535
f 2469 2535 2470
f 2471 2536 2537
f 2471 2537 2472
f 2472 2537 2473
f 2537 2538 2473
f 2473 2538 2539
f 2473 2539 2474
f 2474 2539 2475
f 2539 2540 2475
f 2475 2540 2541
f 2475 2541 2476
f 2476 2541 2477
f 2541 2542 2477
f 2477 2542 2543
f 2477 2543 2478
f 2478 2543 2479
f 2543 2544 2479
f 2479 2544 2545
f 2479 2545 2480
f 2480 2545 2481
f 2545 2546 2481
f 2481 2546 2547
f 2481 2547 2482
f 2482 2547 2483
f 2547 2548 2483
f 2483 2548 2549
f 2483 2549 2484
f 2484 2549 2485
f 2549 2550 2485
f 2485 2550 2551
f 2485 2551 2486
f 2486 2551 2487
f 2551 2552 2487
f 2487 2552 2553
f 2487 2553 2488
f 2488 2553 2489
f 2553 2554 2489
f 2489 2554 2555
f 2489 2555 2490
f 2490 2555 2491
f 2555 2556 2491
f 2491 2556 2557
f 2491 2557 2492
f 2492 2557 2493
f 2557 2558 2493
f 2493 2558 2559
f 2493 2559 2494
f 2494 2559 2495
f 2559 2560 2495
f 2495 2560 2561
f 2495 2561 2496
f 2496 2561 2497
f 2561 2562 2497
f 2497 2562 2563
f 2497 2563 2498
f 2498 2563 2499
f 2563 2564 2499
f 2499 2564 2565
f 2499 2565 2500
f 2500 2565 2501
f 2565 2566 2501
f 2501 2566 2567
f 2501 2567 2502
f 2502 2567 2503
f 2567 2568 2503
f 2503 2568 2569
f 2503 2569 2504
f 2504 2569 2505
f 2569 2570 2505
f 2505 2570 2571
f 2505 2571 2506
f 2506 2571 2507
f 2571 2572 2507
f 2507 2572 2573
f 2507 2573 2508
f 2508 2573 2509
f 2573 2574 2509
f 2509 2574 2575
f 2509 2575 2510
f 2510 2575 2511
f 2575 2576 2511
f 2511 2576 2577
f 2511 2577 2512
f 2512 2577 2513
f 2577 2578 2513
f 2513 2578 2579
f 2513 2579 2514
f 2514 2579 2515
f 2579 2580 2515
f 2515 2580 2581
f 2515 2581 2516
f 2516 2581 2517
f 2581 2582 2517
f 2517 2582 2583
f 2517 2583 2518
f 2518 2583 2519
f 2583 2584 2519
f 2519 2584 2585
f 2519 2585 2520
f 2520 2585 2521
f 2585 2586 2521
f 2521 2586 2587
f 2521 2587 2522
f 2522 2587 2523
f 2587 2588 2523
f 2523 2588 2589
f 2523 2589 2524
f 2524 2589 2525
f 2589 2590 2525
f 2525 2590 2591
f 2525 2591 2526
f 2526 2591 2527
f 2591 2592 2527
f 2527 2592 2593
f 2527 2593 2528
f 2528 2593 2529
f 2593 2594 2529
f 2529 2594 2595
f 2529 2595 2530
f 2530 2595 2531
f 2595 2596 2531
f 2531 2596 2597
f 2531 2597 2532
f 2532 2597 2533
f 2597 2598 2533
f 2533 2598 2599
f 2533 2599 2534
f 2534 2599 2535
f 2599 2600 2535
f 2536 2601 2537
f 2601 2602 2537
f 2537 2602 2603
f 2537 2603 2538
f 2538 2603 2539
f 2603 2604 2539
f 2539 2604 2605
f 2539 2605 2540
f 2540 2605 2541
f 2605 2606 2541
f 2541 2606 2607
f 2541 2607 2542
f 2542 2607 2543
f 2607 2608 2543
f 2543 2608 2609
f 2543 2609 2544
f 2544 2609 2545
f 2609 2610 2545
f 2545 2610 2611
f 2545 2611 2546
f 2546 2611 2547
f 2611 2612 2547
f 2547 2612 2613
f 2547 2613 2548
f 2548 2613 2549
f 2613 2614 2549
f 2549 2614 2615
f 2549 2615 2550
f 2550 2615 2551
f 2615 2616 2551
f 2551 2616 2617
f 2551 2617 2552
f 2552 2617 2553
f 2617 2618 2553
f 2553 2618 2619
f 2553 2619 2554
f 2554 2619 2555
f 2619 2620 2555
f 2555 2620 2621
f 2555 2621 2556
f 2556 2621 2557
f 2621 2622 2557
f 2557 2622 2623
f 2557 2623 2558
f 2558 2623 2559
f 2623 2624 2559
f 2559 2624 2625
f 2559 2625 2560
f 2560 2625 2561
f 2625 2626 2561
f 2561 2626 2627
f 2561 2627 2562
f 2562 2627 2563
f 2627 2628 2563
f 2563 2628 2629
f 2563 2629 2564
f 2564 2629 2565
f 2629 2630 2565
f 2565 2630 2631
f 2565 2631 2566
f 2566 2631 2567
f 2631 2632 2567
f 2567 2632 2633
f 2567 2633 2568
f 2568 2633 2569
f 2633 2634 2569
f 2569 2634 2635
f 2569 2635 2570
f 2570 2635 2571
f 2635 2636 2571
f 2571 2636 2637
f 2571 2637 2572
f 2572 2637 2573
f 2637 2638 2573
f 2573 2638 2639
f 2573 2639 2574
f 2574 2639 2575
f 2639 2640 2575
f 2575 2640 2641
f 2575 2641 2576
f 2576 2641 2577
f 2641 2642 2577
f 2577 2642 2643
f 2577 2643 2578
f 2578 2643 2579
f 2643 2644 2579
f 2579 2644 2645
f 2579 2645 2580
f 2580 2645 2581
f 2645 2646 2581
f 2581 2646 2647
f 2581 2647 2582
f 2582 2647 2583
f 2647 2648 2583
f 2583 2648 2649
f 2583 2649 2584
f 2584 2649 2585
f 2649 2650 2585
f 2585 2650 2651
f 2585 2651 2586
f 2586 2651 2587
f 2651 2652 2587
f 2587 2652 2653
f 2587 2653 2588
f 2588 2653 2589
f 2653 2654 2589
f 2589 2654 2655
f 2589 2655 2590
f 2590 2655 2591
f 2655 2656 2591
f 2591 2656 2657
f 2591 2657 2592
f 2592 2657 2593
f 2657 2658 2593
f 2593 2658 2659
f 2593 2659 2594
f 2594 2659 2595
f 2659 2660 2595
f 2595 2660 2661
f 2595 2661 2596
f 2596 2661 2597
f 2661 2662 2597
f 2597 2662 2663
f 2597 2663 2598
f 2598 2663 2599
f 2663 2664 2599
f 2599 2664 2665
f 2599 2665 2600
f 2601 2666 2667
f 2601 2667 2602
f 2602 2667 2603
f 2667 2668 2603
f 2603 2668 2669
f 2603 2669 2604
f 2604 2669 2605
f 2669 2670 2605
f 2605 2670 2671
f 2605 2671 2606
f 2606 2671 2607
f 2671 2672 2607
f 2607 2672 2673
f 2607 2673 2608
f 2608 2673 2609
f 2673 2674 2609
f 2609 2674 2675
f 2609 2675 2610
f 2610 2675 2611
f 2675 2676 2611
f 2611 2676 2677
f 2611 2677 2612
f 2612 2677 2613
f 2677 2678 2613
f 2613 2678 2679
f 2613 2679 2614
f 2614 2679 2615
f 2679 2680 2615
f 2615 2680 2681
f 2615 2681 2616
f 2616 2681 2617
f 2681 2682 2617
f 2617 2682 2683
f 2617 2683 2618
f 2618 2683 2619
f 2683 2684 2619
f 2619 2684 2685
f 2619 2685 2620
f 2620 2685 2621
f 2685 2686 2621
f 2621 2686 2687
f 2621 2687 2622
f 2622 2687 2623
f 2687 2688 2623
f 2623 2688 2689
f 2623 2689 2624
f 2624 2689 2625
f 2689 2690 2625
f 2625 2690 2691
f 2625 2691 2626
f 2626 2691 2627
f 2691 2692 2627
f 2627 2692 2693
f 2627 2693 2628
f 2628 2693 2629
f 2693 2694 2629
f 2629 2694 2695
f 2629 2695 2630
f 2630 2695 2631
f 2695 2696 2631
f 2631 2696 2697
f 2631 2697 2632
f 2632 2697 2633
f 2697 2698 2633
f 2633 2698 2699
f 2633 2699 2634
f 2634 2699 2635
f 2699 2700 2635
f 2635 2700 2701
f 2635 2701 2636
f 2636 2701 2637
f 2701 2702 2637
f 2637 2702 2703
f 2637 2703 2638
f 2638 2703 2639
f 2703 2704 2639
f 2639 2704 2705
f 2639 2705 2640
f 2640 2705 2641
f 2705 2706 2641
f 2641 2706 2707
f 2641 2707 2642
f 2642 2707 2643
f 2707 2708 2643
f 2643 2708 2709
f 2643 2709 2644
f 2644 2709 2645
f 2709 2710 2645
f 2645 2710 2711
f 2645 2711 2646
f 2646 2711 2647
f 2711 2712 2647
f 2647 2712 2713
f 2647 2713 2648
f 2648 2713 2649
f 2713 2714 2649
f 2649 2714 2715
f 2649 2715 2650
f 2650 2715 2651
f 2715 2716 2651
f 2651 2716 2717
f 2651 2717 2652
f 2652 2717 2653
f 2717 2718 2653
f 2653 2718 2719
f 2653 2719 2654
f 2654 2719 2655
f 2719 2720 2655
f 2655 2720 2721
f 2655 2721 2656
f 2656 2721 2657
f 2721 2722 2657
f 2657 2722 2723
f 2657 2723 2658
f 2658 2723 2659
f 2723 2724 2659
f 2659 2724 2725
f 2659 2725 2660
f 2660 2725 2661
f 2725 2726 2661
f 2661 2726 2727
f 2661 2727 2662
f 2662 2727 2663
f 2727 2728 2663
f 2663 2728 2729
f 2663 2729 2664
f 2664 2729 2665
f 2729 2730 2665
f 2666 2731 2667
f 2731 2732 2667
f 2667 2732 2733
f 2667 2733 2668
f 2668 2733 2669
f 2733 2734 2669
f 2669 2734 2735
f 2669 2735 2670
f 2670 2735 2671
f 2735 2736 2671
f 2671 2736 2737
f 2671 2737 2672
f 2672 2737 2673
f 2737 2738 2673
f 2673 2738 2739
f 2673 2739 2674
f 2674 2739 2675
f 2739 2740 2675
f 2675 2740 2741
f 2675 2741 2676
f 2676 2741 2677
f 2741 2742 2677
f 2677 2742 2743
f 2677 2743 2678
f 2678 2743 2679
f 2743 2744 2679
f 2679 2744 2745
f 2679 2745 2680
f 2680 2745 2681
f 2745 2746 2681
f 2681 2746 2747
f 2681 2747 2682
f 2682 2747 2683
f 2747 2748 2683
f 2683 2748 2749
f 2683 2749 2684
f 2684 2749 2685
f 2749 2750 2685
f 2685 2750 2751
f 2685 2751 2686
f 2686 2751 2687
f 2751 2752 2687
f 2687 2752 2753
f 2687 2753 2688
f 2688 2753 2689
f 2753 2754 2689
f 2689 2754 2755
f 2689 2755 2690
f 2690 2755 2691
f 2755 2756 2691
f 2691 2756 2757
f 2691 2757 2692
f 2692 2757 2693
f 2757 2758 2693
f 2693 2758 2759
f 2693 2759 2694
f 2694 2759 2695
f 2759 2760 2695
f 2695 2760 2761
f 2695 2761 2696
f 2696 2761 2697
f 2761 2762 2697
f 2697 2762 2763
f 2697 2763 2698
f 2698 2763 2699
f 2763 2764 2699
f 2699 2764 2765
f 2699 2765 2700
f 2700 2765 2701
f 2765 2766 2701
f 2701 2766 2767
f 2701 2767 2702
f 2702 2767 2703
f 2767 2768 2703
f 2703 2768 2769
f 2703 2769 2704
f 2704 2769 2705
f 2769 2770 2705
f 2705 2770 2771
f 2705 2771 2706
f 2706 2771 2707
f 2771 2772 2707
f 2707 2772 2773
f 2707 2773 2708
f 2708 2773 2709
f 2773 2774 2709
f 2709 2774 2775
f 2709 2775 2710
f 2710 2775 2711
f 2775 2776 2711
f 2711 2776 2777
f 2711 2777 2712
f 2712 2777 2713
f 2777 2778 2713
f 2713 2778 2779
f 2713 2779 2714
f 2714 2779 2715
f 2779 2780 2715
f 2715 2780 2781
f 2715 2781 2716
f 2716 2781 2717
f 2781 2782 2717
f 2717 2782 2783
f 2717 2783 2718
f 2718 2783 2719
f 2783 2784 2719
f 2719 2784 2785
f 2719 2785 2720
f 2720 2785 2721
f 2785 2786 2721
f 2721 2786 2787
f 2721 2787 2722
f 2722 2787 2723
f 2787 2788 2723
f 2723 2788 2789
f 2723 2789 2724
f 2724 2789 2725
f 2789 2790 2725
f 2725 2790 2791
f 2725 2791 2726
f 2726 2791 2727
f 2791 2792 2727
f 2727 2792 2793
f 2727 2793 2728
f 2728 2793 2729
f 2793 2794 2729
f 2729 2794 2795
f 2729 2795 2730
f 2731 2796 2797
f 2731 2797 2732
f 2732 2797 2733
f 2797 2798 2733
f 2733 2798 2799
f 2733 2799 2734
f 2734 2799 2735
f 2799 2800 2735
f 2735 2800 2801
f 2735 2801 2736
f 2736 2801 2737
f 2801 2802 2737
f 2737 2802 2803
f 2737 2803 2738
f 2738 2803 2739
f 2803 2804 2739
f 2739 2804 2805
f 2739 2805 2740
f 2740 2805 2741
f 2805 2806 2741
f 2741 2806 2807
f 2741 2807 2742
f 2742 2807 2743
f 2807 2808 2743
f 2743 2808 2809
f 2743 2809 2744
f 2744 2809 2745
f 2809 2810 2745
f 2745 2810 2811
f 2745 2811 2746
f 2746 2811 2747
f 2811 2812 2747
f 2747 2812 2813
f 2747 2813 2748
f 2748 2813 2749
f 2813 2814 2749
f 2749 2814 2815
f 2749 2815 2750
f 2750 2815 2751
f 2815 2816 2751
f 2751 2816 2817
f 2751 2817 2752
f 2752 2817 2753
f 2817 2818 2753
f 2753 2818 2819
f 2753 2819 2754
f 2754 2819 2755
f 2819 2820 2755
f 2755 2820 2821
f 2755 2821 2756
f 2756 2821 2757
f 2821 2822 2757
f 2757 2822 2823
f 2757 2823 2758
f 2758 2823 2759
f 2823 2824 2759
f 2759 2824 2825
f 2759 2825 2760
f 2760 2825 2761
f 2825 2826 2761
f 2761 2826 2827
f 2761 2827 2762
f 2762 2827 2763
f 2827 2828 2763
f 2763 2828 2829
f 2763 2829 2764
f 2764 2829 2765
f 2829 2830 2765
f 2765 2830 2831
f 2765 2831 2766
f 2766 2831 2767
f 2831 2832 2767
f 2767 2832 2833
f 2767 2833 2768
f 2768 2833 2769
f 2833 2834 2769
f 2769 2834 2835
f 2769 2835 2770
f 2770 2835 2771
f 2835 2836 2771
f 2771 2836 2837
f 2771 2837 2772
f 2772 2837 2773
f 2837 2838 2773
f 2773 2838 2839
f 2773 2839 2774
f 2774 2839 2775
f 2839 2840 2775
f 2775 2840 2841
f 2775 2841 2776
f 2776 2841 2777
f 2841 2842 2777
f 2777 2842 2843
f 2777 2843 2778
f 2778 2843 2779
f 2843 2844 2779
f 2779 2844 2845
f 2779 2845 2780
f 2780 2845 2781
f 2845 2846 2781
f 2781 2846 2847
f 2781 2847 2782
f 2782 2847 2783
f 2847 2848 2783
f 2783 2848 2849
f 2783 2849 2784
f 2784 2849 2785
f 2849 2850 2785
f 2785 2850 2851
f 2785 2851 2786
f 2786 2851 2787
f 2851 2852 2787
f 2787 2852 2853
f 2787 2853 2788
f 2788 2853 2789
f 2853 2854 2789
f 2789 2854 2855
f 2789 2855 2790
f 2790 2855 2791
f 2855 2856 2791
f 2791 2856 2857
f 2791 2857 2792
f 2792 2857 2793
f 2857 2858 2793
f 2793 2858 2859
f 2793 2859 2794
f 2794 2859 2795
f 2859 2860 2795
f 2796 2861 2797
f 2861 2862 2797
f 2797 2862 2863
f 2797 2863 2798
f 2798 2863 2799
f 2863 2864 2799
f 2799 2864 2865
f 2799 2865 2800
f 2800 2865 2801
f 2865 2866 2801
f 2801 2866 2867
f 2801 2867 2802
f 2802 2867 2803
f 2867 2868 2803
f 2803 2868 2869
f 2803 2869 2804
f 2804 2869 2805
f 2869 2870 2805
f 2805 2870 2871
f 2805 2871 2806
f 2806 2871 2807
f 2871 2872 2807
f 2807 2872 2873
f 2807 2873 2808
f 2808 2873 2809
f 2873 2874 2809
f 2809 2874 2875
f 2809 2875 2810
f 2810 2875 2811
f 2875 2876 2811
f 2811 2876 2877
f 2811 2877 2812
f 2812 2877 2813
f 2877 2878 2813
f 2813 2878 2879
f 2813 2879 2814
f 2814 2879 2815
f 2879 2880 2815
f 2815 2880 2881
f 2815 2881 2816
f 2816 2881 2817
f 2881 2882 2817
f 2817 2882 2883
f 2817 2883 2818
f 2818 2883 2819
f 2883 2884 2819
f 2819 2884 2885
f 2819 2885 2820
f 2820 2885 2821
f 2885 2886 2821
f 2821 2886 2887
f 2821 2887 2822
f 2822 2887 2823
f 2887 2888 2823
f 2823 2888 2889
f 2823 2889 2824
f 2824 2889 2825
f 2889 2890 2825
f 2825 2890 2891
f 2825 2891 2826
f 2826 2891 2827
f 2891 2892 2827
f 2827 2892 2893
f 2827 2893 2828
f 2828 2893 2829
f 2893 2894 2829
f 2829 2894 2895
f 2829 2895 2830
f 2830 2895 2831
f 2895 2896 2831
f 2831 2896 2897
f 2831 2897 2832
f 2832 2897 2833
f 2897 2898 2833
f 2833 2898 2899
f 2833 2899 2834
f 2834 2899 2835
f 2899 2900 2835
f 2835 2900 2901
f 2835 2901 2836
f 2836 2901 2837
f 2901 2902 2837
f 2837 2902 2903
f 2837 2903 2838
f 2838 2903 2839
f 2903 2904 2839
f 2839 2904 2905
f 2839 2905 2840
f 2840 2905 2841
f 2905 2906 2841
f 2841 2906 2907
f 2841 2907 2842
f 2842 2907 2843
f 2907 2908 2843
f 2843 2908 2909
f 2843 2909 2844
f 2844 2909 2845
f 2909 2910 2845
f 2845 2910 2911
f 2845 2911 2846
f 2846 2911 2847
f 2911 2912 2847
f 2847 2912 2913
f 2847 2913 2848
f 2848 2913 2849
f 2913 2914 2849
f 2849 2914 2915
f 2849 2915 2850
f 2850 2915 2851
f 2915 2916 2851
f 2851 2916 2917
f 2851 2917 2852
f 2852 2917 2853
f 2917 2918 2853
f 2853 2918 2919
f 2853 2919 2854
f 2854 2919 2855
f 2919 2920 2855
f 2855 2920 2921
f 2855 2921 2856
f 2856 2921 2857
f 2921 2922 2857
f 2857 2922 2923
f 2857 2923 2858
f 2858 2923 2859
f 2923 2924 2859
f 2859 2924 2925
f 2859 2925 2860
f 2861 2926 2927
f 2861 2927 2862
f 2862 2927 2863
f 2927 2928 2863
f 2863 2928 2929
f 2863 2929 2864
f 2864 2929 2865
f 2929 2930 2865
f 2865 2930 2931
f 2865 2931 2866
f 2866 2931 2867
f 2931 2932 2867
f 2867 2932 2933
f 2867 2933 2868
f 2868 2933 2869
f 2933 2934 2869
f 2869 2934 2935
f 2869 2935 2870
f 2870 2935 2871
f 2935 2936 2871
f 2871 2936 2937
f 2871 2937 2872
f 2872 2937 2873
f 2937 2938 2873
f 2873 2938 2939
f 2873 2939 2874
f 2874 2939 2875
f 2939 2940 2875
f 2875 2940 2941
f 2875 2941 2876
f 2876 2941 2877
f 2941 2942 2877
f 2877 2942 2943
f 2877 2943 2878
f 2878 2943 2879
f 2943 2944 2879
f 2879 2944 2945
f 2879 2945 2880
f 2880 2945 2881
f 2945 2946 2881
f 2881 2946 2947
f 2881 2947 2882
f 2882 2947 2883
f 2947 2948 2883
f 2883 2948 2949
f 2883 2949 2884
f 2884 2949 2885
f 2949 2950 2885
f 2885 2950 2951
f 2885 2951 2886
f 2886 2951 2887
f 2951 2952 2887
f 2887 2952 2953
f 2887 2953 2888
f 2888 2953 2889
f 2953 2954 2889
f 2889 2954 2955
f 2889 2955 2890
f 2890 2955 2891
f 2955 2956 2891
f 2891 2956 2957
f 2891 2957 2892
f 2892 2957 2893
f 2957 2958 2893
f 2893 2958 2959
f 2893 2959 2894
f 2894 2959 2895
f 2959 2960 2895
f 2895 2960 2961
f 2895 2961 2896
f 2896 2961 2897
f 2961 2962 2897
f 2897 2962 2963
f 2897 2963 2898
f 2898 2963 2899
f 2963 2964 2899
f 2899 2964 2965
f 2899 2965 2900
f 2900 2965 2901
f 2965 2966 2901
f 2901 2966 2967
f 2901 2967 2902
f 2902 2967 2903
f 2967 2968 2903
f 2903 2968 2969
f 2903 2969 2904
f 2904 2969 2905
f 2969 2970 2905
f 2905 2970 2971
f 2905 2971 2906
f 2906 2971 2907
f 2971 2972 2907
f 2907 2972 2973
f 2907 2973 2908
f 2908 2973 2909
f 2973 2974 2909
f 2909 2974 2975
f 2909 2975 2910
f 2910 2975 2911
f 2975 2976 2911
f 2911 2976 2977
f 2911 2977 2912
f 2912 2977 2913
f 2977 2978 2913
f 2913 2978 2979
f 2913 2979 2914
f 2914 2979 2915
f 2979 2980 2915
f 2915 2980 2981
f 2915 2981 2916
f 2916 2981 2917
f 2981 2982 2917
f 2917 2982 2983
f 2917 2983 2918
f 2918 2983 2919
f 2983 2984 2919
f 2919 2984 2985
f 2919 2985 2920
f 2920 2985 2921
f 2985 2986 2921
f 2921 2986 2987
f 2921 2987 2922
f 2922 2987 2923
f 2987 2988 2923
f 2923 2988 2989
f 2923 2989 2924
f 2924 2989 2925
f 2989 2990 2925
f 2926 2991 2927
f 2991 2992 2927
f 2927 2992 2993
f 2927 2993 2928
f 2928 2993 2929
f 2993 2994 2929
f 2929 2994 2995
f 2929 2995 2930
f 2930 2995 2931
f 2995 2996 2931
f 2931 2996 2997
f 2931 2997 2932
f 2932 2997 2933
f 2997 2998 2933
f 2933 2998 2999
f 2933 2999 2934
f 2934 2999 2935
f 2999 3000 2935
f 2935 3000 3001
f 2935 3001 2936
f 2936 3001 2937
f 3001 3002 2937
f 2937 3002 3003
f 2937 3003 2938
f 2938 3003 2939
f 3003 3004 2939
f 2939 3004 3005
f 2939 3005 2940
f 2940 3005 2941
f 3005 3006 2941
f 2941 3006 3007
f 2941 3007 2942
f 2942 3007 2943
f 3007 3008 2943
f 2943 3008 3009
f 2943 3009 2944
f 2944 3009 2945
f 3009 3010 2945
f 2945 3010 3011
f 2945 3011 2946
f 2946 3011 2947
f 3011 3012 2947
f 2947 3012 3013
f 2947 3013 2948
f 2948 3013 2949
f 3013 3014 2949
f 2949 3014 3015
f 2949 3015 2950
f 2950 3015 2951
f 3015 3016 2951
f 2951 3016 3017
f 2951 3017 2952
f 2952 3017 2953
f 3017 3018 2953
f 2953 3018 3019
f 2953 3019 2954
f 2954 3019 2955
f 3019 3020 2955
f 2955 3020 3021
f 2955 3021 2956
f 2956 3021 2957
f 3021 3022 2957
f 2957 3022 3023
f 2957 3023 2958
f 2958 3023 2959
f 3023 3024 2959
f 2959 3024 3025
f 2959 3025 2960
f 2960 3025 2961
f 3025 3026 2961
f 2961 3026 3027
f 2961 3027 2962
f 2962 3027 2963
f 3027 3028 2963
f 2963 3028 3029
f 2963 3029 2964
f 2964 3029 2965
f 3029 3030 2965
f 2965 3030 3031
f 2965 3031 2966
f 2966 3031 2967
f 3031 3032 2967
f 2967 3032 3033
f 2967 3033 2968
f 2968 3033 2969
f 3033 3034 2969
f 2969 3034 3035
f 2969 3035 2970
f 2970 3035 2971
f 3035 3036 2971
f 2971 3036 3037
f 2971 3037 2972
f 2972 3037 2973
f 3037 3038 2973
f 2973 3038 3039
f 2973 3039 2974
f 2974 3039 2975
f 3039 3040 2975
f 2975 3040 3041
f 2975 3041 2976
f 2976 3041 2977
f 3041 3042 2977
f 2977 3042 3043
f 2977 3043 2978
f 2978 3043 2979
f 3043 3044 2979
f 2979 3044 3045
f 2979 3045 2980
f 2980 3045 2981
f 3045 3046 2981
f 2981 3046 3047
f 2981 3047 2982
f 2982 3047 2983
f 3047 3048 2983
f 2983 3048 3049
f 2983 3049 2984
f 2984 3049 2985
f 3049 3050 2985
f 2985 3050 3051
f 2985 3051 2986
f 2986 3051 2987
f 3051 3052 2987
f 2987 3052 3053
f 2987 3053 2988
f 2988 3053 2989
f 3053 3054 2989
f 2989 3054 3055
f 2989 3055 2990
f 2991 3056 3057
f 2991 3057 2992
f 2992 3057 2993
f 3057 3058 2993
f 2993 3058 3059
f 2993 3059 2994
f 2994 3059 2995
f 3059 3060 2995
f 2995 3060 3061
f 2995 3061 2996
f 2996 3061 2997
f 3061 3062 2997
f 2997 3062 3063
f 2997 3063 2998
f 2998 3063 2999
f 3063 3064 2999
f 2999 3064 3065
f 2999 3065 3000
f 3000 3065 3001
f 3065 3066 3001
f 3001 3066 3067
f 3001 3067 3002
f 3002 3067 3003
f 3067 3068 3003
f 3003 3068 3069
f 3003 3069 3004
f 3004 3069 3005
f 3069 3070 3005
f 3005 3070 3071
f 3005 3071 3006
f 3006 3071 3007
f 3071 3072 3007
f 3007 3072 3073
f 3007 3073 3008
f 3008 3073 3009
f 3073 3074 3009
f 3009 3074 3075
f 3009 3075 3010
f 3010 3075 3011
f 3075 3076 3011
f 3011 3076 3077
f 3011 3077 3012
f 3012 3077 3013
f 3077 3078 3013
f 3013 3078 3079
f 3013 3079 3014
f 3014 3079 3015
f 3079 3080 3015
f 3015 3080 3081
f 3015 3081 3016
f 3016 3081 3017
f 3081 3082 3017
f 3017 3082 3083
f 3017 3083 3018
f 3018 3083 3019
f 3083 3084 3019
f 3019 3084 3085
f 3019 3085 3020
f 3020 3085 3021
f 3085 3086 3021
f 3021 3086 3087
f 3021 3087 3022
f 3022 3087 3023
f 3087 3088 3023
f 3023 3088 3089
f 3023 3089 3024
f 3024 3089 3025
f 3089 3090 3025
f 3025 3090 3091
f 3025 3091 3026
f 3026 3091 3027
f 3091 3092 3027
f 3027 3092 3093
f 3027 3093 3028
f 3028 3093 3029
f 3093 3094 3029
f 3029 3094 3095
f 3029 3095 3030
f 3030 3095 3031
f 3095 3096 3031
f 3031 3096 3097
f 3031 3097 3032
f 3032 3097 3033
f 3097 3098 3033
f 3033 3098 3099
f 3033 3099 3034
f 3034 3099 3035
f 3099 3100 3035
f 3035 3100 3101
f 3035 3101 3036
f 3036 3101 3037
f 3101 3102 3037
f 3037 3102 3103
f 3037 3103 3038
f 3038 3103 3039
f 3103 3104 3039
f 3039 3104 3105
f 3039 3105 3040
f 3040 3105 3041
f 3105 3106 3041
f 3041 3106 3107
f 3041 3107 3042
f 3042 3107 3043
f 3107 3108 3043
f 3043 3108 3109
f 3043 3109 3044
f 3044 3109 3045
f 3109 3110 3045
f 3045 3110 3111
f 3045 3111 3046
f 3046 3111 3047
f 3111 3112 3047
f 3047 3112 3113
f 3047 3113 3048
f 3048 3113 3049
f 3113 3114 3049
f 3049 3114 3115
f 3049 3115 3050
f 3050 3115 3051
f 3115 3116 3051
f 3051 3116 3117
f 3051 3117 3052
f 3052 3117 3053
f 3117 3118 3053
f 3053 3118 3119
f 3053 3119 3054
f 3054 3119 3055
f 3119 3120 3055
f 3056 3121 3057
f 3121 3122 3057
f 3057 3122 3123
f 3057 3123 3058
f 3058 3123 3059
f 3123 3124 3059
f 3059 3124 3125
f 3059 3125 3060
f 3060 3125 3061
f 3125 3126 3061
f 3061 3126 3127
f 3061 3127 3062
f 3062 3127 3063
f 3127 3128 3063
f 3063 3128 3129
f 3063 3129 3064
f 3064 3129 3065
f 3129 3130 3065
f 3065 3130 3131
f 3065 3131 3066
f 3066 3131 3067
f 3131 3132 3067
f 3067 3132 3133
f 3067 3133 3068
f 3068 3133 3069
f 3133 3134 3069
f 3069 3134 3135
f 3069 3135 3070
f 3070 3135 3071
f 3135 3136 3071
f 3071 3136 3137
f 3071 3137 3072
f 3072 3137 3073
f 3137 3138 3073
f 3073 3138 3139
f 3073 3139 3074
f 3074 3139 3075
f 3139 3140 3075
f 3075 3140 3141
f 3075 3141 3076
f 3076 3141 3077
f 3141 3142 3077
f 3077 3142 3143
f 3077 3143 3078
f 3078 3143 3079
f 3143 3144 3079
f 3079 3144 3145
f 3079 3145 3080
f 3080 3145 3081
f 3145 3146 3081
f 3081 3146 3147
f 3081 3147 3082
f 3082 3147 3083
f 3147 3148 3083
f 3083 3148 3149
f 3083 3149 3084
f 3084 3149 3085
f 3149 3150 3085
f 3085 3150 3151
f 3085 3151 3086
f 3086 3151 3087
f 3151 3152 3087
f 3087 3152 3153
f 3087 3153 3088
f 3088 3153 3089
f 3153 3154 3089
f 3089 3154 3155
f 3089 3155 3090
f 3090 3155 3091
f 3155 3156 3091
f 3091 3156 3157
f 3091 3157 3092
f 3092 3157 3093
f 3157 3158 3093
f 3093 3158 3159
f 3093 3159 3094
f 3094 3159 3095
f 3159 3160 3095
f 3095 3160 3161
f 3095 3161 3096
f 3096 3161 3097
f 3161 3162 3097
f 3097 3162 3163
f 3097 3163 3098
f 3098 3163 3099
f 3163 3164 3099
f 3099 3164 3165
f 3099 3165 3100
f 3100 3165 3101
f 3165 3166 3101
f 3101 3166 3167
f 3101 3167 3102
f 3102 3167 3103
f 3167 3168 3103
f 3103 3168 3169
f 3103 3169 3104
f 3104 3169 3105
f 3169 3170 3105
f 3105 3170 3171
f 3105 3171 3106
f 3106 3171 3107
f 3171 3172 3107
f 3107 3172 3173
f 3107 3173 3108
f 3108 3173 3109
f 3173 3174 3109
f 3109 3174 3175
f 3109 3175 3110
f 3110 3175 3111
f 3175 3176 3111
f 3111 3176 3177
f 3111 3177 3112
f 3112 3177 3113
f 3177 3178 3113
f 3113 3178 3179
f 3113 3179 3114
f 3114 3179 3115
f 3179 3180 3115
f 3115 3180 3181
f 3115 3181 3116
f 3116 3181 3117
f 3181 3182 3117
f 3117 3182 3183
f 3117 3183 3118
f 3118 3183 3119
f 3183 3184 3119
f 3119 3184 3185
f 3119 3185 3120
f 3121 3186 3187
f 3121 3187 3122
f 3122 3187 3123
f 3187 3188 3123
f 3123 3188 3189
f 3123 3189 3124
f 3124 3189 3125
f 3189 3190 3125
f 3125 3190 3191
f 3125 3191 3126
f 3126 3191 3127
f 3191 3192 3127
f 3127 3192 3193
f 3127 3193 3128
f 3128 3193 3129
f 3193 3194 3129
f 3129 3194 3195
f 3129 3195 3130
f 3130 3195 3131
f 3195 3196 3131
f 3131 3196 3197
f 3131 3197 3132
f 3132 3197 3133
f 3197 3198 3133
f 3133 3198 3199
f 3133 3199 3134
f 3134 3199 3135
f 3199 3200 3135
f 3135 3200 3201
f 3135 3201 3136
f 3136 3201 3137
f 3201 3202 3137
f 3137 3202 3203
f 3137 3203 3138
f 3138 3203 3139
f 3203 3204 3139
f 3139 3204 3205
f 3139 3205 3140
f 3140 3205 3141
f 3205 3206 3141
f 3141 3206 3207
f 3141 3207 3142
f 3142 3207 3143
f 3207 3208 3143
f 3143 3208 3209
f 3143 3209 3144
f 3144 3209 3145
f 3209 3210 3145
f 3145 3210 3211
f 3145 3211 3146
f 3146 3211 3147
f 3211 3212 3147
f 3147 3212 3213
f 3147 3213 3148
f 3148 3213 3149
f 3213 3214 3149
f 3149 3214 3215
f 3149 3215 3150
f 3150 3215 3151
f 3215 3216 3151
f 3151 3216 3217
f 3151 3217 3152
f 3152 3217 3153
f 3217 3218 3153
f 3153 3218 3219
f 3153 3219 3154
f 3154 3219 3155
f 3219 3220 3155
f 3155 3220 3221
f 3155 3221 3156
f 3156 3221 3157
f 3221 3222 3157
f 3157 3222 3223
f 3157 3223 3158
f 3158 3223 3159
f 3223 3224 3159
f 3159 3224 3225
f 3159 3225 3160
f 3160 3225 3161
f 3225 3226 3161
f 3161 3226 3227
f 3161 3227 3162
f 3162 3227 3163
f 3227 3228 3163
f 3163 3228 3229
f 3163 3229 3164
f 3164 3229 3165
f 3229 3230 3165
f 3165 3230 3231
f 3165 3231 3166
f 3166 3231 3167
f 3231 3232 3167
f 3167 3232 3233
f 3167 3233 3168
f 3168 3233 3169
f 3233 3234 3169
f 3169 3234 3235
f 3169 3235 3170
f 3170 3235 3171
f 3235 3236 3171
f 3171 3236 3237
f 3171 3237 3172
f 3172 3237 3173
f 3237 3238 3173
f 3173 3238 3239
f 3173 3239 3174
f 3174 3239 3175
f 3239 3240 3175
f 3175 3240 3241
f 3175 3241 3176
f 3176 3241 3177
f 3241 3242 3177
f 3177 3242 3243
f 3177 3243 3178
f 3178 3243 3179
f 3243 3244 3179
f 3179 3244 3245
f 3179 3245 3180
f 3180 3245 3181
f 3245 3246 3181
f 3181 3246 3247
f 3181 3247 3182
f 3182 3247 3183
f 3247 3248 3183
f 3183 3248 3249
f 3183 3249 3184
f 3184 3249 3185
f 3249 3250 3185
f 3186 3251 3187
f 3251 3252 3187
f 3187 3252 3253
f 3187 3253 3188
f 3188 3253 3189
f 3253 3254 3189
f 3189 3254 3255
f 3189 3255 3190
f 3190 3255 3191
f 3255 3256 3191
f 3191 3256 3257
f 3191 3257 3192
f 3192 3257 3193
f 3257 3258 3193
f 3193 3258 3259
f 3193 3259 3194
f 3194 3259 3195
f 3259 3260 3195
f 3195 3260 3261
f 3195 3261 3196
f 3196 3261 3197
f 3261 3262 3197
f 3197 3262 3263
f 3197 3263 3198
f 3198 3263 3199
f 3263 3264 3199
f 3199 3264 3265
f 3199 3265 3200
f 3200 3265 3201
f 3265 3266 3201
f 3201 3266 3267
f 3201 3267 3202
f 3202 3267 3203
f 3267 3268 3203
f 3203 3268 3269
f 3203 3269 3204
f 3204 3269 3205
f 3269 3270 3205
f 3205 3270 3271
f 3205 3271 3206
f 3206 3271 3207
f 3271 3272 3207
f 3207 3272 3273
f 3207 3273 3208
f 3208 3273 3209
f 3273 3274 3209
f 3209 3274 3275
f 3209 3275 3210
f 3210 3275 3211
f 3275 3276 3211
f 3211 3276 3277
f 3211 3277 3212
f 3212 3277 3213
f 3277 3278 3213
f 3213 3278 3279
f 3213 3279 3214
f 3214 3279 3215
f 3279 3280 3215
f 3215 3280 3281
f 3215 3281 3216
f 3216 3281 3217
f 3281 3282 3217
f 3217 3282 3283
f 3217 3283 3218
f 3218 3283 3219
f 3283 3284 3219
f 3219 3284 3285
f 3219 3285 3220
f 3220 3285 3221
f 3285 3286 3221
f 3221 3286 3287
f 3221 3287 3222
f 3222 3287 3223
f 3287 3288 3223
f 3223 3288 3289
f 3223 3289 3224
f 3224 3289 3225
f 3289 3290 3225
f 3225 3290 3291
f 3225 3291 3226
f 3226 3291 3227
f 3291 3292 3227
f 3227 3292 3293
f 3227 3293 3228
f 3228 3293 3229
f 3293 3294 3229
f 3229 3294 3295
f 3229 3295 3230
f 3230 3295 3231
f 3295 3296 3231
f 3231 3296 3297
f 3231 3297 3232
f 3232 3297 3233
f 3297 3298 3233
f 3233 3298 3299
f 3233 3299 3234
f 3234 3299 3235
f 3299 3300 3235
f 3235 3300 3301
f 3235 3301 3236
f 3236 3301 3237
f 3301 3302 3237
f 3237 3302 3303
f 3237 3303 3238
f 3238 3303 3239
f 3303 3304 3239
f 3239 3304 3305
f 3239 3305 3240
f 3240 3305 3241
f 3305 3306 3241
f 3241 3306 3307
f 3241 3307 3242
f 3242 3307 3243
f 3307 3308 3243
f 3243 3308 3309
f 3243 3309 3244
f 3244 3309 3245
f 3309 3310 3245
f 3245 3310 3311
f 3245 3311 3246
f 3246 3311 3247
f 3311 3312 3247
f 3247 3312 3313
f 3247 3313 3248
f 3248 3313 3249
f 3313 3314 3249
f 3249 3314 3315
f 3249 3315 3250
f 3251 3316 3317
f 3251 3317 3252
f 3252 3317 3253
f 3317 3318 3253
f 3253 3318 3319
f 3253 3319 3254
f 3254 3319 3255
f 3319 3320 3255
f 3255 3320 3321
f 3255 3321 3256
f 3256 3321 3257
f 3321 3322 3257
f 3257 3322 3323
f 3257 3323 3258
f 3258 3323 3259
f 3323 3324 3259
f 3259 3324 3325
f 3259 3325 3260
f 3260 3325 3261
f 3325 3326 3261
f 3261 3326 3327
f 3261 3327 3262
f 3262 3327 3263
f 3327 3328 3263
f 3263 3328 3329
f 3263 3329 3264
f 3264 3329 3265
f 3329 3330 3265
f 3265 3330 3331
f 3265 3331 3266
f 3266 3331 3267
f 3331 3332 3267
f 3267 3332 3333
f 3267 3333 3268
f 3268 3333 3269
f 3333 3334 3269
f 3269 3334 3335
f 3269 3335 3270
f 3270 3335 3271
f 3335 3336 3271
f 3271 3336 3337
f 3271 3337 3272
f 3272 3337 3273
f 3337 3338 3273
f 3273 3338 3339
f 3273 3339 3274
f 3274 3339 3275
f 3339 3340 3275
f 3275 3340 3341
f 3275 3341 3276
f 3276 3341 3277
f 3341 3342 3277
f 3277 3342 3343
f 3277 3343 3278
f 3278 3343 3279
f 3343 3344 3279
f 3279 3344 3345
f 3279 3345 3280
f 3280 3345 3281
f 3345 3346 3281
f 3281 3346 3347
f 3281 3347 3282
f 3282 3347 3283
f 3347 3348 3283
f 3283 3348 3349
f 3283 3349 3284
f 3284 3349 3285
f 3349 3350 3285
f 3285 3350 3351
f 3285 3351 3286
f 3286 3351 3287
f 3351 3352 3287
f 3287 3352 3353
f 3287 3353 3288
f 3288 3353 3289
f 3353 3354 3289
f 3289 3354 3355
f 3289 3355 3290
f 3290 3355 3291
f 3355 3356 3291
f 3291 3356 3357
f 3291 3357 3292
f 3292 3357 3293
f 3357 3358 3293
f 3293 3358 3359
f 3293 3359 3294
f 3294 3359 3295
f 3359 3360 3295
f 3295 3360 3361
f 3295 3361 3296
f 3296 3361 3297
f 3361 3362 3297
f 3297 3362 3363
f 3297 3363 3298
f 3298 3363 3299
f 3363 3364 3299
f 3299 3364 3365
f 3299 3365 3300
f 3300 3365 3301
f 3365 3366 3301
f 3301 3366 3367
f 3301 3367 3302
f 3302 3367 3303
f 3367 3368 3303
f 3303 3368 3369
f 3303 3369 3304
f 3304 3369 3305
f 3369 3370 3305
f 3305 3370 3371
f 3305 3371 3306
f 3306 3371 3307
f 3371 3372 3307
f 3307 3372 3373
f 3307 3373 3308
f 3308 3373 3309
f 3373 3374 3309
f 3309 3374 3375
f 3309 3375 3310
f 3310 3375 3311
f 3375 3376 3311
f 3311 3376 3377
f 3311 3377 3312
f 3312 3377 3313
f 3377 3378 3313
f 3313 3378 3379
f 3313 3379 3314
f 3314 3379 3315
f 3379 3380 3315
f 3316 3381 3317
f 3381 3382 3317
f 3317 3382 3383
f 3317 3383 3318
f 3318 3383 3319
f 3383 3384 3319
f 3319 3384 3385
f 3319 3385 3320
f 3320 3385 3321
f 3385 3386 3321
f 3321 3386 3387
f 3321 3387 3322
f 3322 3387 3323
f 3387 3388 3323
f 3323 3388 3389
f 3323 3389 3324
f 3324 3389 3325
f 3389 3390 3325
f 3325 3390 3391
f 3325 3391 3326
f 3326 3391 3327
f 3391 3392 3327
f 3327 3392 3393
f 3327 3393 3328
f 3328 3393 3329
f 3393 3394 3329
f 3329 3394 3395
f 3329 3395 3330
f 3330 3395 3331
f 3395 3396 3331
f 3331 3396 3397
f 3331 3397 3332
f 3332 3397 3333
f 3397 3398 3333
f 3333 3398 3399
f 3333 3399 3334
f 3334 3399 3335
f 3399 3400 3335
f 3335 3400 3401
f 3335 3401 3336
f 3336 3401 3337
f 3401 3402 3337
f 3337 3402 3403
f 3337 3403 3338
f 3338 3403 3339
f 3403 3404 3339
f 3339 3404 3405
f 3339 3405 3340
f 3340 3405 3341
f 3405 3406 3341
f 3341 3406 3407
f 3341 3407 3342
f 3342 3407 3343
f 3407 3408 3343
f 3343 3408 3409
f 3343 3409 3344
f 3344 3409 3345
f 3409 3410 3345
f 3345 3410 3411
f 3345 3411 3346
f 3346 3411 3347
f 3411 3412 3347
f 3347 3412 3413
f 3347 3413 3348
f 3348 3413 3349
f 3413 3414 3349
f 3349 3414 3415
f 3349 3415 3350
f 3350 3415 3351
f 3415 3416 3351
f 3351 3416 3417
f 3351 3417 3352
f 3352 3417 3353
f 3417 3418 3353
f 3353 3418 3419
f 3353 3419 3354
f 3354 3419 3355
f 3419 3420 3355
f 3355 3420 3421
f 3355 3421 3356
f 3356 3421 3357
f 3421 3422 3357
f 3357 3422 3423
f 3357 3423 3358
f 3358 3423 3359
f 3423 3424 3359
f 3359 3424 3425
f 3359 3425 3360
f 3360 3425 3361
f 3425 3426 3361
f 3361 3426 3427
f 3361 3427 3362
f 3362 3427 3363
f 3427 3428 3363
f 3363 3428 3429
f 3363 3429 3364
f 3364 3429 3365
f 3429 3430 3365
f 3365 3430 3431
f 3365 3431 3366
f 3366 3431 3367
f 3431 3432 3367
f 3367 3432 3433
f 3367 3433 3368
f 3368 3433 3369
f 3433 3434 3369
f 3369 3434 3435
f 3369 3435 3370
f 3370 3435 3371
f 3435 3436 3371
f 3371 3436 3437
f 3371 3437 3372
f 3372 3437 3373
f 3437 3438 3373
f 3373 3438 3439
f 3373 3439 3374
f 3374 3439 3375
f 3439 3440 3375
f 3375 3440 3441
f 3375 3441 3376
f 3376 3441 3377
f 3441 3442 3377
f 3377 3442 3443
f 3377 3443 3378
f 3378 3443 3379
f 3443 3444 3379
f 3379 3444 3445
f 3379 3445 3380
f 3381 3446 3447
f 3381 3447 3382
f 3382 3447 3383
f 3447 3448 3383
f 3383 3448 3449
f 3383 3449 3384
f 3384 3449 3385
f 3449 3450 3385
f 3385 3450 3451
f 3385 3451 3386
f 3386 3451 3387
f 3451 3452 3387
f 3387 3452 3453
f 3387 3453 3388
f 3388 3453 3389
f 3453 3454 3389
f 3389 3454 3455
f 3389 3455 3390
f 3390 3455 3391
f 3455 3456 3391
f 3391 3456 3457
f 3391 3457 3392
f 3392 3457 3393
f 3457 3458 3393
f 3393 3458 3459
f 3393 3459 3394
f 3394 3459 3395
f 3459 3460 3395
f 3395 3460 3461
f 3395 3461 3396
f 3396 3461 3397
f 3461 3462 3397
f 3397 3462 3463
f 3397 3463 3398
f 3398 3463 3399
f 3463 3464 3399
f 3399 3464 3465
f 3399 3465 3400
f 3400 3465 3401
f 3465 3466 3401
f 3401 3466 3467
f 3401 3467 3402
f 3402 3467 3403
f 3467 3468 3403
f 3403 3468 3469
f 3403 3469 3404
f 3404 3469 3405
f 3469 3470 3405
f 3405 3470 3471
f 3405 3471 3406
f 3406 3471 3407
f 3471 3472 3407
f 3407 3472 3473
f 3407 3473 3408
f 3408 3473 3409
f 3473 3474 3409
f 3409 3474 3475
f 3409 3475 3410
f 3410 3475 3411
f 3475 3476 3411
f 3411 3476 3477
f 3411 3477 3412
f 3412 3477 3413
f 3477 3478 3413
f 3413 3478 3479
f 3413 3479 3414
f 3414 3479 3415
f 3479 3480 3415
f 3415 3480 3481
f 3415 3481 3416
f 3416 3481 3417
f 3481 3482 3417
f 3417 3482 3483
f 3417 3483 3418
f 3418 3483 3419
f 3483 3484 3419
f 3419 3484 3485
f 3419 3485 3420
f 3420 3485 3421
f 3485 3486 3421
f 3421 3486 3487
f 3421 3487 3422
f 3422 3487 3423
f 3487 3488 3423
f 3423 3488 3489
f 3423 3489 3424
f 3424 3489 3425
f 3489 3490 3425
f 3425 3490 3491
f 3425 3491 3426
f 3426 3491 3427
f 3491 3492 3427
f 3427 3492 3493
f 3427 3493 3428
f 3428 3493 3429
f 3493 3494 3429
f 3429 3494 3495
f 3429 3495 3430
f 3430 3495 3431
f 3495 3496 3431
f 3431 3496 3497
f 3431 3497 3432
f 3432 3497 3433
f 3497 3498 3433
f 3433 3498 3499
f 3433 3499 3434
f 3434 3499 3435
f 3499 3500 3435
f 3435 3500 3501
f 3435 3501 3436
f 3436 3501 3437
f 3501 3502 3437
f 3437 3502 3503
f 3437 3503 3438
f 3438 3503 3439
f 3503 3504 3439
f 3439 3504 3505
f 3439 3505 3440
f 3440 3505 3441
f 3505 3506 3441
f 3441 3506 3507
f 3441 3507 3442
f 3442 3507 3443
f 3507 3508 3443
f 3443 3508 3509
f 3443 3509 3444
f 3444 3509 3445
f 3509 3510 3445
f 3446 3511 3447
f 3511 3512 3447
f 3447 3512 3513
f 3447 3513 3448
f 3448 3513 3449
f 3513 3514 3449
f 3449 3514 3515
f 3449 3515 3450
f 3450 3515 3451
f 3515 3516 3451
f 3451 3516 3517
f 3451 3517 3452
f 3452 3517 3453
f 3517 3518 3453
f 3453 3518 3519
f 3453 3519 3454
f 3454 3519 3455
f 3519 3520 3455
f 3455 3520 3521
f 3455 3521 3456
f 3456 3521 3457
f 3521 3522 3457
f 3457 3522 3523
f 3457 3523 3458
f 3458 3523 3459
f 3523 3524 3459
f 3459 3524 3525
f 3459 3525 3460
f 3460 3525 3461
f 3525 3526 3461
f 3461 3526 3527
f 3461 3527 3462
f 3462 3527 3463
f 3527 3528 3463
f 3463 3528 3529
f 3463 3529 3464
f 3464 3529 3465
f 3529 3530 3465
f 3465 3530 3531
f 3465 3531 3466
f 3466 3531 3467
f 3531 3532 3467
f 3467 3532 3533
f 3467 3533 3468
f 3468 3533 3469
f 3533 3534 3469
f 3469 3534 3535
f 3469 3535 3470
f 3470 3535 3471
f 3535 3536 3471
f 3471 3536 3537
f 3471 3537 3472
f 3472 3537 3473
f 3537 3538 3473
f 3473 3538 3539
f 3473 3539 3474
f 3474 3539 3475
f 3539 3540 3475
f 3475 3540 3541
f 3475 3541 3476
f 3476 3541 3477
f 3541 3542 3477
f 3477 3542 3543
f 3477 3543 3478
f 3478 3543 3479
f 3543 3544 3479
f 3479 3544 3545
f 3479 3545 3480
f 3480 3545 3481
f 3545 3546 3481
f 3481 3546 3547
f 3481 3547 3482
f 3482 3547 3483
f 3547 3548 3483
f 3483 3548 3549
f 3483 3549 3484
f 3484 3549 3485
f 3549 3550 3485
f 3485 3550 3551
f 3485 3551 3486
f 3486 3551 3487
f 3551 3552 3487
f 3487 3552 3553
f 3487 3553 3488
f 3488 3553 3489
f 3553 3554 3489
f 3489 3554 3555
f 3489 3555 3490
f 3490 3555 3491
f 3555 3556 3491
f 3491 3556 3557
f 3491 3557 3492
f 3492 3557 3493
f 3557 3558 3493
f 3493 3558 3559
f 3493 3559 3494
f 3494 3559 3495
f 3559 3560 3495
f 3495 3560 3561
f 3495 3561 3496
f 3496 3561 3497
f 3561 3562 3497
f 3497 3562 3563
f 3497 3563 3498
f 3498 3563 3499
f 3563 3564 3499
f 3499 3564 3565
f 3499 3565 3500
f 3500 3565 3501
f 3565 3566 3501
f 3501 3566 3567
f 3501 3567 3502
f 3502 3567 3503
f 3567 3568 3503
f 3503 3568 3569
f 3503 3569 3504
f 3504 3569 3505
f 3569 3570 3505
f 3505 3570 3571
f 3505 3571 3506
f 3506 3571 3507
f 3571 3572 3507
f 3507 3572 3573
f 3507 3573 3508
f 3508 3573 3509
f 3573 3574 3509
f 3509 3574 3575
f 3509 3575 3510
f 3511 3576 3577
f 3511 3577 3512
f 3512 3577 3513
f 3577 3578 3513
f 3513 3578 3579
f 3513 3579 3514
f 3514 3579 3515
f 3579 3580 3515
f 3515 3580 3581
f 3515 3581 3516
f 3516 3581 3517
f 3581 3582 3517
f 3517 3582 3583
f 3517 3583 3518
f 3518 3583 3519
f 3583 3584 3519
f 3519 3584 3585
f 3519 3585 3520
f 3520 3585 3521
f 3585 3586 3521
f 3521 3586 3587
f 3521 3587 3522
f 3522 3587 3523
f 3587 3588 3523
f 3523 3588 3589
f 3523 3589 3524
f 3524 3589 3525
f 3589 3590 3525
f 3525 3590 3591
f 3525 3591 3526
f 3526 3591 3527
f 3591 3592 3527
f 3527 3592 3593
f 3527 3593 3528
f 3528 3593 3529
f 3593 3594 3529
f 3529 3594 3595
f 3529 3595 3530
f 3530 3595 3531
f 3595 3596 3531
f 3531 3596 3597
f 3531 3597 3532
f 3532 3597 3533
f 3597 3598 3533
f 3533 3598 3599
f 3533 3599 3534
f 3534 3599 3535
f 3599 3600 3535
f 3535 3600 3601
f 3535 3601 3536
f 3536 3601 3537
f 3601 3602 3537
f 3537 3602 3603
f 3537 3603 3538
f 3538 3603 3539
f 3603 3604 3539
f 3539 3604 3605
f 3539 3605 3540
f 3540 3605 3541
f 3605 3606 3541
f 3541 3606 3607
f 3541 3607 3542
f 3542 3607 3543
f 3607 3608 3543
f 3543 3608 3609
f 3543 3609 3544
f 3544 3609 3545
f 3609 3610 3545
f 3545 3610 3611
f 3545 3611 3546
f 3546 3611 3547
f 3611 3612 3547
f 3547 3612 3613
f 3547 3613 3548
f 3548 3613 3549
f 3613 3614 3549
f 3549 3614 3615
f 3549 3615 3550
f 3550 3615 3551
f 3615 3616 3551
f 3551 3616 3617
f 3551 3617 3552
f 3552 3617 3553
f 3617 3618 3553
f 3553 3618 3619
f 3553 3619 3554
f 3554 3619 3555
f 3619 3620 3555
f 3555 3620 3621
f 3555 3621 3556
f 3556 3621 3557
f 3621 3622 3557
f 3557 3622 3623
f 3557 3623 3558
f 3558 3623 3559
f 3623 3624 3559
f 3559 3624 3625
f 3559 3625 3560
f 3560 3625 3561
f 3625 3626 3561
f 3561 3626 3627
f 3561 3627 3562
f 3562 3627 3563
f 3627 3628 3563
f 3563 3628 3629
f 3563 3629 3564
f 3564 3629 3565
f 3629 3630 3565
f 3565 3630 3631
f 3565 3631 3566
f 3566 3631 3567
f 3631 3632 3567
f 3567 3632 3633
f 3567 3633 3568
f 3568 3633 3569
f 3633 3634 3569
f 3569 3634 3635
f 3569 3635 3570
f 3570 3635 3571
f 3635 3636 3571
f 3571 3636 3637
f 3571 3637 3572
f 3572 3637 3573
f 3637 3638 3573
f 3573 3638 3639
f 3573 3639 3574
f 3574 3639 3575
f 3639 3640 3575
f 3576 3641 3577
f 3641 3642 3577
f 3577 3642 3643
f 3577 3643 3578
f 3578 3643 3579
f 3643 3644 3579
f 3579 3644 3645
f 3579 3645 3580
f 3580 3645 3581
f 3645 3646 3581
f 3581 3646 3647
f 3581 3647 3582
f 3582 3647 3583
f 3647 3648 3583
f 3583 3648 3649
f 3583 3649 3584
f 3584 3649 3585
f 3649 3650 3585
f 3585 3650 3651
f 3585 3651 3586
f 3586 3651 3587
f 3651 3652 3587
f 3587 3652 3653
f 3587 3653 3588
f 3588 3653 3589
f 3653 3654 3589
f 3589 3654 3655
f 3589 3655 3590
f 3590 3655 3591
f 3655 3656 3591
f 3591 3656 3657
f 3591 3657 3592
f 3592 3657 3593
f 3657 3658 3593
f 3593 3658 3659
f 3593 3659 3594
f 3594 3659 3595
f 3659 3660 3595
f 3595 3660 3661
f 3595 3661 3596
f 3596 3661 3597
f 3661 3662 3597
f 3597 3662 3663
f 3597 3663 3598
f 3598 3663 3599
f 3663 3664 3599
f 3599 3664 3665
f 3599 3665 3600
f 3600 3665 3601
f 3665 3666 3601
f 3601 3666 3667
f 3601 3667 3602
f 3602 3667 3603
f 3667 3668 3603
f 3603 3668 3669
f 3603 3669 3604
f 3604 3669 3605
f 3669 3670 3605
f 3605 3670 3671
f 3605 3671 3606
f 3606 3671 3607
f 3671 3672 3607
f 3607 3672 3673
f 3607 3673 3608
f 3608 3673 3609
f 3673 3674 3609
f 3609 3674 3675
f 3609 3675 3610
f 3610 3675 3611
f 3675 3676 3611
f 3611 3676 3677
f 3611 3677 3612
f 3612 3677 3613
f 3677 3678 3613
f 3613 3678 3679
f 3613 3679 3614
f 3614 3679 3615
f 3679 3680 3615
f 3615 3680 3681
f 3615 3681 3616
f 3616 3681 3617
f 3681 3682 3617
f 3617 3682 3683
f 3617 3683 3618
f 3618 3683 3619
f 3683 3684 3619
f 3619 3684 3685
f 3619 3685 3620
f 3620 3685 3621
f 3685 3686 3621
f 3621 3686 3687
f 3621 3687 3622
f 3622 3687 3623
f 3687 3688 3623
f 3623 3688 3689
f 3623 3689 3624
f 3624 3689 3625
f 3689 3690 3625
f 3625 3690 3691
f 3625 3691 3626
f 3626 3691 3627
f 3691 3692 3627
f 3627 3692 3693
f 3627 3693 3628
f 3628 3693 3629
f 3693 3694 3629
f 3629 3694 3695
f 3629 3695 3630
f 3630 3695 3631
f 3695 3696 3631
f 3631 3696 3697
f 3631 3697 3632
f 3632 3697 3633
f 3697 3698 3633
f 3633 3698 3699
f 3633 3699 3634
f 3634 3699 3635
f 3699 3700 3635
f 3635 3700 3701
f 3635 3701 3636
f 3636 3701 3637
f 3701 3702 3637
f 3637 3702 3703
f 3637 3703 3638
f 3638 3703 3639
f 3703 3704 3639
f 3639 3704 3705
f 3639 3705 3640
f 3641 3706 3707
f 3641 3707 3642
f 3642 3707 3643
f 3707 3708 3643
f 3643 3708 3709
f 3643 3709 3644
f 3644 3709 3645
f 3709 3710 3645
f 3645 3710 3711
f 3645 3711 3646
f 3646 3711 3647
f 3711 3712 3647
f 3647 3712 3713
f 3647 3713 3648
f 3648 3713 3649
f 3713 3714 3649
f 3649 3714 3715
f 3649 3715 3650
f 3650 3715 3651
f 3715 3716 3651
f 3651 3716 3717
f 3651 3717 3652
f 3652 3717 3653
f 3717 3718 3653
f 3653 3718 3719
f 3653 3719 3654
f 3654 3719 3655
f 3719 3720 3655
f 3655 3720 3721
f 3655 3721 3656
f 3656 3721 3657
f 3721 3722 3657
f 3657 3722 3723
f 3657 3723 3658
f 3658 3723 3659
f 3723 3724 3659
f 3659 3724 3725
f 3659 3725 3660
f 3660 3725 3661
f 3725 3726 3661
f 3661 3726 3727
f 3661 3727 3662
f 3662 3727 3663
f 3727 3728 3663
f 3663 3728 3729
f 3663 3729 3664
f 3664 3729 3665
f 3729 3730 3665
f 3665 3730 3731
f 3665 3731 3666
f 3666 3731 3667
f 3731 3732 3667
f 3667 3732 3733
f 3667 3733 3668
f 3668 3733 3669
f 3733 3734 3669
f 3669 3734 3735
f 3669 3735 3670
f 3670 3735 3671
f 3735 3736 3671
f 3671 3736 3737
f 3671 3737 3672
f 3672 3737 3673
f 3737 3738 3673
f 3673 3738 3739
f 3673 3739 3674
f 3674 3739 3675
f 3739 3740 3675
f 3675 3740 3741
f 3675 3741 3676
f 3676 3741 3677
f 3741 3742 3677
f 3677 3742 3743
f 3677 3743 3678
f 3678 3743 3679
f 3743 3744 3679
f 3679 3744 3745
f 3679 3745 3680
f 3680 3745 3681
f 3745 3746 3681
f 3681 3746 3747
f 3681 3747 3682
f 3682 3747 3683
f 3747 3748 3683
f 3683 3748 3749
f 3683 3749 3684
f 3684 3749 3685
f 3749 3750 3685
f 3685 3750 3751
f 3685 3751 3686
f 3686 3751 3687
f 3751 3752 3687
f 3687 3752 3753
f 3687 3753 3688
f 3688 3753 3689
f 3753 3754 3689
f 3689 3754 3755
f 3689 3755 3690
f 3690 3755 3691
f 3755 3756 3691
f 3691 3756 3757
f 3691 3757 3692
f 3692 3757 3693
f 3757 3758 3693
f 3693 3758 3759
f 3693 3759 3694
f 3694 3759 3695
f 3759 3760 3695
f 3695 3760 3761
f 3695 3761 3696
f 3696 3761 3697
f 3761 3762 3697
f 3697 3762 3763
f 3697 3763 3698
f 3698 3763 3699
f 3763 3764 3699
f 3699 3764 3765
f 3699 3765 3700
f 3700 3765 3701
f 3765 3766 3701
f 3701 3766 3767
f 3701 3767 3702
f 3702 3767 3703
f 3767 3768 3703
f 3703 3768 3769
f 3703 3769 3704
f 3704 3769 3705
f 3769 3770 3705
f 3706 3771 3707
f 3771 3772 3707
f 3707 3772 3773
f 3707 3773 3708
f 3708 3773 3709
f 3773 3774 3709
f 3709 3774 3775
f 3709 3775 3710
f 3710 3775 3711
f 3775 3776 3711
f 3711 3776 3777
f 3711 3777 3712
f 3712 3777 3713
f 3777 3778 3713
f 3713 3778 3779
f 3713 3779 3714
f 3714 3779 3715
f 3779 3780 3715
f 3715 3780 3781
f 3715 3781 3716
f 3716 3781 3717
f 3781 3782 3717
f 3717 3782 3783
f 3717 3783 3718
f 3718 3783 3719
f 3783 3784 3719
f 3719 3784 3785
f 3719 3785 3720
f 3720 3785 3721
f 3785 3786 3721
f 3721 3786 3787
f 3721 3787 3722
f 3722 3787 3723
f 3787 3788 3723
f 3723 3788 3789
f 3723 3789 3724
f 3724 3789 3725
f 3789 3790 3725
f 3725 3790 3791
f 3725 3791 3726
f 3726 3791 3727
f 3791 3792 3727
f 3727 3792 3793
f 3727 3793 3728
f 3728 3793 3729
f 3793 3794 3729
f 3729 3794 3795
f 3729 3795 3730
f 3730 3795 3731
f 3795 3796 3731
f 3731 3796 3797
f 3731 3797 3732
f 3732 3797 3733
f 3797 3798 3733
f 3733 3798 3799
f 3733 3799 3734
f 3734 3799 3735
f 3799 3800 3735
f 3735 3800 3801
f 3735 3801 3736
f 3736 3801 3737
f 3801 3802 3737
f 3737 3802 3803
f 3737 3803 3738
f 3738 3803 3739
f 3803 3804 3739
f 3739 3804 3805
f 3739 3805 3740
f 3740 3805 3741
f 3805 3806 3741
f 3741 3806 3807
f 3741 3807 3742
f 3742 3807 3743
f 3807 3808 3743
f 3743 3808 3809
f 3743 3809 3744
f 3744 3809 3745
f 3809 3810 3745
f 3745 3810 3811
f 3745 3811 3746
f 3746 3811 3747
f 3811 3812 3747
f 3747 3812 3813
f 3747 3813 3748
f 3748 3813 3749
f 3813 3814 3749
f 3749 3814 3815
f 3749 3815 3750
f 3750 3815 3751
f 3815 3816 3751
f 3751 3816 3817
f 3751 3817 3752
f 3752 3817 3753
f 3817 3818 3753
f 3753 3818 3819
f 3753 3819 3754
f 3754 3819 3755
f 3819 3820 3755
f 3755 3820 3821
f 3755 3821 3756
f 3756 3821 3757
f 3821 3822 3757
f 3757 3822 3823
f 3757 3823 3758
f 3758 3823 3759
f 3823 3824 3759
f 3759 3824 3825
f 3759 3825 3760
f 3760 3825 3761
f 3825 3826 3761
f 3761 3826 3827
f 3761 3827 3762
f 3762 3827 3763
f 3827 3828 3763
f 3763 3828 3829
f 3763 3829 3764
f 3764 3829 3765
f 3829 3830 3765
f 3765 3830 3831
f 3765 3831 3766
f 3766 3831 3767
f 3831 3832 3767
f 3767 3832 3833
f 3767 3833 3768
f 3768 3833 3769
f 3833 3834 3769
f 3769 3834 3835
f 3769 3835 3770
f 3771 3836 3837
f 3771 3837 3772
f 3772 3837 3773
f 3837 3838 3773
f 3773 3838 3839
f 3773 3839 3774
f 3774 3839 3775
f 3839 3840 3775
f 3775 3840 3841
f 3775 3841 3776
f 3776 3841 3777
f 3841 3842 3777
f 3777 3842 3843
f 3777 3843 3778
f 3778 3843 3779
f 3843 3844 3779
f 3779 3844 3845
f 3779 3845 3780
f 3780 3845 3781
f 3845 3846 3781
f 3781 3846 3847
f 3781 3847 3782
f 3782 3847 3783
f 3847 3848 3783
f 3783 3848 3849
f 3783 3849 3784
f 3784 3849 3785
f 3849 3850 3785
f 3785 3850 3851
f 3785 3851 3786
f 3786 3851 3787
f 3851 3852 3787
f 3787 3852 3853
f 3787 3853 3788
f 3788 3853 3789
f 3853 3854 3789
f 3789 3854 3855
f 3789 3855 3790
f 3790 3855 3791
f 3855 3856 3791
f 3791 3856 3857
f 3791 3857 3792
f 3792 3857 3793
f 3857 3858 3793
f 3793 3858 3859
f 3793 3859 3794
f 3794 3859 3795
f 3859 3860 3795
f 3795 3860 3861
f 3795 3861 3796
f 3796 3861 3797
f 3861 3862 3797
f 3797 3862 3863
f 3797 3863 3798
f 3798 3863 3799
f 3863 3864 3799
f 3799 3864 3865
f 3799 3865 3800
f 3800 3865 3801
f 3865 3866 3801
f 3801 3866 3867
f 3801 3867 3802
f 3802 3867 3803
f 3867 3868 3803
f 3803 3868 3869
f 3803 3869 3804
f 3804 3869 3805
f 3869 3870 3805
f 3805 3870 3871
f 3805 3871 3806
f 3806 3871 3807
f 3871 3872 3807
f 3807 3872 3873
f 3807 3873 3808
f 3808 3873 3809
f 3873 3874 3809
f 3809 3874 3875
f 3809 3875 3810
f 3810 3875 3811
f 3875 3876 3811
f 3811 3876 3877
f 3811 3877 3812
f 3812 3877 3813
f 3877 3878 3813
f 3813 3878 3879
f 3813 3879 3814
f 3814 3879 3815
f 3879 3880 3815
f 3815 3880 3881
f 3815 3881 3816
f 3816 3881 3817
f 3881 3882 3817
f 3817 3882 3883
f 3817 3883 3818
f 3818 3883 3819
f 3883 3884 3819
f 3819 3884 3885
f 3819 3885 3820
f 3820 3885 3821
f 3885 3886 3821
f 3821 3886 3887
f 3821 3887 3822
f 3822 3887 3823
f 3887 3888 3823
f 3823 3888 3889
f 3823 3889 3824
f 3824 3889 3825
f 3889 3890 3825
f 3825 3890 3891
f 3825 3891 3826
f 3826 3891 3827
f 3891 3892 3827
f 3827 3892 3893
f 3827 3893 3828
f 3828 3893 3829
f 3893 3894 3829
f 3829 3894 3895
f 3829 3895 3830
f 3830 3895 3831
f 3895 3896 3831
f 3831 3896 3897
f 3831 3897 3832
f 3832 3897 3833
f 3897 3898 3833
f 3833 3898 3899
f 3833 3899 3834
f 3834 3899 3835
f 3899 3900 3835
f 3836 3901 3837
f 3901 3902 3837
f 3837 3902 3903
f 3837 3903 3838
f 3838 3903 3839
f 3903 3904 3839
f 3839 3904 3905
f 3839 3905 3840
f 3840 3905 3841
f 3905 3906 3841
f 3841 3906 3907
f 3841 3907 3842
f 3842 3907 3843
f 3907 3908 3843
f 3843 3908 3909
f 3843 3909 3844
f 3844 3909 3845
f 3909 3910 3845
f 3845 3910 3911
f 3845 3911 3846
f 3846 3911 3847
f 3911 3912 3847
f 3847 3912 3913
f 3847 3913 3848
f 3848 3913 3849
f 3913 3914 3849
f 3849 3914 3915
f 3849 3915 3850
f 3850 3915 3851
f 3915 3916 3851
f 3851 3916 3917
f 3851 3917 3852
f 3852 3917 3853
f 3917 3918 3853
f 3853 3918 3919
f 3853 3919 3854
f 3854 3919 3855
f 3919 3920 3855
f 3855 3920 3921
f 3855 3921 3856
f 3856 3921 3857
f 3921 3922 3857
f 3857 3922 3923
f 3857 3923 3858
f 3858 3923 3859
f 3923 3924 3859
f 3859 3924 3925
f 3859 3925 3860
f 3860 3925 3861
f 3925 3926 3861
f 3861 3926 3927
f 3861 3927 3862
f 3862 3927 3863
f 3927 3928 3863
f 3863 3928 3929
f 3863 3929 3864
f 3864 3929 3865
f 3929 3930 3865
f 3865 3930 3931
f 3865 3931 3866
f 3866 3931 3867
f 3931 3932 3867
f 3867 3932 3933
f 3867 3933 3868
f 3868 3933 3869
f 3933 3934 3869
f 3869 3934 3935
f 3869 3935 3870
f 3870 3935 3871
f 3935 3936 3871
f 3871 3936 3937
f 3871 3937 3872
f 3872 3937 3873
f 3937 3938 3873
f 3873 3938 3939
f 3873 3939 3874
f 3874 3939 3875
f 3939 3940 3875
f 3875 3940 3941
f 3875 3941 3876
f 3876 3941 3877
f 3941 3942 3877
f 3877 3942 3943
f 3877 3943 3878
f 3878 3943 3879
f 3943 3944 3879
f 3879 3944 3945
f 3879 3945 3880
f 3880 3945 3881
f 3945 3946 3881
f 3881 3946 3947
f 3881 3947 3882
f 3882 3947 3883
f 3947 3948 3883
f 3883 3948 3949
f 3883 3949 3884
f 3884 3949 3885
f 3949 3950 3885
f 3885 3950 3951
f 3885 3951 3886
f 3886 3951 3887
f 3951 3952 3887
f 3887 3952 3953
f 3887 3953 3888
f 3888 3953 3889
f 3953 3954 3889
f 3889 3954 3955
f 3889 3955 3890
f 3890 3955 3891
f 3955 3956 3891
f 3891 3956 3957
f 3891 3957 3892
f 3892 3957 3893
f 3957 3958 3893
f 3893 3958 3959
f 3893 3959 3894
f 3894 3959 3895
f 3959 3960 3895
f 3895 3960 3961
f 3895 3961 3896
f 3896 3961 3897
f 3961 3962 3897
f 3897 3962 3963
f 3897 3963 3898
f 3898 3963 3899
f 3963 3964 3899
f 3899 3964 3965
f 3899 3965 3900
f 3901 3966 3967
f 3901 3967 3902
f 3902 3967 3903
f 3967 3968 3903
f 3903 3968 3969
f 3903 3969 3904
f 3904 3969 3905
f 3969 3970 3905
f 3905 3970 3971
f 3905 3971 3906
f 3906 3971 3907
f 3971 3972 3907
f 3907 3972 3973
f 3907 3973 3908
f 3908 3973 3909
f 3973 3974 3909
f 3909 3974 3975
f 3909 3975 3910
f 3910 3975 3911
f 3975 3976 3911
f 3911 3976 3977
f 3911 3977 3912
f 3912 3977 3913
f 3977 3978 3913
f 3913 3978 3979
f 3913 3979 3914
f 3914 3979 3915
f 3979 3980 3915
f 3915 3980 3981
f 3915 3981 3916
f 3916 3981 3917
f 3981 3982 3917
f 3917 3982 3983
f 3917 3983 3918
f 3918 3983 3919
f 3983 3984 3919
f 3919 3984 3985
f 3919 3985 3920
f 3920 3985 3921
f 3985 3986 3921
f 3921 3986 3987
f 3921 3987 3922
f 3922 3987 3923
f 3987 3988 3923
f 3923 3988 3989
f 3923 3989 3924
f 3924 3989 3925
f 3989 3990 3925
f 3925 3990 3991
f 3925 3991 3926
f 3926 3991 3927
f 3991 3992 3927
f 3927 3992 3993
f 3927 3993 3928
f 3928 3993 3929
f 3993 3994 3929
f 3929 3994 3995
f 3929 3995 3930
f 3930 3995 3931
f 3995 3996 3931
f 3931 3996 3997
f 3931 3997 3932
f 3932 3997 3933
f 3997 3998 3933
f 3933 3998 3999
f 3933 3999 3934
f 3934 3999 3935
f 3999 4000 3935
f 3935 4000 4001
f 3935 4001 3936
f 3936 4001 3937
f 4001 4002 3937
f 3937 4002 4003
f 3937 4003 3938
f 3938 4003 3939
f 4003 4004 3939
f 3939 4004 4005
f 3939 4005 3940
f 3940 4005 3941
f 4005 4006 3941
f 3941 4006 4007
f 3941 4007 3942
f 3942 4007 3943
f 4007 4008 3943
f 3943 4008 4009
f 3943 4009 3944
f 3944 4009 3945
f 4009 4010 3945
f 3945 4010 4011
f 3945 4011 3946
f 3946 4011 3947
f 4011 4012 3947
f 3947 4012 4013
f 3947 4013 3948
f 3948 4013 3949
f 4013 4014 3949
f 3949 4014 4015
f 3949 4015 3950
f 3950 4015 3951
f 4015 4016 3951
f 3951 4016 4017
f 3951 4017 3952
f 3952 4017 3953
f 4017 4018 3953
f 3953 4018 4019
f 3953 4019 3954
f 3954 4019 3955
f 4019 4020 3955
f 3955 4020 4021
f 3955 4021 3956
f 3956 4021 3957
f 4021 4022 3957
f 3957 4022 4023
f 3957 4023 3958
f 3958 4023 3959
f 4023 4024 3959
f 3959 4024 4025
f 3959 4025 3960
f 3960 4025 3961
f 4025 4026 3961
f 3961 4026 4027
f 3961 4027 3962
f 3962 4027 3963
f 4027 4028 3963
f 3963 4028 4029
f 3963 4029 3964
f 3964 4029 3965
f 4029 4030 3965
f 3966 4031 3967
f 4031 4032 3967
f 3967 4032 4033
f 3967 4033 3968
f 3968 4033 3969
f 4033 4034 3969
f 3969 4034 4035
f 3969 4035 3970
f 3970 4035 3971
f 4035 4036 3971
f 3971 4036 4037
f 3971 4037 3972
f 3972 4037 3973
f 4037 4038 3973
f 3973 4038 4039
f 3973 4039 3974
f 3974 4039 3975
f 4039 4040 3975
f 3975 4040 4041
f 3975 4041 3976
f 3976 4041 3977
f 4041 4042 3977
f 3977 4042 4043
f 3977 4043 3978
f 3978 4043 3979
f 4043 4044 3979
f 3979 4044 4045
f 3979 4045 3980
f 3980 4045 3981
f 4045 4046 3981
f 3981 4046 4047
f 3981 4047 3982
f 3982 4047 3983
f 4047 4048 3983
f 3983 4048 4049
f 3983 4049 3984
f 3984 4049 3985
f 4049 4050 3985
f 3985 4050 4051
f 3985 4051 3986
f 3986 4051 3987
f 4051 4052 3987
f 3987 4052 4053
f 3987 4053 3988
f 3988 4053 3989
f 4053 4054 3989
f 3989 4054 4055
f 3989 4055 3990
f 3990 4055 3991
f 4055 4056 3991
f 3991 4056 4057
f 3991 4057 3992
f 3992 4057 3993
f 4057 4058 3993
f 3993 4058 4059
f 3993 4059 3994
f 3994 4059 3995
f 4059 4060 3995
f 3995 4060 4061
f 3995 4061 3996
f 3996 4061 3997
f 4061 4062 3997
f 3997 4062 4063
f 3997 4063 3998
f 3998 4063 3999
f 4063 4064 3999
f 3999 4064 4065
f 3999 4065 4000
f 4000 4065 4001
f 4065 4066 4001
f 4001 4066 4067
f 4001 4067 4002
f 4002 4067 4003
f 4067 4068 4003
f 4003 4068 4069
f 4003 4069 4004
f 4004 4069 4005
f 4069 4070 4005
f 4005 4070 4071
f 4005 4071 4006
f 4006 4071 4007
f 4071 4072 4007
f 4007 4072 4073
f 4007 4073 4008
f 4008 4073 4009
f 4073 4074 4009
f 4009 4074 4075
f 4009 4075 4010
f 4010 4075 4011
f 4075 4076 4011
f 4011 4076 4077
f 4011 4077 4012
f 4012 4077 4013
f 4077 4078 4013
f 4013 4078 4079
f 4013 4079 4014
f 4014 4079 4015
f 4079 4080 4015
f 4015 4080 4081
f 4015 4081 4016
f 4016 4081 4017
f 4081 4082 4017
f 4017 4082 4083
f 4017 4083 4018
f 4018 4083 4019
f 4083 4084 4019
f 4019 4084 4085
f 4019 4085 4020
f 4020 4085 4021
f 4085 4086 4021
f 4021 4086 4087
f 4021 4087 4022
f 4022 4087 4023
f 4087 4088 4023
f 4023 4088 4089
f 4023 4089 4024
f 4024 4089 4025
f 4089 4090 4025
f 4025 4090 4091
f 4025 4091 4026
f 4026 4091 4027
f 4091 4092 4027
f 4027 4092 4093
f 4027 4093 4028
f 4028 4093 4029
f 4093 4094 4029
f 4029 4094 4095
f 4029 4095 4030
f 4031 4096 4097
f 4031 4097 4032
f 4032 4097 4033
f 4097 4098 4033
f 4033 4098 4099
f 4033 4099 4034
f 4034 4099 4035
f 4099 4100 4035
f 4035 4100 4101
f 4035 4101 4036
f 4036 4101 4037
f 4101 4102 4037
f 4037 4102 4103
f 4037 4103 4038
f 4038 4103 4039
f 4103 4104 4039
f 4039 4104 4105
f 4039 4105 4040
f 4040 4105 4041
f 4105 4106 4041
f 4041 4106 4107
f 4041 4107 4042
f 4042 4107 4043
f 4107 4108 4043
f 4043 4108 4109
f 4043 4109 4044
f 4044 4109 4045
f 4109 4110 4045
f 4045 4110 4111
f 4045 4111 4046
f 4046 4111 4047
f 4111 4112 4047
f 4047 4112 4113
f 4047 4113 4048
f 4048 4113 4049
f 4113 4114 4049
f 4049 4114 4115
f 4049 4115 4050
f 4050 4115 4051
f 4115 4116 4051
f 4051 4116 4117
f 4051 4117 4052
f 4052 4117 4053
f 4117 4118 4053
f 4053 4118 4119
f 4053 4119 4054
f 4054 4119 4055
f 4119 4120 4055
f 4055 4120 4121
f 4055 4121 4056
f 4056 4121 4057
f 4121 4122 4057
f 4057 4122 4123
f 4057 4123 4058
f 4058 4123 4059
f 4123 4124 4059
f 4059 4124 4125
f 4059 4125 4060
f 4060 4125 4061
f 4125 4126 4061
f 4061 4126 4127
f 4061 4127 4062
f 4062 4127 4063
f 4127 4128 4063
f 4063 4128 4129
f 4063 4129 4064
f 4064 4129 4065
f 4129 4130 4065
f 4065 4130 4131
f 4065 4131 4066
f 4066 4131 4067
f 4131 4132 4067
f 4067 4132 4133
f 4067 4133 4068
f 4068 4133 4069
f 4133 4134 4069
f 4069 4134 4135
f 4069 4135 4070
f 4070 4135 4071
f 4135 4136 4071
f 4071 4136 4137
f 4071 4137 4072
f 4072 4137 4073
f 4137 4138 4073
f 4073 4138 4139
f 4073 4139 4074
f 4074 4139 4075
f 4139 4140 4075
f 4075 4140 4141
f 4075 4141 4076
f 4076 4141 4077
f 4141 4142 4077
f 4077 4142 4143
f 4077 4143 4078
f 4078 4143 4079
f 4143 4144 4079
f 4079 4144 4145
f 4079 4145 4080
f 4080 4145 4081
f 4145 4146 4081
f 4081 4146 4147
f 4081 4147 4082
f 4082 4147 4083
f 4147 4148 4083
f 4083 4148 4149
f 4083 4149 4084
f 4084 4149 4085
f 4149 4150 4085
f 4085 4150 4151
f 4085 4151 4086
f 4086 4151 4087
f 4151 4152 4087
f 4087 4152 4153
f 4087 4153 4088
f 4088 4153 4089
f 4153 4154 4089
f 4089 4154 4155
f 4089 4155 4090
f 4090 4155 4091
f 4155 4156 4091
f 4091 4156 4157
f 4091 4157 4092
f 4092 4157 4093
f 4157 4158 4093
f 4093 4158 4159
f 4093 4159 4094
f 4094 4159 4095
f 4159 4160 4095
f 4096 4161 4097
f 4161 4162 4097
f 4097 4162 4163
f 4097 4163 4098
f 4098 4163 4099
f 4163 4164 4099
f 4099 4164 4165
f 4099 4165 4100
f 4100 4165 4101
f 4165 4166 4101
f 4101 4166 4167
f 4101 4167 4102
f 4102 4167 4103
f 4167 4168 4103
f 4103 4168 4169
f 4103 4169 4104
f 4104 4169 4105
f 4169 4170 4105
f 4105 4170 4171
f 4105 4171 4106
f 4106 4171 4107
f 4171 4172 4107
f 4107 4172 4173
f 4107 4173 4108
f 4108 4173 4109
f 4173 4174 4109
f 4109 4174 4175
f 4109 4175 4110
f 4110 4175 4111
f 4175 4176 4111
f 4111 4176 4177
f 4111 4177 4112
f 4112 4177 4113
f 4177 4178 4113
f 4113 4178 4179
f 4113 4179 4114
f 4114 4179 4115
f 4179 4180 4115
f 4115 4180 4181
f 4115 4181 4116
f 4116 4181 4117
f 4181 4182 4117
f 4117 4182 4183
f 4117 4183 4118
f 4118 4183 4119
f 4183 4184 4119
f 4119 4184 4185
f 4119 4185 4120
f 4120 4185 4121
f 4185 4186 4121
f 4121 4186 4187
f 4121 4187 4122
f 4122 4187 4123
f 4187 4188 4123
f 4123 4188 4189
f 4123 4189 4124
f 4124 4189 4125
f 4189 4190 4125
f 4125 4190 4191
f 4125 4191 4126
f 4126 4191 4127
f 4191 4192 4127
f 4127 4192 4193
f 4127 4193 4128
f 4128 4193 4129
f 4193 4194 4129
f 4129 4194 4195
f 4129 4195 4130
f 4130 4195 4131
f 4195 4196 4131
f 4131 4196 4197
f 4131 4197 4132
f 4132 4197 4133
f 4197 4198 4133
f 4133 4198 4199
f 4133 4199 4134
f 4134 4199 4135
f 4199 4200 4135
f 4135 4200 4201
f 4135 4201 4136
f 4136 4201 4137
f 4201 4202 4137
f 4137 4202 4203
f 4137 4203 4138
f 4138 4203 4139
f 4203 4204 4139
f 4139 4204 4205
f 4139 4205 4140
f 4140 4205 4141
f 4205 4206 4141
f 4141 4206 4207
f 4141 4207 4142
f 4142 4207 4143
f 4207 4208 4143
f 4143 4208 4209
f 4143 4209 4144
f 4144 4209 4145
f 4209 4210 4145
f 4145 4210 4211
f 4145 4211 4146
f 4146 4211 4147
f 4211 4212 4147
f 4147 4212 4213
f 4147 4213 4148
f 4148 4213 4149
f 4213 4214 4149
f 4149 4214 4215
f 4149 4215 4150
f 4150 4215 4151
f 4215 4216 4151
f 4151 4216 4217
f 4151 4217 4152
f 4152 4217 4153
f 4217 4218 4153
f 4153 4218 4219
f 4153 4219 4154
f 4154 4219 4155
f 4219 4220 4155
f 4155 4220 4221
f 4155 4221 4156
f 4156 4221 4157
f 4221 4222 4157
f 4157 4222 4223
f 4157 4223 4158
f 4158 4223 4159
f 4223 4224 4159
f 4159 4224 4225
f 4159 4225 4160
