# File exported by Houdini 20.5.613 (www.sidefx.com)
# 2513 points
# 14544 vertices
# 4848 primitives
# Bounds: [-0.997188687, -2.04258585, -1.08723247] to [0.997188687, 2.04258585, 1.08723271]
g 
v 0.781902015 0 0.485999942
v 0.790904164 0.133885205 0.471158743
v 0.816556692 0.259627432 0.427185446
v 0.85494262 0.369969696 0.35571143
v 0.900000274 0.459336162 0.259391338
v 0.944175661 0.524454594 0.141808227
v 0.979239285 0.564740896 0.00734583801
v 0.997188687 0.582405746 -0.138967052
v 0.991141975 0.582269311 -0.291636258
v 0.95613414 0.571300864 -0.44489786
v 0.889729202 0.557925582 -0.592923701
v 0.792391837 0.551167369 -0.730030239
v 0.667569518 0.55971247 -0.85087961
v 0.521477997 0.590982616 -0.950673342
v 0.362606615 0.650315583 -1.02532232
v 0.200984538 0.740332425 -1.0715946
v 0.0472827554 0.860557973 -1.08723223
v -0.0881667733 1.00733221 -1.07103384
v -0.196342647 1.17403316 -1.02289891
v -0.270393908 1.35158348 -0.943834364
v -0.306316674 1.52920461 -0.835923493
v -0.30336538 1.69533849 -0.702251673
v -0.264173567 1.83867133 -0.546801686
v -0.194554389 1.94912827 -0.374317378
v -0.10301321 2.01878643 -0.190134987
v 1.93995618e-07 2.04258585 1.74659736e-08
v 0.103013247 2.01878643 0.190135702
v 0.194554448 1.94912767 0.374317914
v 0.264173478 1.83867061 0.546802759
v 0.303365529 1.69533813 0.702251673
v 0.306316614 1.52920437 0.835923612
v 0.270394206 1.35158324 0.94383508
v 0.19634226 1.1740334 1.02289879
v 0.0881665945 1.00733185 1.07103384
v -0.0472829938 0.860557556 1.08723271
v -0.200984716 0.740332365 1.07159472
v -0.362607062 0.650315344 1.02532208
v -0.521478415 0.590982497 0.950672865
v -0.66756922 0.559712529 0.85087961
v -0.792391956 0.551167488 0.730029881
v -0.889729023 0.557925463 0.592923403
v -0.956134319 0.571301043 0.444897413
v -0.991142094 0.582269311 0.291635662
v -0.997188687 0.582405686 0.138966724
v -0.979239225 0.564740717 -0.00734627666
v -0.944175541 0.524454355 -0.141808763
v -0.900000215 0.459335923 -0.259391934
v -0.854942381 0.369969338 -0.355711579
v -0.816556573 0.259627014 -0.427185446
v -0.790904164 0.133885294 -0.471158773
v -0.781902015 -2.81371229e-07 -0.485999942
v -0.790904224 -0.133885607 -0.471158653
v -0.816556752 -0.25962764 -0.427185208
v -0.854942739 -0.369969964 -0.355711341
v -0.900000274 -0.459336281 -0.25939104
v -0.94417572 -0.524454713 -0.141807795
v -0.979239285 -0.564740956 -0.00734514045
v -0.997188568 -0.582405746 0.138967648
v -0.991141915 -0.582269311 0.291636944
v -0.956134081 -0.571300864 0.44489786
v -0.889728844 -0.557925463 0.592924058
v -0.792391956 -0.551167488 0.730029881
v -0.66756922 -0.559712529 0.85087961
v -0.521477878 -0.590982676 0.950673342
v -0.36260587 -0.650316 1.02532232
v -0.200984061 -0.740332723 1.07159483
v -0.0472823679 -0.860558093 1.08723223
v 0.0881674886 -1.00733304 1.07103372
v 0.196342826 -1.174034 1.02289879
v 0.270394593 -1.35158467 0.943834007
v 0.306316644 -1.52920496 0.835923016
v 0.303365529 -1.69533992 0.702250898
v 0.264172852 -1.83867145 0.546801507
v 0.194554389 -1.94912839 0.374316722
v 0.103012338 -2.01878667 0.190134302
v 1.93995618e-07 -2.04258585 1.74659736e-08
v -0.103013396 -2.01878643 -0.190135658
v -0.194554552 -1.94912815 -0.374318004
v -0.264173478 -1.83867073 -0.546802104
v -0.303365469 -1.69533825 -0.702252209
v -0.306316644 -1.52920413 -0.835924089
v -0.270394117 -1.35158336 -0.94383502
v -0.196342081 -1.17403257 -1.02289903
v -0.0881665945 -1.00733185 -1.07103419
v 0.047283262 -0.860557437 -1.08723247
v 0.200985402 -0.740331948 -1.07159448
v 0.3626073 -0.650315404 -1.02532172
v 0.521479309 -0.590982199 -0.950672805
v 0.667570293 -0.55971241 -0.850878656
v 0.792392492 -0.551167428 -0.730029166
v 0.889729917 -0.557925582 -0.592922807
v 0.956134439 -0.571300983 -0.444896728
v 0.991142213 -0.58226943 -0.291635007
v 0.997188568 -0.582405567 -0.138965949
v 0.979238987 -0.564740598 0.00734697143
v 0.944175184 -0.524454117 0.141809225
v 0.899999857 -0.459335506 0.259392381
v 0.854942501 -0.369969547 0.355711579
v 0.816556633 -0.259627163 0.427185506
v 0.790904105 -0.133884907 0.471158832
v -0.00204077712 -0.0465650335 8.84440124e-06
v 0.0113243069 0.0532872118 -6.33435338e-05
v 0.00153172784 -0.00176286267 -7.12443793e-09
v -0.0164098963 0.0950937718 0.000293853082
v 0.0101052681 -0.109547094 -0.000241871283
v 0.0249637961 0.125497356 -0.000776092464
v -0.000730715517 -0.146609753 3.14208191e-05
v 0.0146109406 0.154696286 -0.000697471201
v -0.00763664208 -0.2040108 0.000636046112
v -0.0216618143 0.186575711 0.0015024622
v -0.00466521457 0.264999896 0.000657103315
v 0.0137069738 -0.262373418 -0.00189085503
v 0.0159777068 -0.303595871 -0.00295776688
v 0.0175081342 0.3362813 -0.00398692768
v -0.0143379821 -0.327172816 0.00308884308
v -0.0015358763 0.374636084 0.000436265371
v -0.0269992985 -0.370239228 0.00747375796
v -0.0186755396 0.402286142 0.00613671681
v 0.00919588283 -0.402938604 -0.00303334673
v 0.0260926783 0.44703123 -0.0106724342
v -0.0159133691 -0.445187032 0.00645653391
v 0.0138566596 -0.483587205 -0.0066970191
v -0.00273128203 0.485240906 0.0013299589
v -0.0170549434 -0.525840342 0.00987603515
v -0.0180985183 0.527971923 0.0105732987
v 0.0012796392 0.563347876 -0.00086339697
v -0.00115738541 -0.563369691 0.000781014853
v 0.0194930397 0.603793681 -0.0154109448
v 0.0199108887 -0.60466671 -0.0157943573
v 0.00091507734 0.645300746 -0.000847550167
v -0.00335736456 -0.646747649 0.00312662194
v -0.0171879176 0.683358669 0.0183669664
v -0.0132497605 -0.689269125 0.014474432
v -0.00320589379 -0.735175669 0.00415883819
v -0.00218563736 0.72916317 0.00277200225
v 0.0135873007 -0.77630657 -0.0206106175
v 0.0128497258 0.771364868 -0.0191252064
v -0.00386578962 0.82033664 0.0069628288
v -0.00263022981 -0.828543067 0.00489568198
v -0.00478635635 -0.893070102 0.0116939219
v 0.00967584737 0.867420316 -0.0211553369
v -0.00294223824 0.936786592 0.00881040562
v -0.0128688291 -0.962905347 0.0441079326
v -0.00283006439 1.00384712 0.0121951522
v 0.00776345655 -1.05902421 -0.0492718406
v 0.0039341189 1.06659317 -0.0264745634
v -0.000628281618 -1.10101998 0.00586475432
v -0.000811585225 1.1604135 0.0199391413
v 0.000381057151 -1.1799258 -0.0187781472
v 0.00362737849 1.24392414 0.0822373107
v -0.00203724578 -1.21651697 -0.106763758
v -0.000947658438 -1.32078981 -0.00853505731
v 0.0102124885 -1.31336415 0.095785141
v 0.00997663289 1.34184408 0.0768603086
v 0.00172631 1.41431761 0.00928530004
v -0.000956620323 -1.42024171 -0.00502473535
v -0.012491079 1.4708333 -0.0547988899
v -0.0173450653 -1.46556473 -0.0771972016
v 0.435825437 -0.0156117659 0.0562232845
v -0.436224163 0.0261983927 -0.0559932478
v 0.454650193 -0.063228175 0.0606695674
v -0.444910258 -0.0161239132 -0.0599275529
v 0.443079531 0.0135818934 0.0592319407
v -0.450950414 0.0723444968 -0.0579586215
v -0.470545232 0.008452788 -0.0715612918
v -0.454259545 -0.0606521964 -0.0607945435
v 0.470232159 0.0750274584 0.0661121532
v 0.446316868 -0.0857223198 0.054119546
v -0.429620862 -0.0878498033 -0.0472965986
v 0.427535027 0.0904400274 0.046126321
v -0.449064672 -0.122007102 -0.0483771823
v -0.421857774 0.112057187 -0.0403415635
v -0.439255476 -0.161323428 -0.0346347876
v 0.472213507 -0.107576817 0.0613279752
v 0.471235096 0.122854963 0.0575041063
v -0.445943683 0.143016219 -0.0421005003
v -0.455529273 0.177271634 -0.0356042013
v 0.467906207 -0.186814338 0.0370635279
v 0.447642982 0.160329551 0.0379519835
v 0.435255975 -0.15444681 0.0351684801
v 0.440325111 0.240887552 0.00604127673
v -0.470593542 -0.198344648 -0.0338238813
v 0.43431899 -0.226542965 0.0103933066
v 0.427394658 0.195406616 0.0199892987
v -0.447538555 -0.234518856 -0.0109534776
v 0.46438387 -0.266628414 0.000774518761
v -0.446729541 0.251326561 -0.00312752835
v -0.443307191 0.229946479 -0.0116286827
v 0.43298313 -0.303182155 -0.0267221555
v -0.452210426 0.317777038 0.0314187706
v 0.470387697 0.279623389 -0.00440478045
v 0.421816766 -0.263589084 -0.00890255813
v -0.435106784 0.286789984 0.0174195524
v 0.440368742 0.313768148 -0.031368956
v -0.418334872 -0.325376809 0.0417385362
v 0.464405954 -0.333526641 -0.0390197895
v -0.00370876305 -1.52762794 -0.0139005547
v -0.461112648 -0.292111129 0.014067445
v -0.458917499 -0.347773582 0.0498365276
v 0.464038044 0.340291828 -0.0436994284
v 0.444888264 -0.365985662 -0.0647614673
v -0.426133692 0.375594139 0.073258549
v -0.452150583 0.354115784 0.0553701222
v 0.419143558 0.393352836 -0.0863734484
v -0.459782243 0.401499331 0.0911147669
v -0.420560449 -0.394827247 0.087446928
v 0.454302222 -0.394596964 -0.0857811868
v 0.445550144 0.369758457 -0.0674219206
v -0.439085633 -0.371364743 0.0692360029
v 0.452905059 0.420786351 -0.108157456
v -0.397511512 0.441966474 0.123097181
v -0.452743292 -0.413078636 0.101390868
v 0.397388637 -0.441280425 -0.122518577
v -0.433223933 0.421881944 0.109015219
v 0.43167758 -0.421723962 -0.108844064
v 0.440766335 0.451006502 -0.135721251
v -0.411016822 -0.46107462 0.141591176
v -0.436621815 0.466117352 0.150143489
v 0.442646146 -0.46004203 -0.144763753
v -0.435576171 -0.437891692 0.123126
v -0.421367109 0.495479375 0.177861705
v 0.390806794 -0.519146562 -0.194030002
v 0.395328313 0.517601788 -0.193988577
v -0.44562155 -0.481530637 0.167682841
v 0.41527769 0.484770983 -0.165237263
v 0.415682673 -0.488728166 -0.169378325
v -0.027779609 1.5756073 -0.0927121937
v 0.0177343413 -1.60567379 0.0557897389
v -0.404639453 0.525215447 0.205925226
v -0.401645631 -0.529817045 0.210129455
v -0.411458999 -0.504073262 0.184503064
v -0.382580608 0.561464727 0.239626601
v 0.420540929 0.538821876 -0.228923187
v -0.379519403 -0.564897001 0.24226515
v 0.419025868 -0.541165471 -0.231345847
v 0.389378518 -0.573287189 -0.259202749
v -0.381974041 0.587583125 0.274606764
v -0.375561833 -0.594056845 0.279447973
v 0.389272958 0.573034227 -0.258789033
v 0.331796974 0.642731249 -0.314783901
v 0.331067532 -0.640007079 -0.309685707
v -0.00231744512 1.64558303 -0.00677673519
v -0.0155761745 -1.64942324 -0.0452039726
v 0.362123072 0.6075629 -0.288939208
v 0.361971498 -0.60639894 -0.287083715
v -0.339871734 -0.65025121 0.336524516
v -0.346008331 0.647939503 0.339489579
v -0.367141902 -0.625379086 0.322009951
v -0.364515513 0.621571004 0.313060582
v 0.346211284 -0.660999179 -0.364899427
v -0.30093506 -0.693734527 0.365486652
v -0.273618042 0.730253875 0.394710869
v 0.344573379 0.664263189 -0.369433314
v -0.308915854 0.686426818 0.363259286
v 0.303616613 -0.70091033 -0.384878725
v 0.30213955 0.707715154 -0.397685289
v 0.0304707866 1.73068559 0.0776521489
v 0.0465270244 -1.70723116 0.122365095
v -0.275591493 -0.741483212 0.427477747
v 0.221366227 -0.799172103 -0.444252938
v 0.260931551 -0.749284565 -0.413142204
v 0.220965669 0.802188516 -0.453122169
v -0.238976404 0.777304769 0.43227914
v 0.259123713 0.756884515 -0.429169625
v -0.227168635 -0.797547638 0.459518701
v -0.239109293 0.793709278 0.492115945
v 0.175853178 0.854448557 -0.457553595
v -0.0199589431 1.82626653 -0.0449709594
v -3.26178706e-05 -1.71523595 -8.57878695e-05
v -0.17977424 -0.858115911 0.500120461
v 0.189413294 -0.845814288 -0.492707402
v 0.179613844 0.861454964 -0.522812366
v -0.156087026 0.89010179 0.53377378
v -0.181543782 0.850265324 0.469319135
v -0.0782616138 -0.995306134 0.451986641
v 0.103118032 0.95906955 -0.549620688
v -0.100060374 -0.96344316 0.511196196
v 0.119000718 -0.9375 -0.563762426
v -0.0491510555 -1.77375185 -0.117813252
v 0.131378233 0.919729471 -0.511955619
v 0.0566737354 1.03182936 -0.505142987
v -0.104927748 0.95377624 0.601832271
v 0.0623333603 -1.02251267 -0.502226055
v -0.0975684822 -0.96368134 0.598563373
v -0.0171037912 1.10467815 0.494935751
v -0.057521075 1.02738595 0.540122151
v -0.0355277061 1.04311728 0.640605152
v 0.0144557804 -1.16155481 0.518639863
v 0.00437581539 1.10938966 -0.57583648
v -0.0240917802 1.13862622 -0.635971844
v -0.0143806636 -1.09551024 0.562062204
v -0.0145709515 1.0923562 0.573759258
v 0.0180898905 -1.0886066 -0.564220071
v 0.0254217088 1.13545537 0.65008235
v -0.0213115364 1.17671061 -0.515573978
v -0.0292155147 -1.18015027 -0.550824225
v -0.0762575269 1.28339446 -0.545564592
v 0.0882761925 1.28897989 0.58125639
v 0.0701034367 -1.26813972 0.547832787
v 0.0380908698 1.19682193 0.553879917
v 0.0509030521 -1.20193577 0.600339592
v 0.0989275575 1.37105656 0.499436021
v -0.098707974 1.27492428 -0.639710248
v -0.0783536732 -1.26002479 -0.594380736
v 0.0968854427 -1.38695717 0.472316146
v -0.643249631 0.0545545034 -0.196631238
v 0.654195547 -0.0508760437 0.209788203
v -0.648897588 -0.0671691671 -0.200854793
v 0.65758723 0.0518997423 0.213709131
v -0.652573764 -0.159312502 -0.175127506
v -0.64725405 0.140557557 -0.177384257
v -0.646691561 0.0117901005 -0.204509869
v -0.223697841 -0.0325874127 -0.00699854037
v 0.221367374 0.00587443914 0.00722701661
v 0.232279807 -0.0348803177 0.0078040082
v -0.234730184 0.0434391238 -0.00775141967
v 0.22847116 -0.0553668663 0.00656193541
v 0.210833192 0.0321137123 0.00582014956
v -0.202971786 0.0208106656 -0.00540444255
v 0.643185019 -0.0827804208 0.191135213
v -0.630461872 -0.0215881672 -0.186262146
v 0.63870579 0.00382873532 0.195720509
v -0.644571841 0.0965423137 -0.189200938
v -0.228394523 -0.0558927506 -0.00652763108
v 0.204056486 0.0680506304 0.00377940852
v 0.201507837 -0.0130743217 0.00539136352
v -0.240136936 -0.00179029792 -0.00924873818
v -0.626544476 -0.10773243 -0.167219833
v 0.642225862 0.0918550268 0.187867403
v -0.223030895 0.0670856759 -0.00539815845
v 0.249197498 0.0473241806 0.00922342483
v 0.2285752 -0.0833410323 0.00479636202
v 0.667596936 0.133171245 0.203764006
v -0.209938481 -0.0806309655 -0.00344408932
v 0.233117074 0.0959232524 0.00416575233
v -0.219405457 0.12706247 4.33849891e-05
v -0.221266925 -0.127111703 -7.20070529e-05
v -0.24892126 0.0874241963 -0.00649628788
v 0.246285528 -0.111766122 0.00381844025
v -0.218609348 -0.102770761 -0.00235187612
v -0.661312282 0.183104441 -0.172919035
v -0.224230349 0.10757 -0.00233216328
v 0.231938675 0.130019188 0.000477767346
v 0.666603923 -0.133351028 0.20247829
v 0.0348179452 1.83862603 0.0772487745
v 0.00277269632 -1.83704638 0.00617250241
v 0.648342371 -0.16586414 0.167507291
v -0.237083212 0.165582746 0.00413380284
v 0.656027734 0.171434671 0.173112765
v 0.223083794 0.165078014 -0.0047739991
v 0.217509195 -0.170672253 -0.00583181949
v -0.215907991 -0.17644906 0.00675890641
v 0.224648908 -0.140286475 -0.00128785695
v -0.213718116 0.149454281 0.00304814125
v -0.222516254 -0.151817366 0.00292151864
v 0.658176243 -0.214734137 0.150924176
v 0.640846312 0.208118692 0.137462035
v 0.208888099 0.218039811 -0.0138544505
v 0.673680127 0.289782465 0.109395929
v -0.677358925 0.220381483 -0.168566152
v -0.224091992 -0.207084239 0.0117790038
v -0.668187618 -0.203460962 -0.168933824
v 0.677088618 -0.280882299 0.120902739
v -0.23343122 0.190483272 0.00850180443
v 0.211745143 -0.205666944 -0.0116370441
v 0.198751658 0.188422382 -0.00890856236
v 0.648122191 -0.246991783 0.119061194
v 0.675926208 0.24911423 0.145994186
v -0.227108002 -0.238649607 0.0181890149
v 0.22055456 0.245606139 -0.0195964314
v -0.213245675 0.243215024 0.0188883115
v 0.22786738 -0.232428476 -0.0168461148
v -0.640481234 -0.260185808 -0.102402844
v -0.647371829 0.271256745 -0.100024857
v -0.662630618 -0.244792908 -0.135012046
v -0.232046425 0.218287021 0.0138697252
v -0.641815603 0.215598479 -0.13390547
v 0.19040072 -0.290296257 -0.0277329814
v -0.690636277 -0.321386606 -0.0956542417
v -0.227563858 -0.271263212 0.0258793086
v 0.242665619 0.271646321 -0.0265692454
v -0.194860369 0.297651917 0.0298852697
v -0.650231242 0.354236603 -0.0242552534
v 0.66184777 -0.319832027 0.0696444362
v 0.217262641 -0.265750051 -0.0240521058
v -0.680393338 0.344353735 -0.060295105
v -0.679024041 0.313317657 -0.0922046527
v -0.215875372 0.274202108 0.0259880126
v 0.20503208 0.325020581 -0.0380772166
v -0.237107441 -0.330925882 0.0437778085
v -0.239490792 0.326467484 0.0425895266
v 0.229366854 -0.315957278 -0.0382909663
v 0.693132281 0.361324936 0.052053351
v 0.706156135 -0.38014093 0.0399746858
v -0.655654728 -0.352611542 -0.030148631
v 0.0916459262 -1.32635164 0.535242617
v -0.139890254 1.4370563 -0.55144757
v 0.137118667 1.39542305 0.590351701
v 0.119374007 -1.41533065 0.513897955
v -0.137964725 -1.43239892 -0.550915837
v 0.224113196 0.297491431 -0.0325437151
v -0.204833612 -0.360585243 0.0484111048
v 0.224691391 0.359107941 -0.0514019728
v -0.185939565 0.368285656 0.0469847322
v -0.698454857 -0.358302921 -0.060993135
v 0.67124635 -0.388172537 -0.000822202361
v -0.669957399 0.400907695 0.0188442692
v -0.212536082 -0.302021563 0.032742653
v -0.6597507 -0.328016758 -0.059599217
v -0.20114395 0.336129785 0.0406083874
v 0.207857385 -0.356554031 -0.0477087311
v -0.231195867 0.364254832 0.0542643629
v 0.200169563 0.396433294 -0.0589791499
v 0.689089298 0.420900345 -0.0341727138
v -0.225415751 -0.389737576 0.0624222457
v -0.213248283 0.405811638 0.0655568615
v -0.707577884 0.426743418 0.0291152541
v 0.206877574 -0.407848299 -0.0646639094
v -0.674689889 -0.412074357 0.0312742926
v 0.705587268 -0.423136294 -0.0248295423
v -0.698146939 0.381824255 -0.0300824475
v 0.226218596 0.421295971 -0.075016968
v -0.178273469 0.440172583 0.06741447
v -0.664549053 0.456975907 0.108260423
v -0.71172148 -0.437130213 0.0434419774
v 0.186462522 -0.451792628 -0.0744218379
v -0.223193586 -0.422531396 0.0746962205
v 0.663022578 -0.453873962 -0.103710353
v 0.691326499 0.396567613 0.00365606532
v -0.686235428 -0.390012324 -0.00854162313
v 0.201161504 0.486870646 -0.0944867954
v -0.682166159 -0.470597893 0.12423525
v -0.174646214 -0.494086564 0.0857216641
v -0.199724704 0.474729389 0.0885944068
v -0.704475939 0.479446977 0.129966751
v 0.220618054 -0.477272123 -0.0980529115
v 0.703881085 -0.483118802 -0.138205528
v 0.682940543 -0.439007044 -0.0674543381
v -0.686267018 0.44182691 0.0700152218
v 0.693897426 0.472807646 -0.122286506
v 0.20958516 0.451597005 -0.0824994296
v -0.216657951 0.502505302 0.108790927
v 0.669912219 -0.498697579 -0.18717207
v 0.67951256 0.51787132 -0.23038286
v 0.17518048 0.523749769 -0.0982079804
v -0.219229594 -0.50255239 0.109989084
v -0.211902097 -0.465786666 0.0894312561
v -0.13066259 1.3678447 -0.605381668
v -0.109093502 -1.34167898 -0.57323885
v 0.683057427 0.491924673 -0.1674916
v 0.182718217 -0.507566392 -0.0950917006
v 0.126131505 1.47697771 0.471313238
v -0.167521462 -1.53503823 -0.533227324
v 0.145555198 -1.4158442 0.590720356
v -0.692360103 -0.453689486 0.0868354738
v 0.710273921 0.44931227 -0.0664646253
v -0.674194932 0.513305545 0.220067501
v 0.18592003 0.554308236 -0.11868868
v -0.188589096 0.542404354 0.114306062
v -0.673457146 -0.519590318 0.236184418
v 0.190995589 -0.548122942 -0.118600942
v -0.192000568 -0.537028611 0.113583244
v -0.652406752 0.553655624 0.33821401
v -0.143226668 0.634052992 0.127250507
v 0.202469602 0.583342791 -0.145835251
v -0.172768772 -0.579628527 0.122968055
v -0.631974936 -0.542474568 0.299508214
v 0.197360337 -0.582506776 -0.141743734
v 0.696899474 -0.520185769 -0.232014522
v -0.679341793 0.49570179 0.17726475
v -0.686213374 -0.497118473 0.177779913
v 0.176885173 -0.617340744 -0.146968558
v 0.634281814 -0.549616218 -0.320960462
v 0.647045195 0.549746275 -0.323895782
v -0.189862892 0.629729569 0.165980592
v 0.180479497 0.615028679 -0.148535505
v -0.0439655781 1.91594577 -0.0897188187
v -0.044522576 -1.93781614 -0.0889180526
v -0.185779259 0.587299764 0.136314005
v -0.676360667 0.534543455 0.277644902
v -0.163903803 -0.621469915 0.138499901
v 0.140933603 -0.699380338 -0.162123248
v -0.178530023 -0.655941606 0.173581198
v 0.15001978 0.680779994 -0.160534069
v -0.160883024 0.66561681 0.16229637
v 0.602712393 -0.58260417 -0.425892264
v -0.65103668 -0.562844872 0.37246868
v -0.180808157 1.52872467 -0.571658313
v 0.166729078 -1.50128365 0.560760677
v 0.156252235 0.646641195 -0.146034375
v 0.161560506 -0.655238152 -0.156347364
v 0.619062841 0.568089843 -0.377981752
v -0.149611011 -0.707481265 0.178169176
v -0.605032504 -0.582073867 0.425577015
v -0.149583668 0.710454464 0.180288479
v -0.612831831 0.582157433 0.433106631
v 0.666626811 -0.536960006 -0.2854532
v 0.673058808 0.536818385 -0.284795672
v -0.615392327 0.571007133 0.387006879
v 0.1577584 -0.731134057 -0.207577884
v -0.528639853 -0.6235286 0.539300859
v -0.132912144 0.755462289 0.191337466
v -0.526165307 0.622814775 0.527249157
v 0.150677338 0.73243463 -0.198744133
v 0.624888659 -0.566308796 -0.374284118
v -0.562182248 -0.605238676 0.490145594
v -0.565403998 0.602935672 0.482231617
v 0.127489075 -0.787724972 -0.209668145
v -0.132366508 -0.765172362 0.198362634
v 0.530801594 -0.623200417 -0.542990983
v 0.536089838 0.620532036 -0.536621928
v -0.114478514 0.809304118 0.204922736
v 0.18085283 1.518924 0.580334604
v 0.572364151 -0.602638125 -0.492126375
v -0.130340025 -0.813180506 0.240601256
v 0.0998577923 -0.838312626 -0.201043561
v -0.473410428 0.651527107 0.590190113
v 0.131396934 0.790067911 -0.218889639
v 0.469448984 -0.653000295 -0.586076081
v 0.45380038 -0.663324833 -0.631565213
v -0.48451665 -0.647175848 0.598851383
v 0.0993143097 -0.881955147 -0.246833622
v -0.101258211 0.871298373 0.23895061
v 0.445014 0.668115735 -0.644424915
v 0.570914328 0.602084756 -0.486311525
v -0.101730429 -0.860004485 0.22715503
v 0.10693498 0.85137552 -0.230440065
v -0.437414736 -0.672216892 0.65548867
v 0.388253987 -0.699671924 -0.658566058
v 0.0708593726 -0.932543695 -0.220714554
v -0.0921171382 0.908500016 0.261235118
v 0.0782834366 0.917299271 -0.226976141
v 0.387042105 0.700431705 -0.665881455
v -0.42838788 0.676996648 0.657169819
v -0.143119723 1.57967746 -0.435888857
v -0.212487474 1.66901243 -0.539736927
v 0.181706429 -1.63329923 0.494417399
v -0.0824655145 -0.956924319 0.312140763
v 0.0671961904 0.970462799 -0.26382798
v -0.0719505697 0.960822463 0.268460751
v -0.367062747 0.712329865 0.690468788
v 0.488332868 0.645223618 -0.595028162
v -0.0764394626 -0.943560839 0.257820755
v -0.360435188 -0.716724455 0.682455063
v -0.283056498 -0.769773483 0.710898161
v 0.0714472234 0.983136117 -0.317213237
v 0.0748002008 -0.976902783 -0.320756346
v 0.366671473 -0.711269379 -0.719452143
v 0.333478391 0.731487095 -0.737741947
v -0.297994256 0.757490277 0.725257099
v -0.0567429811 -1.0126853 0.301061809
v 0.236053586 0.802866459 -0.754397213
v -0.291746497 -0.753480554 0.796840906
v -0.0359757021 -1.05727518 0.25810653
v 0.0274413675 -1.09272218 -0.309536368
v 0.0317059979 1.07110405 -0.258922428
v -0.0292169154 1.07803035 0.254232287
v 0.217499867 1.63415587 0.573968589
v 0.192275867 -1.56538653 0.568670213
v -0.147914648 1.67656064 -0.388975859
v -0.0530501306 1.01056004 0.26842013
v 0.0567182899 1.01643932 -0.31338647
v 0.156345934 0.869513631 -0.782969892
v -0.221403778 0.794372201 0.861418784
v 0.0122242123 -1.13543344 -0.228528395
v 0.136400908 -0.894840062 -0.756885707
v -0.0259918422 -1.09869432 0.346929312
v -0.0462581366 1.04610884 0.331412643
v -0.114982128 0.910623789 0.785125256
v 0.00328864157 -1.18495131 0.319190592
v 0.271089733 -0.776742458 -0.737056255
v 0.193321571 -1.73368597 0.460928321
v -0.186840147 -1.77773643 -0.425499469
v -0.00808869302 1.22147036 -0.235487267
v -0.017546922 1.12087107 0.288664311
v 0.037222147 1.00358295 -0.77057296
v -0.14224726 0.85593915 0.885305226
v 0.179077893 -0.827875376 -0.8687585
v -0.0235551596 -0.999478936 0.828964055
v 0.00473310053 1.18253577 0.35263145
v -0.0242737979 -1.25265872 -0.325842887
v 0.0433762074 -0.97963959 -0.819219768
v -0.238742441 0.801033854 0.751408398
v -0.0753649473 0.938653588 0.834212482
v 0.0205736831 -1.26682448 0.26117447
v -0.0138688087 1.05226183 -0.814054728
v -0.0272456557 -1.32206452 -0.222860813
v 0.18053329 1.71067786 0.445504934
v -0.162104696 -1.64371324 -0.441605598
v -0.143772423 1.85343218 -0.307045132
v -0.147024244 -1.85481095 -0.313240826
v 0.0862142146 0.927648008 -0.83227855
v -0.0841263831 -0.92090553 0.859761715
v -0.0109732598 -1.20348346 -0.343160003
v 0.0467511863 1.3306607 0.331106275
v -0.0244046971 -1.28353703 -0.26123333
v -0.0227310956 -1.05506873 -0.833985746
v 0.0456893966 1.36595869 0.279966593
v 0.0418876708 1.08004618 0.834569931
v -0.045387201 -1.37445951 -0.269064635
v 0.0832434595 -1.14453137 0.821916401
v 0.0963577032 -0.906540036 -0.865233362
v -0.723560512 0.0562316403 -0.313158929
v 0.708854914 -0.0557448119 0.286596566
v -0.703900397 -0.029998282 -0.281994432
v 0.712260783 0.0575086996 0.292143494
v 0.731116652 0.178969741 0.274602562
v 0.737881899 -0.178149223 0.287825108
v -0.0278953239 1.29942429 -0.260723889
v 0.0311155021 -1.07206619 0.820785522
v 0.0404804051 -1.3151089 0.318834752
v -0.0715829432 1.38521183 -0.377433658
v 0.0456023738 1.46697295 0.197213635
v 0.144358903 1.25540173 0.798330963
v -0.0631700158 1.08890712 -0.873595059
v 0.123104095 -1.22583294 0.78925091
v -0.0657536387 -1.36207676 -0.380935878
v 0.0491988286 -1.46119022 0.215412855
v 0.719390571 -0.246220648 0.204102114
v 0.756126404 0.280561626 0.23073788
v 0.741279304 -0.0552505702 0.350552559
v 0.114039123 0.0320104919 0.000755097193
v -0.097448729 -0.0417023636 -0.000278009422
v 0.330864668 -0.0377008878 0.0233798679
v -0.114094175 0.0328832455 -0.000743492972
v 0.119513392 -0.0388876162 0.000776691304
v -0.543608844 0.0359185375 -0.111942656
v 0.555036247 -0.0452233367 0.119004421
v -0.553500652 -0.0481997356 -0.117598504
v 0.553098023 0.0377203859 0.118342899
v 0.112402059 -0.0597340837 0.000144627222
v -0.0894542634 0.0600271076 0.000167453836
v -0.134746417 -0.0319465399 -0.00135628507
v 0.110262781 0.0744527951 -0.000328775524
v -0.346832633 -0.0457739867 -0.0266017616
v 0.334887594 0.0491312034 0.0236086547
v -0.738114715 -0.111005262 -0.32541278
v 0.7410146 0.0811115056 0.342954904
v 0.00545867998 1.91969132 0.0111163473
v 0.0370844528 -1.94545054 0.0735578015
v -0.747592747 -0.169771671 -0.313243449
v -0.547063768 0.100295343 -0.104391865
v 0.118498065 0.108479701 -0.00168032188
v -0.322479844 -0.103879608 -0.0155202402
v 0.10061869 -0.089793019 -0.000943604216
v -0.114828609 -0.0979343802 0.0011936567
v -0.329473615 0.0940616503 -0.0181639884
v -0.553997695 -0.102852203 -0.108485617
v -0.746851981 0.172916561 -0.30952099
v -0.727704823 0.00756137539 -0.327050298
v -0.544148803 -0.00286778202 -0.113742732
v -0.33269617 -0.00949750561 -0.0246730316
v -0.117690869 -0.00497230142 -0.00108107389
v 0.318284631 0.0139530441 0.0215057228
v -0.322708011 0.0254818592 -0.0221322794
v 0.335039794 -0.0127232857 0.0251562241
v 0.538441777 -0.0800771117 0.102825888
v -0.563483655 0.0669712648 -0.122287355
v 0.31928581 -0.0612624362 0.0194335878
v -0.318906009 0.0571731515 -0.0196677912
v 0.356113464 -0.0839594528 0.025360873
v -0.352986366 0.0773945227 -0.0253533479
v 0.726456523 0.00250944775 0.324625224
v -0.340907127 -0.0809079781 -0.0221508518
v -0.117735535 -0.0682199597 7.86917462e-06
v 0.332989156 0.0830740333 0.020187445
v 0.118717931 -0.00559005933 0.00110818248
v 0.556210756 0.0826491714 0.114334933
v -0.132925108 1.77107048 -0.312193036
v -0.764429212 -0.277943999 -0.24959363
v -0.751981437 0.277150273 -0.227012172
v -0.126868665 0.0705482811 -9.85165534e-05
v -0.311856121 -0.0534352101 -0.0185506623
v -0.561807215 0.14422971 -0.101983547
v -0.560278237 -0.156977236 -0.0964382365
v -0.732845128 0.106242359 -0.316480011
v 0.329006076 -0.100753725 0.0172074568
v -0.315677226 0.143236831 -0.00808851793
v -0.323320538 -0.129685968 -0.0117607825
v -0.113442637 -0.130412415 0.00288699497
v 0.112892292 -0.165778428 -0.00525104254
v 0.123325862 -0.117121309 -0.00213402789
v -0.326992244 0.113648005 -0.0149913272
v 0.563937485 -0.118757859 0.111343384
v -0.111269593 0.15432708 0.00438521896
v 0.333878577 0.113540344 0.016356295
v -0.747473359 -0.224846661 -0.270139217
v 0.555297434 0.131046668 0.101773433
v 0.74423337 0.139136091 0.32478416
v 0.344048381 -0.126468182 0.0163210668
v 0.735230088 -0.102095991 0.323005706
v -0.52672106 0.157214135 -0.075586468
v 0.144729197 1.81453216 0.322051197
v 0.168805599 -1.80826902 0.374834538
v 0.113578178 0.179297701 -0.00633349456
v 0.789687276 -0.373216391 0.163026497
v -0.745292366 0.227259129 -0.263853908
v 0.753453612 0.229722396 0.277568936
v 0.760887086 -0.232571989 0.290405005
v 0.556770563 0.217849404 0.0673692748
v -0.357494354 0.157867625 -0.0128188813
v 0.343958437 0.169432446 0.00747690024
v 0.337333471 0.141954377 0.0121260695
v 0.335663408 -0.166004568 0.00679255463
v -0.112087503 -0.166309029 0.00526668923
v -0.32301569 -0.16179435 -0.00561458664
v 0.563759625 -0.223916903 0.0684599951
v -0.550722301 0.184620589 -0.0792817622
v 0.564091742 0.174760163 0.0920464471
v 0.556071877 -0.186718851 0.0817245021
v 0.107505456 0.138888702 -0.00332114869
v 0.554782093 -0.151439011 0.0947671458
v 0.314829916 0.191679969 -0.00235695927
v 0.771932542 -0.314358234 0.218887508
v 0.351034701 0.201445326 0.000353109179
v 0.318285614 0.228169546 -0.0118108308
v -0.139422178 -0.196197286 0.00894492865
v -0.10121876 0.192912206 0.00685166894
v 0.101158909 -0.211105078 -0.00834130496
v 0.33709535 -0.206787229 -0.00334100868
v -0.563358784 -0.206222296 -0.0773116872
v 0.531833053 -0.246074677 0.0385657437
v -0.316950917 0.182517827 -0.000110985937
v -0.574707031 0.219134361 -0.0780576617
v -0.103763834 -0.239687964 0.0112090921
v -0.319777846 -0.248595402 0.0180148687
v 0.122557476 0.245693371 -0.0136157647
v -0.105143763 0.233940884 0.0107617686
v -0.33572799 0.245029047 0.0153604606
v 0.338503182 -0.241357327 -0.0138266338
v 0.133353725 -0.244542241 -0.0144206462
v 0.573818803 -0.258928716 0.0540260561
v -0.765565813 -0.317649007 -0.202668369
v 0.768572688 0.332918227 0.187289834
v 0.542270243 0.25412634 0.0392444059
v -0.105489209 -0.209617674 0.00850321166
v -0.55203867 0.24378857 -0.050504107
v -0.32758823 -0.2234779 0.00942379981
v -0.342466921 0.216080934 0.00528794667
v -0.563662469 -0.246625036 -0.0555353723
v -0.571537673 0.29824847 -0.0253361613
v 0.563720584 -0.287562013 0.0289069284
v 0.114003211 0.216037869 -0.00967452768
v -0.139688209 0.212050915 0.0107721249
v 0.0993169397 -0.304933906 -0.0179310087
v 0.337461233 -0.304933727 -0.0381200016
v -0.336303174 -0.278606623 0.0274506304
v -0.127529085 -0.294976205 0.0209449008
v 0.103085078 0.272604108 -0.014654465
v 0.340398043 0.258993238 -0.0197671391
v -0.0978126228 0.299912572 0.0170739293
v -0.780154884 0.369885713 -0.151548833
v 0.575502217 0.28636682 0.0363078825
v -0.559343278 0.317201883 -0.00456059352
v 0.106162637 -0.269653291 -0.0147035373
v -0.111894906 -0.266655892 0.015042006
v 0.323532939 -0.263432682 -0.0227405336
v -0.775781095 -0.357658833 -0.163453206
v 0.300863057 -0.286653101 -0.0318607055
v -0.561464787 0.274471819 -0.0366870314
v -0.12262395 0.264738232 0.0160292573
v 0.314595908 0.318121552 -0.04398508
v -0.0891457573 -0.321534485 0.0180952195
v -0.336782008 0.307669997 0.0393206887
v -0.115903378 0.333360344 0.0249561742
v 0.33567819 -0.32525903 -0.0471715182
v 0.125497863 -0.326081038 -0.0256008208
v 0.554433823 -0.319652915 0.000353476644
v -0.77071774 -0.379055202 -0.121148616
v 0.78088665 0.375589043 0.143379763
v 0.0505467877 1.41449559 0.255602032
v 0.0518865436 -1.38034153 0.294949383
v 0.0933771431 1.16060257 0.820041656
v 0.812073708 -0.429962814 0.093215175
v -0.805762112 0.436400205 -0.0680040643
v -0.0656133145 1.4946928 -0.257332474
v 0.0729741603 1.50087678 0.279515147
v 0.0853780434 -1.51376224 0.312951297
v -0.0706804022 -1.50017309 -0.271917135
v 0.171214283 -1.2979548 0.803741157
v -0.141879201 -1.2346828 -0.822781742
v -0.570438981 -0.294600934 -0.0274527743
v 0.110605434 0.304634452 -0.01975815
v 0.328961343 0.289886266 -0.0322727636
v 0.559387803 0.322246671 0.000574919919
v -0.818882763 -0.413556695 -0.142342687
v 0.588966072 0.359886616 -0.018829437
v -0.12323492 -0.341366202 0.0277646985
v -0.332389832 -0.351897568 0.0598417372
v 0.293815821 -0.37885046 -0.0697006956
v 0.12680155 0.375324905 -0.0348857678
v -0.0937712267 0.376924396 0.0264575053
v -0.307790399 0.366710842 0.0654522702
v 0.819132984 0.413183272 0.1436719
v 0.791992426 -0.437020838 0.045147717
v -0.53964287 0.380905002 0.058347214
v -0.56970787 -0.336587459 0.00654040789
v -0.343510747 -0.314229667 0.0420039333
v -0.557919562 0.359974623 0.032488171
v 0.314739794 -0.349144727 -0.0576671623
v 0.556479752 -0.383703858 -0.0557833724
v 0.561205208 -0.351891965 -0.0238139927
v 0.343814373 0.338502735 -0.0534539968
v -0.575913787 0.406146705 0.0732131824
v 0.0955811515 0.410366952 -0.0322216861
v 0.311824828 0.391807467 -0.0785810575
v -0.0922146738 -0.406636268 0.0305288341
v -0.330850333 -0.385530114 0.0773855895
v -0.325002968 0.398572922 0.0840170756
v -0.101164348 0.416783005 0.0351737067
v 0.346785694 -0.384455383 -0.0781682134
v 0.111021385 -0.417002141 -0.0385059007
v 0.79197067 0.444319069 0.0292802397
v -0.825597644 0.464293748 -0.0338028036
v -0.834272146 -0.472707033 -0.0259942263
v 0.834710419 -0.470867008 0.0319906138
v 0.565012097 -0.414911121 -0.0866117999
v 0.111437395 0.34160763 -0.0253408495
v -0.323336005 0.341086507 0.0543102212
v -0.551494658 -0.388936162 0.062646471
v 0.56255579 0.38348189 -0.0534714162
v 0.0964840949 -0.384989589 -0.0284274127
v 0.325591534 0.366133451 -0.0666359439
v 0.579799175 0.413749456 -0.0807409659
v -0.578963757 -0.416051745 0.0837448239
v 0.115703605 0.442341536 -0.0454481989
v -0.295158505 0.432510465 0.0979069248
v -0.0831258595 0.456557095 0.035253372
v 0.083306089 -0.445258588 -0.0334936529
v 0.294123679 -0.441113889 -0.102607019
v -0.336450458 -0.420624882 0.0988669321
v -0.119241804 -0.4397645 0.0461970158
v 0.850646555 0.479142249 0.0381836072
v -0.851656199 0.508852243 0.0599385947
v 0.800808907 -0.485800266 -0.0609820224
v -0.793303609 -0.424118698 -0.0741057694
v 0.806153953 0.42950362 0.0838299319
v -0.828970134 -0.456060052 -0.0614673346
v -0.58277607 -0.372298867 0.0341158696
v 0.331287622 0.419700027 -0.097451888
v 0.318684697 -0.414990842 -0.0925162956
v -0.794052362 0.482634515 0.0606586039
v 0.544088721 -0.439067513 -0.119632579
v -0.540387094 0.446555674 0.129268855
v -0.119489841 -0.371700972 0.032334704
v 0.819507957 -0.47732994 -0.0115027651
v -0.821793556 0.480013937 0.0155127915
v 0.81903249 0.498146057 -0.0736043081
v -0.850388765 -0.512309849 0.0750842318
v 0.848013282 -0.512806535 -0.0809081718
v 0.304934114 0.483584732 -0.132852495
v 0.101742677 0.477903843 -0.047402177
v -0.103581354 -0.46943891 0.0464081429
v -0.314736545 0.46681276 0.124372177
v -0.103751026 0.484573275 0.0497916825
v 0.101426587 -0.480815679 -0.0478848629
v 0.547821581 0.471895874 -0.161728337
v -0.540952861 -0.457926095 0.14352116
v 0.570174694 -0.465096205 -0.149824351
v -0.0111176074 1.01341927 0.831773579
v -0.557060182 0.425876707 0.101403713
v 0.319391787 -0.472091466 -0.129403606
v 0.552502394 0.441145629 -0.120759487
v -0.310195923 -0.454622954 0.115026005
v -0.559391916 0.473261207 0.162814483
v 0.520739973 -0.505182207 -0.209344208
v 0.521276295 0.499664724 -0.201124981
v -0.569250762 -0.485907972 0.181205317
v -0.101449043 0.519201636 0.056675557
v -0.321553141 0.497587264 0.149016008
v 0.0884654969 -0.520274639 -0.0497476719
v 0.843820512 0.540364146 -0.208710507
v 0.0833620951 0.517259657 -0.046314206
v 0.295108676 0.525042832 -0.159345701
v -0.123870917 -0.505708277 0.0649932697
v 0.837900579 -0.537971377 -0.203903615
v 0.315419018 0.453489155 -0.11564929
v -0.0686305165 1.44125342 -0.308562368
v -0.0704160631 -1.43706656 -0.319256932
v -0.305261075 -0.490322411 0.137717307
v 0.289990187 -0.506779969 -0.14352414
v 0.212946802 1.38401818 0.792832077
v -0.0983887315 1.53009462 -0.34329617
v -0.193162084 -1.34286141 -0.797135055
v -0.830078959 -0.489844799 0.0315674506
v 0.844275951 0.489867479 -0.00770697556
v 0.547974586 0.51785171 -0.23373653
v -0.827998579 0.534556985 0.19929111
v -0.524222016 0.523637414 0.239584982
v -0.827894688 -0.531802535 0.186831176
v 0.0921714753 0.555979431 -0.0600997545
v -0.0986744463 0.567189336 0.0672943369
v -0.0924847126 -0.581625879 0.0668691322
v 0.287174255 -0.542232096 -0.168914676
v -0.560701728 -0.436111182 0.112945549
v 0.808133841 0.522970378 -0.172314778
v 0.535974681 -0.481991738 -0.176288664
v 0.830288887 0.516718268 -0.12210694
v 0.843165934 -0.52604121 -0.14159584
v -0.533216655 -0.504849553 0.210275546
v -0.0958841816 -0.537973166 0.0580248684
v -0.306934148 -0.522713661 0.162941515
v -0.293712944 0.527913153 0.160914704
v 0.0970093608 -0.553222418 -0.0625133589
v -0.541738093 0.499481082 0.202538952
v -0.787144601 0.547795594 0.300642818
v 0.556628406 -0.520501733 -0.239714548
v -0.0727855116 0.608421743 0.0585281104
v -0.274427831 0.594739079 0.206117094
v 0.107890286 0.591676712 -0.0811111107
v -0.0634574592 -0.594777822 0.048397433
v -0.2657547 -0.603052855 0.207296208
v 0.31764394 -0.561057568 -0.202404305
v 0.106941506 -0.594167531 -0.0812020674
v -0.506372631 0.562335491 0.305710822
v -0.798163831 -0.548620939 0.298667282
v -0.501139998 0.544231296 0.268776059
v -0.286699086 -0.552496493 0.177002192
v -0.491456598 -0.557257712 0.288597375
v 0.306934088 0.556774199 -0.192195103
v 0.0845885202 -0.638173938 -0.0762961432
v 0.255857706 -0.619681299 -0.214839712
v 0.493224204 -0.573019862 -0.320998341
v 0.800788701 -0.553538561 -0.327733904
v -0.799515247 -0.55572772 0.343887001
v 0.499326438 0.566496313 -0.310715169
v 0.805934548 0.553119242 -0.321759433
v 0.275759727 0.598673165 -0.210807487
v 0.117206775 -1.92592108 0.234463915
v -0.280801713 0.561568439 0.18112199
v -0.846137047 0.525055289 0.133021101
v -0.837329686 -0.522891462 0.136667967
v -0.833212256 0.546850145 0.258076906
v -0.51990813 -0.529189348 0.248112276
v 0.827602983 0.547590375 -0.26842925
v 0.27761209 -0.585387826 -0.199802116
v -0.0820264667 -0.623093188 0.0698066577
v 0.52097261 -0.548254609 -0.283607751
v 0.0677034408 -0.689320743 -0.0741493106
v 0.240742236 -0.657396853 -0.238051593
v -0.0921858698 -0.663263917 0.0915733799
v 0.0689676702 0.683301508 -0.0738373846
v 0.246998668 0.641283512 -0.227854833
v 0.472490162 0.597138524 -0.36066401
v 0.760212243 0.566883802 -0.447367221
v -0.804818392 0.556618631 0.347912401
v -0.507594347 0.580175579 0.346304506
v -0.0918941796 0.655978024 0.0887673274
v -0.279881388 0.624469221 0.240487471
v 0.780074358 -0.562941611 -0.41028893
v -0.512955785 -0.577712834 0.343843132
v -0.0734783933 -1.59595633 -0.230343983
v -0.821016312 -0.542602122 0.246725097
v 0.0872758329 0.628421187 -0.075817138
v -0.217787474 1.37855005 -0.809474409
v -0.0999622196 1.6194706 -0.295519888
v 0.229711592 -1.39408708 0.81746763
v 0.0949598327 -1.59384549 0.294461459
v 0.463538677 -0.603887379 -0.369131356
v -0.768940926 -0.567808568 0.467102438
v -0.221544445 -0.690723598 0.252003998
v 0.0683028549 -0.728854418 -0.0869359747
v 0.0783004239 0.739431381 -0.103964806
v 0.231612891 0.68455255 -0.25741753
v -0.0800411254 0.7071172 0.0939094052
v -0.230591938 0.691956282 0.264772147
v -0.461772412 -0.609464884 0.381443769
v -0.772532761 0.56667757 0.452448726
v 0.827641547 -0.548369825 -0.273171574
v 0.527457714 0.542352676 -0.274334848
v -0.783079445 -0.563825905 0.420038968
v -0.0708909482 -0.719280958 0.0870236084
v -0.467183411 0.607185841 0.380902022
v 0.460103691 -0.623879313 -0.42006886
v 0.0811856762 -0.765488625 -0.11940214
v -0.213781357 -0.732907712 0.292948872
v -0.0591926798 -0.781349182 0.0921384022
v 0.750836849 -0.570436597 -0.489977449
v -0.721803606 -0.575321436 0.523654521
v -0.208252072 0.735823929 0.288044363
v -0.392564893 0.670904398 0.46565637
v -0.69267863 0.581333041 0.564586878
v 0.254713207 0.698920012 -0.306083947
v 0.453558266 0.620809436 -0.403030306
v 0.786478698 0.561387539 -0.394911021
v -0.266442925 -0.645729363 0.251588166
v -0.245164186 0.656880856 0.242130637
v -0.109952956 1.1640563 -0.85622257
v -0.0917065442 -1.13969791 -0.852589071
v -0.429891735 -0.642233849 0.435123324
v -0.0644327849 0.756432831 0.0911173746
v 0.0562887117 -0.818686545 -0.101650268
v 0.393154949 -0.677982986 -0.494851798
v 0.699207187 -0.580217719 -0.570185244
v 0.689004838 0.582300067 -0.584107757
v 0.424379945 0.651768744 -0.458077282
v -0.690562487 -0.581906915 0.57462579
v -0.386514843 -0.673591375 0.46283713
v 0.19486782 0.77597928 -0.323005021
v 0.0644098967 0.809555173 -0.112383418
v -0.0575875118 0.804479241 0.0982216075
v 0.0806534067 1.59818065 0.250652999
v -0.0492993519 -1.67901635 -0.135310873
v 0.132931799 -1.68352258 0.3493779
v -0.240333304 -1.56471515 -0.675899804
v 0.239110976 -0.700033724 -0.286081254
v 0.422271788 -0.651658416 -0.453949302
v 0.216727927 0.729116321 -0.292426437
v 0.384706438 0.683959663 -0.499434978
v 0.565192103 -0.614302933 -0.710241795
v -0.199955985 -0.770919919 0.325095475
v -0.0672425032 -0.830511391 0.128089458
v 0.174950525 -0.798124373 -0.316204727
v -0.3825216 -0.688877106 0.516478002
v -0.0454110876 0.861881614 0.0978800729
v -0.184389949 0.780815482 0.309152514
v -0.594661474 0.605614424 0.681114137
v -0.432268173 0.638845682 0.428086668
v -0.785214782 0.561992347 0.400831908
v 0.342399836 -0.711308539 -0.500988066
v 0.206463292 -0.749353468 -0.303946048
v -0.348863691 0.710612237 0.518314183
v -0.642632067 0.592686653 0.639125764
v 0.312522054 -0.742538095 -0.554252326
v -0.649105608 -0.590682983 0.648010075
v 0.0462427214 -0.885575354 -0.110727705
v 0.0531567596 0.879618049 -0.124420881
v 0.160450324 0.831988335 -0.33964476
v -0.164110124 0.825926244 0.338126034
v -0.0536507443 0.90186429 0.139315978
v -0.333206832 -0.725590408 0.541613877
v 0.331516325 0.727944195 -0.549016476
v 0.635952711 0.59378624 -0.661215603
v -0.731989563 0.573294103 0.50763154
v -0.0514874645 -0.875834107 0.11835786
v -0.171648964 -0.821614683 0.350272804
v 0.153185546 -0.840757549 -0.335870713
v -0.0507080965 -0.92909348 0.150310531
v 0.507578135 -0.630350351 -0.786743641
v 0.257937163 -0.790135086 -0.586131394
v -0.0398012772 0.962749302 0.139541879
v -0.153139845 0.864872813 0.391282231
v 0.127042219 0.884464204 -0.340272218
v 0.0342199281 0.941838861 -0.106540628
v -0.598498762 -0.603799939 0.691239417
v 0.486979246 0.640675187 -0.779482782
v -0.116333127 -1.92402434 -0.233176127
v -0.188403517 -1.446679 -0.668292701
v -0.09219037 1.70789409 -0.23882927
v 0.08772742 1.71450925 0.225540802
v 0.101607107 -1.76375604 0.243510559
v -0.0872251019 -1.69266629 -0.231442109
v 0.730642498 0.574189723 -0.524812996
v -0.030560527 -0.977697968 0.115285449
v -0.10772036 -0.927224398 0.364378005
v 0.0328960493 -0.990719616 -0.134665176
v -0.246826828 -0.801730096 0.629347622
v 0.133706823 0.895843804 -0.398866385
v 0.0313172899 -0.942472339 -0.0975895822
v 0.63654089 -0.593993545 -0.651531935
v -0.138510108 -0.878274918 0.369295001
v -0.287831426 -0.764614224 0.578989923
v -0.119748905 0.910937726 0.376987129
v -0.530210197 0.623708189 0.760409117
v -0.369416386 -0.695398211 0.836528599
v -0.0269933902 -1.03044271 0.143100515
v 0.0464096069 0.997683883 -0.20562996
v 0.0323821753 -1.03154051 -0.176356852
v -0.058973819 1.02501619 0.382232636
v 0.252136737 -0.797056317 -0.657959521
v -0.395195723 0.679863214 0.838247478
v 0.0988920629 0.95085299 -0.392938286
v 0.118706599 -0.920105636 -0.402182251
v -0.195260584 -0.849409342 0.584642053
v -0.195714593 0.849449694 0.602725685
v 0.382510573 0.687704146 -0.835701942
v -0.0131127983 -1.11517167 0.156763747
v 0.155067593 -0.891388774 -0.639825165
v -0.0136034302 1.10144949 0.134290591
v -0.0323355347 1.71347284 -0.0844739303
v 0.241559267 -1.70105076 0.57978797
v -0.138439298 -1.7045095 -0.352603346
v -0.285828412 0.763938427 0.558742285
v 0.0718078762 0.997559607 -0.374620199
v 0.560499847 0.614967227 -0.724996567
v 0.206403494 0.778970838 -0.956594169
v -0.0133693293 1.1289264 0.214756295
v -0.356947482 0.682417095 0.929662764
v 0.0147439837 -1.12672758 -0.371485978
v 0.108017504 -0.943352163 -0.659338236
v -0.0017785728 -1.18260109 0.15571709
v -0.371281326 -0.674938917 0.925330102
v 0.0570692867 1.03209054 -0.418990523
v 0.110687345 0.927537978 -0.731604159
v 0.302158356 0.718650401 -0.925191581
v 0.01748842 -1.09651947 -0.16812025
v -0.0247016549 1.03124774 0.130910963
v -0.196115091 1.4477855 -0.685502529
v 0.000690311193 1.18920672 -0.161615983
v -0.0231784284 1.10444403 0.39489761
v 0.0763371289 -0.966070652 -0.735856235
v 0.00348506495 -1.2323873 0.102213979
v -0.112231798 1.915838 -0.226907119
v 0.0778875649 -0.991076946 -0.405420691
v 0.124989383 1.65962768 0.341477513
v -0.226988316 -1.67667663 -0.565460742
v -0.128431678 0.915548027 0.688227832
v 0.0270577818 1.09435058 -0.415172368
v -0.105588317 -0.943991244 0.674285889
v -0.264118731 -0.736081719 0.956026495
v 0.0189403296 1.05955648 -0.669662178
v -0.00420235097 1.25142384 -0.0822528377
v -0.0331728607 1.24364114 -0.412438482
v -0.285799831 0.724261165 0.944870651
v -0.00678234547 -1.21219575 -0.249756321
v 0.0151543915 -1.11185682 -0.476370782
v 0.222172022 -0.766394675 -0.957797945
v -0.0424107611 -1.03534555 0.630780399
v 0.0252294689 -1.24007881 0.364731342
v 0.0262107849 1.06353855 -0.184786558
v -0.441051066 0.66617012 0.753367603
v -0.440647423 -0.660261035 0.804862261
v 0.0451273918 1.04779971 -0.325154454
v 0.298742414 -0.71228385 -0.955803454
v 0.000505462289 -1.18965769 0.224501863
v 0.000490114093 1.19667327 0.159990072
v 0.00200311095 -1.18118703 -0.157136589
v -0.0031542778 1.16504467 -0.413158745
v -0.151355803 -0.856588244 0.854550838
v 0.0132693276 1.27974546 0.163468674
v -0.0127910227 1.26999605 -0.17446284
v 0.136132747 0.823759973 -0.992659807
v 0.0804215968 -0.8790555 -0.980229676
v -0.018663764 -1.09833467 -0.717966259
v -0.0758742094 -0.882506728 0.982293308
v -0.00384616852 -1.06168365 0.729152501
v 0.0145606995 1.18498325 0.442789793
v -0.0138873458 -1.18423629 -0.439859629
v -0.0137262717 1.32944036 -0.113503307
v -0.0656042695 1.19758034 -0.666187286
v 0.0268718824 1.2981596 0.255148143
v -0.00313070416 1.06477606 0.723290622
v 0.0390870869 -1.23007667 0.479745626
v -0.0721672401 -1.85976124 -0.155645251
v -0.746098399 0.0551548861 -0.36192134
v 0.760902464 -0.079172276 0.393896073
v -0.756435812 -0.0768324137 -0.382268786
v -0.768335223 0.161761865 -0.369335651
v -0.783670664 0.271158457 -0.300490946
v -0.801308393 -0.264270604 -0.359923214
v 0.0691433549 0.990174532 -0.669923007
v 0.763326168 0.134133548 0.374116331
v -0.833784401 0.367623508 -0.279166728
v 0.785099804 0.276245415 0.297569335
v 0.788884759 -0.272233784 0.312491
v 0.819872677 0.384937763 0.20460099
v -0.820719779 -0.380752087 -0.215162978
v 0.869000793 -0.460589975 0.139588475
v -0.885469556 0.469194174 -0.160866514
v 0.0289780498 0.980271995 -0.86210984
v 0.0242621899 -0.965208292 -0.911677361
v -0.0173724517 1.39478493 -0.100525714
v -0.0457350165 1.31394529 -0.350989461
v -0.016235292 1.00871027 -0.917196035
v 0.0240614861 1.41732097 0.125951469
v 0.0216311812 0.998152375 0.951790869
v 0.0777100325 -1.20030355 0.701994598
v 0.00878939033 -0.939726889 -1.00325847
v 0.0189066976 -1.42775154 0.0956635103
v 0.0646253228 -1.32901537 0.422132879
v -0.0720531791 -1.31972301 -0.468852848
v -0.0232134834 -1.40515971 -0.127608821
v -0.00614973903 -0.965422332 0.955460548
v -0.881224275 -0.471236914 -0.139967754
v 0.87498349 0.467740715 0.133344069
v 0.142460883 -0.82482177 -0.975658834
v 0.900652945 -0.516150117 0.0179541446
v -0.894282579 0.511555314 -0.0210630503
v -0.300587952 -0.73446542 0.864802063
v -0.579091847 0.0292237569 -0.13859722
v -0.696748257 0.0225836374 -0.271088958
v 0.0696380213 0.0119228484 0.000205341974
v 0.588533521 -0.0239907894 0.146705315
v 0.765899718 -0.0341345258 0.421136469
v -0.0649562851 0.0406692363 3.21601656e-05
v -0.367890626 0.0158785619 -0.0333812125
v -0.067413345 -0.0287075415 -9.31304166e-05
v 0.0781140625 -0.0296876449 0.000180070536
v 0.38489908 -0.0267182309 0.0379764177
v -0.522141635 0.0584212393 -0.0959129557
v 0.509031355 -0.0513573587 0.0890520811
v -0.243847862 1.57498169 -0.674853086
v 0.24791342 -1.59635425 0.666274846
v -0.513964534 -0.0390993729 -0.0930529758
v 0.507651031 0.0565739162 0.0876870677
v 0.375220418 0.0334293619 0.0348049141
v -0.375942856 -0.0267691426 -0.0353158601
v 0.0662019774 -0.0623958372 -0.000322064647
v -0.0789695308 -0.0654041991 0.000347327907
v 0.0662763938 0.0561652929 -0.000224068717
v 0.59939605 0.0111003174 0.156683862
v -0.588813603 -0.0196475796 -0.147175118
v -0.753283024 -0.00914701447 -0.386494637
v 0.685850859 0.0473069698 0.2518574
v 0.751085043 0.0141410716 0.380412012
v -0.587016225 -0.0774190202 -0.138772458
v -0.761939704 -0.139449939 -0.367116123
v 0.0559116006 -0.095327653 -0.000899734674
v -0.0645586923 -0.105442062 0.00125632726
v -0.518228352 0.12078476 -0.0816927329
v -0.699229836 0.147939071 -0.239906177
v -0.51743573 -0.121825553 -0.0809758827
v 0.0735742226 0.10681802 -0.00141370401
v -0.0650264919 0.122963496 0.00178349752
v -0.377511144 0.105363198 -0.0278819147
v 0.700020969 0.139944971 0.244869754
v 0.703607678 -0.158142656 0.241302714
v -0.0692019612 -0.150745004 0.00292549282
v 0.520910025 0.141028583 0.0775331631
v 0.377747267 0.129391536 0.0236470755
v 0.592054904 0.119855605 0.132531792
v 0.770871282 0.20470342 0.340323329
v 0.502100289 -0.12980552 0.0705871731
v 0.601236224 -0.14086017 0.133254543
v 0.029469654 1.36143994 0.19402276
v 0.0511330366 -1.14368463 0.727873981
v 0.0513916016 -1.28245449 0.436246902
v 0.0544236004 1.14716995 0.731443465
v 0.0614227802 1.28673494 0.477001101
v 0.0285585821 -1.33357668 0.217533588
v 0.0623868592 -0.159485862 -0.00301339012
v -0.062362045 -1.14432824 -0.762557209
v -0.0903529972 1.34193504 -0.507937253
v 0.135771751 1.16215134 0.918876112
v -0.0862420797 1.18897605 -0.749339104
v 0.136906445 -1.1678803 0.91254884
v -0.0486900806 1.39437175 -0.26524809
v 0.0658727884 1.44513106 0.294408143
v -0.0434984192 -1.44989264 -0.198508248
v 0.015865216 1.47802615 0.0679974332
v 0.0733778924 -1.4283042 0.338964224
v 0.0134351216 -1.47320509 0.0584885143
v -0.024148196 0.97936821 -0.994438648
v 0.117761195 -1.34218562 0.600150883
v 0.606344104 -0.216577798 0.102403283
v 0.598314106 0.211397827 0.099052839
v 0.381043524 -0.194204718 0.00830682274
v 0.378819466 0.185012266 0.0105059296
v 0.817149758 0.319082886 0.32286644
v 0.516235769 -0.206583932 0.0505424254
v -0.0635803044 0.169058993 0.00346523733
v 0.0715162605 0.199877024 -0.00547709689
v 0.0727964863 -0.187983334 -0.00489259651
v -0.0712489188 -0.225686774 0.00703017926
v -0.0628545061 0.211657539 0.00547389174
v -0.117123641 -1.75694299 -0.28156209
v -0.771603525 0.10795939 -0.413796157
v 0.758495271 -0.121540628 0.368306845
v -0.369379193 0.0509790741 -0.0320543237
v -0.280108243 0.040328864 -0.0137937441
v 0.170597702 0.0109055676 0.00327110081
v 0.371007174 -0.0562499948 0.0320825614
v -0.15632984 0.0407741033 -0.00202805595
v 0.265524805 0.0151069891 0.0123963924
v -0.153402179 -0.01666243 -0.00232220674
v 0.277381748 -0.0455388166 0.0131267952
v -0.16119732 0.0116877519 -0.00274951477
v -0.0680551305 0.00513141137 -0.000206550307
v -0.305625081 -0.0308607947 -0.0185490344
v 0.17943275 -0.0397368222 0.00328695402
v -0.680947781 0.0881598964 -0.23628141
v 0.161264047 -0.0137994401 0.00273560802
v -0.507089555 0.0196660347 -0.090281941
v 0.406180412 0.00811178703 0.045375783
v -0.278603077 0.017223442 -0.0143037103
v -0.611296952 0.0632592738 -0.162592903
v 0.517469466 0.0209136419 0.0962728262
v -0.408078909 0.00156941125 -0.0460824706
v 0.684729338 -0.0925416052 0.240315601
v 0.518823743 -0.0195958279 0.0971403942
v 0.602058053 -0.0661370307 0.153674617
v 0.478745103 -0.00237242901 0.0756094307
v -0.494666994 -0.00997739192 -0.0837233365
v 0.698796093 0.00312146265 0.275159091
v -0.523759425 0.213808343 -0.0510186553
v -0.516104221 -0.210258067 -0.0488266461
v 0.490518332 -0.0774804279 0.0756318793
v -0.496157289 0.0841913298 -0.07746052
v -0.688117087 -0.0752402395 -0.249743
v 0.405906141 -0.0811938718 0.0399441011
v 0.584818304 0.054304529 0.140702263
v 0.146495029 -0.055282589 0.00120094046
v 0.683350027 0.089374043 0.239281178
v -0.26133427 0.0640048608 -0.00978830177
v -0.399726182 0.0774971098 -0.0384178944
v 0.510712624 0.101188697 0.0820700824
v 0.382849216 0.0668852702 0.0344611369
v -0.168794677 0.067723237 -0.00165891659
v -0.0520160496 0.0783253908 0.000544423179
v -0.182340756 -0.0644785762 -0.00252762367
v 0.162586465 0.0754126981 0.00101659214
v -0.270238578 -0.0441414639 -0.0121447695
v 0.288981974 0.0372658931 0.015352685
v 0.292208314 0.0604595169 0.0145668387
v -0.182149798 -0.0389324687 -0.00347930868
v -0.385842741 -0.0746790543 -0.0344892293
v -0.0396288596 0.273020327 0.00588684343
v 0.0558499172 -0.276567757 -0.00845992845
v -0.719982326 0.136884078 -0.278701484
v -0.486385584 -0.159569383 -0.054187011
v -0.381918192 0.135513201 -0.0234915297
v -0.689138949 -0.174954176 -0.211561024
v -0.770501614 -0.224486262 -0.320419133
v -0.366472155 -0.107129551 -0.0247163083
v -0.2940332 0.0999003202 -0.0111404331
v -0.588052034 -0.123290174 -0.128248125
v 0.505653262 -0.0982055292 0.0799097195
v -0.623679638 -0.153264031 -0.148455888
v -0.17886804 0.113415539 0.000787431607
v -0.0908958018 0.0938498154 0.00110071723
v 0.164855763 -0.101739541 -0.000426279119
v -0.166442797 -0.115735121 0.00138627924
v -0.297871232 -0.0888091251 -0.0129937464
v -0.589441061 0.131815955 -0.126662031
v -0.775158942 0.219642133 -0.337076396
v -0.488598526 0.148759916 -0.0585504733
v 0.382824332 0.100607865 0.0300989524
v -0.274748415 0.116341144 -0.00641947752
v -0.625078022 0.163638443 -0.145332545
v -0.0111760721 -1.26082218 -0.17224139
v -0.286837697 -0.00186776638 -0.0157956351
v 0.288301617 -0.0137966368 0.0159321949
v -0.615102708 0.0219969396 -0.170791566
v -0.901673675 -0.516254902 -0.0203573797
v 0.903048575 0.516800344 0.0217554439
v -0.492060989 -0.0758614466 -0.0766733661
v -0.28178817 -0.0658923611 -0.0125227133
v 0.172970846 0.0431697369 0.00280706142
v -0.299080551 0.0784288794 -0.0142338714
v 0.146172613 -0.0806488171 0.000180727788
v 0.27985394 0.0838327184 0.0107251117
v -0.253347427 -0.084296681 -0.00726233749
v -0.615495205 -0.0553603768 -0.16779314
v -0.596896231 0.0968750119 -0.142830402
v -0.52050513 0.284129739 -0.0107516898
v 0.515132725 -0.281940371 0.00992803182
v -0.0760820657 1.8153019 -0.172412798
v -0.714079142 -0.216346055 -0.220195815
v -0.619870305 -0.226489872 -0.107542224
v -0.715746641 0.24630326 -0.19869794
v -0.793198824 0.321228325 -0.254008561
v 0.0446491465 -0.211455256 -0.00393864
v 0.271012634 -0.0918222815 0.0087353522
v 0.282797217 0.105473824 0.0088295443
v 0.378894359 -0.110672012 0.0273816753
v -0.280160517 -0.139752224 -0.00373790576
v 0.192955345 0.105540201 0.000491512066
v -0.16293852 -0.0867045224 -0.000434365007
v -0.0326966532 -0.131961748 0.00111567799
v -0.156259567 0.0898133814 -2.26961401e-05
v -0.279090047 -0.112077363 -0.00751784584
v 0.290185124 -0.110414408 0.00926665217
v -0.267651141 0.142491937 -0.00192349311
v -0.597357512 -0.168963894 -0.118958555
v 0.582921803 -0.090396516 0.13278468
v 0.162433505 0.168858051 -0.00641739229
v 0.396155387 0.157523543 0.0222278684
v 0.27787444 -0.157679319 0.000489503029
v 0.185944512 -0.153458074 -0.00448077172
v 0.487226605 0.163338721 0.0533546098
v 0.510403991 -0.166822389 0.0634253845
v -0.163247436 -0.140215531 0.00352321751
v 0.0830502808 -0.128299013 -0.00235300674
v -0.165462837 0.142827511 0.0037358785
v 0.604548097 0.16461271 0.126720652
v 0.181445062 -0.127864555 -0.00195346656
v 0.0764756203 1.82177186 0.171988085
v 0.233809263 1.7375052 0.542369545
v 0.148837388 -0.206291899 -0.0104962932
v -0.40663904 0.192094088 -0.0151870856
v 0.513785183 0.221189886 0.0426266231
v 0.162644953 0.199234456 -0.0100703249
v 0.0645012781 0.153711185 -0.00287038903
v -0.400651246 -0.164452329 -0.0216606464
v 0.266767979 -0.212704003 -0.0115764327
v 0.489202321 -0.237130791 0.0242899731
v -0.599038184 0.258575261 -0.0708002523
v -0.809061527 0.370845795 -0.206875697
v -0.729725778 0.325791568 -0.136900336
v -0.374348044 0.258585095 0.0154848965
v 0.828216374 -0.397435308 0.198515117
v -0.0643250197 -0.259367436 0.0085030729
v 0.737647951 -0.331184566 0.141101524
v -0.504019141 0.180025473 -0.0554257594
v 0.157113686 0.122184798 -0.00210758671
v 0.799023271 0.254415482 0.366246432
v 0.6948843 0.177891374 0.217754886
v 0.692689598 -0.191183537 0.20682694
v 0.773925662 -0.216232508 0.337250203
v 0.26543048 -0.129338533 0.00360290124
v 0.592270374 -0.176624045 0.111591406
v -0.284141898 0.172455534 0.00161932933
v 0.190501019 0.139879227 -0.00285116094
v -0.142089412 0.18109183 0.00741947861
v 0.302865893 0.164504543 0.00214677327
v -0.272082388 -0.163690194 0.00115970476
v 0.300098181 -0.186902061 -0.00297642616
v -0.171732277 -0.16952534 0.00650753966
v -0.17760025 -0.200563416 0.0105863987
v 0.3876535 -0.150342941 0.0217009541
v 0.71110779 0.253117621 0.186280191
v 0.495828956 0.313906431 -0.0176827256
v -0.492393732 -0.295426875 0.0067960131
v -0.193080083 0.174095124 0.0069244816
v 0.287613273 0.134408325 0.00550285727
v -0.0344331712 -1.25271499 -0.399693817
v -0.529088259 -0.173924521 -0.0708598569
v 0.90666914 0.541366696 -0.0973311737
v 0.915969014 -0.547161281 -0.109665535
v 0.797947884 0.328300565 0.254219294
v 0.708388805 -0.281421334 0.156787083
v 0.592951953 0.249947503 0.0722535402
v 0.254728168 -0.18883498 -0.00719115697
v 0.394775718 0.212174535 0.00560729345
v -0.0608336329 -0.194553509 0.00445977412
v 0.169731095 -0.175001785 -0.00715159485
v 0.287771642 0.197482482 -0.00661718473
v 0.262615532 0.227387771 -0.0152156642
v -0.291992247 -0.182594836 0.00289821182
v -0.290835559 0.215193212 0.0106450431
v -0.730437636 -0.262009472 -0.206544682
v 0.720466971 0.288179278 0.166106343
v 0.804341435 -0.328715801 0.269384623
v -0.593892992 0.184245571 -0.109373301
v -0.590623498 -0.189960271 -0.104171932
v 0.610634029 -0.250275075 0.0848883986
v -0.699222624 0.193424314 -0.214411139
v 0.261658072 0.165704444 -0.00243970216
v -0.390852153 0.159542218 -0.0202944502
v -0.389448225 0.210944369 -0.0048301504
v -0.610742152 0.227731109 -0.0993440673
v 0.181976557 -0.235180497 -0.01618894
v 0.170069784 0.238509238 -0.0161416363
v -0.598485589 -0.241688773 -0.0814281255
v -0.721830547 0.285868108 -0.170346811
v -0.49624157 0.354318261 0.046964664
v 0.504911125 -0.355109066 -0.0454150401
v -0.27405709 -0.242596671 0.018737765
v -0.261321485 0.242252141 0.0189587083
v -0.143614188 -0.230441988 0.0133217275
v -0.157707274 0.236968726 0.0151568204
v 0.0533786342 -0.24170576 -0.00614940329
v -0.405864447 -0.230017737 -0.00167092273
v 0.366388947 0.233504206 -0.00732005341
v 0.386208832 -0.233139291 -0.00367052201
v -0.494941711 -0.241888508 -0.0242318492
v -0.602014482 -0.277807176 -0.059256006
v -0.798470795 -0.325106621 -0.260538667
v 0.499667257 0.255609632 0.018985847
v -0.502360702 0.246958658 -0.024674505
v 0.0642414317 0.33270067 -0.0141570233
v -0.369111151 -0.197759524 -0.00474183541
v 0.289957166 -0.241713911 -0.0178471599
v -0.272866786 -0.212567896 0.0112107843
v -0.181054071 0.207180202 0.0116263554
v -0.732242763 0.353873253 -0.104567729
v -0.169996709 -0.264161229 0.0205708686
v -0.622731686 0.296937168 -0.0589732863
v 0.389362901 -0.29151696 -0.0277525336
v 0.288106501 -0.265748203 -0.0251069199
v 0.607174754 -0.290601164 0.0530400984
v -0.389776349 0.236963332 0.00440873532
v -0.71536243 -0.27796185 -0.169315055
v -0.855573654 0.417762071 -0.225285783
v 0.142687172 -0.288321227 -0.0219279956
v -0.370339751 -0.252372533 0.0136416135
v -0.0743550956 -0.288449645 0.0121566178
v 0.0706831589 0.286521196 -0.011421998
v -0.396896154 0.305778772 0.0338119902
v -0.143356562 0.296660244 0.0234355796
v 0.480584323 -0.303095371 -0.0152373724
v -0.474632859 -0.270195425 -0.0020904527
v 0.262610257 -0.283850819 -0.0306580123
v 0.293348163 0.273576826 -0.027510548
v -0.242395014 0.297624379 0.0338938646
v 0.62721324 0.283298552 0.0735043213
v -0.645924866 -0.295360833 -0.0786829516
v -0.502885222 0.308676511 0.0118930442
v 0.744569898 0.345802575 0.131816685
v -0.733458042 -0.322192341 -0.14630565
v -0.0722957253 0.256483108 0.00928796548
v -0.259939015 0.271501213 0.026936911
v 0.630466461 -0.323339403 0.041240897
v -0.617031217 0.327927291 -0.0277194399
v 0.193179265 0.267841667 -0.0230766907
v 0.072152108 0.244732901 -0.00841399189
v -0.17451334 0.270296842 0.0220998153
v 0.28170082 0.249382198 -0.0203811172
v 0.383305758 0.258768559 -0.0141751049
v 0.172028616 -0.265182734 -0.0209268462
v -0.358600974 0.27999562 0.0261547491
v -0.282703519 -0.272759378 0.0273952708
v 0.373083144 -0.264952004 -0.0182376876
v 0.0832455605 -0.345934987 -0.0197297484
v -0.0625489727 0.297771007 0.0109855225
v 0.374047786 0.28545475 -0.0268558282
v -0.377066433 -0.297716469 0.0321263596
v 0.721396804 0.315863639 0.137529522
v -0.728232682 0.37544018 -0.0699583068
v 0.51544708 -0.326160163 -0.0199904665
v -0.601424098 0.349995047 0.00267848629
v -0.751871765 0.406786621 -0.049070809
v 0.256761014 0.328752458 -0.0450460762
v 0.15195857 0.315348387 -0.02813931
v -0.0521458387 -0.327177554 0.0111499643
v -0.068505846 0.336170822 0.0153975757
v 0.0525906943 -0.318484545 -0.010641139
v 0.389010727 0.316296071 -0.0401090123
v 0.7566517 -0.401076853 0.0647500232
v 0.715869904 -0.353712857 0.0852403268
v 0.616356611 -0.351414591 0.00452911528
v -0.50824964 -0.326106042 0.0223143026
v 0.730308354 0.363059044 0.0897379443
v 0.60902375 0.34343937 0.00803027488
v -0.507971227 0.335320741 0.029203549
v -0.0658816248 1.31858158 -0.44385156
v 0.105351388 -1.28164375 0.650249541
v 0.064091146 -1.06017005 0.929894269
v 0.0811507404 1.21624815 0.683591902
v -0.159357101 -0.318069041 0.0298352111
v 0.364791751 -0.355554789 -0.0624260195
v -0.369616449 0.334912956 0.0511657596
v -0.0319459252 1.51414299 -0.122843415
v -0.0982877314 1.46007299 -0.399168611
v 0.0420430228 1.53071439 0.154241845
v 0.0288815945 -1.517133 0.110395454
v 0.098642081 -1.44291639 0.416766435
v -0.0391178839 -1.51617002 -0.148988828
v -0.111229241 -1.47459674 -0.42793265
v -0.151448488 1.16434991 -0.94892627
v 0.141584605 1.32897043 0.687420845
v 0.142761439 -1.32006788 0.702673435
v -0.132488787 -1.1390214 -0.947598159
v -0.151211739 -1.35743141 -0.676235676
v 0.611661077 0.312804401 0.0377346985
v -0.611591578 -0.320536852 -0.0308949724
v 0.180398911 0.299318522 -0.0286694616
v -0.166384652 0.332999289 0.0342283286
v -0.285789818 0.311701864 0.0407623015
v 0.182100564 -0.319727421 -0.0335784145
v 0.380275309 -0.318107635 -0.0418181755
v -0.305339426 -0.295980245 0.0352146849
v -0.739894092 -0.374990791 -0.0845783576
v -0.770839393 -0.394979835 -0.0946614146
v 0.633354723 0.371298403 -0.00630180398
v 0.746025801 0.408374488 0.0394130833
v -0.740312696 -0.401041001 -0.0449282937
v 0.407353193 0.341697395 -0.0525850765
v -0.369324356 0.37086615 0.071277298
v -0.07515499 -0.365364134 0.0200148206
v -0.4169496 -0.349060982 0.0562370159
v 0.12401899 -0.358120382 -0.0309250187
v 0.0525082871 -0.38027668 -0.0152888941
v 0.0785751715 0.370552152 -0.0215210021
v -0.0433316305 0.376062363 0.0123538086
v -0.147716761 0.364232332 0.0375894271
v 0.302258343 0.342942029 -0.0541283377
v -0.267873943 0.394746989 0.0730080679
v -0.861045182 -0.434688359 -0.194697335
v 0.51294297 0.339870393 -0.031148864
v -0.857981563 0.46789813 -0.0886669829
v 0.863902271 0.437588334 0.194973886
v 0.765614212 0.391753197 0.0925832987
v 0.898375988 -0.501853585 0.0744579211
v 0.730723858 -0.413865924 0.0135270422
v -0.479574054 0.379637957 0.0706145838
v -0.620163918 -0.359750926 0.00178266503
v 0.489020735 -0.378888845 -0.0684139505
v -0.519193232 -0.352892637 0.0396233536
v -0.51826638 -0.280323446 -0.012216731
v 0.523899674 0.283328742 0.0126877725
v 0.278229743 0.295466095 -0.0347908847
v -0.262304097 -0.30415526 0.0370849408
v -0.177735701 -0.29051879 0.0264745373
v -0.731781781 -0.346586466 -0.113585711
v -0.499793828 -0.375738978 0.0636683628
v 0.502179861 0.369088411 -0.0575300604
v -0.27361545 -0.337679118 0.0498270504
v -0.376665592 -0.333094805 0.0498791486
v -0.604295254 0.385660172 0.0384974629
v -0.723450303 0.413174391 -0.00740516139
v -0.164633706 -0.358632594 0.039963942
v 0.849806726 -0.464787692 0.0794499591
v 0.610122263 -0.380861372 -0.0302399173
v 0.287478983 -0.316543102 -0.0426362194
v -0.645647705 0.376767576 0.00471132528
v -0.914161503 0.545429707 0.103077196
v -0.913632751 -0.545528769 0.105177023
v -0.268208981 0.34957701 0.0539328605
v 0.261891901 -0.345341176 -0.0516042002
v 0.164484739 -0.351958513 -0.0383146442
v 0.492770642 0.388379425 -0.0759174749
v -0.512396932 0.4020105 0.085075289
v 0.251322597 0.392323434 -0.0687849075
v 0.279687315 -0.40860036 -0.0818641856
v 0.0562761985 0.412171513 -0.0193491392
v 0.157954365 0.398124009 -0.0484389775
v -0.141693637 -0.403375208 0.0451305173
v -0.0444049053 -0.405360162 0.0147790285
v -0.168338373 0.405560672 0.0534101278
v -0.0604061112 0.416404486 0.0211990159
v 0.178228736 -0.384947628 -0.0500372015
v 0.0606586561 -0.411735177 -0.0207913276
v -0.755612314 0.456663817 0.0413306169
v 0.60479176 0.392133296 -0.0456134789
v -0.640975595 0.414037347 0.0548172444
v 0.364643782 0.391717464 -0.0838159695
v -0.365733236 -0.399084598 0.0885858759
v -0.374108374 0.406311065 0.0940351561
v 0.393673927 -0.38354668 -0.079590328
v 0.894916415 0.497274995 0.0830598176
v -0.769786835 0.44093433 -0.00721761724
v -0.610513628 -0.400880158 0.0532529242
v -0.728842854 -0.422510564 0.00292158336
v -0.891341925 -0.494306833 -0.0843690038
v 0.767335176 -0.444565982 -0.00317914691
v 0.653103471 -0.40920493 -0.0412804075
v 0.510582447 -0.397552311 -0.081142351
v 0.753189921 -0.456473261 -0.0433684029
v -0.0146089904 -1.34522939 -0.109199174
v 0.479990214 -0.415489644 -0.102077909
v -0.493441105 0.428306341 0.113568537
v -0.632640362 -0.387069434 0.025100477
v 0.738605857 0.429754436 -0.00595245091
v 0.400304109 0.372202188 -0.0720569566
v 0.252057344 -0.377951533 -0.0629864559
v -0.292370141 -0.372728705 0.0666386485
v 0.168602571 0.348588318 -0.0383032672
v 0.276412398 0.365011752 -0.0612270944
v 0.510434568 0.418205529 -0.101482458
v 0.637362123 0.42177394 -0.0673289672
v -0.646981239 -0.426011592 0.0683728904
v -0.516792595 -0.40672937 0.0889113843
v 0.601587355 -0.444296718 -0.113248229
v 0.397387147 0.419669688 -0.105454147
v -0.347901106 0.43644762 0.111272223
v 0.349754483 -0.444097638 -0.116993152
v -0.393387258 -0.419321746 0.104879767
v -0.921905756 0.538242757 0.0351641141
v 0.917431831 -0.536351979 -0.0377054363
v 0.0702453628 0.44310683 -0.0280341357
v -0.135474443 0.443925619 0.0532416739
v -0.0153208561 0.438845783 0.00603239564
v 0.0305702891 -0.442710578 -0.0122472653
v 0.267015547 0.437613517 -0.0936331078
v -0.252895504 0.430661082 0.0863805115
v -0.27543956 -0.426188588 0.089854002
v 0.756200969 0.463120461 -0.0546773523
v -0.733737886 0.469319135 0.0881725028
v -0.775802493 -0.454654843 0.0146687953
v -0.84427011 -0.452427745 -0.102085471
v 0.843527198 0.46103695 0.0767411664
v -0.757397354 -0.466464013 0.0609142743
v 0.174838588 0.374704719 -0.0463594794
v -0.379936963 -0.372937769 0.0726845637
v -0.907451272 -0.560170352 0.238138631
v -0.907000542 0.560304999 0.240710258
v -0.170199588 -0.440483987 0.0647360757
v 0.277883023 0.413349032 -0.0838653669
v 0.734625399 -0.468471706 -0.085636355
v 0.615328014 -0.417757422 -0.0722298846
v -0.598959804 0.450536609 0.122899771
v 0.140799522 -0.375630647 -0.0384768881
v 0.863461137 -0.506855965 -0.030654043
v -0.618808746 0.432223231 0.090250276
v 0.375161856 -0.416895896 -0.101454288
v 0.913351059 0.532650828 -0.0287901014
v -0.904365599 -0.529718399 0.038202364
v 0.358827204 0.470258087 -0.138825104
v -0.355272472 -0.470572293 0.138180569
v 0.37877816 -0.468147725 -0.141760886
v -0.476182073 -0.456970572 0.143999711
v -0.498912156 0.455111682 0.142251998
v 0.505874932 -0.461306453 -0.149439573
v 0.0495951883 0.482945561 -0.0238430221
v 0.156789929 0.465371668 -0.0677591488
v -0.136440709 -0.467031777 0.059871953
v -0.0370013677 -0.482359171 0.0177634656
v -0.148637965 0.483871311 0.0702368394
v 0.15103209 -0.478685141 -0.0696264729
v 0.0560352542 -0.472331285 -0.0256698001
v -0.262154847 -0.47852999 0.11450281
v -0.254695058 0.469546378 0.106791072
v 0.26464963 -0.473095894 -0.112264343
v 0.758505583 0.479208767 -0.0894629881
v -0.79097122 -0.49216494 0.0904148221
v 0.776387572 -0.496482641 -0.117623806
v 0.626437068 0.473154515 -0.150700837
v -0.631348908 0.474082232 0.150888011
v 0.633120239 -0.473776489 -0.149827942
v -0.0444836318 0.926107645 0.952797353
v 0.488021702 -0.436083078 -0.121857077
v -0.256896853 -0.397901297 0.0722948164
v 0.240986705 -0.437381834 -0.08621943
v 0.161021113 -0.422211498 -0.056053713
v 0.731853068 -0.506927907 -0.180251822
v 0.74719286 0.496740192 -0.142897069
v 0.132339627 -0.44800052 -0.0531151257
v 0.171818182 0.428478897 -0.0614192151
v 0.495654374 0.448457122 -0.134824246
v -0.497887671 -0.433403641 0.118512608
v -0.73406893 -0.475997806 0.102564216
v 0.360536575 0.441467613 -0.11709366
v -0.369999498 -0.444448918 0.120960824
v 0.0779331475 1.39231551 0.39492166
v 0.0748838037 -1.37067473 0.408824652
v 0.453054875 -0.512193799 -0.205605105
v -0.274730682 0.497722477 0.131100863
v -0.0575747453 0.498331398 0.029585585
v -0.177064836 0.505768776 0.0915744826
v 0.131446347 -0.512192011 -0.0708294734
v 0.0208051577 -0.527833819 -0.0121466061
v 0.906652212 0.551123977 -0.162130997
v 0.127277449 0.530737817 -0.074346818
v 0.0301447753 0.522089183 -0.0171765927
v -0.0727858618 -0.495893031 0.0369351692
v -0.781697214 0.495792806 0.110477716
v 0.593098998 -0.493467569 -0.1919875
v 0.583750486 0.498304218 -0.201070845
v -0.61318785 -0.465782642 0.142144829
v -0.37236926 0.471180648 0.142871305
v 0.353482097 0.498806626 -0.161208645
v 0.909108222 -0.552884698 -0.169276178
v -0.200893939 0.77930367 0.968529522
v -0.256832987 -0.449696988 0.0969660282
v 0.257480085 0.466507703 -0.106097251
v -0.0651646778 -0.450564146 0.0269669238
v -0.0401227698 1.44145739 -0.188918829
v -0.0982441604 1.40166044 -0.459633023
v -0.151617378 1.32514548 -0.719255269
v -0.132594347 -1.29354095 -0.712245882
v 0.141776606 0.496868908 -0.0712074116
v 0.250221014 0.493432611 -0.118470646
v 0.350976974 -0.497471005 -0.159207225
v 0.233092517 -0.509842753 -0.120298781
v 0.476813972 -0.483398288 -0.174335167
v 0.178925037 1.42602968 0.667075932
v 0.00523387222 1.53665686 0.0191792902
v -0.128142476 1.4920038 -0.463551849
v 0.196348906 1.26944602 0.896557271
v -0.116587982 -1.56059372 -0.37652126
v -0.0600307584 1.56289971 -0.202602044
v -0.192605615 -1.25309896 -0.910142124
v 0.0540157035 -1.57290149 0.179221392
v -0.628795266 -0.445639938 0.105727822
v 0.605982006 0.439472079 -0.105076641
v 0.456085145 0.508357763 -0.201487586
v 0.732523918 0.513875246 -0.199461803
v -0.909578502 0.55274874 0.1670257
v -0.745802343 0.532839775 0.254724354
v -0.598237395 0.517023265 0.236317158
v -0.910494626 -0.552880526 0.165692434
v 0.338800311 0.528508306 -0.182257578
v -0.341032982 0.541887045 0.196125388
v -0.343515277 -0.542359591 0.19781822
v 0.334109038 -0.527344167 -0.179096445
v -0.592854381 -0.517979264 0.238096043
v 0.625793755 -0.516820669 -0.235445976
v 0.141540274 0.558364213 -0.0926269293
v 0.0472465679 0.557727635 -0.0311320778
v -0.140863597 0.534113169 0.0832566321
v -0.0451193415 0.569707155 0.0311940387
v -0.0499808639 -0.557424903 0.032888867
v 0.0462024324 -0.556813836 -0.0303337649
v -0.235749602 0.553418696 0.148235828
v -0.469066352 -0.510787666 0.207795128
v 0.218913972 0.520405591 -0.119268544
v -0.392275155 -0.484603137 0.159671322
v 0.240121886 1.53624403 0.699616194
v 0.0532115363 -0.50847137 -0.0285769124
v 0.906825423 -0.560854435 -0.247057036
v 0.912567735 0.561875343 -0.243069649
v 0.477430284 0.475843012 -0.165390432
v -0.740945578 0.49931252 0.154094651
v -0.761071265 -0.503509998 0.150868222
v -0.740977705 0.515709698 0.200263754
v -0.472175449 0.509116888 0.206279054
v -0.14856863 -0.53479445 0.087929368
v -0.0551204495 -0.522030413 0.0313469917
v -0.356560111 -0.510756493 0.173046961
v -0.906553388 0.565094292 0.303548753
v 0.483522236 0.526072443 -0.233292863
v -0.560582936 -0.547663629 0.296019167
v -0.889157534 -0.562376499 0.307419926
v 0.24473162 -0.551240802 -0.152036831
v 0.254821002 0.56847316 -0.170606658
v -0.210520908 -0.60884136 0.168731987
v -0.428667605 -0.572822094 0.282265097
v -0.0254400205 0.605534971 0.0202470329
v -0.109327637 0.608056426 0.0876896605
v 0.153601527 0.588308156 -0.113528371
v 0.06179443 0.598539889 -0.0478294678
v -0.0225912351 -0.600724757 0.0176491365
v -0.317575246 -0.573812425 0.215146467
v 0.484807551 -0.530061245 -0.239779934
v -0.318190813 0.570847213 0.212494388
v 0.358813316 0.551001966 -0.214602008
v 0.358419627 -0.553394437 -0.21703966
v 0.787602842 0.530235112 -0.219417915
v 0.766382277 -0.528405786 -0.227354825
v 0.0266340524 -1.38616335 0.1576989
v -0.239979446 0.525703371 0.132947013
v -0.361957341 0.512148321 0.176348984
v -0.268956661 -0.514960587 0.139993459
v 0.87907815 0.565606594 -0.390774637
v 0.878543735 -0.565591633 -0.391701132
v -0.713813365 -0.546050012 0.314243168
v -0.130828366 -0.569933355 0.0899225399
v -0.45129624 -0.540698111 0.244042471
v -0.454713851 0.537258387 0.240338564
v -0.21364601 -0.569819212 0.145013079
v 0.236492798 0.545310616 -0.143383548
v 0.606848359 0.528423429 -0.261358142
v -0.747680902 -0.533825338 0.257557958
v -0.4865686 0.482447684 0.174258471
v -0.50415647 -0.481658489 0.174732074
v 0.143185183 -0.550101638 -0.0905050039
v -0.627649069 -0.496717155 0.193441153
v -0.612853646 0.495685369 0.193779036
v -0.744589269 -0.518916547 0.208093151
v 0.711457014 -0.552378893 -0.341203064
v 0.571869195 0.554156423 -0.315348178
v 0.129026651 -0.628841698 -0.112276278
v 0.0422335751 -0.645064294 -0.0390895568
v 0.210197896 -0.637909234 -0.190323889
v 0.329702348 -0.584984064 -0.235243976
v 0.564892471 -0.558501959 -0.323626846
v -0.571200967 0.561576903 0.33440578
v -0.0442209765 0.645733654 0.0410337336
v 0.895028234 -0.563555419 -0.310411006
v 0.895864725 0.563594878 -0.30893904
v 0.0923293233 1.09120119 0.938575923
v -0.0625444204 0.536651254 0.037778262
v -0.144883052 0.574599862 0.101338774
v -0.439914167 0.564542353 0.275315315
v -0.238948107 -0.542163551 0.142733127
v -0.559604466 0.54028517 0.27950117
v -0.228621364 0.591956317 0.170335278
v -0.0419653542 -0.626425385 0.0361825563
v 0.452339649 -0.560790777 -0.275741458
v 0.0627786964 -0.599994779 -0.0488662831
v -0.125325948 -0.617385566 0.104241855
v 0.22674796 0.607547343 -0.180641666
v 0.72279799 0.550517201 -0.332603931
v -0.326723069 0.590988159 0.240073323
v 0.329176366 0.584916472 -0.234807432
v 0.4562608 0.557409823 -0.272134542
v -0.727258742 0.549586713 0.32801795
v 0.0240754113 -0.689905584 -0.0263689961
v 0.113926187 -0.67202878 -0.117243759
v -0.220688134 -0.649024546 0.209673405
v -0.0539382771 -0.687869728 0.0586981475
v 0.10510689 0.694008112 -0.117647737
v 0.0257619414 0.684483767 -0.0276501402
v 0.398002476 0.622701049 -0.347581238
v -0.435995013 0.593258321 0.323208302
v -0.0534787439 0.682775259 0.0570896715
v -0.230122074 0.630382836 0.202134073
v 0.281049579 -0.65944761 -0.283892065
v -0.322625667 -0.629285872 0.285413265
v 0.545024037 -0.582014561 -0.377439529
v -0.459756434 -0.584568381 0.323376507
v 0.847019196 -0.565543294 -0.452781916
v -0.720464885 -0.559174538 0.37573275
v -0.0964196622 -1.39391994 -0.462286443
v 0.10931617 1.53202105 0.37526691
v 0.14931187 -0.589995325 -0.111159705
v -0.170675248 1.25815463 -0.856233418
v 0.182424128 -1.40300393 0.701166928
v -0.0527829081 1.6399889 -0.154385969
v -0.0279491879 -1.59757519 -0.0891522989
v 0.207259715 -1.27941 0.906288564
v 0.197990581 0.64459312 -0.184130237
v 0.301835686 0.623345375 -0.258620292
v 0.427024156 0.58759439 -0.306186259
v 0.129990146 0.621305823 -0.109801024
v 0.391899526 -0.621156454 -0.338495582
v -0.137230709 -0.657347262 0.133631051
v 0.298452824 -0.621497869 -0.253419191
v -0.325119466 0.616906822 0.270848781
v -0.319370151 -0.600980461 0.246320501
v 0.671322584 0.573554397 -0.437267095
v 0.690254569 -0.568587422 -0.419549823
v 0.741504252 -0.5418697 -0.291621536
v 0.744757235 0.53664875 -0.269551367
v -0.854160428 -0.565660298 0.454026222
v -0.295500845 -0.661460876 0.303155005
v 0.855127335 0.565622628 -0.448308736
v -0.690527797 0.567461491 0.412893176
v -0.0339462161 -0.71815604 0.0413521156
v -0.116534986 -0.735285044 0.153654128
v 0.116988413 0.724620938 -0.14788954
v -0.105677038 0.733429313 0.137909785
v -0.0376289636 0.724029243 0.0468742512
v -0.189119011 -0.689218879 0.211329207
v 0.188028276 -0.677598953 -0.200135335
v -0.396693051 -0.633310139 0.368441969
v -0.533173382 -0.595692515 0.411364406
v 0.523434818 -0.601976156 -0.423203796
v -0.858647466 0.565699816 0.448052883
v 0.227668479 -0.595849335 -0.17250292
v 0.591072023 -0.538823068 -0.28336224
v -0.880557835 -0.565699816 0.389793605
v 0.116598636 0.657591581 -0.113481708
v 0.545384645 0.57773608 -0.365093082
v 0.04455759 0.640183449 -0.0404846333
v 0.702012718 0.562315524 -0.388542265
v -0.417230934 -0.6039868 0.328733027
v -0.113227375 -0.699367762 0.129555121
v 0.194386125 0.680962443 -0.210150197
v -0.199528232 0.673727036 0.209539697
v -0.294131011 0.655136704 0.292496026
v 0.279367447 0.659742951 -0.282410711
v 0.403077513 -0.640211046 -0.392205209
v 0.191743821 -0.731077313 -0.256658196
v 0.118031494 -0.74539423 -0.162119031
v 0.0374844894 -0.731621802 -0.0480508655
v -0.0936436951 -0.778751552 0.145805538
v -0.0224986374 -0.787553191 0.0356647857
v -0.0259899423 0.773054838 0.0389682688
v -0.369396329 0.662668467 0.401202232
v -0.458340287 0.645071507 0.497139782
v -0.605939567 0.600147188 0.54821986
v 0.294275016 0.684802473 -0.338984638
v 0.191880807 0.715321362 -0.239774898
v 0.044664003 0.773803651 -0.0673166141
v 0.519610763 0.600449324 -0.413809448
v 0.394514978 0.647400141 -0.398853391
v -0.7864362 0.567211747 0.579089582
v -0.256936789 -0.695933938 0.304813921
v 0.656393349 -0.583654404 -0.495385617
v -0.781809449 -0.567521334 0.584576368
v -0.0474010184 -0.660497606 0.0465133823
v -0.822812438 -0.565629721 0.533049405
v -0.82602334 0.56563133 0.526078582
v -0.119809009 0.684004426 0.129254833
v -0.404566467 0.625206411 0.359534353
v 0.425696552 -0.58990562 -0.309350401
v -0.11881569 1.23702013 -0.760213435
v -0.0983244777 -1.21568596 -0.737748086
v -0.365584314 -0.664185584 0.399244994
v 0.202346534 -0.699568868 -0.237337902
v -0.173338771 -0.73161912 0.230213538
v -0.261216104 0.704377651 0.323851019
v -0.179832816 0.721493363 0.229451701
v 0.785384357 -0.567027867 -0.586059153
v 0.77992487 0.567675471 -0.586309373
v -0.604199708 -0.601617694 0.56159997
v 0.159607738 -0.777355492 -0.256811619
v 0.0282515083 -0.80940336 -0.0488240384
v 0.254304737 -0.721983373 -0.342408806
v -0.251640916 -0.73202765 0.35601756
v 0.45555833 0.650263667 -0.517249703
v -0.332133889 -0.696316004 0.425466567
v -0.329523206 0.701197743 0.433987975
v 0.246059611 0.737597585 -0.356181473
v 0.449173152 -0.653586149 -0.518981159
v 0.0297131464 0.814545929 -0.0524232686
v -0.0287838262 0.826725245 0.0533217937
v -0.157933831 0.770947099 0.24657698
v 0.605725884 -0.601156056 -0.561015844
v -0.578798115 -0.569205761 0.360079855
v 0.102068245 -0.712284029 -0.122558951
v -0.54457581 0.588856339 0.398774981
v -0.881887555 0.565801084 0.389398545
v 0.290695429 -0.681661069 -0.328711599
v -0.494074911 -0.622732043 0.464008242
v -0.499017239 0.61818707 0.453032374
v -0.0920738503 -0.739471316 0.122628331
v -0.040759258 -0.746923745 0.0553850941
v 0.155318484 1.58895791 0.460790843
v 0.0798563212 -1.65959847 0.223588347
v -0.111817002 -1.63278568 -0.320939898
v -0.240644008 -1.44349897 -0.788218439
v 0.0465986989 -0.773300946 -0.0701178834
v 0.358495891 -0.680040717 -0.429391116
v 0.491203666 -0.627031744 -0.477854639
v 0.496290475 0.624000072 -0.473083943
v -0.0924873948 0.781824648 0.145741925
v 0.170565873 0.760478556 -0.256546944
v 0.106291778 0.768838048 -0.159781307
v 0.358309478 0.681033969 -0.431898683
v 0.663544416 -0.580498815 -0.730856121
v -0.453146487 -0.650490701 0.512384117
v 0.609784722 0.600425839 -0.56706965
v 0.185302496 -0.81883055 -0.383363575
v 0.390636116 -0.692997694 -0.573441803
v -0.159796417 -0.805353999 0.293563724
v -0.0340394601 -0.839435756 0.0664918944
v -0.0164592192 0.871222198 0.0366076268
v -0.214999586 0.781608045 0.378906935
v 0.0887117982 0.83196646 -0.172148392
v 0.0372717008 0.854563177 -0.0776247233
v -0.32666862 -0.717179954 0.479751557
v -0.688138127 0.576557279 0.706369698
v 0.0409183949 0.72717452 -0.051593136
v -0.643072844 -0.587414563 0.506311834
v -0.653823137 0.584456444 0.498384029
v 0.832041204 -0.565053284 -0.534799337
v 0.823247671 0.565756023 -0.527133048
v -0.688109875 -0.571777344 0.438924193
v 0.309761882 -0.719388187 -0.444533676
v -0.100407854 -0.819675624 0.186179087
v 0.539050937 -0.626190066 -0.632939041
v 0.219284043 -0.771458566 -0.367470622
v 0.0909612849 -0.799013913 -0.153683767
v 0.732940972 -0.56906426 -0.67852515
v -0.522664189 -0.632387042 0.680787981
v 0.275646269 -0.757906914 -0.481519789
v 0.120213211 -0.888929725 -0.32482174
v 0.119397812 0.869323075 -0.287201136
v -0.128616825 0.867113292 0.311298281
v -0.0750961453 -0.873967409 0.174214602
v 0.0201573279 -0.907584786 -0.0527343936
v 0.0218670703 0.912694752 -0.0586142726
v -0.0813060328 0.870562494 0.186732665
v 0.0771449506 0.880651593 -0.185089692
v 0.0731117204 -0.886627018 -0.179764017
v 0.21077162 0.789727449 -0.386491746
v 0.273782551 0.765623927 -0.508294284
v 0.404440075 0.685586333 -0.578463733
v -0.502744198 0.641062737 0.669870615
v 0.668845892 0.576627851 -0.75026226
v 0.645388961 0.586541891 -0.502525032
v -0.738791585 0.570105314 0.653057039
v -0.166459918 -0.769040406 0.259386808
v -0.414276809 0.674274564 0.535736382
v -0.140830532 0.821811497 0.273951381
v -0.0748912767 0.834951222 0.145951495
v 0.0517979637 1.89647102 0.107737362
v -0.128133789 -0.85868001 0.295588106
v -0.410987467 -0.68149817 0.574670255
v -0.220181063 -0.783281267 0.395996541
v 0.0234525036 -0.861035526 -0.0500133894
v 0.149142995 0.812654018 -0.280273467
v 0.536332428 -0.606204987 -0.857942879
v 0.0953322202 0.917464137 -0.287454873
v -0.0704424009 -0.919642329 0.20411469
v 0.005314223 -0.954766273 -0.0174207129
v 0.146136507 -0.872224152 -0.38365069
v -0.0283631682 0.924034059 0.080473423
v 0.0142401867 0.986289144 -0.0555758215
v -0.403032005 0.686668336 0.581106842
v -0.198949829 0.815235734 0.417257667
v 0.320503354 -0.74360621 -0.638820708
v 0.57551527 0.598170996 -0.814842761
v 0.0595107041 1.99023509 0.113090359
v -0.229361504 0.746058047 0.340205073
v -0.557431102 0.619133353 0.619004726
v 0.132884577 -0.829820514 -0.266171068
v 0.0733491331 -0.845240474 -0.149305269
v -0.0296530314 -0.910520017 0.0789395496
v -0.0678484812 0.926476896 0.203163609
v 0.225552723 0.812805831 -0.523384809
v 0.0521300957 0.941520452 -0.165347531
v 0.241296068 -0.796590805 -0.517346323
v -0.128753379 -0.915034115 0.447622061
v 0.161436409 -0.86953032 -0.44472754
v -0.308493972 -0.75250715 0.648212194
v -0.422219902 -0.678120315 0.729957998
v -0.0119565278 -1.05489516 0.0738838464
v -0.0467525646 -0.990383863 0.197066858
v -0.0819519311 -0.978119373 0.376838565
v -0.0791206956 0.972148061 0.334179789
v -0.0463590994 0.995342851 0.201989964
v -0.520691097 -0.614878774 0.847834527
v 0.133344173 0.910451055 -0.4586142
v -0.578757703 0.596500337 0.817483246
v 0.180954888 -0.863604844 -0.56432265
v -0.231991947 -0.810344219 0.551268637
v -0.784014463 -0.0673763826 -0.481567353
v -0.784014463 0.0673760474 -0.481567413
v 0.784014463 0.0673763603 0.481567383
v 0.784014404 -0.0673761964 0.481567413
v -0.801627517 -0.198011339 -0.452066302
v 0.801627398 -0.198010713 0.45206666
v 0.801627517 0.198010981 0.452066571
v -0.801627398 0.198010713 -0.45206666
v -0.734679461 -0.570329905 0.660196841
v 0.728930056 0.570465088 -0.672178924
v -0.834188521 0.316738456 -0.394159406
v 0.8341887 -0.316738874 0.394159317
v -0.834188759 -0.316739291 -0.39415881
v 0.8341887 0.316739023 0.394159049
v 0.55589205 0.619923472 -0.631432593
v -0.565874219 -0.616254508 0.62254566
v -0.876653373 -0.417069376 -0.309994221
v -0.876653016 0.417068839 -0.309994519
v 0.876653194 0.417069137 0.30999431
v 0.876653016 -0.41706866 0.309994876
v 0.0515787527 -0.932771087 -0.156010851
v 0.167807132 0.847168922 -0.398051262
v -0.922136784 -0.494523585 -0.202700034
v 0.922136188 -0.49452281 0.202701375
v -0.922136366 0.494523108 -0.202700987
v 0.922136664 0.494523436 0.202700391
v -0.176808253 -0.842333972 0.418093175
v -0.582490087 -0.599795043 0.787092686
v 0.0152435973 -0.999323905 -0.0643067583
v 0.0876988694 -0.931075752 -0.282078713
v -0.096559912 0.929116666 0.315626979
v 0.0970332474 0.934577346 -0.330584556
v -0.311131358 0.750511765 0.644222856
v -0.224318683 0.818000555 0.553726017
v 0.415854126 -0.674486935 -0.798412383
v -0.0950115621 0.963095605 0.420492738
v -0.208959386 -0.833964348 0.685718238
v 0.209398687 0.834750235 -0.578353465
v -0.44295454 -0.642421961 0.894982338
v -0.446348727 0.637022495 0.910772502
v -0.00129466644 -1.01424396 0.00595032936
v 0.0154393949 1.05509782 -0.0962923765
v 0.0578726679 -0.989734411 -0.252524287
v 0.0183877721 -1.04827535 -0.109329186
v 0.338036031 0.731200695 -0.634413302
v -0.192312628 0.849836409 0.68372649
v 0.421382934 0.678492606 -0.731167376
v -0.962657213 0.54714644 -0.0762729868
v 0.962657154 -0.547146261 0.0762737766
v 0.962657452 0.547146618 0.0762727335
v -0.962657452 -0.547146738 -0.0762721971
v 0.463880658 -0.657674968 -0.711470783
v -0.767912269 0.0324860737 -0.428033024
v 0.318847835 0.720170379 -0.469674677
v -0.769905567 -0.0370436087 -0.43403092
v 0.770382702 0.0375115797 0.435604781
v 0.990005553 -0.575754225 -0.064567171
v 0.990005732 0.575754404 -0.0645683631
v -0.990005732 0.575754225 0.0645680502
v -0.990005791 -0.575754404 0.0645689443
v -0.78255713 -0.156259432 -0.41817221
v 0.783457458 -0.187063351 0.393468469
v 0.825084686 -0.330225229 0.328400403
v -0.0168175921 0.987762749 0.0663166717
v -0.251389146 0.797862649 0.642943263
v -0.489718497 0.629991055 0.841988027
v -0.996650398 -0.583893895 0.214546382
v -0.996650457 0.583893895 0.214545116
v 0.996650577 -0.583893895 -0.214544311
v 0.996650577 0.583893955 -0.214545473
v -0.305947244 0.736935019 0.834457219
v 0.40191716 0.657911599 -0.92290467
v 0.260892749 -0.765651345 -0.852865219
v 0.0423214436 -1.06153619 -0.399986416
v -0.0282237679 -1.06255531 0.199825346
v 0.00557287782 -1.13106084 -0.0784498528
v -0.10169661 0.960330904 0.493259549
v -0.0288627818 1.05900991 0.197850838
v -0.00853676721 1.07368934 0.0614885278
v 0.293049693 0.748995304 -0.818089306
v 0.464032531 -0.634762049 -0.881073058
v 0.129485399 -1.57139993 0.40514636
v -0.976593256 0.577518046 0.368012309
v 0.976593375 0.577518046 -0.368012905
v 0.976593792 -0.577518165 -0.368011624
v -0.976593256 -0.577518046 0.368013024
v -0.104944475 -0.912081301 0.314467013
v -0.275965869 -0.763554811 0.50729543
v -0.629077077 0.58490032 0.778047621
v -0.492058605 -0.641289949 0.752134264
v -0.292307675 0.74258095 0.476144761
v -0.354993314 0.718515337 0.608926713
v -0.81816107 -0.318337798 -0.327540308
v -0.815601766 0.313705087 -0.327486455
v 0.846086681 -0.39025265 0.266206682
v 0.15037787 -0.894726157 -0.507861555
v -0.0928431451 1.07461143 -0.968031108
v -0.0542735755 -1.03683674 -0.95093888
v -0.926080465 -0.564402699 0.519156933
v 0.926080942 -0.564402819 -0.519156039
v 0.926080346 0.564402699 -0.519156933
v -0.926080465 0.564402699 0.519156933
v 0.0534637421 -1.02518618 -0.316305727
v 0.0317618996 -1.06298971 -0.233224332
v 0.484963179 0.626660824 -0.871126711
v 0.497903705 0.64289403 -0.683893144
v 0.594165325 -0.594147503 -0.79649967
v 0.000946264714 1.18505466 -0.0679085106
v 0.0123862922 1.13560498 -0.237346366
v -0.153571963 0.894499242 0.611569643
v 0.00666818023 -1.15559173 -0.299452245
v -0.0543643236 -1.03438938 0.379352123
v 0.0721132904 -0.997951686 -0.60229665
v 0.836592257 0.369541079 0.283957034
v -0.837881267 -0.370223463 -0.286673278
v -0.678654075 -0.576108813 0.73283273
v -0.906366527 0.502153993 -0.0990247354
v 0.869727612 -0.441389143 0.202039242
v -0.357509077 0.711663425 0.777549744
v -0.137525558 0.901867628 0.444508165
v 0.0503159612 -0.974017739 -0.192296848
v 0.0965514034 -0.942512274 -0.349361658
v 0.844100237 0.553364694 -0.662204564
v -0.844100118 -0.553364754 0.662204802
v 0.844100952 -0.553364635 -0.66220367
v -0.844100535 0.553364635 0.662204325
v 0.0329343043 0.998177528 -0.141365275
v 0.0487759635 1.02281094 -0.269085348
v 0.206079319 -0.821457148 -0.795967996
v -0.017167151 -1.11900902 0.250384122
v 0.163279712 0.878231943 -0.688565552
v -0.206830338 -0.825133443 0.772062004
v -0.0040813908 -1.14809287 0.0779149756
v 0.200622708 -0.839910507 -0.705339015
v 0.0920494646 0.973054588 -0.460906833
v -0.732612431 0.553354859 0.791628361
v -0.732612014 -0.553354859 0.791628897
v 0.732612967 -0.5533548 -0.791627705
v 0.732612073 0.553354919 -0.79162854
v 0.210691273 0.803777575 -0.858631849
v -0.00389542803 1.15596938 0.0897934064
v -0.087536335 -0.945429444 0.765685558
v -0.0250550956 -1.094625 0.457233548
v 0.0750536919 0.994794965 -0.594947278
v 0.0169256777 1.10626614 -0.488042474
v -0.0596079379 1.02833533 0.461529374
v -0.360864788 -0.714722693 0.609263957
v 0.335375547 -0.722009897 -0.805761576
v 0.275646865 0.777198792 -0.679847956
v 0.105545208 -0.952667594 -0.469211608
v 0.161333203 0.886119902 -0.591448724
v 0.221761078 -1.50028348 0.692421257
v 0.596482337 -0.572517633 -0.902344763
v 0.596481323 0.572518051 -0.902345121
v -0.596481144 -0.572517991 0.902345598
v -0.596481681 0.572517812 0.902345002
v 0.00622652844 1.11074829 -0.0658555552
v -0.110974051 -1.80354404 -0.252749205
v 0.00797194242 1.14917266 -0.327407658
v -0.150447816 -0.880815268 0.755852222
v -0.0545795262 -1.03170013 0.543578923
v -0.227388889 -0.787800789 0.868697822
v -0.000292909099 1.25997317 -0.00510050682
v 0.00141271204 -1.24345672 0.0333522521
v 0.0290551186 -1.04698038 -0.662181079
v 0.443121552 -0.617309332 -0.989897192
v -0.443119615 -0.617310047 0.989897907
v -0.443121135 0.617309451 0.98989749
v 0.443120182 0.617309809 -0.989897907
v -0.355624676 -0.715460956 0.754135609
v 0.0280351788 1.09266996 -0.330138326
v -0.15119952 -0.895689547 0.639093757
v 0.281870633 -0.691763461 -1.05061364
v -0.281870097 0.691763639 1.050614
v -0.28186956 -0.691763997 1.05061376
v 0.281869531 0.691764057 -1.05061388
v -0.0635889769 0.985487998 0.720481575
v -0.0528234541 -0.995714962 0.732484818
v -0.120825738 0.834950745 0.997959614
v -0.00265951827 -1.26693642 -0.0414437763
v 0.0215677619 -1.02870357 -0.755083501
v -0.0137506127 -1.12520719 -0.624729216
v 0.011381112 1.11875451 -0.140553072
v -0.123173088 -0.796980262 1.08174062
v 0.12317431 -0.796979427 -1.08174038
v -0.123173624 0.796979785 1.08174086
v 0.123173505 0.796980083 -1.0817405
v 0.272466063 0.778556645 -0.596159518
v 0.11907275 0.933459282 -0.630977631
v 0.36741516 -0.684670568 -0.894841194
v -0.022367686 -0.93088603 -1.08154237
v -0.0223684311 0.930886865 -1.08154237
v 0.0223687291 -0.930887341 1.08154213
v 0.0223680139 0.930886149 1.08154261
v 0.206430495 -0.838922083 -0.624096155
v -0.00626802444 1.07658446 -0.727510631
v -0.00421585515 1.34259295 -0.0325676613
v 0.0563206077 0.908036768 -0.967027605
v 0.0142228603 -1.11957824 0.642955542
v -0.0548408031 1.25673151 -0.502854884
v -0.0270381123 1.3603611 -0.180214092
v -0.0496351421 1.21241474 -0.571908653
v -0.049182117 -1.31937838 -0.361200929
v -0.0251986459 -1.36318934 -0.166471124
v -0.00759621523 -1.37576389 -0.0485426076
v -0.192118436 1.79121947 -0.430182725
v 0.0646703616 -1.83866477 0.142950088
v 0.00712436438 1.21214056 0.255889982
v -0.14498657 1.08830976 -1.04936635
v 0.14498657 -1.08831024 1.04936576
v 0.144986033 1.08830905 1.04936635
v -0.144986063 -1.08830917 -1.04936659
v -0.407049119 0.0417815596 -0.044297725
v 0.777080595 -0.115048826 0.428415775
v 0.417387784 -0.0483151786 0.0474290736
v 0.0356700532 0.0213116854 -2.14522402e-06
v -0.0290472396 0.0194396768 5.61505294e-06
v -0.66984117 0.029443549 -0.231869817
v -0.475044757 0.0468569621 -0.0716812834
v -0.0321082175 -0.0211464316 6.6480643e-06
v 0.0351684205 -0.0218289047 -4.51763026e-06
v 0.678141296 -0.0322951414 0.242793992
v 0.472474635 -0.0331283398 0.0715017989
v 0.621156871 -0.0322680362 0.175991192
v -0.672066629 -0.0187475625 -0.235592201
v 0.669802964 0.016124595 0.232730016
v 0.0266597532 -0.0733644441 -0.000274357764
v -0.0420436189 -0.0646937266 0.000302388857
v -0.713198662 -0.0801041722 -0.288404256
v -0.774903715 -0.102954969 -0.427640587
v -0.0278826617 0.0563755445 0.000162783545
v -0.411726564 -0.0407770462 -0.0459825732
v -0.477886617 -0.0395686403 -0.0736722276
v -0.735510051 -0.0530081987 -0.338189632
v 0.421151161 0.0451252647 0.0490478128
v 0.475757211 0.0370153263 0.0728221759
v 0.62007153 0.049112495 0.17310147
v 0.759749889 0.0746062994 0.392201513
v -0.707915425 -0.127549246 -0.262692064
v -0.4075647 -0.121179156 -0.0338304043
v -0.783271372 -0.203705996 -0.376337379
v -0.671312511 -0.122350477 -0.212547526
v -0.0193895753 -0.0933406278 0.000333019067
v -0.676339149 0.141530484 -0.211261153
v -0.472857505 -0.107689865 -0.0615981072
v -0.471837312 0.112859301 -0.0600381009
v 0.0306027886 0.0861906037 -0.000435596594
v -0.788012981 0.188516691 -0.407576472
v -0.725720406 0.183316201 -0.262171865
v -0.621537447 0.125318229 -0.156861886
v -0.430655509 0.202426419 -0.0185195785
v -0.681101322 0.255347699 -0.146875426
v -0.802321076 0.261060119 -0.36794135
v -0.780448854 -0.269670576 -0.294452697
v 0.0215185992 0.222739384 -0.00213176012
v 0.0162956323 -0.228170022 -0.00169665425
v -0.418012679 -0.199238688 -0.01594414
v -0.635663152 -0.196472868 -0.139102146
v -0.699851334 -0.238473117 -0.183220282
v 0.217701137 0.827582717 -0.656004786
v 0.0368091129 -0.138651505 -0.00138235686
v 0.0426944196 1.04391086 -0.586578667
v -0.178649545 -0.799633086 0.961236298
v 0.420797169 -0.117421187 0.0389267467
v 0.754357994 -0.159410417 0.335363835
v 0.71636945 -0.122828156 0.278830379
v 0.62452203 -0.111482084 0.164124563
v 0.42334345 0.1266426 0.0378726423
v 0.721123695 0.114111006 0.29088369
v 0.628687322 0.13058199 0.161972389
v -0.0251976997 0.141111001 0.000993075431
v 0.468743205 -0.144489408 0.0508696996
v 0.787321448 0.191480368 0.402111202
v -0.765440524 0.325817823 -0.191539988
v -0.403060377 0.269797444 0.015535865
v 0.0331026763 0.259339273 -0.00444102846
v 0.772394538 -0.341114759 0.182363823
v 0.804011524 -0.358237863 0.218262926
v -0.690438449 0.292729706 -0.124456435
v 0.649330139 -0.283748478 0.0915742815
v 0.698458433 -0.31331256 0.112696566
v 0.0282575097 -0.174504563 -0.00170694431
v 0.0318300761 0.183358476 -0.00212030089
v -0.0285215341 -0.170659527 0.00164677773
v 0.681254804 -0.213735789 0.177709043
v 0.764329195 -0.275188804 0.252563626
v 0.421991229 -0.181478083 0.0229113307
v 0.728551328 -0.213929802 0.245046899
v 0.803566456 -0.263873637 0.36809358
v 0.683223903 0.216320962 0.178366527
v 0.476800591 0.19513917 0.0375305973
v 0.725015759 0.22228387 0.232661501
v -0.0191193819 0.309402436 0.00367626711
v -0.429042667 -0.264640063 0.00774029875
v 0.861370683 0.415502757 0.251078218
v 0.698534548 0.330558598 0.0939602628
v 0.421940237 0.280030608 -0.0167488661
v -0.858901978 -0.413333952 -0.248593464
v -0.236665964 -1.2613374 -0.98566705
v 0.236666203 -1.26133823 0.985666513
v 0.236665726 1.2613374 0.985666692
v -0.236665845 1.26133764 -0.985666692
v -0.4778229 0.207745805 -0.0329310559
v 0.0234372318 0.301039189 -0.00426061684
v -0.02851489 -0.284486324 0.00461860234
v -0.0274450276 0.232773766 0.00296572759
v -0.0288836118 -0.234772652 0.0031739187
v 0.411030293 -0.343522757 -0.0533547364
v 0.770657599 -0.383967131 0.112983309
v -0.829385102 0.423541278 -0.1422178
v 0.82602942 -0.418243438 0.14709653
v -0.778437376 0.395755142 -0.104779191
v -0.410055816 0.342321187 0.0527160056
v 0.664825499 -0.350148737 0.0401946157
v 0.0335503221 1.26719439 0.362183571
v -0.0223923326 1.24260032 -0.335033566
v 0.0126063377 -1.26583982 0.180026606
v -0.17817077 0.848610163 0.784496009
v -0.473366708 0.281041563 0.00429638661
v 0.00429350138 -1.16912878 0.407674879
v -0.0516933054 -1.24808741 -0.505348861
v 0.0257531963 -0.3492136 -0.00632675784
v -0.0212431643 0.346372008 0.00513541652
v 0.00889881514 -1.38007402 0.0556071699
v -0.0568018854 -1.18759441 -0.654536068
v -0.0519019961 1.1407584 -0.736669302
v 0.0414155386 0.372298241 -0.0115699163
v -0.0118774809 -1.29751253 -0.125829667
v -0.721107721 -0.178723663 -0.257282048
v -0.147886842 -0.900632679 0.542391121
v -0.707092047 0.0833580643 -0.277107745
v -0.549082875 0.334087282 0.013554913
v 0.117546558 -1.83799076 0.257084161
v -0.368183196 0.18513158 -0.00817646645
v -0.683354437 -0.287707359 -0.121410199
v 0.147933483 0.13425304 -0.00317742489
v 0.628928542 -0.19296822 0.134671196
v 0.0422391891 1.63103652 0.125954777
v 0.740523458 -0.290140271 0.193551108
v 0.726210952 0.378994673 0.0625705943
v 0.534353077 -0.113767274 0.0930212215
v 0.468850851 0.39692229 -0.0864615366
v 0.543346167 0.355372757 -0.0338038653
v -0.785801053 -0.438258499 -0.0336466841
v -0.194817752 -0.0093802996 -0.00489937654
v -0.36618191 -0.150379568 -0.0164137315
v 0.63316375 0.247519419 0.105119802
v -0.304225683 0.272976577 0.0270216744
v 0.24351941 -0.409139305 -0.0742656812
v 0.853691697 0.506569564 -0.047934249
v 0.264597237 0.513823092 -0.1372502
v 0.9013955 -0.491625428 0.127641037
v -0.413767695 0.138325512 -0.0320909843
v 0.140009359 0.0544621609 0.000999434968
v -0.534486949 -0.258388907 -0.0328266993
v 0.309792399 -0.0810307562 0.0158528443
v -0.321168005 -0.194157988 0.00215448602
v -0.413297296 -0.289385319 0.0230455697
v -0.244129077 0.024096204 -0.00943695102
v -0.186196223 -0.39466694 0.0549211353
v 0.555787146 -0.00156395673 0.121884502
v 0.464865506 0.223197028 0.021560451
v 0.521142066 0.191866904 0.0593822636
v -0.196435913 0.087777786 -0.00202881056
v -0.0464656465 0.46088469 0.0202288069
v -0.1452519 -0.0644042119 -0.00083836657
v 0.654575109 0.449816376 -0.101081997
v 0.603398561 0.0888926089 0.150373414
v 0.651940942 0.351247907 0.0288126525
v 0.191095501 -0.0743038058 0.00254481821
v -0.522082388 -0.079284966 -0.0928032771
v 0.244810626 -0.00772686349 0.00977328327
v 0.407245785 0.243115008 -0.00320937973
v -0.246557131 -0.576860428 0.171601355
v 0.139589816 0.853098869 -0.901979148
v 0.788903475 -0.518474221 -0.174568117
v -0.13025628 0.399329394 0.0408398919
v 0.586806297 0.455740929 -0.133396342
v 0.135943294 -0.39945665 -0.0425272919
v -0.186973557 -0.228395686 0.0152187161
v 0.357282698 0.30401516 -0.0367069989
v -0.306907475 -0.323722452 0.0461622365
v -0.46964708 -0.327727288 0.0339882225
v 0.0888462812 -0.249338701 -0.0106108719
v 0.123899207 -1.49260736 0.450524837
v 0.5227108 -0.420968533 -0.102557041
v 0.145080492 0.0946304128 -0.000562866859
v 0.588848054 -0.311696917 0.024502473
v -0.247250065 -0.363350332 0.0565015338
v -0.295999587 -0.399648041 0.0803113952
v 0.138863608 -0.0246877149 0.00161626132
v 0.363855392 0.00145470432 0.0324575305
v 0.685993493 -0.244220272 0.161374286
v -0.262140274 -0.0197979882 -0.0118376026
v 0.0160394795 0.410638988 -0.00550016994
v 0.199836552 -0.103193194 0.00106585107
v 0.597138941 0.583712995 -0.425776213
v 0.635562658 0.502550483 -0.203783646
v -0.408240885 0.395722866 0.0881438553
v 0.658970714 0.403605103 -0.0299780667
v 0.364202082 0.361565918 -0.0657984242
v 0.659247816 0.31948638 0.0677181408
v 0.397407413 0.455347747 -0.13434203
v -0.464540303 -0.392106891 0.0828404278
v 0.130192623 0.4117845 -0.0436017215
v -0.455934674 0.442673117 0.128562227
v 0.268291771 -0.0688770413 0.0103655932
v 0.248370662 0.194610521 -0.00865030102
v -0.615193248 0.540126979 0.290745944
v -0.359058559 0.124132745 -0.0200459491
v -0.192485034 -0.334584206 0.0388664417
v -0.413234532 0.16985777 -0.0237649754
v 0.204399809 1.82048893 0.441716582
v 0.777458787 0.110153794 0.432706118
v 0.250134796 -0.258024246 -0.0231048297
v -0.257095844 -0.189604804 0.00720106578
v -0.843577743 0.556598842 0.316528112
v -0.122346461 0.113259442 0.00191882893
v -0.753965974 0.121395677 -0.356823206
v -0.534802377 -0.313422024 0.00338928867
v 0.247546345 0.0718844756 0.0075747096
v 0.120830283 1.91745949 0.243495271
v -0.221781835 0.446826816 0.0845486596
v -0.194823995 0.0463535674 -0.00409661466
v 0.145595714 0.278038979 -0.0205736477
v 0.530346751 0.395390272 -0.0748622641
v 0.144783586 -0.139081016 -0.00358141284
v 0.349851817 -0.281002373 -0.0273680594
v -0.0970484167 -0.891545832 0.252852589
v 0.309881806 -0.228301972 -0.0126311639
v 0.308454454 -0.136781693 0.0080859866
v 0.797194719 0.467127681 -0.0167442076
v -0.792662859 0.514705002 0.158104703
g 
f 2148 1667 1759
f 1945 1910 2182
f 2233 88 2046
f 2129 1177 1574
f 1582 762 784
f 10 1898 2181
f 2254 1734 1114
f 1723 1782 2150
f 79 1106 80
f 2291 33 1234
f 2197 1178 1571
f 2274 34 1166
f 1572 2375 1156
f 2289 2177 1540
f 2292 83 1543
f 2248 1088 2120
f 2358 2357 714
f 2198 2391 1391
f 1280 1191 2303
f 66 2343 2264
f 61 1942 2204
f 64 2119 2247
f 698 620 1154
f 69 1882 2380
f 2366 2368 699
f 1625 1334 2131
f 309 1204 2306
f 670 687 1431
f 2345 2346 691
f 20 955 21
f 1458 1157 2195
f 26 2057 27
f 2322 1312 2319
f 17 1243 2272
f 11 1957 2203
f 2236 2146 2078
f 59 1794 2166
f 1572 1175 2106
f 1185 2311 2297
f 672 632 625
f 342 336 1319
f 1322 337 340
f 1213 643 634
f 2364 1425 1218
f 1253 681 719
f 2335 1496 1252
f 2386 1255 1491
f 1392 1254 2387
f 790 1600 800
f 1515 1477 2385
f 2403 1516 1565
f 116 1565 118
f 118 2475 116
f 1609 119 121
f 119 1609 117
f 2475 1653 120
f 1654 121 119
f 121 1654 122
f 1780 122 1691
f 120 123 1685
f 1789 1688 124
f 1770 126 128
f 124 127 1773
f 1799 128 126
f 128 1799 130
f 1803 129 131
f 127 129 1803
f 128 130 1916
f 1834 131 129
f 130 132 1864
f 1859 133 131
f 133 1859 134
f 133 134 1900
f 2006 135 137
f 132 135 1864
f 1985 136 1927
f 137 1930 138
f 1960 139 136
f 2044 140 139
f 2000 141 138
f 141 2000 142
f 141 142 2025
f 143 2121 2071
f 2121 145 147
f 144 146 2052
f 2156 147 145
f 146 148 2237
f 149 2213 147
f 2213 2244 1102
f 2243 2277 1112
f 148 150 2243
f 2260 149 151
f 2397 153 1230
f 154 2243 150
f 1225 154 1130
f 2404 156 1169
f 2404 2285 156
f 1240 157 155
f 157 1240 1748
f 1290 2295 161
f 317 315 1266
f 1283 162 2313
f 1274 2315 163
f 654 636 1196
f 1273 1190 2299
f 1288 2299 1190
f 1282 2303 159
f 2316 1195 1277
f 168 1287 174
f 664 1314 1306
f 1296 668 1195
f 1295 662 1259
f 1288 1210 2326
f 2344 1410 1355
f 1434 708 674
f 2367 1247 1410
f 1367 1248 184
f 1310 173 182
f 1219 709 688
f 684 712 2421
f 347 2417 1224
f 1424 715 1454
f 183 1386 186
f 710 707 1250
f 2443 700 709
f 2453 2377 181
f 192 1503 1455
f 183 192 1455
f 740 721 1286
f 1285 724 737
f 187 188 1460
f 189 1481 196
f 185 2374 1482
f 2374 1453 1476
f 189 186 1481
f 741 1494 754
f 2388 189 196
f 189 2388 1551
f 1533 1748 227
f 157 1748 1533
f 195 2463 2438
f 195 199 2463
f 1558 200 194
f 200 1558 208
f 202 1576 205
f 202 203 1576
f 1655 840 1669
f 2479 205 214
f 202 205 2479
f 206 2484 209
f 1637 2470 808
f 1620 207 215
f 201 207 1620
f 204 2422 208
f 208 1602 1587
f 2484 206 212
f 204 210 2422
f 1648 212 206
f 212 1648 220
f 213 215 219
f 1710 216 1783
f 211 218 1731
f 210 216 1710
f 212 220 1711
f 1744 222 1766
f 216 225 1783
f 1746 226 219
f 227 1748 242
f 197 228 1536
f 1757 223 233
f 887 1729 867
f 1764 229 232
f 1813 229 1764
f 230 1776 231
f 224 231 1776
f 232 1845 237
f 1807 233 223
f 233 1807 239
f 1798 234 238
f 1808 235 236
f 222 235 1808
f 1820 232 229
f 230 234 1819
f 1855 237 1890
f 232 237 1855
f 234 1891 238
f 1891 234 1804
f 233 239 1857
f 1850 236 235
f 1890 237 249
f 1835 940 1906
f 238 1870 248
f 227 242 1880
f 240 1865 244
f 239 244 1885
f 1887 245 1948
f 241 245 1887
f 253 1865 240
f 1922 247 254
f 246 1907 248
f 238 248 1918
f 1866 249 237
f 1934 253 240
f 253 1934 256
f 246 251 1951
f 1931 254 247
f 252 254 1965
f 1962 259 251
f 1986 255 250
f 253 256 1992
f 252 2171 263
f 256 1966 264
f 2012 261 255
f 260 261 2019
f 252 263 2001
f 262 2030 264
f 256 264 2134
f 2168 259 265
f 1058 267 2102
f 269 228 243
f 269 1003 279
f 1055 1061 2167
f 260 271 2068
f 265 270 2080
f 2114 274 266
f 277 2067 275
f 2176 2079 278
f 271 2079 2176
f 272 2118 2064
f 270 2410 1074
f 269 279 346
f 276 2231 280
f 1128 1108 2239
f 2157 282 286
f 283 2193 293
f 284 277 2241
f 281 2224 276
f 281 2342 2224
f 1080 268 1347
f 1144 346 279
f 1107 569 2257
f 291 1118 2241
f 284 1118 1109
f 289 295 290
f 292 286 287
f 2342 289 1111
f 290 2282 1140
f 2262 2405 296
f 300 292 294
f 296 293 2262
f 1136 610 579
f 1140 297 303
f 294 1529 300
f 299 1167 301
f 2279 301 1226
f 302 298 398
f 1233 303 297
f 303 1233 448
f 1232 1134 597
f 1950 304 2405
f 1241 305 1716
f 1537 305 1241
f 1271 2298 1181
f 1279 2302 604
f 307 1279 320
f 1289 2305 308
f 2448 2317 1291
f 1204 309 1293
f 310 328 1318
f 1312 2322 310
f 1329 2330 311
f 1201 2304 1183
f 2302 1279 307
f 2298 1271 306
f 1266 315 1332
f 1260 2439 1275
f 2450 1292 1270
f 316 1260 1294
f 314 1261 318
f 318 1261 1338
f 1269 2474 1302
f 2439 319 327
f 1281 320 2347
f 2305 1289 605
f 2441 630 1201
f 306 1271 323
f 1337 324 1342
f 325 1357 335
f 321 312 1333
f 326 314 2452
f 308 2322 1289
f 333 329 2350
f 309 329 1293
f 338 1294 1339
f 316 330 2504
f 1337 664 673
f 313 324 1302
f 318 331 1264
f 320 1279 344
f 1341 335 1354
f 2501 1341 1304
f 332 339 2476
f 1357 325 1301
f 334 340 1342
f 311 2324 341
f 341 2324 1437
f 683 678 1328
f 1354 343 1415
f 335 343 1354
f 1356 337 355
f 1361 337 1356
f 1293 333 1216
f 2476 339 353
f 2347 1224 1365
f 1377 345 257
f 2040 345 1377
f 346 1144 478
f 344 1279 1217
f 341 1437 360
f 1375 1246 357
f 2417 367 1245
f 1312 310 362
f 1366 350 1403
f 350 1366 366
f 351 1369 353
f 2365 1398 619
f 367 2417 356
f 368 357 2427
f 2370 1397 349
f 1428 358 370
f 1428 1427 2488
f 377 1441 1434
f 341 377 1329
f 310 2338 362
f 1435 1349 2338
f 1414 364 1465
f 365 1385 372
f 358 366 1382
f 365 351 1423
f 364 1414 348
f 363 367 1421
f 359 1432 368
f 1411 368 1432
f 352 1408 1409
f 361 352 1409
f 1448 369 380
f 1442 372 385
f 2415 1487 379
f 2360 1471 1436
f 1445 2359 2332
f 377 2332 374
f 374 2332 2359
f 373 2415 375
f 360 1350 2332
f 2339 1312 362
f 744 1465 1451
f 392 378 385
f 742 2468 768
f 2394 1520 394
f 1487 2415 373
f 726 1502 747
f 1484 381 1582
f 1498 381 1484
f 1480 382 1548
f 1497 382 1480
f 1432 359 1508
f 1449 2428 1492
f 1495 370 1443
f 2394 384 1520
f 387 386 1468
f 2359 1445 1389
f 2361 1421 1393
f 761 1451 1497
f 390 1583 408
f 1550 392 411
f 302 1229 298
f 299 396 1527
f 1739 878 1534
f 452 302 398
f 302 452 1715
f 1539 400 453
f 1875 400 1539
f 381 401 1582
f 378 392 1550
f 409 1546 395
f 2469 390 402
f 404 412 416
f 1557 1553 405
f 429 2449 1555
f 1594 406 1627
f 407 1591 417
f 408 1584 1530
f 2376 1489 1508
f 405 379 409
f 1638 403 389
f 391 412 410
f 407 1596 421
f 1600 411 392
f 404 1548 410
f 1601 1673 1562
f 1604 413 422
f 413 1604 403
f 824 1641 1615
f 1703 415 427
f 1616 417 439
f 407 417 1616
f 1624 419 425
f 1623 839 820
f 1627 420 438
f 406 420 1627
f 1509 1512 421
f 407 421 1591
f 406 394 1575
f 418 1612 411
f 404 416 1610
f 1615 787 821
f 1634 456 1658
f 1652 423 1689
f 1672 424 1699
f 1642 425 419
f 425 1642 455
f 1704 426 418
f 426 1704 436
f 1644 817 1671
f 1700 859 1644
f 1638 791 1664
f 413 403 1664
f 414 1634 429
f 419 1624 430
f 1709 422 413
f 1668 427 2440
f 804 1675 861
f 817 1644 843
f 431 1736 441
f 1707 440 450
f 424 435 1699
f 428 1670 437
f 1706 437 1697
f 1705 418 426
f 428 438 1670
f 424 439 1659
f 423 434 1689
f 440 1707 1695
f 1755 825 895
f 422 441 1655
f 1784 435 1727
f 1721 451 1827
f 1724 445 1742
f 1692 446 1814
f 1712 432 1785
f 431 441 1686
f 433 447 1668
f 448 1098 1740
f 303 448 1740
f 1741 449 304
f 2456 1810 1706
f 1745 451 436
f 397 1749 488
f 1542 454 1879
f 399 454 1244
f 432 1712 455
f 440 1695 456
f 456 1695 1658
f 1761 457 480
f 1829 457 1761
f 1822 458 465
f 446 462 1846
f 1827 461 1877
f 1745 881 1795
f 445 431 1742
f 445 1769 458
f 865 1829 905
f 1786 888 1760
f 461 1827 451
f 1812 459 442
f 444 1823 498
f 479 475 464
f 481 1797 466
f 1768 469 497
f 1768 1728 443
f 461 468 1877
f 462 466 1821
f 1801 465 458
f 1775 479 459
f 457 470 1786
f 460 1830 471
f 471 1830 1785
f 938 1912 1837
f 1854 498 474
f 1853 476 1883
f 1103 477 25
f 346 478 640
f 1844 479 464
f 463 480 1858
f 467 1817 460
f 460 1817 1824
f 1852 481 466
f 483 481 1888
f 1906 482 491
f 1920 484 504
f 1838 463 499
f 486 1893 1941
f 1972 487 467
f 398 513 452
f 1048 453 400
f 1876 452 1981
f 1005 453 1048
f 476 490 1883
f 1835 491 472
f 485 464 475
f 2477 1892 492
f 493 1905 483
f 1973 482 1926
f 1920 504 1935
f 1974 496 507
f 473 497 1831
f 1860 491 482
f 1914 954 942
f 1902 504 484
f 1928 1901 1979
f 1994 501 1977
f 502 1970 512
f 2477 1937 525
f 1893 505 1831
f 486 505 1893
f 493 483 1888
f 1946 485 495
f 482 500 1926
f 503 507 1933
f 1007 1987 1967
f 494 2011 487
f 1899 499 463
f 1979 1919 972
f 1989 991 1903
f 397 488 1098
f 454 489 1879
f 489 2162 559
f 510 514 1971
f 1995 995 2034
f 501 1994 521
f 515 2013 526
f 512 2038 523
f 511 1963 542
f 518 2002 527
f 494 506 2007
f 2008 507 496
f 2016 975 1926
f 993 1967 1997
f 2013 515 509
f 2060 508 1959
f 981 1932 2037
f 519 2014 520
f 532 2021 527
f 2186 542 524
f 1941 514 486
f 525 1995 2034
f 2477 525 2034
f 515 526 2041
f 512 523 2026
f 518 527 2045
f 2057 26 639
f 2059 517 503
f 2014 519 510
f 1105 1876 1981
f 1004 537 2162
f 537 1004 572
f 532 527 2027
f 2023 1038 2048
f 1024 1997 2055
f 2201 530 2123
f 2113 541 550
f 501 521 2096
f 542 2186 2095
f 511 542 2095
f 2101 1026 2028
f 2041 543 2167
f 530 2201 2101
f 2250 2070 544
f 1067 2065 2207
f 551 2072 554
f 1072 546 1084
f 2112 546 1072
f 2123 547 2183
f 2055 548 571
f 529 548 2055
f 1097 2158 1079
f 533 549 2127
f 2132 529 520
f 524 2127 2186
f 2212 553 545
f 2155 2210 554
f 550 583 2145
f 2154 555 2183
f 1123 556 2251
f 556 1123 2208
f 544 2070 528
f 541 534 1121
f 2158 561 557
f 546 562 1084
f 1070 571 2214
f 2209 571 2153
f 1100 1069 2226
f 2191 565 555
f 2212 2242 553
f 2199 550 541
f 2184 2183 555
f 2208 1123 562
f 1100 575 568
f 2210 567 554
f 570 567 2210
f 2242 1129 2343
f 552 2160 549
f 2228 571 548
f 694 73 572
f 537 572 1081
f 1120 2189 556
f 565 2184 555
f 1082 573 1256
f 564 1734 577
f 2189 1099 574
f 1129 2212 2240
f 569 577 584
f 1117 578 2153
f 563 2220 552
f 1087 575 2288
f 1125 1077 1091
f 570 2210 1125
f 1111 576 1151
f 2395 1141 2288
f 1141 2395 595
f 592 576 1160
f 2396 574 609
f 1416 581 594
f 2398 583 564
f 2212 1129 2242
f 1101 582 2261
f 2276 290 2406
f 2284 600 1172
f 1630 587 2284
f 573 589 1106
f 1347 1103 590
f 2455 563 592
f 1130 2288 1141
f 1115 594 581
f 2396 609 1163
f 2283 596 581
f 1164 586 615
f 1225 598 771
f 598 1141 595
f 1228 599 773
f 1167 601 1226
f 2281 609 1131
f 650 603 1181
f 663 604 1284
f 621 1205 1184
f 2314 650 605
f 638 663 606
f 663 638 1205
f 637 641 1207
f 676 649 1309
f 649 2499 1148
f 689 607 1222
f 1399 608 2345
f 1217 608 2368
f 2281 1237 609
f 601 1528 610
f 1227 611 1170
f 1119 611 1227
f 587 600 2284
f 612 1237 878
f 1238 613 771
f 613 1238 777
f 1529 614 1541
f 1235 615 2406
f 615 1235 988
f 1542 616 1527
f 2178 1161 1168
f 1171 617 2283
f 1875 617 1171
f 1242 618 1169
f 1536 618 1242
f 1154 1420 1249
f 1259 655 1186
f 1260 655 660
f 623 665 633
f 1262 624 1189
f 624 1262 659
f 1268 625 1185
f 1267 625 653
f 1188 667 626
f 667 2471 626
f 627 1180 658
f 1281 628 1183
f 628 1365 657
f 1202 629 1206
f 1291 630 668
f 1201 630 1291
f 645 631 1340
f 1185 632 1299
f 1199 623 1187
f 1200 634 622
f 673 1302 1337
f 1197 635 1306
f 666 636 1304
f 1196 636 1297
f 2314 2309 637
f 478 76 640
f 75 640 76
f 1324 642 1344
f 642 1324 674
f 1320 2498 1214
f 2498 1320 672
f 679 644 1361
f 1314 664 644
f 1315 647 683
f 1316 648 675
f 1206 648 1316
f 628 2441 1183
f 604 663 621
f 603 650 1145
f 627 651 1180
f 1269 652 1331
f 623 653 1187
f 1182 622 667
f 1189 624 656
f 2471 667 1272
f 1263 625 1267
f 628 657 1191
f 1190 658 642
f 627 658 1190
f 629 2451 648
f 630 1195 668
f 1266 659 2487
f 624 659 1266
f 631 1188 626
f 1188 631 1198
f 625 1263 672
f 655 1259 660
f 635 1197 652
f 652 1197 1186
f 662 1215 647
f 1280 1282 1277
f 655 1275 1331
f 625 1268 653
f 657 1287 1191
f 650 2314 1203
f 629 1202 651
f 606 663 1284
f 1145 1257 2499
f 665 623 1199
f 624 1332 656
f 667 1188 1182
f 652 1186 655
f 622 1261 667
f 654 2472 656
f 560 669 2286
f 733 670 1431
f 2334 670 1458
f 1351 671 1149
f 631 645 1198
f 636 666 1297
f 634 2434 622
f 629 648 1206
f 642 674 1210
f 686 666 1354
f 621 1258 691
f 689 638 2349
f 1145 676 603
f 661 1290 1355
f 677 1355 690
f 646 1199 1209
f 646 1209 680
f 1339 647 1315
f 662 647 1339
f 648 2451 1212
f 648 1212 675
f 657 1365 684
f 692 674 708
f 711 1366 2416
f 1373 681 1231
f 644 679 1314
f 1353 677 1362
f 661 677 2436
f 645 1373 1208
f 643 1213 711
f 665 646 1358
f 2498 672 1360
f 647 1215 683
f 683 1215 2490
f 657 2421 1317
f 1296 688 668
f 1214 685 1251
f 2498 685 1214
f 1395 643 2416
f 643 1395 2467
f 1327 686 1220
f 666 686 1327
f 2320 1314 2426
f 1372 680 705
f 1316 1364 1318
f 641 687 1313
f 1221 668 688
f 668 1221 2448
f 638 689 1152
f 677 690 1362
f 1373 682 681
f 2346 1217 1279
f 621 691 604
f 1326 692 1394
f 692 1326 1210
f 1223 712 1371
f 2493 588 1378
f 1103 24 590
f 2413 694 1051
f 694 2413 929
f 591 573 78
f 1231 681 1253
f 1252 695 1383
f 1391 696 2358
f 698 607 2372
f 608 1399 699
f 680 1218 705
f 2511 690 704
f 703 686 1415
f 1221 688 1375
f 2368 619 1398
f 1381 700 2443
f 702 1405 713
f 1311 701 678
f 695 711 1383
f 2443 709 1219
f 710 1371 712
f 1222 1154 1396
f 607 698 1222
f 678 723 1402
f 690 1410 704
f 686 703 1220
f 679 1356 706
f 2507 681 682
f 1161 597 582
f 586 1164 1160
f 1407 704 720
f 2419 1421 619
f 718 685 1404
f 702 715 1248
f 697 1350 1437
f 743 695 1252
f 2437 1462 706
f 1462 2437 738
f 739 1430 723
f 735 1422 700
f 1434 724 708
f 675 721 1435
f 2414 723 701
f 2414 1440 739
f 735 700 1381
f 1462 2426 706
f 722 1250 707
f 721 675 1417
f 704 1247 720
f 723 678 701
f 715 702 713
f 685 718 1251
f 707 1436 732
f 2366 1433 714
f 736 717 705
f 724 1285 708
f 725 1450 736
f 1476 738 726
f 1463 730 757
f 730 2510 720
f 722 732 742
f 782 1457 740
f 1581 735 1459
f 1388 2354 1351
f 717 736 1450
f 725 736 1254
f 1451 728 744
f 1387 724 1441
f 727 1443 743
f 1498 716 1428
f 1465 744 1404
f 1462 738 1476
f 671 2354 1445
f 741 1345 760
f 739 1472 729
f 731 2464 719
f 1252 1496 743
f 727 743 1496
f 670 733 1458
f 782 740 2435
f 736 1425 1254
f 726 738 1448
f 718 744 728
f 739 729 1430
f 730 720 1455
f 1475 745 755
f 745 1475 767
f 746 759 2508
f 747 1552 798
f 2505 1514 1547
f 1499 750 1506
f 1505 1491 751
f 1466 2392 1509
f 1420 620 734
f 761 1480 751
f 745 1308 755
f 749 1496 1478
f 1498 750 716
f 748 756 1477
f 1503 2508 757
f 1581 753 735
f 1471 2468 742
f 1494 741 1468
f 752 1388 2390
f 769 758 1585
f 1157 733 758
f 770 734 1489
f 2428 729 1501
f 727 1496 749
f 2508 759 757
f 725 1392 756
f 737 1387 760
f 741 760 1468
f 732 1471 742
f 730 1503 757
f 751 1491 761
f 759 1595 1483
f 763 788 748
f 1532 764 1479
f 1595 766 800
f 1504 745 767
f 2390 1388 1474
f 2389 1393 696
f 1510 768 802
f 797 1546 782
f 1554 769 1553
f 1523 770 1489
f 1573 770 1523
f 1511 754 1494
f 598 1715 771
f 612 1163 1237
f 600 879 1239
f 614 773 1234
f 601 616 1236
f 696 2391 2389
f 1519 774 795
f 752 2390 2392
f 1534 776 883
f 776 1534 878
f 1535 777 1002
f 1876 777 1715
f 1541 614 882
f 1538 779 952
f 884 1741 781
f 1741 884 1544
f 749 783 2505
f 765 751 1480
f 1569 786 1174
f 769 786 758
f 775 1571 814
f 1589 789 1665
f 1600 790 1636
f 1567 823 803
f 793 1559 809
f 1447 801 1578
f 1573 794 770
f 794 1573 837
f 1575 795 1626
f 796 1590 804
f 1546 797 1577
f 1581 785 753
f 1514 2505 783
f 2500 782 1580
f 797 782 2500
f 763 748 1477
f 785 1545 753
f 750 784 1506
f 765 1516 751
f 745 1504 1517
f 747 798 1507
f 758 786 1157
f 734 770 1156
f 1567 762 1513
f 819 793 1599
f 818 791 1638
f 1588 2462 1583
f 787 785 2423
f 797 1522 1579
f 1594 801 802
f 801 1447 802
f 1518 803 1558
f 1589 798 789
f 1617 806 840
f 1608 807 832
f 807 1608 845
f 1568 809 827
f 841 790 811
f 1622 814 847
f 775 814 1622
f 825 1623 820
f 1626 816 846
f 765 792 1516
f 783 1461 818
f 791 818 1564
f 764 1532 819
f 793 819 1559
f 2412 1511 799
f 763 1560 788
f 766 1531 800
f 768 1521 802
f 774 1593 795
f 817 1628 801
f 839 1623 1633
f 1636 790 1605
f 793 809 1568
f 812 1613 822
f 1673 822 1562
f 796 804 1603
f 2424 1557 1624
f 1632 844 1683
f 1623 825 1642
f 843 1644 859
f 1645 840 1713
f 1617 840 1645
f 2445 1611 828
f 1611 2445 1653
f 1708 829 812
f 829 1708 856
f 830 1647 862
f 1621 833 1335
f 833 1621 1662
f 1727 842 834
f 815 1660 885
f 1670 835 1697
f 838 836 2424
f 786 1661 1174
f 813 837 1556
f 794 837 1175
f 1607 791 2485
f 1592 788 845
f 1643 820 1586
f 825 820 1643
f 810 1611 792
f 808 1665 789
f 815 1625 838
f 836 838 1661
f 837 813 1662
f 823 1617 2481
f 1504 822 1563
f 1577 839 1633
f 797 839 1577
f 1669 840 806
f 1608 832 1668
f 1672 844 861
f 1579 1586 820
f 791 1564 805
f 788 1560 845
f 807 845 1560
f 816 1177 846
f 1629 846 835
f 814 1178 847
f 1614 847 842
f 1418 2430 848
f 850 1674 1650
f 1419 850 1650
f 851 1679 877
f 1686 852 1742
f 1737 1726 853
f 1726 1737 1688
f 854 1693 827
f 857 1698 2458
f 1826 858 1682
f 1683 865 1825
f 1728 859 1700
f 579 1528 1173
f 593 579 1173
f 1701 860 584
f 599 860 1166
f 843 1702 2466
f 1568 827 1656
f 1605 830 1704
f 841 1676 1647
f 807 1737 832
f 809 1619 1646
f 826 805 1651
f 811 1676 841
f 846 1674 835
f 844 1632 861
f 861 1632 1603
f 829 1613 812
f 828 1611 810
f 865 1683 844
f 843 859 1684
f 830 862 1694
f 858 1730 895
f 1709 826 1686
f 855 1719 828
f 1165 771 613
f 618 1811 1169
f 1746 866 1717
f 1730 868 1828
f 1720 1771 1689
f 1813 870 1731
f 1774 1780 871
f 1780 1774 1722
f 1725 873 1685
f 1770 873 1725
f 1597 834 1649
f 1678 849 1598
f 1736 877 1655
f 851 877 1736
f 854 827 1646
f 1682 858 1711
f 857 863 1710
f 1740 1878 1949
f 612 878 1739
f 613 777 1535
f 1950 781 1741
f 1875 879 617
f 618 1754 778
f 1758 896 1707
f 1743 851 1736
f 1693 854 1718
f 867 1729 857
f 1692 880 864
f 1694 881 1745
f 1826 868 858
f 1878 1740 955
f 883 1752 956
f 1538 952 1881
f 1236 780 1882
f 849 1678 885
f 2512 2430 886
f 829 856 1691
f 864 1714 831
f 877 1713 840
f 824 863 1756
f 815 885 1334
f 848 2430 2512
f 833 886 1335
f 1760 888 933
f 1762 890 1666
f 1769 891 910
f 1724 891 1769
f 1763 874 920
f 1843 892 1772
f 1775 903 930
f 1818 901 893
f 1717 866 1805
f 907 866 1728
f 832 1737 853
f 826 1651 852
f 858 895 1711
f 1710 863 1640
f 870 854 1731
f 1777 2431 1743
f 1707 896 898
f 855 869 1719
f 899 876 2456
f 851 874 1732
f 881 862 1744
f 1726 875 853
f 1728 897 859
f 896 1723 898
f 848 898 1418
f 850 1419 899
f 876 899 1733
f 867 1792 887
f 2513 888 1786
f 900 1767 868
f 2431 1777 1822
f 875 901 1788
f 1718 903 1812
f 914 1851 904
f 852 1685 873
f 871 1780 856
f 887 1792 970
f 1805 907 938
f 1806 909 930
f 937 893 911
f 894 936 1795
f 1847 915 917
f 872 1809 935
f 1794 916 925
f 1810 876 969
f 867 857 1783
f 1787 905 889
f 1773 901 1789
f 1847 917 889
f 1760 906 1858
f 907 1805 866
f 919 1793 934
f 1796 920 874
f 1806 930 1764
f 931 888 2513
f 904 1774 871
f 902 1790 880
f 903 870 1813
f 1770 891 873
f 1790 902 1765
f 1785 890 932
f 1860 921 1833
f 1889 936 1836
f 1837 923 938
f 1816 924 1840
f 1845 915 1866
f 1838 915 1847
f 1817 925 916
f 1852 941 1888
f 1832 926 1915
f 1841 927 1815
f 949 1868 909
f 954 1914 1886
f 693 588 2493
f 1842 773 599
f 74 929 75
f 591 78 1047
f 892 1843 869
f 901 1773 893
f 913 894 1766
f 1797 2454 1821
f 1818 893 1852
f 1848 930 909
f 1800 892 1844
f 1845 917 915
f 917 1845 1820
f 834 1597 931
f 888 931 1759
f 890 1762 932
f 849 932 1598
f 900 868 1826
f 1824 916 953
f 902 918 1765
f 900 934 1767
f 918 912 1804
f 1764 930 903
f 1802 910 891
f 927 1841 935
f 941 937 1943
f 926 1832 970
f 1860 939 921
f 941 1862 972
f 1937 944 984
f 1858 946 1019
f 906 946 1858
f 1867 948 965
f 1893 978 1941
f 925 1874 971
f 776 878 1738
f 1239 879 779
f 893 1773 911
f 1541 882 1747
f 1752 883 776
f 1876 1002 777
f 1751 952 779
f 1819 934 1776
f 919 934 1819
f 917 1820 889
f 889 1820 1787
f 916 1794 953
f 890 953 1666
f 888 1667 933
f 1850 938 923
f 1885 926 1857
f 949 909 1855
f 1878 955 20
f 2418 1002 1050
f 1754 1982 958
f 1982 1754 258
f 82 884 1753
f 947 1866 915
f 1871 959 923
f 1892 945 1917
f 951 919 1872
f 1896 960 1944
f 1940 986 961
f 986 1940 1897
f 1904 965 991
f 1899 968 1034
f 1947 973 1018
f 1912 938 907
f 924 969 1840
f 1849 937 911
f 936 913 1836
f 1823 970 1832
f 887 970 1823
f 948 1839 908
f 928 1856 920
f 914 921 1851
f 942 954 1916
f 926 970 1857
f 960 1896 971
f 2011 971 1874
f 941 972 1919
f 1946 965 948
f 1938 984 1865
f 2009 978 1873
f 1932 981 1018
f 2008 982 1933
f 964 1008 983
f 1008 964 1935
f 945 1892 1053
f 985 1898 1815
f 928 943 1884
f 940 922 1889
f 876 1781 969
f 872 935 1782
f 1834 921 939
f 1907 967 1918
f 961 986 1861
f 973 1947 1866
f 1921 987 966
f 1903 965 1946
f 959 1948 923
f 988 1878 1540
f 615 988 2177
f 1543 989 2178
f 781 989 1543
f 1952 1006 1925
f 940 1006 1952
f 1953 961 1905
f 959 974 1924
f 1903 991 965
f 927 985 1815
f 924 1816 950
f 1967 993 1007
f 1941 994 1971
f 2017 994 1956
f 2035 982 1939
f 2045 999 1990
f 2039 1001 1989
f 1972 951 1908
f 962 1927 939
f 1974 973 947
f 963 942 2006
f 987 949 1922
f 1019 968 1899
f 1976 1006 1869
f 1931 1018 981
f 1923 964 983
f 1980 972 1900
f 883 956 535
f 32 882 1750
f 952 1052 1003
f 957 2232 71
f 998 1951 1964
f 1987 1007 974
f 994 978 1956
f 1957 1053 995
f 1930 1001 1969
f 1988 996 1963
f 997 1958 1025
f 1998 1011 2036
f 1011 1998 1036
f 1012 1999 1035
f 1026 2061 2028
f 1013 1996 1037
f 1016 2001 1029
f 1997 1024 1020
f 1908 967 1977
f 962 1985 1927
f 1978 1018 973
f 1954 980 966
f 1034 982 2008
f 925 971 1913
f 946 1975 1019
f 968 1019 1910
f 972 1980 977
f 1986 1007 993
f 1925 1021 1959
f 1016 980 2058
f 1997 1020 993
f 1014 998 2004
f 2015 1013 1021
f 2039 1015 1001
f 1970 1016 2038
f 1992 1009 996
f 2037 1022 981
f 1017 1023 2005
f 1018 1931 1947
f 2050 1037 1996
f 2029 1028 2102
f 960 979 1944
f 968 1945 1034
f 982 1034 1939
f 1961 1021 1006
f 1001 1930 991
f 983 1008 1966
f 2034 995 1053
f 2061 992 2016
f 992 2044 1960
f 2039 1030 1015
f 2012 1020 2019
f 1753 884 781
f 1750 882 614
f 28 2502 693
f 694 929 74
f 975 992 1985
f 76 478 77
f 2019 1020 1024
f 2044 1026 2024
f 2023 1012 1035
f 1012 2023 2013
f 2041 1036 1998
f 2060 1037 2020
f 1013 1037 2060
f 1016 1029 2038
f 2048 1038 2072
f 2066 1040 2079
f 2049 1059 2109
f 2024 1059 2049
f 274 1042 2054
f 2047 1043 2021
f 2112 1043 2047
f 2005 2169 1017
f 2169 2216 39
f 1060 1010 2014
f 1012 977 1999
f 1996 1013 2015
f 1027 1000 2003
f 1924 974 1007
f 958 778 1754
f 1005 1048 1984
f 1983 952 1751
f 1982 1004 958
f 1098 488 1192
f 2232 559 1193
f 2021 1028 2045
f 1053 1957 2010
f 945 1053 2010
f 1038 2062 1054
f 2063 1030 2026
f 2127 1046 2186
f 1054 2072 1038
f 1055 2067 1061
f 2202 2110 2020
f 2124 2109 1056
f 2077 1058 1072
f 2114 2145 1075
f 1965 981 1022
f 1986 993 1020
f 1994 1014 2042
f 1011 1036 2043
f 992 1026 2044
f 1030 2051 1015
f 999 1028 2029
f 2095 1033 1995
f 2066 1024 1040
f 1042 1029 2054
f 982 2035 1023
f 994 2017 1060
f 1010 1060 1993
f 1040 2275 2079
f 2075 1041 2063
f 2115 1039 2161
f 280 2077 2215
f 568 2074 1069
f 2199 1071 2151
f 273 2190 282
f 1039 2187 2046
f 2062 1038 1035
f 1043 2102 1028
f 1032 2268 2125
f 2134 1009 1992
f 2111 540 531
f 1041 2144 2051
f 1044 2025 2052
f 2123 1068 2201
f 2112 1072 1058
f 2020 1073 2202
f 1057 1074 2117
f 1071 2146 2120
f 1881 952 1003
f 567 2192 551
f 2155 1066 1077
f 1096 2124 1068
f 1084 1093 2215
f 2159 1079 2221
f 997 1025 2089
f 1033 2090 995
f 1080 1049 1880
f 513 1747 1779
f 1779 882 31
f 1024 2066 2019
f 1056 2109 1059
f 2227 1062 2069
f 1063 1042 2200
f 2052 2207 1044
f 2068 2230 1073
f 1097 1041 2075
f 561 2074 568
f 2190 273 1075
f 1077 2071 2213
f 1046 2056 1085
f 1033 1085 2033
f 1099 2188 1112
f 2151 1088 1114
f 1089 2154 1116
f 275 2192 2223
f 1179 1092 1065
f 2074 1063 2116
f 1071 1121 2146
f 1068 2124 1056
f 2073 2067 1055
f 2192 275 2073
f 1078 278 2079
f 2215 1093 281
f 2251 1108 1093
f 1077 1125 2210
f 1094 2211 2269
f 1086 2256 1095
f 568 1069 1100
f 2144 1097 2159
f 1041 1097 2144
f 563 1094 592
f 2256 1086 16
f 2209 2153 578
f 1045 2108 2196
f 1017 2169 1064
f 1084 2215 1072
f 2077 1072 2215
f 1079 2159 1097
f 2229 2340 552
f 2268 2340 2229
f 2270 2115 2161
f 1104 2230 283
f 2230 1104 1073
f 1051 1004 1982
f 1192 536 22
f 1082 1052 1983
f 537 1081 1193
f 2237 2122 146
f 2226 2116 2157
f 278 1090 2193
f 560 1049 669
f 588 558 1378
f 589 453 1106
f 73 72 1081
f 2239 1108 2251
f 1101 2193 1090
f 1127 151 2156
f 2269 1151 1094
f 576 1111 2276
f 1100 285 1137
f 1126 2288 1130
f 1734 564 1114
f 2191 1115 565
f 2191 594 1115
f 602 1101 566
f 86 1117 2253
f 585 1119 570
f 2244 2213 149
f 2244 153 1102
f 1120 2207 2122
f 2263 1120 2122
f 1065 2119 1122
f 2170 1122 2076
f 1093 1084 1123
f 1079 1126 2221
f 1091 1077 2213
f 1107 2257 282
f 1128 2225 1108
f 1099 1131 574
f 151 1127 1330
f 2225 1128 295
f 1102 2397 1091
f 2223 2400 288
f 570 2400 567
f 2258 1136 579
f 1089 1138 594
f 2257 1142 287
f 2278 1132 2455
f 1138 2401 1416
f 602 1133 1161
f 85 1133 2265
f 2261 597 1134
f 2263 2188 1099
f 2188 2263 2237
f 1076 2185 1046
f 1039 2046 2161
f 2242 1110 1179
f 1779 1747 882
f 1078 1090 278
f 1113 1128 2396
f 1119 2400 570
f 290 2276 1111
f 580 1137 2395
f 584 577 1701
f 1138 1089 1116
f 296 1138 1116
f 2397 1102 153
f 35 2259 2266
f 2277 1162 1139
f 2282 290 295
f 1141 598 1225
f 860 2257 584
f 288 1143 301
f 558 1779 30
f 453 1005 1106
f 268 477 1347
f 1087 1126 1079
f 1257 2133 2082
f 2294 1184 2084
f 621 1146 1258
f 637 1207 1147
f 2135 2310 2081
f 638 1152 2318
f 2136 2494 2083
f 641 1313 2321
f 2141 2321 2085
f 1325 649 1148
f 2333 1149 1325
f 2174 2333 2091
f 53 1150 2093
f 1076 1095 2152
f 2221 1126 150
f 1094 1151 576
f 1474 1153 2098
f 1396 1249 2094
f 2369 1155 1399
f 2143 2369 2092
f 2194 2375 2099
f 2195 2378 2097
f 2104 2432 1158
f 1115 596 1330
f 2245 2261 1134
f 581 1416 2283
f 1134 1232 2405
f 1237 2281 1738
f 1526 1113 1163
f 2406 1140 1235
f 586 2276 2406
f 2278 1164 1243
f 154 1225 1165
f 599 1166 1842
f 1811 618 772
f 2273 1135 1173
f 836 1661 786
f 837 1662 1175
f 153 2244 152
f 1701 577 2259
f 578 1117 1176
f 1133 1176 2265
f 582 1101 602
f 285 300 1137
f 2129 95 1177
f 846 1177 1674
f 2128 45 1178
f 847 1178 834
f 1088 37 1114
f 1092 1110 65
f 2281 1131 1139
f 587 1630 2408
f 651 1202 1180
f 2296 2301 103
f 2304 1201 322
f 2297 2311 102
f 2293 1278 160
f 2300 2297 103
f 2301 2307 101
f 2295 1189 159
f 2299 1288 164
f 2303 1191 161
f 1098 1192 21
f 1081 72 1193
f 2232 1193 71
f 2313 1336 1194
f 629 1194 2451
f 167 1195 2316
f 2315 1274 1196
f 2312 1278 1197
f 2307 2301 1198
f 2308 1209 1199
f 102 2327 1200
f 1201 2317 322
f 321 1202 1343
f 1147 2135 1203
f 650 1203 1145
f 1204 606 1284
f 2318 2136 1205
f 169 1306 2320
f 2321 2141 1207
f 105 2307 1208
f 2323 1359 1209
f 2326 176 172
f 2329 1211 1309
f 2325 1310 1212
f 2327 102 104
f 104 2351 106
f 1295 172 1215
f 172 1295 164
f 2330 1344 323
f 1397 607 1216
f 2349 1216 607
f 608 1217 2346
f 2351 110 108
f 180 1410 2344
f 1296 175 1219
f 2348 1367 179
f 2350 1375 349
f 1222 1152 689
f 1223 2352 174
f 347 1224 2347
f 1140 2282 297
f 860 1701 1166
f 2274 1701 35
f 1237 1163 609
f 1162 155 157
f 601 610 1226
f 299 1143 1227
f 1119 1227 1143
f 1142 599 1228
f 2395 1137 1229
f 298 1229 300
f 772 611 1230
f 585 1230 611
f 2341 2362 107
f 989 1232 597
f 1526 612 1233
f 1233 612 1739
f 1235 303 1949
f 780 1236 616
f 1165 613 1240
f 1240 613 1535
f 2271 2178 1168
f 296 304 2401
f 449 1171 304
f 772 618 1241
f 778 1241 618
f 156 158 1242
f 197 1242 158
f 1164 615 1243
f 1243 615 2177
f 396 305 1244
f 399 1244 305
f 1411 620 2372
f 1370 2371 2443
f 2371 1370 179
f 1250 178 1371
f 109 1425 2364
f 110 2335 2363
f 1352 2362 1253
f 2362 1352 109
f 2502 28 27
f 2387 1425 109
f 110 1255 2386
f 2238 279 1256
f 1256 279 1052
f 1146 2294 1258
f 1186 2293 1259
f 1189 2295 1262
f 672 1263 1298
f 314 318 1264
f 654 1264 1303
f 653 623 633
f 1185 2297 1268
f 315 317 1270
f 1181 2411 1271
f 1188 2301 1182
f 651 627 1273
f 1190 1273 627
f 1180 1333 1276
f 316 319 2439
f 306 323 1276
f 1344 658 1276
f 160 165 2299
f 165 160 162
f 2441 628 1280
f 1191 1280 628
f 1183 2304 1281
f 162 160 1278
f 307 320 2304
f 159 163 1282
f 165 162 1283
f 315 326 2452
f 163 159 1274
f 1274 159 1189
f 604 2302 1284
f 2383 1460 188
f 182 1456 1286
f 1456 182 185
f 161 1287 168
f 651 1194 629
f 1202 1206 1343
f 605 1289 2309
f 168 1290 161
f 166 2325 1336
f 1181 2305 605
f 1195 630 1277
f 2441 1277 630
f 1201 1291 2317
f 1340 631 1292
f 626 1292 631
f 645 1208 1198
f 1204 1293 606
f 660 1339 1294
f 316 1294 330
f 1295 2293 164
f 1195 167 1296
f 1204 1284 2306
f 167 2315 170
f 1320 1299 632
f 1185 1299 2311
f 2446 1358 1300
f 665 2446 633
f 1199 1187 2308
f 634 1301 2434
f 1302 673 1269
f 1304 636 1303
f 654 1303 636
f 325 2501 331
f 313 1305 324
f 318 325 331
f 1197 1306 2312
f 1196 1297 2315
f 1147 1207 2310
f 308 1343 328
f 2317 2448 329
f 1307 2386 1491
f 1491 1505 1307
f 112 1452 1308
f 755 1308 2464
f 478 1047 77
f 1211 1271 1309
f 173 1310 171
f 1210 1288 642
f 172 2433 1311
f 1306 1314 2320
f 1206 1316 328
f 2344 1290 168
f 174 1287 1317
f 171 2320 173
f 1364 1316 675
f 634 2467 1301
f 1214 1299 1320
f 682 1373 645
f 1358 646 1322
f 680 1322 646
f 338 342 2444
f 334 1358 340
f 1361 644 1323
f 664 1323 644
f 337 1361 340
f 332 1353 339
f 1344 2330 1324
f 1211 1437 2324
f 1148 2328 1325
f 170 175 167
f 176 2326 1326
f 1326 2326 1210
f 175 170 2348
f 1327 170 1297
f 336 342 1328
f 311 341 1329
f 1324 1329 1434
f 312 2305 2298
f 327 2474 1331
f 651 1273 1283
f 663 1205 621
f 1269 1331 2474
f 654 656 1332
f 1278 2293 1186
f 633 1305 1265
f 319 2425 327
f 326 1261 314
f 326 315 1270
f 625 632 1185
f 319 2504 1263
f 1261 326 1272
f 1267 2425 319
f 1266 1332 624
f 885 1678 1334
f 886 1677 1335
f 1289 2322 2319
f 1336 2313 166
f 2448 1291 668
f 1282 2316 1277
f 1191 1287 161
f 605 650 1181
f 1288 1190 642
f 1257 2328 1148
f 1333 1202 321
f 1302 324 1337
f 1303 331 1304
f 2487 317 1266
f 1294 1260 660
f 1269 635 652
f 1292 2450 1340
f 1298 2444 1360
f 1292 626 1270
f 1338 1261 622
f 1265 1305 2425
f 2504 319 316
f 1188 1198 2301
f 1300 324 1305
f 1301 325 1338
f 1264 2452 314
f 661 659 1262
f 659 661 2436
f 661 1262 1290
f 660 662 1339
f 1267 653 1265
f 653 1268 1187
f 673 664 635
f 1358 2446 665
f 665 1199 646
f 1200 2327 1213
f 1189 656 2472
f 1272 667 1261
f 330 338 2444
f 1278 2312 162
f 1331 1275 327
f 317 332 2450
f 645 1340 682
f 335 1341 2501
f 324 334 1342
f 1203 2133 1145
f 1194 651 1283
f 1276 323 1344
f 1271 2411 1309
f 1206 328 1343
f 329 333 1293
f 1283 1273 165
f 1268 2300 1187
f 2399 190 193
f 186 189 192
f 590 669 1347
f 1049 1347 669
f 560 2286 536
f 2238 591 1144
f 1051 258 2287
f 2173 2334 1458
f 721 1444 1349
f 2338 1349 375
f 671 1350 697
f 1149 2174 1351
f 2331 1440 1380
f 1440 2414 1380
f 719 1452 1352
f 2336 1452 112
f 2335 2356 1496
f 1294 338 330
f 1300 1358 334
f 1198 1208 2307
f 1298 1360 672
f 1182 1200 622
f 1289 2319 2309
f 1341 666 1304
f 1342 1323 1337
f 1365 628 1281
f 1259 662 660
f 1271 2324 323
f 1257 1148 2499
f 1290 2344 1355
f 2490 678 683
f 1215 662 1295
f 1212 1336 2325
f 1310 2325 171
f 1317 1287 657
f 1328 342 338
f 335 1357 343
f 1322 340 1358
f 1321 2450 2476
f 1209 2308 2323
f 1200 1213 634
f 1322 680 1372
f 1359 2323 105
f 1323 1342 1361
f 1354 666 1341
f 1363 336 1328
f 1315 338 1339
f 1344 642 658
f 701 1311 1439
f 176 2492 1439
f 1366 711 695
f 711 1213 1383
f 351 353 1368
f 704 1368 2511
f 1231 2341 1373
f 703 1405 702
f 350 1438 343
f 180 2367 1410
f 178 180 2352
f 2433 172 176
f 1318 2338 310
f 1437 2329 697
f 1311 1215 172
f 1356 679 1361
f 1362 339 1353
f 1319 336 1374
f 1328 678 1363
f 2467 634 643
f 1322 1372 337
f 1327 1297 666
f 1315 683 1328
f 684 2421 657
f 1216 333 1397
f 354 336 1363
f 339 1400 353
f 1319 1374 2498
f 1251 2351 1214
f 336 354 1374
f 1311 678 2490
f 1220 2348 1327
f 709 1375 688
f 1384 173 2320
f 1218 680 1209
f 1221 2350 2448
f 1216 2349 1293
f 1410 690 1355
f 1400 339 1362
f 1321 2507 682
f 1224 684 1365
f 1317 1223 174
f 1258 2345 691
f 1401 712 1224
f 684 1224 712
f 344 1217 1398
f 337 1372 355
f 697 649 1325
f 177 176 1326
f 1223 1371 2352
f 1050 693 1377
f 2502 1377 693
f 29 1378 30
f 2286 24 23
f 1144 591 1047
f 184 1424 181
f 719 681 1379
f 1379 681 1426
f 1253 2362 1231
f 177 1380 2492
f 181 2442 184
f 695 743 1382
f 1252 1383 2363
f 173 1384 2337
f 720 1385 1407
f 2356 1478 1496
f 374 1468 1387
f 1153 1474 1388
f 752 1389 2354
f 2355 1501 1390
f 729 1390 1501
f 384 1471 2360
f 2385 1477 1392
f 756 1392 1477
f 1393 2357 696
f 1397 2372 607
f 1326 1394 177
f 678 1402 1363
f 1375 2350 1221
f 1224 2417 1401
f 1362 690 2511
f 1218 1359 2364
f 1354 1415 686
f 703 1367 1220
f 711 2416 643
f 1357 1403 343
f 1219 688 1296
f 2421 712 1223
f 649 697 2329
f 1154 1222 698
f 2372 1397 2370
f 1398 2365 347
f 1155 699 1399
f 709 700 1246
f 2443 2371 1381
f 703 702 1367
f 1248 1367 702
f 1436 707 1245
f 710 1245 707
f 1246 1375 709
f 1245 710 1401
f 712 1401 710
f 349 1375 357
f 357 368 2370
f 348 1363 1402
f 350 2488 1438
f 1403 350 343
f 354 348 1414
f 1405 703 1415
f 1423 351 1368
f 706 1356 1406
f 352 1406 355
f 1426 2507 1369
f 1425 705 1218
f 355 1408 352
f 1376 353 1369
f 1247 704 1410
f 2372 2370 1411
f 692 708 1394
f 1394 708 1285
f 1150 2321 1313
f 356 2473 367
f 194 1412 191
f 198 1413 1482
f 1329 377 1434
f 1374 354 1414
f 1405 1415 1438
f 1383 1213 106
f 1408 355 1372
f 2433 176 1439
f 1370 175 179
f 2507 1426 681
f 1368 353 1400
f 1217 2368 1398
f 1414 1404 1374
f 1363 348 354
f 1220 1367 2348
f 2320 2426 1384
f 1395 1403 1357
f 1408 1372 705
f 1406 1356 355
f 1399 2142 2369
f 1396 2353 1222
f 2283 1416 1171
f 1113 1526 2280
f 1171 1416 2401
f 586 576 2276
f 592 1160 2278
f 1245 367 1436
f 1250 1371 710
f 1433 2366 1155
f 1368 704 1407
f 1369 351 1426
f 1310 1286 1417
f 1432 620 1411
f 620 1420 1154
f 1394 2383 177
f 898 1723 1418
f 2137 94 1419
f 899 1419 1733
f 1149 697 1325
f 700 1422 1246
f 1248 715 1424
f 2453 181 1424
f 364 348 1402
f 706 1406 1429
f 2496 1464 1429
f 365 1426 351
f 1382 366 1366
f 1443 358 1382
f 718 1255 1251
f 1253 719 1352
f 1379 1426 365
f 713 1427 716
f 1464 2496 361
f 1430 364 1402
f 1348 2339 1431
f 1473 2339 375
f 1432 734 620
f 1313 2334 1150
f 2143 98 2175
f 1441 724 1434
f 1349 1435 721
f 367 2360 1436
f 1445 2332 1350
f 1350 360 1437
f 1364 2338 1318
f 1386 183 178
f 1385 365 1423
f 1430 1402 723
f 1382 1366 695
f 1383 108 2363
f 1427 1438 2488
f 2492 2414 1439
f 1348 1312 2339
f 1422 2427 1246
f 1435 1364 675
f 1386 1250 722
f 1247 2367 183
f 1424 184 1248
f 1255 110 1251
f 1429 1406 2496
f 1110 2343 66
f 1086 1132 16
f 185 2337 1453
f 188 1472 1440
f 739 1440 1472
f 737 724 1387
f 1286 1310 182
f 1379 365 1442
f 372 1442 365
f 370 358 1443
f 740 1444 721
f 376 364 1430
f 203 190 1446
f 799 1446 1525
f 201 196 1447
f 2495 385 372
f 1254 1392 725
f 727 2505 1443
f 1255 728 1491
f 1450 2460 1409
f 750 1454 716
f 2355 1390 1472
f 1503 730 1455
f 1471 732 1436
f 1433 2358 714
f 1422 735 753
f 735 1381 1459
f 191 1459 181
f 760 1460 737
f 1389 1445 2354
f 1466 387 1389
f 714 1393 2419
f 783 1478 1461
f 2384 2356 111
f 737 1460 1285
f 729 2428 1430
f 720 1247 1455
f 374 1387 1441
f 1453 2337 1462
f 2510 730 1463
f 1153 2174 48
f 1286 2435 740
f 1449 371 376
f 1421 2361 363
f 361 369 1464
f 738 1464 1448
f 369 361 2460
f 371 1465 376
f 373 1349 1444
f 2442 181 1459
f 1345 2399 1460
f 386 387 1466
f 193 190 1479
f 380 369 1467
f 1467 369 2460
f 1346 1386 722
f 192 189 1469
f 385 2495 1483
f 1520 2361 1393
f 1286 721 1417
f 2495 372 1463
f 1429 1464 2437
f 1465 371 1451
f 1442 731 1379
f 1352 1452 2336
f 1428 370 1498
f 1472 188 187
f 1382 743 1443
f 1431 1473 733
f 1458 2195 2173
f 1350 671 1445
f 1349 373 375
f 1457 373 1444
f 1463 372 1385
f 1465 364 376
f 1386 1346 186
f 1440 2331 188
f 1450 1409 717
f 1464 369 1448
f 1254 1425 2387
f 1455 1247 183
f 1390 729 1472
f 1444 740 1457
f 1460 2383 1285
f 1486 359 2427
f 1490 2415 379
f 382 1497 388
f 1308 745 1517
f 1475 1500 378
f 1469 189 1551
f 1476 747 1507
f 783 749 1478
f 401 381 1495
f 370 1495 381
f 2377 2453 1499
f 181 2377 191
f 111 1307 2373
f 378 1500 385
f 1595 759 746
f 784 750 1484
f 391 382 1485
f 388 1485 382
f 1458 733 1157
f 386 421 383
f 1493 2394 1521
f 1457 1546 1487
f 2412 754 1511
f 190 2399 1488
f 1156 2194 1420
f 2376 1523 1489
f 379 1585 1490
f 1585 379 405
f 1480 761 1497
f 2386 1307 111
f 747 1476 726
f 1510 1481 1346
f 1485 388 1492
f 754 1488 1345
f 1475 755 731
f 1226 301 1167
f 2395 1229 1715
f 1529 294 1228
f 772 1230 1811
f 611 772 1170
f 1471 384 1493
f 2394 1493 384
f 1468 386 1494
f 383 1494 386
f 371 1492 388
f 2505 727 749
f 1478 2356 2384
f 761 1491 728
f 728 1451 761
f 388 1497 371
f 381 1498 370
f 748 1467 756
f 759 1470 757
f 1454 750 1499
f 731 1442 1500
f 1479 2355 193
f 1448 1502 726
f 1469 1503 192
f 2464 731 755
f 1456 1482 1580
f 759 1483 1470
f 754 1345 741
f 768 1346 742
f 760 1387 1468
f 2402 1517 1504
f 2403 2373 1516
f 751 1516 1505
f 1307 1505 2373
f 1506 2461 1518
f 1499 1506 2377
f 1473 1490 733
f 782 1546 1457
f 1476 2438 2374
f 753 1545 1486
f 1308 1517 113
f 1489 734 1508
f 1432 1508 734
f 1346 722 742
f 1502 1448 380
f 1497 1451 371
f 1389 752 1466
f 1450 725 756
f 1345 1460 760
f 1501 2355 1479
f 1459 191 1581
f 1468 374 387
f 1502 1583 1552
f 1463 757 1470
f 1500 1442 385
f 1520 1393 2389
f 1391 2175 2198
f 1502 1552 747
f 1488 2399 1345
f 1487 373 1457
f 1484 750 1498
f 1521 2468 1493
f 1470 1483 2495
f 1453 2374 185
f 1481 186 1346
f 1486 2482 359
f 2392 1466 752
f 2391 696 1391
f 794 1156 770
f 200 1412 194
f 1591 421 1512
f 401 389 1513
f 403 1513 389
f 1583 2462 1552
f 819 1549 764
f 818 1514 783
f 2491 402 390
f 1560 763 1515
f 1477 1515 763
f 382 391 410
f 1589 195 1507
f 190 2393 1479
f 1531 766 1551
f 1575 394 1519
f 1159 2390 1474
f 1519 394 1520
f 786 1569 1157
f 2482 393 2376
f 799 1525 2412
f 1101 2261 2245
f 773 1842 1234
f 612 1526 1163
f 305 396 1716
f 302 1715 1229
f 617 600 2283
f 1527 616 1167
f 1528 2290 68
f 1235 1140 303
f 614 1529 773
f 1514 389 1547
f 401 1547 389
f 2491 390 408
f 818 1461 1564
f 1593 774 1158
f 1512 2392 775
f 1515 117 1560
f 1551 2388 1531
f 1479 2393 1532
f 819 1532 1559
f 802 1521 1594
f 1520 2389 1519
f 1750 614 1234
f 1752 776 1533
f 1533 776 1738
f 1749 397 1534
f 1754 618 1536
f 2465 399 1537
f 305 1537 399
f 158 1538 197
f 1751 779 1539
f 879 1539 779
f 616 1542 780
f 1753 781 1543
f 1501 1479 764
f 1581 1412 785
f 1525 190 1488
f 408 380 1584
f 748 1584 1467
f 1550 767 1475
f 766 746 1551
f 1469 1551 746
f 1466 1509 386
f 393 2482 2449
f 836 786 1554
f 769 1554 786
f 1524 787 1555
f 1622 1512 775
f 393 429 1556
f 1556 429 1634
f 405 430 1557
f 1558 803 2481
f 1558 2481 1635
f 402 2491 1592
f 209 199 1561
f 195 1561 199
f 822 1504 1562
f 119 2402 1563
f 1504 1563 2402
f 1516 792 1565
f 1566 404 1610
f 2462 1588 789
f 1639 1513 403
f 1599 793 1568
f 1174 2103 1569
f 1157 1569 2378
f 785 1412 1570
f 1156 794 1572
f 1175 1572 794
f 2420 393 1556
f 1593 1574 816
f 420 406 1575
f 395 1577 430
f 207 201 1578
f 839 797 1579
f 1545 785 1524
f 1550 1475 378
f 1413 1580 1482
f 1585 405 1553
f 1412 1581 191
f 762 1582 1513
f 2428 764 1549
f 380 408 1583
f 1413 198 1522
f 1523 2376 393
f 1511 1494 383
f 1530 1584 748
f 2461 1506 784
f 746 766 1595
f 1582 401 1513
f 1461 1478 2384
f 1583 1502 380
f 1486 1545 2482
f 1547 401 1495
f 1506 1518 2377
f 1505 1516 2373
f 1485 1549 391
f 1484 1582 784
f 1584 380 1467
f 1553 769 1585
f 1490 1585 758
f 1487 1546 409
f 1483 1595 392
f 1510 196 1481
f 209 1586 199
f 1587 2423 1570
f 208 1587 200
f 1554 1553 1557
f 1513 1639 1567
f 1548 404 1566
f 390 2469 1588
f 1595 800 1600
f 117 1515 115
f 803 1518 762
f 2393 203 202
f 1507 798 1589
f 796 1446 799
f 1596 407 1590
f 1571 2390 1159
f 767 1550 1601
f 1570 1412 200
f 2432 96 1574
f 1579 2463 199
f 1523 393 2420
f 1599 391 1549
f 1638 389 1514
f 1600 392 1595
f 1511 1596 1590
f 1446 190 1525
f 1447 196 1510
f 2139 44 1597
f 931 1597 1759
f 932 1762 1598
f 796 1576 1446
f 2449 429 393
f 1671 801 1594
f 800 811 790
f 1577 395 1546
f 1566 765 1548
f 762 1567 803
f 412 391 1599
f 1562 1504 767
f 799 1590 796
f 1640 824 2506
f 1604 806 1639
f 2429 1704 418
f 1606 805 1564
f 1709 413 1607
f 2440 402 1592
f 1737 807 1609
f 1609 807 1560
f 1705 2459 1612
f 1659 439 1614
f 417 1614 439
f 1675 804 1616
f 1616 804 1590
f 1617 204 1635
f 1618 206 1665
f 1619 809 1559
f 1620 1676 811
f 1178 814 1571
f 1614 417 1622
f 1660 815 2424
f 1177 816 1574
f 1629 420 1626
f 1631 207 1628
f 801 1628 1578
f 1670 438 1629
f 420 1629 438
f 2285 152 1630
f 1558 194 1518
f 1561 195 1589
f 1568 412 1599
f 1517 2402 113
f 1566 792 765
f 1446 1576 203
f 1578 201 1447
f 1571 1159 2197
f 1521 406 1594
f 1519 795 1575
f 1638 1514 818
f 1599 1549 819
f 1461 2407 1564
f 1583 390 1588
f 1601 1550 411
f 1530 788 1592
f 1512 1622 1591
f 2432 2104 96
f 1447 1510 802
f 1606 1564 2407
f 1609 1560 117
f 215 207 1631
f 214 205 1632
f 1628 207 1578
f 1575 1626 420
f 817 801 1671
f 811 800 1531
f 206 209 1665
f 1621 1175 1662
f 838 1625 1661
f 1591 1622 417
f 415 402 2440
f 824 821 2506
f 1587 2506 821
f 2459 1705 812
f 1612 2459 1673
f 204 208 1635
f 418 411 1636
f 806 823 1639
f 796 1603 1576
f 863 824 1640
f 456 414 1641
f 2486 1683 218
f 216 210 1645
f 204 1645 210
f 1618 831 1648
f 1335 2130 1621
f 1334 1625 815
f 441 422 1709
f 810 1652 828
f 123 120 1653
f 118 1653 2475
f 1613 829 1654
f 1654 829 1691
f 1708 426 1690
f 434 423 2503
f 1704 830 1694
f 1703 427 1657
f 886 813 2512
f 833 813 886
f 435 424 1659
f 430 1633 419
f 1554 1557 836
f 1561 1665 209
f 787 1615 1555
f 792 1611 1565
f 1573 1556 837
f 822 1613 1563
f 1558 1635 208
f 1174 1625 56
f 1175 1621 6
f 429 1555 2480
f 1660 425 1663
f 455 1663 425
f 456 1634 414
f 1654 119 1613
f 1653 118 1611
f 821 824 1615
f 402 415 2469
f 790 841 1605
f 1664 791 1607
f 1618 1665 808
f 811 1531 1620
f 1617 823 806
f 1586 209 2484
f 1616 1590 407
f 953 1794 1666
f 2148 43 1667
f 933 1667 1791
f 1664 1607 413
f 1625 1174 1661
f 2423 1587 821
f 1565 1611 118
f 1664 403 1638
f 2457 1652 810
f 1566 1610 2457
f 1603 205 1576
f 2429 418 1636
f 808 789 1637
f 1588 1637 789
f 1563 1613 119
f 1600 1636 411
f 1623 419 1633
f 1567 1639 823
f 1633 430 1577
f 2424 836 1557
f 1556 1634 813
f 835 1674 850
f 831 1618 808
f 423 1610 416
f 213 1676 215
f 827 809 1646
f 806 1604 1669
f 1624 425 1660
f 842 1727 1659
f 1586 1579 199
f 1557 430 1624
f 1587 1570 200
f 1673 1601 1612
f 1612 1601 411
f 1619 1559 2479
f 1604 1639 403
f 1608 1592 845
f 2469 415 1703
f 1620 2388 201
f 1627 438 1671
f 1177 1650 1674
f 805 1606 1651
f 439 424 1675
f 1675 424 1672
f 1616 439 1675
f 1622 847 1614
f 1178 45 1649
f 1620 215 1676
f 438 428 1671
f 1626 846 1629
f 1418 2138 1677
f 1419 1650 2137
f 225 2483 1679
f 880 1680 864
f 213 219 1681
f 226 1681 219
f 220 217 1682
f 224 1682 217
f 221 218 1825
f 897 1684 859
f 875 1687 853
f 121 122 1688
f 124 1688 122
f 869 855 1689
f 125 123 1719
f 426 436 451
f 447 446 1692
f 446 447 433
f 1693 2503 1656
f 898 848 1695
f 835 850 1697
f 899 1697 850
f 868 1730 858
f 428 437 1700
f 443 1700 437
f 1227 1170 299
f 610 1136 1226
f 1162 2277 155
f 1166 1701 2274
f 599 1142 860
f 1229 1137 300
f 593 1173 1135
f 1143 299 301
f 2285 1172 156
f 1631 1702 215
f 2470 1703 1657
f 2470 1637 1703
f 1615 1641 2480
f 2503 423 416
f 1708 812 1705
f 1623 1642 419
f 841 1647 830
f 443 437 1706
f 1705 426 1708
f 1610 423 1652
f 1640 2422 210
f 1614 842 1659
f 1644 1671 428
f 2466 1631 1628
f 2466 1702 1631
f 1647 1676 213
f 1629 835 1670
f 1669 1604 422
f 1606 120 1651
f 830 1605 841
f 2485 1709 1607
f 826 1709 2485
f 1655 1669 422
f 1612 418 1705
f 861 1603 804
f 1619 214 211
f 1650 1177 95
f 2440 427 415
f 1675 1672 861
f 1603 1632 205
f 1648 206 1618
f 1683 2486 1632
f 1704 2429 1605
f 1645 204 1617
f 1610 1652 2457
f 1656 416 1568
f 1684 219 1702
f 1697 437 1670
f 1659 1727 435
f 1672 1699 865
f 450 440 1698
f 1698 440 2447
f 1712 1696 1663
f 447 427 1668
f 1735 864 1657
f 217 220 1714
f 855 828 1652
f 1233 297 1526
f 1238 771 1715
f 1241 1716 772
f 1244 1527 396
f 895 1643 1711
f 226 1717 222
f 225 223 1757
f 854 870 1718
f 431 445 1777
f 458 1777 445
f 470 1699 435
f 434 442 1720
f 459 1720 442
f 856 1721 871
f 127 124 1722
f 122 1722 124
f 891 1724 873
f 123 125 1725
f 126 1725 125
f 901 875 1726
f 462 446 433
f 931 1727 834
f 471 432 1730
f 218 221 1731
f 450 444 1758
f 1758 1895 1809
f 231 224 1778
f 217 1778 224
f 1597 1649 2139
f 932 849 1696
f 1598 2140 1678
f 2405 2262 1134
f 1734 2254 36
f 1176 1117 86
f 1644 428 1700
f 427 447 1735
f 864 1735 1692
f 1668 832 1687
f 852 1651 1685
f 1693 1656 827
f 862 1647 1681
f 854 1646 1731
f 1711 220 1682
f 1688 1737 121
f 1237 1738 878
f 397 448 1739
f 1238 1715 777
f 1541 398 298
f 400 1875 449
f 1241 778 1537
f 223 225 1732
f 444 450 2478
f 874 851 2431
f 442 434 1693
f 222 1744 226
f 856 1690 1721
f 1691 856 1780
f 1687 875 433
f 866 1746 897
f 1098 448 397
f 2418 1535 1002
f 489 454 2465
f 399 2465 454
f 243 228 1881
f 197 1881 228
f 2290 1528 1236
f 849 885 1696
f 1658 1695 848
f 864 831 1657
f 864 1680 1714
f 877 1679 1713
f 877 840 1655
f 1708 1690 856
f 1709 1686 441
f 2445 828 1719
f 1704 1694 436
f 831 1714 1648
f 895 825 1643
f 432 455 1755
f 825 1755 1642
f 440 456 2447
f 824 1756 1641
f 897 1746 1684
f 1730 432 1755
f 1663 885 1660
f 1714 220 1648
f 1645 2483 216
f 2512 1634 1658
f 1654 1691 122
f 1755 455 1642
f 1334 1678 57
f 1335 1677 7
f 1756 2447 1641
f 1823 2478 1729
f 1809 896 1758
f 1667 888 1759
f 905 1761 889
f 221 1787 229
f 953 890 1830
f 1666 2147 1762
f 876 1810 2456
f 234 230 1765
f 869 1771 892
f 125 1772 126
f 466 462 1788
f 129 127 1774
f 918 902 1814
f 468 461 1795
f 934 900 1776
f 235 222 1717
f 1646 211 1731
f 1647 213 1681
f 832 853 1687
f 1737 1609 121
f 1736 1655 441
f 1735 447 1692
f 826 852 1686
f 1651 120 1685
f 1668 1687 433
f 1712 1663 455
f 1755 895 1730
f 1698 1756 2458
f 1735 1657 427
f 1680 217 1714
f 2483 225 216
f 1711 1643 212
f 1640 210 1710
f 897 1728 866
f 867 1783 1757
f 1720 1689 434
f 1814 880 1692
f 1680 1778 217
f 1766 881 1744
f 1984 81 1005
f 1725 1685 123
f 1722 122 1780
f 2149 93 1781
f 935 1841 1782
f 872 896 1809
f 851 1732 1679
f 1683 1825 218
f 1710 1783 857
f 1686 1742 431
f 1682 224 1826
f 1693 1718 442
f 862 1681 1744
f 1721 1690 451
f 1723 896 872
f 881 1694 862
f 1418 1723 8
f 1419 94 1733
f 1732 225 1679
f 1695 1707 898
f 1744 1681 226
f 1688 1789 1726
f 1697 2456 1706
f 1698 2478 450
f 1700 443 1728
f 470 435 1784
f 471 1785 432
f 1810 469 1706
f 229 1813 221
f 1825 905 1787
f 461 451 1745
f 875 1788 433
f 1726 1789 901
f 914 904 1827
f 1776 900 1826
f 894 881 1766
f 230 231 1790
f 1783 225 1757
f 1777 1743 431
f 1717 226 1746
f 852 873 1742
f 1724 1742 873
f 1781 876 1733
f 1972 467 1793
f 1782 1723 872
f 1911 468 1795
f 1797 1861 912
f 1772 908 1799
f 1799 908 1839
f 1849 911 1803
f 1803 911 1773
f 1851 129 1774
f 1850 235 1805
f 1806 232 1855
f 1807 920 1856
f 1808 913 1766
f 1895 1758 444
f 1707 450 1758
f 1698 857 1729
f 1736 431 1743
f 1694 1745 436
f 1746 219 1684
f 1230 153 1811
f 1169 1811 2404
f 1786 1760 457
f 2478 1823 444
f 1761 905 1829
f 1769 445 1724
f 874 1763 1732
f 903 1775 1812
f 1764 903 1813
f 1789 124 1773
f 881 894 1795
f 2165 92 1816
f 1792 867 1757
f 933 2497 906
f 2454 1797 912
f 1821 2454 1846
f 892 1771 1844
f 479 1844 459
f 1769 910 1801
f 908 1772 892
f 1793 467 1767
f 1729 887 1823
f 1830 460 1824
f 480 457 1760
f 1787 221 1825
f 1776 1826 224
f 1777 458 1822
f 1795 461 1745
f 902 880 1814
f 905 1825 865
f 1788 462 433
f 1721 1827 904
f 903 1718 870
f 1720 459 1771
f 1765 230 1790
f 460 471 1828
f 880 1790 1680
f 865 1699 1829
f 457 1829 470
f 1785 1830 890
f 1894 924 1831
f 950 1831 924
f 2497 1975 946
f 487 1817 467
f 985 927 1854
f 492 474 1832
f 1877 472 1833
f 491 1833 472
f 245 1836 236
f 505 1837 473
f 937 1849 1943
f 133 1943 131
f 244 239 1856
f 132 130 1839
f 490 476 1886
f 1886 476 1801
f 1868 475 1848
f 943 928 1853
f 1816 1840 2165
f 1815 2164 1841
f 693 1105 588
f 477 268 639
f 1170 1716 396
f 1172 1239 158
f 1234 1842 2291
f 1162 1738 2281
f 616 601 1167
f 345 639 268
f 640 929 2287
f 79 78 573
f 1772 125 1843
f 869 1843 1719
f 1732 1763 223
f 1812 1775 459
f 901 1818 1788
f 1843 125 1719
f 919 1819 1798
f 479 1775 1848
f 892 1800 908
f 920 1807 1763
f 1820 1845 232
f 1597 44 1759
f 1722 1774 127
f 1731 221 1813
f 1767 460 1828
f 1730 1828 471
f 1790 231 1778
f 1598 1762 58
f 1725 126 1770
f 1829 1699 470
f 1696 1785 932
f 1727 2513 1784
f 1828 868 1767
f 1784 1786 470
f 1718 1812 442
f 918 1804 1765
f 1824 1817 916
f 467 460 1767
f 1792 1757 233
f 1788 1818 466
f 1827 1877 914
f 1791 1667 43
f 1844 1771 459
f 1822 465 1796
f 1814 1846 918
f 1717 1805 235
f 906 1760 933
f 889 1761 1847
f 2489 1838 1847
f 1775 930 1848
f 891 1770 1802
f 1793 951 1972
f 472 1877 468
f 1943 1849 131
f 941 1852 937
f 475 479 1848
f 1853 928 1796
f 483 1797 481
f 464 948 1800
f 954 910 1802
f 476 465 1801
f 927 1895 1854
f 1895 927 935
f 1806 1855 909
f 1161 1133 1168
f 1132 2278 2267
f 1899 463 1858
f 1794 925 1913
f 1860 482 1973
f 1888 941 1919
f 2006 942 1864
f 1920 943 1883
f 1923 240 1884
f 1865 944 1885
f 1889 241 1869
f 1887 959 1924
f 919 1798 1872
f 945 1898 985
f 1975 2497 1791
f 925 1817 1874
f 1544 449 1741
f 779 1538 1239
f 1539 879 1875
f 1819 234 1798
f 1797 1821 466
f 893 937 1852
f 1808 1766 222
f 1763 1807 223
f 1803 1773 127
f 1799 126 1772
f 1534 883 1749
f 1535 2418 1748
f 1821 1846 462
f 1804 234 1765
f 1776 230 1819
f 1801 458 1769
f 1764 232 1806
f 1787 1820 229
f 1793 1767 934
f 1760 1858 480
f 1666 1794 59
f 1824 953 1830
f 1847 1761 2489
f 1802 1770 128
f 1852 466 1818
f 1800 1844 464
f 1831 497 1894
f 922 1835 1911
f 468 1911 472
f 921 1834 1851
f 1852 1888 481
f 1857 239 1885
f 954 1802 1916
f 936 1889 922
f 1868 1848 909
f 910 1886 1801
f 465 476 1853
f 1838 2489 463
f 2382 1540 1878
f 1048 1544 884
f 589 1751 453
f 778 958 2162
f 1004 2162 958
f 228 269 258
f 82 1753 2379
f 780 957 1882
f 1136 2279 1226
f 1228 294 1142
f 1874 1817 487
f 948 1867 1839
f 947 915 1838
f 240 244 1884
f 485 475 1921
f 484 490 1914
f 941 1943 1862
f 1948 959 1887
f 241 1889 245
f 1855 1890 949
f 1804 912 1891
f 986 1891 912
f 951 1793 919
f 1872 1798 1918
f 497 469 1894
f 1894 469 1810
f 498 1895 444
f 979 960 2011
f 2179 60 1896
f 978 950 1873
f 251 246 1897
f 1006 940 1869
f 1815 1898 10
f 499 1899 496
f 1900 972 1862
f 1901 493 1919
f 975 962 1973
f 136 134 1927
f 485 1921 495
f 132 1904 135
f 500 482 1906
f 987 1922 966
f 506 494 1908
f 250 1887 1924
f 974 959 1909
f 1909 959 1871
f 249 1947 247
f 1945 968 1910
f 1805 938 1850
f 936 1911 1795
f 922 1911 936
f 474 498 1823
f 1837 1912 473
f 913 1808 1836
f 969 1781 1840
f 907 1768 1912
f 473 1912 497
f 924 1894 969
f 1797 483 1861
f 948 908 1800
f 928 920 1796
f 1791 2163 1975
f 1794 1913 2166
f 1869 940 1889
f 1914 942 1863
f 912 1861 986
f 1937 1915 944
f 490 484 1883
f 986 1870 1891
f 1911 1835 472
f 1851 1834 129
f 1833 914 1877
f 914 1833 921
f 1802 128 1916
f 1886 910 954
f 1242 1169 156
f 1240 155 1165
f 970 1792 1857
f 1857 1792 233
f 1853 1796 465
f 1854 1895 498
f 1854 474 1917
f 492 1917 474
f 505 473 1831
f 960 971 2011
f 246 1870 1897
f 986 1897 1870
f 496 1974 499
f 1910 1019 1975
f 948 464 1946
f 1868 987 1921
f 1863 963 1902
f 247 1922 249
f 1884 943 1923
f 964 1923 943
f 944 1865 984
f 134 136 1929
f 139 1929 136
f 1954 252 2058
f 1978 503 1932
f 1935 504 1990
f 1902 963 1991
f 1937 984 1988
f 1898 945 2010
f 514 1909 486
f 1892 2477 2034
f 241 250 1976
f 255 1976 250
f 950 978 1893
f 997 1942 979
f 945 985 1917
f 928 1884 1856
f 1853 1883 943
f 950 1816 1873
f 940 1835 922
f 1862 1943 133
f 1831 950 1893
f 1845 1866 237
f 1914 490 1886
f 1833 491 1860
f 944 926 1885
f 1867 132 1839
f 923 1837 1871
f 486 1871 505
f 1894 1810 969
f 1912 1768 497
f 1836 1808 236
f 1803 131 1849
f 1799 1839 130
f 1782 1841 9
f 1840 1781 93
f 1807 1856 239
f 1823 1832 474
f 1809 1895 935
f 1896 1944 2179
f 942 1916 1864
f 1865 1885 244
f 1920 1883 484
f 1891 1870 238
f 1835 1906 491
f 939 1859 1834
f 1909 1871 486
f 961 1861 1905
f 965 1904 1867
f 1918 248 1907
f 1935 964 1920
f 943 1920 964
f 1866 1947 249
f 1948 245 236
f 923 1948 1850
f 1917 492 1892
f 926 944 1915
f 1948 236 1850
f 1240 1535 1748
f 1878 988 1949
f 1235 1949 988
f 1534 397 1739
f 2177 988 1540
f 597 2178 989
f 1233 1739 448
f 1242 197 1536
f 1232 989 1950
f 781 1950 989
f 1171 449 1875
f 940 1952 1906
f 509 493 1901
f 501 506 1977
f 503 1978 507
f 963 2006 1936
f 252 1954 254
f 502 1903 495
f 1921 966 1955
f 980 1955 966
f 1916 130 1864
f 1834 1859 131
f 1914 1863 484
f 1884 244 1856
f 1917 985 1854
f 1836 245 1889
f 1832 1915 492
f 1873 1816 92
f 1871 1837 505
f 2007 1958 997
f 1023 1933 982
f 515 2036 509
f 977 1929 1999
f 140 1999 139
f 261 1961 255
f 1009 1963 996
f 990 1951 998
f 259 1964 251
f 517 1932 503
f 519 1967 510
f 137 138 1968
f 141 1968 138
f 1015 1969 1001
f 980 1016 1970
f 1060 1971 994
f 1747 513 398
f 967 951 1872
f 1887 250 241
f 494 487 1972
f 962 939 1973
f 1860 1973 939
f 939 1927 1859
f 973 1866 947
f 947 1838 1974
f 971 1896 1913
f 987 1868 949
f 1910 1975 42
f 1870 246 248
f 963 1863 942
f 1946 464 485
f 1938 1865 253
f 949 1890 1922
f 961 976 1940
f 1869 241 1976
f 1994 1977 990
f 2008 1933 507
f 1932 1018 1978
f 1900 134 1980
f 983 1934 1923
f 493 509 1953
f 980 1970 1955
f 495 1955 502
f 1527 1167 299
f 488 1749 535
f 883 535 1749
f 957 780 1879
f 1901 1919 1979
f 1861 483 1905
f 1867 1904 132
f 535 536 488
f 536 535 560
f 1049 956 1880
f 242 257 1080
f 268 1080 257
f 452 513 1981
f 558 1981 513
f 32 1750 2381
f 1881 1003 243
f 70 1882 957
f 957 1879 2232
f 1135 2273 67
f 2259 35 1701
f 998 1994 990
f 1012 2013 1928
f 1021 1925 1006
f 1985 962 975
f 508 1926 500
f 510 1987 514
f 994 1941 978
f 976 1953 2036
f 1954 2058 980
f 978 2009 1956
f 1957 11 2010
f 1958 2007 506
f 1999 1929 139
f 981 1965 1931
f 1964 1951 251
f 1000 963 1936
f 518 504 1991
f 1969 138 1930
f 2037 517 2053
f 1993 1060 2017
f 2059 1017 2032
f 1962 1011 2043
f 2061 516 2028
f 1942 997 2089
f 2036 515 1998
f 1999 140 2062
f 1969 1015 2000
f 2000 1015 2051
f 1957 995 2090
f 967 1872 1918
f 951 967 1908
f 1921 475 1868
f 1902 484 1863
f 1874 487 2011
f 990 967 1907
f 973 1974 1978
f 1973 1926 975
f 1936 2006 137
f 1952 1925 500
f 1989 1903 502
f 1901 1928 509
f 976 961 1953
f 979 1942 1944
f 1952 500 1906
f 2007 979 2011
f 1034 1945 1939
f 966 1922 1954
f 1903 1946 495
f 1918 1798 238
f 1873 2180 2009
f 1898 2010 2181
f 1896 60 1913
f 1974 1838 499
f 1927 134 1859
f 1858 1019 1899
f 1864 135 2006
f 1922 1890 249
f 1972 1908 494
f 1900 1862 133
f 2286 23 536
f 573 1106 79
f 972 977 1979
f 1928 1979 977
f 977 1980 1929
f 1923 1934 240
f 991 1930 1904
f 1955 1970 502
f 504 518 1990
f 500 1959 508
f 976 1962 1940
f 992 1960 1985
f 1989 502 512
f 2039 1989 512
f 963 1000 1991
f 1991 1000 2002
f 1008 999 1966
f 1995 525 511
f 1941 1971 514
f 2007 2011 494
f 2008 496 1899
f 998 1964 2004
f 1986 1020 2012
f 1013 1959 1021
f 1962 976 1011
f 1016 2058 2001
f 1017 2059 1023
f 1021 1961 2015
f 260 2015 261
f 516 2016 508
f 1023 2035 2005
f 1014 1994 998
f 1993 2017 2218
f 990 1907 1951
f 1905 493 1953
f 967 990 1977
f 1947 1931 247
f 1955 495 1921
f 528 2018 521
f 519 520 1997
f 529 1997 520
f 2022 523 2038
f 1038 2023 1035
f 143 2062 140
f 2025 1027 2003
f 516 522 2028
f 1045 2196 1025
f 259 2168 2004
f 2268 1032 2030
f 2030 1032 2134
f 533 524 2031
f 534 517 2032
f 266 263 2171
f 1022 1083 2171
f 2219 12 2033
f 1033 2033 2090
f 1085 1033 2095
f 1533 1738 157
f 1239 1538 158
f 1907 246 1951
f 1942 61 1944
f 1897 1940 251
f 1978 1974 507
f 1908 1977 506
f 2008 1899 1034
f 1939 1945 41
f 1954 1922 254
f 1988 1963 511
f 996 984 1938
f 1935 1990 1008
f 2016 1926 508
f 511 525 1988
f 1956 2009 91
f 974 1909 1987
f 1006 1976 1961
f 1965 254 1931
f 1967 1987 510
f 999 1008 1990
f 1001 991 1989
f 2036 1953 509
f 1902 1991 504
f 983 1966 1934
f 1980 134 1929
f 1930 137 135
f 1904 1930 135
f 1939 2206 2035
f 1956 2205 2017
f 1377 257 1050
f 2036 1011 976
f 508 2060 516
f 2053 1022 2037
f 1960 2044 139
f 1539 453 1751
f 1533 227 1752
f 1715 452 1876
f 1536 228 1754
f 77 1047 78
f 1377 2502 2040
f 693 2493 28
f 694 74 73
f 1144 1047 478
f 1959 500 1925
f 975 2016 992
f 1000 1936 1968
f 1985 1960 136
f 1940 1962 251
f 2059 2032 517
f 1999 2062 1035
f 262 264 2029
f 999 2029 1966
f 1032 1009 2134
f 522 516 2060
f 2019 261 2012
f 2024 140 2044
f 1028 999 2045
f 2033 12 2090
f 2096 1045 1025
f 521 2042 528
f 2005 2216 2169
f 1062 2227 1031
f 270 265 2107
f 265 2043 2107
f 2196 2217 62
f 1029 1042 2022
f 539 2047 532
f 523 531 2063
f 531 540 2063
f 2509 2048 543
f 526 2048 2509
f 2121 143 2049
f 140 2049 143
f 1037 2050 2020
f 1030 1041 2051
f 144 2052 142
f 1027 1044 2065
f 2207 2065 1044
f 517 534 2053
f 262 267 2064
f 272 2064 267
f 1022 2172 1083
f 263 266 2054
f 274 2054 266
f 1070 1040 2055
f 1024 2055 1040
f 1064 2032 1017
f 2108 1045 2018
f 1045 2096 2018
f 1103 25 24
f 27 2057 2502
f 477 639 26
f 929 640 75
f 2001 2058 252
f 2004 1964 259
f 1027 2002 1000
f 1959 1013 2060
f 2015 1961 261
f 1990 518 2045
f 1000 1968 2003
f 2005 2035 40
f 984 996 1988
f 996 1938 1992
f 2013 509 1928
f 1007 1986 1924
f 956 1752 1880
f 1876 1105 1002
f 560 535 956
f 2232 1879 489
f 1048 884 1984
f 1991 2002 518
f 1842 1166 34
f 1173 1528 68
f 21 955 1098
f 257 2418 1050
f 1192 488 536
f 572 1004 694
f 1983 589 1082
f 279 1003 1052
f 1984 82 81
f 1193 559 537
f 1009 1032 2031
f 2002 1027 2027
f 2022 2038 1029
f 1014 1031 2042
f 2061 1026 992
f 1892 2034 1053
f 1937 1988 525
f 1961 1976 255
f 1966 256 1934
f 1987 1909 514
f 1924 1986 250
f 1938 253 1992
f 1936 137 1968
f 531 523 2022
f 530 2028 522
f 1059 2024 1026
f 1054 2062 143
f 1041 1030 2063
f 267 262 2102
f 2172 1022 2053
f 2064 2268 2030
f 1027 2065 2027
f 2227 2042 1031
f 1031 2004 2168
f 1061 2107 1036
f 1949 303 1740
f 1950 1741 304
f 2410 270 2067
f 2067 270 2107
f 1073 2050 2068
f 545 544 2069
f 1122 2170 2070
f 548 529 2132
f 2071 1054 143
f 2109 2124 145
f 551 543 2072
f 1043 2112 1058
f 2074 561 540
f 547 2123 2110
f 142 2144 144
f 2235 2108 2076
f 2170 2076 2108
f 267 2077 272
f 1064 2078 2146
f 550 2145 2113
f 274 2114 273
f 1970 2038 512
f 2015 260 1996
f 1022 2171 1965
f 1147 2310 2135
f 1145 2133 1257
f 1146 1184 2294
f 1942 2089 2204
f 1149 2333 2174
f 1155 2369 2143
f 1150 2173 2093
f 1154 1249 1396
f 2060 2020 522
f 1025 2196 2089
f 1036 2107 2043
f 1030 2039 2026
f 2029 264 1966
f 524 542 2031
f 1009 2031 1963
f 2013 2023 526
f 2059 503 1933
f 2014 510 1971
f 2061 2016 516
f 2026 2039 512
f 1157 2378 2195
f 1153 48 2098
f 1156 2375 2194
f 2175 98 2100
f 1026 2101 1059
f 1027 2025 1044
f 2023 2048 526
f 1058 2102 1043
f 522 2110 530
f 1036 2041 1061
f 2054 1029 2001
f 2059 1933 1023
f 1997 1967 519
f 2014 1971 1060
f 2037 1932 517
f 2003 1968 141
f 1881 197 1538
f 1965 2171 252
f 2012 255 1986
f 2000 138 1969
f 1174 56 2103
f 1158 2198 2104
f 1175 6 2106
f 2250 544 545
f 2146 1121 1064
f 2108 2235 63
f 538 543 551
f 145 2121 2109
f 2123 530 2110
f 1057 1062 2080
f 2080 1062 2168
f 2172 541 2113
f 273 2200 274
f 2145 2114 1083
f 1064 2169 2078
f 2030 2134 264
f 2021 2045 527
f 1179 1065 553
f 553 1065 2250
f 1039 2115 2132
f 272 280 2231
f 2074 2116 1069
f 2340 2268 2118
f 2234 13 2056
f 2207 1120 1067
f 2184 1068 2123
f 144 2159 146
f 562 546 2208
f 539 2208 546
f 561 2158 2075
f 1104 2202 1073
f 533 2125 549
f 2190 1075 2126
f 583 550 2151
f 1178 2197 2128
f 1335 7 2130
f 1334 57 2131
f 2014 1010 2132
f 1039 2132 1010
f 2101 2028 530
f 1043 1028 2021
f 2065 532 2027
f 1032 2125 2031
f 1010 2187 1039
f 1085 2056 2033
f 2187 1010 1993
f 2133 2135 51
f 2082 2133 51
f 1184 2136 1
f 2084 1184 1
f 1014 2004 1031
f 1998 515 2041
f 2043 265 259
f 1992 256 2134
f 2018 2096 521
f 2081 51 2135
f 1203 2135 2133
f 2083 1 2136
f 1205 2136 1184
f 1418 8 2138
f 1598 58 2140
f 2085 52 2141
f 1207 2141 2310
f 2328 1257 50
f 2088 2328 50
f 2353 1396 3
f 2087 2353 3
f 2086 99 2142
f 1748 2418 242
f 1740 1098 955
f 2162 489 2465
f 1542 1879 780
f 2092 98 2143
f 1155 2143 1433
f 1249 2194 4
f 2094 1249 4
f 1062 1057 2069
f 2020 2050 1073
f 543 538 2167
f 2067 2107 1061
f 547 2110 2202
f 2051 2144 142
f 1063 2074 2111
f 1083 2113 2145
f 532 1067 539
f 2002 2027 527
f 2047 2021 532
f 271 260 2066
f 2025 142 2052
f 2001 263 2054
f 2115 548 2132
f 546 2112 539
f 561 2075 540
f 1074 2080 270
f 545 2069 1057
f 2067 277 2410
f 2202 1104 547
f 2207 2052 2122
f 1070 2275 1040
f 1066 1054 2071
f 1063 2200 2116
f 2268 2064 2118
f 2120 2146 38
f 1666 59 2147
f 1781 1733 2149
f 1782 9 2150
f 564 583 2151
f 2242 1179 553
f 2249 14 2152
f 1076 2152 2185
f 2154 2183 1104
f 2211 2340 2231
f 2240 2117 2252
f 1096 2156 2124
f 2184 565 1096
f 1066 2071 1077
f 567 551 554
f 2116 2226 1069
f 148 146 2159
f 1095 1076 2160
f 1092 2119 1065
f 1088 2151 1071
f 1958 501 2096
f 1995 511 2095
f 2196 62 2089
f 1962 2043 259
f 2000 2051 142
f 1995 1033 995
f 1994 2042 521
f 2031 542 1963
f 2096 1025 1958
f 2025 2003 141
f 1105 1050 1002
f 588 1981 558
f 513 1779 558
f 956 1049 560
f 1052 952 1983
f 1003 269 243
f 537 559 2162
f 31 882 32
f 1105 693 1050
f 269 346 258
f 2019 2066 260
f 2127 524 533
f 2026 523 2063
f 1791 43 2163
f 1815 10 2164
f 1544 1048 400
f 1541 1747 398
f 2041 2167 1061
f 1031 2168 1062
f 1056 1059 2101
f 2078 2169 39
f 2110 522 2020
f 2048 2072 543
f 2022 1042 1063
f 2063 540 2075
f 2047 539 2112
f 541 2172 534
f 1042 274 2200
f 2032 1064 1121
f 2173 2195 54
f 2093 2173 54
f 2091 48 2174
f 1351 2174 1153
f 2098 47 1474
f 2100 97 2175
f 1075 2145 2126
f 1054 1066 2072
f 2068 271 2176
f 1074 2252 2117
f 553 2250 545
f 2151 550 2199
f 2177 2289 18
f 1243 2177 18
f 2178 2271 84
f 1543 2178 84
f 1873 92 2180
f 1910 42 2182
f 1621 2130 6
f 1625 2131 56
f 1078 2079 2275
f 1066 2155 2072
f 2213 2071 147
f 276 280 2215
f 2152 14 2185
f 2209 2214 571
f 2228 2270 2153
f 2192 2073 551
f 1569 2103 55
f 1572 2106 5
f 2055 1997 529
f 1996 2068 2050
f 2033 2056 13
f 1046 1085 2186
f 2095 2186 1085
f 2125 533 2031
f 2046 2187 2233
f 2029 2102 262
f 2132 520 2014
f 1092 2247 2119
f 37 1088 2248
f 1099 2189 2263
f 575 1087 557
f 2239 2251 2189
f 2240 2252 1109
f 2241 277 275
f 1096 565 1127
f 2224 2269 276
f 1108 281 1093
f 2193 1101 2245
f 1078 566 1090
f 1114 564 2151
f 1678 2140 57
f 1649 45 2139
f 2099 4 2194
f 1420 2194 1249
f 2097 54 2195
f 2167 538 1055
f 1055 538 2073
f 2068 1996 260
f 540 2111 2074
f 1058 2077 267
f 2049 140 2024
f 2064 2030 262
f 1723 2150 8
f 2149 1733 94
f 2197 1159 46
f 2128 2197 46
f 1574 96 2129
f 1650 95 2137
f 1677 2138 7
f 2198 2175 97
f 2104 2198 97
f 1159 1474 47
f 2105 1159 47
f 2122 2052 146
f 2118 272 2231
f 1071 2199 1121
f 2126 2145 583
f 2116 2200 2157
f 1068 1056 2201
f 2101 2201 1056
f 1057 2117 545
f 1074 1057 2080
f 1759 44 2148
f 1762 2147 58
f 1957 2090 2203
f 1956 91 2205
f 1939 41 2206
f 1752 227 1880
f 258 1754 228
f 2170 528 2070
f 2111 531 2022
f 2113 1083 2172
f 2171 1083 266
f 2065 1067 532
f 1840 93 2165
f 1841 2164 9
f 2275 2214 1078
f 2072 2155 554
f 1086 1095 2220
f 2117 2240 2212
f 1091 2213 1102
f 1109 2252 284
f 566 2214 2209
f 281 276 2215
f 280 272 2077
f 2040 639 345
f 640 2287 346
f 2216 2005 40
f 2217 2196 63
f 2218 2017 90
f 2033 13 2219
f 1751 589 1983
f 1984 884 82
f 2455 1086 2220
f 2343 1110 2242
f 578 566 2209
f 575 580 2288
f 150 148 2221
f 149 2260 2244
f 286 292 285
f 593 2240 2222
f 2240 593 1129
f 1151 2269 2224
f 563 2455 2220
f 289 2342 2225
f 281 2225 2342
f 566 1101 1090
f 1125 585 570
f 2400 2223 567
f 1117 2153 1124
f 2398 577 569
f 2255 65 1110
f 2146 2236 38
f 1122 2119 2076
f 2049 2109 2121
f 2108 63 2196
f 2170 2108 2018
f 544 528 2227
f 2042 2227 528
f 2053 534 2172
f 1975 2163 42
f 1913 60 2166
f 2114 1075 273
f 2073 275 2067
f 551 2073 538
f 273 282 2157
f 2270 2228 2115
f 552 549 2229
f 561 568 557
f 283 2230 278
f 2230 2068 2176
f 2123 2183 2184
f 2208 539 1067
f 2118 2231 2340
f 1070 2055 571
f 2410 277 284
f 1051 1982 258
f 489 559 2232
f 2018 528 2170
f 1121 534 2032
f 2233 2187 89
f 2234 2185 14
f 2076 64 2235
f 2078 39 2236
f 2080 2168 265
f 2114 266 1083
f 22 21 1192
f 694 1004 1051
f 1193 72 71
f 575 557 568
f 278 2193 283
f 1347 1049 1080
f 1144 279 2238
f 1256 573 2238
f 591 2238 573
f 1106 1005 80
f 1944 61 2179
f 2182 41 1945
f 2396 2239 574
f 151 149 2156
f 567 2223 2192
f 584 2257 569
f 2253 1117 1124
f 1137 580 1100
f 1127 1115 1330
f 1119 1143 2400
f 1139 1112 2277
f 148 2243 2188
f 2222 579 593
f 1112 1131 1099
f 152 2244 2260
f 290 1111 289
f 2267 16 1132
f 585 1125 2397
f 602 566 578
f 1136 2258 1118
f 1234 33 1750
f 1543 83 1753
f 2161 88 2246
f 2247 1092 65
f 2120 38 2248
f 2152 15 2249
f 2157 2200 273
f 1084 562 1123
f 1096 1068 2184
f 2076 2119 64
f 1065 1122 2250
f 2070 2250 1122
f 2144 2159 144
f 2269 2211 2231
f 2256 15 1095
f 1087 1079 2158
f 1093 1123 2251
f 1094 563 2211
f 563 552 2211
f 1078 2214 566
f 2160 2220 1095
f 1104 283 2154
f 1121 2199 541
f 1124 87 2253
f 1114 37 2254
f 2255 1110 66
f 2009 2180 91
f 2010 11 2181
f 1046 2185 2056
f 1070 2214 2275
f 1104 2183 547
f 2153 571 2228
f 2158 1097 2075
f 1076 549 2160
f 2222 1109 2258
f 2154 283 1116
f 2222 2240 1109
f 1108 2225 281
f 282 287 286
f 564 577 2398
f 1880 242 1080
f 285 1100 2226
f 594 2191 1089
f 288 291 2223
f 565 1115 1127
f 1129 593 1135
f 295 289 2225
f 579 2222 2258
f 1118 2258 1109
f 1160 576 586
f 609 574 1131
f 154 150 1130
f 1416 594 1138
f 17 2267 2278
f 2343 1135 2264
f 151 2408 2260
f 597 2261 582
f 294 287 1142
f 1330 587 2408
f 596 1115 581
f 1136 1118 2279
f 2189 2251 556
f 1089 555 2154
f 286 2226 2157
f 1089 2191 555
f 1120 556 1067
f 2208 1067 556
f 1135 67 2264
f 2035 2206 40
f 2017 2205 90
f 2056 2185 2234
f 2230 2176 278
f 1076 1046 2127
f 2229 2125 2268
f 2125 2229 549
f 2046 88 2161
f 2121 147 2071
f 1179 1110 1092
f 1107 2190 2126
f 1128 2239 2396
f 2226 286 285
f 1112 2188 2243
f 2189 574 2239
f 275 2223 2241
f 2398 2126 583
f 2193 2245 293
f 1105 1981 588
f 71 70 957
f 2231 276 2269
f 2158 557 1087
f 1077 2210 2155
f 1095 15 2152
f 2161 2246 2270
f 1116 283 293
f 1168 85 2271
f 1243 18 2272
f 1173 68 2273
f 2122 2237 2263
f 2156 145 2124
f 258 346 2287
f 1081 572 73
f 2127 549 1076
f 2115 2228 548
f 2279 1118 291
f 602 1176 1133
f 300 285 292
f 1176 86 2265
f 577 1734 2259
f 296 1116 293
f 1128 1113 295
f 2203 2090 12
f 2089 62 2204
f 2277 2243 154
f 155 2277 154
f 1160 1164 2278
f 1162 2281 1139
f 2266 2259 36
f 295 2280 2282
f 297 2282 2280
f 611 1119 585
f 1230 585 2397
f 600 587 2283
f 1225 1130 1141
f 1172 2285 2284
f 1630 2284 2285
f 301 2279 288
f 291 288 2279
f 2285 2404 152
f 152 2404 153
f 2189 1120 2263
f 30 1779 31
f 573 1082 589
f 1256 1052 1082
f 80 1005 81
f 345 268 257
f 1378 558 30
f 669 590 2286
f 24 2286 590
f 1100 580 575
f 287 282 2257
f 1087 2288 1126
f 1118 284 2241
f 1540 19 2289
f 1236 69 2290
f 2291 1842 34
f 1543 84 2292
f 160 164 2293
f 1259 2293 1295
f 2082 50 1257
f 2084 100 2294
f 2295 2303 161
f 1262 2295 1290
f 103 102 2296
f 102 103 2297
f 1268 2297 2300
f 2411 1181 603
f 306 312 2298
f 1181 2298 2305
f 164 160 2299
f 312 306 1333
f 1276 1333 306
f 103 101 2300
f 101 103 2301
f 1182 2301 2296
f 1279 604 2346
f 1184 1146 621
f 307 322 2302
f 1284 2302 2306
f 2303 2295 159
f 1280 2303 1282
f 322 307 2304
f 1281 2304 320
f 2305 312 321
f 308 2305 321
f 2306 2302 322
f 309 2306 322
f 2307 2323 101
f 2300 101 2308
f 2309 2319 637
f 605 2309 2314
f 2310 2141 52
f 2081 2310 52
f 1299 104 2311
f 169 166 2312
f 162 166 2313
f 166 162 2312
f 104 102 2311
f 321 1343 308
f 637 1147 2314
f 1203 2314 1147
f 163 2315 2316
f 606 2349 638
f 2316 1282 163
f 167 2316 2315
f 322 2317 309
f 1205 638 2318
f 2494 2136 2318
f 2083 2494 2
f 1312 2409 2319
f 637 2319 641
f 169 2320 171
f 1207 641 2321
f 2321 1150 53
f 2085 2321 53
f 2322 308 328
f 310 2322 328
f 1208 2341 105
f 2323 2307 105
f 2323 2308 101
f 311 323 2324
f 1271 1211 2324
f 2325 166 169
f 171 2325 169
f 172 164 2326
f 1288 2326 164
f 1299 1214 104
f 104 106 2327
f 1213 2327 106
f 2088 49 2328
f 2328 49 2333
f 1309 649 2329
f 1437 1211 2329
f 323 311 2330
f 1324 2330 1329
f 687 670 2334
f 1348 1431 687
f 1380 177 2331
f 188 2331 2383
f 360 2332 377
f 377 341 360
f 2091 2333 49
f 2334 2173 1150
f 687 2334 1313
f 111 2335 2386
f 2336 2387 109
f 1352 2336 109
f 671 697 1149
f 375 362 2338
f 1435 2338 1364
f 362 375 2339
f 1431 2339 1473
f 1124 2153 2270
f 2211 552 2340
f 2159 2221 148
f 2270 87 1124
f 1383 106 108
f 107 105 2341
f 1373 2341 1208
f 1111 1151 2342
f 2224 2342 1151
f 2455 1132 1086
f 1094 576 592
f 180 2344 2352
f 2345 1258 2142
f 1399 2345 2142
f 608 2346 2345
f 347 2347 344
f 1152 1222 2353
f 179 175 2348
f 1327 2348 170
f 1219 175 1370
f 607 689 2349
f 1293 2349 606
f 333 2350 349
f 2448 2350 329
f 2351 108 106
f 1214 2351 104
f 107 1359 105
f 174 2352 2344
f 2294 2086 2142
f 2086 2294 100
f 2087 2 2353
f 2353 2 2494
f 2354 671 1351
f 752 2354 1388
f 1351 1153 1388
f 193 2355 187
f 2356 2335 111
f 1393 714 2357
f 696 2357 2358
f 2358 1433 2175
f 1391 2358 2175
f 1389 387 2359
f 387 374 2359
f 192 183 186
f 2387 112 2385
f 113 2385 112
f 2360 367 363
f 384 2360 2361
f 2361 1520 384
f 363 2361 2360
f 2362 2364 107
f 1231 2362 2341
f 110 2363 108
f 2218 89 1993
f 1367 184 179
f 1251 110 2351
f 2364 1359 107
f 109 2364 2362
f 2417 347 356
f 2473 356 2365
f 347 2365 356
f 699 1155 2366
f 2367 180 178
f 183 2367 178
f 2368 608 699
f 619 2368 2366
f 2369 2142 99
f 2092 2369 99
f 1411 2370 368
f 2094 3 1396
f 179 184 2371
f 620 698 2372
f 357 2370 349
f 2373 2403 114
f 111 2373 2384
f 1507 2438 1476
f 1482 2374 198
f 1487 409 379
f 113 2402 115
f 359 2482 2376
f 2375 1572 5
f 2099 2375 5
f 734 1156 1420
f 1508 359 2376
f 191 2377 194
f 1490 758 733
f 2378 1569 55
f 2097 2378 55
f 2237 148 2188
f 149 147 2156
f 1753 83 2379
f 1882 70 2380
f 1750 33 2381
f 1878 20 2382
f 185 182 2337
f 2383 2331 177
f 1285 2383 1394
f 1540 2382 19
f 1236 1882 69
f 2384 2373 114
f 1461 2384 114
f 113 115 2385
f 1515 2385 115
f 110 2386 2335
f 2387 2336 112
f 383 421 1596
f 196 201 2388
f 1531 2388 1620
f 2389 2391 774
f 1519 2389 774
f 775 2390 1571
f 2391 2198 1158
f 774 2391 1158
f 114 2403 116
f 2392 2390 775
f 1509 2392 1512
f 1509 421 386
f 190 203 2393
f 2105 46 1159
f 394 406 2394
f 1521 2394 406
f 580 2395 2288
f 287 294 292
f 1130 150 1126
f 1091 2397 1125
f 1330 2408 151
f 602 1161 582
f 1134 2262 2245
f 569 1107 2398
f 2126 2398 1107
f 2190 1107 282
f 2241 2223 291
f 193 187 2399
f 2220 2160 552
f 1168 1133 85
f 1112 1139 1131
f 2280 295 1113
f 587 1330 596
f 1143 288 2400
f 2401 1138 296
f 1171 2401 304
f 2396 1163 1113
f 2257 860 1142
f 1308 113 112
f 2402 119 117
f 115 2402 117
f 1565 116 2403
f 300 1529 298
f 1243 17 2278
f 595 1715 598
f 1165 155 154
f 1170 396 299
f 157 1738 1162
f 771 1165 1225
f 1526 297 2280
f 600 1239 1172
f 153 2404 1811
f 1172 158 156
f 772 1716 1170
f 879 600 617
f 610 1528 579
f 304 296 2405
f 1228 773 1529
f 2406 615 586
f 2407 1461 114
f 116 2475 2407
f 2385 1392 2387
f 816 795 1593
f 1630 152 2408
f 2260 2408 152
f 1492 371 1449
f 687 641 2409
f 2319 2409 641
f 673 635 1269
f 1434 674 1324
f 284 2252 2410
f 1074 2410 2252
f 178 2352 1371
f 715 716 1454
f 2212 545 2117
f 603 676 2411
f 1309 2411 676
f 2259 1734 36
f 1236 1528 601
f 443 469 1768
f 833 1662 813
f 1626 795 816
f 1379 731 719
f 2409 1348 687
f 1346 768 1510
f 1427 1405 1438
f 1525 1488 2412
f 754 2412 1488
f 1051 2287 2413
f 929 2413 2287
f 170 2315 1297
f 701 1439 2414
f 1380 2414 2492
f 1385 1423 1407
f 2415 1490 1473
f 375 2415 1473
f 682 1340 1321
f 1580 782 2435
f 1366 1403 2416
f 1395 2416 1403
f 1728 1768 907
f 2417 1245 1401
f 257 242 2418
f 619 2366 2419
f 714 2419 2366
f 1556 1573 2420
f 1523 2420 1573
f 1318 328 1316
f 1317 2421 1223
f 2422 1640 1602
f 208 2422 1602
f 821 787 2423
f 1570 2423 785
f 536 23 22
f 838 2424 815
f 215 1702 219
f 1634 2512 813
f 1384 1462 2337
f 1305 313 2425
f 327 2425 313
f 679 706 2426
f 1384 2426 1462
f 1706 469 443
f 756 1467 1450
f 1689 1771 869
f 1518 194 2377
f 359 368 2427
f 1549 1492 2428
f 1492 1549 1485
f 1636 1605 2429
f 1430 2428 1449
f 1088 1071 2120
f 1277 2441 1280
f 847 834 842
f 333 349 1397
f 2430 1418 1677
f 886 2430 1677
f 175 1296 167
f 2426 1314 679
f 1594 1627 1671
f 1822 874 2431
f 1743 2431 851
f 1574 1593 2432
f 1158 2432 1593
f 753 1486 1422
f 2328 2333 1325
f 1103 1347 477
f 604 691 2346
f 1439 1311 2433
f 324 1300 334
f 185 1482 1456
f 1301 1338 2434
f 622 2434 1338
f 2142 1258 2294
f 1319 2444 342
f 2435 1286 1456
f 1580 2435 1456
f 677 1353 2436
f 2487 2436 1353
f 416 412 1568
f 1374 1404 685
f 2079 271 2066
f 1665 1561 1589
f 1283 2313 1194
f 202 1559 2393
f 1532 2393 1559
f 2407 114 116
f 1465 1404 1414
f 706 1429 2437
f 738 2437 1464
f 1265 2425 1267
f 430 405 395
f 692 1210 674
f 383 1596 1511
f 367 2473 1421
f 1338 325 318
f 2363 2335 1252
f 1417 675 1212
f 2438 2463 198
f 2374 2438 198
f 1950 2405 1232
f 1320 632 672
f 1527 1244 1542
f 327 1275 2439
f 316 2439 1260
f 1592 1608 2440
f 1668 2440 1608
f 1183 2441 1201
f 1459 1381 2442
f 184 2442 2371
f 1219 1370 2443
f 2312 1306 169
f 2444 1319 1360
f 330 2444 1298
f 329 309 2317
f 1719 123 2445
f 1653 2445 123
f 2270 2246 87
f 2245 2262 293
f 1300 1305 2446
f 633 2446 1305
f 596 2283 587
f 1428 716 1427
f 1698 2447 1756
f 787 1524 785
f 410 412 404
f 707 732 722
f 655 1331 652
f 1555 2449 1524
f 1270 317 2450
f 1340 2450 1321
f 936 894 913
f 1194 1336 2451
f 1715 595 2395
f 1200 1182 2296
f 173 2337 182
f 2452 1264 1332
f 315 2452 1332
f 1415 343 1438
f 449 1544 400
f 1424 1454 2453
f 1499 2453 1454
f 1721 904 871
f 912 918 2454
f 1846 2454 918
f 2278 2455 592
f 899 2456 1697
f 1386 178 1250
f 810 792 2457
f 1566 2457 792
f 2438 1507 195
f 764 2428 1501
f 2458 1756 863
f 857 2458 863
f 812 822 2459
f 1673 2459 822
f 395 405 409
f 2308 1187 2300
f 1467 2460 1450
f 653 633 1265
f 2436 2487 659
f 784 762 2461
f 1518 2461 762
f 2472 654 1196
f 1529 1541 298
f 1096 1127 2156
f 89 2187 1993
f 1212 2451 1336
f 789 798 2462
f 1552 2462 798
f 744 718 1404
f 1161 2178 597
f 1785 1696 1712
f 377 374 1441
f 2406 290 1140
f 739 723 2414
f 165 1273 2299
f 1460 2399 187
f 1186 1197 1278
f 1413 2500 1580
f 2463 1579 1522
f 198 2463 1522
f 1928 977 1012
f 493 1888 1919
f 1462 1476 1453
f 2464 1308 1452
f 719 2464 1452
f 1537 778 2465
f 2162 2465 778
f 1628 817 2466
f 843 2466 817
f 865 844 1672
f 454 1542 1244
f 1129 1135 2343
f 1395 1357 2467
f 1301 2467 1357
f 1521 768 2468
f 1493 2468 1471
f 664 1306 635
f 1486 2427 1422
f 1703 1637 2469
f 1588 2469 1637
f 1657 831 2470
f 808 2470 831
f 1368 1407 1423
f 1408 717 1409
f 1272 1270 2471
f 626 2471 1270
f 1196 1274 2472
f 2175 1433 2143
f 1393 1421 2419
f 376 1430 1449
f 2365 619 2473
f 1421 2473 619
f 451 1690 426
f 2474 327 313
f 1302 2474 313
f 765 1480 1548
f 1660 2424 1624
f 578 1176 602
f 1958 506 501
f 1641 2447 456
f 1590 799 1511
f 705 1425 736
f 713 1405 1427
f 1212 1310 1417
f 2007 997 979
f 1180 1202 1333
f 120 1606 2475
f 2407 2475 1606
f 1376 1321 2476
f 332 2476 2450
f 728 1255 718
f 1355 677 661
f 748 788 1530
f 492 1915 2477
f 1937 2477 1915
f 1189 2472 1274
f 2478 1698 1729
f 214 1619 2479
f 202 2479 1559
f 1409 2460 361
f 1641 414 2480
f 429 2480 414
f 885 1663 1696
f 102 1200 2296
f 803 823 2481
f 1635 2481 1617
f 1328 338 1315
f 1790 1778 1680
f 716 715 713
f 1260 1275 655
f 1545 2449 2482
f 2449 1545 1524
f 705 717 1408
f 2483 1645 1713
f 1679 2483 1713
f 843 1684 1702
f 331 1303 1264
f 212 1643 2484
f 1586 2484 1643
f 2485 791 805
f 826 2485 805
f 2111 2022 1063
f 218 211 2486
f 214 2486 211
f 1353 332 2487
f 317 2487 332
f 366 358 2488
f 1428 2488 358
f 1761 480 2489
f 463 2489 480
f 1281 2347 1365
f 1632 2486 214
f 477 26 25
f 2490 1215 1311
f 874 1822 1796
f 408 1530 2491
f 1592 2491 1530
f 1619 211 1646
f 1562 767 1601
f 2492 176 177
f 1378 29 2493
f 28 2493 29
f 2318 1152 2494
f 2353 2494 1152
f 385 1483 392
f 658 1180 1276
f 1470 2495 1463
f 1178 1649 834
f 1218 1209 1359
f 820 839 1579
f 1406 352 2496
f 361 2496 352
f 2488 350 366
f 946 906 2497
f 1791 2497 933
f 1332 1264 654
f 410 1548 382
f 1360 1319 2498
f 1475 731 1500
f 2499 649 676
f 1145 2499 676
f 1846 1814 446
f 1337 1323 664
f 2500 1413 1522
f 797 2500 1522
f 904 1851 1774
f 335 2501 325
f 2057 639 2502
f 2040 2502 639
f 1361 1342 340
f 416 1656 2503
f 434 2503 1693
f 331 2501 1304
f 1348 2409 1312
f 2227 2069 544
f 2480 1555 1615
f 1270 1272 326
f 344 1398 347
f 357 1246 2427
f 330 1298 2504
f 1263 2504 1298
f 353 1376 2476
f 168 174 2344
f 1547 1495 2505
f 1443 2505 1495
f 2506 1587 1602
f 1640 2506 1602
f 2507 1321 1376
f 1369 2507 1376
f 2508 1503 1469
f 746 2508 1469
f 320 344 2347
f 2442 1381 2371
f 543 2041 2509
f 526 2509 2041
f 1463 1385 2510
f 720 2510 1385
f 855 1652 1689
f 2511 1368 1400
f 1362 2511 1400
f 1263 1267 319
f 848 2512 1658
f 1374 685 2498
f 1472 187 2355
f 1786 1784 2513
f 931 2513 1727
