# File exported by Houdini 20.5.613 (www.sidefx.com)
# 2249 points
# 12984 vertices
# 4328 primitives
# Bounds: [-0.7973423, -1.30153584, -0.652993143] to [1.09486878, 1.30153608, 0.719452798]
g 
v 0.857142866 0 0.5
v 0.871205509 0.135775268 0.482207865
v 0.910258889 0.257378697 0.429922283
v 0.965490937 0.353312373 0.346349388
v 1.02407813 0.416927993 0.236616239
v 1.07161653 0.447698683 0.107460119
v 1.09486878 0.451348692 -0.0331791975
v 1.08431542 0.438811421 -0.176639557
v 1.03603888 0.424204826 -0.314060181
v 0.952587008 0.422195196 -0.436915845
v 0.842651486 0.445230156 -0.537529349
v 0.719613671 0.50115037 -0.60953337
v 0.599220395 0.591618776 -0.64824754
v 0.4968068 0.711655855 -0.650957644
v 0.424568415 0.850371182 -0.617070794
v 0.389375567 0.992761672 -0.548144221
v 0.391524553 1.12225378 -0.447782129
v 0.424645305 1.22353435 -0.321412623
v 0.476780564 1.28516817 -0.175952792
v 0.53244102 1.30153608 -0.0193883274
v 0.575262427 1.27375424 0.139710188
v 0.590792775 1.20942914 0.292698175
v 0.568919659 1.12129879 0.431373954
v 0.50551188 1.02501893 0.54845947
v 0.403008521 0.936499357 0.638020098
v 0.269871712 0.869262815 0.695799947
v 0.119026691 0.832288027 0.719452798
v -0.0344093442 0.828706145 0.708646536
v -0.175685138 0.855543733 0.665052831
v -0.292811155 0.904528677 0.592205942
v -0.378364593 0.963772893 0.495254487
v -0.430419266 1.02000034 0.380612582
v -0.452466667 1.06089783 0.255544126
v -0.452393472 1.0771631 0.127693534
v -0.440746278 1.06389952 0.00460676383
v -0.428634375 1.02113187 -0.106737353
v -0.425675571 0.953404248 -0.200351834
v -0.4383623 0.868578553 -0.271594137
v -0.46912846 0.776112676 -0.31742847
v -0.516254067 0.685162783 -0.336582929
v -0.574570358 0.602900207 -0.329584837
v -0.636788845 0.533337116 -0.298684627
v -0.695147455 0.47687611 -0.247664616
v -0.74303323 0.430622697 -0.181551829
v -0.776250958 0.38935715 -0.106251635
v -0.793699622 0.346928537 -0.0281283371
v -0.7973423 0.297760427 0.0464406386
v -0.791512489 0.238142043 0.11150708
v -0.781731069 0.167040616 0.161960632
v -0.773307264 0.0862698779 0.193879947
v -0.770040631 -1.38177015e-07 0.20479995
v -0.773307323 -0.0862701237 0.193879917
v -0.781731129 -0.167041242 0.161960259
v -0.791512668 -0.23814261 0.111506581
v -0.797342241 -0.297760725 0.0464402176
v -0.793699503 -0.346929014 -0.0281290244
v -0.776250899 -0.389357358 -0.106252097
v -0.743032932 -0.430622965 -0.181552246
v -0.695147157 -0.476876408 -0.247665018
v -0.636788726 -0.533337235 -0.298684746
v -0.574570119 -0.602900505 -0.329584897
v -0.516253829 -0.685163081 -0.336582899
v -0.469128489 -0.776112735 -0.317428619
v -0.438362122 -0.868579268 -0.27159366
v -0.425675601 -0.953404546 -0.200351492
v -0.428634435 -1.02113223 -0.106736988
v -0.440746367 -1.06389952 0.00460773427
v -0.452393502 -1.07716322 0.127694353
v -0.452466667 -1.06089759 0.25554499
v -0.430419266 -1.02000034 0.380613595
v -0.378363967 -0.963772297 0.495255053
v -0.292810202 -0.904528022 0.592206776
v -0.175683856 -0.855543256 0.665053427
v -0.0344078206 -0.828706026 0.708646595
v 0.119027592 -0.832288146 0.71945262
v 0.269872069 -0.869262815 0.695799828
v 0.403008789 -0.936499476 0.638019919
v 0.505511999 -1.02501917 0.548459232
v 0.568919718 -1.12129915 0.431373656
v 0.590792775 -1.2094295 0.292697847
v 0.575262189 -1.27375412 0.139709756
v 0.532440782 -1.30153584 -0.0193886776
v 0.476780415 -1.28516805 -0.175953478
v 0.424645066 -1.22353363 -0.32141313
v 0.391524673 -1.12225306 -0.447782457
v 0.389375687 -0.992760956 -0.54814446
v 0.424568623 -0.850370347 -0.617071152
v 0.496807545 -0.711654723 -0.650957942
v 0.599221289 -0.591617882 -0.64824754
v 0.719614506 -0.501149893 -0.609532833
v 0.842652321 -0.445229858 -0.537528932
v 0.952588022 -0.422195137 -0.43691501
v 1.03603947 -0.424204946 -0.314059168
v 1.08431554 -0.438811541 -0.176638469
v 1.09486854 -0.451348722 -0.0331780836
v 1.07161617 -0.447698474 0.107461117
v 1.02407765 -0.416927457 0.236617282
v 0.965490997 -0.353312403 0.346349746
v 0.91025883 -0.257378519 0.429922402
v 0.871205509 -0.13577494 0.482207954
v 0.0756660104 0.0401207395 -9.96250037e-06
v 0.113864824 -0.0473770611 -7.37257608e-07
v 0.116234362 -0.0876068547 -0.000190358711
v 0.100062266 0.0709941983 -8.8567489e-05
v 0.123002447 0.105990104 -0.000332344207
v 0.113615595 -0.13904129 -0.000478482281
v 0.0921830162 -0.190380529 -0.000231057202
v 0.0936531126 0.172252893 -0.000302085711
v 0.0821749195 -0.235329986 0.000434441958
v 0.106545262 0.241366744 -0.000222630813
v 0.0916612893 0.282143205 0.00119775441
v 0.110462874 -0.269937247 6.18545382e-05
v 0.122060776 0.315625012 0.000620880339
v 0.0784869865 -0.30622375 0.00268420787
v 0.0834046826 0.344953001 0.00462583406
v 0.0976044238 -0.340709388 0.00346929207
v 0.11945615 -0.373298675 0.00385371153
v 0.123868309 0.367322773 0.00301541272
v 0.0954879597 -0.407378793 0.00930147339
v 0.100212365 0.404568553 0.00853973813
v 0.0797940046 -0.436562061 0.014605321
v 0.0801117122 0.433209836 0.0140763251
v 0.100441061 0.467088729 0.0173656009
v 0.0994722769 -0.47198385 0.0183817912
v 0.120057084 0.498377025 0.020422006
v 0.117687814 -0.499476969 0.0210695174
v 0.0950776935 0.529182255 0.0321022384
v 0.111233257 -0.530965269 0.0297885165
v 0.0812160298 -0.556402266 0.0425958261
v 0.119133614 0.56305176 0.0376422442
v 0.110516064 -0.593098581 0.0504641943
v 0.0996685326 0.603222191 0.0571456179
v 0.109037079 -0.631346166 0.068045944
v 0.101335488 0.645370305 0.0775074959
v 0.123805836 0.679089069 0.0910743028
v 0.0981049389 -0.676854074 0.0977423117
v 0.104948021 -0.720801413 0.129744202
v 0.0970010981 0.7146734 0.127023339
v 0.117682353 0.748023033 0.151140496
v 0.133597866 -0.758519113 0.15496473
v 0.110478677 -0.787031174 0.203059092
v 0.143722296 0.787888944 0.185677618
v 0.164164275 -0.812338829 0.208360687
v 0.0858734697 0.778121352 0.200672656
v 0.114244491 0.808460891 0.236256495
v 0.12998791 -0.822752178 0.254278809
v 0.173081547 0.82300961 0.219480097
v 0.164893925 -0.850227952 0.290680408
v 0.149970934 0.855838656 0.327022433
v 0.126794785 -0.853152633 0.343256235
v 0.206292063 0.88234669 0.35204196
v -0.346029639 0.0454093218 0.0064365021
v 0.546994567 -0.0337456279 0.0444391295
v -0.330357611 -0.024431305 0.00576445647
v 0.529245079 0.00783512834 0.0396823734
v -0.368982017 -0.000302496599 0.00928147137
v 0.563315511 0.0813684016 0.0449518524
v -0.361768425 -0.0790764391 0.00613777107
v -0.342784673 0.0714572445 0.00512177823
v 0.536293387 -0.0728054866 0.0373424888
v -0.349689066 -0.0542925596 0.00640668813
v 0.546096683 0.0493045337 0.042973578
v 0.573277771 -0.0945545956 0.0462601893
v -0.33685863 0.137132511 0.000213515392
v -0.346065402 -0.131819397 0.00108089927
v -0.32992506 -0.101791315 0.00259685772
v -0.355308831 0.100884184 0.00417206157
v 0.579512179 -0.152554601 0.0341196246
v 0.551560819 0.138894856 0.0294243712
v 0.528888822 0.109441802 0.0295645371
v 0.552588046 -0.130010039 0.031891495
v 0.534819663 0.199341014 0.00775075611
v -0.347455531 -0.168302953 -0.00257534208
v -0.363306135 0.171081707 -0.00245643291
v 0.550172806 -0.170101389 0.0203779433
v 0.550590932 0.172654703 0.0196978785
v -0.352123469 0.202220738 -0.00670534046
v -0.352188706 -0.207998291 -0.00749034714
v 0.558458507 -0.209817469 0.00863330625
v 0.514800429 -0.263159573 -0.0179253407
v 0.56372124 0.225074261 0.00358211156
v -0.311014205 0.255219668 -0.0121318121
v 0.538357675 -0.237776145 -0.00569403172
v -0.347019225 0.238491952 -0.0117173195
v -0.355956286 0.270610631 -0.0172062963
v 0.521788597 0.272264123 -0.0212379079
v 0.563765347 -0.277710944 -0.0207792055
v -0.32118091 -0.271934062 -0.0148773491
v 0.17227307 0.876852691 0.404113442
v 0.184660345 -0.880344212 0.398621261
v -0.343818426 -0.242427468 -0.0121668363
v 0.556097746 0.253852636 -0.0101927267
v -0.351427764 -0.298739254 -0.0215764306
v 0.562836111 0.291550368 -0.0280243102
v 0.521156847 -0.298437893 -0.0325946249
v -0.308002442 0.325801581 -0.0201697797
v -0.328394055 0.29655695 -0.0188519489
v 0.526838362 0.320301861 -0.0430013053
v -0.332970738 0.351591945 -0.0275339819
v -0.333652765 -0.331073731 -0.0245553534
v 0.514538288 -0.332600981 -0.0481674559
v 0.54639411 -0.353184164 -0.0621070676
v -0.301810026 -0.394512802 -0.0264998358
v -0.305108637 0.379603177 -0.0257252343
v 0.549204409 0.354138762 -0.0629747063
v -0.317195654 -0.363602698 -0.026295444
v 0.522841394 -0.385859877 -0.0770732835
v -0.32531935 0.414432913 -0.0346089527
v 0.524336576 0.389377415 -0.0794012249
v 0.500247359 0.429723382 -0.0949693024
v -0.330499679 -0.422416717 -0.037096668
v 0.515169442 -0.454357684 -0.115257189
v 0.230669975 0.898957491 0.422438711
v 0.505665779 -0.420315087 -0.0916597247
v 0.505551994 0.474838346 -0.123286918
v -0.284656614 0.48232311 -0.0266794339
v -0.295913428 -0.487474591 -0.0309664607
v -0.307326645 0.450973213 -0.0329865143
v -0.311676681 -0.455153793 -0.0347604267
v -0.292247713 0.524769545 -0.0297934357
v -0.280361921 -0.528207064 -0.0244162697
v 0.497628957 -0.487356365 -0.12655355
v 0.477706939 -0.52413857 -0.135041639
v 0.484719902 0.523704648 -0.139699265
v -0.27774331 0.571065426 -0.0200641118
v 0.4614878 -0.57036531 -0.146614537
v -0.288401216 -0.572147727 -0.0256490372
v 0.191350311 0.885225713 0.483124733
v 0.199800789 -0.88774842 0.48368001
v -0.274893612 -0.608550787 -0.0131825097
v 0.456532627 0.612767816 -0.163090229
v 0.465159774 0.567476094 -0.148356885
v 0.457717508 -0.614844203 -0.16546303
v -0.261001319 -0.649314106 0.00538852019
v -0.288100481 0.612173498 -0.0207706857
v 0.430578411 0.653845131 -0.150397271
v 0.43222633 -0.657100081 -0.153629333
v -0.267645776 0.650390327 0.00120957289
v 0.143360972 -0.87127161 0.525749564
v 0.409445196 -0.704208851 -0.135718092
v -0.256838411 0.692157805 0.0243136138
v 0.409421414 -0.752260864 -0.143002748
v -0.264996529 -0.714910746 0.0284977537
v 0.421910077 0.707557321 -0.155268416
v 0.390599757 -0.792704165 -0.106356405
v -0.283092439 0.739048123 0.0243286043
v 0.38961181 0.784843504 -0.105620123
v 0.40502131 0.753871977 -0.135154888
v -0.26103732 -0.78447777 0.0800634921
v 0.417237312 -0.793282747 -0.164516464
v 0.407596588 0.833954811 -0.140121847
v -0.267462581 0.766471446 0.0582228787
v 0.405178368 -0.840708077 -0.132293865
v -0.245433524 0.813508332 0.128943101
v -0.223060951 -0.779215991 0.113434613
v -0.245968848 0.782862544 0.0946536437
v 0.388644874 0.85676229 -0.0812765136
v -0.259407789 -0.813699782 0.112228945
v 0.382938594 -0.846076429 -0.0722677484
v -0.285943776 0.858465552 0.135348454
v -0.18831414 -0.813376307 0.188960746
v 0.416042298 -0.888651013 -0.159383237
v -0.247598708 -0.838368773 0.161626846
v 0.39408794 0.90386951 -0.0650956109
v -0.238839507 0.84935993 0.193231806
v -0.228963286 -0.845552027 0.199532762
v 0.402785838 -0.945256829 -0.0532864444
v 0.199194655 0.87709415 0.585421681
v 0.217751086 -0.886686027 0.555374384
v -0.225416273 0.823748589 0.166500181
v 0.402231187 -0.896562755 -0.100544296
v 0.411042303 0.969789505 -0.059110377
v 0.374599278 -0.920229197 0.0228756536
v -0.286198467 -0.886713147 0.191118822
v 0.404296905 -0.973793209 -0.0059386692
v -0.229706675 0.864535213 0.240902051
v 0.414727688 1.00141513 0.000707182102
v -0.24063319 -0.869284809 0.235115796
v -0.181167275 -0.868970931 0.335319042
v 0.419511378 -1.01043129 -0.011731171
v 0.3960132 0.990082979 0.110619918
v 0.125668377 0.856085777 0.622346222
v 0.39224416 0.970911145 0.058234442
v 0.425544441 1.03413093 0.0741643757
v -0.211904436 0.879101932 0.322089493
v -0.259069085 -0.901190817 0.309410781
v 0.416712165 -1.0206604 0.0960621685
v -0.242086157 0.883898556 0.27716288
v 0.418862432 -1.0185535 0.0438118018
v -0.196289614 0.882660925 0.382087708
v 0.44438678 1.06761014 0.0849879608
v 0.440563142 -1.06174946 0.0606901236
v -0.15410836 -0.86865288 0.382860154
v -0.589102864 0.0294993501 0.0608167164
v 0.757655799 -0.0153852832 0.188019454
v -0.573477745 -0.0389296673 0.0537172332
v 0.745745718 0.0608518347 0.167403191
v 0.319242537 -0.0175241362 0.00510268612
v -0.110800862 0.0195992533 6.12864023e-05
v -0.554449439 0.0420928448 0.0464168824
v 0.327410281 0.0141158327 0.00568561815
v -0.115954436 -0.00857264176 8.74283141e-05
v 0.74533999 -0.0774733126 0.162722483
v -0.129245684 -0.0350647718 7.86591772e-05
v -0.131844878 0.0380426943 7.66603625e-05
v 0.348825902 -0.0436349399 0.00671697641
v 0.732317567 0.0164714623 0.159158066
v 0.341869771 0.0325581878 0.00646482734
v 0.322006673 0.0664530247 0.00401461776
v 0.314822376 -0.0725453869 0.0033628922
v -0.564729273 -0.0694493949 0.0471812449
v -0.117935151 -0.0684814751 -8.79610525e-05
v -0.132607654 0.063176401 -4.7979087e-05
v 0.752548754 0.092228733 0.166082472
v 0.762689769 -0.129308194 0.161886707
v -0.561354637 -0.0969731808 0.0416260399
v 0.330996573 0.0911923498 0.00330594392
v -0.114955239 0.111198276 -0.000326443376
v -0.595765352 0.16566585 0.035268601
v 0.336453557 -0.0971371159 0.00325080892
v -0.563486099 -0.132783294 0.0345145278
v -0.122893982 -0.102816015 -0.000309044553
v -0.108431444 0.0859442577 -0.000164137789
v -0.567077935 0.136695728 0.0346363969
v -0.55880332 -0.161285013 0.0252816789
v 0.329539448 0.132833645 0.00030412036
v -0.124602281 0.137834236 -0.000583908695
v -0.115846016 -0.135213271 -0.00047890417
v 0.327493131 -0.150392145 -0.00127173401
v 0.752986789 0.146584168 0.142103463
v 0.325611323 0.114426933 0.00154298753
v 0.334356546 -0.121138617 0.00143671699
v 0.744380236 0.20998691 0.0925483257
v 0.311700255 -0.176832661 -0.00391032826
v -0.138296738 -0.180099845 -0.0011522522
v -0.143183514 0.160068527 -0.0010375256
v 0.305410922 0.17945005 -0.00414709141
v 0.775646806 -0.236624956 0.097127907
v -0.143115237 -0.154188633 -0.000968511158
v 0.328441799 0.150423437 -0.00124985375
v 0.748604 -0.212786242 0.0938839465
v 0.764601231 -0.194996357 0.122258298
v 0.786149144 0.204641402 0.137544215
v 0.305787683 0.159324884 -0.00242924714
v -0.114208013 0.219220608 -0.000640763727
v -0.111832246 -0.208356857 -0.000608340895
v 0.320064038 0.201519176 -0.0064194575
v 0.335312039 -0.204032987 -0.00686885137
v -0.569634557 0.215629458 0.00871586893
v -0.565557003 -0.194207862 0.0160906035
v -0.573945761 0.188390732 0.0203749333
v -0.125501648 0.188119128 -0.000922036532
v 0.764616311 -0.264099777 0.0603310019
v 0.342486918 0.226066947 -0.00982546434
v -0.142141208 -0.234087288 -0.00161630614
v -0.586674094 -0.222495392 0.00967486296
v -0.0966961682 0.243241534 0.000134426213
v 0.304944605 -0.254893869 -0.0117173176
v 0.788887441 0.248884469 0.0974742398
v -0.558280528 0.242211461 -0.00469767628
v 0.312233537 -0.225391284 -0.0088317655
v -0.109237388 0.27841109 0.000300597603
v -0.123887166 -0.272593826 -0.000543064438
v 0.323026419 -0.283660591 -0.0165668447
v 0.306261033 0.281428248 -0.0147950286
v -0.560156047 0.285378009 -0.0249934997
v 0.804890692 -0.300623536 0.0488624126
v 0.768539429 0.273299217 0.053520292
v -0.569321334 -0.282511234 -0.022742698
v 0.451751053 1.07442498 0.143733039
v -0.205100939 -0.888254404 0.405964285
v 0.443564951 -1.06026709 0.17011109
v 0.319700211 0.248922542 -0.0118863927
v -0.111090779 -0.304407537 0.000939334393
v 0.333380014 0.308526814 -0.0211384278
v 0.308276862 -0.305112213 -0.0177601855
v -0.118275009 0.310597956 0.000703127356
v 0.785302162 0.306105465 0.0262556542
v 0.757809103 -0.331288844 -0.0219651628
v -0.547623873 0.347529143 -0.0589357801
v -0.551534116 -0.247686073 -0.00805993658
v -0.536460757 0.310349315 -0.0383501202
v 0.788190305 0.350529879 -0.0365266688
v -0.117271908 -0.34349972 0.00219036452
v -0.114558056 0.340980828 0.00227049529
v 0.300021827 -0.339335352 -0.0205156133
v 0.314367831 0.344041526 -0.0233419295
v -0.569035649 -0.33503443 -0.0528279096
v 0.797951996 -0.356500953 -0.0419462137
v 0.781566143 -0.316986412 0.00926961657
v -0.54185307 -0.40481025 -0.0931257755
v -0.538914621 0.4110457 -0.0963520631
v -0.0942303985 0.377527207 0.00641244184
v 0.316506952 0.376517773 -0.0277648568
v 0.327199161 -0.365803748 -0.0285235848
v -0.10251452 -0.378234982 0.00579012651
v -0.522506058 0.375917405 -0.0714699775
v -0.516147792 -0.381969064 -0.073507227
v 0.767787933 0.323569506 -0.00722222077
v -0.542727649 -0.30690679 -0.0366460457
v 0.310129941 -0.404174209 -0.0294637773
v 0.312650234 0.412278742 -0.0309640933
v -0.115295336 -0.40923512 0.00745851174
v -0.115291208 0.412789047 0.00783859193
v 0.754262924 -0.399715871 -0.125745535
v 0.772537589 0.397299349 -0.121302135
v -0.539088368 -0.359573185 -0.0649334192
v 0.770896137 -0.37703824 -0.0854803994
v 0.728096545 0.418914467 -0.155571833
v 0.745171607 -0.425240695 -0.171553195
v 0.28908962 0.431538045 -0.0261527598
v -0.117525861 -0.440749198 0.0109707667
v 0.290793717 -0.438810736 -0.0270645078
v 0.437988579 -1.05529404 0.119709127
v -0.166764423 0.878201842 0.44894731
v 0.473913252 -1.09933376 0.185103476
v -0.160643518 -0.876713157 0.45427528
v 0.763373673 0.434949279 -0.198570192
v -0.510387897 0.450816065 -0.110999174
v 0.305849671 -0.477329224 -0.0342619978
v 0.310236186 0.490194619 -0.0366832465
v -0.106574126 -0.47621578 0.0181926973
v -0.496907204 -0.461981237 -0.111485787
v 0.766636074 0.372045487 -0.078144677
v -0.117019348 0.447101563 0.0119281551
v 0.314146012 0.460568756 -0.0360576287
v -0.484046668 0.496884108 -0.12418405
v -0.10327968 0.505385399 0.0247695353
v -0.0858888999 -0.506650567 0.0275844447
v -0.481303036 -0.496489406 -0.12236385
v -0.0995191932 0.478146315 0.019542506
v 0.702815294 -0.47754842 -0.256189018
v -0.469760865 0.540349722 -0.137951747
v -0.474512815 -0.52791357 -0.134844407
v 0.701660931 0.471782625 -0.242437989
v -0.090240024 0.536134601 0.0348405205
v -0.510744989 -0.431048483 -0.0994661376
v 0.30150485 0.903825998 0.608481407
v 0.191925585 -0.868409455 0.622965336
v 0.302306533 -0.52779144 -0.0343936048
v 0.724004447 -0.454644293 -0.222171843
v -0.105242707 -0.549789965 0.0363447145
v 0.27969873 -0.567702413 -0.0214235783
v 0.662817717 -0.510190725 -0.28476882
v -0.080620423 0.569954455 0.0474516116
v -0.450931966 0.585551023 -0.144372702
v 0.683788478 0.500184953 -0.288645238
v 0.302774191 0.532602191 -0.0346236229
v 0.469040334 1.08917379 0.204246596
v -0.089812085 -0.593545437 0.0550634749
v -0.457554877 -0.57263577 -0.14427492
v 0.629759073 -0.546425581 -0.316523433
v 0.295665383 -0.622359991 -0.024199415
v 0.294259757 0.578761518 -0.0283664465
v -0.103226148 0.608300328 0.0585698821
v 0.637994409 0.53301084 -0.299833775
v 0.712102115 0.447075993 -0.200093761
v -0.0776945725 -0.623908699 0.0713252425
v -0.419382334 -0.659714162 -0.138498351
v 0.602540433 0.579144716 -0.339811027
v -0.437690616 -0.621632338 -0.146542296
v 0.274531633 0.618058026 -0.0111692669
v 0.289642394 -0.666506588 -0.0104703996
v -0.0930522829 -0.659636915 0.0879682451
v 0.592957199 -0.595962524 -0.359713405
v -0.414695293 0.683258653 -0.138626873
v 0.283030748 0.664177358 -0.00597570045
v -0.0891079456 0.650937319 0.0836979821
v -0.117180727 0.867489338 0.496518284
v -0.429216832 0.632839203 -0.141452745
v 0.271062732 -0.69162482 0.0128636314
v 0.544320941 -0.653885901 -0.361870021
v -0.39740473 0.721988916 -0.12031658
v -0.404862642 -0.711292803 -0.130184427
v 0.271335691 0.734202147 0.0331317
v 0.562361896 0.635192335 -0.374774486
v -0.0966409519 0.68856293 0.106394999
v -0.0893874988 -0.69945842 0.116715655
v -0.396915287 -0.753758729 -0.120871231
v 0.477911413 -0.776319146 -0.369430661
v 0.272343308 -0.733045459 0.031523414
v -0.110218219 0.734076023 0.140112028
v 0.482907891 0.767990232 -0.380794376
v -0.132970437 -0.866264284 0.560515881
v 0.491633177 0.725467026 -0.325114071
v 0.269943923 -0.770403266 0.0585691705
v -0.380703837 -0.812596738 -0.0813756585
v 0.270613283 0.771969438 0.059052486
v -0.377354473 0.798129678 -0.0793721378
v 0.299562424 0.751420856 0.0134764155
v -0.0645640939 0.707689404 0.129478589
v -0.359460115 -0.842957318 -0.0211502071
v 0.328056723 -0.833259165 0.0311014112
v 0.304353833 0.81125474 0.0491103977
v -0.0339422561 0.767431021 0.19887498
v 0.514093399 -0.714556515 -0.409938395
v 0.52124691 0.700552225 -0.400270551
v -0.0840035304 -0.735918939 0.150901332
v 0.442686111 0.884841859 -0.371916592
v -0.0822220892 -0.76860106 0.18902868
v -0.122922823 0.783414841 0.191522926
v 0.452757418 -0.830751479 -0.318885177
v 0.294370204 0.837446153 0.091684401
v 0.509141326 1.12321496 0.26453656
v -0.400119543 0.777656198 -0.126576751
v 0.454769224 0.829413772 -0.331649721
v 0.295420408 -0.800411642 0.0521540232
v -0.400324583 0.88916266 -0.0984118953
v -0.353850454 -0.877039492 0.0232646465
v 0.45527944 -0.842736781 -0.397380948
v 0.299725384 -0.8403157 0.0865816772
v -0.0289022345 -0.776424825 0.212137401
v -0.363082349 0.881716669 0.00554669183
v 0.305598944 0.867145002 0.113389209
v -0.0676273108 0.817886233 0.277773768
v -0.0405079797 -0.80317688 0.25488767
v -0.379134268 -0.926374793 0.0169384126
v 0.431102037 -0.944721043 -0.291790873
v 0.289503992 -0.861701131 0.134424254
v 0.458352864 0.834206343 -0.431398541
v -0.0558894575 0.856534481 0.561027944
v 0.444488019 1.02803099 0.395833939
v 0.469848573 -1.05607796 0.365277976
v -0.0781684741 -0.793995917 0.227766007
v 0.429678559 0.953919113 -0.342300206
v 0.332141995 0.908321619 0.129376814
v -0.108847626 -0.815760434 0.253448159
v -0.326964289 0.90608263 0.138471857
v 0.428290308 -0.986213446 -0.227823511
v -0.0329729915 0.822261274 0.298261225
v 0.428392082 1.00039721 -0.262170762
v 0.429848999 -1.04807937 -0.248877823
v -0.0385061912 -0.830079317 0.318315417
v 0.440706849 -0.889727056 -0.337150455
v -0.0703412965 -0.823531568 0.290043116
v -0.0913569331 0.833672643 0.306338221
v -0.345054507 -0.946237087 0.203453839
v 0.0159846954 -0.833429575 0.332745522
v 0.350323439 -0.936944723 0.145897254
v 0.461133033 1.05676961 0.327163517
v 0.430805176 0.998536766 0.480360776
v 0.436120272 -0.996677637 0.500122666
v -0.371497124 0.933595657 0.0585066266
v 0.314210296 0.913479447 0.194028944
v 0.336358607 0.945296228 0.242528468
v 0.445358306 1.14335918 -0.196299851
v -0.36289826 0.962121367 0.188747346
v -0.0176942963 -0.845561683 0.379719347
v 0.320741594 -0.927035868 0.220846951
v -0.673110902 -0.122953705 0.0875061974
v -0.688779175 0.0995394662 0.105707206
v -0.687761962 -0.00591601105 0.11963059
v 0.817772508 -0.00476665609 0.290309101
v 0.300777853 0.916016221 0.24508816
v -0.0785932168 0.842047274 0.340610802
v 0.442776442 -1.08326566 -0.117570333
v -0.657074094 0.0311119072 0.0966734737
v 0.824490905 -0.0594960377 0.296628535
v 0.0385242179 0.850454688 0.400091887
v -0.326968879 0.945291162 0.305485755
v 0.370658547 0.975553691 0.226593301
v -0.323697805 -0.94352752 0.3132447
v 0.450562209 -1.14144945 -0.160816357
v 0.0350246951 -0.851229668 0.40644151
v 0.353777409 -0.961376011 0.245465308
v 0.840186477 -0.168760598 0.259778351
v 0.845656455 0.157598734 0.285621345
v 0.214222848 -0.0205378123 0.000995085924
v -0.450437814 0.0230610687 0.0203579031
v -0.236878291 0.00682759425 0.00156655267
v 0.200121313 0.0102626365 0.000789323356
v -0.0117552727 0.00461375527 9.49692769e-10
v 0.658322096 -0.0238445662 0.0980122536
v 0.44128105 -0.0128864925 0.018943198
v 0.220955998 0.0651471391 0.00057920994
v -0.0138842994 -0.060533274 4.61291529e-06
v -0.457035422 -0.0326748528 0.0212602839
v 0.208088174 -0.052561447 0.000582442619
v 0.653557539 0.0261088703 0.0948226303
v -0.0051352405 0.0438600369 1.69847624e-06
v -0.672323644 -0.0468433499 0.105167046
v 0.836175501 0.0982654169 0.309241861
v -0.00902816746 0.0892152712 2.97328261e-05
v -0.0328848213 -0.0855144933 3.5985222e-06
v 0.45320189 -0.0444852896 0.0199777838
v -0.220418006 0.0450053886 0.0008871053
v 0.426002145 0.0173448604 0.0163597129
v 0.83850652 -0.116287097 0.303149074
v -0.4738608 0.0493756905 0.0237302259
v 0.660693884 -0.0759885833 0.0925152078
v -0.471832097 -0.00760341063 0.0249007065
v 0.222149774 0.0331893116 0.00105533772
v -0.0265564676 -0.0288468674 -1.16567799e-06
v -0.246869847 0.0704072863 0.000963230967
v 0.665516496 0.0730443746 0.0962100476
v 0.443072408 0.0685267299 0.016592076
v -0.236271277 -0.0323263332 0.00138385047
v 0.431951851 -0.0671041161 0.0149558904
v -0.471017033 -0.0632558316 0.0221013576
v 0.44135958 -1.0121628 0.454173386
v -0.453815818 0.102239899 0.0148900757
v 0.192827478 -0.0797238648 2.48281367e-06
v -0.673085332 -0.0834901482 0.0989575237
v -0.660258055 0.0767229944 0.0920888409
v -0.224750891 -0.0638133734 0.000667044194
v -0.468540728 -0.104809329 0.0170420054
v -0.462718427 0.080409646 0.0189053155
v 0.434074849 0.0441952311 0.0167151932
v -0.22337532 0.0920490697 1.24049593e-05
v -0.434024394 -0.0805653483 0.0141558731
v -0.661304295 0.131340563 0.0773974657
v 0.222688258 0.100063868 -0.000209913342
v -0.215670273 0.114739247 -0.000668731285
v -0.239927515 -0.0952766314 0.000130432702
v 0.654146731 -0.117782086 0.0777780116
v 0.427994549 0.0917631388 0.0122346487
v -0.434966773 0.122929633 0.00948073156
v 0.436236531 -0.0961164683 0.0129346997
v 0.227354527 -0.0980964974 -0.000110010995
v -0.687367499 -0.161837995 0.080648005
v 0.00990980864 -0.099519819 4.61334675e-05
v 0.649955153 0.127169073 0.0724342838
v -0.0660663769 0.84497571 0.645911574
v 0.478117198 -1.02335143 0.502282798
v 0.200155869 0.13152793 -0.0011271754
v 0.213441253 -0.118238851 -0.000775365392
v -0.456633031 -0.132474259 0.0109875742
v 0.857734442 0.207927272 0.256067723
v -0.695698142 0.164871991 0.0846030861
v -0.0112922052 0.149535581 0.000241460468
v -0.237185046 0.136279881 -0.00137989235
v 0.213971972 -0.139672756 -0.00144138059
v 0.659513056 -0.152554989 0.0683036819
v -0.457732618 0.143565461 0.00927080214
v 0.424594492 -0.147342756 0.00476699695
v 0.436807185 0.132233754 0.00838969927
v -0.00856513437 0.119421907 9.85606021e-05
v 0.43680492 -0.124626674 0.00947988406
v -0.0113796517 -0.136430234 0.000166003752
v 0.665970445 -0.179537714 0.0596653111
v 0.656933665 0.176644027 0.0564137511
v 0.863397002 0.251339376 0.202988401
v 0.186286181 -0.175124586 -0.0021207605
v 0.418622166 -0.191974655 -0.00335936993
v -0.0343010277 -0.166319132 0.000285652437
v -0.25217101 -0.157482579 -0.00240280875
v -0.246421456 0.167182133 -0.00285851141
v -0.020378232 0.177354306 0.00045560248
v -0.466583878 0.163139418 0.00672487309
v -0.477852106 -0.157915547 0.00938529335
v 0.212050915 0.164294153 -0.00226644077
v 0.653613925 -0.199592769 0.0435056463
v 0.217690349 -0.163418189 -0.00231773267
v 0.429720908 -0.169125929 0.00162190758
v 0.448877811 0.159842536 0.00521648722
v 0.875741422 -0.247883707 0.239597127
v -0.657607913 0.162704185 0.0630229712
v 0.404178381 0.179465219 -0.00193069631
v 0.434876323 1.06072068 -0.185774639
v 0.214779675 0.200865746 -0.00370709179
v -0.0104635116 0.198224261 0.000759090995
v -0.231194422 0.205984235 -0.00447730906
v -0.00276802923 -0.194384038 0.00071301253
v -0.22759448 -0.192462996 -0.00373010244
v 0.448897779 0.216781467 -0.00706387125
v 0.450686872 -0.211025774 -0.00556378346
v -0.678490937 0.224217251 0.0408539213
v 0.663606763 0.22205092 0.0353780948
v 0.871847153 -0.267402112 0.19375971
v -0.431506485 -0.201345861 -0.00451893266
v 0.658458829 -0.227179691 0.0301256757
v -0.666927516 -0.196259215 0.0515761562
v -0.682457209 0.194780231 0.0605849363
v -0.457833856 -0.182303265 0.00163514609
v -0.450142205 0.186215699 5.15072898e-05
v 0.914784014 -0.342386305 0.11439535
v -0.249032408 -0.223119929 -0.00610477244
v -0.0143495584 -0.222855642 0.00120271521
v -0.696271062 -0.227617547 0.0476394817
v -0.220202565 0.238796934 -0.00549736246
v 0.00848716218 0.251464695 0.00198592688
v -0.688319504 0.291387796 -0.00535868388
v 0.217903093 0.241818085 -0.00549638784
v 0.211971194 -0.228061631 -0.0046513509
v 0.40927586 -0.260785758 -0.0179685149
v 0.893110991 0.297613591 0.181227356
v -0.438805401 0.256316602 -0.0174262505
v 0.416203558 0.206434175 -0.0062704673
v -0.654335618 0.244623169 0.0177391879
v 0.892061591 -0.309624195 0.150814995
v -0.0545774177 0.843784571 0.360059291
v 0.187307999 -0.202217504 -0.00285317842
v -0.449217111 0.222623095 -0.00849157479
v 0.647256792 -0.249675676 0.0121060237
v 0.426343024 -0.235564381 -0.0122935846
v 0.210621625 -0.2588076 -0.00569144636
v 0.198175132 0.270853281 -0.00518554589
v -0.229147851 0.268038064 -0.00736608636
v -0.0198573284 0.280880958 0.00301975152
v 0.0123086609 -0.270871133 0.002658932
v -0.214224875 -0.27860564 -0.00662820507
v 0.448958904 -0.285576344 -0.026013881
v 0.428703606 0.273069888 -0.0216584131
v -0.459910095 0.278674185 -0.0242289919
v 0.659888029 -0.282644063 -0.00688574463
v 0.926983535 0.351603627 0.113744371
v 0.64089781 0.268227696 -0.00182429224
v -0.683767021 -0.284580499 -0.00111928827
v -0.0156477652 0.846264064 0.383494467
v -0.323286325 -0.938771844 0.27152431
v -0.0089344047 0.226500362 0.00130378769
v 0.480566442 1.18951511 -0.0601223409
v -0.016379755 0.854264379 0.437052637
v 0.340822637 0.956396639 0.323855013
v 0.355297297 -0.966680765 0.300151467
v -0.00753814075 -0.854246199 0.438683301
v 0.477633834 -1.15728974 -0.0107976077
v 0.434731036 0.248139843 -0.0152934585
v -0.428783476 -0.262570769 -0.0189237949
v -0.0239857957 -0.252845109 0.00193368492
v -0.230629489 -0.252248853 -0.00672053639
v 0.424246907 0.305663884 -0.030242037
v 0.41016674 -0.313372999 -0.0309272129
v 0.658161223 0.29302159 -0.0152606508
v 0.640173852 -0.331773967 -0.0491971336
v -0.675045252 0.330121368 -0.0435971133
v -0.0264522098 -0.290199697 0.00337079749
v -0.242506176 -0.305361569 -0.0103954021
v 0.0119736241 0.311793268 0.00468605338
v 0.228287891 0.299126148 -0.00864230376
v 0.181912303 -0.307009757 -0.00437289849
v -0.46309948 -0.286590248 -0.0268756431
v 0.929501653 -0.379311144 0.021613026
v -0.412966371 0.325968176 -0.0345990248
v -0.681692123 -0.259187281 0.0180909
v 0.885296941 0.311410129 0.132981062
v 0.655810654 0.249070793 0.0153942406
v 0.21145761 -0.285753548 -0.00662764255
v -0.21110025 0.298282683 -0.00695320219
v 0.921576381 0.379012406 0.00967380032
v -0.440753669 0.35037452 -0.0459909923
v 0.222761407 -0.356098205 -0.00963652134
v -0.0197060946 -0.326324493 0.00554970512
v -0.220830485 -0.338336855 -0.00902852789
v -0.218111604 0.334101468 -0.00858902838
v -0.0151959378 0.340673208 0.00666037668
v 0.650157988 0.346931607 -0.0616392121
v -0.671834826 0.345330387 -0.0586240999
v 0.418235928 0.338001877 -0.0386679955
v -0.447358251 -0.337772399 -0.0427317321
v -0.675271451 -0.349148661 -0.0621076636
v -0.647856355 0.305370241 -0.0270268936
v 0.896267116 -0.350580603 0.0572802462
v 0.662015259 0.320877284 -0.0373424105
v 0.893357098 0.352466434 0.0479577966
v -0.431987673 -0.311352253 -0.0325879455
v 0.205570489 -0.333603591 -0.00703802239
v 0.206340447 0.325384796 -0.00702533545
v 0.652855456 -0.305742651 -0.0263945442
v -0.438903481 0.301730156 -0.0303126927
v -0.409161776 -0.388435721 -0.0513491631
v -0.218770251 0.394827604 -0.00913085788
v -0.00149911991 0.372383088 0.00962833222
v 0.217243865 0.363694936 -0.00889548287
v 0.415789306 0.370793462 -0.0477424897
v 0.213978633 -0.38348031 -0.00837303605
v -0.223881781 -0.374342084 -0.0100363893
v 0.0183955748 -0.378216416 0.0101032006
v 0.669173777 -0.356010109 -0.0694193691
v -0.651840806 -0.397094458 -0.111218601
v 0.442405999 -0.353042305 -0.047163751
v -0.223371878 0.361463279 -0.0098099988
v -0.0168457292 -0.358723491 0.00818012562
v -0.644257605 0.368326694 -0.0813986436
v -0.64732939 -0.326668292 -0.0442753211
v 0.204083979 -0.414580464 -0.00587055553
v 0.41012612 0.404098004 -0.0561184399
v 0.208948359 0.406868041 -0.00706418231
v -0.673843741 0.387144238 -0.102967821
v 0.909938037 -0.401617199 -0.0881330669
v 0.927992523 0.40600422 -0.090435259
v -0.00841340795 -0.412442923 0.014473333
v -0.00665205671 0.403649747 0.0132849263
v -0.435102671 -0.409501225 -0.0650004968
v -0.421125561 0.387133956 -0.053884767
v -0.661972165 -0.305879682 -0.0246756319
v -0.185267493 0.376763135 -0.0039653033
v -0.414605439 -0.358057976 -0.0438094065
v -0.634307027 -0.371591866 -0.0838332474
v 0.417509466 -0.395500124 -0.0555483922
v -0.208136141 -0.409367681 -0.00683568278
v 0.645861864 -0.386956334 -0.0997582972
v 0.645355761 0.376185983 -0.08900778
v 0.87210387 0.421358973 -0.184062243
v 0.880437374 -0.424776763 -0.200027198
v -0.434746861 0.425333411 -0.0704611987
v 0.594024301 -0.44004035 -0.137861386
v 0.191756055 0.444123566 -0.001641421
v 0.405647308 0.449506313 -0.0677619725
v -0.217182875 0.429683059 -0.00802669022
v -0.0213170033 0.42954886 0.0168320481
v -0.0250226744 -0.440857649 0.0186012909
v 0.398055613 -0.433076322 -0.0604823641
v 0.202046141 -0.453289181 -0.00324884406
v 0.348938406 0.960155845 0.276556283
v 0.466542512 -1.16197455 -0.089999944
v 0.033605814 0.85732168 0.469288439
v 0.489079297 -1.22692668 -0.0766576827
v -0.345558167 -0.957028508 0.411461622
v 0.0425641276 -0.857454062 0.461215585
v 0.620745003 -0.411760092 -0.119625434
v -0.235373944 -0.428417891 -0.0122219129
v 0.6119349 0.456942022 -0.163119987
v -0.626243055 0.43263796 -0.14284195
v 0.410972297 -0.474868864 -0.0773881301
v -0.605914533 -0.455423027 -0.158477858
v -0.202935606 0.473504305 -0.00173659704
v -0.010459098 0.461423218 0.0227220505
v -0.00489620725 -0.468687832 0.0242592767
v -0.206831023 -0.458897471 -0.00397451222
v -0.39966023 -0.478656203 -0.0733321607
v 0.910307825 0.389350146 -0.0417112038
v 0.9238801 -0.393500924 -0.0412235707
v -0.408148229 0.468880683 -0.0743695199
v -0.628724694 -0.426378876 -0.136964202
v 0.616286635 -0.463706583 -0.173052132
v -0.572279274 0.504540443 -0.188736975
v 0.228548214 0.512001395 -0.00545079634
v -0.382238477 -0.520622134 -0.0745830908
v 0.897286057 0.430888951 -0.240361318
v 0.00423194561 0.518603504 0.0365642533
v -0.198706269 0.518481851 0.00515553076
v 0.402186215 0.496017903 -0.0792272389
v 0.0157662351 -0.502927721 0.0321006179
v -0.190853551 -0.506197095 0.00557091134
v -0.587568641 -0.48960349 -0.184108704
v 0.209712088 -0.495473236 -0.0013071819
v 0.61325115 0.408502549 -0.114592843
v -0.382526845 0.499803782 -0.0703222454
v 0.199159354 0.484606683 0.00042254469
v 0.899592519 0.411717206 -0.13678132
v 0.905055702 -0.414493769 -0.146809369
v 0.205434605 -0.534240544 0.00559633272
v 0.860433221 -0.438945889 -0.267526478
v -0.384019792 0.542971373 -0.0801833123
v 0.592907131 0.490016282 -0.188285381
v 0.83851403 0.446733475 -0.291032434
v 0.387804329 0.552193403 -0.084479481
v 0.190880954 0.523720682 0.00844239444
v -0.0230422989 0.851182699 0.594282329
v -0.0681783259 -0.850075901 0.618748426
v -0.414501548 -0.445737302 -0.0700144991
v 0.0563741028 0.84040463 0.664695203
v 0.406768262 -0.958920598 0.574108958
v -0.35513714 0.962479532 0.244176283
v -0.386284322 -0.992488503 0.249797672
v 0.0114772012 0.485705853 0.0279453825
v 0.585984707 -0.500776589 -0.195205346
v 0.181846201 -0.570947826 0.0219167136
v -0.0154890763 -0.54073751 0.0431658551
v -0.205232739 -0.546392202 0.00790416636
v 0.766864479 -0.482922792 -0.376910061
v -0.562006891 -0.525122821 -0.201580435
v 0.0148902908 0.55934602 0.0496229641
v -0.542956233 0.546182096 -0.204923153
v 0.572345078 0.528850377 -0.215200678
v 0.216021597 0.552118897 0.00499833142
v -0.626584828 0.398685932 -0.108250648
v 0.513570249 1.20610464 0.0590877384
v 0.316536963 -0.940953016 0.38688162
v 0.5118922 -1.20614696 0.0521558262
v 0.00088651455 -0.857138991 0.497563571
v 0.394227743 -0.513845623 -0.0796486735
v 0.546348929 -0.543786466 -0.205909312
v 0.389770448 -0.5597049 -0.0873611271
v -0.17831029 0.553752303 0.018683318
v -0.362855196 0.578444004 -0.0717375055
v -0.177545965 -0.623451948 0.0410155915
v -0.362863034 -0.603150845 -0.0740667954
v -0.538849831 -0.56464076 -0.218966901
v 0.355857134 -0.581632614 -0.0671812966
v 0.373117715 0.602045298 -0.082027249
v 0.53914094 0.574574232 -0.229674771
v 0.804332376 0.465845972 -0.358419985
v -0.536521018 0.577930152 -0.230003119
v -0.603734791 0.469303727 -0.172262505
v -0.18849586 0.5880934 0.024340095
v 0.204891041 0.592554808 0.018955417
v 0.53404963 -0.591899216 -0.241910845
v -0.348368555 -0.65528959 -0.0627074465
v 0.209429398 -0.610449791 0.0222712234
v -0.490668386 -0.643604875 -0.228191987
v -0.00741734961 0.599128783 0.0661699921
v -0.19831273 0.622791946 0.0316300653
v -0.363293737 0.614301085 -0.0752396435
v 0.689629555 0.53418982 -0.452619195
v 0.515097439 0.629757106 -0.254761457
v 0.352705687 0.651400685 -0.0668689087
v 0.188619375 0.621159792 0.0353928544
v 0.00442741951 -0.580260873 0.0579616502
v -0.19152534 -0.582153678 0.0214504562
v 0.381115407 -0.61411792 -0.0901763588
v 0.449568003 1.10990918 -0.112554349
v 0.198388502 -0.653668761 0.0441551283
v 0.0148143154 -0.627241135 0.0800426453
v 0.363764971 -0.661950231 -0.0773765966
v 0.662472546 -0.55480504 -0.462420493
v -0.345554233 0.661236763 -0.0597197711
v -0.483190835 0.657588184 -0.227648586
v 0.00598138012 0.629249811 0.0813597888
v 0.193191588 0.655926287 0.0478583574
v -0.383835763 -0.562509894 -0.0838604718
v 0.363693416 0.966545761 0.426379949
v 0.527301252 -1.17428517 0.185952559
v 0.819804966 -0.457082838 -0.328396916
v 0.503747344 -0.644027829 -0.250399321
v 0.716562688 -0.515770197 -0.439991325
v 0.479104161 -0.70173645 -0.258718163
v -0.00157777243 -0.661974251 0.10117124
v -0.458688319 0.71502018 -0.224841222
v -0.337454736 0.702706039 -0.0460089259
v -0.517854273 -0.609334588 -0.237480298
v -0.185841054 -0.673535407 0.0605200753
v 0.350554436 -0.708650112 -0.0595746748
v -0.179786757 0.654888451 0.0539279506
v 0.002771175 -0.694850087 0.125287816
v -0.461310387 -0.698046327 -0.218661547
v 0.186574802 -0.725104928 0.0934681594
v 0.197183028 0.712209105 0.0774681568
v -0.325359523 0.741312623 -0.0211589448
v 0.622903526 0.589290738 -0.476064116
v -0.169735327 0.692033112 0.0797492415
v -0.507680655 0.616927087 -0.230144158
v 0.0241948329 0.664296448 0.101923898
v -0.353984833 0.965873539 0.350497842
v 0.19214876 -0.696221113 0.070174627
v 0.220497131 0.688734353 0.0484018922
v 0.369891405 0.693001926 -0.0835556239
v 0.436135232 -0.789141834 -0.212670192
v -0.0246551093 0.706423879 0.134057686
v 0.327988148 0.747029424 -0.0221462511
v 0.53692162 0.687393546 -0.48796019
v -0.348173797 0.770391703 -0.0403077453
v 0.529889584 -0.697353661 -0.487818748
v 0.403463989 0.952900887 0.588482678
v 0.0869172812 -0.843005896 0.66384089
v 0.745501578 0.496340603 -0.404336423
v 0.531811118 1.18217731 0.18276757
v -0.29031235 -0.921014249 0.489523858
v 0.340416372 -0.758801639 -0.0337340347
v -0.178052843 -0.71809715 0.0933181047
v -0.00708618341 0.682707012 0.1157507
v 0.364101529 -0.798000395 -0.055145584
v -0.319908321 -0.794897377 0.0137741584
v 0.195934534 -0.761527836 0.118511625
v 0.00947009679 -0.726982296 0.154051259
v 0.218179137 0.792646945 0.132685795
v 0.35481444 0.788962543 -0.0431085601
v -0.15917784 0.750135362 0.132030666
v -0.419707 0.797642708 -0.171264827
v 0.48503986 0.682874441 -0.253425092
v 0.453811735 -0.750769258 -0.238311753
v 0.198194444 0.746789515 0.103307031
v 0.00704585528 0.737224102 0.164719164
v -0.183331862 0.737434626 0.10546679
v -0.403823167 -0.844834447 -0.127580762
v 0.514862657 -0.710912824 -0.565210044
v 0.379958689 0.818205237 -0.0778236091
v 0.238654926 0.77262646 0.0923782513
v -0.134537652 0.766875267 0.164059177
v 0.447032839 0.803700805 -0.257253081
v 0.545935631 -0.670730472 -0.433022171
v 0.468677789 0.740692854 -0.270589173
v -0.174161389 -0.756476581 0.128956199
v 0.434650719 0.895263135 -0.26939401
v 0.465898693 0.800006568 -0.534673989
v -0.415883213 -0.889501095 -0.158477798
v -0.326635242 -0.823653758 0.0250756126
v 0.21182479 -0.794300854 0.140675381
v -0.32723552 0.83331722 0.0325953253
v 0.373931587 -0.971651435 0.435400873
v 0.12391068 -0.861474752 0.587084651
v -0.222359613 -0.886761308 0.564064205
v -0.444656461 0.779856622 -0.232390046
v 0.365152806 0.832285762 -0.04013253
v -0.161843613 -0.784253061 0.168796375
v 0.424935341 0.93934226 -0.440919429
v -0.416669518 0.895329118 -0.160413161
v -0.196228772 0.824888408 0.200268343
v 0.0276957043 0.770632863 0.204038784
v 0.463773549 -0.799264848 -0.551902831
v 0.432342768 -0.880460441 -0.24134016
v 0.251358062 -0.827408731 0.140126973
v -0.312102914 0.779798031 0.0147047387
v 0.579224706 -0.634555995 -0.493317485
v 0.587165952 0.62555939 -0.514383018
v -0.348475605 -0.786707342 -0.0339422598
v -0.412775457 0.973619342 -0.0634874329
v 0.222331956 0.838153541 0.194205403
v 0.25183934 -0.854833066 0.184555098
v 0.0676453412 -0.807935715 0.256731212
v 0.021224767 -0.758125126 0.188190401
v 0.204430729 -0.8586694 0.676004946
v -0.0379494801 -0.856566608 0.546323776
v -0.220817178 0.885989666 0.566187501
v -0.163162366 0.796554327 0.184593797
v 0.181643605 0.798909366 0.173382044
v 0.346106023 -0.86873436 0.0316728018
v 0.527418196 -1.13095081 0.303726763
v -0.44075045 -0.794202626 -0.229036123
v -0.412580729 0.939452529 -0.112756446
v 0.197674334 -0.844099283 0.23638919
v -0.281446517 0.880684018 0.186726376
v 0.421397299 -0.998810351 -0.078413114
v -0.175540805 -0.832682908 0.236113608
v 0.0102217793 -0.817258179 0.288855672
v 0.367828608 0.873603225 -0.0149301989
v 0.424532712 0.946225584 -0.191973537
v -0.136456415 0.810192347 0.225433543
v -0.394367903 0.955142617 0.00630781241
v 0.361369163 0.946828902 0.132895738
v -0.419364482 1.0091517 -0.0159177016
v 0.432102859 1.03790915 -0.0805699304
v -0.417801142 -1.01407135 0.0287203658
v -0.122136012 -0.844124258 0.31539917
v 0.425730467 -0.926648736 -0.207419857
v 0.0921250582 0.8570714 0.587533891
v -0.301079005 -0.834526658 0.0775688738
v 0.0220343806 0.819125772 0.292241246
v -0.123606034 0.82664156 0.267388374
v 0.364331514 0.932219446 0.0817485452
v -0.169638127 0.851547122 0.288997918
v 0.352103949 0.950667739 0.189940438
v -0.279676318 -0.902231574 0.253787249
v 0.409389466 -1.01283801 -0.438608825
v -0.32547608 0.92128098 0.183688343
v 0.214589268 0.8757146 0.302352428
v 0.27101925 -0.887255728 0.22551322
v -0.380372226 -0.973448038 0.138792098
v 0.430466801 -1.02385759 -0.167181253
v -0.110027544 -0.851967394 0.355491817
v 0.384250045 -0.959468305 0.0667344332
v 0.0425857827 0.847447813 0.624371052
v 0.501467466 1.05916321 0.445277721
v 0.257935464 0.903259158 0.5294137
v -0.00906655379 0.796747744 0.246747389
v -0.140802592 -0.836208642 0.276742011
v -0.691586375 0.0522747897 0.118563443
v 0.838005006 -0.0235834792 0.347309351
v 0.866829693 -0.134954289 0.407668412
v 0.859271169 0.146060139 0.345912635
v 0.42692399 1.06860483 -0.284953266
v 0.89092654 0.255232245 0.273500651
v 0.871495783 -0.215462834 0.285372317
v -0.705768347 -0.0575191267 0.12920922
v 0.857091784 0.0959766358 0.396821618
v -0.722573638 0.208667487 0.0769931674
v -0.712404788 -0.195453465 0.0786917061
v 0.292359352 0.917224169 0.280696929
v 0.387392908 0.988070488 0.173416361
v 0.447537541 1.08194387 -0.0139485588
v 0.432530195 1.16268086 -0.27568382
v -0.284189403 0.912262857 0.284266114
v 0.378453553 -0.976749122 0.169819474
v 0.423535466 -1.11054111 -0.310504526
v -0.74085474 -0.0958947837 0.15213871
v -0.714915454 0.0971255228 0.127192914
v -0.723222673 0.244789869 0.0500938967
v 0.918878019 -0.315378129 0.208295569
v 0.0865653753 0.818792522 0.27169621
v 0.0640537217 0.829464018 0.308135897
v -0.408375204 -0.982611358 -0.00980907027
v -0.342729867 -0.926131666 0.141334653
v 0.936770439 0.332975358 0.214197651
v -0.742566526 -0.263132542 0.0459503159
v -0.63986069 -0.108829603 0.072514303
v -0.398971409 -0.0906770304 0.00879980624
v 0.15681468 -0.0851866975 -0.00020666921
v -0.40133217 0.0835963562 0.00964518171
v 0.136464313 0.0730349049 -0.000110378445
v -0.298828304 0.0786035061 0.0023521625
v -0.626580715 0.0967017859 0.0687141716
v -0.709068835 0.131101593 0.109855309
v -0.529422998 -0.074363932 0.03511931
v -0.745924473 -0.143433839 0.136633784
v -0.424111098 -0.0466560572 0.0150564648
v -0.283132643 -0.0176679026 0.0031390544
v 0.149238527 -0.0554555133 4.72718311e-05
v 0.477522403 0.0209216084 0.0258766171
v 0.0371449552 0.0490006208 -6.10417555e-06
v 0.688173234 0.0114436587 0.119806752
v -0.636190414 -0.0600314699 0.0808052272
v -0.73126924 -0.0143064233 0.158193707
v 0.848054171 0.0187705979 0.392336547
v -0.205115855 0.888643622 0.498567611
v -0.309210837 0.921151876 0.23791483
v 0.000831695332 0.840877473 0.360470355
v -0.138420418 0.855963588 0.341519624
v 0.0704127848 -0.843548059 0.3510077
v -0.409151137 1.00384569 0.0672705993
v 0.439043105 -1.06111765 -0.0480402857
v 0.263295799 -0.899170518 0.286738902
v -0.625105321 0.0585706569 0.0750490278
v 0.482318878 -0.0139128594 0.0271208193
v 0.80310303 -0.0566659234 0.250839412
v 0.0353724286 0.0137395877 9.19842549e-08
v -0.281692743 0.0178746451 0.00307315495
v 0.166895106 0.00437744567 0.000386325788
v 0.0231480189 -0.0273130648 -7.77377124e-07
v -0.507121027 0.0226158053 0.0330003165
v -0.737660527 0.069878228 0.156553075
v 0.69104135 -0.0447803028 0.11923334
v 0.849289954 -0.0913874805 0.360408694
v 0.173605025 0.0377257951 0.000326506008
v 0.0352065638 -0.06470038 -6.03612261e-06
v -0.393552452 0.999170899 0.289011538
v 0.435369968 -1.16461587 -0.263111264
v -0.0476709306 0.851951599 0.404929519
v 0.118297711 0.859541357 0.384152621
v 0.418099999 1.02608335 0.152448595
v 0.308976144 0.930448771 0.289339006
v -0.0571864322 -0.853417277 0.408648521
v 0.128055781 -0.862074256 0.38561666
v 0.321767658 -0.940285802 0.293051064
v -0.241545439 -0.898950696 0.356228203
v 0.454044938 -1.104563 -0.0433172137
v 0.41166237 -1.01703203 0.147607923
v 0.954687536 -0.37539506 0.095159851
v -0.73804462 0.314493746 -0.00980225299
v 0.154364735 -0.116576865 -0.000595272169
v 0.0303172152 0.0802513659 3.40258043e-06
v 0.45008868 -0.850335121 -0.472165465
v 0.787260592 0.0924142674 0.211531341
v 0.802084267 -0.153246865 0.200141028
v 0.0263426583 0.110156544 4.86018362e-05
v 0.0413212627 -0.0995400622 -2.0915725e-07
v 0.481090993 0.093501702 0.0209182464
v 0.691621661 0.112137921 0.103791237
v 0.688473642 -0.110192589 0.102166466
v 0.884757638 -0.206644773 0.366988987
v 0.881042898 0.210546732 0.334515452
v 0.140420482 0.159200937 -0.000983718201
v 0.08951395 0.836739182 0.69131279
v -0.415590256 0.0271378476 0.0145775601
v -0.154894412 -0.00245391345 0.000287383504
v -0.0436511151 0.0270649977 -2.10363987e-06
v -0.0849965066 0.00816385169 2.46537529e-05
v -0.623342335 0.0124845859 0.0780310184
v -0.715552866 0.0236101169 0.142303944
v 0.24724409 0.00368876965 0.00186616508
v -0.0478511974 -0.00784198567 2.20090533e-06
v -0.309005708 0.0493388362 0.00386636565
v 0.403371006 -0.000981185702 0.0132692587
v -0.187498555 0.0213617291 0.000569953409
v -0.397955835 0.0542644672 0.0111725135
v 0.62081784 -0.0462212265 0.0743666738
v 0.699253738 -0.0132719884 0.128643036
v 0.789331555 -0.00454524206 0.234043702
v 0.363422155 -0.00997882895 0.00869402848
v 0.26910457 -0.0207733233 0.00252903136
v -0.200980693 -0.00987424143 0.000804027135
v -0.419519693 -0.0115622813 0.0154653154
v 0.589989543 -0.182664633 0.0271527525
v 0.597099602 0.173528939 0.032885097
v 0.273693025 0.0625426471 0.0019347613
v 0.500873923 -0.0504198261 0.0298388526
v -0.0706958696 -0.0505936295 -2.26140473e-05
v -0.168041736 -0.0621427186 7.9009129e-05
v -0.311922967 -0.0665074736 0.00345401932
v -0.397348523 -0.0684352741 0.0102818897
v 0.482180268 0.0586550087 0.0248213001
v 0.587190509 0.0643681511 0.0565674528
v 0.257917702 -0.0514585376 0.0016879394
v 0.178747118 -0.0656088889 0.000107089916
v 0.381075859 -0.0584761277 0.0090774456
v -0.641319871 -0.0138043771 0.0880202502
v 0.582710743 -0.0584690794 0.0554780625
v 0.616635203 0.00446778303 0.0747044683
v -0.174770534 0.0529669598 0.000213350781
v -0.0819679499 0.039592281 -7.79650873e-06
v 0.250195026 0.0437573865 0.00160173699
v 0.380286634 0.0240216758 0.010224903
v 0.698168397 0.0476275533 0.124515049
v 0.485913098 -0.080109559 0.0235419758
v -0.285992533 0.143277839 -0.00148244691
v -0.385328442 0.121420138 0.0045759338
v -0.0632196069 0.102441236 -6.27762493e-05
v -0.056843441 -0.0989142507 -4.17579722e-05
v -0.290193796 -0.0977805778 0.00117665285
v -0.158370078 -0.1174931 -0.000628911948
v -0.399870872 -0.124689363 0.00546323881
v 0.40155369 -0.035498675 0.0124217775
v -0.495168358 0.0629753098 0.0273939446
v -0.0779136494 -0.0233939867 8.60864202e-06
v 0.274044812 0.0218149275 0.00271361019
v -0.534972966 0.0687499866 0.0374397449
v 0.708455145 -0.0795272663 0.126688823
v -0.505077958 -0.0300039258 0.0321619138
v 0.16614981 -0.0299590137 0.000307113834
v 0.692480981 0.156305492 0.0866025612
v 0.698051929 -0.147682324 0.0944069475
v 0.508262992 0.134014338 0.019849347
v 0.0215173792 0.166917309 0.000349540875
v -0.604106784 -0.0726445839 0.0626921803
v 0.393284798 0.0549089424 0.0105911586
v -0.203445137 0.0696791485 0.000265497132
v 0.621976852 0.0411779359 0.0754862279
v -0.266674012 -0.0674731359 0.00156814489
v -0.0873428956 0.0693660602 -6.94460105e-05
v -0.0634577721 -0.0734307244 -4.24947066e-05
v -0.184658065 -0.0350965001 0.000456123147
v 0.340749145 0.94516027 0.487483442
v 0.0220001675 -0.848231316 0.614671946
v 0.511675239 -1.078722 0.411863297
v -0.404392362 0.199108511 -0.00531749846
v -0.386254072 -0.185151294 -0.00363945542
v -0.499628127 0.0974363536 0.0243353359
v 0.371044695 0.0787828416 0.00694465311
v 0.271596551 -0.0782457367 0.00138490996
v -0.154912606 0.0848298967 -0.000204236552
v 0.251779974 0.0868020207 0.00060493045
v 0.784833968 -0.0981594175 0.205475926
v -0.522641778 -0.102748543 0.0290927608
v 0.620316684 -0.0882862881 0.0674590096
v 0.169040367 0.103253551 -0.000448856852
v 0.181639165 -0.1011464 -0.000416032068
v -0.71436125 -0.154983804 0.103003569
v -0.15544638 -0.0820559338 -0.000173488719
v 0.813815296 0.15630123 0.21721974
v 0.363256752 0.102295861 0.00462599006
v -0.164461568 0.114940882 -0.000618976832
v -0.198523447 -0.0824213102 -3.49080574e-06
v 0.60769558 -0.125174806 0.0526913814
v 0.4025065 0.109436452 0.00739692338
v 0.60385257 0.0949517563 0.0584349371
v 0.710550129 0.0837898031 0.127353758
v -0.739026308 0.166484922 0.117270797
v -0.62394762 0.145007372 0.0535784513
v -0.517368615 0.132263958 0.0222237911
v 0.388681322 -0.0916858986 0.0076547293
v 0.298659235 -0.0996970385 0.00136851158
v -0.262141079 -0.13054353 -0.00100726995
v -0.19516179 0.097515583 -0.000316026562
v -0.267192781 0.106494561 0.000183788114
v 0.613036335 0.120512046 0.0562906116
v 0.481463641 -0.119293943 0.0172186568
v -0.0688874871 -0.133682117 -8.34744424e-05
v -0.491288841 -0.126095861 0.0179160833
v 0.386891723 -0.110899791 0.0057696416
v -0.183332384 -0.100923784 -0.000410342996
v -0.408478647 0.106148243 0.00837069377
v 0.373064399 0.950038135 0.544164121
v 0.365640104 -0.950450301 0.526295304
v 0.271784395 0.116778493 -0.00020095201
v 0.253453046 -0.134084508 -0.0012402517
v -0.518728495 -0.151263058 0.0182527844
v 0.289688438 0.144012988 -0.00148607173
v 0.179341555 0.153943956 -0.00148878677
v -0.0737170652 0.136491969 -0.000115414769
v 0.0317834541 0.136697158 0.000118466713
v 0.163535923 -0.15011102 -0.00119647908
v 0.0316505544 -0.133393347 0.000105336352
v 0.37477386 0.155354887 -1.46538378e-05
v -0.415981978 0.138439536 0.00522718718
v -0.501681328 0.152410418 0.0145759312
v 0.614267588 -0.15627633 0.0455332175
v 0.0473104864 -0.185341865 0.000361865794
v 0.293292969 0.101456128 0.00109699799
v -0.180158883 0.137822703 -0.00114253082
v 0.367796719 0.126578659 0.00278127473
v 0.723649085 0.140168801 0.117775209
v -0.166013256 -0.132345065 -0.000915047713
v 0.256620347 -0.109997906 -0.0001488751
v 0.611620784 0.144815698 0.048368562
v 0.379284412 -0.13223581 0.00296078832
v 0.709690928 0.189956248 0.0802258253
v 0.710664213 -0.182733625 0.0851908475
v 0.474064708 -0.15121223 0.0101871034
v -0.0860471427 -0.165794134 -0.000205373697
v 0.483069301 0.196925849 0.000840592722
v 0.821146667 0.234991893 0.151496097
v 0.991206944 0.397057205 0.108110964
v -0.732812703 -0.315931201 -0.0135343438
v -0.606829703 -0.145208523 0.046300631
v 0.81700635 -0.21826902 0.164400935
v 0.231997356 -0.197344378 -0.00408342015
v 0.388043672 -0.176431417 -0.00224795472
v 0.468333542 -0.187055513 0.00165830704
v -0.300173521 -0.158288464 -0.00240157661
v 0.360650659 0.183107734 -0.00407216744
v 0.0165157709 -0.16373083 0.000337432575
v -0.175005287 -0.172127485 -0.00181454478
v -0.192045495 0.157735005 -0.0017634707
v 0.249785483 0.182047009 -0.00370955281
v 0.917623281 -0.294778645 0.273673058
v 0.702176154 -0.205113679 0.0659554303
v -0.639556766 0.185936317 0.0440160781
v -0.380599797 0.225141227 -0.0102953361
v 0.590456307 -0.245556667 -0.000493342406
v 0.380612671 -0.157647446 9.7185125e-07
v 0.264912516 -0.162887484 -0.00277293846
v -0.185533479 -0.148363516 -0.00143853715
v 0.468922228 0.154119208 0.00886174105
v -0.632570148 -0.172658473 0.0468450673
v -0.273246258 -0.192017421 -0.00479544559
v -0.276302904 0.18585594 -0.0044039418
v 0.173329964 0.187583342 -0.00210139831
v 0.266040236 0.159173831 -0.00255532586
v 0.0100339698 0.831444561 0.327005088
v 0.248668283 0.216343194 -0.00567957573
v 0.135023966 0.215351477 -0.00129515002
v -0.180724069 0.19799526 -0.00253992272
v -0.165555924 -0.204533324 -0.0021896034
v 0.0461655073 -0.214943647 0.000774179935
v -0.309653163 0.217394739 -0.00789421611
v 0.500972331 -0.210840404 -0.00100289437
v 0.392816305 -0.21081537 -0.00771537144
v -0.524043739 0.217792258 -0.000249996665
v -0.621857882 0.209813744 0.0258361828
v 0.943127155 0.327695101 0.278313994
v 0.700131714 0.216209412 0.0575236678
v 0.579156697 0.198643014 0.0178596117
v -0.478405684 -0.209898666 -0.00312497909
v 0.740679264 -0.234904781 0.0698270202
v -0.744216323 -0.22859855 0.0776882321
v -0.605239928 0.237624004 0.0069302367
v 0.846577823 -0.271723837 0.139649451
v 0.816424787 -0.280929893 0.0872342512
v 0.0480325148 0.232776746 0.00109574769
v 0.126566976 -0.227574334 -0.00101967494
v -0.0560129285 -0.199405745 0.000421215402
v -0.0697541535 0.191240326 0.000146778868
v 0.364940673 -0.192961618 -0.00532992836
v -0.615940273 -0.202002659 0.0275113937
v -0.510696054 -0.183162495 0.0084469514
v 0.280029029 -0.200095132 -0.00554809952
v -0.164474517 0.176833913 -0.00168312981
v -0.0921648145 0.165493786 -0.000286808994
v -0.411848247 -0.162866846 0.00124472147
v -0.412966967 0.162561595 0.00137707079
v 0.280822337 0.196086302 -0.00525270915
v 0.725789487 -0.27715838 0.0230903514
v -0.64065963 -0.226041391 0.0239474494
v 0.613758087 0.226679102 0.0148595944
v -0.745977223 0.28615272 0.0250472613
v 0.394479483 0.22654973 -0.0105892075
v 0.51439929 0.231280908 -0.00613526255
v -0.299268931 -0.221098185 -0.00794108398
v -0.0664640591 -0.227610335 0.000665218511
v 0.0312565714 -0.243458286 0.00158353511
v -0.267825395 0.2554667 -0.00935557298
v 0.0572287478 0.255800068 0.00150351343
v -0.0489614792 0.243698969 0.00133948377
v -0.189342067 0.266739398 -0.00448161876
v 0.15909034 -0.268117279 -0.00255550211
v -0.616599083 -0.247124046 0.00471022725
v 0.957621157 -0.361879855 0.171988904
v 0.745017409 0.242474452 0.0664673522
v -0.533704937 -0.21620743 0.00175073172
v 0.464522302 -0.257065535 -0.017538175
v 0.843098819 0.268071473 0.139842957
v -0.477149069 0.254497498 -0.0164582003
v 0.82696116 0.286189824 0.0916130692
v -0.503048122 0.180754885 0.00785308331
v 0.703971267 -0.249631152 0.0355255306
v 0.291860312 0.223371491 -0.00788883772
v 0.182083681 0.218319863 -0.00305618509
v -0.193222895 0.221096978 -0.00358479307
v -0.186283872 -0.232069075 -0.00355575862
v 0.0302649811 0.212042347 0.00088770577
v 0.166412175 -0.227334678 -0.00257543148
v 0.260686249 -0.236497849 -0.00753776031
v -0.271451533 0.228301525 -0.00745723909
v 0.375865787 0.205796555 -0.00709886756
v -0.488848925 0.230162174 -0.00813646708
v 0.374539942 -0.231312916 -0.0112936581
v 0.485103637 -0.233553544 -0.00946350675
v -0.71720314 0.368881106 -0.0808932558
v -0.724935114 -0.368833363 -0.0800663605
v -0.0641305372 0.221320927 0.000603813271
v -0.628438711 0.285631508 -0.0163380913
v 0.982405603 0.384308934 0.160074741
v -0.609940231 0.304835767 -0.0320065394
v 0.13837339 0.277408093 -0.00127671671
v 0.033673618 0.282770514 0.00292626885
v -0.0735051855 0.264516711 0.00132862665
v 0.060083963 -0.272000492 0.00194260327
v -0.0794372708 -0.287853569 0.00188493275
v -0.284875661 0.278084874 -0.0125728603
v -0.266177773 -0.275856614 -0.0107888607
v 0.375002623 -0.28278932 -0.0207802076
v 0.487389833 -0.283456594 -0.0262999553
v 0.480141133 0.261691242 -0.0187302586
v 0.349771321 0.280581713 -0.0183974132
v -0.404440761 0.278672755 -0.0218912419
v -0.514336228 0.280444384 -0.0249078199
v 0.732672811 0.292490155 0.0114814639
v -0.735572875 -0.286517173 0.0190114547
v 0.835452199 -0.327430695 0.0342486836
v 0.856075406 -0.312304378 0.084718436
v -0.166729525 0.238135442 -0.00273590488
v 0.354534388 -0.246842325 -0.0132696582
v -0.382061332 0.250589162 -0.0149512067
v 0.608477473 -0.222269833 0.015533776
v 0.602648854 0.248761594 0.00046224671
v -0.393216342 -0.229641899 -0.0111745931
v -0.254832387 0.90267396 0.332972884
v 0.0711746141 0.842598915 0.346943349
v 0.072848931 -0.850009024 0.377809048
v -0.626459479 0.2583085 0.000717034505
v 0.475093752 1.13090718 0.0523939282
v 0.457426429 1.19555831 -0.179827556
v -0.111513704 0.862942755 0.418993771
v 0.086277172 0.859422505 0.42704317
v 0.253141195 0.906370521 0.373954535
v 0.386842728 0.99328655 0.281127632
v 0.243777484 -0.900757074 0.362565249
v -0.302180529 -0.932367742 0.36631617
v 0.402077824 -1.00758612 0.273927361
v 0.0869857073 -0.859396636 0.425785571
v -0.117249981 -0.865278006 0.431182861
v 0.45985207 -1.20745444 -0.179177284
v 0.47140497 -1.12027693 0.0657815337
v -0.473153651 -0.260873377 -0.0185956992
v 0.379818171 0.253023893 -0.0153316259
v -0.378461272 -0.263504684 -0.0172627214
v 0.600873232 0.273149073 -0.0134796947
v -0.173915133 -0.259489685 -0.00338730961
v 0.1628436 0.244614914 -0.00261939643
v -0.620219946 -0.287085027 -0.0188041721
v 0.694706559 -0.331806332 -0.0416935645
v 0.49895519 0.296137273 -0.0313480645
v -0.298137248 -0.301288396 -0.0161892325
v -0.258052886 0.318210483 -0.0129198954
v 0.0626497865 0.313135684 0.00366262789
v -0.0683560148 0.329640746 0.0043952018
v -0.166353792 0.320450604 -0.00287353434
v 0.282154411 0.309196591 -0.015140878
v 0.172048137 0.303397447 -0.00350309955
v 0.134234741 -0.305865616 -0.00051914237
v -0.728013694 0.341816634 -0.0452125892
v -0.403172731 -0.292642534 -0.0251041763
v 0.834478796 0.313572615 0.0571084991
v 0.815513968 -0.34315443 -0.00917648897
v -0.462616742 0.327932715 -0.0411520042
v 0.272761285 0.247818023 -0.00906690396
v -0.0540478416 -0.261296362 0.00173708098
v 0.710098088 0.257001489 0.0327660553
v -0.505452931 -0.2403723 -0.0101570515
v -0.514289021 -0.27723375 -0.0235883612
v -0.28345713 -0.249399826 -0.00984698534
v 0.932269931 0.341272205 0.164764717
v -0.392402709 0.918414354 -0.0436389148
v 0.43018797 -0.933204412 -0.402399778
v -0.382054687 0.299705058 -0.0248333737
v 0.599123597 -0.304765433 -0.0330049321
v 0.252268016 0.276247442 -0.00964777078
v 0.2666412 -0.276637942 -0.0108872904
v -0.164144337 -0.283680856 -0.00290577393
v -0.158009872 0.28993842 -0.00245326478
v -0.287475616 0.302686781 -0.0151489135
v 0.363635659 -0.308075488 -0.0245694127
v 0.39337644 0.286753356 -0.0229948834
v -0.49575302 0.312085241 -0.0377438329
v -0.38586244 0.359715849 -0.0388261117
v 0.244766444 -0.336140126 -0.0121658994
v 0.15001215 -0.336668551 -0.000976640265
v -0.175249696 0.347952008 -0.00336116645
v 0.0500850752 -0.342046708 0.0059725428
v 0.0386129543 0.349268556 0.00690350542
v 1.0057404 0.411397457 0.0546269566
v -0.490711391 0.348636627 -0.0528871417
v -0.27874741 -0.334710747 -0.016886523
v -0.275214374 0.350185215 -0.0175560843
v 0.699157119 0.351163626 -0.0616499446
v -0.618167758 0.348125517 -0.0631813928
v 0.24152118 0.330868453 -0.0114951376
v 0.364926338 0.349375069 -0.0327635072
v 0.47315529 0.325473577 -0.041332189
v -0.490100026 -0.349571109 -0.0532134511
v -0.736602664 -0.343072534 -0.0444600768
v -0.611944795 -0.341382205 -0.0579319634
v 0.559854627 -0.317434222 -0.0422676131
v 0.463539779 0.292187691 -0.0287500322
v -0.0627865866 0.286269724 0.00239738496
v -0.600602806 -0.312331676 -0.0378082097
v 0.843984127 0.333170354 0.0319917575
v 0.709708571 -0.303862393 -0.00951318629
v 0.028977897 -0.302742302 0.00397138903
v 0.469141513 -0.318882674 -0.0384898484
v -0.491836965 0.295448333 -0.0309102144
v 0.612597942 -0.277290821 -0.013915522
v 0.234656572 -0.309586138 -0.00974266697
v 0.57279253 0.323133409 -0.0456069484
v 0.872080624 0.356477022 0.0114415474
v -0.387213916 -0.326974541 -0.0314415954
v -0.488402158 -0.312379062 -0.0374360867
v -0.196015254 -0.309020668 -0.00571737345
v -0.361004114 0.327417105 -0.0278900098
v -0.0339310616 0.307442129 0.00414334564
v 1.00029254 -0.415045261 -0.00686412863
v 1.00443685 0.417275459 -0.0129049234
v 0.857157111 -0.366190135 -0.0252006762
v -0.353490561 -0.393440217 -0.0387309901
v 0.600901425 0.355241477 -0.0680845082
v 0.499286741 0.355217367 -0.0570900142
v 0.591874361 -0.339295179 -0.0562457591
v -0.713123381 -0.3920044 -0.111966312
v -0.720540822 0.392931938 -0.113659069
v -0.267345726 0.402005047 -0.0191785078
v -0.141108334 0.37572366 0.00173396955
v -0.0437461212 0.381624192 0.0097887693
v 0.0753231943 0.373203605 0.00735783344
v 0.17171067 0.376795411 -0.00205100118
v 0.173276588 -0.363421619 -0.00273054931
v 0.27196312 -0.366160303 -0.0181201715
v -0.031274762 -0.381136537 0.0101433527
v 0.0659158081 -0.37428838 0.00801004376
v -0.249083742 -0.395235687 -0.0150391441
v 0.366139084 -0.345540047 -0.0322078057
v 0.489045918 -0.356587291 -0.0561555736
v 0.711509049 -0.357255399 -0.0670632049
v -0.559886813 -0.384119183 -0.0835566968
v 0.867527425 0.367837727 -0.020491492
v 0.0821247026 -0.830802262 0.303465992
v -0.166019753 -0.341679484 -0.00246305927
v -0.066933699 -0.320507824 0.00390836177
v 0.382187515 0.314271092 -0.0279707648
v -0.265859962 -0.363647491 -0.0168799311
v -0.349232286 0.38260895 -0.0358102284
v -0.0568255708 0.353624046 0.00662053982
v -0.372307718 -0.360449076 -0.0363882072
v -0.459995717 -0.377368122 -0.0594146699
v -0.474369347 0.372160792 -0.0602848977
v 0.609664679 0.30243665 -0.0304380283
v 0.708392799 0.318162143 -0.0242869835
v -0.593390346 -0.365535915 -0.0752246082
v -0.597415745 0.365649462 -0.0757064447
v 0.999199152 -0.420072019 -0.0621891655
v 1.02558267 0.428032756 -0.0637176484
v 0.16416876 -0.392891437 -0.000204375916
v 0.468502432 -0.391026109 -0.0669388846
v 0.353481591 0.408092916 -0.0413469225
v 0.259726048 0.397972465 -0.0173489582
v 0.152612314 0.409525216 0.00262692105
v -0.371777326 0.406321645 -0.0460247211
v 0.0444323644 0.398628086 0.0117140301
v -0.0599479862 0.408183992 0.0121245151
v 0.829999745 -0.394957066 -0.107973017
v 0.824160218 0.391868502 -0.102218024
v -0.484985054 -0.405572087 -0.0778246
v -0.456158251 0.398792624 -0.0669323504
v 0.70331651 -0.382599771 -0.099040471
v 0.714311957 0.382515401 -0.0989890248
v -0.0563210584 -0.354706824 0.00673094438
v -0.143996343 -0.379594743 0.0016371992
v 0.43569532 -1.05143476 -0.105206884
v 0.394117177 -0.987862349 0.113955423
v 0.990684748 0.423614651 -0.127383247
v 0.993412673 -0.424322724 -0.130355015
v 0.274092704 0.35754028 -0.0179044493
v -0.258767575 0.377728313 -0.0163272694
v 0.364799351 -0.397345781 -0.0423192531
v 0.595722854 -0.391297668 -0.0957206488
v -0.169357747 0.404663205 -0.000272622041
v 0.37452206 0.382237136 -0.0415364504
v 0.467975616 0.394067556 -0.0680904314
v 0.583254039 0.383526653 -0.0873714164
v -0.0655257627 -0.400884181 0.010880678
v 0.795824111 0.420357883 -0.17260021
v -0.382370263 -0.418177515 -0.0517234579
v -0.164494336 0.437818408 0.00319666043
v -0.162041143 -0.423205882 0.002286684
v 0.969677091 0.425702482 -0.189325169
v 0.978899598 -0.426152349 -0.185515076
v -0.470734 0.427652955 -0.0836045146
v 0.645452321 -0.433552414 -0.15098311
v 0.544460833 -0.441942632 -0.119373463
v 0.133753434 0.436899066 0.00817567855
v 0.240266994 0.432502389 -0.0133457417
v 0.450974584 0.459259063 -0.0895875394
v -0.275280803 0.427633256 -0.0222015698
v 0.0285261739 0.431350559 0.0169192236
v -0.282031804 -0.424560368 -0.0238437001
v 0.0288175922 -0.436576366 0.0177609604
v -0.600105107 -0.396467388 -0.100888789
v 0.242223695 -0.436013222 -0.0137917576
v 0.126034364 -0.441690803 0.0099126827
v -0.0871138424 -0.853728235 0.385847628
v 0.166220561 0.342968136 -0.00245439354
v 0.258110225 -0.404471606 -0.0172160324
v 0.277246445 0.914673686 0.327660948
v 0.460892916 -1.11048591 0.0100179361
v 0.401131511 -1.00691664 0.211820602
v -0.0643263012 0.859644711 0.467465043
v 0.136812866 0.870634079 0.448218405
v 0.308507264 0.936280131 0.388518363
v 0.438025594 1.04329979 0.272014052
v -0.385440052 -0.991010368 0.318884254
v -0.060773503 -0.859130502 0.464098692
v 0.141656369 -0.871713936 0.447379321
v -0.259240508 -0.911032915 0.433721125
v 0.440392613 -1.04871655 0.247683734
v 0.166654378 -0.43166405 0.00223280909
v 0.448756665 -0.420428038 -0.0732349753
v 0.333003908 0.438582361 -0.039987728
v 0.4481951 0.42398259 -0.0744312033
v 0.559154868 0.415699571 -0.105537519
v -0.0665268973 -0.424404889 0.0138897756
v -0.669300914 -0.441518039 -0.170911804
v 0.53829515 0.447299093 -0.120629609
v 0.68531549 0.43087548 -0.161881298
v -0.669387758 0.45433116 -0.189697623
v -0.559186697 0.468583137 -0.146936089
v -0.357620597 0.458954781 -0.0516203903
v -0.454589963 0.463105112 -0.0927787945
v 0.433296174 -0.456687897 -0.0811057314
v 0.35445866 0.473655045 -0.0528203435
v -0.5622648 -0.466437757 -0.146742478
v -0.261036783 -0.46016106 -0.0187807158
v -0.449223548 -0.467700094 -0.0922694653
v 0.0479327627 0.463899523 0.0218043178
v 0.0489326045 -0.470622629 0.0230887402
v 0.2367125 0.468805373 -0.0113590844
v 0.154515877 0.471182078 0.00910524186
v -0.350839585 -0.482640564 -0.0526926927
v 0.844762862 -0.381265283 -0.0689049736
v 0.82891643 0.370990634 -0.054180406
v 0.343102723 -0.44222793 -0.0437941924
v 0.573784888 -0.366553515 -0.0737604871
v -0.256071836 0.460619539 -0.0172912907
v -0.0649088994 0.448662162 0.0178136192
v -0.0723001063 -0.447927117 0.0170806199
v 0.2512407 -0.46655798 -0.0157354828
v -0.681883872 0.419955552 -0.145391002
v -0.689078808 -0.418923497 -0.145888105
v 0.554217219 0.474699825 -0.149344221
v 0.67738086 -0.445162684 -0.179861575
v 0.555151939 -0.471775383 -0.147432536
v -0.629664242 0.496467531 -0.225150153
v -0.436003238 -0.507446766 -0.101110011
v 0.97680068 0.428706765 -0.254747838
v -0.625429988 -0.504061341 -0.232734859
v 0.269047171 0.501084745 -0.0207845829
v 0.163156718 0.500958681 0.0119485874
v 0.0615137853 0.495871603 0.0276945457
v -0.248390093 0.535625696 -0.0102917477
v -0.2374167 -0.529584527 -0.00665250095
v 0.446628988 -0.494763941 -0.102055609
v 0.263413489 -0.498518139 -0.0187874623
v 0.800620079 -0.434932381 -0.214256555
v 0.827659249 0.434906453 -0.226665869
v 0.83081311 0.409048021 -0.144480035
v 0.818707764 -0.416259736 -0.164584398
v 0.0460589305 -0.409972548 0.0130945584
v 0.673819542 0.407054335 -0.12672098
v 0.563094556 -0.413428843 -0.105039105
v 0.689653575 -0.410026997 -0.133736357
v -0.156744763 -0.471330136 0.00867779087
v 0.158151031 -0.475903302 0.00904806703
v -0.245658726 -0.493801504 -0.0128010558
v 0.343970299 -0.491847962 -0.0509878248
v -0.432076544 0.50786835 -0.0990172252
v -0.343185484 0.511572778 -0.0529637113
v -0.0353838913 -0.501729071 0.0310296044
v -0.149751857 0.468348205 0.00962912664
v -0.64425844 -0.47380802 -0.203185275
v 0.655732751 -0.477731496 -0.217282802
v 0.634376645 0.492914498 -0.223850876
v 0.158348456 -0.523391604 0.0174958631
v 0.348892808 -0.538540721 -0.0588232651
v 0.434812933 0.53859067 -0.112081341
v 0.0491167419 0.532226503 0.0385931097
v -0.140920907 0.530198991 0.0233248807
v 0.140433699 0.529625714 0.0233000424
v 0.260097712 0.540021241 -0.0147635695
v 0.917515695 -0.435395837 -0.33185637
v -0.51628679 0.525520504 -0.164137334
v 0.933168054 0.432648301 -0.30613178
v -0.563203216 0.441178769 -0.12637791
v -0.570506692 -0.430768043 -0.12083061
v -0.4662458 -0.438724697 -0.0869585574
v 0.200633109 0.863295019 0.654554069
v -0.411127985 1.01819873 0.206630081
v -0.414985985 -1.02264273 0.182688326
v 0.288771689 -0.919427693 0.309486538
v -0.150801152 0.496308476 0.0139460135
v -0.246003449 0.497862935 -0.0126620336
v -0.0552244857 -0.472256571 0.022987105
v -0.333816499 -0.517641306 -0.0490130223
v -0.135346279 -0.51037097 0.0200255606
v 0.0644640401 -0.507540226 0.0302882623
v 0.536261022 0.507906675 -0.165286854
v 0.767665446 0.45329091 -0.249526903
v 0.773655772 -0.456493884 -0.264795631
v -0.0467933789 0.495081753 0.0286806598
v 0.531836331 -0.510442674 -0.164161921
v 0.352269769 0.516855359 -0.0580901243
v 0.452539593 0.497672588 -0.106528491
v 0.603908539 -0.533382177 -0.25470987
v -0.586223841 0.543393731 -0.248392448
v 0.137022242 -0.56339395 0.0334008411
v 0.0366689302 -0.547876239 0.0445499681
v -0.247925788 -0.569203675 -0.00554954167
v 0.418571591 -0.595606029 -0.118866257
v -0.425908029 -0.547268271 -0.109019555
v -0.348194152 -0.557447135 -0.0601967089
v 0.0680237338 0.564535975 0.0473002195
v -0.0339216255 0.570889831 0.0530701131
v -0.224561736 0.565384507 0.00412140973
v -0.403510779 0.594674289 -0.105619371
v 0.342002869 0.563893199 -0.0568768568
v 0.169431195 0.561542094 0.0235175043
v 0.861138821 -0.449396759 -0.398787379
v 0.75800091 0.46886301 -0.290597439
v -0.363848418 -0.450164318 -0.0523337945
v -0.583986223 0.415783972 -0.113009721
v 0.416376173 1.02421045 0.211961299
v -0.52637279 -0.499879509 -0.152301028
v -0.528336525 0.491846919 -0.14759551
v -0.249194369 0.906714201 0.432220906
v 0.0960571691 0.864077449 0.49832803
v 0.240996733 -0.903204143 0.423111945
v 0.0972002149 -0.864283323 0.487404704
v -0.496082097 0.576384544 -0.183065146
v 0.323104978 -0.574495435 -0.0455865785
v -0.0571425259 -0.535258353 0.0387863629
v 0.505608439 -0.546230316 -0.170479834
v 0.428568363 -0.541669607 -0.108923011
v 0.25080061 -0.533706427 -0.0114784567
v 0.696056306 -0.513692677 -0.350368947
v -0.32123968 -0.605220377 -0.0435441062
v -0.557757735 -0.590979517 -0.27631408
v 0.494288713 0.598088264 -0.196947753
v 0.838958919 0.456588 -0.430775195
v 0.0579532161 -0.595052242 0.0607523695
v -0.142461479 -0.58580792 0.0392770469
v 0.150616333 0.595088542 0.0400903486
v -0.0479037836 -0.569132447 0.0512694083
v 0.0424886681 0.595950842 0.0628248751
v -0.484470338 -0.600646079 -0.187355205
v -0.240005121 0.606913209 0.00611073989
v 0.419305146 0.595519722 -0.119489305
v 0.499651253 -0.579565406 -0.189116448
v 0.654100835 0.462994516 -0.193830431
v 0.954153597 -0.429526031 -0.26077944
v 0.230303556 -0.569794059 0.00252684648
v -0.410215318 -0.588180065 -0.109574422
v -0.588279366 -0.547330439 -0.256545871
v 0.252623886 -0.603902757 -0.00134444947
v 0.591429055 0.551326692 -0.266688138
v 0.675340891 0.530320883 -0.365252286
v -0.158320591 -0.546697736 0.0229488127
v 0.247420624 0.589384496 -0.00165087159
v 0.490547508 -0.620563924 -0.209329247
v -0.0371849872 -0.606124699 0.0679734275
v 0.767977476 0.487056851 -0.482287318
v 0.557020187 0.595661044 -0.281991243
v 0.395364523 0.647463143 -0.108659633
v 0.302562296 0.624317408 -0.0286901258
v -0.554570794 0.597096801 -0.279941201
v 0.158581018 -0.614212036 0.0446845964
v -0.38575092 -0.674028993 -0.10138765
v -0.522522986 -0.637933969 -0.278044254
v -0.0569424853 0.597431123 0.0619271845
v -0.152980581 0.612925172 0.0461483784
v -0.327832699 0.623045802 -0.0473000519
v -0.472252309 0.619871616 -0.185336962
v 0.73441273 -0.485828251 -0.318608105
v -0.328336716 0.550865352 -0.0482131802
v -0.424833894 0.554017782 -0.110544622
v -0.0397344418 0.539818048 0.0416870043
v -0.456561059 -0.647934437 -0.181360081
v -0.391925305 -0.634063005 -0.103021637
v 0.3405388 -0.622394741 -0.0571606681
v -0.123380952 -0.622342467 0.0596928522
v 0.333675295 0.611000896 -0.0521930568
v -0.324610591 0.5910393 -0.0463421084
v -0.135934919 0.572296619 0.03651838
v -0.229037359 -0.609507442 0.0124517987
v 0.753672004 -0.493177503 -0.514015257
v 0.467151612 -0.659544826 -0.203397632
v 0.7151981 0.515072644 -0.538748682
v 0.248428047 -0.64789623 0.013106009
v -0.038482666 -0.642667115 0.0871724859
v 0.0658255517 -0.63821888 0.0810263604
v -0.215759188 -0.646452725 0.0318410322
v -0.305044562 -0.65266639 -0.0258768182
v 0.0609603859 0.635844886 0.0804738551
v -0.138321787 0.64756608 0.0673354194
v 0.149598777 0.640616775 0.0597013347
v -0.519688904 0.644004703 -0.280332357
v 0.649862707 -0.554626405 -0.390722424
v 0.622411847 -0.507130504 -0.234516546
v -0.509619951 -0.549299836 -0.176260069
v 0.728348255 0.493213147 -0.336665958
v 0.238347039 0.638356805 0.016096171
v 0.490362346 1.13713825 0.12945579
v 0.285431623 0.922028542 0.453644931
v -0.0178863257 0.857300222 0.510210693
v 0.480628341 -1.08904231 0.270590246
v 0.400936067 -0.651885748 -0.115398057
v 0.320685029 0.662734509 -0.0370578989
v -0.445923626 0.675554335 -0.180149421
v -0.392224789 0.645052612 -0.10502211
v 0.550948918 0.620377243 -0.310123742
v -0.0478910841 0.627728522 0.0778002664
v 0.682986736 -0.538820863 -0.527700782
v 0.474568546 0.642902911 -0.203359023
v 0.513782203 -0.668295622 -0.300823331
v -0.489328533 0.695211768 -0.27598995
v 0.402400196 0.685793698 -0.122971088
v 0.621534169 0.58117044 -0.403804988
v -0.145863876 -0.655774653 0.0689224824
v 0.0406605974 -0.665934443 0.101554699
v 0.442631662 -0.707742035 -0.189847589
v -0.327961773 -0.701662958 -0.0362001508
v -0.365797669 0.739436924 -0.07394097
v 0.516467035 0.55187428 -0.184512198
v 0.62218523 0.523824573 -0.26089859
v 0.887259066 0.442058384 -0.368027419
v 0.324729174 -0.667191923 -0.0399016961
v 0.150079772 -0.661597192 0.0704579204
v -0.213987559 0.692352355 0.0545558929
v 0.524209678 1.11200142 0.348213494
v 0.496842057 -0.714190543 -0.324253321
v -0.224111408 -0.713160336 0.0598503314
v -0.0456746668 -0.680940449 0.111473441
v -0.141724586 0.71499294 0.1098928
v -0.490733862 -0.692085028 -0.275789917
v 0.578592837 -0.627452493 -0.417626947
v 0.3901757 0.722025156 -0.109730601
v 0.452598184 0.73773396 -0.226434886
v -0.471757442 0.734007895 -0.272519439
v 0.415840149 -1.0671314 -0.362391591
v 0.579834878 -0.576038599 -0.289291054
v 0.382235318 -0.697214246 -0.0984508321
v -0.0191921722 0.656411827 0.0970503539
v -0.123248301 0.674880743 0.0885342732
v 0.292892277 -0.903417468 0.597210944
v -0.366627306 -0.712907553 -0.0784141421
v 0.258686215 0.691227376 0.022480892
v -0.240622759 -0.681272686 0.031251993
v 0.235093266 -0.69203335 0.040232487
v 0.170355663 0.678685486 0.0712266862
v 0.453084081 0.690999448 -0.199523866
v 0.339371651 0.703781068 -0.0478732474
v 0.377101153 -0.747346938 -0.0892517716
v 0.46972543 0.771013141 -0.311964035
v 0.0554659292 -0.731220365 0.153138191
v 0.146249831 -0.703483284 0.0989761055
v 0.0394998416 0.702583909 0.129272118
v 0.306823969 -0.767819822 0.0141548077
v -0.242742255 0.723394871 0.0518676229
v -0.430054039 -0.740901649 -0.179689839
v 0.366359532 0.743580222 -0.0740251467
v 0.562956512 0.646225154 -0.57809329
v -0.428223372 0.738066077 -0.175191984
v -0.302953482 0.677703023 -0.0184932575
v 0.546802223 -0.61895293 -0.298984617
v -0.227895007 0.653781295 0.0278216824
v -0.375958323 0.691500962 -0.0907251313
v -0.337285042 0.951381445 0.420501828
v -0.307775021 0.64742744 -0.028980419
v 0.43059206 -1.02788746 0.333746344
v -0.20033893 -0.887255847 0.497589856
v 0.294080973 -0.923452616 0.482519776
v 0.309946924 -0.715728343 -0.0134758241
v -0.13626942 -0.688813984 0.0928676724
v -0.040550489 -0.715274215 0.140263066
v 0.424865425 0.783206046 -0.18102929
v 0.301218748 0.709513068 -0.00700778933
v -0.299805909 0.712019861 -0.00470452057
v 0.469243288 -0.765567005 -0.301943213
v -0.0566090792 0.676254392 0.106489867
v -0.293599248 -0.792609394 0.0480705239
v -0.0318479352 -0.745176554 0.171722054
v 0.170381442 0.759120703 0.134118959
v 0.153664783 -0.734899759 0.120808706
v 0.238909468 0.732424676 0.0607722886
v 0.31828016 0.785383105 0.00986776222
v 0.0661096275 0.74151957 0.161558464
v 0.424635381 -0.835992515 -0.192474782
v 0.487708271 -0.767603695 -0.4610686
v 0.0724937096 0.671989322 0.100629926
v 0.801273704 -0.471347153 -0.461584419
v 0.519287348 0.670841157 -0.3193973
v -0.436439157 -0.694208264 -0.173668504
v -0.412163973 -0.792318106 -0.152460799
v 0.233216196 -0.74131465 0.0716977641
v -0.265130401 -0.748544335 0.0479136519
v -0.0471490435 0.735102355 0.158613101
v 0.496738374 0.7506935 -0.461857468
v -0.428885698 0.851468563 -0.212303951
v -0.0821539238 0.755712211 0.173082083
v -0.18972078 0.788546026 0.153085589
v 0.614295065 -0.593631804 -0.436222464
v 0.0588783175 -0.702626884 0.126321107
v 0.568169832 0.643412352 -0.439905465
v 0.483529687 -1.12918854 0.117519014
v -0.283685356 -0.690045178 0.00181579706
v -0.219782978 -0.744455636 0.0850078091
v -0.131507158 -0.72549355 0.123339623
v -0.352342725 0.82171452 -0.0216138139
v -0.377942383 0.851072788 -0.0573250353
v 0.330898076 -0.796148002 -0.00170153973
v 0.374866426 -0.980744243 0.355224937
v 0.168340012 -0.784375489 0.164357051
v 0.410724431 0.894667327 -0.134840757
v 0.360091656 -0.844439149 -0.0213921312
v 0.24889788 -0.788530886 0.0971053392
v -0.391648799 -0.867050171 -0.0840160847
v -0.205279052 -0.794574618 0.147067606
v -0.288760006 0.829929233 0.0912833661
v 0.394571066 0.997158349 0.338308394
v -0.104686901 -0.865264535 0.504495621
v -0.296809852 0.922163248 0.503134251
v -0.132175267 0.860649407 0.601503074
v -0.366658717 -0.765150249 -0.0699503496
v 0.149409965 0.721350133 0.111374483
v -0.289900362 0.800737917 0.0597933345
v 0.445093393 -0.817449808 -0.260867953
v 0.422983885 0.881749272 -0.191506028
v 0.336092591 0.818288803 0.00488384254
v 0.432982087 0.8799299 -0.5182212
v 0.207293093 -0.820826292 0.18195425
v 0.415953577 0.945975125 -0.126577646
v 0.055950515 -0.778858781 0.210796833
v -0.338277787 -0.890805781 0.08008755
v -0.745044529 0.120026052 0.147011265
v -0.742604077 -0.0597752184 0.164180547
v 0.854870498 0.0272567347 0.439104944
v -0.207365483 0.775679171 0.123663321
v -0.12005417 -0.761546254 0.165076584
v 0.562651157 -0.647952735 -0.569808304
v 0.639474213 0.572435677 -0.548704922
v -0.745314837 0.0250882506 0.172588319
v 0.853996873 -0.0449226461 0.421217173
v 0.261748791 0.805704176 0.100294955
v -0.298739016 -0.86644882 0.125347599
v -0.403332174 0.839177012 -0.127459541
v -0.384539306 -0.90185225 -0.0345557556
v 0.876354456 0.170629546 0.404259831
v -0.0797202662 0.799406886 0.236433983
v 0.419022173 -0.957622886 -0.135698229
v -0.411606312 -0.932807982 -0.113839336
v -0.341139585 0.908313632 0.10426186
v 0.627718687 -0.583870709 -0.538563728
v 0.43459031 -0.758037388 -0.195585921
v 0.912157059 -0.270545602 0.339106172
v 0.916965127 0.278845578 0.339621454
v 1.00488162 -0.403501481 0.137677222
v 0.0826309249 -0.75945735 0.177400157
v -0.755934954 0.247941554 0.0696210638
v 0.962083817 -0.353429437 0.25494647
v -0.757383764 0.210279256 0.103476144
v -0.75126636 -0.190878034 0.112526737
v 0.0365545824 0.856422305 0.547384679
v 0.0652960613 -0.858973622 0.539272964
v 0.260235369 0.836675465 0.141538441
v -0.123410977 -0.795297921 0.208782345
v -0.342928112 -0.74453795 -0.0419456996
v -0.214083388 0.731946766 0.0798424557
v 0.423179507 -0.909519613 -0.512856841
v -0.0853071585 0.784121633 0.209589571
v 0.339412272 -0.900888979 0.0946158543
v -0.332516134 0.87376672 0.0679966211
v 0.00481652794 -0.790496409 0.235989466
v -0.770546913 0.043443732 0.201608032
v -0.770546913 -0.0434439778 0.201608002
v 0.860695481 0.0686809123 0.49465543
v 0.860695481 -0.0686807483 0.49465546
v 0.887930691 -0.198806465 0.459410787
v -0.776695967 -0.127505526 0.18002449
v 0.88793081 0.198806703 0.459410667
v -0.776695907 0.127505079 0.180024683
v -0.409043819 -0.958377182 -0.067053169
v 0.145789221 0.836908996 0.274071485
v -0.78633517 -0.203769863 0.138521343
v 0.936301827 0.30858922 0.391082108
v -0.786335111 0.203769475 0.138521671
v 0.936301887 -0.30858922 0.391082436
v -0.794783175 -0.269156575 0.0803128108
v -0.794783115 0.269156218 0.0803131834
v 0.994761825 0.388761073 0.293860137
v 0.994761527 -0.388760716 0.293860823
v 1.04940665 -0.435653925 0.17371203
v -0.796469748 0.323254764 0.00994494185
v -0.796469688 -0.323255181 0.00994428899
v 1.04940724 0.435654283 0.173711002
v -0.786318779 0.368490905 -0.0670172721
v 1.08611953 -0.451916486 0.0380162448
v 1.08611977 0.451916575 0.038015116
v -0.786318541 -0.368491352 -0.0670179576
v -0.309328705 -0.741125226 -0.00262708915
v -0.464204133 -0.73559159 -0.253450006
v 0.333321273 0.858186543 0.0467538908
v 1.09327161 -0.446045786 -0.104877718
v 1.09327161 0.446045756 -0.104878858
v -0.761071563 0.409626842 -0.144369408
v -0.761071324 -0.40962714 -0.144369826
v -0.720251679 -0.452685714 -0.215698078
v 1.06398785 0.430826336 -0.246159449
v -0.720251977 0.452685356 -0.215697631
v 1.06398797 -0.430826485 -0.246158376
v 0.360168397 0.893150806 0.0271385573
v 0.0534126759 0.797045588 0.240655214
v 0.310243875 -0.89969933 0.166882515
v 0.342071623 0.893608391 0.0751499757
v 0.415364742 1.0309124 -0.386643261
v 0.997550368 -0.420951366 -0.377083212
v 0.997549534 0.420951366 -0.377084136
v -0.666540861 0.503518164 -0.274825037
v -0.666540504 -0.503518522 -0.274825454
v 0.899672091 -0.430265903 -0.489504844
v -0.605448663 -0.5663203 -0.316247612
v -0.605448902 0.566320062 -0.316247493
v 0.899671316 0.430266023 -0.48950541
v 0.377333909 -0.886822283 -0.0278724376
v 0.781596005 0.46913746 -0.57636112
v -0.544324756 -0.642415047 -0.335528076
v -0.544324934 0.642414868 -0.335528046
v 0.78159678 -0.469137073 -0.576360822
v -0.425265223 -0.846474409 -0.196792662
v -0.490879059 0.729592979 -0.329626769
v -0.49087888 -0.729593396 -0.329626858
v 0.658168733 0.542434633 -0.632096052
v 0.658169568 -0.542433977 -0.632095933
v 0.277854174 0.873069465 0.176971331
v 0.151086137 0.872410893 0.532192588
v -0.184699327 0.840071857 0.24239549
v -0.381849617 -0.959506929 0.0786990672
v -0.36989823 0.956131756 0.12580429
v 0.426740885 0.998912811 -0.156112984
v 0.424984038 -0.995688736 -0.336952001
v 0.416825593 1.11316466 -0.345489562
v -0.275612682 0.891515136 0.227767348
v -0.0570545681 -0.839951098 0.344146043
v -0.0157088265 0.834816456 0.337335944
v 0.220149517 -0.872062266 0.278985977
v 0.436932296 1.11392033 -0.227257803
v 0.504409075 0.727081895 -0.562109709
v 0.545235276 0.6484887 -0.652992964
v 0.545236111 -0.648487687 -0.652993143
v -0.451509893 -0.822178006 -0.297140658
v -0.451510072 0.822177172 -0.297140926
v 0.470947474 -1.02814686 0.471293598
v 0.456834108 -0.779228568 -0.637389064
v -0.429781199 0.911848009 -0.238440052
v -0.429781139 -0.911848307 -0.238439783
v 0.456833541 0.779229641 -0.637388945
v -0.425376713 -0.989099324 -0.155685976
v 0.402689129 -0.921473563 -0.585769534
v -0.425376654 0.989098907 -0.155686766
v 0.40268892 0.921474278 -0.585769057
v 0.428861439 0.839154601 -0.208413497
v 0.386462241 1.05914068 -0.50072974
v 0.386462331 -1.05913997 -0.500730097
v -0.433782399 1.04506791 -0.0527379997
v -0.433782518 -1.04506826 -0.0527373254
v 0.0756937489 -0.070972167 -5.74802471e-05
v -0.553576648 -0.0037434462 0.0477423407
v 0.728039622 -0.0324533135 0.153450564
v 0.775226295 -0.0491543338 0.207060084
v 0.120737165 -0.00737957703 0.000103871309
v -0.323146313 0.0135783525 0.00539793074
v 0.0701904222 -0.029375108 -2.4523348e-07
v 0.514309585 -0.0233085193 0.0349289924
v 0.575853765 -0.0133426376 0.056001965
v 0.121923707 0.0350202322 5.65486152e-05
v 0.525516152 -0.104671001 0.0295184795
v 0.812055051 -0.10297709 0.249311909
v 0.724977255 -0.121624134 0.127115577
v 0.856883883 -0.157382607 0.321640491
v 0.730202615 0.112058461 0.135712221
v 0.780444086 0.130958468 0.183093205
v 0.818176031 0.111939371 0.256591201
v 0.572034419 0.114062376 0.0417996757
v 0.0792805851 -0.113979779 -0.000140827935
v 0.0749999732 0.113366716 -0.000118470569
v 0.195846483 0.852789104 0.259590447
v 0.254362762 0.880148113 0.239665568
v -0.205763847 -0.865983129 0.283379495
v 0.0697426647 0.153043568 -5.56498708e-05
v 0.0683048144 -0.155695871 -3.45943336e-05
v 0.780128598 -0.171357349 0.156912819
v 0.516776443 -0.143953934 0.0195381083
v 0.739992023 -0.161470339 0.121067844
v 0.839435577 -0.203756765 0.219234139
v 0.788327098 0.17258957 0.166301861
v 0.824508309 0.206631675 0.188650832
v 0.744484603 0.172615886 0.118485272
v -0.603827417 -0.0220318194 0.0678875744
v 0.774277806 0.0349273197 0.208224669
v -0.545672953 -0.0416718945 0.0434581153
v -0.381204695 -0.0323634967 0.0101206182
v 0.579458058 0.0281289723 0.0568432473
v 0.809211612 0.057872992 0.262453169
v 0.833745241 0.0417571142 0.328606367
v -0.594820619 -0.172661886 0.0324358083
v 0.14200896 -0.180348188 -0.0012355845
v -0.649073124 -0.146786749 0.065015614
v 0.122538842 0.188768253 -0.000857646519
v -0.316428632 -0.188468188 -0.00503323972
v -0.317854345 0.173682764 -0.00358902453
v -0.543277025 0.158420637 0.0220628008
v -0.415301293 -1.01854086 0.098015435
v -0.412220299 1.0165503 0.129271924
v 0.44073981 -1.06384492 0.00578733627
v -0.103500761 0.85528034 0.377968639
v 0.204801515 -0.878734231 0.335663587
v 0.250922054 0.895071685 0.302198619
v 0.437120646 -1.09103072 -0.204856306
v 0.448309362 -1.10111475 -0.101658538
v 0.405065715 -1.17598581 -0.386813462
v -0.44680655 -1.07338524 0.0650627911
v -0.446806401 1.07338524 0.0650620088
v 0.405065984 1.17598617 -0.386812866
v 0.903063297 0.289544255 0.229924366
v 0.0495145358 0.184913903 0.00033610774
v -0.514992714 0.32795015 -0.0459921397
v 0.456037015 0.355534852 -0.0503450558
v 0.182100534 0.0785843432 -4.54703368e-05
v 0.238491982 0.138202488 -0.00145950587
v -0.308108002 0.110222556 0.00112055254
v -0.207557335 -0.214826107 -0.00397321116
v 0.443218797 0.187627867 -0.000838218257
v 0.873797834 -0.355285287 0.0161460973
v 0.510501564 0.0363923647 0.0332699604
v 0.155694798 0.128899649 -0.000776484085
v -0.136977732 0.869200349 0.536982656
v -0.479251742 0.119401649 0.0167944431
v -0.591088593 0.268439472 -0.0124223623
v -0.151001438 0.211932078 -0.00180407288
v 0.0622850172 0.0750509575 -4.21659679e-05
v -0.691709459 0.26413241 0.018440308
v 0.631670535 0.0861499757 0.0736595988
v 0.685919404 -0.27139771 0.0103518637
v -0.216891199 -0.127893329 -0.00106826529
v -0.311844796 -0.125561357 0.000253498292
v 0.289440185 0.000171261359 0.0035103499
v 0.131807119 -0.406540215 0.00521293003
v 0.785719037 -0.217214555 0.125740707
v 0.627459943 0.198841542 0.0331107751
v 0.816876173 0.347627103 -0.0161383916
v 0.51863873 0.074485831 0.0320977271
v 0.47332108 0.229321107 -0.0089744851
v 0.235521525 -0.0686282367 0.000765899837
v 1.00239193 -0.408721209 0.063561298
v 0.620213747 0.326999098 -0.0468451306
v -0.0794730186 0.301574051 0.00243364461
v -0.20730567 0.182597235 -0.00282007665
v 0.81154561 0.3006486 0.0547358207
v -0.148295552 -0.31734404 -0.00133274891
v 0.744815052 -0.349096477 -0.0499754585
v -0.25126943 0.29176414 -0.0105269877
v -0.62897557 0.326453924 -0.045828484
v 0.392923921 0.942801476 -0.0106455702
v -0.589703739 0.109604873 0.0493342839
v 0.293925524 -0.130431861 -0.000533051963
v -0.655063033 0.268270642 0.00216040434
v -0.140510201 0.255068243 -0.00154270348
v 0.637292624 0.43402645 -0.148492843
v -0.596932888 -0.107038692 0.0528275073
v -0.277842075 0.919039726 0.374579668
v -0.491159976 -0.084405832 0.0241799839
v 0.242539734 -0.0346122459 0.0015197061
v 0.410374612 0.146965578 0.00351530244
v -0.0970879793 -0.247224957 0.000183930271
v -0.373678923 0.0297568012 0.00939347874
v -0.263373852 0.0479305275 0.00193078187
v -0.415761709 0.231088638 -0.0114024729
v 0.691840589 -0.221027061 0.0497049168
v -0.432851195 -0.116219252 0.0100979246
v -0.567891061 0.385618836 -0.086114198
v -0.64097023 -0.266608685 -0.000732053537
v -0.692318797 -0.325412691 -0.0357607044
v 0.61936754 -0.362335593 -0.0747704729
v -0.540123582 0.190131262 0.0118056033
v 0.974935949 0.369684935 0.230219215
v 0.946885586 0.377641171 0.0640528947
v -0.433799177 0.0557435378 0.0160210505
v 0.401495248 -0.0784076527 0.0100653237
v 0.086975731 0.206752062 -2.78624138e-05
v -0.433558047 -0.141034737 0.00668214541
v 0.346586466 -0.169017866 -0.00267692492
v -0.595927477 -0.265261203 -0.00985793676
v 0.374919772 0.432623804 -0.0526121669
v 0.626076043 -0.204291672 0.0299996454
v -0.707742035 -0.108449891 0.117433898
v 0.341044366 -0.265029699 -0.0153353931
v -0.369941056 -0.105592914 0.00485820649
v 0.276305974 0.463874757 -0.0235520899
v -0.580383003 0.326397628 -0.0476201437
v -0.551550567 0.100714654 0.037741363
v -0.374755114 0.0651536062 0.00809640996
v 0.37673673 -0.471774518 -0.0616773926
v 0.432190865 0.735437989 -0.181959987
v 0.685754895 0.273926854 0.00827098638
v -0.534368157 -0.121801451 0.0286151133
v -0.532972634 -0.455973446 -0.124354646
v -0.315495014 -0.552526295 -0.0411693491
v 0.878954113 0.393981189 -0.0838836879
v 0.627493143 -0.177438721 0.0426963903
v -0.521627069 -0.333244592 -0.0490573011
v 0.513148308 -0.183275595 0.0088297911
v -0.043458309 0.0653662086 -1.32972045e-05
v -0.0514800809 0.164947018 0.000157322705
v 0.472850949 -0.455657572 -0.0974364355
v 0.749607563 -0.29081887 0.022135634
v -0.0327945314 -0.111698017 3.81546997e-05
v -0.481557131 0.204440594 -0.00133100583
v -0.69706732 0.314637423 -0.024007624
v 0.50992167 0.172961131 0.0110703837
v -0.394467086 0.431128085 -0.0587582476
v 0.808599472 -0.253991455 0.112862431
v -0.527908087 0.253982604 -0.0133238146
v -0.375691682 0.148047432 0.000922516454
v 0.303125322 0.0421190523 0.00373573578
v -0.678789794 -0.374938399 -0.0893927291
v 0.356508464 -0.0728455111 0.006075799
v -0.502142727 0.400906265 -0.0802216306
v 0.0164197683 -0.339559168 0.00655966671
v -0.0407343097 0.127294347 5.19988134e-05
v -0.214335799 -0.159677789 -0.00213414547
v 0.961785018 0.409377813 -0.0632816777
v 0.399495095 -0.360941529 -0.0417441837
v -0.184649065 -0.37513414 -0.0039231116
v 0.279578656 -0.32269147 -0.0159969088
v 0.590347588 0.438957363 -0.135381535
v 0.873592615 0.324533492 0.0849233195
v 0.295205086 0.0810149461 0.00210381486
v 0.339235425 -0.335472554 -0.0260766391
v 0.343511969 0.057111498 0.00581865339
v 0.463513285 0.121114492 0.0138277551
v 0.559525847 -0.391223371 -0.0883188024
v 0.56503433 -0.560924888 -0.245891169
v -0.583209574 0.0760689527 0.0532407872
v 0.101631746 0.838320792 0.31336394
v -0.0656030551 -0.379032344 0.0084899785
v 0.0875131413 0.00864213146 2.7613527e-05
v 0.345029444 0.167297766 -0.00252271979
v -0.379533559 -0.14904137 0.00102478336
v -0.0911731645 -0.0940162987 -0.000146812075
v -0.322092921 0.48533237 -0.0411125757
v 0.113921613 0.13859795 -0.000479198934
v 0.74439013 0.339360178 -0.037394926
v 0.301118016 -0.0463474691 0.00353031792
v -0.450558007 -0.232762396 -0.0110293515
g 
f 1956 1057 1237
f 1777 1803 898
f 2044 967 1935
f 1509 45 2000
f 2012 9 1679
f 2053 86 1964
f 156 1162 1144
f 7 1540 1999
f 11 1757 2020
f 70 69 1599
f 2003 1574 1642
f 33 1684 34
f 1991 1378 1441
f 18 1412 19
f 2054 998 1011
f 2058 85 1035
f 38 2049 1894
f 1955 1069 1295
f 1952 1128 1357
f 571 568 1108
f 1270 331 326
f 1067 551 1048
f 2021 1733 1764
f 64 2024 2050
f 628 642 1053
f 2094 1133 2098
f 1227 1058 1957
f 588 566 2072
f 1325 1075 1983
f 603 550 2190
f 2036 1062 2118
f 2020 1757 1783
f 2046 1894 984
f 59 1643 2014
f 1382 1282 1990
f 850 1027 1958
f 572 580 1106
f 1115 2067 2061
f 1078 1088 1174
f 309 2219 1165
f 332 320 1249
f 621 576 1115
f 2085 1291 1262
f 1269 613 631
f 1260 1203 2084
f 1142 108 2103
f 1314 107 109
f 107 1314 1267
f 109 1330 112
f 109 112 1387
f 1435 113 111
f 113 1435 115
f 112 114 1387
f 114 116 1469
f 115 118 113
f 117 2142 119
f 2142 117 1541
f 120 1547 122
f 817 1666 1572
f 120 122 1579
f 1625 123 125
f 122 123 1579
f 121 124 1623
f 1646 125 123
f 125 1646 127
f 1692 126 128
f 124 126 1692
f 1675 127 130
f 125 127 1675
f 1670 128 126
f 1702 129 128
f 129 1702 131
f 1708 130 127
f 130 1708 132
f 129 131 1736
f 130 132 1738
f 1766 887 894
f 1789 134 132
f 1823 133 1762
f 1885 135 134
f 1823 136 133
f 137 140 1953
f 1908 141 140
f 141 1908 143
f 139 142 1878
f 144 145 142
f 1001 146 1525
f 143 146 141
f 148 1012 2040
f 148 2111 150
f 151 1037 149
f 1119 151 149
f 151 1119 189
f 1127 565 1064
f 1155 152 2170
f 1145 299 302
f 2069 1178 1156
f 587 608 1089
f 1152 159 1081
f 2096 1086 1162
f 595 1207 2137
f 2097 1207 1178
f 157 2078 1235
f 2071 1246 1184
f 1189 614 1242
f 2174 606 610
f 607 601 1079
f 2243 165 173
f 1265 634 1239
f 164 2218 174
f 1202 169 170
f 590 615 1224
f 1201 633 615
f 1289 173 165
f 173 1289 2104
f 2105 164 174
f 164 2105 1185
f 175 1163 179
f 172 1322 176
f 1316 179 183
f 175 179 2206
f 177 174 1215
f 1376 685 1402
f 2104 1305 1348
f 178 1348 191
f 180 183 187
f 1396 704 1362
f 195 180 187
f 180 195 1392
f 1415 189 213
f 151 189 1415
f 188 1426 191
f 191 1426 1406
f 192 1427 1405
f 188 193 1426
f 186 198 194
f 198 186 1432
f 196 1499 199
f 196 197 1499
f 1474 199 204
f 196 199 1474
f 1526 744 1498
f 195 201 1490
f 194 198 1494
f 193 200 1496
f 1522 769 1431
f 198 205 1494
f 1530 204 199
f 785 1534 1552
f 200 206 1532
f 1657 2236 1564
f 209 1567 210
f 2236 207 1630
f 205 209 1568
f 1582 208 218
f 1596 213 189
f 213 1596 228
f 1657 214 207
f 209 210 1608
f 210 215 1611
f 1615 218 208
f 217 1626 219
f 211 219 1716
f 1687 817 832
f 215 1699 224
f 1691 835 1659
f 212 222 2209
f 220 2245 1664
f 221 1690 217
f 1647 220 225
f 215 224 1693
f 223 222 1697
f 224 1672 232
f 1704 227 221
f 213 228 1799
f 1728 226 223
f 1770 225 220
f 230 1732 227
f 231 1734 232
f 224 232 1819
f 1787 234 1780
f 1775 906 1822
f 1766 925 1790
f 1859 238 1864
f 229 269 239
f 237 233 1782
f 1864 238 235
f 1843 1901 234
f 1790 932 1839
f 236 1812 244
f 240 237 1816
f 1859 241 238
f 240 1816 242
f 236 244 1846
f 1995 1901 243
f 1799 228 1045
f 269 229 1867
f 244 248 2198
f 256 1963 252
f 249 1876 1891
f 994 943 1904
f 258 255 1913
f 250 253 245
f 255 258 249
f 994 1904 980
f 258 1913 263
f 1896 270 1006
f 269 1867 1840
f 259 253 271
f 257 1909 251
f 254 260 270
f 271 253 262
f 258 263 1940
f 264 272 1927
f 257 264 1909
f 989 265 2031
f 274 263 266
f 261 266 263
f 273 267 275
f 262 1945 271
f 1018 1927 2034
f 278 274 266
f 528 2033 1036
f 1032 536 1030
f 273 275 1042
f 275 1014 280
f 272 277 1023
f 1042 280 289
f 275 280 1042
f 1061 903 1023
f 279 286 2083
f 1061 284 291
f 1098 285 290
f 1096 288 2037
f 1101 289 280
f 1120 291 284
f 291 1120 370
f 2109 2114 1126
f 1593 292 1126
f 1122 293 1589
f 1421 293 1122
f 1148 294 2093
f 1158 2064 295
f 1133 2094 297
f 306 298 1159
f 294 1148 1103
f 1195 301 2141
f 1194 302 1147
f 302 1194 304
f 2064 1158 1105
f 1153 587 574
f 298 301 1159
f 301 2219 308
f 1195 1181 2219
f 305 1154 1179
f 307 2063 1157
f 2093 1204 1092
f 1197 2063 303
f 2219 1181 1165
f 1218 309 317
f 1084 311 2095
f 304 1167 312
f 312 2244 322
f 1209 313 323
f 1105 2072 1222
f 321 316 2200
f 311 316 1204
f 2195 2159 324
f 2148 602 578
f 306 310 2248
f 603 581 1092
f 1209 1180 305
f 304 1168 1211
f 1218 317 1230
f 1187 318 1259
f 2073 1139 1197
f 1190 322 328
f 318 1187 323
f 320 1241 310
f 1840 1867 1253
f 321 325 1284
f 1257 326 1254
f 326 1257 340
f 2073 315 2088
f 327 1269 336
f 1272 328 339
f 2076 1133 314
f 1230 331 1270
f 2160 1241 332
f 2186 334 329
f 334 1333 348
f 2106 324 319
f 2139 2225 646
f 1338 336 352
f 1290 337 347
f 337 2242 344
f 640 1296 652
f 335 339 1279
f 342 341 1277
f 2216 1285 1327
f 1276 333 2092
f 2086 1134 1285
f 334 1336 1301
f 653 632 1301
f 651 2124 625
f 1294 337 1308
f 352 2134 345
f 1336 348 361
f 1326 349 1319
f 1324 338 353
f 1334 350 356
f 334 348 1336
f 349 351 1319
f 1337 352 336
f 1366 347 1341
f 1359 356 350
f 356 1359 381
f 1353 357 1386
f 1361 642 1281
f 350 2100 325
f 2100 1334 1304
f 1238 1297 319
f 1366 354 347
f 1366 1310 1446
f 355 346 2169
f 2134 1368 1401
f 1376 361 348
f 360 2217 1318
f 1460 2162 1354
f 1459 363 374
f 2210 367 390
f 353 367 2210
f 1397 368 1448
f 1407 290 285
f 1410 1381 2133
f 353 1328 367
f 1413 290 415
f 1418 371 1602
f 357 362 1386
f 354 373 1425
f 2249 1449 1323
f 364 1458 358
f 377 1437 385
f 1397 378 368
f 378 1397 399
f 1445 760 1464
f 365 373 1446
f 1361 359 1363
f 2187 381 369
f 1343 356 1356
f 1438 375 365
f 1388 374 363
f 760 1491 1464
f 2194 1538 380
f 705 1488 759
f 1472 380 397
f 384 2154 374
f 1516 2229 386
f 1482 388 1537
f 1497 750 1480
f 379 389 2155
f 367 1400 1399
f 379 390 1444
f 1383 2133 1381
f 754 1536 724
f 377 385 1436
f 376 386 2229
f 2128 733 1503
f 1627 389 1503
f 1478 394 1566
f 1628 2145 383
f 2240 396 1555
f 384 374 1527
f 1511 385 1468
f 388 1486 400
f 406 1554 409
f 407 1523 1537
f 403 396 1569
f 405 408 1549
f 1548 783 1512
f 393 1548 1512
f 1475 793 1554
f 1606 411 426
f 411 1606 402
f 419 2222 392
f 1548 404 1632
f 1565 800 1572
f 1591 766 1516
f 402 394 1544
f 291 370 1411
f 1593 414 292
f 415 1721 1095
f 449 1718 1598
f 409 418 1570
f 1616 419 427
f 1632 425 431
f 422 1659 412
f 406 1550 424
f 1544 778 1580
f 411 1544 1580
f 1587 776 1591
f 1572 425 404
f 2193 421 426
f 1682 852 1621
f 420 1634 413
f 427 1678 433
f 457 409 1612
f 1638 410 441
f 833 1618 1698
f 1719 430 434
f 1650 420 440
f 406 1570 1653
f 410 405 1654
f 422 412 1633
f 1666 431 425
f 1769 432 1695
f 427 433 1663
f 1641 434 430
f 1706 434 1641
f 1715 435 447
f 1680 419 392
f 2201 1719 1619
f 391 437 1681
f 1840 439 269
f 1662 440 420
f 1671 440 1662
f 1745 846 1669
f 432 441 1695
f 442 429 1727
f 436 1696 428
f 444 1731 452
f 434 1706 451
f 1779 445 436
f 1669 447 435
f 448 1676 454
f 423 430 1719
f 1720 427 419
f 1721 415 290
f 371 417 1602
f 415 1095 469
f 1798 449 948
f 1916 1866 417
f 1730 837 1650
f 1644 828 1676
f 845 1771 1711
f 450 1737 442
f 444 452 1700
f 1651 441 410
f 435 1694 457
f 418 457 1694
f 1747 843 1730
f 1772 436 445
f 453 1750 443
f 448 454 1712
f 455 1765 445
f 1725 933 1768
f 1806 460 1758
f 446 433 1725
f 1769 444 432
f 450 442 1739
f 454 462 1760
f 1822 463 453
f 878 1776 1814
f 1828 464 1785
f 1897 465 1793
f 908 1805 1862
f 434 451 1795
f 456 1752 447
f 458 450 1756
f 1754 888 1797
f 914 1801 416
f 370 449 1798
f 1598 504 449
f 1785 464 458
f 467 462 1797
f 466 470 1804
f 459 1763 474
f 1839 477 468
f 1806 476 460
f 1847 898 1803
f 451 461 1741
f 456 460 1752
f 463 1784 453
f 1868 463 1822
f 467 1842 1872
f 972 472 1831
f 465 452 1793
f 1768 470 446
f 1814 464 1869
f 1855 1889 1010
f 1829 959 482
f 439 1840 1003
f 472 465 1831
f 473 466 1858
f 522 540 1915
f 469 1095 2131
f 484 1004 851
f 1865 1801 523
f 475 1872 1842
f 1868 481 471
f 1889 487 966
f 1881 488 494
f 971 506 1849
f 459 474 1888
f 481 486 1890
f 475 488 490
f 505 960 1941
f 1877 500 498
f 507 1906 493
f 972 496 472
f 476 497 1899
f 1939 494 488
f 500 1877 512
f 1997 494 503
f 22 948 504
f 487 1889 479
f 1858 505 473
f 499 520 506
f 512 516 524
f 502 510 534
f 492 1912 487
f 1911 507 511
f 501 1965 1895
f 500 524 1961
f 543 1967 513
f 527 524 516
f 509 517 1942
f 1000 519 2008
f 945 438 25
f 1003 1840 76
f 1918 521 2131
f 484 851 73
f 1213 1004 1959
f 1966 519 511
f 1070 1029 1071
f 517 1929 2032
f 509 1942 492
f 1912 492 1942
f 260 1947 528
f 1040 529 532
f 536 515 1030
f 1020 1022 1100
f 531 2034 659
f 539 2008 1966
f 532 1065 2113
f 1453 1905 508
f 1454 534 510
f 2007 1046 1029
f 2034 531 1018
f 527 535 1047
f 532 2113 1040
f 2038 538 548
f 538 2038 533
f 549 2008 539
f 522 1825 540
f 504 540 1825
f 1252 541 1212
f 1020 543 513
f 2035 529 518
f 533 535 1016
f 530 536 2039
f 2008 549 1038
f 537 1685 1039
f 1096 547 855
f 1685 537 856
f 525 531 2010
f 517 2032 1072
f 538 533 1016
f 620 550 2102
f 1083 551 1067
f 1093 552 1055
f 2099 1049 553
f 2112 554 2082
f 554 2112 1059
f 547 2033 2108
f 1098 555 536
f 1099 548 538
f 1113 558 1049
f 1105 558 2072
f 1118 559 709
f 559 1118 713
f 561 1121 805
f 1125 562 286
f 1418 562 1125
f 1123 564 1409
f 1420 564 1123
f 1594 565 1127
f 2074 1054 566
f 628 567 1229
f 1051 567 1141
f 1087 570 597
f 1107 570 1087
f 557 552 1048
f 1114 571 1108
f 1109 572 1106
f 1157 573 1091
f 1112 573 1157
f 77 76 1840
f 1088 578 1174
f 1091 579 1183
f 552 581 1055
f 2099 2098 582
f 1110 569 591
f 573 1178 579
f 574 1104 585
f 558 1113 588
f 1151 1147 1146
f 570 2171 586
f 572 1109 593
f 569 1110 589
f 1150 571 592
f 573 1112 590
f 574 585 1192
f 1094 1049 2099
f 578 568 2167
f 570 1161 597
f 569 1162 591
f 1295 656 1054
f 579 1207 595
f 571 1114 592
f 592 1114 575
f 568 578 1199
f 1194 593 1167
f 572 593 1151
f 1048 551 604
f 577 1198 591
f 2171 1081 594
f 1205 596 608
f 576 1109 1115
f 522 541 1044
f 1214 600 523
f 600 1214 2047
f 596 1137 1171
f 603 1092 1076
f 1103 604 1082
f 1048 604 557
f 1113 2074 588
f 576 621 584
f 1206 594 609
f 1131 580 583
f 599 1086 610
f 1193 607 589
f 596 1171 608
f 1221 575 612
f 619 602 2148
f 2190 550 1227
f 614 605 1232
f 594 1081 1244
f 2166 1198 599
f 551 1083 611
f 585 598 1192
f 2182 569 589
f 594 1206 586
f 592 575 1181
f 599 1198 577
f 579 595 1183
f 1231 613 1269
f 1243 613 1231
f 1208 614 1189
f 1224 615 1233
f 1236 595 1138
f 567 1051 582
f 2072 1134 1222
f 618 2183 598
f 1248 606 627
f 2211 621 639
f 609 613 1243
f 1245 622 1235
f 618 598 1184
f 616 1137 596
f 617 1251 601
f 1250 614 1232
f 602 619 1226
f 612 2123 1225
f 613 609 1244
f 605 614 1208
f 580 2207 583
f 576 584 1210
f 617 601 2132
f 1252 24 541
f 945 24 1252
f 946 74 1213
f 612 2124 1254
f 1248 650 1256
f 2089 1285 1134
f 1263 2168 1270
f 626 632 1130
f 1233 633 1266
f 622 1274 641
f 1275 635 1300
f 567 628 1141
f 1134 566 2089
f 583 637 1135
f 621 1262 639
f 616 2235 1137
f 595 622 1138
f 1249 618 638
f 627 2174 2185
f 1054 2074 1140
f 1264 617 634
f 617 1264 1186
f 619 1273 626
f 1273 1219 1241
f 618 1246 638
f 625 612 1225
f 626 1226 619
f 635 1275 638
f 2204 1163 1266
f 1266 633 640
f 1321 641 668
f 1286 643 653
f 1288 644 654
f 657 611 629
f 2102 1076 1284
f 647 1293 631
f 2208 630 1259
f 650 1248 627
f 1294 1310 1341
f 652 2173 671
f 2185 650 627
f 630 2208 648
f 635 654 1300
f 645 639 1291
f 2124 651 1308
f 1303 655 1280
f 2168 2127 655
f 649 1340 634
f 672 620 2102
f 629 673 657
f 1297 657 673
f 654 635 1278
f 640 633 1277
f 622 641 1200
f 648 1203 630
f 655 1303 636
f 2127 2168 658
f 644 1287 654
f 647 631 1185
f 2144 641 1164
f 646 1289 1242
f 537 1039 1073
f 903 2041 659
f 531 659 1052
f 692 643 1286
f 1306 1315 1373
f 1331 663 678
f 688 1346 665
f 2212 1375 693
f 1375 2212 1318
f 1068 667 1057
f 2144 1322 1344
f 1327 669 690
f 670 1323 674
f 1325 1058 679
f 1333 644 1317
f 2212 1364 1318
f 1332 648 2208
f 2152 1312 1337
f 664 646 2225
f 652 671 2189
f 667 673 1057
f 693 1215 675
f 675 1340 649
f 1339 674 2185
f 2138 1488 705
f 677 1369 721
f 678 1350 720
f 1343 679 672
f 679 1343 735
f 1401 680 1354
f 1329 681 1352
f 1321 668 1448
f 684 1372 696
f 2119 686 1074
f 1403 687 1395
f 1331 645 663
f 661 648 1332
f 1280 665 2147
f 667 2136 689
f 669 1069 690
f 1291 1267 663
f 648 661 1203
f 674 1335 650
f 675 649 1364
f 664 1305 646
f 662 647 1306
f 651 1307 660
f 1097 691 709
f 690 676 1400
f 660 683 1310
f 662 680 1368
f 1346 688 1374
f 666 695 1317
f 1355 696 738
f 1384 697 1429
f 1439 697 1384
f 1485 699 1386
f 685 702 723
f 1129 682 1345
f 1400 676 753
f 2231 755 706
f 711 661 1380
f 684 692 1286
f 2172 693 687
f 693 2172 1215
f 694 1404 671
f 561 545 1121
f 548 1589 1041
f 683 660 1367
f 680 662 1373
f 663 1314 678
f 694 671 1365
f 695 1377 1360
f 695 666 1377
f 681 1329 711
f 661 711 1370
f 692 684 1371
f 560 1116 935
f 1416 714 1915
f 714 1416 805
f 870 1124 715
f 1122 716 1421
f 1423 717 871
f 1593 717 1423
f 1425 718 1346
f 719 1424 2249
f 1349 720 1447
f 678 720 1349
f 694 705 1492
f 2176 2187 1430
f 737 2199 1448
f 687 704 1395
f 1463 722 703
f 1462 723 1520
f 1398 708 1283
f 726 1441 748
f 1388 727 1527
f 1433 728 1473
f 1390 728 1433
f 739 1434 745
f 730 1439 758
f 1440 731 1467
f 1355 731 1440
f 1424 732 1450
f 755 2231 1487
f 734 1445 741
f 1389 698 1351
f 1447 720 727
f 703 718 1425
f 702 685 1360
f 679 735 1075
f 686 1452 1074
f 668 737 1448
f 665 718 2147
f 699 1385 681
f 721 701 1390
f 677 721 1451
f 684 696 1371
f 708 1398 735
f 1458 738 696
f 1498 701 1459
f 1434 2156 1461
f 1391 723 1462
f 760 1445 734
f 1431 725 759
f 1427 724 707
f 683 1367 1429
f 697 683 1429
f 720 1350 700
f 719 2249 1406
f 707 737 1405
f 1524 740 1495
f 1472 741 1445
f 1473 744 1529
f 1476 748 774
f 2157 752 726
f 764 1477 758
f 1481 751 1379
f 1482 751 775
f 1507 1456 725
f 1484 703 722
f 703 1484 1393
f 1390 701 728
f 734 1499 1455
f 682 2213 752
f 1383 752 2157
f 676 1128 753
f 753 733 2128
f 697 1439 730
f 698 1389 2156
f 700 1489 727
f 1491 760 704
f 752 2213 726
f 753 1128 733
f 702 1490 723
f 2181 755 740
f 1437 745 1468
f 739 745 1437
f 757 1515 1467
f 1466 757 1493
f 1477 730 758
f 730 1477 1438
f 729 1385 699
f 731 1355 738
f 725 1456 759
f 734 1455 760
f 1546 1465 785
f 1565 787 762
f 1470 763 1547
f 1561 764 1544
f 2122 765 1567
f 1518 768 1469
f 1655 768 1518
f 1586 1537 1523
f 1471 740 1502
f 1542 771 1521
f 1489 743 727
f 723 771 2227
f 1562 772 1474
f 743 773 1555
f 1529 767 1519
f 761 1533 788
f 746 1470 729
f 2177 775 751
f 1486 775 786
f 744 1473 728
f 1536 754 1475
f 731 757 1467
f 732 756 1497
f 1591 776 766
f 1605 790 1542
f 1543 777 1566
f 777 2188 799
f 1545 778 1514
f 1560 780 1539
f 841 2203 1550
f 1533 784 1551
f 785 1552 796
f 1658 792 1553
f 793 1568 838
f 764 758 1590
f 743 1489 2223
f 2177 786 775
f 708 786 1283
f 706 2181 1282
f 1496 756 1442
f 1504 761 1532
f 1521 771 1490
f 1511 787 1565
f 1479 749 2122
f 744 767 1529
f 772 745 1474
f 1533 750 788
f 750 1533 1480
f 787 772 762
f 2220 789 770
f 784 761 1571
f 791 767 2228
f 1553 792 769
f 1627 780 1549
f 782 768 1655
f 1654 795 1651
f 1576 796 1552
f 2163 2230 813
f 1609 802 1633
f 1508 770 1636
f 1588 1604 1660
f 1408 709 559
f 564 548 1409
f 768 2223 1469
f 761 788 1532
f 751 2220 1379
f 748 1378 774
f 800 762 1510
f 559 713 1414
f 561 805 1718
f 1420 716 564
f 1594 715 565
f 1419 715 1594
f 869 712 1411
f 1416 1915 1598
f 83 808 1422
f 1601 810 1420
f 1563 803 1629
f 791 820 812
f 1569 782 1609
f 785 2215 1546
f 1571 761 1504
f 1574 794 830
f 886 1680 814
f 1629 2197 1662
f 1610 816 1667
f 821 1621 852
f 2226 822 781
f 1553 769 1522
f 790 771 1542
f 780 823 1539
f 763 783 1547
f 747 793 1475
f 1541 766 776
f 778 764 1514
f 1582 800 1510
f 2230 1608 1611
f 1657 811 797
f 2178 1564 1630
f 1568 793 1505
f 814 1635 1613
f 1580 798 1624
f 1616 824 796
f 816 1610 825
f 2197 1629 803
f 733 1501 823
f 740 822 1502
f 813 1637 846
f 1663 845 839
f 1720 827 1678
f 1652 830 794
f 1651 795 844
f 1653 794 841
f 777 799 1607
f 801 1583 783
f 842 795 1654
f 1605 803 790
f 2163 1612 1656
f 793 838 1656
f 1658 811 792
f 1577 811 1658
f 803 1605 1617
f 778 1545 798
f 776 804 1604
f 821 852 1716
f 1659 820 1573
f 1689 802 819
f 826 1639 797
f 829 1641 821
f 828 840 849
f 841 1574 1559
f 781 841 1559
f 780 1560 842
f 795 842 1575
f 1729 875 873
f 1753 861 835
f 1715 847 1694
f 1674 832 876
f 1918 623 850
f 623 1918 29
f 868 814 1717
f 817 800 1631
f 784 852 1682
f 1586 825 770
f 820 1620 812
f 282 853 1683
f 1684 855 547
f 560 855 1116
f 1664 839 845
f 1691 1753 835
f 1692 834 1623
f 801 818 1583
f 1651 844 1695
f 860 834 1703
f 1699 833 1672
f 1727 860 1739
f 1769 862 1731
f 1719 863 836
f 829 1707 912
f 876 1710 887
f 865 1701 885
f 847 1715 884
f 867 1713 888
f 1716 852 1571
f 2215 796 824
f 796 2215 785
f 714 805 1592
f 804 837 1660
f 1619 836 816
f 835 1661 820
f 1661 835 1648
f 1663 824 1616
f 886 827 1614
f 832 817 1688
f 2165 1863 1721
f 1597 1915 714
f 716 810 1600
f 779 1635 868
f 814 868 1635
f 825 1636 770
f 715 1907 870
f 1600 872 1916
f 1959 872 1724
f 857 1646 1622
f 1648 835 861
f 1671 873 875
f 1700 874 858
f 1705 875 1729
f 1674 876 1779
f 1711 877 845
f 1678 865 1725
f 829 821 1626
f 1739 900 1756
f 878 1780 901
f 879 1748 912
f 1726 881 1775
f 2237 874 1700
f 882 1743 848
f 1751 883 1758
f 883 1751 866
f 865 885 1725
f 813 846 1745
f 1649 873 815
f 833 848 1672
f 836 1667 816
f 814 1613 886
f 827 886 1640
f 874 1744 1728
f 849 840 1645
f 1741 880 1795
f 891 1762 859
f 1765 893 1709
f 876 887 1779
f 867 888 1754
f 895 1778 877
f 1786 905 1736
f 1784 891 1750
f 1807 893 1765
f 1761 885 1701
f 1813 896 1752
f 1803 1777 1760
f 875 902 881
f 1710 876 832
f 867 849 1713
f 1693 846 1637
f 879 912 1707
f 878 901 1737
f 883 866 1819
f 882 848 1712
f 843 859 1670
f 795 1746 844
f 847 1679 830
f 1774 890 1763
f 1773 892 1741
f 897 1758 883
f 881 902 1775
f 900 905 1756
f 1776 878 1737
f 1777 882 1712
f 887 1766 1779
f 1778 895 1767
f 1744 889 1755
f 874 889 1744
f 712 1412 903
f 546 903 1412
f 1422 806 563
f 1784 904 891
f 1815 905 1786
f 1808 917 1781
f 1792 909 933
f 898 1847 938
f 1770 845 877
f 1697 858 874
f 1706 912 1748
f 829 912 1706
f 901 1704 861
f 893 1740 864
f 1809 897 1734
f 1791 899 1738
f 1798 869 1411
f 1724 872 810
f 1800 1722 807
f 1900 871 914
f 869 1798 948
f 1801 914 1009
f 844 1677 915
f 1860 916 889
f 907 917 1808
f 1768 909 1804
f 1861 894 1742
f 911 899 1791
f 1844 936 904
f 892 1773 927
f 897 1809 961
f 911 1845 937
f 896 1813 931
f 882 898 1759
f 1748 879 1774
f 892 1764 922
f 1819 866 1693
f 1759 898 938
f 1810 918 916
f 1814 923 878
f 1862 921 908
f 1818 921 1862
f 1804 920 1858
f 1810 1826 918
f 1890 936 1844
f 1948 907 1808
f 880 1749 863
f 847 884 1821
f 897 883 1734
f 906 902 1802
f 1861 925 894
f 1860 889 1836
f 909 1792 1811
f 952 934 1838
f 1863 935 32
f 28 853 623
f 78 854 624
f 1843 923 1827
f 1817 1841 890
f 1855 927 1888
f 911 937 1797
f 930 1873 921
f 1852 1885 934
f 250 939 1883
f 1949 939 250
f 1851 928 1879
f 491 940 1875
f 1892 940 491
f 490 941 1872
f 1881 941 490
f 496 944 1884
f 1683 853 1143
f 1762 891 904
f 893 910 1740
f 880 922 1733
f 896 1757 947
f 884 947 1735
f 1815 919 905
f 1810 916 1860
f 924 906 1837
f 1959 1004 872
f 1755 889 916
f 908 1864 1767
f 1212 913 1799
f 982 1959 239
f 1833 961 1846
f 972 944 496
f 944 995 1935
f 1869 951 923
f 1903 951 1869
f 973 971 1849
f 918 962 1816
f 1906 950 953
f 969 963 957
f 1882 964 990
f 1823 904 936
f 917 1886 1781
f 933 1761 1792
f 897 961 1887
f 1859 908 921
f 1782 916 918
f 1949 962 939
f 1868 950 1853
f 951 1902 1827
f 1963 932 1824
f 939 1922 1883
f 943 994 930
f 1881 958 941
f 1892 964 940
f 2024 966 977
f 944 967 1884
f 942 2042 1857
f 1934 986 974
f 502 1922 1874
f 256 1921 1914
f 1895 970 501
f 937 1845 929
f 926 919 1815
f 920 909 1811
f 1897 907 1948
f 924 1848 950
f 944 972 995
f 485 973 1849
f 961 973 485
f 712 869 20
f 1870 956 1877
f 958 985 968
f 255 974 1913
f 495 990 964
f 1876 978 954
f 1867 870 981
f 2051 976 15
f 1912 977 966
f 977 1912 1946
f 1002 1928 1968
f 501 1019 1965
f 1006 501 970
f 963 929 1920
f 809 949 71
f 268 2030 1027
f 1009 914 80
f 951 974 1902
f 928 955 1879
f 892 927 1830
f 896 931 1936
f 1816 962 1949
f 980 1914 1921
f 968 985 257
f 2056 975 971
f 525 987 499
f 508 988 1011
f 1941 988 508
f 989 1019 1006
f 495 1046 990
f 1884 991 1132
f 956 1898 1850
f 997 954 492
f 1935 995 1948
f 931 996 1936
f 1006 970 1896
f 992 262 1883
f 1923 1018 975
f 993 1926 979
f 1997 514 2009
f 261 1913 986
f 1002 1968 512
f 1960 999 2029
f 1012 1926 1000
f 1968 1001 1016
f 956 1850 1002
f 1953 1002 1850
f 27 1683 1143
f 946 1003 75
f 1882 990 144
f 1910 953 259
f 483 520 1893
f 2131 1095 1005
f 484 983 1866
f 957 1007 999
f 2019 273 1008
f 1909 1927 1018
f 1928 141 1001
f 1008 273 1966
f 975 1018 531
f 514 2029 526
f 1925 987 16
f 265 1013 276
f 1040 1014 1945
f 516 1016 535
f 1929 1940 1073
f 987 1925 520
f 1941 960 1894
f 1046 2007 990
f 1944 1019 1030
f 519 1000 993
f 1926 1012 143
f 1020 998 1022
f 528 1013 260
f 2056 971 1871
f 1029 530 1309
f 277 272 2158
f 1012 1000 1038
f 1007 142 147
f 513 1967 980
f 508 1011 1453
f 510 1132 1454
f 518 1026 992
f 869 948 21
f 1029 1070 2007
f 1945 1014 267
f 515 536 530
f 1027 2030 1958
f 526 1031 2009
f 2029 2082 544
f 1072 2032 1024
f 288 1032 276
f 554 1033 544
f 2035 1035 1835
f 149 2081 1978
f 2040 1038 1102
f 1014 1040 1557
f 35 1022 2059
f 976 2051 2042
f 1043 282 1027
f 504 1825 22
f 24 1044 541
f 624 1214 79
f 2047 1214 624
f 993 1000 1926
f 513 1453 1020
f 529 1945 1026
f 518 1454 2035
f 1025 1047 535
f 552 1149 1048
f 1140 1050 1973
f 582 1051 1056
f 1039 2107 2032
f 530 2039 1309
f 283 1021 281
f 1034 537 274
f 1053 1951 1141
f 1950 1054 1140
f 1932 1056 1971
f 976 520 1925
f 673 629 1057
f 549 539 1064
f 2113 1065 1117
f 537 710 856
f 52 1066 1974
f 1066 1931 1055
f 1111 1930 1067
f 1930 1111 50
f 1954 1345 1068
f 1955 1357 1069
f 690 1069 1357
f 1978 145 1070
f 525 2010 987
f 1029 1408 1071
f 2239 1070 1071
f 2006 1031 2158
f 1015 1047 2083
f 1024 2060 1072
f 517 1072 1977
f 1929 1073 2032
f 736 1452 686
f 735 1398 1075
f 1983 1075 55
f 538 1016 1525
f 1033 1021 544
f 2031 276 1032
f 603 1076 550
f 1170 158 1077
f 158 2192 1077
f 602 1226 1078
f 158 1169 166
f 167 159 1079
f 104 105 1080
f 575 2123 612
f 1193 1196 1217
f 159 167 1081
f 1067 1930 1083
f 1223 1084 2166
f 311 1084 316
f 1066 1085 1974
f 2096 1170 1086
f 2097 1172 1207
f 102 1088 103
f 578 1088 1199
f 2062 1198 2095
f 307 1157 1091
f 581 1176 1092
f 1176 581 552
f 1055 1931 1093
f 2098 553 1158
f 1056 1932 1094
f 1721 1917 1095
f 1005 1095 1917
f 983 72 949
f 1036 547 1096
f 2082 1037 2112
f 545 1033 554
f 691 1097 2039
f 536 1032 1098
f 538 1525 1099
f 1099 150 1409
f 1100 35 2117
f 1557 556 1101
f 2114 1101 556
f 1558 1064 539
f 1038 549 1102
f 2068 1166 1104
f 558 1105 553
f 2066 1152 1107
f 2067 1115 1109
f 300 1110 2062
f 1110 1196 1193
f 1111 1149 1937
f 2063 1197 1112
f 1049 1938 1113
f 2061 2067 102
f 1062 546 1412
f 1413 1118 2110
f 1408 559 1119
f 1119 559 1414
f 1060 561 1120
f 1120 561 1718
f 2112 151 1592
f 710 562 856
f 1599 856 562
f 548 564 1122
f 716 1122 564
f 150 2111 1123
f 190 1123 2111
f 549 565 1124
f 715 1124 565
f 279 293 1125
f 371 1125 293
f 2114 563 1126
f 806 1126 563
f 287 292 1127
f 414 1127 292
f 1013 265 260
f 46 1129 1988
f 2213 682 1129
f 632 1261 1130
f 103 1130 106
f 105 2246 2130
f 2061 1136 1115
f 2061 103 2079
f 583 1135 1131
f 2080 1131 1135
f 991 1964 1132
f 1229 2077 1133
f 2077 1229 567
f 566 1134 2072
f 637 1260 1135
f 2084 2246 2080
f 2079 1262 1136
f 1262 621 1136
f 2075 1271 330
f 2078 157 170
f 1050 1140 2074
f 1051 1141 1943
f 107 106 2101
f 108 1142 2246
f 853 28 1143
f 1162 569 1144
f 569 2182 1144
f 1160 2167 568
f 571 1150 568
f 568 1199 1108
f 1154 1145 1161
f 572 1146 580
f 580 1090 1106
f 299 1147 302
f 1107 1087 2066
f 1103 1148 557
f 1093 1937 1149
f 1048 1149 1111
f 1114 1108 2070
f 1109 1106 2067
f 2097 1178 2069
f 586 1179 1154
f 1178 573 1156
f 590 1156 573
f 1112 1157 2063
f 1105 1158 553
f 1049 1094 1938
f 298 1160 2141
f 168 1163 175
f 169 176 1164
f 153 160 1166
f 585 1166 1184
f 2234 1218 1205
f 1218 2234 309
f 593 576 1167
f 1167 576 1210
f 304 312 1168
f 152 159 1152
f 158 161 1169
f 161 158 1170
f 157 162 2146
f 162 157 1172
f 1172 157 1235
f 438 26 25
f 1003 76 75
f 1840 854 77
f 1086 577 1162
f 591 1162 577
f 1088 1078 103
f 1148 2093 1176
f 1092 1176 2093
f 1224 1177 1156
f 153 1177 160
f 1207 579 1178
f 1091 1183 307
f 2098 1158 2094
f 586 1206 1179
f 305 1179 313
f 152 2196 159
f 2207 1146 1180
f 1208 1169 1087
f 1205 608 1182
f 587 1182 608
f 595 1236 1183
f 160 2071 1184
f 318 323 1220
f 164 1185 2125
f 164 167 1186
f 621 2211 584
f 2140 166 1189
f 166 2140 165
f 2192 166 165
f 298 306 2248
f 1159 1153 1192
f 1166 2068 153
f 1089 155 1104
f 1159 301 1182
f 1152 2066 152
f 1144 2182 1155
f 580 1146 2207
f 1147 1180 1146
f 1160 2248 1173
f 1154 570 586
f 302 304 1145
f 1091 573 579
f 1110 300 1196
f 1110 591 1198
f 301 308 1182
f 295 2094 1158
f 1153 1182 587
f 1104 1166 585
f 1149 552 1093
f 1110 1198 2062
f 1108 1199 2065
f 1106 1090 101
f 305 299 1145
f 2092 333 343
f 2088 1277 1201
f 633 1201 1277
f 1278 2206 1288
f 1054 1950 1295
f 2085 1267 1291
f 636 1303 2235
f 2084 2120 108
f 1204 2093 296
f 1170 2096 161
f 1176 557 1148
f 1177 2069 1156
f 1181 1195 592
f 1088 102 1199
f 1180 1147 299
f 1167 304 1194
f 1219 2248 310
f 1182 308 1205
f 1192 1175 306
f 315 303 1222
f 1165 1181 575
f 1172 2097 162
f 605 1208 597
f 311 1204 296
f 1167 1210 312
f 1145 304 1211
f 575 1221 1165
f 2238 1196 300
f 314 1133 297
f 913 1212 541
f 522 1044 1825
f 981 600 1253
f 542 1253 600
f 1959 982 1213
f 523 1009 1214
f 675 1215 1340
f 1339 1216 670
f 178 1216 173
f 581 603 1055
f 1050 1972 100
f 324 2159 1238
f 2164 1204 316
f 607 1217 601
f 1251 167 1079
f 2123 575 1114
f 1165 2232 309
f 1205 616 596
f 170 157 2146
f 1175 2183 2221
f 578 602 1174
f 1078 1174 602
f 1166 160 1184
f 1081 2171 1152
f 1079 2196 1155
f 313 1220 323
f 580 1131 1090
f 1168 312 1228
f 1211 1168 605
f 312 322 1228
f 610 606 599
f 1248 2166 606
f 1198 2166 1084
f 608 1171 1089
f 1172 1235 2137
f 2159 2195 2238
f 2164 321 1284
f 1155 2182 1079
f 1080 105 1225
f 1085 1957 53
f 1084 1223 316
f 2221 306 1175
f 2200 316 1223
f 2207 1209 1187
f 1168 1228 1232
f 1081 167 2125
f 1082 611 1238
f 1196 2238 2195
f 1077 610 1170
f 601 1217 2132
f 1173 2148 578
f 1211 597 1161
f 1109 576 593
f 2135 101 1090
f 1220 313 1179
f 163 160 1177
f 1222 2064 1105
f 1087 1169 154
f 1171 162 2129
f 1086 599 577
f 1183 1236 297
f 1133 2076 1229
f 317 331 1230
f 331 317 1268
f 327 318 1231
f 1243 1231 1220
f 637 583 1187
f 1131 2080 2135
f 318 327 1259
f 2244 312 1210
f 2139 614 1250
f 1189 166 1169
f 590 1139 615
f 1224 1233 163
f 636 616 1234
f 616 1218 1234
f 622 2137 1235
f 1138 2075 1236
f 1139 590 1197
f 1083 1237 629
f 324 1238 319
f 634 617 2132
f 1246 618 1184
f 1249 320 1240
f 1115 1136 621
f 1247 2244 1188
f 1235 2078 1245
f 1245 2078 1274
f 171 175 2087
f 320 310 2221
f 1051 1943 1056
f 322 1247 328
f 1134 315 1222
f 324 2106 1239
f 2192 158 166
f 1219 310 1241
f 1218 616 1205
f 1186 167 1251
f 1268 317 2232
f 1188 1210 584
f 1232 1228 1250
f 1076 2102 550
f 1237 1930 49
f 1219 1273 619
f 1268 1221 1254
f 1220 1206 1243
f 1209 323 1187
f 1191 2174 1077
f 2174 627 606
f 1079 601 1251
f 1186 1251 617
f 2195 324 1239
f 1044 24 23
f 853 282 1043
f 542 624 1253
f 854 1253 624
f 851 74 73
f 439 982 269
f 2130 1225 105
f 632 626 1255
f 626 1130 1226
f 329 332 1275
f 2078 170 169
f 1254 331 1268
f 321 1256 325
f 1134 2086 315
f 1053 1141 628
f 330 2092 2090
f 611 657 1238
f 2124 612 625
f 637 630 1260
f 1203 1260 630
f 1301 632 1255
f 1130 1261 106
f 1302 2139 1272
f 1291 639 1262
f 1279 328 1247
f 1273 2160 1255
f 1270 326 1263
f 638 1278 635
f 1275 1300 329
f 2091 343 1281
f 168 171 1233
f 2184 108 2120
f 331 1254 326
f 1231 1269 327
f 2185 2174 1191
f 330 1271 2092
f 1138 1271 2075
f 1187 2224 637
f 1135 1260 2080
f 1190 328 1272
f 1247 2211 639
f 2079 106 2085
f 320 332 1241
f 636 2235 616
f 1249 638 1275
f 1240 618 1249
f 630 637 2224
f 631 613 1244
f 1234 2168 636
f 1137 1202 170
f 1191 165 2243
f 2218 164 1186
f 1273 1241 2160
f 633 1233 615
f 1245 1274 622
f 1249 1275 332
f 1239 2106 1265
f 1254 1221 612
f 1200 1138 622
f 1255 626 1273
f 1246 1278 638
f 1256 321 2200
f 2090 2076 330
f 1130 1078 1226
f 1163 168 1266
f 341 342 2143
f 339 328 1279
f 336 1338 327
f 340 1263 326
f 1274 169 1164
f 172 2214 1280
f 333 359 343
f 755 2181 706
f 1990 1282 6
f 786 2177 1283
f 1989 1283 56
f 1320 1951 1053
f 1057 629 1237
f 1284 2100 1304
f 2101 643 692
f 2087 175 2206
f 1289 646 1305
f 1306 647 1185
f 650 2185 674
f 1293 336 1269
f 1307 1258 1142
f 1341 337 1294
f 337 344 1308
f 334 1301 329
f 1227 620 1058
f 1364 649 1265
f 319 1319 351
f 2100 350 1334
f 184 177 1298
f 183 179 1299
f 694 1299 1404
f 654 1287 1300
f 1301 1286 653
f 643 2101 1261
f 658 1263 1290
f 1308 651 1294
f 641 1276 1200
f 653 1261 632
f 646 1242 2139
f 339 1292 1302
f 651 625 1258
f 344 340 1257
f 2214 172 176
f 658 2168 1263
f 669 2089 656
f 652 1163 2204
f 341 1296 1277
f 649 634 1265
f 340 344 2242
f 634 1340 1264
f 650 1335 1256
f 1334 672 1304
f 1284 1304 2102
f 1289 1305 2104
f 1185 2105 1306
f 1265 2106 1364
f 1142 2103 1307
f 1164 641 1274
f 1301 2160 329
f 1272 339 1302
f 1259 630 2224
f 1247 639 645
f 1292 339 335
f 1257 1308 344
f 2091 1281 642
f 2214 176 1202
f 1340 2218 1264
f 1276 2092 1200
f 1321 333 1276
f 1285 2089 669
f 1277 2088 342
f 341 338 1324
f 1276 641 1321
f 1288 654 1278
f 1300 2186 329
f 2101 106 1261
f 1293 1269 631
f 2225 2139 1302
f 2242 337 1290
f 1289 165 2140
f 1164 176 1322
f 1277 1296 640
f 1012 1038 2040
f 537 1073 274
f 903 659 1023
f 1025 1041 279
f 2039 1408 1309
f 1029 1309 1408
f 531 1052 2010
f 110 1311 2184
f 1371 2101 692
f 1349 346 1331
f 1267 1314 663
f 184 1315 177
f 354 1374 347
f 1377 666 1316
f 1316 666 1288
f 2179 349 1318
f 360 1318 349
f 1297 667 1319
f 689 1319 667
f 1068 1057 1954
f 2119 1320 1053
f 181 1322 172
f 1069 669 1295
f 1406 670 1216
f 1359 350 1335
f 2173 652 1296
f 671 1404 2189
f 1326 2133 360
f 349 1326 360
f 2216 1327 1328
f 669 1327 1285
f 353 2216 1328
f 110 2184 1329
f 711 1329 1370
f 109 107 1330
f 352 345 1332
f 1332 345 1380
f 644 1333 1287
f 666 644 1288
f 349 2179 351
f 1325 1957 1058
f 1285 2216 338
f 1404 179 1163
f 350 325 1335
f 1310 1294 660
f 660 1307 1367
f 346 335 1279
f 2127 658 688
f 658 1290 1374
f 667 1297 673
f 1216 2243 173
f 1313 1292 335
f 1337 336 1293
f 1215 174 1340
f 1341 347 337
f 672 1334 1343
f 737 668 1344
f 689 2136 2161
f 718 665 1346
f 192 181 1347
f 172 1347 181
f 1305 677 1348
f 1348 677 1451
f 111 110 1352
f 1329 1352 110
f 711 1353 681
f 1402 685 1391
f 2162 1460 362
f 373 1366 1446
f 1330 1371 1355
f 356 381 1356
f 1075 1325 679
f 368 359 1358
f 333 1358 359
f 2133 1383 366
f 1359 1323 1449
f 736 686 1361
f 642 1361 686
f 1320 2180 1985
f 704 687 1362
f 693 1362 687
f 184 1403 185
f 359 368 1363
f 644 666 1317
f 1331 1279 645
f 1323 1335 674
f 1364 2212 675
f 335 346 1313
f 1319 319 1297
f 658 1374 688
f 665 2127 688
f 1315 182 1373
f 1319 689 1326
f 1345 1954 47
f 1318 2217 1375
f 1357 1955 97
f 678 1314 1350
f 1316 183 1377
f 2206 179 1316
f 1406 1216 178
f 1312 352 1337
f 1332 1380 661
f 1267 2085 107
f 2120 2084 1203
f 1280 1347 172
f 1333 334 2186
f 1312 2152 662
f 1338 352 1332
f 1337 1293 2152
f 2105 174 177
f 1256 1335 325
f 1333 1317 348
f 1374 1290 347
f 2109 289 1101
f 1060 281 1033
f 2110 691 1098
f 555 1098 691
f 1063 288 1096
f 549 1686 1102
f 2161 1410 689
f 1343 1334 356
f 1365 353 1342
f 671 2173 1365
f 1429 1311 110
f 2126 677 664
f 355 1313 346
f 357 1380 345
f 1286 1336 1372
f 358 1372 361
f 182 1315 184
f 1317 695 1376
f 180 1377 183
f 1361 1281 359
f 45 1378 1991
f 1994 1379 57
f 1380 357 1353
f 752 1381 682
f 1128 676 1357
f 1492 187 1299
f 736 706 1452
f 194 1427 192
f 366 2194 382
f 1458 696 1372
f 683 697 1457
f 730 1457 697
f 110 111 1384
f 113 1384 111
f 739 1354 698
f 1459 701 1428
f 700 1387 1489
f 1387 700 1350
f 197 1389 182
f 1490 702 1392
f 1392 702 1360
f 718 703 1393
f 373 365 1394
f 375 1394 365
f 360 366 2217
f 382 1396 366
f 1442 719 1426
f 1129 1345 1988
f 2153 1443 1363
f 724 1397 2199
f 367 1399 390
f 1366 373 354
f 677 2126 1369
f 345 2162 357
f 695 1360 685
f 361 1402 358
f 1298 1403 184
f 1358 333 1321
f 1368 2134 1312
f 1298 177 1215
f 1375 1362 693
f 680 1373 1351
f 1299 179 1404
f 1376 348 1317
f 1365 2138 694
f 737 1344 1405
f 192 1405 181
f 191 1406 178
f 1126 292 2109
f 549 1124 1686
f 1063 560 1407
f 855 1684 1116
f 561 1060 545
f 1097 709 1408
f 562 710 286
f 286 710 1034
f 545 1059 1121
f 565 549 1064
f 293 279 1041
f 1374 354 1346
f 1368 1312 662
f 1311 1429 1367
f 1368 680 1401
f 1369 1313 355
f 1331 678 1349
f 1298 1215 2172
f 1314 109 1350
f 1322 181 1344
f 1373 182 1351
f 1372 1336 361
f 1326 689 1410
f 1381 1410 2161
f 685 1376 695
f 1360 1377 180
f 1365 1324 353
f 1347 1280 2147
f 1380 1353 711
f 1354 2162 1401
f 1376 1402 361
f 1595 713 1413
f 1597 714 1415
f 1415 714 1592
f 1723 190 1417
f 2111 1417 190
f 809 1599 1418
f 562 1418 1599
f 810 716 1420
f 417 371 1421
f 293 1421 371
f 69 1685 856
f 808 806 1422
f 806 808 717
f 416 372 1900
f 414 1423 372
f 186 1347 1393
f 1406 1426 719
f 706 736 2231
f 698 680 1351
f 1405 1427 707
f 1328 1400 367
f 701 721 1428
f 1428 721 1369
f 363 355 2169
f 188 191 1451
f 364 358 2191
f 1384 1429 110
f 1387 1350 109
f 786 708 1430
f 1383 2157 2194
f 1484 1479 1432
f 1479 1484 722
f 1528 1394 375
f 386 376 2233
f 200 193 1433
f 188 1433 193
f 1385 729 1435
f 1435 729 1470
f 2151 377 1436
f 701 1498 728
f 1439 113 1590
f 757 731 1493
f 738 1493 731
f 116 114 1440
f 112 1440 114
f 1283 1989 1398
f 1427 194 1535
f 201 195 1483
f 756 732 1442
f 719 1442 732
f 400 369 1450
f 1282 1382 706
f 389 379 1444
f 1446 683 1457
f 680 698 1354
f 355 363 1428
f 1397 1448 2199
f 1351 182 1389
f 703 1425 1463
f 1458 1372 358
f 2217 366 1396
f 681 1385 1352
f 718 1393 2147
f 1449 2249 1424
f 1359 1449 381
f 1356 735 1343
f 1075 1398 55
f 381 1450 369
f 1348 1451 191
f 1358 1448 368
f 1363 736 1361
f 1452 706 1382
f 1074 1452 2180
f 2034 1927 272
f 1020 1453 998
f 1964 1035 1454
f 2035 1454 1035
f 197 185 1455
f 760 1455 1395
f 195 187 1483
f 759 1456 1492
f 2249 1323 670
f 1353 1386 699
f 1352 1385 111
f 721 1390 1451
f 2169 346 1349
f 1403 1395 185
f 1449 1450 381
f 735 1356 2176
f 2191 358 1402
f 1452 1382 2180
f 1446 1457 365
f 1388 2169 1447
f 376 1458 364
f 1457 730 1438
f 362 2151 1485
f 196 1461 197
f 382 2121 1464
f 1488 379 1431
f 732 1424 719
f 1443 2153 378
f 1459 1428 363
f 1425 373 1394
f 1447 727 1388
f 1392 1360 180
f 1346 354 1425
f 1390 188 1451
f 1428 1369 355
f 1356 381 2187
f 1405 1344 181
f 741 1465 734
f 117 116 1467
f 767 744 2228
f 773 743 2223
f 1531 746 1436
f 206 200 1473
f 1474 745 1434
f 1378 748 1441
f 771 723 1490
f 1561 387 1438
f 788 750 1496
f 407 2205 1480
f 1379 1994 1481
f 789 751 1482
f 202 201 1483
f 1435 111 1385
f 1440 112 1355
f 1432 186 1393
f 1476 2194 2157
f 364 1462 376
f 1456 1507 1483
f 739 1437 1460
f 362 1460 377
f 1493 738 1458
f 1455 1499 197
f 1430 369 1486
f 400 1486 369
f 1443 378 1487
f 399 1487 378
f 1383 1381 752
f 1128 1952 2149
f 390 379 1488
f 1384 113 1439
f 1387 114 1489
f 2156 1389 1461
f 704 1396 1491
f 1392 195 1490
f 1129 46 1441
f 1488 2138 1342
f 1399 1400 753
f 1488 2210 390
f 1459 374 2154
f 1354 739 1460
f 1386 362 1485
f 1426 193 1442
f 760 1395 704
f 1396 382 1491
f 1464 1491 382
f 1389 197 1461
f 1394 1528 1463
f 2121 382 380
f 2149 1952 96
f 759 1492 705
f 2151 362 377
f 1458 376 2229
f 747 754 2150
f 740 755 1495
f 1495 755 1487
f 750 756 1496
f 742 757 1466
f 1439 1590 758
f 387 375 1438
f 1465 199 1499
f 2233 376 1462
f 1433 188 1390
f 1500 729 699
f 1485 1500 699
f 1460 1437 377
f 1438 365 1457
f 1461 196 1434
f 1399 1444 390
f 1456 187 1492
f 1455 185 1395
f 1391 1462 364
f 1431 759 1488
f 95 1501 1992
f 823 1501 1539
f 1993 1502 7
f 823 1503 733
f 1501 2149 1992
f 206 203 1504
f 208 204 1530
f 793 747 1505
f 424 2247 1475
f 209 205 1506
f 198 1506 205
f 725 2178 1507
f 1502 1993 1471
f 762 1562 1510
f 404 393 1511
f 783 763 1512
f 120 118 1513
f 115 1513 118
f 387 1561 394
f 742 766 1515
f 386 395 1516
f 773 768 1517
f 116 117 1518
f 119 1518 117
f 749 1478 765
f 791 1519 767
f 201 202 1521
f 207 1521 202
f 408 2155 389
f 398 391 1523
f 822 740 1524
f 1037 2081 149
f 2145 399 383
f 1489 114 1469
f 756 750 1497
f 722 749 1479
f 749 1528 1478
f 1486 388 1482
f 2121 380 1472
f 754 747 1475
f 754 1535 2150
f 1503 389 1444
f 203 206 1529
f 395 2233 1520
f 396 384 1555
f 743 1555 1527
f 1465 1546 1530
f 394 1478 387
f 763 1470 746
f 393 1531 385
f 787 1468 772
f 2228 744 1526
f 766 742 1516
f 769 725 1431
f 391 398 1551
f 747 2150 1505
f 1538 868 2175
f 868 1538 774
f 1534 2222 1552
f 754 724 1535
f 1427 1535 724
f 1437 1468 385
f 1462 1520 2233
f 746 729 1500
f 749 722 1528
f 1388 1527 374
f 1463 1528 722
f 744 728 1498
f 2205 407 388
f 388 400 2205
f 732 1497 1450
f 383 399 2247
f 724 1536 1397
f 407 1537 388
f 397 380 2175
f 1538 2194 1476
f 1998 1539 95
f 1559 2226 781
f 803 1563 790
f 214 1542 207
f 1567 777 1607
f 394 402 1543
f 764 778 1544
f 118 120 1545
f 812 1519 791
f 204 208 1510
f 211 1504 203
f 121 1655 119
f 1556 403 1573
f 762 800 1565
f 842 1549 780
f 811 1564 792
f 1568 209 1608
f 1474 1434 196
f 727 743 1527
f 2154 384 1526
f 1528 375 1478
f 1486 786 1430
f 1536 399 1397
f 1433 1473 200
f 1487 2231 1443
f 1435 1470 115
f 1432 1479 198
f 1440 1467 116
f 1497 400 1450
f 1283 1481 56
f 1536 1475 2247
f 1282 1471 6
f 1442 193 1496
f 1495 1487 2145
f 1494 1535 194
f 2229 1516 1466
f 1490 201 1521
f 1532 206 1504
f 2155 408 1522
f 1523 407 398
f 385 1511 393
f 1512 763 1531
f 746 1531 763
f 765 2122 749
f 384 396 1556
f 1100 1022 35
f 547 1036 2033
f 1098 1032 285
f 1040 2113 1557
f 556 1557 2113
f 1099 1525 150
f 1065 532 1835
f 1042 289 1558
f 1540 1559 1999
f 1539 1998 1560
f 842 1560 1575
f 1483 1507 202
f 789 1537 1586
f 741 1472 1534
f 397 392 2222
f 1466 1516 742
f 742 1515 757
f 1555 384 1527
f 772 1468 745
f 398 407 1480
f 1468 787 1511
f 1436 385 1531
f 785 1465 741
f 764 1561 1477
f 1510 1562 204
f 764 1590 1514
f 789 2220 751
f 1505 1494 205
f 774 1378 779
f 401 1516 395
f 1586 1523 391
f 784 1533 761
f 1563 2227 790
f 403 1556 396
f 1564 2178 792
f 405 1553 408
f 2203 841 781
f 1517 768 782
f 1530 199 1465
f 788 1496 1532
f 852 784 1571
f 794 1574 841
f 437 391 1551
f 1608 2230 838
f 811 1577 797
f 214 1578 212
f 1625 798 1579
f 1635 779 1509
f 1717 392 2175
f 1631 800 1582
f 1632 801 1548
f 219 211 1584
f 203 1584 211
f 782 1585 802
f 412 1609 1633
f 57 1508 2001
f 815 803 1617
f 124 121 1588
f 119 1588 121
f 1120 284 1060
f 1122 1589 548
f 1064 287 1127
f 1118 709 2110
f 2165 290 1407
f 1125 286 279
f 1517 1555 773
f 1479 1506 198
f 1518 1469 116
f 1470 1513 115
f 1474 204 1562
f 741 1534 785
f 1556 1526 384
f 1529 1519 203
f 1532 1496 200
f 1515 117 1467
f 1473 1529 206
f 1508 57 1379
f 1482 1537 789
f 1538 1476 774
f 1480 1533 398
f 1509 1378 45
f 1534 1472 397
f 113 118 1590
f 1514 1590 118
f 1531 393 1512
f 1533 1551 398
f 395 1563 401
f 765 777 1567
f 1554 793 1656
f 766 1541 1515
f 1573 2228 1556
f 1548 393 404
f 1411 712 1061
f 1118 1413 713
f 1121 1592 805
f 717 1593 806
f 372 1594 414
f 1125 371 1418
f 1124 870 1686
f 1596 807 1722
f 83 1422 84
f 717 808 871
f 19 1412 712
f 872 1600 810
f 190 1723 1601
f 229 1601 1723
f 1866 1602 417
f 372 416 1603
f 1801 1603 416
f 1541 776 1604
f 413 1591 401
f 212 2209 214
f 2188 777 1543
f 1570 794 1653
f 782 1655 1585
f 802 1609 782
f 412 1573 403
f 1571 1504 211
f 1574 8 1559
f 2002 58 1610
f 825 1610 1636
f 1574 2003 8
f 2230 1611 1637
f 409 457 418
f 2245 216 218
f 837 804 1634
f 126 124 1660
f 210 1581 215
f 222 212 1639
f 430 423 1621
f 1689 429 422
f 122 1622 123
f 1644 421 2193
f 798 1625 840
f 1626 821 1716
f 408 389 1627
f 424 1628 383
f 781 822 2203
f 780 1627 823
f 1530 1546 208
f 2227 771 790
f 777 765 1566
f 1478 1566 765
f 1511 1565 404
f 1561 1544 394
f 1591 1516 401
f 406 424 1554
f 822 2226 1502
f 1034 274 278
f 1515 1541 117
f 1543 1566 394
f 1609 412 403
f 1510 208 1582
f 812 1584 1519
f 401 1629 413
f 2222 419 1576
f 1651 410 1654
f 797 1578 1657
f 1630 207 202
f 2178 1630 1507
f 948 22 21
f 914 81 80
f 1550 1628 424
f 1627 1549 408
f 1630 202 1507
f 1563 395 1520
f 1569 396 2240
f 1505 205 1568
f 1613 1635 44
f 1680 886 1614
f 1610 58 1636
f 216 1631 218
f 840 1624 798
f 819 802 1585
f 217 219 1620
f 1634 804 1587
f 420 413 1629
f 804 1660 1604
f 833 1581 799
f 1618 2188 1606
f 421 1618 426
f 797 1639 1578
f 816 1681 1619
f 1681 816 825
f 1545 1514 118
f 1501 95 1539
f 1522 408 1553
f 1521 207 1542
f 1518 119 1655
f 1554 424 1475
f 1506 1567 209
f 1524 1628 822
f 1513 1547 120
f 1503 823 1627
f 1540 7 1502
f 1509 2000 1635
f 1508 1636 2001
f 1668 826 1638
f 1638 826 1577
f 1574 830 1642
f 1746 795 1575
f 1667 836 1643
f 1646 831 1673
f 1688 220 1647
f 1581 833 1699
f 837 1670 1660
f 794 1570 1652
f 987 2057 16
f 1072 66 1977
f 801 783 1548
f 783 1583 1547
f 1572 404 1565
f 1585 1655 121
f 1544 411 402
f 799 1581 1607
f 1568 1608 838
f 1587 1591 413
f 1564 811 1657
f 410 1658 405
f 1550 406 1653
f 1654 405 1549
f 798 1545 1579
f 778 798 1580
f 1519 1584 203
f 776 1587 804
f 1611 1608 210
f 1657 1578 214
f 799 1618 833
f 820 1661 1620
f 802 1689 1633
f 2111 1102 1417
f 1102 2111 2040
f 1570 406 409
f 1606 1543 402
f 1563 1629 401
f 1569 1609 403
f 1581 210 1607
f 826 797 1577
f 1650 837 1634
f 1670 126 1660
f 221 217 1661
f 220 1688 216
f 857 1622 818
f 834 819 1623
f 429 1689 1665
f 818 1632 1696
f 428 1696 431
f 828 1644 1624
f 840 1625 1645
f 1643 59 1667
f 1652 1570 418
f 1545 120 1579
f 1588 119 2142
f 1656 1612 409
f 1567 1607 210
f 1560 94 1575
f 1583 122 1547
f 1658 1638 1577
f 1656 409 1554
f 1542 214 1605
f 1653 841 1550
f 1553 405 1658
f 1654 1549 842
f 444 1668 432
f 915 1695 844
f 1649 223 1729
f 226 1729 223
f 1770 220 1664
f 829 1690 1707
f 2202 1732 1707
f 1665 860 1727
f 834 1692 1703
f 129 1692 128
f 1710 832 1647
f 1772 831 1696
f 1713 849 1675
f 863 1643 836
f 1693 866 846
f 1918 1005 29
f 1045 268 438
f 623 1043 850
f 74 851 1213
f 1717 814 1680
f 1632 404 425
f 820 791 1573
f 817 1631 1688
f 817 1572 800
f 1660 124 1588
f 1681 825 1586
f 423 437 1682
f 784 1682 1551
f 812 1620 1584
f 1618 1606 426
f 796 1576 1616
f 1639 212 1578
f 26 438 1683
f 268 1683 438
f 1610 1667 2002
f 886 1613 1640
f 1116 1684 33
f 560 1063 855
f 1685 69 68
f 1589 293 1041
f 710 537 1034
f 1638 1658 410
f 815 1617 1649
f 422 429 1691
f 832 1674 1687
f 431 1687 428
f 1623 124 1692
f 818 1696 857
f 831 1646 857
f 819 834 1665
f 1647 832 1688
f 1720 1678 427
f 818 1622 1583
f 801 1632 818
f 1665 1689 819
f 819 1585 1623
f 1572 1666 425
f 1659 1573 412
f 1626 1716 219
f 844 1746 1677
f 223 1649 222
f 1707 1690 2202
f 843 1670 837
f 873 2197 815
f 448 421 1644
f 442 1691 429
f 860 1665 834
f 1703 1692 129
f 436 428 1674
f 432 1668 441
f 1639 858 1697
f 848 833 1698
f 1679 847 1821
f 1648 861 1704
f 1772 445 1709
f 1719 434 1795
f 1614 419 1680
f 2193 426 411
f 1688 1631 216
f 1634 1587 413
f 1571 211 1716
f 1546 1615 208
f 1619 1681 2201
f 1680 392 1717
f 1681 1586 391
f 1416 1718 805
f 1423 414 1593
f 1629 1662 420
f 1719 836 1619
f 1648 221 1661
f 821 1641 1621
f 1611 215 1637
f 839 1615 824
f 835 820 1659
f 1614 827 1720
f 1696 1632 431
f 817 1687 1666
f 1645 1625 125
f 1698 1618 421
f 1689 422 1633
f 1900 372 1423
f 807 1414 713
f 935 1116 32
f 716 1600 1421
f 1579 123 1625
f 1582 218 1631
f 1682 437 1551
f 1616 1576 419
f 1620 219 1584
f 1621 423 1682
f 2175 868 1717
f 1583 1622 122
f 1585 121 1623
f 469 1800 1595
f 871 808 82
f 1799 913 1597
f 1004 1916 872
f 239 1724 229
f 1599 809 70
f 809 1602 949
f 2209 222 1649
f 1659 422 1691
f 1687 1674 428
f 1666 1687 431
f 857 1696 831
f 1622 1646 123
f 1699 215 1581
f 1694 435 1715
f 1727 429 1665
f 837 1730 843
f 1729 873 1649
f 421 448 1698
f 848 1698 1712
f 866 1669 846
f 1794 444 1700
f 1671 881 1726
f 881 1671 875
f 864 1673 831
f 1641 829 1706
f 443 1730 440
f 1650 1634 420
f 829 1626 1690
f 839 1664 1615
f 824 1663 839
f 1732 879 1707
f 2016 1749 1733
f 880 1733 1749
f 902 875 1705
f 889 874 2237
f 1734 883 1819
f 2018 10 1735
f 884 1735 1821
f 905 900 1736
f 1780 230 1704
f 133 131 1762
f 1738 888 1713
f 462 454 1754
f 922 880 1741
f 894 887 1742
f 1742 887 1710
f 235 225 1778
f 233 226 1744
f 460 456 1751
f 947 1796 1752
f 1719 2201 423
f 1720 419 1614
f 1096 2037 1036
f 1101 280 1557
f 1677 1746 93
f 435 457 1745
f 813 1745 2163
f 1694 847 1652
f 858 1639 826
f 1730 1650 440
f 1662 873 1671
f 1691 442 1753
f 1676 448 1644
f 1575 2005 1746
f 830 1679 1642
f 1641 430 1621
f 1620 1661 217
f 1613 43 1640
f 1616 427 1663
f 1626 217 1690
f 2245 220 216
f 1024 2116 67
f 1052 2036 2010
f 1769 1731 444
f 1727 1739 442
f 831 1772 864
f 864 1708 1673
f 877 1778 1770
f 1728 1744 226
f 440 1726 443
f 1698 448 1712
f 849 1645 1675
f 828 867 1676
f 453 443 1726
f 900 860 1703
f 230 227 1704
f 1749 2016 60
f 891 1747 1750
f 1747 891 859
f 1751 456 1820
f 1796 947 884
f 455 445 1779
f 231 232 1743
f 848 1743 1672
f 867 1754 1676
f 895 877 1711
f 1735 10 1821
f 226 233 1705
f 230 234 1788
f 450 458 1776
f 464 1776 458
f 131 133 1736
f 231 236 1809
f 134 1791 132
f 1701 2017 1761
f 41 1761 2017
f 461 459 1773
f 2015 1886 1714
f 225 235 1742
f 238 1742 235
f 470 1711 446
f 1123 1409 150
f 1119 149 1408
f 1664 845 1770
f 827 1701 865
f 858 1668 1794
f 915 1714 862
f 1747 1730 443
f 1696 436 1772
f 845 1663 1771
f 446 1771 433
f 867 828 849
f 826 1668 858
f 1651 1695 441
f 1637 215 1693
f 1699 1672 224
f 827 1640 1701
f 915 1677 1714
f 1700 452 1836
f 1737 901 1753
f 860 900 1739
f 1780 1704 901
f 900 1703 1736
f 859 1702 1670
f 1709 864 1772
f 843 1747 859
f 1704 221 1648
f 1673 1708 127
f 1770 1778 225
f 1745 457 1612
f 1642 1679 9
f 1646 1673 127
f 1638 441 1668
f 847 830 1652
f 1669 435 1745
f 1694 1652 418
f 1768 446 1725
f 459 461 1774
f 898 882 1777
f 1755 233 1744
f 1767 235 1778
f 236 231 1743
f 234 230 1780
f 899 888 1738
f 1645 125 1675
f 712 903 1061
f 1119 1414 189
f 1120 1718 370
f 1594 372 1419
f 1126 806 1593
f 1123 190 1420
f 563 1117 1422
f 1127 414 1594
f 90 1781 2023
f 1757 896 1783
f 919 1785 905
f 136 1786 133
f 923 1787 878
f 1901 1788 234
f 1872 1803 467
f 241 1861 238
f 1740 910 1789
f 1807 1875 1838
f 135 1791 134
f 476 1813 460
f 40 1792 2022
f 1697 222 1639
f 1678 1725 433
f 1729 226 1705
f 1674 1779 436
f 874 1728 1697
f 1700 858 1794
f 1726 440 1671
f 859 1762 1702
f 901 861 1753
f 1796 884 1715
f 864 1740 1708
f 893 864 1709
f 1743 232 1672
f 1754 454 1676
f 456 447 1820
f 866 1820 1669
f 713 1595 807
f 807 1596 1414
f 1603 1419 372
f 1718 449 370
f 890 1732 1788
f 1784 1750 453
f 1813 1752 460
f 1734 231 1809
f 888 899 1797
f 1738 132 1791
f 715 1419 1907
f 913 1915 1597
f 1800 807 1595
f 810 1601 1724
f 949 1602 1866
f 82 808 83
f 948 449 504
f 2030 228 1722
f 1721 1863 1917
f 914 871 81
f 981 1907 1865
f 1647 225 1710
f 1701 1640 42
f 1771 1663 433
f 865 1678 827
f 1794 1668 444
f 1695 915 1769
f 862 1769 915
f 1711 1771 446
f 1714 1677 92
f 1675 130 1713
f 1756 905 1785
f 907 1793 917
f 1780 878 1787
f 902 1705 1802
f 467 1760 462
f 466 1805 470
f 1758 897 1806
f 925 1766 894
f 911 1797 899
f 468 1807 455
f 1734 1819 232
f 1732 2202 227
f 1753 442 1737
f 1703 129 1736
f 1742 1710 225
f 1670 1702 128
f 1948 1808 2028
f 1806 897 1887
f 1763 890 1841
f 1811 2025 1834
f 1797 937 1842
f 1791 135 1845
f 1837 240 1848
f 1783 896 1936
f 1697 1728 223
f 1774 1763 459
f 892 922 1741
f 882 1759 1743
f 1766 455 1779
f 1739 1756 450
f 1797 462 1754
f 1726 1775 453
f 890 879 1732
f 922 1764 1733
f 1407 285 1063
f 1752 1796 447
f 1750 1747 443
f 1795 451 1741
f 1693 224 1819
f 1751 1820 866
f 1709 445 1765
f 1679 1821 2012
f 863 1749 1643
f 455 1790 468
f 916 1782 1755
f 890 1788 1817
f 923 1843 1787
f 1762 904 1823
f 904 1784 1844
f 471 1784 463
f 934 1789 910
f 240 1802 237
f 1875 1807 468
f 925 1861 1824
f 1782 918 1816
f 1825 23 22
f 1732 230 1788
f 496 1826 472
f 479 1855 474
f 137 1898 136
f 951 1827 923
f 919 926 1828
f 481 1844 471
f 1920 929 1845
f 1880 475 1842
f 246 241 1873
f 936 928 1851
f 1829 477 1839
f 240 242 1848
f 1996 1830 927
f 1897 995 1831
f 995 1897 1948
f 950 1868 924
f 248 244 1832
f 973 961 1833
f 996 931 1899
f 1811 1834 920
f 497 476 1887
f 1808 90 2028
f 2027 1783 1936
f 138 135 1885
f 1035 85 1835
f 1065 1835 85
f 1762 131 1702
f 880 863 1795
f 1719 1795 863
f 1643 1749 60
f 1748 461 451
f 1706 1748 451
f 1740 132 1708
f 1820 447 1669
f 1738 1713 130
f 1415 1592 151
f 1417 1102 1686
f 1741 461 1773
f 1737 450 1776
f 1759 236 1743
f 879 890 1774
f 1712 454 1777
f 1862 1805 466
f 1760 467 1803
f 1731 917 1793
f 908 1767 895
f 885 1761 933
f 862 1886 917
f 1802 1705 237
f 906 1775 902
f 465 1836 452
f 1814 1776 464
f 1765 455 1807
f 895 1711 1805
f 909 1768 933
f 1796 1715 447
f 947 1757 1735
f 463 1868 471
f 925 1824 932
f 1848 924 1837
f 934 1885 1789
f 910 1838 934
f 1787 1843 234
f 468 477 1875
f 921 1873 1859
f 938 1812 1759
f 25 24 945
f 77 854 78
f 1863 2165 935
f 1413 415 1595
f 32 1116 33
f 1418 1602 809
f 1415 213 1597
f 1417 870 1723
f 1600 417 1421
f 623 29 28
f 1252 438 945
f 624 79 78
f 1253 854 1840
f 982 439 946
f 243 1901 1843
f 478 464 1828
f 928 936 1890
f 1791 1845 911
f 1846 961 1809
f 930 921 1818
f 936 1851 1823
f 1852 934 952
f 1922 962 1874
f 962 1922 939
f 2026 62 1830
f 39 1834 2025
f 242 250 245
f 485 483 497
f 929 963 1880
f 955 928 1890
f 136 1851 137
f 932 1963 965
f 1891 1827 1902
f 952 940 1852
f 964 1852 940
f 477 482 491
f 505 1818 473
f 486 481 1853
f 241 246 1854
f 252 1854 246
f 135 138 1920
f 139 1920 138
f 1010 1996 1855
f 927 1855 1996
f 474 1841 479
f 958 1856 941
f 248 247 1871
f 251 1871 247
f 984 1858 920
f 1826 496 480
f 1683 27 26
f 946 439 1003
f 1755 1782 233
f 1775 1822 453
f 1838 910 1807
f 893 1807 910
f 1766 1790 455
f 1733 2021 61
f 1748 1774 461
f 896 947 1752
f 1735 1757 11
f 1751 1758 460
f 1600 1916 417
f 469 1595 415
f 1864 908 1859
f 472 1860 465
f 1817 1788 1901
f 1822 924 1868
f 1824 1861 241
f 932 1790 925
f 1785 919 1828
f 906 1802 1837
f 473 1862 466
f 1862 473 1818
f 1844 1784 471
f 1847 1803 1872
f 924 1822 906
f 31 1863 32
f 1958 1722 1800
f 1907 1419 1865
f 870 1867 1723
f 1742 238 1861
f 1785 458 1756
f 1767 1864 235
f 895 1805 908
f 1768 1804 470
f 1212 1799 1045
f 1598 540 504
f 1916 484 1866
f 949 1866 983
f 239 269 982
f 851 1004 1213
f 1253 1867 981
f 871 82 81
f 1826 1810 472
f 938 1856 1832
f 464 478 1869
f 1829 1839 932
f 1856 1847 941
f 1846 2198 1833
f 1962 1841 1817
f 245 1848 242
f 1828 926 1870
f 482 477 1829
f 926 1898 956
f 971 1833 1871
f 483 485 1849
f 1899 942 996
f 247 248 1856
f 930 246 1873
f 480 1874 1826
f 942 1899 497
f 943 930 1818
f 940 952 1875
f 967 944 1935
f 1911 955 1890
f 255 249 1902
f 963 1878 957
f 140 137 1879
f 488 475 1880
f 2045 63 1010
f 1924 958 1881
f 495 964 1892
f 138 1882 139
f 1893 942 497
f 247 968 251
f 253 250 1883
f 1859 1873 241
f 1759 1812 236
f 1789 1885 134
f 1790 1839 468
f 862 1714 1886
f 1792 1761 2022
f 917 1731 862
f 1836 465 1860
f 1805 1711 470
f 1736 133 1786
f 1886 2015 91
f 1781 1886 91
f 933 1725 885
f 1411 1061 291
f 1851 136 1823
f 1797 1842 467
f 1899 931 1813
f 1814 1869 923
f 1856 938 1847
f 476 1806 1887
f 938 1832 1812
f 1888 927 1773
f 1804 1858 466
f 1789 132 1740
f 962 918 1874
f 1827 1891 243
f 965 1829 932
f 491 1875 477
f 1963 1824 1854
f 1833 971 973
f 2107 1685 68
f 2108 34 1684
f 997 1919 1962
f 249 1891 1902
f 953 950 1848
f 2024 1010 1889
f 496 1884 480
f 498 478 1870
f 963 969 1880
f 963 1920 1878
f 974 951 1903
f 1995 1891 954
f 1858 960 505
f 488 1881 490
f 482 1892 491
f 1884 510 480
f 978 492 954
f 942 1893 2042
f 2043 13 1857
f 500 1934 498
f 1895 1965 495
f 974 986 1913
f 142 139 144
f 258 1028 249
f 259 953 245
f 520 483 506
f 1793 452 1731
f 952 1838 1875
f 1414 1596 189
f 1601 1420 190
f 937 1880 1842
f 1880 937 929
f 926 1815 1898
f 1860 472 1810
f 1786 136 1815
f 920 1804 909
f 1793 907 1897
f 1837 1802 240
f 1781 90 1808
f 1792 40 1811
f 1850 1898 137
f 1817 1901 1995
f 1869 478 1903
f 941 1847 1872
f 961 485 1887
f 1844 481 1890
f 1865 1603 1801
f 1596 1722 228
f 1724 1601 229
f 712 20 19
f 1832 244 1812
f 1843 1827 243
f 1888 474 1855
f 255 1902 974
f 478 498 1903
f 950 1906 1853
f 953 1848 245
f 1876 954 1891
f 1911 1890 486
f 246 994 252
f 505 1941 489
f 1856 958 247
f 1816 237 1782
f 497 483 1893
f 488 969 1939
f 1921 252 994
f 513 1904 1905
f 1911 979 955
f 1895 495 1892
f 1906 507 1853
f 959 965 1933
f 254 1933 256
f 870 1907 981
f 988 1941 1894
f 1018 1923 1909
f 977 2050 2024
f 1934 1961 986
f 1910 259 2019
f 492 978 509
f 1905 1453 513
f 264 257 1017
f 260 254 1914
f 991 88 2048
f 1831 465 1897
f 1853 481 1868
f 250 242 1949
f 490 1872 475
f 1824 241 1854
f 2030 1045 228
f 540 1598 1915
f 1009 523 1801
f 71 70 809
f 521 1918 850
f 523 981 1865
f 997 1962 1995
f 1817 1995 1962
f 487 479 1919
f 959 1829 965
f 960 1858 984
f 943 1818 489
f 1904 943 489
f 1878 1920 139
f 892 1830 1764
f 1763 1841 474
f 1870 478 1828
f 1874 918 1826
f 970 1895 482
f 1892 482 1895
f 994 980 1921
f 252 1921 256
f 1896 970 959
f 1849 506 483
f 978 1876 1028
f 1874 480 502
f 992 1883 1922
f 503 494 1939
f 257 251 968
f 1002 1953 1928
f 499 506 975
f 975 506 971
f 1884 967 991
f 975 2056 1923
f 1017 985 1924
f 1830 62 1764
f 1783 2027 12
f 1920 1845 135
f 1815 136 1898
f 2165 1721 290
f 87 991 2048
f 1019 501 1006
f 271 2019 259
f 514 1997 503
f 270 1896 254
f 262 992 1026
f 145 147 142
f 1008 1966 511
f 980 1967 1914
f 1894 2049 988
f 1929 509 1028
f 534 992 502
f 1132 510 1884
f 1846 1809 236
f 926 956 1870
f 958 968 247
f 964 1882 1852
f 1085 53 1974
f 1976 49 1930
f 1083 1930 1237
f 1888 1773 459
f 1899 1813 476
f 1970 1093 1931
f 1093 1970 51
f 1971 1 1932
f 1094 1932 1938
f 1007 1878 142
f 1880 969 488
f 980 1904 513
f 970 482 959
f 1933 254 1896
f 498 1934 1903
f 1881 494 1924
f 1933 965 256
f 1905 1904 489
f 492 487 997
f 955 1908 140
f 1853 507 486
f 1831 995 972
f 485 497 1887
f 1856 248 1832
f 1852 138 1885
f 996 1857 1936
f 1969 1111 1937
f 1111 1969 50
f 1972 1050 1938
f 1113 1938 1050
f 1062 1412 18
f 1117 2115 84
f 1422 1117 84
f 29 1005 30
f 73 72 983
f 1799 1597 213
f 969 957 1939
f 1923 251 1909
f 1883 262 253
f 1889 1855 479
f 1963 256 965
f 930 994 246
f 258 1940 1028
f 1960 503 1939
f 261 986 1961
f 1961 1934 500
f 1967 260 1914
f 1905 1941 508
f 993 979 1911
f 1008 1910 2019
f 1910 1008 493
f 2158 264 1017
f 1028 509 978
f 1973 99 1140
f 1141 3 1943
f 2 1943 1975
f 527 1015 1961
f 1030 515 1944
f 270 260 265
f 1016 516 1968
f 516 512 1968
f 271 1945 267
f 2052 65 1946
f 2029 514 1960
f 144 2007 145
f 1947 2033 528
f 36 998 2054
f 509 1929 517
f 1948 89 1935
f 89 1948 2028
f 1683 268 282
f 2149 96 1992
f 1471 1993 6
f 1382 1990 5
f 1398 1989 55
f 1724 239 1959
f 956 1002 1877
f 1816 1949 242
f 1833 2198 1871
f 1982 98 1950
f 1295 1950 98
f 1951 1320 4
f 3 1951 1980
f 1441 46 1991
f 1481 1994 56
f 1320 1985 4
f 1325 1983 54
f 1877 498 1870
f 1357 97 1952
f 96 1952 1987
f 1345 47 1988
f 1143 28 27
f 75 74 946
f 522 1915 913
f 985 958 1924
f 1928 1953 141
f 1906 1910 493
f 256 1914 254
f 1017 257 985
f 991 967 88
f 1910 1906 953
f 486 507 1911
f 1559 8 1999
f 1560 1998 94
f 1954 1956 48
f 47 1954 1984
f 1295 98 1955
f 97 1955 1986
f 1237 1981 1956
f 48 1956 1981
f 1979 53 1957
f 1227 1957 1085
f 2131 1005 1918
f 1917 1863 31
f 1800 521 1958
f 850 1958 521
f 949 72 71
f 484 73 983
f 495 1965 1944
f 1006 270 989
f 261 1961 1015
f 993 511 519
f 1929 1028 1940
f 499 975 525
f 913 541 522
f 30 1005 1917
f 600 981 523
f 1941 1905 489
f 1876 249 1028
f 966 487 1912
f 1851 1879 137
f 1919 1841 1962
f 1841 1919 479
f 1919 997 487
f 920 1834 984
f 489 1818 505
f 998 1453 1011
f 270 265 989
f 272 264 2158
f 267 2019 271
f 1001 141 146
f 1011 988 37
f 1001 1968 1928
f 1937 51 1969
f 1931 52 1970
f 1971 1056 2
f 1938 1 1972
f 1973 1050 100
f 1943 3 1975
f 1930 50 1976
f 2033 1947 543
f 2055 15 1925
f 531 525 975
f 146 143 1012
f 148 146 1012
f 2082 2029 999
f 1046 530 1029
f 1946 1977 2052
f 66 2052 1977
f 265 276 2031
f 1031 2006 2009
f 1070 2239 1978
f 1946 1942 1977
f 266 1015 278
f 145 1978 147
f 1073 1940 274
f 1957 54 1979
f 1951 4 1980
f 1981 1237 49
f 1950 99 1982
f 1954 48 1984
f 1955 98 1986
f 1852 1882 138
f 1952 97 1987
f 494 1997 1924
f 1635 2000 44
f 1636 58 2001
f 1891 1995 243
f 1010 63 1996
f 1830 1996 2026
f 984 1834 39
f 1997 2006 1017
f 1924 1997 1017
f 1912 1942 1946
f 987 520 499
f 1939 957 1960
f 1877 1002 512
f 493 1008 511
f 507 493 511
f 1900 914 416
f 1411 370 1798
f 1642 9 2003
f 1613 44 2004
f 1575 94 2005
f 1878 1007 957
f 960 984 1894
f 955 140 1879
f 2024 1889 966
f 990 2007 144
f 515 1046 1944
f 1046 495 1944
f 2031 1019 989
f 1967 1947 260
f 1026 1945 262
f 1667 59 2002
f 1613 2004 43
f 529 2035 532
f 1020 1100 543
f 1016 1001 1525
f 519 1966 2008
f 1022 998 36
f 1977 1942 517
f 526 2009 514
f 480 510 502
f 17 2057 2010
f 659 2034 1023
f 147 1978 2081
f 535 533 1025
f 1013 1036 2037
f 1022 36 2059
f 1525 146 148
f 1047 1025 2083
f 1038 1000 2008
f 67 2060 1024
f 2011 1677 93
f 2013 1640 43
f 856 1599 69
f 144 139 1882
f 1850 137 1953
f 141 1953 140
f 1714 92 2015
f 1733 61 2016
f 2017 1701 42
f 1735 11 2018
f 524 500 512
f 1007 147 999
f 1909 264 1927
f 1783 12 2020
f 1764 62 2021
f 2022 1761 41
f 1781 91 2023
f 1746 2005 93
f 1010 2024 64
f 1894 2046 38
f 503 1960 514
f 1964 991 87
f 524 527 1961
f 1967 543 1947
f 1940 263 274
f 988 2049 37
f 992 534 518
f 1454 1132 1964
f 869 21 20
f 1867 229 1723
f 1916 1004 484
f 2025 1811 40
f 2026 1996 63
f 2027 1936 13
f 516 535 527
f 530 1046 515
f 1015 266 261
f 1070 145 2007
f 267 1014 275
f 2030 268 1045
f 993 1911 511
f 2010 2057 987
f 1100 2033 543
f 2158 283 277
f 1071 1408 2239
f 1047 1015 527
f 1013 2037 276
f 544 526 2029
f 1072 2060 66
f 1031 526 1021
f 272 1023 2034
f 1835 532 2035
f 1052 2041 2036
f 1062 2036 2041
f 276 2037 288
f 2081 1037 2082
f 1557 280 1014
f 283 281 277
f 284 277 281
f 2083 286 1034
f 1021 1033 281
f 554 544 2082
f 548 1041 2038
f 533 2038 1025
f 555 2039 536
f 1097 1408 2039
f 149 2239 1408
f 148 150 1525
f 546 2041 903
f 1042 1558 539
f 2051 14 2042
f 976 2042 1893
f 245 253 259
f 1857 14 2043
f 1935 89 2044
f 1010 64 2045
f 984 39 2046
f 1043 1027 850
f 1027 282 268
f 1640 2013 42
f 1677 2011 92
f 1212 1045 1252
f 1917 31 30
f 23 1825 1044
f 624 542 2047
f 600 2047 542
f 1214 1009 79
f 2050 977 65
f 1019 1944 1965
f 979 1908 955
f 1964 87 2053
f 1011 37 2054
f 1925 16 2055
f 1966 273 1042
f 529 1040 1945
f 1030 1019 2031
f 1035 1964 86
f 1871 251 2056
f 1923 2056 251
f 1821 10 2012
f 1643 60 2014
f 1035 86 2058
f 526 544 1021
f 2082 999 2081
f 539 1966 1042
f 294 2238 300
f 300 2062 294
f 2063 307 295
f 303 2063 295
f 2064 1222 303
f 295 2064 303
f 2170 2066 156
f 154 156 2066
f 1106 101 2241
f 2065 2241 2070
f 101 2070 2241
f 2241 2065 2067
f 1087 154 2066
f 152 2066 2170
f 1937 1093 51
f 557 1176 552
f 102 2067 2065
f 153 2068 155
f 2069 1177 153
f 155 2069 153
f 1938 1932 1
f 558 553 1049
f 2070 101 104
f 1114 2070 1080
f 967 2044 88
f 1857 2042 14
f 2071 160 163
f 171 2071 163
f 2072 558 588
f 566 588 2074
f 1233 171 163
f 303 315 2073
f 2074 1113 1050
f 2075 2076 314
f 1236 2075 314
f 2076 2075 330
f 1229 2076 2090
f 567 582 2077
f 1133 2077 2098
f 106 2079 103
f 2246 105 2080
f 1056 1943 2
f 2032 2107 1024
f 1061 1023 277
f 147 2081 999
f 1025 279 2083
f 1032 1030 2031
f 1041 1025 2038
f 1073 1039 2032
f 659 2041 1052
f 278 2083 1034
f 176 169 1202
f 108 2246 2084
f 107 2085 106
f 1285 342 2086
f 315 2086 2088
f 175 171 168
f 342 2088 2086
f 1950 1140 99
f 2089 566 1054
f 656 2089 1054
f 2090 2092 343
f 2091 2090 343
f 642 628 2091
f 2091 628 1229
f 1141 1951 3
f 2093 294 2062
f 296 2093 2062
f 2094 295 307
f 297 2094 307
f 102 103 2061
f 101 2135 104
f 156 154 2096
f 2095 311 296
f 2062 2095 296
f 1162 156 2096
f 161 2096 154
f 1931 1066 52
f 162 2097 155
f 2129 162 155
f 1183 297 307
f 2098 2077 582
f 553 2098 2099
f 582 1056 2099
f 1094 2099 1056
f 976 1925 15
f 1946 65 977
f 1913 261 263
f 1926 143 1908
f 2100 1284 325
f 1238 657 1297
f 1330 107 2101
f 1304 672 2102
f 620 672 1058
f 1957 1325 54
f 108 2184 2103
f 2103 2184 1311
f 173 2104 178
f 1057 1956 1954
f 319 351 2106
f 1364 2106 2179
f 1064 1558 287
f 2116 1024 2107
f 1684 547 2108
f 546 1062 2041
f 545 1060 1033
f 292 287 2109
f 289 2109 287
f 691 2110 709
f 288 1063 285
f 2040 2111 148
f 1098 290 2110
f 1096 855 1063
f 2112 1121 1059
f 554 1059 545
f 1099 1409 548
f 1117 1065 2115
f 34 2108 2117
f 1100 2117 2108
f 1685 2107 1039
f 563 2114 2113
f 556 2113 2114
f 1101 2114 2109
f 1060 284 281
f 273 2019 267
f 529 1026 518
f 2115 1065 85
f 2107 68 2116
f 1062 18 2118
f 2108 2033 1100
f 104 2080 105
f 1169 161 154
f 2073 2088 1201
f 656 1295 669
f 1053 642 2119
f 686 2119 642
f 1933 1896 959
f 2091 1229 2090
f 1203 661 2120
f 1370 2120 661
f 1472 1445 2121
f 1464 2121 1445
f 1015 2083 278
f 604 1103 557
f 338 341 2143
f 629 611 1083
f 1567 1506 2122
f 1479 2122 1506
f 2103 1311 1307
f 1114 1080 2123
f 1225 2123 1080
f 1211 1161 1145
f 1308 1257 2124
f 1254 2124 1257
f 1448 1358 1321
f 679 1058 672
f 2079 2085 1262
f 1154 1161 570
f 1250 1228 322
f 2070 104 1080
f 1246 2087 1278
f 1908 979 1926
f 2061 2079 1136
f 1048 1111 1067
f 1146 572 1151
f 2110 290 1413
f 1185 1244 2125
f 1081 2125 1244
f 171 2087 2071
f 592 1195 1150
f 1194 1147 1151
f 746 1500 1436
f 664 1313 2126
f 1369 2126 1313
f 1936 1857 13
f 1423 871 1900
f 1218 1230 1234
f 2127 665 1280
f 655 2127 1280
f 1503 1444 2128
f 1399 2128 1444
f 1335 1323 1359
f 663 645 1291
f 1934 974 1903
f 155 1089 2129
f 1171 2129 1089
f 1722 1958 2030
f 528 1036 1013
f 1258 625 2130
f 1225 2130 625
f 521 1800 2131
f 469 2131 1800
f 1032 288 285
f 690 1400 1327
f 2068 1104 155
f 2132 1217 1239
f 634 2132 1239
f 316 321 2164
f 534 1454 518
f 366 360 2133
f 1410 2133 1326
f 1355 1371 696
f 1401 345 2134
f 1312 2134 352
f 1090 1131 2135
f 104 2135 2080
f 1110 1193 589
f 2136 667 1068
f 682 2136 1345
f 1995 954 997
f 1184 598 585
f 2137 622 595
f 705 694 2138
f 1342 2138 1365
f 341 1324 1296
f 1031 1021 283
f 676 690 1357
f 2118 17 2036
f 1250 1190 2139
f 1272 2139 1190
f 1189 1242 2140
f 1289 2140 1242
f 1482 775 1486
f 184 185 182
f 1217 607 1193
f 1160 1150 2141
f 1195 2141 1150
f 1541 1604 2142
f 1588 2142 1604
f 782 1569 1517
f 342 1285 2143
f 338 2143 1285
f 2080 1260 2084
f 183 1299 187
f 1344 668 2144
f 641 2144 668
f 1168 1232 605
f 2145 1628 1524
f 1495 2145 1524
f 1271 1200 2092
f 1922 502 992
f 1425 1394 1463
f 162 1171 2146
f 1137 2146 1171
f 1224 1156 590
f 1393 1347 2147
f 1347 186 192
f 1076 1092 1204
f 1373 662 1306
f 2148 1173 1219
f 619 2148 1219
f 1686 870 1417
f 999 1960 957
f 1179 1206 1220
f 615 1139 1201
f 2137 1207 1172
f 1501 733 2149
f 1128 2149 733
f 2150 1535 1494
f 1505 2150 1494
f 594 1244 609
f 2073 1197 303
f 1436 1500 2151
f 1485 2151 1500
f 1293 647 2152
f 662 2152 647
f 1341 1310 1366
f 1598 1718 1416
f 1363 368 2153
f 378 2153 368
f 343 359 1281
f 1087 597 1208
f 1031 283 2158
f 1465 1499 734
f 774 779 868
f 1526 1498 2154
f 1459 2154 1498
f 305 313 1209
f 1522 1431 2155
f 379 2155 1431
f 1261 653 643
f 1045 438 1252
f 2156 1434 739
f 698 2156 739
f 789 1586 770
f 1182 1153 1159
f 726 748 2157
f 1476 2157 748
f 1017 2006 2158
f 2006 1997 2009
f 2238 1082 2159
f 1238 2159 1082
f 332 329 2160
f 1547 1513 1470
f 2161 2136 682
f 1381 2161 682
f 362 357 2162
f 1401 2162 345
f 177 1315 2105
f 297 1236 314
f 1656 838 2163
f 1284 1076 2164
f 1307 1311 1367
f 1407 560 2165
f 935 2165 560
f 306 2221 310
f 599 606 2166
f 1223 2166 1248
f 2167 1160 1173
f 578 2167 1173
f 1353 699 681
f 1201 1139 2073
f 655 636 2168
f 1270 2168 1234
f 2105 1315 1306
f 1349 1447 2169
f 363 2169 1388
f 2160 1301 1255
f 156 1144 2170
f 1155 2170 1144
f 2101 1371 1330
f 2171 570 1107
f 853 1043 623
f 687 1403 2172
f 1298 2172 1403
f 1963 1854 252
f 1296 1324 2173
f 1365 2173 1324
f 691 2039 555
f 604 551 611
f 192 186 194
f 610 1077 2174
f 392 397 2175
f 1538 2175 380
f 1430 708 2176
f 735 2176 708
f 1283 2177 1481
f 164 2125 167
f 2178 725 769
f 792 2178 769
f 1318 1364 2179
f 351 2179 2106
f 1382 5 2180
f 1074 2180 1320
f 1487 399 2145
f 740 1471 2181
f 1282 2181 1471
f 677 1305 664
f 1213 982 946
f 589 607 2182
f 1079 2182 607
f 610 1086 1170
f 1339 670 674
f 1175 598 2183
f 1240 2183 618
f 2120 1370 2184
f 1329 2184 1370
f 2185 1191 1339
f 550 620 1227
f 1561 1438 1477
f 2171 1107 1152
f 2136 1068 1345
f 287 1558 289
f 2186 1300 1287
f 1333 2186 1287
f 1270 1234 1230
f 277 284 1061
f 369 1430 2187
f 1356 2187 2176
f 694 1492 1299
f 593 1194 1151
f 1189 1169 1208
f 1543 1606 2188
f 799 2188 1618
f 1243 1206 609
f 1404 1163 2189
f 652 2189 1163
f 2163 1745 1612
f 1085 1066 2190
f 2190 1066 1055
f 1402 1391 2191
f 364 2191 1391
f 165 1191 2192
f 1077 2192 1191
f 411 1580 2193
f 1624 2193 1580
f 996 942 1857
f 380 382 2194
f 1383 2194 366
f 1227 1085 2190
f 762 772 1562
f 1196 2195 1217
f 1233 1266 168
f 1180 299 305
f 1164 1322 2144
f 152 1155 2196
f 159 2196 1079
f 803 815 2197
f 1662 2197 873
f 1449 1424 1450
f 651 1258 1307
f 2198 1846 244
f 1871 2198 248
f 2010 2036 17
f 2199 737 707
f 724 2199 707
f 1223 1248 2200
f 1256 2200 1248
f 1681 437 2201
f 423 2201 437
f 1138 1200 1271
f 1690 221 2202
f 227 2202 221
f 822 1628 2203
f 1550 2203 1628
f 1331 346 1279
f 1266 640 2204
f 652 2204 640
f 187 1456 1483
f 400 1497 2205
f 1480 2205 1497
f 1316 1288 2206
f 2087 2206 1278
f 1301 1336 1286
f 753 2128 1399
f 1180 1209 2207
f 1199 102 2065
f 2146 1137 170
f 1259 1338 2208
f 1332 2208 1338
f 169 1274 2078
f 1649 1617 2209
f 1605 2209 1617
f 2210 1488 1342
f 353 2210 1342
f 2180 5 1985
f 1084 2095 1198
f 1204 2164 1076
f 1247 645 1279
f 1074 1320 2119
f 1192 1153 574
f 1292 1313 664
f 454 1760 1777
f 2211 1247 1188
f 584 2211 1188
f 675 2212 693
f 1129 1441 2213
f 726 2213 1441
f 1202 1303 2214
f 1280 2214 1303
f 824 1615 2215
f 1546 2215 1615
f 720 700 727
f 1865 1419 1603
f 1104 574 1089
f 587 1089 574
f 1446 1310 683
f 1644 2193 1624
f 327 1338 1259
f 1893 520 976
f 1231 318 1220
f 1177 1224 163
f 2216 353 338
f 1396 1362 2217
f 1375 2217 1362
f 1393 1484 1432
f 1348 178 2104
f 1186 1264 2218
f 174 2218 1340
f 1378 1509 779
f 2219 2234 308
f 1195 2219 301
f 1159 1192 306
f 631 1244 1185
f 770 1508 2220
f 1379 2220 1508
f 604 611 1082
f 2221 2183 1240
f 320 2221 1240
f 751 1481 2177
f 1576 1552 2222
f 397 2222 1534
f 2070 1108 2065
f 2190 1055 603
f 1489 1469 2223
f 773 2223 768
f 684 1286 1372
f 2224 1187 1259
f 568 1150 1160
f 1302 1292 2225
f 664 2225 1292
f 2226 1559 1540
f 1502 2226 1540
f 305 1145 1154
f 2227 1563 1520
f 723 2227 1520
f 723 1391 685
f 1239 1217 2195
f 1526 1556 2228
f 1592 1121 2112
f 1466 1493 2229
f 1458 2229 1493
f 1294 651 660
f 1637 813 2230
f 838 2230 2163
f 2097 2069 155
f 1327 1400 1328
f 736 1363 2231
f 1443 2231 1363
f 317 309 2232
f 1221 2232 1165
f 386 2233 395
f 1205 308 2234
f 309 2234 2219
f 2235 1303 1202
f 1137 2235 1202
f 1268 2232 1221
f 1630 1564 2236
f 207 2236 1657
f 1700 1836 2237
f 889 2237 1836
f 294 1103 2238
f 1082 2238 1103
f 1624 840 828
f 79 1009 80
f 2239 149 1978
f 598 1175 1192
f 1705 233 237
f 1187 583 2207
f 1555 1517 2240
f 1569 2240 1517
f 1078 1130 103
f 1211 605 597
f 298 2141 301
f 614 2139 1242
f 112 1330 1355
f 2067 1106 2241
f 1290 1263 2242
f 340 2242 1263
f 2113 1117 563
f 1112 1197 590
f 2243 1216 1339
f 1191 2243 1339
f 1210 1188 2244
f 322 2244 1247
f 214 2209 1605
f 1037 151 2112
f 218 1615 2245
f 1664 2245 1615
f 1478 375 387
f 1142 2130 2246
f 2130 1142 1258
f 2247 424 383
f 1536 2247 399
f 2248 1219 1173
f 298 2248 1160
f 670 1406 2249
f 322 1190 1250
f 2087 1246 2071
f 197 182 185
f 791 2228 1573
f 594 586 2171
