# File exported by Houdini 20.5.613 (www.sidefx.com)
# 4000 points
# 23400 vertices
# 7800 primitives
# Bounds: [-2.51091433, -2.46769524, -2.42333245] to [2.51091433, 2.46769524, 2.42333245]
g 
v -1.41827297 0 2.42333245 0.97647059 1 0.827450991
v -1.40614152 -0.162931859 2.41855049 0.97647059 1 0.827450991
v -1.37012529 -0.321723074 2.40422416 0.97647059 1 0.827450991
v -1.31134677 -0.472373277 2.38040853 0.97647059 1 0.827450991
v -1.23163271 -0.611157537 2.34719896 0.97647059 1 0.827450991
v -1.13345134 -0.734752119 2.30472612 0.97647059 1 0.827450991
v -1.01982498 -0.840345919 2.25315738 0.97647059 1 0.827450991
v -0.894226432 -0.925733984 2.19269633 0.97647059 1 0.827450991
v -0.76045686 -0.989389181 2.12358236 0.97647059 1 0.827450991
v -0.622514009 -1.03051066 2.04608727 0.97647059 1 0.827450991
v -0.484454036 -1.04904628 1.96051693 0.97647059 1 0.827450991
v -0.350249976 -1.04568982 1.86720955 0.97647059 1 0.827450991
v -0.223655969 -1.02184939 1.76653302 0.97647059 1 0.827450991
v -0.108077496 -0.979593754 1.658885 0.97647059 1 0.827450991
v -0.00645458698 -0.921574354 1.54469013 0.97647059 1 0.827450991
v 0.0788363516 -0.850925446 1.42439902 0.97647059 1 0.827450991
v 0.146064311 -0.771149993 1.29848623 0.97647059 1 0.827450991
v 0.194197118 -0.685991824 1.16744912 0.97647059 1 0.827450991
v 0.222934335 -0.599298477 1.03180456 0.97647059 1 0.827450991
v 0.232712179 -0.514882326 0.892088056 0.97647059 1 0.827450991
v 0.22468254 -0.436381191 0.748850882 0.97647059 1 0.827450991
v 0.200665027 -0.367129534 0.602658153 0.97647059 1 0.827450991
v 0.163077787 -0.310036063 0.454086959 0.97647059 1 0.827450991
v 0.114845477 -0.267478645 0.303723812 0.97647059 1 0.827450991
v 0.0592884794 -0.241220951 0.152161956 0.97647059 1 0.827450991
v 2.9004422e-08 -0.232346594 -1.05927228e-07 0.97647059 1 0.827450991
v -0.0592885911 -0.241221011 -0.152162462 0.97647059 1 0.827450991
v -0.114845589 -0.267478704 -0.303724319 0.97647059 1 0.827450991
v -0.16307795 -0.310035944 -0.454087496 0.97647059 1 0.827450991
v -0.200664967 -0.367129862 -0.60265857 0.97647059 1 0.827450991
v -0.224682689 -0.43638137 -0.748851001 0.97647059 1 0.827450991
v -0.232712358 -0.514882386 -0.892088354 0.97647059 1 0.827450991
v -0.222934157 -0.599299014 -1.03180492 0.97647059 1 0.827450991
v -0.19419685 -0.68599236 -1.16744947 0.97647059 1 0.827450991
v -0.146064043 -0.771150529 -1.29848659 0.97647059 1 0.827450991
v -0.0788361132 -0.850925744 -1.42439938 0.97647059 1 0.827450991
v 0.00645506382 -0.921574712 -1.54469073 0.97647059 1 0.827450991
v 0.108078033 -0.979594111 -1.65888536 0.97647059 1 0.827450991
v 0.223656207 -1.02184939 -1.76653314 0.97647059 1 0.827450991
v 0.350250036 -1.04568982 -1.86720991 0.97647059 1 0.827450991
v 0.484454215 -1.04904628 -1.96051717 0.97647059 1 0.827450991
v 0.622514367 -1.03051066 -2.0460875 0.97647059 1 0.827450991
v 0.760457218 -0.989389062 -2.1235826 0.97647059 1 0.827450991
v 0.894226909 -0.925733805 -2.19269681 0.97647059 1 0.827450991
v 1.01982546 -0.840345681 -2.25315762 0.97647059 1 0.827450991
v 1.13345158 -0.734751582 -2.30472612 0.97647059 1 0.827450991
v 1.23163307 -0.611157 -2.3471992 0.97647059 1 0.827450991
v 1.31134701 -0.472372532 -2.38040853 0.97647059 1 0.827450991
v 1.37012553 -0.321722388 -2.40422392 0.97647059 1 0.827450991
v 1.40614152 -0.162931845 -2.41855049 0.97647059 1 0.827450991
v 1.41827297 1.10476293e-07 -2.42333245 0.97647059 1 0.827450991
v 1.40614152 0.162932038 -2.41855049 0.97647059 1 0.827450991
v 1.37012517 0.321723282 -2.40422368 0.97647059 1 0.827450991
v 1.31134665 0.472373515 -2.38040853 0.97647059 1 0.827450991
v 1.23163259 0.611157656 -2.34719872 0.97647059 1 0.827450991
v 1.13345098 0.734752297 -2.30472565 0.97647059 1 0.827450991
v 1.01982474 0.840346217 -2.25315714 0.97647059 1 0.827450991
v 0.894226253 0.925734341 -2.19269657 0.97647059 1 0.827450991
v 0.760456264 0.9893893 -2.12358189 0.97647059 1 0.827450991
v 0.622513771 1.03051054 -2.04608703 0.97647059 1 0.827450991
v 0.48445344 1.04904652 -1.96051681 0.97647059 1 0.827450991
v 0.350249439 1.04568982 -1.86720943 0.97647059 1 0.827450991
v 0.223655432 1.02184927 -1.76653302 0.97647059 1 0.827450991
v 0.108077049 0.979593575 -1.65888464 0.97647059 1 0.827450991
v 0.00645434856 0.921573877 -1.54468954 0.97647059 1 0.827450991
v -0.0788369775 0.850924909 -1.42439842 0.97647059 1 0.827450991
v -0.14606452 0.771149576 -1.29848564 0.97647059 1 0.827450991
v -0.194197118 0.685991466 -1.16744852 0.97647059 1 0.827450991
v -0.222934425 0.59929806 -1.03180397 0.97647059 1 0.827450991
v -0.232712328 0.514881551 -0.892087281 0.97647059 1 0.827450991
v -0.224682331 0.436380982 -0.748850107 0.97647059 1 0.827450991
v -0.200664818 0.367129207 -0.602657497 0.97647059 1 0.827450991
v -0.163077474 0.310035467 -0.454086095 0.97647059 1 0.827450991
v -0.114845209 0.267478466 -0.303723156 0.97647059 1 0.827450991
v -0.0592881143 0.24122107 -0.1521613 0.97647059 1 0.827450991
v 2.9004422e-08 0.232346594 -1.05927228e-07 0.97647059 1 0.827450991
v 0.059288647 0.241221011 0.152162254 0.97647059 1 0.827450991
v 0.114845738 0.267478526 0.30372411 0.97647059 1 0.827450991
v 0.163078025 0.310035944 0.454087287 0.97647059 1 0.827450991
v 0.200664997 0.367129952 0.602658629 0.97647059 1 0.827450991
v 0.224682659 0.43638137 0.748851061 0.97647059 1 0.827450991
v 0.232712358 0.514882326 0.892088473 0.97647059 1 0.827450991
v 0.222934335 0.599298894 1.03180504 0.97647059 1 0.827450991
v 0.194197029 0.685992301 1.16744971 0.97647059 1 0.827450991
v 0.146063983 0.77115041 1.29848683 0.97647059 1 0.827450991
v 0.078836292 0.850925624 1.42439961 0.97647059 1 0.827450991
v -0.00645518303 0.921574712 1.54469097 0.97647059 1 0.827450991
v -0.108078152 0.979594111 1.65888572 0.97647059 1 0.827450991
v -0.223656774 1.02184963 1.76653373 0.97647059 1 0.827450991
v -0.350250781 1.04568982 1.86721015 0.97647059 1 0.827450991
v -0.484454811 1.04904652 1.96051776 0.97647059 1 0.827450991
v -0.622515023 1.03051043 2.04608774 0.97647059 1 0.827450991
v -0.760457873 0.989388704 2.1235826 0.97647059 1 0.827450991
v -0.894227564 0.925733447 2.19269729 0.97647059 1 0.827450991
v -1.01982605 0.840345144 2.25315785 0.97647059 1 0.827450991
v -1.13345218 0.734750986 2.30472612 0.97647059 1 0.827450991
v -1.23163354 0.611156166 2.34719896 0.97647059 1 0.827450991
v -1.31134677 0.472372949 2.38040853 0.97647059 1 0.827450991
v -1.37012529 0.321722746 2.40422392 0.97647059 1 0.827450991
v -1.40614152 0.162931487 2.41855049 0.97647059 1 0.827450991
v -1.39369202 0 2.35569525 0.97647059 1 0.827450991
v -1.3823688 -0.155373484 2.3510468 0.97647059 1 0.827450991
v -1.34874773 -0.306920946 2.33712006 0.97647059 1 0.827450991
v -1.29386139 -0.450945199 2.31396937 0.97647059 1 0.827450991
v -1.21939206 -0.584002435 2.28168678 0.97647059 1 0.827450991
v -1.12761116 -0.703017473 2.24039936 0.97647059 1 0.827450991
v -1.02130198 -0.805386484 2.19026995 0.97647059 1 0.827450991
v -0.903661489 -0.889062881 2.13149667 0.97647059 1 0.827450991
v -0.778190792 -0.95262301 2.06431174 0.97647059 1 0.827450991
v -0.648572266 -0.99531126 1.98897946 0.97647059 1 0.827450991
v -0.518543124 -1.01706028 1.90579736 0.97647059 1 0.827450991
v -0.39176622 -1.01848876 1.81509423 0.97647059 1 0.827450991
v -0.271702975 -1.00087237 1.71722782 0.97647059 1 0.827450991
v -0.161497086 -0.966094732 1.61258423 0.97647059 1 0.827450991
v -0.0638650656 -0.916574955 1.50157654 0.97647059 1 0.827450991
v 0.0189936161 -0.855177701 1.38464308 0.97647059 1 0.827450991
v 0.0854706168 -0.785106778 1.26224446 0.97647059 1 0.827450991
v 0.134599179 -0.709788561 1.13486469 0.97647059 1 0.827450991
v 0.16608429 -0.632745743 1.00300598 0.97647059 1 0.827450991
v 0.180306256 -0.557470262 0.867189169 0.97647059 1 0.827450991
v 0.178302765 -0.487294555 0.727949798 0.97647059 1 0.827450991
v 0.161723807 -0.425274193 0.585837424 0.97647059 1 0.827450991
v 0.132769331 -0.374074489 0.441413045 0.97647059 1 0.827450991
v 0.0941035375 -0.335875213 0.295246661 0.97647059 1 0.827450991
v 0.0487543009 -0.312292933 0.147914991 0.97647059 1 0.827450991
v 3.06159293e-08 -0.304320395 -1.02970709e-07 0.97647059 1 0.827450991
v -0.0487543903 -0.312292993 -0.147915483 0.97647059 1 0.827450991
v -0.09410353 -0.335875511 -0.295247108 0.97647059 1 0.827450991
v -0.132769361 -0.374074608 -0.441413552 0.97647059 1 0.827450991
v -0.161723733 -0.425274581 -0.585837841 0.97647059 1 0.827450991
v -0.178302705 -0.487294942 -0.727949858 0.97647059 1 0.827450991
v -0.180306464 -0.557470262 -0.867189467 0.97647059 1 0.827450991
v -0.16608423 -0.63274616 -1.00300646 0.97647059 1 0.827450991
v -0.13459906 -0.709788978 -1.13486516 0.97647059 1 0.827450991
v -0.0854703784 -0.785107255 -1.26224494 0.97647059 1 0.827450991
v -0.0189934075 -0.855177999 -1.38464332 0.97647059 1 0.827450991
v 0.063865453 -0.916575313 -1.50157714 0.97647059 1 0.827450991
v 0.161497563 -0.966094971 -1.61258471 0.97647059 1 0.827450991
v 0.271703154 -1.00087237 -1.71722794 0.97647059 1 0.827450991
v 0.39176622 -1.01848876 -1.81509447 0.97647059 1 0.827450991
v 0.518543422 -1.01706028 -1.9057976 0.97647059 1 0.827450991
v 0.648572564 -0.99531126 -1.98897958 0.97647059 1 0.827450991
v 0.778191209 -0.952622771 -2.0643115 0.97647059 1 0.827450991
v 0.903661966 -0.889062643 -2.13149691 0.97647059 1 0.827450991
v 1.02130234 -0.805386305 -2.19027019 0.97647059 1 0.827450991
v 1.12761152 -0.703016996 -2.24039936 0.97647059 1 0.827450991
v 1.21939242 -0.584001899 -2.28168702 0.97647059 1 0.827450991
v 1.29386175 -0.450944543 -2.31396937 0.97647059 1 0.827450991
v 1.34874785 -0.30692029 -2.33712006 0.97647059 1 0.827450991
v 1.3823688 -0.155373484 -2.3510468 0.97647059 1 0.827450991
v 1.39369202 1.15205751e-07 -2.35569525 0.97647059 1 0.827450991
v 1.3823688 0.155373678 -2.3510468 0.97647059 1 0.827450991
v 1.34874761 0.306921154 -2.33711982 0.97647059 1 0.827450991
v 1.29386139 0.450945437 -2.31396937 0.97647059 1 0.827450991
v 1.21939194 0.584002674 -2.28168654 0.97647059 1 0.827450991
v 1.12761104 0.703017831 -2.24039912 0.97647059 1 0.827450991
v 1.02130175 0.805386782 -2.19026947 0.97647059 1 0.827450991
v 0.903661311 0.88906312 -2.13149643 0.97647059 1 0.827450991
v 0.778190255 0.952623188 -2.06431103 0.97647059 1 0.827450991
v 0.648572028 0.995311201 -1.9889791 0.97647059 1 0.827450991
v 0.518542826 1.01706028 -1.90579724 0.97647059 1 0.827450991
v 0.391765654 1.01848865 -1.81509411 0.97647059 1 0.827450991
v 0.271702588 1.00087225 -1.71722758 0.97647059 1 0.827450991
v 0.161496818 0.966094494 -1.61258388 0.97647059 1 0.827450991
v 0.0638648272 0.916574597 -1.50157595 0.97647059 1 0.827450991
v -0.0189940631 0.855177224 -1.38464236 0.97647059 1 0.827450991
v -0.0854706168 0.78510648 -1.26224387 0.97647059 1 0.827450991
v -0.134599358 0.709788144 -1.13486409 0.97647059 1 0.827450991
v -0.166084349 0.632745385 -1.0030055 0.97647059 1 0.827450991
v -0.180306584 0.557469368 -0.867188513 0.97647059 1 0.827450991
v -0.178302497 0.487294436 -0.727949083 0.97647059 1 0.827450991
v -0.161723554 0.425273806 -0.585836589 0.97647059 1 0.827450991
v -0.132768989 0.374074161 -0.441412181 0.97647059 1 0.827450991
v -0.0941032171 0.335875213 -0.295246005 0.97647059 1 0.827450991
v -0.0487540364 0.312292814 -0.147914365 0.97647059 1 0.827450991
v 3.06159293e-08 0.304320395 -1.02970709e-07 0.97647059 1 0.827450991
v 0.0487544574 0.312292993 0.147915274 0.97647059 1 0.827450991
v 0.0941036716 0.335875332 0.295246929 0.97647059 1 0.827450991
v 0.132769436 0.374074608 0.441413343 0.97647059 1 0.827450991
v 0.161723763 0.42527464 0.585837901 0.97647059 1 0.827450991
v 0.178302824 0.487294704 0.727950037 0.97647059 1 0.827450991
v 0.180306435 0.557470262 0.867189527 0.97647059 1 0.827450991
v 0.166084319 0.63274616 1.00300694 0.97647059 1 0.827450991
v 0.13459906 0.709788978 1.13486516 0.97647059 1 0.827450991
v 0.0854703486 0.785107136 1.26224506 0.97647059 1 0.827450991
v 0.0189932287 0.855177999 1.38464355 0.97647059 1 0.827450991
v -0.0638656318 0.916575253 1.50157738 0.97647059 1 0.827450991
v -0.161497891 0.96609503 1.61258483 0.97647059 1 0.827450991
v -0.271703869 1.00087249 1.71722829 0.97647059 1 0.827450991
v -0.391767025 1.01848876 1.81509507 0.97647059 1 0.827450991
v -0.518544078 1.01706028 1.90579808 0.97647059 1 0.827450991
v -0.648573279 0.995310903 1.98897982 0.97647059 1 0.827450991
v -0.778191805 0.952622533 2.06431198 0.97647059 1 0.827450991
v -0.903662562 0.889062285 2.13149714 0.97647059 1 0.827450991
v -1.02130294 0.805385828 2.19027042 0.97647059 1 0.827450991
v -1.12761211 0.70301652 2.2403996 0.97647059 1 0.827450991
v -1.21939278 0.584001303 2.28168702 0.97647059 1 0.827450991
v -1.29386163 0.45094496 2.31396961 0.97647059 1 0.827450991
v -1.34874773 0.306920677 2.33712006 0.97647059 1 0.827450991
v -1.38236892 0.155373126 2.3510468 0.97647059 1 0.827450991
v -1.3737222 0 2.28994608 0.97647059 1 0.827450991
v -1.36313641 -0.148594365 2.28542733 0.97647059 1 0.827450991
v -1.33169973 -0.293651074 2.27188921 0.97647059 1 0.827450991
v -1.28036332 -0.431750834 2.24938488 0.97647059 1 0.827450991
v -1.2106756 -0.559707224 2.21800303 0.97647059 1 0.827450991
v -1.12472868 -0.67467308 2.17786813 0.97647059 1 0.827450991
v -1.02508497 -0.774234176 2.12913799 0.97647059 1 0.827450991
v -0.914689839 -0.856488526 2.07200527 0.97647059 1 0.827450991
v -0.796767771 -0.920107365 2.00669503 0.97647059 1 0.827450991
v -0.67471242 -0.964375854 1.93346548 0.97647059 1 0.827450991
v -0.551968396 -0.989212453 1.85260534 0.97647059 1 0.827450991
v -0.431912839 -0.995165825 1.76443374 0.97647059 1 0.827450991
v -0.317740589 -0.983389735 1.66929853 0.97647059 1 0.827450991
v -0.212353796 -0.955597043 1.56757581 0.97647059 1 0.827450991
v -0.118264675 -0.913993299 1.45966661 0.97647059 1 0.827450991
v -0.0375108719 -0.861195028 1.34599662 0.97647059 1 0.827450991
v 0.0284119248 -0.800130606 1.2270143 0.97647059 1 0.827450991
v 0.0785964727 -0.733934641 1.10318983 0.97647059 1 0.827450991
v 0.112751752 -0.665831089 0.975011408 0.97647059 1 0.827450991
v 0.131206721 -0.599016845 0.842985332 0.97647059 1 0.827450991
v 0.134892732 -0.536544561 0.707632184 0.97647059 1 0.827450991
v 0.125304073 -0.481212646 0.56948626 0.97647059 1 0.827450991
v 0.104439467 -0.435462594 0.429092884 0.97647059 1 0.827450991
v 0.0747231841 -0.401292473 0.28700608 0.97647059 1 0.827450991
v 0.038913969 -0.380182713 0.143786579 0.97647059 1 0.827450991
v 3.22102984e-08 -0.373043776 -1.0009672e-07 0.97647059 1 0.827450991
v -0.0389140323 -0.380182773 -0.143787056 0.97647059 1 0.827450991
v -0.0747231543 -0.401292771 -0.287006527 0.97647059 1 0.827450991
v -0.104439467 -0.435462654 -0.429093361 0.97647059 1 0.827450991
v -0.125304267 -0.481212556 -0.569486737 0.97647059 1 0.827450991
v -0.134892821 -0.536544681 -0.707632363 0.97647059 1 0.827450991
v -0.131206542 -0.599017203 -0.842985451 0.97647059 1 0.827450991
v -0.112751722 -0.665831447 -0.975011826 0.97647059 1 0.827450991
v -0.0785963237 -0.733935058 -1.10319018 0.97647059 1 0.827450991
v -0.0284116864 -0.800131083 -1.22701478 0.97647059 1 0.827450991
v 0.0375110805 -0.861195266 -1.34599698 0.97647059 1 0.827450991
v 0.118265063 -0.913993716 -1.45966697 0.97647059 1 0.827450991
v 0.212354451 -0.955597162 -1.56757617 0.97647059 1 0.827450991
v 0.317740619 -0.983389735 -1.66929889 0.97647059 1 0.827450991
v 0.431913018 -0.995165825 -1.76443386 0.97647059 1 0.827450991
v 0.551968515 -0.989212513 -1.85260546 0.97647059 1 0.827450991
v 0.674712718 -0.964375854 -1.9334656 0.97647059 1 0.827450991
v 0.796768188 -0.920107126 -2.00669479 0.97647059 1 0.827450991
v 0.914690137 -0.856488347 -2.07200527 0.97647059 1 0.827450991
v 1.02508533 -0.774233937 -2.12913823 0.97647059 1 0.827450991
v 1.12472892 -0.674672723 -2.17786837 0.97647059 1 0.827450991
v 1.21067595 -0.559706807 -2.21800327 0.97647059 1 0.827450991
v 1.28036356 -0.431750238 -2.24938488 0.97647059 1 0.827450991
v 1.33169985 -0.293650448 -2.27188921 0.97647059 1 0.827450991
v 1.36313641 -0.148594365 -2.28542733 0.97647059 1 0.827450991
v 1.3737222 1.1994419e-07 -2.28994608 0.97647059 1 0.827450991
v 1.36313641 0.148594573 -2.28542733 0.97647059 1 0.827450991
v 1.33169961 0.293651223 -2.27188873 0.97647059 1 0.827450991
v 1.28036332 0.431751072 -2.24938488 0.97647059 1 0.827450991
v 1.21067548 0.559707582 -2.21800303 0.97647059 1 0.827450991
v 1.12472832 0.674673438 -2.17786789 0.97647059 1 0.827450991
v 1.02508473 0.774234414 -2.12913752 0.97647059 1 0.827450991
v 0.914689481 0.856488824 -2.0720048 0.97647059 1 0.827450991
v 0.796767294 0.920107484 -2.00669456 0.97647059 1 0.827450991
v 0.674712121 0.964375913 -1.93346524 0.97647059 1 0.827450991
v 0.551967919 0.989212513 -1.85260499 0.97647059 1 0.827450991
v 0.431912482 0.995165706 -1.7644335 0.97647059 1 0.827450991
v 0.317740113 0.983389616 -1.66929853 0.97647059 1 0.827450991
v 0.212353349 0.955596745 -1.56757557 0.97647059 1 0.827450991
v 0.118264258 0.913993061 -1.45966601 0.97647059 1 0.827450991
v 0.0375103652 0.861194611 -1.34599602 0.97647059 1 0.827450991
v -0.0284121633 0.800130367 -1.22701383 0.97647059 1 0.827450991
v -0.0785966516 0.733934283 -1.10318923 0.97647059 1 0.827450991
v -0.112751633 0.66583097 -0.975010753 0.97647059 1 0.827450991
v -0.131206721 0.599016368 -0.842984557 0.97647059 1 0.827450991
v -0.134892523 0.536544442 -0.707631528 0.97647059 1 0.827450991
v -0.125304043 0.48121205 -0.569485426 0.97647059 1 0.827450991
v -0.104439199 0.435462296 -0.42909205 0.97647059 1 0.827450991
v -0.0747229829 0.401292294 -0.287005454 0.97647059 1 0.827450991
v -0.0389137007 0.380182922 -0.143785954 0.97647059 1 0.827450991
v 3.22102984e-08 0.373043776 -1.0009672e-07 0.97647059 1 0.827450991
v 0.0389140882 0.380182773 0.143786848 0.97647059 1 0.827450991
v 0.0747233033 0.401292533 0.287006348 0.97647059 1 0.827450991
v 0.104439452 0.435462654 0.42909345 0.97647059 1 0.827450991
v 0.125304267 0.481212586 0.569486797 0.97647059 1 0.827450991
v 0.134892792 0.536544681 0.707632422 0.97647059 1 0.827450991
v 0.131206512 0.599017203 0.84298557 0.97647059 1 0.827450991
v 0.112751693 0.665831447 0.975011885 0.97647059 1 0.827450991
v 0.0785962939 0.733935058 1.1031903 0.97647059 1 0.827450991
v 0.0284116268 0.800130963 1.2270149 0.97647059 1 0.827450991
v -0.0375110805 0.861195207 1.3459971 0.97647059 1 0.827450991
v -0.118265122 0.913993597 1.45966709 0.97647059 1 0.827450991
v -0.212354422 0.955597222 1.56757653 0.97647059 1 0.827450991
v -0.317741156 0.983389854 1.66929936 0.97647059 1 0.827450991
v -0.431913733 0.995165825 1.76443446 0.97647059 1 0.827450991
v -0.551969111 0.989212394 1.85260582 0.97647059 1 0.827450991
v -0.674713492 0.964375615 1.93346596 0.97647059 1 0.827450991
v -0.796768725 0.920107007 2.00669551 0.97647059 1 0.827450991
v -0.914690673 0.856487989 2.07200551 0.97647059 1 0.827450991
v -1.02508581 0.77423346 2.12913847 0.97647059 1 0.827450991
v -1.12472928 0.674672246 2.17786837 0.97647059 1 0.827450991
v -1.21067631 0.559706211 2.21800351 0.97647059 1 0.827450991
v -1.28036344 0.431750596 2.24938488 0.97647059 1 0.827450991
v -1.33169985 0.293650746 2.27188921 0.97647059 1 0.827450991
v -1.36313641 0.148594052 2.28542733 0.97647059 1 0.827450991
v -1.35806286 0 2.22603202 0.97647059 1 0.827450991
v -1.34814906 -0.142535776 2.22163939 0.97647059 1 0.827450991
v -1.31870329 -0.281798035 2.20847917 0.97647059 1 0.827450991
v -1.27060115 -0.414622247 2.18660259 0.97647059 1 0.827450991
v -1.20526922 -0.538057804 2.15609694 0.97647059 1 0.827450991
v -1.12463391 -0.649466097 2.11708236 0.97647059 1 0.827450991
v -1.03105617 -0.746606469 2.06971216 0.97647059 1 0.827450991
v -0.927249193 -0.827709377 2.01417375 0.97647059 1 0.827450991
v -0.816184878 -0.89153254 1.95068669 0.97647059 1 0.827450991
v -0.700990915 -0.937397838 1.87950099 0.97647059 1 0.827450991
v -0.584843993 -0.965209842 1.80089772 0.97647059 1 0.827450991
v -0.470859468 -0.975453019 1.71518719 0.97647059 1 0.827450991
v -0.361986667 -0.969168246 1.62270737 0.97647059 1 0.827450991
v -0.260907561 -0.947911024 1.52382374 0.97647059 1 0.827450991
v -0.169946402 -0.913690567 1.41892612 0.97647059 1 0.827450991
v -0.0909928381 -0.868894339 1.30842888 0.97647059 1 0.827450991
v -0.0254396498 -0.816197991 1.1927675 0.97647059 1 0.827450991
v 0.0258600414 -0.758467317 1.07239902 0.97647059 1 0.827450991
v 0.0626181662 -0.698651969 0.947798014 0.97647059 1 0.827450991
v 0.085116297 -0.639677167 0.819456995 0.97647059 1 0.827450991
v 0.0941874385 -0.58433795 0.687881649 0.97647059 1 0.827450991
v 0.0911819935 -0.5351969 0.55359149 0.97647059 1 0.827450991
v 0.0779131055 -0.4944897 0.417116612 0.97647059 1 0.827450991
v 0.0565843135 -0.464046806 0.278995514 0.97647059 1 0.827450991
v 0.0297062285 -0.445224434 0.139773399 0.97647059 1 0.827450991
v 3.37922046e-08 -0.438856512 -9.73029515e-08 0.97647059 1 0.827450991
v -0.0297062732 -0.445224494 -0.139773861 0.97647059 1 0.827450991
v -0.0565842465 -0.464047104 -0.278995961 0.97647059 1 0.827450991
v -0.0779130012 -0.494489998 -0.417117029 0.97647059 1 0.827450991
v -0.0911821425 -0.535196722 -0.553591967 0.97647059 1 0.827450991
v -0.0941873491 -0.584338307 -0.687881708 0.97647059 1 0.827450991
v -0.0851160884 -0.639677465 -0.819457114 0.97647059 1 0.827450991
v -0.0626181066 -0.698652267 -0.947798431 0.97647059 1 0.827450991
v -0.0258598924 -0.758467734 -1.07239938 0.97647059 1 0.827450991
v 0.0254398882 -0.816198409 -1.19276786 0.97647059 1 0.827450991
v 0.090993017 -0.868894577 -1.30842912 0.97647059 1 0.827450991
v 0.16994679 -0.913690865 -1.4189266 0.97647059 1 0.827450991
v 0.260908246 -0.947911143 -1.52382398 0.97647059 1 0.827450991
v 0.361986846 -0.969168305 -1.62270749 0.97647059 1 0.827450991
v 0.470859647 -0.975453079 -1.71518731 0.97647059 1 0.827450991
v 0.584844112 -0.965209842 -1.80089784 0.97647059 1 0.827450991
v 0.700991213 -0.937397838 -1.8795011 0.97647059 1 0.827450991
v 0.816185117 -0.891532421 -1.95068681 0.97647059 1 0.827450991
v 0.92724961 -0.827709079 -2.01417398 0.97647059 1 0.827450991
v 1.0310564 -0.746606171 -2.0697124 0.97647059 1 0.827450991
v 1.12463415 -0.64946574 -2.11708236 0.97647059 1 0.827450991
v 1.20526946 -0.538057387 -2.15609717 0.97647059 1 0.827450991
v 1.27060151 -0.414621651 -2.18660283 0.97647059 1 0.827450991
v 1.31870341 -0.281797469 -2.20847917 0.97647059 1 0.827450991
v 1.34814906 -0.142535776 -2.22163939 0.97647059 1 0.827450991
v 1.35806286 1.24702211e-07 -2.22603202 0.97647059 1 0.827450991
v 1.34814906 0.142535985 -2.22163939 0.97647059 1 0.827450991
v 1.31870317 0.281798244 -2.20847869 0.97647059 1 0.827450991
v 1.27060115 0.414622456 -2.18660259 0.97647059 1 0.827450991
v 1.2052691 0.538058162 -2.15609694 0.97647059 1 0.827450991
v 1.12463367 0.649466336 -2.11708188 0.97647059 1 0.827450991
v 1.03105593 0.746606827 -2.06971192 0.97647059 1 0.827450991
v 0.927248895 0.827709675 -2.01417375 0.97647059 1 0.827450991
v 0.816184342 0.891532779 -1.95068645 0.97647059 1 0.827450991
v 0.700990677 0.937397838 -1.87950087 0.97647059 1 0.827450991
v 0.584843516 0.965209961 -1.80089748 0.97647059 1 0.827450991
v 0.47085917 0.97545296 -1.71518683 0.97647059 1 0.827450991
v 0.361986428 0.969168186 -1.62270725 0.97647059 1 0.827450991
v 0.26090768 0.947910964 -1.52382386 0.97647059 1 0.827450991
v 0.169946223 0.913690329 -1.41892552 0.97647059 1 0.827450991
v 0.0909924209 0.868893981 -1.30842829 0.97647059 1 0.827450991
v 0.02543962 0.816197872 -1.19276679 0.97647059 1 0.827450991
v -0.0258602202 0.758467019 -1.07239842 0.97647059 1 0.827450991
v -0.062618494 0.698651552 -0.947797596 0.97647059 1 0.827450991
v -0.0851163268 0.639676869 -0.819456518 0.97647059 1 0.827450991
v -0.0941872895 0.584337831 -0.687880993 0.97647059 1 0.827450991
v -0.0911820829 0.535196304 -0.553590953 0.97647059 1 0.827450991
v -0.077912882 0.494489402 -0.417115778 0.97647059 1 0.827450991
v -0.0565841496 0.464046627 -0.278994918 0.97647059 1 0.827450991
v -0.0297060534 0.445224375 -0.139772803 0.97647059 1 0.827450991
v 3.37922046e-08 0.438856512 -9.73029515e-08 0.97647059 1 0.827450991
v 0.029706344 0.445224494 0.139773652 0.97647059 1 0.827450991
v 0.05658447 0.464046687 0.278995812 0.97647059 1 0.827450991
v 0.0779129714 0.494489998 0.417117089 0.97647059 1 0.827450991
v 0.0911821872 0.535196781 0.553592026 0.97647059 1 0.827450991
v 0.0941875279 0.584338069 0.687881887 0.97647059 1 0.827450991
v 0.0851160586 0.639677465 0.819457173 0.97647059 1 0.827450991
v 0.0626182258 0.698652148 0.947798848 0.97647059 1 0.827450991
v 0.0258598626 0.758467734 1.0723995 0.97647059 1 0.827450991
v -0.0254399478 0.816198349 1.19276798 0.97647059 1 0.827450991
v -0.0909930766 0.868894517 1.30842936 0.97647059 1 0.827450991
v -0.169946849 0.913690746 1.41892672 0.97647059 1 0.827450991
v -0.260908186 0.947911143 1.52382433 0.97647059 1 0.827450991
v -0.361987412 0.969168365 1.62270796 0.97647059 1 0.827450991
v -0.470860362 0.975453019 1.71518779 0.97647059 1 0.827450991
v -0.584844649 0.965209842 1.80089831 0.97647059 1 0.827450991
v -0.700991809 0.937397599 1.87950158 0.97647059 1 0.827450991
v -0.816185832 0.891532004 1.95068693 0.97647059 1 0.827450991
v -0.927250028 0.8277089 2.01417446 0.97647059 1 0.827450991
v -1.031057 0.746605635 2.0697124 0.97647059 1 0.827450991
v -1.12463462 0.649465084 2.11708236 0.97647059 1 0.827450991
v -1.20526981 0.538056791 2.15609741 0.97647059 1 0.827450991
v -1.27060139 0.414622039 2.18660307 0.97647059 1 0.827450991
v -1.31870329 0.281797767 2.20847917 0.97647059 1 0.827450991
v -1.34814918 0.142535448 2.22163939 0.97647059 1 0.827450991
v -1.34644008 0 2.16390181 0.97647059 1 0.827450991
v -1.33713818 -0.13714385 2.15963149 0.97647059 1 0.827450991
v -1.30950475 -0.271256179 2.1468389 0.97647059 1 0.827450991
v -1.2643466 -0.399405688 2.12557292 0.97647059 1 0.827450991
v -1.20297766 -0.518857837 2.09591866 0.97647059 1 0.827450991
v -1.12717342 -0.627164662 2.05799294 0.97647059 1 0.827450991
v -1.03910899 -0.72224462 2.01194501 0.97647059 1 0.827450991
v -0.941285014 -0.802449226 1.95795691 0.97647059 1 0.827450991
v -0.8364411 -0.866614461 1.89624131 0.97647059 1 0.827450991
v -0.727461874 -0.914095938 1.8270427 0.97647059 1 0.827450991
v -0.617277265 -0.944784641 1.75063312 0.97647059 1 0.827450991
v -0.508763313 -0.959105492 1.66731477 0.97647059 1 0.827450991
v -0.404643923 -0.957995057 1.57741618 0.97647059 1 0.827450991
v -0.307398975 -0.942863822 1.48129249 0.97647059 1 0.827450991
v -0.219180822 -0.915540278 1.37932277 0.97647059 1 0.827450991
v -0.141743869 -0.878201008 1.27190936 0.97647059 1 0.827450991
v -0.0763868392 -0.833289027 1.15947628 0.97647059 1 0.827450991
v -0.0239132941 -0.783422768 1.04246747 0.97647059 1 0.827450991
v 0.0153906345 -0.731299341 0.92134428 0.97647059 1 0.827450991
v 0.0417617261 -0.679594815 0.796585381 0.97647059 1 0.827450991
v 0.0559428036 -0.630866706 0.668682396 0.97647059 1 0.827450991
v 0.059151262 -0.587460637 0.538140297 0.97647059 1 0.827450991
v 0.0530289114 -0.551423788 0.405474573 0.97647059 1 0.827450991
v 0.0395760909 -0.524431825 0.271208555 0.97647059 1 0.827450991
v 0.0210747197 -0.507727146 0.1358722 0.97647059 1 0.827450991
v 3.5366039e-08 -0.502072752 -9.45871506e-08 0.97647059 1 0.827450991
v -0.0210747346 -0.507727146 -0.135872647 0.97647059 1 0.827450991
v -0.0395760983 -0.524431884 -0.271209002 0.97647059 1 0.827450991
v -0.0530288219 -0.551424026 -0.405474961 0.97647059 1 0.827450991
v -0.0591513366 -0.587460637 -0.538140774 0.97647059 1 0.827450991
v -0.055942744 -0.630867004 -0.668682456 0.97647059 1 0.827450991
v -0.0417616069 -0.679595053 -0.7965855 0.97647059 1 0.827450991
v -0.0153907239 -0.731299579 -0.921344757 0.97647059 1 0.827450991
v 0.0239135921 -0.783423126 -1.04246783 0.97647059 1 0.827450991
v 0.0763870478 -0.833289385 -1.15947676 0.97647059 1 0.827450991
v 0.141744167 -0.878201246 -1.27190983 0.97647059 1 0.827450991
v 0.21918115 -0.915540457 -1.37932336 0.97647059 1 0.827450991
v 0.307399482 -0.942864001 -1.48129284 0.97647059 1 0.827450991
v 0.404644042 -0.957995057 -1.5774163 0.97647059 1 0.827450991
v 0.508763373 -0.959105492 -1.66731513 0.97647059 1 0.827450991
v 0.617277443 -0.944784641 -1.75063324 0.97647059 1 0.827450991
v 0.727461994 -0.914095879 -1.82704282 0.97647059 1 0.827450991
v 0.836441338 -0.866614342 -1.89624166 0.97647059 1 0.827450991
v 0.941285193 -0.802448988 -1.95795679 0.97647059 1 0.827450991
v 1.03910923 -0.722244263 -2.01194501 0.97647059 1 0.827450991
v 1.12717366 -0.627164245 -2.05799294 0.97647059 1 0.827450991
v 1.20297801 -0.51885736 -2.09591889 0.97647059 1 0.827450991
v 1.26434684 -0.399405122 -2.12557292 0.97647059 1 0.827450991
v 1.30950487 -0.271255642 -2.1468389 0.97647059 1 0.827450991
v 1.33713818 -0.137143821 -2.15963149 0.97647059 1 0.827450991
v 1.34644008 1.29489862e-07 -2.16390181 0.97647059 1 0.827450991
v 1.33713818 0.137144029 -2.15963149 0.97647059 1 0.827450991
v 1.30950475 0.271256417 -2.14683867 0.97647059 1 0.827450991
v 1.2643466 0.399405897 -2.12557292 0.97647059 1 0.827450991
v 1.20297766 0.518858075 -2.09591866 0.97647059 1 0.827450991
v 1.12717319 0.62716496 -2.0579927 0.97647059 1 0.827450991
v 1.03910863 0.722244918 -2.01194453 0.97647059 1 0.827450991
v 0.941284716 0.802449465 -1.95795643 0.97647059 1 0.827450991
v 0.836440623 0.866614699 -1.89624107 0.97647059 1 0.827450991
v 0.727461576 0.914095938 -1.82704234 0.97647059 1 0.827450991
v 0.617276788 0.94478476 -1.75063312 0.97647059 1 0.827450991
v 0.508762836 0.959105492 -1.66731477 0.97647059 1 0.827450991
v 0.404643506 0.957995057 -1.5774163 0.97647059 1 0.827450991
v 0.307398647 0.942863703 -1.48129225 0.97647059 1 0.827450991
v 0.219180584 0.915540099 -1.37932229 0.97647059 1 0.827450991
v 0.141743571 0.878200769 -1.27190888 0.97647059 1 0.827450991
v 0.0763866007 0.833288848 -1.1594758 0.97647059 1 0.827450991
v 0.0239132643 0.783422589 -1.04246688 0.97647059 1 0.827450991
v -0.0153907537 0.731299043 -0.921343744 0.97647059 1 0.827450991
v -0.0417617857 0.679594398 -0.796584606 0.97647059 1 0.827450991
v -0.0559426844 0.630866528 -0.668681502 0.97647059 1 0.827450991
v -0.059151262 0.58746016 -0.538139582 0.97647059 1 0.827450991
v -0.0530287325 0.551423788 -0.405473977 0.97647059 1 0.827450991
v -0.0395759866 0.524431705 -0.271207988 0.97647059 1 0.827450991
v -0.0210745819 0.507727027 -0.135871619 0.97647059 1 0.827450991
v 3.5366039e-08 0.502072752 -9.45871506e-08 0.97647059 1 0.827450991
v 0.0210748017 0.507727146 0.135872453 0.97647059 1 0.827450991
v 0.0395762548 0.524431705 0.271208853 0.97647059 1 0.827450991
v 0.0530287921 0.551424026 0.40547505 0.97647059 1 0.827450991
v 0.0591513813 0.587460637 0.538140655 0.97647059 1 0.827450991
v 0.0559427142 0.630867004 0.668682516 0.97647059 1 0.827450991
v 0.0417615771 0.679595053 0.79658556 0.97647059 1 0.827450991
v 0.0153906941 0.731299579 0.921344817 0.97647059 1 0.827450991
v -0.0239136219 0.783423126 1.04246783 0.97647059 1 0.827450991
v -0.0763871074 0.833289325 1.15947688 0.97647059 1 0.827450991
v -0.141744226 0.878201187 1.27190995 0.97647059 1 0.827450991
v -0.21918121 0.915540397 1.37932348 0.97647059 1 0.827450991
v -0.307399601 0.94286406 1.48129308 0.97647059 1 0.827450991
v -0.404644698 0.957995117 1.57741702 0.97647059 1 0.827450991
v -0.508764148 0.959105372 1.66731548 0.97647059 1 0.827450991
v -0.617278039 0.944784522 1.75063372 0.97647059 1 0.827450991
v -0.727462709 0.91409564 1.82704329 0.97647059 1 0.827450991
v -0.836441934 0.866613984 1.8962419 0.97647059 1 0.827450991
v -0.94128567 0.80244863 1.95795727 0.97647059 1 0.827450991
v -1.03910959 0.722243905 2.01194525 0.97647059 1 0.827450991
v -1.12717402 0.627163768 2.05799294 0.97647059 1 0.827450991
v -1.20297837 0.518856764 2.09591913 0.97647059 1 0.827450991
v -1.26434684 0.399405479 2.12557316 0.97647059 1 0.827450991
v -1.30950487 0.271255881 2.1468389 0.97647059 1 0.827450991
v -1.33713818 0.137143508 2.15963149 0.97647059 1 0.827450991
v -1.33860445 0 2.10350537 0.97647059 1 0.827450991
v -1.32985902 -0.132369295 2.09935474 0.97647059 1 0.827450991
v -1.30387378 -0.261928678 2.08691883 0.97647059 1 0.827450991
v -1.261392 -0.38596034 2.06624651 0.97647059 1 0.827450991
v -1.20362461 -0.501927495 2.03742003 0.97647059 1 0.827450991
v -1.13220799 -0.607556939 2.00055265 0.97647059 1 0.827450991
v -1.04914737 -0.700912178 1.95579004 0.97647059 1 0.827450991
v -0.956748426 -0.780455232 1.90330851 0.97647059 1 0.827450991
v -0.857537746 -0.845093727 1.84331572 0.97647059 1 0.827450991
v -0.754176021 -0.894213438 1.77604854 0.97647059 1 0.827450991
v -0.649368286 -0.927692354 1.70177162 0.97647059 1 0.827450991
v -0.54576987 -0.945899844 1.62077892 0.97647059 1 0.827450991
v -0.44589895 -0.949676335 1.53338933 0.97647059 1 0.827450991
v -0.352049977 -0.940298676 1.43994844 0.97647059 1 0.827450991
v -0.266217798 -0.919428408 1.34082472 0.97647059 1 0.827450991
v -0.190032959 -0.889048457 1.23640954 0.97647059 1 0.827450991
v -0.124708265 -0.851387262 1.12711442 0.97647059 1 0.827450991
v -0.071002841 -0.808835983 1.01337147 0.97647059 1 0.827450991
v -0.0292015374 -0.763859332 0.89562881 0.97647059 1 0.827450991
v 0.000890940428 -0.718904018 0.774351954 0.97647059 1 0.827450991
v 0.0199340284 -0.676309168 0.65001893 0.97647059 1 0.827450991
v 0.0290219188 -0.638220906 0.523120463 0.97647059 1 0.827450991
v 0.0296383798 -0.606513143 0.394157439 0.97647059 1 0.827450991
v 0.0235965848 -0.582719207 0.263638914 0.97647059 1 0.827450991
v 0.0129676238 -0.567975998 0.132079914 0.97647059 1 0.827450991
v 3.69359228e-08 -0.562983274 -9.19471432e-08 0.97647059 1 0.827450991
v -0.0129676163 -0.567976058 -0.132080346 0.97647059 1 0.827450991
v -0.0235964879 -0.582719445 -0.263639331 0.97647059 1 0.827450991
v -0.0296382457 -0.6065135 -0.394157857 0.97647059 1 0.827450991
v -0.0290217549 -0.638221264 -0.523120821 0.97647059 1 0.827450991
v -0.0199340582 -0.676309228 -0.65001905 0.97647059 1 0.827450991
v -0.000890940428 -0.718904197 -0.774352133 0.97647059 1 0.827450991
v 0.0292014182 -0.76385951 -0.895629287 0.97647059 1 0.827450991
v 0.0710032582 -0.808836341 -1.01337171 0.97647059 1 0.827450991
v 0.124708205 -0.851387501 -1.12711489 0.97647059 1 0.827450991
v 0.190033108 -0.889048636 -1.23640978 0.97647059 1 0.827450991
v 0.266218215 -0.919428587 -1.3408252 0.97647059 1 0.827450991
v 0.352050364 -0.940298736 -1.4399488 0.97647059 1 0.827450991
v 0.445899189 -0.949676394 -1.53338945 0.97647059 1 0.827450991
v 0.545770228 -0.945899785 -1.6207788 0.97647059 1 0.827450991
v 0.649368346 -0.927692413 -1.70177197 0.97647059 1 0.827450991
v 0.754176319 -0.894213438 -1.77604866 0.97647059 1 0.827450991
v 0.857537925 -0.845093727 -1.84331608 0.97647059 1 0.827450991
v 0.956748784 -0.780454934 -1.90330875 0.97647059 1 0.827450991
v 1.04914773 -0.70091176 -1.95578992 0.97647059 1 0.827450991
v 1.13220835 -0.607556462 -2.00055265 0.97647059 1 0.827450991
v 1.20362496 -0.501927018 -2.03742003 0.97647059 1 0.827450991
v 1.26139224 -0.385959864 -2.06624675 0.97647059 1 0.827450991
v 1.3038739 -0.261928141 -2.08691883 0.97647059 1 0.827450991
v 1.32985902 -0.13236928 -2.09935474 0.97647059 1 0.827450991
v 1.33860445 1.34316693e-07 -2.10350537 0.97647059 1 0.827450991
v 1.32985902 0.132369503 -2.09935474 0.97647059 1 0.827450991
v 1.30387366 0.261928886 -2.08691859 0.97647059 1 0.827450991
v 1.26139188 0.385960639 -2.06624675 0.97647059 1 0.827450991
v 1.20362449 0.501927674 -2.0374198 0.97647059 1 0.827450991
v 1.13220787 0.607557178 -2.00055218 0.97647059 1 0.827450991
v 1.04914725 0.700912416 -1.95578957 0.97647059 1 0.827450991
v 0.956748247 0.78045547 -1.90330851 0.97647059 1 0.827450991
v 0.85753727 0.845094025 -1.84331548 0.97647059 1 0.827450991
v 0.754175842 0.894213557 -1.77604842 0.97647059 1 0.827450991
v 0.649367809 0.927692413 -1.7017715 0.97647059 1 0.827450991
v 0.545769572 0.945899844 -1.62077868 0.97647059 1 0.827450991
v 0.445898771 0.949676275 -1.53338921 0.97647059 1 0.827450991
v 0.352049619 0.940298557 -1.4399482 0.97647059 1 0.827450991
v 0.26621744 0.919428229 -1.34082425 0.97647059 1 0.827450991
v 0.190032333 0.889048159 -1.23640907 0.97647059 1 0.827450991
v 0.124707967 0.851387084 -1.12711394 0.97647059 1 0.827450991
v 0.0710029006 0.808835864 -1.01337087 0.97647059 1 0.827450991
v 0.0292013586 0.763859093 -0.895628333 0.97647059 1 0.827450991
v -0.000891208649 0.718903482 -0.774351299 0.97647059 1 0.827450991
v -0.019933939 0.676309168 -0.650018275 0.97647059 1 0.827450991
v -0.0290218443 0.638220668 -0.523119688 0.97647059 1 0.827450991
v -0.0296383202 0.606513023 -0.394156933 0.97647059 1 0.827450991
v -0.0235965103 0.582719028 -0.263638347 0.97647059 1 0.827450991
v -0.0129675269 0.567975938 -0.132079348 0.97647059 1 0.827450991
v 3.69359228e-08 0.562983274 -9.19471432e-08 0.97647059 1 0.827450991
v 0.0129676871 0.567976058 0.132080168 0.97647059 1 0.827450991
v 0.0235966519 0.582719207 0.263639152 0.97647059 1 0.827450991
v 0.0296382159 0.6065135 0.394157916 0.97647059 1 0.827450991
v 0.0290217549 0.638221264 0.52312088 0.97647059 1 0.827450991
v 0.0199340284 0.676309228 0.650019109 0.97647059 1 0.827450991
v 0.000890910625 0.718904197 0.774352193 0.97647059 1 0.827450991
v -0.029201448 0.763859451 0.895629346 0.97647059 1 0.827450991
v -0.071003288 0.808836341 1.01337171 0.97647059 1 0.827450991
v -0.124708265 0.851387382 1.12711501 0.97647059 1 0.827450991
v -0.190032929 0.889048517 1.23641002 0.97647059 1 0.827450991
v -0.266217977 0.919428527 1.34082544 0.97647059 1 0.827450991
v -0.352050513 0.940298736 1.43994904 0.97647059 1 0.827450991
v -0.445899844 0.949676394 1.53339005 0.97647059 1 0.827450991
v -0.545770824 0.945899725 1.6207794 0.97647059 1 0.827450991
v -0.649368882 0.927692294 1.70177233 0.97647059 1 0.827450991
v -0.754176974 0.89421308 1.77604878 0.97647059 1 0.827450991
v -0.857538521 0.845093369 1.8433162 0.97647059 1 0.827450991
v -0.956749201 0.780454755 1.90330923 0.97647059 1 0.827450991
v -1.04914808 0.700911403 1.95579016 0.97647059 1 0.827450991
v -1.13220859 0.607556045 2.00055313 0.97647059 1 0.827450991
v -1.2036252 0.501926541 2.03742027 0.97647059 1 0.827450991
v -1.26139212 0.385960162 2.06624675 0.97647059 1 0.827450991
v -1.30387378 0.261928439 2.08691883 0.97647059 1 0.827450991
v -1.32985914 0.132368997 2.09935474 0.97647059 1 0.827450991
v -1.33432937 0 2.04479504 0.97647059 1 0.827450991
v -1.32608938 -0.128166974 2.04076004 0.97647059 1 0.827450991
v -1.30160069 -0.2537269 2.02867126 0.97647059 1 0.827450991
v -1.26154864 -0.374157339 2.00857615 0.97647059 1 0.827450991
v -1.20704961 -0.487102389 1.9805541 0.97647059 1 0.827450991
v -1.13961232 -0.590448618 1.94471598 0.97647059 1 0.827450991
v -1.06108606 -0.682392299 1.90120232 0.97647059 1 0.827450991
v -0.973597467 -0.761496305 1.85018587 0.97647059 1 0.827450991
v -0.879477739 -0.826733351 1.79186749 0.97647059 1 0.827450991
v -0.781182885 -0.877515793 1.72647774 0.97647059 1 0.827450991
v -0.681210876 -0.913709521 1.65427399 0.97647059 1 0.827450991
v -0.582015574 -0.935632288 1.57554162 0.97647059 1 0.827450991
v -0.485925555 -0.94403553 1.49059129 0.97647059 1 0.827450991
v -0.395065993 -0.940072775 1.39975846 0.97647059 1 0.827450991
v -0.311287761 -0.925251901 1.30340135 0.97647059 1 0.827450991
v -0.236107916 -0.901376963 1.20190036 0.97647059 1 0.827450991
v -0.170661181 -0.870479524 1.09565592 0.97647059 1 0.827450991
v -0.115666568 -0.834741235 0.985087395 0.97647059 1 0.827450991
v -0.0714073181 -0.796412647 0.870631158 0.97647059 1 0.827450991
v -0.0377278924 -0.757730007 0.752739251 0.97647059 1 0.827450991
v -0.014046073 -0.720831275 0.631876469 0.97647059 1 0.827450991
v 0.000618621707 -0.68767947 0.508519709 0.97647059 1 0.827450991
v 0.0076045543 -0.659988165 0.38315618 0.97647059 1 0.827450991
v 0.00855173916 -0.639160454 0.256280541 0.97647059 1 0.827450991
v 0.00533703715 -0.626236737 0.128393456 0.97647059 1 0.827450991
v 3.85057319e-08 -0.621856928 -8.93808263e-08 0.97647059 1 0.827450991
v -0.00533703342 -0.626236558 -0.128393903 0.97647059 1 0.827450991
v -0.0085517019 -0.639160514 -0.256280959 0.97647059 1 0.827450991
v -0.00760450959 -0.659988225 -0.383156627 0.97647059 1 0.827450991
v -0.000618457794 -0.687679768 -0.508520067 0.97647059 1 0.827450991
v 0.0140461624 -0.720831573 -0.631876469 0.97647059 1 0.827450991
v 0.0377279222 -0.757730126 -0.752739429 0.97647059 1 0.827450991
v 0.0714074075 -0.796412945 -0.870631576 0.97647059 1 0.827450991
v 0.115666747 -0.834741473 -0.985087752 0.97647059 1 0.827450991
v 0.17066142 -0.870479763 -1.09565628 0.97647059 1 0.827450991
v 0.236108154 -0.901377201 -1.20190072 0.97647059 1 0.827450991
v 0.31128794 -0.925251961 -1.30340195 0.97647059 1 0.827450991
v 0.39506641 -0.940072834 -1.39975882 0.97647059 1 0.827450991
v 0.485925734 -0.94403553 -1.49059141 0.97647059 1 0.827450991
v 0.582015693 -0.935632229 -1.57554173 0.97647059 1 0.827450991
v 0.681211054 -0.913709521 -1.65427411 0.97647059 1 0.827450991
v 0.781183243 -0.877515674 -1.72647762 0.97647059 1 0.827450991
v 0.879477978 -0.826733172 -1.79186761 0.97647059 1 0.827450991
v 0.973597705 -0.761496067 -1.85018599 0.97647059 1 0.827450991
v 1.0610863 -0.682392061 -1.90120244 0.97647059 1 0.827450991
v 1.13961244 -0.59044826 -1.94471586 0.97647059 1 0.827450991
v 1.20704985 -0.487101972 -1.98055422 0.97647059 1 0.827450991
v 1.26154888 -0.374156833 -2.00857615 0.97647059 1 0.827450991
v 1.30160081 -0.253726363 -2.02867126 0.97647059 1 0.827450991
v 1.32608938 -0.128166959 -2.04076004 0.97647059 1 0.827450991
v 1.33432937 1.39191812e-07 -2.04479504 0.97647059 1 0.827450991
v 1.32608938 0.128167212 -2.04076028 0.97647059 1 0.827450991
v 1.30160058 0.253727138 -2.02867103 0.97647059 1 0.827450991
v 1.26154852 0.374157608 -2.00857615 0.97647059 1 0.827450991
v 1.20704949 0.487102687 -1.98055398 0.97647059 1 0.827450991
v 1.13961208 0.590448916 -1.9447155 0.97647059 1 0.827450991
v 1.06108582 0.682392657 -1.90120208 0.97647059 1 0.827450991
v 0.973597229 0.761496544 -1.85018563 0.97647059 1 0.827450991
v 0.879477322 0.826733589 -1.79186726 0.97647059 1 0.827450991
v 0.781182826 0.877515793 -1.72647738 0.97647059 1 0.827450991
v 0.681210458 0.913709641 -1.65427387 0.97647059 1 0.827450991
v 0.582015216 0.935632229 -1.57554138 0.97647059 1 0.827450991
v 0.485925317 0.94403553 -1.49059117 0.97647059 1 0.827450991
v 0.395066082 0.940072775 -1.39975858 0.97647059 1 0.827450991
v 0.311287433 0.925251722 -1.30340087 0.97647059 1 0.827450991
v 0.236107558 0.901376843 -1.20189989 0.97647059 1 0.827450991
v 0.170660913 0.870479345 -1.09565532 0.97647059 1 0.827450991
v 0.115666419 0.834740996 -0.985086918 0.97647059 1 0.827450991
v 0.0714071393 0.796412468 -0.870630682 0.97647059 1 0.827450991
v 0.037727803 0.757729828 -0.752738774 0.97647059 1 0.827450991
v 0.0140461326 0.720831096 -0.631875575 0.97647059 1 0.827450991
v -0.000618636608 0.687679291 -0.508519173 0.97647059 1 0.827450991
v -0.00760449469 0.659987986 -0.383155435 0.97647059 1 0.827450991
v -0.00855170935 0.639160335 -0.256279975 0.97647059 1 0.827450991
v -0.00533697009 0.626236677 -0.128392905 0.97647059 1 0.827450991
v 3.85057319e-08 0.621856928 -8.93808263e-08 0.97647059 1 0.827450991
v 0.00533708185 0.626236796 0.128393695 0.97647059 1 0.827450991
v 0.00855179131 0.639160514 0.25628078 0.97647059 1 0.827450991
v 0.007604599 0.659988225 0.383156449 0.97647059 1 0.827450991
v 0.000618487597 0.687679768 0.508520126 0.97647059 1 0.827450991
v -0.0140461922 0.720831573 0.631876528 0.97647059 1 0.827450991
v -0.037727952 0.757730126 0.752739489 0.97647059 1 0.827450991
v -0.0714072585 0.796412826 0.870631695 0.97647059 1 0.827450991
v -0.115666777 0.834741414 0.985087812 0.97647059 1 0.827450991
v -0.170661479 0.870479703 1.09565639 0.97647059 1 0.827450991
v -0.236108214 0.901377082 1.20190084 0.97647059 1 0.827450991
v -0.311288208 0.925251961 1.30340195 0.97647059 1 0.827450991
v -0.395066589 0.940072834 1.39975905 0.97647059 1 0.827450991
v -0.485926211 0.94403553 1.49059188 0.97647059 1 0.827450991
v -0.582016289 0.93563211 1.57554221 0.97647059 1 0.827450991
v -0.681211412 0.913709402 1.65427458 0.97647059 1 0.827450991
v -0.781183839 0.877515435 1.7264781 0.97647059 1 0.827450991
v -0.879478455 0.826732874 1.79186797 0.97647059 1 0.827450991
v -0.973598123 0.761495769 1.85018623 0.97647059 1 0.827450991
v -1.06108665 0.682391644 1.90120268 0.97647059 1 0.827450991
v -1.13961291 0.590447783 1.94471598 0.97647059 1 0.827450991
v -1.20705009 0.487101436 1.98055434 0.97647059 1 0.827450991
v -1.26154876 0.374157131 2.00857615 0.97647059 1 0.827450991
v -1.30160069 0.253726661 2.02867126 0.97647059 1 0.827450991
v -1.32608938 0.128166676 2.04076004 0.97647059 1 0.827450991
v -1.33340895 0 1.98772323 0.97647059 1 0.827450991
v -1.32562721 -0.124495596 1.98380101 0.97647059 1 0.827450991
v -1.30249548 -0.246569663 1.97204959 0.97647059 1 0.827450991
v -1.2646457 -0.363878608 1.95251501 0.97647059 1 0.827450991
v -1.21310771 -0.474232018 1.92527521 0.97647059 1 0.827450991
v -1.14927292 -0.575662255 1.89043725 0.97647059 1 0.827450991
v -1.07484794 -0.666487098 1.84813833 0.97647059 1 0.827450991
v -0.991794884 -0.74536109 1.7985456 0.97647059 1 0.827450991
v -0.902266085 -0.811316013 1.74185514 0.97647059 1 0.827450991
v -0.808529496 -0.863788486 1.67829037 0.97647059 1 0.827450991
v -0.712893367 -0.902632236 1.60810184 0.97647059 1 0.827450991
v -0.617626667 -0.928117037 1.53156698 0.97647059 1 0.827450991
v -0.524884999 -0.940912008 1.4489876 0.97647059 1 0.827450991
v -0.436638027 -0.942056894 1.36069012 0.97647059 1 0.827450991
v -0.354604781 -0.932917714 1.26702237 0.97647059 1 0.827450991
v -0.280198991 -0.915134192 1.16835451 0.97647059 1 0.827450991
v -0.214483947 -0.890555799 1.06507528 0.97647059 1 0.827450991
v -0.158142269 -0.861171901 0.957592845 0.97647059 1 0.827450991
v -0.11145705 -0.829036057 0.846331179 0.97647059 1 0.827450991
v -0.0743093491 -0.796190262 0.731729686 0.97647059 1 0.827450991
v -0.0461888909 -0.764588058 0.614240229 0.97647059 1 0.827450991
v -0.0262198001 -0.736023247 0.494326532 0.97647059 1 0.827450991
v -0.0131986588 -0.712062597 0.372462004 0.97647059 1 0.827450991
v -0.00564493984 -0.693989038 0.249127567 0.97647059 1 0.827450991
v -0.00186104327 -0.682754338 0.124809906 0.97647059 1 0.827450991
v 4.00791578e-08 -0.678943753 -8.68861392e-08 0.97647059 1 0.827450991
v 0.0018610917 -0.682754397 -0.124810316 0.97647059 1 0.827450991
v 0.00564505905 -0.693989277 -0.249127939 0.97647059 1 0.827450991
v 0.0131987631 -0.712062716 -0.372462392 0.97647059 1 0.827450991
v 0.0262198895 -0.736023307 -0.494326919 0.97647059 1 0.827450991
v 0.0461888313 -0.764588118 -0.614240348 0.97647059 1 0.827450991
v 0.0743093789 -0.796190321 -0.731729865 0.97647059 1 0.827450991
v 0.111457139 -0.829036295 -0.846331537 0.97647059 1 0.827450991
v 0.158142477 -0.86117208 -0.957593143 0.97647059 1 0.827450991
v 0.214484155 -0.890556097 -1.06507564 0.97647059 1 0.827450991
v 0.280199051 -0.915134251 -1.16835487 0.97647059 1 0.827450991
v 0.354605168 -0.932917833 -1.26702285 0.97647059 1 0.827450991
v 0.436638445 -0.942056894 -1.36069036 0.97647059 1 0.827450991
v 0.524885118 -0.940912127 -1.44898784 0.97647059 1 0.827450991
v 0.617626786 -0.928116977 -1.53156722 0.97647059 1 0.827450991
v 0.712893486 -0.902632236 -1.60810196 0.97647059 1 0.827450991
v 0.808529854 -0.863788366 -1.67829037 0.97647059 1 0.827450991
v 0.902266324 -0.811315894 -1.74185526 0.97647059 1 0.827450991
v 0.991795242 -0.745360851 -1.79854584 0.97647059 1 0.827450991
v 1.07484818 -0.666486859 -1.84813845 0.97647059 1 0.827450991
v 1.14927328 -0.575662017 -1.89043725 0.97647059 1 0.827450991
v 1.21310794 -0.474231601 -1.92527533 0.97647059 1 0.827450991
v 1.26464593 -0.363878131 -1.95251513 0.97647059 1 0.827450991
v 1.3024956 -0.246569172 -1.97204959 0.97647059 1 0.827450991
v 1.32562721 -0.124495566 -1.98380101 0.97647059 1 0.827450991
v 1.33340895 1.44123987e-07 -1.98772323 0.97647059 1 0.827450991
v 1.32562721 0.124495804 -1.98380101 0.97647059 1 0.827450991
v 1.30249548 0.246569902 -1.97204936 0.97647059 1 0.827450991
v 1.26464581 0.363878906 -1.95251513 0.97647059 1 0.827450991
v 1.21310759 0.474232256 -1.92527509 0.97647059 1 0.827450991
v 1.1492728 0.575662613 -1.89043689 0.97647059 1 0.827450991
v 1.0748477 0.666487396 -1.84813797 0.97647059 1 0.827450991
v 0.991794705 0.745361328 -1.79854548 0.97647059 1 0.827450991
v 0.902265668 0.811316252 -1.74185479 0.97647059 1 0.827450991
v 0.808529377 0.863788545 -1.67829013 0.97647059 1 0.827450991
v 0.71289289 0.902632296 -1.60810173 0.97647059 1 0.827450991
v 0.61762625 0.928117037 -1.53156686 0.97647059 1 0.827450991
v 0.52488476 0.940912127 -1.4489876 0.97647059 1 0.827450991
v 0.436637759 0.942056775 -1.36068976 0.97647059 1 0.827450991
v 0.354604453 0.932917535 -1.26702201 0.97647059 1 0.827450991
v 0.280198574 0.915134013 -1.16835392 0.97647059 1 0.827450991
v 0.214483708 0.89055568 -1.06507468 0.97647059 1 0.827450991
v 0.15814203 0.861171722 -0.957592368 0.97647059 1 0.827450991
v 0.111456871 0.829035878 -0.846330702 0.97647059 1 0.827450991
v 0.0743092 0.796189964 -0.731728971 0.97647059 1 0.827450991
v 0.0461888611 0.764587939 -0.614239633 0.97647059 1 0.827450991
v 0.026219666 0.73602283 -0.494325846 0.97647059 1 0.827450991
v 0.0131986737 0.712062478 -0.372461259 0.97647059 1 0.827450991
v 0.00564502925 0.693989038 -0.249126807 0.97647059 1 0.827450991
v 0.00186108425 0.682754457 -0.124809362 0.97647059 1 0.827450991
v 4.00791578e-08 0.678943753 -8.68861392e-08 0.97647059 1 0.827450991
v -0.00186101347 0.682754397 0.124810137 0.97647059 1 0.827450991
v -0.00564491004 0.693989038 0.24912779 0.97647059 1 0.827450991
v -0.0131986737 0.712062716 0.372462213 0.97647059 1 0.827450991
v -0.0262198746 0.736023366 0.494326979 0.97647059 1 0.827450991
v -0.0461888015 0.764587998 0.614240408 0.97647059 1 0.827450991
v -0.0743094087 0.796190321 0.731729925 0.97647059 1 0.827450991
v -0.11145708 0.829036117 0.846331656 0.97647059 1 0.827450991
v -0.158142447 0.86117208 0.957593262 0.97647059 1 0.827450991
v -0.214484215 0.890556037 1.06507576 0.97647059 1 0.827450991
v -0.280199379 0.915134311 1.16835499 0.97647059 1 0.827450991
v -0.354605228 0.932917714 1.26702297 0.97647059 1 0.827450991
v -0.436638564 0.942056894 1.36069071 0.97647059 1 0.827450991
v -0.524885595 0.940912008 1.44898832 0.97647059 1 0.827450991
v -0.617627382 0.928116858 1.53156769 0.97647059 1 0.827450991
v -0.712893844 0.902632058 1.60810244 0.97647059 1 0.827450991
v -0.808530331 0.863788128 1.67829072 0.97647059 1 0.827450991
v -0.9022668 0.811315536 1.7418555 0.97647059 1 0.827450991
v -0.991795599 0.745360494 1.79854596 0.97647059 1 0.827450991
v -1.07484853 0.666486382 1.84813857 0.97647059 1 0.827450991
v -1.14927351 0.57566148 1.89043725 0.97647059 1 0.827450991
v -1.2131083 0.474231035 1.92527544 0.97647059 1 0.827450991
v -1.26464593 0.363878429 1.95251524 0.97647059 1 0.827450991
v -1.30249548 0.246569425 1.97204959 0.97647059 1 0.827450991
v -1.32562733 0.124495327 1.98380101 0.97647059 1 0.827450991
v -1.33565605 0 1.93224442 0.97647059 1 0.827450991
v -1.32828939 -0.121317312 1.92843163 0.97647059 1 0.827450991
v -1.30638576 -0.240382791 1.91700816 0.97647059 1 0.827450991
v -1.27052855 -0.355016351 1.89801896 0.97647059 1 0.827450991
v -1.22166812 -0.463178635 1.87153947 0.97647059 1 0.827450991
v -1.16108859 -0.563035607 1.83767366 0.97647059 1 0.827450991
v -1.09036493 -0.653015375 1.7965554 0.97647059 1 0.827450991
v -1.01130927 -0.731856227 1.74834692 0.97647059 1 0.827450991
v -0.925909162 -0.798643947 1.69323862 0.97647059 1 0.827450991
v -0.836260915 -0.852836072 1.63144791 0.97647059 1 0.827450991
v -0.744498193 -0.894274712 1.56321836 0.97647059 1 0.827450991
v -0.652721405 -0.923184991 1.48881984 0.97647059 1 0.827450991
v -0.562926948 -0.940160036 1.40854537 0.97647059 1 0.827450991
v -0.47694248 -0.946133971 1.32271218 0.97647059 1 0.827450991
v -0.396366447 -0.942342401 1.23165882 0.97647059 1 0.827450991
v -0.32251817 -0.930273354 1.13574481 0.97647059 1 0.827450991
v -0.256395847 -0.911608815 1.03534818 0.97647059 1 0.827450991
v -0.198649526 -0.888160706 0.930865765 0.97647059 1 0.827450991
v -0.149562865 -0.861801684 0.822709441 0.97647059 1 0.827450991
v -0.1090509 -0.834394693 0.711306572 0.97647059 1 0.827450991
v -0.0766702443 -0.807723463 0.597096324 0.97647059 1 0.827450991
v -0.0516421944 -0.783426404 0.480529517 0.97647059 1 0.827450991
v -0.0328876227 -0.762935162 0.362066329 0.97647059 1 0.827450991
v -0.0190734491 -0.747422159 0.242174208 0.97647059 1 0.827450991
v -0.00866729021 -0.737757325 0.121326357 0.97647059 1 0.827450991
v 4.16596571e-08 -0.734475493 -8.44610852e-08 0.97647059 1 0.827450991
v 0.00866735727 -0.737757325 -0.121326759 0.97647059 1 0.827450991
v 0.0190735161 -0.747422218 -0.24217461 0.97647059 1 0.827450991
v 0.0328877419 -0.762935162 -0.362066716 0.97647059 1 0.827450991
v 0.0516422838 -0.783426464 -0.480529875 0.97647059 1 0.827450991
v 0.0766702741 -0.807723582 -0.597096384 0.97647059 1 0.827450991
v 0.109050989 -0.834394813 -0.711306751 0.97647059 1 0.827450991
v 0.149562985 -0.861801863 -0.822709739 0.97647059 1 0.827450991
v 0.198649734 -0.888160884 -0.930866003 0.97647059 1 0.827450991
v 0.256396085 -0.911609054 -1.03534853 0.97647059 1 0.827450991
v 0.322518289 -0.930273414 -1.13574505 0.97647059 1 0.827450991
v 0.396366805 -0.942342401 -1.23165917 0.97647059 1 0.827450991
v 0.476942837 -0.946133971 -1.32271254 0.97647059 1 0.827450991
v 0.562927067 -0.940159976 -1.40854549 0.97647059 1 0.827450991
v 0.652721524 -0.923184931 -1.48881996 0.97647059 1 0.827450991
v 0.744498491 -0.894274712 -1.56321859 0.97647059 1 0.827450991
v 0.836261034 -0.852835953 -1.63144815 0.97647059 1 0.827450991
v 0.9259094 -0.798643708 -1.69323862 0.97647059 1 0.827450991
v 1.01130939 -0.731856048 -1.74834704 0.97647059 1 0.827450991
v 1.09036517 -0.653015137 -1.79655552 0.97647059 1 0.827450991
v 1.16108871 -0.56303519 -1.83767366 0.97647059 1 0.827450991
v 1.22166848 -0.463178217 -1.87153959 0.97647059 1 0.827450991
v 1.27052879 -0.355015844 -1.89801896 0.97647059 1 0.827450991
v 1.30638587 -0.240382314 -1.91700816 0.97647059 1 0.827450991
v 1.32828939 -0.121317282 -1.92843163 0.97647059 1 0.827450991
v 1.33565605 1.49121576e-07 -1.93224442 0.97647059 1 0.827450991
v 1.32828939 0.121317521 -1.92843163 0.97647059 1 0.827450991
v 1.30638576 0.240383059 -1.91700804 0.97647059 1 0.827450991
v 1.27052855 0.355016589 -1.89801896 0.97647059 1 0.827450991
v 1.221668 0.463178873 -1.87153924 0.97647059 1 0.827450991
v 1.16108835 0.563035846 -1.83767331 0.97647059 1 0.827450991
v 1.09036469 0.653015614 -1.79655504 0.97647059 1 0.827450991
v 1.01130903 0.731856525 -1.74834669 0.97647059 1 0.827450991
v 0.925908744 0.798644185 -1.69323826 0.97647059 1 0.827450991
v 0.836260736 0.852836013 -1.63144767 0.97647059 1 0.827450991
v 0.744497955 0.894274831 -1.56321836 0.97647059 1 0.827450991
v 0.652721047 0.923184991 -1.48881972 0.97647059 1 0.827450991
v 0.56292671 0.940160036 -1.40854537 0.97647059 1 0.827450991
v 0.476942182 0.946133852 -1.32271194 0.97647059 1 0.827450991
v 0.396366119 0.942342281 -1.23165846 0.97647059 1 0.827450991
v 0.322517663 0.930273175 -1.13574433 0.97647059 1 0.827450991
v 0.256395638 0.911608696 -1.0353477 0.97647059 1 0.827450991
v 0.198649377 0.888160646 -0.930865228 0.97647059 1 0.827450991
v 0.149562687 0.861801505 -0.822708964 0.97647059 1 0.827450991
v 0.109050691 0.834394395 -0.711305916 0.97647059 1 0.827450991
v 0.0766702741 0.807723522 -0.597095728 0.97647059 1 0.827450991
v 0.0516420752 0.783426285 -0.48052901 0.97647059 1 0.827450991
v 0.0328875929 0.762934923 -0.362065613 0.97647059 1 0.827450991
v 0.0190734193 0.747422099 -0.242173702 0.97647059 1 0.827450991
v 0.00866727903 0.737757266 -0.121325843 0.97647059 1 0.827450991
v 4.16596571e-08 0.734475493 -8.44610852e-08 0.97647059 1 0.827450991
v -0.00866727158 0.737757325 0.121326588 0.97647059 1 0.827450991
v -0.0190734044 0.747422099 0.242174461 0.97647059 1 0.827450991
v -0.0328876525 0.762935162 0.362066537 0.97647059 1 0.827450991
v -0.0516422689 0.783426523 0.480529934 0.97647059 1 0.827450991
v -0.0766702443 0.807723522 0.597096503 0.97647059 1 0.827450991
v -0.109051019 0.834394753 0.71130681 0.97647059 1 0.827450991
v -0.149562955 0.861801803 0.822709858 0.97647059 1 0.827450991
v -0.198649704 0.888160884 0.930866122 0.97647059 1 0.827450991
v -0.256396145 0.911608934 1.03534865 0.97647059 1 0.827450991
v -0.322518408 0.930273294 1.13574517 0.97647059 1 0.827450991
v -0.396366805 0.942342341 1.23165941 0.97647059 1 0.827450991
v -0.476942956 0.946133912 1.32271278 0.97647059 1 0.827450991
v -0.562927544 0.940159917 1.40854597 0.97647059 1 0.827450991
v -0.65272218 0.923184812 1.48882031 0.97647059 1 0.827450991
v -0.744498909 0.894274533 1.56321907 0.97647059 1 0.827450991
v -0.83626163 0.852835655 1.63144839 0.97647059 1 0.827450991
v -0.925909877 0.79864347 1.69323909 0.97647059 1 0.827450991
v -1.01130986 0.73185575 1.7483474 0.97647059 1 0.827450991
v -1.09036553 0.65301466 1.79655564 0.97647059 1 0.827450991
v -1.16108906 0.563034713 1.83767378 0.97647059 1 0.827450991
v -1.2216686 0.463177651 1.87153959 0.97647059 1 0.827450991
v -1.27052879 0.355016142 1.89801908 0.97647059 1 0.827450991
v -1.30638576 0.240382567 1.91700816 0.97647059 1 0.827450991
v -1.32828939 0.121317029 1.92843163 0.97647059 1 0.827450991
v -1.34090173 0 1.87831402 0.97647059 1 0.827450991
v -1.33390999 -0.118597552 1.87460744 0.97647059 1 0.827450991
v -1.31311572 -0.235098362 1.86350298 0.97647059 1 0.827450991
v -1.27905774 -0.347471714 1.84504378 0.97647059 1 0.827450991
v -1.23261321 -0.453816414 1.81930339 0.97647059 1 0.827450991
v -1.174968 -0.55242002 1.78638279 0.97647059 1 0.827450991
v -1.10757685 -0.641811609 1.74641216 0.97647059 1 0.827450991
v -1.03211355 -0.720805764 1.69954908 0.97647059 1 0.827450991
v -0.950415492 -0.788536251 1.64597893 0.97647059 1 0.827450991
v -0.864420712 -0.844480038 1.58591294 0.97647059 1 0.827450991
v -0.776104093 -0.888467669 1.51958787 0.97647059 1 0.827450991
v -0.687410295 -0.920682609 1.44726574 0.97647059 1 0.827450991
v -0.600190938 -0.941647172 1.3692317 0.97647059 1 0.827450991
v -0.516143441 -0.952198386 1.28579426 0.97647059 1 0.827450991
v -0.436756015 -0.953451216 1.1972822 0.97647059 1 0.827450991
v -0.363261908 -0.94675386 1.10404527 0.97647059 1 0.827450991
v -0.296600312 -0.933634102 1.00645077 0.97647059 1 0.827450991
v -0.237391561 -0.915740311 0.904884577 0.97647059 1 0.827450991
v -0.185920894 -0.89477849 0.79974699 0.97647059 1 0.827450991
v -0.142135188 -0.872446895 0.691453457 0.97647059 1 0.827450991
v -0.105653107 -0.850372791 0.580430925 0.97647059 1 0.827450991
v -0.0757860392 -0.830051899 0.467117578 0.97647059 1 0.827450991
v -0.0515698045 -0.812791169 0.351960748 0.97647059 1 0.827450991
v -0.031807363 -0.799661279 0.235414952 0.97647059 1 0.827450991
v -0.0151191689 -0.791457415 0.117940038 0.97647059 1 0.827450991
v 4.32505516e-08 -0.78866756 -8.21037105e-08 0.97647059 1 0.827450991
v 0.0151192397 -0.791457295 -0.117940441 0.97647059 1 0.827450991
v 0.0318074897 -0.799661458 -0.235415325 0.97647059 1 0.827450991
v 0.0515699089 -0.812791109 -0.351961136 0.97647059 1 0.827450991
v 0.0757861286 -0.830051839 -0.467117935 0.97647059 1 0.827450991
v 0.105653137 -0.85037291 -0.580430984 0.97647059 1 0.827450991
v 0.142135248 -0.872446954 -0.691453636 0.97647059 1 0.827450991
v 0.185921013 -0.894778609 -0.799747288 0.97647059 1 0.827450991
v 0.237391889 -0.91574055 -0.904884875 0.97647059 1 0.827450991
v 0.29660058 -0.933634281 -1.00645113 0.97647059 1 0.827450991
v 0.363262087 -0.946753919 -1.10404551 0.97647059 1 0.827450991
v 0.436756313 -0.953451157 -1.19728279 0.97647059 1 0.827450991
v 0.516143799 -0.952198386 -1.28579462 0.97647059 1 0.827450991
v 0.600191057 -0.941647172 -1.36923194 0.97647059 1 0.827450991
v 0.687410414 -0.920682549 -1.44726586 0.97647059 1 0.827450991
v 0.776104212 -0.888467669 -1.51958799 0.97647059 1 0.827450991
v 0.864420891 -0.844479918 -1.58591306 0.97647059 1 0.827450991
v 0.950415671 -0.788536072 -1.64597905 0.97647059 1 0.827450991
v 1.03211379 -0.720805526 -1.69954932 0.97647059 1 0.827450991
v 1.10757697 -0.64181143 -1.74641216 0.97647059 1 0.827450991
v 1.17496836 -0.552419722 -1.78638279 0.97647059 1 0.827450991
v 1.23261344 -0.453815997 -1.81930339 0.97647059 1 0.827450991
v 1.27905798 -0.347471267 -1.8450439 0.97647059 1 0.827450991
v 1.31311584 -0.235097915 -1.86350298 0.97647059 1 0.827450991
v 1.33390999 -0.118597522 -1.87460744 0.97647059 1 0.827450991
v 1.34090173 1.54192691e-07 -1.87831402 0.97647059 1 0.827450991
v 1.33390987 0.118597776 -1.87460756 0.97647059 1 0.827450991
v 1.31311584 0.23509863 -1.86350274 0.97647059 1 0.827450991
v 1.27905774 0.347472012 -1.84504378 0.97647059 1 0.827450991
v 1.23261309 0.453816682 -1.81930315 0.97647059 1 0.827450991
v 1.17496789 0.552420378 -1.78638244 0.97647059 1 0.827450991
v 1.10757649 0.641811967 -1.74641192 0.97647059 1 0.827450991
v 1.03211331 0.720806003 -1.69954896 0.97647059 1 0.827450991
v 0.950415134 0.788536549 -1.64597869 0.97647059 1 0.827450991
v 0.864420652 0.844480157 -1.58591282 0.97647059 1 0.827450991
v 0.776103675 0.888467729 -1.51958776 0.97647059 1 0.827450991
v 0.687409878 0.920682549 -1.44726562 0.97647059 1 0.827450991
v 0.60019058 0.941647172 -1.3692317 0.97647059 1 0.827450991
v 0.516143143 0.952198327 -1.28579402 0.97647059 1 0.827450991
v 0.436755717 0.953451097 -1.19728184 0.97647059 1 0.827450991
v 0.363261461 0.94675374 -1.1040448 0.97647059 1 0.827450991
v 0.296600074 0.933634043 -1.0064503 0.97647059 1 0.827450991
v 0.237391442 0.915740311 -0.90488404 0.97647059 1 0.827450991
v 0.185920566 0.894778252 -0.799746573 0.97647059 1 0.827450991
v 0.142134979 0.872446656 -0.69145304 0.97647059 1 0.827450991
v 0.105653062 0.85037291 -0.580430329 0.97647059 1 0.827450991
v 0.0757858753 0.830051601 -0.467116892 0.97647059 1 0.827450991
v 0.05156973 0.81279099 -0.351960272 0.97647059 1 0.827450991
v 0.0318073556 0.799661279 -0.23541443 0.97647059 1 0.827450991
v 0.0151191391 0.791457295 -0.117939539 0.97647059 1 0.827450991
v 4.32505516e-08 0.78866756 -8.21037105e-08 0.97647059 1 0.827450991
v -0.0151191689 0.791457415 0.117940262 0.97647059 1 0.827450991
v -0.0318073779 0.799661279 0.235415176 0.97647059 1 0.827450991
v -0.0515699387 0.812791109 0.351961195 0.97647059 1 0.827450991
v -0.0757861286 0.830051899 0.467117995 0.97647059 1 0.827450991
v -0.105653167 0.85037291 0.580431044 0.97647059 1 0.827450991
v -0.142135277 0.872446895 0.691453695 0.97647059 1 0.827450991
v -0.185920924 0.89477849 0.799747407 0.97647059 1 0.827450991
v -0.2373918 0.91574043 0.904884994 0.97647059 1 0.827450991
v -0.29660064 0.933634222 1.00645125 0.97647059 1 0.827450991
v -0.363262147 0.94675386 1.10404563 0.97647059 1 0.827450991
v -0.436756611 0.953451216 1.19728291 0.97647059 1 0.827450991
v -0.516143918 0.952198327 1.28579485 0.97647059 1 0.827450991
v -0.600191474 0.941647053 1.3692323 0.97647059 1 0.827450991
v -0.687410951 0.920682371 1.44726622 0.97647059 1 0.827450991
v -0.776104569 0.888467491 1.51958847 0.97647059 1 0.827450991
v -0.864421308 0.84447968 1.58591342 0.97647059 1 0.827450991
v -0.950416148 0.788535833 1.6459794 0.97647059 1 0.827450991
v -1.03211415 0.720805109 1.69954956 0.97647059 1 0.827450991
v -1.10757732 0.641811013 1.7464124 0.97647059 1 0.827450991
v -1.1749686 0.552419186 1.78638291 0.97647059 1 0.827450991
v -1.2326138 0.45381546 1.81930339 0.97647059 1 0.827450991
v -1.27905798 0.347471535 1.8450439 0.97647059 1 0.827450991
v -1.31311572 0.235098153 1.86350298 0.97647059 1 0.827450991
v -1.33390999 0.118597299 1.87460744 0.97647059 1 0.827450991
v -1.34899354 0 1.8258884 0.97647059 1 0.827450991
v -1.34233952 -0.116304755 1.82228541 0.97647059 1 0.827450991
v -1.32254505 -0.230654389 1.81149089 0.97647059 1 0.827450991
v -1.29010761 -0.341154665 1.7935468 0.97647059 1 0.827450991
v -1.24583745 -0.446030289 1.76852477 0.97647059 1 0.827450991
v -1.19083035 -0.543680072 1.73652327 0.97647059 1 0.827450991
v -1.12643051 -0.632724881 1.69766808 0.97647059 1 0.827450991
v -1.05418563 -0.712048292 1.6521132 0.97647059 1 0.827450991
v -0.975794733 -0.780828238 1.60003817 0.97647059 1 0.827450991
v -0.893051505 -0.838558197 1.54164863 0.97647059 1 0.827450991
v -0.807784617 -0.885057211 1.47717476 0.97647059 1 0.827450991
v -0.721797049 -0.920470238 1.40687108 0.97647059 1 0.827450991
v -0.636807024 -0.94525373 1.33101523 0.97647059 1 0.827450991
v -0.554393411 -0.960154951 1.24990654 0.97647059 1 0.827450991
v -0.475943685 -0.966177464 1.16386497 0.97647059 1 0.827450991
v -0.402612269 -0.964540482 1.07323027 0.97647059 1 0.827450991
v -0.335285366 -0.956629634 0.978359818 0.97647059 1 0.827450991
v -0.274556428 -0.943942785 0.87962836 0.97647059 1 0.827450991
v -0.220712468 -0.928031981 0.777425289 0.97647059 1 0.827450991
v -0.17373085 -0.91044426 0.672154307 0.97647059 1 0.827450991
v -0.133287832 -0.892662883 0.564230561 0.97647059 1 0.827450991
v -0.0987782329 -0.876051605 0.454079866 0.97647059 1 0.827450991
v -0.0693442971 -0.861803114 0.342137188 0.97647059 1 0.827450991
v -0.0439148471 -0.850894868 0.228844285 0.97647059 1 0.827450991
v -0.0212512873 -0.844052076 0.114648223 0.97647059 1 0.827450991
v 4.48550033e-08 -0.841720819 -7.98121178e-08 0.97647059 1 0.827450991
v 0.0212513916 -0.844052076 -0.114648603 0.97647059 1 0.827450991
v 0.0439149663 -0.850894809 -0.228844658 0.97647059 1 0.827450991
v 0.0693444014 -0.861803174 -0.342137575 0.97647059 1 0.827450991
v 0.0987783372 -0.876051605 -0.454080224 0.97647059 1 0.827450991
v 0.133287862 -0.892662883 -0.564230621 0.97647059 1 0.827450991
v 0.173730895 -0.91044426 -0.672154486 0.97647059 1 0.827450991
v 0.220712572 -0.9280321 -0.777425647 0.97647059 1 0.827450991
v 0.274556667 -0.943942904 -0.879628658 0.97647059 1 0.827450991
v 0.335285515 -0.956629813 -0.978360236 0.97647059 1 0.827450991
v 0.402612567 -0.964540601 -1.07323062 0.97647059 1 0.827450991
v 0.475943983 -0.966177464 -1.16386545 0.97647059 1 0.827450991
v 0.554393768 -0.960154891 -1.2499069 0.97647059 1 0.827450991
v 0.636807144 -0.94525373 -1.33101535 0.97647059 1 0.827450991
v 0.721797109 -0.920470119 -1.40687132 0.97647059 1 0.827450991
v 0.807784736 -0.885057211 -1.47717488 0.97647059 1 0.827450991
v 0.893051744 -0.838558078 -1.54164875 0.97647059 1 0.827450991
v 0.975794911 -0.780827999 -1.60003829 0.97647059 1 0.827450991
v 1.05418575 -0.712048113 -1.65211332 0.97647059 1 0.827450991
v 1.12643063 -0.632724643 -1.69766819 0.97647059 1 0.827450991
v 1.19083047 -0.543679774 -1.73652315 0.97647059 1 0.827450991
v 1.24583757 -0.446029902 -1.76852489 0.97647059 1 0.827450991
v 1.29010773 -0.341154158 -1.7935468 0.97647059 1 0.827450991
v 1.32254517 -0.230653942 -1.81149077 0.97647059 1 0.827450991
v 1.34233952 -0.116304696 -1.82228541 0.97647059 1 0.827450991
v 1.34899354 1.59345177e-07 -1.8258884 0.97647059 1 0.827450991
v 1.34233952 0.116304964 -1.82228541 0.97647059 1 0.827450991
v 1.32254493 0.230654657 -1.81149065 0.97647059 1 0.827450991
v 1.29010761 0.341154903 -1.7935468 0.97647059 1 0.827450991
v 1.24583733 0.446030587 -1.76852465 0.97647059 1 0.827450991
v 1.19083011 0.543680429 -1.73652291 0.97647059 1 0.827450991
v 1.12643039 0.632725239 -1.69766772 0.97647059 1 0.827450991
v 1.05418527 0.71204859 -1.65211296 0.97647059 1 0.827450991
v 0.975794375 0.780828476 -1.60003793 0.97647059 1 0.827450991
v 0.893051326 0.838558197 -1.54164851 0.97647059 1 0.827450991
v 0.807784319 0.88505733 -1.47717464 0.97647059 1 0.827450991
v 0.721796632 0.920470238 -1.40687108 0.97647059 1 0.827450991
v 0.636806846 0.94525373 -1.33101511 0.97647059 1 0.827450991
v 0.55439347 0.960154891 -1.24990666 0.97647059 1 0.827450991
v 0.475943327 0.966177404 -1.16386461 0.97647059 1 0.827450991
v 0.402611971 0.964540422 -1.07322979 0.97647059 1 0.827450991
v 0.335285038 0.956629634 -0.978359401 0.97647059 1 0.827450991
v 0.27455619 0.943942666 -0.879627883 0.97647059 1 0.827450991
v 0.220712259 0.928031921 -0.777424872 0.97647059 1 0.827450991
v 0.173730582 0.910444081 -0.672153711 0.97647059 1 0.827450991
v 0.133287787 0.892662883 -0.564229965 0.97647059 1 0.827450991
v 0.0987780243 0.876051486 -0.454079211 0.97647059 1 0.827450991
v 0.0693442076 0.861803114 -0.342136741 0.97647059 1 0.827450991
v 0.0439147726 0.850894809 -0.228843793 0.97647059 1 0.827450991
v 0.0212512426 0.844052196 -0.114647724 0.97647059 1 0.827450991
v 4.48550033e-08 0.841720819 -7.98121178e-08 0.97647059 1 0.827450991
v -0.0212513022 0.844052076 0.114648439 0.97647059 1 0.827450991
v -0.0439148396 0.850894868 0.228844509 0.97647059 1 0.827450991
v -0.0693444312 0.861803174 0.342137635 0.97647059 1 0.827450991
v -0.0987783223 0.876051605 0.454080284 0.97647059 1 0.827450991
v -0.133287892 0.892662883 0.56423068 0.97647059 1 0.827450991
v -0.173730925 0.91044426 0.672154546 0.97647059 1 0.827450991
v -0.220712602 0.9280321 0.777425706 0.97647059 1 0.827450991
v -0.274556667 0.943942904 0.879628718 0.97647059 1 0.827450991
v -0.335285634 0.956629753 0.978360295 0.97647059 1 0.827450991
v -0.402612746 0.964540601 1.07323074 0.97647059 1 0.827450991
v -0.475944161 0.966177404 1.16386557 0.97647059 1 0.827450991
v -0.554394007 0.960154891 1.24990702 0.97647059 1 0.827450991
v -0.63680768 0.945253611 1.33101594 0.97647059 1 0.827450991
v -0.721797585 0.92046988 1.40687168 0.97647059 1 0.827450991
v -0.807785153 0.885057032 1.47717524 0.97647059 1 0.827450991
v -0.893052161 0.83855772 1.54164898 0.97647059 1 0.827450991
v -0.975795269 0.780827761 1.60003853 0.97647059 1 0.827450991
v -1.05418611 0.712047815 1.65211356 0.97647059 1 0.827450991
v -1.12643099 0.632724285 1.69766843 0.97647059 1 0.827450991
v -1.19083071 0.543679357 1.73652327 0.97647059 1 0.827450991
v -1.24583793 0.446029365 1.768525 0.97647059 1 0.827450991
v -1.29010773 0.341154426 1.79354692 0.97647059 1 0.827450991
v -1.32254505 0.23065418 1.81149077 0.97647059 1 0.827450991
v -1.34233952 0.116304487 1.82228541 0.97647059 1 0.827450991
v -1.35979331 0 1.77492654 0.97647059 1 0.827450991
v -1.35344291 -0.114410043 1.77142417 0.97647059 1 0.827450991
v -1.33454704 -0.226994276 1.76093102 0.97647059 1 0.827450991
v -1.30356503 -0.335982829 1.74348772 0.97647059 1 0.827450991
v -1.26124597 -0.439715505 1.71916401 0.97647059 1 0.827450991
v -1.20860314 -0.536692262 1.68805575 0.97647059 1 0.827450991
v -1.14687943 -0.625617504 1.65028501 0.97647059 1 0.827450991
v -1.07750678 -0.705437601 1.6060015 0.97647059 1 0.827450991
v -1.00205791 -0.775369883 1.55537999 0.97647059 1 0.827450991
v -0.922193706 -0.834922493 1.49862027 0.97647059 1 0.827450991
v -0.839609504 -0.883903563 1.43594575 0.97647059 1 0.827450991
v -0.755977929 -0.922421217 1.36760437 0.97647059 1 0.827450991
v -0.672896087 -0.950871468 1.29386568 0.97647059 1 0.827450991
v -0.591833711 -0.969918013 1.21502078 0.97647059 1 0.827450991
v -0.514086664 -0.980461776 1.13138068 0.97647059 1 0.827450991
v -0.440737844 -0.983602881 1.04327571 0.97647059 1 0.827450991
v -0.372624516 -0.980595648 0.951053083 0.97647059 1 0.827450991
v -0.310317039 -0.972799182 0.855077326 0.97647059 1 0.827450991
v -0.254104733 -0.961624324 0.755726814 0.97647059 1 0.827450991
v -0.203993291 -0.948478162 0.653394043 0.97647059 1 0.827450991
v -0.159712791 -0.934711456 0.548482478 0.97647059 1 0.827450991
v -0.120735601 -0.921566904 0.44140619 0.97647059 1 0.827450991
v -0.0863023549 -0.910131574 0.332587928 0.97647059 1 0.827450991
v -0.055458419 -0.901296914 0.222457081 0.97647059 1 0.827450991
v -0.0270955116 -0.895724475 0.11144831 0.97647059 1 0.827450991
v 4.64759751e-08 -0.89382118 -7.75845024e-08 0.97647059 1 0.827450991
v 0.0270956345 -0.895724475 -0.111448683 0.97647059 1 0.827450991
v 0.0554585531 -0.901296854 -0.222457454 0.97647059 1 0.827450991
v 0.0863025412 -0.910131752 -0.332588285 0.97647059 1 0.827450991
v 0.120735735 -0.921567023 -0.441406518 0.97647059 1 0.827450991
v 0.15971294 -0.934711635 -0.548482478 0.97647059 1 0.827450991
v 0.203993365 -0.948478281 -0.653394163 0.97647059 1 0.827450991
v 0.254104853 -0.961624444 -0.755727112 0.97647059 1 0.827450991
v 0.310317338 -0.97279942 -0.855077624 0.97647059 1 0.827450991
v 0.372624815 -0.980595767 -0.951053441 0.97647059 1 0.827450991
v 0.440737903 -0.983602762 -1.04327607 0.97647059 1 0.827450991
v 0.514086902 -0.980461776 -1.13138127 0.97647059 1 0.827450991
v 0.591834068 -0.969917953 -1.21502113 0.97647059 1 0.827450991
v 0.672896206 -0.950871468 -1.2938658 0.97647059 1 0.827450991
v 0.755978048 -0.922421157 -1.36760449 0.97647059 1 0.827450991
v 0.839609623 -0.883903563 -1.43594587 0.97647059 1 0.827450991
v 0.922193885 -0.834922314 -1.49862039 0.97647059 1 0.827450991
v 1.00205815 -0.775369704 -1.55537999 0.97647059 1 0.827450991
v 1.07750702 -0.705437362 -1.60600162 0.97647059 1 0.827450991
v 1.14687967 -0.625617266 -1.65028512 0.97647059 1 0.827450991
v 1.20860326 -0.536691964 -1.68805563 0.97647059 1 0.827450991
v 1.26124609 -0.439715087 -1.71916425 0.97647059 1 0.827450991
v 1.30356503 -0.335982382 -1.74348783 0.97647059 1 0.827450991
v 1.33454704 -0.226993799 -1.7609309 0.97647059 1 0.827450991
v 1.35344291 -0.114409998 -1.77142417 0.97647059 1 0.827450991
v 1.35979331 1.64586496e-07 -1.77492654 0.97647059 1 0.827450991
v 1.35344291 0.114410266 -1.77142417 0.97647059 1 0.827450991
v 1.3345468 0.226994514 -1.76093078 0.97647059 1 0.827450991
v 1.30356503 0.335983068 -1.74348772 0.97647059 1 0.827450991
v 1.26124597 0.439715803 -1.71916389 0.97647059 1 0.827450991
v 1.20860291 0.536692619 -1.68805528 0.97647059 1 0.827450991
v 1.1468792 0.625617862 -1.65028477 0.97647059 1 0.827450991
v 1.07750666 0.705437899 -1.60600138 0.97647059 1 0.827450991
v 1.00205767 0.775370181 -1.55537975 0.97647059 1 0.827450991
v 0.922193706 0.834922433 -1.49861979 0.97647059 1 0.827450991
v 0.839609146 0.883903623 -1.43594563 0.97647059 1 0.827450991
v 0.755977571 0.922421217 -1.36760437 0.97647059 1 0.827450991
v 0.672895908 0.950871468 -1.29386556 0.97647059 1 0.827450991
v 0.59183383 0.969918013 -1.2150209 0.97647059 1 0.827450991
v 0.514086366 0.980461717 -1.13138032 0.97647059 1 0.827450991
v 0.440737426 0.983602762 -1.04327524 0.97647059 1 0.827450991
v 0.372624278 0.980595589 -0.951052666 0.97647059 1 0.827450991
v 0.310316861 0.972799242 -0.855076849 0.97647059 1 0.827450991
v 0.254104435 0.961624086 -0.755726397 0.97647059 1 0.827450991
v 0.203993127 0.948478103 -0.653393626 0.97647059 1 0.827450991
v 0.159712717 0.934711456 -0.548481941 0.97647059 1 0.827450991
v 0.120735362 0.921566665 -0.441405535 0.97647059 1 0.827450991
v 0.0863022506 0.910131514 -0.332587481 0.97647059 1 0.827450991
v 0.0554583296 0.901296973 -0.222456604 0.97647059 1 0.827450991
v 0.0270954259 0.895724416 -0.111447833 0.97647059 1 0.827450991
v 4.64759751e-08 0.89382118 -7.75845024e-08 0.97647059 1 0.827450991
v -0.0270955376 0.895724475 0.111448519 0.97647059 1 0.827450991
v -0.0554584339 0.901296914 0.222457319 0.97647059 1 0.827450991
v -0.0863024369 0.910131752 0.332588106 0.97647059 1 0.827450991
v -0.120735735 0.921567023 0.441406578 0.97647059 1 0.827450991
v -0.159712911 0.934711576 0.548482597 0.97647059 1 0.827450991
v -0.203993395 0.948478281 0.653394222 0.97647059 1 0.827450991
v -0.254104912 0.961624444 0.755727172 0.97647059 1 0.827450991
v -0.310317397 0.97279942 0.855077624 0.97647059 1 0.827450991
v -0.372624874 0.980595708 0.95105356 0.97647059 1 0.827450991
v -0.440738082 0.983602822 1.04327607 0.97647059 1 0.827450991
v -0.514086962 0.980461597 1.13138127 0.97647059 1 0.827450991
v -0.591834188 0.969917953 1.21502125 0.97647059 1 0.827450991
v -0.672896624 0.950871348 1.29386604 0.97647059 1 0.827450991
v -0.755978584 0.922420919 1.36760497 0.97647059 1 0.827450991
v -0.839609981 0.883903265 1.43594623 0.97647059 1 0.827450991
v -0.922194541 0.834922016 1.49862051 0.97647059 1 0.827450991
v -1.00205851 0.775369406 1.55538034 0.97647059 1 0.827450991
v -1.07750738 0.705437005 1.60600185 0.97647059 1 0.827450991
v -1.14688003 0.625616908 1.65028524 0.97647059 1 0.827450991
v -1.20860362 0.536691487 1.68805575 0.97647059 1 0.827450991
v -1.26124632 0.439714611 1.71916413 0.97647059 1 0.827450991
v -1.30356491 0.335982621 1.74348795 0.97647059 1 0.827450991
v -1.33454692 0.226994038 1.7609309 0.97647059 1 0.827450991
v -1.35344291 0.114409775 1.77142417 0.97647059 1 0.827450991
v -1.37317729 0 1.72538698 0.97647059 1 0.827450991
v -1.36709905 -0.11288707 1.72198236 0.97647059 1 0.827450991
v -1.34900796 -0.224066228 1.7117821 0.97647059 1 0.827450991
v -1.3193289 -0.331881046 1.69482565 0.97647059 1 0.827450991
v -1.27875471 -0.434776187 1.67118084 0.97647059 1 0.827450991
v -1.22822297 -0.531343579 1.64094067 0.97647059 1 0.827450991
v -1.16888392 -0.620363712 1.60422432 0.97647059 1 0.827450991
v -1.10206342 -0.700839758 1.56117678 0.97647059 1 0.827450991
v -1.02921808 -0.772024453 1.51196814 0.97647059 1 0.827450991
v -0.951887727 -0.833438575 1.45679247 0.97647059 1 0.827450991
v -0.871645451 -0.884879589 1.39586735 0.97647059 1 0.827450991
v -0.790044785 -0.926421165 1.32943356 0.97647059 1 0.827450991
v -0.708571792 -0.958402753 1.2577529 0.97647059 1 0.827450991
v -0.628596783 -0.981411099 1.18110859 0.97647059 1 0.827450991
v -0.551331937 -0.996251822 1.09980297 0.97647059 1 0.827450991
v -0.477795064 -1.00391531 1.01415706 0.97647059 1 0.827450991
v -0.408779621 -1.00553477 0.924508512 0.97647059 1 0.827450991
v -0.344834983 -1.00234163 0.831211388 0.97647059 1 0.827450991
v -0.286253035 -0.995615721 0.734633863 0.97647059 1 0.827450991
v -0.233066961 -0.986635983 0.635157287 0.97647059 1 0.827450991
v -0.185056731 -0.976630807 0.533173919 0.97647059 1 0.827450991
v -0.141766682 -0.966731429 0.429086208 0.97647059 1 0.827450991
v -0.102528818 -0.957927644 0.32330513 0.97647059 1 0.827450991
v -0.0664962828 -0.951031864 0.21624814 0.97647059 1 0.827450991
v -0.0326814093 -0.94664669 0.1083377 0.97647059 1 0.827450991
v 4.81163767e-08 -0.945143223 -7.54190594e-08 0.97647059 1 0.827450991
v 0.0326815508 -0.94664669 -0.108338065 0.97647059 1 0.827450991
v 0.0664964244 -0.951031744 -0.216248497 0.97647059 1 0.827450991
v 0.102529019 -0.957927823 -0.323305488 0.97647059 1 0.827450991
v 0.141766831 -0.966731369 -0.429086536 0.97647059 1 0.827450991
v 0.185056806 -0.976630926 -0.533173978 0.97647059 1 0.827450991
v 0.233067021 -0.986635923 -0.635157466 0.97647059 1 0.827450991
v 0.286253214 -0.995615721 -0.734634161 0.97647059 1 0.827450991
v 0.344835103 -1.00234163 -0.831211746 0.97647059 1 0.827450991
v 0.40877986 -1.00553489 -0.92450881 0.97647059 1 0.827450991
v 0.477795243 -1.00391531 -1.0141573 0.97647059 1 0.827450991
v 0.551332235 -0.996251702 -1.09980345 0.97647059 1 0.827450991
v 0.62859714 -0.98141098 -1.18110895 0.97647059 1 0.827450991
v 0.708571911 -0.958402753 -1.25775301 0.97647059 1 0.827450991
v 0.790044904 -0.926421046 -1.32943356 0.97647059 1 0.827450991
v 0.87164557 -0.884879529 -1.39586747 0.97647059 1 0.827450991
v 0.951887965 -0.833438456 -1.45679259 0.97647059 1 0.827450991
v 1.02921832 -0.772024274 -1.51196814 0.97647059 1 0.827450991
v 1.10206366 -0.70083952 -1.5611769 0.97647059 1 0.827450991
v 1.16888404 -0.620363533 -1.60422444 0.97647059 1 0.827450991
v 1.2282232 -0.531343341 -1.64094067 0.97647059 1 0.827450991
v 1.27875495 -0.434775829 -1.67118084 0.97647059 1 0.827450991
v 1.31932902 -0.331880599 -1.69482565 0.97647059 1 0.827450991
v 1.34900796 -0.224065751 -1.71178198 0.97647059 1 0.827450991
v 1.36709905 -0.11288701 -1.72198236 0.97647059 1 0.827450991
v 1.37317729 1.69924078e-07 -1.72538698 0.97647059 1 0.827450991
v 1.36709905 0.112887286 -1.72198236 0.97647059 1 0.827450991
v 1.34900784 0.224066466 -1.71178186 0.97647059 1 0.827450991
v 1.3193289 0.331881315 -1.69482565 0.97647059 1 0.827450991
v 1.27875471 0.434776485 -1.67118073 0.97647059 1 0.827450991
v 1.22822273 0.531343997 -1.64094031 0.97647059 1 0.827450991
v 1.1688838 0.62036413 -1.60422409 0.97647059 1 0.827450991
v 1.10206318 0.700840056 -1.56117666 0.97647059 1 0.827450991
v 1.02921772 0.77202481 -1.5119679 0.97647059 1 0.827450991
v 0.951887727 0.833438635 -1.45679235 0.97647059 1 0.827450991
v 0.871645093 0.884879649 -1.39586735 0.97647059 1 0.827450991
v 0.790044427 0.926421106 -1.32943344 0.97647059 1 0.827450991
v 0.708571613 0.958402753 -1.25775278 0.97647059 1 0.827450991
v 0.628596485 0.981411099 -1.18110836 0.97647059 1 0.827450991
v 0.551331758 0.996251881 -1.09980261 0.97647059 1 0.827450991
v 0.477794647 1.00391519 -1.01415658 0.97647059 1 0.827450991
v 0.408779323 1.00553477 -0.924508095 0.97647059 1 0.827450991
v 0.344834685 1.00234163 -0.83121103 0.97647059 1 0.827450991
v 0.286252856 0.995615661 -0.734633446 0.97647059 1 0.827450991
v 0.233066604 0.986635685 -0.635156751 0.97647059 1 0.827450991
v 0.185056627 0.976630807 -0.533173382 0.97647059 1 0.827450991
v 0.141766414 0.966731191 -0.429085582 0.97647059 1 0.827450991
v 0.102528639 0.957927585 -0.323304504 0.97647059 1 0.827450991
v 0.066496186 0.951031923 -0.216247663 0.97647059 1 0.827450991
v 0.0326812901 0.946646631 -0.108337238 0.97647059 1 0.827450991
v 4.81163767e-08 0.945143223 -7.54190594e-08 0.97647059 1 0.827450991
v -0.0326814502 0.94664669 0.108337909 0.97647059 1 0.827450991
v -0.0664963052 0.951031804 0.216248363 0.97647059 1 0.827450991
v -0.102529049 0.957927823 0.323305547 0.97647059 1 0.827450991
v -0.141766831 0.966731429 0.429086566 0.97647059 1 0.827450991
v -0.185056865 0.976630926 0.533174038 0.97647059 1 0.827450991
v -0.23306708 0.986635923 0.635157526 0.97647059 1 0.827450991
v -0.286253273 0.995615602 0.734634519 0.97647059 1 0.827450991
v -0.344835162 1.00234163 0.831211805 0.97647059 1 0.827450991
v -0.408779979 1.00553489 0.92450887 0.97647059 1 0.827450991
v -0.477795362 1.00391519 1.01415741 0.97647059 1 0.827450991
v -0.551332355 0.996251643 1.09980369 0.97647059 1 0.827450991
v -0.628597319 0.981410921 1.18110907 0.97647059 1 0.827450991
v -0.708572328 0.958402574 1.25775337 0.97647059 1 0.827450991
v -0.79004544 0.926420808 1.32943404 0.97647059 1 0.827450991
v -0.871645927 0.884879231 1.39586794 0.97647059 1 0.827450991
v -0.951888502 0.833438158 1.45679283 0.97647059 1 0.827450991
v -1.02921855 0.772023976 1.51196849 0.97647059 1 0.827450991
v -1.10206389 0.700839221 1.56117713 0.97647059 1 0.827450991
v -1.16888452 0.620363116 1.60422456 0.97647059 1 0.827450991
v -1.22822344 0.531342864 1.64094079 0.97647059 1 0.827450991
v -1.27875519 0.434775263 1.67118096 0.97647059 1 0.827450991
v -1.3193289 0.331880838 1.69482577 0.97647059 1 0.827450991
v -1.34900796 0.224065989 1.71178198 0.97647059 1 0.827450991
v -1.36709905 0.112886801 1.72198236 0.97647059 1 0.827450991
v -1.38903463 0 1.67723024 0.97647059 1 0.827450991
v -1.38319945 -0.1117118 1.67392063 0.97647059 1 0.827450991
v -1.36582637 -0.221823111 1.66400492 0.97647059 1 0.827450991
v -1.33730912 -0.32878089 1.64752173 0.97647059 1 0.827450991
v -1.29828918 -0.431125104 1.62453687 0.97647059 1 0.827450991
v -1.24963403 -0.527531505 1.59514081 0.97647059 1 0.827450991
v -1.19240963 -0.616849422 1.5594492 0.97647059 1 0.827450991
v -1.12784433 -0.698133349 1.51760304 0.97647059 1 0.827450991
v -1.05728912 -0.770667911 1.46976793 0.97647059 1 0.827450991
v -0.982172608 -0.833984792 1.41613233 0.97647059 1 0.827450991
v -0.903955579 -0.887870371 1.35690773 0.97647059 1 0.827450991
v -0.824083328 -0.93236649 1.292328 0.97647059 1 0.827450991
v -0.743940234 -0.967759907 1.22264814 0.97647059 1 0.827450991
v -0.66480571 -0.994565606 1.14814293 0.97647059 1 0.827450991
v -0.58781594 -1.01350164 1.0691067 0.97647059 1 0.827450991
v -0.513929486 -1.02545643 0.985851228 0.97647059 1 0.827450991
v -0.443900228 -1.0314517 0.898704767 0.97647059 1 0.827450991
v -0.378258824 -1.03260088 0.808011651 0.97647059 1 0.827450991
v -0.317301035 -1.03006339 0.714129686 0.97647059 1 0.827450991
v -0.261085093 -1.02499974 0.617429614 0.97647059 1 0.827450991
v -0.209438279 -1.01852584 0.518292606 0.97647059 1 0.827450991
v -0.161971524 -1.01166975 0.417110085 0.97647059 1 0.827450991
v -0.118101843 -1.00533235 0.314281434 0.97647059 1 0.827450991
v -0.0770820528 -1.00025237 0.210212484 0.97647059 1 0.827450991
v -0.0380362272 -0.996978998 0.105313919 0.97647059 1 0.827450991
v 4.9778965e-08 -0.995849729 -7.33140624e-08 0.97647059 1 0.827450991
v 0.0380363837 -0.996978998 -0.10531427 0.97647059 1 0.827450991
v 0.0770822316 -1.00025249 -0.210212827 0.97647059 1 0.827450991
v 0.118102022 -1.00533223 -0.314281791 0.97647059 1 0.827450991
v 0.161971673 -1.01166975 -0.417110413 0.97647059 1 0.827450991
v 0.209438279 -1.01852572 -0.518292725 0.97647059 1 0.827450991
v 0.261085212 -1.02499986 -0.617429733 0.97647059 1 0.827450991
v 0.317301214 -1.03006339 -0.714129984 0.97647059 1 0.827450991
v 0.378259063 -1.032601 -0.808011949 0.97647059 1 0.827450991
v 0.443900406 -1.03145194 -0.898705125 0.97647059 1 0.827450991
v 0.513929665 -1.02545643 -0.985851467 0.97647059 1 0.827450991
v 0.587816298 -1.01350164 -1.06910706 0.97647059 1 0.827450991
v 0.664806008 -0.994565606 -1.14814329 0.97647059 1 0.827450991
v 0.743940234 -0.967759848 -1.22264814 0.97647059 1 0.827450991
v 0.824083447 -0.93236649 -1.29232824 0.97647059 1 0.827450991
v 0.903955698 -0.887870371 -1.35690784 0.97647059 1 0.827450991
v 0.982172728 -0.833984673 -1.41613257 0.97647059 1 0.827450991
v 1.05728936 -0.770667732 -1.46976805 0.97647059 1 0.827450991
v 1.12784457 -0.698133051 -1.51760328 0.97647059 1 0.827450991
v 1.19240987 -0.616849124 -1.5594492 0.97647059 1 0.827450991
v 1.24963427 -0.527531147 -1.59514081 0.97647059 1 0.827450991
v 1.2982893 -0.431124687 -1.62453699 0.97647059 1 0.827450991
v 1.33730936 -0.328780442 -1.64752185 0.97647059 1 0.827450991
v 1.36582649 -0.221822664 -1.6640048 0.97647059 1 0.827450991
v 1.38319945 -0.111711755 -1.67392063 0.97647059 1 0.827450991
v 1.38903463 1.75365074e-07 -1.67723024 0.97647059 1 0.827450991
v 1.38319945 0.111712039 -1.67392063 0.97647059 1 0.827450991
v 1.36582637 0.221823364 -1.66400456 0.97647059 1 0.827450991
v 1.33730912 0.328781158 -1.64752173 0.97647059 1 0.827450991
v 1.29828906 0.431125402 -1.62453675 0.97647059 1 0.827450991
v 1.24963391 0.527531862 -1.59514046 0.97647059 1 0.827450991
v 1.19240952 0.61684972 -1.55944896 0.97647059 1 0.827450991
v 1.12784433 0.698133647 -1.51760304 0.97647059 1 0.827450991
v 1.05728877 0.770668268 -1.46976769 0.97647059 1 0.827450991
v 0.982172549 0.833984792 -1.41613221 0.97647059 1 0.827450991
v 0.903955221 0.88787055 -1.35690773 0.97647059 1 0.827450991
v 0.82408309 0.93236661 -1.29232788 0.97647059 1 0.827450991
v 0.743939936 0.967759967 -1.22264802 0.97647059 1 0.827450991
v 0.664805472 0.994565725 -1.14814281 0.97647059 1 0.827450991
v 0.587815642 1.01350164 -1.06910634 0.97647059 1 0.827450991
v 0.513929069 1.02545643 -0.985850811 0.97647059 1 0.827450991
v 0.44389987 1.03145182 -0.89870435 0.97647059 1 0.827450991
v 0.378258586 1.03260088 -0.808011353 0.97647059 1 0.827450991
v 0.317300737 1.03006339 -0.714129269 0.97647059 1 0.827450991
v 0.261084795 1.02499962 -0.617429018 0.97647059 1 0.827450991
v 0.209438086 1.01852584 -0.518292129 0.97647059 1 0.827450991
v 0.161971301 1.01166964 -0.417109668 0.97647059 1 0.827450991
v 0.118101679 1.00533235 -0.314281017 0.97647059 1 0.827450991
v 0.0770819262 1.00025237 -0.210212022 0.97647059 1 0.827450991
v 0.0380360819 0.996978939 -0.105313472 0.97647059 1 0.827450991
v 4.9778965e-08 0.995849729 -7.33140624e-08 0.97647059 1 0.827450991
v -0.0380362757 0.996978998 0.105314121 0.97647059 1 0.827450991
v -0.0770820752 1.00025225 0.210212708 0.97647059 1 0.827450991
v -0.118102051 1.00533223 0.314281821 0.97647059 1 0.827450991
v -0.161971688 1.01166975 0.417110443 0.97647059 1 0.827450991
v -0.209438309 1.01852572 0.518292785 0.97647059 1 0.827450991
v -0.261085212 1.02499986 0.617429793 0.97647059 1 0.827450991
v -0.317301154 1.03006339 0.714130104 0.97647059 1 0.827450991
v -0.378259122 1.032601 0.808012009 0.97647059 1 0.827450991
v -0.443900526 1.03145182 0.898705244 0.97647059 1 0.827450991
v -0.513929725 1.02545631 0.985851586 0.97647059 1 0.827450991
v -0.587816358 1.01350152 1.06910717 0.97647059 1 0.827450991
v -0.664806366 0.994565487 1.14814353 0.97647059 1 0.827450991
v -0.743940771 0.967759728 1.22264862 0.97647059 1 0.827450991
v -0.824083984 0.932366192 1.29232848 0.97647059 1 0.827450991
v -0.903956115 0.887870133 1.3569082 0.97647059 1 0.827450991
v -0.982173264 0.833984315 1.41613269 0.97647059 1 0.827450991
v -1.0572896 0.770667434 1.4697684 0.97647059 1 0.827450991
v -1.12784505 0.698132813 1.51760352 0.97647059 1 0.827450991
v -1.19241011 0.616848767 1.55944943 0.97647059 1 0.827450991
v -1.24963439 0.52753073 1.59514093 0.97647059 1 0.827450991
v -1.29828954 0.43112421 1.62453711 0.97647059 1 0.827450991
v -1.33730924 0.328780681 1.64752185 0.97647059 1 0.827450991
v -1.36582649 0.221822917 1.6640048 0.97647059 1 0.827450991
v -1.38319945 0.111711539 1.67392063 0.97647059 1 0.827450991
v -1.40726626 0 1.63041735 0.97647059 1 0.827450991
v -1.40164697 -0.110862374 1.62720013 0.97647059 1 0.827450991
v -1.38491201 -0.220222026 1.61756122 0.97647059 1 0.827450991
v -1.35742617 -0.326619983 1.60153806 0.97647059 1 0.827450991
v -1.31978321 -0.428682834 1.57919466 0.97647059 1 0.827450991
v -1.27278781 -0.525162339 1.55061924 0.97647059 1 0.827450991
v -1.21742797 -0.614970505 1.51592362 0.97647059 1 0.827450991
v -1.15484309 -0.697207868 1.47524559 0.97647059 1 0.827450991
v -1.0862869 -0.771187663 1.42874551 0.97647059 1 0.827450991
v -1.01308644 -0.836450458 1.37660694 0.97647059 1 0.827450991
v -0.936600506 -0.892772198 1.31903541 0.97647059 1 0.827450991
v -0.858174801 -0.940164328 1.25625801 0.97647059 1 0.827450991
v -0.779100955 -0.978864372 1.18852293 0.97647059 1 0.827450991
v -0.700575888 -1.00932133 1.11609733 0.97647059 1 0.827450991
v -0.623666108 -1.03217125 1.03926706 0.97647059 1 0.827450991
v -0.549276412 -1.04820907 0.95833534 0.97647059 1 0.827450991
v -0.478125453 -1.05835354 0.873621166 0.97647059 1 0.827450991
v -0.410727322 -1.06360853 0.785459459 0.97647059 1 0.827450991
v -0.34738183 -1.06502318 0.694197714 0.97647059 1 0.827450991
v -0.28817153 -1.0636481 0.6001966 0.97647059 1 0.827450991
v -0.232967392 -1.06049573 0.503826618 0.97647059 1 0.827450991
v -0.181442976 -1.05649972 0.405468166 0.97647059 1 0.827450991
v -0.133093745 -1.05247784 0.305509597 0.97647059 1 0.827450991
v -0.0872653201 -1.04910183 0.204345301 0.97647059 1 0.827450991
v -0.0431852415 -1.04687142 0.102374524 0.97647059 1 0.827450991
v 5.1466408e-08 -1.04609334 -7.12678059e-08 0.97647059 1 0.827450991
v 0.0431854054 -1.04687154 -0.102374867 0.97647059 1 0.827450991
v 0.0872655362 -1.04910207 -0.204345629 0.97647059 1 0.827450991
v 0.133093923 -1.05247772 -0.305509925 0.97647059 1 0.827450991
v 0.181443155 -1.05649972 -0.405468464 0.97647059 1 0.827450991
v 0.232967407 -1.06049585 -0.503826737 0.97647059 1 0.827450991
v 0.288171649 -1.06364822 -0.600196719 0.97647059 1 0.827450991
v 0.347381949 -1.06502306 -0.694198072 0.97647059 1 0.827450991
v 0.41072762 -1.06360877 -0.785459697 0.97647059 1 0.827450991
v 0.478125751 -1.05835354 -0.873621464 0.97647059 1 0.827450991
v 0.54927665 -1.04820907 -0.958335578 0.97647059 1 0.827450991
v 0.623666346 -1.03217125 -1.03926742 0.97647059 1 0.827450991
v 0.700576246 -1.00932121 -1.11609757 0.97647059 1 0.827450991
v 0.779101074 -0.978864372 -1.18852305 0.97647059 1 0.827450991
v 0.858175039 -0.940164208 -1.25625813 0.97647059 1 0.827450991
v 0.936600626 -0.892772138 -1.31903541 0.97647059 1 0.827450991
v 1.01308668 -0.836450279 -1.37660694 0.97647059 1 0.827450991
v 1.0862869 -0.771187425 -1.42874563 0.97647059 1 0.827450991
v 1.15484333 -0.697207689 -1.47524571 0.97647059 1 0.827450991
v 1.21742821 -0.614970207 -1.51592386 0.97647059 1 0.827450991
v 1.27278805 -0.525162101 -1.55061913 0.97647059 1 0.827450991
v 1.31978345 -0.428682417 -1.57919478 0.97647059 1 0.827450991
v 1.35742629 -0.326619506 -1.60153806 0.97647059 1 0.827450991
v 1.38491213 -0.220221579 -1.6175611 0.97647059 1 0.827450991
v 1.40164697 -0.11086233 -1.62720013 0.97647059 1 0.827450991
v 1.40726626 1.80916558e-07 -1.63041735 0.97647059 1 0.827450991
v 1.40164697 0.110862613 -1.62720013 0.97647059 1 0.827450991
v 1.38491201 0.220222294 -1.61756098 0.97647059 1 0.827450991
v 1.35742605 0.326620221 -1.60153818 0.97647059 1 0.827450991
v 1.31978321 0.428683132 -1.57919455 0.97647059 1 0.827450991
v 1.27278769 0.525162756 -1.55061889 0.97647059 1 0.827450991
v 1.21742785 0.614970803 -1.51592326 0.97647059 1 0.827450991
v 1.15484297 0.697208226 -1.47524548 0.97647059 1 0.827450991
v 1.08628654 0.771188021 -1.42874527 0.97647059 1 0.827450991
v 1.01308644 0.836450517 -1.3766067 0.97647059 1 0.827450991
v 0.936600327 0.892772317 -1.31903517 0.97647059 1 0.827450991
v 0.858174562 0.940164328 -1.25625801 0.97647059 1 0.827450991
v 0.779100776 0.978864491 -1.18852282 0.97647059 1 0.827450991
v 0.700575709 1.00932133 -1.11609709 0.97647059 1 0.827450991
v 0.62366581 1.03217137 -1.03926671 0.97647059 1 0.827450991
v 0.549275994 1.04820919 -0.958334863 0.97647059 1 0.827450991
v 0.478125155 1.05835366 -0.873620749 0.97647059 1 0.827450991
v 0.410727203 1.06360865 -0.785458982 0.97647059 1 0.827450991
v 0.347381532 1.06502295 -0.694197416 0.97647059 1 0.827450991
v 0.288171232 1.0636481 -0.600196242 0.97647059 1 0.827450991
v 0.232967228 1.06049585 -0.503826141 0.97647059 1 0.827450991
v 0.181442708 1.05649948 -0.405467778 0.97647059 1 0.827450991
v 0.133093506 1.05247772 -0.305509001 0.97647059 1 0.827450991
v 0.0872651786 1.04910195 -0.204344854 0.97647059 1 0.827450991
v 0.0431850702 1.04687142 -0.102374084 0.97647059 1 0.827450991
v 5.1466408e-08 1.04609334 -7.12678059e-08 0.97647059 1 0.827450991
v -0.0431852974 1.04687154 0.102374718 0.97647059 1 0.827450991
v -0.0872653872 1.04910183 0.204345495 0.97647059 1 0.827450991
v -0.133093983 1.05247772 0.305509984 0.97647059 1 0.827450991
v -0.181443155 1.05649972 0.405468524 0.97647059 1 0.827450991
v -0.232967436 1.06049585 0.503826797 0.97647059 1 0.827450991
v -0.288171679 1.06364822 0.600196779 0.97647059 1 0.827450991
v -0.347382009 1.06502306 0.694198132 0.97647059 1 0.827450991
v -0.41072762 1.06360865 0.785459816 0.97647059 1 0.827450991
v -0.478125811 1.05835354 0.873621523 0.97647059 1 0.827450991
v -0.54927671 1.04820895 0.958335638 0.97647059 1 0.827450991
v -0.623666465 1.03217101 1.03926766 0.97647059 1 0.827450991
v -0.700576425 1.00932109 1.11609781 0.97647059 1 0.827450991
v -0.779101491 0.978864193 1.18852341 0.97647059 1 0.827450991
v -0.858175397 0.94016397 1.25625849 0.97647059 1 0.827450991
v -0.936601043 0.89277184 1.31903577 0.97647059 1 0.827450991
v -1.01308703 0.836449981 1.37660718 0.97647059 1 0.827450991
v -1.08628726 0.771187127 1.42874599 0.97647059 1 0.827450991
v -1.15484357 0.697207272 1.47524595 0.97647059 1 0.827450991
v -1.21742857 0.61496985 1.51592386 0.97647059 1 0.827450991
v -1.27278829 0.525161624 1.55061924 0.97647059 1 0.827450991
v -1.31978369 0.42868191 1.5791949 0.97647059 1 0.827450991
v -1.35742617 0.326619744 1.60153818 0.97647059 1 0.827450991
v -1.38491201 0.220221817 1.61756122 0.97647059 1 0.827450991
v -1.40164709 0.110862114 1.62720013 0.97647059 1 0.827450991
v -1.42778409 0 1.58491111 0.97647059 1 0.827450991
v -1.42235577 -0.110318862 1.58178365 0.97647059 1 0.827450991
v -1.40618467 -0.219223872 1.5724138 0.97647059 1 0.827450991
v -1.37960887 -0.325341493 1.5568378 0.97647059 1 0.827450991
v -1.34317946 -0.427377045 1.53511822 0.97647059 1 0.827450991
v -1.29764259 -0.524151325 1.50734007 0.97647059 1 0.827450991
v -1.24391532 -0.614632547 1.47361302 0.97647059 1 0.827450991
v -1.18305528 -0.697963238 1.43407023 0.97647059 1 0.827450991
v -1.11622763 -0.773481488 1.38886809 0.97647059 1 0.827450991
v -1.04466701 -0.840735734 1.33818471 0.97647059 1 0.827450991
v -0.969638109 -0.899491131 1.28222001 0.97647059 1 0.827450991
v -0.892395794 -0.949730575 1.22119486 0.97647059 1 0.827450991
v -0.814147592 -0.991645873 1.15535033 0.97647059 1 0.827450991
v -0.736014783 -1.02562404 1.08494639 0.97647059 1 0.827450991
v -0.659000695 -1.05222595 1.01026034 0.97647059 1 0.827450991
v -0.583961844 -1.07215977 0.931587458 0.97647059 1 0.827450991
v -0.511584401 -1.08624852 0.84923774 0.97647059 1 0.827450991
v -0.442368835 -1.0953958 0.763536632 0.97647059 1 0.827450991
v -0.376618862 -1.10054803 0.674822152 0.97647059 1 0.827450991
v -0.314440638 -1.10265565 0.583444655 0.97647059 1 0.827450991
v -0.255746007 -1.10263467 0.489764422 0.97647059 1 0.827450991
v -0.200266659 -1.10133147 0.39415127 0.97647059 1 0.827450991
v -0.147571594 -1.09948862 0.296982586 0.97647059 1 0.827450991
v -0.0970921367 -1.09771538 0.198641852 0.97647059 1 0.827450991
v -0.0481517836 -1.09646499 0.0995171666 0.97647059 1 0.827450991
v 5.31812745e-08 -1.09601676 -6.92786628e-08 0.97647059 1 0.827450991
v 0.0481519699 -1.09646499 -0.0995175019 0.97647059 1 0.827450991
v 0.0970923156 -1.09771526 -0.198642179 0.97647059 1 0.827450991
v 0.147571802 -1.0994885 -0.296982914 0.97647059 1 0.827450991
v 0.200266868 -1.10133159 -0.394151568 0.97647059 1 0.827450991
v 0.255746007 -1.10263467 -0.489764541 0.97647059 1 0.827450991
v 0.314440697 -1.10265565 -0.583444774 0.97647059 1 0.827450991
v 0.37661916 -1.10054827 -0.67482239 0.97647059 1 0.827450991
v 0.442369103 -1.09539592 -0.76353687 0.97647059 1 0.827450991
v 0.51158464 -1.08624852 -0.849238038 0.97647059 1 0.827450991
v 0.583962023 -1.07215965 -0.931587636 0.97647059 1 0.827450991
v 0.659000874 -1.05222595 -1.0102607 0.97647059 1 0.827450991
v 0.736015201 -1.02562404 -1.08494639 0.97647059 1 0.827450991
v 0.814147651 -0.991645753 -1.15535045 0.97647059 1 0.827450991
v 0.892396033 -0.949730456 -1.2211951 0.97647059 1 0.827450991
v 0.969638109 -0.899491072 -1.28222013 0.97647059 1 0.827450991
v 1.04466701 -0.840735555 -1.33818495 0.97647059 1 0.827450991
v 1.11622787 -0.77348125 -1.38886821 0.97647059 1 0.827450991
v 1.1830554 -0.697962999 -1.43407059 0.97647059 1 0.827450991
v 1.2439152 -0.614632249 -1.47361314 0.97647059 1 0.827450991
v 1.29764283 -0.524151027 -1.50734007 0.97647059 1 0.827450991
v 1.34317958 -0.427376658 -1.53511834 0.97647059 1 0.827450991
v 1.37960899 -0.325341046 -1.55683804 0.97647059 1 0.827450991
v 1.40618479 -0.219223425 -1.57241368 0.97647059 1 0.827450991
v 1.42235577 -0.11031881 -1.58178365 0.97647059 1 0.827450991
v 1.42778409 1.86585382e-07 -1.58491111 0.97647059 1 0.827450991
v 1.42235577 0.110319115 -1.58178365 0.97647059 1 0.827450991
v 1.40618455 0.219224155 -1.57241356 0.97647059 1 0.827450991
v 1.37960887 0.325341761 -1.55683792 0.97647059 1 0.827450991
v 1.34317935 0.427377373 -1.5351181 0.97647059 1 0.827450991
v 1.29764247 0.524151683 -1.50733972 0.97647059 1 0.827450991
v 1.24391508 0.614632964 -1.47361267 0.97647059 1 0.827450991
v 1.18305492 0.697963476 -1.43407023 0.97647059 1 0.827450991
v 1.11622739 0.773481846 -1.38886797 0.97647059 1 0.827450991
v 1.04466689 0.840735793 -1.3381846 0.97647059 1 0.827450991
v 0.969637692 0.899491191 -1.28221989 0.97647059 1 0.827450991
v 0.892395675 0.949730635 -1.22119474 0.97647059 1 0.827450991
v 0.814147472 0.991645932 -1.15535021 0.97647059 1 0.827450991
v 0.736014843 1.02562404 -1.08494639 0.97647059 1 0.827450991
v 0.659000397 1.05222619 -1.01025987 0.97647059 1 0.827450991
v 0.583961427 1.07215989 -0.931586981 0.97647059 1 0.827450991
v 0.511584103 1.08624852 -0.849237382 0.97647059 1 0.827450991
v 0.442368567 1.0953958 -0.763536274 0.97647059 1 0.827450991
v 0.376618713 1.10054815 -0.674821734 0.97647059 1 0.827450991
v 0.314440191 1.10265541 -0.583444118 0.97647059 1 0.827450991
v 0.255745888 1.10263491 -0.489763945 0.97647059 1 0.827450991
v 0.200266391 1.10133159 -0.394150674 0.97647059 1 0.827450991
v 0.147571266 1.09948838 -0.29698202 0.97647059 1 0.827450991
v 0.097091943 1.09771526 -0.198641419 0.97647059 1 0.827450991
v 0.0481515974 1.09646499 -0.0995167419 0.97647059 1 0.827450991
v 5.31812745e-08 1.09601676 -6.92786628e-08 0.97647059 1 0.827450991
v -0.0481518507 1.09646499 0.0995173603 0.97647059 1 0.827450991
v -0.0970921814 1.09771514 0.198642045 0.97647059 1 0.827450991
v -0.147571683 1.0994885 0.296982765 0.97647059 1 0.827450991
v -0.200266868 1.10133159 0.394151628 0.97647059 1 0.827450991
v -0.255746067 1.10263467 0.489764571 0.97647059 1 0.827450991
v -0.314440757 1.10265565 0.583444834 0.97647059 1 0.827450991
v -0.37661925 1.10054803 0.674822688 0.97647059 1 0.827450991
v -0.442369163 1.09539592 0.76353693 0.97647059 1 0.827450991
v -0.511584699 1.0862484 0.849238157 0.97647059 1 0.827450991
v -0.583962083 1.07215965 0.931587756 0.97647059 1 0.827450991
v -0.659001112 1.05222595 1.0102607 0.97647059 1 0.827450991
v -0.73601532 1.02562392 1.08494663 0.97647059 1 0.827450991
v -0.814148009 0.991645634 1.1553508 0.97647059 1 0.827450991
v -0.89239639 0.949730217 1.22119534 0.97647059 1 0.827450991
v -0.969638526 0.899490833 1.28222036 0.97647059 1 0.827450991
v -1.04466748 0.840735197 1.33818507 0.97647059 1 0.827450991
v -1.11622822 0.773480952 1.38886857 0.97647059 1 0.827450991
v -1.18305564 0.697962582 1.43407071 0.97647059 1 0.827450991
v -1.24391568 0.614631891 1.47361326 0.97647059 1 0.827450991
v -1.29764307 0.52415061 1.50734019 0.97647059 1 0.827450991
v -1.34317982 0.427376151 1.53511846 0.97647059 1 0.827450991
v -1.37960899 0.325341284 1.55683804 0.97647059 1 0.827450991
v -1.40618467 0.219223663 1.57241368 0.97647059 1 0.827450991
v -1.42235577 0.110318616 1.58178365 0.97647059 1 0.827450991
v -1.45051014 0 1.54067504 0.97647059 1 0.827450991
v -1.44524944 -0.110063158 1.53763497 0.97647059 1 0.827450991
v -1.42957342 -0.218793124 1.52852654 0.97647059 1 0.827450991
v -1.40379572 -0.324893922 1.5133853 0.97647059 1 0.827450991
v -1.36842787 -0.427142233 1.49227178 0.97647059 1 0.827450991
v -1.32416272 -0.524421215 1.46526909 0.97647059 1 0.827450991
v -1.27185214 -0.615750015 1.43248343 0.97647059 1 0.827450991
v -1.21248019 -0.700308561 1.3940444 0.97647059 1 0.827450991
v -1.14712977 -0.777457237 1.35010374 0.97647059 1 0.827450991
v -1.07695127 -0.846750379 1.30083501 0.97647059 1 0.827450991
v -1.00312376 -0.90794301 1.2464323 0.97647059 1 0.827450991
v -0.926819563 -0.960990489 1.18711054 0.97647059 1 0.827450991
v -0.849168301 -1.00604188 1.12310362 0.97647059 1 0.827450991
v -0.771223485 -1.04342711 1.05466461 0.97647059 1 0.827450991
v -0.693930864 -1.07363677 0.982063174 0.97647059 1 0.827450991
v -0.618103027 -1.09729838 0.905586064 0.97647059 1 0.827450991
v -0.544397652 -1.11514723 0.82553488 0.97647059 1 0.827450991
v -0.473302662 -1.12799394 0.742225826 0.97647059 1 0.827450991
v -0.405127108 -1.1366905 0.655987382 0.97647059 1 0.827450991
v -0.339998722 -1.14209354 0.567160308 0.97647059 1 0.827450991
v -0.277868629 -1.14503169 0.476094753 0.97647059 1 0.827450991
v -0.218522578 -1.14627051 0.38315019 0.97647059 1 0.827450991
v -0.161597475 -1.14648175 0.288693607 0.97647059 1 0.827450991
v -0.106604949 -1.14621866 0.193097621 0.97647059 1 0.827450991
v -0.0529574975 -1.14589167 0.0967395753 0.97647059 1 0.827450991
v 5.49260761e-08 -1.14575446 -6.73450415e-08 0.97647059 1 0.827450991
v 0.0529576987 -1.14589179 -0.0967398956 0.97647059 1 0.827450991
v 0.106605202 -1.14621878 -0.193097904 0.97647059 1 0.827450991
v 0.161597699 -1.14648187 -0.288693905 0.97647059 1 0.827450991
v 0.218522727 -1.14627051 -0.383150488 0.97647059 1 0.827450991
v 0.277868748 -1.14503181 -0.476094782 0.97647059 1 0.827450991
v 0.339998901 -1.14209366 -0.567160368 0.97647059 1 0.827450991
v 0.405127347 -1.1366905 -0.65598762 0.97647059 1 0.827450991
v 0.47330296 -1.12799418 -0.742226064 0.97647059 1 0.827450991
v 0.544397891 -1.11514747 -0.825535178 0.97647059 1 0.827450991
v 0.618103325 -1.09729838 -0.905586362 0.97647059 1 0.827450991
v 0.693931222 -1.07363665 -0.982063532 0.97647059 1 0.827450991
v 0.771223903 -1.04342699 -1.05466473 0.97647059 1 0.827450991
v 0.84916842 -1.00604188 -1.12310374 0.97647059 1 0.827450991
v 0.926819563 -0.960990369 -1.18711066 0.97647059 1 0.827450991
v 1.00312388 -0.907942951 -1.24643242 0.97647059 1 0.827450991
v 1.07695138 -0.846750259 -1.30083513 0.97647059 1 0.827450991
v 1.14713001 -0.777457058 -1.35010386 0.97647059 1 0.827450991
v 1.21248019 -0.700308323 -1.39404452 0.97647059 1 0.827450991
v 1.27185237 -0.615749717 -1.43248355 0.97647059 1 0.827450991
v 1.32416296 -0.524420917 -1.46526909 0.97647059 1 0.827450991
v 1.36842787 -0.427141845 -1.49227202 0.97647059 1 0.827450991
v 1.40379584 -0.324893475 -1.51338553 0.97647059 1 0.827450991
v 1.42957354 -0.218792692 -1.52852643 0.97647059 1 0.827450991
v 1.44524944 -0.110063098 -1.53763497 0.97647059 1 0.827450991
v 1.45051014 1.92378351e-07 -1.54067504 0.97647059 1 0.827450991
v 1.44524944 0.110063404 -1.53763497 0.97647059 1 0.827450991
v 1.42957354 0.218793422 -1.52852619 0.97647059 1 0.827450991
v 1.4037956 0.32489419 -1.51338542 0.97647059 1 0.827450991
v 1.36842775 0.427142531 -1.49227166 0.97647059 1 0.827450991
v 1.3241626 0.524421632 -1.46526873 0.97647059 1 0.827450991
v 1.27185214 0.615750432 -1.4324832 0.97647059 1 0.827450991
v 1.21247983 0.700308859 -1.39404428 0.97647059 1 0.827450991
v 1.14712954 0.777457595 -1.35010362 0.97647059 1 0.827450991
v 1.07695115 0.846750557 -1.30083489 0.97647059 1 0.827450991
v 1.0031234 0.90794301 -1.24643219 0.97647059 1 0.827450991
v 0.926819205 0.960990548 -1.1871103 0.97647059 1 0.827450991
v 0.849168181 1.006042 -1.12310362 0.97647059 1 0.827450991
v 0.771223545 1.04342699 -1.05466473 0.97647059 1 0.827450991
v 0.693930686 1.07363689 -0.982062817 0.97647059 1 0.827450991
v 0.618102551 1.09729838 -0.905585766 0.97647059 1 0.827450991
v 0.544397354 1.11514735 -0.825534523 0.97647059 1 0.827450991
v 0.473302543 1.12799418 -0.742225349 0.97647059 1 0.827450991
v 0.40512681 1.13669038 -0.655987024 0.97647059 1 0.827450991
v 0.339998305 1.14209342 -0.567159772 0.97647059 1 0.827450991
v 0.27786842 1.14503193 -0.476094276 0.97647059 1 0.827450991
v 0.218522161 1.14627039 -0.383149654 0.97647059 1 0.827450991
v 0.161597252 1.14648187 -0.288693219 0.97647059 1 0.827450991
v 0.106604755 1.14621878 -0.193097189 0.97647059 1 0.827450991
v 0.0529573038 1.1458919 -0.096739158 0.97647059 1 0.827450991
v 5.49260761e-08 1.14575446 -6.73450415e-08 0.97647059 1 0.827450991
v -0.0529575869 1.14589179 0.0967397615 0.97647059 1 0.827450991
v -0.106605038 1.14621866 0.1930978 0.97647059 1 0.827450991
v -0.16159758 1.14648187 0.288693756 0.97647059 1 0.827450991
v -0.218522757 1.14627051 0.383150518 0.97647059 1 0.827450991
v -0.277868718 1.14503169 0.476094872 0.97647059 1 0.827450991
v -0.339998931 1.14209366 0.567160428 0.97647059 1 0.827450991
v -0.405127347 1.13669038 0.65598768 0.97647059 1 0.827450991
v -0.47330302 1.12799418 0.742226124 0.97647059 1 0.827450991
v -0.54439795 1.11514735 0.825535238 0.97647059 1 0.827450991
v -0.618103385 1.09729826 0.905586421 0.97647059 1 0.827450991
v -0.693931401 1.07363653 0.982063711 0.97647059 1 0.827450991
v -0.771224082 1.04342687 1.05466497 0.97647059 1 0.827450991
v -0.849168777 1.00604165 1.1231041 0.97647059 1 0.827450991
v -0.926820219 0.960990071 1.1871109 0.97647059 1 0.827450991
v -1.00312412 0.907942533 1.24643278 0.97647059 1 0.827450991
v -1.07695186 0.846749902 1.30083537 0.97647059 1 0.827450991
v -1.14713049 0.77745676 1.35010409 0.97647059 1 0.827450991
v -1.21248055 0.700307906 1.39404476 0.97647059 1 0.827450991
v -1.27185261 0.6157493 1.43248367 0.97647059 1 0.827450991
v -1.32416308 0.5244205 1.46526909 0.97647059 1 0.827450991
v -1.36842811 0.427141339 1.49227214 0.97647059 1 0.827450991
v -1.40379572 0.324893713 1.51338565 0.97647059 1 0.827450991
v -1.42957342 0.218792915 1.52852654 0.97647059 1 0.827450991
v -1.44524956 0.110062897 1.53763497 0.97647059 1 0.827450991
v -1.47537613 0 1.49767363 0.97647059 1 0.827450991
v -1.47026169 -0.110078819 1.49471831 0.97647059 1 0.827450991
v -1.45501673 -0.218897551 1.48586416 0.97647059 1 0.827450991
v -1.42993283 -0.325230449 1.47114551 0.97647059 1 0.827450991
v -1.39548516 -0.427918822 1.45062149 0.97647059 1 0.827450991
v -1.35231829 -0.525902152 1.42437243 0.97647059 1 0.827450991
v -1.30122459 -0.618245363 1.39250171 0.97647059 1 0.827450991
v -1.2431196 -0.704161763 1.35513568 0.97647059 1 0.827450991
v -1.17901242 -0.783031464 1.31242144 0.97647059 1 0.827450991
v -1.10997593 -0.854413509 1.2645278 0.97647059 1 0.827450991
v -1.03711116 -0.918051958 1.21164358 0.97647059 1 0.827450991
v -0.961514831 -0.973877013 1.15397739 0.97647059 1 0.827450991
v -0.884246528 -1.02199733 1.09175706 0.97647059 1 0.827450991
v -0.806297064 -1.0626893 1.02522814 0.97647059 1 0.827450991
v -0.728560567 -1.0963788 0.954653025 0.97647059 1 0.827450991
v -0.651809871 -1.12361848 0.880310535 0.97647059 1 0.827450991
v -0.576677442 -1.14506233 0.802493572 0.97647059 1 0.827450991
v -0.503640354 -1.16143489 0.721509695 0.97647059 1 0.827450991
v -0.433013201 -1.17350054 0.637678266 0.97647059 1 0.827450991
v -0.364944935 -1.18203056 0.551330447 0.97647059 1 0.827450991
v -0.299423069 -1.18777156 0.462806612 0.97647059 1 0.827450991
v -0.236284286 -1.19141519 0.372456193 0.97647059 1 0.827450991
v -0.175229102 -1.19356859 0.280635953 0.97647059 1 0.827450991
v -0.115843385 -1.19473183 0.18770811 0.97647059 1 0.827450991
v -0.0576225221 -1.19527686 0.0940394923 0.97647059 1 0.827450991
v 5.67032323e-08 -1.19543266 -6.54653931e-08 0.97647059 1 0.827450991
v 0.0576227233 -1.19527686 -0.0940398052 0.97647059 1 0.827450991
v 0.115843609 -1.19473171 -0.187708423 0.97647059 1 0.827450991
v 0.175229371 -1.19356859 -0.280636221 0.97647059 1 0.827450991
v 0.236284494 -1.19141519 -0.372456491 0.97647059 1 0.827450991
v 0.299423188 -1.1877718 -0.462806672 0.97647059 1 0.827450991
v 0.364945114 -1.18203068 -0.551330507 0.97647059 1 0.827450991
v 0.43301338 -1.17350054 -0.637678564 0.97647059 1 0.827450991
v 0.503640532 -1.16143477 -0.721509993 0.97647059 1 0.827450991
v 0.57667768 -1.14506233 -0.80249387 0.97647059 1 0.827450991
v 0.651810169 -1.12361836 -0.880310774 0.97647059 1 0.827450991
v 0.728560925 -1.09637868 -0.954653382 0.97647059 1 0.827450991
v 0.806297421 -1.06268907 -1.02522838 0.97647059 1 0.827450991
v 0.884246588 -1.02199721 -1.09175706 0.97647059 1 0.827450991
v 0.961515009 -0.973876894 -1.15397739 0.97647059 1 0.827450991
v 1.03711128 -0.918051958 -1.21164358 0.97647059 1 0.827450991
v 1.10997617 -0.854413331 -1.26452792 0.97647059 1 0.827450991
v 1.17901289 -0.783031344 -1.31242132 0.97647059 1 0.827450991
v 1.24311972 -0.704161584 -1.35513568 0.97647059 1 0.827450991
v 1.30122471 -0.618245065 -1.39250195 0.97647059 1 0.827450991
v 1.35231853 -0.525901854 -1.42437243 0.97647059 1 0.827450991
v 1.39548528 -0.427918434 -1.45062172 0.97647059 1 0.827450991
v 1.42993283 -0.325230002 -1.47114575 0.97647059 1 0.827450991
v 1.45501673 -0.218897119 -1.48586416 0.97647059 1 0.827450991
v 1.47026169 -0.110078752 -1.49471831 0.97647059 1 0.827450991
v 1.47537613 1.98302175e-07 -1.49767363 0.97647059 1 0.827450991
v 1.47026169 0.110079065 -1.49471831 0.97647059 1 0.827450991
v 1.45501661 0.218897849 -1.48586404 0.97647059 1 0.827450991
v 1.42993271 0.325230747 -1.47114563 0.97647059 1 0.827450991
v 1.39548504 0.427919149 -1.45062137 0.97647059 1 0.827450991
v 1.35231805 0.52590251 -1.4243722 0.97647059 1 0.827450991
v 1.30122459 0.61824578 -1.39250147 0.97647059 1 0.827450991
v 1.24311936 0.70416218 -1.35513544 0.97647059 1 0.827450991
v 1.1790123 0.783031881 -1.3124212 0.97647059 1 0.827450991
v 1.10997593 0.854413629 -1.26452756 0.97647059 1 0.827450991
v 1.03711081 0.918052077 -1.21164334 0.97647059 1 0.827450991
v 0.961514533 0.973877013 -1.15397727 0.97647059 1 0.827450991
v 0.884246171 1.02199733 -1.09175694 0.97647059 1 0.827450991
v 0.806297183 1.06268919 -1.02522814 0.97647059 1 0.827450991
v 0.728560209 1.0963788 -0.954652727 0.97647059 1 0.827450991
v 0.651809633 1.1236186 -0.880310118 0.97647059 1 0.827450991
v 0.576677144 1.14506257 -0.802493155 0.97647059 1 0.827450991
v 0.503640056 1.16143489 -0.721509337 0.97647059 1 0.827450991
v 0.433012843 1.17350054 -0.637677908 0.97647059 1 0.827450991
v 0.364944577 1.18203056 -0.551329911 0.97647059 1 0.827450991
v 0.29942289 1.18777192 -0.462806135 0.97647059 1 0.827450991
v 0.236283869 1.19141507 -0.372455686 0.97647059 1 0.827450991
v 0.175228775 1.19356859 -0.280635387 0.97647059 1 0.827450991
v 0.115843147 1.19473171 -0.187707722 0.97647059 1 0.827450991
v 0.0576222911 1.19527674 -0.09403909 0.97647059 1 0.827450991
v 5.67032323e-08 1.19543266 -6.54653931e-08 0.97647059 1 0.827450991
v -0.0576226115 1.19527686 0.0940396711 0.97647059 1 0.827450991
v -0.11584349 1.19473183 0.187708288 0.97647059 1 0.827450991
v -0.17522943 1.19356883 0.280636251 0.97647059 1 0.827450991
v -0.236284494 1.19141519 0.372456551 0.97647059 1 0.827450991
v -0.299423218 1.1877718 0.462806702 0.97647059 1 0.827450991
v -0.364945054 1.18203056 0.551330626 0.97647059 1 0.827450991
v -0.43301338 1.17350042 0.637678623 0.97647059 1 0.827450991
v -0.503640532 1.16143477 0.721510053 0.97647059 1 0.827450991
v -0.57667774 1.14506221 0.80249393 0.97647059 1 0.827450991
v -0.651810229 1.12361836 0.880310893 0.97647059 1 0.827450991
v -0.728561103 1.09637845 0.954653561 0.97647059 1 0.827450991
v -0.8062976 1.06268907 1.0252285 0.97647059 1 0.827450991
v -0.884246886 1.02199709 1.0917573 0.97647059 1 0.827450991
v -0.961515367 0.973876595 1.15397775 0.97647059 1 0.827450991
v -1.03711152 0.9180516 1.21164393 0.97647059 1 0.827450991
v -1.10997653 0.854412973 1.26452804 0.97647059 1 0.827450991
v -1.17901313 0.783031046 1.31242168 0.97647059 1 0.827450991
v -1.24311996 0.704161227 1.35513592 0.97647059 1 0.827450991
v -1.30122519 0.618244648 1.39250183 0.97647059 1 0.827450991
v -1.35231888 0.525901437 1.42437232 0.97647059 1 0.827450991
v -1.3954854 0.427917868 1.45062172 0.97647059 1 0.827450991
v -1.42993271 0.325230271 1.47114587 0.97647059 1 0.827450991
v -1.45501673 0.218897358 1.48586416 0.97647059 1 0.827450991
v -1.47026169 0.110078566 1.49471831 0.97647059 1 0.827450991
v -1.50232244 0 1.4558723 0.97647059 1 0.827450991
v -1.49733424 -0.110350937 1.45299947 0.97647059 1 0.827450991
v -1.48246098 -0.219507962 1.44439232 0.97647059 1 0.827450991
v -1.45797408 -0.326308787 1.43008471 0.97647059 1 0.827450991
v -1.42431569 -0.429653049 1.41013336 0.97647059 1 0.827450991
v -1.3820858 -0.528531015 1.38461685 0.97647059 1 0.827450991
v -1.33202243 -0.622048736 1.35363579 0.97647059 1 0.827450991
v -1.27497888 -0.709449172 1.3173126 0.97647059 1 0.827450991
v -1.2118969 -0.790129542 1.27579057 0.97647059 1 0.827450991
v -1.14377797 -0.863652229 1.22923362 0.97647059 1 0.827450991
v -1.07165253 -0.92975086 1.17782533 0.97647059 1 0.827450991
v -0.996548355 -0.98833096 1.12176883 0.97647059 1 0.827450991
v -0.919461012 -1.03946364 1.06128514 0.97647059 1 0.827450991
v -0.841325164 -1.08337569 0.996613085 0.97647059 1 0.827450991
v -0.762987435 -1.12043202 0.928007841 0.97647059 1 0.827450991
v -0.685185671 -1.15111673 0.855740249 0.97647059 1 0.827450991
v -0.608528554 -1.17600751 0.780095339 0.97647059 1 0.827450991
v -0.533485651 -1.19575024 0.701371729 0.97647059 1 0.827450991
v -0.46037668 -1.21102786 0.61988014 0.97647059 1 0.827450991
v -0.389371246 -1.22253275 0.535942316 0.97647059 1 0.827450991
v -0.320491254 -1.23093605 0.449889243 0.97647059 1 0.827450991
v -0.253620833 -1.23686051 0.362060636 0.97647059 1 0.827450991
v -0.188520133 -1.24085414 0.272803128 0.97647059 1 0.827450991
v -0.124844179 -1.24336779 0.18246901 0.97647059 1 0.827450991
v -0.0621654689 -1.24473786 0.091414772 0.97647059 1 0.827450991
v 5.85151376e-08 -1.24517131 -6.36381969e-08 0.97647059 1 0.827450991
v 0.0621656924 -1.24473786 -0.0914150774 0.97647059 1 0.827450991
v 0.124844402 -1.24336791 -0.182469308 0.97647059 1 0.827450991
v 0.188520402 -1.24085414 -0.272803426 0.97647059 1 0.827450991
v 0.253621101 -1.23686051 -0.362060875 0.97647059 1 0.827450991
v 0.320491374 -1.23093617 -0.449889302 0.97647059 1 0.827450991
v 0.389371425 -1.22253287 -0.535942435 0.97647059 1 0.827450991
v 0.460376889 -1.21102786 -0.619880378 0.97647059 1 0.827450991
v 0.533485889 -1.19575024 -0.701372027 0.97647059 1 0.827450991
v 0.608528793 -1.17600763 -0.780095577 0.97647059 1 0.827450991
v 0.68518579 -1.15111649 -0.855740488 0.97647059 1 0.827450991
v 0.762987852 -1.1204319 -0.928008199 0.97647059 1 0.827450991
v 0.841325581 -1.08337545 -0.996613264 0.97647059 1 0.827450991
v 0.919461191 -1.03946364 -1.06128526 0.97647059 1 0.827450991
v 0.996548533 -0.988330781 -1.12176895 0.97647059 1 0.827450991
v 1.07165265 -0.929750741 -1.17782557 0.97647059 1 0.827450991
v 1.1437782 -0.86365205 -1.22923374 0.97647059 1 0.827450991
v 1.2118969 -0.790129304 -1.27579069 0.97647059 1 0.827450991
v 1.27497888 -0.709448934 -1.31731272 0.97647059 1 0.827450991
v 1.33202243 -0.622048378 -1.35363591 0.97647059 1 0.827450991
v 1.38208592 -0.528530657 -1.38461697 0.97647059 1 0.827450991
v 1.42431593 -0.429652661 -1.41013348 0.97647059 1 0.827450991
v 1.4579742 -0.32630834 -1.43008482 0.97647059 1 0.827450991
v 1.48246109 -0.219507515 -1.44439232 0.97647059 1 0.827450991
v 1.49733424 -0.110350877 -1.45299947 0.97647059 1 0.827450991
v 1.50232244 2.04363502e-07 -1.4558723 0.97647059 1 0.827450991
v 1.49733424 0.110351197 -1.45299947 0.97647059 1 0.827450991
v 1.48246098 0.21950826 -1.4443922 0.97647059 1 0.827450991
v 1.45797408 0.326309085 -1.43008471 0.97647059 1 0.827450991
v 1.42431557 0.429653376 -1.41013336 0.97647059 1 0.827450991
v 1.38208568 0.528531432 -1.38461661 0.97647059 1 0.827450991
v 1.33202231 0.622049093 -1.35363543 0.97647059 1 0.827450991
v 1.27497852 0.70944953 -1.31731248 0.97647059 1 0.827450991
v 1.21189666 0.79012996 -1.27579033 0.97647059 1 0.827450991
v 1.14377797 0.863652289 -1.2292335 0.97647059 1 0.827450991
v 1.07165229 0.929750919 -1.17782521 0.97647059 1 0.827450991
v 0.996548176 0.98833102 -1.12176871 0.97647059 1 0.827450991
v 0.919460952 1.03946376 -1.06128502 0.97647059 1 0.827450991
v 0.841324925 1.08337569 -0.996612966 0.97647059 1 0.827450991
v 0.762987256 1.12043214 -0.928007483 0.97647059 1 0.827450991
v 0.685185075 1.15111673 -0.855739892 0.97647059 1 0.827450991
v 0.608528316 1.17600775 -0.780094922 0.97647059 1 0.827450991
v 0.533485293 1.19575036 -0.701371372 0.97647059 1 0.827450991
v 0.46037671 1.21102798 -0.619880021 0.97647059 1 0.827450991
v 0.389370948 1.22253275 -0.535941958 0.97647059 1 0.827450991
v 0.320491016 1.23093617 -0.449888825 0.97647059 1 0.827450991
v 0.253620446 1.23686051 -0.3620601 0.97647059 1 0.827450991
v 0.188519791 1.24085414 -0.272802591 0.97647059 1 0.827450991
v 0.12484394 1.24336791 -0.182468608 0.97647059 1 0.827450991
v 0.0621652231 1.24473786 -0.0914143845 0.97647059 1 0.827450991
v 5.85151376e-08 1.24517131 -6.36381969e-08 0.97647059 1 0.827450991
v -0.0621655732 1.24473786 0.0914149433 0.97647059 1 0.827450991
v -0.124844283 1.24336791 0.182469189 0.97647059 1 0.827450991
v -0.188520461 1.24085414 0.272803456 0.97647059 1 0.827450991
v -0.253621131 1.23686063 0.362060934 0.97647059 1 0.827450991
v -0.320491344 1.23093605 0.449889392 0.97647059 1 0.827450991
v -0.389371425 1.22253287 0.535942435 0.97647059 1 0.827450991
v -0.460376948 1.21102786 0.619880438 0.97647059 1 0.827450991
v -0.533485949 1.19575024 0.701372027 0.97647059 1 0.827450991
v -0.608528972 1.17600763 0.780095577 0.97647059 1 0.827450991
v -0.685185909 1.15111649 0.855740547 0.97647059 1 0.827450991
v -0.762987912 1.12043178 0.928008258 0.97647059 1 0.827450991
v -0.84132576 1.08337533 0.996613443 0.97647059 1 0.827450991
v -0.919461787 1.0394634 1.0612855 0.97647059 1 0.827450991
v -0.99654901 0.988330543 1.12176919 0.97647059 1 0.827450991
v -1.07165301 0.929750502 1.17782581 0.97647059 1 0.827450991
v -1.14377856 0.863651633 1.22923398 0.97647059 1 0.827450991
v -1.21189737 0.790129066 1.27579081 0.97647059 1 0.827450991
v -1.27497935 0.709448576 1.31731284 0.97647059 1 0.827450991
v -1.33202279 0.622047961 1.35363615 0.97647059 1 0.827450991
v -1.38208628 0.52853024 1.38461697 0.97647059 1 0.827450991
v -1.42431593 0.429652125 1.4101336 0.97647059 1 0.827450991
v -1.45797408 0.326308608 1.43008482 0.97647059 1 0.827450991
v -1.48246109 0.219507754 1.44439232 0.97647059 1 0.827450991
v -1.49733424 0.110350676 1.45299947 0.97647059 1 0.827450991
v -1.53129756 0 1.41523767 0.97647059 1 0.827450991
v -1.5264169 -0.110866047 1.41244507 0.97647059 1 0.827450991
v -1.51186013 -0.220597893 1.40407825 0.97647059 1 0.827450991
v -1.48787999 -0.328090549 1.39016986 0.97647059 1 0.827450991
v -1.45488882 -0.432296187 1.37077534 0.97647059 1 0.827450991
v -1.41344547 -0.532250643 1.34597111 0.97647059 1 0.827450991
v -1.36423862 -0.627096772 1.31585479 0.97647059 1 0.827450991
v -1.30806482 -0.716103911 1.28054535 0.97647059 1 0.827450991
v -1.24580407 -0.798683941 1.24018216 0.97647059 1 0.827450991
v -1.17839313 -0.874401271 1.19492483 0.97647059 1 0.827450991
v -1.1067977 -0.942979097 1.14495134 0.97647059 1 0.827450991
v -1.03198302 -1.00429976 1.09045935 0.97647059 1 0.827450991
v -0.954886794 -1.0583986 1.03166378 0.97647059 1 0.827450991
v -0.876391947 -1.10545588 0.96879679 0.97647059 1 0.827450991
v -0.797303081 -1.14578044 0.902106345 0.97647059 1 0.827450991
v -0.718325615 -1.17979205 0.831855834 0.97647059 1 0.827450991
v -0.6400491 -1.20799863 0.758322179 0.97647059 1 0.827450991
v -0.562935233 -1.23097205 0.681795835 0.97647059 1 0.827450991
v -0.487310201 -1.24932075 0.602578759 0.97647059 1 0.827450991
v -0.413363278 -1.26366329 0.520983696 0.97647059 1 0.827450991
v -0.341148883 -1.27460194 0.437332481 0.97647059 1 0.827450991
v -0.270596027 -1.28269577 0.351955205 0.97647059 1 0.827450991
v -0.201520264 -1.28843749 0.265188962 0.97647059 1 0.827450991
v -0.133641332 -1.29223323 0.177376166 0.97647059 1 0.827450991
v -0.0666036904 -1.29438627 0.0888633057 0.97647059 1 0.827450991
v 6.03640942e-08 -1.29508293 -6.18620035e-08 0.97647059 1 0.827450991
v 0.0666039288 -1.29438627 -0.0888636038 0.97647059 1 0.827450991
v 0.133641616 -1.29223335 -0.177376434 0.97647059 1 0.827450991
v 0.201520517 -1.28843737 -0.26518926 0.97647059 1 0.827450991
v 0.270596266 -1.28269565 -0.351955503 0.97647059 1 0.827450991
v 0.341149002 -1.27460194 -0.437332541 0.97647059 1 0.827450991
v 0.413363367 -1.26366341 -0.520983875 0.97647059 1 0.827450991
v 0.487310499 -1.24932063 -0.602578998 0.97647059 1 0.827450991
v 0.562935472 -1.23097205 -0.681796134 0.97647059 1 0.827450991
v 0.640049398 -1.20799875 -0.758322418 0.97647059 1 0.827450991
v 0.718325913 -1.17979205 -0.831856072 0.97647059 1 0.827450991
v 0.797303379 -1.14578032 -0.902106702 0.97647059 1 0.827450991
v 0.876392305 -1.10545552 -0.968797028 0.97647059 1 0.827450991
v 0.954886973 -1.05839849 -1.03166389 0.97647059 1 0.827450991
v 1.03198326 -1.00429952 -1.09045947 0.97647059 1 0.827450991
v 1.10679793 -0.942979038 -1.14495146 0.97647059 1 0.827450991
v 1.17839324 -0.874401093 -1.19492483 0.97647059 1 0.827450991
v 1.24580407 -0.798683703 -1.24018228 0.97647059 1 0.827450991
v 1.30806494 -0.716103733 -1.28054547 0.97647059 1 0.827450991
v 1.36423886 -0.627096534 -1.31585479 0.97647059 1 0.827450991
v 1.41344571 -0.532250285 -1.34597111 0.97647059 1 0.827450991
v 1.45488906 -0.432295799 -1.37077546 0.97647059 1 0.827450991
v 1.48788023 -0.328090101 -1.39016998 0.97647059 1 0.827450991
v 1.51186013 -0.220597446 -1.40407825 0.97647059 1 0.827450991
v 1.5264169 -0.11086598 -1.41244507 0.97647059 1 0.827450991
v 1.53129756 2.10568956e-07 -1.41523767 0.97647059 1 0.827450991
v 1.5264169 0.110866316 -1.41244507 0.97647059 1 0.827450991
v 1.51186025 0.220598206 -1.40407801 0.97647059 1 0.827450991
v 1.48787999 0.328090847 -1.39016986 0.97647059 1 0.827450991
v 1.4548887 0.432296515 -1.37077534 0.97647059 1 0.827450991
v 1.41344547 0.53225106 -1.34597087 0.97647059 1 0.827450991
v 1.3642385 0.62709713 -1.31585455 0.97647059 1 0.827450991
v 1.3080647 0.716104388 -1.28054512 0.97647059 1 0.827450991
v 1.24580371 0.798684299 -1.24018204 0.97647059 1 0.827450991
v 1.17839313 0.874401391 -1.19492459 0.97647059 1 0.827450991
v 1.10679746 0.942979217 -1.14495122 0.97647059 1 0.827450991
v 1.0319829 1.00429976 -1.09045923 0.97647059 1 0.827450991
v 0.954886615 1.05839872 -1.03166366 0.97647059 1 0.827450991
v 0.876391709 1.10545599 -0.968796611 0.97647059 1 0.827450991
v 0.797302723 1.14578056 -0.902106106 0.97647059 1 0.827450991
v 0.718325138 1.17979217 -0.831855536 0.97647059 1 0.827450991
v 0.640048742 1.20799887 -0.758321822 0.97647059 1 0.827450991
v 0.562934935 1.23097217 -0.681795537 0.97647059 1 0.827450991
v 0.487309933 1.24932086 -0.602578402 0.97647059 1 0.827450991
v 0.413362861 1.26366341 -0.520983219 0.97647059 1 0.827450991
v 0.341148615 1.27460206 -0.437332094 0.97647059 1 0.827450991
v 0.27059567 1.28269565 -0.351954877 0.97647059 1 0.827450991
v 0.201519877 1.28843749 -0.265188426 0.97647059 1 0.827450991
v 0.133641079 1.29223335 -0.177375764 0.97647059 1 0.827450991
v 0.0666034222 1.29438627 -0.0888629332 0.97647059 1 0.827450991
v 6.03640942e-08 1.29508293 -6.18620035e-08 0.97647059 1 0.827450991
v -0.0666038021 1.29438627 0.0888634771 0.97647059 1 0.827450991
v -0.133641452 1.29223323 0.17737633 0.97647059 1 0.827450991
v -0.201520547 1.28843737 0.26518929 0.97647059 1 0.827450991
v -0.270596325 1.28269577 0.351955503 0.97647059 1 0.827450991
v -0.341149032 1.27460194 0.4373326 0.97647059 1 0.827450991
v -0.413363427 1.26366341 0.520983875 0.97647059 1 0.827450991
v -0.48731041 1.24932051 0.602579117 0.97647059 1 0.827450991
v -0.562935412 1.23097181 0.681796193 0.97647059 1 0.827450991
v -0.640049458 1.20799863 0.758322537 0.97647059 1 0.827450991
v -0.718326092 1.17979193 0.831856251 0.97647059 1 0.827450991
v -0.797303498 1.14578021 0.902106762 0.97647059 1 0.827450991
v -0.876392484 1.10545552 0.968797207 0.97647059 1 0.827450991
v -0.954887271 1.05839825 1.03166413 0.97647059 1 0.827450991
v -1.03198373 1.00429916 1.09045982 0.97647059 1 0.827450991
v -1.10679829 0.94297874 1.1449517 0.97647059 1 0.827450991
v -1.17839372 0.874400675 1.19492507 0.97647059 1 0.827450991
v -1.24580443 0.798683286 1.24018252 0.97647059 1 0.827450991
v -1.3080653 0.716103375 1.28054559 0.97647059 1 0.827450991
v -1.36423922 0.627096057 1.31585491 0.97647059 1 0.827450991
v -1.41344583 0.532249808 1.34597123 0.97647059 1 0.827450991
v -1.45488906 0.432295263 1.37077558 0.97647059 1 0.827450991
v -1.48788011 0.32809034 1.39016998 0.97647059 1 0.827450991
v -1.51186013 0.220597669 1.40407825 0.97647059 1 0.827450991
v -1.5264169 0.110865787 1.41244507 0.97647059 1 0.827450991
v -1.56225729 0 1.37573731 0.97647059 1 0.827450991
v -1.55746686 -0.111611962 1.37302268 0.97647059 1 0.827450991
v -1.5431751 -0.222143501 1.36488938 0.97647059 1 0.827450991
v -1.5196178 -0.330541164 1.35136926 0.97647059 1 0.827450991
v -1.48717976 -0.435804367 1.33251607 0.97647059 1 0.827450991
v -1.44638312 -0.537009716 1.30840409 0.97647059 1 0.827450991
v -1.39787066 -0.633332849 1.27912819 0.97647059 1 0.827450991
v -1.34238744 -0.724066377 1.24480438 0.97647059 1 0.827450991
v -1.28075683 -0.8086344 1.20556784 0.97647059 1 0.827450991
v -1.21385741 -0.88660264 1.16157353 0.97647059 1 0.827450991
v -1.14259565 -0.957683563 1.11299491 0.97647059 1 0.827450991
v -1.06787968 -1.0217371 1.06002378 0.97647059 1 0.827450991
v -0.990594566 -1.07876527 1.00286925 0.97647059 1 0.827450991
v -0.911577106 -1.12890482 0.941756964 0.97647059 1 0.827450991
v -0.831593275 -1.17241192 0.876927972 0.97647059 1 0.827450991
v -0.75132072 -1.20964706 0.808638155 0.97647059 1 0.827450991
v -0.67133069 -1.24105275 0.737156868 0.97647059 1 0.827450991
v -0.59207952 -1.26713252 0.662766457 0.97647059 1 0.827450991
v -0.51390034 -1.28842604 0.585760295 0.97647059 1 0.827450991
v -0.43700096 -1.30548394 0.506442666 0.97647059 1 0.827450991
v -0.361466885 -1.31884372 0.425126225 0.97647059 1 0.827450991
v -0.287269294 -1.32900608 0.342131913 0.97647059 1 0.827450991
v -0.214275852 -1.33641338 0.257787347 0.97647059 1 0.827450991
v -0.142266661 -1.34142959 0.172425464 0.97647059 1 0.827450991
v -0.0709532797 -1.34432733 0.0863830745 0.97647059 1 0.827450991
v 6.22523757e-08 -1.34527445 -6.01353847e-08 0.97647059 1 0.827450991
v 0.0709535331 -1.34432733 -0.0863833651 0.97647059 1 0.827450991
v 0.142266914 -1.34142959 -0.172425747 0.97647059 1 0.827450991
v 0.21427606 -1.33641315 -0.257787645 0.97647059 1 0.827450991
v 0.287269562 -1.32900631 -0.342132151 0.97647059 1 0.827450991
v 0.361466944 -1.31884372 -0.425126284 0.97647059 1 0.827450991
v 0.43700099 -1.30548382 -0.506442845 0.97647059 1 0.827450991
v 0.513900459 -1.2884258 -0.585760593 0.97647059 1 0.827450991
v 0.592079878 -1.2671324 -0.662766695 0.97647059 1 0.827450991
v 0.671330929 -1.24105251 -0.737157166 0.97647059 1 0.827450991
v 0.751320839 -1.20964682 -0.808638394 0.97647059 1 0.827450991
v 0.831593692 -1.1724118 -0.87692827 0.97647059 1 0.827450991
v 0.911577463 -1.12890458 -0.941757202 0.97647059 1 0.827450991
v 0.990594685 -1.07876527 -1.00286937 0.97647059 1 0.827450991
v 1.06787968 -1.02173686 -1.06002402 0.97647059 1 0.827450991
v 1.14259565 -0.957683444 -1.11299503 0.97647059 1 0.827450991
v 1.21385753 -0.886602521 -1.16157365 0.97647059 1 0.827450991
v 1.28075695 -0.808634222 -1.20556784 0.97647059 1 0.827450991
v 1.34238756 -0.724066138 -1.24480438 0.97647059 1 0.827450991
v 1.3978709 -0.63333261 -1.27912831 0.97647059 1 0.827450991
v 1.44638324 -0.537009418 -1.30840421 0.97647059 1 0.827450991
v 1.48718011 -0.43580398 -1.33251607 0.97647059 1 0.827450991
v 1.51961803 -0.330540746 -1.35136926 0.97647059 1 0.827450991
v 1.54317522 -0.222143054 -1.36488938 0.97647059 1 0.827450991
v 1.55746686 -0.111611895 -1.37302268 0.97647059 1 0.827450991
v 1.56225729 2.16925045e-07 -1.37573731 0.97647059 1 0.827450991
v 1.55746686 0.111612245 -1.37302268 0.97647059 1 0.827450991
v 1.5431751 0.222143814 -1.36488926 0.97647059 1 0.827450991
v 1.5196178 0.330541492 -1.35136926 0.97647059 1 0.827450991
v 1.48717988 0.435804725 -1.33251595 0.97647059 1 0.827450991
v 1.446383 0.537010133 -1.30840385 0.97647059 1 0.827450991
v 1.39787054 0.633333325 -1.27912807 0.97647059 1 0.827450991
v 1.34238708 0.724066734 -1.24480426 0.97647059 1 0.827450991
v 1.28075659 0.808634818 -1.2055676 0.97647059 1 0.827450991
v 1.21385729 0.886602759 -1.16157341 0.97647059 1 0.827450991
v 1.14259517 0.957683682 -1.11299479 0.97647059 1 0.827450991
v 1.06787932 1.0217371 -1.06002378 0.97647059 1 0.827450991
v 0.990594387 1.07876539 -1.00286925 0.97647059 1 0.827450991
v 0.911576867 1.12890494 -0.941756785 0.97647059 1 0.827450991
v 0.831593096 1.17241216 -0.876927614 0.97647059 1 0.827450991
v 0.751320302 1.20964718 -0.808637738 0.97647059 1 0.827450991
v 0.671330392 1.24105287 -0.73715651 0.97647059 1 0.827450991
v 0.592079282 1.26713264 -0.662766099 0.97647059 1 0.827450991
v 0.513899982 1.28842604 -0.585759997 0.97647059 1 0.827450991
v 0.437000394 1.30548382 -0.506442249 0.97647059 1 0.827450991
v 0.361466616 1.31884396 -0.425125808 0.97647059 1 0.827450991
v 0.287268937 1.3290062 -0.342131525 0.97647059 1 0.827450991
v 0.21427545 1.33641338 -0.25778684 0.97647059 1 0.827450991
v 0.142266378 1.34142947 -0.172425091 0.97647059 1 0.827450991
v 0.0709530041 1.34432745 -0.0863826945 0.97647059 1 0.827450991
v 6.22523757e-08 1.34527445 -6.01353847e-08 0.97647059 1 0.827450991
v -0.0709533989 1.34432733 0.0863832384 0.97647059 1 0.827450991
v -0.14226678 1.34142947 0.172425643 0.97647059 1 0.827450991
v -0.214275941 1.33641315 0.257787526 0.97647059 1 0.827450991
v -0.287269592 1.32900631 0.342132181 0.97647059 1 0.827450991
v -0.361466974 1.31884372 0.425126344 0.97647059 1 0.827450991
v -0.43700105 1.30548382 0.506442904 0.97647059 1 0.827450991
v -0.513900518 1.2884258 0.585760653 0.97647059 1 0.827450991
v -0.592079878 1.26713228 0.662766755 0.97647059 1 0.827450991
v -0.671331048 1.24105251 0.737157166 0.97647059 1 0.827450991
v -0.751321077 1.2096467 0.808638394 0.97647059 1 0.827450991
v -0.831593931 1.1724118 0.87692827 0.97647059 1 0.827450991
v -0.911577642 1.12890446 0.941757321 0.97647059 1 0.827450991
v -0.990595162 1.07876492 1.00286961 0.97647059 1 0.827450991
v -1.06788015 1.02173662 1.06002414 0.97647059 1 0.827450991
v -1.14259601 0.957683146 1.11299527 0.97647059 1 0.827450991
v -1.21385801 0.886602104 1.16157377 0.97647059 1 0.827450991
v -1.28075743 0.808633804 1.20556808 0.97647059 1 0.827450991
v -1.3423878 0.724065781 1.24480462 0.97647059 1 0.827450991
v -1.39787102 0.633332133 1.27912843 0.97647059 1 0.827450991
v -1.44638336 0.537008882 1.30840421 0.97647059 1 0.827450991
v -1.48718023 0.435803413 1.33251619 0.97647059 1 0.827450991
v -1.51961803 0.330541015 1.35136926 0.97647059 1 0.827450991
v -1.5431751 0.222143278 1.36488938 0.97647059 1 0.827450991
v -1.55746686 0.111611716 1.37302268 0.97647059 1 0.827450991
v -1.59516501 0 1.3373394 0.97647059 1 0.827450991
v -1.59044874 -0.112577751 1.33470047 0.97647059 1 0.827450991
v -1.57637405 -0.224123359 1.32679415 0.97647059 1 0.827450991
v -1.55316138 -0.333629638 1.31365144 0.97647059 1 0.827450991
v -1.52117038 -0.440138221 1.29532444 0.97647059 1 0.827450991
v -1.48088908 -0.54276228 1.2718854 0.97647059 1 0.827450991
v -1.43291938 -0.640706301 1.24342668 0.97647059 1 0.827450991
v -1.37795889 -0.733283162 1.21006083 0.97647059 1 0.827450991
v -1.31677997 -0.819927573 1.17191947 0.97647059 1 0.827450991
v -1.25020742 -0.900205135 1.12915313 0.97647059 1 0.827450991
v -1.17909408 -0.973817468 1.08193028 0.97647059 1 0.827450991
v -1.1042968 -1.04060316 1.03043771 0.97647059 1 0.827450991
v -1.02665281 -1.10053289 0.974878311 0.97647059 1 0.827450991
v -0.946956635 -1.15370214 0.915471792 0.97647059 1 0.827450991
v -0.865940452 -1.20031857 0.852452159 0.97647059 1 0.827450991
v -0.784256101 -1.24068642 0.786068439 0.97647059 1 0.827450991
v -0.702459931 -1.27518857 0.716582239 0.97647059 1 0.827450991
v -0.621003926 -1.30426478 0.644268155 0.97647059 1 0.827450991
v -0.540228188 -1.32839084 0.569411278 0.97647059 1 0.827450991
v -0.460359126 -1.34805453 0.492307454 0.97647059 1 0.827450991
v -0.381511629 -1.36373365 0.413260579 0.97647059 1 0.827450991
v -0.303696483 -1.37587476 0.332582712 0.97647059 1 0.827450991
v -0.226830274 -1.38487279 0.250592291 0.97647059 1 0.827450991
v -0.150749847 -1.39105415 0.16761291 0.97647059 1 0.827450991
v -0.0752293617 -1.3946625 0.0839720443 0.97647059 1 0.827450991
v 6.41822595e-08 -1.39584827 -5.84569619e-08 0.97647059 1 0.827450991
v 0.0752296224 -1.3946625 -0.0839723274 0.97647059 1 0.827450991
v 0.150750116 -1.39105415 -0.167613193 0.97647059 1 0.827450991
v 0.226830527 -1.38487267 -0.25059256 0.97647059 1 0.827450991
v 0.303696722 -1.37587464 -0.33258298 0.97647059 1 0.827450991
v 0.381511778 -1.36373377 -0.413260609 0.97647059 1 0.827450991
v 0.460359216 -1.34805441 -0.492307574 0.97647059 1 0.827450991
v 0.540228486 -1.32839084 -0.569411516 0.97647059 1 0.827450991
v 0.621004343 -1.30426478 -0.644268334 0.97647059 1 0.827450991
v 0.702460229 -1.27518857 -0.716582477 0.97647059 1 0.827450991
v 0.784256339 -1.2406863 -0.786068618 0.97647059 1 0.827450991
v 0.86594075 -1.20031822 -0.852452517 0.97647059 1 0.827450991
v 0.946957052 -1.1537019 -0.915471911 0.97647059 1 0.827450991
v 1.02665281 -1.10053277 -0.97487843 0.97647059 1 0.827450991
v 1.10429692 -1.04060304 -1.03043783 0.97647059 1 0.827450991
v 1.17909431 -0.973817408 -1.0819304 0.97647059 1 0.827450991
v 1.25020754 -0.900205016 -1.12915313 0.97647059 1 0.827450991
v 1.31678021 -0.819927335 -1.17191947 0.97647059 1 0.827450991
v 1.37795901 -0.733282983 -1.21006095 0.97647059 1 0.827450991
v 1.4329195 -0.640706003 -1.2434268 0.97647059 1 0.827450991
v 1.4808892 -0.542761922 -1.27188551 0.97647059 1 0.827450991
v 1.5211705 -0.440137833 -1.29532456 0.97647059 1 0.827450991
v 1.55316162 -0.333629191 -1.31365132 0.97647059 1 0.827450991
v 1.57637417 -0.224122897 -1.32679415 0.97647059 1 0.827450991
v 1.59044874 -0.112577669 -1.33470047 0.97647059 1 0.827450991
v 1.59516501 2.23438406e-07 -1.3373394 0.97647059 1 0.827450991
v 1.59044874 0.112578027 -1.33470047 0.97647059 1 0.827450991
v 1.57637405 0.224123657 -1.32679403 0.97647059 1 0.827450991
v 1.55316138 0.333629966 -1.31365144 0.97647059 1 0.827450991
v 1.52117026 0.440138578 -1.29532433 0.97647059 1 0.827450991
v 1.48088884 0.542762697 -1.27188528 0.97647059 1 0.827450991
v 1.43291926 0.640706718 -1.24342644 0.97647059 1 0.827450991
v 1.37795866 0.733283579 -1.21006072 0.97647059 1 0.827450991
v 1.31677973 0.819927931 -1.17191923 0.97647059 1 0.827450991
v 1.25020742 0.900205195 -1.12915289 0.97647059 1 0.827450991
v 1.17909384 0.973817587 -1.08193028 0.97647059 1 0.827450991
v 1.10429657 1.04060316 -1.03043759 0.97647059 1 0.827450991
v 1.02665246 1.10053301 -0.974878311 0.97647059 1 0.827450991
v 0.946956336 1.15370226 -0.915471613 0.97647059 1 0.827450991
v 0.865940213 1.20031869 -0.852451801 0.97647059 1 0.827450991
v 0.784255624 1.24068666 -0.786068022 0.97647059 1 0.827450991
v 0.702459693 1.2751888 -0.716581821 0.97647059 1 0.827450991
v 0.621003687 1.3042649 -0.644267797 0.97647059 1 0.827450991
v 0.54022789 1.32839096 -0.56941098 0.97647059 1 0.827450991
v 0.460358799 1.34805453 -0.492307127 0.97647059 1 0.827450991
v 0.38151136 1.36373377 -0.413260192 0.97647059 1 0.827450991
v 0.303696126 1.37587476 -0.332582355 0.97647059 1 0.827450991
v 0.226829961 1.38487291 -0.250591964 0.97647059 1 0.827450991
v 0.150749534 1.39105403 -0.167612553 0.97647059 1 0.827450991
v 0.0752290487 1.3946625 -0.0839716867 0.97647059 1 0.827450991
v 6.41822595e-08 1.39584827 -5.84569619e-08 0.97647059 1 0.827450991
v -0.0752294883 1.3946625 0.0839722082 0.97647059 1 0.827450991
v -0.150749981 1.39105415 0.167613074 0.97647059 1 0.827450991
v -0.226830408 1.38487267 0.25059244 0.97647059 1 0.827450991
v -0.303696632 1.37587476 0.332582861 0.97647059 1 0.827450991
v -0.381511748 1.36373365 0.413260698 0.97647059 1 0.827450991
v -0.460359275 1.34805441 0.492307603 0.97647059 1 0.827450991
v -0.540228605 1.3283906 0.569411755 0.97647059 1 0.827450991
v -0.621004343 1.30426478 0.644268394 0.97647059 1 0.827450991
v -0.702460349 1.27518845 0.716582537 0.97647059 1 0.827450991
v -0.784256518 1.24068618 0.786068738 0.97647059 1 0.827450991
v -0.865940928 1.20031822 0.852452517 0.97647059 1 0.827450991
v -0.946957171 1.15370178 0.91547215 0.97647059 1 0.827450991
v -1.02665329 1.10053253 0.974878788 0.97647059 1 0.827450991
v -1.1042974 1.04060256 1.03043807 0.97647059 1 0.827450991
v -1.17909455 0.97381705 1.08193064 0.97647059 1 0.827450991
v -1.25020802 0.900204539 1.12915337 0.97647059 1 0.827450991
v -1.31678057 0.819926977 1.1719197 0.97647059 1 0.827450991
v -1.37795937 0.733282447 1.21006107 0.97647059 1 0.827450991
v -1.43291974 0.640705585 1.24342692 0.97647059 1 0.827450991
v -1.48088944 0.542761505 1.2718854 0.97647059 1 0.827450991
v -1.52117062 0.440137327 1.29532456 0.97647059 1 0.827450991
v -1.5531615 0.333629459 1.31365144 0.97647059 1 0.827450991
v -1.57637405 0.224123135 1.32679415 0.97647059 1 0.827450991
v -1.59044874 0.112577483 1.33470047 0.97647059 1 0.827450991
v -1.62999034 0 1.3000133 0.97647059 1 0.827450991
v -1.62533307 -0.113753527 1.29744804 0.97647059 1 0.827450991
v -1.61143053 -0.226518124 1.2897625 0.97647059 1 0.827450991
v -1.58848929 -0.337328047 1.27698636 0.97647059 1 0.827450991
v -1.55684566 -0.445262462 1.25917113 0.97647059 1 0.827450991
v -1.51695728 -0.549466908 1.2363863 0.97647059 1 0.827450991
v -1.46938848 -0.649171591 1.20872176 0.97647059 1 0.827450991
v -1.41479361 -0.743706882 1.17628717 0.97647059 1 0.827450991
v -1.35389853 -0.832515836 1.13921034 0.97647059 1 0.827450991
v -1.28747928 -0.915163219 1.09763753 0.97647059 1 0.827450991
v -1.21634007 -0.991339803 1.05173278 0.97647059 1 0.827450991
v -1.1412909 -1.06086338 1.00167751 0.97647059 1 0.827450991
v -1.06312609 -1.12367499 0.947668731 0.97647059 1 0.827450991
v -0.982602417 -1.1798315 0.889920235 0.97647059 1 0.827450991
v -0.900421143 -1.22949481 0.828659594 0.97647059 1 0.827450991
v -0.817211986 -1.27291775 0.764128625 0.97647059 1 0.827450991
v -0.733517885 -1.31042647 0.696581841 0.97647059 1 0.827450991
v -0.649788141 -1.34240234 0.62628603 0.97647059 1 0.827450991
v -0.566369832 -1.36926126 0.553518593 0.97647059 1 0.827450991
v -0.483507752 -1.391433 0.478566796 0.97647059 1 0.827450991
v -0.401344836 -1.4093405 0.401726186 0.97647059 1 0.827450991
v -0.319929332 -1.42337966 0.323300093 0.97647059 1 0.827450991
v -0.239223897 -1.43390226 0.243598089 0.97647059 1 0.827450991
v -0.159118474 -1.44119883 0.162934721 0.97647059 1 0.827450991
v -0.079445906 -1.44548702 0.0816283301 0.97647059 1 0.827450991
v 6.61559483e-08 -1.44690132 -5.68253853e-08 0.97647059 1 0.827450991
v 0.0794461817 -1.44548702 -0.0816285983 0.97647059 1 0.827450991
v 0.159118742 -1.44119871 -0.162934989 0.97647059 1 0.827450991
v 0.23922421 -1.43390226 -0.243598327 0.97647059 1 0.827450991
v 0.319929659 -1.42337978 -0.323300302 0.97647059 1 0.827450991
v 0.401344895 -1.40934038 -0.401726246 0.97647059 1 0.827450991
v 0.483507931 -1.391433 -0.478566885 0.97647059 1 0.827450991
v 0.56637001 -1.36926126 -0.553518832 0.97647059 1 0.827450991
v 0.64978826 -1.34240222 -0.626286328 0.97647059 1 0.827450991
v 0.733518064 -1.31042635 -0.696582139 0.97647059 1 0.827450991
v 0.817212045 -1.27291751 -0.764128864 0.97647059 1 0.827450991
v 0.90042156 -1.22949469 -0.828659892 0.97647059 1 0.827450991
v 0.982602835 -1.17983127 -0.889920473 0.97647059 1 0.827450991
v 1.06312621 -1.12367487 -0.947668791 0.97647059 1 0.827450991
v 1.14129114 -1.06086326 -1.00167751 0.97647059 1 0.827450991
v 1.21634007 -0.991339624 -1.0517329 0.97647059 1 0.827450991
v 1.28747928 -0.915162981 -1.09763777 0.97647059 1 0.827450991
v 1.35389864 -0.832515597 -1.13921022 0.97647059 1 0.827450991
v 1.41479373 -0.743706584 -1.17628729 0.97647059 1 0.827450991
v 1.4693886 -0.649171352 -1.20872188 0.97647059 1 0.827450991
v 1.51695764 -0.54946661 -1.23638618 0.97647059 1 0.827450991
v 1.5568459 -0.445262015 -1.25917113 0.97647059 1 0.827450991
v 1.58848953 -0.33732757 -1.27698648 0.97647059 1 0.827450991
v 1.61143064 -0.226517692 -1.28976238 0.97647059 1 0.827450991
v 1.62533307 -0.113753453 -1.29744804 0.97647059 1 0.827450991
v 1.62999034 2.30115546e-07 -1.3000133 0.97647059 1 0.827450991
v 1.62533307 0.113753825 -1.29744804 0.97647059 1 0.827450991
v 1.61143053 0.226518467 -1.28976226 0.97647059 1 0.827450991
v 1.58848929 0.337328374 -1.27698636 0.97647059 1 0.827450991
v 1.55684566 0.44526282 -1.25917089 0.97647059 1 0.827450991
v 1.5169574 0.549467385 -1.23638594 0.97647059 1 0.827450991
v 1.46938848 0.649172068 -1.20872152 0.97647059 1 0.827450991
v 1.41479337 0.743707299 -1.17628706 0.97647059 1 0.827450991
v 1.35389817 0.832516253 -1.1392101 0.97647059 1 0.827450991
v 1.28747916 0.915163338 -1.09763741 0.97647059 1 0.827450991
v 1.21633983 0.991339922 -1.05173266 0.97647059 1 0.827450991
v 1.14129078 1.06086349 -1.00167727 0.97647059 1 0.827450991
v 1.06312585 1.12367499 -0.947668731 0.97647059 1 0.827450991
v 0.98260206 1.17983162 -0.889920115 0.97647059 1 0.827450991
v 0.900420785 1.22949493 -0.828659356 0.97647059 1 0.827450991
v 0.817211509 1.27291799 -0.764128268 0.97647059 1 0.827450991
v 0.733517408 1.31042647 -0.696581602 0.97647059 1 0.827450991
v 0.649787724 1.34240246 -0.626285732 0.97647059 1 0.827450991
v 0.566369772 1.36926126 -0.553518593 0.97647059 1 0.827450991
v 0.483507186 1.391433 -0.478566378 0.97647059 1 0.827450991
v 0.401344538 1.40934062 -0.401725799 0.97647059 1 0.827450991
v 0.319928974 1.42337966 -0.323299736 0.97647059 1 0.827450991
v 0.239223585 1.43390226 -0.243597746 0.97647059 1 0.827450991
v 0.159118131 1.44119883 -0.162934363 0.97647059 1 0.827450991
v 0.0794455782 1.44548702 -0.0816279799 0.97647059 1 0.827450991
v 6.61559483e-08 1.44690132 -5.68253853e-08 0.97647059 1 0.827450991
v -0.0794460475 1.44548702 0.0816284865 0.97647059 1 0.827450991
v -0.159118578 1.44119871 0.162934884 0.97647059 1 0.827450991
v -0.23922427 1.43390226 0.243598372 0.97647059 1 0.827450991
v -0.319929659 1.42337978 0.323300362 0.97647059 1 0.827450991
v -0.401344955 1.40934038 0.401726305 0.97647059 1 0.827450991
v -0.483507991 1.391433 0.478566915 0.97647059 1 0.827450991
v -0.56637001 1.36926115 0.553518951 0.97647059 1 0.827450991
v -0.64978832 1.34240222 0.626286387 0.97647059 1 0.827450991
v -0.733518243 1.31042635 0.696582139 0.97647059 1 0.827450991
v -0.817212164 1.27291739 0.764128923 0.97647059 1 0.827450991
v -0.900421739 1.22949445 0.828660071 0.97647059 1 0.827450991
v -0.982602954 1.17983115 0.889920592 0.97647059 1 0.827450991
v -1.06312656 1.12367451 0.947669208 0.97647059 1 0.827450991
v -1.14129138 1.0608629 1.00167775 0.97647059 1 0.827450991
v -1.21634042 0.991339147 1.05173326 0.97647059 1 0.827450991
v -1.28747976 0.915162623 1.09763789 0.97647059 1 0.827450991
v -1.353899 0.83251518 1.13921058 0.97647059 1 0.827450991
v -1.41479421 0.743706226 1.17628729 0.97647059 1 0.827450991
v -1.46938884 0.649170816 1.208722 0.97647059 1 0.827450991
v -1.51695776 0.549466074 1.2363863 0.97647059 1 0.827450991
v -1.55684602 0.445261478 1.25917113 0.97647059 1 0.827450991
v -1.58848929 0.337327838 1.2769866 0.97647059 1 0.827450991
v -1.61143064 0.226517916 1.28976238 0.97647059 1 0.827450991
v -1.62533307 0.113753259 1.29744804 0.97647059 1 0.827450991
v -1.66670918 0 1.26372886 0.97647059 1 0.827450991
v -1.66209674 -0.115130506 1.26123512 0.97647059 1 0.827450991
v -1.64832461 -0.229310662 1.25376403 0.97647059 1 0.827450991
v -1.62558603 -0.341611385 1.24134469 0.97647059 1 0.827450991
v -1.59419692 -0.4511455 1.22402644 0.97647059 1 0.827450991
v -1.55458665 -0.557087064 1.20187759 0.97647059 1 0.827450991
v -1.50728524 -0.658688605 1.17498541 0.97647059 1 0.827450991
v -1.45290828 -0.755295396 1.14345586 0.97647059 1 0.827450991
v -1.39213884 -0.846357346 1.10741401 0.97647059 1 0.827450991
v -1.3257091 -0.931437314 1.06700158 0.97647059 1 0.827450991
v -1.25437927 -1.01021492 1.02237809 0.97647059 1 0.827450991
v -1.17891681 -1.08248842 0.973719835 0.97647059 1 0.827450991
v -1.10007703 -1.14816999 0.921218634 0.97647059 1 0.827450991
v -1.01858318 -1.20728064 0.865081906 0.97647059 1 0.827450991
v -0.9351089 -1.25993943 0.805531025 0.97647059 1 0.827450991
v -0.850264132 -1.30635047 0.742801249 0.97647059 1 0.827450991
v -0.764580965 -1.34678793 0.677139699 0.97647059 1 0.827450991
v -0.678506672 -1.38157868 0.608805954 0.97647059 1 0.827450991
v -0.592396498 -1.41108298 0.538069427 0.97647059 1 0.827450991
v -0.506512523 -1.43567669 0.465209603 0.97647059 1 0.827450991
v -0.421024621 -1.45573163 0.390513659 0.97647059 1 0.827450991
v -0.336016655 -1.47159731 0.314276516 0.97647059 1 0.827450991
v -0.251494616 -1.483585 0.236799061 0.97647059 1 0.827450991
v -0.167398438 -1.49195254 0.15838708 0.97647059 1 0.827450991
v -0.0836161003 -1.49689341 0.079350017 0.97647059 1 0.827450991
v 6.81756518e-08 -1.49852681 -5.52393438e-08 0.97647059 1 0.827450991
v 0.0836163759 -1.49689329 -0.0793502852 0.97647059 1 0.827450991
v 0.167398736 -1.49195254 -0.158387333 0.97647059 1 0.827450991
v 0.251494884 -1.48358488 -0.23679933 0.97647059 1 0.827450991
v 0.336016893 -1.47159731 -0.314276755 0.97647059 1 0.827450991
v 0.42102471 -1.45573163 -0.390513748 0.97647059 1 0.827450991
v 0.506512642 -1.43567669 -0.465209723 0.97647059 1 0.827450991
v 0.592396796 -1.41108298 -0.538069665 0.97647059 1 0.827450991
v 0.67850697 -1.38157856 -0.608806193 0.97647059 1 0.827450991
v 0.764581263 -1.34678805 -0.677139938 0.97647059 1 0.827450991
v 0.85026437 -1.30635035 -0.742801428 0.97647059 1 0.827450991
v 0.935109317 -1.25993919 -0.805531323 0.97647059 1 0.827450991
v 1.01858342 -1.2072804 -0.865082085 0.97647059 1 0.827450991
v 1.10007715 -1.14816988 -0.921218693 0.97647059 1 0.827450991
v 1.17891693 -1.0824883 -0.973719895 0.97647059 1 0.827450991
v 1.25437939 -1.01021492 -1.02237821 0.97647059 1 0.827450991
v 1.3257091 -0.931437135 -1.0670017 0.97647059 1 0.827450991
v 1.39213896 -0.846357107 -1.10741413 0.97647059 1 0.827450991
v 1.45290828 -0.755295038 -1.1434561 0.97647059 1 0.827450991
v 1.50728536 -0.658688188 -1.17498553 0.97647059 1 0.827450991
v 1.55458689 -0.557086706 -1.20187771 0.97647059 1 0.827450991
v 1.59419715 -0.451145053 -1.22402656 0.97647059 1 0.827450991
v 1.62558615 -0.341610909 -1.24134481 0.97647059 1 0.827450991
v 1.64832461 -0.229310185 -1.25376403 0.97647059 1 0.827450991
v 1.66209674 -0.115130432 -1.26123512 0.97647059 1 0.827450991
v 1.66670918 2.36963132e-07 -1.26372886 0.97647059 1 0.827450991
v 1.66209662 0.115130812 -1.26123524 0.97647059 1 0.827450991
v 1.64832461 0.229310989 -1.25376391 0.97647059 1 0.827450991
v 1.62558603 0.341611743 -1.24134469 0.97647059 1 0.827450991
v 1.59419692 0.451145887 -1.22402644 0.97647059 1 0.827450991
v 1.55458653 0.557087481 -1.20187747 0.97647059 1 0.827450991
v 1.50728512 0.658689022 -1.17498529 0.97647059 1 0.827450991
v 1.45290792 0.755295753 -1.14345586 0.97647059 1 0.827450991
v 1.39213848 0.846357763 -1.10741389 0.97647059 1 0.827450991
v 1.32570899 0.931437433 -1.06700146 0.97647059 1 0.827450991
v 1.25437891 1.01021504 -1.02237809 0.97647059 1 0.827450991
v 1.17891657 1.08248854 -0.973719776 0.97647059 1 0.827450991
v 1.10007691 1.14817011 -0.921218514 0.97647059 1 0.827450991
v 1.01858282 1.20728076 -0.865081728 0.97647059 1 0.827450991
v 0.935108662 1.25993955 -0.805530787 0.97647059 1 0.827450991
v 0.850263655 1.30635059 -0.742800891 0.97647059 1 0.827450991
v 0.764580607 1.34678817 -0.677139401 0.97647059 1 0.827450991
v 0.678506315 1.38157868 -0.608805656 0.97647059 1 0.827450991
v 0.59239614 1.4110831 -0.538069129 0.97647059 1 0.827450991
v 0.506512225 1.43567681 -0.465209305 0.97647059 1 0.827450991
v 0.421024293 1.45573175 -0.390513301 0.97647059 1 0.827450991
v 0.336016089 1.47159731 -0.314276069 0.97647059 1 0.827450991
v 0.25149408 1.483585 -0.236798614 0.97647059 1 0.827450991
v 0.167398095 1.49195254 -0.158386737 0.97647059 1 0.827450991
v 0.0836157501 1.49689341 -0.0793496743 0.97647059 1 0.827450991
v 6.81756518e-08 1.49852681 -5.52393438e-08 0.97647059 1 0.827450991
v -0.0836162344 1.49689329 0.0793501735 0.97647059 1 0.827450991
v -0.167398587 1.49195254 0.158387229 0.97647059 1 0.827450991
v -0.251494944 1.48358488 0.236799359 0.97647059 1 0.827450991
v -0.336016774 1.47159731 0.314276665 0.97647059 1 0.827450991
v -0.42102468 1.45573151 0.390513808 0.97647059 1 0.827450991
v -0.506512702 1.43567669 0.465209752 0.97647059 1 0.827450991
v -0.592396796 1.41108298 0.538069725 0.97647059 1 0.827450991
v -0.67850703 1.38157845 0.608806193 0.97647059 1 0.827450991
v -0.764581323 1.34678793 0.677139997 0.97647059 1 0.827450991
v -0.850264311 1.30635023 0.742801547 0.97647059 1 0.827450991
v -0.935109437 1.25993907 0.805531383 0.97647059 1 0.827450991
v -1.01858366 1.2072804 0.865082264 0.97647059 1 0.827450991
v -1.10007763 1.14816964 0.921218991 0.97647059 1 0.827450991
v -1.17891741 1.08248782 0.973720193 0.97647059 1 0.827450991
v -1.25437975 1.01021457 1.02237844 0.97647059 1 0.827450991
v -1.3257097 0.931436658 1.06700182 0.97647059 1 0.827450991
v -1.39213932 0.84635675 1.10741436 0.97647059 1 0.827450991
v -1.45290864 0.755294621 1.14345634 0.97647059 1 0.827450991
v -1.50728571 0.65868783 1.17498565 0.97647059 1 0.827450991
v -1.55458713 0.55708617 1.20187759 0.97647059 1 0.827450991
v -1.59419727 0.451144516 1.22402668 0.97647059 1 0.827450991
v -1.62558615 0.341611147 1.24134481 0.97647059 1 0.827450991
v -1.64832461 0.229310423 1.25376403 0.97647059 1 0.827450991
v -1.66209674 0.115130238 1.26123512 0.97647059 1 0.827450991
v -1.70530307 0 1.22845721 0.97647059 1 0.827450991
v -1.70072222 -0.116700836 1.22603309 0.97647059 1 0.827450991
v -1.68704104 -0.232485473 1.2187705 0.97647059 1 0.827450991
v -1.66444075 -0.346457541 1.20669782 0.97647059 1 0.827450991
v -1.63321888 -0.457759321 1.18986297 0.97647059 1 0.827450991
v -1.59377873 -0.565589905 1.16833234 0.97647059 1 0.827450991
v -1.54661953 -0.669221282 1.14219069 0.97647059 1 0.827450991
v -1.49232113 -0.76801157 1.11154127 0.97647059 1 0.827450991
v -1.43152857 -0.861415446 1.07650518 0.97647059 1 0.827450991
v -1.36493373 -0.948992968 1.03722072 0.97647059 1 0.827450991
v -1.29325688 -1.03041279 0.993842781 0.97647059 1 0.827450991
v -1.21722746 -1.10545349 0.946542561 0.97647059 1 0.827450991
v -1.13756585 -1.17400074 0.89550674 0.97647059 1 0.827450991
v -1.05496442 -1.23604119 0.84093678 0.97647059 1 0.827450991
v -0.970073283 -1.29165351 0.783048034 0.97647059 1 0.827450991
v -0.883484542 -1.34099674 0.722069025 0.97647059 1 0.827450991
v -0.795721531 -1.38429642 0.658240199 0.97647059 1 0.827450991
v -0.707230687 -1.42182815 0.591813684 0.97647059 1 0.827450991
v -0.618375421 -1.45390129 0.5230515 0.97647059 1 0.827450991
v -0.529435039 -1.48084104 0.452225298 0.97647059 1 0.827450991
v -0.440605283 -1.50297201 0.379614174 0.97647059 1 0.827450991
v -0.352003902 -1.52060091 0.305504829 0.97647059 1 0.827450991
v -0.263677776 -1.53400111 0.230189815 0.97647059 1 0.827450991
v -0.175613955 -1.54340029 0.153966367 0.97647059 1 0.827450991
v -0.0877522081 -1.54896927 0.0771352947 0.97647059 1 0.827450991
v 7.02435585e-08 -1.55081356 -5.36975691e-08 0.97647059 1 0.827450991
v 0.0877525136 -1.54896927 -0.077135548 0.97647059 1 0.827450991
v 0.175614268 -1.54340017 -0.153966621 0.97647059 1 0.827450991
v 0.263678074 -1.53400099 -0.230190068 0.97647059 1 0.827450991
v 0.3520042 -1.5206008 -0.305505067 0.97647059 1 0.827450991
v 0.440605462 -1.50297213 -0.379614204 0.97647059 1 0.827450991
v 0.529435277 -1.48084116 -0.452225357 0.97647059 1 0.827450991
v 0.618375719 -1.45390117 -0.523051739 0.97647059 1 0.827450991
v 0.707230985 -1.42182803 -0.591813922 0.97647059 1 0.827450991
v 0.795721889 -1.3842963 -0.658240438 0.97647059 1 0.827450991
v 0.88348484 -1.34099662 -0.722069263 0.97647059 1 0.827450991
v 0.9700737 -1.29165328 -0.783048332 0.97647059 1 0.827450991
v 1.05496478 -1.23604083 -0.840937018 0.97647059 1 0.827450991
v 1.13756585 -1.17400062 -0.89550674 0.97647059 1 0.827450991
v 1.21722758 -1.10545349 -0.946542621 0.97647059 1 0.827450991
v 1.29325712 -1.03041267 -0.99384284 0.97647059 1 0.827450991
v 1.36493385 -0.948992848 -1.03722084 0.97647059 1 0.827450991
v 1.43152869 -0.861415148 -1.0765053 0.97647059 1 0.827450991
v 1.49232125 -0.768011272 -1.11154139 0.97647059 1 0.827450991
v 1.54661965 -0.669221103 -1.14219069 0.97647059 1 0.827450991
v 1.59377897 -0.565589607 -1.16833234 0.97647059 1 0.827450991
v 1.633219 -0.457758874 -1.18986309 0.97647059 1 0.827450991
v 1.66444087 -0.346457034 -1.20669794 0.97647059 1 0.827450991
v 1.68704104 -0.232484996 -1.2187705 0.97647059 1 0.827450991
v 1.70072222 -0.116700754 -1.22603309 0.97647059 1 0.827450991
v 1.70530307 2.43987699e-07 -1.22845721 0.97647059 1 0.827450991
v 1.70072222 0.116701141 -1.22603309 0.97647059 1 0.827450991
v 1.68704093 0.232485816 -1.21877038 0.97647059 1 0.827450991
v 1.66444075 0.346457899 -1.20669782 0.97647059 1 0.827450991
v 1.63321877 0.457759708 -1.18986285 0.97647059 1 0.827450991
v 1.59377861 0.565590441 -1.1683321 0.97647059 1 0.827450991
v 1.5466193 0.669221818 -1.14219046 0.97647059 1 0.827450991
v 1.49232101 0.768011928 -1.11154115 0.97647059 1 0.827450991
v 1.43152833 0.861415863 -1.07650506 0.97647059 1 0.827450991
v 1.36493361 0.948993087 -1.03722072 0.97647059 1 0.827450991
v 1.29325652 1.03041291 -0.993842721 0.97647059 1 0.827450991
v 1.21722722 1.10545361 -0.946542501 0.97647059 1 0.827450991
v 1.13756537 1.17400086 -0.89550668 0.97647059 1 0.827450991
v 1.0549643 1.23604131 -0.840936661 0.97647059 1 0.827450991
v 0.970072865 1.29165363 -0.783047795 0.97647059 1 0.827450991
v 0.883484125 1.34099698 -0.722068727 0.97647059 1 0.827450991
v 0.795721233 1.38429677 -0.658239841 0.97647059 1 0.827450991
v 0.70723033 1.42182827 -0.591813385 0.97647059 1 0.827450991
v 0.618375063 1.45390141 -0.523051202 0.97647059 1 0.827450991
v 0.529434562 1.48084116 -0.452224821 0.97647059 1 0.827450991
v 0.440604985 1.50297225 -0.379613787 0.97647059 1 0.827450991
v 0.352003336 1.5206008 -0.305504382 0.97647059 1 0.827450991
v 0.263677239 1.53400099 -0.230189383 0.97647059 1 0.827450991
v 0.175613597 1.54340029 -0.153966039 0.97647059 1 0.827450991
v 0.087751843 1.54896927 -0.0771349669 0.97647059 1 0.827450991
v 7.02435585e-08 1.55081356 -5.36975691e-08 0.97647059 1 0.827450991
v -0.087752372 1.54896927 0.0771354437 0.97647059 1 0.827450991
v -0.175614119 1.54340029 0.153966516 0.97647059 1 0.827450991
v -0.263678133 1.53400099 0.230190113 0.97647059 1 0.827450991
v -0.35200423 1.5206008 0.305505097 0.97647059 1 0.827450991
v -0.440605462 1.50297213 0.379614234 0.97647059 1 0.827450991
v -0.529435277 1.48084116 0.452225387 0.97647059 1 0.827450991
v -0.618375719 1.45390117 0.523051798 0.97647059 1 0.827450991
v -0.707231045 1.42182803 0.591813982 0.97647059 1 0.827450991
v -0.795721948 1.3842963 0.658240497 0.97647059 1 0.827450991
v -0.88348496 1.3409965 0.722069323 0.97647059 1 0.827450991
v -0.97007376 1.29165292 0.78304857 0.97647059 1 0.827450991
v -1.05496502 1.23604071 0.840937138 0.97647059 1 0.827450991
v -1.13756621 1.17400026 0.895507038 0.97647059 1 0.827450991
v -1.21722817 1.10545301 0.946542919 0.97647059 1 0.827450991
v -1.29325724 1.0304122 0.993843138 0.97647059 1 0.827450991
v -1.36493421 0.948992193 1.03722107 0.97647059 1 0.827450991
v -1.43152916 0.861414731 1.07650554 0.97647059 1 0.827450991
v -1.49232161 0.768010736 1.11154151 0.97647059 1 0.827450991
v -1.54661989 0.669220626 1.14219081 0.97647059 1 0.827450991
v -1.59377909 0.56558913 1.16833246 0.97647059 1 0.827450991
v -1.633219 0.457758307 1.1898632 0.97647059 1 0.827450991
v -1.66444087 0.346457303 1.20669794 0.97647059 1 0.827450991
v -1.68704104 0.23248525 1.2187705 0.97647059 1 0.827450991
v -1.70072222 0.116700567 1.22603309 0.97647059 1 0.827450991
v -1.74575901 0 1.19417012 0.97647059 1 0.827450991
v -1.74119735 -0.118457526 1.19181371 0.97647059 1 0.827450991
v -1.72756994 -0.236029029 1.18475378 0.97647059 1 0.827450991
v -1.70504785 -0.351846874 1.17301798 0.97647059 1 0.827450991
v -1.67391062 -0.465079188 1.15665305 0.97647059 1 0.827450991
v -1.63453913 -0.574947 1.13572347 0.97647059 1 0.827450991
v -1.58740413 -0.680738926 1.11031127 0.97647059 1 0.827450991
v -1.53305316 -0.781823158 1.08051741 0.97647059 1 0.827450991
v -1.47209668 -0.877658427 1.04645908 0.97647059 1 0.827450991
v -1.40518987 -0.967800736 1.00827134 0.97647059 1 0.827450991
v -1.33301783 -1.05190754 0.966103911 0.97647059 1 0.827450991
v -1.25627494 -1.12973881 0.920123875 0.97647059 1 0.827450991
v -1.17565012 -1.20115411 0.870512486 0.97647059 1 0.827450991
v -1.09180951 -1.26610804 0.817465544 0.97647059 1 0.827450991
v -1.00538075 -1.32464135 0.76119262 0.97647059 1 0.827450991
v -0.916941762 -1.37687087 0.701915562 0.97647059 1 0.827450991
v -0.827008188 -1.42297626 0.639868259 0.97647059 1 0.827450991
v -0.736026704 -1.46318591 0.575295806 0.97647059 1 0.827450991
v -0.6443699 -1.49776149 0.508452773 0.97647059 1 0.827450991
v -0.552333534 -1.52698123 0.439603329 0.97647059 1 0.827450991
v -0.460138202 -1.55112576 0.369018883 0.97647059 1 0.827450991
v -0.367934018 -1.57046175 0.296977967 0.97647059 1 0.827450991
v -0.275806725 -1.58522797 0.22376506 0.97647059 1 0.827450991
v -0.183787793 -1.59562409 0.149669066 0.97647059 1 0.827450991
v -0.0918657854 -1.60179949 0.0749823973 0.97647059 1 0.827450991
v 7.23618427e-08 -1.6038475 -5.21988319e-08 0.97647059 1 0.827450991
v 0.0918661058 -1.60179949 -0.0749826431 0.97647059 1 0.827450991
v 0.183788136 -1.59562409 -0.14966929 0.97647059 1 0.827450991
v 0.275807083 -1.5852282 -0.223765284 0.97647059 1 0.827450991
v 0.367934346 -1.57046187 -0.296978176 0.97647059 1 0.827450991
v 0.460138321 -1.55112576 -0.369018912 0.97647059 1 0.827450991
v 0.552333713 -1.52698123 -0.439603388 0.97647059 1 0.827450991
v 0.644370139 -1.49776125 -0.508453012 0.97647059 1 0.827450991
v 0.736027181 -1.46318591 -0.575295925 0.97647059 1 0.827450991
v 0.827008486 -1.42297614 -0.639868498 0.97647059 1 0.827450991
v 0.91694206 -1.37687063 -0.701915801 0.97647059 1 0.827450991
v 1.00538111 -1.32464111 -0.761192918 0.97647059 1 0.827450991
v 1.09180975 -1.26610768 -0.817465842 0.97647059 1 0.827450991
v 1.17565024 -1.20115399 -0.870512486 0.97647059 1 0.827450991
v 1.25627506 -1.12973869 -0.920123935 0.97647059 1 0.827450991
v 1.33301795 -1.05190742 -0.966103971 0.97647059 1 0.827450991
v 1.40519011 -0.967800558 -1.00827122 0.97647059 1 0.827450991
v 1.47209668 -0.877658129 -1.04645932 0.97647059 1 0.827450991
v 1.5330534 -0.781822801 -1.08051753 0.97647059 1 0.827450991
v 1.58740425 -0.680738568 -1.11031139 0.97647059 1 0.827450991
v 1.63453948 -0.574946702 -1.13572335 0.97647059 1 0.827450991
v 1.67391086 -0.465078741 -1.15665317 0.97647059 1 0.827450991
v 1.70504785 -0.351846367 -1.1730181 0.97647059 1 0.827450991
v 1.72756994 -0.236028537 -1.18475378 0.97647059 1 0.827450991
v 1.74119735 -0.118457444 -1.19181371 0.97647059 1 0.827450991
v 1.74575901 2.51195985e-07 -1.19417012 0.97647059 1 0.827450991
v 1.74119735 0.118457846 -1.19181371 0.97647059 1 0.827450991
v 1.72756982 0.236029372 -1.18475366 0.97647059 1 0.827450991
v 1.70504785 0.351847202 -1.17301798 0.97647059 1 0.827450991
v 1.67391074 0.465079606 -1.15665293 0.97647059 1 0.827450991
v 1.63453913 0.574947596 -1.13572299 0.97647059 1 0.827450991
v 1.58740389 0.680739343 -1.11031115 0.97647059 1 0.827450991
v 1.53305304 0.781823575 -1.08051729 0.97647059 1 0.827450991
v 1.47209632 0.877658784 -1.04645908 0.97647059 1 0.827450991
v 1.40518987 0.967800856 -1.0082711 0.97647059 1 0.827450991
v 1.33301747 1.05190766 -0.966103911 0.97647059 1 0.827450991
v 1.25627458 1.12973893 -0.920123756 0.97647059 1 0.827450991
v 1.17564988 1.20115423 -0.870512426 0.97647059 1 0.827450991
v 1.09180915 1.26610816 -0.817465484 0.97647059 1 0.827450991
v 1.00538051 1.32464159 -0.761192322 0.97647059 1 0.827450991
v 0.916941345 1.37687099 -0.701915264 0.97647059 1 0.827450991
v 0.82700783 1.42297661 -0.639867961 0.97647059 1 0.827450991
v 0.736026466 1.46318614 -0.575295508 0.97647059 1 0.827450991
v 0.644369483 1.49776149 -0.508452535 0.97647059 1 0.827450991
v 0.552332938 1.52698123 -0.439602941 0.97647059 1 0.827450991
v 0.460137725 1.55112612 -0.369018346 0.97647059 1 0.827450991
v 0.367933631 1.57046175 -0.296977639 0.97647059 1 0.827450991
v 0.275806129 1.58522797 -0.223764628 0.97647059 1 0.827450991
v 0.183787405 1.59562397 -0.149668738 0.97647059 1 0.827450991
v 0.091865398 1.60179949 -0.0749820769 0.97647059 1 0.827450991
v 7.23618427e-08 1.6038475 -5.21988319e-08 0.97647059 1 0.827450991
v -0.0918659568 1.60179949 0.0749825388 0.97647059 1 0.827450991
v -0.183787972 1.59562409 0.1496692 0.97647059 1 0.827450991
v -0.275807112 1.5852282 0.223765314 0.97647059 1 0.827450991
v -0.367934406 1.57046187 0.296978205 0.97647059 1 0.827450991
v -0.460138381 1.55112576 0.369018942 0.97647059 1 0.827450991
v -0.552333891 1.52698123 0.439603537 0.97647059 1 0.827450991
v -0.644370139 1.49776113 0.508453071 0.97647059 1 0.827450991
v -0.736027241 1.46318591 0.575295985 0.97647059 1 0.827450991
v -0.827008605 1.42297614 0.639868557 0.97647059 1 0.827450991
v -0.916942179 1.37687051 0.70191586 0.97647059 1 0.827450991
v -1.00538123 1.32464099 0.761192977 0.97647059 1 0.827450991
v -1.09180999 1.26610768 0.817465901 0.97647059 1 0.827450991
v -1.1756506 1.20115364 0.870512843 0.97647059 1 0.827450991
v -1.25627565 1.12973821 0.920124173 0.97647059 1 0.827450991
v -1.33301818 1.05190694 0.966104329 0.97647059 1 0.827450991
v -1.40519059 0.967800081 1.00827146 0.97647059 1 0.827450991
v -1.47209704 0.877657712 1.04645956 0.97647059 1 0.827450991
v -1.53305364 0.781822383 1.08051765 0.97647059 1 0.827450991
v -1.58740461 0.680738032 1.11031151 0.97647059 1 0.827450991
v -1.6345396 0.574946165 1.13572347 0.97647059 1 0.827450991
v -1.67391109 0.465078235 1.15665305 0.97647059 1 0.827450991
v -1.70504785 0.351846606 1.1730181 0.97647059 1 0.827450991
v -1.72756994 0.236028805 1.18475378 0.97647059 1 0.827450991
v -1.74119735 0.118457243 1.19181371 0.97647059 1 0.827450991
v -1.78806949 0 1.16083968 0.97647059 1 0.827450991
v -1.78351533 -0.120394483 1.15854907 0.97647059 1 0.827450991
v -1.76990676 -0.239929289 1.15168631 0.97647059 1 0.827450991
v -1.74740589 -0.357762098 1.14027786 0.97647059 1 0.827450991
v -1.71627629 -0.473083436 1.12436974 0.97647059 1 0.827450991
v -1.67687738 -0.585133076 1.10402441 0.97647059 1 0.827450991
v -1.62965488 -0.693213761 1.0793215 0.97647059 1 0.827450991
v -1.57512736 -0.796702325 1.05035913 0.97647059 1 0.827450991
v -1.5138731 -0.89505899 1.01725161 0.97647059 1 0.827450991
v -1.44651556 -0.987835765 0.98012948 0.97647059 1 0.827450991
v -1.37370658 -1.07467842 0.939139009 0.97647059 1 0.827450991
v -1.29611015 -1.15532863 0.89444232 0.97647059 1 0.827450991
v -1.21438682 -1.22962093 0.846215606 0.97647059 1 0.827450991
v -1.12917876 -1.29747999 0.794649422 0.97647059 1 0.827450991
v -1.04109538 -1.35891044 0.739947021 0.97647059 1 0.827450991
v -0.950701356 -1.41398931 0.682324529 0.97647059 1 0.827450991
v -0.858506262 -1.46285391 0.62200892 0.97647059 1 0.827450991
v -0.764958858 -1.50568819 0.559238732 0.97647059 1 0.827450991
v -0.670440078 -1.54270911 0.494261384 0.97647059 1 0.827450991
v -0.575263023 -1.57415175 0.427333564 0.97647059 1 0.827450991
v -0.479671776 -1.60025525 0.3587192 0.97647059 1 0.827450991
v -0.383847564 -1.62124979 0.288689017 0.97647059 1 0.827450991
v -0.287912875 -1.63734126 0.217519581 0.97647059 1 0.827450991
v -0.191941395 -1.64870358 0.145491675 0.97647059 1 0.827450991
v -0.0959677324 -1.65546691 0.0728895664 0.97647059 1 0.827450991
v 7.45327e-08 -1.65771222 -5.07419138e-08 0.97647059 1 0.827450991
v 0.0959680602 -1.65546691 -0.0728898048 0.97647059 1 0.827450991
v 0.191941753 -1.64870369 -0.145491898 0.97647059 1 0.827450991
v 0.287913263 -1.6373415 -0.217519805 0.97647059 1 0.827450991
v 0.383847862 -1.62124968 -0.288689256 0.97647059 1 0.827450991
v 0.479671955 -1.60025549 -0.35871923 0.97647059 1 0.827450991
v 0.575263083 -1.57415164 -0.427333683 0.97647059 1 0.827450991
v 0.670440435 -1.54270887 -0.494261593 0.97647059 1 0.827450991
v 0.764959157 -1.50568807 -0.559238911 0.97647059 1 0.827450991
v 0.85850656 -1.46285379 -0.622009158 0.97647059 1 0.827450991
v 0.950701356 -1.41398895 -0.682324708 0.97647059 1 0.827450991
v 1.04109561 -1.35890985 -0.739947319 0.97647059 1 0.827450991
v 1.12917924 -1.29747951 -0.794649601 0.97647059 1 0.827450991
v 1.21438694 -1.22962093 -0.846215725 0.97647059 1 0.827450991
v 1.29611027 -1.15532839 -0.894442379 0.97647059 1 0.827450991
v 1.37370658 -1.07467818 -0.939139187 0.97647059 1 0.827450991
v 1.44651568 -0.987835586 -0.98012954 0.97647059 1 0.827450991
v 1.51387334 -0.89505887 -1.01725161 0.97647059 1 0.827450991
v 1.5751276 -0.796702027 -1.05035925 0.97647059 1 0.827450991
v 1.62965536 -0.693213582 -1.0793215 0.97647059 1 0.827450991
v 1.67687762 -0.585132778 -1.10402429 0.97647059 1 0.827450991
v 1.71627641 -0.473082989 -1.12436986 0.97647059 1 0.827450991
v 1.74740601 -0.357761592 -1.1402781 0.97647059 1 0.827450991
v 1.769907 -0.239928842 -1.15168619 0.97647059 1 0.827450991
v 1.78351533 -0.120394379 -1.15854907 0.97647059 1 0.827450991
v 1.78806949 2.58594781e-07 -1.16083968 0.97647059 1 0.827450991
v 1.78351533 0.120394789 -1.15854907 0.97647059 1 0.827450991
v 1.76990688 0.239929691 -1.15168607 0.97647059 1 0.827450991
v 1.74740577 0.357762426 -1.14027798 0.97647059 1 0.827450991
v 1.71627617 0.473083854 -1.12436974 0.97647059 1 0.827450991
v 1.67687738 0.585133731 -1.10402405 0.97647059 1 0.827450991
v 1.629655 0.693214357 -1.07932115 0.97647059 1 0.827450991
v 1.57512724 0.796702743 -1.05035901 0.97647059 1 0.827450991
v 1.5138731 0.895059586 -1.01725137 0.97647059 1 0.827450991
v 1.44651568 0.987836003 -0.980129302 0.97647059 1 0.827450991
v 1.37370622 1.07467842 -0.939139009 0.97647059 1 0.827450991
v 1.29610968 1.15532851 -0.89444226 0.97647059 1 0.827450991
v 1.21438658 1.22962093 -0.846215665 0.97647059 1 0.827450991
v 1.12917864 1.29747999 -0.794649243 0.97647059 1 0.827450991
v 1.04109502 1.35891044 -0.739946783 0.97647059 1 0.827450991
v 0.95070076 1.41398954 -0.682324171 0.97647059 1 0.827450991
v 0.858505845 1.46285415 -0.622008681 0.97647059 1 0.827450991
v 0.764958441 1.50568831 -0.559238434 0.97647059 1 0.827450991
v 0.670439601 1.54270899 -0.494261146 0.97647059 1 0.827450991
v 0.575262368 1.57415175 -0.427333176 0.97647059 1 0.827450991
v 0.47967127 1.60025573 -0.358718723 0.97647059 1 0.827450991
v 0.383846939 1.62124979 -0.28868863 0.97647059 1 0.827450991
v 0.287912309 1.63734138 -0.217519149 0.97647059 1 0.827450991
v 0.191941023 1.64870381 -0.145491347 0.97647059 1 0.827450991
v 0.09596733 1.65546691 -0.0728892535 0.97647059 1 0.827450991
v 7.45327e-08 1.65771222 -5.07419138e-08 0.97647059 1 0.827450991
v -0.0959679112 1.65546691 0.0728897005 0.97647059 1 0.827450991
v -0.191941574 1.64870358 0.145491809 0.97647059 1 0.827450991
v -0.287913322 1.6373415 0.217519835 0.97647059 1 0.827450991
v -0.383847743 1.62124979 0.288689166 0.97647059 1 0.827450991
v -0.479671896 1.60025525 0.358719289 0.97647059 1 0.827450991
v -0.575263143 1.57415164 0.427333713 0.97647059 1 0.827450991
v -0.670440376 1.54270875 0.494261682 0.97647059 1 0.827450991
v -0.764959216 1.50568807 0.55923897 0.97647059 1 0.827450991
v -0.85850668 1.46285367 0.622009218 0.97647059 1 0.827450991
v -0.950701594 1.41398907 0.682324708 0.97647059 1 0.827450991
v -1.04109585 1.35890996 0.739947319 0.97647059 1 0.827450991
v -1.12917948 1.29747939 0.79464972 0.97647059 1 0.827450991
v -1.21438742 1.22962058 0.846215963 0.97647059 1 0.827450991
v -1.29611063 1.15532768 0.894442797 0.97647059 1 0.827450991
v -1.37370694 1.07467771 0.939139426 0.97647059 1 0.827450991
v -1.44651639 0.987835228 0.980129659 0.97647059 1 0.827450991
v -1.51387358 0.895058274 1.01725197 0.97647059 1 0.827450991
v -1.57512796 0.796701491 1.05035937 0.97647059 1 0.827450991
v -1.6296556 0.693213046 1.0793215 0.97647059 1 0.827450991
v -1.67687798 0.58513236 1.10402429 0.97647059 1 0.827450991
v -1.71627653 0.473082423 1.12436986 0.97647059 1 0.827450991
v -1.74740577 0.3577618 1.14027822 0.97647059 1 0.827450991
v -1.76990676 0.239929095 1.15168631 0.97647059 1 0.827450991
v -1.78351533 0.120394193 1.15854907 0.97647059 1 0.827450991
v -1.83223069 0 1.12843978 0.97647059 1 0.827450991
v -1.82767284 -0.122506209 1.12621307 0.97647059 1 0.827450991
v -1.81405079 -0.244175762 1.11954176 0.97647059 1 0.827450991
v -1.7915169 -0.364187986 1.10845196 0.97647059 1 0.827450991
v -1.7603215 -0.481752992 1.09298778 0.97647059 1 0.827450991
v -1.72080493 -0.596126378 1.07321012 0.97647059 1 0.827450991
v -1.67338967 -0.706622541 1.04919684 0.97647059 1 0.827450991
v -1.61856759 -0.812624753 1.02104282 0.97647059 1 0.827450991
v -1.55688906 -0.913594246 0.988859296 0.97647059 1 0.827450991
v -1.48894787 -1.00907731 0.952773213 0.97647059 1 0.827450991
v -1.41536677 -1.09870791 0.912926972 0.97647059 1 0.827450991
v -1.3367821 -1.18221033 0.869477749 0.97647059 1 0.827450991
v -1.25382984 -1.25939524 0.822597146 0.97647059 1 0.827450991
v -1.16713071 -1.33015788 0.772470117 0.97647059 1 0.827450991
v -1.07727754 -1.39446938 0.719294548 0.97647059 1 0.827450991
v -0.984824717 -1.45236981 0.663280308 0.97647059 1 0.827450991
v -0.890277267 -1.50395584 0.604648232 0.97647059 1 0.827450991
v -0.794086277 -1.54937041 0.543629944 0.97647059 1 0.827450991
v -0.696642399 -1.58878863 0.480466187 0.97647059 1 0.827450991
v -0.598274887 -1.62240505 0.415406376 0.97647059 1 0.827450991
v -0.499251336 -1.65042114 0.34870708 0.97647059 1 0.827450991
v -0.399782389 -1.67303193 0.280631512 0.97647059 1 0.827450991
v -0.300025731 -1.69041371 0.211448431 0.97647059 1 0.827450991
v -0.200094894 -1.70271552 0.14143087 0.97647059 1 0.827450991
v -0.100068197 -1.71004975 0.070855163 0.97647059 1 0.827450991
v 7.67582904e-08 -1.71248662 -4.93256707e-08 0.97647059 1 0.827450991
v 0.100068539 -1.71004975 -0.070855394 0.97647059 1 0.827450991
v 0.200095236 -1.7027154 -0.141431108 0.97647059 1 0.827450991
v 0.300026059 -1.69041359 -0.211448669 0.97647059 1 0.827450991
v 0.399782687 -1.67303193 -0.280631721 0.97647059 1 0.827450991
v 0.499251515 -1.65042126 -0.34870711 0.97647059 1 0.827450991
v 0.598275065 -1.62240517 -0.415406495 0.97647059 1 0.827450991
v 0.696642756 -1.58878851 -0.480466396 0.97647059 1 0.827450991
v 0.794086635 -1.54937017 -0.543630123 0.97647059 1 0.827450991
v 0.890277565 -1.50395584 -0.604648411 0.97647059 1 0.827450991
v 0.984824717 -1.45236945 -0.663280547 0.97647059 1 0.827450991
v 1.07727802 -1.39446926 -0.719294786 0.97647059 1 0.827450991
v 1.16713119 -1.3301574 -0.772470355 0.97647059 1 0.827450991
v 1.25382996 -1.25939512 -0.822597206 0.97647059 1 0.827450991
v 1.33678234 -1.18221009 -0.869477868 0.97647059 1 0.827450991
v 1.41536689 -1.0987078 -0.912927032 0.97647059 1 0.827450991
v 1.48894799 -1.00907707 -0.952773273 0.97647059 1 0.827450991
v 1.55688918 -0.913594007 -0.988859355 0.97647059 1 0.827450991
v 1.61856782 -0.812624395 -1.02104294 0.97647059 1 0.827450991
v 1.67338979 -0.706622303 -1.04919684 0.97647059 1 0.827450991
v 1.72080529 -0.59612608 -1.07321012 0.97647059 1 0.827450991
v 1.76032174 -0.481752485 -1.0929879 0.97647059 1 0.827450991
v 1.79151702 -0.364187479 -1.10845208 0.97647059 1 0.827450991
v 1.81405079 -0.244175285 -1.11954176 0.97647059 1 0.827450991
v 1.82767284 -0.122506112 -1.12621307 0.97647059 1 0.827450991
v 1.83223069 2.66190796e-07 -1.12843978 0.97647059 1 0.827450991
v 1.82767284 0.122506544 -1.12621307 0.97647059 1 0.827450991
v 1.81405067 0.244176149 -1.11954165 0.97647059 1 0.827450991
v 1.7915169 0.364188313 -1.10845196 0.97647059 1 0.827450991
v 1.7603215 0.48175332 -1.09298766 0.97647059 1 0.827450991
v 1.72080493 0.596126914 -1.07320988 0.97647059 1 0.827450991
v 1.67338943 0.706623077 -1.0491966 0.97647059 1 0.827450991
v 1.61856735 0.81262517 -1.0210427 0.97647059 1 0.827450991
v 1.55688882 0.913594723 -0.988859177 0.97647059 1 0.827450991
v 1.48894787 1.00907743 -0.952773154 0.97647059 1 0.827450991
v 1.41536641 1.09870791 -0.912926912 0.97647059 1 0.827450991
v 1.33678198 1.18221045 -0.86947763 0.97647059 1 0.827450991
v 1.25382972 1.25939548 -0.822597086 0.97647059 1 0.827450991
v 1.16713047 1.330158 -0.772469997 0.97647059 1 0.827450991
v 1.07727718 1.39446962 -0.71929431 0.97647059 1 0.827450991
v 0.984824121 1.45237005 -0.66328001 0.97647059 1 0.827450991
v 0.890276849 1.50395608 -0.604647934 0.97647059 1 0.827450991
v 0.79408586 1.54937053 -0.543629706 0.97647059 1 0.827450991
v 0.696641862 1.58878863 -0.480465949 0.97647059 1 0.827450991
v 0.59827435 1.62240529 -0.415405989 0.97647059 1 0.827450991
v 0.499250978 1.6504215 -0.348706752 0.97647059 1 0.827450991
v 0.399781674 1.67303181 -0.280631095 0.97647059 1 0.827450991
v 0.300025076 1.69041359 -0.211448029 0.97647059 1 0.827450991
v 0.200094461 1.70271552 -0.141430572 0.97647059 1 0.827450991
v 0.100067779 1.71004975 -0.0708548576 0.97647059 1 0.827450991
v 7.67582904e-08 1.71248662 -4.93256707e-08 0.97647059 1 0.827450991
v -0.100068375 1.71004975 0.0708552971 0.97647059 1 0.827450991
v -0.200095072 1.70271552 0.141431004 0.97647059 1 0.827450991
v -0.300026119 1.69041359 0.211448699 0.97647059 1 0.827450991
v -0.399782717 1.67303193 0.280631751 0.97647059 1 0.827450991
v -0.499251574 1.65042126 0.348707139 0.97647059 1 0.827450991
v -0.598275125 1.62240517 0.415406525 0.97647059 1 0.827450991
v -0.696642756 1.58878851 0.480466425 0.97647059 1 0.827450991
v -0.794086695 1.54937017 0.543630183 0.97647059 1 0.827450991
v -0.890277684 1.50395572 0.604648471 0.97647059 1 0.827450991
v -0.984824955 1.45236945 0.663280547 0.97647059 1 0.827450991
v -1.07727814 1.39446914 0.719294846 0.97647059 1 0.827450991
v -1.1671313 1.33015728 0.772470474 0.97647059 1 0.827450991
v -1.25383043 1.25939465 0.822597444 0.97647059 1 0.827450991
v -1.33678281 1.18220961 0.869478106 0.97647059 1 0.827450991
v -1.41536736 1.09870744 0.91292727 0.97647059 1 0.827450991
v -1.48894846 1.0090766 0.952773511 0.97647059 1 0.827450991
v -1.55688965 0.913593531 0.988859534 0.97647059 1 0.827450991
v -1.61856794 0.812623978 1.02104306 0.97647059 1 0.827450991
v -1.67339003 0.706621766 1.04919696 0.97647059 1 0.827450991
v -1.72080553 0.596125484 1.07321012 0.97647059 1 0.827450991
v -1.76032186 0.481751859 1.0929879 0.97647059 1 0.827450991
v -1.79151702 0.364187717 1.10845208 0.97647059 1 0.827450991
v -1.81405079 0.244175538 1.11954176 0.97647059 1 0.827450991
v -1.82767284 0.122505933 1.12621307 0.97647059 1 0.827450991
v -1.87824416 0 1.09694421 0.97647059 1 0.827450991
v -1.87367225 -0.124788105 1.09477961 0.97647059 1 0.827450991
v -1.86000526 -0.24875927 1.08829451 0.97647059 1 0.827450991
v -1.8373878 -0.371111482 1.07751429 0.97647059 1 0.827450991
v -1.80605745 -0.491071463 1.06248164 0.97647059 1 0.827450991
v -1.76633739 -0.60790807 1.04325593 0.97647059 1 0.827450991
v -1.71862864 -0.720945001 1.01991296 0.97647059 1 0.827450991
v -1.66340005 -0.829570353 0.992544711 0.97647059 1 0.827450991
v -1.6011765 -0.933244765 0.961259484 0.97647059 1 0.827450991
v -1.53252506 -1.03150833 0.926180661 0.97647059 1 0.827450991
v -1.45804238 -1.12398326 0.887446523 0.97647059 1 0.827450991
v -1.37834072 -1.21037614 0.845209956 0.97647059 1 0.827450991
v -1.29403305 -1.29047477 0.799637735 0.97647059 1 0.827450991
v -1.20572186 -1.36414647 0.750909925 0.97647059 1 0.827450991
v -1.11398649 -1.43133104 0.699218512 0.97647059 1 0.827450991
v -1.01937199 -1.49203277 0.644767702 0.97647059 1 0.827450991
v -0.922380567 -1.54631114 0.587772071 0.97647059 1 0.827450991
v -0.823466778 -1.59426999 0.528456867 0.97647059 1 0.827450991
v -0.723030925 -1.63604569 0.467056036 0.97647059 1 0.827450991
v -0.621418715 -1.67179513 0.403812081 0.97647059 1 0.827450991
v -0.518920302 -1.701684 0.338974386 0.97647059 1 0.827450991
v -0.415774584 -1.72587466 0.272798866 0.97647059 1 0.827450991
v -0.312173128 -1.74451625 0.205546752 0.97647059 1 0.827450991
v -0.208267301 -1.75773466 0.137483433 0.97647059 1 0.827450991
v -0.104176879 -1.76562572 0.0688775405 0.97647059 1 0.827450991
v 7.90408095e-08 -1.76824927 -4.7948955e-08 0.97647059 1 0.827450991
v 0.104177237 -1.76562572 -0.0688777715 0.97647059 1 0.827450991
v 0.208267689 -1.75773478 -0.137483656 0.97647059 1 0.827450991
v 0.312173486 -1.74451613 -0.205546975 0.97647059 1 0.827450991
v 0.415775001 -1.72587478 -0.272799045 0.97647059 1 0.827450991
v 0.518920422 -1.70168388 -0.338974446 0.97647059 1 0.827450991
v 0.621418953 -1.67179525 -0.40381214 0.97647059 1 0.827450991
v 0.723031282 -1.63604558 -0.467056215 0.97647059 1 0.827450991
v 0.823467135 -1.59426987 -0.528457046 0.97647059 1 0.827450991
v 0.922380924 -1.54631102 -0.58777225 0.97647059 1 0.827450991
v 1.01937211 -1.49203253 -0.644767821 0.97647059 1 0.827450991
v 1.11398685 -1.43133068 -0.69921875 0.97647059 1 0.827450991
v 1.20572257 -1.36414623 -0.750910044 0.97647059 1 0.827450991
v 1.29403293 -1.29047441 -0.799637914 0.97647059 1 0.827450991
v 1.3783406 -1.21037579 -0.845210075 0.97647059 1 0.827450991
v 1.45804262 -1.12398314 -0.887446582 0.97647059 1 0.827450991
v 1.53252506 -1.03150809 -0.92618078 0.97647059 1 0.827450991
v 1.60117698 -0.933244586 -0.961259484 0.97647059 1 0.827450991
v 1.66340041 -0.829570055 -0.992544889 0.97647059 1 0.827450991
v 1.718629 -0.720944822 -1.01991284 0.97647059 1 0.827450991
v 1.76633775 -0.607907712 -1.04325593 0.97647059 1 0.827450991
v 1.80605757 -0.491070896 -1.06248176 0.97647059 1 0.827450991
v 1.83738792 -0.371111006 -1.07751441 0.97647059 1 0.827450991
v 1.86000526 -0.248758778 -1.08829451 0.97647059 1 0.827450991
v 1.87367225 -0.124787994 -1.09477961 0.97647059 1 0.827450991
v 1.87824416 2.73990935e-07 -1.09694421 0.97647059 1 0.827450991
v 1.87367225 0.124788433 -1.09477961 0.97647059 1 0.827450991
v 1.86000514 0.248759672 -1.08829439 0.97647059 1 0.827450991
v 1.8373878 0.37111187 -1.07751429 0.97647059 1 0.827450991
v 1.80605757 0.49107185 -1.06248152 0.97647059 1 0.827450991
v 1.76633716 0.607908607 -1.04325581 0.97647059 1 0.827450991
v 1.71862864 0.720945656 -1.01991272 0.97647059 1 0.827450991
v 1.66339993 0.82957077 -0.992544651 0.97647059 1 0.827450991
v 1.6011765 0.933245361 -0.961259305 0.97647059 1 0.827450991
v 1.53252494 1.03150845 -0.926180542 0.97647059 1 0.827450991
v 1.45804214 1.12398338 -0.887446404 0.97647059 1 0.827450991
v 1.37834024 1.21037602 -0.845209897 0.97647059 1 0.827450991
v 1.29403269 1.29047465 -0.799637794 0.97647059 1 0.827450991
v 1.20572186 1.36414671 -0.750909746 0.97647059 1 0.827450991
v 1.11398625 1.4313314 -0.699218214 0.97647059 1 0.827450991
v 1.01937139 1.492033 -0.644767344 0.97647059 1 0.827450991
v 0.922380269 1.54631162 -0.587771714 0.97647059 1 0.827450991
v 0.823466361 1.59427023 -0.528456569 0.97647059 1 0.827450991
v 0.723030627 1.63604617 -0.467055708 0.97647059 1 0.827450991
v 0.621418059 1.67179525 -0.403811693 0.97647059 1 0.827450991
v 0.518919945 1.70168436 -0.338974059 0.97647059 1 0.827450991
v 0.415773988 1.72587478 -0.272798449 0.97647059 1 0.827450991
v 0.312172502 1.74451625 -0.205546334 0.97647059 1 0.827450991
v 0.208266869 1.75773466 -0.137483135 0.97647059 1 0.827450991
v 0.104176469 1.76562595 -0.0688772425 0.97647059 1 0.827450991
v 7.90408095e-08 1.76824927 -4.7948955e-08 0.97647059 1 0.827450991
v -0.104177073 1.76562572 0.0688776746 0.97647059 1 0.827450991
v -0.208267495 1.75773466 0.137483567 0.97647059 1 0.827450991
v -0.312173307 1.74451613 0.205546886 0.97647059 1 0.827450991
v -0.415775031 1.72587478 0.272799075 0.97647059 1 0.827450991
v -0.518920481 1.70168388 0.338974476 0.97647059 1 0.827450991
v -0.621418953 1.67179501 0.40381223 0.97647059 1 0.827450991
v -0.723031342 1.63604558 0.467056245 0.97647059 1 0.827450991
v -0.823467195 1.59426987 0.528457046 0.97647059 1 0.827450991
v -0.922381043 1.5463109 0.58777231 0.97647059 1 0.827450991
v -1.01937234 1.49203241 0.64476794 0.97647059 1 0.827450991
v -1.11398721 1.43133056 0.699218869 0.97647059 1 0.827450991
v -1.20572269 1.36414611 0.750910163 0.97647059 1 0.827450991
v -1.29403353 1.29047406 0.799638152 0.97647059 1 0.827450991
v -1.3783412 1.21037519 0.845210373 0.97647059 1 0.827450991
v -1.45804298 1.12398267 0.887446761 0.97647059 1 0.827450991
v -1.53252566 1.03150749 0.926180899 0.97647059 1 0.827450991
v -1.60117722 0.933244109 0.961259663 0.97647059 1 0.827450991
v -1.66340089 0.829569697 0.992544889 0.97647059 1 0.827450991
v -1.71862936 0.720944285 1.01991308 0.97647059 1 0.827450991
v -1.76633787 0.607907176 1.04325604 0.97647059 1 0.827450991
v -1.80605793 0.49107036 1.06248176 0.97647059 1 0.827450991
v -1.83738792 0.371111274 1.07751441 0.97647059 1 0.827450991
v -1.86000526 0.248759046 1.08829451 0.97647059 1 0.827450991
v -1.87367225 0.1247878 1.09477961 0.97647059 1 0.827450991
v -1.92611599 0 1.06632757 0.97647059 1 0.827450991
v -1.92151976 -0.127236083 1.06422353 0.97647059 1 0.827450991
v -1.9077785 -0.253672034 1.05791938 0.97647059 1 0.827450991
v -1.88502955 -0.378521562 1.04743993 0.97647059 1 0.827450991
v -1.85349822 -0.501025021 1.0328269 0.97647059 1 0.827450991
v -1.81349254 -0.620462418 1.01413798 0.97647059 1 0.827450991
v -1.76539552 -0.736164689 0.991446316 0.97647059 1 0.827450991
v -1.70965385 -0.847522616 0.964841962 0.97647059 1 0.827450991
v -1.64676964 -0.953995466 0.934429944 0.97647059 1 0.827450991
v -1.57728636 -1.05511606 0.900330245 0.97647059 1 0.827450991
v -1.50177789 -1.15049493 0.862677157 0.97647059 1 0.827450991
v -1.42083371 -1.23982096 0.821619511 0.97647059 1 0.827450991
v -1.3350482 -1.32286012 0.777319252 0.97647059 1 0.827450991
v -1.24500775 -1.3994534 0.729951382 0.97647059 1 0.827450991
v -1.15127921 -1.46950984 0.679702699 0.97647059 1 0.827450991
v -1.0544008 -1.53300071 0.626771629 0.97647059 1 0.827450991
v -0.954873323 -1.58995008 0.571366847 0.97647059 1 0.827450991
v -0.853155136 -1.64042521 0.513707221 0.97647059 1 0.827450991
v -0.749657393 -1.68452668 0.454020083 0.97647059 1 0.827450991
v -0.644741476 -1.72237504 0.392541349 0.97647059 1 0.827450991
v -0.538719714 -1.75410306 0.329513341 0.97647059 1 0.827450991
v -0.431858629 -1.77984369 0.26518482 0.97647059 1 0.827450991
v -0.324381709 -1.79971921 0.19980976 0.97647059 1 0.827450991
v -0.216476768 -1.81383443 0.133646175 0.97647059 1 0.827450991
v -0.108302951 -1.82227004 0.0669551194 0.97647059 1 0.827450991
v 8.13824741e-08 -1.82507658 -4.66106584e-08 0.97647059 1 0.827450991
v 0.108303323 -1.82227015 -0.0669553429 0.97647059 1 0.827450991
v 0.216477171 -1.81383455 -0.133646384 0.97647059 1 0.827450991
v 0.324382097 -1.7997191 -0.199809983 0.97647059 1 0.827450991
v 0.431858957 -1.77984369 -0.265185028 0.97647059 1 0.827450991
v 0.538719893 -1.7541033 -0.329513371 0.97647059 1 0.827450991
v 0.644741595 -1.72237492 -0.392541438 0.97647059 1 0.827450991
v 0.749657631 -1.68452644 -0.454020292 0.97647059 1 0.827450991
v 0.853155673 -1.64042521 -0.51370734 0.97647059 1 0.827450991
v 0.954873681 -1.58994997 -0.571367025 0.97647059 1 0.827450991
v 1.05440104 -1.53300059 -0.626771808 0.97647059 1 0.827450991
v 1.15127969 -1.46950972 -0.679702997 0.97647059 1 0.827450991
v 1.24500823 -1.39945292 -0.72995162 0.97647059 1 0.827450991
v 1.33504832 -1.32286 -0.777319312 0.97647059 1 0.827450991
v 1.42083383 -1.23982072 -0.82161957 0.97647059 1 0.827450991
v 1.50177801 -1.15049481 -0.862677217 0.97647059 1 0.827450991
v 1.57728648 -1.05511582 -0.900330305 0.97647059 1 0.827450991
v 1.64676976 -0.953995168 -0.934430003 0.97647059 1 0.827450991
v 1.70965409 -0.847522318 -0.964842081 0.97647059 1 0.827450991
v 1.76539564 -0.736164331 -0.991446376 0.97647059 1 0.827450991
v 1.81349301 -0.620462 -1.01413786 0.97647059 1 0.827450991
v 1.85349846 -0.501024485 -1.03282702 0.97647059 1 0.827450991
v 1.88502967 -0.378521025 -1.04744005 0.97647059 1 0.827450991
v 1.9077785 -0.253671527 -1.05791938 0.97647059 1 0.827450991
v 1.92151976 -0.127235994 -1.06422353 0.97647059 1 0.827450991
v 1.92611599 2.82002276e-07 -1.06632757 0.97647059 1 0.827450991
v 1.92151976 0.127236441 -1.06422353 0.97647059 1 0.827450991
v 1.90777862 0.253672451 -1.05791926 0.97647059 1 0.827450991
v 1.88502955 0.378521919 -1.04743993 0.97647059 1 0.827450991
v 1.8534981 0.501025379 -1.0328269 0.97647059 1 0.827450991
v 1.81349254 0.620462954 -1.01413763 0.97647059 1 0.827450991
v 1.7653954 0.736165166 -0.991446197 0.97647059 1 0.827450991
v 1.70965374 0.847523153 -0.964841902 0.97647059 1 0.827450991
v 1.6467694 0.953995943 -0.934429824 0.97647059 1 0.827450991
v 1.57728636 1.0551163 -0.900330067 0.97647059 1 0.827450991
v 1.50177729 1.15049493 -0.862677097 0.97647059 1 0.827450991
v 1.42083323 1.23982084 -0.821619451 0.97647059 1 0.827450991
v 1.33504796 1.32286024 -0.777319312 0.97647059 1 0.827450991
v 1.24500763 1.39945364 -0.729951262 0.97647059 1 0.827450991
v 1.15127885 1.46951008 -0.67970252 0.97647059 1 0.827450991
v 1.05440032 1.53300107 -0.626771331 0.97647059 1 0.827450991
v 0.954872847 1.58995032 -0.571366549 0.97647059 1 0.827450991
v 0.853154838 1.64042556 -0.513706923 0.97647059 1 0.827450991
v 0.749656916 1.6845268 -0.454019845 0.97647059 1 0.827450991
v 0.644740999 1.72237527 -0.392541111 0.97647059 1 0.827450991
v 0.538719296 1.75410342 -0.329513043 0.97647059 1 0.827450991
v 0.431857914 1.77984369 -0.265184462 0.97647059 1 0.827450991
v 0.324381024 1.79971898 -0.199809387 0.97647059 1 0.827450991
v 0.216476128 1.81383455 -0.133645773 0.97647059 1 0.827450991
v 0.108302504 1.82227004 -0.0669548362 0.97647059 1 0.827450991
v 8.13824741e-08 1.82507658 -4.66106584e-08 0.97647059 1 0.827450991
v -0.108303152 1.82227015 0.066955246 0.97647059 1 0.827450991
v -0.216476977 1.81383443 0.133646294 0.97647059 1 0.827450991
v -0.324382156 1.7997191 0.199810013 0.97647059 1 0.827450991
v -0.431858838 1.77984381 0.265184939 0.97647059 1 0.827450991
v -0.538719952 1.7541033 0.329513401 0.97647059 1 0.827450991
v -0.644741654 1.72237492 0.392541468 0.97647059 1 0.827450991
v -0.749657631 1.68452621 0.454020381 0.97647059 1 0.827450991
v -0.853155673 1.64042521 0.513707399 0.97647059 1 0.827450991
v -0.9548738 1.58994985 0.571367085 0.97647059 1 0.827450991
v -1.05440116 1.53300047 0.626771867 0.97647059 1 0.827450991
v -1.15127981 1.4695096 0.679703057 0.97647059 1 0.827450991
v -1.24500847 1.39945292 0.729951739 0.97647059 1 0.827450991
v -1.33504891 1.32285964 0.77731961 0.97647059 1 0.827450991
v -1.4208343 1.23982012 0.821619809 0.97647059 1 0.827450991
v -1.50177813 1.1504941 0.862677515 0.97647059 1 0.827450991
v -1.57728708 1.05511534 0.900330424 0.97647059 1 0.827450991
v -1.64676988 0.953994632 0.934430301 0.97647059 1 0.827450991
v -1.70965445 0.847521782 0.96484226 0.97647059 1 0.827450991
v -1.76539588 0.736163795 0.991446495 0.97647059 1 0.827450991
v -1.81349313 0.620461464 1.01413798 0.97647059 1 0.827450991
v -1.85349834 0.501023769 1.03282714 0.97647059 1 0.827450991
v -1.88502967 0.378521323 1.04744005 0.97647059 1 0.827450991
v -1.9077785 0.253671795 1.05791938 0.97647059 1 0.827450991
v -1.92151988 0.127235785 1.06422353 0.97647059 1 0.827450991
v -1.97585499 0 1.03656566 0.97647059 1 0.827450991
v -1.97122574 -0.129846781 1.03452027 0.97647059 1 0.827450991
v -1.95738196 -0.258907378 1.02839208 0.97647059 1 0.827450991
v -1.93445492 -0.386408478 1.01820517 0.97647059 1 0.827450991
v -1.90266037 -0.511601925 1.00399995 0.97647059 1 0.827450991
v -1.86229169 -0.633776009 0.985832572 0.97647059 1 0.827450991
v -1.81371474 -0.752267241 0.963774383 0.97647059 1 0.827450991
v -1.75735784 -0.866467893 0.937912583 0.97647059 1 0.827450991
v -1.69370234 -0.975833893 0.908349395 0.97647059 1 0.827450991
v -1.62327099 -1.07989085 0.875201344 0.97647059 1 0.827450991
v -1.5466162 -1.1782366 0.838599265 0.97647059 1 0.827450991
v -1.4643091 -1.27054322 0.798687577 0.97647059 1 0.827450991
v -1.37692666 -1.35655522 0.755623758 0.97647059 1 0.827450991
v -1.28504169 -1.43608832 0.709577918 0.97647059 1 0.827450991
v -1.1892103 -1.50902224 0.660731733 0.97647059 1 0.827450991
v -1.08996618 -1.575297 0.609278023 0.97647059 1 0.827450991
v -0.987809479 -1.63490343 0.555419624 0.97647059 1 0.827450991
v -0.883203804 -1.68787467 0.499369264 0.97647059 1 0.827450991
v -0.776570559 -1.73427665 0.441348046 0.97647059 1 0.827450991
v -0.668287396 -1.77419686 0.38158527 0.97647059 1 0.827450991
v -0.5586887 -1.80773747 0.320316374 0.97647059 1 0.827450991
v -0.448066831 -1.83500266 0.257783324 0.97647059 1 0.827450991
v -0.336676538 -1.85609043 0.194232941 0.97647059 1 0.827450991
v -0.224740416 -1.8710866 0.129915997 0.97647059 1 0.827450991
v -0.1124551 -1.88005662 0.0650863498 0.97647059 1 0.827450991
v 8.37854799e-08 -1.88304198 -4.53097257e-08 0.97647059 1 0.827450991
v 0.11245548 -1.88005662 -0.0650865659 0.97647059 1 0.827450991
v 0.224740803 -1.87108648 -0.129916221 0.97647059 1 0.827450991
v 0.336676955 -1.85609031 -0.194233164 0.97647059 1 0.827450991
v 0.448067099 -1.8350023 -0.257783532 0.97647059 1 0.827450991
v 0.55868876 -1.80773735 -0.320316434 0.97647059 1 0.827450991
v 0.668287575 -1.77419674 -0.38158536 0.97647059 1 0.827450991
v 0.776570797 -1.73427629 -0.441348284 0.97647059 1 0.827450991
v 0.883204162 -1.68787456 -0.499369442 0.97647059 1 0.827450991
v 0.987809837 -1.63490343 -0.555419803 0.97647059 1 0.827450991
v 1.08996654 -1.57529676 -0.609278202 0.97647059 1 0.827450991
v 1.18921077 -1.50902188 -0.660732031 0.97647059 1 0.827450991
v 1.28504193 -1.43608797 -0.709578097 0.97647059 1 0.827450991
v 1.37692702 -1.35655534 -0.755623758 0.97647059 1 0.827450991
v 1.46430922 -1.27054298 -0.798687637 0.97647059 1 0.827450991
v 1.54661632 -1.17823648 -0.838599324 0.97647059 1 0.827450991
v 1.62327111 -1.07989073 -0.875201404 0.97647059 1 0.827450991
v 1.69370258 -0.975833654 -0.908349454 0.97647059 1 0.827450991
v 1.75735843 -0.866467655 -0.937912583 0.97647059 1 0.827450991
v 1.81371486 -0.752266943 -0.963774443 0.97647059 1 0.827450991
v 1.86229181 -0.633775651 -0.985832632 0.97647059 1 0.827450991
v 1.90266037 -0.511601329 -1.00400007 0.97647059 1 0.827450991
v 1.93445504 -0.386407971 -1.01820529 0.97647059 1 0.827450991
v 1.95738196 -0.258906871 -1.02839208 0.97647059 1 0.827450991
v 1.97122574 -0.129846692 -1.03452027 0.97647059 1 0.827450991
v 1.97585499 2.9023181e-07 -1.03656566 0.97647059 1 0.827450991
v 1.97122574 0.129847139 -1.03452027 0.97647059 1 0.827450991
v 1.95738184 0.258907795 -1.02839196 0.97647059 1 0.827450991
v 1.93445492 0.386408895 -1.01820517 0.97647059 1 0.827450991
v 1.90266001 0.511602283 -1.00399995 0.97647059 1 0.827450991
v 1.86229146 0.633776605 -0.985832453 0.97647059 1 0.827450991
v 1.8137145 0.752267838 -0.963774264 0.97647059 1 0.827450991
v 1.75735772 0.86646837 -0.937912524 0.97647059 1 0.827450991
v 1.6937021 0.975834429 -0.908349276 0.97647059 1 0.827450991
v 1.62327075 1.07989109 -0.875201285 0.97647059 1 0.827450991
v 1.54661596 1.17823684 -0.838599145 0.97647059 1 0.827450991
v 1.46430886 1.27054334 -0.798687458 0.97647059 1 0.827450991
v 1.37692642 1.35655546 -0.755623698 0.97647059 1 0.827450991
v 1.28504109 1.43608832 -0.709577858 0.97647059 1 0.827450991
v 1.18920994 1.50902247 -0.660731554 0.97647059 1 0.827450991
v 1.0899657 1.57529736 -0.609277725 0.97647059 1 0.827450991
v 0.987809122 1.63490403 -0.555419266 0.97647059 1 0.827450991
v 0.883203387 1.68787491 -0.499368995 0.97647059 1 0.827450991
v 0.776569963 1.73427665 -0.441347837 0.97647059 1 0.827450991
v 0.6682868 1.77419698 -0.381584883 0.97647059 1 0.827450991
v 0.558687985 1.80773795 -0.320315957 0.97647059 1 0.827450991
v 0.448066086 1.83500254 -0.257782966 0.97647059 1 0.827450991
v 0.336676121 1.85609043 -0.194232672 0.97647059 1 0.827450991
v 0.224739939 1.8710866 -0.129915729 0.97647059 1 0.827450991
v 0.11245463 1.88005662 -0.0650860742 0.97647059 1 0.827450991
v 8.37854799e-08 1.88304198 -4.53097257e-08 0.97647059 1 0.827450991
v -0.112455308 1.88005662 0.0650864765 0.97647059 1 0.827450991
v -0.224740624 1.8710866 0.129916131 0.97647059 1 0.827450991
v -0.336677015 1.85609031 0.194233194 0.97647059 1 0.827450991
v -0.448067158 1.8350023 0.257783562 0.97647059 1 0.827450991
v -0.55868876 1.80773735 0.320316464 0.97647059 1 0.827450991
v -0.668287635 1.77419674 0.381585389 0.97647059 1 0.827450991
v -0.776570857 1.73427629 0.441348314 0.97647059 1 0.827450991
v -0.883204222 1.68787456 0.499369472 0.97647059 1 0.827450991
v -0.987809956 1.63490331 0.555419862 0.97647059 1 0.827450991
v -1.08996665 1.57529664 0.609278262 0.97647059 1 0.827450991
v -1.18921089 1.50902176 0.66073209 0.97647059 1 0.827450991
v -1.28504217 1.43608785 0.709578216 0.97647059 1 0.827450991
v -1.37692726 1.35655475 0.755624115 0.97647059 1 0.827450991
v -1.46430969 1.27054238 0.798687875 0.97647059 1 0.827450991
v -1.54661667 1.17823601 0.838599503 0.97647059 1 0.827450991
v -1.62327147 1.07989013 0.875201583 0.97647059 1 0.827450991
v -1.69370294 0.975833118 0.908349633 0.97647059 1 0.827450991
v -1.75735843 0.866466999 0.937912822 0.97647059 1 0.827450991
v -1.81371522 0.752266407 0.963774562 0.97647059 1 0.827450991
v -1.86229193 0.633775055 0.985832691 0.97647059 1 0.827450991
v -1.90266049 0.511600733 1.00400019 0.97647059 1 0.827450991
v -1.93445504 0.38640824 1.01820529 0.97647059 1 0.827450991
v -1.95738196 0.258907139 1.02839208 0.97647059 1 0.827450991
v -1.97122574 0.129846469 1.03452027 0.97647059 1 0.827450991
v -2.02747536 0 1.00763428 0.97647059 1 0.827450991
v -2.02280354 -0.132617325 1.00564599 0.97647059 1 0.827450991
v -2.00883055 -0.264459759 0.999688923 0.97647059 1 0.827450991
v -1.98568225 -0.394764662 0.989786267 0.97647059 1 0.827450991
v -1.95356405 -0.522792459 0.9759776 0.97647059 1 0.827450991
v -1.91275775 -0.647838354 0.95831728 0.97647059 1 0.827450991
v -1.86361432 -0.769242108 0.936874688 0.97647059 1 0.827450991
v -1.80654454 -0.886395872 0.91173476 0.97647059 1 0.827450991
v -1.74201131 -0.998751581 0.882996619 0.97647059 1 0.827450991
v -1.67051888 -1.10582638 0.850773871 0.97647059 1 0.827450991
v -1.59260213 -1.20720565 0.815193295 0.97647059 1 0.827450991
v -1.50881469 -1.30254471 0.776395559 0.97647059 1 0.827450991
v -1.41971874 -1.39156699 0.734533727 0.97647059 1 0.827450991
v -1.32587564 -1.47406363 0.689773083 0.97647059 1 0.827450991
v -1.22783339 -1.54988718 0.642290294 0.97647059 1 0.827450991
v -1.126122 -1.61894786 0.592272639 0.97647059 1 0.827450991
v -1.02124202 -1.68120456 0.539917409 0.97647059 1 0.827450991
v -0.913663149 -1.73665822 0.485431463 0.97647059 1 0.827450991
v -0.80381757 -1.78534222 0.429029703 0.97647059 1 0.827450991
v -0.69209975 -1.8273139 0.370934904 0.97647059 1 0.827450991
v -0.578864336 -1.86264527 0.311376125 0.97647059 1 0.827450991
v -0.464430243 -1.89141476 0.250588387 0.97647059 1 0.827450991
v -0.349081695 -1.91369772 0.188811749 0.97647059 1 0.827450991
v -0.233074531 -1.9295609 0.126289964 0.97647059 1 0.827450991
v -0.116641574 -1.93905723 0.0632697418 0.97647059 1 0.827450991
v 8.62520864e-08 -1.94221878 -4.40450947e-08 0.97647059 1 0.827450991
v 0.116641968 -1.93905723 -0.0632699504 0.97647059 1 0.827450991
v 0.233074963 -1.92956114 -0.126290157 0.97647059 1 0.827450991
v 0.349082112 -1.91369772 -0.188811958 0.97647059 1 0.827450991
v 0.4644306 -1.89141464 -0.250588596 0.97647059 1 0.827450991
v 0.578864515 -1.86264539 -0.311376154 0.97647059 1 0.827450991
v 0.692099929 -1.82731378 -0.370934993 0.97647059 1 0.827450991
v 0.803817928 -1.7853421 -0.429029882 0.97647059 1 0.827450991
v 0.913663507 -1.73665798 -0.485431641 0.97647059 1 0.827450991
v 1.02124238 -1.68120444 -0.539917588 0.97647059 1 0.827450991
v 1.12612224 -1.61894763 -0.592272758 0.97647059 1 0.827450991
v 1.22783387 -1.54988682 -0.642290533 0.97647059 1 0.827450991
v 1.325876 -1.47406316 -0.689773262 0.97647059 1 0.827450991
v 1.41971886 -1.39156687 -0.734533787 0.97647059 1 0.827450991
v 1.50881457 -1.30254424 -0.776395679 0.97647059 1 0.827450991
v 1.59260225 -1.20720553 -0.815193355 0.97647059 1 0.827450991
v 1.67051899 -1.10582614 -0.850773931 0.97647059 1 0.827450991
v 1.74201155 -0.998751283 -0.882996678 0.97647059 1 0.827450991
v 1.80654478 -0.886395574 -0.911734819 0.97647059 1 0.827450991
v 1.86361444 -0.76924181 -0.936874747 0.97647059 1 0.827450991
v 1.91275811 -0.647838056 -0.95831722 0.97647059 1 0.827450991
v 1.95356417 -0.522791982 -0.975977659 0.97647059 1 0.827450991
v 1.98568225 -0.394764096 -0.989786327 0.97647059 1 0.827450991
v 2.00883055 -0.264459223 -0.999688923 0.97647059 1 0.827450991
v 2.02280354 -0.132617205 -1.00564599 0.97647059 1 0.827450991
v 2.02747536 2.98686899e-07 -1.00763428 0.97647059 1 0.827450991
v 2.02280354 0.132617682 -1.00564599 0.97647059 1 0.827450991
v 2.00883055 0.264460206 -0.999688745 0.97647059 1 0.827450991
v 1.98568225 0.394765049 -0.989786267 0.97647059 1 0.827450991
v 1.95356393 0.522792935 -0.97597754 0.97647059 1 0.827450991
v 1.91275775 0.64783901 -0.958317041 0.97647059 1 0.827450991
v 1.86361408 0.769242704 -0.936874568 0.97647059 1 0.827450991
v 1.8065443 0.886396408 -0.911734641 0.97647059 1 0.827450991
v 1.74201107 0.998752117 -0.8829965 0.97647059 1 0.827450991
v 1.67051899 1.10582662 -0.850773692 0.97647059 1 0.827450991
v 1.59260178 1.20720577 -0.815193236 0.97647059 1 0.827450991
v 1.50881445 1.30254483 -0.77639544 0.97647059 1 0.827450991
v 1.4197185 1.39156699 -0.734533727 0.97647059 1 0.827450991
v 1.32587576 1.47406352 -0.689773142 0.97647059 1 0.827450991
v 1.22783327 1.54988754 -0.642290056 0.97647059 1 0.827450991
v 1.1261214 1.61894822 -0.592272341 0.97647059 1 0.827450991
v 1.02124155 1.68120492 -0.539917171 0.97647059 1 0.827450991
v 0.913662672 1.73665833 -0.485431224 0.97647059 1 0.827450991
v 0.803817153 1.78534245 -0.429029465 0.97647059 1 0.827450991
v 0.692099035 1.82731402 -0.370934546 0.97647059 1 0.827450991
v 0.578863978 1.86264563 -0.311375827 0.97647059 1 0.827450991
v 0.464429647 1.89141464 -0.250588149 0.97647059 1 0.827450991
v 0.34908098 1.91369772 -0.188811392 0.97647059 1 0.827450991
v 0.23307389 1.92956126 -0.126289561 0.97647059 1 0.827450991
v 0.116641082 1.93905723 -0.0632694662 0.97647059 1 0.827450991
v 8.62520864e-08 1.94221878 -4.40450947e-08 0.97647059 1 0.827450991
v -0.116641797 1.93905723 0.063269861 0.97647059 1 0.827450991
v -0.233074754 1.9295609 0.126290083 0.97647059 1 0.827450991
v -0.349082172 1.91369772 0.188811988 0.97647059 1 0.827450991
v -0.464430451 1.89141476 0.250588506 0.97647059 1 0.827450991
v -0.578864515 1.86264515 0.311376214 0.97647059 1 0.827450991
v -0.692099988 1.82731378 0.370935023 0.97647059 1 0.827450991
v -0.803817868 1.78534186 0.429029971 0.97647059 1 0.827450991
v -0.913663566 1.73665798 0.485431671 0.97647059 1 0.827450991
v -1.0212425 1.68120432 0.539917648 0.97647059 1 0.827450991
v -1.12612224 1.61894739 0.592272878 0.97647059 1 0.827450991
v -1.22783422 1.54988694 0.642290533 0.97647059 1 0.827450991
v -1.32587624 1.47406304 0.689773381 0.97647059 1 0.827450991
v -1.41971946 1.3915664 0.734534025 0.97647059 1 0.827450991
v -1.50881517 1.30254388 0.776395857 0.97647059 1 0.827450991
v -1.59260273 1.20720494 0.815193534 0.97647059 1 0.827450991
v -1.67051959 1.10582554 0.85077399 0.97647059 1 0.827450991
v -1.7420119 0.998750746 0.882996857 0.97647059 1 0.827450991
v -1.80654502 0.886394978 0.911734939 0.97647059 1 0.827450991
v -1.8636148 0.769241273 0.936874866 0.97647059 1 0.827450991
v -1.91275835 0.64783746 0.95831728 0.97647059 1 0.827450991
v -1.95356441 0.522791326 0.975977719 0.97647059 1 0.827450991
v -1.98568225 0.394764394 0.989786327 0.97647059 1 0.827450991
v -2.00883055 0.264459491 0.999688923 0.97647059 1 0.827450991
v -2.02280354 0.132616997 1.00564599 0.97647059 1 0.827450991
v -2.08099413 0 0.979510367 0.97647059 1 0.827450991
v -2.07627153 -0.135545358 0.977577507 0.97647059 1 0.827450991
v -2.06214356 -0.270324796 0.971786737 0.97647059 1 0.827450991
v -2.03873158 -0.403583735 0.962160468 0.97647059 1 0.827450991
v -2.00623298 -0.53458935 0.948737204 0.97647059 1 0.827450991
v -1.9649179 -0.662641227 0.931569815 0.97647059 1 0.827450991
v -1.91512406 -0.787081063 0.910725713 0.97647059 1 0.827450991
v -1.85724699 -0.907299101 0.88628751 0.97647059 1 0.827450991
v -1.79173362 -1.02274263 0.858351469 0.97647059 1 0.827450991
v -1.71907163 -1.13291955 0.827028036 0.97647059 1 0.827450991
v -1.63977993 -1.23740256 0.792440474 0.97647059 1 0.827450991
v -1.55439782 -1.33582973 0.754725635 0.97647059 1 0.827450991
v -1.46347463 -1.42790484 0.714032233 0.97647059 1 0.827450991
v -1.36756182 -1.51339483 0.670520902 0.97647059 1 0.827450991
v -1.26720142 -1.59212649 0.624363363 0.97647059 1 0.827450991
v -1.16292036 -1.66398084 0.575741827 0.97647059 1 0.827450991
v -1.0552218 -1.72888732 0.524847865 0.97647059 1 0.827450991
v -0.944581807 -1.78681636 0.471882671 0.97647059 1 0.827450991
v -0.831444085 -1.83777094 0.4170551 0.97647059 1 0.827450991
v -0.716219306 -1.88177907 0.360581815 0.97647059 1 0.827450991
v -0.59928292 -1.91888547 0.30268535 0.97647059 1 0.827450991
v -0.480978757 -1.94914377 0.243594259 0.97647059 1 0.827450991
v -0.361620158 -1.97260821 0.183541849 0.97647059 1 0.827450991
v -0.241494849 -1.98932803 0.122765094 0.97647059 1 0.827450991
v -0.1208703 -1.99934351 0.0615038276 0.97647059 1 0.827450991
v 8.87845601e-08 -2.00267887 -4.28157563e-08 0.97647059 1 0.827450991
v 0.120870709 -1.99934351 -0.0615040325 0.97647059 1 0.827450991
v 0.241495281 -1.98932803 -0.122765288 0.97647059 1 0.827450991
v 0.361620545 -1.97260797 -0.183542043 0.97647059 1 0.827450991
v 0.480979145 -1.94914365 -0.243594438 0.97647059 1 0.827450991
v 0.599283099 -1.91888559 -0.30268538 0.97647059 1 0.827450991
v 0.716219485 -1.88177896 -0.360581905 0.97647059 1 0.827450991
v 0.831444502 -1.8377707 -0.417055309 0.97647059 1 0.827450991
v 0.944582164 -1.78681612 -0.47188282 0.97647059 1 0.827450991
v 1.05522215 -1.7288872 -0.524847984 0.97647059 1 0.827450991
v 1.16292059 -1.66398048 -0.575741887 0.97647059 1 0.827450991
v 1.2672019 -1.59212625 -0.624363601 0.97647059 1 0.827450991
v 1.36756217 -1.51339436 -0.67052108 0.97647059 1 0.827450991
v 1.46347487 -1.42790461 -0.714032292 0.97647059 1 0.827450991
v 1.55439794 -1.3358295 -0.754725754 0.97647059 1 0.827450991
v 1.63978028 -1.23740232 -0.792440593 0.97647059 1 0.827450991
v 1.71907175 -1.13291931 -0.827028096 0.97647059 1 0.827450991
v 1.79173374 -1.02274227 -0.858351529 0.97647059 1 0.827450991
v 1.85724711 -0.907298803 -0.88628751 0.97647059 1 0.827450991
v 1.91512418 -0.787080705 -0.910725772 0.97647059 1 0.827450991
v 1.96491826 -0.662640929 -0.931569815 0.97647059 1 0.827450991
v 2.00623322 -0.534588814 -0.948737323 0.97647059 1 0.827450991
v 2.03873181 -0.403583199 -0.962160587 0.97647059 1 0.827450991
v 2.0621438 -0.27032426 -0.971786678 0.97647059 1 0.827450991
v 2.07627153 -0.135545254 -0.977577507 0.97647059 1 0.827450991
v 2.08099413 3.07374819e-07 -0.979510367 0.97647059 1 0.827450991
v 2.07627153 0.135545745 -0.977577507 0.97647059 1 0.827450991
v 2.06214356 0.270325243 -0.971786618 0.97647059 1 0.827450991
v 2.03873158 0.403584123 -0.962160468 0.97647059 1 0.827450991
v 2.00623298 0.534589827 -0.948737144 0.97647059 1 0.827450991
v 1.9649179 0.662641883 -0.931569636 0.97647059 1 0.827450991
v 1.91512382 0.787081599 -0.910725534 0.97647059 1 0.827450991
v 1.85724676 0.907299697 -0.886287391 0.97647059 1 0.827450991
v 1.79173338 1.02274311 -0.85835129 0.97647059 1 0.827450991
v 1.71907175 1.13291967 -0.827027857 0.97647059 1 0.827450991
v 1.63977981 1.23740268 -0.792440414 0.97647059 1 0.827450991
v 1.55439746 1.33582985 -0.754725575 0.97647059 1 0.827450991
v 1.46347439 1.42790496 -0.714032233 0.97647059 1 0.827450991
v 1.36756158 1.51339507 -0.670520782 0.97647059 1 0.827450991
v 1.26720107 1.59212673 -0.624363184 0.97647059 1 0.827450991
v 1.16291976 1.6639812 -0.575741529 0.97647059 1 0.827450991
v 1.05522132 1.72888768 -0.524847567 0.97647059 1 0.827450991
v 0.94458133 1.78681648 -0.471882433 0.97647059 1 0.827450991
v 0.831443608 1.83777118 -0.417054892 0.97647059 1 0.827450991
v 0.71621877 1.88177931 -0.360581577 0.97647059 1 0.827450991
v 0.599282503 1.91888571 -0.302685052 0.97647059 1 0.827450991
v 0.480978012 1.94914377 -0.243593916 0.97647059 1 0.827450991
v 0.361619413 1.97260821 -0.183541492 0.97647059 1 0.827450991
v 0.241494358 1.98932827 -0.122764826 0.97647059 1 0.827450991
v 0.1208698 1.99934351 -0.0615035594 0.97647059 1 0.827450991
v 8.87845601e-08 2.00267887 -4.28157563e-08 0.97647059 1 0.827450991
v -0.120870538 1.99934351 0.0615039431 0.97647059 1 0.827450991
v -0.241495073 1.98932803 0.122765213 0.97647059 1 0.827450991
v -0.361620605 1.97260797 0.183542073 0.97647059 1 0.827450991
v -0.480979204 1.94914365 0.243594468 0.97647059 1 0.827450991
v -0.599283159 1.91888559 0.30268541 0.97647059 1 0.827450991
v -0.716219544 1.88177896 0.360581934 0.97647059 1 0.827450991
v -0.831444442 1.83777046 0.417055368 0.97647059 1 0.827450991
v -0.944582224 1.78681612 0.47188285 0.97647059 1 0.827450991
v -1.05522227 1.72888708 0.524848044 0.97647059 1 0.827450991
v -1.16292071 1.66398036 0.575741947 0.97647059 1 0.827450991
v -1.26720202 1.59212613 0.624363661 0.97647059 1 0.827450991
v -1.36756241 1.51339424 0.6705212 0.97647059 1 0.827450991
v -1.46347535 1.42790413 0.714032531 0.97647059 1 0.827450991
v -1.55439842 1.3358289 0.754725933 0.97647059 1 0.827450991
v -1.63978064 1.23740184 0.792440772 0.97647059 1 0.827450991
v -1.71907234 1.1329186 0.827028155 0.97647059 1 0.827450991
v -1.79173422 1.02274179 0.858351648 0.97647059 1 0.827450991
v -1.85724735 0.907298267 0.88628763 0.97647059 1 0.827450991
v -1.91512442 0.78708005 0.910725832 0.97647059 1 0.827450991
v -1.96491849 0.662640333 0.931569815 0.97647059 1 0.827450991
v -2.00623345 0.534588158 0.948737383 0.97647059 1 0.827450991
v -2.03873181 0.403583467 0.962160587 0.97647059 1 0.827450991
v -2.06214356 0.270324528 0.971786737 0.97647059 1 0.827450991
v -2.07627153 0.135545045 0.977577507 0.97647059 1 0.827450991
v -2.13643146 0 0.952171445 0.97647059 1 0.827450991
v -2.13164973 -0.138629094 0.950292587 0.97647059 1 0.827450991
v -2.11734295 -0.276498914 0.944663346 0.97647059 1 0.827450991
v -2.09362721 -0.412860841 0.935305774 0.97647059 1 0.827450991
v -2.06069255 -0.546986461 0.922257245 0.97647059 1 0.827450991
v -2.0188005 -0.67817831 0.905568898 0.97647059 1 0.827450991
v -1.96827519 -0.805777848 0.885306597 0.97647059 1 0.827450991
v -1.90950024 -0.929172814 0.86155045 0.97647059 1 0.827450991
v -1.84290755 -1.04780388 0.834394097 0.97647059 1 0.827450991
v -1.76897061 -1.16116989 0.803945005 0.97647059 1 0.827450991
v -1.68819427 -1.26882958 0.770322859 0.97647059 1 0.827450991
v -1.60110557 -1.37040532 0.733660638 0.97647059 1 0.827450991
v -1.5082432 -1.46558034 0.694103003 0.97647059 1 0.827450991
v -1.41015005 -1.55409873 0.651806176 0.97647059 1 0.827450991
v -1.30736446 -1.63576221 0.606936872 0.97647059 1 0.827450991
v -1.20041168 -1.71042466 0.559672356 0.97647059 1 0.827450991
v -1.08979774 -1.77798688 0.510198951 0.97647059 1 0.827450991
v -0.976006687 -1.83839035 0.458712041 0.97647059 1 0.827450991
v -0.859493673 -1.89160991 0.40541476 0.97647059 1 0.827450991
v -0.740685523 -1.93764532 0.35051766 0.97647059 1 0.827450991
v -0.619978428 -1.97651577 0.294237137 0.97647059 1 0.827450991
v -0.497740746 -2.00825143 0.236795351 0.97647059 1 0.827450991
v -0.374313742 -2.03288698 0.178419054 0.97647059 1 0.827450991
v -0.250016212 -2.05045557 0.119338617 0.97647059 1 0.827450991
v -0.125148818 -2.06098485 0.0597872064 0.97647059 1 0.827450991
v 9.1385175e-08 -2.06449246 -4.16207371e-08 0.97647059 1 0.827450991
v 0.12514922 -2.06098485 -0.0597874075 0.97647059 1 0.827450991
v 0.25001663 -2.05045533 -0.11933881 0.97647059 1 0.827450991
v 0.374314189 -2.03288722 -0.178419232 0.97647059 1 0.827450991
v 0.497741222 -2.00825167 -0.23679553 0.97647059 1 0.827450991
v 0.619978607 -1.97651565 -0.294237196 0.97647059 1 0.827450991
v 0.740685701 -1.9376452 -0.35051775 0.97647059 1 0.827450991
v 0.85949403 -1.89160967 -0.405414939 0.97647059 1 0.827450991
v 0.976007164 -1.83839035 -0.45871219 0.97647059 1 0.827450991
v 1.08979821 -1.77798676 -0.51019907 0.97647059 1 0.827450991
v 1.20041192 -1.71042442 -0.559672475 0.97647059 1 0.827450991
v 1.30736494 -1.63576198 -0.60693711 0.97647059 1 0.827450991
v 1.41015065 -1.55409849 -0.651806295 0.97647059 1 0.827450991
v 1.50824308 -1.46557999 -0.694103122 0.97647059 1 0.827450991
v 1.60110545 -1.37040496 -0.733660758 0.97647059 1 0.827450991
v 1.68819439 -1.26882946 -0.770322919 0.97647059 1 0.827450991
v 1.76897073 -1.16116953 -0.803945005 0.97647059 1 0.827450991
v 1.84290743 -1.04780364 -0.834394217 0.97647059 1 0.827450991
v 1.90950036 -0.929172516 -0.86155051 0.97647059 1 0.827450991
v 1.96827531 -0.805777431 -0.885306656 0.97647059 1 0.827450991
v 2.01880074 -0.678177953 -0.905568898 0.97647059 1 0.827450991
v 2.06069279 -0.546985984 -0.922257304 0.97647059 1 0.827450991
v 2.09362721 -0.412860274 -0.935305834 0.97647059 1 0.827450991
v 2.11734295 -0.276498348 -0.944663286 0.97647059 1 0.827450991
v 2.13164973 -0.138628989 -0.950292528 0.97647059 1 0.827450991
v 2.13643146 3.16303101e-07 -0.952171445 0.97647059 1 0.827450991
v 2.13164973 0.138629496 -0.950292587 0.97647059 1 0.827450991
v 2.11734271 0.276499361 -0.944663227 0.97647059 1 0.827450991
v 2.09362698 0.412861228 -0.935305834 0.97647059 1 0.827450991
v 2.06069279 0.546986997 -0.922257125 0.97647059 1 0.827450991
v 2.01880002 0.678178966 -0.905568779 0.97647059 1 0.827450991
v 1.96827519 0.805778503 -0.885306478 0.97647059 1 0.827450991
v 1.90949976 0.929173291 -0.861550391 0.97647059 1 0.827450991
v 1.84290707 1.04780447 -0.834394038 0.97647059 1 0.827450991
v 1.76897037 1.16117001 -0.803944886 0.97647059 1 0.827450991
v 1.6881938 1.2688297 -0.770322859 0.97647059 1 0.827450991
v 1.60110497 1.37040532 -0.733660579 0.97647059 1 0.827450991
v 1.50824273 1.46558046 -0.694103003 0.97647059 1 0.827450991
v 1.41015005 1.5540992 -0.651805997 0.97647059 1 0.827450991
v 1.30736411 1.63576269 -0.606936634 0.97647059 1 0.827450991
v 1.20041108 1.71042502 -0.559672117 0.97647059 1 0.827450991
v 1.08979738 1.77798736 -0.510198653 0.97647059 1 0.827450991
v 0.976006091 1.83839059 -0.458711803 0.97647059 1 0.827450991
v 0.859493196 1.89161003 -0.405414551 0.97647059 1 0.827450991
v 0.740684688 1.93764532 -0.350517333 0.97647059 1 0.827450991
v 0.619978011 1.97651613 -0.294236869 0.97647059 1 0.827450991
v 0.49774 2.00825191 -0.236794993 0.97647059 1 0.827450991
v 0.374313235 2.03288722 -0.178418815 0.97647059 1 0.827450991
v 0.250015676 2.05045557 -0.119338356 0.97647059 1 0.827450991
v 0.125148281 2.06098485 -0.0597869493 0.97647059 1 0.827450991
v 9.1385175e-08 2.06449246 -4.16207371e-08 0.97647059 1 0.827450991
v -0.125149041 2.06098485 0.0597873218 0.97647059 1 0.827450991
v -0.250016421 2.05045557 0.119338736 0.97647059 1 0.827450991
v -0.37431401 2.03288722 0.178419158 0.97647059 1 0.827450991
v -0.497741252 2.00825167 0.23679556 0.97647059 1 0.827450991
v -0.619978666 1.97651565 0.294237226 0.97647059 1 0.827450991
v -0.740685761 1.9376452 0.35051778 0.97647059 1 0.827450991
v -0.859493971 1.89160943 0.405414999 0.97647059 1 0.827450991
v -0.976007164 1.83839035 0.45871222 0.97647059 1 0.827450991
v -1.08979845 1.77798676 0.51019913 0.97647059 1 0.827450991
v -1.20041203 1.7104243 0.559672534 0.97647059 1 0.827450991
v -1.30736506 1.63576186 0.60693717 0.97647059 1 0.827450991
v -1.41015089 1.55409837 0.651806414 0.97647059 1 0.827450991
v -1.50824356 1.46557951 0.69410336 0.97647059 1 0.827450991
v -1.60110581 1.3704046 0.733660936 0.97647059 1 0.827450991
v -1.68819475 1.26882875 0.770323098 0.97647059 1 0.827450991
v -1.76897109 1.16116893 0.803945184 0.97647059 1 0.827450991
v -1.84290779 1.04780293 0.834394395 0.97647059 1 0.827450991
v -1.90950048 0.929171801 0.861550629 0.97647059 1 0.827450991
v -1.96827579 0.805776894 0.885306716 0.97647059 1 0.827450991
v -2.01880097 0.678177416 0.905568957 0.97647059 1 0.827450991
v -2.06069303 0.546985269 0.922257364 0.97647059 1 0.827450991
v -2.09362698 0.412860543 0.935305893 0.97647059 1 0.827450991
v -2.11734295 0.276498646 0.944663286 0.97647059 1 0.827450991
v -2.13164973 0.138628766 0.950292528 0.97647059 1 0.827450991
v -2.19381189 0 0.925595582 0.97647059 1 0.827450991
v -2.1889627 -0.141867176 0.923769116 0.97647059 1 0.827450991
v -2.17445302 -0.282979548 0.918297052 0.97647059 1 0.827450991
v -2.15039515 -0.422592372 0.909200668 0.97647059 1 0.827450991
v -2.11697221 -0.559980035 0.896516263 0.97647059 1 0.827450991
v -2.07443619 -0.69444561 0.880293787 0.97647059 1 0.827450991
v -2.02310181 -0.825329065 0.860597074 0.97647059 1 0.827450991
v -1.963341 -0.952014446 0.83750391 0.97647059 1 0.827450991
v -1.89557266 -1.07393527 0.81110549 0.97647059 1 0.827450991
v -1.8202579 -1.19057941 0.78150624 0.97647059 1 0.827450991
v -1.73789048 -1.30149317 0.74882251 0.97647059 1 0.827450991
v -1.64898503 -1.40628147 0.713183522 0.97647059 1 0.827450991
v -1.55407321 -1.50460815 0.674730062 0.97647059 1 0.827450991
v -1.45369112 -1.59619558 0.633613706 0.97647059 1 0.827450991
v -1.34837294 -1.68082023 0.589996815 0.97647059 1 0.827450991
v -1.23864567 -1.75831079 0.544051468 0.97647059 1 0.827450991
v -1.1250186 -1.82854044 0.495958835 0.97647059 1 0.827450991
v -1.00798357 -1.89142358 0.445908993 0.97647059 1 0.827450991
v -0.888008356 -1.94690716 0.394099355 0.97647059 1 0.827450991
v -0.765536427 -1.99496579 0.340734452 0.97647059 1 0.827450991
v -0.640984118 -2.03559399 0.286024749 0.97647059 1 0.827450991
v -0.514743745 -2.06880069 0.230186194 0.97647059 1 0.827450991
v -0.387183636 -2.0946002 0.173439249 0.97647059 1 0.827450991
v -0.258652925 -2.1130116 0.116007783 0.97647059 1 0.827450991
v -0.1294844 -2.12405157 0.0581184924 0.97647059 1 0.827450991
v 9.40562828e-08 -2.12772989 -4.04590672e-08 0.97647059 1 0.827450991
v 0.129484817 -2.12405133 -0.0581186898 0.97647059 1 0.827450991
v 0.258653432 -2.11301208 -0.116007961 0.97647059 1 0.827450991
v 0.387184173 -2.09460044 -0.173439413 0.97647059 1 0.827450991
v 0.514744103 -2.06880069 -0.230186373 0.97647059 1 0.827450991
v 0.640984356 -2.03559446 -0.286024779 0.97647059 1 0.827450991
v 0.765536785 -1.99496603 -0.340734512 0.97647059 1 0.827450991
v 0.888008654 -1.94690669 -0.394099534 0.97647059 1 0.827450991
v 1.00798392 -1.89142334 -0.445909142 0.97647059 1 0.827450991
v 1.12501895 -1.82854033 -0.495959014 0.97647059 1 0.827450991
v 1.23864579 -1.75831044 -0.544051588 0.97647059 1 0.827450991
v 1.34837341 -1.68081975 -0.589997053 0.97647059 1 0.827450991
v 1.45369148 -1.59619498 -0.633613884 0.97647059 1 0.827450991
v 1.55407333 -1.50460804 -0.674730062 0.97647059 1 0.827450991
v 1.64898491 -1.40628099 -0.713183761 0.97647059 1 0.827450991
v 1.7378906 -1.30149305 -0.74882257 0.97647059 1 0.827450991
v 1.82025826 -1.1905793 -0.78150624 0.97647059 1 0.827450991
v 1.89557302 -1.07393503 -0.811105549 0.97647059 1 0.827450991
v 1.96334112 -0.952014148 -0.83750397 0.97647059 1 0.827450991
v 2.02310205 -0.825328708 -0.860597134 0.97647059 1 0.827450991
v 2.07443666 -0.694445252 -0.880293727 0.97647059 1 0.827450991
v 2.11697245 -0.559979498 -0.896516323 0.97647059 1 0.827450991
v 2.15039515 -0.422591776 -0.909200788 0.97647059 1 0.827450991
v 2.17445302 -0.282978952 -0.918297052 0.97647059 1 0.827450991
v 2.1889627 -0.141867056 -0.923769116 0.97647059 1 0.827450991
v 2.19381189 3.25479306e-07 -0.925595582 0.97647059 1 0.827450991
v 2.1889627 0.141867563 -0.923769116 0.97647059 1 0.827450991
v 2.1744535 0.282980055 -0.918296874 0.97647059 1 0.827450991
v 2.15039515 0.422592819 -0.909200668 0.97647059 1 0.827450991
v 2.11697221 0.559980571 -0.896516204 0.97647059 1 0.827450991
v 2.07443619 0.694446325 -0.880293548 0.97647059 1 0.827450991
v 2.02310205 0.8253299 -0.860596836 0.97647059 1 0.827450991
v 1.96334088 0.952015162 -0.837503791 0.97647059 1 0.827450991
v 1.89557242 1.07393587 -0.81110543 0.97647059 1 0.827450991
v 1.82025814 1.19057977 -0.781506121 0.97647059 1 0.827450991
v 1.73788965 1.30149317 -0.74882251 0.97647059 1 0.827450991
v 1.64898467 1.40628147 -0.713183522 0.97647059 1 0.827450991
v 1.55407262 1.50460804 -0.674730062 0.97647059 1 0.827450991
v 1.45369089 1.59619582 -0.633613586 0.97647059 1 0.827450991
v 1.34837282 1.6808207 -0.589996576 0.97647059 1 0.827450991
v 1.23864484 1.75831079 -0.54405123 0.97647059 1 0.827450991
v 1.125018 1.82854092 -0.495958567 0.97647059 1 0.827450991
v 1.00798297 1.89142382 -0.445908785 0.97647059 1 0.827450991
v 0.888007998 1.94690764 -0.394099087 0.97647059 1 0.827450991
v 0.765535712 1.99496591 -0.340734124 0.97647059 1 0.827450991
v 0.640983701 2.03559446 -0.286024481 0.97647059 1 0.827450991
v 0.514742911 2.06880093 -0.230185866 0.97647059 1 0.827450991
v 0.387182862 2.0946002 -0.173438892 0.97647059 1 0.827450991
v 0.258652449 2.11301184 -0.116007529 0.97647059 1 0.827450991
v 0.129483849 2.12405157 -0.0581182465 0.97647059 1 0.827450991
v 9.40562828e-08 2.12772989 -4.04590672e-08 0.97647059 1 0.827450991
v -0.129484624 2.12405133 0.0581186078 0.97647059 1 0.827450991
v -0.258653194 2.1130116 0.116007894 0.97647059 1 0.827450991
v -0.387184232 2.09460044 0.173439443 0.97647059 1 0.827450991
v -0.514744163 2.06880069 0.230186403 0.97647059 1 0.827450991
v -0.640984356 2.03559422 0.286024839 0.97647059 1 0.827450991
v -0.765536666 1.99496579 0.340734571 0.97647059 1 0.827450991
v -0.888008714 1.94690669 0.394099563 0.97647059 1 0.827450991
v -1.00798392 1.89142334 0.445909172 0.97647059 1 0.827450991
v -1.12501907 1.82854021 0.495959044 0.97647059 1 0.827450991
v -1.23864591 1.75831032 0.544051647 0.97647059 1 0.827450991
v -1.34837389 1.68081999 0.589996994 0.97647059 1 0.827450991
v -1.45369172 1.59619498 0.633614004 0.97647059 1 0.827450991
v -1.55407381 1.50460744 0.674730301 0.97647059 1 0.827450991
v -1.64898586 1.40628064 0.71318388 0.97647059 1 0.827450991
v -1.73789072 1.30149233 0.748822808 0.97647059 1 0.827450991
v -1.82025862 1.19057846 0.781506419 0.97647059 1 0.827450991
v -1.89557314 1.07393432 0.811105788 0.97647059 1 0.827450991
v -1.96334136 0.952013552 0.837504089 0.97647059 1 0.827450991
v -2.02310276 0.82532829 0.860597134 0.97647059 1 0.827450991
v -2.0744369 0.694444597 0.880293787 0.97647059 1 0.827450991
v -2.11697245 0.559978843 0.896516323 0.97647059 1 0.827450991
v -2.15039492 0.422592044 0.909200847 0.97647059 1 0.827450991
v -2.17445302 0.28297925 0.918297052 0.97647059 1 0.827450991
v -2.18896294 0.141866863 0.923769057 0.97647059 1 0.827450991
v -2.25316215 0 0.899761498 0.97647059 1 0.827450991
v -2.24823833 -0.14525865 0.897985995 0.97647059 1 0.827450991
v -2.2335031 -0.289765 0.892666638 0.97647059 1 0.827450991
v -2.2090652 -0.432776123 0.883824229 0.97647059 1 0.827450991
v -2.17510223 -0.573567271 0.871493816 0.97647059 1 0.827450991
v -2.13185906 -0.711440742 0.855724096 0.97647059 1 0.827450991
v -2.07964039 -0.845733702 0.836577117 0.97647059 1 0.827450991
v -2.01880741 -0.975824416 0.814128518 0.97647059 1 0.827450991
v -1.94977009 -1.10113847 0.78846699 0.97647059 1 0.827450991
v -1.87297761 -1.2211535 0.759693801 0.97647059 1 0.827450991
v -1.78891313 -1.33540094 0.72792232 0.97647059 1 0.827450991
v -1.69808388 -1.44347 0.693278134 0.97647059 1 0.827450991
v -1.6010133 -1.54500496 0.655897796 0.97647059 1 0.827450991
v -1.49823332 -1.63970625 0.615929067 0.97647059 1 0.827450991
v -1.39027643 -1.72732723 0.573529541 0.97647059 1 0.827450991
v -1.27767038 -1.80767095 0.528866589 0.97647059 1 0.827450991
v -1.16093016 -1.88058555 0.482116282 0.97647059 1 0.827450991
v -1.04055643 -1.94595861 0.433463365 0.97647059 1 0.827450991
v -0.91702956 -2.00371218 0.383099705 0.97647059 1 0.827450991
v -0.790809095 -2.05379486 0.331224293 0.97647059 1 0.827450991
v -0.662331998 -2.09617925 0.278041601 0.97647059 1 0.827450991
v -0.532014012 -2.13085294 0.223761514 0.97647059 1 0.827450991
v -0.400250286 -2.15781307 0.168598413 0.97647059 1 0.827450991
v -0.267418951 -2.17706418 0.112769909 0.97647059 1 0.827450991
v -0.133883983 -2.18861175 0.0564963669 0.97647059 1 0.827450991
v 9.68002354e-08 -2.1924603 -3.9329823e-08 0.97647059 1 0.827450991
v 0.13388443 -2.18861175 -0.0564965568 0.97647059 1 0.827450991
v 0.267419457 -2.17706442 -0.112770095 0.97647059 1 0.827450991
v 0.400250763 -2.15781283 -0.168598592 0.97647059 1 0.827450991
v 0.532014489 -2.13085294 -0.223761693 0.97647059 1 0.827450991
v 0.662332177 -2.09617925 -0.278041631 0.97647059 1 0.827450991
v 0.790809333 -2.05379486 -0.331224352 0.97647059 1 0.827450991
v 0.917029858 -2.0037117 -0.383099884 0.97647059 1 0.827450991
v 1.04055679 -1.9459585 -0.433463514 0.97647059 1 0.827450991
v 1.16093051 -1.88058543 -0.482116461 0.97647059 1 0.827450991
v 1.27767074 -1.80767071 -0.528866708 0.97647059 1 0.827450991
v 1.39027691 -1.72732687 -0.57352972 0.97647059 1 0.827450991
v 1.49823356 -1.63970554 -0.615929246 0.97647059 1 0.827450991
v 1.60101342 -1.54500484 -0.655897856 0.97647059 1 0.827450991
v 1.698084 -1.44346976 -0.693278193 0.97647059 1 0.827450991
v 1.78891325 -1.33540082 -0.72792238 0.97647059 1 0.827450991
v 1.87297773 -1.22115326 -0.759693861 0.97647059 1 0.827450991
v 1.94977045 -1.10113823 -0.78846699 0.97647059 1 0.827450991
v 2.01880789 -0.975824118 -0.814128578 0.97647059 1 0.827450991
v 2.07964063 -0.845733285 -0.836577117 0.97647059 1 0.827450991
v 2.1318593 -0.711440384 -0.855724096 0.97647059 1 0.827450991
v 2.17510247 -0.573566735 -0.871493876 0.97647059 1 0.827450991
v 2.20906544 -0.432775527 -0.883824289 0.97647059 1 0.827450991
v 2.2335031 -0.289764374 -0.892666638 0.97647059 1 0.827450991
v 2.24823833 -0.145258531 -0.897985995 0.97647059 1 0.827450991
v 2.25316215 3.34911306e-07 -0.899761498 0.97647059 1 0.827450991
v 2.24823833 0.145259067 -0.897986054 0.97647059 1 0.827450991
v 2.2335031 0.289765447 -0.892666578 0.97647059 1 0.827450991
v 2.2090652 0.43277657 -0.883824229 0.97647059 1 0.827450991
v 2.17510223 0.573567808 -0.871493816 0.97647059 1 0.827450991
v 2.13185859 0.711441457 -0.855723977 0.97647059 1 0.827450991
v 2.07964039 0.845734417 -0.836576939 0.97647059 1 0.827450991
v 2.01880741 0.975824952 -0.814128458 0.97647059 1 0.827450991
v 1.94976974 1.10113907 -0.788466871 0.97647059 1 0.827450991
v 1.8729775 1.22115362 -0.759693742 0.97647059 1 0.827450991
v 1.78891289 1.3354013 -0.72792232 0.97647059 1 0.827450991
v 1.69808364 1.44347012 -0.693278074 0.97647059 1 0.827450991
v 1.60101306 1.54500508 -0.655897796 0.97647059 1 0.827450991
v 1.49823308 1.63970661 -0.615928948 0.97647059 1 0.827450991
v 1.39027596 1.72732747 -0.573529363 0.97647059 1 0.827450991
v 1.27767015 1.80767095 -0.52886647 0.97647059 1 0.827450991
v 1.16092956 1.88058591 -0.482116044 0.97647059 1 0.827450991
v 1.04055583 1.94595885 -0.433463156 0.97647059 1 0.827450991
v 0.917028904 2.00371194 -0.383099496 0.97647059 1 0.827450991
v 0.79080832 2.0537951 -0.331223965 0.97647059 1 0.827450991
v 0.662331283 2.09617972 -0.278041214 0.97647059 1 0.827450991
v 0.532013357 2.13085294 -0.22376129 0.97647059 1 0.827450991
v 0.400249749 2.15781307 -0.168598175 0.97647059 1 0.827450991
v 0.267418385 2.17706418 -0.112769671 0.97647059 1 0.827450991
v 0.133883417 2.18861175 -0.0564961247 0.97647059 1 0.827450991
v 9.68002354e-08 2.1924603 -3.9329823e-08 0.97647059 1 0.827450991
v -0.133884236 2.18861175 0.0564964712 0.97647059 1 0.827450991
v -0.267419219 2.17706418 0.112770021 0.97647059 1 0.827450991
v -0.400250822 2.15781283 0.168598622 0.97647059 1 0.827450991
v -0.532014489 2.13085294 0.223761722 0.97647059 1 0.827450991
v -0.662332237 2.09617925 0.278041661 0.97647059 1 0.827450991
v -0.790809393 2.05379486 0.331224382 0.97647059 1 0.827450991
v -0.917029858 2.0037117 0.383099943 0.97647059 1 0.827450991
v -1.04055691 1.9459585 0.433463544 0.97647059 1 0.827450991
v -1.16093075 1.88058555 0.482116461 0.97647059 1 0.827450991
v -1.27767098 1.80767059 0.528866827 0.97647059 1 0.827450991
v -1.39027703 1.72732663 0.57352978 0.97647059 1 0.827450991
v -1.4982338 1.63970542 0.615929365 0.97647059 1 0.827450991
v -1.60101402 1.54500425 0.655898094 0.97647059 1 0.827450991
v -1.69808471 1.44346917 0.693278372 0.97647059 1 0.827450991
v -1.78891373 1.33540034 0.727922618 0.97647059 1 0.827450991
v -1.87297821 1.22115242 0.75969398 0.97647059 1 0.827450991
v -1.94977057 1.10113764 0.788467228 0.97647059 1 0.827450991
v -2.01880813 0.975823402 0.814128697 0.97647059 1 0.827450991
v -2.07964087 0.845732629 0.836577237 0.97647059 1 0.827450991
v -2.13185954 0.711439788 0.855724096 0.97647059 1 0.827450991
v -2.17510247 0.573566079 0.871493936 0.97647059 1 0.827450991
v -2.20906544 0.432775885 0.883824289 0.97647059 1 0.827450991
v -2.2335031 0.289764702 0.892666638 0.97647059 1 0.827450991
v -2.24823833 0.145258322 0.897985995 0.97647059 1 0.827450991
v -2.31451249 0 0.874648511 0.97647059 1 0.827450991
v -2.30950665 -0.148802996 0.872922599 0.97647059 1 0.827450991
v -2.29452419 -0.296854287 0.867751718 0.97647059 1 0.827450991
v -2.26967001 -0.443411022 0.859156072 0.97647059 1 0.827450991
v -2.23511744 -0.587747514 0.847169816 0.97647059 1 0.827450991
v -2.19110417 -0.729163647 0.831840217 0.97647059 1 0.827450991
v -2.13792801 -0.866992116 0.813227594 0.97647059 1 0.827450991
v -2.07594061 -1.00060487 0.791405559 0.97647059 1 0.827450991
v -2.00554204 -1.12941861 0.766460299 0.97647059 1 0.827450991
v -1.92717361 -1.25289917 0.738490164 0.97647059 1 0.827450991
v -1.84130943 -1.37056422 0.707605541 0.97647059 1 0.827450991
v -1.74844944 -1.48198593 0.673928201 0.97647059 1 0.827450991
v -1.64911211 -1.58678961 0.637591243 0.97647059 1 0.827450991
v -1.54382598 -1.68465495 0.598738074 0.97647059 1 0.827450991
v -1.43312335 -1.77531207 0.557521939 0.97647059 1 0.827450991
v -1.31753385 -1.85854018 0.514105558 0.97647059 1 0.827450991
v -1.19757915 -1.93416214 0.468660057 0.97647059 1 0.827450991
v -1.07376885 -2.00204086 0.421365082 0.97647059 1 0.827450991
v -0.946596801 -2.06207395 0.372407138 0.97647059 1 0.827450991
v -0.816539407 -2.114187 0.321979553 0.97647059 1 0.827450991
v -0.684053123 -2.15832973 0.270281225 0.97647059 1 0.827450991
v -0.549577296 -2.19447041 0.217516184 0.97647059 1 0.827450991
v -0.4135333 -2.22259045 0.163892716 0.97647059 1 0.827450991
v -0.27632758 -2.24268007 0.109622434 0.97647059 1 0.827450991
v -0.138354406 -2.25473475 0.0549195111 0.97647059 1 0.827450991
v 9.96194274e-08 -2.25875306 -3.82321019e-08 0.97647059 1 0.827450991
v 0.138354868 -2.25473475 -0.0549196936 0.97647059 1 0.827450991
v 0.276328057 -2.24267983 -0.109622605 0.97647059 1 0.827450991
v 0.413533777 -2.22259045 -0.163892895 0.97647059 1 0.827450991
v 0.549577713 -2.19447041 -0.217516363 0.97647059 1 0.827450991
v 0.684053242 -2.15832973 -0.270281285 0.97647059 1 0.827450991
v 0.816539526 -2.11418676 -0.321979642 0.97647059 1 0.827450991
v 0.946597159 -2.06207371 -0.372407287 0.97647059 1 0.827450991
v 1.07376921 -2.00204086 -0.421365231 0.97647059 1 0.827450991
v 1.1975795 -1.93416202 -0.468660206 0.97647059 1 0.827450991
v 1.31753421 -1.85853994 -0.514105618 0.97647059 1 0.827450991
v 1.43312383 -1.77531171 -0.557522118 0.97647059 1 0.827450991
v 1.54382658 -1.68465459 -0.598738194 0.97647059 1 0.827450991
v 1.64911234 -1.58678949 -0.637591302 0.97647059 1 0.827450991
v 1.7484498 -1.48198569 -0.67392832 0.97647059 1 0.827450991
v 1.84130955 -1.3705641 -0.707605541 0.97647059 1 0.827450991
v 1.92717373 -1.25289893 -0.738490283 0.97647059 1 0.827450991
v 2.00554252 -1.12941837 -0.766460299 0.97647059 1 0.827450991
v 2.07594085 -1.00060451 -0.791405678 0.97647059 1 0.827450991
v 2.13792825 -0.866991639 -0.813227713 0.97647059 1 0.827450991
v 2.19110441 -0.72916317 -0.831840217 0.97647059 1 0.827450991
v 2.23511767 -0.587746918 -0.847169876 0.97647059 1 0.827450991
v 2.26967001 -0.443410426 -0.859156132 0.97647059 1 0.827450991
v 2.29452419 -0.296853662 -0.867751718 0.97647059 1 0.827450991
v 2.30950665 -0.148802876 -0.872922599 0.97647059 1 0.827450991
v 2.31451249 3.44607031e-07 -0.874648511 0.97647059 1 0.827450991
v 2.30950665 0.148803428 -0.872922599 0.97647059 1 0.827450991
v 2.29452395 0.296854764 -0.867751598 0.97647059 1 0.827450991
v 2.26967001 0.443411499 -0.859156072 0.97647059 1 0.827450991
v 2.23511744 0.587748051 -0.847169757 0.97647059 1 0.827450991
v 2.19110394 0.729164243 -0.831840098 0.97647059 1 0.827450991
v 2.13792801 0.866992831 -0.813227475 0.97647059 1 0.827450991
v 2.07594037 1.00060546 -0.791405559 0.97647059 1 0.827450991
v 2.0055418 1.12941921 -0.76646018 0.97647059 1 0.827450991
v 1.9271735 1.25289929 -0.738490105 0.97647059 1 0.827450991
v 1.84130919 1.37056458 -0.707605481 0.97647059 1 0.827450991
v 1.74844933 1.48198605 -0.673928142 0.97647059 1 0.827450991
v 1.64911199 1.58678997 -0.637591243 0.97647059 1 0.827450991
v 1.54382575 1.68465519 -0.598737955 0.97647059 1 0.827450991
v 1.43312287 1.77531242 -0.55752176 0.97647059 1 0.827450991
v 1.31753337 1.85854065 -0.51410526 0.97647059 1 0.827450991
v 1.19757867 1.93416274 -0.468659818 0.97647059 1 0.827450991
v 1.07376826 2.0020411 -0.421364874 0.97647059 1 0.827450991
v 0.946596205 2.06207418 -0.37240693 0.97647059 1 0.827450991
v 0.816538453 2.114187 -0.321979284 0.97647059 1 0.827450991
v 0.684052646 2.15832996 -0.270280987 0.97647059 1 0.827450991
v 0.549576461 2.19447088 -0.217515871 0.97647059 1 0.827450991
v 0.413532495 2.22259068 -0.163892388 0.97647059 1 0.827450991
v 0.276326776 2.24268007 -0.109622099 0.97647059 1 0.827450991
v 0.13835381 2.25473475 -0.0549192764 0.97647059 1 0.827450991
v 9.96194274e-08 2.25875306 -3.82321019e-08 0.97647059 1 0.827450991
v -0.138354659 2.25473475 0.0549196154 0.97647059 1 0.827450991
v -0.276327819 2.24267983 0.109622546 0.97647059 1 0.827450991
v -0.413533568 2.22259045 0.163892806 0.97647059 1 0.827450991
v -0.549577832 2.19447064 0.217516378 0.97647059 1 0.827450991
v -0.684053302 2.15832973 0.270281345 0.97647059 1 0.827450991
v -0.816539526 2.11418653 0.321979702 0.97647059 1 0.827450991
v -0.946597278 2.06207371 0.372407347 0.97647059 1 0.827450991
v -1.07376933 2.00204086 0.421365261 0.97647059 1 0.827450991
v -1.19757962 1.9341619 0.468660265 0.97647059 1 0.827450991
v -1.31753433 1.85853982 0.514105678 0.97647059 1 0.827450991
v -1.43312407 1.77531147 0.557522178 0.97647059 1 0.827450991
v -1.54382682 1.68465436 0.598738313 0.97647059 1 0.827450991
v -1.64911294 1.58678901 0.6375916 0.97647059 1 0.827450991
v -1.74845028 1.48198497 0.673928499 0.97647059 1 0.827450991
v -1.84131014 1.37056339 0.707605779 0.97647059 1 0.827450991
v -1.92717421 1.25289822 0.738490343 0.97647059 1 0.827450991
v -2.00554299 1.12941778 0.766460478 0.97647059 1 0.827450991
v -2.07594109 1.0006038 0.791405797 0.97647059 1 0.827450991
v -2.13792849 0.866990983 0.813227773 0.97647059 1 0.827450991
v -2.19110513 0.729162514 0.831840217 0.97647059 1 0.827450991
v -2.23511791 0.587746203 0.847169936 0.97647059 1 0.827450991
v -2.26967001 0.443410754 0.859156191 0.97647059 1 0.827450991
v -2.29452419 0.296854019 0.867751718 0.97647059 1 0.827450991
v -2.30950665 0.148802653 0.872922599 0.97647059 1 0.827450991
v -2.37789726 0 0.850236297 0.97647059 1 0.827450991
v -2.37280154 -0.152500123 0.848558605 0.97647059 1 0.827450991
v -2.35754991 -0.30424732 0.843532085 0.97647059 1 0.827450991
v -2.33224487 -0.454497188 0.835176229 0.97647059 1 0.827450991
v -2.29705453 -0.602521181 0.823524594 0.97647059 1 0.827450991
v -2.25221109 -0.747615457 0.808622837 0.97647059 1 0.827450991
v -2.19800544 -0.889107168 0.790529728 0.97647059 1 0.827450991
v -2.13478184 -1.02636063 0.769316733 0.97647059 1 0.827450991
v -2.06293297 -1.15878236 0.745067775 0.97647059 1 0.827450991
v -1.9828918 -1.28582644 0.717878282 0.97647059 1 0.827450991
v -1.89512646 -1.40699625 0.687855601 0.97647059 1 0.827450991
v -1.80013072 -1.52184665 0.655118287 0.97647059 1 0.827450991
v -1.69841886 -1.62998402 0.619795561 0.97647059 1 0.827450991
v -1.59051859 -1.73106813 0.58202678 0.97647059 1 0.827450991
v -1.47696209 -1.82480597 0.541961074 0.97647059 1 0.827450991
v -1.3582834 -1.91095436 0.499756396 0.97647059 1 0.827450991
v -1.2350105 -1.98931158 0.45557934 0.97647059 1 0.827450991
v -1.10766351 -2.0597167 0.40960443 0.97647059 1 0.827450991
v -0.976749539 -2.12204432 0.362012953 0.97647059 1 0.827450991
v -0.842762172 -2.17619729 0.312992841 0.97647059 1 0.827450991
v -0.706177831 -2.22210503 0.262737453 0.97647059 1 0.827450991
v -0.567458749 -2.25971699 0.211445123 0.97647059 1 0.827450991
v -0.427051961 -2.2889986 0.159318328 0.97647059 1 0.827450991
v -0.285391808 -2.30992675 0.106562778 0.97647059 1 0.827450991
v -0.142902195 -2.32248902 0.0533866622 0.97647059 1 0.827450991
v 1.02516346e-07 -2.32667732 -3.71650088e-08 0.97647059 1 0.827450991
v 0.142902672 -2.32248902 -0.053386841 0.97647059 1 0.827450991
v 0.285392314 -2.30992699 -0.10656295 0.97647059 1 0.827450991
v 0.427052438 -2.28899837 -0.159318507 0.97647059 1 0.827450991
v 0.567459226 -2.25971675 -0.211445287 0.97647059 1 0.827450991
v 0.70617789 -2.22210479 -0.262737513 0.97647059 1 0.827450991
v 0.842762411 -2.17619729 -0.31299293 0.97647059 1 0.827450991
v 0.976750135 -2.12204409 -0.362013072 0.97647059 1 0.827450991
v 1.10766387 -2.05971646 -0.409604579 0.97647059 1 0.827450991
v 1.23501086 -1.98931134 -0.455579519 0.97647059 1 0.827450991
v 1.35828352 -1.91095388 -0.499756545 0.97647059 1 0.827450991
v 1.47696257 -1.82480574 -0.541961193 0.97647059 1 0.827450991
v 1.59051907 -1.73106766 -0.582026899 0.97647059 1 0.827450991
v 1.69841921 -1.62998402 -0.619795561 0.97647059 1 0.827450991
v 1.80013072 -1.52184618 -0.655118406 0.97647059 1 0.827450991
v 1.8951267 -1.40699613 -0.687855661 0.97647059 1 0.827450991
v 1.98289204 -1.28582621 -0.717878342 0.97647059 1 0.827450991
v 2.06293297 -1.15878201 -0.745067835 0.97647059 1 0.827450991
v 2.13478208 -1.02636015 -0.769316912 0.97647059 1 0.827450991
v 2.19800544 -0.88910675 -0.790529847 0.97647059 1 0.827450991
v 2.25221133 -0.747615099 -0.808622837 0.97647059 1 0.827450991
v 2.29705477 -0.602520645 -0.823524654 0.97647059 1 0.827450991
v 2.33224487 -0.454496533 -0.835176349 0.97647059 1 0.827450991
v 2.35755014 -0.304246724 -0.843532026 0.97647059 1 0.827450991
v 2.37280154 -0.152500004 -0.848558605 0.97647059 1 0.827450991
v 2.37789726 3.54574723e-07 -0.850236297 0.97647059 1 0.827450991
v 2.37280154 0.15250057 -0.848558605 0.97647059 1 0.827450991
v 2.35755014 0.304247826 -0.843531966 0.97647059 1 0.827450991
v 2.33224463 0.454497635 -0.835176289 0.97647059 1 0.827450991
v 2.29705429 0.602521718 -0.823524594 0.97647059 1 0.827450991
v 2.25221086 0.747616231 -0.808622718 0.97647059 1 0.827450991
v 2.19800544 0.889108002 -0.790529549 0.97647059 1 0.827450991
v 2.1347816 1.02636111 -0.769316733 0.97647059 1 0.827450991
v 2.06293273 1.15878296 -0.745067656 0.97647059 1 0.827450991
v 1.98289168 1.28582668 -0.717878222 0.97647059 1 0.827450991
v 1.89512599 1.40699637 -0.687855542 0.97647059 1 0.827450991
v 1.80013037 1.52184653 -0.655118287 0.97647059 1 0.827450991
v 1.69841874 1.62998438 -0.619795501 0.97647059 1 0.827450991
v 1.59051812 1.73106813 -0.58202672 0.97647059 1 0.827450991
v 1.47696149 1.82480645 -0.541960835 0.97647059 1 0.827450991
v 1.35828269 1.91095471 -0.499756157 0.97647059 1 0.827450991
v 1.23500991 1.98931193 -0.455579132 0.97647059 1 0.827450991
v 1.10766292 2.05971718 -0.409604251 0.97647059 1 0.827450991
v 0.976749063 2.1220448 -0.362012714 0.97647059 1 0.827450991
v 0.842761636 2.17619753 -0.312992632 0.97647059 1 0.827450991
v 0.706177354 2.2221055 -0.262737215 0.97647059 1 0.827450991
v 0.567458093 2.25971699 -0.211444914 0.97647059 1 0.827450991
v 0.427051365 2.2889986 -0.159318119 0.97647059 1 0.827450991
v 0.285391003 2.30992723 -0.106562458 0.97647059 1 0.827450991
v 0.142901585 2.32248902 -0.0533864349 0.97647059 1 0.827450991
v 1.02516346e-07 2.32667732 -3.71650088e-08 0.97647059 1 0.827450991
v -0.142902464 2.32248902 0.0533867627 0.97647059 1 0.827450991
v -0.285392076 2.30992675 0.106562883 0.97647059 1 0.827450991
v -0.427052498 2.28899837 0.159318537 0.97647059 1 0.827450991
v -0.567459285 2.25971675 0.211445317 0.97647059 1 0.827450991
v -0.70617795 2.22210479 0.262737542 0.97647059 1 0.827450991
v -0.842762351 2.17619705 0.31299296 0.97647059 1 0.827450991
v -0.976750016 2.12204385 0.362013131 0.97647059 1 0.827450991
v -1.10766399 2.05971646 0.409604609 0.97647059 1 0.827450991
v -1.2350111 1.98931146 0.455579549 0.97647059 1 0.827450991
v -1.35828388 1.91095376 0.499756634 0.97647059 1 0.827450991
v -1.4769628 1.82480538 0.541961312 0.97647059 1 0.827450991
v -1.59051931 1.73106742 0.582027018 0.97647059 1 0.827450991
v -1.69841969 1.62998343 0.619795799 0.97647059 1 0.827450991
v -1.80013132 1.52184546 0.655118644 0.97647059 1 0.827450991
v -1.89512682 1.40699518 0.687855899 0.97647059 1 0.827450991
v -1.98289251 1.28582549 0.71787852 0.97647059 1 0.827450991
v -2.06293344 1.15878129 0.745067954 0.97647059 1 0.827450991
v -2.13478231 1.02635956 0.769317031 0.97647059 1 0.827450991
v -2.19800615 0.889106274 0.790529788 0.97647059 1 0.827450991
v -2.25221157 0.747614443 0.808622897 0.97647059 1 0.827450991
v -2.29705477 0.602519929 0.823524714 0.97647059 1 0.827450991
v -2.33224487 0.454496801 0.835176349 0.97647059 1 0.827450991
v -2.35754991 0.304247051 0.843532085 0.97647059 1 0.827450991
v -2.37280154 0.15249978 0.848558605 0.97647059 1 0.827450991
v -2.44335127 0 0.826505542 0.97647059 1 0.827450991
v -2.43815923 -0.156350255 0.824874699 0.97647059 1 0.827450991
v -2.42261791 -0.311944664 0.81998837 0.97647059 1 0.827450991
v -2.39682722 -0.466035545 0.811865866 0.97647059 1 0.827450991
v -2.36095166 -0.617890239 0.800539434 0.97647059 1 0.827450991
v -2.31521916 -0.76679945 0.786053538 0.97647059 1 0.827450991
v -2.25991392 -0.912083328 0.768465459 0.97647059 1 0.827450991
v -2.19537473 -1.05309796 0.747844517 0.97647059 1 0.827450991
v -2.12198734 -1.18923879 0.724272311 0.97647059 1 0.827450991
v -2.0401783 -1.319947 0.697841763 0.97647059 1 0.827450991
v -1.9504112 -1.4447118 0.668657064 0.97647059 1 0.827450991
v -1.85317528 -1.56307065 0.636833489 0.97647059 1 0.827450991
v -1.74898207 -1.67461145 0.602496564 0.97647059 1 0.827450991
v -1.63835895 -1.77897298 0.565781951 0.97647059 1 0.827450991
v -1.52184033 -1.87584162 0.526834428 0.97647059 1 0.827450991
v -1.39996505 -1.96495044 0.485807806 0.97647059 1 0.827450991
v -1.27326846 -2.04607558 0.442863762 0.97647059 1 0.827450991
v -1.14228177 -2.11903286 0.398172021 0.97647059 1 0.827450991
v -1.00752604 -2.18367434 0.351908863 0.97647059 1 0.827450991
v -0.869511545 -2.23988104 0.304257005 0.97647059 1 0.827450991
v -0.728735447 -2.28756404 0.255404264 0.97647059 1 0.827450991
v -0.585682392 -2.32665443 0.205543518 0.97647059 1 0.827450991
v -0.440824777 -2.35710192 0.154871628 0.97647059 1 0.827450991
v -0.294624329 -2.37887239 0.103588521 0.97647059 1 0.827450991
v -0.147533715 -2.39194345 0.0518965945 0.97647059 1 0.827450991
v 1.05493449e-07 -2.39630175 -3.61277053e-08 0.97647059 1 0.827450991
v 0.147534207 -2.39194322 -0.0518967733 0.97647059 1 0.827450991
v 0.294624865 -2.37887263 -0.103588685 0.97647059 1 0.827450991
v 0.440825343 -2.35710192 -0.154871792 0.97647059 1 0.827450991
v 0.585682869 -2.32665443 -0.205543682 0.97647059 1 0.827450991
v 0.728735626 -2.28756404 -0.255404294 0.97647059 1 0.827450991
v 0.869511843 -2.23988128 -0.304257035 0.97647059 1 0.827450991
v 1.00752628 -2.18367386 -0.351909041 0.97647059 1 0.827450991
v 1.14228225 -2.11903286 -0.39817217 0.97647059 1 0.827450991
v 1.27326882 -2.04607534 -0.442863941 0.97647059 1 0.827450991
v 1.39996529 -1.96495008 -0.485807896 0.97647059 1 0.827450991
v 1.52184093 -1.87584126 -0.526834607 0.97647059 1 0.827450991
v 1.63835943 -1.77897251 -0.56578207 0.97647059 1 0.827450991
v 1.74898243 -1.67461121 -0.602496624 0.97647059 1 0.827450991
v 1.8531754 -1.5630703 -0.636833489 0.97647059 1 0.827450991
v 1.95041144 -1.44471157 -0.668657064 0.97647059 1 0.827450991
v 2.04017854 -1.31994689 -0.697841823 0.97647059 1 0.827450991
v 2.12198734 -1.18923843 -0.72427237 0.97647059 1 0.827450991
v 2.19537497 -1.05309749 -0.747844636 0.97647059 1 0.827450991
v 2.25991416 -0.91208297 -0.768465519 0.97647059 1 0.827450991
v 2.31521964 -0.766798973 -0.786053538 0.97647059 1 0.827450991
v 2.36095238 -0.617889643 -0.800539374 0.97647059 1 0.827450991
v 2.39682722 -0.466034859 -0.811865926 0.97647059 1 0.827450991
v 2.42261791 -0.311944067 -0.81998837 0.97647059 1 0.827450991
v 2.43815947 -0.156350121 -0.82487464 0.97647059 1 0.827450991
v 2.44335127 3.64822569e-07 -0.826505542 0.97647059 1 0.827450991
v 2.43815923 0.156350687 -0.824874699 0.97647059 1 0.827450991
v 2.42261815 0.3119452 -0.819988251 0.97647059 1 0.827450991
v 2.39682722 0.466036022 -0.811865866 0.97647059 1 0.827450991
v 2.3609519 0.617890835 -0.800539315 0.97647059 1 0.827450991
v 2.31521916 0.766800165 -0.786053419 0.97647059 1 0.827450991
v 2.25991392 0.912084162 -0.76846534 0.97647059 1 0.827450991
v 2.19537449 1.05309844 -0.747844458 0.97647059 1 0.827450991
v 2.12198687 1.18923938 -0.724272192 0.97647059 1 0.827450991
v 2.04017854 1.31994748 -0.697841644 0.97647059 1 0.827450991
v 1.95041072 1.44471192 -0.668657005 0.97647059 1 0.827450991
v 1.85317481 1.56307077 -0.63683337 0.97647059 1 0.827450991
v 1.74898195 1.67461169 -0.602496505 0.97647059 1 0.827450991
v 1.63835919 1.77897286 -0.565782011 0.97647059 1 0.827450991
v 1.52183986 1.87584186 -0.526834249 0.97647059 1 0.827450991
v 1.39996433 1.96495068 -0.485807568 0.97647059 1 0.827450991
v 1.27326787 2.04607606 -0.442863584 0.97647059 1 0.827450991
v 1.14228117 2.11903334 -0.398171842 0.97647059 1 0.827450991
v 1.00752544 2.18367457 -0.351908654 0.97647059 1 0.827450991
v 0.86951071 2.23988152 -0.304256707 0.97647059 1 0.827450991
v 0.728734851 2.28756452 -0.255404025 0.97647059 1 0.827450991
v 0.585681498 2.3266542 -0.205543235 0.97647059 1 0.827450991
v 0.440823913 2.35710216 -0.15487133 0.97647059 1 0.827450991
v 0.294623733 2.37887263 -0.103588291 0.97647059 1 0.827450991
v 0.147533104 2.39194345 -0.0518963747 0.97647059 1 0.827450991
v 1.05493449e-07 2.39630175 -3.61277053e-08 0.97647059 1 0.827450991
v -0.147533998 2.39194322 0.0518966988 0.97647059 1 0.827450991
v -0.294624567 2.37887239 0.103588618 0.97647059 1 0.827450991
v -0.440825403 2.35710192 0.154871821 0.97647059 1 0.827450991
v -0.585682929 2.32665443 0.205543712 0.97647059 1 0.827450991
v -0.728735685 2.28756404 0.255404323 0.97647059 1 0.827450991
v -0.869511843 2.23988104 0.304257095 0.97647059 1 0.827450991
v -1.0075264 2.18367386 0.351909071 0.97647059 1 0.827450991
v -1.14228225 2.11903286 0.3981722 0.97647059 1 0.827450991
v -1.27326894 2.04607511 0.442864001 0.97647059 1 0.827450991
v -1.39996541 1.96494997 0.485807955 0.97647059 1 0.827450991
v -1.52184105 1.87584114 0.526834667 0.97647059 1 0.827450991
v -1.63835979 1.77897239 0.565782189 0.97647059 1 0.827450991
v -1.74898291 1.67461085 0.602496803 0.97647059 1 0.827450991
v -1.853176 1.56306958 0.636833727 0.97647059 1 0.827450991
v -1.95041168 1.44471073 0.668657303 0.97647059 1 0.827450991
v -2.04017901 1.31994605 0.697841942 0.97647059 1 0.827450991
v -2.12198782 1.18923783 0.72427249 0.97647059 1 0.827450991
v -2.1953752 1.05309677 0.747844756 0.97647059 1 0.827450991
v -2.25991464 0.912082434 0.768465579 0.97647059 1 0.827450991
v -2.31521964 0.766798258 0.786053598 0.97647059 1 0.827450991
v -2.36095238 0.617888868 0.800539434 0.97647059 1 0.827450991
v -2.39682722 0.466035217 0.811865926 0.97647059 1 0.827450991
v -2.42261791 0.311944366 0.81998837 0.97647059 1 0.827450991
v -2.43815947 0.156349912 0.82487464 0.97647059 1 0.827450991
v -2.51091433 0 0.803437173 0.97647059 1 0.827450991
v -2.50561929 -0.160353929 0.801851749 0.97647059 1 0.827450991
v -2.48976803 -0.319947571 0.797101855 0.97647059 1 0.827450991
v -2.46345782 -0.478028178 0.789206088 0.97647059 1 0.827450991
v -2.42685151 -0.633857846 0.778195679 0.97647059 1 0.827450991
v -2.38017106 -0.786719859 0.764114261 0.97647059 1 0.827450991
v -2.32369781 -0.935927033 0.747016966 0.97647059 1 0.827450991
v -2.25776434 -1.08082509 0.726971686 0.97647059 1 0.827450991
v -2.18275118 -1.22079873 0.704057336 0.97647059 1 0.827450991
v -2.0990808 -1.35527527 0.678364515 0.97647059 1 0.827450991
v -2.00721216 -1.48372841 0.649994314 0.97647059 1 0.827450991
v -1.90763187 -1.60567927 0.619058967 0.97647059 1 0.827450991
v -1.80085051 -1.72069693 0.585680425 0.97647059 1 0.827450991
v -1.68739605 -1.82839978 0.549990535 0.97647059 1 0.827450991
v -1.56780589 -1.92845285 0.512130082 0.97647059 1 0.827450991
v -1.44262493 -2.02056742 0.472248554 0.97647059 1 0.827450991
v -1.312397 -2.10449791 0.43050313 0.97647059 1 0.827450991
v -1.17766476 -2.18003774 0.387058765 0.97647059 1 0.827450991
v -1.03896368 -2.24701643 0.342086822 0.97647059 1 0.827450991
v -0.89682138 -2.30529618 0.295764953 0.97647059 1 0.827450991
v -0.75175488 -2.35476756 0.248275742 0.97647059 1 0.827450991
v -0.604272187 -2.3953464 0.199806646 0.97647059 1 0.827450991
v -0.454869986 -2.42696667 0.150549054 0.97647059 1 0.827450991
v -0.304037333 -2.44958401 0.100697286 0.97647059 1 0.827450991
v -0.152255177 -2.463166 0.0504481234 0.97647059 1 0.827450991
v 1.08553273e-07 -2.46769524 -3.51193528e-08 0.97647059 1 0.827450991
v 0.152255684 -2.46316576 -0.0504482947 0.97647059 1 0.827450991
v 0.304037869 -2.44958377 -0.10069745 0.97647059 1 0.827450991
v 0.454870552 -2.42696691 -0.150549203 0.97647059 1 0.827450991
v 0.604272604 -2.39534616 -0.199806795 0.97647059 1 0.827450991
v 0.751755118 -2.3547678 -0.248275772 0.97647059 1 0.827450991
v 0.896821678 -2.30529642 -0.295764983 0.97647059 1 0.827450991
v 1.03896391 -2.24701595 -0.342087001 0.97647059 1 0.827450991
v 1.17766511 -2.18003726 -0.387058914 0.97647059 1 0.827450991
v 1.31239748 -2.10449791 -0.430503279 0.97647059 1 0.827450991
v 1.44262528 -2.02056718 -0.472248673 0.97647059 1 0.827450991
v 1.56780648 -1.92845237 -0.51213026 0.97647059 1 0.827450991
v 1.68739641 -1.82839918 -0.549990654 0.97647059 1 0.827450991
v 1.80085087 -1.72069693 -0.585680425 0.97647059 1 0.827450991
v 1.90763199 -1.60567892 -0.619059026 0.97647059 1 0.827450991
v 2.0072124 -1.48372829 -0.649994373 0.97647059 1 0.827450991
v 2.09908128 -1.35527515 -0.678364515 0.97647059 1 0.827450991
v 2.18275142 -1.22079825 -0.704057395 0.97647059 1 0.827450991
v 2.25776434 -1.08082461 -0.726971745 0.97647059 1 0.827450991
v 2.32369804 -0.935926616 -0.747017026 0.97647059 1 0.827450991
v 2.38017154 -0.786719441 -0.764114201 0.97647059 1 0.827450991
v 2.42685151 -0.633857071 -0.778195798 0.97647059 1 0.827450991
v 2.46345782 -0.478027523 -0.789206147 0.97647059 1 0.827450991
v 2.48976803 -0.319946915 -0.797101855 0.97647059 1 0.827450991
v 2.50561929 -0.16035381 -0.801851749 0.97647059 1 0.827450991
v 2.51091433 3.75359207e-07 -0.803437173 0.97647059 1 0.827450991
v 2.50561905 0.160354391 -0.801851809 0.97647059 1 0.827450991
v 2.48976779 0.319948077 -0.797101796 0.97647059 1 0.827450991
v 2.46345782 0.478028715 -0.789206088 0.97647059 1 0.827450991
v 2.42685127 0.633858323 -0.77819562 0.97647059 1 0.827450991
v 2.38017106 0.786720634 -0.764114082 0.97647059 1 0.827450991
v 2.32369781 0.935927868 -0.747016847 0.97647059 1 0.827450991
v 2.25776386 1.08082581 -0.726971626 0.97647059 1 0.827450991
v 2.18275094 1.22079933 -0.704057217 0.97647059 1 0.827450991
v 2.09908104 1.35527563 -0.678364396 0.97647059 1 0.827450991
v 2.00721192 1.48372877 -0.649994254 0.97647059 1 0.827450991
v 1.90763152 1.60567939 -0.619058907 0.97647059 1 0.827450991
v 1.80085039 1.72069716 -0.585680366 0.97647059 1 0.827450991
v 1.68739569 1.82840014 -0.549990416 0.97647059 1 0.827450991
v 1.56780553 1.92845321 -0.512129962 0.97647059 1 0.827450991
v 1.44262421 2.02056789 -0.472248316 0.97647059 1 0.827450991
v 1.31239653 2.10449862 -0.430502892 0.97647059 1 0.827450991
v 1.17766416 2.18003798 -0.387058586 0.97647059 1 0.827450991
v 1.03896308 2.24701667 -0.342086643 0.97647059 1 0.827450991
v 0.896820784 2.30529666 -0.295764744 0.97647059 1 0.827450991
v 0.751754463 2.35476828 -0.248275489 0.97647059 1 0.827450991
v 0.604271412 2.3953464 -0.199806437 0.97647059 1 0.827450991
v 0.454869092 2.42696691 -0.150548756 0.97647059 1 0.827450991
v 0.304036707 2.44958401 -0.10069707 0.97647059 1 0.827450991
v 0.152254537 2.463166 -0.0504479073 0.97647059 1 0.827450991
v 1.08553273e-07 2.46769524 -3.51193528e-08 0.97647059 1 0.827450991
v -0.152255476 2.463166 0.0504482202 0.97647059 1 0.827450991
v -0.304037601 2.44958377 0.100697391 0.97647059 1 0.827450991
v -0.454870611 2.42696691 0.150549233 0.97647059 1 0.827450991
v -0.604272664 2.39534616 0.199806824 0.97647059 1 0.827450991
v -0.751755178 2.3547678 0.248275802 0.97647059 1 0.827450991
v -0.896821737 2.30529642 0.295765013 0.97647059 1 0.827450991
v -1.03896391 2.24701595 0.34208703 0.97647059 1 0.827450991
v -1.17766523 2.18003726 0.387058944 0.97647059 1 0.827450991
v -1.3123976 2.10449767 0.430503309 0.97647059 1 0.827450991
v -1.4426254 2.02056718 0.472248703 0.97647059 1 0.827450991
v -1.56780672 1.92845225 0.51213032 0.97647059 1 0.827450991
v -1.68739676 1.82839906 0.549990773 0.97647059 1 0.827450991
v -1.80085123 1.72069609 0.585680664 0.97647059 1 0.827450991
v -1.90763259 1.6056782 0.619059205 0.97647059 1 0.827450991
v -2.00721288 1.48372769 0.649994552 0.97647059 1 0.827450991
v -2.09908175 1.3552742 0.678364635 0.97647059 1 0.827450991
v -2.18275166 1.22079766 0.704057515 0.97647059 1 0.827450991
v -2.25776505 1.08082402 0.726971865 0.97647059 1 0.827450991
v -2.32369852 0.93592608 0.747017086 0.97647059 1 0.827450991
v -2.38017178 0.786718726 0.764114201 0.97647059 1 0.827450991
v -2.42685175 0.633856356 0.778195739 0.97647059 1 0.827450991
v -2.46345758 0.47802785 0.789206207 0.97647059 1 0.827450991
v -2.48976803 0.319947273 0.797101855 0.97647059 1 0.827450991
v -2.50561929 0.160353586 0.801851749 0.97647059 1 0.827450991
g 
usemtl /mat/principledshader4
f 1 102 2
f 1 101 102
f 2 103 3
f 2 102 103
f 3 104 4
f 3 103 104
f 4 105 5
f 4 104 105
f 5 106 6
f 5 105 106
f 6 107 7
f 6 106 107
f 7 108 8
f 7 107 108
f 8 109 9
f 8 108 109
f 9 110 10
f 9 109 110
f 10 111 11
f 10 110 111
f 11 112 12
f 11 111 112
f 12 113 13
f 12 112 113
f 13 114 14
f 13 113 114
f 14 115 15
f 14 114 115
f 15 116 16
f 15 115 116
f 16 117 17
f 16 116 117
f 17 118 18
f 17 117 118
f 18 119 19
f 18 118 119
f 19 120 20
f 19 119 120
f 20 121 21
f 20 120 121
f 21 122 22
f 21 121 122
f 22 123 23
f 22 122 123
f 23 124 24
f 23 123 124
f 24 125 25
f 24 124 125
f 25 126 26
f 25 125 126
f 26 127 27
f 26 126 127
f 27 128 28
f 27 127 128
f 28 129 29
f 28 128 129
f 29 130 30
f 29 129 130
f 30 131 31
f 30 130 131
f 31 132 32
f 31 131 132
f 32 133 33
f 32 132 133
f 33 134 34
f 33 133 134
f 34 135 35
f 34 134 135
f 35 136 36
f 35 135 136
f 36 137 37
f 36 136 137
f 37 138 38
f 37 137 138
f 38 139 39
f 38 138 139
f 39 140 40
f 39 139 140
f 40 141 41
f 40 140 141
f 41 142 42
f 41 141 142
f 42 143 43
f 42 142 143
f 43 144 44
f 43 143 144
f 44 145 45
f 44 144 145
f 45 146 46
f 45 145 146
f 46 147 47
f 46 146 147
f 47 148 48
f 47 147 148
f 48 149 49
f 48 148 149
f 49 150 50
f 49 149 150
f 50 151 51
f 50 150 151
f 51 152 52
f 51 151 152
f 52 153 53
f 52 152 153
f 53 154 54
f 53 153 154
f 54 155 55
f 54 154 155
f 55 156 56
f 55 155 156
f 56 157 57
f 56 156 157
f 57 158 58
f 57 157 158
f 58 159 59
f 58 158 159
f 59 160 60
f 59 159 160
f 60 161 61
f 60 160 161
f 61 162 62
f 61 161 162
f 62 163 63
f 62 162 163
f 63 164 64
f 63 163 164
f 64 165 65
f 64 164 165
f 65 166 66
f 65 165 166
f 66 167 67
f 66 166 167
f 67 168 68
f 67 167 168
f 68 169 69
f 68 168 169
f 69 170 70
f 69 169 170
f 70 171 71
f 70 170 171
f 71 172 72
f 71 171 172
f 72 173 73
f 72 172 173
f 73 174 74
f 73 173 174
f 74 175 75
f 74 174 175
f 75 176 76
f 75 175 176
f 76 177 77
f 76 176 177
f 77 178 78
f 77 177 178
f 78 179 79
f 78 178 179
f 79 180 80
f 79 179 180
f 80 181 81
f 80 180 181
f 81 182 82
f 81 181 182
f 82 183 83
f 82 182 183
f 83 184 84
f 83 183 184
f 84 185 85
f 84 184 185
f 85 186 86
f 85 185 186
f 86 187 87
f 86 186 187
f 87 188 88
f 87 187 188
f 88 189 89
f 88 188 189
f 89 190 90
f 89 189 190
f 90 191 91
f 90 190 191
f 91 192 92
f 91 191 192
f 92 193 93
f 92 192 193
f 93 194 94
f 93 193 194
f 94 195 95
f 94 194 195
f 95 196 96
f 95 195 196
f 96 197 97
f 96 196 197
f 97 198 98
f 97 197 198
f 98 199 99
f 98 198 199
f 99 200 100
f 99 199 200
f 100 101 1
f 100 200 101
f 101 202 102
f 101 201 202
f 102 203 103
f 102 202 203
f 103 204 104
f 103 203 204
f 104 205 105
f 104 204 205
f 105 206 106
f 105 205 206
f 106 207 107
f 106 206 207
f 107 208 108
f 107 207 208
f 108 209 109
f 108 208 209
f 109 210 110
f 109 209 210
f 110 211 111
f 110 210 211
f 111 212 112
f 111 211 212
f 112 213 113
f 112 212 213
f 113 214 114
f 113 213 214
f 114 215 115
f 114 214 215
f 115 216 116
f 115 215 216
f 116 217 117
f 116 216 217
f 117 218 118
f 117 217 218
f 118 219 119
f 118 218 219
f 119 220 120
f 119 219 220
f 120 221 121
f 120 220 221
f 121 222 122
f 121 221 222
f 122 223 123
f 122 222 223
f 123 224 124
f 123 223 224
f 124 225 125
f 124 224 225
f 125 226 126
f 125 225 226
f 126 227 127
f 126 226 227
f 127 228 128
f 127 227 228
f 128 229 129
f 128 228 229
f 129 230 130
f 129 229 230
f 130 231 131
f 130 230 231
f 131 232 132
f 131 231 232
f 132 233 133
f 132 232 233
f 133 234 134
f 133 233 234
f 134 235 135
f 134 234 235
f 135 236 136
f 135 235 236
f 136 237 137
f 136 236 237
f 137 238 138
f 137 237 238
f 138 239 139
f 138 238 239
f 139 240 140
f 139 239 240
f 140 241 141
f 140 240 241
f 141 242 142
f 141 241 242
f 142 243 143
f 142 242 243
f 143 244 144
f 143 243 244
f 144 245 145
f 144 244 245
f 145 246 146
f 145 245 246
f 146 247 147
f 146 246 247
f 147 248 148
f 147 247 248
f 148 249 149
f 148 248 249
f 149 250 150
f 149 249 250
f 150 251 151
f 150 250 251
f 151 252 152
f 151 251 252
f 152 253 153
f 152 252 253
f 153 254 154
f 153 253 254
f 154 255 155
f 154 254 255
f 155 256 156
f 155 255 256
f 156 257 157
f 156 256 257
f 157 258 158
f 157 257 258
f 158 259 159
f 158 258 259
f 159 260 160
f 159 259 260
f 160 261 161
f 160 260 261
f 161 262 162
f 161 261 262
f 162 263 163
f 162 262 263
f 163 264 164
f 163 263 264
f 164 265 165
f 164 264 265
f 165 266 166
f 165 265 266
f 166 267 167
f 166 266 267
f 167 268 168
f 167 267 268
f 168 269 169
f 168 268 269
f 169 270 170
f 169 269 270
f 170 271 171
f 170 270 271
f 171 272 172
f 171 271 272
f 172 273 173
f 172 272 273
f 173 274 174
f 173 273 274
f 174 275 175
f 174 274 275
f 175 276 176
f 175 275 276
f 176 277 177
f 176 276 277
f 177 278 178
f 177 277 278
f 178 279 179
f 178 278 279
f 179 280 180
f 179 279 280
f 180 281 181
f 180 280 281
f 181 282 182
f 181 281 282
f 182 283 183
f 182 282 283
f 183 284 184
f 183 283 284
f 184 285 185
f 184 284 285
f 185 286 186
f 185 285 286
f 186 287 187
f 186 286 287
f 187 288 188
f 187 287 288
f 188 289 189
f 188 288 289
f 189 290 190
f 189 289 290
f 190 291 191
f 190 290 291
f 191 292 192
f 191 291 292
f 192 293 193
f 192 292 293
f 193 294 194
f 193 293 294
f 194 295 195
f 194 294 295
f 195 296 196
f 195 295 296
f 196 297 197
f 196 296 297
f 197 298 198
f 197 297 298
f 198 299 199
f 198 298 299
f 199 300 200
f 199 299 300
f 200 201 101
f 200 300 201
f 201 302 202
f 201 301 302
f 202 303 203
f 202 302 303
f 203 304 204
f 203 303 304
f 204 305 205
f 204 304 305
f 205 306 206
f 205 305 306
f 206 307 207
f 206 306 307
f 207 308 208
f 207 307 308
f 208 309 209
f 208 308 309
f 209 310 210
f 209 309 310
f 210 311 211
f 210 310 311
f 211 312 212
f 211 311 312
f 212 313 213
f 212 312 313
f 213 314 214
f 213 313 314
f 214 315 215
f 214 314 315
f 215 316 216
f 215 315 316
f 216 317 217
f 216 316 317
f 217 318 218
f 217 317 318
f 218 319 219
f 218 318 319
f 219 320 220
f 219 319 320
f 220 321 221
f 220 320 321
f 221 322 222
f 221 321 322
f 222 323 223
f 222 322 323
f 223 324 224
f 223 323 324
f 224 325 225
f 224 324 325
f 225 326 226
f 225 325 326
f 226 327 227
f 226 326 327
f 227 328 228
f 227 327 328
f 228 329 229
f 228 328 329
f 229 330 230
f 229 329 330
f 230 331 231
f 230 330 331
f 231 332 232
f 231 331 332
f 232 333 233
f 232 332 333
f 233 334 234
f 233 333 334
f 234 335 235
f 234 334 335
f 235 336 236
f 235 335 336
f 236 337 237
f 236 336 337
f 237 338 238
f 237 337 338
f 238 339 239
f 238 338 339
f 239 340 240
f 239 339 340
f 240 341 241
f 240 340 341
f 241 342 242
f 241 341 342
f 242 343 243
f 242 342 343
f 243 344 244
f 243 343 344
f 244 345 245
f 244 344 345
f 245 346 246
f 245 345 346
f 246 347 247
f 246 346 347
f 247 348 248
f 247 347 348
f 248 349 249
f 248 348 349
f 249 350 250
f 249 349 350
f 250 351 251
f 250 350 351
f 251 352 252
f 251 351 352
f 252 353 253
f 252 352 353
f 253 354 254
f 253 353 354
f 254 355 255
f 254 354 355
f 255 356 256
f 255 355 356
f 256 357 257
f 256 356 357
f 257 358 258
f 257 357 358
f 258 359 259
f 258 358 359
f 259 360 260
f 259 359 360
f 260 361 261
f 260 360 361
f 261 362 262
f 261 361 362
f 262 363 263
f 262 362 363
f 263 364 264
f 263 363 364
f 264 365 265
f 264 364 365
f 265 366 266
f 265 365 366
f 266 367 267
f 266 366 367
f 267 368 268
f 267 367 368
f 268 369 269
f 268 368 369
f 269 370 270
f 269 369 370
f 270 371 271
f 270 370 371
f 271 372 272
f 271 371 372
f 272 373 273
f 272 372 373
f 273 374 274
f 273 373 374
f 274 375 275
f 274 374 375
f 275 376 276
f 275 375 376
f 276 377 277
f 276 376 377
f 277 378 278
f 277 377 378
f 278 379 279
f 278 378 379
f 279 380 280
f 279 379 380
f 280 381 281
f 280 380 381
f 281 382 282
f 281 381 382
f 282 383 283
f 282 382 383
f 283 384 284
f 283 383 384
f 284 385 285
f 284 384 385
f 285 386 286
f 285 385 386
f 286 387 287
f 286 386 387
f 287 388 288
f 287 387 388
f 288 389 289
f 288 388 389
f 289 390 290
f 289 389 390
f 290 391 291
f 290 390 391
f 291 392 292
f 291 391 392
f 292 393 293
f 292 392 393
f 293 394 294
f 293 393 394
f 294 395 295
f 294 394 395
f 295 396 296
f 295 395 396
f 296 397 297
f 296 396 397
f 297 398 298
f 297 397 398
f 298 399 299
f 298 398 399
f 299 400 300
f 299 399 400
f 300 301 201
f 300 400 301
f 301 402 302
f 301 401 402
f 302 403 303
f 302 402 403
f 303 404 304
f 303 403 404
f 304 405 305
f 304 404 405
f 305 406 306
f 305 405 406
f 306 407 307
f 306 406 407
f 307 408 308
f 307 407 408
f 308 409 309
f 308 408 409
f 309 410 310
f 309 409 410
f 310 411 311
f 310 410 411
f 311 412 312
f 311 411 412
f 312 413 313
f 312 412 413
f 313 414 314
f 313 413 414
f 314 415 315
f 314 414 415
f 315 416 316
f 315 415 416
f 316 417 317
f 316 416 417
f 317 418 318
f 317 417 418
f 318 419 319
f 318 418 419
f 319 420 320
f 319 419 420
f 320 421 321
f 320 420 421
f 321 422 322
f 321 421 422
f 322 423 323
f 322 422 423
f 323 424 324
f 323 423 424
f 324 425 325
f 324 424 425
f 325 426 326
f 325 425 426
f 326 427 327
f 326 426 427
f 327 428 328
f 327 427 428
f 328 429 329
f 328 428 429
f 329 430 330
f 329 429 430
f 330 431 331
f 330 430 431
f 331 432 332
f 331 431 432
f 332 433 333
f 332 432 433
f 333 434 334
f 333 433 434
f 334 435 335
f 334 434 435
f 335 436 336
f 335 435 436
f 336 437 337
f 336 436 437
f 337 438 338
f 337 437 438
f 338 439 339
f 338 438 439
f 339 440 340
f 339 439 440
f 340 441 341
f 340 440 441
f 341 442 342
f 341 441 442
f 342 443 343
f 342 442 443
f 343 444 344
f 343 443 444
f 344 445 345
f 344 444 445
f 345 446 346
f 345 445 446
f 346 447 347
f 346 446 447
f 347 448 348
f 347 447 448
f 348 449 349
f 348 448 449
f 349 450 350
f 349 449 450
f 350 451 351
f 350 450 451
f 351 452 352
f 351 451 452
f 352 453 353
f 352 452 453
f 353 454 354
f 353 453 454
f 354 455 355
f 354 454 455
f 355 456 356
f 355 455 456
f 356 457 357
f 356 456 457
f 357 458 358
f 357 457 458
f 358 459 359
f 358 458 459
f 359 460 360
f 359 459 460
f 360 461 361
f 360 460 461
f 361 462 362
f 361 461 462
f 362 463 363
f 362 462 463
f 363 464 364
f 363 463 464
f 364 465 365
f 364 464 465
f 365 466 366
f 365 465 466
f 366 467 367
f 366 466 467
f 367 468 368
f 367 467 468
f 368 469 369
f 368 468 469
f 369 470 370
f 369 469 470
f 370 471 371
f 370 470 471
f 371 472 372
f 371 471 472
f 372 473 373
f 372 472 473
f 373 474 374
f 373 473 474
f 374 475 375
f 374 474 475
f 375 476 376
f 375 475 476
f 376 477 377
f 376 476 477
f 377 478 378
f 377 477 478
f 378 479 379
f 378 478 479
f 379 480 380
f 379 479 480
f 380 481 381
f 380 480 481
f 381 482 382
f 381 481 482
f 382 483 383
f 382 482 483
f 383 484 384
f 383 483 484
f 384 485 385
f 384 484 485
f 385 486 386
f 385 485 486
f 386 487 387
f 386 486 487
f 387 488 388
f 387 487 488
f 388 489 389
f 388 488 489
f 389 490 390
f 389 489 490
f 390 491 391
f 390 490 491
f 391 492 392
f 391 491 492
f 392 493 393
f 392 492 493
f 393 494 394
f 393 493 494
f 394 495 395
f 394 494 495
f 395 496 396
f 395 495 496
f 396 497 397
f 396 496 497
f 397 498 398
f 397 497 498
f 398 499 399
f 398 498 499
f 399 500 400
f 399 499 500
f 400 401 301
f 400 500 401
f 401 502 402
f 401 501 502
f 402 503 403
f 402 502 503
f 403 504 404
f 403 503 504
f 404 505 405
f 404 504 505
f 405 506 406
f 405 505 506
f 406 507 407
f 406 506 507
f 407 508 408
f 407 507 508
f 408 509 409
f 408 508 509
f 409 510 410
f 409 509 510
f 410 511 411
f 410 510 511
f 411 512 412
f 411 511 512
f 412 513 413
f 412 512 513
f 413 514 414
f 413 513 514
f 414 515 415
f 414 514 515
f 415 516 416
f 415 515 516
f 416 517 417
f 416 516 517
f 417 518 418
f 417 517 518
f 418 519 419
f 418 518 519
f 419 520 420
f 419 519 520
f 420 521 421
f 420 520 521
f 421 522 422
f 421 521 522
f 422 523 423
f 422 522 523
f 423 524 424
f 423 523 524
f 424 525 425
f 424 524 525
f 425 526 426
f 425 525 526
f 426 527 427
f 426 526 527
f 427 528 428
f 427 527 528
f 428 529 429
f 428 528 529
f 429 530 430
f 429 529 530
f 430 531 431
f 430 530 531
f 431 532 432
f 431 531 532
f 432 533 433
f 432 532 533
f 433 534 434
f 433 533 534
f 434 535 435
f 434 534 535
f 435 536 436
f 435 535 536
f 436 537 437
f 436 536 537
f 437 538 438
f 437 537 538
f 438 539 439
f 438 538 539
f 439 540 440
f 439 539 540
f 440 541 441
f 440 540 541
f 441 542 442
f 441 541 542
f 442 543 443
f 442 542 543
f 443 544 444
f 443 543 544
f 444 545 445
f 444 544 545
f 445 546 446
f 445 545 546
f 446 547 447
f 446 546 547
f 447 548 448
f 447 547 548
f 448 549 449
f 448 548 549
f 449 550 450
f 449 549 550
f 450 551 451
f 450 550 551
f 451 552 452
f 451 551 552
f 452 553 453
f 452 552 553
f 453 554 454
f 453 553 554
f 454 555 455
f 454 554 555
f 455 556 456
f 455 555 556
f 456 557 457
f 456 556 557
f 457 558 458
f 457 557 558
f 458 559 459
f 458 558 559
f 459 560 460
f 459 559 560
f 460 561 461
f 460 560 561
f 461 562 462
f 461 561 562
f 462 563 463
f 462 562 563
f 463 564 464
f 463 563 564
f 464 565 465
f 464 564 565
f 465 566 466
f 465 565 566
f 466 567 467
f 466 566 567
f 467 568 468
f 467 567 568
f 468 569 469
f 468 568 569
f 469 570 470
f 469 569 570
f 470 571 471
f 470 570 571
f 471 572 472
f 471 571 572
f 472 573 473
f 472 572 573
f 473 574 474
f 473 573 574
f 474 575 475
f 474 574 575
f 475 576 476
f 475 575 576
f 476 577 477
f 476 576 577
f 477 578 478
f 477 577 578
f 478 579 479
f 478 578 579
f 479 580 480
f 479 579 580
f 480 581 481
f 480 580 581
f 481 582 482
f 481 581 582
f 482 583 483
f 482 582 583
f 483 584 484
f 483 583 584
f 484 585 485
f 484 584 585
f 485 586 486
f 485 585 586
f 486 587 487
f 486 586 587
f 487 588 488
f 487 587 588
f 488 589 489
f 488 588 589
f 489 590 490
f 489 589 590
f 490 591 491
f 490 590 591
f 491 592 492
f 491 591 592
f 492 593 493
f 492 592 593
f 493 594 494
f 493 593 594
f 494 595 495
f 494 594 595
f 495 596 496
f 495 595 596
f 496 597 497
f 496 596 597
f 497 598 498
f 497 597 598
f 498 599 499
f 498 598 599
f 499 600 500
f 499 599 600
f 500 501 401
f 500 600 501
f 501 602 502
f 501 601 602
f 502 603 503
f 502 602 603
f 503 604 504
f 503 603 604
f 504 605 505
f 504 604 605
f 505 606 506
f 505 605 606
f 506 607 507
f 506 606 607
f 507 608 508
f 507 607 608
f 508 609 509
f 508 608 609
f 509 610 510
f 509 609 610
f 510 611 511
f 510 610 611
f 511 612 512
f 511 611 612
f 512 613 513
f 512 612 613
f 513 614 514
f 513 613 614
f 514 615 515
f 514 614 615
f 515 616 516
f 515 615 616
f 516 617 517
f 516 616 617
f 517 618 518
f 517 617 618
f 518 619 519
f 518 618 619
f 519 620 520
f 519 619 620
f 520 621 521
f 520 620 621
f 521 622 522
f 521 621 622
f 522 623 523
f 522 622 623
f 523 624 524
f 523 623 624
f 524 625 525
f 524 624 625
f 525 626 526
f 525 625 626
f 526 627 527
f 526 626 627
f 527 628 528
f 527 627 628
f 528 629 529
f 528 628 629
f 529 630 530
f 529 629 630
f 530 631 531
f 530 630 631
f 531 632 532
f 531 631 632
f 532 633 533
f 532 632 633
f 533 634 534
f 533 633 634
f 534 635 535
f 534 634 635
f 535 636 536
f 535 635 636
f 536 637 537
f 536 636 637
f 537 638 538
f 537 637 638
f 538 639 539
f 538 638 639
f 539 640 540
f 539 639 640
f 540 641 541
f 540 640 641
f 541 642 542
f 541 641 642
f 542 643 543
f 542 642 643
f 543 644 544
f 543 643 644
f 544 645 545
f 544 644 645
f 545 646 546
f 545 645 646
f 546 647 547
f 546 646 647
f 547 648 548
f 547 647 648
f 548 649 549
f 548 648 649
f 549 650 550
f 549 649 650
f 550 651 551
f 550 650 651
f 551 652 552
f 551 651 652
f 552 653 553
f 552 652 653
f 553 654 554
f 553 653 654
f 554 655 555
f 554 654 655
f 555 656 556
f 555 655 656
f 556 657 557
f 556 656 657
f 557 658 558
f 557 657 658
f 558 659 559
f 558 658 659
f 559 660 560
f 559 659 660
f 560 661 561
f 560 660 661
f 561 662 562
f 561 661 662
f 562 663 563
f 562 662 663
f 563 664 564
f 563 663 664
f 564 665 565
f 564 664 665
f 565 666 566
f 565 665 666
f 566 667 567
f 566 666 667
f 567 668 568
f 567 667 668
f 568 669 569
f 568 668 669
f 569 670 570
f 569 669 670
f 570 671 571
f 570 670 671
f 571 672 572
f 571 671 672
f 572 673 573
f 572 672 673
f 573 674 574
f 573 673 674
f 574 675 575
f 574 674 675
f 575 676 576
f 575 675 676
f 576 677 577
f 576 676 677
f 577 678 578
f 577 677 678
f 578 679 579
f 578 678 679
f 579 680 580
f 579 679 680
f 580 681 581
f 580 680 681
f 581 682 582
f 581 681 682
f 582 683 583
f 582 682 683
f 583 684 584
f 583 683 684
f 584 685 585
f 584 684 685
f 585 686 586
f 585 685 686
f 586 687 587
f 586 686 687
f 587 688 588
f 587 687 688
f 588 689 589
f 588 688 689
f 589 690 590
f 589 689 690
f 590 691 591
f 590 690 691
f 591 692 592
f 591 691 692
f 592 693 593
f 592 692 693
f 593 694 594
f 593 693 694
f 594 695 595
f 594 694 695
f 595 696 596
f 595 695 696
f 596 697 597
f 596 696 697
f 597 698 598
f 597 697 698
f 598 699 599
f 598 698 699
f 599 700 600
f 599 699 700
f 600 601 501
f 600 700 601
f 601 702 602
f 601 701 702
f 602 703 603
f 602 702 703
f 603 704 604
f 603 703 704
f 604 705 605
f 604 704 705
f 605 706 606
f 605 705 706
f 606 707 607
f 606 706 707
f 607 708 608
f 607 707 708
f 608 709 609
f 608 708 709
f 609 710 610
f 609 709 710
f 610 711 611
f 610 710 711
f 611 712 612
f 611 711 712
f 612 713 613
f 612 712 713
f 613 714 614
f 613 713 714
f 614 715 615
f 614 714 715
f 615 716 616
f 615 715 716
f 616 717 617
f 616 716 717
f 617 718 618
f 617 717 718
f 618 719 619
f 618 718 719
f 619 720 620
f 619 719 720
f 620 721 621
f 620 720 721
f 621 722 622
f 621 721 722
f 622 723 623
f 622 722 723
f 623 724 624
f 623 723 724
f 624 725 625
f 624 724 725
f 625 726 626
f 625 725 726
f 626 727 627
f 626 726 727
f 627 728 628
f 627 727 728
f 628 729 629
f 628 728 729
f 629 730 630
f 629 729 730
f 630 731 631
f 630 730 731
f 631 732 632
f 631 731 732
f 632 733 633
f 632 732 733
f 633 734 634
f 633 733 734
f 634 735 635
f 634 734 735
f 635 736 636
f 635 735 736
f 636 737 637
f 636 736 737
f 637 738 638
f 637 737 738
f 638 739 639
f 638 738 739
f 639 740 640
f 639 739 740
f 640 741 641
f 640 740 741
f 641 742 642
f 641 741 742
f 642 743 643
f 642 742 743
f 643 744 644
f 643 743 744
f 644 745 645
f 644 744 745
f 645 746 646
f 645 745 746
f 646 747 647
f 646 746 747
f 647 748 648
f 647 747 748
f 648 749 649
f 648 748 749
f 649 750 650
f 649 749 750
f 650 751 651
f 650 750 751
f 651 752 652
f 651 751 752
f 652 753 653
f 652 752 753
f 653 754 654
f 653 753 754
f 654 755 655
f 654 754 755
f 655 756 656
f 655 755 756
f 656 757 657
f 656 756 757
f 657 758 658
f 657 757 758
f 658 759 659
f 658 758 759
f 659 760 660
f 659 759 760
f 660 761 661
f 660 760 761
f 661 762 662
f 661 761 762
f 662 763 663
f 662 762 763
f 663 764 664
f 663 763 764
f 664 765 665
f 664 764 765
f 665 766 666
f 665 765 766
f 666 767 667
f 666 766 767
f 667 768 668
f 667 767 768
f 668 769 669
f 668 768 769
f 669 770 670
f 669 769 770
f 670 771 671
f 670 770 771
f 671 772 672
f 671 771 772
f 672 773 673
f 672 772 773
f 673 774 674
f 673 773 774
f 674 775 675
f 674 774 775
f 675 776 676
f 675 775 776
f 676 777 677
f 676 776 777
f 677 778 678
f 677 777 778
f 678 779 679
f 678 778 779
f 679 780 680
f 679 779 780
f 680 781 681
f 680 780 781
f 681 782 682
f 681 781 782
f 682 783 683
f 682 782 783
f 683 784 684
f 683 783 784
f 684 785 685
f 684 784 785
f 685 786 686
f 685 785 786
f 686 787 687
f 686 786 787
f 687 788 688
f 687 787 788
f 688 789 689
f 688 788 789
f 689 790 690
f 689 789 790
f 690 791 691
f 690 790 791
f 691 792 692
f 691 791 792
f 692 793 693
f 692 792 793
f 693 794 694
f 693 793 794
f 694 795 695
f 694 794 795
f 695 796 696
f 695 795 796
f 696 797 697
f 696 796 797
f 697 798 698
f 697 797 798
f 698 799 699
f 698 798 799
f 699 800 700
f 699 799 800
f 700 701 601
f 700 800 701
f 701 802 702
f 701 801 802
f 702 803 703
f 702 802 803
f 703 804 704
f 703 803 804
f 704 805 705
f 704 804 805
f 705 806 706
f 705 805 806
f 706 807 707
f 706 806 807
f 707 808 708
f 707 807 808
f 708 809 709
f 708 808 809
f 709 810 710
f 709 809 810
f 710 811 711
f 710 810 811
f 711 812 712
f 711 811 812
f 712 813 713
f 712 812 813
f 713 814 714
f 713 813 814
f 714 815 715
f 714 814 815
f 715 816 716
f 715 815 816
f 716 817 717
f 716 816 817
f 717 818 718
f 717 817 818
f 718 819 719
f 718 818 819
f 719 820 720
f 719 819 820
f 720 821 721
f 720 820 821
f 721 822 722
f 721 821 822
f 722 823 723
f 722 822 823
f 723 824 724
f 723 823 824
f 724 825 725
f 724 824 825
f 725 826 726
f 725 825 826
f 726 827 727
f 726 826 827
f 727 828 728
f 727 827 828
f 728 829 729
f 728 828 829
f 729 830 730
f 729 829 830
f 730 831 731
f 730 830 831
f 731 832 732
f 731 831 832
f 732 833 733
f 732 832 833
f 733 834 734
f 733 833 834
f 734 835 735
f 734 834 835
f 735 836 736
f 735 835 836
f 736 837 737
f 736 836 837
f 737 838 738
f 737 837 838
f 738 839 739
f 738 838 839
f 739 840 740
f 739 839 840
f 740 841 741
f 740 840 841
f 741 842 742
f 741 841 842
f 742 843 743
f 742 842 843
f 743 844 744
f 743 843 844
f 744 845 745
f 744 844 845
f 745 846 746
f 745 845 846
f 746 847 747
f 746 846 847
f 747 848 748
f 747 847 848
f 748 849 749
f 748 848 849
f 749 850 750
f 749 849 850
f 750 851 751
f 750 850 851
f 751 852 752
f 751 851 852
f 752 853 753
f 752 852 853
f 753 854 754
f 753 853 854
f 754 855 755
f 754 854 855
f 755 856 756
f 755 855 856
f 756 857 757
f 756 856 857
f 757 858 758
f 757 857 858
f 758 859 759
f 758 858 859
f 759 860 760
f 759 859 860
f 760 861 761
f 760 860 861
f 761 862 762
f 761 861 862
f 762 863 763
f 762 862 863
f 763 864 764
f 763 863 864
f 764 865 765
f 764 864 865
f 765 866 766
f 765 865 866
f 766 867 767
f 766 866 867
f 767 868 768
f 767 867 868
f 768 869 769
f 768 868 869
f 769 870 770
f 769 869 870
f 770 871 771
f 770 870 871
f 771 872 772
f 771 871 872
f 772 873 773
f 772 872 873
f 773 874 774
f 773 873 874
f 774 875 775
f 774 874 875
f 775 876 776
f 775 875 876
f 776 877 777
f 776 876 877
f 777 878 778
f 777 877 878
f 778 879 779
f 778 878 879
f 779 880 780
f 779 879 880
f 780 881 781
f 780 880 881
f 781 882 782
f 781 881 882
f 782 883 783
f 782 882 883
f 783 884 784
f 783 883 884
f 784 885 785
f 784 884 885
f 785 886 786
f 785 885 886
f 786 887 787
f 786 886 887
f 787 888 788
f 787 887 888
f 788 889 789
f 788 888 889
f 789 890 790
f 789 889 890
f 790 891 791
f 790 890 891
f 791 892 792
f 791 891 892
f 792 893 793
f 792 892 893
f 793 894 794
f 793 893 894
f 794 895 795
f 794 894 895
f 795 896 796
f 795 895 896
f 796 897 797
f 796 896 897
f 797 898 798
f 797 897 898
f 798 899 799
f 798 898 899
f 799 900 800
f 799 899 900
f 800 801 701
f 800 900 801
f 801 902 802
f 801 901 902
f 802 903 803
f 802 902 903
f 803 904 804
f 803 903 904
f 804 905 805
f 804 904 905
f 805 906 806
f 805 905 906
f 806 907 807
f 806 906 907
f 807 908 808
f 807 907 908
f 808 909 809
f 808 908 909
f 809 910 810
f 809 909 910
f 810 911 811
f 810 910 911
f 811 912 812
f 811 911 912
f 812 913 813
f 812 912 913
f 813 914 814
f 813 913 914
f 814 915 815
f 814 914 915
f 815 916 816
f 815 915 916
f 816 917 817
f 816 916 917
f 817 918 818
f 817 917 918
f 818 919 819
f 818 918 919
f 819 920 820
f 819 919 920
f 820 921 821
f 820 920 921
f 821 922 822
f 821 921 922
f 822 923 823
f 822 922 923
f 823 924 824
f 823 923 924
f 824 925 825
f 824 924 925
f 825 926 826
f 825 925 926
f 826 927 827
f 826 926 927
f 827 928 828
f 827 927 928
f 828 929 829
f 828 928 929
f 829 930 830
f 829 929 930
f 830 931 831
f 830 930 931
f 831 932 832
f 831 931 932
f 832 933 833
f 832 932 933
f 833 934 834
f 833 933 934
f 834 935 835
f 834 934 935
f 835 936 836
f 835 935 936
f 836 937 837
f 836 936 937
f 837 938 838
f 837 937 938
f 838 939 839
f 838 938 939
f 839 940 840
f 839 939 940
f 840 941 841
f 840 940 941
f 841 942 842
f 841 941 942
f 842 943 843
f 842 942 943
f 843 944 844
f 843 943 944
f 844 945 845
f 844 944 945
f 845 946 846
f 845 945 946
f 846 947 847
f 846 946 947
f 847 948 848
f 847 947 948
f 848 949 849
f 848 948 949
f 849 950 850
f 849 949 950
f 850 951 851
f 850 950 951
f 851 952 852
f 851 951 952
f 852 953 853
f 852 952 953
f 853 954 854
f 853 953 954
f 854 955 855
f 854 954 955
f 855 956 856
f 855 955 956
f 856 957 857
f 856 956 957
f 857 958 858
f 857 957 958
f 858 959 859
f 858 958 959
f 859 960 860
f 859 959 960
f 860 961 861
f 860 960 961
f 861 962 862
f 861 961 962
f 862 963 863
f 862 962 963
f 863 964 864
f 863 963 964
f 864 965 865
f 864 964 965
f 865 966 866
f 865 965 966
f 866 967 867
f 866 966 967
f 867 968 868
f 867 967 968
f 868 969 869
f 868 968 969
f 869 970 870
f 869 969 970
f 870 971 871
f 870 970 971
f 871 972 872
f 871 971 972
f 872 973 873
f 872 972 973
f 873 974 874
f 873 973 974
f 874 975 875
f 874 974 975
f 875 976 876
f 875 975 976
f 876 977 877
f 876 976 977
f 877 978 878
f 877 977 978
f 878 979 879
f 878 978 979
f 879 980 880
f 879 979 980
f 880 981 881
f 880 980 981
f 881 982 882
f 881 981 982
f 882 983 883
f 882 982 983
f 883 984 884
f 883 983 984
f 884 985 885
f 884 984 985
f 885 986 886
f 885 985 986
f 886 987 887
f 886 986 987
f 887 988 888
f 887 987 988
f 888 989 889
f 888 988 989
f 889 990 890
f 889 989 990
f 890 991 891
f 890 990 991
f 891 992 892
f 891 991 992
f 892 993 893
f 892 992 993
f 893 994 894
f 893 993 994
f 894 995 895
f 894 994 995
f 895 996 896
f 895 995 996
f 896 997 897
f 896 996 997
f 897 998 898
f 897 997 998
f 898 999 899
f 898 998 999
f 899 1000 900
f 899 999 1000
f 900 901 801
f 900 1000 901
f 901 1002 902
f 901 1001 1002
f 902 1003 903
f 902 1002 1003
f 903 1004 904
f 903 1003 1004
f 904 1005 905
f 904 1004 1005
f 905 1006 906
f 905 1005 1006
f 906 1007 907
f 906 1006 1007
f 907 1008 908
f 907 1007 1008
f 908 1009 909
f 908 1008 1009
f 909 1010 910
f 909 1009 1010
f 910 1011 911
f 910 1010 1011
f 911 1012 912
f 911 1011 1012
f 912 1013 913
f 912 1012 1013
f 913 1014 914
f 913 1013 1014
f 914 1015 915
f 914 1014 1015
f 915 1016 916
f 915 1015 1016
f 916 1017 917
f 916 1016 1017
f 917 1018 918
f 917 1017 1018
f 918 1019 919
f 918 1018 1019
f 919 1020 920
f 919 1019 1020
f 920 1021 921
f 920 1020 1021
f 921 1022 922
f 921 1021 1022
f 922 1023 923
f 922 1022 1023
f 923 1024 924
f 923 1023 1024
f 924 1025 925
f 924 1024 1025
f 925 1026 926
f 925 1025 1026
f 926 1027 927
f 926 1026 1027
f 927 1028 928
f 927 1027 1028
f 928 1029 929
f 928 1028 1029
f 929 1030 930
f 929 1029 1030
f 930 1031 931
f 930 1030 1031
f 931 1032 932
f 931 1031 1032
f 932 1033 933
f 932 1032 1033
f 933 1034 934
f 933 1033 1034
f 934 1035 935
f 934 1034 1035
f 935 1036 936
f 935 1035 1036
f 936 1037 937
f 936 1036 1037
f 937 1038 938
f 937 1037 1038
f 938 1039 939
f 938 1038 1039
f 939 1040 940
f 939 1039 1040
f 940 1041 941
f 940 1040 1041
f 941 1042 942
f 941 1041 1042
f 942 1043 943
f 942 1042 1043
f 943 1044 944
f 943 1043 1044
f 944 1045 945
f 944 1044 1045
f 945 1046 946
f 945 1045 1046
f 946 1047 947
f 946 1046 1047
f 947 1048 948
f 947 1047 1048
f 948 1049 949
f 948 1048 1049
f 949 1050 950
f 949 1049 1050
f 950 1051 951
f 950 1050 1051
f 951 1052 952
f 951 1051 1052
f 952 1053 953
f 952 1052 1053
f 953 1054 954
f 953 1053 1054
f 954 1055 955
f 954 1054 1055
f 955 1056 956
f 955 1055 1056
f 956 1057 957
f 956 1056 1057
f 957 1058 958
f 957 1057 1058
f 958 1059 959
f 958 1058 1059
f 959 1060 960
f 959 1059 1060
f 960 1061 961
f 960 1060 1061
f 961 1062 962
f 961 1061 1062
f 962 1063 963
f 962 1062 1063
f 963 1064 964
f 963 1063 1064
f 964 1065 965
f 964 1064 1065
f 965 1066 966
f 965 1065 1066
f 966 1067 967
f 966 1066 1067
f 967 1068 968
f 967 1067 1068
f 968 1069 969
f 968 1068 1069
f 969 1070 970
f 969 1069 1070
f 970 1071 971
f 970 1070 1071
f 971 1072 972
f 971 1071 1072
f 972 1073 973
f 972 1072 1073
f 973 1074 974
f 973 1073 1074
f 974 1075 975
f 974 1074 1075
f 975 1076 976
f 975 1075 1076
f 976 1077 977
f 976 1076 1077
f 977 1078 978
f 977 1077 1078
f 978 1079 979
f 978 1078 1079
f 979 1080 980
f 979 1079 1080
f 980 1081 981
f 980 1080 1081
f 981 1082 982
f 981 1081 1082
f 982 1083 983
f 982 1082 1083
f 983 1084 984
f 983 1083 1084
f 984 1085 985
f 984 1084 1085
f 985 1086 986
f 985 1085 1086
f 986 1087 987
f 986 1086 1087
f 987 1088 988
f 987 1087 1088
f 988 1089 989
f 988 1088 1089
f 989 1090 990
f 989 1089 1090
f 990 1091 991
f 990 1090 1091
f 991 1092 992
f 991 1091 1092
f 992 1093 993
f 992 1092 1093
f 993 1094 994
f 993 1093 1094
f 994 1095 995
f 994 1094 1095
f 995 1096 996
f 995 1095 1096
f 996 1097 997
f 996 1096 1097
f 997 1098 998
f 997 1097 1098
f 998 1099 999
f 998 1098 1099
f 999 1100 1000
f 999 1099 1100
f 1000 1001 901
f 1000 1100 1001
f 1001 1102 1002
f 1001 1101 1102
f 1002 1103 1003
f 1002 1102 1103
f 1003 1104 1004
f 1003 1103 1104
f 1004 1105 1005
f 1004 1104 1105
f 1005 1106 1006
f 1005 1105 1106
f 1006 1107 1007
f 1006 1106 1107
f 1007 1108 1008
f 1007 1107 1108
f 1008 1109 1009
f 1008 1108 1109
f 1009 1110 1010
f 1009 1109 1110
f 1010 1111 1011
f 1010 1110 1111
f 1011 1112 1012
f 1011 1111 1112
f 1012 1113 1013
f 1012 1112 1113
f 1013 1114 1014
f 1013 1113 1114
f 1014 1115 1015
f 1014 1114 1115
f 1015 1116 1016
f 1015 1115 1116
f 1016 1117 1017
f 1016 1116 1117
f 1017 1118 1018
f 1017 1117 1118
f 1018 1119 1019
f 1018 1118 1119
f 1019 1120 1020
f 1019 1119 1120
f 1020 1121 1021
f 1020 1120 1121
f 1021 1122 1022
f 1021 1121 1122
f 1022 1123 1023
f 1022 1122 1123
f 1023 1124 1024
f 1023 1123 1124
f 1024 1125 1025
f 1024 1124 1125
f 1025 1126 1026
f 1025 1125 1126
f 1026 1127 1027
f 1026 1126 1127
f 1027 1128 1028
f 1027 1127 1128
f 1028 1129 1029
f 1028 1128 1129
f 1029 1130 1030
f 1029 1129 1130
f 1030 1131 1031
f 1030 1130 1131
f 1031 1132 1032
f 1031 1131 1132
f 1032 1133 1033
f 1032 1132 1133
f 1033 1134 1034
f 1033 1133 1134
f 1034 1135 1035
f 1034 1134 1135
f 1035 1136 1036
f 1035 1135 1136
f 1036 1137 1037
f 1036 1136 1137
f 1037 1138 1038
f 1037 1137 1138
f 1038 1139 1039
f 1038 1138 1139
f 1039 1140 1040
f 1039 1139 1140
f 1040 1141 1041
f 1040 1140 1141
f 1041 1142 1042
f 1041 1141 1142
f 1042 1143 1043
f 1042 1142 1143
f 1043 1144 1044
f 1043 1143 1144
f 1044 1145 1045
f 1044 1144 1145
f 1045 1146 1046
f 1045 1145 1146
f 1046 1147 1047
f 1046 1146 1147
f 1047 1148 1048
f 1047 1147 1148
f 1048 1149 1049
f 1048 1148 1149
f 1049 1150 1050
f 1049 1149 1150
f 1050 1151 1051
f 1050 1150 1151
f 1051 1152 1052
f 1051 1151 1152
f 1052 1153 1053
f 1052 1152 1153
f 1053 1154 1054
f 1053 1153 1154
f 1054 1155 1055
f 1054 1154 1155
f 1055 1156 1056
f 1055 1155 1156
f 1056 1157 1057
f 1056 1156 1157
f 1057 1158 1058
f 1057 1157 1158
f 1058 1159 1059
f 1058 1158 1159
f 1059 1160 1060
f 1059 1159 1160
f 1060 1161 1061
f 1060 1160 1161
f 1061 1162 1062
f 1061 1161 1162
f 1062 1163 1063
f 1062 1162 1163
f 1063 1164 1064
f 1063 1163 1164
f 1064 1165 1065
f 1064 1164 1165
f 1065 1166 1066
f 1065 1165 1166
f 1066 1167 1067
f 1066 1166 1167
f 1067 1168 1068
f 1067 1167 1168
f 1068 1169 1069
f 1068 1168 1169
f 1069 1170 1070
f 1069 1169 1170
f 1070 1171 1071
f 1070 1170 1171
f 1071 1172 1072
f 1071 1171 1172
f 1072 1173 1073
f 1072 1172 1173
f 1073 1174 1074
f 1073 1173 1174
f 1074 1175 1075
f 1074 1174 1175
f 1075 1176 1076
f 1075 1175 1176
f 1076 1177 1077
f 1076 1176 1177
f 1077 1178 1078
f 1077 1177 1178
f 1078 1179 1079
f 1078 1178 1179
f 1079 1180 1080
f 1079 1179 1180
f 1080 1181 1081
f 1080 1180 1181
f 1081 1182 1082
f 1081 1181 1182
f 1082 1183 1083
f 1082 1182 1183
f 1083 1184 1084
f 1083 1183 1184
f 1084 1185 1085
f 1084 1184 1185
f 1085 1186 1086
f 1085 1185 1186
f 1086 1187 1087
f 1086 1186 1187
f 1087 1188 1088
f 1087 1187 1188
f 1088 1189 1089
f 1088 1188 1189
f 1089 1190 1090
f 1089 1189 1190
f 1090 1191 1091
f 1090 1190 1191
f 1091 1192 1092
f 1091 1191 1192
f 1092 1193 1093
f 1092 1192 1193
f 1093 1194 1094
f 1093 1193 1194
f 1094 1195 1095
f 1094 1194 1195
f 1095 1196 1096
f 1095 1195 1196
f 1096 1197 1097
f 1096 1196 1197
f 1097 1198 1098
f 1097 1197 1198
f 1098 1199 1099
f 1098 1198 1199
f 1099 1200 1100
f 1099 1199 1200
f 1100 1101 1001
f 1100 1200 1101
f 1101 1202 1102
f 1101 1201 1202
f 1102 1203 1103
f 1102 1202 1203
f 1103 1204 1104
f 1103 1203 1204
f 1104 1205 1105
f 1104 1204 1205
f 1105 1206 1106
f 1105 1205 1206
f 1106 1207 1107
f 1106 1206 1207
f 1107 1208 1108
f 1107 1207 1208
f 1108 1209 1109
f 1108 1208 1209
f 1109 1210 1110
f 1109 1209 1210
f 1110 1211 1111
f 1110 1210 1211
f 1111 1212 1112
f 1111 1211 1212
f 1112 1213 1113
f 1112 1212 1213
f 1113 1214 1114
f 1113 1213 1214
f 1114 1215 1115
f 1114 1214 1215
f 1115 1216 1116
f 1115 1215 1216
f 1116 1217 1117
f 1116 1216 1217
f 1117 1218 1118
f 1117 1217 1218
f 1118 1219 1119
f 1118 1218 1219
f 1119 1220 1120
f 1119 1219 1220
f 1120 1221 1121
f 1120 1220 1221
f 1121 1222 1122
f 1121 1221 1222
f 1122 1223 1123
f 1122 1222 1223
f 1123 1224 1124
f 1123 1223 1224
f 1124 1225 1125
f 1124 1224 1225
f 1125 1226 1126
f 1125 1225 1226
f 1126 1227 1127
f 1126 1226 1227
f 1127 1228 1128
f 1127 1227 1228
f 1128 1229 1129
f 1128 1228 1229
f 1129 1230 1130
f 1129 1229 1230
f 1130 1231 1131
f 1130 1230 1231
f 1131 1232 1132
f 1131 1231 1232
f 1132 1233 1133
f 1132 1232 1233
f 1133 1234 1134
f 1133 1233 1234
f 1134 1235 1135
f 1134 1234 1235
f 1135 1236 1136
f 1135 1235 1236
f 1136 1237 1137
f 1136 1236 1237
f 1137 1238 1138
f 1137 1237 1238
f 1138 1239 1139
f 1138 1238 1239
f 1139 1240 1140
f 1139 1239 1240
f 1140 1241 1141
f 1140 1240 1241
f 1141 1242 1142
f 1141 1241 1242
f 1142 1243 1143
f 1142 1242 1243
f 1143 1244 1144
f 1143 1243 1244
f 1144 1245 1145
f 1144 1244 1245
f 1145 1246 1146
f 1145 1245 1246
f 1146 1247 1147
f 1146 1246 1247
f 1147 1248 1148
f 1147 1247 1248
f 1148 1249 1149
f 1148 1248 1249
f 1149 1250 1150
f 1149 1249 1250
f 1150 1251 1151
f 1150 1250 1251
f 1151 1252 1152
f 1151 1251 1252
f 1152 1253 1153
f 1152 1252 1253
f 1153 1254 1154
f 1153 1253 1254
f 1154 1255 1155
f 1154 1254 1255
f 1155 1256 1156
f 1155 1255 1256
f 1156 1257 1157
f 1156 1256 1257
f 1157 1258 1158
f 1157 1257 1258
f 1158 1259 1159
f 1158 1258 1259
f 1159 1260 1160
f 1159 1259 1260
f 1160 1261 1161
f 1160 1260 1261
f 1161 1262 1162
f 1161 1261 1262
f 1162 1263 1163
f 1162 1262 1263
f 1163 1264 1164
f 1163 1263 1264
f 1164 1265 1165
f 1164 1264 1265
f 1165 1266 1166
f 1165 1265 1266
f 1166 1267 1167
f 1166 1266 1267
f 1167 1268 1168
f 1167 1267 1268
f 1168 1269 1169
f 1168 1268 1269
f 1169 1270 1170
f 1169 1269 1270
f 1170 1271 1171
f 1170 1270 1271
f 1171 1272 1172
f 1171 1271 1272
f 1172 1273 1173
f 1172 1272 1273
f 1173 1274 1174
f 1173 1273 1274
f 1174 1275 1175
f 1174 1274 1275
f 1175 1276 1176
f 1175 1275 1276
f 1176 1277 1177
f 1176 1276 1277
f 1177 1278 1178
f 1177 1277 1278
f 1178 1279 1179
f 1178 1278 1279
f 1179 1280 1180
f 1179 1279 1280
f 1180 1281 1181
f 1180 1280 1281
f 1181 1282 1182
f 1181 1281 1282
f 1182 1283 1183
f 1182 1282 1283
f 1183 1284 1184
f 1183 1283 1284
f 1184 1285 1185
f 1184 1284 1285
f 1185 1286 1186
f 1185 1285 1286
f 1186 1287 1187
f 1186 1286 1287
f 1187 1288 1188
f 1187 1287 1288
f 1188 1289 1189
f 1188 1288 1289
f 1189 1290 1190
f 1189 1289 1290
f 1190 1291 1191
f 1190 1290 1291
f 1191 1292 1192
f 1191 1291 1292
f 1192 1293 1193
f 1192 1292 1293
f 1193 1294 1194
f 1193 1293 1294
f 1194 1295 1195
f 1194 1294 1295
f 1195 1296 1196
f 1195 1295 1296
f 1196 1297 1197
f 1196 1296 1297
f 1197 1298 1198
f 1197 1297 1298
f 1198 1299 1199
f 1198 1298 1299
f 1199 1300 1200
f 1199 1299 1300
f 1200 1201 1101
f 1200 1300 1201
f 1201 1302 1202
f 1201 1301 1302
f 1202 1303 1203
f 1202 1302 1303
f 1203 1304 1204
f 1203 1303 1304
f 1204 1305 1205
f 1204 1304 1305
f 1205 1306 1206
f 1205 1305 1306
f 1206 1307 1207
f 1206 1306 1307
f 1207 1308 1208
f 1207 1307 1308
f 1208 1309 1209
f 1208 1308 1309
f 1209 1310 1210
f 1209 1309 1310
f 1210 1311 1211
f 1210 1310 1311
f 1211 1312 1212
f 1211 1311 1312
f 1212 1313 1213
f 1212 1312 1313
f 1213 1314 1214
f 1213 1313 1314
f 1214 1315 1215
f 1214 1314 1315
f 1215 1316 1216
f 1215 1315 1316
f 1216 1317 1217
f 1216 1316 1317
f 1217 1318 1218
f 1217 1317 1318
f 1218 1319 1219
f 1218 1318 1319
f 1219 1320 1220
f 1219 1319 1320
f 1220 1321 1221
f 1220 1320 1321
f 1221 1322 1222
f 1221 1321 1322
f 1222 1323 1223
f 1222 1322 1323
f 1223 1324 1224
f 1223 1323 1324
f 1224 1325 1225
f 1224 1324 1325
f 1225 1326 1226
f 1225 1325 1326
f 1226 1327 1227
f 1226 1326 1327
f 1227 1328 1228
f 1227 1327 1328
f 1228 1329 1229
f 1228 1328 1329
f 1229 1330 1230
f 1229 1329 1330
f 1230 1331 1231
f 1230 1330 1331
f 1231 1332 1232
f 1231 1331 1332
f 1232 1333 1233
f 1232 1332 1333
f 1233 1334 1234
f 1233 1333 1334
f 1234 1335 1235
f 1234 1334 1335
f 1235 1336 1236
f 1235 1335 1336
f 1236 1337 1237
f 1236 1336 1337
f 1237 1338 1238
f 1237 1337 1338
f 1238 1339 1239
f 1238 1338 1339
f 1239 1340 1240
f 1239 1339 1340
f 1240 1341 1241
f 1240 1340 1341
f 1241 1342 1242
f 1241 1341 1342
f 1242 1343 1243
f 1242 1342 1343
f 1243 1344 1244
f 1243 1343 1344
f 1244 1345 1245
f 1244 1344 1345
f 1245 1346 1246
f 1245 1345 1346
f 1246 1347 1247
f 1246 1346 1347
f 1247 1348 1248
f 1247 1347 1348
f 1248 1349 1249
f 1248 1348 1349
f 1249 1350 1250
f 1249 1349 1350
f 1250 1351 1251
f 1250 1350 1351
f 1251 1352 1252
f 1251 1351 1352
f 1252 1353 1253
f 1252 1352 1353
f 1253 1354 1254
f 1253 1353 1354
f 1254 1355 1255
f 1254 1354 1355
f 1255 1356 1256
f 1255 1355 1356
f 1256 1357 1257
f 1256 1356 1357
f 1257 1358 1258
f 1257 1357 1358
f 1258 1359 1259
f 1258 1358 1359
f 1259 1360 1260
f 1259 1359 1360
f 1260 1361 1261
f 1260 1360 1361
f 1261 1362 1262
f 1261 1361 1362
f 1262 1363 1263
f 1262 1362 1363
f 1263 1364 1264
f 1263 1363 1364
f 1264 1365 1265
f 1264 1364 1365
f 1265 1366 1266
f 1265 1365 1366
f 1266 1367 1267
f 1266 1366 1367
f 1267 1368 1268
f 1267 1367 1368
f 1268 1369 1269
f 1268 1368 1369
f 1269 1370 1270
f 1269 1369 1370
f 1270 1371 1271
f 1270 1370 1371
f 1271 1372 1272
f 1271 1371 1372
f 1272 1373 1273
f 1272 1372 1373
f 1273 1374 1274
f 1273 1373 1374
f 1274 1375 1275
f 1274 1374 1375
f 1275 1376 1276
f 1275 1375 1376
f 1276 1377 1277
f 1276 1376 1377
f 1277 1378 1278
f 1277 1377 1378
f 1278 1379 1279
f 1278 1378 1379
f 1279 1380 1280
f 1279 1379 1380
f 1280 1381 1281
f 1280 1380 1381
f 1281 1382 1282
f 1281 1381 1382
f 1282 1383 1283
f 1282 1382 1383
f 1283 1384 1284
f 1283 1383 1384
f 1284 1385 1285
f 1284 1384 1385
f 1285 1386 1286
f 1285 1385 1386
f 1286 1387 1287
f 1286 1386 1387
f 1287 1388 1288
f 1287 1387 1388
f 1288 1389 1289
f 1288 1388 1389
f 1289 1390 1290
f 1289 1389 1390
f 1290 1391 1291
f 1290 1390 1391
f 1291 1392 1292
f 1291 1391 1392
f 1292 1393 1293
f 1292 1392 1393
f 1293 1394 1294
f 1293 1393 1394
f 1294 1395 1295
f 1294 1394 1395
f 1295 1396 1296
f 1295 1395 1396
f 1296 1397 1297
f 1296 1396 1397
f 1297 1398 1298
f 1297 1397 1398
f 1298 1399 1299
f 1298 1398 1399
f 1299 1400 1300
f 1299 1399 1400
f 1300 1301 1201
f 1300 1400 1301
f 1301 1402 1302
f 1301 1401 1402
f 1302 1403 1303
f 1302 1402 1403
f 1303 1404 1304
f 1303 1403 1404
f 1304 1405 1305
f 1304 1404 1405
f 1305 1406 1306
f 1305 1405 1406
f 1306 1407 1307
f 1306 1406 1407
f 1307 1408 1308
f 1307 1407 1408
f 1308 1409 1309
f 1308 1408 1409
f 1309 1410 1310
f 1309 1409 1410
f 1310 1411 1311
f 1310 1410 1411
f 1311 1412 1312
f 1311 1411 1412
f 1312 1413 1313
f 1312 1412 1413
f 1313 1414 1314
f 1313 1413 1414
f 1314 1415 1315
f 1314 1414 1415
f 1315 1416 1316
f 1315 1415 1416
f 1316 1417 1317
f 1316 1416 1417
f 1317 1418 1318
f 1317 1417 1418
f 1318 1419 1319
f 1318 1418 1419
f 1319 1420 1320
f 1319 1419 1420
f 1320 1421 1321
f 1320 1420 1421
f 1321 1422 1322
f 1321 1421 1422
f 1322 1423 1323
f 1322 1422 1423
f 1323 1424 1324
f 1323 1423 1424
f 1324 1425 1325
f 1324 1424 1425
f 1325 1426 1326
f 1325 1425 1426
f 1326 1427 1327
f 1326 1426 1427
f 1327 1428 1328
f 1327 1427 1428
f 1328 1429 1329
f 1328 1428 1429
f 1329 1430 1330
f 1329 1429 1430
f 1330 1431 1331
f 1330 1430 1431
f 1331 1432 1332
f 1331 1431 1432
f 1332 1433 1333
f 1332 1432 1433
f 1333 1434 1334
f 1333 1433 1434
f 1334 1435 1335
f 1334 1434 1435
f 1335 1436 1336
f 1335 1435 1436
f 1336 1437 1337
f 1336 1436 1437
f 1337 1438 1338
f 1337 1437 1438
f 1338 1439 1339
f 1338 1438 1439
f 1339 1440 1340
f 1339 1439 1440
f 1340 1441 1341
f 1340 1440 1441
f 1341 1442 1342
f 1341 1441 1442
f 1342 1443 1343
f 1342 1442 1443
f 1343 1444 1344
f 1343 1443 1444
f 1344 1445 1345
f 1344 1444 1445
f 1345 1446 1346
f 1345 1445 1446
f 1346 1447 1347
f 1346 1446 1447
f 1347 1448 1348
f 1347 1447 1448
f 1348 1449 1349
f 1348 1448 1449
f 1349 1450 1350
f 1349 1449 1450
f 1350 1451 1351
f 1350 1450 1451
f 1351 1452 1352
f 1351 1451 1452
f 1352 1453 1353
f 1352 1452 1453
f 1353 1454 1354
f 1353 1453 1454
f 1354 1455 1355
f 1354 1454 1455
f 1355 1456 1356
f 1355 1455 1456
f 1356 1457 1357
f 1356 1456 1457
f 1357 1458 1358
f 1357 1457 1458
f 1358 1459 1359
f 1358 1458 1459
f 1359 1460 1360
f 1359 1459 1460
f 1360 1461 1361
f 1360 1460 1461
f 1361 1462 1362
f 1361 1461 1462
f 1362 1463 1363
f 1362 1462 1463
f 1363 1464 1364
f 1363 1463 1464
f 1364 1465 1365
f 1364 1464 1465
f 1365 1466 1366
f 1365 1465 1466
f 1366 1467 1367
f 1366 1466 1467
f 1367 1468 1368
f 1367 1467 1468
f 1368 1469 1369
f 1368 1468 1469
f 1369 1470 1370
f 1369 1469 1470
f 1370 1471 1371
f 1370 1470 1471
f 1371 1472 1372
f 1371 1471 1472
f 1372 1473 1373
f 1372 1472 1473
f 1373 1474 1374
f 1373 1473 1474
f 1374 1475 1375
f 1374 1474 1475
f 1375 1476 1376
f 1375 1475 1476
f 1376 1477 1377
f 1376 1476 1477
f 1377 1478 1378
f 1377 1477 1478
f 1378 1479 1379
f 1378 1478 1479
f 1379 1480 1380
f 1379 1479 1480
f 1380 1481 1381
f 1380 1480 1481
f 1381 1482 1382
f 1381 1481 1482
f 1382 1483 1383
f 1382 1482 1483
f 1383 1484 1384
f 1383 1483 1484
f 1384 1485 1385
f 1384 1484 1485
f 1385 1486 1386
f 1385 1485 1486
f 1386 1487 1387
f 1386 1486 1487
f 1387 1488 1388
f 1387 1487 1488
f 1388 1489 1389
f 1388 1488 1489
f 1389 1490 1390
f 1389 1489 1490
f 1390 1491 1391
f 1390 1490 1491
f 1391 1492 1392
f 1391 1491 1492
f 1392 1493 1393
f 1392 1492 1493
f 1393 1494 1394
f 1393 1493 1494
f 1394 1495 1395
f 1394 1494 1495
f 1395 1496 1396
f 1395 1495 1496
f 1396 1497 1397
f 1396 1496 1497
f 1397 1498 1398
f 1397 1497 1498
f 1398 1499 1399
f 1398 1498 1499
f 1399 1500 1400
f 1399 1499 1500
f 1400 1401 1301
f 1400 1500 1401
f 1401 1502 1402
f 1401 1501 1502
f 1402 1503 1403
f 1402 1502 1503
f 1403 1504 1404
f 1403 1503 1504
f 1404 1505 1405
f 1404 1504 1505
f 1405 1506 1406
f 1405 1505 1506
f 1406 1507 1407
f 1406 1506 1507
f 1407 1508 1408
f 1407 1507 1508
f 1408 1509 1409
f 1408 1508 1509
f 1409 1510 1410
f 1409 1509 1510
f 1410 1511 1411
f 1410 1510 1511
f 1411 1512 1412
f 1411 1511 1512
f 1412 1513 1413
f 1412 1512 1513
f 1413 1514 1414
f 1413 1513 1514
f 1414 1515 1415
f 1414 1514 1515
f 1415 1516 1416
f 1415 1515 1516
f 1416 1517 1417
f 1416 1516 1517
f 1417 1518 1418
f 1417 1517 1518
f 1418 1519 1419
f 1418 1518 1519
f 1419 1520 1420
f 1419 1519 1520
f 1420 1521 1421
f 1420 1520 1521
f 1421 1522 1422
f 1421 1521 1522
f 1422 1523 1423
f 1422 1522 1523
f 1423 1524 1424
f 1423 1523 1524
f 1424 1525 1425
f 1424 1524 1525
f 1425 1526 1426
f 1425 1525 1526
f 1426 1527 1427
f 1426 1526 1527
f 1427 1528 1428
f 1427 1527 1528
f 1428 1529 1429
f 1428 1528 1529
f 1429 1530 1430
f 1429 1529 1530
f 1430 1531 1431
f 1430 1530 1531
f 1431 1532 1432
f 1431 1531 1532
f 1432 1533 1433
f 1432 1532 1533
f 1433 1534 1434
f 1433 1533 1534
f 1434 1535 1435
f 1434 1534 1535
f 1435 1536 1436
f 1435 1535 1536
f 1436 1537 1437
f 1436 1536 1537
f 1437 1538 1438
f 1437 1537 1538
f 1438 1539 1439
f 1438 1538 1539
f 1439 1540 1440
f 1439 1539 1540
f 1440 1541 1441
f 1440 1540 1541
f 1441 1542 1442
f 1441 1541 1542
f 1442 1543 1443
f 1442 1542 1543
f 1443 1544 1444
f 1443 1543 1544
f 1444 1545 1445
f 1444 1544 1545
f 1445 1546 1446
f 1445 1545 1546
f 1446 1547 1447
f 1446 1546 1547
f 1447 1548 1448
f 1447 1547 1548
f 1448 1549 1449
f 1448 1548 1549
f 1449 1550 1450
f 1449 1549 1550
f 1450 1551 1451
f 1450 1550 1551
f 1451 1552 1452
f 1451 1551 1552
f 1452 1553 1453
f 1452 1552 1553
f 1453 1554 1454
f 1453 1553 1554
f 1454 1555 1455
f 1454 1554 1555
f 1455 1556 1456
f 1455 1555 1556
f 1456 1557 1457
f 1456 1556 1557
f 1457 1558 1458
f 1457 1557 1558
f 1458 1559 1459
f 1458 1558 1559
f 1459 1560 1460
f 1459 1559 1560
f 1460 1561 1461
f 1460 1560 1561
f 1461 1562 1462
f 1461 1561 1562
f 1462 1563 1463
f 1462 1562 1563
f 1463 1564 1464
f 1463 1563 1564
f 1464 1565 1465
f 1464 1564 1565
f 1465 1566 1466
f 1465 1565 1566
f 1466 1567 1467
f 1466 1566 1567
f 1467 1568 1468
f 1467 1567 1568
f 1468 1569 1469
f 1468 1568 1569
f 1469 1570 1470
f 1469 1569 1570
f 1470 1571 1471
f 1470 1570 1571
f 1471 1572 1472
f 1471 1571 1572
f 1472 1573 1473
f 1472 1572 1573
f 1473 1574 1474
f 1473 1573 1574
f 1474 1575 1475
f 1474 1574 1575
f 1475 1576 1476
f 1475 1575 1576
f 1476 1577 1477
f 1476 1576 1577
f 1477 1578 1478
f 1477 1577 1578
f 1478 1579 1479
f 1478 1578 1579
f 1479 1580 1480
f 1479 1579 1580
f 1480 1581 1481
f 1480 1580 1581
f 1481 1582 1482
f 1481 1581 1582
f 1482 1583 1483
f 1482 1582 1583
f 1483 1584 1484
f 1483 1583 1584
f 1484 1585 1485
f 1484 1584 1585
f 1485 1586 1486
f 1485 1585 1586
f 1486 1587 1487
f 1486 1586 1587
f 1487 1588 1488
f 1487 1587 1588
f 1488 1589 1489
f 1488 1588 1589
f 1489 1590 1490
f 1489 1589 1590
f 1490 1591 1491
f 1490 1590 1591
f 1491 1592 1492
f 1491 1591 1592
f 1492 1593 1493
f 1492 1592 1593
f 1493 1594 1494
f 1493 1593 1594
f 1494 1595 1495
f 1494 1594 1595
f 1495 1596 1496
f 1495 1595 1596
f 1496 1597 1497
f 1496 1596 1597
f 1497 1598 1498
f 1497 1597 1598
f 1498 1599 1499
f 1498 1598 1599
f 1499 1600 1500
f 1499 1599 1600
f 1500 1501 1401
f 1500 1600 1501
f 1501 1602 1502
f 1501 1601 1602
f 1502 1603 1503
f 1502 1602 1603
f 1503 1604 1504
f 1503 1603 1604
f 1504 1605 1505
f 1504 1604 1605
f 1505 1606 1506
f 1505 1605 1606
f 1506 1607 1507
f 1506 1606 1607
f 1507 1608 1508
f 1507 1607 1608
f 1508 1609 1509
f 1508 1608 1609
f 1509 1610 1510
f 1509 1609 1610
f 1510 1611 1511
f 1510 1610 1611
f 1511 1612 1512
f 1511 1611 1612
f 1512 1613 1513
f 1512 1612 1613
f 1513 1614 1514
f 1513 1613 1614
f 1514 1615 1515
f 1514 1614 1615
f 1515 1616 1516
f 1515 1615 1616
f 1516 1617 1517
f 1516 1616 1617
f 1517 1618 1518
f 1517 1617 1618
f 1518 1619 1519
f 1518 1618 1619
f 1519 1620 1520
f 1519 1619 1620
f 1520 1621 1521
f 1520 1620 1621
f 1521 1622 1522
f 1521 1621 1622
f 1522 1623 1523
f 1522 1622 1623
f 1523 1624 1524
f 1523 1623 1624
f 1524 1625 1525
f 1524 1624 1625
f 1525 1626 1526
f 1525 1625 1626
f 1526 1627 1527
f 1526 1626 1627
f 1527 1628 1528
f 1527 1627 1628
f 1528 1629 1529
f 1528 1628 1629
f 1529 1630 1530
f 1529 1629 1630
f 1530 1631 1531
f 1530 1630 1631
f 1531 1632 1532
f 1531 1631 1632
f 1532 1633 1533
f 1532 1632 1633
f 1533 1634 1534
f 1533 1633 1634
f 1534 1635 1535
f 1534 1634 1635
f 1535 1636 1536
f 1535 1635 1636
f 1536 1637 1537
f 1536 1636 1637
f 1537 1638 1538
f 1537 1637 1638
f 1538 1639 1539
f 1538 1638 1639
f 1539 1640 1540
f 1539 1639 1640
f 1540 1641 1541
f 1540 1640 1641
f 1541 1642 1542
f 1541 1641 1642
f 1542 1643 1543
f 1542 1642 1643
f 1543 1644 1544
f 1543 1643 1644
f 1544 1645 1545
f 1544 1644 1645
f 1545 1646 1546
f 1545 1645 1646
f 1546 1647 1547
f 1546 1646 1647
f 1547 1648 1548
f 1547 1647 1648
f 1548 1649 1549
f 1548 1648 1649
f 1549 1650 1550
f 1549 1649 1650
f 1550 1651 1551
f 1550 1650 1651
f 1551 1652 1552
f 1551 1651 1652
f 1552 1653 1553
f 1552 1652 1653
f 1553 1654 1554
f 1553 1653 1654
f 1554 1655 1555
f 1554 1654 1655
f 1555 1656 1556
f 1555 1655 1656
f 1556 1657 1557
f 1556 1656 1657
f 1557 1658 1558
f 1557 1657 1658
f 1558 1659 1559
f 1558 1658 1659
f 1559 1660 1560
f 1559 1659 1660
f 1560 1661 1561
f 1560 1660 1661
f 1561 1662 1562
f 1561 1661 1662
f 1562 1663 1563
f 1562 1662 1663
f 1563 1664 1564
f 1563 1663 1664
f 1564 1665 1565
f 1564 1664 1665
f 1565 1666 1566
f 1565 1665 1666
f 1566 1667 1567
f 1566 1666 1667
f 1567 1668 1568
f 1567 1667 1668
f 1568 1669 1569
f 1568 1668 1669
f 1569 1670 1570
f 1569 1669 1670
f 1570 1671 1571
f 1570 1670 1671
f 1571 1672 1572
f 1571 1671 1672
f 1572 1673 1573
f 1572 1672 1673
f 1573 1674 1574
f 1573 1673 1674
f 1574 1675 1575
f 1574 1674 1675
f 1575 1676 1576
f 1575 1675 1676
f 1576 1677 1577
f 1576 1676 1677
f 1577 1678 1578
f 1577 1677 1678
f 1578 1679 1579
f 1578 1678 1679
f 1579 1680 1580
f 1579 1679 1680
f 1580 1681 1581
f 1580 1680 1681
f 1581 1682 1582
f 1581 1681 1682
f 1582 1683 1583
f 1582 1682 1683
f 1583 1684 1584
f 1583 1683 1684
f 1584 1685 1585
f 1584 1684 1685
f 1585 1686 1586
f 1585 1685 1686
f 1586 1687 1587
f 1586 1686 1687
f 1587 1688 1588
f 1587 1687 1688
f 1588 1689 1589
f 1588 1688 1689
f 1589 1690 1590
f 1589 1689 1690
f 1590 1691 1591
f 1590 1690 1691
f 1591 1692 1592
f 1591 1691 1692
f 1592 1693 1593
f 1592 1692 1693
f 1593 1694 1594
f 1593 1693 1694
f 1594 1695 1595
f 1594 1694 1695
f 1595 1696 1596
f 1595 1695 1696
f 1596 1697 1597
f 1596 1696 1697
f 1597 1698 1598
f 1597 1697 1698
f 1598 1699 1599
f 1598 1698 1699
f 1599 1700 1600
f 1599 1699 1700
f 1600 1601 1501
f 1600 1700 1601
f 1601 1702 1602
f 1601 1701 1702
f 1602 1703 1603
f 1602 1702 1703
f 1603 1704 1604
f 1603 1703 1704
f 1604 1705 1605
f 1604 1704 1705
f 1605 1706 1606
f 1605 1705 1706
f 1606 1707 1607
f 1606 1706 1707
f 1607 1708 1608
f 1607 1707 1708
f 1608 1709 1609
f 1608 1708 1709
f 1609 1710 1610
f 1609 1709 1710
f 1610 1711 1611
f 1610 1710 1711
f 1611 1712 1612
f 1611 1711 1712
f 1612 1713 1613
f 1612 1712 1713
f 1613 1714 1614
f 1613 1713 1714
f 1614 1715 1615
f 1614 1714 1715
f 1615 1716 1616
f 1615 1715 1716
f 1616 1717 1617
f 1616 1716 1717
f 1617 1718 1618
f 1617 1717 1718
f 1618 1719 1619
f 1618 1718 1719
f 1619 1720 1620
f 1619 1719 1720
f 1620 1721 1621
f 1620 1720 1721
f 1621 1722 1622
f 1621 1721 1722
f 1622 1723 1623
f 1622 1722 1723
f 1623 1724 1624
f 1623 1723 1724
f 1624 1725 1625
f 1624 1724 1725
f 1625 1726 1626
f 1625 1725 1726
f 1626 1727 1627
f 1626 1726 1727
f 1627 1728 1628
f 1627 1727 1728
f 1628 1729 1629
f 1628 1728 1729
f 1629 1730 1630
f 1629 1729 1730
f 1630 1731 1631
f 1630 1730 1731
f 1631 1732 1632
f 1631 1731 1732
f 1632 1733 1633
f 1632 1732 1733
f 1633 1734 1634
f 1633 1733 1734
f 1634 1735 1635
f 1634 1734 1735
f 1635 1736 1636
f 1635 1735 1736
f 1636 1737 1637
f 1636 1736 1737
f 1637 1738 1638
f 1637 1737 1738
f 1638 1739 1639
f 1638 1738 1739
f 1639 1740 1640
f 1639 1739 1740
f 1640 1741 1641
f 1640 1740 1741
f 1641 1742 1642
f 1641 1741 1742
f 1642 1743 1643
f 1642 1742 1743
f 1643 1744 1644
f 1643 1743 1744
f 1644 1745 1645
f 1644 1744 1745
f 1645 1746 1646
f 1645 1745 1746
f 1646 1747 1647
f 1646 1746 1747
f 1647 1748 1648
f 1647 1747 1748
f 1648 1749 1649
f 1648 1748 1749
f 1649 1750 1650
f 1649 1749 1750
f 1650 1751 1651
f 1650 1750 1751
f 1651 1752 1652
f 1651 1751 1752
f 1652 1753 1653
f 1652 1752 1753
f 1653 1754 1654
f 1653 1753 1754
f 1654 1755 1655
f 1654 1754 1755
f 1655 1756 1656
f 1655 1755 1756
f 1656 1757 1657
f 1656 1756 1757
f 1657 1758 1658
f 1657 1757 1758
f 1658 1759 1659
f 1658 1758 1759
f 1659 1760 1660
f 1659 1759 1760
f 1660 1761 1661
f 1660 1760 1761
f 1661 1762 1662
f 1661 1761 1762
f 1662 1763 1663
f 1662 1762 1763
f 1663 1764 1664
f 1663 1763 1764
f 1664 1765 1665
f 1664 1764 1765
f 1665 1766 1666
f 1665 1765 1766
f 1666 1767 1667
f 1666 1766 1767
f 1667 1768 1668
f 1667 1767 1768
f 1668 1769 1669
f 1668 1768 1769
f 1669 1770 1670
f 1669 1769 1770
f 1670 1771 1671
f 1670 1770 1771
f 1671 1772 1672
f 1671 1771 1772
f 1672 1773 1673
f 1672 1772 1773
f 1673 1774 1674
f 1673 1773 1774
f 1674 1775 1675
f 1674 1774 1775
f 1675 1776 1676
f 1675 1775 1776
f 1676 1777 1677
f 1676 1776 1777
f 1677 1778 1678
f 1677 1777 1778
f 1678 1779 1679
f 1678 1778 1779
f 1679 1780 1680
f 1679 1779 1780
f 1680 1781 1681
f 1680 1780 1781
f 1681 1782 1682
f 1681 1781 1782
f 1682 1783 1683
f 1682 1782 1783
f 1683 1784 1684
f 1683 1783 1784
f 1684 1785 1685
f 1684 1784 1785
f 1685 1786 1686
f 1685 1785 1786
f 1686 1787 1687
f 1686 1786 1787
f 1687 1788 1688
f 1687 1787 1788
f 1688 1789 1689
f 1688 1788 1789
f 1689 1790 1690
f 1689 1789 1790
f 1690 1791 1691
f 1690 1790 1791
f 1691 1792 1692
f 1691 1791 1792
f 1692 1793 1693
f 1692 1792 1793
f 1693 1794 1694
f 1693 1793 1794
f 1694 1795 1695
f 1694 1794 1795
f 1695 1796 1696
f 1695 1795 1796
f 1696 1797 1697
f 1696 1796 1797
f 1697 1798 1698
f 1697 1797 1798
f 1698 1799 1699
f 1698 1798 1799
f 1699 1800 1700
f 1699 1799 1800
f 1700 1701 1601
f 1700 1800 1701
f 1701 1802 1702
f 1701 1801 1802
f 1702 1803 1703
f 1702 1802 1803
f 1703 1804 1704
f 1703 1803 1804
f 1704 1805 1705
f 1704 1804 1805
f 1705 1806 1706
f 1705 1805 1806
f 1706 1807 1707
f 1706 1806 1807
f 1707 1808 1708
f 1707 1807 1808
f 1708 1809 1709
f 1708 1808 1809
f 1709 1810 1710
f 1709 1809 1810
f 1710 1811 1711
f 1710 1810 1811
f 1711 1812 1712
f 1711 1811 1812
f 1712 1813 1713
f 1712 1812 1813
f 1713 1814 1714
f 1713 1813 1814
f 1714 1815 1715
f 1714 1814 1815
f 1715 1816 1716
f 1715 1815 1816
f 1716 1817 1717
f 1716 1816 1817
f 1717 1818 1718
f 1717 1817 1818
f 1718 1819 1719
f 1718 1818 1819
f 1719 1820 1720
f 1719 1819 1820
f 1720 1821 1721
f 1720 1820 1821
f 1721 1822 1722
f 1721 1821 1822
f 1722 1823 1723
f 1722 1822 1823
f 1723 1824 1724
f 1723 1823 1824
f 1724 1825 1725
f 1724 1824 1825
f 1725 1826 1726
f 1725 1825 1826
f 1726 1827 1727
f 1726 1826 1827
f 1727 1828 1728
f 1727 1827 1828
f 1728 1829 1729
f 1728 1828 1829
f 1729 1830 1730
f 1729 1829 1830
f 1730 1831 1731
f 1730 1830 1831
f 1731 1832 1732
f 1731 1831 1832
f 1732 1833 1733
f 1732 1832 1833
f 1733 1834 1734
f 1733 1833 1834
f 1734 1835 1735
f 1734 1834 1835
f 1735 1836 1736
f 1735 1835 1836
f 1736 1837 1737
f 1736 1836 1837
f 1737 1838 1738
f 1737 1837 1838
f 1738 1839 1739
f 1738 1838 1839
f 1739 1840 1740
f 1739 1839 1840
f 1740 1841 1741
f 1740 1840 1841
f 1741 1842 1742
f 1741 1841 1842
f 1742 1843 1743
f 1742 1842 1843
f 1743 1844 1744
f 1743 1843 1844
f 1744 1845 1745
f 1744 1844 1845
f 1745 1846 1746
f 1745 1845 1846
f 1746 1847 1747
f 1746 1846 1847
f 1747 1848 1748
f 1747 1847 1848
f 1748 1849 1749
f 1748 1848 1849
f 1749 1850 1750
f 1749 1849 1850
f 1750 1851 1751
f 1750 1850 1851
f 1751 1852 1752
f 1751 1851 1852
f 1752 1853 1753
f 1752 1852 1853
f 1753 1854 1754
f 1753 1853 1854
f 1754 1855 1755
f 1754 1854 1855
f 1755 1856 1756
f 1755 1855 1856
f 1756 1857 1757
f 1756 1856 1857
f 1757 1858 1758
f 1757 1857 1858
f 1758 1859 1759
f 1758 1858 1859
f 1759 1860 1760
f 1759 1859 1860
f 1760 1861 1761
f 1760 1860 1861
f 1761 1862 1762
f 1761 1861 1862
f 1762 1863 1763
f 1762 1862 1863
f 1763 1864 1764
f 1763 1863 1864
f 1764 1865 1765
f 1764 1864 1865
f 1765 1866 1766
f 1765 1865 1866
f 1766 1867 1767
f 1766 1866 1867
f 1767 1868 1768
f 1767 1867 1868
f 1768 1869 1769
f 1768 1868 1869
f 1769 1870 1770
f 1769 1869 1870
f 1770 1871 1771
f 1770 1870 1871
f 1771 1872 1772
f 1771 1871 1872
f 1772 1873 1773
f 1772 1872 1873
f 1773 1874 1774
f 1773 1873 1874
f 1774 1875 1775
f 1774 1874 1875
f 1775 1876 1776
f 1775 1875 1876
f 1776 1877 1777
f 1776 1876 1877
f 1777 1878 1778
f 1777 1877 1878
f 1778 1879 1779
f 1778 1878 1879
f 1779 1880 1780
f 1779 1879 1880
f 1780 1881 1781
f 1780 1880 1881
f 1781 1882 1782
f 1781 1881 1882
f 1782 1883 1783
f 1782 1882 1883
f 1783 1884 1784
f 1783 1883 1884
f 1784 1885 1785
f 1784 1884 1885
f 1785 1886 1786
f 1785 1885 1886
f 1786 1887 1787
f 1786 1886 1887
f 1787 1888 1788
f 1787 1887 1888
f 1788 1889 1789
f 1788 1888 1889
f 1789 1890 1790
f 1789 1889 1890
f 1790 1891 1791
f 1790 1890 1891
f 1791 1892 1792
f 1791 1891 1892
f 1792 1893 1793
f 1792 1892 1893
f 1793 1894 1794
f 1793 1893 1894
f 1794 1895 1795
f 1794 1894 1895
f 1795 1896 1796
f 1795 1895 1896
f 1796 1897 1797
f 1796 1896 1897
f 1797 1898 1798
f 1797 1897 1898
f 1798 1899 1799
f 1798 1898 1899
f 1799 1900 1800
f 1799 1899 1900
f 1800 1801 1701
f 1800 1900 1801
f 1801 1902 1802
f 1801 1901 1902
f 1802 1903 1803
f 1802 1902 1903
f 1803 1904 1804
f 1803 1903 1904
f 1804 1905 1805
f 1804 1904 1905
f 1805 1906 1806
f 1805 1905 1906
f 1806 1907 1807
f 1806 1906 1907
f 1807 1908 1808
f 1807 1907 1908
f 1808 1909 1809
f 1808 1908 1909
f 1809 1910 1810
f 1809 1909 1910
f 1810 1911 1811
f 1810 1910 1911
f 1811 1912 1812
f 1811 1911 1912
f 1812 1913 1813
f 1812 1912 1913
f 1813 1914 1814
f 1813 1913 1914
f 1814 1915 1815
f 1814 1914 1915
f 1815 1916 1816
f 1815 1915 1916
f 1816 1917 1817
f 1816 1916 1917
f 1817 1918 1818
f 1817 1917 1918
f 1818 1919 1819
f 1818 1918 1919
f 1819 1920 1820
f 1819 1919 1920
f 1820 1921 1821
f 1820 1920 1921
f 1821 1922 1822
f 1821 1921 1922
f 1822 1923 1823
f 1822 1922 1923
f 1823 1924 1824
f 1823 1923 1924
f 1824 1925 1825
f 1824 1924 1925
f 1825 1926 1826
f 1825 1925 1926
f 1826 1927 1827
f 1826 1926 1927
f 1827 1928 1828
f 1827 1927 1928
f 1828 1929 1829
f 1828 1928 1929
f 1829 1930 1830
f 1829 1929 1930
f 1830 1931 1831
f 1830 1930 1931
f 1831 1932 1832
f 1831 1931 1932
f 1832 1933 1833
f 1832 1932 1933
f 1833 1934 1834
f 1833 1933 1934
f 1834 1935 1835
f 1834 1934 1935
f 1835 1936 1836
f 1835 1935 1936
f 1836 1937 1837
f 1836 1936 1937
f 1837 1938 1838
f 1837 1937 1938
f 1838 1939 1839
f 1838 1938 1939
f 1839 1940 1840
f 1839 1939 1940
f 1840 1941 1841
f 1840 1940 1941
f 1841 1942 1842
f 1841 1941 1942
f 1842 1943 1843
f 1842 1942 1943
f 1843 1944 1844
f 1843 1943 1944
f 1844 1945 1845
f 1844 1944 1945
f 1845 1946 1846
f 1845 1945 1946
f 1846 1947 1847
f 1846 1946 1947
f 1847 1948 1848
f 1847 1947 1948
f 1848 1949 1849
f 1848 1948 1949
f 1849 1950 1850
f 1849 1949 1950
f 1850 1951 1851
f 1850 1950 1951
f 1851 1952 1852
f 1851 1951 1952
f 1852 1953 1853
f 1852 1952 1953
f 1853 1954 1854
f 1853 1953 1954
f 1854 1955 1855
f 1854 1954 1955
f 1855 1956 1856
f 1855 1955 1956
f 1856 1957 1857
f 1856 1956 1957
f 1857 1958 1858
f 1857 1957 1958
f 1858 1959 1859
f 1858 1958 1959
f 1859 1960 1860
f 1859 1959 1960
f 1860 1961 1861
f 1860 1960 1961
f 1861 1962 1862
f 1861 1961 1962
f 1862 1963 1863
f 1862 1962 1963
f 1863 1964 1864
f 1863 1963 1964
f 1864 1965 1865
f 1864 1964 1965
f 1865 1966 1866
f 1865 1965 1966
f 1866 1967 1867
f 1866 1966 1967
f 1867 1968 1868
f 1867 1967 1968
f 1868 1969 1869
f 1868 1968 1969
f 1869 1970 1870
f 1869 1969 1970
f 1870 1971 1871
f 1870 1970 1971
f 1871 1972 1872
f 1871 1971 1972
f 1872 1973 1873
f 1872 1972 1973
f 1873 1974 1874
f 1873 1973 1974
f 1874 1975 1875
f 1874 1974 1975
f 1875 1976 1876
f 1875 1975 1976
f 1876 1977 1877
f 1876 1976 1977
f 1877 1978 1878
f 1877 1977 1978
f 1878 1979 1879
f 1878 1978 1979
f 1879 1980 1880
f 1879 1979 1980
f 1880 1981 1881
f 1880 1980 1981
f 1881 1982 1882
f 1881 1981 1982
f 1882 1983 1883
f 1882 1982 1983
f 1883 1984 1884
f 1883 1983 1984
f 1884 1985 1885
f 1884 1984 1985
f 1885 1986 1886
f 1885 1985 1986
f 1886 1987 1887
f 1886 1986 1987
f 1887 1988 1888
f 1887 1987 1988
f 1888 1989 1889
f 1888 1988 1989
f 1889 1990 1890
f 1889 1989 1990
f 1890 1991 1891
f 1890 1990 1991
f 1891 1992 1892
f 1891 1991 1992
f 1892 1993 1893
f 1892 1992 1993
f 1893 1994 1894
f 1893 1993 1994
f 1894 1995 1895
f 1894 1994 1995
f 1895 1996 1896
f 1895 1995 1996
f 1896 1997 1897
f 1896 1996 1997
f 1897 1998 1898
f 1897 1997 1998
f 1898 1999 1899
f 1898 1998 1999
f 1899 2000 1900
f 1899 1999 2000
f 1900 1901 1801
f 1900 2000 1901
f 1901 2002 1902
f 1901 2001 2002
f 1902 2003 1903
f 1902 2002 2003
f 1903 2004 1904
f 1903 2003 2004
f 1904 2005 1905
f 1904 2004 2005
f 1905 2006 1906
f 1905 2005 2006
f 1906 2007 1907
f 1906 2006 2007
f 1907 2008 1908
f 1907 2007 2008
f 1908 2009 1909
f 1908 2008 2009
f 1909 2010 1910
f 1909 2009 2010
f 1910 2011 1911
f 1910 2010 2011
f 1911 2012 1912
f 1911 2011 2012
f 1912 2013 1913
f 1912 2012 2013
f 1913 2014 1914
f 1913 2013 2014
f 1914 2015 1915
f 1914 2014 2015
f 1915 2016 1916
f 1915 2015 2016
f 1916 2017 1917
f 1916 2016 2017
f 1917 2018 1918
f 1917 2017 2018
f 1918 2019 1919
f 1918 2018 2019
f 1919 2020 1920
f 1919 2019 2020
f 1920 2021 1921
f 1920 2020 2021
f 1921 2022 1922
f 1921 2021 2022
f 1922 2023 1923
f 1922 2022 2023
f 1923 2024 1924
f 1923 2023 2024
f 1924 2025 1925
f 1924 2024 2025
f 1925 2026 1926
f 1925 2025 2026
f 1926 2027 1927
f 1926 2026 2027
f 1927 2028 1928
f 1927 2027 2028
f 1928 2029 1929
f 1928 2028 2029
f 1929 2030 1930
f 1929 2029 2030
f 1930 2031 1931
f 1930 2030 2031
f 1931 2032 1932
f 1931 2031 2032
f 1932 2033 1933
f 1932 2032 2033
f 1933 2034 1934
f 1933 2033 2034
f 1934 2035 1935
f 1934 2034 2035
f 1935 2036 1936
f 1935 2035 2036
f 1936 2037 1937
f 1936 2036 2037
f 1937 2038 1938
f 1937 2037 2038
f 1938 2039 1939
f 1938 2038 2039
f 1939 2040 1940
f 1939 2039 2040
f 1940 2041 1941
f 1940 2040 2041
f 1941 2042 1942
f 1941 2041 2042
f 1942 2043 1943
f 1942 2042 2043
f 1943 2044 1944
f 1943 2043 2044
f 1944 2045 1945
f 1944 2044 2045
f 1945 2046 1946
f 1945 2045 2046
f 1946 2047 1947
f 1946 2046 2047
f 1947 2048 1948
f 1947 2047 2048
f 1948 2049 1949
f 1948 2048 2049
f 1949 2050 1950
f 1949 2049 2050
f 1950 2051 1951
f 1950 2050 2051
f 1951 2052 1952
f 1951 2051 2052
f 1952 2053 1953
f 1952 2052 2053
f 1953 2054 1954
f 1953 2053 2054
f 1954 2055 1955
f 1954 2054 2055
f 1955 2056 1956
f 1955 2055 2056
f 1956 2057 1957
f 1956 2056 2057
f 1957 2058 1958
f 1957 2057 2058
f 1958 2059 1959
f 1958 2058 2059
f 1959 2060 1960
f 1959 2059 2060
f 1960 2061 1961
f 1960 2060 2061
f 1961 2062 1962
f 1961 2061 2062
f 1962 2063 1963
f 1962 2062 2063
f 1963 2064 1964
f 1963 2063 2064
f 1964 2065 1965
f 1964 2064 2065
f 1965 2066 1966
f 1965 2065 2066
f 1966 2067 1967
f 1966 2066 2067
f 1967 2068 1968
f 1967 2067 2068
f 1968 2069 1969
f 1968 2068 2069
f 1969 2070 1970
f 1969 2069 2070
f 1970 2071 1971
f 1970 2070 2071
f 1971 2072 1972
f 1971 2071 2072
f 1972 2073 1973
f 1972 2072 2073
f 1973 2074 1974
f 1973 2073 2074
f 1974 2075 1975
f 1974 2074 2075
f 1975 2076 1976
f 1975 2075 2076
f 1976 2077 1977
f 1976 2076 2077
f 1977 2078 1978
f 1977 2077 2078
f 1978 2079 1979
f 1978 2078 2079
f 1979 2080 1980
f 1979 2079 2080
f 1980 2081 1981
f 1980 2080 2081
f 1981 2082 1982
f 1981 2081 2082
f 1982 2083 1983
f 1982 2082 2083
f 1983 2084 1984
f 1983 2083 2084
f 1984 2085 1985
f 1984 2084 2085
f 1985 2086 1986
f 1985 2085 2086
f 1986 2087 1987
f 1986 2086 2087
f 1987 2088 1988
f 1987 2087 2088
f 1988 2089 1989
f 1988 2088 2089
f 1989 2090 1990
f 1989 2089 2090
f 1990 2091 1991
f 1990 2090 2091
f 1991 2092 1992
f 1991 2091 2092
f 1992 2093 1993
f 1992 2092 2093
f 1993 2094 1994
f 1993 2093 2094
f 1994 2095 1995
f 1994 2094 2095
f 1995 2096 1996
f 1995 2095 2096
f 1996 2097 1997
f 1996 2096 2097
f 1997 2098 1998
f 1997 2097 2098
f 1998 2099 1999
f 1998 2098 2099
f 1999 2100 2000
f 1999 2099 2100
f 2000 2001 1901
f 2000 2100 2001
f 2001 2102 2002
f 2001 2101 2102
f 2002 2103 2003
f 2002 2102 2103
f 2003 2104 2004
f 2003 2103 2104
f 2004 2105 2005
f 2004 2104 2105
f 2005 2106 2006
f 2005 2105 2106
f 2006 2107 2007
f 2006 2106 2107
f 2007 2108 2008
f 2007 2107 2108
f 2008 2109 2009
f 2008 2108 2109
f 2009 2110 2010
f 2009 2109 2110
f 2010 2111 2011
f 2010 2110 2111
f 2011 2112 2012
f 2011 2111 2112
f 2012 2113 2013
f 2012 2112 2113
f 2013 2114 2014
f 2013 2113 2114
f 2014 2115 2015
f 2014 2114 2115
f 2015 2116 2016
f 2015 2115 2116
f 2016 2117 2017
f 2016 2116 2117
f 2017 2118 2018
f 2017 2117 2118
f 2018 2119 2019
f 2018 2118 2119
f 2019 2120 2020
f 2019 2119 2120
f 2020 2121 2021
f 2020 2120 2121
f 2021 2122 2022
f 2021 2121 2122
f 2022 2123 2023
f 2022 2122 2123
f 2023 2124 2024
f 2023 2123 2124
f 2024 2125 2025
f 2024 2124 2125
f 2025 2126 2026
f 2025 2125 2126
f 2026 2127 2027
f 2026 2126 2127
f 2027 2128 2028
f 2027 2127 2128
f 2028 2129 2029
f 2028 2128 2129
f 2029 2130 2030
f 2029 2129 2130
f 2030 2131 2031
f 2030 2130 2131
f 2031 2132 2032
f 2031 2131 2132
f 2032 2133 2033
f 2032 2132 2133
f 2033 2134 2034
f 2033 2133 2134
f 2034 2135 2035
f 2034 2134 2135
f 2035 2136 2036
f 2035 2135 2136
f 2036 2137 2037
f 2036 2136 2137
f 2037 2138 2038
f 2037 2137 2138
f 2038 2139 2039
f 2038 2138 2139
f 2039 2140 2040
f 2039 2139 2140
f 2040 2141 2041
f 2040 2140 2141
f 2041 2142 2042
f 2041 2141 2142
f 2042 2143 2043
f 2042 2142 2143
f 2043 2144 2044
f 2043 2143 2144
f 2044 2145 2045
f 2044 2144 2145
f 2045 2146 2046
f 2045 2145 2146
f 2046 2147 2047
f 2046 2146 2147
f 2047 2148 2048
f 2047 2147 2148
f 2048 2149 2049
f 2048 2148 2149
f 2049 2150 2050
f 2049 2149 2150
f 2050 2151 2051
f 2050 2150 2151
f 2051 2152 2052
f 2051 2151 2152
f 2052 2153 2053
f 2052 2152 2153
f 2053 2154 2054
f 2053 2153 2154
f 2054 2155 2055
f 2054 2154 2155
f 2055 2156 2056
f 2055 2155 2156
f 2056 2157 2057
f 2056 2156 2157
f 2057 2158 2058
f 2057 2157 2158
f 2058 2159 2059
f 2058 2158 2159
f 2059 2160 2060
f 2059 2159 2160
f 2060 2161 2061
f 2060 2160 2161
f 2061 2162 2062
f 2061 2161 2162
f 2062 2163 2063
f 2062 2162 2163
f 2063 2164 2064
f 2063 2163 2164
f 2064 2165 2065
f 2064 2164 2165
f 2065 2166 2066
f 2065 2165 2166
f 2066 2167 2067
f 2066 2166 2167
f 2067 2168 2068
f 2067 2167 2168
f 2068 2169 2069
f 2068 2168 2169
f 2069 2170 2070
f 2069 2169 2170
f 2070 2171 2071
f 2070 2170 2171
f 2071 2172 2072
f 2071 2171 2172
f 2072 2173 2073
f 2072 2172 2173
f 2073 2174 2074
f 2073 2173 2174
f 2074 2175 2075
f 2074 2174 2175
f 2075 2176 2076
f 2075 2175 2176
f 2076 2177 2077
f 2076 2176 2177
f 2077 2178 2078
f 2077 2177 2178
f 2078 2179 2079
f 2078 2178 2179
f 2079 2180 2080
f 2079 2179 2180
f 2080 2181 2081
f 2080 2180 2181
f 2081 2182 2082
f 2081 2181 2182
f 2082 2183 2083
f 2082 2182 2183
f 2083 2184 2084
f 2083 2183 2184
f 2084 2185 2085
f 2084 2184 2185
f 2085 2186 2086
f 2085 2185 2186
f 2086 2187 2087
f 2086 2186 2187
f 2087 2188 2088
f 2087 2187 2188
f 2088 2189 2089
f 2088 2188 2189
f 2089 2190 2090
f 2089 2189 2190
f 2090 2191 2091
f 2090 2190 2191
f 2091 2192 2092
f 2091 2191 2192
f 2092 2193 2093
f 2092 2192 2193
f 2093 2194 2094
f 2093 2193 2194
f 2094 2195 2095
f 2094 2194 2195
f 2095 2196 2096
f 2095 2195 2196
f 2096 2197 2097
f 2096 2196 2197
f 2097 2198 2098
f 2097 2197 2198
f 2098 2199 2099
f 2098 2198 2199
f 2099 2200 2100
f 2099 2199 2200
f 2100 2101 2001
f 2100 2200 2101
f 2101 2202 2102
f 2101 2201 2202
f 2102 2203 2103
f 2102 2202 2203
f 2103 2204 2104
f 2103 2203 2204
f 2104 2205 2105
f 2104 2204 2205
f 2105 2206 2106
f 2105 2205 2206
f 2106 2207 2107
f 2106 2206 2207
f 2107 2208 2108
f 2107 2207 2208
f 2108 2209 2109
f 2108 2208 2209
f 2109 2210 2110
f 2109 2209 2210
f 2110 2211 2111
f 2110 2210 2211
f 2111 2212 2112
f 2111 2211 2212
f 2112 2213 2113
f 2112 2212 2213
f 2113 2214 2114
f 2113 2213 2214
f 2114 2215 2115
f 2114 2214 2215
f 2115 2216 2116
f 2115 2215 2216
f 2116 2217 2117
f 2116 2216 2217
f 2117 2218 2118
f 2117 2217 2218
f 2118 2219 2119
f 2118 2218 2219
f 2119 2220 2120
f 2119 2219 2220
f 2120 2221 2121
f 2120 2220 2221
f 2121 2222 2122
f 2121 2221 2222
f 2122 2223 2123
f 2122 2222 2223
f 2123 2224 2124
f 2123 2223 2224
f 2124 2225 2125
f 2124 2224 2225
f 2125 2226 2126
f 2125 2225 2226
f 2126 2227 2127
f 2126 2226 2227
f 2127 2228 2128
f 2127 2227 2228
f 2128 2229 2129
f 2128 2228 2229
f 2129 2230 2130
f 2129 2229 2230
f 2130 2231 2131
f 2130 2230 2231
f 2131 2232 2132
f 2131 2231 2232
f 2132 2233 2133
f 2132 2232 2233
f 2133 2234 2134
f 2133 2233 2234
f 2134 2235 2135
f 2134 2234 2235
f 2135 2236 2136
f 2135 2235 2236
f 2136 2237 2137
f 2136 2236 2237
f 2137 2238 2138
f 2137 2237 2238
f 2138 2239 2139
f 2138 2238 2239
f 2139 2240 2140
f 2139 2239 2240
f 2140 2241 2141
f 2140 2240 2241
f 2141 2242 2142
f 2141 2241 2242
f 2142 2243 2143
f 2142 2242 2243
f 2143 2244 2144
f 2143 2243 2244
f 2144 2245 2145
f 2144 2244 2245
f 2145 2246 2146
f 2145 2245 2246
f 2146 2247 2147
f 2146 2246 2247
f 2147 2248 2148
f 2147 2247 2248
f 2148 2249 2149
f 2148 2248 2249
f 2149 2250 2150
f 2149 2249 2250
f 2150 2251 2151
f 2150 2250 2251
f 2151 2252 2152
f 2151 2251 2252
f 2152 2253 2153
f 2152 2252 2253
f 2153 2254 2154
f 2153 2253 2254
f 2154 2255 2155
f 2154 2254 2255
f 2155 2256 2156
f 2155 2255 2256
f 2156 2257 2157
f 2156 2256 2257
f 2157 2258 2158
f 2157 2257 2258
f 2158 2259 2159
f 2158 2258 2259
f 2159 2260 2160
f 2159 2259 2260
f 2160 2261 2161
f 2160 2260 2261
f 2161 2262 2162
f 2161 2261 2262
f 2162 2263 2163
f 2162 2262 2263
f 2163 2264 2164
f 2163 2263 2264
f 2164 2265 2165
f 2164 2264 2265
f 2165 2266 2166
f 2165 2265 2266
f 2166 2267 2167
f 2166 2266 2267
f 2167 2268 2168
f 2167 2267 2268
f 2168 2269 2169
f 2168 2268 2269
f 2169 2270 2170
f 2169 2269 2270
f 2170 2271 2171
f 2170 2270 2271
f 2171 2272 2172
f 2171 2271 2272
f 2172 2273 2173
f 2172 2272 2273
f 2173 2274 2174
f 2173 2273 2274
f 2174 2275 2175
f 2174 2274 2275
f 2175 2276 2176
f 2175 2275 2276
f 2176 2277 2177
f 2176 2276 2277
f 2177 2278 2178
f 2177 2277 2278
f 2178 2279 2179
f 2178 2278 2279
f 2179 2280 2180
f 2179 2279 2280
f 2180 2281 2181
f 2180 2280 2281
f 2181 2282 2182
f 2181 2281 2282
f 2182 2283 2183
f 2182 2282 2283
f 2183 2284 2184
f 2183 2283 2284
f 2184 2285 2185
f 2184 2284 2285
f 2185 2286 2186
f 2185 2285 2286
f 2186 2287 2187
f 2186 2286 2287
f 2187 2288 2188
f 2187 2287 2288
f 2188 2289 2189
f 2188 2288 2289
f 2189 2290 2190
f 2189 2289 2290
f 2190 2291 2191
f 2190 2290 2291
f 2191 2292 2192
f 2191 2291 2292
f 2192 2293 2193
f 2192 2292 2293
f 2193 2294 2194
f 2193 2293 2294
f 2194 2295 2195
f 2194 2294 2295
f 2195 2296 2196
f 2195 2295 2296
f 2196 2297 2197
f 2196 2296 2297
f 2197 2298 2198
f 2197 2297 2298
f 2198 2299 2199
f 2198 2298 2299
f 2199 2300 2200
f 2199 2299 2300
f 2200 2201 2101
f 2200 2300 2201
f 2201 2302 2202
f 2201 2301 2302
f 2202 2303 2203
f 2202 2302 2303
f 2203 2304 2204
f 2203 2303 2304
f 2204 2305 2205
f 2204 2304 2305
f 2205 2306 2206
f 2205 2305 2306
f 2206 2307 2207
f 2206 2306 2307
f 2207 2308 2208
f 2207 2307 2308
f 2208 2309 2209
f 2208 2308 2309
f 2209 2310 2210
f 2209 2309 2310
f 2210 2311 2211
f 2210 2310 2311
f 2211 2312 2212
f 2211 2311 2312
f 2212 2313 2213
f 2212 2312 2313
f 2213 2314 2214
f 2213 2313 2314
f 2214 2315 2215
f 2214 2314 2315
f 2215 2316 2216
f 2215 2315 2316
f 2216 2317 2217
f 2216 2316 2317
f 2217 2318 2218
f 2217 2317 2318
f 2218 2319 2219
f 2218 2318 2319
f 2219 2320 2220
f 2219 2319 2320
f 2220 2321 2221
f 2220 2320 2321
f 2221 2322 2222
f 2221 2321 2322
f 2222 2323 2223
f 2222 2322 2323
f 2223 2324 2224
f 2223 2323 2324
f 2224 2325 2225
f 2224 2324 2325
f 2225 2326 2226
f 2225 2325 2326
f 2226 2327 2227
f 2226 2326 2327
f 2227 2328 2228
f 2227 2327 2328
f 2228 2329 2229
f 2228 2328 2329
f 2229 2330 2230
f 2229 2329 2330
f 2230 2331 2231
f 2230 2330 2331
f 2231 2332 2232
f 2231 2331 2332
f 2232 2333 2233
f 2232 2332 2333
f 2233 2334 2234
f 2233 2333 2334
f 2234 2335 2235
f 2234 2334 2335
f 2235 2336 2236
f 2235 2335 2336
f 2236 2337 2237
f 2236 2336 2337
f 2237 2338 2238
f 2237 2337 2338
f 2238 2339 2239
f 2238 2338 2339
f 2239 2340 2240
f 2239 2339 2340
f 2240 2341 2241
f 2240 2340 2341
f 2241 2342 2242
f 2241 2341 2342
f 2242 2343 2243
f 2242 2342 2343
f 2243 2344 2244
f 2243 2343 2344
f 2244 2345 2245
f 2244 2344 2345
f 2245 2346 2246
f 2245 2345 2346
f 2246 2347 2247
f 2246 2346 2347
f 2247 2348 2248
f 2247 2347 2348
f 2248 2349 2249
f 2248 2348 2349
f 2249 2350 2250
f 2249 2349 2350
f 2250 2351 2251
f 2250 2350 2351
f 2251 2352 2252
f 2251 2351 2352
f 2252 2353 2253
f 2252 2352 2353
f 2253 2354 2254
f 2253 2353 2354
f 2254 2355 2255
f 2254 2354 2355
f 2255 2356 2256
f 2255 2355 2356
f 2256 2357 2257
f 2256 2356 2357
f 2257 2358 2258
f 2257 2357 2358
f 2258 2359 2259
f 2258 2358 2359
f 2259 2360 2260
f 2259 2359 2360
f 2260 2361 2261
f 2260 2360 2361
f 2261 2362 2262
f 2261 2361 2362
f 2262 2363 2263
f 2262 2362 2363
f 2263 2364 2264
f 2263 2363 2364
f 2264 2365 2265
f 2264 2364 2365
f 2265 2366 2266
f 2265 2365 2366
f 2266 2367 2267
f 2266 2366 2367
f 2267 2368 2268
f 2267 2367 2368
f 2268 2369 2269
f 2268 2368 2369
f 2269 2370 2270
f 2269 2369 2370
f 2270 2371 2271
f 2270 2370 2371
f 2271 2372 2272
f 2271 2371 2372
f 2272 2373 2273
f 2272 2372 2373
f 2273 2374 2274
f 2273 2373 2374
f 2274 2375 2275
f 2274 2374 2375
f 2275 2376 2276
f 2275 2375 2376
f 2276 2377 2277
f 2276 2376 2377
f 2277 2378 2278
f 2277 2377 2378
f 2278 2379 2279
f 2278 2378 2379
f 2279 2380 2280
f 2279 2379 2380
f 2280 2381 2281
f 2280 2380 2381
f 2281 2382 2282
f 2281 2381 2382
f 2282 2383 2283
f 2282 2382 2383
f 2283 2384 2284
f 2283 2383 2384
f 2284 2385 2285
f 2284 2384 2385
f 2285 2386 2286
f 2285 2385 2386
f 2286 2387 2287
f 2286 2386 2387
f 2287 2388 2288
f 2287 2387 2388
f 2288 2389 2289
f 2288 2388 2389
f 2289 2390 2290
f 2289 2389 2390
f 2290 2391 2291
f 2290 2390 2391
f 2291 2392 2292
f 2291 2391 2392
f 2292 2393 2293
f 2292 2392 2393
f 2293 2394 2294
f 2293 2393 2394
f 2294 2395 2295
f 2294 2394 2395
f 2295 2396 2296
f 2295 2395 2396
f 2296 2397 2297
f 2296 2396 2397
f 2297 2398 2298
f 2297 2397 2398
f 2298 2399 2299
f 2298 2398 2399
f 2299 2400 2300
f 2299 2399 2400
f 2300 2301 2201
f 2300 2400 2301
f 2301 2402 2302
f 2301 2401 2402
f 2302 2403 2303
f 2302 2402 2403
f 2303 2404 2304
f 2303 2403 2404
f 2304 2405 2305
f 2304 2404 2405
f 2305 2406 2306
f 2305 2405 2406
f 2306 2407 2307
f 2306 2406 2407
f 2307 2408 2308
f 2307 2407 2408
f 2308 2409 2309
f 2308 2408 2409
f 2309 2410 2310
f 2309 2409 2410
f 2310 2411 2311
f 2310 2410 2411
f 2311 2412 2312
f 2311 2411 2412
f 2312 2413 2313
f 2312 2412 2413
f 2313 2414 2314
f 2313 2413 2414
f 2314 2415 2315
f 2314 2414 2415
f 2315 2416 2316
f 2315 2415 2416
f 2316 2417 2317
f 2316 2416 2417
f 2317 2418 2318
f 2317 2417 2418
f 2318 2419 2319
f 2318 2418 2419
f 2319 2420 2320
f 2319 2419 2420
f 2320 2421 2321
f 2320 2420 2421
f 2321 2422 2322
f 2321 2421 2422
f 2322 2423 2323
f 2322 2422 2423
f 2323 2424 2324
f 2323 2423 2424
f 2324 2425 2325
f 2324 2424 2425
f 2325 2426 2326
f 2325 2425 2426
f 2326 2427 2327
f 2326 2426 2427
f 2327 2428 2328
f 2327 2427 2428
f 2328 2429 2329
f 2328 2428 2429
f 2329 2430 2330
f 2329 2429 2430
f 2330 2431 2331
f 2330 2430 2431
f 2331 2432 2332
f 2331 2431 2432
f 2332 2433 2333
f 2332 2432 2433
f 2333 2434 2334
f 2333 2433 2434
f 2334 2435 2335
f 2334 2434 2435
f 2335 2436 2336
f 2335 2435 2436
f 2336 2437 2337
f 2336 2436 2437
f 2337 2438 2338
f 2337 2437 2438
f 2338 2439 2339
f 2338 2438 2439
f 2339 2440 2340
f 2339 2439 2440
f 2340 2441 2341
f 2340 2440 2441
f 2341 2442 2342
f 2341 2441 2442
f 2342 2443 2343
f 2342 2442 2443
f 2343 2444 2344
f 2343 2443 2444
f 2344 2445 2345
f 2344 2444 2445
f 2345 2446 2346
f 2345 2445 2446
f 2346 2447 2347
f 2346 2446 2447
f 2347 2448 2348
f 2347 2447 2448
f 2348 2449 2349
f 2348 2448 2449
f 2349 2450 2350
f 2349 2449 2450
f 2350 2451 2351
f 2350 2450 2451
f 2351 2452 2352
f 2351 2451 2452
f 2352 2453 2353
f 2352 2452 2453
f 2353 2454 2354
f 2353 2453 2454
f 2354 2455 2355
f 2354 2454 2455
f 2355 2456 2356
f 2355 2455 2456
f 2356 2457 2357
f 2356 2456 2457
f 2357 2458 2358
f 2357 2457 2458
f 2358 2459 2359
f 2358 2458 2459
f 2359 2460 2360
f 2359 2459 2460
f 2360 2461 2361
f 2360 2460 2461
f 2361 2462 2362
f 2361 2461 2462
f 2362 2463 2363
f 2362 2462 2463
f 2363 2464 2364
f 2363 2463 2464
f 2364 2465 2365
f 2364 2464 2465
f 2365 2466 2366
f 2365 2465 2466
f 2366 2467 2367
f 2366 2466 2467
f 2367 2468 2368
f 2367 2467 2468
f 2368 2469 2369
f 2368 2468 2469
f 2369 2470 2370
f 2369 2469 2470
f 2370 2471 2371
f 2370 2470 2471
f 2371 2472 2372
f 2371 2471 2472
f 2372 2473 2373
f 2372 2472 2473
f 2373 2474 2374
f 2373 2473 2474
f 2374 2475 2375
f 2374 2474 2475
f 2375 2476 2376
f 2375 2475 2476
f 2376 2477 2377
f 2376 2476 2477
f 2377 2478 2378
f 2377 2477 2478
f 2378 2479 2379
f 2378 2478 2479
f 2379 2480 2380
f 2379 2479 2480
f 2380 2481 2381
f 2380 2480 2481
f 2381 2482 2382
f 2381 2481 2482
f 2382 2483 2383
f 2382 2482 2483
f 2383 2484 2384
f 2383 2483 2484
f 2384 2485 2385
f 2384 2484 2485
f 2385 2486 2386
f 2385 2485 2486
f 2386 2487 2387
f 2386 2486 2487
f 2387 2488 2388
f 2387 2487 2488
f 2388 2489 2389
f 2388 2488 2489
f 2389 2490 2390
f 2389 2489 2490
f 2390 2491 2391
f 2390 2490 2491
f 2391 2492 2392
f 2391 2491 2492
f 2392 2493 2393
f 2392 2492 2493
f 2393 2494 2394
f 2393 2493 2494
f 2394 2495 2395
f 2394 2494 2495
f 2395 2496 2396
f 2395 2495 2496
f 2396 2497 2397
f 2396 2496 2497
f 2397 2498 2398
f 2397 2497 2498
f 2398 2499 2399
f 2398 2498 2499
f 2399 2500 2400
f 2399 2499 2500
f 2400 2401 2301
f 2400 2500 2401
f 2401 2502 2402
f 2401 2501 2502
f 2402 2503 2403
f 2402 2502 2503
f 2403 2504 2404
f 2403 2503 2504
f 2404 2505 2405
f 2404 2504 2505
f 2405 2506 2406
f 2405 2505 2506
f 2406 2507 2407
f 2406 2506 2507
f 2407 2508 2408
f 2407 2507 2508
f 2408 2509 2409
f 2408 2508 2509
f 2409 2510 2410
f 2409 2509 2510
f 2410 2511 2411
f 2410 2510 2511
f 2411 2512 2412
f 2411 2511 2512
f 2412 2513 2413
f 2412 2512 2513
f 2413 2514 2414
f 2413 2513 2514
f 2414 2515 2415
f 2414 2514 2515
f 2415 2516 2416
f 2415 2515 2516
f 2416 2517 2417
f 2416 2516 2517
f 2417 2518 2418
f 2417 2517 2518
f 2418 2519 2419
f 2418 2518 2519
f 2419 2520 2420
f 2419 2519 2520
f 2420 2521 2421
f 2420 2520 2521
f 2421 2522 2422
f 2421 2521 2522
f 2422 2523 2423
f 2422 2522 2523
f 2423 2524 2424
f 2423 2523 2524
f 2424 2525 2425
f 2424 2524 2525
f 2425 2526 2426
f 2425 2525 2526
f 2426 2527 2427
f 2426 2526 2527
f 2427 2528 2428
f 2427 2527 2528
f 2428 2529 2429
f 2428 2528 2529
f 2429 2530 2430
f 2429 2529 2530
f 2430 2531 2431
f 2430 2530 2531
f 2431 2532 2432
f 2431 2531 2532
f 2432 2533 2433
f 2432 2532 2533
f 2433 2534 2434
f 2433 2533 2534
f 2434 2535 2435
f 2434 2534 2535
f 2435 2536 2436
f 2435 2535 2536
f 2436 2537 2437
f 2436 2536 2537
f 2437 2538 2438
f 2437 2537 2538
f 2438 2539 2439
f 2438 2538 2539
f 2439 2540 2440
f 2439 2539 2540
f 2440 2541 2441
f 2440 2540 2541
f 2441 2542 2442
f 2441 2541 2542
f 2442 2543 2443
f 2442 2542 2543
f 2443 2544 2444
f 2443 2543 2544
f 2444 2545 2445
f 2444 2544 2545
f 2445 2546 2446
f 2445 2545 2546
f 2446 2547 2447
f 2446 2546 2547
f 2447 2548 2448
f 2447 2547 2548
f 2448 2549 2449
f 2448 2548 2549
f 2449 2550 2450
f 2449 2549 2550
f 2450 2551 2451
f 2450 2550 2551
f 2451 2552 2452
f 2451 2551 2552
f 2452 2553 2453
f 2452 2552 2553
f 2453 2554 2454
f 2453 2553 2554
f 2454 2555 2455
f 2454 2554 2555
f 2455 2556 2456
f 2455 2555 2556
f 2456 2557 2457
f 2456 2556 2557
f 2457 2558 2458
f 2457 2557 2558
f 2458 2559 2459
f 2458 2558 2559
f 2459 2560 2460
f 2459 2559 2560
f 2460 2561 2461
f 2460 2560 2561
f 2461 2562 2462
f 2461 2561 2562
f 2462 2563 2463
f 2462 2562 2563
f 2463 2564 2464
f 2463 2563 2564
f 2464 2565 2465
f 2464 2564 2565
f 2465 2566 2466
f 2465 2565 2566
f 2466 2567 2467
f 2466 2566 2567
f 2467 2568 2468
f 2467 2567 2568
f 2468 2569 2469
f 2468 2568 2569
f 2469 2570 2470
f 2469 2569 2570
f 2470 2571 2471
f 2470 2570 2571
f 2471 2572 2472
f 2471 2571 2572
f 2472 2573 2473
f 2472 2572 2573
f 2473 2574 2474
f 2473 2573 2574
f 2474 2575 2475
f 2474 2574 2575
f 2475 2576 2476
f 2475 2575 2576
f 2476 2577 2477
f 2476 2576 2577
f 2477 2578 2478
f 2477 2577 2578
f 2478 2579 2479
f 2478 2578 2579
f 2479 2580 2480
f 2479 2579 2580
f 2480 2581 2481
f 2480 2580 2581
f 2481 2582 2482
f 2481 2581 2582
f 2482 2583 2483
f 2482 2582 2583
f 2483 2584 2484
f 2483 2583 2584
f 2484 2585 2485
f 2484 2584 2585
f 2485 2586 2486
f 2485 2585 2586
f 2486 2587 2487
f 2486 2586 2587
f 2487 2588 2488
f 2487 2587 2588
f 2488 2589 2489
f 2488 2588 2589
f 2489 2590 2490
f 2489 2589 2590
f 2490 2591 2491
f 2490 2590 2591
f 2491 2592 2492
f 2491 2591 2592
f 2492 2593 2493
f 2492 2592 2593
f 2493 2594 2494
f 2493 2593 2594
f 2494 2595 2495
f 2494 2594 2595
f 2495 2596 2496
f 2495 2595 2596
f 2496 2597 2497
f 2496 2596 2597
f 2497 2598 2498
f 2497 2597 2598
f 2498 2599 2499
f 2498 2598 2599
f 2499 2600 2500
f 2499 2599 2600
f 2500 2501 2401
f 2500 2600 2501
f 2501 2602 2502
f 2501 2601 2602
f 2502 2603 2503
f 2502 2602 2603
f 2503 2604 2504
f 2503 2603 2604
f 2504 2605 2505
f 2504 2604 2605
f 2505 2606 2506
f 2505 2605 2606
f 2506 2607 2507
f 2506 2606 2607
f 2507 2608 2508
f 2507 2607 2608
f 2508 2609 2509
f 2508 2608 2609
f 2509 2610 2510
f 2509 2609 2610
f 2510 2611 2511
f 2510 2610 2611
f 2511 2612 2512
f 2511 2611 2612
f 2512 2613 2513
f 2512 2612 2613
f 2513 2614 2514
f 2513 2613 2614
f 2514 2615 2515
f 2514 2614 2615
f 2515 2616 2516
f 2515 2615 2616
f 2516 2617 2517
f 2516 2616 2617
f 2517 2618 2518
f 2517 2617 2618
f 2518 2619 2519
f 2518 2618 2619
f 2519 2620 2520
f 2519 2619 2620
f 2520 2621 2521
f 2520 2620 2621
f 2521 2622 2522
f 2521 2621 2622
f 2522 2623 2523
f 2522 2622 2623
f 2523 2624 2524
f 2523 2623 2624
f 2524 2625 2525
f 2524 2624 2625
f 2525 2626 2526
f 2525 2625 2626
f 2526 2627 2527
f 2526 2626 2627
f 2527 2628 2528
f 2527 2627 2628
f 2528 2629 2529
f 2528 2628 2629
f 2529 2630 2530
f 2529 2629 2630
f 2530 2631 2531
f 2530 2630 2631
f 2531 2632 2532
f 2531 2631 2632
f 2532 2633 2533
f 2532 2632 2633
f 2533 2634 2534
f 2533 2633 2634
f 2534 2635 2535
f 2534 2634 2635
f 2535 2636 2536
f 2535 2635 2636
f 2536 2637 2537
f 2536 2636 2637
f 2537 2638 2538
f 2537 2637 2638
f 2538 2639 2539
f 2538 2638 2639
f 2539 2640 2540
f 2539 2639 2640
f 2540 2641 2541
f 2540 2640 2641
f 2541 2642 2542
f 2541 2641 2642
f 2542 2643 2543
f 2542 2642 2643
f 2543 2644 2544
f 2543 2643 2644
f 2544 2645 2545
f 2544 2644 2645
f 2545 2646 2546
f 2545 2645 2646
f 2546 2647 2547
f 2546 2646 2647
f 2547 2648 2548
f 2547 2647 2648
f 2548 2649 2549
f 2548 2648 2649
f 2549 2650 2550
f 2549 2649 2650
f 2550 2651 2551
f 2550 2650 2651
f 2551 2652 2552
f 2551 2651 2652
f 2552 2653 2553
f 2552 2652 2653
f 2553 2654 2554
f 2553 2653 2654
f 2554 2655 2555
f 2554 2654 2655
f 2555 2656 2556
f 2555 2655 2656
f 2556 2657 2557
f 2556 2656 2657
f 2557 2658 2558
f 2557 2657 2658
f 2558 2659 2559
f 2558 2658 2659
f 2559 2660 2560
f 2559 2659 2660
f 2560 2661 2561
f 2560 2660 2661
f 2561 2662 2562
f 2561 2661 2662
f 2562 2663 2563
f 2562 2662 2663
f 2563 2664 2564
f 2563 2663 2664
f 2564 2665 2565
f 2564 2664 2665
f 2565 2666 2566
f 2565 2665 2666
f 2566 2667 2567
f 2566 2666 2667
f 2567 2668 2568
f 2567 2667 2668
f 2568 2669 2569
f 2568 2668 2669
f 2569 2670 2570
f 2569 2669 2670
f 2570 2671 2571
f 2570 2670 2671
f 2571 2672 2572
f 2571 2671 2672
f 2572 2673 2573
f 2572 2672 2673
f 2573 2674 2574
f 2573 2673 2674
f 2574 2675 2575
f 2574 2674 2675
f 2575 2676 2576
f 2575 2675 2676
f 2576 2677 2577
f 2576 2676 2677
f 2577 2678 2578
f 2577 2677 2678
f 2578 2679 2579
f 2578 2678 2679
f 2579 2680 2580
f 2579 2679 2680
f 2580 2681 2581
f 2580 2680 2681
f 2581 2682 2582
f 2581 2681 2682
f 2582 2683 2583
f 2582 2682 2683
f 2583 2684 2584
f 2583 2683 2684
f 2584 2685 2585
f 2584 2684 2685
f 2585 2686 2586
f 2585 2685 2686
f 2586 2687 2587
f 2586 2686 2687
f 2587 2688 2588
f 2587 2687 2688
f 2588 2689 2589
f 2588 2688 2689
f 2589 2690 2590
f 2589 2689 2690
f 2590 2691 2591
f 2590 2690 2691
f 2591 2692 2592
f 2591 2691 2692
f 2592 2693 2593
f 2592 2692 2693
f 2593 2694 2594
f 2593 2693 2694
f 2594 2695 2595
f 2594 2694 2695
f 2595 2696 2596
f 2595 2695 2696
f 2596 2697 2597
f 2596 2696 2697
f 2597 2698 2598
f 2597 2697 2698
f 2598 2699 2599
f 2598 2698 2699
f 2599 2700 2600
f 2599 2699 2700
f 2600 2601 2501
f 2600 2700 2601
f 2601 2702 2602
f 2601 2701 2702
f 2602 2703 2603
f 2602 2702 2703
f 2603 2704 2604
f 2603 2703 2704
f 2604 2705 2605
f 2604 2704 2705
f 2605 2706 2606
f 2605 2705 2706
f 2606 2707 2607
f 2606 2706 2707
f 2607 2708 2608
f 2607 2707 2708
f 2608 2709 2609
f 2608 2708 2709
f 2609 2710 2610
f 2609 2709 2710
f 2610 2711 2611
f 2610 2710 2711
f 2611 2712 2612
f 2611 2711 2712
f 2612 2713 2613
f 2612 2712 2713
f 2613 2714 2614
f 2613 2713 2714
f 2614 2715 2615
f 2614 2714 2715
f 2615 2716 2616
f 2615 2715 2716
f 2616 2717 2617
f 2616 2716 2717
f 2617 2718 2618
f 2617 2717 2718
f 2618 2719 2619
f 2618 2718 2719
f 2619 2720 2620
f 2619 2719 2720
f 2620 2721 2621
f 2620 2720 2721
f 2621 2722 2622
f 2621 2721 2722
f 2622 2723 2623
f 2622 2722 2723
f 2623 2724 2624
f 2623 2723 2724
f 2624 2725 2625
f 2624 2724 2725
f 2625 2726 2626
f 2625 2725 2726
f 2626 2727 2627
f 2626 2726 2727
f 2627 2728 2628
f 2627 2727 2728
f 2628 2729 2629
f 2628 2728 2729
f 2629 2730 2630
f 2629 2729 2730
f 2630 2731 2631
f 2630 2730 2731
f 2631 2732 2632
f 2631 2731 2732
f 2632 2733 2633
f 2632 2732 2733
f 2633 2734 2634
f 2633 2733 2734
f 2634 2735 2635
f 2634 2734 2735
f 2635 2736 2636
f 2635 2735 2736
f 2636 2737 2637
f 2636 2736 2737
f 2637 2738 2638
f 2637 2737 2738
f 2638 2739 2639
f 2638 2738 2739
f 2639 2740 2640
f 2639 2739 2740
f 2640 2741 2641
f 2640 2740 2741
f 2641 2742 2642
f 2641 2741 2742
f 2642 2743 2643
f 2642 2742 2743
f 2643 2744 2644
f 2643 2743 2744
f 2644 2745 2645
f 2644 2744 2745
f 2645 2746 2646
f 2645 2745 2746
f 2646 2747 2647
f 2646 2746 2747
f 2647 2748 2648
f 2647 2747 2748
f 2648 2749 2649
f 2648 2748 2749
f 2649 2750 2650
f 2649 2749 2750
f 2650 2751 2651
f 2650 2750 2751
f 2651 2752 2652
f 2651 2751 2752
f 2652 2753 2653
f 2652 2752 2753
f 2653 2754 2654
f 2653 2753 2754
f 2654 2755 2655
f 2654 2754 2755
f 2655 2756 2656
f 2655 2755 2756
f 2656 2757 2657
f 2656 2756 2757
f 2657 2758 2658
f 2657 2757 2758
f 2658 2759 2659
f 2658 2758 2759
f 2659 2760 2660
f 2659 2759 2760
f 2660 2761 2661
f 2660 2760 2761
f 2661 2762 2662
f 2661 2761 2762
f 2662 2763 2663
f 2662 2762 2763
f 2663 2764 2664
f 2663 2763 2764
f 2664 2765 2665
f 2664 2764 2765
f 2665 2766 2666
f 2665 2765 2766
f 2666 2767 2667
f 2666 2766 2767
f 2667 2768 2668
f 2667 2767 2768
f 2668 2769 2669
f 2668 2768 2769
f 2669 2770 2670
f 2669 2769 2770
f 2670 2771 2671
f 2670 2770 2771
f 2671 2772 2672
f 2671 2771 2772
f 2672 2773 2673
f 2672 2772 2773
f 2673 2774 2674
f 2673 2773 2774
f 2674 2775 2675
f 2674 2774 2775
f 2675 2776 2676
f 2675 2775 2776
f 2676 2777 2677
f 2676 2776 2777
f 2677 2778 2678
f 2677 2777 2778
f 2678 2779 2679
f 2678 2778 2779
f 2679 2780 2680
f 2679 2779 2780
f 2680 2781 2681
f 2680 2780 2781
f 2681 2782 2682
f 2681 2781 2782
f 2682 2783 2683
f 2682 2782 2783
f 2683 2784 2684
f 2683 2783 2784
f 2684 2785 2685
f 2684 2784 2785
f 2685 2786 2686
f 2685 2785 2786
f 2686 2787 2687
f 2686 2786 2787
f 2687 2788 2688
f 2687 2787 2788
f 2688 2789 2689
f 2688 2788 2789
f 2689 2790 2690
f 2689 2789 2790
f 2690 2791 2691
f 2690 2790 2791
f 2691 2792 2692
f 2691 2791 2792
f 2692 2793 2693
f 2692 2792 2793
f 2693 2794 2694
f 2693 2793 2794
f 2694 2795 2695
f 2694 2794 2795
f 2695 2796 2696
f 2695 2795 2796
f 2696 2797 2697
f 2696 2796 2797
f 2697 2798 2698
f 2697 2797 2798
f 2698 2799 2699
f 2698 2798 2799
f 2699 2800 2700
f 2699 2799 2800
f 2700 2701 2601
f 2700 2800 2701
f 2701 2802 2702
f 2701 2801 2802
f 2702 2803 2703
f 2702 2802 2803
f 2703 2804 2704
f 2703 2803 2804
f 2704 2805 2705
f 2704 2804 2805
f 2705 2806 2706
f 2705 2805 2806
f 2706 2807 2707
f 2706 2806 2807
f 2707 2808 2708
f 2707 2807 2808
f 2708 2809 2709
f 2708 2808 2809
f 2709 2810 2710
f 2709 2809 2810
f 2710 2811 2711
f 2710 2810 2811
f 2711 2812 2712
f 2711 2811 2812
f 2712 2813 2713
f 2712 2812 2813
f 2713 2814 2714
f 2713 2813 2814
f 2714 2815 2715
f 2714 2814 2815
f 2715 2816 2716
f 2715 2815 2816
f 2716 2817 2717
f 2716 2816 2817
f 2717 2818 2718
f 2717 2817 2818
f 2718 2819 2719
f 2718 2818 2819
f 2719 2820 2720
f 2719 2819 2820
f 2720 2821 2721
f 2720 2820 2821
f 2721 2822 2722
f 2721 2821 2822
f 2722 2823 2723
f 2722 2822 2823
f 2723 2824 2724
f 2723 2823 2824
f 2724 2825 2725
f 2724 2824 2825
f 2725 2826 2726
f 2725 2825 2826
f 2726 2827 2727
f 2726 2826 2827
f 2727 2828 2728
f 2727 2827 2828
f 2728 2829 2729
f 2728 2828 2829
f 2729 2830 2730
f 2729 2829 2830
f 2730 2831 2731
f 2730 2830 2831
f 2731 2832 2732
f 2731 2831 2832
f 2732 2833 2733
f 2732 2832 2833
f 2733 2834 2734
f 2733 2833 2834
f 2734 2835 2735
f 2734 2834 2835
f 2735 2836 2736
f 2735 2835 2836
f 2736 2837 2737
f 2736 2836 2837
f 2737 2838 2738
f 2737 2837 2838
f 2738 2839 2739
f 2738 2838 2839
f 2739 2840 2740
f 2739 2839 2840
f 2740 2841 2741
f 2740 2840 2841
f 2741 2842 2742
f 2741 2841 2842
f 2742 2843 2743
f 2742 2842 2843
f 2743 2844 2744
f 2743 2843 2844
f 2744 2845 2745
f 2744 2844 2845
f 2745 2846 2746
f 2745 2845 2846
f 2746 2847 2747
f 2746 2846 2847
f 2747 2848 2748
f 2747 2847 2848
f 2748 2849 2749
f 2748 2848 2849
f 2749 2850 2750
f 2749 2849 2850
f 2750 2851 2751
f 2750 2850 2851
f 2751 2852 2752
f 2751 2851 2852
f 2752 2853 2753
f 2752 2852 2853
f 2753 2854 2754
f 2753 2853 2854
f 2754 2855 2755
f 2754 2854 2855
f 2755 2856 2756
f 2755 2855 2856
f 2756 2857 2757
f 2756 2856 2857
f 2757 2858 2758
f 2757 2857 2858
f 2758 2859 2759
f 2758 2858 2859
f 2759 2860 2760
f 2759 2859 2860
f 2760 2861 2761
f 2760 2860 2861
f 2761 2862 2762
f 2761 2861 2862
f 2762 2863 2763
f 2762 2862 2863
f 2763 2864 2764
f 2763 2863 2864
f 2764 2865 2765
f 2764 2864 2865
f 2765 2866 2766
f 2765 2865 2866
f 2766 2867 2767
f 2766 2866 2867
f 2767 2868 2768
f 2767 2867 2868
f 2768 2869 2769
f 2768 2868 2869
f 2769 2870 2770
f 2769 2869 2870
f 2770 2871 2771
f 2770 2870 2871
f 2771 2872 2772
f 2771 2871 2872
f 2772 2873 2773
f 2772 2872 2873
f 2773 2874 2774
f 2773 2873 2874
f 2774 2875 2775
f 2774 2874 2875
f 2775 2876 2776
f 2775 2875 2876
f 2776 2877 2777
f 2776 2876 2877
f 2777 2878 2778
f 2777 2877 2878
f 2778 2879 2779
f 2778 2878 2879
f 2779 2880 2780
f 2779 2879 2880
f 2780 2881 2781
f 2780 2880 2881
f 2781 2882 2782
f 2781 2881 2882
f 2782 2883 2783
f 2782 2882 2883
f 2783 2884 2784
f 2783 2883 2884
f 2784 2885 2785
f 2784 2884 2885
f 2785 2886 2786
f 2785 2885 2886
f 2786 2887 2787
f 2786 2886 2887
f 2787 2888 2788
f 2787 2887 2888
f 2788 2889 2789
f 2788 2888 2889
f 2789 2890 2790
f 2789 2889 2890
f 2790 2891 2791
f 2790 2890 2891
f 2791 2892 2792
f 2791 2891 2892
f 2792 2893 2793
f 2792 2892 2893
f 2793 2894 2794
f 2793 2893 2894
f 2794 2895 2795
f 2794 2894 2895
f 2795 2896 2796
f 2795 2895 2896
f 2796 2897 2797
f 2796 2896 2897
f 2797 2898 2798
f 2797 2897 2898
f 2798 2899 2799
f 2798 2898 2899
f 2799 2900 2800
f 2799 2899 2900
f 2800 2801 2701
f 2800 2900 2801
f 2801 2902 2802
f 2801 2901 2902
f 2802 2903 2803
f 2802 2902 2903
f 2803 2904 2804
f 2803 2903 2904
f 2804 2905 2805
f 2804 2904 2905
f 2805 2906 2806
f 2805 2905 2906
f 2806 2907 2807
f 2806 2906 2907
f 2807 2908 2808
f 2807 2907 2908
f 2808 2909 2809
f 2808 2908 2909
f 2809 2910 2810
f 2809 2909 2910
f 2810 2911 2811
f 2810 2910 2911
f 2811 2912 2812
f 2811 2911 2912
f 2812 2913 2813
f 2812 2912 2913
f 2813 2914 2814
f 2813 2913 2914
f 2814 2915 2815
f 2814 2914 2915
f 2815 2916 2816
f 2815 2915 2916
f 2816 2917 2817
f 2816 2916 2917
f 2817 2918 2818
f 2817 2917 2918
f 2818 2919 2819
f 2818 2918 2919
f 2819 2920 2820
f 2819 2919 2920
f 2820 2921 2821
f 2820 2920 2921
f 2821 2922 2822
f 2821 2921 2922
f 2822 2923 2823
f 2822 2922 2923
f 2823 2924 2824
f 2823 2923 2924
f 2824 2925 2825
f 2824 2924 2925
f 2825 2926 2826
f 2825 2925 2926
f 2826 2927 2827
f 2826 2926 2927
f 2827 2928 2828
f 2827 2927 2928
f 2828 2929 2829
f 2828 2928 2929
f 2829 2930 2830
f 2829 2929 2930
f 2830 2931 2831
f 2830 2930 2931
f 2831 2932 2832
f 2831 2931 2932
f 2832 2933 2833
f 2832 2932 2933
f 2833 2934 2834
f 2833 2933 2934
f 2834 2935 2835
f 2834 2934 2935
f 2835 2936 2836
f 2835 2935 2936
f 2836 2937 2837
f 2836 2936 2937
f 2837 2938 2838
f 2837 2937 2938
f 2838 2939 2839
f 2838 2938 2939
f 2839 2940 2840
f 2839 2939 2940
f 2840 2941 2841
f 2840 2940 2941
f 2841 2942 2842
f 2841 2941 2942
f 2842 2943 2843
f 2842 2942 2943
f 2843 2944 2844
f 2843 2943 2944
f 2844 2945 2845
f 2844 2944 2945
f 2845 2946 2846
f 2845 2945 2946
f 2846 2947 2847
f 2846 2946 2947
f 2847 2948 2848
f 2847 2947 2948
f 2848 2949 2849
f 2848 2948 2949
f 2849 2950 2850
f 2849 2949 2950
f 2850 2951 2851
f 2850 2950 2951
f 2851 2952 2852
f 2851 2951 2952
f 2852 2953 2853
f 2852 2952 2953
f 2853 2954 2854
f 2853 2953 2954
f 2854 2955 2855
f 2854 2954 2955
f 2855 2956 2856
f 2855 2955 2956
f 2856 2957 2857
f 2856 2956 2957
f 2857 2958 2858
f 2857 2957 2958
f 2858 2959 2859
f 2858 2958 2959
f 2859 2960 2860
f 2859 2959 2960
f 2860 2961 2861
f 2860 2960 2961
f 2861 2962 2862
f 2861 2961 2962
f 2862 2963 2863
f 2862 2962 2963
f 2863 2964 2864
f 2863 2963 2964
f 2864 2965 2865
f 2864 2964 2965
f 2865 2966 2866
f 2865 2965 2966
f 2866 2967 2867
f 2866 2966 2967
f 2867 2968 2868
f 2867 2967 2968
f 2868 2969 2869
f 2868 2968 2969
f 2869 2970 2870
f 2869 2969 2970
f 2870 2971 2871
f 2870 2970 2971
f 2871 2972 2872
f 2871 2971 2972
f 2872 2973 2873
f 2872 2972 2973
f 2873 2974 2874
f 2873 2973 2974
f 2874 2975 2875
f 2874 2974 2975
f 2875 2976 2876
f 2875 2975 2976
f 2876 2977 2877
f 2876 2976 2977
f 2877 2978 2878
f 2877 2977 2978
f 2878 2979 2879
f 2878 2978 2979
f 2879 2980 2880
f 2879 2979 2980
f 2880 2981 2881
f 2880 2980 2981
f 2881 2982 2882
f 2881 2981 2982
f 2882 2983 2883
f 2882 2982 2983
f 2883 2984 2884
f 2883 2983 2984
f 2884 2985 2885
f 2884 2984 2985
f 2885 2986 2886
f 2885 2985 2986
f 2886 2987 2887
f 2886 2986 2987
f 2887 2988 2888
f 2887 2987 2988
f 2888 2989 2889
f 2888 2988 2989
f 2889 2990 2890
f 2889 2989 2990
f 2890 2991 2891
f 2890 2990 2991
f 2891 2992 2892
f 2891 2991 2992
f 2892 2993 2893
f 2892 2992 2993
f 2893 2994 2894
f 2893 2993 2994
f 2894 2995 2895
f 2894 2994 2995
f 2895 2996 2896
f 2895 2995 2996
f 2896 2997 2897
f 2896 2996 2997
f 2897 2998 2898
f 2897 2997 2998
f 2898 2999 2899
f 2898 2998 2999
f 2899 3000 2900
f 2899 2999 3000
f 2900 2901 2801
f 2900 3000 2901
f 2901 3002 2902
f 2901 3001 3002
f 2902 3003 2903
f 2902 3002 3003
f 2903 3004 2904
f 2903 3003 3004
f 2904 3005 2905
f 2904 3004 3005
f 2905 3006 2906
f 2905 3005 3006
f 2906 3007 2907
f 2906 3006 3007
f 2907 3008 2908
f 2907 3007 3008
f 2908 3009 2909
f 2908 3008 3009
f 2909 3010 2910
f 2909 3009 3010
f 2910 3011 2911
f 2910 3010 3011
f 2911 3012 2912
f 2911 3011 3012
f 2912 3013 2913
f 2912 3012 3013
f 2913 3014 2914
f 2913 3013 3014
f 2914 3015 2915
f 2914 3014 3015
f 2915 3016 2916
f 2915 3015 3016
f 2916 3017 2917
f 2916 3016 3017
f 2917 3018 2918
f 2917 3017 3018
f 2918 3019 2919
f 2918 3018 3019
f 2919 3020 2920
f 2919 3019 3020
f 2920 3021 2921
f 2920 3020 3021
f 2921 3022 2922
f 2921 3021 3022
f 2922 3023 2923
f 2922 3022 3023
f 2923 3024 2924
f 2923 3023 3024
f 2924 3025 2925
f 2924 3024 3025
f 2925 3026 2926
f 2925 3025 3026
f 2926 3027 2927
f 2926 3026 3027
f 2927 3028 2928
f 2927 3027 3028
f 2928 3029 2929
f 2928 3028 3029
f 2929 3030 2930
f 2929 3029 3030
f 2930 3031 2931
f 2930 3030 3031
f 2931 3032 2932
f 2931 3031 3032
f 2932 3033 2933
f 2932 3032 3033
f 2933 3034 2934
f 2933 3033 3034
f 2934 3035 2935
f 2934 3034 3035
f 2935 3036 2936
f 2935 3035 3036
f 2936 3037 2937
f 2936 3036 3037
f 2937 3038 2938
f 2937 3037 3038
f 2938 3039 2939
f 2938 3038 3039
f 2939 3040 2940
f 2939 3039 3040
f 2940 3041 2941
f 2940 3040 3041
f 2941 3042 2942
f 2941 3041 3042
f 2942 3043 2943
f 2942 3042 3043
f 2943 3044 2944
f 2943 3043 3044
f 2944 3045 2945
f 2944 3044 3045
f 2945 3046 2946
f 2945 3045 3046
f 2946 3047 2947
f 2946 3046 3047
f 2947 3048 2948
f 2947 3047 3048
f 2948 3049 2949
f 2948 3048 3049
f 2949 3050 2950
f 2949 3049 3050
f 2950 3051 2951
f 2950 3050 3051
f 2951 3052 2952
f 2951 3051 3052
f 2952 3053 2953
f 2952 3052 3053
f 2953 3054 2954
f 2953 3053 3054
f 2954 3055 2955
f 2954 3054 3055
f 2955 3056 2956
f 2955 3055 3056
f 2956 3057 2957
f 2956 3056 3057
f 2957 3058 2958
f 2957 3057 3058
f 2958 3059 2959
f 2958 3058 3059
f 2959 3060 2960
f 2959 3059 3060
f 2960 3061 2961
f 2960 3060 3061
f 2961 3062 2962
f 2961 3061 3062
f 2962 3063 2963
f 2962 3062 3063
f 2963 3064 2964
f 2963 3063 3064
f 2964 3065 2965
f 2964 3064 3065
f 2965 3066 2966
f 2965 3065 3066
f 2966 3067 2967
f 2966 3066 3067
f 2967 3068 2968
f 2967 3067 3068
f 2968 3069 2969
f 2968 3068 3069
f 2969 3070 2970
f 2969 3069 3070
f 2970 3071 2971
f 2970 3070 3071
f 2971 3072 2972
f 2971 3071 3072
f 2972 3073 2973
f 2972 3072 3073
f 2973 3074 2974
f 2973 3073 3074
f 2974 3075 2975
f 2974 3074 3075
f 2975 3076 2976
f 2975 3075 3076
f 2976 3077 2977
f 2976 3076 3077
f 2977 3078 2978
f 2977 3077 3078
f 2978 3079 2979
f 2978 3078 3079
f 2979 3080 2980
f 2979 3079 3080
f 2980 3081 2981
f 2980 3080 3081
f 2981 3082 2982
f 2981 3081 3082
f 2982 3083 2983
f 2982 3082 3083
f 2983 3084 2984
f 2983 3083 3084
f 2984 3085 2985
f 2984 3084 3085
f 2985 3086 2986
f 2985 3085 3086
f 2986 3087 2987
f 2986 3086 3087
f 2987 3088 2988
f 2987 3087 3088
f 2988 3089 2989
f 2988 3088 3089
f 2989 3090 2990
f 2989 3089 3090
f 2990 3091 2991
f 2990 3090 3091
f 2991 3092 2992
f 2991 3091 3092
f 2992 3093 2993
f 2992 3092 3093
f 2993 3094 2994
f 2993 3093 3094
f 2994 3095 2995
f 2994 3094 3095
f 2995 3096 2996
f 2995 3095 3096
f 2996 3097 2997
f 2996 3096 3097
f 2997 3098 2998
f 2997 3097 3098
f 2998 3099 2999
f 2998 3098 3099
f 2999 3100 3000
f 2999 3099 3100
f 3000 3001 2901
f 3000 3100 3001
f 3001 3102 3002
f 3001 3101 3102
f 3002 3103 3003
f 3002 3102 3103
f 3003 3104 3004
f 3003 3103 3104
f 3004 3105 3005
f 3004 3104 3105
f 3005 3106 3006
f 3005 3105 3106
f 3006 3107 3007
f 3006 3106 3107
f 3007 3108 3008
f 3007 3107 3108
f 3008 3109 3009
f 3008 3108 3109
f 3009 3110 3010
f 3009 3109 3110
f 3010 3111 3011
f 3010 3110 3111
f 3011 3112 3012
f 3011 3111 3112
f 3012 3113 3013
f 3012 3112 3113
f 3013 3114 3014
f 3013 3113 3114
f 3014 3115 3015
f 3014 3114 3115
f 3015 3116 3016
f 3015 3115 3116
f 3016 3117 3017
f 3016 3116 3117
f 3017 3118 3018
f 3017 3117 3118
f 3018 3119 3019
f 3018 3118 3119
f 3019 3120 3020
f 3019 3119 3120
f 3020 3121 3021
f 3020 3120 3121
f 3021 3122 3022
f 3021 3121 3122
f 3022 3123 3023
f 3022 3122 3123
f 3023 3124 3024
f 3023 3123 3124
f 3024 3125 3025
f 3024 3124 3125
f 3025 3126 3026
f 3025 3125 3126
f 3026 3127 3027
f 3026 3126 3127
f 3027 3128 3028
f 3027 3127 3128
f 3028 3129 3029
f 3028 3128 3129
f 3029 3130 3030
f 3029 3129 3130
f 3030 3131 3031
f 3030 3130 3131
f 3031 3132 3032
f 3031 3131 3132
f 3032 3133 3033
f 3032 3132 3133
f 3033 3134 3034
f 3033 3133 3134
f 3034 3135 3035
f 3034 3134 3135
f 3035 3136 3036
f 3035 3135 3136
f 3036 3137 3037
f 3036 3136 3137
f 3037 3138 3038
f 3037 3137 3138
f 3038 3139 3039
f 3038 3138 3139
f 3039 3140 3040
f 3039 3139 3140
f 3040 3141 3041
f 3040 3140 3141
f 3041 3142 3042
f 3041 3141 3142
f 3042 3143 3043
f 3042 3142 3143
f 3043 3144 3044
f 3043 3143 3144
f 3044 3145 3045
f 3044 3144 3145
f 3045 3146 3046
f 3045 3145 3146
f 3046 3147 3047
f 3046 3146 3147
f 3047 3148 3048
f 3047 3147 3148
f 3048 3149 3049
f 3048 3148 3149
f 3049 3150 3050
f 3049 3149 3150
f 3050 3151 3051
f 3050 3150 3151
f 3051 3152 3052
f 3051 3151 3152
f 3052 3153 3053
f 3052 3152 3153
f 3053 3154 3054
f 3053 3153 3154
f 3054 3155 3055
f 3054 3154 3155
f 3055 3156 3056
f 3055 3155 3156
f 3056 3157 3057
f 3056 3156 3157
f 3057 3158 3058
f 3057 3157 3158
f 3058 3159 3059
f 3058 3158 3159
f 3059 3160 3060
f 3059 3159 3160
f 3060 3161 3061
f 3060 3160 3161
f 3061 3162 3062
f 3061 3161 3162
f 3062 3163 3063
f 3062 3162 3163
f 3063 3164 3064
f 3063 3163 3164
f 3064 3165 3065
f 3064 3164 3165
f 3065 3166 3066
f 3065 3165 3166
f 3066 3167 3067
f 3066 3166 3167
f 3067 3168 3068
f 3067 3167 3168
f 3068 3169 3069
f 3068 3168 3169
f 3069 3170 3070
f 3069 3169 3170
f 3070 3171 3071
f 3070 3170 3171
f 3071 3172 3072
f 3071 3171 3172
f 3072 3173 3073
f 3072 3172 3173
f 3073 3174 3074
f 3073 3173 3174
f 3074 3175 3075
f 3074 3174 3175
f 3075 3176 3076
f 3075 3175 3176
f 3076 3177 3077
f 3076 3176 3177
f 3077 3178 3078
f 3077 3177 3178
f 3078 3179 3079
f 3078 3178 3179
f 3079 3180 3080
f 3079 3179 3180
f 3080 3181 3081
f 3080 3180 3181
f 3081 3182 3082
f 3081 3181 3182
f 3082 3183 3083
f 3082 3182 3183
f 3083 3184 3084
f 3083 3183 3184
f 3084 3185 3085
f 3084 3184 3185
f 3085 3186 3086
f 3085 3185 3186
f 3086 3187 3087
f 3086 3186 3187
f 3087 3188 3088
f 3087 3187 3188
f 3088 3189 3089
f 3088 3188 3189
f 3089 3190 3090
f 3089 3189 3190
f 3090 3191 3091
f 3090 3190 3191
f 3091 3192 3092
f 3091 3191 3192
f 3092 3193 3093
f 3092 3192 3193
f 3093 3194 3094
f 3093 3193 3194
f 3094 3195 3095
f 3094 3194 3195
f 3095 3196 3096
f 3095 3195 3196
f 3096 3197 3097
f 3096 3196 3197
f 3097 3198 3098
f 3097 3197 3198
f 3098 3199 3099
f 3098 3198 3199
f 3099 3200 3100
f 3099 3199 3200
f 3100 3101 3001
f 3100 3200 3101
f 3101 3202 3102
f 3101 3201 3202
f 3102 3203 3103
f 3102 3202 3203
f 3103 3204 3104
f 3103 3203 3204
f 3104 3205 3105
f 3104 3204 3205
f 3105 3206 3106
f 3105 3205 3206
f 3106 3207 3107
f 3106 3206 3207
f 3107 3208 3108
f 3107 3207 3208
f 3108 3209 3109
f 3108 3208 3209
f 3109 3210 3110
f 3109 3209 3210
f 3110 3211 3111
f 3110 3210 3211
f 3111 3212 3112
f 3111 3211 3212
f 3112 3213 3113
f 3112 3212 3213
f 3113 3214 3114
f 3113 3213 3214
f 3114 3215 3115
f 3114 3214 3215
f 3115 3216 3116
f 3115 3215 3216
f 3116 3217 3117
f 3116 3216 3217
f 3117 3218 3118
f 3117 3217 3218
f 3118 3219 3119
f 3118 3218 3219
f 3119 3220 3120
f 3119 3219 3220
f 3120 3221 3121
f 3120 3220 3221
f 3121 3222 3122
f 3121 3221 3222
f 3122 3223 3123
f 3122 3222 3223
f 3123 3224 3124
f 3123 3223 3224
f 3124 3225 3125
f 3124 3224 3225
f 3125 3226 3126
f 3125 3225 3226
f 3126 3227 3127
f 3126 3226 3227
f 3127 3228 3128
f 3127 3227 3228
f 3128 3229 3129
f 3128 3228 3229
f 3129 3230 3130
f 3129 3229 3230
f 3130 3231 3131
f 3130 3230 3231
f 3131 3232 3132
f 3131 3231 3232
f 3132 3233 3133
f 3132 3232 3233
f 3133 3234 3134
f 3133 3233 3234
f 3134 3235 3135
f 3134 3234 3235
f 3135 3236 3136
f 3135 3235 3236
f 3136 3237 3137
f 3136 3236 3237
f 3137 3238 3138
f 3137 3237 3238
f 3138 3239 3139
f 3138 3238 3239
f 3139 3240 3140
f 3139 3239 3240
f 3140 3241 3141
f 3140 3240 3241
f 3141 3242 3142
f 3141 3241 3242
f 3142 3243 3143
f 3142 3242 3243
f 3143 3244 3144
f 3143 3243 3244
f 3144 3245 3145
f 3144 3244 3245
f 3145 3246 3146
f 3145 3245 3246
f 3146 3247 3147
f 3146 3246 3247
f 3147 3248 3148
f 3147 3247 3248
f 3148 3249 3149
f 3148 3248 3249
f 3149 3250 3150
f 3149 3249 3250
f 3150 3251 3151
f 3150 3250 3251
f 3151 3252 3152
f 3151 3251 3252
f 3152 3253 3153
f 3152 3252 3253
f 3153 3254 3154
f 3153 3253 3254
f 3154 3255 3155
f 3154 3254 3255
f 3155 3256 3156
f 3155 3255 3256
f 3156 3257 3157
f 3156 3256 3257
f 3157 3258 3158
f 3157 3257 3258
f 3158 3259 3159
f 3158 3258 3259
f 3159 3260 3160
f 3159 3259 3260
f 3160 3261 3161
f 3160 3260 3261
f 3161 3262 3162
f 3161 3261 3262
f 3162 3263 3163
f 3162 3262 3263
f 3163 3264 3164
f 3163 3263 3264
f 3164 3265 3165
f 3164 3264 3265
f 3165 3266 3166
f 3165 3265 3266
f 3166 3267 3167
f 3166 3266 3267
f 3167 3268 3168
f 3167 3267 3268
f 3168 3269 3169
f 3168 3268 3269
f 3169 3270 3170
f 3169 3269 3270
f 3170 3271 3171
f 3170 3270 3271
f 3171 3272 3172
f 3171 3271 3272
f 3172 3273 3173
f 3172 3272 3273
f 3173 3274 3174
f 3173 3273 3274
f 3174 3275 3175
f 3174 3274 3275
f 3175 3276 3176
f 3175 3275 3276
f 3176 3277 3177
f 3176 3276 3277
f 3177 3278 3178
f 3177 3277 3278
f 3178 3279 3179
f 3178 3278 3279
f 3179 3280 3180
f 3179 3279 3280
f 3180 3281 3181
f 3180 3280 3281
f 3181 3282 3182
f 3181 3281 3282
f 3182 3283 3183
f 3182 3282 3283
f 3183 3284 3184
f 3183 3283 3284
f 3184 3285 3185
f 3184 3284 3285
f 3185 3286 3186
f 3185 3285 3286
f 3186 3287 3187
f 3186 3286 3287
f 3187 3288 3188
f 3187 3287 3288
f 3188 3289 3189
f 3188 3288 3289
f 3189 3290 3190
f 3189 3289 3290
f 3190 3291 3191
f 3190 3290 3291
f 3191 3292 3192
f 3191 3291 3292
f 3192 3293 3193
f 3192 3292 3293
f 3193 3294 3194
f 3193 3293 3294
f 3194 3295 3195
f 3194 3294 3295
f 3195 3296 3196
f 3195 3295 3296
f 3196 3297 3197
f 3196 3296 3297
f 3197 3298 3198
f 3197 3297 3298
f 3198 3299 3199
f 3198 3298 3299
f 3199 3300 3200
f 3199 3299 3300
f 3200 3201 3101
f 3200 3300 3201
f 3201 3302 3202
f 3201 3301 3302
f 3202 3303 3203
f 3202 3302 3303
f 3203 3304 3204
f 3203 3303 3304
f 3204 3305 3205
f 3204 3304 3305
f 3205 3306 3206
f 3205 3305 3306
f 3206 3307 3207
f 3206 3306 3307
f 3207 3308 3208
f 3207 3307 3308
f 3208 3309 3209
f 3208 3308 3309
f 3209 3310 3210
f 3209 3309 3310
f 3210 3311 3211
f 3210 3310 3311
f 3211 3312 3212
f 3211 3311 3312
f 3212 3313 3213
f 3212 3312 3313
f 3213 3314 3214
f 3213 3313 3314
f 3214 3315 3215
f 3214 3314 3315
f 3215 3316 3216
f 3215 3315 3316
f 3216 3317 3217
f 3216 3316 3317
f 3217 3318 3218
f 3217 3317 3318
f 3218 3319 3219
f 3218 3318 3319
f 3219 3320 3220
f 3219 3319 3320
f 3220 3321 3221
f 3220 3320 3321
f 3221 3322 3222
f 3221 3321 3322
f 3222 3323 3223
f 3222 3322 3323
f 3223 3324 3224
f 3223 3323 3324
f 3224 3325 3225
f 3224 3324 3325
f 3225 3326 3226
f 3225 3325 3326
f 3226 3327 3227
f 3226 3326 3327
f 3227 3328 3228
f 3227 3327 3328
f 3228 3329 3229
f 3228 3328 3329
f 3229 3330 3230
f 3229 3329 3330
f 3230 3331 3231
f 3230 3330 3331
f 3231 3332 3232
f 3231 3331 3332
f 3232 3333 3233
f 3232 3332 3333
f 3233 3334 3234
f 3233 3333 3334
f 3234 3335 3235
f 3234 3334 3335
f 3235 3336 3236
f 3235 3335 3336
f 3236 3337 3237
f 3236 3336 3337
f 3237 3338 3238
f 3237 3337 3338
f 3238 3339 3239
f 3238 3338 3339
f 3239 3340 3240
f 3239 3339 3340
f 3240 3341 3241
f 3240 3340 3341
f 3241 3342 3242
f 3241 3341 3342
f 3242 3343 3243
f 3242 3342 3343
f 3243 3344 3244
f 3243 3343 3344
f 3244 3345 3245
f 3244 3344 3345
f 3245 3346 3246
f 3245 3345 3346
f 3246 3347 3247
f 3246 3346 3347
f 3247 3348 3248
f 3247 3347 3348
f 3248 3349 3249
f 3248 3348 3349
f 3249 3350 3250
f 3249 3349 3350
f 3250 3351 3251
f 3250 3350 3351
f 3251 3352 3252
f 3251 3351 3352
f 3252 3353 3253
f 3252 3352 3353
f 3253 3354 3254
f 3253 3353 3354
f 3254 3355 3255
f 3254 3354 3355
f 3255 3356 3256
f 3255 3355 3356
f 3256 3357 3257
f 3256 3356 3357
f 3257 3358 3258
f 3257 3357 3358
f 3258 3359 3259
f 3258 3358 3359
f 3259 3360 3260
f 3259 3359 3360
f 3260 3361 3261
f 3260 3360 3361
f 3261 3362 3262
f 3261 3361 3362
f 3262 3363 3263
f 3262 3362 3363
f 3263 3364 3264
f 3263 3363 3364
f 3264 3365 3265
f 3264 3364 3365
f 3265 3366 3266
f 3265 3365 3366
f 3266 3367 3267
f 3266 3366 3367
f 3267 3368 3268
f 3267 3367 3368
f 3268 3369 3269
f 3268 3368 3369
f 3269 3370 3270
f 3269 3369 3370
f 3270 3371 3271
f 3270 3370 3371
f 3271 3372 3272
f 3271 3371 3372
f 3272 3373 3273
f 3272 3372 3373
f 3273 3374 3274
f 3273 3373 3374
f 3274 3375 3275
f 3274 3374 3375
f 3275 3376 3276
f 3275 3375 3376
f 3276 3377 3277
f 3276 3376 3377
f 3277 3378 3278
f 3277 3377 3378
f 3278 3379 3279
f 3278 3378 3379
f 3279 3380 3280
f 3279 3379 3380
f 3280 3381 3281
f 3280 3380 3381
f 3281 3382 3282
f 3281 3381 3382
f 3282 3383 3283
f 3282 3382 3383
f 3283 3384 3284
f 3283 3383 3384
f 3284 3385 3285
f 3284 3384 3385
f 3285 3386 3286
f 3285 3385 3386
f 3286 3387 3287
f 3286 3386 3387
f 3287 3388 3288
f 3287 3387 3388
f 3288 3389 3289
f 3288 3388 3389
f 3289 3390 3290
f 3289 3389 3390
f 3290 3391 3291
f 3290 3390 3391
f 3291 3392 3292
f 3291 3391 3392
f 3292 3393 3293
f 3292 3392 3393
f 3293 3394 3294
f 3293 3393 3394
f 3294 3395 3295
f 3294 3394 3395
f 3295 3396 3296
f 3295 3395 3396
f 3296 3397 3297
f 3296 3396 3397
f 3297 3398 3298
f 3297 3397 3398
f 3298 3399 3299
f 3298 3398 3399
f 3299 3400 3300
f 3299 3399 3400
f 3300 3301 3201
f 3300 3400 3301
f 3301 3402 3302
f 3301 3401 3402
f 3302 3403 3303
f 3302 3402 3403
f 3303 3404 3304
f 3303 3403 3404
f 3304 3405 3305
f 3304 3404 3405
f 3305 3406 3306
f 3305 3405 3406
f 3306 3407 3307
f 3306 3406 3407
f 3307 3408 3308
f 3307 3407 3408
f 3308 3409 3309
f 3308 3408 3409
f 3309 3410 3310
f 3309 3409 3410
f 3310 3411 3311
f 3310 3410 3411
f 3311 3412 3312
f 3311 3411 3412
f 3312 3413 3313
f 3312 3412 3413
f 3313 3414 3314
f 3313 3413 3414
f 3314 3415 3315
f 3314 3414 3415
f 3315 3416 3316
f 3315 3415 3416
f 3316 3417 3317
f 3316 3416 3417
f 3317 3418 3318
f 3317 3417 3418
f 3318 3419 3319
f 3318 3418 3419
f 3319 3420 3320
f 3319 3419 3420
f 3320 3421 3321
f 3320 3420 3421
f 3321 3422 3322
f 3321 3421 3422
f 3322 3423 3323
f 3322 3422 3423
f 3323 3424 3324
f 3323 3423 3424
f 3324 3425 3325
f 3324 3424 3425
f 3325 3426 3326
f 3325 3425 3426
f 3326 3427 3327
f 3326 3426 3427
f 3327 3428 3328
f 3327 3427 3428
f 3328 3429 3329
f 3328 3428 3429
f 3329 3430 3330
f 3329 3429 3430
f 3330 3431 3331
f 3330 3430 3431
f 3331 3432 3332
f 3331 3431 3432
f 3332 3433 3333
f 3332 3432 3433
f 3333 3434 3334
f 3333 3433 3434
f 3334 3435 3335
f 3334 3434 3435
f 3335 3436 3336
f 3335 3435 3436
f 3336 3437 3337
f 3336 3436 3437
f 3337 3438 3338
f 3337 3437 3438
f 3338 3439 3339
f 3338 3438 3439
f 3339 3440 3340
f 3339 3439 3440
f 3340 3441 3341
f 3340 3440 3441
f 3341 3442 3342
f 3341 3441 3442
f 3342 3443 3343
f 3342 3442 3443
f 3343 3444 3344
f 3343 3443 3444
f 3344 3445 3345
f 3344 3444 3445
f 3345 3446 3346
f 3345 3445 3446
f 3346 3447 3347
f 3346 3446 3447
f 3347 3448 3348
f 3347 3447 3448
f 3348 3449 3349
f 3348 3448 3449
f 3349 3450 3350
f 3349 3449 3450
f 3350 3451 3351
f 3350 3450 3451
f 3351 3452 3352
f 3351 3451 3452
f 3352 3453 3353
f 3352 3452 3453
f 3353 3454 3354
f 3353 3453 3454
f 3354 3455 3355
f 3354 3454 3455
f 3355 3456 3356
f 3355 3455 3456
f 3356 3457 3357
f 3356 3456 3457
f 3357 3458 3358
f 3357 3457 3458
f 3358 3459 3359
f 3358 3458 3459
f 3359 3460 3360
f 3359 3459 3460
f 3360 3461 3361
f 3360 3460 3461
f 3361 3462 3362
f 3361 3461 3462
f 3362 3463 3363
f 3362 3462 3463
f 3363 3464 3364
f 3363 3463 3464
f 3364 3465 3365
f 3364 3464 3465
f 3365 3466 3366
f 3365 3465 3466
f 3366 3467 3367
f 3366 3466 3467
f 3367 3468 3368
f 3367 3467 3468
f 3368 3469 3369
f 3368 3468 3469
f 3369 3470 3370
f 3369 3469 3470
f 3370 3471 3371
f 3370 3470 3471
f 3371 3472 3372
f 3371 3471 3472
f 3372 3473 3373
f 3372 3472 3473
f 3373 3474 3374
f 3373 3473 3474
f 3374 3475 3375
f 3374 3474 3475
f 3375 3476 3376
f 3375 3475 3476
f 3376 3477 3377
f 3376 3476 3477
f 3377 3478 3378
f 3377 3477 3478
f 3378 3479 3379
f 3378 3478 3479
f 3379 3480 3380
f 3379 3479 3480
f 3380 3481 3381
f 3380 3480 3481
f 3381 3482 3382
f 3381 3481 3482
f 3382 3483 3383
f 3382 3482 3483
f 3383 3484 3384
f 3383 3483 3484
f 3384 3485 3385
f 3384 3484 3485
f 3385 3486 3386
f 3385 3485 3486
f 3386 3487 3387
f 3386 3486 3487
f 3387 3488 3388
f 3387 3487 3488
f 3388 3489 3389
f 3388 3488 3489
f 3389 3490 3390
f 3389 3489 3490
f 3390 3491 3391
f 3390 3490 3491
f 3391 3492 3392
f 3391 3491 3492
f 3392 3493 3393
f 3392 3492 3493
f 3393 3494 3394
f 3393 3493 3494
f 3394 3495 3395
f 3394 3494 3495
f 3395 3496 3396
f 3395 3495 3496
f 3396 3497 3397
f 3396 3496 3497
f 3397 3498 3398
f 3397 3497 3498
f 3398 3499 3399
f 3398 3498 3499
f 3399 3500 3400
f 3399 3499 3500
f 3400 3401 3301
f 3400 3500 3401
f 3401 3502 3402
f 3401 3501 3502
f 3402 3503 3403
f 3402 3502 3503
f 3403 3504 3404
f 3403 3503 3504
f 3404 3505 3405
f 3404 3504 3505
f 3405 3506 3406
f 3405 3505 3506
f 3406 3507 3407
f 3406 3506 3507
f 3407 3508 3408
f 3407 3507 3508
f 3408 3509 3409
f 3408 3508 3509
f 3409 3510 3410
f 3409 3509 3510
f 3410 3511 3411
f 3410 3510 3511
f 3411 3512 3412
f 3411 3511 3512
f 3412 3513 3413
f 3412 3512 3513
f 3413 3514 3414
f 3413 3513 3514
f 3414 3515 3415
f 3414 3514 3515
f 3415 3516 3416
f 3415 3515 3516
f 3416 3517 3417
f 3416 3516 3517
f 3417 3518 3418
f 3417 3517 3518
f 3418 3519 3419
f 3418 3518 3519
f 3419 3520 3420
f 3419 3519 3520
f 3420 3521 3421
f 3420 3520 3521
f 3421 3522 3422
f 3421 3521 3522
f 3422 3523 3423
f 3422 3522 3523
f 3423 3524 3424
f 3423 3523 3524
f 3424 3525 3425
f 3424 3524 3525
f 3425 3526 3426
f 3425 3525 3526
f 3426 3527 3427
f 3426 3526 3527
f 3427 3528 3428
f 3427 3527 3528
f 3428 3529 3429
f 3428 3528 3529
f 3429 3530 3430
f 3429 3529 3530
f 3430 3531 3431
f 3430 3530 3531
f 3431 3532 3432
f 3431 3531 3532
f 3432 3533 3433
f 3432 3532 3533
f 3433 3534 3434
f 3433 3533 3534
f 3434 3535 3435
f 3434 3534 3535
f 3435 3536 3436
f 3435 3535 3536
f 3436 3537 3437
f 3436 3536 3537
f 3437 3538 3438
f 3437 3537 3538
f 3438 3539 3439
f 3438 3538 3539
f 3439 3540 3440
f 3439 3539 3540
f 3440 3541 3441
f 3440 3540 3541
f 3441 3542 3442
f 3441 3541 3542
f 3442 3543 3443
f 3442 3542 3543
f 3443 3544 3444
f 3443 3543 3544
f 3444 3545 3445
f 3444 3544 3545
f 3445 3546 3446
f 3445 3545 3546
f 3446 3547 3447
f 3446 3546 3547
f 3447 3548 3448
f 3447 3547 3548
f 3448 3549 3449
f 3448 3548 3549
f 3449 3550 3450
f 3449 3549 3550
f 3450 3551 3451
f 3450 3550 3551
f 3451 3552 3452
f 3451 3551 3552
f 3452 3553 3453
f 3452 3552 3553
f 3453 3554 3454
f 3453 3553 3554
f 3454 3555 3455
f 3454 3554 3555
f 3455 3556 3456
f 3455 3555 3556
f 3456 3557 3457
f 3456 3556 3557
f 3457 3558 3458
f 3457 3557 3558
f 3458 3559 3459
f 3458 3558 3559
f 3459 3560 3460
f 3459 3559 3560
f 3460 3561 3461
f 3460 3560 3561
f 3461 3562 3462
f 3461 3561 3562
f 3462 3563 3463
f 3462 3562 3563
f 3463 3564 3464
f 3463 3563 3564
f 3464 3565 3465
f 3464 3564 3565
f 3465 3566 3466
f 3465 3565 3566
f 3466 3567 3467
f 3466 3566 3567
f 3467 3568 3468
f 3467 3567 3568
f 3468 3569 3469
f 3468 3568 3569
f 3469 3570 3470
f 3469 3569 3570
f 3470 3571 3471
f 3470 3570 3571
f 3471 3572 3472
f 3471 3571 3572
f 3472 3573 3473
f 3472 3572 3573
f 3473 3574 3474
f 3473 3573 3574
f 3474 3575 3475
f 3474 3574 3575
f 3475 3576 3476
f 3475 3575 3576
f 3476 3577 3477
f 3476 3576 3577
f 3477 3578 3478
f 3477 3577 3578
f 3478 3579 3479
f 3478 3578 3579
f 3479 3580 3480
f 3479 3579 3580
f 3480 3581 3481
f 3480 3580 3581
f 3481 3582 3482
f 3481 3581 3582
f 3482 3583 3483
f 3482 3582 3583
f 3483 3584 3484
f 3483 3583 3584
f 3484 3585 3485
f 3484 3584 3585
f 3485 3586 3486
f 3485 3585 3586
f 3486 3587 3487
f 3486 3586 3587
f 3487 3588 3488
f 3487 3587 3588
f 3488 3589 3489
f 3488 3588 3589
f 3489 3590 3490
f 3489 3589 3590
f 3490 3591 3491
f 3490 3590 3591
f 3491 3592 3492
f 3491 3591 3592
f 3492 3593 3493
f 3492 3592 3593
f 3493 3594 3494
f 3493 3593 3594
f 3494 3595 3495
f 3494 3594 3595
f 3495 3596 3496
f 3495 3595 3596
f 3496 3597 3497
f 3496 3596 3597
f 3497 3598 3498
f 3497 3597 3598
f 3498 3599 3499
f 3498 3598 3599
f 3499 3600 3500
f 3499 3599 3600
f 3500 3501 3401
f 3500 3600 3501
f 3501 3602 3502
f 3501 3601 3602
f 3502 3603 3503
f 3502 3602 3603
f 3503 3604 3504
f 3503 3603 3604
f 3504 3605 3505
f 3504 3604 3605
f 3505 3606 3506
f 3505 3605 3606
f 3506 3607 3507
f 3506 3606 3607
f 3507 3608 3508
f 3507 3607 3608
f 3508 3609 3509
f 3508 3608 3609
f 3509 3610 3510
f 3509 3609 3610
f 3510 3611 3511
f 3510 3610 3611
f 3511 3612 3512
f 3511 3611 3612
f 3512 3613 3513
f 3512 3612 3613
f 3513 3614 3514
f 3513 3613 3614
f 3514 3615 3515
f 3514 3614 3615
f 3515 3616 3516
f 3515 3615 3616
f 3516 3617 3517
f 3516 3616 3617
f 3517 3618 3518
f 3517 3617 3618
f 3518 3619 3519
f 3518 3618 3619
f 3519 3620 3520
f 3519 3619 3620
f 3520 3621 3521
f 3520 3620 3621
f 3521 3622 3522
f 3521 3621 3622
f 3522 3623 3523
f 3522 3622 3623
f 3523 3624 3524
f 3523 3623 3624
f 3524 3625 3525
f 3524 3624 3625
f 3525 3626 3526
f 3525 3625 3626
f 3526 3627 3527
f 3526 3626 3627
f 3527 3628 3528
f 3527 3627 3628
f 3528 3629 3529
f 3528 3628 3629
f 3529 3630 3530
f 3529 3629 3630
f 3530 3631 3531
f 3530 3630 3631
f 3531 3632 3532
f 3531 3631 3632
f 3532 3633 3533
f 3532 3632 3633
f 3533 3634 3534
f 3533 3633 3634
f 3534 3635 3535
f 3534 3634 3635
f 3535 3636 3536
f 3535 3635 3636
f 3536 3637 3537
f 3536 3636 3637
f 3537 3638 3538
f 3537 3637 3638
f 3538 3639 3539
f 3538 3638 3639
f 3539 3640 3540
f 3539 3639 3640
f 3540 3641 3541
f 3540 3640 3641
f 3541 3642 3542
f 3541 3641 3642
f 3542 3643 3543
f 3542 3642 3643
f 3543 3644 3544
f 3543 3643 3644
f 3544 3645 3545
f 3544 3644 3645
f 3545 3646 3546
f 3545 3645 3646
f 3546 3647 3547
f 3546 3646 3647
f 3547 3648 3548
f 3547 3647 3648
f 3548 3649 3549
f 3548 3648 3649
f 3549 3650 3550
f 3549 3649 3650
f 3550 3651 3551
f 3550 3650 3651
f 3551 3652 3552
f 3551 3651 3652
f 3552 3653 3553
f 3552 3652 3653
f 3553 3654 3554
f 3553 3653 3654
f 3554 3655 3555
f 3554 3654 3655
f 3555 3656 3556
f 3555 3655 3656
f 3556 3657 3557
f 3556 3656 3657
f 3557 3658 3558
f 3557 3657 3658
f 3558 3659 3559
f 3558 3658 3659
f 3559 3660 3560
f 3559 3659 3660
f 3560 3661 3561
f 3560 3660 3661
f 3561 3662 3562
f 3561 3661 3662
f 3562 3663 3563
f 3562 3662 3663
f 3563 3664 3564
f 3563 3663 3664
f 3564 3665 3565
f 3564 3664 3665
f 3565 3666 3566
f 3565 3665 3666
f 3566 3667 3567
f 3566 3666 3667
f 3567 3668 3568
f 3567 3667 3668
f 3568 3669 3569
f 3568 3668 3669
f 3569 3670 3570
f 3569 3669 3670
f 3570 3671 3571
f 3570 3670 3671
f 3571 3672 3572
f 3571 3671 3672
f 3572 3673 3573
f 3572 3672 3673
f 3573 3674 3574
f 3573 3673 3674
f 3574 3675 3575
f 3574 3674 3675
f 3575 3676 3576
f 3575 3675 3676
f 3576 3677 3577
f 3576 3676 3677
f 3577 3678 3578
f 3577 3677 3678
f 3578 3679 3579
f 3578 3678 3679
f 3579 3680 3580
f 3579 3679 3680
f 3580 3681 3581
f 3580 3680 3681
f 3581 3682 3582
f 3581 3681 3682
f 3582 3683 3583
f 3582 3682 3683
f 3583 3684 3584
f 3583 3683 3684
f 3584 3685 3585
f 3584 3684 3685
f 3585 3686 3586
f 3585 3685 3686
f 3586 3687 3587
f 3586 3686 3687
f 3587 3688 3588
f 3587 3687 3688
f 3588 3689 3589
f 3588 3688 3689
f 3589 3690 3590
f 3589 3689 3690
f 3590 3691 3591
f 3590 3690 3691
f 3591 3692 3592
f 3591 3691 3692
f 3592 3693 3593
f 3592 3692 3693
f 3593 3694 3594
f 3593 3693 3694
f 3594 3695 3595
f 3594 3694 3695
f 3595 3696 3596
f 3595 3695 3696
f 3596 3697 3597
f 3596 3696 3697
f 3597 3698 3598
f 3597 3697 3698
f 3598 3699 3599
f 3598 3698 3699
f 3599 3700 3600
f 3599 3699 3700
f 3600 3601 3501
f 3600 3700 3601
f 3601 3702 3602
f 3601 3701 3702
f 3602 3703 3603
f 3602 3702 3703
f 3603 3704 3604
f 3603 3703 3704
f 3604 3705 3605
f 3604 3704 3705
f 3605 3706 3606
f 3605 3705 3706
f 3606 3707 3607
f 3606 3706 3707
f 3607 3708 3608
f 3607 3707 3708
f 3608 3709 3609
f 3608 3708 3709
f 3609 3710 3610
f 3609 3709 3710
f 3610 3711 3611
f 3610 3710 3711
f 3611 3712 3612
f 3611 3711 3712
f 3612 3713 3613
f 3612 3712 3713
f 3613 3714 3614
f 3613 3713 3714
f 3614 3715 3615
f 3614 3714 3715
f 3615 3716 3616
f 3615 3715 3716
f 3616 3717 3617
f 3616 3716 3717
f 3617 3718 3618
f 3617 3717 3718
f 3618 3719 3619
f 3618 3718 3719
f 3619 3720 3620
f 3619 3719 3720
f 3620 3721 3621
f 3620 3720 3721
f 3621 3722 3622
f 3621 3721 3722
f 3622 3723 3623
f 3622 3722 3723
f 3623 3724 3624
f 3623 3723 3724
f 3624 3725 3625
f 3624 3724 3725
f 3625 3726 3626
f 3625 3725 3726
f 3626 3727 3627
f 3626 3726 3727
f 3627 3728 3628
f 3627 3727 3728
f 3628 3729 3629
f 3628 3728 3729
f 3629 3730 3630
f 3629 3729 3730
f 3630 3731 3631
f 3630 3730 3731
f 3631 3732 3632
f 3631 3731 3732
f 3632 3733 3633
f 3632 3732 3733
f 3633 3734 3634
f 3633 3733 3734
f 3634 3735 3635
f 3634 3734 3735
f 3635 3736 3636
f 3635 3735 3736
f 3636 3737 3637
f 3636 3736 3737
f 3637 3738 3638
f 3637 3737 3738
f 3638 3739 3639
f 3638 3738 3739
f 3639 3740 3640
f 3639 3739 3740
f 3640 3741 3641
f 3640 3740 3741
f 3641 3742 3642
f 3641 3741 3742
f 3642 3743 3643
f 3642 3742 3743
f 3643 3744 3644
f 3643 3743 3744
f 3644 3745 3645
f 3644 3744 3745
f 3645 3746 3646
f 3645 3745 3746
f 3646 3747 3647
f 3646 3746 3747
f 3647 3748 3648
f 3647 3747 3748
f 3648 3749 3649
f 3648 3748 3749
f 3649 3750 3650
f 3649 3749 3750
f 3650 3751 3651
f 3650 3750 3751
f 3651 3752 3652
f 3651 3751 3752
f 3652 3753 3653
f 3652 3752 3753
f 3653 3754 3654
f 3653 3753 3754
f 3654 3755 3655
f 3654 3754 3755
f 3655 3756 3656
f 3655 3755 3756
f 3656 3757 3657
f 3656 3756 3757
f 3657 3758 3658
f 3657 3757 3758
f 3658 3759 3659
f 3658 3758 3759
f 3659 3760 3660
f 3659 3759 3760
f 3660 3761 3661
f 3660 3760 3761
f 3661 3762 3662
f 3661 3761 3762
f 3662 3763 3663
f 3662 3762 3763
f 3663 3764 3664
f 3663 3763 3764
f 3664 3765 3665
f 3664 3764 3765
f 3665 3766 3666
f 3665 3765 3766
f 3666 3767 3667
f 3666 3766 3767
f 3667 3768 3668
f 3667 3767 3768
f 3668 3769 3669
f 3668 3768 3769
f 3669 3770 3670
f 3669 3769 3770
f 3670 3771 3671
f 3670 3770 3771
f 3671 3772 3672
f 3671 3771 3772
f 3672 3773 3673
f 3672 3772 3773
f 3673 3774 3674
f 3673 3773 3774
f 3674 3775 3675
f 3674 3774 3775
f 3675 3776 3676
f 3675 3775 3776
f 3676 3777 3677
f 3676 3776 3777
f 3677 3778 3678
f 3677 3777 3778
f 3678 3779 3679
f 3678 3778 3779
f 3679 3780 3680
f 3679 3779 3780
f 3680 3781 3681
f 3680 3780 3781
f 3681 3782 3682
f 3681 3781 3782
f 3682 3783 3683
f 3682 3782 3783
f 3683 3784 3684
f 3683 3783 3784
f 3684 3785 3685
f 3684 3784 3785
f 3685 3786 3686
f 3685 3785 3786
f 3686 3787 3687
f 3686 3786 3787
f 3687 3788 3688
f 3687 3787 3788
f 3688 3789 3689
f 3688 3788 3789
f 3689 3790 3690
f 3689 3789 3790
f 3690 3791 3691
f 3690 3790 3791
f 3691 3792 3692
f 3691 3791 3792
f 3692 3793 3693
f 3692 3792 3793
f 3693 3794 3694
f 3693 3793 3794
f 3694 3795 3695
f 3694 3794 3795
f 3695 3796 3696
f 3695 3795 3796
f 3696 3797 3697
f 3696 3796 3797
f 3697 3798 3698
f 3697 3797 3798
f 3698 3799 3699
f 3698 3798 3799
f 3699 3800 3700
f 3699 3799 3800
f 3700 3701 3601
f 3700 3800 3701
f 3701 3802 3702
f 3701 3801 3802
f 3702 3803 3703
f 3702 3802 3803
f 3703 3804 3704
f 3703 3803 3804
f 3704 3805 3705
f 3704 3804 3805
f 3705 3806 3706
f 3705 3805 3806
f 3706 3807 3707
f 3706 3806 3807
f 3707 3808 3708
f 3707 3807 3808
f 3708 3809 3709
f 3708 3808 3809
f 3709 3810 3710
f 3709 3809 3810
f 3710 3811 3711
f 3710 3810 3811
f 3711 3812 3712
f 3711 3811 3812
f 3712 3813 3713
f 3712 3812 3813
f 3713 3814 3714
f 3713 3813 3814
f 3714 3815 3715
f 3714 3814 3815
f 3715 3816 3716
f 3715 3815 3816
f 3716 3817 3717
f 3716 3816 3817
f 3717 3818 3718
f 3717 3817 3818
f 3718 3819 3719
f 3718 3818 3819
f 3719 3820 3720
f 3719 3819 3820
f 3720 3821 3721
f 3720 3820 3821
f 3721 3822 3722
f 3721 3821 3822
f 3722 3823 3723
f 3722 3822 3823
f 3723 3824 3724
f 3723 3823 3824
f 3724 3825 3725
f 3724 3824 3825
f 3725 3826 3726
f 3725 3825 3826
f 3726 3827 3727
f 3726 3826 3827
f 3727 3828 3728
f 3727 3827 3828
f 3728 3829 3729
f 3728 3828 3829
f 3729 3830 3730
f 3729 3829 3830
f 3730 3831 3731
f 3730 3830 3831
f 3731 3832 3732
f 3731 3831 3832
f 3732 3833 3733
f 3732 3832 3833
f 3733 3834 3734
f 3733 3833 3834
f 3734 3835 3735
f 3734 3834 3835
f 3735 3836 3736
f 3735 3835 3836
f 3736 3837 3737
f 3736 3836 3837
f 3737 3838 3738
f 3737 3837 3838
f 3738 3839 3739
f 3738 3838 3839
f 3739 3840 3740
f 3739 3839 3840
f 3740 3841 3741
f 3740 3840 3841
f 3741 3842 3742
f 3741 3841 3842
f 3742 3843 3743
f 3742 3842 3843
f 3743 3844 3744
f 3743 3843 3844
f 3744 3845 3745
f 3744 3844 3845
f 3745 3846 3746
f 3745 3845 3846
f 3746 3847 3747
f 3746 3846 3847
f 3747 3848 3748
f 3747 3847 3848
f 3748 3849 3749
f 3748 3848 3849
f 3749 3850 3750
f 3749 3849 3850
f 3750 3851 3751
f 3750 3850 3851
f 3751 3852 3752
f 3751 3851 3852
f 3752 3853 3753
f 3752 3852 3853
f 3753 3854 3754
f 3753 3853 3854
f 3754 3855 3755
f 3754 3854 3855
f 3755 3856 3756
f 3755 3855 3856
f 3756 3857 3757
f 3756 3856 3857
f 3757 3858 3758
f 3757 3857 3858
f 3758 3859 3759
f 3758 3858 3859
f 3759 3860 3760
f 3759 3859 3860
f 3760 3861 3761
f 3760 3860 3861
f 3761 3862 3762
f 3761 3861 3862
f 3762 3863 3763
f 3762 3862 3863
f 3763 3864 3764
f 3763 3863 3864
f 3764 3865 3765
f 3764 3864 3865
f 3765 3866 3766
f 3765 3865 3866
f 3766 3867 3767
f 3766 3866 3867
f 3767 3868 3768
f 3767 3867 3868
f 3768 3869 3769
f 3768 3868 3869
f 3769 3870 3770
f 3769 3869 3870
f 3770 3871 3771
f 3770 3870 3871
f 3771 3872 3772
f 3771 3871 3872
f 3772 3873 3773
f 3772 3872 3873
f 3773 3874 3774
f 3773 3873 3874
f 3774 3875 3775
f 3774 3874 3875
f 3775 3876 3776
f 3775 3875 3876
f 3776 3877 3777
f 3776 3876 3877
f 3777 3878 3778
f 3777 3877 3878
f 3778 3879 3779
f 3778 3878 3879
f 3779 3880 3780
f 3779 3879 3880
f 3780 3881 3781
f 3780 3880 3881
f 3781 3882 3782
f 3781 3881 3882
f 3782 3883 3783
f 3782 3882 3883
f 3783 3884 3784
f 3783 3883 3884
f 3784 3885 3785
f 3784 3884 3885
f 3785 3886 3786
f 3785 3885 3886
f 3786 3887 3787
f 3786 3886 3887
f 3787 3888 3788
f 3787 3887 3888
f 3788 3889 3789
f 3788 3888 3889
f 3789 3890 3790
f 3789 3889 3890
f 3790 3891 3791
f 3790 3890 3891
f 3791 3892 3792
f 3791 3891 3892
f 3792 3893 3793
f 3792 3892 3893
f 3793 3894 3794
f 3793 3893 3894
f 3794 3895 3795
f 3794 3894 3895
f 3795 3896 3796
f 3795 3895 3896
f 3796 3897 3797
f 3796 3896 3897
f 3797 3898 3798
f 3797 3897 3898
f 3798 3899 3799
f 3798 3898 3899
f 3799 3900 3800
f 3799 3899 3900
f 3800 3801 3701
f 3800 3900 3801
f 3801 3902 3802
f 3801 3901 3902
f 3802 3903 3803
f 3802 3902 3903
f 3803 3904 3804
f 3803 3903 3904
f 3804 3905 3805
f 3804 3904 3905
f 3805 3906 3806
f 3805 3905 3906
f 3806 3907 3807
f 3806 3906 3907
f 3807 3908 3808
f 3807 3907 3908
f 3808 3909 3809
f 3808 3908 3909
f 3809 3910 3810
f 3809 3909 3910
f 3810 3911 3811
f 3810 3910 3911
f 3811 3912 3812
f 3811 3911 3912
f 3812 3913 3813
f 3812 3912 3913
f 3813 3914 3814
f 3813 3913 3914
f 3814 3915 3815
f 3814 3914 3915
f 3815 3916 3816
f 3815 3915 3916
f 3816 3917 3817
f 3816 3916 3917
f 3817 3918 3818
f 3817 3917 3918
f 3818 3919 3819
f 3818 3918 3919
f 3819 3920 3820
f 3819 3919 3920
f 3820 3921 3821
f 3820 3920 3921
f 3821 3922 3822
f 3821 3921 3922
f 3822 3923 3823
f 3822 3922 3923
f 3823 3924 3824
f 3823 3923 3924
f 3824 3925 3825
f 3824 3924 3925
f 3825 3926 3826
f 3825 3925 3926
f 3826 3927 3827
f 3826 3926 3927
f 3827 3928 3828
f 3827 3927 3928
f 3828 3929 3829
f 3828 3928 3929
f 3829 3930 3830
f 3829 3929 3930
f 3830 3931 3831
f 3830 3930 3931
f 3831 3932 3832
f 3831 3931 3932
f 3832 3933 3833
f 3832 3932 3933
f 3833 3934 3834
f 3833 3933 3934
f 3834 3935 3835
f 3834 3934 3935
f 3835 3936 3836
f 3835 3935 3936
f 3836 3937 3837
f 3836 3936 3937
f 3837 3938 3838
f 3837 3937 3938
f 3838 3939 3839
f 3838 3938 3939
f 3839 3940 3840
f 3839 3939 3940
f 3840 3941 3841
f 3840 3940 3941
f 3841 3942 3842
f 3841 3941 3942
f 3842 3943 3843
f 3842 3942 3943
f 3843 3944 3844
f 3843 3943 3944
f 3844 3945 3845
f 3844 3944 3945
f 3845 3946 3846
f 3845 3945 3946
f 3846 3947 3847
f 3846 3946 3947
f 3847 3948 3848
f 3847 3947 3948
f 3848 3949 3849
f 3848 3948 3949
f 3849 3950 3850
f 3849 3949 3950
f 3850 3951 3851
f 3850 3950 3951
f 3851 3952 3852
f 3851 3951 3952
f 3852 3953 3853
f 3852 3952 3953
f 3853 3954 3854
f 3853 3953 3954
f 3854 3955 3855
f 3854 3954 3955
f 3855 3956 3856
f 3855 3955 3956
f 3856 3957 3857
f 3856 3956 3957
f 3857 3958 3858
f 3857 3957 3958
f 3858 3959 3859
f 3858 3958 3959
f 3859 3960 3860
f 3859 3959 3960
f 3860 3961 3861
f 3860 3960 3961
f 3861 3962 3862
f 3861 3961 3962
f 3862 3963 3863
f 3862 3962 3963
f 3863 3964 3864
f 3863 3963 3964
f 3864 3965 3865
f 3864 3964 3965
f 3865 3966 3866
f 3865 3965 3966
f 3866 3967 3867
f 3866 3966 3967
f 3867 3968 3868
f 3867 3967 3968
f 3868 3969 3869
f 3868 3968 3969
f 3869 3970 3870
f 3869 3969 3970
f 3870 3971 3871
f 3870 3970 3971
f 3871 3972 3872
f 3871 3971 3972
f 3872 3973 3873
f 3872 3972 3973
f 3873 3974 3874
f 3873 3973 3974
f 3874 3975 3875
f 3874 3974 3975
f 3875 3976 3876
f 3875 3975 3976
f 3876 3977 3877
f 3876 3976 3977
f 3877 3978 3878
f 3877 3977 3978
f 3878 3979 3879
f 3878 3978 3979
f 3879 3980 3880
f 3879 3979 3980
f 3880 3981 3881
f 3880 3980 3981
f 3881 3982 3882
f 3881 3981 3982
f 3882 3983 3883
f 3882 3982 3983
f 3883 3984 3884
f 3883 3983 3984
f 3884 3985 3885
f 3884 3984 3985
f 3885 3986 3886
f 3885 3985 3986
f 3886 3987 3887
f 3886 3986 3987
f 3887 3988 3888
f 3887 3987 3988
f 3888 3989 3889
f 3888 3988 3989
f 3889 3990 3890
f 3889 3989 3990
f 3890 3991 3891
f 3890 3990 3991
f 3891 3992 3892
f 3891 3991 3992
f 3892 3993 3893
f 3892 3992 3993
f 3893 3994 3894
f 3893 3993 3994
f 3894 3995 3895
f 3894 3994 3995
f 3895 3996 3896
f 3895 3995 3996
f 3896 3997 3897
f 3896 3996 3997
f 3897 3998 3898
f 3897 3997 3998
f 3898 3999 3899
f 3898 3998 3999
f 3899 4000 3900
f 3899 3999 4000
f 3900 3901 3801
f 3900 4000 3901
