# File exported by Houdini 20.5.613 (www.sidefx.com)
# 4000 points
# 23400 vertices
# 7800 primitives
# Bounds: [-1.56300914, -1.81503165, -1.29262578] to [2.08134079, 1.81503129, 1.72383022]
g 
v -1.54195356 0 1.72383022 0.97647059 1 0.827450991
v -1.51112413 -0.25227502 1.71275651 0.97647059 1 0.827450991
v -1.42113388 -0.487549633 1.67970049 0.97647059 1 0.827450991
v -1.27925813 -0.690285087 1.6251564 0.97647059 1 0.827450991
v -1.09690535 -0.84773469 1.54993963 0.97647059 1 0.827450991
v -0.888610423 -0.951022029 1.45517361 0.97647059 1 0.827450991
v -0.670757771 -0.995870888 1.34227204 0.97647059 1 0.827450991
v -0.46014896 -0.982925534 1.21291816 0.97647059 1 0.827450991
v -0.272546977 -0.917629719 1.0690378 0.97647059 1 0.827450991
v -0.121325433 -0.809683263 0.91276902 0.97647059 1 0.827450991
v -0.0163500905 -0.672128797 0.746429801 0.97647059 1 0.827450991
v 0.0368204117 -0.520152211 0.572481096 0.97647059 1 0.827450991
v 0.0373283625 -0.369711399 0.393490225 0.97647059 1 0.827450991
v -0.0110058784 -0.236119956 0.21208936 0.97647059 1 0.827450991
v -0.100130409 -0.132712543 0.0309354197 0.97647059 1 0.827450991
v -0.218574047 -0.0697146058 -0.14733021 0.97647059 1 0.827450991
v -0.352552891 -0.0534154177 -0.320124626 0.97647059 1 0.827450991
v -0.487256438 -0.0857149959 -0.484960675 0.97647059 1 0.827450991
v -0.608198404 -0.164076567 -0.639486194 0.97647059 1 0.827450991
v -0.702503681 -0.281884372 -0.781521082 0.97647059 1 0.827450991
v -0.760012865 -0.429163188 -0.909089625 0.97647059 1 0.827450991
v -0.774109244 -0.593585372 -1.02045119 0.97647059 1 0.827450991
v -0.742196679 -0.761660874 -1.11412668 0.97647059 1 0.827450991
v -0.66578722 -0.920006514 -1.18891859 0.97647059 1 0.827450991
v -0.550213873 -1.05655444 -1.24393296 0.97647059 1 0.827450991
v -0.403986335 -1.16160846 -1.27858794 0.97647059 1 0.827450991
v -0.23787573 -1.22863555 -1.29262567 0.97647059 1 0.827450991
v -0.0638172626 -1.25473297 -1.28611243 0.97647059 1 0.827450991
v 0.106261522 -1.24073231 -1.25943756 0.97647059 1 0.827450991
v 0.261567891 -1.19094324 -1.21330607 0.97647059 1 0.827450991
v 0.39342013 -1.11256826 -1.14872754 0.97647059 1 0.827450991
v 0.495981932 -1.0148567 -1.06699574 0.97647059 1 0.827450991
v 0.566690683 -0.908088624 -0.969671011 0.97647059 1 0.827450991
v 0.606342196 -0.80249542 -0.858552516 0.97647059 1 0.827450991
v 0.618838549 -0.707218766 -0.735649824 0.97647059 1 0.827450991
v 0.61062777 -0.629422426 -0.603148282 0.97647059 1 0.827450991
v 0.589904606 -0.573631406 -0.463376433 0.97647059 1 0.827450991
v 0.565654755 -0.541366398 -0.318765461 0.97647059 1 0.827450991
v 0.546647251 -0.531101525 -0.171813652 0.97647059 1 0.827450991
v 0.540477633 -0.538540721 -0.0250395052 0.97647059 1 0.827450991
v 0.552760839 -0.55718261 0.119049661 0.97647059 1 0.827450991
v 0.586550593 -0.57910037 0.258005649 0.97647059 1 0.827450991
v 0.642047286 -0.595861852 0.389475703 0.97647059 1 0.827450991
v 0.716612339 -0.599484503 0.511238873 0.97647059 1 0.827450991
v 0.805092156 -0.583326697 0.621245086 0.97647059 1 0.827450991
v 0.900403082 -0.542824328 0.717644036 0.97647059 1 0.827450991
v 0.99432075 -0.475993335 0.798818588 0.97647059 1 0.827450991
v 1.07838488 -0.383650839 0.863407969 0.97647059 1 0.827450991
v 1.14482069 -0.269332528 0.910330832 0.97647059 1 0.827450991
v 1.18738413 -0.138917476 0.938802004 0.97647059 1 0.827450991
v 1.20203757 3.70824154e-07 0.948345542 0.97647059 1 0.827450991
v 1.18738413 0.138917863 0.938801885 0.97647059 1 0.827450991
v 1.14482021 0.269333363 0.910330474 0.97647059 1 0.827450991
v 1.07838428 0.383651555 0.863407612 0.97647059 1 0.827450991
v 0.994320333 0.475993812 0.798817992 0.97647059 1 0.827450991
v 0.900402248 0.542824626 0.717643499 0.97647059 1 0.827450991
v 0.805091262 0.583326876 0.621243954 0.97647059 1 0.827450991
v 0.716611981 0.599484444 0.511238515 0.97647059 1 0.827450991
v 0.642046928 0.595861733 0.389474809 0.97647059 1 0.827450991
v 0.586550593 0.57910037 0.258005649 0.97647059 1 0.827450991
v 0.552760661 0.557182312 0.119049206 0.97647059 1 0.827450991
v 0.540477395 0.538540542 -0.0250400063 0.97647059 1 0.827450991
v 0.54664731 0.531101346 -0.171814173 0.97647059 1 0.827450991
v 0.565654755 0.541366458 -0.318766505 0.97647059 1 0.827450991
v 0.589904845 0.573632121 -0.463377267 0.97647059 1 0.827450991
v 0.610628009 0.629422903 -0.603149295 0.97647059 1 0.827450991
v 0.618838549 0.707219601 -0.735650659 0.97647059 1 0.827450991
v 0.606342077 0.802495956 -0.85855341 0.97647059 1 0.827450991
v 0.566690445 0.90808928 -0.969671667 0.97647059 1 0.827450991
v 0.495981514 1.01485729 -1.06699622 0.97647059 1 0.827450991
v 0.393418968 1.11256897 -1.14872766 0.97647059 1 0.827450991
v 0.261566818 1.19094396 -1.2133069 0.97647059 1 0.827450991
v 0.106260449 1.24073267 -1.2594378 0.97647059 1 0.827450991
v -0.0638185665 1.25473285 -1.28611243 0.97647059 1 0.827450991
v -0.237877071 1.22863531 -1.29262578 0.97647059 1 0.827450991
v -0.403986335 1.16160846 -1.27858794 0.97647059 1 0.827450991
v -0.550214291 1.05655408 -1.2439326 0.97647059 1 0.827450991
v -0.665787756 0.920005798 -1.18891847 0.97647059 1 0.827450991
v -0.74219656 0.761660635 -1.11412609 0.97647059 1 0.827450991
v -0.774109483 0.593584657 -1.02045083 0.97647059 1 0.827450991
v -0.760012746 0.429162949 -0.909089327 0.97647059 1 0.827450991
v -0.702503204 0.281883836 -0.781520486 0.97647059 1 0.827450991
v -0.608197629 0.164075732 -0.639485359 0.97647059 1 0.827450991
v -0.487255573 0.0857148767 -0.484959811 0.97647059 1 0.827450991
v -0.352552265 0.0534155965 -0.320123911 0.97647059 1 0.827450991
v -0.218573213 0.0697146058 -0.147329509 0.97647059 1 0.827450991
v -0.100129694 0.132712871 0.0309365559 0.97647059 1 0.827450991
v -0.0110055804 0.236120999 0.212090671 0.97647059 1 0.827450991
v 0.0373284221 0.369712323 0.393491328 0.97647059 1 0.827450991
v 0.0368205309 0.520153165 0.572482526 0.97647059 1 0.827450991
v -0.0163503885 0.672129929 0.746430993 0.97647059 1 0.827450991
v -0.121326685 0.809684277 0.912770331 0.97647059 1 0.827450991
v -0.272548258 0.917630315 1.06903887 0.97647059 1 0.827450991
v -0.46015057 0.982925773 1.21291912 0.97647059 1 0.827450991
v -0.670759439 0.995870829 1.34227288 0.97647059 1 0.827450991
v -0.88861227 0.951021254 1.45517445 0.97647059 1 0.827450991
v -1.09690714 0.847733617 1.54994071 0.97647059 1 0.827450991
v -1.27925861 0.690284967 1.62515676 0.97647059 1 0.827450991
v -1.42113423 0.487549216 1.67970061 0.97647059 1 0.827450991
v -1.51112425 0.252274483 1.71275663 0.97647059 1 0.827450991
v -1.48848414 0 1.66270566 0.97647059 1 0.827450991
v -1.46021366 -0.234857798 1.65202439 0.97647059 1 0.827450991
v -1.37768555 -0.454176933 1.62014091 0.97647059 1 0.827450991
v -1.2475456 -0.643753469 1.56753051 0.97647059 1 0.827450991
v -1.08021808 -0.79193604 1.49498129 0.97647059 1 0.827450991
v -0.888981879 -0.890607238 1.40357542 0.97647059 1 0.827450991
v -0.688806236 -0.935854197 1.2946769 0.97647059 1 0.827450991
v -0.495041728 -0.928259075 1.16990972 0.97647059 1 0.827450991
v -0.322088778 -0.872788966 1.03113115 0.97647059 1 0.827450991
v -0.182165444 -0.778299332 0.880403519 0.97647059 1 0.827450991
v -0.0842836499 -0.656699359 0.719962299 0.97647059 1 0.827450991
v -0.0335205197 -0.521856189 0.55218184 0.97647059 1 0.827450991
v -0.0306578875 -0.388341635 0.379537791 0.97647059 1 0.827450991
v -0.0722027421 -0.270137727 0.204568952 0.97647059 1 0.827450991
v -0.150795728 -0.179418206 0.0298384931 0.97647059 1 0.827450991
v -0.255953997 -0.125514686 -0.142106116 0.97647059 1 0.827450991
v -0.375082314 -0.114162445 -0.308773667 0.97647059 1 0.827450991
v -0.494646132 -0.147083819 -0.467764497 0.97647059 1 0.827450991
v -0.601409435 -0.221946985 -0.616810977 0.97647059 1 0.827450991
v -0.68360728 -0.332692683 -0.753808975 0.97647059 1 0.827450991
v -0.731958866 -0.470190585 -0.876854479 0.97647059 1 0.827450991
v -0.740419149 -0.62315917 -0.984267592 0.97647059 1 0.827450991
v -0.706618428 -0.779255509 -1.07462108 0.97647059 1 0.827450991
v -0.631943166 -0.926231384 -1.1467613 0.97647059 1 0.827450991
v -0.52127099 -1.05304039 -1.19982457 0.97647059 1 0.827450991
v -0.382385135 -1.1508019 -1.23325098 0.97647059 1 0.827450991
v -0.225136086 -1.21352482 -1.24679089 0.97647059 1 0.827450991
v -0.0604408979 -1.23853374 -1.24050856 0.97647059 1 0.827450991
v 0.100787975 -1.2265656 -1.21477973 0.97647059 1 0.827450991
v 0.248672053 -1.18153405 -1.17028391 0.97647059 1 0.827450991
v 0.375258535 -1.10999668 -1.10799515 0.97647059 1 0.827450991
v 0.475191534 -1.02038145 -1.02916157 0.97647059 1 0.827450991
v 0.546102047 -0.922059238 -0.935287714 0.97647059 1 0.827450991
v 0.588686705 -0.824357152 -0.828109562 0.97647059 1 0.827450991
v 0.606475711 -0.735609472 -0.709564686 0.97647059 1 0.827450991
v 0.605322957 -0.662345052 -0.581761479 0.97647059 1 0.827450991
v 0.5926736 -0.608685255 -0.446945786 0.97647059 1 0.827450991
v 0.576692581 -0.576010942 -0.307462484 0.97647059 1 0.827450991
v 0.56534338 -0.562923074 -0.165721372 0.97647059 1 0.827450991
v 0.565515339 -0.565497279 -0.0241516382 0.97647059 1 0.827450991
v 0.582285762 -0.577800512 0.114828326 0.97647059 1 0.827450991
v 0.618391037 -0.592603564 0.248857141 0.97647059 1 0.827450991
v 0.673960209 -0.602222562 0.375665456 0.97647059 1 0.827450991
v 0.74652946 -0.599391758 0.493111104 0.97647059 1 0.827450991
v 0.831339419 -0.578077972 0.59921658 0.97647059 1 0.827450991
v 0.921870232 -0.534153461 0.692197442 0.97647059 1 0.827450991
v 1.01056492 -0.465854615 0.770493567 0.97647059 1 0.827450991
v 1.08965611 -0.373983473 0.83279264 0.97647059 1 0.827450991
v 1.1520108 -0.261831284 0.878051639 0.97647059 1 0.827450991
v 1.19190133 -0.134834588 0.905513465 0.97647059 1 0.827450991
v 1.20562494 3.55026856e-07 0.914718568 0.97647059 1 0.827450991
v 1.19190121 0.13483499 0.905513346 0.97647059 1 0.827450991
v 1.15201032 0.261832118 0.87805146 0.97647059 1 0.827450991
v 1.08965564 0.373984218 0.832792342 0.97647059 1 0.827450991
v 1.01056445 0.465855122 0.770492971 0.97647059 1 0.827450991
v 0.921869636 0.534153819 0.692196786 0.97647059 1 0.827450991
v 0.831338763 0.57807827 0.599215508 0.97647059 1 0.827450991
v 0.746529222 0.599391639 0.493110716 0.97647059 1 0.827450991
v 0.673959851 0.602222443 0.375664651 0.97647059 1 0.827450991
v 0.618391037 0.592603564 0.248857141 0.97647059 1 0.827450991
v 0.582285523 0.577800214 0.114827894 0.97647059 1 0.827450991
v 0.565515161 0.56549716 -0.0241521206 0.97647059 1 0.827450991
v 0.56534344 0.562922835 -0.165721878 0.97647059 1 0.827450991
v 0.576692522 0.576010942 -0.307463497 0.97647059 1 0.827450991
v 0.592673838 0.60868597 -0.446946591 0.97647059 1 0.827450991
v 0.605323076 0.662345648 -0.581762314 0.97647059 1 0.827450991
v 0.606475711 0.735610247 -0.709565461 0.97647059 1 0.827450991
v 0.588686466 0.824357688 -0.828110516 0.97647059 1 0.827450991
v 0.54610157 0.922059894 -0.935288131 0.97647059 1 0.827450991
v 0.475191146 1.02038205 -1.02916217 0.97647059 1 0.827450991
v 0.375257552 1.10999739 -1.10799551 0.97647059 1 0.827450991
v 0.248670995 1.18153453 -1.17028475 0.97647059 1 0.827450991
v 0.100786917 1.22656572 -1.21477973 0.97647059 1 0.827450991
v -0.0604421645 1.23853374 -1.24050891 0.97647059 1 0.827450991
v -0.225137293 1.21352458 -1.24679077 0.97647059 1 0.827450991
v -0.382385135 1.1508019 -1.23325098 0.97647059 1 0.827450991
v -0.521271527 1.05304015 -1.19982445 0.97647059 1 0.827450991
v -0.631943583 0.926230729 -1.14676118 0.97647059 1 0.827450991
v -0.706618488 0.779255271 -1.07462084 0.97647059 1 0.827450991
v -0.740419269 0.623158693 -0.984267056 0.97647059 1 0.827450991
v -0.731958747 0.470190346 -0.876854241 0.97647059 1 0.827450991
v -0.68360728 0.332692236 -0.753808856 0.97647059 1 0.827450991
v -0.601409197 0.221946716 -0.616810322 0.97647059 1 0.827450991
v -0.494645596 0.14708364 -0.467763782 0.97647059 1 0.827450991
v -0.375081778 0.114162505 -0.308772802 0.97647059 1 0.827450991
v -0.255953521 0.125514984 -0.142105401 0.97647059 1 0.827450991
v -0.150795043 0.179418445 0.0298395902 0.97647059 1 0.827450991
v -0.0722025037 0.270138562 0.20457004 0.97647059 1 0.827450991
v -0.0306575894 0.388342202 0.379538745 0.97647059 1 0.827450991
v -0.0335208178 0.521857083 0.552183092 0.97647059 1 0.827450991
v -0.0842840672 0.656700432 0.71996361 0.97647059 1 0.827450991
v -0.182166874 0.778300047 0.880404592 0.97647059 1 0.827450991
v -0.32209006 0.872789502 1.03113234 0.97647059 1 0.827450991
v -0.495043039 0.928259611 1.16991091 0.97647059 1 0.827450991
v -0.688807905 0.935853958 1.29467785 0.97647059 1 0.827450991
v -0.888983488 0.890605986 1.40357566 0.97647059 1 0.827450991
v -1.08021963 0.791934609 1.49498165 0.97647059 1 0.827450991
v -1.24754596 0.643753409 1.56753087 0.97647059 1 0.827450991
v -1.37768555 0.454176307 1.62014067 0.97647059 1 0.827450991
v -1.46021378 0.234857246 1.65202451 0.97647059 1 0.827450991
v -1.4410789 0 1.60374808 0.97647059 1 0.827450991
v -1.41514516 -0.219023049 1.5934459 0.97647059 1 0.827450991
v -1.3394289 -0.42384249 1.5626924 0.97647059 1 0.827450991
v -1.22000325 -0.60147512 1.51194763 0.97647059 1 0.827450991
v -1.06639099 -0.741268337 1.44197071 0.97647059 1 0.827450991
v -0.890724778 -0.835800469 1.35380626 0.97647059 1 0.827450991
v -0.706680536 -0.88148886 1.24876904 0.97647059 1 0.827450991
v -0.528282225 -0.878859699 1.12842631 0.97647059 1 0.827450991
v -0.368686348 -0.832443655 0.994568646 0.97647059 1 0.827450991
v -0.239054263 -0.750325084 0.849185526 0.97647059 1 0.827450991
v -0.147618175 -0.643377185 0.694433391 0.97647059 1 0.827450991
v -0.0990149379 -0.524261653 0.532601893 0.97647059 1 0.827450991
v -0.0939570069 -0.406284481 0.366079658 0.97647059 1 0.827450991
v -0.129250199 -0.302210629 0.197315365 0.97647059 1 0.827450991
v -0.198169082 -0.223152846 0.028780628 0.97647059 1 0.827450991
v -0.291133195 -0.177626014 -0.137067154 0.97647059 1 0.827450991
v -0.396632195 -0.170857728 -0.297824711 0.97647059 1 0.827450991
v -0.50229913 -0.204409242 -0.451178253 0.97647059 1 0.827450991
v -0.596038878 -0.276135713 -0.59493947 0.97647059 1 0.827450991
v -0.667102098 -0.380485147 -0.727079749 0.97647059 1 0.827450991
v -0.707009673 -0.509099185 -0.845762432 0.97647059 1 0.827450991
v -0.71023953 -0.651652932 -0.949366689 0.97647059 1 0.827450991
v -0.674629211 -0.796849668 -1.03651619 0.97647059 1 0.827450991
v -0.601449907 -0.933478832 -1.10609853 0.97647059 1 0.827450991
v -0.495163769 -1.05142665 -1.15728045 0.97647059 1 0.827450991
v -0.362889647 -1.14255738 -1.18952119 0.97647059 1 0.827450991
v -0.213637769 -1.20137441 -1.20258129 0.97647059 1 0.827450991
v -0.0573947392 -1.22540998 -1.19652164 0.97647059 1 0.827450991
v 0.0958541036 -1.21531367 -1.17170513 0.97647059 1 0.827450991
v 0.237065405 -1.17463756 -1.12878704 0.97647059 1 0.827450991
v 0.358952016 -1.10934913 -1.06870711 0.97647059 1 0.827450991
v 0.456596196 -1.0271256 -0.992668748 0.97647059 1 0.827450991
v 0.527806044 -0.936506152 -0.90212369 0.97647059 1 0.827450991
v 0.573186219 -0.845992088 -0.798745751 0.97647059 1 0.827450991
v 0.595927536 -0.763178945 -0.684404254 0.97647059 1 0.827450991
v 0.60133934 -0.694015622 -0.561132967 0.97647059 1 0.827450991
v 0.596181512 -0.642254531 -0.431097567 0.97647059 1 0.827450991
v 0.587868035 -0.609147668 -0.296560228 0.97647059 1 0.827450991
v 0.583625853 -0.593412638 -0.159844652 0.97647059 1 0.827450991
v 0.589698017 -0.591465116 -0.0232952461 0.97647059 1 0.827450991
v 0.610669494 -0.597890556 0.110756651 0.97647059 1 0.827450991
v 0.648985863 -0.606097698 0.240033403 0.97647059 1 0.827450991
v 0.704709649 -0.609086871 0.362344831 0.97647059 1 0.827450991
v 0.775536418 -0.600247741 0.475625902 0.97647059 1 0.827450991
v 0.857065499 -0.574103594 0.577969015 0.97647059 1 0.827450991
v 0.943291426 -0.526926219 0.667652845 0.97647059 1 0.827450991
v 1.02726614 -0.457154453 0.743172765 0.97647059 1 0.827450991
v 1.1018554 -0.36557743 0.80326283 0.97647059 1 0.827450991
v 1.16051102 -0.255264163 0.846916974 0.97647059 1 0.827450991
v 1.19797754 -0.131248057 0.87340492 0.97647059 1 0.827450991
v 1.21085787 3.40887993e-07 0.882283688 0.97647059 1 0.827450991
v 1.1979773 0.131248444 0.873404801 0.97647059 1 0.827450991
v 1.16051054 0.255264938 0.846916676 0.97647059 1 0.827450991
v 1.1018548 0.365578115 0.803262532 0.97647059 1 0.827450991
v 1.02726579 0.45715493 0.743172288 0.97647059 1 0.827450991
v 0.94329083 0.526926637 0.667652369 0.97647059 1 0.827450991
v 0.857064724 0.574103892 0.577968061 0.97647059 1 0.827450991
v 0.77553612 0.600247681 0.475625604 0.97647059 1 0.827450991
v 0.704709351 0.609086871 0.362344027 0.97647059 1 0.827450991
v 0.648985863 0.606097758 0.240032926 0.97647059 1 0.827450991
v 0.610669315 0.597890377 0.110756218 0.97647059 1 0.827450991
v 0.589697957 0.591465116 -0.0232957099 0.97647059 1 0.827450991
v 0.583625913 0.593412578 -0.159845591 0.97647059 1 0.827450991
v 0.587868035 0.609147906 -0.296561182 0.97647059 1 0.827450991
v 0.596181631 0.642254949 -0.431098431 0.97647059 1 0.827450991
v 0.6013394 0.694016218 -0.561133742 0.97647059 1 0.827450991
v 0.595927477 0.763179719 -0.684405029 0.97647059 1 0.827450991
v 0.573185921 0.845992684 -0.798746407 0.97647059 1 0.827450991
v 0.527805626 0.936506748 -0.902124107 0.97647059 1 0.827450991
v 0.456595808 1.02712607 -0.992669284 0.97647059 1 0.827450991
v 0.358951062 1.10934985 -1.06870735 0.97647059 1 0.827450991
v 0.237064302 1.17463803 -1.12878764 0.97647059 1 0.827450991
v 0.0958530903 1.21531379 -1.17170513 0.97647059 1 0.827450991
v -0.0573959351 1.22540998 -1.19652176 0.97647059 1 0.827450991
v -0.213638932 1.20137405 -1.20258105 0.97647059 1 0.827450991
v -0.362889647 1.14255738 -1.18952119 0.97647059 1 0.827450991
v -0.495164186 1.05142629 -1.15728009 0.97647059 1 0.827450991
v -0.601450205 0.933478236 -1.10609818 0.97647059 1 0.827450991
v -0.674629271 0.79684943 -1.03651595 0.97647059 1 0.827450991
v -0.710239589 0.651652455 -0.949366212 0.97647059 1 0.827450991
v -0.707009673 0.509099007 -0.845762193 0.97647059 1 0.827450991
v -0.667102158 0.38048479 -0.72707963 0.97647059 1 0.827450991
v -0.596038699 0.276135147 -0.594938993 0.97647059 1 0.827450991
v -0.502298474 0.204409003 -0.451177448 0.97647059 1 0.827450991
v -0.396631688 0.170857787 -0.297824055 0.97647059 1 0.827450991
v -0.29113251 0.177625924 -0.137066513 0.97647059 1 0.827450991
v -0.198168486 0.223153114 0.028781686 0.97647059 1 0.827450991
v -0.12925002 0.302211344 0.197316408 0.97647059 1 0.827450991
v -0.0939566493 0.406285107 0.366080731 0.97647059 1 0.827450991
v -0.0990153551 0.524262667 0.532603264 0.97647059 1 0.827450991
v -0.147618532 0.643378079 0.694434643 0.97647059 1 0.827450991
v -0.239055216 0.750325739 0.849186659 0.97647059 1 0.827450991
v -0.368687391 0.832444072 0.99456954 0.97647059 1 0.827450991
v -0.528283596 0.878859878 1.12842715 0.97647059 1 0.827450991
v -0.706681967 0.881488919 1.24877012 0.97647059 1 0.827450991
v -0.890726328 0.835799634 1.35380673 0.97647059 1 0.827450991
v -1.06639242 0.741267323 1.4419713 0.97647059 1 0.827450991
v -1.22000337 0.601474881 1.51194775 0.97647059 1 0.827450991
v -1.33942914 0.423842102 1.5626924 0.97647059 1 0.827450991
v -1.4151454 0.219022557 1.5934459 0.97647059 1 0.827450991
v -1.39924192 0 1.54688168 0.97647059 1 0.827450991
v -1.37544084 -0.204635665 1.53694439 0.97647059 1 0.827450991
v -1.30594349 -0.396287978 1.50728178 0.97647059 1 0.827450991
v -1.19629753 -0.563087881 1.45833635 0.97647059 1 0.827450991
v -1.05520391 -0.695296705 1.39084101 0.97647059 1 0.827450991
v -0.893746614 -0.786126018 1.30580235 0.97647059 1 0.827450991
v -0.724420369 -0.832297087 1.20448971 0.97647059 1 0.827450991
v -0.560037255 -0.83428359 1.08841419 0.97647059 1 0.827450991
v -0.41261673 -0.796217918 0.959302843 0.97647059 1 0.827450991
v -0.292355031 -0.725479066 0.81907469 0.97647059 1 0.827450991
v -0.206772 -0.631994486 0.669809878 0.97647059 1 0.827450991
v -0.16010195 -0.52732414 0.513716817 0.97647059 1 0.827450991
v -0.15299356 -0.423615992 0.353099018 0.97647059 1 0.827450991
v -0.182526618 -0.332524121 0.190318853 0.97647059 1 0.827450991
v -0.242553264 -0.264190912 0.0277601164 0.97647059 1 0.827450991
v -0.324318647 -0.226385295 -0.132207006 0.97647059 1 0.827450991
v -0.417304009 -0.22387132 -0.287264377 0.97647059 1 0.827450991
v -0.510208368 -0.258061945 -0.435180187 0.97647059 1 0.827450991
v -0.591979504 -0.326983005 -0.573843837 0.97647059 1 0.827450991
v -0.652795911 -0.425546169 -0.701299012 0.97647059 1 0.827450991
v -0.684910059 -0.546097457 -0.81577307 0.97647059 1 0.827450991
v -0.683278918 -0.679185987 -0.915703475 0.97647059 1 0.827450991
v -0.645929337 -0.814470708 -0.999762952 0.97647059 1 0.827450991
v -0.574026585 -0.941688657 -1.06687796 0.97647059 1 0.827450991
v -0.471653759 -1.05157816 -1.11624503 0.97647059 1 0.827450991
v -0.345323026 -1.13668334 -1.14734292 0.97647059 1 0.827450991
v -0.203276366 -1.19195902 -1.15993965 0.97647059 1 0.827450991
v -0.0546510294 -1.21512699 -1.15409493 0.97647059 1 0.827450991
v 0.0914146453 -1.20675623 -1.13015807 0.97647059 1 0.827450991
v 0.226640061 -1.17006814 -1.08876228 0.97647059 1 0.827450991
v 0.344345808 -1.11049056 -1.03081226 0.97647059 1 0.827450991
v 0.440014333 -1.03501427 -0.957469821 0.97647059 1 0.827450991
v 0.511614323 -0.951418817 -0.870135784 0.97647059 1 0.827450991
v 0.559666753 -0.86744976 -0.770423353 0.97647059 1 0.827450991
v 0.587051094 -0.79002738 -0.660136461 0.97647059 1 0.827450991
v 0.598578572 -0.72457087 -0.541235983 0.97647059 1 0.827450991
v 0.600382149 -0.674494505 -0.415811479 0.97647059 1 0.827450991
v 0.599189043 -0.640933454 -0.286044657 0.97647059 1 0.827450991
v 0.601552129 -0.622711182 -0.154177263 0.97647059 1 0.827450991
v 0.613122821 -0.616553664 -0.0224696789 0.97647059 1 0.827450991
v 0.638035655 -0.617520809 0.106829397 0.97647059 1 0.827450991
v 0.6784693 -0.619604588 0.231522173 0.97647059 1 0.827450991
v 0.734424829 -0.616430461 0.349496633 0.97647059 1 0.827450991
v 0.803741634 -0.60198766 0.458761036 0.97647059 1 0.827450991
v 0.882346392 -0.571308613 0.557475209 0.97647059 1 0.827450991
v 0.964703143 -0.521030903 0.643978953 0.97647059 1 0.827450991
v 1.04441869 -0.449779123 0.716821015 0.97647059 1 0.827450991
v 1.11493671 -0.35833171 0.774780393 0.97647059 1 0.827450991
v 1.17024326 -0.249555856 0.816886723 0.97647059 1 0.827450991
v 1.20551348 -0.12811774 0.842435539 0.97647059 1 0.827450991
v 1.21762955 3.28270033e-07 0.850999355 0.97647059 1 0.827450991
v 1.20551336 0.128118098 0.84243542 0.97647059 1 0.827450991
v 1.17024302 0.249556646 0.816886485 0.97647059 1 0.827450991
v 1.11493623 0.358332396 0.774780035 0.97647059 1 0.827450991
v 1.04441833 0.44977963 0.716820538 0.97647059 1 0.827450991
v 0.964702487 0.52103132 0.643978477 0.97647059 1 0.827450991
v 0.882345796 0.57130903 0.557474196 0.97647059 1 0.827450991
v 0.803741336 0.60198766 0.458760649 0.97647059 1 0.827450991
v 0.734424412 0.616430521 0.349495888 0.97647059 1 0.827450991
v 0.678469181 0.619604647 0.231521711 0.97647059 1 0.827450991
v 0.638035536 0.61752069 0.10682898 0.97647059 1 0.827450991
v 0.613122702 0.616553545 -0.0224696845 0.97647059 1 0.827450991
v 0.601552129 0.622711062 -0.15417774 0.97647059 1 0.827450991
v 0.599188983 0.640933573 -0.286045581 0.97647059 1 0.827450991
v 0.600382268 0.674494982 -0.415812343 0.97647059 1 0.827450991
v 0.598578572 0.724571228 -0.541236818 0.97647059 1 0.827450991
v 0.587051034 0.790028155 -0.660137236 0.97647059 1 0.827450991
v 0.559666514 0.867450178 -0.770424187 0.97647059 1 0.827450991
v 0.511614025 0.951419294 -0.87013638 0.97647059 1 0.827450991
v 0.440013736 1.03501487 -0.957470477 0.97647059 1 0.827450991
v 0.344344914 1.11049116 -1.03081262 0.97647059 1 0.827450991
v 0.226639077 1.17006862 -1.088763 0.97647059 1 0.827450991
v 0.0914137065 1.20675635 -1.13015842 0.97647059 1 0.827450991
v -0.0546521731 1.21512687 -1.15409517 0.97647059 1 0.827450991
v -0.203277454 1.19195879 -1.15993941 0.97647059 1 0.827450991
v -0.345323026 1.13668334 -1.14734292 0.97647059 1 0.827450991
v -0.471654177 1.05157793 -1.11624467 0.97647059 1 0.827450991
v -0.574027061 0.94168812 -1.06687784 0.97647059 1 0.827450991
v -0.645929337 0.81447047 -0.999762714 0.97647059 1 0.827450991
v -0.683279097 0.679185569 -0.915703535 0.97647059 1 0.827450991
v -0.684910059 0.546097279 -0.815772831 0.97647059 1 0.827450991
v -0.652795672 0.425545692 -0.701298475 0.97647059 1 0.827450991
v -0.591978967 0.32698229 -0.573843122 0.97647059 1 0.827450991
v -0.510207772 0.258061826 -0.435179412 0.97647059 1 0.827450991
v -0.417303562 0.22387135 -0.287263721 0.97647059 1 0.827450991
v -0.32431823 0.226385474 -0.132206351 0.97647059 1 0.827450991
v -0.242552757 0.264191031 0.0277609676 0.97647059 1 0.827450991
v -0.182526052 0.332524478 0.190319747 0.97647059 1 0.827450991
v -0.152993262 0.423616707 0.35310027 0.97647059 1 0.827450991
v -0.160102248 0.527324855 0.513718009 0.97647059 1 0.827450991
v -0.206772566 0.631995142 0.669810891 0.97647059 1 0.827450991
v -0.292356282 0.725479722 0.819075644 0.97647059 1 0.827450991
v -0.412618011 0.796218097 0.959303558 0.97647059 1 0.827450991
v -0.560038626 0.83428371 1.08841527 0.97647059 1 0.827450991
v -0.72442168 0.832297087 1.20449078 0.97647059 1 0.827450991
v -0.893748045 0.786124945 1.30580258 0.97647059 1 0.827450991
v -1.05520523 0.695295453 1.39084136 0.97647059 1 0.827450991
v -1.19629788 0.563087761 1.45833671 0.97647059 1 0.827450991
v -1.30594373 0.39628765 1.50728178 0.97647059 1 0.827450991
v -1.37544096 0.204635188 1.53694451 0.97647059 1 0.827450991
v -1.36251843 0 1.49203086 0.97647059 1 0.827450991
v -1.34066439 -0.191572145 1.48244619 0.97647059 1 0.827450991
v -1.27684319 -0.371275485 1.45383525 0.97647059 1 0.827450991
v -1.17612362 -0.528259456 1.40662551 0.97647059 1 0.827450991
v -1.04645455 -0.65361917 1.34152281 0.97647059 1 0.827450991
v -0.897962987 -0.741146803 1.25949967 0.97647059 1 0.827450991
v -0.742063522 -0.787840009 1.16178012 0.97647059 1 0.827450991
v -0.590461314 -0.794123173 1.04981971 0.97647059 1 0.827450991
v -0.454136342 -0.763766825 0.925286949 0.97647059 1 0.827450991
v -0.342403203 -0.703504384 0.790031433 0.97647059 1 0.827450991
v -0.262130678 -0.622398019 0.646059334 0.97647059 1 0.827450991
v -0.217185795 -0.531002045 0.495501041 0.97647059 1 0.827450991
v -0.20815894 -0.440406322 0.340578556 0.97647059 1 0.827450991
v -0.232379109 -0.36124891 0.183570221 0.97647059 1 0.827450991
v -0.284227639 -0.302786261 0.0267757736 0.97647059 1 0.827450991
v -0.355702877 -0.27210483 -0.127519086 0.97647059 1 0.827450991
v -0.437192261 -0.273544908 -0.277078271 0.97647059 1 0.827450991
v -0.518368781 -0.308383584 -0.4197492 0.97647059 1 0.827450991
v -0.589133382 -0.374803007 -0.553496003 0.97647059 1 0.827450991
v -0.64051187 -0.468137383 -0.676431417 0.97647059 1 0.827450991
v -0.665426254 -0.581377566 -0.786846459 0.97647059 1 0.827450991
v -0.659270287 -0.705868959 -0.883233845 0.97647059 1 0.827450991
v -0.620243669 -0.832144797 -0.964312434 0.97647059 1 0.827450991
v -0.549415827 -0.950807095 -1.02904785 0.97647059 1 0.827450991
v -0.450522602 -1.05337226 -1.07666409 0.97647059 1 0.827450991
v -0.32952255 -1.13300526 -1.10665929 0.97647059 1 0.827450991
v -0.193956167 -1.18507326 -1.11880958 0.97647059 1 0.827450991
v -0.0521843359 -1.2074703 -1.11317205 0.97647059 1 0.827450991
v 0.0874281079 -1.20069182 -1.09008408 0.97647059 1 0.827450991
v 0.217297077 -1.1676563 -1.05015588 0.97647059 1 0.827450991
v 0.331298172 -1.1132983 -0.994260669 0.97647059 1 0.827450991
v 0.425278813 -1.04398096 -0.923519194 0.97647059 1 0.827450991
v 0.497354716 -0.966788411 -0.839281857 0.97647059 1 0.827450991
v 0.547968805 -0.888776422 -0.743105114 0.97647059 1 0.827450991
v 0.579715729 -0.81624794 -0.636728764 0.97647059 1 0.827450991
v 0.596951008 -0.754136741 -0.52204442 0.97647059 1 0.827450991
v 0.605234087 -0.705549479 -0.401067287 0.97647059 1 0.827450991
v 0.610663474 -0.671512902 -0.275901854 0.97647059 1 0.827450991
v 0.619175613 -0.650947928 -0.148709878 0.97647059 1 0.827450991
v 0.635879993 -0.640864015 -0.0216729287 0.97647059 1 0.827450991
v 0.664498806 -0.636754632 0.103041351 0.97647059 1 0.827450991
v 0.706965685 -0.633144677 0.223312691 0.97647059 1 0.827450991
v 0.763224781 -0.624231637 0.337103873 0.97647059 1 0.827450991
v 0.83124584 -0.604552746 0.442493826 0.97647059 1 0.827450991
v 0.907253623 -0.569606423 0.537707806 0.97647059 1 0.827450991
v 0.986139953 -0.51636523 0.621144176 0.97647059 1 0.827450991
v 1.06201863 -0.443624496 0.691403389 0.97647059 1 0.827450991
v 1.12886 -0.352153957 0.747307479 0.97647059 1 0.827450991
v 1.18113744 -0.244637385 0.787920713 0.97647059 1 0.827450991
v 1.21441984 -0.125406832 0.812563598 0.97647059 1 0.827450991
v 1.22584391 3.17046954e-07 0.820823848 0.97647059 1 0.827450991
v 1.21441972 0.125407204 0.812563479 0.97647059 1 0.827450991
v 1.18113708 0.244638175 0.787920535 0.97647059 1 0.827450991
v 1.12885952 0.352154613 0.747307122 0.97647059 1 0.827450991
v 1.06201816 0.443625033 0.691402912 0.97647059 1 0.827450991
v 0.986139357 0.516365707 0.621143699 0.97647059 1 0.827450991
v 0.907252967 0.569606841 0.537706852 0.97647059 1 0.827450991
v 0.831245542 0.604552805 0.442493528 0.97647059 1 0.827450991
v 0.763224483 0.624231756 0.337103128 0.97647059 1 0.827450991
v 0.706965566 0.633144736 0.223312244 0.97647059 1 0.827450991
v 0.664498687 0.636754513 0.103040949 0.97647059 1 0.827450991
v 0.635879993 0.640864015 -0.0216729324 0.97647059 1 0.827450991
v 0.619175673 0.650948048 -0.148710743 0.97647059 1 0.827450991
v 0.610663474 0.6715132 -0.275902718 0.97647059 1 0.827450991
v 0.605234146 0.705549836 -0.401068091 0.97647059 1 0.827450991
v 0.596951008 0.754137218 -0.522045255 0.97647059 1 0.827450991
v 0.57971561 0.816248596 -0.636729479 0.97647059 1 0.827450991
v 0.547968507 0.888776839 -0.743105948 0.97647059 1 0.827450991
v 0.497354329 0.966788948 -0.839282274 0.97647059 1 0.827450991
v 0.425278485 1.04398131 -0.923519909 0.97647059 1 0.827450991
v 0.331297308 1.11329889 -0.994261026 0.97647059 1 0.827450991
v 0.217296064 1.16765666 -1.05015635 0.97647059 1 0.827450991
v 0.0874272138 1.20069206 -1.09008431 0.97647059 1 0.827450991
v -0.0521854237 1.20747018 -1.11317229 0.97647059 1 0.827450991
v -0.193957224 1.18507302 -1.11880934 0.97647059 1 0.827450991
v -0.32952255 1.13300526 -1.10665929 0.97647059 1 0.827450991
v -0.450523078 1.05337203 -1.07666409 0.97647059 1 0.827450991
v -0.549416065 0.950806558 -1.02904749 0.97647059 1 0.827450991
v -0.620243788 0.832144558 -0.964312255 0.97647059 1 0.827450991
v -0.659270346 0.705868721 -0.88323313 0.97647059 1 0.827450991
v -0.665426254 0.581377387 -0.78684622 0.97647059 1 0.827450991
v -0.640511751 0.468137205 -0.676431179 0.97647059 1 0.827450991
v -0.589133263 0.37480256 -0.553495526 0.97647059 1 0.827450991
v -0.518368304 0.308383405 -0.419748455 0.97647059 1 0.827450991
v -0.437191874 0.273544937 -0.277077645 0.97647059 1 0.827450991
v -0.355702549 0.272105038 -0.127518445 0.97647059 1 0.827450991
v -0.284227163 0.30278635 0.026776595 0.97647059 1 0.827450991
v -0.232379019 0.361249506 0.183571354 0.97647059 1 0.827450991
v -0.20815897 0.440406919 0.34057951 0.97647059 1 0.827450991
v -0.217186004 0.531002641 0.495502204 0.97647059 1 0.827450991
v -0.262131244 0.622398674 0.646060228 0.97647059 1 0.827450991
v -0.342404276 0.703504801 0.790032327 0.97647059 1 0.827450991
v -0.454137355 0.763767123 0.925288022 0.97647059 1 0.827450991
v -0.590462387 0.794123411 1.04982078 0.97647059 1 0.827450991
v -0.742064774 0.787839472 1.1617806 0.97647059 1 0.827450991
v -0.897964239 0.741146266 1.25950038 0.97647059 1 0.827450991
v -1.04645598 0.653618574 1.341524 0.97647059 1 0.827450991
v -1.17612386 0.528259218 1.40662563 0.97647059 1 0.827450991
v -1.27684343 0.371275187 1.45383525 0.97647059 1 0.827450991
v -1.34066439 0.191571698 1.48244631 0.97647059 1 0.827450991
v -1.33049536 0 1.43912566 0.97647059 1 0.827450991
v -1.31041837 -0.179719895 1.42988086 0.97647059 1 0.827450991
v -1.25177741 -0.348589182 1.40228426 0.97647059 1 0.827450991
v -1.15920401 -0.4966878 1.35674858 0.97647059 1 0.827450991
v -1.03996003 -0.615873218 1.29395437 0.97647059 1 0.827450991
v -0.903297186 -0.700466692 1.2148397 0.97647059 1 0.827450991
v -0.759643912 -0.747718573 1.1205852 0.97647059 1 0.827450991
v -0.619693875 -0.758009434 1.01259482 0.97647059 1 0.827450991
v -0.493477345 -0.734777033 0.892477572 0.97647059 1 0.827450991
v -0.389503092 -0.684166193 0.762017906 0.97647059 1 0.827450991
v -0.314045131 -0.614448667 0.623150885 0.97647059 1 0.827450991
v -0.270634562 -0.535258532 0.477931261 0.97647059 1 0.827450991
v -0.259807914 -0.45671916 0.328502178 0.97647059 1 0.827450991
v -0.279124141 -0.388540626 0.177061036 0.97647059 1 0.827450991
v -0.323445499 -0.339168876 0.0258263405 0.97647059 1 0.827450991
v -0.38545984 -0.315067083 -0.122997425 0.97647059 1 0.827450991
v -0.456382185 -0.320187658 -0.267253488 0.97647059 1 0.827450991
v -0.526775479 -0.355684429 -0.404865324 0.97647059 1 0.827450991
v -0.587411702 -0.41988045 -0.533869803 0.97647059 1 0.827450991
v -0.630090654 -0.508497477 -0.652446091 0.97647059 1 0.827450991
v -0.648346186 -0.615113258 -0.75894618 0.97647059 1 0.827450991
v -0.637970686 -0.731802821 -0.851915479 0.97647059 1 0.827450991
v -0.597322583 -0.849895775 -0.930119336 0.97647059 1 0.827450991
v -0.527383149 -0.960785031 -0.992559314 0.97647059 1 0.827450991
v -0.431571811 -1.05669725 -1.03848684 0.97647059 1 0.827450991
v -0.315340936 -1.13136458 -1.06741858 0.97647059 1 0.827450991
v -0.185590178 -1.18053007 -1.07913792 0.97647059 1 0.827450991
v -0.0499715135 -1.20224524 -1.07370043 0.97647059 1 0.827450991
v 0.0838567615 -1.19693756 -1.05143118 0.97647059 1 0.827450991
v 0.208946586 -1.16724813 -1.01291883 0.97647059 1 0.827450991
v 0.319680452 -1.11766064 -0.959005713 0.97647059 1 0.827450991
v 0.412238628 -1.0539639 -0.890772581 0.97647059 1 0.827450991
v 0.484870315 -0.982607245 -0.809521973 0.97647059 1 0.827450991
v 0.537947178 -0.910014629 -0.716755629 0.97647059 1 0.827450991
v 0.57380271 -0.841924787 -0.614151299 0.97647059 1 0.827450991
v 0.596375287 -0.782828391 -0.503533483 0.97647059 1 0.827450991
v 0.610699475 -0.735549867 -0.386846006 0.97647059 1 0.827450991
v 0.622298658 -0.701017678 -0.266118765 0.97647059 1 0.827450991
v 0.636544585 -0.678241014 -0.143437266 0.97647059 1 0.827450991
v 0.658051491 -0.664488077 -0.0209040251 0.97647059 1 0.827450991
v 0.690163076 -0.655649543 0.0993876457 0.97647059 1 0.827450991
v 0.734588265 -0.646736801 0.215394348 0.97647059 1 0.827450991
v 0.791218162 -0.632470667 0.325150609 0.97647059 1 0.827450991
v 0.858140826 -0.607889593 0.426803559 0.97647059 1 0.827450991
v 0.931852043 -0.568918288 0.518641353 0.97647059 1 0.827450991
v 1.00763357 -0.512836397 0.599119365 0.97647059 1 0.827450991
v 1.08006191 -0.43859607 0.666887224 0.97647059 1 0.827450991
v 1.14358747 -0.346960217 0.720809162 0.97647059 1 0.827450991
v 1.19312942 -0.24044618 0.759982228 0.97647059 1 0.827450991
v 1.22461474 -0.123081923 0.783751249 0.97647059 1 0.827450991
v 1.23541284 3.07104216e-07 0.791718602 0.97647059 1 0.827450991
v 1.22461462 0.123082295 0.78375113 0.97647059 1 0.827450991
v 1.19312918 0.24044697 0.75998199 0.97647059 1 0.827450991
v 1.14358699 0.346960902 0.720808804 0.97647059 1 0.827450991
v 1.08006144 0.438596606 0.666886806 0.97647059 1 0.827450991
v 1.00763321 0.512836814 0.599118829 0.97647059 1 0.827450991
v 0.931851327 0.568918705 0.518640399 0.97647059 1 0.827450991
v 0.858140469 0.607889593 0.426803291 0.97647059 1 0.827450991
v 0.791217864 0.632470787 0.325149894 0.97647059 1 0.827450991
v 0.734588146 0.64673686 0.215393916 0.97647059 1 0.827450991
v 0.690162897 0.655649424 0.0993872508 0.97647059 1 0.827450991
v 0.658051312 0.664488077 -0.0209044404 0.97647059 1 0.827450991
v 0.636544526 0.678240836 -0.143437684 0.97647059 1 0.827450991
v 0.622298479 0.701017857 -0.266119629 0.97647059 1 0.827450991
v 0.610699415 0.735550284 -0.386846811 0.97647059 1 0.827450991
v 0.596375227 0.782828927 -0.503534198 0.97647059 1 0.827450991
v 0.573802531 0.841925561 -0.614151835 0.97647059 1 0.827450991
v 0.53794682 0.910014987 -0.716756344 0.97647059 1 0.827450991
v 0.484869927 0.982607722 -0.809522331 0.97647059 1 0.827450991
v 0.41223821 1.05396438 -0.890773058 0.97647059 1 0.827450991
v 0.319679588 1.11766124 -0.959006011 0.97647059 1 0.827450991
v 0.208945692 1.16724849 -1.01291955 0.97647059 1 0.827450991
v 0.0838558823 1.19693768 -1.05143154 0.97647059 1 0.827450991
v -0.0499725491 1.20224512 -1.07370067 0.97647059 1 0.827450991
v -0.185591176 1.18052983 -1.0791378 0.97647059 1 0.827450991
v -0.315340936 1.13136458 -1.06741858 0.97647059 1 0.827450991
v -0.431572258 1.05669701 -1.03848684 0.97647059 1 0.827450991
v -0.527383447 0.960784554 -0.992559016 0.97647059 1 0.827450991
v -0.597322702 0.849895537 -0.930119157 0.97647059 1 0.827450991
v -0.637970865 0.731802285 -0.85191524 0.97647059 1 0.827450991
v -0.648346066 0.615113318 -0.758945823 0.97647059 1 0.827450991
v -0.630090654 0.508497119 -0.652446032 0.97647059 1 0.827450991
v -0.587411582 0.419880062 -0.533869386 0.97647059 1 0.827450991
v -0.526775241 0.35568428 -0.404864728 0.97647059 1 0.827450991
v -0.456381857 0.320187688 -0.267252892 0.97647059 1 0.827450991
v -0.385459334 0.315066963 -0.122996837 0.97647059 1 0.827450991
v -0.323445141 0.339168906 0.0258271322 0.97647059 1 0.827450991
v -0.279123724 0.388540983 0.17706202 0.97647059 1 0.827450991
v -0.259807944 0.456719637 0.328503102 0.97647059 1 0.827450991
v -0.27063477 0.535259068 0.477932364 0.97647059 1 0.827450991
v -0.314045697 0.614449203 0.623151958 0.97647059 1 0.827450991
v -0.389504194 0.684166551 0.76201874 0.97647059 1 0.827450991
v -0.49347809 0.734777451 0.892478645 0.97647059 1 0.827450991
v -0.619694829 0.758009672 1.01259589 0.97647059 1 0.827450991
v -0.759645164 0.747718096 1.12058568 0.97647059 1 0.827450991
v -0.903298378 0.700466096 1.21484041 0.97647059 1 0.827450991
v -1.03996134 0.615872443 1.29395521 0.97647059 1 0.827450991
v -1.15920424 0.496687651 1.35674882 0.97647059 1 0.827450991
v -1.25177765 0.348588884 1.40228438 0.97647059 1 0.827450991
v -1.31041837 0.179719493 1.42988098 0.97647059 1 0.827450991
v -1.30279458 0 1.38809621 0.97647059 1 0.827450991
v -1.28433907 -0.168975785 1.37917936 0.97647059 1 0.827450991
v -1.23042572 -0.328031242 1.35256135 0.97647059 1 0.827450991
v -1.14528537 -0.468096256 1.30864012 0.97647059 1 0.827450991
v -1.03555262 -0.581724882 1.24807274 0.97647059 1 0.827450991
v -0.90967983 -0.663721561 1.1717633 0.97647059 1 0.827450991
v -0.777193964 -0.711567163 1.08085072 0.97647059 1 0.827450991
v -0.647864103 -0.725603044 0.976689756 0.97647059 1 0.827450991
v -0.53085351 -0.708961904 0.860831439 0.97647059 1 0.827450991
v -0.433934361 -0.667250633 0.73499763 0.97647059 1 0.827450991
v -0.362836748 -0.608018875 0.601054728 0.97647059 1 0.827450991
v -0.320785254 -0.540059924 0.460984498 0.97647059 1 0.827450991
v -0.308267981 -0.472613782 0.316853881 0.97647059 1 0.827450991
v -0.323051304 -0.414541781 0.170782745 0.97647059 1 0.827450991
v -0.360439837 -0.373550177 0.0249105729 0.97647059 1 0.827450991
v -0.413749933 -0.355531573 -0.118636265 0.97647059 1 0.827450991
v -0.474952877 -0.364084899 -0.257777005 0.97647059 1 0.827450991
v -0.535424769 -0.400249243 -0.390509367 0.97647059 1 0.827450991
v -0.586733401 -0.462478012 -0.514939547 0.97647059 1 0.827450991
v -0.621385932 -0.546845317 -0.629311383 0.97647059 1 0.827450991
v -0.633474886 -0.647466302 -0.732034981 0.97647059 1 0.827450991
v -0.619157672 -0.757080436 -0.821707726 0.97647059 1 0.827450991
v -0.576937318 -0.867746174 -0.897138774 0.97647059 1 0.827450991
v -0.507714272 -0.9715783 -0.95736438 0.97647059 1 0.827450991
v -0.414619744 -1.06145179 -1.0016638 0.97647059 1 0.827450991
v -0.302643001 -1.13161671 -1.02956951 0.97647059 1 0.827450991
v -0.178098768 -1.17815924 -1.04087341 0.97647059 1 0.827450991
v -0.0479914024 -1.19927406 -1.03562868 0.97647059 1 0.827450991
v 0.0806659982 -1.19532633 -1.01414895 0.97647059 1 0.827450991
v 0.201506287 -1.16870332 -0.977002144 0.97647059 1 0.827450991
v 0.309374541 -1.12347591 -0.925000846 0.97647059 1 0.827450991
v 0.400755048 -1.06490815 -0.859187007 0.97647059 1 0.827450991
v 0.474017829 -0.998868763 -0.780817449 0.97647059 1 0.827450991
v 0.529469371 -0.931203842 -0.691340566 0.97647059 1 0.827450991
v 0.569203615 -0.867136598 -0.592374265 0.97647059 1 0.827450991
v 0.596777201 -0.810752213 -0.485678881 0.97647059 1 0.827450991
v 0.616744041 -0.764616847 -0.37312901 0.97647059 1 0.827450991
v 0.63410145 -0.729569197 -0.256682545 0.97647059 1 0.827450991
v 0.653704345 -0.704698861 -0.138350755 0.97647059 1 0.827450991
v 0.679712772 -0.687511206 -0.0201631989 0.97647059 1 0.827450991
v 0.715124428 -0.674258769 0.0958634987 0.97647059 1 0.827450991
v 0.76144141 -0.660398781 0.207756758 0.97647059 1 0.827450991
v 0.818505287 -0.641129971 0.313621253 0.97647059 1 0.827450991
v 0.884511232 -0.611949503 0.411669761 0.97647059 1 0.827450991
v 0.956201553 -0.569172382 0.500251114 0.97647059 1 0.827450991
v 1.02921414 -0.510359526 0.577875376 0.97647059 1 0.827450991
v 1.09854603 -0.434607387 0.643240333 0.97647059 1 0.827450991
v 1.15908706 -0.342673689 0.695250213 0.97647059 1 0.827450991
v 1.20616174 -0.236924917 0.733034253 0.97647059 1 0.827450991
v 1.2360245 -0.121112473 0.755960524 0.97647059 1 0.827450991
v 1.24625754 2.98336829e-07 0.763645351 0.97647059 1 0.827450991
v 1.2360245 0.121112831 0.755960464 0.97647059 1 0.827450991
v 1.2061615 0.236925721 0.733034134 0.97647059 1 0.827450991
v 1.1590867 0.342674375 0.695249915 0.97647059 1 0.827450991
v 1.09854555 0.434607923 0.643239915 0.97647059 1 0.827450991
v 1.02921355 0.510360003 0.577874959 0.97647059 1 0.827450991
v 0.956201017 0.569172859 0.50025022 0.97647059 1 0.827450991
v 0.884510815 0.611949563 0.411669433 0.97647059 1 0.827450991
v 0.818504989 0.64113009 0.313620538 0.97647059 1 0.827450991
v 0.761441529 0.660399079 0.207756311 0.97647059 1 0.827450991
v 0.715124309 0.674258828 0.0958631113 0.97647059 1 0.827450991
v 0.679712713 0.687511086 -0.0201631989 0.97647059 1 0.827450991
v 0.653704345 0.70469892 -0.13835156 0.97647059 1 0.827450991
v 0.634101391 0.729569435 -0.25668335 0.97647059 1 0.827450991
v 0.616744041 0.764617383 -0.373129755 0.97647059 1 0.827450991
v 0.596777081 0.81075269 -0.485679567 0.97647059 1 0.827450991
v 0.569203377 0.867137372 -0.592374861 0.97647059 1 0.827450991
v 0.529469132 0.93120414 -0.691341043 0.97647059 1 0.827450991
v 0.474017411 0.998869061 -0.780817866 0.97647059 1 0.827450991
v 0.400754452 1.06490874 -0.859187603 0.97647059 1 0.827450991
v 0.309373736 1.12347651 -0.925001085 0.97647059 1 0.827450991
v 0.201505363 1.16870356 -0.97700274 0.97647059 1 0.827450991
v 0.0806651413 1.19532645 -1.01414895 0.97647059 1 0.827450991
v -0.0479924008 1.19927394 -1.0356288 0.97647059 1 0.827450991
v -0.178099766 1.17815912 -1.04087353 0.97647059 1 0.827450991
v -0.302643001 1.13161671 -1.02956951 0.97647059 1 0.827450991
v -0.414620221 1.06145155 -1.00166368 0.97647059 1 0.827450991
v -0.507714629 0.971577764 -0.957364321 0.97647059 1 0.827450991
v -0.576937199 0.867746055 -0.897138357 0.97647059 1 0.827450991
v -0.619157791 0.757080078 -0.821707308 0.97647059 1 0.827450991
v -0.633474886 0.647466063 -0.732034743 0.97647059 1 0.827450991
v -0.621385932 0.546845198 -0.629311144 0.97647059 1 0.827450991
v -0.586733103 0.462477416 -0.514938891 0.97647059 1 0.827450991
v -0.535424531 0.400249094 -0.390508801 0.97647059 1 0.827450991
v -0.474952459 0.364084661 -0.257776499 0.97647059 1 0.827450991
v -0.413749576 0.355531752 -0.11863552 0.97647059 1 0.827450991
v -0.360439539 0.373550117 0.0249113385 0.97647059 1 0.827450991
v -0.323051244 0.414542228 0.170783788 0.97647059 1 0.827450991
v -0.308267862 0.472614139 0.316854835 0.97647059 1 0.827450991
v -0.320785582 0.54006052 0.46098569 0.97647059 1 0.827450991
v -0.362837255 0.608019352 0.601055682 0.97647059 1 0.827450991
v -0.433935046 0.66725105 0.734998584 0.97647059 1 0.827450991
v -0.530854106 0.708962202 0.860832572 0.97647059 1 0.827450991
v -0.647865057 0.725603104 0.976690531 0.97647059 1 0.827450991
v -0.777194977 0.711566925 1.08085132 0.97647059 1 0.827450991
v -0.909680963 0.663720965 1.17176402 0.97647059 1 0.827450991
v -1.03555381 0.581723928 1.24807334 0.97647059 1 0.827450991
v -1.14528561 0.468096137 1.30864048 0.97647059 1 0.827450991
v -1.23042595 0.328030944 1.35256135 0.97647059 1 0.827450991
v -1.28433919 0.168975383 1.37917948 0.97647059 1 0.827450991
v -1.27907145 0 1.33887649 0.97647059 1 0.827450991
v -1.26209557 -0.159245685 1.3302753 0.97647059 1 0.827450991
v -1.21249557 -0.309421003 1.30460131 0.97647059 1 0.827450991
v -1.13413668 -0.442232251 1.26223755 0.97647059 1 0.827450991
v -1.03308022 -0.550869405 1.20381749 0.97647059 1 0.827450991
v -0.917047858 -0.630579412 1.13021445 0.97647059 1 0.827450991
v -0.79474324 -0.67905283 1.04252505 0.97647059 1 0.827450991
v -0.675090611 -0.696594596 0.942057669 0.97647059 1 0.827450991
v -0.566460431 -0.686059594 0.830307722 0.97647059 1 0.827450991
v -0.475952566 -0.652562618 0.708935738 0.97647059 1 0.827450991
v -0.408800155 -0.602992773 0.579742074 0.97647059 1 0.827450991
v -0.367946833 -0.545375884 0.44463861 0.97647059 1 0.827450991
v -0.353836656 -0.4881441 0.305618852 0.97647059 1 0.827450991
v -0.364426404 -0.439383388 0.164727047 0.97647059 1 0.827450991
v -0.39542374 -0.406123519 0.0240271371 0.97647059 1 0.827450991
v -0.440719634 -0.393736511 -0.114429429 0.97647059 1 0.827450991
v -0.492976457 -0.405496389 -0.248636603 0.97647059 1 0.827450991
v -0.544313431 -0.442339152 -0.376662523 0.97647059 1 0.827450991
v -0.587024689 -0.502835274 -0.496680498 0.97647059 1 0.827450991
v -0.614264429 -0.583381712 -0.606996834 0.97647059 1 0.827450991
v -0.62063545 -0.678583384 -0.706077993 0.97647059 1 0.827450991
v -0.602628589 -0.781787336 -0.792571187 0.97647059 1 0.827450991
v -0.558878779 -0.885717332 -0.865327418 0.97647059 1 0.827450991
v -0.490213811 -0.983146906 -0.92341733 0.97647059 1 0.827450991
v -0.399500251 -1.06754375 -0.966146231 0.97647059 1 0.827450991
v -0.291305304 -1.13363028 -0.993062437 0.97647059 1 0.827450991
v -0.17140913 -1.17780578 -1.00396538 0.97647059 1 0.827450991
v -0.0462246612 -1.19839537 -0.998906553 0.97647059 1 0.827450991
v 0.0778243244 -1.19570649 -0.978188574 0.97647059 1 0.827450991
v 0.194901019 -1.17189443 -0.94235903 0.97647059 1 0.827450991
v 0.300272614 -1.13065255 -0.892201543 0.97647059 1 0.827450991
v 0.390701175 -1.07676435 -0.828721344 0.97647059 1 0.827450991
v 0.464666516 -1.01556778 -0.753130734 0.97647059 1 0.827450991
v 0.522414386 -0.952380955 -0.666826427 0.97647059 1 0.827450991
v 0.565819681 -0.891955435 -0.571369529 0.97647059 1 0.827450991
v 0.598089278 -0.838005364 -0.468457341 0.97647059 1 0.827450991
v 0.623337209 -0.792861044 -0.359898388 0.97647059 1 0.827450991
v 0.646079004 -0.757278621 -0.247580975 0.97647059 1 0.827450991
v 0.670696318 -0.730421662 -0.133445412 0.97647059 1 0.827450991
v 0.700933814 -0.710011303 -0.0194482394 0.97647059 1 0.827450991
v 0.739471257 -0.692631841 0.0924643055 0.97647059 1 0.827450991
v 0.78762114 -0.674147308 0.200389981 0.97647059 1 0.827450991
v 0.845178306 -0.65019393 0.302500755 0.97647059 1 0.827450991
v 0.910434961 -0.616688669 0.397072524 0.97647059 1 0.827450991
v 0.980358362 -0.570303559 0.482512832 0.97647059 1 0.827450991
v 1.05090916 -0.508857489 0.557384789 0.97647059 1 0.827450991
v 1.11746967 -0.431579769 0.6204319 0.97647059 1 0.827450991
v 1.17532909 -0.339224458 0.670597672 0.97647059 1 0.827450991
v 1.2201823 -0.234021425 0.707041979 0.97647059 1 0.827450991
v 1.24858272 -0.119470596 0.729155242 0.97647059 1 0.827450991
v 1.25830579 2.90649155e-07 0.736567497 0.97647059 1 0.827450991
v 1.24858272 0.119470954 0.729155123 0.97647059 1 0.827450991
v 1.22018194 0.234022185 0.7070418 0.97647059 1 0.827450991
v 1.17532873 0.339225113 0.670597315 0.97647059 1 0.827450991
v 1.11746907 0.431580305 0.620431542 0.97647059 1 0.827450991
v 1.0509088 0.508857965 0.557384193 0.97647059 1 0.827450991
v 0.980357707 0.570304096 0.482511997 0.97647059 1 0.827450991
v 0.910434723 0.616688728 0.397072226 0.97647059 1 0.827450991
v 0.845178008 0.650194168 0.302500039 0.97647059 1 0.827450991
v 0.787621081 0.674147487 0.200389579 0.97647059 1 0.827450991
v 0.739471018 0.692631781 0.0924639627 0.97647059 1 0.827450991
v 0.700933814 0.710011303 -0.0194482394 0.97647059 1 0.827450991
v 0.670696259 0.730421484 -0.133445844 0.97647059 1 0.827450991
v 0.646078765 0.7572788 -0.247581765 0.97647059 1 0.827450991
v 0.62333715 0.792861462 -0.359899104 0.97647059 1 0.827450991
v 0.598089099 0.838005722 -0.468458146 0.97647059 1 0.827450991
v 0.565819442 0.891955972 -0.571370125 0.97647059 1 0.827450991
v 0.522414088 0.952381253 -0.666827321 0.97647059 1 0.827450991
v 0.464666128 1.01556802 -0.753131151 0.97647059 1 0.827450991
v 0.390700579 1.0767647 -0.828722 0.97647059 1 0.827450991
v 0.300272048 1.13065279 -0.892201781 0.97647059 1 0.827450991
v 0.194900155 1.17189467 -0.942359626 0.97647059 1 0.827450991
v 0.0778235048 1.19570649 -0.978188992 0.97647059 1 0.827450991
v -0.0462256186 1.19839513 -0.998906612 0.97647059 1 0.827450991
v -0.171410054 1.17780554 -1.00396514 0.97647059 1 0.827450991
v -0.291305304 1.13363028 -0.993062437 0.97647059 1 0.827450991
v -0.399500608 1.06754363 -0.966145992 0.97647059 1 0.827450991
v -0.490214109 0.983146548 -0.923417389 0.97647059 1 0.827450991
v -0.558878899 0.885717154 -0.865327179 0.97647059 1 0.827450991
v -0.602628708 0.781786978 -0.79257077 0.97647059 1 0.827450991
v -0.62063545 0.678583205 -0.706077814 0.97647059 1 0.827450991
v -0.614264369 0.583381534 -0.606996596 0.97647059 1 0.827450991
v -0.587024629 0.502834797 -0.496680081 0.97647059 1 0.827450991
v -0.544313133 0.442338973 -0.376661867 0.97647059 1 0.827450991
v -0.492976159 0.405496359 -0.248636052 0.97647059 1 0.827450991
v -0.440719277 0.393736452 -0.114428885 0.97647059 1 0.827450991
v -0.395423651 0.406123698 0.0240280181 0.97647059 1 0.827450991
v -0.364426374 0.439383805 0.16472806 0.97647059 1 0.827450991
v -0.353836805 0.488144547 0.305619746 0.97647059 1 0.827450991
v -0.367947131 0.545376241 0.444639623 0.97647059 1 0.827450991
v -0.408800393 0.60299325 0.579743147 0.97647059 1 0.827450991
v -0.475953192 0.652562976 0.708936691 0.97647059 1 0.827450991
v -0.566461384 0.686059654 0.830308318 0.97647059 1 0.827450991
v -0.675091386 0.696594715 0.942058682 0.97647059 1 0.827450991
v -0.794744253 0.679052472 1.04252577 0.97647059 1 0.827450991
v -0.917048931 0.630578756 1.13021469 0.97647059 1 0.827450991
v -1.03308117 0.550868869 1.20381856 0.97647059 1 0.827450991
v -1.13413692 0.442232013 1.26223767 0.97647059 1 0.827450991
v -1.21249568 0.309420705 1.30460131 0.97647059 1 0.827450991
v -1.26209569 0.159245312 1.33027542 0.97647059 1 0.827450991
v -1.25901151 0 1.29140162 0.97647059 1 0.827450991
v -1.24338555 -0.150443792 1.28310597 0.97647059 1 0.827450991
v -1.19772053 -0.292593628 1.25834215 0.97647059 1 0.827450991
v -1.12554765 -0.418865144 1.21748042 0.97647059 1 0.827450991
v -1.03240407 -0.523029625 1.1611321 0.97647059 1 0.827450991
v -0.925344348 -0.600737214 1.09013855 0.97647059 1 0.827450991
v -0.812319398 -0.649870753 1.00555861 0.97647059 1 0.827450991
v -0.7014817 -0.670701981 0.908653617 0.97647059 1 0.827450991
v -0.600477576 -0.665831089 0.800866246 0.97647059 1 0.827450991
v -0.515791833 -0.639923453 0.683798015 0.97647059 1 0.827450991
v -0.452203959 -0.599264801 0.559185326 0.97647059 1 0.827450991
v -0.412401676 -0.551178813 0.428872317 0.97647059 1 0.827450991
v -0.396787524 -0.503360033 0.294782013 0.97647059 1 0.827450991
v -0.403492332 -0.46318534 0.15888603 0.97647059 1 0.827450991
v -0.428592265 -0.437066376 0.0231753122 0.97647059 1 0.827450991
v -0.466503352 -0.429898739 -0.110371947 0.97647059 1 0.827450991
v -0.510519505 -0.444660574 -0.239820316 0.97647059 1 0.827450991
v -0.553438306 -0.482192129 -0.363306522 0.97647059 1 0.827450991
v -0.58821857 -0.54117167 -0.479068965 0.97647059 1 0.827450991
v -0.608604789 -0.618290186 -0.585473835 0.97647059 1 0.827450991
v -0.609666049 -0.708599448 -0.681041479 0.97647059 1 0.827450991
v -0.588198185 -0.80600214 -0.764467716 0.97647059 1 0.827450991
v -0.542956948 -0.903828919 -0.834644079 0.97647059 1 0.827450991
v -0.474702895 -0.995455384 -0.890674293 0.97647059 1 0.827450991
v -0.386062026 -1.07488966 -0.931888044 0.97647059 1 0.827450991
v -0.28121537 -1.13728559 -0.957849801 0.97647059 1 0.827450991
v -0.165454984 -1.17932844 -0.968366265 0.97647059 1 0.827450991
v -0.0446536615 -1.19946158 -0.963486791 0.97647059 1 0.827450991
v 0.0753029361 -1.19793987 -0.94350338 0.97647059 1 0.827450991
v 0.189062282 -1.17670548 -0.908944249 0.97647059 1 0.827450991
v 0.292277247 -1.13910627 -0.860565305 0.97647059 1 0.827450991
v 0.381961882 -1.08948731 -0.799336076 0.97647059 1 0.827450991
v 0.456696987 -1.03269982 -0.726425767 0.97647059 1 0.827450991
v 0.516672194 -0.973579884 -0.64318186 0.97647059 1 0.827450991
v 0.563560963 -0.916447461 -0.551109552 0.97647059 1 0.827450991
v 0.600250125 -0.86467731 -0.45184657 0.97647059 1 0.827450991
v 0.630451024 -0.820384145 -0.347136915 0.97647059 1 0.827450991
v 0.658237755 -0.784248412 -0.23880206 0.97647059 1 0.827450991
v 0.687559247 -0.755500555 -0.128713265 0.97647059 1 0.827450991
v 0.721778452 -0.732060254 -0.0187586304 0.97647059 1 0.827450991
v 0.763284504 -0.710813761 0.0891856477 0.97647059 1 0.827450991
v 0.813215137 -0.687997818 0.193284452 0.97647059 1 0.827450991
v 0.871322036 -0.659648657 0.291774422 0.97647059 1 0.827450991
v 0.935984135 -0.622067094 0.382992923 0.97647059 1 0.827450991
v 1.00437331 -0.572252452 0.465403676 0.97647059 1 0.827450991
v 1.0727452 -0.508260071 0.537620604 0.97647059 1 0.827450991
v 1.13683152 -0.429441512 0.598432302 0.97647059 1 0.827450991
v 1.19228721 -0.336548746 0.646819234 0.97647059 1 0.827450991
v 1.23514438 -0.231688067 0.681971192 0.97647059 1 0.827450991
v 1.26222885 -0.1181309 0.703300357 0.97647059 1 0.827450991
v 1.27149284 2.83953938e-07 0.710449934 0.97647059 1 0.827450991
v 1.26222885 0.118131258 0.703300238 0.97647059 1 0.827450991
v 1.23514414 0.231688812 0.681971014 0.97647059 1 0.827450991
v 1.19228685 0.336549401 0.646818817 0.97647059 1 0.827450991
v 1.13683116 0.429442048 0.598431885 0.97647059 1 0.827450991
v 1.07274461 0.508260548 0.537620246 0.97647059 1 0.827450991
v 1.00437272 0.572253048 0.465402842 0.97647059 1 0.827450991
v 0.935983896 0.622067153 0.382992625 0.97647059 1 0.827450991
v 0.871321619 0.659648836 0.291773796 0.97647059 1 0.827450991
v 0.813215077 0.687998056 0.193284065 0.97647059 1 0.827450991
v 0.763284266 0.710813701 0.0891853049 0.97647059 1 0.827450991
v 0.721778393 0.732060134 -0.0187586341 0.97647059 1 0.827450991
v 0.687559009 0.755500674 -0.128714025 0.97647059 1 0.827450991
v 0.658237517 0.78424865 -0.238802835 0.97647059 1 0.827450991
v 0.630450904 0.820384562 -0.34713763 0.97647059 1 0.827450991
v 0.600249946 0.864677668 -0.451847285 0.97647059 1 0.827450991
v 0.563560724 0.916447937 -0.551110208 0.97647059 1 0.827450991
v 0.516671836 0.97358036 -0.643182456 0.97647059 1 0.827450991
v 0.456696659 1.03270018 -0.726426244 0.97647059 1 0.827450991
v 0.381961286 1.08948767 -0.799336731 0.97647059 1 0.827450991
v 0.292276442 1.13910675 -0.860565543 0.97647059 1 0.827450991
v 0.189061433 1.1767056 -0.908944845 0.97647059 1 0.827450991
v 0.0753021315 1.19793987 -0.943503678 0.97647059 1 0.827450991
v -0.0446545854 1.19946134 -0.96348685 0.97647059 1 0.827450991
v -0.165455878 1.1793282 -0.968366086 0.97647059 1 0.827450991
v -0.28121537 1.13728559 -0.957849801 0.97647059 1 0.827450991
v -0.386062473 1.07488942 -0.931888044 0.97647059 1 0.827450991
v -0.474703252 0.995455027 -0.890674293 0.97647059 1 0.827450991
v -0.542956948 0.903828859 -0.834643722 0.97647059 1 0.827450991
v -0.588198364 0.806001842 -0.764467299 0.97647059 1 0.827450991
v -0.609666049 0.708599329 -0.681041241 0.97647059 1 0.827450991
v -0.60860467 0.618289828 -0.585473359 0.97647059 1 0.827450991
v -0.58821851 0.541171491 -0.479068458 0.97647059 1 0.827450991
v -0.553438187 0.48219198 -0.363305986 0.97647059 1 0.827450991
v -0.510519147 0.444660366 -0.239819825 0.97647059 1 0.827450991
v -0.466503263 0.429898769 -0.110371538 0.97647059 1 0.827450991
v -0.428592175 0.437066436 0.02317602 0.97647059 1 0.827450991
v -0.403492332 0.463185668 0.158887014 0.97647059 1 0.827450991
v -0.396787375 0.503360212 0.294782907 0.97647059 1 0.827450991
v -0.412402004 0.551179171 0.428873301 0.97647059 1 0.827450991
v -0.452204466 0.599265158 0.55918628 0.97647059 1 0.827450991
v -0.515792489 0.639923751 0.683798909 0.97647059 1 0.827450991
v -0.600478292 0.665831268 0.800866902 0.97647059 1 0.827450991
v -0.701482654 0.670701861 0.908654392 0.97647059 1 0.827450991
v -0.812320411 0.649870515 1.00555933 0.97647059 1 0.827450991
v -0.925345242 0.600736439 1.09013891 0.97647059 1 0.827450991
v -1.03240502 0.523028731 1.16113257 0.97647059 1 0.827450991
v -1.12554777 0.418864995 1.21748054 0.97647059 1 0.827450991
v -1.19772065 0.29259339 1.25834215 0.97647059 1 0.827450991
v -1.24338567 0.150443465 1.28310597 0.97647059 1 0.827450991
v -1.24232817 0 1.24561048 0.97647059 1 0.827450991
v -1.22793353 -0.14249149 1.23760867 0.97647059 1 0.827450991
v -1.18585753 -0.277398378 1.21372306 0.97647059 1 0.827450991
v -1.11932611 -0.397784293 1.17431045 0.97647059 1 0.827450991
v -1.03339791 -0.497951269 1.11995995 0.97647059 1 0.827450991
v -0.934517443 -0.573918104 1.05148375 0.97647059 1 0.827450991
v -0.829948187 -0.623743296 0.969902873 0.97647059 1 0.827450991
v -0.727137148 -0.647667408 0.876434028 0.97647059 1 0.827450991
v -0.633069098 -0.648058534 0.772468686 0.97647059 1 0.827450991
v -0.55366683 -0.629170716 0.659551382 0.97647059 1 0.827450991
v -0.49329558 -0.596738577 0.539357305 0.97647059 1 0.827450991
v -0.454407871 -0.557443976 0.413665175 0.97647059 1 0.827450991
v -0.437369913 -0.518307149 0.284329355 0.97647059 1 0.827450991
v -0.440471321 -0.48605746 0.153252289 0.97647059 1 0.827450991
v -0.460124195 -0.466540903 0.022353407 0.97647059 1 0.827450991
v -0.491224438 -0.464217842 -0.106458306 0.97647059 1 0.827450991
v -0.527642965 -0.481795669 -0.231316641 0.97647059 1 0.827450991
v -0.562797666 -0.520026803 -0.35042426 0.97647059 1 0.827450991
v -0.59025383 -0.577688396 -0.46208179 0.97647059 1 0.827450991
v -0.604295969 -0.651738763 -0.564713776 0.97647059 1 0.827450991
v -0.600419164 -0.737638652 -0.656892776 0.97647059 1 0.827450991
v -0.57569772 -0.829797208 -0.737360835 0.97647059 1 0.827450991
v -0.52899766 -0.92209971 -0.805048823 0.97647059 1 0.827450991
v -0.46101898 -1.00847101 -0.859092414 0.97647059 1 0.827450991
v -0.374166816 -1.08341348 -0.898844659 0.97647059 1 0.827450991
v -0.272270381 -1.14247417 -0.923885822 0.97647059 1 0.827450991
v -0.160175651 -1.18259871 -0.934029281 0.97647059 1 0.827450991
v -0.0432622954 -1.20233917 -0.929322958 0.97647059 1 0.827450991
v 0.0730755627 -1.20190072 -0.910048127 0.97647059 1 0.827450991
v 0.183927476 -1.1830312 -0.876714289 0.97647059 1 0.827450991
v 0.285298049 -1.14876199 -0.830050826 0.97647059 1 0.827450991
v 0.374431849 -1.10303664 -0.770992815 0.97647059 1 0.827450991
v 0.450000703 -1.05026209 -0.700667858 0.97647059 1 0.827450991
v 0.512142181 -0.994832933 -0.620375454 0.97647059 1 0.827450991
v 0.562345564 -0.940674007 -0.53156805 0.97647059 1 0.827450991
v 0.603204072 -0.890850544 -0.435824722 0.97647059 1 0.827450991
v 0.638060212 -0.847279489 -0.33482796 0.97647059 1 0.827450991
v 0.670584261 -0.810572147 -0.23033452 0.97647059 1 0.827450991
v 0.70432806 -0.780020475 -0.124149635 0.97647059 1 0.827450991
v 0.742305875 -0.753723919 -0.0180931203 0.97647059 1 0.827450991
v 0.786638856 -0.72884655 0.0860232562 0.97647059 1 0.827450991
v 0.838304877 -0.701965213 0.186430827 0.97647059 1 0.827450991
v 0.897014141 -0.669481695 0.281428576 0.97647059 1 0.827450991
v 0.961224973 -0.628048778 0.369412571 0.97647059 1 0.827450991
v 1.02829432 -0.574965239 0.448901087 0.97647059 1 0.827450991
v 1.09474611 -0.508503199 0.518557489 0.97647059 1 0.827450991
v 1.15663195 -0.428127289 0.577212751 0.97647059 1 0.827450991
v 1.20993829 -0.334588498 0.623883843 0.97647059 1 0.827450991
v 1.25100577 -0.229881465 0.657789528 0.97647059 1 0.827450991
v 1.27690864 -0.117070235 0.67836237 0.97647059 1 0.827450991
v 1.28576028 2.78171512e-07 0.685258448 0.97647059 1 0.827450991
v 1.27690852 0.117070585 0.67836231 0.97647059 1 0.827450991
v 1.25100541 0.229882196 0.65778935 0.97647059 1 0.827450991
v 1.20993793 0.334589183 0.623883665 0.97647059 1 0.827450991
v 1.15663159 0.428127855 0.577212334 0.97647059 1 0.827450991
v 1.09474576 0.508503675 0.518557012 0.97647059 1 0.827450991
v 1.02829361 0.574965775 0.448900342 0.97647059 1 0.827450991
v 0.961224914 0.628048897 0.369412243 0.97647059 1 0.827450991
v 0.897013783 0.669481933 0.28142792 0.97647059 1 0.827450991
v 0.838304698 0.701965272 0.186430484 0.97647059 1 0.827450991
v 0.786638618 0.72884655 0.0860229209 0.97647059 1 0.827450991
v 0.742305577 0.753723979 -0.0180934779 0.97647059 1 0.827450991
v 0.704327822 0.780020237 -0.124150023 0.97647059 1 0.827450991
v 0.670584142 0.810572505 -0.230335236 0.97647059 1 0.827450991
v 0.638060212 0.847280145 -0.334828526 0.97647059 1 0.827450991
v 0.603203893 0.890851021 -0.435825408 0.97647059 1 0.827450991
v 0.562345266 0.940674365 -0.531568706 0.97647059 1 0.827450991
v 0.512141764 0.994832993 -0.62037617 0.97647059 1 0.827450991
v 0.450000286 1.05026245 -0.700668156 0.97647059 1 0.827450991
v 0.374431252 1.103037 -0.770993352 0.97647059 1 0.827450991
v 0.285297275 1.14876246 -0.830051064 0.97647059 1 0.827450991
v 0.183926657 1.18303132 -0.876714945 0.97647059 1 0.827450991
v 0.0730747879 1.20190072 -0.910048544 0.97647059 1 0.827450991
v -0.0432631895 1.20233893 -0.929323018 0.97647059 1 0.827450991
v -0.16017656 1.18259859 -0.934029222 0.97647059 1 0.827450991
v -0.272270381 1.14247417 -0.923885822 0.97647059 1 0.827450991
v -0.374167204 1.08341336 -0.89884454 0.97647059 1 0.827450991
v -0.461019158 1.00847077 -0.859092295 0.97647059 1 0.827450991
v -0.528997779 0.92209959 -0.805048645 0.97647059 1 0.827450991
v -0.575697899 0.82979691 -0.737360418 0.97647059 1 0.827450991
v -0.600419223 0.737638474 -0.656892598 0.97647059 1 0.827450991
v -0.604295909 0.651738405 -0.564713359 0.97647059 1 0.827450991
v -0.59025389 0.577687979 -0.462081403 0.97647059 1 0.827450991
v -0.562797487 0.520026684 -0.350423753 0.97647059 1 0.827450991
v -0.527642787 0.481795639 -0.231316134 0.97647059 1 0.827450991
v -0.4912242 0.464217693 -0.106457934 0.97647059 1 0.827450991
v -0.460124016 0.466540873 0.0223542321 0.97647059 1 0.827450991
v -0.440471321 0.486057669 0.153253108 0.97647059 1 0.827450991
v -0.437369794 0.518307269 0.284330219 0.97647059 1 0.827450991
v -0.454408199 0.557444334 0.413666219 0.97647059 1 0.827450991
v -0.493295878 0.596738875 0.539358318 0.97647059 1 0.827450991
v -0.553667545 0.629170954 0.659552336 0.97647059 1 0.827450991
v -0.633069694 0.648058534 0.772469401 0.97647059 1 0.827450991
v -0.727137923 0.647667289 0.876434684 0.97647059 1 0.827450991
v -0.829949081 0.623742998 0.969903529 0.97647059 1 0.827450991
v -0.934518397 0.573917508 1.05148411 0.97647059 1 0.827450991
v -1.03339887 0.497950554 1.11996067 0.97647059 1 0.827450991
v -1.11932635 0.397784203 1.17431068 0.97647059 1 0.827450991
v -1.18585765 0.277398139 1.21372306 0.97647059 1 0.827450991
v -1.22793365 0.142491162 1.23760867 0.97647059 1 0.827450991
v -1.22876 0 1.20144272 0.97647059 1 0.827450991
v -1.2154882 -0.135317177 1.19372475 0.97647059 1 0.827450991
v -1.17668509 -0.263697743 1.17068636 0.97647059 1 0.827450991
v -1.11529768 -0.378797174 1.13267088 0.97647059 1 0.827450991
v -1.03594708 -0.475402772 1.08024788 0.97647059 1 0.827450991
v -0.944520772 -0.549869299 1.01419938 0.97647059 1 0.827450991
v -0.847653568 -0.600416481 0.935511649 0.97647059 1 0.827450991
v -0.752148569 -0.627255559 0.845356941 0.97647059 1 0.827450991
v -0.664385617 -0.632542551 0.745077789 0.97647059 1 0.827450991
v -0.589773893 -0.62015605 0.636164665 0.97647059 1 0.827450991
v -0.532300055 -0.595326364 0.520232618 0.97647059 1 0.827450991
v -0.494202435 -0.564149082 0.398997158 0.97647059 1 0.827450991
v -0.475813031 -0.533027887 0.274247438 0.97647059 1 0.827450991
v -0.475566655 -0.508100271 0.147818074 0.97647059 1 0.827450991
v -0.490182877 -0.494695663 0.0215609185 0.97647059 1 0.827450991
v -0.514995635 -0.496876061 -0.102683447 0.97647059 1 0.827450991
v -0.544403315 -0.517101407 -0.223114446 0.97647059 1 0.827450991
v -0.572389781 -0.556043863 -0.337998658 0.97647059 1 0.827450991
v -0.593075335 -0.612569332 -0.445697069 0.97647059 1 0.827450991
v -0.601237178 -0.683881462 -0.544689655 0.97647059 1 0.827450991
v -0.592760324 -0.765814543 -0.633600235 0.97647059 1 0.827450991
v -0.564972997 -0.853239298 -0.711215019 0.97647059 1 0.827450991
v -0.516842484 -0.940547287 -0.776502907 0.97647059 1 0.827450991
v -0.449012846 -1.02216566 -0.82863009 0.97647059 1 0.827450991
v -0.363688409 -1.09304678 -0.866972864 0.97647059 1 0.827450991
v -0.264376462 -1.14909732 -0.891126096 0.97647059 1 0.827450991
v -0.155515939 -1.18750048 -0.90091002 0.97647059 1 0.827450991
v -0.0420358628 -1.20690644 -0.896370471 0.97647059 1 0.827450991
v 0.0711182356 -1.20747519 -0.877779126 0.97647059 1 0.827450991
v 0.179439515 -1.19077587 -0.845627308 0.97647059 1 0.827450991
v 0.279253542 -1.15955102 -0.80061841 0.97647059 1 0.827450991
v 0.368014932 -1.11737609 -0.74365443 0.97647059 1 0.827450991
v 0.444478214 -1.06825197 -0.675823092 0.97647059 1 0.827450991
v 0.508732855 -1.01616907 -0.598377883 0.97647059 1 0.827450991
v 0.562098801 -0.964691639 -0.512719393 0.97647059 1 0.827450991
v 0.606900513 -0.916601181 -0.420370996 0.97647059 1 0.827450991
v 0.646142602 -0.873633564 -0.3229554 0.97647059 1 0.827450991
v 0.683125019 -0.836336613 -0.222167149 0.97647059 1 0.827450991
v 0.721036136 -0.804058075 -0.119747125 0.97647059 1 0.827450991
v 0.762570083 -0.775063694 -0.0174519029 0.97647059 1 0.827450991
v 0.809602857 -0.746768892 0.0829730034 0.97647059 1 0.827450991
v 0.862964571 -0.716063023 0.17982024 0.97647059 1 0.827450991
v 0.922326803 -0.679682255 0.271449476 0.97647059 1 0.827450991
v 0.98621875 -0.634601116 0.356313646 0.97647059 1 0.827450991
v 1.05216551 -0.578392863 0.432983726 0.97647059 1 0.827450991
v 1.11693585 -0.509528816 0.500170112 0.97647059 1 0.827450991
v 1.1768713 -0.427577674 0.556745529 0.97647059 1 0.827450991
v 1.22826195 -0.333290786 0.601761818 0.97647059 1 0.827450991
v 1.26772892 -0.228562087 0.634465158 0.97647059 1 0.827450991
v 1.29257333 -0.116267502 0.654308558 0.97647059 1 0.827450991
v 1.30105484 2.73229148e-07 0.660960138 0.97647059 1 0.827450991
v 1.29257309 0.11626786 0.654308617 0.97647059 1 0.827450991
v 1.26772869 0.228562817 0.634465098 0.97647059 1 0.827450991
v 1.22826159 0.333291471 0.60176158 0.97647059 1 0.827450991
v 1.17687094 0.427578241 0.556745172 0.97647059 1 0.827450991
v 1.11693549 0.509529352 0.500169635 0.97647059 1 0.827450991
v 1.05216491 0.578393519 0.432983011 0.97647059 1 0.827450991
v 0.986218393 0.634601235 0.356313407 0.97647059 1 0.827450991
v 0.922326505 0.679682553 0.271448851 0.97647059 1 0.827450991
v 0.862964392 0.716063142 0.179819912 0.97647059 1 0.827450991
v 0.809602618 0.746768951 0.082972683 0.97647059 1 0.827450991
v 0.762569845 0.775063455 -0.0174519103 0.97647059 1 0.827450991
v 0.721035957 0.804058313 -0.119747818 0.97647059 1 0.827450991
v 0.683124721 0.836336851 -0.222167879 0.97647059 1 0.827450991
v 0.646142423 0.873633921 -0.322956055 0.97647059 1 0.827450991
v 0.606900275 0.916601598 -0.420371592 0.97647059 1 0.827450991
v 0.562098503 0.964692235 -0.512719929 0.97647059 1 0.827450991
v 0.508732438 1.01616955 -0.59837842 0.97647059 1 0.827450991
v 0.444477797 1.06825221 -0.67582345 0.97647059 1 0.827450991
v 0.368014276 1.11737645 -0.743654847 0.97647059 1 0.827450991
v 0.279252768 1.15955138 -0.800618768 0.97647059 1 0.827450991
v 0.17943868 1.19077611 -0.845627785 0.97647059 1 0.827450991
v 0.0711174607 1.20747519 -0.877779305 0.97647059 1 0.827450991
v -0.0420367345 1.2069062 -0.89637053 0.97647059 1 0.827450991
v -0.155516773 1.18750036 -0.900909901 0.97647059 1 0.827450991
v -0.264376462 1.14909732 -0.891126096 0.97647059 1 0.827450991
v -0.363688737 1.09304655 -0.866972744 0.97647059 1 0.827450991
v -0.449013054 1.0221653 -0.82863003 0.97647059 1 0.827450991
v -0.516842544 0.940547168 -0.776502728 0.97647059 1 0.827450991
v -0.564973116 0.853239 -0.711214662 0.97647059 1 0.827450991
v -0.592760324 0.765814424 -0.633600056 0.97647059 1 0.827450991
v -0.601237237 0.683881342 -0.544689476 0.97647059 1 0.827450991
v -0.593075216 0.612568855 -0.445696503 0.97647059 1 0.827450991
v -0.572389662 0.556043506 -0.337998211 0.97647059 1 0.827450991
v -0.544403017 0.517101228 -0.223113999 0.97647059 1 0.827450991
v -0.514995515 0.496876091 -0.102682933 0.97647059 1 0.827450991
v -0.490182698 0.494695544 0.0215615816 0.97647059 1 0.827450991
v -0.475566715 0.50810051 0.147818983 0.97647059 1 0.827450991
v -0.475812912 0.533028007 0.274248272 0.97647059 1 0.827450991
v -0.494202495 0.564149261 0.398998171 0.97647059 1 0.827450991
v -0.532300234 0.595326662 0.520233631 0.97647059 1 0.827450991
v -0.589774489 0.620156229 0.636165559 0.97647059 1 0.827450991
v -0.664386034 0.63254261 0.745078743 0.97647059 1 0.827450991
v -0.752149284 0.62725544 0.845357537 0.97647059 1 0.827450991
v -0.847654521 0.600416005 0.935512066 0.97647059 1 0.827450991
v -0.944521666 0.549868643 1.01419973 0.97647059 1 0.827450991
v -1.03594792 0.475401968 1.08024836 0.97647059 1 0.827450991
v -1.11529779 0.378797054 1.13267112 0.97647059 1 0.827450991
v -1.17668521 0.263697386 1.17068613 0.97647059 1 0.827450991
v -1.21548831 0.135316864 1.19372487 0.97647059 1 0.827450991
v -1.2180686 0 1.15884137 0.97647059 1 0.827450991
v -1.20582056 -0.128855318 1.15139699 0.97647059 1 0.827450991
v -1.17000127 -0.2513659 1.12917519 0.97647059 1 0.827450991
v -1.11330307 -0.361728251 1.09250796 0.97647059 1 0.827450991
v -1.03994727 -0.455172241 1.04194379 0.97647059 1 0.827450991
v -0.955312014 -0.528360486 0.978237391 0.97647059 1 0.827450991
v -0.86545831 -0.57965827 0.902339458 0.97647059 1 0.827450991
v -0.776600063 -0.609251618 0.815381825 0.97647059 1 0.827450991
v -0.694564939 -0.619101882 0.718658388 0.97647059 1 0.827450991
v -0.62429291 -0.612744272 0.613607109 0.97647059 1 0.827450991
v -0.569424272 -0.594948471 0.501785815 0.97647059 1 0.827450991
v -0.532001853 -0.571273923 0.38484925 0.97647059 1 0.827450991
v -0.512326241 -0.547561228 0.26452297 0.97647059 1 0.827450991
v -0.508965015 -0.529406428 0.14257662 0.97647059 1 0.827450991
v -0.518918216 -0.521666765 0.0207963996 0.97647059 1 0.827450991
v -0.537920713 -0.528040528 -0.0990424156 0.97647059 1 0.827450991
v -0.560851634 -0.550760388 -0.215203151 0.97647059 1 0.827450991
v -0.582213581 -0.590425909 -0.326013714 0.97647059 1 0.827450991
v -0.5966326 -0.645983696 -0.429893225 0.97647059 1 0.827450991
v -0.599336743 -0.714860797 -0.525375605 0.97647059 1 0.827450991
v -0.586566806 -0.793231726 -0.611133575 0.97647059 1 0.827450991
v -0.555883408 -0.876389623 -0.685996175 0.97647059 1 0.827450991
v -0.506346405 -0.95918864 -0.748969018 0.97647059 1 0.827450991
v -0.438548744 -1.03651321 -0.79924798 0.97647059 1 0.827450991
v -0.354511648 -1.10372722 -0.836231232 0.97647059 1 0.827450991
v -0.257448018 -1.15706539 -0.859527886 0.97647059 1 0.827450991
v -0.151425242 -1.19392753 -0.868964851 0.97647059 1 0.827450991
v -0.0409609377 -1.21305263 -0.864586294 0.97647059 1 0.827450991
v 0.0694090351 -1.21455944 -0.846654117 0.97647059 1 0.827450991
v 0.175546259 -1.1998533 -0.815642536 0.97647059 1 0.827450991
v 0.274069071 -1.17141116 -0.772229612 0.97647059 1 0.827450991
v 0.362623513 -1.13247335 -0.717285395 0.97647059 1 0.827450991
v 0.440039128 -1.0866679 -0.651859283 0.97647059 1 0.827450991
v 0.50636071 -1.03761649 -0.57716018 0.97647059 1 0.827450991
v 0.562752903 -0.988552928 -0.494539022 0.97647059 1 0.827450991
v 0.611293495 -0.941998959 -0.405465156 0.97647059 1 0.827450991
v 0.654677629 -0.899525106 -0.311503828 0.97647059 1 0.827450991
v 0.695866048 -0.861620963 -0.214289412 0.97647059 1 0.827450991
v 0.737713635 -0.827685714 -0.115501389 0.97647059 1 0.827450991
v 0.782621443 -0.796135128 -0.0168330837 0.97647059 1 0.827450991
v 0.832240045 -0.764616847 0.0800308809 0.97647059 1 0.827450991
v 0.88726306 -0.73030442 0.173444077 0.97647059 1 0.827450991
v 0.947326243 -0.690240741 0.26182425 0.97647059 1 0.827450991
v 1.01102185 -0.641694605 0.343679249 0.97647059 1 0.827450991
v 1.07602799 -0.582490981 0.417630643 0.97647059 1 0.827450991
v 1.13933539 -0.511283994 0.482434779 0.97647059 1 0.827450991
v 1.19755077 -0.427738488 0.537004054 0.97647059 1 0.827450991
v 1.24724019 -0.332607418 0.58042407 0.97647059 1 0.827450991
v 1.28528011 -0.227693915 0.611967862 0.97647059 1 0.827450991
v 1.30917859 -0.115703449 0.631107748 0.97647059 1 0.827450991
v 1.31732953 2.69060564e-07 0.637523234 0.97647059 1 0.827450991
v 1.30917835 0.115703806 0.631107628 0.97647059 1 0.827450991
v 1.28527987 0.227694631 0.611967683 0.97647059 1 0.827450991
v 1.24723971 0.332608074 0.580423832 0.97647059 1 0.827450991
v 1.19755065 0.427739054 0.537003636 0.97647059 1 0.827450991
v 1.13933504 0.511284471 0.482434332 0.97647059 1 0.827450991
v 1.07602739 0.582491636 0.417629927 0.97647059 1 0.827450991
v 1.01102149 0.641694784 0.343678951 0.97647059 1 0.827450991
v 0.947325706 0.690241039 0.261823684 0.97647059 1 0.827450991
v 0.88726294 0.730304599 0.173443764 0.97647059 1 0.827450991
v 0.832239807 0.764616847 0.0800305754 0.97647059 1 0.827450991
v 0.782621443 0.796135128 -0.0168330874 0.97647059 1 0.827450991
v 0.737713575 0.827685833 -0.115501717 0.97647059 1 0.827450991
v 0.69586575 0.861621261 -0.214290112 0.97647059 1 0.827450991
v 0.654677391 0.899525523 -0.311504453 0.97647059 1 0.827450991
v 0.611293256 0.941999376 -0.405465782 0.97647059 1 0.827450991
v 0.562752545 0.988553405 -0.494539559 0.97647059 1 0.827450991
v 0.506360233 1.03761685 -0.577160716 0.97647059 1 0.827450991
v 0.440038741 1.08666825 -0.65185976 0.97647059 1 0.827450991
v 0.362622947 1.13247371 -0.717285931 0.97647059 1 0.827450991
v 0.274068326 1.17141151 -0.77222985 0.97647059 1 0.827450991
v 0.175545424 1.1998533 -0.815642953 0.97647059 1 0.827450991
v 0.0694082826 1.21455956 -0.846654534 0.97647059 1 0.827450991
v -0.0409617797 1.21305251 -0.864586353 0.97647059 1 0.827450991
v -0.151426092 1.19392741 -0.868964791 0.97647059 1 0.827450991
v -0.257448018 1.15706539 -0.859527886 0.97647059 1 0.827450991
v -0.354511976 1.1037271 -0.836231053 0.97647059 1 0.827450991
v -0.438549131 1.03651285 -0.79924798 0.97647059 1 0.827450991
v -0.506346464 0.959188461 -0.74896884 0.97647059 1 0.827450991
v -0.555883646 0.876389384 -0.685995877 0.97647059 1 0.827450991
v -0.586566806 0.793231606 -0.611133397 0.97647059 1 0.827450991
v -0.599336743 0.714860678 -0.525375426 0.97647059 1 0.827450991
v -0.5966326 0.645983517 -0.429892749 0.97647059 1 0.827450991
v -0.582213461 0.59042573 -0.326013237 0.97647059 1 0.827450991
v -0.560851634 0.550760627 -0.21520263 0.97647059 1 0.827450991
v -0.537920475 0.528040409 -0.0990419462 0.97647059 1 0.827450991
v -0.518918216 0.521666765 0.0207970347 0.97647059 1 0.827450991
v -0.508965075 0.529406667 0.142577499 0.97647059 1 0.827450991
v -0.512326419 0.547561407 0.264523864 0.97647059 1 0.827450991
v -0.532002211 0.571274161 0.384850234 0.97647059 1 0.827450991
v -0.56942451 0.594948649 0.501786709 0.97647059 1 0.827450991
v -0.624293685 0.612744391 0.613607883 0.97647059 1 0.827450991
v -0.694565535 0.619101882 0.718659103 0.97647059 1 0.827450991
v -0.776600838 0.609251499 0.815382481 0.97647059 1 0.827450991
v -0.865459025 0.579657912 0.902340055 0.97647059 1 0.827450991
v -0.955312729 0.52835989 0.978237987 0.97647059 1 0.827450991
v -1.03994799 0.455171436 1.04194427 0.97647059 1 0.827450991
v -1.11330318 0.361728013 1.09250808 0.97647059 1 0.827450991
v -1.17000139 0.251365662 1.12917519 0.97647059 1 0.827450991
v -1.20582068 0.12885502 1.15139711 0.97647059 1 0.827450991
v -1.21003675 0 1.11775017 0.97647059 1 0.827450991
v -1.198722 -0.123046137 1.11056983 0.97647059 1 0.827450991
v -1.16562259 -0.240288347 1.08913624 0.97647059 1 0.827450991
v -1.11319757 -0.346416801 1.05376887 0.97647059 1 0.827450991
v -1.0453037 -0.437066376 1.00499773 0.97647059 1 0.827450991
v -0.966853321 -0.509180188 0.943550348 0.97647059 1 0.827450991
v -0.883383214 -0.561257362 0.870343745 0.97647059 1 0.827450991
v -0.800569236 -0.593459606 0.7864694 0.97647059 1 0.827450991
v -0.723733842 -0.607570708 0.693175673 0.97647059 1 0.827450991
v -0.657388866 -0.60681206 0.591849387 0.97647059 1 0.827450991
v -0.604857922 -0.595532179 0.483993113 0.97647059 1 0.827450991
v -0.568004608 -0.578800619 0.371202946 0.97647059 1 0.827450991
v -0.547101259 -0.561942875 0.255143493 0.97647059 1 0.827450991
v -0.54083693 -0.550060689 0.137521178 0.97647059 1 0.827450991
v -0.546467781 -0.547579288 0.0200589858 0.97647059 1 0.827450991
v -0.560094297 -0.55786407 -0.0955305248 0.97647059 1 0.827450991
v -0.577036202 -0.582940936 -0.207572296 0.97647059 1 0.827450991
v -0.592268348 -0.623341322 -0.314453632 0.97647059 1 0.827450991
v -0.600879967 -0.678085804 -0.414649785 0.97647059 1 0.827450991
v -0.598510861 -0.744805694 -0.506746471 0.97647059 1 0.827450991
v -0.581726849 -0.819985986 -0.589463532 0.97647059 1 0.827450991
v -0.548300982 -0.899305046 -0.661671698 0.97647059 1 0.827450991
v -0.497377515 -0.978039026 -0.722411633 0.97647059 1 0.827450991
v -0.429503322 -1.05149055 -0.7709077 0.97647059 1 0.827450991
v -0.346531391 -1.11539876 -0.806579471 0.97647059 1 0.827450991
v -0.251406968 -1.16629755 -0.829050183 0.97647059 1 0.827450991
v -0.147857577 -1.20178378 -0.838152587 0.97647059 1 0.827450991
v -0.0400252827 -1.22067785 -0.833929241 0.97647059 1 0.827450991
v 0.0679280311 -1.22305954 -0.816632986 0.97647059 1 0.827450991
v 0.172200143 -1.21018434 -0.786720872 0.97647059 1 0.827450991
v 0.269676566 -1.18428683 -0.744847298 0.97647059 1 0.827450991
v 0.358177602 -1.1482991 -0.691851497 0.97647059 1 0.827450991
v 0.436601013 -1.1055094 -0.628745258 0.97647059 1 0.827450991
v 0.504949868 -1.05920112 -0.556694746 0.97647059 1 0.827450991
v 0.564246058 -1.01230597 -0.477003336 0.97647059 1 0.827450991
v 0.616341472 -0.967108309 -0.391087919 0.97647059 1 0.827450991
v 0.663647354 -0.925027132 -0.300458282 0.97647059 1 0.827450991
v 0.708813488 -0.886498749 -0.206690967 0.97647059 1 0.827450991
v 0.754389346 -0.850968599 -0.111405849 0.97647059 1 0.827450991
v 0.802506447 -0.816990077 -0.016235888 0.97647059 1 0.827450991
v 0.854608715 -0.782423556 0.0771930888 0.97647059 1 0.827450991
v 0.911263764 -0.744701803 0.167293996 0.97647059 1 0.827450991
v 0.972073317 -0.701148808 0.25254029 0.97647059 1 0.827450991
v 1.03568637 -0.649302721 0.331492871 0.97647059 1 0.827450991
v 1.09991968 -0.587219298 0.402822077 0.97647059 1 0.827450991
v 1.16196597 -0.513720632 0.465328217 0.97647059 1 0.827450991
v 1.21867251 -0.428560495 0.517962635 0.97647059 1 0.827450991
v 1.26685703 -0.332494527 0.559843004 0.97647059 1 0.827450991
v 1.30362928 -0.227244169 0.590268373 0.97647059 1 0.827450991
v 1.32668519 -0.115360573 0.608729362 0.97647059 1 0.827450991
v 1.33454132 2.65605365e-07 0.614917576 0.97647059 1 0.827450991
v 1.32668507 0.115360931 0.608729303 0.97647059 1 0.827450991
v 1.30362904 0.227244899 0.590268254 0.97647059 1 0.827450991
v 1.26685643 0.332495183 0.559842885 0.97647059 1 0.827450991
v 1.21867216 0.428561091 0.517962277 0.97647059 1 0.827450991
v 1.16196561 0.513721168 0.465327799 0.97647059 1 0.827450991
v 1.09991908 0.587219954 0.402821392 0.97647059 1 0.827450991
v 1.03568602 0.6493029 0.331492603 0.97647059 1 0.827450991
v 0.972073019 0.701149166 0.252539724 0.97647059 1 0.827450991
v 0.911263645 0.744702041 0.167293653 0.97647059 1 0.827450991
v 0.854608476 0.782423556 0.0771927834 0.97647059 1 0.827450991
v 0.802506328 0.816990256 -0.0162362084 0.97647059 1 0.827450991
v 0.754389167 0.850968599 -0.111406177 0.97647059 1 0.827450991
v 0.70881319 0.886499107 -0.206691623 0.97647059 1 0.827450991
v 0.663647056 0.92502749 -0.300458908 0.97647059 1 0.827450991
v 0.616341233 0.967108727 -0.391088516 0.97647059 1 0.827450991
v 0.56424576 1.01230657 -0.477003783 0.97647059 1 0.827450991
v 0.50494957 1.05920148 -0.556695282 0.97647059 1 0.827450991
v 0.436600566 1.10550976 -0.628745496 0.97647059 1 0.827450991
v 0.358177155 1.14829934 -0.691851914 0.97647059 1 0.827450991
v 0.269675851 1.18428719 -0.744847476 0.97647059 1 0.827450991
v 0.172199368 1.21018445 -0.786721408 0.97647059 1 0.827450991
v 0.0679272786 1.22305965 -0.816633105 0.97647059 1 0.827450991
v -0.0400261097 1.22067773 -0.833929241 0.97647059 1 0.827450991
v -0.147858396 1.20178366 -0.838152528 0.97647059 1 0.827450991
v -0.251406968 1.16629755 -0.829050183 0.97647059 1 0.827450991
v -0.346531749 1.11539853 -0.806579351 0.97647059 1 0.827450991
v -0.429503471 1.05149043 -0.770907581 0.97647059 1 0.827450991
v -0.497377634 0.978038907 -0.722411454 0.97647059 1 0.827450991
v -0.54830122 0.899304807 -0.6616714 0.97647059 1 0.827450991
v -0.581726909 0.819985867 -0.589463413 0.97647059 1 0.827450991
v -0.598510921 0.744805574 -0.506746292 0.97647059 1 0.827450991
v -0.600879908 0.678085327 -0.414649248 0.97647059 1 0.827450991
v -0.592268288 0.623341024 -0.314453214 0.97647059 1 0.827450991
v -0.577036083 0.582940936 -0.207571834 0.97647059 1 0.827450991
v -0.560094237 0.55786407 -0.0955301672 0.97647059 1 0.827450991
v -0.546467781 0.547579288 0.0200595986 0.97647059 1 0.827450991
v -0.54083693 0.550060749 0.137521788 0.97647059 1 0.827450991
v -0.547101378 0.561942995 0.255144089 0.97647059 1 0.827450991
v -0.568004668 0.578800619 0.37120387 0.97647059 1 0.827450991
v -0.604858041 0.595532298 0.483993918 0.97647059 1 0.827450991
v -0.657389402 0.606812119 0.591850162 0.97647059 1 0.827450991
v -0.723734379 0.607570648 0.693176389 0.97647059 1 0.827450991
v -0.800569832 0.593459427 0.786469996 0.97647059 1 0.827450991
v -0.88338393 0.561257005 0.870344341 0.97647059 1 0.827450991
v -0.966854036 0.509179711 0.943550885 0.97647059 1 0.827450991
v -1.0453043 0.437065631 1.00499821 0.97647059 1 0.827450991
v -1.11319768 0.346416712 1.05376923 0.97647059 1 0.827450991
v -1.16562271 0.240288138 1.08913624 0.97647059 1 0.827450991
v -1.19872212 0.123045847 1.11056983 0.97647059 1 0.827450991
v -1.20446658 0 1.07811618 0.97647059 1 0.827450991
v -1.19400239 -0.117835104 1.07119071 0.97647059 1 0.827450991
v -1.16338098 -0.230360121 1.05051672 0.97647059 1 0.827450991
v -1.11484945 -0.332716644 1.01640356 0.97647059 1 0.827450991
v -1.05193007 -0.420909017 0.969361961 0.97647059 1 0.827450991
v -0.979110658 -0.492136598 0.910093129 0.97647059 1 0.827450991
v -0.90144819 -0.54502058 0.839482665 0.97647059 1 0.827450991
v -0.824127197 -0.57970053 0.758582175 0.97647059 1 0.827450991
v -0.752008498 -0.59779799 0.668596745 0.97647059 1 0.827450991
v -0.689212799 -0.602247 0.570863187 0.97647059 1 0.827450991
v -0.638773561 -0.597011328 0.466831356 0.97647059 1 0.827450991
v -0.602391899 -0.586712718 0.35804069 0.97647059 1 0.827450991
v -0.580313981 -0.576206088 0.246096328 0.97647059 1 0.827450991
v -0.571339011 -0.570140958 0.132644698 0.97647059 1 0.827450991
v -0.572957158 -0.572547436 0.0193476025 0.97647059 1 0.827450991
v -0.581603885 -0.586487293 -0.0921431258 0.97647059 1 0.827450991
v -0.593000233 -0.613795996 -0.200212061 0.97647059 1 0.827450991
v -0.602553666 -0.654943466 -0.30330357 0.97647059 1 0.827450991
v -0.605776072 -0.709017754 -0.399946809 0.97647059 1 0.827450991
v -0.598683417 -0.77383554 -0.488777936 0.97647059 1 0.827450991
v -0.578138471 -0.846165597 -0.568561971 0.97647059 1 0.827450991
v -0.542108715 -0.922037959 -0.638209701 0.97647059 1 0.827450991
v -0.489815295 -0.997114062 -0.696795821 0.97647059 1 0.827450991
v -0.421762884 -1.06707776 -0.743572354 0.97647059 1 0.827450991
v -0.339651793 -1.12801075 -0.777979255 0.97647059 1 0.827450991
v -0.246181965 -1.1767199 -0.799653232 0.97647059 1 0.827450991
v -0.144770846 -1.21098208 -0.808432698 0.97647059 1 0.827450991
v -0.0392177328 -1.22969091 -0.804359198 0.97647059 1 0.827450991
v 0.066656962 -1.23289049 -0.787676096 0.97647059 1 0.827450991
v 0.169357836 -1.22169816 -0.758824825 0.97647059 1 0.827450991
v 0.26601398 -1.19812727 -0.718435884 0.97647059 1 0.827450991
v 0.354604721 -1.1648277 -0.667319179 0.97647059 1 0.827450991
v 0.434088796 -1.12477624 -0.606450796 0.97647059 1 0.827450991
v 0.504431069 -1.08094728 -0.536955118 0.97647059 1 0.827450991
v 0.566522241 -1.03599584 -0.460089415 0.97647059 1 0.827450991
v 0.622006774 -0.991988957 -0.377220392 0.97647059 1 0.827450991
v 0.673035443 -0.950206935 -0.289804459 0.97647059 1 0.827450991
v 0.72197324 -0.911036849 -0.199361995 0.97647059 1 0.827450991
v 0.771089256 -0.87396723 -0.107455552 0.97647059 1 0.827450991
v 0.82226795 -0.837676942 -0.0156601816 0.97647059 1 0.827450991
v 0.87676239 -0.800219595 0.0744559318 0.97647059 1 0.827450991
v 0.935025275 -0.759267151 0.161361948 0.97647059 1 0.827450991
v 0.996624708 -0.712399244 0.243585542 0.97647059 1 0.827450991
v 1.06026101 -0.657401681 0.319738537 0.97647059 1 0.827450991
v 1.12387621 -0.592541695 0.388538301 0.97647059 1 0.827450991
v 1.18484664 -0.516795158 0.44882831 0.97647059 1 0.827450991
v 1.24023855 -0.429998994 0.499596357 0.97647059 1 0.827450991
v 1.28709877 -0.332912147 0.539991796 0.97647059 1 0.827450991
v 1.3227495 -0.227182984 0.569338262 0.97647059 1 0.827450991
v 1.34505796 -0.115222946 0.587144732 0.97647059 1 0.827450991
v 1.35265207 2.62808385e-07 0.593113422 0.97647059 1 0.827450991
v 1.34505796 0.115223303 0.587144673 0.97647059 1 0.827450991
v 1.32274926 0.227183729 0.569338083 0.97647059 1 0.827450991
v 1.28709853 0.332912832 0.539991558 0.97647059 1 0.827450991
v 1.24023831 0.42999959 0.499596 0.97647059 1 0.827450991
v 1.18484616 0.516795635 0.448827922 0.97647059 1 0.827450991
v 1.12387562 0.592542112 0.388537854 0.97647059 1 0.827450991
v 1.06026065 0.657401741 0.319738328 0.97647059 1 0.827450991
v 0.99662441 0.712399602 0.243585005 0.97647059 1 0.827450991
v 0.935025156 0.75926739 0.16136162 0.97647059 1 0.827450991
v 0.876762211 0.800219774 0.0744556263 0.97647059 1 0.827450991
v 0.822267771 0.837677121 -0.0156604927 0.97647059 1 0.827450991
v 0.771089077 0.87396723 -0.107455879 0.97647059 1 0.827450991
v 0.721972942 0.911037147 -0.199362651 0.97647059 1 0.827450991
v 0.673035145 0.950207233 -0.289805025 0.97647059 1 0.827450991
v 0.622006357 0.991989315 -0.377220988 0.97647059 1 0.827450991
v 0.566521883 1.03599632 -0.460089922 0.97647059 1 0.827450991
v 0.504430532 1.08094752 -0.536955714 0.97647059 1 0.827450991
v 0.434088349 1.1247766 -0.606451035 0.97647059 1 0.827450991
v 0.354604155 1.16482794 -0.667319775 0.97647059 1 0.827450991
v 0.266013324 1.19812763 -0.718436241 0.97647059 1 0.827450991
v 0.169357061 1.22169828 -0.758825302 0.97647059 1 0.827450991
v 0.0666562319 1.23289037 -0.787676513 0.97647059 1 0.827450991
v -0.039218545 1.22969067 -0.804359376 0.97647059 1 0.827450991
v -0.144771665 1.21098197 -0.808432698 0.97647059 1 0.827450991
v -0.246181965 1.1767199 -0.799653232 0.97647059 1 0.827450991
v -0.339652151 1.12801063 -0.777979076 0.97647059 1 0.827450991
v -0.421763152 1.0670774 -0.743572295 0.97647059 1 0.827450991
v -0.489815414 0.997113883 -0.696795642 0.97647059 1 0.827450991
v -0.542108893 0.922037661 -0.638209403 0.97647059 1 0.827450991
v -0.57813853 0.846165478 -0.568561792 0.97647059 1 0.827450991
v -0.598683417 0.77383548 -0.488777697 0.97647059 1 0.827450991
v -0.605776131 0.709017396 -0.399946481 0.97647059 1 0.827450991
v -0.602553666 0.654943347 -0.303303123 0.97647059 1 0.827450991
v -0.593000293 0.613796055 -0.200211599 0.97647059 1 0.827450991
v -0.581603765 0.586487055 -0.0921426788 0.97647059 1 0.827450991
v -0.572957158 0.572547317 0.019348314 0.97647059 1 0.827450991
v -0.571338892 0.570140898 0.132645547 0.97647059 1 0.827450991
v -0.580314159 0.576206207 0.246097147 0.97647059 1 0.827450991
v -0.602392197 0.586712778 0.358041525 0.97647059 1 0.827450991
v -0.638773978 0.597011387 0.466832131 0.97647059 1 0.827450991
v -0.689213276 0.60224694 0.570863962 0.97647059 1 0.827450991
v -0.752009034 0.597797871 0.6685974 0.97647059 1 0.827450991
v -0.824127853 0.579700351 0.758582771 0.97647059 1 0.827450991
v -0.901448846 0.545020223 0.839483142 0.97647059 1 0.827450991
v -0.979111314 0.492136002 0.910093665 0.97647059 1 0.827450991
v -1.05193079 0.420908242 0.969362438 0.97647059 1 0.827450991
v -1.11484957 0.332716525 1.01640379 0.97647059 1 0.827450991
v -1.16338122 0.230359897 1.05051672 0.97647059 1 0.827450991
v -1.19400239 0.117834821 1.07119083 0.97647059 1 0.827450991
v -1.20117807 0 1.03988791 0.97647059 1 0.827450991
v -1.1914885 -0.113172263 1.03320754 0.97647059 1 0.827450991
v -1.16312456 -0.221485704 1.01326704 0.97647059 1 0.827450991
v -1.11813879 -0.320493907 0.980363309 0.97647059 1 0.827450991
v -1.05974865 -0.406538725 0.934989512 0.97647059 1 0.827450991
v -0.992053211 -0.47705394 0.877822697 0.97647059 1 0.827450991
v -0.919671834 -0.530771673 0.809715688 0.97647059 1 0.827450991
v -0.84733963 -0.56781131 0.73168391 0.97647059 1 0.827450991
v -0.779495895 -0.589645743 0.644889116 0.97647059 1 0.827450991
v -0.719903111 -0.598946631 0.550621152 0.97647059 1 0.827450991
v -0.671331108 -0.599326015 0.450278282 0.97647059 1 0.827450991
v -0.635331213 -0.594996154 0.345344961 0.97647059 1 0.827450991
v -0.612125456 -0.590381622 0.237370059 0.97647059 1 0.827450991
v -0.600614071 -0.589718461 0.12794134 0.97647059 1 0.827450991
v -0.59850204 -0.596676409 0.0186615642 0.97647059 1 0.827450991
v -0.602529228 -0.614038229 -0.0888759717 0.97647059 1 0.827450991
v -0.608784437 -0.643466711 -0.193112925 0.97647059 1 0.827450991
v -0.613069773 -0.685373962 -0.292548925 0.97647059 1 0.827450991
v -0.611283481 -0.738909483 -0.385765254 0.97647059 1 0.827450991
v -0.59978503 -0.80205965 -0.471446753 0.97647059 1 0.827450991
v -0.575708985 -0.871851563 -0.548401535 0.97647059 1 0.827450991
v -0.537199974 -0.944636643 -0.615579784 0.97647059 1 0.827450991
v -0.483549923 -1.01642764 -0.672088563 0.97647059 1 0.827450991
v -0.415224791 -1.08325648 -0.717206299 0.97647059 1 0.827450991
v -0.333785444 -1.1415174 -0.750393212 0.97647059 1 0.827450991
v -0.241707936 -1.18826628 -0.771298587 0.97647059 1 0.827450991
v -0.142126754 -1.22144318 -0.779766917 0.97647059 1 0.827450991
v -0.0385280848 -1.24000895 -0.775837839 0.97647059 1 0.827450991
v 0.0655792356 -1.24397433 -0.759746373 0.97647059 1 0.827450991
v 0.166979775 -1.23433065 -0.731917977 0.97647059 1 0.827450991
v 0.263024777 -1.21288705 -0.692961156 0.97647059 1 0.827450991
v 0.351837933 -1.1820358 -0.643657267 0.97647059 1 0.827450991
v 0.432433963 -1.14446926 -0.584946811 0.97647059 1 0.827450991
v 0.504741371 -1.10287762 -0.517915547 0.97647059 1 0.827450991
v 0.569530427 -1.05966413 -0.443775296 0.97647059 1 0.827450991
v 0.628255069 -1.01669562 -0.363844782 0.97647059 1 0.827450991
v 0.682827592 -0.975126207 -0.279528379 0.97647059 1 0.827450991
v 0.735351205 -0.935297906 -0.192292899 0.97647059 1 0.827450991
v 0.787837982 -0.896737576 -0.10364534 0.97647059 1 0.827450991
v 0.841945171 -0.85823977 -0.0151051916 0.97647059 1 0.827450991
v 0.898751378 -0.818034232 0.0718158111 0.97647059 1 0.827450991
v 0.958601117 -0.774011254 0.155640289 0.97647059 1 0.827450991
v 1.02103245 -0.723985851 0.234948352 0.97647059 1 0.827450991
v 1.08479059 -0.665969849 0.308401018 0.97647059 1 0.827450991
v 1.14793074 -0.598424256 0.374761432 0.97647059 1 0.827450991
v 1.20799613 -0.520467877 0.432913452 0.97647059 1 0.827450991
v 1.26225197 -0.432013243 0.48188135 0.97647059 1 0.827450991
v 1.30795372 -0.333824068 0.52084446 0.97647059 1 0.827450991
v 1.34261703 -0.227483198 0.549150288 0.97647059 1 0.827450991
v 1.36426544 -0.115276039 0.566325307 0.97647059 1 0.827450991
v 1.37162757 2.60619402e-07 0.5720824 0.97647059 1 0.827450991
v 1.36426532 0.115276396 0.566325247 0.97647059 1 0.827450991
v 1.34261692 0.227483928 0.549150109 0.97647059 1 0.827450991
v 1.30795348 0.333824754 0.520844102 0.97647059 1 0.827450991
v 1.26225173 0.43201381 0.481881052 0.97647059 1 0.827450991
v 1.20799577 0.520468414 0.432913065 0.97647059 1 0.827450991
v 1.14793026 0.598425031 0.374760807 0.97647059 1 0.827450991
v 1.08479023 0.665969968 0.30840081 0.97647059 1 0.827450991
v 1.02103209 0.723986268 0.234947816 0.97647059 1 0.827450991
v 0.958600879 0.774011433 0.155640006 0.97647059 1 0.827450991
v 0.89875102 0.818034172 0.0718155503 0.97647059 1 0.827450991
v 0.841945112 0.858239591 -0.0151051935 0.97647059 1 0.827450991
v 0.787837744 0.896737576 -0.103645645 0.97647059 1 0.827450991
v 0.735350847 0.935298204 -0.192293525 0.97647059 1 0.827450991
v 0.682827234 0.975126684 -0.279528886 0.97647059 1 0.827450991
v 0.628254712 1.01669598 -0.363845319 0.97647059 1 0.827450991
v 0.56953001 1.05966449 -0.443775773 0.97647059 1 0.827450991
v 0.504740834 1.10287797 -0.517916024 0.97647059 1 0.827450991
v 0.432433546 1.1444695 -0.58494705 0.97647059 1 0.827450991
v 0.351837516 1.18203616 -0.643657565 0.97647059 1 0.827450991
v 0.263024062 1.21288741 -0.692961514 0.97647059 1 0.827450991
v 0.166979 1.23433065 -0.731918395 0.97647059 1 0.827450991
v 0.0655785128 1.24397433 -0.759746611 0.97647059 1 0.827450991
v -0.0385288782 1.24000883 -0.775837779 0.97647059 1 0.827450991
v -0.142127544 1.22144306 -0.779766798 0.97647059 1 0.827450991
v -0.241707936 1.18826628 -0.771298587 0.97647059 1 0.827450991
v -0.333785772 1.1415174 -0.750393093 0.97647059 1 0.827450991
v -0.415225059 1.08325624 -0.71720618 0.97647059 1 0.827450991
v -0.483549982 1.0164274 -0.672088325 0.97647059 1 0.827450991
v -0.537200212 0.944636405 -0.615579486 0.97647059 1 0.827450991
v -0.575709045 0.871851563 -0.548401356 0.97647059 1 0.827450991
v -0.599785089 0.802059352 -0.471446425 0.97647059 1 0.827450991
v -0.611283481 0.738909125 -0.385764718 0.97647059 1 0.827450991
v -0.613069713 0.685373604 -0.292548418 0.97647059 1 0.827450991
v -0.608784497 0.643466532 -0.193112403 0.97647059 1 0.827450991
v -0.602529168 0.614038229 -0.0888754204 0.97647059 1 0.827450991
v -0.59850198 0.59667623 0.0186622497 0.97647059 1 0.827450991
v -0.60061419 0.589718521 0.127942011 0.97647059 1 0.827450991
v -0.612125576 0.590381622 0.237370878 0.97647059 1 0.827450991
v -0.635331333 0.594996035 0.345345825 0.97647059 1 0.827450991
v -0.671331406 0.599326074 0.450278968 0.97647059 1 0.827450991
v -0.719903767 0.598946631 0.550621808 0.97647059 1 0.827450991
v -0.779496372 0.589645624 0.644889712 0.97647059 1 0.827450991
v -0.847340167 0.567811131 0.731684685 0.97647059 1 0.827450991
v -0.919672549 0.530771255 0.809716046 0.97647059 1 0.827450991
v -0.992053807 0.477053463 0.877823174 0.97647059 1 0.827450991
v -1.05974925 0.40653798 0.934989929 0.97647059 1 0.827450991
v -1.11813891 0.320493758 0.980363607 0.97647059 1 0.827450991
v -1.16312468 0.22148551 1.01326704 0.97647059 1 0.827450991
v -1.1914885 0.11317201 1.03320754 0.97647059 1 0.827450991
v -1.20000684 0 1.00301468 0.97647059 1 0.827450991
v -1.19102275 -0.109012172 0.996571481 0.97647059 1 0.827450991
v -1.16471457 -0.213577569 0.97733748 0.97647059 1 0.827450991
v -1.12295687 -0.3096264 0.945600867 0.97647059 1 0.827450991
v -1.06868851 -0.393808603 0.901835978 0.97647059 1 0.827450991
v -1.00565386 -0.46377188 0.846696138 0.97647059 1 0.827450991
v -0.938071966 -0.518349648 0.781004071 0.97647059 1 0.827450991
v -0.870267212 -0.557642817 0.70573926 0.97647059 1 0.827450991
v -0.806293964 -0.582988262 0.622022212 0.97647059 1 0.827450991
v -0.749587476 -0.596817791 0.531096756 0.97647059 1 0.827450991
v -0.702676237 -0.602421641 0.434311956 0.97647059 1 0.827450991
v -0.666974604 -0.603637815 0.333099514 0.97647059 1 0.827450991
v -0.642683148 -0.604497671 0.228953227 0.97647059 1 0.827450991
v -0.628794432 -0.608859479 0.123404682 0.97647059 1 0.827450991
v -0.623208344 -0.62006259 0.0179998484 0.97647059 1 0.827450991
v -0.622944295 -0.64063561 -0.0857244283 0.97647059 1 0.827450991
v -0.624426305 -0.672081947 -0.186265305 0.97647059 1 0.827450991
v -0.623817086 -0.714761972 -0.282175452 0.97647059 1 0.827450991
v -0.617368162 -0.767880678 -0.372086495 0.97647059 1 0.827450991
v -0.601752877 -0.829578519 -0.454729646 0.97647059 1 0.827450991
v -0.574353755 -0.897119045 -0.528955936 0.97647059 1 0.827450991
v -0.533477664 -0.967146397 -0.593751967 0.97647059 1 0.827450991
v -0.478481054 -1.03599358 -0.648257136 0.97647059 1 0.827450991
v -0.409794897 -1.10001123 -0.691775143 0.97647059 1 0.827450991
v -0.328852415 -1.15587783 -0.723785222 0.97647059 1 0.827450991
v -0.237925515 -1.200876 -0.743949354 0.97647059 1 0.827450991
v -0.139890254 -1.23309588 -0.752117336 0.97647059 1 0.827450991
v -0.0379470401 -1.25155783 -0.748327434 0.97647059 1 0.827450991
v 0.0646796674 -1.2562418 -0.732806683 0.97647059 1 0.827450991
v 0.165029854 -1.24802351 -0.705964983 0.97647059 1 0.827450991
v 0.260657251 -1.2285254 -0.668389618 0.97647059 1 0.827450991
v 0.349817097 -1.19990373 -0.620833874 0.97647059 1 0.827450991
v 0.431574196 -1.16458941 -0.564205289 0.97647059 1 0.827450991
v 0.505823553 -1.12501454 -0.499550819 0.97647059 1 0.827450991
v 0.573224425 -1.08334947 -0.428039521 0.97647059 1 0.827450991
v 0.6350559 -1.04127979 -0.350943238 0.97647059 1 0.827450991
v 0.693011105 -0.999842763 -0.269616663 0.97647059 1 0.827450991
v 0.748953462 -0.959339499 -0.185474381 0.97647059 1 0.827450991
v 0.804658651 -0.91933167 -0.0999701843 0.97647059 1 0.827450991
v 0.861575484 -0.878719151 -0.0145695806 0.97647059 1 0.827450991
v 0.920621455 -0.83589375 0.0692693219 0.97647059 1 0.827450991
v 0.982042015 -0.788945258 0.150121465 0.97647059 1 0.827450991
v 1.04534531 -0.735903621 0.226617351 0.97647059 1 0.827450991
v 1.10931671 -0.674988091 0.297465533 0.97647059 1 0.827450991
v 1.17211413 -0.604838014 0.361472934 0.97647059 1 0.827450991
v 1.23143196 -0.524702966 0.417562842 0.97647059 1 0.827450991
v 1.28471649 -0.434566319 0.464794397 0.97647059 1 0.827450991
v 1.32941234 -0.33519724 0.502375901 0.97647059 1 0.827450991
v 1.36321139 -0.228120103 0.529678106 0.97647059 1 0.827450991
v 1.38427949 -0.115506649 0.546244085 0.97647059 1 0.827450991
v 1.39143765 2.589926e-07 0.551797092 0.97647059 1 0.827450991
v 1.38427937 0.115507007 0.546244025 0.97647059 1 0.827450991
v 1.36321127 0.228120834 0.529677927 0.97647059 1 0.827450991
v 1.32941222 0.335197926 0.502375603 0.97647059 1 0.827450991
v 1.28471613 0.434566915 0.464794099 0.97647059 1 0.827450991
v 1.23143148 0.524703503 0.417562544 0.97647059 1 0.827450991
v 1.17211366 0.604838789 0.361472249 0.97647059 1 0.827450991
v 1.10931623 0.67498827 0.297465354 0.97647059 1 0.827450991
v 1.04534483 0.735903919 0.226616889 0.97647059 1 0.827450991
v 0.982041776 0.788945436 0.150121182 0.97647059 1 0.827450991
v 0.920621157 0.83589381 0.0692690536 0.97647059 1 0.827450991
v 0.861575484 0.878719151 -0.0145695806 0.97647059 1 0.827450991
v 0.804658413 0.91933167 -0.0999704748 0.97647059 1 0.827450991
v 0.748952985 0.959339619 -0.185475007 0.97647059 1 0.827450991
v 0.693010747 0.999843061 -0.2696172 0.97647059 1 0.827450991
v 0.635055482 1.04128015 -0.350943804 0.97647059 1 0.827450991
v 0.573223948 1.08334994 -0.428039998 0.97647059 1 0.827450991
v 0.505823076 1.12501478 -0.499551415 0.97647059 1 0.827450991
v 0.431573749 1.16458964 -0.564205706 0.97647059 1 0.827450991
v 0.34981665 1.19990396 -0.620834231 0.97647059 1 0.827450991
v 0.260656536 1.22852564 -0.668389916 0.97647059 1 0.827450991
v 0.165029079 1.24802363 -0.705965459 0.97647059 1 0.827450991
v 0.0646789446 1.25624192 -0.732806981 0.97647059 1 0.827450991
v -0.0379478261 1.25155771 -0.748327613 0.97647059 1 0.827450991
v -0.139891028 1.23309577 -0.752117157 0.97647059 1 0.827450991
v -0.237925515 1.200876 -0.743949354 0.97647059 1 0.827450991
v -0.328852713 1.15587771 -0.723785043 0.97647059 1 0.827450991
v -0.409795165 1.10001087 -0.691774964 0.97647059 1 0.827450991
v -0.478481174 1.03599358 -0.648256958 0.97647059 1 0.827450991
v -0.533477902 0.967146158 -0.593751669 0.97647059 1 0.827450991
v -0.574353814 0.897118926 -0.528955758 0.97647059 1 0.827450991
v -0.601752877 0.8295784 -0.454729497 0.97647059 1 0.827450991
v -0.617368221 0.76788038 -0.372086167 0.97647059 1 0.827450991
v -0.623817205 0.714761972 -0.282174975 0.97647059 1 0.827450991
v -0.624426365 0.672081947 -0.186264887 0.97647059 1 0.827450991
v -0.622944295 0.64063561 -0.0857240036 0.97647059 1 0.827450991
v -0.623208404 0.62006247 0.0180005096 0.97647059 1 0.827450991
v -0.628794551 0.608859539 0.123405449 0.97647059 1 0.827450991
v -0.642683268 0.604497731 0.228953883 0.97647059 1 0.827450991
v -0.666974843 0.603637815 0.333100289 0.97647059 1 0.827450991
v -0.702676356 0.602421641 0.434312642 0.97647059 1 0.827450991
v -0.749588013 0.596817791 0.531097531 0.97647059 1 0.827450991
v -0.806294441 0.582988143 0.622022808 0.97647059 1 0.827450991
v -0.870267749 0.557642579 0.705739915 0.97647059 1 0.827450991
v -0.938072503 0.51834929 0.781004608 0.97647059 1 0.827450991
v -1.00565445 0.463771343 0.846696496 0.97647059 1 0.827450991
v -1.06868899 0.393807948 0.901836514 0.97647059 1 0.827450991
v -1.12295687 0.309626222 0.945601046 0.97647059 1 0.827450991
v -1.16471469 0.213577375 0.977337539 0.97647059 1 0.827450991
v -1.19102287 0.109011918 0.996571541 0.97647059 1 0.827450991
v -1.20080364 0 0.967449307 0.97647059 1 0.827450991
v -1.19246197 -0.105313256 0.96123445 0.97647059 1 0.827450991
v -1.16802478 -0.206556201 0.942682743 0.97647059 1 0.827450991
v -1.12920439 -0.300002754 0.912071407 0.97647059 1 0.827450991
v -1.07868552 -0.382584393 0.869858205 0.97647059 1 0.827450991
v -1.0198878 -0.452144206 0.816673756 0.97647059 1 0.827450991
v -0.956664681 -0.507607996 0.753310978 0.97647059 1 0.827450991
v -0.892965496 -0.549059451 0.680714905 0.97647059 1 0.827450991
v -0.832492411 -0.577711105 0.599966288 0.97647059 1 0.827450991
v -0.778382182 -0.595775545 0.512265027 0.97647059 1 0.827450991
v -0.732942104 -0.606248558 0.418911934 0.97647059 1 0.827450991
v -0.697461963 -0.612626433 0.321288317 0.97647059 1 0.827450991
v -0.672122359 -0.618580699 0.220834911 0.97647059 1 0.827450991
v -0.655999899 -0.627624035 0.119029067 0.97647059 1 0.827450991
v -0.647173107 -0.642794192 0.0173616037 0.97647059 1 0.827450991
v -0.642916322 -0.666387081 -0.0826847851 0.97647059 1 0.827450991
v -0.639960051 -0.699760377 -0.179660603 0.97647059 1 0.827450991
v -0.634796381 -0.743226409 -0.272169918 0.97647059 1 0.827450991
v -0.623999357 -0.796040535 -0.358892918 0.97647059 1 0.827450991
v -0.60452956 -0.856484354 -0.438605607 0.97647059 1 0.827450991
v -0.573995769 -0.92203629 -0.510200083 0.97647059 1 0.827450991
v -0.530853271 -0.989608109 -0.572698474 0.97647059 1 0.827450991
v -0.474517524 -1.05582535 -0.625270903 0.97647059 1 0.827450991
v -0.405387461 -1.11732781 -0.667245805 0.97647059 1 0.827450991
v -0.324780017 -1.17105484 -0.698120832 0.97647059 1 0.827450991
v -0.234780625 -1.2144953 -0.717569888 0.97647059 1 0.827450991
v -0.138029471 -1.24587512 -0.725448251 0.97647059 1 0.827450991
v -0.0374661349 -1.26426959 -0.721792996 0.97647059 1 0.827450991
v 0.0639444515 -1.26962948 -0.706822515 0.97647059 1 0.827450991
v 0.163475215 -1.26272428 -0.680932641 0.97647059 1 0.827450991
v 0.258864403 -1.24500549 -0.644689739 0.97647059 1 0.827450991
v 0.348487139 -1.218413 -0.598819971 0.97647059 1 0.827450991
v 0.431452781 -1.18513882 -0.544199526 0.97647059 1 0.827450991
v 0.50762552 -1.14737761 -0.481837511 0.97647059 1 0.827450991
v 0.577562153 -1.10708761 -0.412861943 0.97647059 1 0.827450991
v 0.642381191 -1.06578803 -0.338499337 0.97647059 1 0.827450991
v 0.703574538 -1.02440906 -0.260056466 0.97647059 1 0.827450991
v 0.762785196 -0.983213961 -0.178897798 0.97647059 1 0.827450991
v 0.821572423 -0.941796422 -0.096425131 0.97647059 1 0.827450991
v 0.881192625 -0.899153173 -0.0140529675 0.97647059 1 0.827450991
v 0.942414999 -0.853823006 0.0668131486 0.97647059 1 0.827450991
v 1.00539327 -0.804078937 0.144798413 0.97647059 1 0.827450991
v 1.06960738 -0.748147845 0.2185819 0.97647059 1 0.827450991
v 1.13387799 -0.684439123 0.286917865 0.97647059 1 0.827450991
v 1.19645548 -0.611755788 0.348655641 0.97647059 1 0.827450991
v 1.25517082 -0.529467881 0.40275681 0.97647059 1 0.827450991
v 1.30763531 -0.437624663 0.448313504 0.97647059 1 0.827450991
v 1.35146582 -0.337001681 0.484562397 0.97647059 1 0.827450991
v 1.38451421 -0.229071274 0.510896385 0.97647059 1 0.827450991
v 1.40507531 -0.115902767 0.526875198 0.97647059 1 0.827450991
v 1.41205478 2.57886256e-07 0.532231212 0.97647059 1 0.827450991
v 1.40507519 0.115903132 0.526875138 0.97647059 1 0.827450991
v 1.38451385 0.22907199 0.510896385 0.97647059 1 0.827450991
v 1.35146546 0.337002337 0.484562278 0.97647059 1 0.827450991
v 1.30763507 0.437625259 0.448313236 0.97647059 1 0.827450991
v 1.25517046 0.529468417 0.402756393 0.97647059 1 0.827450991
v 1.19645488 0.611756563 0.348655075 0.97647059 1 0.827450991
v 1.13387764 0.684439301 0.286917686 0.97647059 1 0.827450991
v 1.06960702 0.748148203 0.218581408 0.97647059 1 0.827450991
v 1.00539315 0.804079175 0.14479813 0.97647059 1 0.827450991
v 0.942414701 0.853823066 0.0668128878 0.97647059 1 0.827450991
v 0.881192625 0.899153173 -0.0140529675 0.97647059 1 0.827450991
v 0.821572006 0.941796601 -0.0964256972 0.97647059 1 0.827450991
v 0.762784839 0.9832142 -0.178898364 0.97647059 1 0.827450991
v 0.703574121 1.02440941 -0.260057002 0.97647059 1 0.827450991
v 0.642380774 1.06578839 -0.338499844 0.97647059 1 0.827450991
v 0.577561736 1.10708809 -0.41286239 0.97647059 1 0.827450991
v 0.507625043 1.14737785 -0.481837958 0.97647059 1 0.827450991
v 0.431452334 1.18513894 -0.544199824 0.97647059 1 0.827450991
v 0.348486483 1.21841311 -0.598820448 0.97647059 1 0.827450991
v 0.258863717 1.24500573 -0.644689977 0.97647059 1 0.827450991
v 0.163474441 1.26272428 -0.680933058 0.97647059 1 0.827450991
v 0.0639437288 1.2696296 -0.706822753 0.97647059 1 0.827450991
v -0.037466906 1.26426947 -0.721793056 0.97647059 1 0.827450991
v -0.138030231 1.245875 -0.725448251 0.97647059 1 0.827450991
v -0.234780639 1.2144953 -0.717570007 0.97647059 1 0.827450991
v -0.324780345 1.17105472 -0.698120713 0.97647059 1 0.827450991
v -0.405387759 1.11732757 -0.667245746 0.97647059 1 0.827450991
v -0.474517643 1.05582511 -0.625270724 0.97647059 1 0.827450991
v -0.53085357 0.98960793 -0.572698116 0.97647059 1 0.827450991
v -0.573995829 0.92203629 -0.510199845 0.97647059 1 0.827450991
v -0.60452956 0.856484294 -0.438605458 0.97647059 1 0.827450991
v -0.623999536 0.796040177 -0.35889259 0.97647059 1 0.827450991
v -0.634796441 0.74322623 -0.27216953 0.97647059 1 0.827450991
v -0.639959931 0.699760139 -0.179660231 0.97647059 1 0.827450991
v -0.642916262 0.666386843 -0.0826843828 0.97647059 1 0.827450991
v -0.647173226 0.642794073 0.0173622388 0.97647059 1 0.827450991
v -0.656000018 0.627624035 0.119029693 0.97647059 1 0.827450991
v -0.672122478 0.618580699 0.220835567 0.97647059 1 0.827450991
v -0.697462261 0.612626374 0.321289122 0.97647059 1 0.827450991
v -0.732942224 0.606248498 0.418912619 0.97647059 1 0.827450991
v -0.778382599 0.595775425 0.512265682 0.97647059 1 0.827450991
v -0.832492828 0.577710927 0.599966884 0.97647059 1 0.827450991
v -0.892965913 0.549059153 0.680715561 0.97647059 1 0.827450991
v -0.956665218 0.50760752 0.753311396 0.97647059 1 0.827450991
v -1.0198884 0.452143639 0.816674113 0.97647059 1 0.827450991
v -1.07868612 0.382583737 0.869858742 0.97647059 1 0.827450991
v -1.12920451 0.300002575 0.912071586 0.97647059 1 0.827450991
v -1.16802478 0.206555992 0.942682803 0.97647059 1 0.827450991
v -1.19246197 0.105313011 0.96123451 0.97647059 1 0.827450991
v -1.20343256 0 0.933144867 0.97647059 1 0.827450991
v -1.19567525 -0.102037542 0.927150309 0.97647059 1 0.827450991
v -1.17294037 -0.200348556 0.909256577 0.97647059 1 0.827450991
v -1.13679206 -0.291521013 0.879730642 0.97647059 1 0.827450991
v -1.08968186 -0.372743547 0.839014411 0.97647059 1 0.827450991
v -1.03473365 -0.442037135 0.787715495 0.97647059 1 0.827450991
v -0.975466251 -0.4984124 0.726599514 0.97647059 1 0.827450991
v -0.915486515 -0.541936994 0.656577647 0.97647059 1 0.827450991
v -0.858175039 -0.573709726 0.578692138 0.97647059 1 0.827450991
v -0.806394875 -0.595742345 0.49410072 0.97647059 1 0.827450991
v -0.762251973 -0.61076206 0.404057741 0.97647059 1 0.827450991
v -0.726922274 -0.621952057 0.309895843 0.97647059 1 0.827450991
v -0.700567544 -0.632655084 0.21300441 0.97647059 1 0.827450991
v -0.682341576 -0.646068275 0.114808336 0.97647059 1 0.827450991
v -0.670486033 -0.664953053 0.0167459827 0.97647059 1 0.827450991
v -0.662507892 -0.691392362 -0.0797528848 0.97647059 1 0.827450991
v -0.6554178 -0.726610839 -0.173290074 0.97647059 1 0.827450991
v -0.64600873 -0.770876467 -0.262519151 0.97647059 1 0.827450991
v -0.631149709 -0.823490441 -0.346167028 0.97647059 1 0.827450991
v -0.608063102 -0.882862687 -0.423053443 0.97647059 1 0.827450991
v -0.574565113 -0.946667612 -0.492108971 0.97647059 1 0.827450991
v -0.529246271 -1.012061 -0.55239135 0.97647059 1 0.827450991
v -0.471576035 -1.07593536 -0.603099585 0.97647059 1 0.827450991
v -0.401924372 -1.1351949 -0.643586159 0.97647059 1 0.827450991
v -0.321501851 -1.18701577 -0.673366368 0.97647059 1 0.827450991
v -0.232223898 -1.22907507 -0.692126036 0.97647059 1 0.827450991
v -0.13651529 -1.25972283 -0.699724972 0.97647059 1 0.827450991
v -0.0370776206 -1.27808321 -0.696199179 0.97647059 1 0.827450991
v 0.0633609593 -1.28408074 -0.681759417 0.97647059 1 0.827450991
v 0.16228582 -1.27838624 -0.656787574 0.97647059 1 0.827450991
v 0.257603407 -1.26229501 -0.621829808 0.97647059 1 0.827450991
v 0.347797275 -1.23754847 -0.577586651 0.97647059 1 0.827450991
v 0.432018071 -1.20611978 -0.52490288 0.97647059 1 0.827450991
v 0.510099947 -1.16998649 -0.464752227 0.97647059 1 0.827450991
v 0.582505703 -1.1309129 -0.398222387 0.97647059 1 0.827450991
v 0.650206149 -1.0902648 -0.326496601 0.97647059 1 0.827450991
v 0.714508295 -1.04887486 -0.25083518 0.97647059 1 0.827450991
v 0.776852787 -1.00697136 -0.172554329 0.97647059 1 0.827450991
v 0.838599682 -0.964177489 -0.0930059925 0.97647059 1 0.827450991
v 0.90082854 -0.91957736 -0.0135546681 0.97647059 1 0.827450991
v 0.964172184 -0.871845841 0.0644440278 0.97647059 1 0.827450991
v 1.02869868 -0.819422841 0.139663756 0.97647059 1 0.827450991
v 1.09386122 -0.760715365 0.210831255 0.97647059 1 0.827450991
v 1.15851092 -0.694307864 0.276744157 0.97647059 1 0.827450991
v 1.22098207 -0.61915344 0.336292773 0.97647059 1 0.827450991
v 1.27922952 -0.534733236 0.388475537 0.97647059 1 0.827450991
v 1.33101356 -0.441157967 0.432416975 0.97647059 1 0.827450991
v 1.3741076 -0.339210182 0.467380524 0.97647059 1 0.827450991
v 1.40650952 -0.230316281 0.492780745 0.97647059 1 0.827450991
v 1.42663157 -0.116453499 0.508192837 0.97647059 1 0.827450991
v 1.43345582 2.57262371e-07 0.51335901 0.97647059 1 0.827450991
v 1.42663145 0.116453864 0.508192778 0.97647059 1 0.827450991
v 1.40650928 0.230317026 0.492780626 0.97647059 1 0.827450991
v 1.37410748 0.339210898 0.467380315 0.97647059 1 0.827450991
v 1.3310132 0.441158593 0.432416648 0.97647059 1 0.827450991
v 1.27922916 0.534733832 0.388475209 0.97647059 1 0.827450991
v 1.2209816 0.619154274 0.336292207 0.97647059 1 0.827450991
v 1.15851068 0.694308043 0.276743978 0.97647059 1 0.827450991
v 1.09386098 0.760715902 0.210830733 0.97647059 1 0.827450991
v 1.02869868 0.819422841 0.139663756 0.97647059 1 0.827450991
v 0.964171827 0.871845841 0.0644437894 0.97647059 1 0.827450991
v 0.900828362 0.919577241 -0.0135546699 0.97647059 1 0.827450991
v 0.838599205 0.964177608 -0.0930065587 0.97647059 1 0.827450991
v 0.776852429 1.00697172 -0.172554865 0.97647059 1 0.827450991
v 0.714507878 1.04887509 -0.250835717 0.97647059 1 0.827450991
v 0.650205731 1.09026504 -0.326497108 0.97647059 1 0.827450991
v 0.582505286 1.13091338 -0.398222834 0.97647059 1 0.827450991
v 0.510099411 1.16998684 -0.464752644 0.97647059 1 0.827450991
v 0.432017624 1.20612001 -0.524903178 0.97647059 1 0.827450991
v 0.347796828 1.23754871 -0.577587068 0.97647059 1 0.827450991
v 0.257602721 1.26229525 -0.621829987 0.97647059 1 0.827450991
v 0.16228506 1.27838612 -0.656788051 0.97647059 1 0.827450991
v 0.063360244 1.28408062 -0.681759715 0.97647059 1 0.827450991
v -0.0370783843 1.27808309 -0.696199238 0.97647059 1 0.827450991
v -0.13651605 1.25972271 -0.699724793 0.97647059 1 0.827450991
v -0.232223898 1.22907507 -0.692126036 0.97647059 1 0.827450991
v -0.321502149 1.18701553 -0.673366308 0.97647059 1 0.827450991
v -0.40192464 1.13519454 -0.64358604 0.97647059 1 0.827450991
v -0.471576154 1.07593524 -0.603099465 0.97647059 1 0.827450991
v -0.529246509 1.01206076 -0.552391052 0.97647059 1 0.827450991
v -0.574565172 0.946667492 -0.492108852 0.97647059 1 0.827450991
v -0.608063161 0.882862449 -0.423053116 0.97647059 1 0.827450991
v -0.631149888 0.823490143 -0.346166551 0.97647059 1 0.827450991
v -0.646008849 0.770876348 -0.262518764 0.97647059 1 0.827450991
v -0.6554178 0.72661078 -0.173289686 0.97647059 1 0.827450991
v -0.662508011 0.691392183 -0.0797524899 0.97647059 1 0.827450991
v -0.670486152 0.664952934 0.0167466979 0.97647059 1 0.827450991
v -0.682341695 0.646068275 0.114808947 0.97647059 1 0.827450991
v -0.700567782 0.632655144 0.213005126 0.97647059 1 0.827450991
v -0.726922452 0.621951878 0.309896588 0.97647059 1 0.827450991
v -0.762252212 0.610761881 0.404058456 0.97647059 1 0.827450991
v -0.806395292 0.595742166 0.494101375 0.97647059 1 0.827450991
v -0.858175278 0.573709548 0.578692734 0.97647059 1 0.827450991
v -0.915486932 0.541936696 0.656578124 0.97647059 1 0.827450991
v -0.975466847 0.498411953 0.726599991 0.97647059 1 0.827450991
v -1.03473425 0.442036629 0.787715852 0.97647059 1 0.827450991
v -1.08968246 0.372742832 0.839014769 0.97647059 1 0.827450991
v -1.13679206 0.291520864 0.879730701 0.97647059 1 0.827450991
v -1.17294037 0.200348347 0.909256458 0.97647059 1 0.827450991
v -1.19567525 0.102037303 0.927150369 0.97647059 1 0.827450991
v -1.20777023 0 0.900056839 0.97647059 1 0.827450991
v -1.20054436 -0.0991504192 0.894274831 0.97647059 1 0.827450991
v -1.17935741 -0.194888324 0.87701565 0.97647059 1 0.827450991
v -1.14563811 -0.284088403 0.848536611 0.97647059 1 0.827450991
v -1.10162544 -0.364174068 0.809263945 0.97647059 1 0.827450991
v -1.05017197 -0.433329076 0.759784102 0.97647059 1 0.827450991
v -0.994491696 -0.490640938 0.700835228 0.97647059 1 0.827450991
v -0.937877953 -0.536162615 0.633296251 0.97647059 1 0.827450991
v -0.883417368 -0.570888937 0.558172524 0.97647059 1 0.827450991
v -0.833723843 -0.596648037 0.47658059 0.97647059 1 0.827450991
v -0.790718555 -0.615921199 0.389730483 0.97647059 1 0.827450991
v -0.755473077 -0.631605685 0.29890734 0.97647059 1 0.827450991
v -0.728132546 -0.646743715 0.205451563 0.97647059 1 0.827450991
v -0.707921028 -0.664243281 0.110737383 0.97647059 1 0.827450991
v -0.69322902 -0.68661356 0.0161522925 0.97647059 1 0.827450991
v -0.681776285 -0.715742707 -0.0769249573 0.97647059 1 0.827450991
v -0.670829058 -0.752733111 -0.167145431 0.97647059 1 0.827450991
v -0.657455802 -0.797812402 -0.253210515 0.97647059 1 0.827450991
v -0.638794243 -0.850322843 -0.333892375 0.97647059 1 0.827450991
v -0.612306476 -0.908791184 -0.408052295 0.97647059 1 0.827450991
v -0.575998008 -0.971071362 -0.474659443 0.97647059 1 0.827450991
v -0.528583169 -1.03454101 -0.532804251 0.97647059 1 0.827450991
v -0.469580799 -1.09633601 -0.581714511 0.97647059 1 0.827450991
v -0.399334282 -1.15360177 -0.620765388 0.97647059 1 0.827450991
v -0.318957448 -1.20373058 -0.64948976 0.97647059 1 0.827450991
v -0.230210334 -1.24457145 -0.667584002 0.97647059 1 0.827450991
v -0.1353212 -1.2745862 -0.674913526 0.97647059 1 0.827450991
v -0.036774464 -1.29294384 -0.671512902 0.97647059 1 0.827450991
v 0.0629177243 -1.29954374 -0.657585204 0.97647059 1 0.827450991
v 0.161434442 -1.2949667 -0.633498907 0.97647059 1 0.827450991
v 0.256835192 -1.28036427 -0.59978056 0.97647059 1 0.827450991
v 0.347702593 -1.25729644 -0.557106137 0.97647059 1 0.827450991
v 0.433223128 -1.22753537 -0.506290615 0.97647059 1 0.827450991
v 0.513203979 -1.19286001 -0.448272735 0.97647059 1 0.827450991
v 0.588020563 -1.15485609 -0.384101987 0.97647059 1 0.827450991
v 0.658508062 -1.11475015 -0.314919502 0.97647059 1 0.827450991
v 0.725803554 -1.07328498 -0.241940901 0.97647059 1 0.827450991
v 0.791161656 -1.0306567 -0.166435763 0.97647059 1 0.827450991
v 0.855758607 -0.986515045 -0.0897084177 0.97647059 1 0.827450991
v 0.920512855 -0.940024495 -0.0130740367 0.97647059 1 0.827450991
v 0.98592943 -0.889983654 0.0621589459 0.97647059 1 0.827450991
v 1.05199802 -0.834985614 0.134711742 0.97647059 1 0.827450991
v 1.11814499 -0.773603261 0.203355446 0.97647059 1 0.827450991
v 1.18324935 -0.704580307 0.266931385 0.97647059 1 0.827450991
v 1.24571967 -0.627009034 0.324368268 0.97647059 1 0.827450991
v 1.3036232 -0.540472329 0.374700725 0.97647059 1 0.827450991
v 1.35485566 -0.445138633 0.417083979 0.97647059 1 0.827450991
v 1.39733267 -0.341798127 0.45080772 0.97647059 1 0.827450991
v 1.42918348 -0.231836602 0.475307435 0.97647059 1 0.827450991
v 1.44892883 -0.117148936 0.490173042 0.97647059 1 0.827450991
v 1.45561945 2.57086384e-07 0.49515596 0.97647059 1 0.827450991
v 1.44892871 0.117149308 0.490172982 0.97647059 1 0.827450991
v 1.42918336 0.231837362 0.475307316 0.97647059 1 0.827450991
v 1.39733231 0.341798842 0.450807512 0.97647059 1 0.827450991
v 1.35485542 0.445139259 0.41708371 0.97647059 1 0.827450991
v 1.30362284 0.540472984 0.374700397 0.97647059 1 0.827450991
v 1.24571908 0.627009928 0.324367732 0.97647059 1 0.827450991
v 1.183249 0.704580724 0.266930997 0.97647059 1 0.827450991
v 1.11814475 0.773603737 0.20335497 0.97647059 1 0.827450991
v 1.0519979 0.834985852 0.134711459 0.97647059 1 0.827450991
v 0.985929191 0.889983833 0.0621586926 0.97647059 1 0.827450991
v 0.920512736 0.940024376 -0.0130740376 0.97647059 1 0.827450991
v 0.855758488 0.986515105 -0.089708671 0.97647059 1 0.827450991
v 0.79116118 1.03065693 -0.1664363 0.97647059 1 0.827450991
v 0.725803137 1.07328522 -0.241941392 0.97647059 1 0.827450991
v 0.658507586 1.1147505 -0.314919949 0.97647059 1 0.827450991
v 0.588020146 1.15485668 -0.384102404 0.97647059 1 0.827450991
v 0.513203502 1.19286025 -0.448273063 0.97647059 1 0.827450991
v 0.433222681 1.22753561 -0.506290793 0.97647059 1 0.827450991
v 0.347701967 1.25729644 -0.557106555 0.97647059 1 0.827450991
v 0.256834477 1.28036463 -0.599780619 0.97647059 1 0.827450991
v 0.161433667 1.2949667 -0.633499265 0.97647059 1 0.827450991
v 0.062917009 1.29954374 -0.657585382 0.97647059 1 0.827450991
v -0.0367752165 1.29294384 -0.671512842 0.97647059 1 0.827450991
v -0.135321945 1.27458608 -0.674913466 0.97647059 1 0.827450991
v -0.230210334 1.24457145 -0.667584002 0.97647059 1 0.827450991
v -0.318957746 1.20373058 -0.649489582 0.97647059 1 0.827450991
v -0.39933455 1.15360153 -0.620765328 0.97647059 1 0.827450991
v -0.469580889 1.09633577 -0.581714272 0.97647059 1 0.827450991
v -0.528583407 1.03454065 -0.532804072 0.97647059 1 0.827450991
v -0.575998068 0.971071184 -0.474659294 0.97647059 1 0.827450991
v -0.612306535 0.908791065 -0.408052176 0.97647059 1 0.827450991
v -0.638794303 0.850322366 -0.333892137 0.97647059 1 0.827450991
v -0.657455802 0.797812104 -0.253210187 0.97647059 1 0.827450991
v -0.670829117 0.752733052 -0.167145059 0.97647059 1 0.827450991
v -0.681776345 0.715742588 -0.0769245774 0.97647059 1 0.827450991
v -0.693229198 0.6866135 0.0161528829 0.97647059 1 0.827450991
v -0.707921147 0.664243221 0.110737972 0.97647059 1 0.827450991
v -0.728132725 0.646743655 0.205452129 0.97647059 1 0.827450991
v -0.755473375 0.631605625 0.298908025 0.97647059 1 0.827450991
v -0.790718675 0.615921021 0.389731109 0.97647059 1 0.827450991
v -0.83372426 0.596647859 0.476581216 0.97647059 1 0.827450991
v -0.883417785 0.570888758 0.55817318 0.97647059 1 0.827450991
v -0.93787843 0.536162376 0.633296847 0.97647059 1 0.827450991
v -0.994492173 0.490640521 0.700835705 0.97647059 1 0.827450991
v -1.05017257 0.433328569 0.75978446 0.97647059 1 0.827450991
v -1.1016258 0.364173383 0.809264421 0.97647059 1 0.827450991
v -1.14563811 0.284088254 0.84853667 0.97647059 1 0.827450991
v -1.17935777 0.19488813 0.877015531 0.97647059 1 0.827450991
v -1.20054436 0.0991501957 0.89427489 0.97647059 1 0.827450991
v -1.21370447 0 0.868141949 0.97647059 1 0.827450991
v -1.20696163 -0.0966202915 0.862565041 0.97647059 1 0.827450991
v -1.18718171 -0.190114796 0.845917702 0.97647059 1 0.827450991
v -1.15566885 -0.277620137 0.818448603 0.97647059 1 0.827450991
v -1.11446869 -0.356774062 0.7805686 0.97647059 1 0.827450991
v -1.06618571 -0.425908834 0.73284328 0.97647059 1 0.827450991
v -1.01375508 -0.484182119 0.675984621 0.97647059 1 0.827450991
v -0.960183978 -0.531633496 0.61084044 0.97647059 1 0.827450991
v -0.908290386 -0.56916213 0.538380444 0.97647059 1 0.827450991
v -0.860459626 -0.598428607 0.45968166 0.97647059 1 0.827450991
v -0.818444967 -0.621689141 0.375911206 0.97647059 1 0.827450991
v -0.783222616 -0.641579807 0.288308501 0.97647059 1 0.827450991
v -0.754922092 -0.660867631 0.198166505 0.97647059 1 0.827450991
v -0.732831419 -0.682196438 0.106810786 0.97647059 1 0.827450991
v -0.715477586 -0.707844734 0.0155794546 0.97647059 1 0.827450991
v -0.700774193 -0.739521861 -0.0741973966 0.97647059 1 0.827450991
v -0.686221361 -0.778219044 -0.161218688 0.97647059 1 0.827450991
v -0.669138849 -0.824125946 -0.244232044 0.97647059 1 0.827450991
v -0.64691025 -0.876622438 -0.322053075 0.97647059 1 0.827450991
v -0.617216766 -0.934342146 -0.393583298 0.97647059 1 0.827450991
v -0.57823658 -0.995301485 -0.457828701 0.97647059 1 0.827450991
v -0.528797209 -1.0570811 -0.513911724 0.97647059 1 0.827450991
v -0.468462706 -1.11703897 -0.561087668 0.97647059 1 0.827450991
v -0.397552431 -1.17253995 -0.598753989 0.97647059 1 0.827450991
v -0.317091703 -1.22117352 -0.626459718 0.97647059 1 0.827450991
v -0.228698909 -1.2609446 -0.643912494 0.97647059 1 0.827450991
v -0.134423018 -1.29041779 -0.650982141 0.97647059 1 0.827450991
v -0.0365502276 -1.30880189 -0.647701919 0.97647059 1 0.827450991
v 0.0626042783 -1.31597245 -0.634268224 0.97647059 1 0.827450991
v 0.160896108 -1.312428 -0.611035705 0.97647059 1 0.827450991
v 0.256524265 -1.29918766 -0.578513205 0.97647059 1 0.827450991
v 0.348160982 -1.27764511 -0.537351906 0.97647059 1 0.827450991
v 0.435025305 -1.24938893 -0.488338083 0.97647059 1 0.827450991
v 0.516898513 -1.2160151 -0.432377547 0.97647059 1 0.827450991
v 0.59407568 -1.17894709 -0.370482236 0.97647059 1 0.827450991
v 0.667266965 -1.13928246 -0.30375284 0.97647059 1 0.827450991
v 0.737452924 -1.09768176 -0.233362049 0.97647059 1 0.827450991
v 0.805717468 -1.05431223 -0.160534173 0.97647059 1 0.827450991
v 0.873067915 -1.00884736 -0.0865274817 0.97647059 1 0.827450991
v 0.940273046 -0.960524619 -0.0126102008 0.97647059 1 0.827450991
v 1.00772107 -0.908257067 0.059954863 0.97647059 1 0.827450991
v 1.07532763 -0.850777209 0.129934803 0.97647059 1 0.827450991
v 1.1424948 -0.786809444 0.196144789 0.97647059 1 0.827450991
v 1.20812452 -0.715245426 0.257466137 0.97647059 1 0.827450991
v 1.27069235 -0.635303199 0.312866628 0.97647059 1 0.827450991
v 1.32836688 -0.546661377 0.361414343 0.97647059 1 0.827450991
v 1.37916672 -0.449541777 0.402294785 0.97647059 1 0.827450991
v 1.42113614 -0.344743133 0.434822798 0.97647059 1 0.827450991
v 1.45252514 -0.233615518 0.458453655 0.97647059 1 0.827450991
v 1.47195065 -0.117980093 0.472792149 0.97647059 1 0.827450991
v 1.47852731 2.57326803e-07 0.477598459 0.97647059 1 0.827450991
v 1.47195053 0.117980465 0.472792089 0.97647059 1 0.827450991
v 1.4525249 0.233616263 0.458453566 0.97647059 1 0.827450991
v 1.42113578 0.344743818 0.434822589 0.97647059 1 0.827450991
v 1.37916636 0.449542433 0.402294517 0.97647059 1 0.827450991
v 1.32836664 0.546662033 0.361414015 0.97647059 1 0.827450991
v 1.27069187 0.635304034 0.312866062 0.97647059 1 0.827450991
v 1.20812416 0.715245605 0.257465988 0.97647059 1 0.827450991
v 1.14249444 0.786809921 0.196144328 0.97647059 1 0.827450991
v 1.07532775 0.850777328 0.129934788 0.97647059 1 0.827450991
v 1.00772071 0.908257186 0.0599546321 0.97647059 1 0.827450991
v 0.940272808 0.960524857 -0.0126104495 0.97647059 1 0.827450991
v 0.873067677 1.00884748 -0.0865277275 0.97647059 1 0.827450991
v 0.805716991 1.05431259 -0.16053471 0.97647059 1 0.827450991
v 0.737452567 1.09768224 -0.233362496 0.97647059 1 0.827450991
v 0.667266428 1.1392827 -0.303753346 0.97647059 1 0.827450991
v 0.594075263 1.17894745 -0.370482653 0.97647059 1 0.827450991
v 0.516897917 1.21601534 -0.432378024 0.97647059 1 0.827450991
v 0.435024798 1.24938917 -0.488338411 0.97647059 1 0.827450991
v 0.348160297 1.27764523 -0.537352264 0.97647059 1 0.827450991
v 0.25652355 1.29918802 -0.578513384 0.97647059 1 0.827450991
v 0.160895362 1.31242812 -0.611036122 0.97647059 1 0.827450991
v 0.0626035631 1.31597257 -0.634268284 0.97647059 1 0.827450991
v -0.0365509801 1.30880177 -0.647701979 0.97647059 1 0.827450991
v -0.134423763 1.29041767 -0.650982022 0.97647059 1 0.827450991
v -0.228698909 1.2609446 -0.643912494 0.97647059 1 0.827450991
v -0.317092031 1.22117329 -0.626459718 0.97647059 1 0.827450991
v -0.397552699 1.17253971 -0.59875387 0.97647059 1 0.827450991
v -0.468462825 1.11703873 -0.561087489 0.97647059 1 0.827450991
v -0.528797448 1.05708086 -0.513911486 0.97647059 1 0.827450991
v -0.578236699 0.995301425 -0.457828581 0.97647059 1 0.827450991
v -0.617216885 0.934341967 -0.393583208 0.97647059 1 0.827450991
v -0.646910429 0.87662226 -0.322052777 0.97647059 1 0.827450991
v -0.669138908 0.824125826 -0.244231686 0.97647059 1 0.827450991
v -0.686221361 0.778218985 -0.16121833 0.97647059 1 0.827450991
v -0.700774193 0.739521861 -0.0741970241 0.97647059 1 0.827450991
v -0.715477645 0.707844436 0.0155800274 0.97647059 1 0.827450991
v -0.732831717 0.682196319 0.106811449 0.97647059 1 0.827450991
v -0.754922271 0.660867512 0.19816719 0.97647059 1 0.827450991
v -0.783222854 0.641579628 0.288309187 0.97647059 1 0.827450991
v -0.818445206 0.621689081 0.375911802 0.97647059 1 0.827450991
v -0.860460043 0.598428309 0.459682286 0.97647059 1 0.827450991
v -0.908290625 0.569161892 0.53838104 0.97647059 1 0.827450991
v -0.960184395 0.531633139 0.610840917 0.97647059 1 0.827450991
v -1.01375544 0.484181702 0.675985098 0.97647059 1 0.827450991
v -1.06618619 0.425908267 0.732843518 0.97647059 1 0.827450991
v -1.11446905 0.356773376 0.780568957 0.97647059 1 0.827450991
v -1.15566897 0.277620018 0.818448722 0.97647059 1 0.827450991
v -1.18718183 0.190114617 0.845917642 0.97647059 1 0.827450991
v -1.20696175 0.0966200531 0.8625651 0.97647059 1 0.827450991
v -1.22113311 0 0.837359011 0.97647059 1 0.827450991
v -1.21482933 -0.0944182947 0.831979692 0.97647059 1 0.827450991
v -1.19632709 -0.185972691 0.815922618 0.97647059 1 0.827450991
v -1.16681778 -0.272038907 0.789427578 0.97647059 1 0.827450991
v -1.12816906 -0.350450426 0.752890766 0.97647059 1 0.827450991
v -1.08275998 -0.419675022 0.706857741 0.97647059 1 0.827450991
v -1.03327012 -0.478934377 0.652015269 0.97647059 1 0.827450991
v -0.982445538 -0.528255522 0.589180887 0.97647059 1 0.827450991
v -0.932858229 -0.568450332 0.519290328 0.97647059 1 0.827450991
v -0.88668555 -0.60102582 0.443382055 0.97647059 1 0.827450991
v -0.845526636 -0.628032744 0.362581968 0.97647059 1 0.827450991
v -0.81027019 -0.651867568 0.27808553 0.97647059 1 0.827450991
v -0.781032145 -0.675046563 0.191139907 0.97647059 1 0.827450991
v -0.757158518 -0.699971259 0.103023447 0.97647059 1 0.827450991
v -0.737300813 -0.7287094 0.0150271254 0.97647059 1 0.827450991
v -0.719550192 -0.762807131 -0.0715663731 0.97647059 1 0.827450991
v -0.701620042 -0.803153038 -0.1555022 0.97647059 1 0.827450991
v -0.681059837 -0.849901915 -0.235571951 0.97647059 1 0.827450991
v -0.655478001 -0.902468383 -0.31063351 0.97647059 1 0.827450991
v -0.622755289 -0.959581912 -0.379627436 0.97647059 1 0.827450991
v -0.581228197 -1.01940835 -0.44159472 0.97647059 1 0.827450991
v -0.529827654 -1.07971287 -0.495689154 0.97647059 1 0.827450991
v -0.468158931 -1.13805556 -0.541192412 0.97647059 1 0.827450991
v -0.39651975 -1.19200194 -0.577522874 0.97647059 1 0.827450991
v -0.31585443 -1.23932111 -0.604246378 0.97647059 1 0.827450991
v -0.227652311 -1.27815974 -0.62108022 0.97647059 1 0.827450991
v -0.133798718 -1.30717504 -0.62789923 0.97647059 1 0.827450991
v -0.0363990739 -1.32561278 -0.624735355 0.97647059 1 0.827450991
v 0.062411081 -1.33332551 -0.611777902 0.97647059 1 0.827450991
v 0.160648227 -1.33073592 -0.589369357 0.97647059 1 0.827450991
v 0.25663802 -1.31874228 -0.558000028 0.97647059 1 0.827450991
v 0.349134505 -1.29858482 -0.518298328 0.97647059 1 0.827450991
v 0.437385768 -1.27168393 -0.471022397 0.97647059 1 0.827450991
v 0.521148145 -1.23946881 -0.41704616 0.97647059 1 0.827450991
v 0.60064292 -1.2032131 -0.357345551 0.97647059 1 0.827450991
v 0.676464558 -1.16389668 -0.29298228 0.97647059 1 0.827450991
v 0.749450088 -1.12210476 -0.225087374 0.97647059 1 0.827450991
v 0.820525825 -1.0779773 -0.154841885 0.97647059 1 0.827450991
v 0.890544057 -1.03120971 -0.0834590867 0.97647059 1 0.827450991
v 0.960134566 -0.981107116 -0.0121633001 0.97647059 1 0.827450991
v 1.02957857 -0.926685274 0.0578289591 0.97647059 1 0.827450991
v 1.09872293 -0.866805851 0.125327736 0.97647059 1 0.827450991
v 1.1669445 -0.800332606 0.189189747 0.97647059 1 0.827450991
v 1.23316574 -0.726291478 0.248336822 0.97647059 1 0.827450991
v 1.29592288 -0.644018173 0.301772803 0.97647059 1 0.827450991
v 1.35347521 -0.553278625 0.348599106 0.97647059 1 0.827450991
v 1.40395224 -0.454344869 0.388029963 0.97647059 1 0.827450991
v 1.44551551 -0.348024875 0.419404596 0.97647059 1 0.827450991
v 1.47652376 -0.235637724 0.442197591 0.97647059 1 0.827450991
v 1.49568248 -0.118938804 0.456027687 0.97647059 1 0.827450991
v 1.50216377 2.57955008e-07 0.460663497 0.97647059 1 0.827450991
v 1.49568236 0.118939184 0.456027627 0.97647059 1 0.827450991
v 1.47652352 0.235638484 0.442197472 0.97647059 1 0.827450991
v 1.44551516 0.34802559 0.419404477 0.97647059 1 0.827450991
v 1.403952 0.454345554 0.388029724 0.97647059 1 0.827450991
v 1.35347474 0.553279221 0.348598868 0.97647059 1 0.827450991
v 1.29592228 0.644019067 0.301772296 0.97647059 1 0.827450991
v 1.23316538 0.726291656 0.248336643 0.97647059 1 0.827450991
v 1.16694403 0.800333083 0.189189315 0.97647059 1 0.827450991
v 1.0987227 0.866806149 0.125327513 0.97647059 1 0.827450991
v 1.02957821 0.926685393 0.0578287356 0.97647059 1 0.827450991
v 0.960134447 0.981107116 -0.0121633029 0.97647059 1 0.827450991
v 0.89054358 1.03120983 -0.0834595785 0.97647059 1 0.827450991
v 0.820525348 1.07797754 -0.154842392 0.97647059 1 0.827450991
v 0.74944973 1.12210524 -0.225087807 0.97647059 1 0.827450991
v 0.67646414 1.16389716 -0.292982697 0.97647059 1 0.827450991
v 0.600642383 1.20321345 -0.357345939 0.97647059 1 0.827450991
v 0.521147609 1.23946905 -0.417046517 0.97647059 1 0.827450991
v 0.437385291 1.27168417 -0.471022695 0.97647059 1 0.827450991
v 0.349133998 1.29858482 -0.518298626 0.97647059 1 0.827450991
v 0.256637514 1.31874239 -0.558000147 0.97647059 1 0.827450991
v 0.160647482 1.33073604 -0.589369714 0.97647059 1 0.827450991
v 0.0624103621 1.33332551 -0.6117782 0.97647059 1 0.827450991
v -0.0363998227 1.32561255 -0.624735415 0.97647059 1 0.827450991
v -0.133799449 1.30717504 -0.62789911 0.97647059 1 0.827450991
v -0.227652311 1.27815974 -0.62108022 0.97647059 1 0.827450991
v -0.315854728 1.23932087 -0.604246259 0.97647059 1 0.827450991
v -0.396519929 1.19200182 -0.577522933 0.97647059 1 0.827450991
v -0.46815908 1.13805556 -0.541192174 0.97647059 1 0.827450991
v -0.529827893 1.07971275 -0.495688915 0.97647059 1 0.827450991
v -0.581228256 1.01940835 -0.441594601 0.97647059 1 0.827450991
v -0.622755289 0.959581733 -0.379627377 0.97647059 1 0.827450991
v -0.65547812 0.902467966 -0.310633272 0.97647059 1 0.827450991
v -0.681059957 0.849901795 -0.235571608 0.97647059 1 0.827450991
v -0.701620162 0.8031528 -0.155501842 0.97647059 1 0.827450991
v -0.719550192 0.762806892 -0.0715660304 0.97647059 1 0.827450991
v -0.737300992 0.72870928 0.0150275836 0.97647059 1 0.827450991
v -0.757158637 0.699971199 0.103023991 0.97647059 1 0.827450991
v -0.781032383 0.675046384 0.191140458 0.97647059 1 0.827450991
v -0.810270488 0.651867449 0.278086185 0.97647059 1 0.827450991
v -0.845526755 0.628032506 0.362582594 0.97647059 1 0.827450991
v -0.886685967 0.601025581 0.443382621 0.97647059 1 0.827450991
v -0.932858527 0.568450093 0.519290864 0.97647059 1 0.827450991
v -0.982445776 0.528255105 0.589181423 0.97647059 1 0.827450991
v -1.0332706 0.47893396 0.652015626 0.97647059 1 0.827450991
v -1.08276033 0.419674516 0.706858039 0.97647059 1 0.827450991
v -1.12816954 0.350449771 0.752891123 0.97647059 1 0.827450991
v -1.16681778 0.272038758 0.789427757 0.97647059 1 0.827450991
v -1.19632721 0.185972512 0.815922678 0.97647059 1 0.827450991
v -1.21482933 0.0944180787 0.831979752 0.97647059 1 0.827450991
v -1.22996414 0 0.807667136 0.97647059 1 0.827450991
v -1.22405887 -0.092518121 0.802478731 0.97647059 1 0.827450991
v -1.20671606 -0.182411432 0.786991119 0.97647059 1 0.827450991
v -1.17902446 -0.267274082 0.76143539 0.97647059 1 0.827450991
v -1.14268899 -0.345118165 0.726194024 0.97647059 1 0.827450991
v -1.09988201 -0.414535165 0.681793272 0.97647059 1 0.827450991
v -1.05305052 -0.474805057 0.628895462 0.97647059 1 0.827450991
v -1.0047009 -0.525943279 0.56828928 0.97647059 1 0.827450991
v -0.957181454 -0.568681717 0.500876844 0.97647059 1 0.827450991
v -0.912478805 -0.604386926 0.427660167 0.97647059 1 0.827450991
v -0.872051179 -0.63492167 0.349725217 0.97647059 1 0.827450991
v -0.83670783 -0.662463725 0.268224895 0.97647059 1 0.827450991
v -0.806551337 -0.689298987 0.184362292 0.97647059 1 0.827450991
v -0.780981541 -0.717608571 0.0993704349 0.97647059 1 0.827450991
v -0.758763194 -0.749266505 0.0144942803 0.97647059 1 0.827450991
v -0.738149524 -0.785669684 -0.0690287128 0.97647059 1 0.827450991
v -0.717049301 -0.827612638 -0.149988189 0.97647059 1 0.827450991
v -0.693221211 -0.875218809 -0.227218851 0.97647059 1 0.827450991
v -0.664479375 -0.92793256 -0.29961884 0.97647059 1 0.827450991
v -0.628886998 -0.984572232 -0.366166323 0.97647059 1 0.827450991
v -0.584925175 -1.04343879 -0.425936282 0.97647059 1 0.827450991
v -0.531619191 -1.10246563 -0.478112668 0.97647059 1 0.827450991
v -0.468612343 -1.1593976 -0.52200222 0.97647059 1 0.827450991
v -0.396182179 -1.21198261 -0.557044744 0.97647059 1 0.827450991
v -0.315199822 -1.25815272 -0.582820535 0.97647059 1 0.827450991
v -0.227036476 -1.2961849 -0.599057496 0.97647059 1 0.827450991
v -0.133428246 -1.32482028 -0.60563463 0.97647059 1 0.827450991
v -0.0363156684 -1.34333646 -0.602582991 0.97647059 1 0.827450991
v 0.0623294488 -1.35156596 -0.59008497 0.97647059 1 0.827450991
v 0.160670161 -1.34986079 -0.568471074 0.97647059 1 0.827450991
v 0.2571477 -1.33900774 -0.538213909 0.97647059 1 0.827450991
v 0.350589275 -1.32010746 -0.49992007 0.97647059 1 0.827450991
v 0.440269411 -1.29442525 -0.45432055 0.97647059 1 0.827450991
v 0.525921166 -1.2632376 -0.402258128 0.97647059 1 0.827450991
v 0.60769695 -1.22768056 -0.344674408 0.97647059 1 0.827450991
v 0.686084986 -1.18862605 -0.282593459 0.97647059 1 0.827450991
v 0.761789978 -1.14659083 -0.217105985 0.97647059 1 0.827450991
v 0.835592687 -1.10168874 -0.149351358 0.97647059 1 0.827450991
v 0.908202469 -1.05363584 -0.0804999694 0.97647059 1 0.827450991
v 0.980122268 -1.00179839 -0.0117320037 0.97647059 1 0.827450991
v 1.05153239 -0.94528681 0.0557784028 0.97647059 1 0.827450991
v 1.12221539 -0.883081079 0.120883547 0.97647059 1 0.827450991
v 1.1915257 -0.814172029 0.182481289 0.97647059 1 0.827450991
v 1.25840175 -0.737710178 0.239531025 0.97647059 1 0.827450991
v 1.32143319 -0.653138638 0.291072309 0.97647059 1 0.827450991
v 1.37896228 -0.560304642 0.336238205 0.97647059 1 0.827450991
v 1.42921853 -0.459527671 0.374270916 0.97647059 1 0.827450991
v 1.47046924 -0.351625144 0.404532999 0.97647059 1 0.827450991
v 1.50117207 -0.237889513 0.426517785 0.97647059 1 0.827450991
v 1.52011299 -0.12001773 0.439857423 0.97647059 1 0.827450991
v 1.52651536 2.58944965e-07 0.444328934 0.97647059 1 0.827450991
v 1.52011263 0.120018102 0.439857453 0.97647059 1 0.827450991
v 1.50117183 0.237890273 0.426517695 0.97647059 1 0.827450991
v 1.470469 0.35162586 0.40453282 0.97647059 1 0.827450991
v 1.42921829 0.459528357 0.374270678 0.97647059 1 0.827450991
v 1.3789618 0.560305297 0.336237907 0.97647059 1 0.827450991
v 1.32143283 0.653139532 0.291071802 0.97647059 1 0.827450991
v 1.25840151 0.737710357 0.239530876 0.97647059 1 0.827450991
v 1.19152534 0.814172506 0.182480872 0.97647059 1 0.827450991
v 1.12221563 0.883081257 0.120883524 0.97647059 1 0.827450991
v 1.05153203 0.94528693 0.0557781905 0.97647059 1 0.827450991
v 0.980122149 1.00179815 -0.0117320055 0.97647059 1 0.827450991
v 0.908202291 1.05363607 -0.0805002004 0.97647059 1 0.827450991
v 0.835592151 1.1016891 -0.14935185 0.97647059 1 0.827450991
v 0.761789441 1.14659119 -0.217106432 0.97647059 1 0.827450991
v 0.686084449 1.18862653 -0.282593846 0.97647059 1 0.827450991
v 0.607696414 1.22768092 -0.344674796 0.97647059 1 0.827450991
v 0.52592051 1.2632376 -0.402258605 0.97647059 1 0.827450991
v 0.440268904 1.29442549 -0.454320788 0.97647059 1 0.827450991
v 0.350588769 1.32010746 -0.499920309 0.97647059 1 0.827450991
v 0.257146984 1.33900809 -0.538214028 0.97647059 1 0.827450991
v 0.160669401 1.34986079 -0.568471313 0.97647059 1 0.827450991
v 0.0623287335 1.35156608 -0.590085149 0.97647059 1 0.827450991
v -0.0363164134 1.34333634 -0.602582991 0.97647059 1 0.827450991
v -0.133428976 1.32482016 -0.60563457 0.97647059 1 0.827450991
v -0.227036476 1.2961849 -0.599057496 0.97647059 1 0.827450991
v -0.31520015 1.25815272 -0.582820415 0.97647059 1 0.827450991
v -0.396182418 1.21198237 -0.557044566 0.97647059 1 0.827450991
v -0.468612492 1.15939736 -0.522002161 0.97647059 1 0.827450991
v -0.53161943 1.10246539 -0.4781124 0.97647059 1 0.827450991
v -0.584925294 1.04343867 -0.425936162 0.97647059 1 0.827450991
v -0.628887117 0.984572113 -0.366166204 0.97647059 1 0.827450991
v -0.664479494 0.927932262 -0.299618572 0.97647059 1 0.827450991
v -0.69322139 0.87521863 -0.227218509 0.97647059 1 0.827450991
v -0.71704936 0.827612579 -0.149987862 0.97647059 1 0.827450991
v -0.738149524 0.785669386 -0.0690283775 0.97647059 1 0.827450991
v -0.758763313 0.749266267 0.0144947218 0.97647059 1 0.827450991
v -0.780981779 0.717608392 0.0993709564 0.97647059 1 0.827450991
v -0.806551516 0.689298868 0.184362754 0.97647059 1 0.827450991
v -0.83670795 0.662463427 0.268225551 0.97647059 1 0.827450991
v -0.872051358 0.634921491 0.349725753 0.97647059 1 0.827450991
v -0.912479162 0.604386747 0.427660763 0.97647059 1 0.827450991
v -0.957181871 0.568681479 0.500877321 0.97647059 1 0.827450991
v -1.00470126 0.525942862 0.568289697 0.97647059 1 0.827450991
v -1.05305088 0.47480467 0.628895819 0.97647059 1 0.827450991
v -1.09988236 0.414534628 0.68179363 0.97647059 1 0.827450991
v -1.14268923 0.34511745 0.726194501 0.97647059 1 0.827450991
v -1.17902434 0.267273903 0.761435568 0.97647059 1 0.827450991
v -1.20671618 0.182411253 0.786991119 0.97647059 1 0.827450991
v -1.22405875 0.0925178975 0.802478671 0.97647059 1 0.827450991
v -1.24011338 0 0.779028416 0.97647059 1 0.827450991
v -1.23456931 -0.0908957571 0.77402401 0.97647059 1 0.827450991
v -1.21827829 -0.179385036 0.759085536 0.97647059 1 0.827450991
v -1.19223392 -0.263261318 0.734435916 0.97647059 1 0.827450991
v -1.15799344 -0.340699911 0.7004444 0.97647059 1 0.827450991
v -1.11754024 -0.410405099 0.657617867 0.97647059 1 0.827450991
v -1.07310796 -0.471709907 0.606595695 0.97647059 1 0.827450991
v -1.02698517 -0.524618924 0.548138559 0.97647059 1 0.827450991
v -0.981314838 -0.569791019 0.483116537 0.97647059 1 0.827450991
v -0.937909544 -0.608464122 0.41249606 0.97647059 1 0.827450991
v -0.898098648 -0.642328799 0.3373245 0.97647059 1 0.827450991
v -0.862618804 -0.673362911 0.25871405 0.97647059 1 0.827450991
v -0.831560552 -0.70364213 0.177825019 0.97647059 1 0.827450991
v -0.804372609 -0.735145211 0.0958469138 0.97647059 1 0.827450991
v -0.779923081 -0.769569278 0.0139803328 0.97647059 1 0.827450991
v -0.756613672 -0.80817461 -0.06658113 0.97647059 1 0.827450991
v -0.732530832 -0.851669431 -0.144669816 0.97647059 1 0.827450991
v -0.705625176 -0.900147855 -0.219162047 0.97647059 1 0.827450991
v -0.67389816 -0.953081608 -0.288994759 0.97647059 1 0.827450991
v -0.635580122 -1.00936937 -0.353182793 0.97647059 1 0.827450991
v -0.589284182 -1.06743538 -0.41083315 0.97647059 1 0.827450991
v -0.534121633 -1.12536633 -0.461159438 0.97647059 1 0.827450991
v -0.469770789 -1.18107522 -0.503492892 0.97647059 1 0.827450991
v -0.396491081 -1.23247612 -0.537292659 0.97647059 1 0.827450991
v -0.315086335 -1.27765024 -0.562154531 0.97647059 1 0.827450991
v -0.226820454 -1.31499195 -0.577815771 0.97647059 1 0.827450991
v -0.133293316 -1.3433187 -0.584159732 0.97647059 1 0.827450991
v -0.0362951644 -1.36193728 -0.581216156 0.97647059 1 0.827450991
v 0.0623514913 -1.37066031 -0.569161475 0.97647059 1 0.827450991
v 0.160943136 -1.3697753 -0.548313916 0.97647059 1 0.827450991
v 0.258025944 -1.35996652 -0.519129574 0.97647059 1 0.827450991
v 0.352493823 -1.34220576 -0.482193619 0.97647059 1 0.827450991
v 0.443644285 -1.3176173 -0.438210964 0.97647059 1 0.827450991
v 0.531188369 -1.28733611 -0.387994647 0.97647059 1 0.827450991
v 0.615214884 -1.25237322 -0.332452744 0.97647059 1 0.827450991
v 0.696113646 -1.21350121 -0.272573143 0.97647059 1 0.827450991
v 0.774467528 -1.17117333 -0.209407732 0.97647059 1 0.827450991
v 0.850923538 -1.12548018 -0.14405556 0.97647059 1 0.827450991
v 0.926058829 -1.07615566 -0.0776453316 0.97647059 1 0.827450991
v 1.00025809 -1.02262259 -0.0113160051 0.97647059 1 0.827450991
v 1.07360959 -0.964078307 0.0538005866 0.97647059 1 0.827450991
v 1.14583623 -0.89961046 0.116597384 0.97647059 1 0.827450991
v 1.21626747 -0.828327179 0.176010758 0.97647059 1 0.827450991
v 1.28385758 -0.749492884 0.231037632 0.97647059 1 0.827450991
v 1.34724367 -0.662650347 0.280751288 0.97647059 1 0.827450991
v 1.40484154 -0.567722142 0.324315697 0.97647059 1 0.827450991
v 1.45497119 -0.465071768 0.360999882 0.97647059 1 0.827450991
v 1.49599612 -0.355527371 0.390188843 0.97647059 1 0.827450991
v 1.52646327 -0.240358412 0.41139403 0.97647059 1 0.827450991
v 1.54523087 -0.121210158 0.424260706 0.97647059 1 0.827450991
v 1.55157018 2.60273026e-07 0.428573608 0.97647059 1 0.827450991
v 1.54523075 0.121210545 0.424260676 0.97647059 1 0.827450991
v 1.52646315 0.240359187 0.41139394 0.97647059 1 0.827450991
v 1.49599588 0.355528116 0.390188664 0.97647059 1 0.827450991
v 1.45497108 0.465072483 0.360999554 0.97647059 1 0.827450991
v 1.40484118 0.567722797 0.324315399 0.97647059 1 0.827450991
v 1.34724319 0.662651241 0.280750841 0.97647059 1 0.827450991
v 1.28385746 0.749493182 0.231037438 0.97647059 1 0.827450991
v 1.21626711 0.828327656 0.176010355 0.97647059 1 0.827450991
v 1.14583588 0.899610698 0.116597168 0.97647059 1 0.827450991
v 1.07360923 0.964078486 0.0538003817 0.97647059 1 0.827450991
v 1.00025809 1.02262259 -0.0113160051 0.97647059 1 0.827450991
v 0.926058352 1.07615602 -0.0776457787 0.97647059 1 0.827450991
v 0.850923002 1.12548041 -0.144056037 0.97647059 1 0.827450991
v 0.774467051 1.17117369 -0.209408164 0.97647059 1 0.827450991
v 0.696113288 1.21350181 -0.272573471 0.97647059 1 0.827450991
v 0.615214348 1.2523737 -0.332453102 0.97647059 1 0.827450991
v 0.531187713 1.28733623 -0.387995034 0.97647059 1 0.827450991
v 0.443643779 1.31761742 -0.438211203 0.97647059 1 0.827450991
v 0.352493286 1.342206 -0.482193887 0.97647059 1 0.827450991
v 0.258025229 1.35996675 -0.519129753 0.97647059 1 0.827450991
v 0.160942391 1.36977518 -0.548314214 0.97647059 1 0.827450991
v 0.0623507649 1.37066031 -0.569161654 0.97647059 1 0.827450991
v -0.0362959094 1.36193717 -0.581216276 0.97647059 1 0.827450991
v -0.133294061 1.34331858 -0.584159613 0.97647059 1 0.827450991
v -0.226820454 1.31499195 -0.577815771 0.97647059 1 0.827450991
v -0.315086663 1.27765024 -0.562154412 0.97647059 1 0.827450991
v -0.39649123 1.23247588 -0.537292659 0.97647059 1 0.827450991
v -0.469770938 1.1810751 -0.503492773 0.97647059 1 0.827450991
v -0.534121871 1.12536609 -0.461159229 0.97647059 1 0.827450991
v -0.589284182 1.06743526 -0.410833061 0.97647059 1 0.827450991
v -0.635580242 1.00936925 -0.353182524 0.97647059 1 0.827450991
v -0.673898339 0.953081131 -0.288994372 0.97647059 1 0.827450991
v -0.705625355 0.900147676 -0.219161659 0.97647059 1 0.827450991
v -0.732530832 0.851669252 -0.144669518 0.97647059 1 0.827450991
v -0.756613672 0.808174431 -0.0665808097 0.97647059 1 0.827450991
v -0.77992332 0.769569099 0.0139807584 0.97647059 1 0.827450991
v -0.804372668 0.735145032 0.095847331 0.97647059 1 0.827450991
v -0.83156085 0.703641951 0.177825615 0.97647059 1 0.827450991
v -0.862619042 0.673362613 0.258714736 0.97647059 1 0.827450991
v -0.898098826 0.64232856 0.337325007 0.97647059 1 0.827450991
v -0.937909901 0.608463824 0.412496537 0.97647059 1 0.827450991
v -0.981315196 0.569790721 0.483116984 0.97647059 1 0.827450991
v -1.02698541 0.524618506 0.548139095 0.97647059 1 0.827450991
v -1.07310832 0.47170949 0.606596231 0.97647059 1 0.827450991
v -1.1175406 0.410404533 0.657618284 0.97647059 1 0.827450991
v -1.15799379 0.340699255 0.700444579 0.97647059 1 0.827450991
v -1.19223392 0.263261199 0.734436154 0.97647059 1 0.827450991
v -1.21827841 0.179384857 0.759085536 0.97647059 1 0.827450991
v -1.23456943 0.090895541 0.774024069 0.97647059 1 0.827450991
v -1.25150526 0 0.75140518 0.97647059 1 0.827450991
v -1.24628866 -0.0895292759 0.746578097 0.97647059 1 0.827450991
v -1.23095024 -0.176851451 0.732169211 0.97647059 1 0.827450991
v -1.20639765 -0.259941995 0.708393812 0.97647059 1 0.827450991
v -1.17405236 -0.337125003 0.675607443 0.97647059 1 0.827450991
v -1.13572514 -0.407207847 0.634299636 0.97647059 1 0.827450991
v -1.09345543 -0.469571829 0.585086644 0.97647059 1 0.827450991
v -1.04933178 -0.524211526 0.528702259 0.97647059 1 0.827450991
v -1.00530994 -0.571718752 0.465985835 0.97647059 1 0.827450991
v -0.963043272 -0.613213718 0.397869468 0.97647059 1 0.827450991
v -0.923743665 -0.650229752 0.325363308 0.97647059 1 0.827450991
v -0.888081014 -0.684561551 0.249540389 0.97647059 1 0.827450991
v -0.856134951 -0.718092322 0.171519578 0.97647059 1 0.827450991
v -0.827398658 -0.752615869 0.0924482122 0.97647059 1 0.827450991
v -0.800835133 -0.789667666 0.0134845255 0.97647059 1 0.827450991
v -0.774980903 -0.830382228 -0.0642201826 0.97647059 1 0.827450991
v -0.748085558 -0.875389457 -0.139540017 0.97647059 1 0.827450991
v -0.718274355 -0.924755335 -0.211390778 0.97647059 1 0.827450991
v -0.68372041 -0.977977276 -0.27874735 0.97647059 1 0.827450991
v -0.642806292 -1.03402591 -0.340659171 0.97647059 1 0.827450991
v -0.594265819 -1.09143829 -0.396265656 0.97647059 1 0.827450991
v -0.537289441 -1.14844108 -0.444807351 0.97647059 1 0.827450991
v -0.471587002 -1.20309949 -0.485639632 0.97647059 1 0.827450991
v -0.397401541 -1.25347984 -0.518241048 0.97647059 1 0.827450991
v -0.31547609 -1.29779828 -0.542221367 0.97647059 1 0.827450991
v -0.226976067 -1.33455634 -0.557327211 0.97647059 1 0.827450991
v -0.133377343 -1.36264026 -0.563446164 0.97647059 1 0.827450991
v -0.0363331437 -1.38138342 -0.560607135 0.97647059 1 0.827450991
v 0.0624700114 -1.39057934 -0.5489797 0.97647059 1 0.827450991
v 0.161450118 -1.39045584 -0.528871417 0.97647059 1 0.827450991
v 0.259248614 -1.381603 -0.500721991 0.97647059 1 0.827450991
v 0.354819983 -1.36487496 -0.465095609 0.97647059 1 0.827450991
v 0.447481513 -1.34126496 -0.42267254 0.97647059 1 0.827450991
v 0.536923707 -1.31177974 -0.374236852 0.97647059 1 0.827450991
v 0.623176217 -1.27731478 -0.320664406 0.97647059 1 0.827450991
v 0.7065382 -1.2385515 -0.262908012 0.97647059 1 0.827450991
v 0.78747952 -1.19588459 -0.201982439 0.97647059 1 0.827450991
v 0.866524041 -1.14938366 -0.138947546 0.97647059 1 0.827450991
v 0.944126725 -1.09879899 -0.0748923421 0.97647059 1 0.827450991
v 1.02056396 -1.04360414 -0.0109147532 0.97647059 1 0.827450991
v 1.09583688 -0.983076513 0.0518928915 0.97647059 1 0.827450991
v 1.16961217 -0.916402519 0.11246302 0.97647059 1 0.827450991
v 1.24119771 -0.842798412 0.169769675 0.97647059 1 0.827450991
v 1.30955863 -0.761633039 0.222845361 0.97647059 1 0.827450991
v 1.3733741 -0.672541201 0.270796269 0.97647059 1 0.827450991
v 1.43112659 -0.57551533 0.312815905 0.97647059 1 0.827450991
v 1.4812175 -0.470960826 0.348199219 0.97647059 1 0.827450991
v 1.52209663 -0.359716713 0.376353264 0.97647059 1 0.827450991
v 1.55239213 -0.243033141 0.396806628 0.97647059 1 0.827450991
v 1.57102823 -0.122510068 0.409217 0.97647059 1 0.827450991
v 1.57731879 2.61917705e-07 0.413376957 0.97647059 1 0.827450991
v 1.57102811 0.122510456 0.40921697 0.97647059 1 0.827450991
v 1.55239213 0.243033946 0.396806419 0.97647059 1 0.827450991
v 1.52209628 0.359717429 0.376353174 0.97647059 1 0.827450991
v 1.48121727 0.470961511 0.34819898 0.97647059 1 0.827450991
v 1.43112624 0.575516045 0.312815607 0.97647059 1 0.827450991
v 1.37337351 0.672542155 0.270795792 0.97647059 1 0.827450991
v 1.30955839 0.761633337 0.222845182 0.97647059 1 0.827450991
v 1.24119735 0.842799008 0.169769287 0.97647059 1 0.827450991
v 1.16961217 0.916402936 0.112462796 0.97647059 1 0.827450991
v 1.09583664 0.983076692 0.0518926829 0.97647059 1 0.827450991
v 1.02056384 1.04360402 -0.0109147551 0.97647059 1 0.827450991
v 0.944126546 1.09879923 -0.0748925582 0.97647059 1 0.827450991
v 0.866523504 1.1493839 -0.138947994 0.97647059 1 0.827450991
v 0.787478983 1.19588494 -0.201982841 0.97647059 1 0.827450991
v 0.706537664 1.23855186 -0.262908369 0.97647059 1 0.827450991
v 0.623175681 1.27731514 -0.320664763 0.97647059 1 0.827450991
v 0.53692311 1.31177998 -0.37423718 0.97647059 1 0.827450991
v 0.447481006 1.34126532 -0.422672749 0.97647059 1 0.827450991
v 0.354819298 1.36487496 -0.465095967 0.97647059 1 0.827450991
v 0.259247899 1.38160336 -0.50072217 0.97647059 1 0.827450991
v 0.161449343 1.39045572 -0.528871715 0.97647059 1 0.827450991
v 0.062469285 1.39057934 -0.548979938 0.97647059 1 0.827450991
v -0.0363338888 1.38138318 -0.560607135 0.97647059 1 0.827450991
v -0.133378074 1.36264014 -0.563446224 0.97647059 1 0.827450991
v -0.226976067 1.33455634 -0.557327211 0.97647059 1 0.827450991
v -0.315476418 1.29779816 -0.542221248 0.97647059 1 0.827450991
v -0.397401839 1.2534796 -0.518240988 0.97647059 1 0.827450991
v -0.471587181 1.20309949 -0.485639513 0.97647059 1 0.827450991
v -0.537289739 1.14844072 -0.444807202 0.97647059 1 0.827450991
v -0.594265878 1.09143829 -0.396265537 0.97647059 1 0.827450991
v -0.642806411 1.03402579 -0.340659082 0.97647059 1 0.827450991
v -0.683720529 0.97797668 -0.278746992 0.97647059 1 0.827450991
v -0.718274534 0.924755216 -0.211390465 0.97647059 1 0.827450991
v -0.748085618 0.875389338 -0.139539704 0.97647059 1 0.827450991
v -0.774981081 0.830382228 -0.0642199293 0.97647059 1 0.827450991
v -0.800835431 0.789667368 0.013485021 0.97647059 1 0.827450991
v -0.827398896 0.752615631 0.0924487859 0.97647059 1 0.827450991
v -0.85613513 0.718092024 0.171520174 0.97647059 1 0.827450991
v -0.888081312 0.684561312 0.249540955 0.97647059 1 0.827450991
v -0.923743844 0.650229514 0.325363874 0.97647059 1 0.827450991
v -0.96304363 0.61321348 0.397869974 0.97647059 1 0.827450991
v -1.00531018 0.571718395 0.465986401 0.97647059 1 0.827450991
v -1.04933214 0.524211168 0.528702676 0.97647059 1 0.827450991
v -1.09345579 0.469571382 0.585087001 0.97647059 1 0.827450991
v -1.1357255 0.407207251 0.634299874 0.97647059 1 0.827450991
v -1.17405272 0.337124348 0.6756078 0.97647059 1 0.827450991
v -1.20639777 0.259941846 0.708393991 0.97647059 1 0.827450991
v -1.23095047 0.176851287 0.732169271 0.97647059 1 0.827450991
v -1.24628866 0.0895290822 0.746578157 0.97647059 1 0.827450991
v -1.26407087 0 0.724761426 0.97647059 1 0.827450991
v -1.25915074 -0.088398762 0.720105648 0.97647059 1 0.827450991
v -1.24467468 -0.174772382 0.706207573 0.97647059 1 0.827450991
v -1.22147107 -0.257262528 0.683275223 0.97647059 1 0.827450991
v -1.1908381 -0.334329128 0.651651382 0.97647059 1 0.827450991
v -1.15442872 -0.404873431 0.6118083 0.97647059 1 0.827450991
v -1.11410415 -0.468320847 0.564340472 0.97647059 1 0.827450991
v -1.07177114 -0.524656594 0.509955227 0.97647059 1 0.827450991
v -1.02921367 -0.574410856 0.449462652 0.97647059 1 0.827450991
v -0.987939894 -0.618596554 0.383761555 0.97647059 1 0.827450991
v -0.94905436 -0.658602476 0.313826412 0.97647059 1 0.827450991
v -0.91316551 -0.696056128 0.240692064 0.97647059 1 0.827450991
v -0.880343318 -0.732664764 0.165437728 0.97647059 1 0.827450991
v -0.850121498 -0.770052731 0.0891701356 0.97647059 1 0.827450991
v -0.821549296 -0.809607327 0.0130063836 0.97647059 1 0.827450991
v -0.793286979 -0.852348268 -0.0619430318 0.97647059 1 0.827450991
v -0.763732612 -0.898833036 -0.134592116 0.97647059 1 0.827450991
v -0.731171429 -0.949102342 -0.203895167 0.97647059 1 0.827450991
v -0.69393301 -1.00267565 -0.26886341 0.97647059 1 0.827450991
v -0.650539577 -1.05859041 -0.328579903 0.97647059 1 0.827450991
v -0.599834621 -1.11548519 -0.382214606 0.97647059 1 0.827450991
v -0.54108119 -1.17171359 -0.429035157 0.97647059 1 0.827450991
v -0.474018097 -1.22548091 -0.468419582 0.97647059 1 0.827450991
v -0.398873478 -1.27499092 -0.499864966 0.97647059 1 0.827450991
v -0.316334605 -1.31858277 -0.522994995 0.97647059 1 0.827450991
v -0.227477625 -1.35485554 -0.537565112 0.97647059 1 0.827450991
v -0.133665189 -1.38275802 -0.543467224 0.97647059 1 0.827450991
v -0.0364255942 -1.40164638 -0.540728748 0.97647059 1 0.827450991
v 0.0626784861 -1.41129673 -0.529513657 0.97647059 1 0.827450991
v 0.162175566 -1.41188157 -0.510118365 0.97647059 1 0.827450991
v 0.260793656 -1.40390432 -0.482967168 0.97647059 1 0.827450991
v 0.35754177 -1.3881104 -0.448604017 0.97647059 1 0.827450991
v 0.451754868 -1.36537397 -0.40768519 0.97647059 1 0.827450991
v 0.543103635 -1.33658278 -0.360966921 0.97647059 1 0.827450991
v 0.63156265 -1.30252659 -0.309294075 0.97647059 1 0.827450991
v 0.717347264 -1.26380372 -0.253585637 0.97647059 1 0.827450991
v 0.800823092 -1.2207545 -0.194820404 0.97647059 1 0.827450991
v 0.882400036 -1.17342865 -0.134020671 0.97647059 1 0.827450991
v 0.962420404 -1.12159204 -0.0722367615 0.97647059 1 0.827450991
v 1.04105937 -1.06476438 -0.0105277328 0.97647059 1 0.827450991
v 1.11823833 -1.00229669 0.0500528403 0.97647059 1 0.827450991
v 1.19357097 -0.933465719 0.108475223 0.97647059 1 0.827450991
v 1.26634276 -0.857586563 0.163749859 0.97647059 1 0.827450991
v 1.33552802 -0.77412492 0.214943543 0.97647059 1 0.827450991
v 1.39984334 -0.682800829 0.261194021 0.97647059 1 0.827450991
v 1.45783043 -0.583670437 0.301723808 0.97647059 1 0.827450991
v 1.50796366 -0.477179945 0.335852623 0.97647059 1 0.827450991
v 1.54877174 -0.364179671 0.36300832 0.97647059 1 0.827450991
v 1.57895517 -0.245903626 0.382736444 0.97647059 1 0.827450991
v 1.59749806 -0.123912007 0.394706786 0.97647059 1 0.827450991
v 1.60375321 2.6385959e-07 0.398719251 0.97647059 1 0.827450991
v 1.59749806 0.123912401 0.394706726 0.97647059 1 0.827450991
v 1.57895517 0.245904446 0.382736236 0.97647059 1 0.827450991
v 1.5487715 0.364180416 0.363008142 0.97647059 1 0.827450991
v 1.50796342 0.47718066 0.335852355 0.97647059 1 0.827450991
v 1.45782995 0.583671153 0.301723629 0.97647059 1 0.827450991
v 1.39984298 0.682801425 0.261193752 0.97647059 1 0.827450991
v 1.33552766 0.774125099 0.214943439 0.97647059 1 0.827450991
v 1.26634228 0.857587159 0.163749486 0.97647059 1 0.827450991
v 1.19357073 0.933466017 0.108475022 0.97647059 1 0.827450991
v 1.11823797 1.00229669 0.0500526503 0.97647059 1 0.827450991
v 1.04105937 1.06476426 -0.0105277346 0.97647059 1 0.827450991
v 0.962420166 1.12159204 -0.0722369775 0.97647059 1 0.827450991
v 0.88239944 1.17342901 -0.134021118 0.97647059 1 0.827450991
v 0.800822496 1.22075474 -0.194820836 0.97647059 1 0.827450991
v 0.717346668 1.26380408 -0.253586024 0.97647059 1 0.827450991
v 0.631562054 1.30252695 -0.309294462 0.97647059 1 0.827450991
v 0.54310298 1.33658302 -0.360967308 0.97647059 1 0.827450991
v 0.451754332 1.36537409 -0.407685429 0.97647059 1 0.827450991
v 0.357541084 1.38811064 -0.448604286 0.97647059 1 0.827450991
v 0.260792941 1.4039048 -0.482967198 0.97647059 1 0.827450991
v 0.162174806 1.41188145 -0.510118663 0.97647059 1 0.827450991
v 0.0626777485 1.41129684 -0.529513776 0.97647059 1 0.827450991
v -0.036426343 1.40164614 -0.540728867 0.97647059 1 0.827450991
v -0.133665919 1.3827579 -0.543467224 0.97647059 1 0.827450991
v -0.227477625 1.35485554 -0.537565112 0.97647059 1 0.827450991
v -0.316334963 1.31858277 -0.522994876 0.97647059 1 0.827450991
v -0.398873746 1.2749908 -0.499864817 0.97647059 1 0.827450991
v -0.474018246 1.22548091 -0.468419373 0.97647059 1 0.827450991
v -0.541081488 1.17171335 -0.429034948 0.97647059 1 0.827450991
v -0.59983474 1.11548507 -0.382214516 0.97647059 1 0.827450991
v -0.650539637 1.05859017 -0.328579873 0.97647059 1 0.827450991
v -0.693933308 1.00267541 -0.268863142 0.97647059 1 0.827450991
v -0.731171668 0.949102163 -0.203894868 0.97647059 1 0.827450991
v -0.763732612 0.898832798 -0.134591848 0.97647059 1 0.827450991
v -0.793287098 0.852348149 -0.0619427226 0.97647059 1 0.827450991
v -0.821549535 0.809606969 0.0130068623 0.97647059 1 0.827450991
v -0.850121737 0.770052552 0.0891706049 0.97647059 1 0.827450991
v -0.880343735 0.732664645 0.165438175 0.97647059 1 0.827450991
v -0.913165867 0.69605577 0.24069269 0.97647059 1 0.827450991
v -0.94905436 0.658602118 0.313826978 0.97647059 1 0.827450991
v -0.987940252 0.618596196 0.383762091 0.97647059 1 0.827450991
v -1.02921402 0.574410558 0.449463189 0.97647059 1 0.827450991
v -1.07177138 0.524656177 0.509955645 0.97647059 1 0.827450991
v -1.11410463 0.468320429 0.564340711 0.97647059 1 0.827450991
v -1.15442908 0.404872954 0.611808538 0.97647059 1 0.827450991
v -1.19083846 0.334328443 0.65165174 0.97647059 1 0.827450991
v -1.22147131 0.257262349 0.683275342 0.97647059 1 0.827450991
v -1.2446748 0.174772203 0.706207633 0.97647059 1 0.827450991
v -1.25915074 0.0883985609 0.720105708 0.97647059 1 0.827450991
v -1.27774835 0 0.699062288 0.97647059 1 0.827450991
v -1.2730962 -0.0874859393 0.694571674 0.97647059 1 0.827450991
v -1.25939977 -0.173112899 0.68116641 0.97647059 1 0.827450991
v -1.23741484 -0.2551741 0.659047186 0.97647059 1 0.827450991
v -1.2083267 -0.332253575 0.628544688 0.97647059 1 0.827450991
v -1.17364407 -0.403338134 0.590114415 0.97647059 1 0.827450991
v -1.13506603 -0.467893243 0.544329643 0.97647059 1 0.827450991
v -1.09433222 -0.525895417 0.491872877 0.97647059 1 0.827450991
v -1.05307043 -0.577818573 0.433525294 0.97647059 1 0.827450991
v -1.01265562 -0.624576807 0.370153815 0.97647059 1 0.827450991
v -0.974093676 -0.667427242 0.302698612 0.97647059 1 0.827450991
v -0.937938213 -0.707844317 0.232157439 0.97647059 1 0.827450991
v -0.90424943 -0.747373819 0.159571514 0.97647059 1 0.827450991
v -0.872597814 -0.787485301 0.086008288 0.97647059 1 0.827450991
v -0.842112243 -0.829430699 0.0125452718 0.97647059 1 0.827450991
v -0.811564982 -0.874124229 -0.0597466789 0.97647059 1 0.827450991
v -0.779490352 -0.922056615 -0.129819661 0.97647059 1 0.827450991
v -0.744319618 -0.973245442 -0.196665317 0.97647059 1 0.827450991
v -0.704525232 -1.02723002 -0.259329885 0.97647059 1 0.827450991
v -0.658756733 -1.08310795 -0.316929042 0.97647059 1 0.827450991
v -0.605958521 -1.13961053 -0.368661702 0.97647059 1 0.827450991
v -0.54545939 -1.195207 -0.413822114 0.97647059 1 0.827450991
v -0.477025002 -1.24822986 -0.451810002 0.97647059 1 0.827450991
v -0.400869876 -1.2970078 -0.482140422 0.97647059 1 0.827450991
v -0.317630649 -1.33999252 -0.504450142 0.97647059 1 0.827450991
v -0.228301868 -1.37587082 -0.518503785 0.97647059 1 0.827450991
v -0.134143099 -1.40364826 -0.524196506 0.97647059 1 0.827450991
v -0.0365688689 -1.42270136 -0.521555185 0.97647059 1 0.827450991
v 0.0629709661 -1.43278968 -0.510737836 0.97647059 1 0.827450991
v 0.163105428 -1.43403435 -0.492030323 0.97647059 1 0.827450991
v 0.262641072 -1.42685926 -0.46584174 0.97647059 1 0.827450991
v 0.360635817 -1.41190958 -0.432697147 0.97647059 1 0.827450991
v 0.456440687 -1.3899498 -0.393229276 0.97647059 1 0.827450991
v 0.549706757 -1.36175919 -0.348167539 0.97647059 1 0.827450991
v 0.640357614 -1.32802999 -0.298326969 0.97647059 1 0.827450991
v 0.728530943 -1.28928351 -0.244593859 0.97647059 1 0.827450991
v 0.814495981 -1.24581075 -0.187912345 0.97647059 1 0.827450991
v 0.898557246 -1.19764352 -0.129268482 0.97647059 1 0.827450991
v 0.980952919 -1.14456022 -0.0696751475 0.97647059 1 0.827450991
v 1.061764 -1.08612478 -0.0101544326 0.97647059 1 0.827450991
v 1.14083743 -1.02175355 0.0482780375 0.97647059 1 0.827450991
v 1.21773684 -0.950807571 0.104628853 0.97647059 1 0.827450991
v 1.29172659 -0.872692585 0.157943547 0.97647059 1 0.827450991
v 1.36178792 -0.786963522 0.207321927 0.97647059 1 0.827450991
v 1.42666912 -0.693418622 0.251932472 0.97647059 1 0.827450991
v 1.48496568 -0.592174947 0.291025132 0.97647059 1 0.827450991
v 1.53521752 -0.483716041 0.323943764 0.97647059 1 0.827450991
v 1.57602334 -0.368904203 0.350136489 0.97647059 1 0.827450991
v 1.60615015 -0.248960733 0.369165123 0.97647059 1 0.827450991
v 1.62463558 -0.125411078 0.380711019 0.97647059 1 0.827450991
v 1.63086748 2.66080974e-07 0.384581178 0.97647059 1 0.827450991
v 1.62463546 0.125411496 0.380710989 0.97647059 1 0.827450991
v 1.60615015 0.248961553 0.369164944 0.97647059 1 0.827450991
v 1.57602298 0.368904948 0.350136429 0.97647059 1 0.827450991
v 1.53521729 0.483716786 0.323943496 0.97647059 1 0.827450991
v 1.48496532 0.592175663 0.291024864 0.97647059 1 0.827450991
v 1.42666876 0.693419278 0.251932174 0.97647059 1 0.827450991
v 1.36178744 0.78696382 0.207321793 0.97647059 1 0.827450991
v 1.29172635 0.872693241 0.157943144 0.97647059 1 0.827450991
v 1.21773672 0.950807989 0.104628623 0.97647059 1 0.827450991
v 1.14083695 1.02175379 0.0482778512 0.97647059 1 0.827450991
v 1.06176388 1.08612466 -0.0101544345 0.97647059 1 0.827450991
v 0.980952322 1.14456058 -0.0696755648 0.97647059 1 0.827450991
v 0.898556709 1.19764388 -0.1292689 0.97647059 1 0.827450991
v 0.814495444 1.24581122 -0.187912717 0.97647059 1 0.827450991
v 0.728530407 1.28928387 -0.244594201 0.97647059 1 0.827450991
v 0.640357077 1.32803035 -0.298327297 0.97647059 1 0.827450991
v 0.549706161 1.36175942 -0.348167926 0.97647059 1 0.827450991
v 0.456440151 1.38995004 -0.393229455 0.97647059 1 0.827450991
v 0.360635072 1.41190958 -0.432697505 0.97647059 1 0.827450991
v 0.262640357 1.4268595 -0.46584186 0.97647059 1 0.827450991
v 0.163104668 1.43403435 -0.492030561 0.97647059 1 0.827450991
v 0.0629702285 1.43278956 -0.510738015 0.97647059 1 0.827450991
v -0.0365696177 1.42270124 -0.521555245 0.97647059 1 0.827450991
v -0.134143844 1.40364814 -0.524196565 0.97647059 1 0.827450991
v -0.228301868 1.37587082 -0.518503785 0.97647059 1 0.827450991
v -0.317630976 1.3399924 -0.504450083 0.97647059 1 0.827450991
v -0.400870144 1.29700768 -0.482140332 0.97647059 1 0.827450991
v -0.477025181 1.24822974 -0.451809943 0.97647059 1 0.827450991
v -0.545459688 1.19520676 -0.413821906 0.97647059 1 0.827450991
v -0.605958581 1.13961029 -0.368661672 0.97647059 1 0.827450991
v -0.658756912 1.08310783 -0.316928804 0.97647059 1 0.827450991
v -0.704525471 1.02722955 -0.259329557 0.97647059 1 0.827450991
v -0.744319856 0.973245203 -0.196665034 0.97647059 1 0.827450991
v -0.77949053 0.922056556 -0.129819378 0.97647059 1 0.827450991
v -0.811565101 0.874123991 -0.0597463101 0.97647059 1 0.827450991
v -0.842112362 0.829430342 0.0125456564 0.97647059 1 0.827450991
v -0.872598112 0.787485063 0.0860088244 0.97647059 1 0.827450991
v -0.904249609 0.747373581 0.15957208 0.97647059 1 0.827450991
v -0.937938511 0.707843959 0.232157975 0.97647059 1 0.827450991
v -0.974093974 0.667426944 0.302699149 0.97647059 1 0.827450991
v -1.01265609 0.624576449 0.370154321 0.97647059 1 0.827450991
v -1.05307066 0.577818215 0.433525771 0.97647059 1 0.827450991
v -1.09433258 0.525895 0.491873354 0.97647059 1 0.827450991
v -1.13506651 0.467892826 0.544329941 0.97647059 1 0.827450991
v -1.17364442 0.403337568 0.590114713 0.97647059 1 0.827450991
v -1.20832705 0.33225286 0.628544986 0.97647059 1 0.827450991
v -1.23741508 0.255173951 0.659047246 0.97647059 1 0.827450991
v -1.25939989 0.17311272 0.68116641 0.97647059 1 0.827450991
v -1.2730962 0.0874857381 0.694571674 0.97647059 1 0.827450991
v -1.29248166 0 0.674274623 0.97647059 1 0.827450991
v -1.28807175 -0.0867742449 0.669943154 0.97647059 1 0.827450991
v -1.27507865 -0.171841115 0.657013357 0.97647059 1 0.827450991
v -1.25419331 -0.253632307 0.635678232 0.97647059 1 0.827450991
v -1.22649646 -0.330844909 0.606257439 0.97647059 1 0.827450991
v -1.19336593 -0.402543843 0.569189787 0.97647059 1 0.827450991
v -1.15635216 -0.468231022 0.525028408 0.97647059 1 0.827450991
v -1.11704206 -0.527874708 0.474431783 0.97647059 1 0.827450991
v -1.07692051 -0.58189714 0.418153107 0.97647059 1 0.827450991
v -1.03724122 -0.631122291 0.357028812 0.97647059 1 0.827450991
v -0.998920262 -0.676686525 0.291965336 0.97647059 1 0.827450991
v -0.962459743 -0.719923973 0.223925442 0.97647059 1 0.827450991
v -0.92791152 -0.762233198 0.153913349 0.97647059 1 0.827450991
v -0.894880176 -0.804941654 0.0829585642 0.97647059 1 0.827450991
v -0.862566292 -0.849177063 0.0121003604 0.97647059 1 0.827450991
v -0.829845309 -0.895757139 -0.0576281585 0.97647059 1 0.827450991
v -0.795375764 -0.94511193 -0.125216439 0.97647059 1 0.827450991
v -0.757721961 -0.997236609 -0.189691871 0.97647059 1 0.827450991
v -0.715487063 -1.05168879 -0.250134408 0.97647059 1 0.827450991
v -0.667437077 -1.10762024 -0.305691183 0.97647059 1 0.827450991
v -0.612608314 -1.16384637 -0.355589569 0.97647059 1 0.827450991
v -0.550390065 -1.21894264 -0.399148554 0.97647059 1 0.827450991
v -0.480572343 -1.27135611 -0.435789496 0.97647059 1 0.827450991
v -0.403357387 -1.31952977 -0.465044469 0.97647059 1 0.827450991
v -0.319335729 -1.36201727 -0.486563027 0.97647059 1 0.827450991
v -0.229427576 -1.3975848 -0.500118434 0.97647059 1 0.827450991
v -0.134798601 -1.42528963 -0.505609274 0.97647059 1 0.827450991
v -0.0367596447 -1.44452608 -0.503061652 0.97647059 1 0.827450991
v 0.0633420721 -1.45503783 -0.49262774 0.97647059 1 0.827450991
v 0.164226934 -1.45689833 -0.474583507 0.97647059 1 0.827450991
v 0.264772654 -1.45045817 -0.449323624 0.97647059 1 0.827450991
v 0.364081413 -1.43627048 -0.417354345 0.97647059 1 0.827450991
v 0.461517662 -1.41499889 -0.379285872 0.97647059 1 0.827450991
v 0.556714118 -1.38732243 -0.335822076 0.97647059 1 0.827450991
v 0.649546683 -1.3538444 -0.287748724 0.97647059 1 0.827450991
v 0.740080893 -1.31501508 -0.235920921 0.97647059 1 0.827450991
v 0.828496814 -1.27108026 -0.181249246 0.97647059 1 0.827450991
v 0.915001512 -1.22205424 -0.124684811 0.97647059 1 0.827450991
v 0.999736071 -1.16772819 -0.0672047585 0.97647059 1 0.827450991
v 1.08269525 -1.10770428 -0.0097943712 0.97647059 1 0.827450991
v 1.16365564 -1.04146135 0.0465661623 0.97647059 1 0.827450991
v 1.24213386 -0.968436122 0.100918844 0.97647059 1 0.827450991
v 1.31737292 -0.888118327 0.152343079 0.97647059 1 0.827450991
v 1.38835931 -0.80014497 0.199970588 0.97647059 1 0.827450991
v 1.45386922 -0.70438695 0.2429993 0.97647059 1 0.827450991
v 1.51254511 -0.601018012 0.28070581 0.97647059 1 0.827450991
v 1.56298625 -0.490557224 0.312457085 0.97647059 1 0.827450991
v 1.60385418 -0.373879582 0.337721169 0.97647059 1 0.827450991
v 1.63397563 -0.252196252 0.356074989 0.97647059 1 0.827450991
v 1.65243673 -0.127002895 0.367211491 0.97647059 1 0.827450991
v 1.65865672 2.68565941e-07 0.3709445 0.97647059 1 0.827450991
v 1.65243661 0.127003297 0.367211461 0.97647059 1 0.827450991
v 1.63397551 0.252197087 0.356074899 0.97647059 1 0.827450991
v 1.60385382 0.373880357 0.33772108 0.97647059 1 0.827450991
v 1.56298602 0.490557969 0.312456906 0.97647059 1 0.827450991
v 1.51254475 0.601018667 0.280705571 0.97647059 1 0.827450991
v 1.45386887 0.704387665 0.242999032 0.97647059 1 0.827450991
v 1.38835883 0.800145209 0.199970454 0.97647059 1 0.827450991
v 1.31737256 0.888118923 0.152342722 0.97647059 1 0.827450991
v 1.2421335 0.96843642 0.100918658 0.97647059 1 0.827450991
v 1.16365516 1.04146159 0.0465659797 0.97647059 1 0.827450991
v 1.08269513 1.10770428 -0.00979437307 0.97647059 1 0.827450991
v 0.999735773 1.16772819 -0.0672049671 0.97647059 1 0.827450991
v 0.915000916 1.2220546 -0.124685213 0.97647059 1 0.827450991
v 0.828496337 1.27108073 -0.181249589 0.97647059 1 0.827450991
v 0.740080297 1.31501544 -0.235921264 0.97647059 1 0.827450991
v 0.649546027 1.35384476 -0.287749022 0.97647059 1 0.827450991
v 0.556713462 1.38732255 -0.335822403 0.97647059 1 0.827450991
v 0.461517096 1.41499901 -0.37928611 0.97647059 1 0.827450991
v 0.364080876 1.43627059 -0.417354554 0.97647059 1 0.827450991
v 0.264771938 1.45045853 -0.449323773 0.97647059 1 0.827450991
v 0.164226145 1.45689821 -0.474583894 0.97647059 1 0.827450991
v 0.0633413196 1.45503783 -0.492627919 0.97647059 1 0.827450991
v -0.036760401 1.44452584 -0.503061652 0.97647059 1 0.827450991
v -0.134799346 1.42528951 -0.505609274 0.97647059 1 0.827450991
v -0.229427576 1.3975848 -0.500118434 0.97647059 1 0.827450991
v -0.319336057 1.36201715 -0.486563027 0.97647059 1 0.827450991
v -0.403357655 1.31952977 -0.465044349 0.97647059 1 0.827450991
v -0.480572492 1.27135611 -0.435789317 0.97647059 1 0.827450991
v -0.550390363 1.21894252 -0.399148345 0.97647059 1 0.827450991
v -0.612608433 1.16384637 -0.355589449 0.97647059 1 0.827450991
v -0.667437196 1.10761988 -0.305690974 0.97647059 1 0.827450991
v -0.715487361 1.05168843 -0.25013417 0.97647059 1 0.827450991
v -0.757722199 0.99723649 -0.189691573 0.97647059 1 0.827450991
v -0.795375884 0.945111632 -0.125216186 0.97647059 1 0.827450991
v -0.829845548 0.89575696 -0.0576277971 0.97647059 1 0.827450991
v -0.86256659 0.849176705 0.0121008037 0.97647059 1 0.827450991
v -0.894880593 0.804941475 0.0829590634 0.97647059 1 0.827450991
v -0.927911818 0.762232959 0.153913781 0.97647059 1 0.827450991
v -0.962459922 0.719923675 0.223926008 0.97647059 1 0.827450991
v -0.9989205 0.676686287 0.291965783 0.97647059 1 0.827450991
v -1.03724158 0.631121933 0.357029289 0.97647059 1 0.827450991
v -1.07692087 0.581896842 0.418153495 0.97647059 1 0.827450991
v -1.11704242 0.527874231 0.47443226 0.97647059 1 0.827450991
v -1.1563524 0.468230516 0.525028765 0.97647059 1 0.827450991
v -1.19336629 0.402543247 0.569190085 0.97647059 1 0.827450991
v -1.22649682 0.330844253 0.606257796 0.97647059 1 0.827450991
v -1.25419319 0.253632188 0.635678411 0.97647059 1 0.827450991
v -1.27507877 0.171840966 0.657013357 0.97647059 1 0.827450991
v -1.28807175 0.0867740437 0.669943154 0.97647059 1 0.827450991
v -1.30822051 0 0.65036577 0.97647059 1 0.827450991
v -1.30402875 -0.0862485319 0.646187901 0.97647059 1 0.827450991
v -1.29167008 -0.170928091 0.633716583 0.97647059 1 0.827450991
v -1.27177429 -0.252596647 0.61313808 0.97647059 1 0.827450991
v -1.24532866 -0.330054462 0.584760427 0.97647059 1 0.827450991
v -1.21359003 -0.402437687 0.549007177 0.97647059 1 0.827450991
v -1.17797327 -0.469281256 0.506411672 0.97647059 1 0.827450991
v -1.13992584 -0.53054589 0.457609177 0.97647059 1 0.827450991
v -1.1008023 -0.586606383 0.403326035 0.97647059 1 0.827450991
v -1.06174505 -0.638203979 0.344368964 0.97647059 1 0.827450991
v -1.0235877 -0.686364651 0.281612664 0.97647059 1 0.827450991
v -0.986786127 -0.732294023 0.215985358 0.97647059 1 0.827450991
v -0.951384187 -0.777255714 0.148455843 0.97647059 1 0.827450991
v -0.917017281 -0.822447419 0.0800170153 0.97647059 1 0.827450991
v -0.882951498 -0.868882596 0.0116713718 0.97647059 1 0.827450991
v -0.848157048 -0.917291522 -0.0555846654 0.97647059 1 0.827450991
v -0.811404943 -0.968046904 -0.12077646 0.97647059 1 0.827450991
v -0.771381855 -1.02112424 -0.182965636 0.97647059 1 0.827450991
v -0.726810217 -1.07609689 -0.241264969 0.97647059 1 0.827450991
v -0.676561952 -1.13216603 -0.29485181 0.97647059 1 0.827450991
v -0.61975801 -1.18822396 -0.342980832 0.97647059 1 0.827450991
v -0.555842519 -1.24294126 -0.384995311 0.97647059 1 0.827450991
v -0.484628022 -1.29487026 -0.420337081 0.97647059 1 0.827450991
v -0.406305701 -1.34255755 -0.448554546 0.97647059 1 0.827450991
v -0.321424007 -1.3846488 -0.469310284 0.97647059 1 0.827450991
v -0.230835527 -1.41998339 -0.48238495 0.97647059 1 0.827450991
v -0.135620341 -1.44766402 -0.48768118 0.97647059 1 0.827450991
v -0.0369949192 -1.46710134 -0.48522374 0.97647059 1 0.827450991
v 0.0637868866 -1.47802341 -0.475159883 0.97647059 1 0.827450991
v 0.165528476 -1.48045981 -0.457755536 0.97647059 1 0.827450991
v 0.267171979 -1.4746933 -0.433391213 0.97647059 1 0.827450991
v 0.367859542 -1.46119213 -0.402555436 0.97647059 1 0.827450991
v 0.46696648 -1.44052732 -0.365836978 0.97647059 1 0.827450991
v 0.564108551 -1.41328609 -0.32391423 0.97647059 1 0.827450991
v 0.659116626 -1.37998879 -0.277545542 0.97647059 1 0.827450991
v 0.751989722 -1.34102166 -0.227555454 0.97647059 1 0.827450991
v 0.842824876 -1.29658759 -0.174822405 0.97647059 1 0.827450991
v 0.931738615 -1.2466855 -0.120263666 0.97647059 1 0.827450991
v 1.01878262 -1.19111788 -0.0648217723 0.97647059 1 0.827450991
v 1.10387063 -1.12952185 -0.00944689009 0.97647059 1 0.827450991
v 1.18671346 -1.06143355 0.0449149907 0.97647059 1 0.827450991
v 1.26678395 -0.986359179 0.0973404199 0.97647059 1 0.827450991
v 1.3433038 -0.903865635 0.1469412 0.97647059 1 0.827450991
v 1.4152621 -0.813665986 0.192879915 0.97647059 1 0.827450991
v 1.48145998 -0.715698123 0.234383017 0.97647059 1 0.827450991
v 1.54058099 -0.610189795 0.2707524 0.97647059 1 0.827450991
v 1.59127772 -0.497693032 0.301377773 0.97647059 1 0.827450991
v 1.63226748 -0.37909615 0.325746059 0.97647059 1 0.827450991
v 1.66243136 -0.255602837 0.343449116 0.97647059 1 0.827450991
v 1.68089867 -0.128683463 0.354190737 0.97647059 1 0.827450991
v 1.6871177 2.71299967e-07 0.357791275 0.97647059 1 0.827450991
v 1.68089855 0.128683865 0.354190677 0.97647059 1 0.827450991
v 1.66243124 0.255603671 0.343448967 0.97647059 1 0.827450991
v 1.63226724 0.379096925 0.32574597 0.97647059 1 0.827450991
v 1.59127724 0.497693777 0.301377654 0.97647059 1 0.827450991
v 1.54058063 0.610190511 0.270752162 0.97647059 1 0.827450991
v 1.4814595 0.715699196 0.234382629 0.97647059 1 0.827450991
v 1.41526163 0.813666165 0.192879796 0.97647059 1 0.827450991
v 1.34330332 0.903866231 0.146940872 0.97647059 1 0.827450991
v 1.2667836 0.986359417 0.0973402336 0.97647059 1 0.827450991
v 1.18671298 1.06143355 0.0449148193 0.97647059 1 0.827450991
v 1.10387051 1.12952209 -0.00944707636 0.97647059 1 0.827450991
v 1.01878226 1.19111788 -0.064821966 0.97647059 1 0.827450991
v 0.931738079 1.24668598 -0.120264038 0.97647059 1 0.827450991
v 0.84282428 1.29658806 -0.174822763 0.97647059 1 0.827450991
v 0.751989126 1.3410219 -0.227555826 0.97647059 1 0.827450991
v 0.65911603 1.37998915 -0.277545869 0.97647059 1 0.827450991
v 0.564107835 1.41328609 -0.323914587 0.97647059 1 0.827450991
v 0.466965944 1.44052756 -0.365837127 0.97647059 1 0.827450991
v 0.367858797 1.46119225 -0.402555764 0.97647059 1 0.827450991
v 0.267171264 1.47469354 -0.433391362 0.97647059 1 0.827450991
v 0.165527701 1.48045969 -0.457755804 0.97647059 1 0.827450991
v 0.0637861341 1.47802329 -0.475160062 0.97647059 1 0.827450991
v -0.0369956791 1.46710098 -0.48522386 0.97647059 1 0.827450991
v -0.135621101 1.44766402 -0.487681091 0.97647059 1 0.827450991
v -0.230835527 1.41998339 -0.48238495 0.97647059 1 0.827450991
v -0.321424335 1.38464856 -0.469310284 0.97647059 1 0.827450991
v -0.406305999 1.34255743 -0.448554516 0.97647059 1 0.827450991
v -0.484628201 1.29487002 -0.420336962 0.97647059 1 0.827450991
v -0.555842876 1.24294102 -0.384995133 0.97647059 1 0.827450991
v -0.619758129 1.18822384 -0.342980742 0.97647059 1 0.827450991
v -0.67656219 1.13216591 -0.294851571 0.97647059 1 0.827450991
v -0.726810336 1.07609653 -0.241264805 0.97647059 1 0.827450991
v -0.771382153 1.02112412 -0.182965368 0.97647059 1 0.827450991
v -0.811405122 0.968046844 -0.120776191 0.97647059 1 0.827450991
v -0.848157167 0.917291164 -0.0555844009 0.97647059 1 0.827450991
v -0.882951736 0.868882358 0.0116717275 0.97647059 1 0.827450991
v -0.91701746 0.822447181 0.0800173804 0.97647059 1 0.827450991
v -0.951384425 0.777255476 0.148456201 0.97647059 1 0.827450991
v -0.986786306 0.732293606 0.215985879 0.97647059 1 0.827450991
v -1.02358782 0.686364233 0.281613141 0.97647059 1 0.827450991
v -1.06174529 0.638203621 0.344369501 0.97647059 1 0.827450991
v -1.10080266 0.586606026 0.403326422 0.97647059 1 0.827450991
v -1.1399262 0.530545354 0.457609564 0.97647059 1 0.827450991
v -1.17797351 0.469280809 0.50641197 0.97647059 1 0.827450991
v -1.2135905 0.40243715 0.549007297 0.97647059 1 0.827450991
v -1.2453289 0.330053806 0.584760666 0.97647059 1 0.827450991
v -1.27177441 0.252596498 0.613138139 0.97647059 1 0.827450991
v -1.29167008 0.170927912 0.633716583 0.97647059 1 0.827450991
v -1.30402887 0.0862483382 0.646187842 0.97647059 1 0.827450991
v -1.32491958 0 0.627304614 0.97647059 1 0.827450991
v -1.32092428 -0.0858950242 0.623274803 0.97647059 1 0.827450991
v -1.30913615 -0.170347363 0.611245751 0.97647059 1 0.827450991
v -1.29013014 -0.252030224 0.591396928 0.97647059 1 0.827450991
v -1.26480687 -0.329837948 0.564025462 0.97647059 1 0.827450991
v -1.23431313 -0.402971536 0.529540062 0.97647059 1 0.827450991
v -1.19993997 -0.470996141 0.488454968 0.97647059 1 0.827450991
v -1.16300797 -0.533865094 0.441382855 0.97647059 1 0.827450991
v -1.12475109 -0.591909826 0.389024615 0.97647059 1 0.827450991
v -1.08621085 -0.645795643 0.332158118 0.97647059 1 0.827450991
v -1.04814601 -0.696447551 0.271627009 0.97647059 1 0.827450991
v -1.01096904 -0.744953513 0.208326831 0.97647059 1 0.827450991
v -0.974717259 -0.792453468 0.143191755 0.97647059 1 0.827450991
v -0.939053893 -0.840026617 0.0771797225 0.97647059 1 0.827450991
v -0.903304935 -0.888581634 0.0112575199 0.97647059 1 0.827450991
v -0.866526604 -0.938767791 -0.0536137 0.97647059 1 0.827450991
v -0.827593207 -0.990906119 -0.116493873 0.97647059 1 0.827450991
v -0.785302699 -1.04495323 -0.176477984 0.97647059 1 0.827450991
v -0.738487065 -1.10049665 -0.232710034 0.97647059 1 0.827450991
v -0.686114907 -1.15678203 -0.284396768 0.97647059 1 0.827450991
v -0.627383947 -1.21277118 -0.330819219 0.97647059 1 0.827450991
v -0.561789036 -1.26722205 -0.371343881 0.97647059 1 0.827450991
v -0.489163071 -1.31878185 -0.405432403 0.97647059 1 0.827450991
v -0.40968737 -1.36609149 -0.432649434 0.97647059 1 0.827450991
v -0.323872119 -1.40788066 -0.452669114 0.97647059 1 0.827450991
v -0.232508302 -1.44305408 -0.465280145 0.97647059 1 0.827450991
v -0.136598051 -1.47075593 -0.470388561 0.97647059 1 0.827450991
v -0.0372719653 -1.49041033 -0.468018353 0.97647059 1 0.827450991
v 0.0643010065 -1.50173151 -0.458311319 0.97647059 1 0.827450991
v 0.166999578 -1.50470746 -0.441524118 0.97647059 1 0.827450991
v 0.269824207 -1.49955857 -0.418023735 0.97647059 1 0.827450991
v 0.371952444 -1.4866749 -0.388281435 0.97647059 1 0.827450991
v 0.472769856 -1.46654212 -0.352864832 0.97647059 1 0.827450991
v 0.571874619 -1.43966258 -0.312428713 0.97647059 1 0.827450991
v 0.669056296 -1.4064815 -0.267704159 0.97647059 1 0.827450991
v 0.764251113 -1.36732471 -0.219486624 0.97647059 1 0.827450991
v 0.857479692 -1.32235646 -0.168623433 0.97647059 1 0.827450991
v 0.948774695 -1.27156103 -0.115999281 0.97647059 1 0.827450991
v 1.03810394 -1.21475053 -0.0625232831 0.97647059 1 0.827450991
v 1.12530589 -1.15159571 -0.00911209639 0.97647059 1 0.827450991
v 1.21003067 -1.0816828 0.0433223695 0.97647059 1 0.827450991
v 1.29170835 -1.00458419 0.093888849 0.97647059 1 0.827450991
v 1.36953986 -0.919936895 0.141730875 0.97647059 1 0.827450991
v 1.44251561 -0.827524185 0.186040655 0.97647059 1 0.827450991
v 1.50945783 -0.727346838 0.226072103 0.97647059 1 0.827450991
v 1.56908607 -0.619682014 0.26115185 0.97647059 1 0.827450991
v 1.62009966 -0.505114079 0.290691406 0.97647059 1 0.827450991
v 1.66126764 -0.384545267 0.314195514 0.97647059 1 0.827450991
v 1.69151819 -0.25917393 0.331270874 0.97647059 1 0.827450991
v 1.71002078 -0.13044928 0.341631532 0.97647059 1 0.827450991
v 1.71624827 2.74270036e-07 0.345104456 0.97647059 1 0.827450991
v 1.71002054 0.130449682 0.341631562 0.97647059 1 0.827450991
v 1.69151843 0.259174794 0.331270725 0.97647059 1 0.827450991
v 1.66126752 0.384546101 0.314195395 0.97647059 1 0.827450991
v 1.62009954 0.505114913 0.290691167 0.97647059 1 0.827450991
v 1.56908572 0.619682729 0.261151671 0.97647059 1 0.827450991
v 1.50945735 0.72734797 0.226071671 0.97647059 1 0.827450991
v 1.44251537 0.827524483 0.18604055 0.97647059 1 0.827450991
v 1.3695395 0.919937551 0.141730547 0.97647059 1 0.827450991
v 1.29170799 1.00458455 0.0938886777 0.97647059 1 0.827450991
v 1.21003044 1.08168316 0.0433221944 0.97647059 1 0.827450991
v 1.12530589 1.15159571 -0.00911209639 0.97647059 1 0.827450991
v 1.03810358 1.21475077 -0.0625234619 0.97647059 1 0.827450991
v 0.948774099 1.2715615 -0.115999639 0.97647059 1 0.827450991
v 0.857479095 1.32235682 -0.168623775 0.97647059 1 0.827450991
v 0.764250457 1.36732495 -0.219486997 0.97647059 1 0.827450991
v 0.669055641 1.40648198 -0.267704457 0.97647059 1 0.827450991
v 0.571873903 1.43966281 -0.312429011 0.97647059 1 0.827450991
v 0.47276929 1.46654236 -0.35286504 0.97647059 1 0.827450991
v 0.371951669 1.48667479 -0.388281763 0.97647059 1 0.827450991
v 0.269823432 1.49955857 -0.418023974 0.97647059 1 0.827450991
v 0.166998789 1.50470746 -0.441524357 0.97647059 1 0.827450991
v 0.0643002465 1.5017314 -0.458311468 0.97647059 1 0.827450991
v -0.037272729 1.49041021 -0.468018413 0.97647059 1 0.827450991
v -0.136598811 1.4707557 -0.470388561 0.97647059 1 0.827450991
v -0.232508302 1.44305408 -0.465280145 0.97647059 1 0.827450991
v -0.323872447 1.40788043 -0.452669054 0.97647059 1 0.827450991
v -0.409687638 1.36609137 -0.432649344 0.97647059 1 0.827450991
v -0.48916322 1.31878173 -0.405432314 0.97647059 1 0.827450991
v -0.561789334 1.26722181 -0.371343702 0.97647059 1 0.827450991
v -0.627384067 1.21277106 -0.33081913 0.97647059 1 0.827450991
v -0.686115146 1.15678191 -0.284396529 0.97647059 1 0.827450991
v -0.738487363 1.10049629 -0.232709736 0.97647059 1 0.827450991
v -0.785303116 1.04495299 -0.176477656 0.97647059 1 0.827450991
v -0.827593207 0.990905881 -0.116493709 0.97647059 1 0.827450991
v -0.866526663 0.938767493 -0.0536134429 0.97647059 1 0.827450991
v -0.903305173 0.888581395 0.0112578627 0.97647059 1 0.827450991
v -0.939054132 0.840026319 0.0771800652 0.97647059 1 0.827450991
v -0.974717498 0.792453289 0.143192157 0.97647059 1 0.827450991
v -1.01096928 0.744953036 0.208327353 0.97647059 1 0.827450991
v -1.04814613 0.696447194 0.271627456 0.97647059 1 0.827450991
v -1.08621132 0.645795226 0.332158595 0.97647059 1 0.827450991
v -1.12475157 0.591909409 0.389024973 0.97647059 1 0.827450991
v -1.16300821 0.533864558 0.441383302 0.97647059 1 0.827450991
v -1.19994032 0.470995605 0.488455325 0.97647059 1 0.827450991
v -1.23431349 0.402971029 0.5295403 0.97647059 1 0.827450991
v -1.26480699 0.329837263 0.564025879 0.97647059 1 0.827450991
v -1.29013014 0.252030015 0.591397107 0.97647059 1 0.827450991
v -1.30913615 0.170347184 0.611245811 0.97647059 1 0.827450991
v -1.32092428 0.0858948231 0.623274863 0.97647059 1 0.827450991
v -1.34253812 0 0.605061352 0.97647059 1 0.827450991
v -1.33871961 -0.0857011825 0.601174355 0.97647059 1 0.827450991
v -1.32744348 -0.170074865 0.589571893 0.97647059 1 0.827450991
v -1.30923522 -0.251899421 0.570427001 0.97647059 1 0.827450991
v -1.28491628 -0.330155015 0.544026077 0.97647059 1 0.827450991
v -1.2555331 -0.404101729 0.510763288 0.97647059 1 0.827450991
v -1.22226274 -0.473331898 0.471135139 0.97647059 1 0.827450991
v -1.18630993 -0.537792206 0.425732136 0.97647059 1 0.827450991
v -1.14879966 -0.597774208 0.375230312 0.97647059 1 0.827450991
v -1.11067986 -0.653873622 0.32038033 0.97647059 1 0.827450991
v -1.07264102 -0.706922829 0.261995524 0.97647059 1 0.827450991
v -1.03505671 -0.757902026 0.200939924 0.97647059 1 0.827450991
v -0.997957349 -0.807838559 0.138114348 0.97647059 1 0.827450991
v -0.961031437 -0.857701659 0.0744429827 0.97647059 1 0.827450991
v -0.923660517 -0.908305347 0.0108583421 0.97647059 1 0.827450991
v -0.884978354 -0.960223615 -0.0517127141 0.97647059 1 0.827450991
v -0.843954623 -1.01373065 -0.112363175 0.97647059 1 0.827450991
v -0.799488604 -1.06876481 -0.170220271 0.97647059 1 0.827450991
v -0.750511348 -1.12492645 -0.224458501 0.97647059 1 0.827450991
v -0.696080983 -1.18150151 -0.274312347 0.97647059 1 0.827450991
v -0.635464847 -1.23751497 -0.319088846 0.97647059 1 0.827450991
v -0.568204343 -1.29180348 -0.358176559 0.97647059 1 0.827450991
v -0.494151205 -1.34310102 -0.391056329 0.97647059 1 0.827450991
v -0.41347748 -1.39013374 -0.417308331 0.97647059 1 0.827450991
v -0.326658815 -1.43170726 -0.436618179 0.97647059 1 0.827450991
v -0.234430045 -1.46678579 -0.448782027 0.97647059 1 0.827450991
v -0.137722373 -1.49455094 -0.453709275 0.97647059 1 0.827450991
v -0.037588302 -1.51443851 -0.451423198 0.97647059 1 0.827450991
v 0.064880386 -1.52614856 -0.442060292 0.97647059 1 0.827450991
v 0.168630719 -1.52963126 -0.425868303 0.97647059 1 0.827450991
v 0.272715807 -1.52504885 -0.403201252 0.97647059 1 0.827450991
v 0.376345038 -1.51271939 -0.374513596 0.97647059 1 0.827450991
v 0.478912115 -1.4930501 -0.340352774 0.97647059 1 0.827450991
v 0.579998672 -1.46646476 -0.301350474 0.97647059 1 0.827450991
v 0.679355145 -1.4333396 -0.258211732 0.97647059 1 0.827450991
v 0.776859701 -1.39394474 -0.211704016 0.97647059 1 0.827450991
v 0.872461677 -1.34840906 -0.162644282 0.97647059 1 0.827450991
v 0.966115355 -1.29670238 -0.111886121 0.97647059 1 0.827450991
v 1.05771136 -1.23864675 -0.060306292 0.97647059 1 0.827450991
v 1.14701748 -1.17394161 -0.00878882129 0.97647059 1 0.827450991
v 1.23362589 -1.10222232 0.0417862125 0.97647059 1 0.827450991
v 1.31692684 -1.02311885 0.0905596912 0.97647059 1 0.827450991
v 1.39610147 -0.936334789 0.136705279 0.97647059 1 0.827450991
v 1.47013831 -0.841717899 0.179443941 0.97647059 1 0.827450991
v 1.53787816 -0.73932761 0.218055859 0.97647059 1 0.827450991
v 1.59807181 -0.629487038 0.251891822 0.97647059 1 0.827450991
v 1.64946079 -0.512812257 0.280383945 0.97647059 1 0.827450991
v 1.69085932 -0.390219331 0.303054601 0.97647059 1 0.827450991
v 1.72123814 -0.26290369 0.319524467 0.97647059 1 0.827450991
v 1.739802 -0.132297114 0.329517841 0.97647059 1 0.827450991
v 1.74604726 2.77464352e-07 0.332867593 0.97647059 1 0.827450991
v 1.73980188 0.132297546 0.329517782 0.97647059 1 0.827450991
v 1.72123814 0.262904555 0.319524378 0.97647059 1 0.827450991
v 1.69085908 0.390220135 0.303054482 0.97647059 1 0.827450991
v 1.64946055 0.512813091 0.280383676 0.97647059 1 0.827450991
v 1.59807146 0.629487753 0.251891613 0.97647059 1 0.827450991
v 1.53787756 0.739328623 0.218055546 0.97647059 1 0.827450991
v 1.47013819 0.841718256 0.179443792 0.97647059 1 0.827450991
v 1.39610088 0.936335385 0.136704981 0.97647059 1 0.827450991
v 1.31692672 1.02311921 0.0905595273 0.97647059 1 0.827450991
v 1.23362553 1.10222244 0.0417860523 0.97647059 1 0.827450991
v 1.14701724 1.17394197 -0.00878899451 0.97647059 1 0.827450991
v 1.05771101 1.23864686 -0.0603064708 0.97647059 1 0.827450991
v 0.966114759 1.29670286 -0.111886486 0.97647059 1 0.827450991
v 0.872461021 1.34840941 -0.16264461 0.97647059 1 0.827450991
v 0.776859164 1.39394522 -0.211704269 0.97647059 1 0.827450991
v 0.679354489 1.43333995 -0.25821209 0.97647059 1 0.827450991
v 0.579997957 1.46646512 -0.301350743 0.97647059 1 0.827450991
v 0.478911519 1.4930501 -0.340353012 0.97647059 1 0.827450991
v 0.376344532 1.51271975 -0.374513716 0.97647059 1 0.827450991
v 0.272715032 1.52504897 -0.403201371 0.97647059 1 0.827450991
v 0.1686299 1.52963114 -0.425868571 0.97647059 1 0.827450991
v 0.0648796111 1.52614844 -0.442060411 0.97647059 1 0.827450991
v -0.0375890732 1.51443839 -0.451423168 0.97647059 1 0.827450991
v -0.137723148 1.49455094 -0.453709275 0.97647059 1 0.827450991
v -0.234430045 1.46678579 -0.448782027 0.97647059 1 0.827450991
v -0.326659203 1.43170726 -0.43661806 0.97647059 1 0.827450991
v -0.413477778 1.39013338 -0.417308271 0.97647059 1 0.827450991
v -0.494151354 1.34310091 -0.39105624 0.97647059 1 0.827450991
v -0.568204641 1.29180312 -0.35817647 0.97647059 1 0.827450991
v -0.635464966 1.23751485 -0.319088757 0.97647059 1 0.827450991
v -0.696081102 1.18150139 -0.274312258 0.97647059 1 0.827450991
v -0.750511527 1.12492621 -0.224458292 0.97647059 1 0.827450991
v -0.799488723 1.06876469 -0.170220122 0.97647059 1 0.827450991
v -0.843954742 1.01373041 -0.112362951 0.97647059 1 0.827450991
v -0.884978652 0.960223436 -0.0517123938 0.97647059 1 0.827450991
v -0.923660696 0.90830493 0.0108586764 0.97647059 1 0.827450991
v -0.961031795 0.857701361 0.0744434446 0.97647059 1 0.827450991
v -0.997957408 0.807838142 0.13811484 0.97647059 1 0.827450991
v -1.03505695 0.757901788 0.200940311 0.97647059 1 0.827450991
v -1.07264113 0.706922472 0.261995971 0.97647059 1 0.827450991
v -1.11068034 0.653873324 0.320380658 0.97647059 1 0.827450991
v -1.14880002 0.59777385 0.375230789 0.97647059 1 0.827450991
v -1.18631041 0.537791789 0.425732464 0.97647059 1 0.827450991
v -1.2222631 0.473331422 0.471135378 0.97647059 1 0.827450991
v -1.25553334 0.404101133 0.510763586 0.97647059 1 0.827450991
v -1.28491652 0.33015433 0.544026315 0.97647059 1 0.827450991
v -1.30923533 0.251899272 0.57042706 0.97647059 1 0.827450991
v -1.3274436 0.170074701 0.589571893 0.97647059 1 0.827450991
v -1.33871961 0.0857009813 0.601174414 0.97647059 1 0.827450991
v -1.36104012 0 0.583606482 0.97647059 1 0.827450991
v -1.35737956 -0.0856555626 0.579857528 0.97647059 1 0.827450991
v -1.3465625 -0.170088723 0.568666339 0.97647059 1 0.827450991
v -1.32906783 -0.252173752 0.550200284 0.97647059 1 0.827450991
v -1.30564499 -0.330969065 0.52473551 0.97647059 1 0.827450991
v -1.27724874 -0.405788451 0.492652208 0.97647059 1 0.827450991
v -1.24495244 -0.476249188 0.45442912 0.97647059 1 0.827450991
v -1.20985413 -0.542291403 0.410636097 0.97647059 1 0.827450991
v -1.17297924 -0.604169965 0.361925066 0.97647059 1 0.827450991
v -1.13519084 -0.662416995 0.309020042 0.97647059 1 0.827450991
v -1.09711647 -0.717779875 0.252705455 0.97647059 1 0.827450991
v -1.05909371 -0.771140397 0.193814769 0.97647059 1 0.827450991
v -1.02114725 -0.823421776 0.133216992 0.97647059 1 0.827450991
v -0.982989013 -0.875494003 0.0718033165 0.97647059 1 0.827450991
v -0.944050252 -0.928083003 0.0104733175 0.97647059 1 0.827450991
v -0.90353632 -0.981694639 -0.0498790368 0.97647059 1 0.827450991
v -0.860503256 -1.03655887 -0.108378902 0.97647059 1 0.827450991
v -0.813943148 -1.09259808 -0.164184451 0.97647059 1 0.827450991
v -0.76287806 -1.14942324 -0.216499433 0.97647059 1 0.827450991
v -0.706447005 -1.20635688 -0.264585614 0.97647059 1 0.827450991
v -0.643981993 -1.26248085 -0.307774246 0.97647059 1 0.827450991
v -0.57506609 -1.31670344 -0.345476031 0.97647059 1 0.827450991
v -0.499568641 -1.36783743 -0.377189964 0.97647059 1 0.827450991
v -0.41765365 -1.41468656 -0.40251103 0.97647059 1 0.827450991
v -0.329764932 -1.45612514 -0.421136141 0.97647059 1 0.827450991
v -0.236586466 -1.49117076 -0.432868689 0.97647059 1 0.827450991
v -0.138984904 -1.51903844 -0.437621295 0.97647059 1 0.827450991
v -0.037941698 -1.53917408 -0.435416132 0.97647059 1 0.827450991
v 0.0655214116 -1.55126429 -0.426385254 0.97647059 1 0.827450991
v 0.17041336 -1.55522394 -0.410767406 0.97647059 1 0.827450991
v 0.275834709 -1.55116117 -0.388904184 0.97647059 1 0.827450991
v 0.381023377 -1.5393281 -0.361233741 0.97647059 1 0.827450991
v 0.485379428 -1.52005875 -0.328284234 0.97647059 1 0.827450991
v 0.58846873 -1.49370587 -0.290664881 0.97647059 1 0.827450991
v 0.690004647 -1.46058047 -0.249055877 0.97647059 1 0.827450991
v 0.789811492 -1.42090213 -0.204197198 0.97647059 1 0.827450991
v 0.887771606 -1.37476647 -0.156877115 0.97647059 1 0.827450991
v 0.983767092 -1.32213128 -0.107918747 0.97647059 1 0.827450991
v 1.07761598 -1.26282525 -0.0581677333 0.97647059 1 0.827450991
v 1.16901946 -1.19657719 -0.00847734604 0.97647059 1 0.827450991
v 1.25751674 -1.12306368 0.0403045267 0.97647059 1 0.827450991
v 1.34245956 -1.04197109 0.0873485431 0.97647059 1 0.827450991
v 1.42300773 -0.953062534 0.131857842 0.97647059 1 0.827450991
v 1.49814832 -0.856246352 0.173081055 0.97647059 1 0.827450991
v 1.56673646 -0.751636028 0.210323855 0.97647059 1 0.827450991
v 1.6275512 -0.639598787 0.242959976 0.97647059 1 0.827450991
v 1.67937005 -0.520780504 0.270441771 0.97647059 1 0.827450991
v 1.72104788 -0.396111608 0.292308629 0.97647059 1 0.827450991
v 1.75159371 -0.266786963 0.308194458 0.97647059 1 0.827450991
v 1.77024412 -0.134224251 0.317833483 0.97647059 1 0.827450991
v 1.77651572 2.80872371e-07 0.321064502 0.97647059 1 0.827450991
v 1.770244 0.134224668 0.317833424 0.97647059 1 0.827450991
v 1.75159359 0.266787827 0.308194399 0.97647059 1 0.827450991
v 1.72104728 0.396112382 0.292308539 0.97647059 1 0.827450991
v 1.67936981 0.520781338 0.270441592 0.97647059 1 0.827450991
v 1.62755072 0.639599562 0.242959768 0.97647059 1 0.827450991
v 1.56673598 0.751637101 0.210323498 0.97647059 1 0.827450991
v 1.4981482 0.85624671 0.173080921 0.97647059 1 0.827450991
v 1.42300701 0.953063071 0.131857574 0.97647059 1 0.827450991
v 1.34245932 1.04197145 0.0873483643 0.97647059 1 0.827450991
v 1.25751638 1.1230638 0.0403043628 0.97647059 1 0.827450991
v 1.16901934 1.19657719 -0.0084773479 0.97647059 1 0.827450991
v 1.07761538 1.26282561 -0.0581680797 0.97647059 1 0.827450991
v 0.983766496 1.32213175 -0.107919082 0.97647059 1 0.827450991
v 0.88777107 1.37476707 -0.156877413 0.97647059 1 0.827450991
v 0.789810836 1.42090249 -0.204197481 0.97647059 1 0.827450991
v 0.69000411 1.46058095 -0.249056086 0.97647059 1 0.827450991
v 0.588468015 1.49370611 -0.29066515 0.97647059 1 0.827450991
v 0.485378861 1.52005911 -0.328284383 0.97647059 1 0.827450991
v 0.381022811 1.53932822 -0.36123392 0.97647059 1 0.827450991
v 0.275833964 1.55116141 -0.388904214 0.97647059 1 0.827450991
v 0.170412526 1.5552237 -0.410767734 0.97647059 1 0.827450991
v 0.0655206293 1.55126417 -0.426385432 0.97647059 1 0.827450991
v -0.0379424766 1.53917372 -0.435416222 0.97647059 1 0.827450991
v -0.138985679 1.51903832 -0.437621206 0.97647059 1 0.827450991
v -0.236586466 1.49117076 -0.432868689 0.97647059 1 0.827450991
v -0.32976529 1.4561249 -0.421136111 0.97647059 1 0.827450991
v -0.417653948 1.41468632 -0.402511001 0.97647059 1 0.827450991
v -0.49956882 1.36783755 -0.377189815 0.97647059 1 0.827450991
v -0.575066447 1.3167032 -0.345475882 0.97647059 1 0.827450991
v -0.643982053 1.26248062 -0.307774216 0.97647059 1 0.827450991
v -0.706447303 1.20635653 -0.264585406 0.97647059 1 0.827450991
v -0.762878358 1.14942288 -0.216499135 0.97647059 1 0.827450991
v -0.813943326 1.09259784 -0.164184242 0.97647059 1 0.827450991
v -0.860503376 1.03655863 -0.108378679 0.97647059 1 0.827450991
v -0.903536618 0.981694341 -0.0498787239 0.97647059 1 0.827450991
v -0.944050431 0.928082645 0.0104736397 0.97647059 1 0.827450991
v -0.98298949 0.875493705 0.0718037635 0.97647059 1 0.827450991
v -1.02114749 0.823421478 0.133217394 0.97647059 1 0.827450991
v -1.05909407 0.771139979 0.193815216 0.97647059 1 0.827450991
v -1.09711647 0.717779517 0.252705902 0.97647059 1 0.827450991
v -1.1351912 0.662416577 0.30902034 0.97647059 1 0.827450991
v -1.17297947 0.604169488 0.361925513 0.97647059 1 0.827450991
v -1.20985448 0.542290866 0.410636514 0.97647059 1 0.827450991
v -1.24495268 0.476248622 0.454429448 0.97647059 1 0.827450991
v -1.27724898 0.405787885 0.492652476 0.97647059 1 0.827450991
v -1.30564523 0.330968291 0.524735868 0.97647059 1 0.827450991
v -1.32906783 0.252173573 0.550200284 0.97647059 1 0.827450991
v -1.34656262 0.170088574 0.568666339 0.97647059 1 0.827450991
v -1.35737956 0.0856553614 0.579857588 0.97647059 1 0.827450991
v -1.38039255 0 0.562912703 0.97647059 1 0.827450991
v -1.37687349 -0.085747771 0.559296548 0.97647059 1 0.827450991
v -1.3664664 -0.170369014 0.548502326 0.97647059 1 0.827450991
v -1.34960818 -0.252825379 0.530690908 0.97647059 1 0.827450991
v -1.32698226 -0.332246631 0.506129086 0.97647059 1 0.827450991
v -1.29945922 -0.407995611 0.475183487 0.97647059 1 0.827450991
v -1.26801836 -0.479711831 0.43831569 0.97647059 1 0.827450991
v -1.23365974 -0.547329485 0.396075547 0.97647059 1 0.827450991
v -1.19731808 -0.611069798 0.349091768 0.97647059 1 0.827450991
v -1.15977859 -0.671406448 0.298062533 0.97647059 1 0.827450991
v -1.12161112 -0.729008853 0.243744895 0.97647059 1 0.827450991
v -1.0831213 -0.784668684 0.186942354 0.97647059 1 0.827450991
v -1.04432702 -0.839213908 0.128493309 0.97647059 1 0.827450991
v -1.00496221 -0.89342308 0.0692572668 0.97647059 1 0.827450991
v -0.964503407 -0.94794178 0.0101018883 0.97647059 1 0.827450991
v -0.922221839 -1.00321305 -0.0481103323 0.97647059 1 0.827450991
v -0.877251625 -1.05942631 -0.104535952 0.97647059 1 0.827450991
v -0.828670144 -1.11648858 -0.158362702 0.97647059 1 0.827450991
v -0.775582433 -1.17402041 -0.208822668 0.97647059 1 0.827450991
v -0.717201591 -1.23137653 -0.255203724 0.97647059 1 0.827450991
v -0.652917981 -1.28769159 -0.296861082 0.97647059 1 0.827450991
v -0.58235383 -1.34193861 -0.333225965 0.97647059 1 0.827450991
v -0.505394042 -1.39300108 -0.363815337 0.97647059 1 0.827450991
v -0.422195405 -1.43975282 -0.388238579 0.97647059 1 0.827450991
v -0.333173037 -1.4811306 -0.40620333 0.97647059 1 0.827450991
v -0.238964587 -1.5162009 -0.417519778 0.97647059 1 0.827450991
v -0.140377969 -1.54420757 -0.422103852 0.97647059 1 0.827450991
v -0.0383301191 -1.56460583 -0.41997692 0.97647059 1 0.827450991
v 0.0662207678 -1.57706869 -0.411266297 0.97647059 1 0.827450991
v 0.172339678 -1.58147824 -0.396202296 0.97647059 1 0.827450991
v 0.279169977 -1.57789278 -0.375114202 0.97647059 1 0.827450991
v 0.385974944 -1.56650281 -0.348424852 0.97647059 1 0.827450991
v 0.492159247 -1.54757547 -0.316643775 0.97647059 1 0.827450991
v 0.597273707 -1.52139699 -0.280358315 0.97647059 1 0.827450991
v 0.700996995 -1.48821938 -0.240224689 0.97647059 1 0.827450991
v 0.803102434 -1.44821501 -0.196956664 0.97647059 1 0.827450991
v 0.903410673 -1.4014492 -0.151314437 0.97647059 1 0.827450991
v 1.00173557 -1.34786713 -0.104092084 0.97647059 1 0.827450991
v 1.09782755 -1.28730536 -0.056105338 0.97647059 1 0.827450991
v 1.19132662 -1.21951675 -0.0081767505 0.97647059 1 0.827450991
v 1.28172028 -1.14421868 0.0388753824 0.97647059 1 0.827450991
v 1.36832345 -1.06114769 0.084251292 0.97647059 1 0.827450991
v 1.45027637 -0.970123053 0.127182364 0.97647059 1 0.827450991
v 1.52656209 -0.871108592 0.166943863 0.97647059 1 0.827450991
v 1.5960474 -0.764268517 0.202866063 0.97647059 1 0.827450991
v 1.6575352 -0.65001148 0.234344944 0.97647059 1 0.827450991
v 1.70983565 -0.529012203 0.260852247 0.97647059 1 0.827450991
v 1.75183845 -0.402216017 0.281943798 0.97647059 1 0.827450991
v 1.78258824 -0.270819098 0.297266334 0.97647059 1 0.827450991
v 1.80134809 -0.136228114 0.306563586 0.97647059 1 0.827450991
v 1.80765438 2.84484514e-07 0.309679985 0.97647059 1 0.827450991
v 1.80134797 0.136228561 0.306563556 0.97647059 1 0.827450991
v 1.78258812 0.270819962 0.297266245 0.97647059 1 0.827450991
v 1.75183845 0.402216911 0.281943619 0.97647059 1 0.827450991
v 1.70983517 0.529013038 0.260852128 0.97647059 1 0.827450991
v 1.6575346 0.650012195 0.23434481 0.97647059 1 0.827450991
v 1.59604681 0.76426965 0.20286572 0.97647059 1 0.827450991
v 1.52656186 0.87110889 0.166943729 0.97647059 1 0.827450991
v 1.45027578 0.970123649 0.127182096 0.97647059 1 0.827450991
v 1.36832333 1.06114805 0.0842511207 0.97647059 1 0.827450991
v 1.28172004 1.14421892 0.0388752259 0.97647059 1 0.827450991
v 1.1913265 1.21951663 -0.00817675143 0.97647059 1 0.827450991
v 1.0978272 1.28730547 -0.0561055131 0.97647059 1 0.827450991
v 1.00173485 1.34786737 -0.104092434 0.97647059 1 0.827450991
v 0.903410077 1.40144968 -0.15131475 0.97647059 1 0.827450991
v 0.803101778 1.44821548 -0.196956947 0.97647059 1 0.827450991
v 0.700996339 1.48821974 -0.240224957 0.97647059 1 0.827450991
v 0.597272992 1.52139747 -0.280358583 0.97647059 1 0.827450991
v 0.492158651 1.54757571 -0.316643924 0.97647059 1 0.827450991
v 0.385974139 1.56650293 -0.34842509 0.97647059 1 0.827450991
v 0.279169202 1.57789302 -0.375114322 0.97647059 1 0.827450991
v 0.172338843 1.581478 -0.396202534 0.97647059 1 0.827450991
v 0.0662199855 1.57706869 -0.411266387 0.97647059 1 0.827450991
v -0.0383309051 1.56460536 -0.419977039 0.97647059 1 0.827450991
v -0.140378743 1.54420757 -0.422103792 0.97647059 1 0.827450991
v -0.238964587 1.5162009 -0.417519778 0.97647059 1 0.827450991
v -0.333173424 1.4811306 -0.40620321 0.97647059 1 0.827450991
v -0.422195733 1.4397527 -0.38823849 0.97647059 1 0.827450991
v -0.50539422 1.39300096 -0.363815278 0.97647059 1 0.827450991
v -0.582354188 1.34193838 -0.333225816 0.97647059 1 0.827450991
v -0.6529181 1.28769171 -0.296860963 0.97647059 1 0.827450991
v -0.71720171 1.23137653 -0.255203635 0.97647059 1 0.827450991
v -0.775582612 1.17401993 -0.208822519 0.97647059 1 0.827450991
v -0.828670323 1.11648834 -0.158362553 0.97647059 1 0.827450991
v -0.877251804 1.05942631 -0.104535721 0.97647059 1 0.827450991
v -0.922222078 1.00321281 -0.0481100939 0.97647059 1 0.827450991
v -0.964503765 0.947941422 0.0101022581 0.97647059 1 0.827450991
v -1.00496256 0.893422842 0.0692576319 0.97647059 1 0.827450991
v -1.04432738 0.839213669 0.128493667 0.97647059 1 0.827450991
v -1.08312166 0.784668267 0.186942786 0.97647059 1 0.827450991
v -1.12161124 0.729008436 0.243745297 0.97647059 1 0.827450991
v -1.15977895 0.671405971 0.29806298 0.97647059 1 0.827450991
v -1.19731843 0.611069441 0.349092066 0.97647059 1 0.827450991
v -1.23365998 0.547329009 0.396075845 0.97647059 1 0.827450991
v -1.26801848 0.479711264 0.438316077 0.97647059 1 0.827450991
v -1.29945958 0.407994986 0.475183636 0.97647059 1 0.827450991
v -1.32698238 0.332245886 0.506129384 0.97647059 1 0.827450991
v -1.34960806 0.252825201 0.530691028 0.97647059 1 0.827450991
v -1.36646652 0.17036885 0.548502326 0.97647059 1 0.827450991
v -1.37687349 0.0857475698 0.559296548 0.97647059 1 0.827450991
v -1.40056705 0 0.542952538 0.97647059 1 0.827450991
v -1.39717412 -0.0859683603 0.539464653 0.97647059 1 0.827450991
v -1.38713217 -0.170897603 0.529052973 0.97647059 1 0.827450991
v -1.370839 -0.253829092 0.511873364 0.97647059 1 0.827450991
v -1.34891903 -0.333957523 0.488182455 0.97647059 1 0.827450991
v -1.32216537 -0.410690308 0.458334148 0.97647059 1 0.827450991
v -1.29147077 -0.483687341 0.4227736 0.97647059 1 0.827450991
v -1.25774658 -0.552877128 0.382031173 0.97647059 1 0.827450991
v -1.22184384 -0.618449688 0.336713433 0.97647059 1 0.827450991
v -1.18447673 -0.680825114 0.287493676 0.97647059 1 0.827450991
v -1.14616299 -0.740601718 0.235102013 0.97647059 1 0.827450991
v -1.10717762 -0.798488081 0.180313632 0.97647059 1 0.827450991
v -1.06753397 -0.855225265 0.123937108 0.97647059 1 0.827450991
v -1.02698457 -0.911507726 0.0668015033 0.97647059 1 0.827450991
v -0.985048175 -0.967907429 0.00974368863 0.97647059 1 0.827450991
v -0.941055536 -1.0248096 -0.046404399 0.97647059 1 0.827450991
v -0.894212484 -1.08236647 -0.100829251 0.97647059 1 0.827450991
v -0.843674004 -1.14047003 -0.152747378 0.97647059 1 0.827450991
v -0.788621008 -1.19874942 -0.201418117 0.97647059 1 0.827450991
v -0.728334427 -1.25658953 -0.246154502 0.97647059 1 0.827450991
v -0.662257969 -1.31317091 -0.286334783 0.97647059 1 0.827450991
v -0.590049386 -1.36752558 -0.321410209 0.97647059 1 0.827450991
v -0.511608124 -1.41860151 -0.350914925 0.97647059 1 0.827450991
v -0.427084476 -1.46533632 -0.374472201 0.97647059 1 0.827450991
v -0.336867511 -1.50672305 -0.391799867 0.97647059 1 0.827450991
v -0.241552696 -1.54187083 -0.402715117 0.97647059 1 0.827450991
v -0.141894639 -1.57005107 -0.407136589 0.97647059 1 0.827450991
v -0.0387517363 -1.59072554 -0.405085117 0.97647059 1 0.827450991
v 0.0669755116 -1.60355473 -0.396683395 0.97647059 1 0.827450991
v 0.174402744 -1.60838997 -0.382153451 0.97647059 1 0.827450991
v 0.282711774 -1.60524285 -0.361813098 0.97647059 1 0.827450991
v 0.391188174 -1.59424722 -0.33607015 0.97647059 1 0.827450991
v 0.499240428 -1.57560813 -0.305416048 0.97647059 1 0.827450991
v 0.606404364 -1.54955113 -0.270417184 0.97647059 1 0.827450991
v 0.712325633 -1.51627243 -0.231706664 0.97647059 1 0.827450991
v 0.816730201 -1.4759022 -0.189972803 0.97647059 1 0.827450991
v 0.919380367 -1.42847598 -0.145949066 0.97647059 1 0.827450991
v 1.02002716 -1.3739289 -0.100401126 0.97647059 1 0.827450991
v 1.11835706 -1.31210327 -0.0541159324 0.97647059 1 0.827450991
v 1.21395254 -1.2427752 -0.00788681582 0.97647059 1 0.827450991
v 1.3062526 -1.16569853 0.0374969169 0.97647059 1 0.827450991
v 1.39453685 -1.08065677 0.0812638476 0.97647059 1 0.827450991
v 1.4779253 -0.987520218 0.122672647 0.97647059 1 0.827450991
v 1.55539632 -0.886304915 0.161024228 0.97647059 1 0.827450991
v 1.62582529 -0.777222514 0.195672736 0.97647059 1 0.827450991
v 1.6880362 -0.660720766 0.226035386 0.97647059 1 0.827450991
v 1.74086654 -0.53750217 0.251602858 0.97647059 1 0.827450991
v 1.78323865 -0.408527583 0.27194643 0.97647059 1 0.827450991
v 1.81422591 -0.274996102 0.28672564 0.97647059 1 0.827450991
v 1.83311749 -0.138306558 0.295693189 0.97647059 1 0.827450991
v 1.83946562 2.88292256e-07 0.298699141 0.97647059 1 0.827450991
v 1.83311737 0.138307005 0.295693159 0.97647059 1 0.827450991
v 1.81422579 0.274996996 0.286725581 0.97647059 1 0.827450991
v 1.78323841 0.408528447 0.271946311 0.97647059 1 0.827450991
v 1.7408663 0.537502944 0.251602679 0.97647059 1 0.827450991
v 1.68803573 0.660721481 0.226035237 0.97647059 1 0.827450991
v 1.62582493 0.777223706 0.195672378 0.97647059 1 0.827450991
v 1.55539584 0.886305153 0.161024123 0.97647059 1 0.827450991
v 1.47792482 0.987520874 0.122672372 0.97647059 1 0.827450991
v 1.39453661 1.08065712 0.0812636912 0.97647059 1 0.827450991
v 1.30625224 1.16569889 0.0374967679 0.97647059 1 0.827450991
v 1.21395254 1.2427752 -0.00788681582 0.97647059 1 0.827450991
v 1.11835659 1.31210315 -0.0541160963 0.97647059 1 0.827450991
v 1.02002645 1.37392914 -0.100401461 0.97647059 1 0.827450991
v 0.919379711 1.42847645 -0.145949364 0.97647059 1 0.827450991
v 0.816729367 1.47590232 -0.189973146 0.97647059 1 0.827450991
v 0.712324917 1.51627302 -0.231706917 0.97647059 1 0.827450991
v 0.606403589 1.54955125 -0.270417452 0.97647059 1 0.827450991
v 0.499239832 1.57560825 -0.305416167 0.97647059 1 0.827450991
v 0.3911874 1.59424734 -0.336070359 0.97647059 1 0.827450991
v 0.282710969 1.60524309 -0.361813307 0.97647059 1 0.827450991
v 0.174401894 1.60838962 -0.382153749 0.97647059 1 0.827450991
v 0.0669747144 1.60355484 -0.396683425 0.97647059 1 0.827450991
v -0.0387525335 1.5907253 -0.405085176 0.97647059 1 0.827450991
v -0.141895428 1.57005107 -0.40713653 0.97647059 1 0.827450991
v -0.241552681 1.54187083 -0.402715206 0.97647059 1 0.827450991
v -0.336867929 1.50672305 -0.391799748 0.97647059 1 0.827450991
v -0.427084804 1.4653362 -0.374472111 0.97647059 1 0.827450991
v -0.511608303 1.41860139 -0.350914866 0.97647059 1 0.827450991
v -0.590049744 1.36752534 -0.32141003 0.97647059 1 0.827450991
v -0.662258089 1.31317079 -0.286334693 0.97647059 1 0.827450991
v -0.728334486 1.25658941 -0.246154457 0.97647059 1 0.827450991
v -0.788621247 1.19874907 -0.201417983 0.97647059 1 0.827450991
v -0.843674302 1.14046991 -0.152747154 0.97647059 1 0.827450991
v -0.894212723 1.08236623 -0.100829028 0.97647059 1 0.827450991
v -0.941055655 1.02480936 -0.0464041792 0.97647059 1 0.827450991
v -0.985048473 0.967906952 0.00974404719 0.97647059 1 0.827450991
v -1.02698481 0.911507249 0.0668019354 0.97647059 1 0.827450991
v -1.06753409 0.855224907 0.123937473 0.97647059 1 0.827450991
v -1.10717785 0.798487544 0.180314079 0.97647059 1 0.827450991
v -1.14616311 0.740601301 0.235102385 0.97647059 1 0.827450991
v -1.18447709 0.680824637 0.287494093 0.97647059 1 0.827450991
v -1.22184408 0.618449271 0.336713731 0.97647059 1 0.827450991
v -1.25774693 0.552876592 0.38203162 0.97647059 1 0.827450991
v -1.29147089 0.483686715 0.422774017 0.97647059 1 0.827450991
v -1.32216585 0.410689712 0.458334297 0.97647059 1 0.827450991
v -1.34891951 0.333956838 0.488182575 0.97647059 1 0.827450991
v -1.37083924 0.253828883 0.511873424 0.97647059 1 0.827450991
v -1.38713229 0.170897454 0.529052973 0.97647059 1 0.827450991
v -1.39717412 0.0859681517 0.539464712 0.97647059 1 0.827450991
v -1.421538 0 0.523700178 0.97647059 1 0.827450991
v -1.41825688 -0.0863087103 0.520335972 0.97647059 1 0.827450991
v -1.40853858 -0.171658009 0.510293603 0.97647059 1 0.827450991
v -1.39274621 -0.255161852 0.493723065 0.97647059 1 0.827450991
v -1.3714484 -0.336074203 0.470872104 0.97647059 1 0.827450991
v -1.34536839 -0.413842946 0.442082256 0.97647059 1 0.827450991
v -1.31531978 -0.488146365 0.407782614 0.97647059 1 0.827450991
v -1.28213274 -0.558907449 0.368484974 0.97647059 1 0.827450991
v -1.24658179 -0.626287699 0.324773967 0.97647059 1 0.827450991
v -1.20931661 -0.690658033 0.277299553 0.97647059 1 0.827450991
v -1.17080617 -0.752551198 0.226765662 0.97647059 1 0.827450991
v -1.13129866 -0.812599957 0.173919976 0.97647059 1 0.827450991
v -1.09080231 -0.871465623 0.11954248 0.97647059 1 0.827450991
v -1.04908752 -0.929765522 0.0644328743 0.97647059 1 0.827450991
v -1.00571048 -0.98800391 0.00939824712 0.97647059 1 0.827450991
v -0.960056603 -1.04651284 -0.0447589643 0.97647059 1 0.827450991
v -0.911397457 -1.10540986 -0.0972539783 0.97647059 1 0.827450991
v -0.85895896 -1.16457367 -0.147331163 0.97647059 1 0.827450991
v -0.801991105 -1.22364056 -0.194276124 0.97647059 1 0.827450991
v -0.739836633 -1.28202152 -0.237426192 0.97647059 1 0.827450991
v -0.671988487 -1.33893967 -0.276181728 0.97647059 1 0.827450991
v -0.598136425 -1.39347982 -0.310013443 0.97647059 1 0.827450991
v -0.518193662 -1.44464886 -0.338471949 0.97647059 1 0.827450991
v -0.432304382 -1.49144125 -0.361193925 0.97647059 1 0.827450991
v -0.34083426 -1.53290129 -0.377907157 0.97647059 1 0.827450991
v -0.244340271 -1.56817675 -0.388435364 0.97647059 1 0.827450991
v -0.143528759 -1.59656262 -0.392700076 0.97647059 1 0.827450991
v -0.0392049029 -1.61752653 -0.390721381 0.97647059 1 0.827450991
v 0.0677829757 -1.63071692 -0.382617533 0.97647059 1 0.827450991
v 0.176596269 -1.63595533 -0.368602812 0.97647059 1 0.827450991
v 0.28645128 -1.63321126 -0.348983735 0.97647059 1 0.827450991
v 0.396653026 -1.62256515 -0.324153602 0.97647059 1 0.827450991
v 0.506613195 -1.6041652 -0.29458639 0.97647059 1 0.827450991
v 0.615852296 -1.57817996 -0.260828495 0.97647059 1 0.827450991
v 0.723984838 -1.54475522 -0.223490641 0.97647059 1 0.827450991
v 0.83069241 -1.50398064 -0.183236673 0.97647059 1 0.827450991
v 0.935683012 -1.45586598 -0.140773892 0.97647059 1 0.827450991
v 1.03864801 -1.40033519 -0.0968410298 0.97647059 1 0.827450991
v 1.13921511 -1.33723629 -0.0521968976 0.97647059 1 0.827450991
v 1.23691082 -1.26636732 -0.0076071592 0.97647059 1 0.827450991
v 1.33112943 -1.1875149 0.0361673273 0.97647059 1 0.827450991
v 1.42111647 -1.10050559 0.0783823505 0.97647059 1 0.827450991
v 1.50597155 -1.00525784 0.118322864 0.97647059 1 0.827450991
v 1.58466721 -0.901836097 0.15531452 0.97647059 1 0.827450991
v 1.6560849 -0.790495932 0.188734457 0.97647059 1 0.827450991
v 1.71906602 -0.671722531 0.218020529 0.97647059 1 0.827450991
v 1.77247274 -0.546245575 0.242681354 0.97647059 1 0.827450991
v 1.81525457 -0.415041685 0.262303591 0.97647059 1 0.827450991
v 1.8465116 -0.279314429 0.276558757 0.97647059 1 0.827450991
v 1.86555541 -0.140457645 0.285208315 0.97647059 1 0.827450991
v 1.87195253 2.9228795e-07 0.288107693 0.97647059 1 0.827450991
v 1.86555529 0.140458092 0.285208285 0.97647059 1 0.827450991
v 1.84651148 0.279315293 0.276558697 0.97647059 1 0.827450991
v 1.81525409 0.41504252 0.262303501 0.97647059 1 0.827450991
v 1.77247238 0.546246469 0.24268119 0.97647059 1 0.827450991
v 1.71906567 0.671723366 0.218020335 0.97647059 1 0.827450991
v 1.65608442 0.790497124 0.188734099 0.97647059 1 0.827450991
v 1.58466673 0.901836276 0.155314431 0.97647059 1 0.827450991
v 1.50597107 1.00525856 0.118322596 0.97647059 1 0.827450991
v 1.42111623 1.10050595 0.0783822089 0.97647059 1 0.827450991
v 1.33112919 1.18751526 0.036167182 0.97647059 1 0.827450991
v 1.23691082 1.26636732 -0.0076071592 0.97647059 1 0.827450991
v 1.13921428 1.33723664 -0.0521972068 0.97647059 1 0.827450991
v 1.03864717 1.40033543 -0.0968413725 0.97647059 1 0.827450991
v 0.935682297 1.45586634 -0.140774176 0.97647059 1 0.827450991
v 0.830691755 1.50398099 -0.183236927 0.97647059 1 0.827450991
v 0.723984182 1.5447557 -0.223490879 0.97647059 1 0.827450991
v 0.615851462 1.57817996 -0.260828853 0.97647059 1 0.827450991
v 0.506612599 1.60416532 -0.294586509 0.97647059 1 0.827450991
v 0.396652371 1.62256515 -0.324153841 0.97647059 1 0.827450991
v 0.286450505 1.63321137 -0.348983854 0.97647059 1 0.827450991
v 0.176595405 1.63595521 -0.368603051 0.97647059 1 0.827450991
v 0.0677821711 1.63071692 -0.382617623 0.97647059 1 0.827450991
v -0.0392057113 1.61752629 -0.390721411 0.97647059 1 0.827450991
v -0.143529564 1.59656262 -0.392700016 0.97647059 1 0.827450991
v -0.244340271 1.56817675 -0.388435364 0.97647059 1 0.827450991
v -0.340834618 1.53290129 -0.377907038 0.97647059 1 0.827450991
v -0.43230471 1.49144113 -0.361193836 0.97647059 1 0.827450991
v -0.518193781 1.44464862 -0.338471949 0.97647059 1 0.827450991
v -0.598136604 1.3934797 -0.310013354 0.97647059 1 0.827450991
v -0.671988547 1.33893955 -0.276181638 0.97647059 1 0.827450991
v -0.739836752 1.28202128 -0.237426162 0.97647059 1 0.827450991
v -0.801991403 1.2236402 -0.194275945 0.97647059 1 0.827450991
v -0.858959317 1.16457355 -0.14733094 0.97647059 1 0.827450991
v -0.911397815 1.10540974 -0.0972537473 0.97647059 1 0.827450991
v -0.960056663 1.0465126 -0.0447588041 0.97647059 1 0.827450991
v -1.00571048 0.988003314 0.00939853676 0.97647059 1 0.827450991
v -1.04908776 0.929765165 0.0644332096 0.97647059 1 0.827450991
v -1.09080243 0.871465325 0.119542815 0.97647059 1 0.827450991
v -1.13129902 0.81259954 0.173920378 0.97647059 1 0.827450991
v -1.17080653 0.75255084 0.22676599 0.97647059 1 0.827450991
v -1.20931685 0.690657556 0.277299911 0.97647059 1 0.827450991
v -1.24658179 0.626287162 0.324774414 0.97647059 1 0.827450991
v -1.2821331 0.558906913 0.368485272 0.97647059 1 0.827450991
v -1.31532001 0.488145769 0.407782942 0.97647059 1 0.827450991
v -1.34536886 0.41384244 0.442082405 0.97647059 1 0.827450991
v -1.37144864 0.336073488 0.470872432 0.97647059 1 0.827450991
v -1.39274645 0.255161703 0.493722975 0.97647059 1 0.827450991
v -1.4085387 0.17165783 0.510293603 0.97647059 1 0.827450991
v -1.41825688 0.0863085166 0.520335972 0.97647059 1 0.827450991
v -1.4432826 0 0.505130529 0.97647059 1 0.827450991
v -1.44010055 -0.0867610425 0.501885653 0.97647059 1 0.827450991
v -1.43066812 -0.172635302 0.492199272 0.97647059 1 0.827450991
v -1.4153167 -0.256802946 0.476216346 0.97647059 1 0.827450991
v -1.39456415 -0.338571757 0.45417574 0.97647059 1 0.827450991
v -1.36907005 -0.417426616 0.426406652 0.97647059 1 0.827450991
v -1.33957505 -0.493062079 0.393323272 0.97647059 1 0.827450991
v -1.30683553 -0.565396249 0.35541907 0.97647059 1 0.827450991
v -1.27155614 -0.634564161 0.313258052 0.97647059 1 0.827450991
v -1.23432696 -0.700891614 0.267466903 0.97647059 1 0.827450991
v -1.19557333 -0.764851332 0.218724877 0.97647059 1 0.827450991
v -1.15551782 -0.82700628 0.167753026 0.97647059 1 0.827450991
v -1.11416435 -0.887944579 0.115303665 0.97647059 1 0.827450991
v -1.07129955 -0.948213041 0.0621481873 0.97647059 1 0.827450991
v -1.02651393 -1.00825346 0.00906494539 0.97647059 1 0.827450991
v -0.97924304 -1.068349 -0.0431718864 0.97647059 1 0.827450991
v -0.928818226 -1.12858593 -0.0938054845 0.97647059 1 0.827450991
v -0.874529481 -1.18882895 -0.14210704 0.97647059 1 0.827450991
v -0.815690517 -1.24872112 -0.187387362 0.97647059 1 0.827450991
v -0.751700461 -1.30769718 -0.229007557 0.97647059 1 0.827450991
v -0.682097435 -1.36501801 -0.266388714 0.97647059 1 0.827450991
v -0.606600463 -1.41981673 -0.299020827 0.97647059 1 0.827450991
v -0.525134981 -1.47115254 -0.326470256 0.97647059 1 0.827450991
v -0.437840313 -1.51807225 -0.348386496 0.97647059 1 0.827450991
v -0.345060378 -1.55966532 -0.364507139 0.97647059 1 0.827450991
v -0.247317702 -1.59511507 -0.374662101 0.97647059 1 0.827450991
v -0.145274654 -1.6237371 -0.378775507 0.97647059 1 0.827450991
v -0.0396881327 -1.64500308 -0.376866996 0.97647059 1 0.827450991
v 0.0686407462 -1.65855014 -0.369050503 0.97647059 1 0.827450991
v 0.178914577 -1.66417217 -0.355532736 0.97647059 1 0.827450991
v 0.290380597 -1.6617986 -0.336609274 0.97647059 1 0.827450991
v 0.402360857 -1.65146089 -0.312659621 0.97647059 1 0.827450991
v 0.514268756 -1.63325453 -0.284140766 0.97647059 1 0.827450991
v 0.625610054 -1.60729516 -0.251579911 0.97647059 1 0.827450991
v 0.73597002 -1.57368207 -0.215565994 0.97647059 1 0.827450991
v 0.844987929 -1.53246748 -0.176739335 0.97647059 1 0.827450991
v 0.952320814 -1.4836365 -0.135782272 0.97647059 1 0.827450991
v 1.05760443 -1.42710316 -0.0934072062 0.97647059 1 0.827450991
v 1.1604104 -1.3627212 -0.0503462143 0.97647059 1 0.827450991
v 1.26021445 -1.29030621 -0.00733727636 0.97647059 1 0.827450991
v 1.35636592 -1.20967829 0.0348848812 0.97647059 1 0.827450991
v 1.44807863 -1.12070179 0.0756030232 0.97647059 1 0.827450991
v 1.53443158 -1.02334034 0.114127301 0.97647059 1 0.827450991
v 1.6143899 -0.917702854 0.149807319 0.97647059 1 0.827450991
v 1.68683982 -0.804087341 0.182042226 0.97647059 1 0.827450991
v 1.7506367 -0.683013976 0.210289836 0.97647059 1 0.827450991
v 1.80466378 -0.555238783 0.234076202 0.97647059 1 0.827450991
v 1.8478936 -0.42175439 0.253002733 0.97647059 1 0.827450991
v 1.87945104 -0.283771008 0.266752362 0.97647059 1 0.827450991
v 1.89866602 -0.142679662 0.275095344 0.97647059 1 0.827450991
v 1.90511906 2.96464776e-07 0.277891815 0.97647059 1 0.827450991
v 1.8986659 0.142680109 0.275095284 0.97647059 1 0.827450991
v 1.87945092 0.283771932 0.266752303 0.97647059 1 0.827450991
v 1.84789324 0.421755284 0.253002614 0.97647059 1 0.827450991
v 1.80466342 0.555239618 0.234076053 0.97647059 1 0.827450991
v 1.75063634 0.68301481 0.210289642 0.97647059 1 0.827450991
v 1.68683946 0.804088652 0.182041883 0.97647059 1 0.827450991
v 1.61438966 0.917703211 0.1498072 0.97647059 1 0.827450991
v 1.53443098 1.02334082 0.114127062 0.97647059 1 0.827450991
v 1.44807827 1.12070203 0.0756028816 0.97647059 1 0.827450991
v 1.35636556 1.20967853 0.0348847471 0.97647059 1 0.827450991
v 1.26021409 1.29030657 -0.00733742118 0.97647059 1 0.827450991
v 1.16040993 1.36272132 -0.0503463708 0.97647059 1 0.827450991
v 1.05760372 1.4271034 -0.0934075192 0.97647059 1 0.827450991
v 0.952320099 1.48363686 -0.13578254 0.97647059 1 0.827450991
v 0.844987154 1.53246772 -0.176739618 0.97647059 1 0.827450991
v 0.735969305 1.57368255 -0.215566233 0.97647059 1 0.827450991
v 0.625609219 1.60729504 -0.251580268 0.97647059 1 0.827450991
v 0.5142681 1.63325453 -0.284140944 0.97647059 1 0.827450991
v 0.40236026 1.65146112 -0.3126598 0.97647059 1 0.827450991
v 0.290379792 1.66179872 -0.336609423 0.97647059 1 0.827450991
v 0.178913727 1.66417217 -0.355532914 0.97647059 1 0.827450991
v 0.0686399266 1.65855026 -0.369050592 0.97647059 1 0.827450991
v -0.0396889448 1.64500284 -0.376867026 0.97647059 1 0.827450991
v -0.145275444 1.62373686 -0.378775507 0.97647059 1 0.827450991
v -0.247317702 1.59511507 -0.374662101 0.97647059 1 0.827450991
v -0.345060796 1.55966532 -0.364507049 0.97647059 1 0.827450991
v -0.437840551 1.51807201 -0.348386437 0.97647059 1 0.827450991
v -0.525135159 1.47115231 -0.326470256 0.97647059 1 0.827450991
v -0.606600761 1.41981637 -0.299020708 0.97647059 1 0.827450991
v -0.682097554 1.36501801 -0.266388655 0.97647059 1 0.827450991
v -0.751700699 1.30769694 -0.229007378 0.97647059 1 0.827450991
v -0.815690935 1.24872077 -0.187387109 0.97647059 1 0.827450991
v -0.874529839 1.18882883 -0.142106801 0.97647059 1 0.827450991
v -0.928818285 1.12858558 -0.0938052908 0.97647059 1 0.827450991
v -0.9792431 1.06834877 -0.0431717299 0.97647059 1 0.827450991
v -1.02651429 1.00825286 0.00906527881 0.97647059 1 0.827450991
v -1.07129991 0.948212624 0.0621485151 0.97647059 1 0.827450991
v -1.11416483 0.887944221 0.115304053 0.97647059 1 0.827450991
v -1.15551805 0.827005744 0.167753443 0.97647059 1 0.827450991
v -1.19557345 0.764850855 0.218725219 0.97647059 1 0.827450991
v -1.23432744 0.700891137 0.267467231 0.97647059 1 0.827450991
v -1.27155638 0.634563684 0.31325835 0.97647059 1 0.827450991
v -1.30683577 0.565395653 0.355419368 0.97647059 1 0.827450991
v -1.33957517 0.493061453 0.39332366 0.97647059 1 0.827450991
v -1.36907041 0.41742599 0.426406801 0.97647059 1 0.827450991
v -1.39456451 0.338571072 0.454175949 0.97647059 1 0.827450991
v -1.41531658 0.256802768 0.476216495 0.97647059 1 0.827450991
v -1.43066835 0.172635138 0.492199272 0.97647059 1 0.827450991
v -1.44010055 0.0867608413 0.501885712 0.97647059 1 0.827450991
v -1.46578133 0 0.487219334 0.97647059 1 0.827450991
v -1.46268654 -0.0873182639 0.484089434 0.97647059 1 0.827450991
v -1.4535054 -0.173815906 0.474746555 0.97647059 1 0.827450991
v -1.43853974 -0.258733392 0.45933035 0.97647059 1 0.827450991
v -1.41826224 -0.341427624 0.438071221 0.97647059 1 0.827450991
v -1.39327288 -0.421416789 0.411286831 0.97647059 1 0.827450991
v -1.36424661 -0.498410523 0.37937659 0.97647059 1 0.827450991
v -1.33187211 -0.572321951 0.342816323 0.97647059 1 0.827450991
v -1.29678977 -0.643261731 0.302150309 0.97647059 1 0.827450991
v -1.25953555 -0.711514294 0.25798288 0.97647059 1 0.827450991
v -1.22049475 -0.777496994 0.21096915 0.97647059 1 0.827450991
v -1.17986667 -0.841709256 0.161804706 0.97647059 1 0.827450991
v -1.13765097 -0.904671669 0.111215137 0.97647059 1 0.827450991
v -1.09364867 -0.966866195 0.0599444322 0.97647059 1 0.827450991
v -1.04748249 -1.02867746 0.00874356832 0.97647059 1 0.827450991
v -0.998632491 -1.09034395 -0.0416411199 0.97647059 1 0.827450991
v -0.94648546 -1.15192163 -0.0904792771 0.97647059 1 0.827450991
v -0.890390158 -1.21326363 -0.137068093 0.97647059 1 0.827450991
v -0.829718053 -1.27401793 -0.180742845 0.97647059 1 0.827450991
v -0.76391989 -1.33363998 -0.220887154 0.97647059 1 0.827450991
v -0.692574501 -1.39142573 -0.256942928 0.97647059 1 0.827450991
v -0.615428448 -1.44655108 -0.288417935 0.97647059 1 0.827450991
v -0.532418311 -1.49812281 -0.314894021 0.97647059 1 0.827450991
v -0.443678826 -1.5452348 -0.336033165 0.97647059 1 0.827450991
v -0.349534631 -1.5870173 -0.35158217 0.97647059 1 0.827450991
v -0.250476599 -1.62268472 -0.361377001 0.97647059 1 0.827450991
v -0.147127315 -1.65157115 -0.365344644 0.97647059 1 0.827450991
v -0.0402000956 -1.67315221 -0.363503724 0.97647059 1 0.827450991
v 0.0695466697 -1.68705213 -0.355964452 0.97647059 1 0.827450991
v 0.18135269 -1.69303989 -0.342925996 0.97647059 1 0.827450991
v 0.294492692 -1.69100714 -0.324673504 0.97647059 1 0.827450991
v 0.408303738 -1.68094039 -0.301573038 0.97647059 1 0.827450991
v 0.522199512 -1.66288519 -0.274065524 0.97647059 1 0.827450991
v 0.635671675 -1.63690913 -0.242659256 0.97647059 1 0.827450991
v 0.748277247 -1.60306776 -0.207922325 0.97647059 1 0.827450991
v 0.859615982 -1.56137896 -0.170472413 0.97647059 1 0.827450991
v 0.969296813 -1.51180482 -0.130967602 0.97647059 1 0.827450991
v 1.0769031 -1.4542501 -0.0900951028 0.97647059 1 0.827450991
v 1.18195391 -1.38857245 -0.0485608727 0.97647059 1 0.827450991
v 1.28387523 -1.31460667 -0.00707724551 0.97647059 1 0.827450991
v 1.38197672 -1.23219931 0.0336479172 0.97647059 1 0.827450991
v 1.47543895 -1.14125299 0.0729222447 0.97647059 1 0.827450991
v 1.56332147 -1.04177177 0.110080495 0.97647059 1 0.827450991
v 1.64458025 -0.933907211 0.144495353 0.97647059 1 0.827450991
v 1.71810424 -0.817996085 0.175587252 0.97647059 1 0.827450991
v 1.78276062 -0.694592655 0.202833191 0.97647059 1 0.827450991
v 1.83744919 -0.564478278 0.22577621 0.97647059 1 0.827450991
v 1.88116443 -0.428662598 0.244031519 0.97647059 1 0.827450991
v 1.91305053 -0.288363248 0.257293701 0.97647059 1 0.827450991
v 1.9324553 -0.144971207 0.265340805 0.97647059 1 0.827450991
v 1.93897033 3.00816708e-07 0.268038124 0.97647059 1 0.827450991
v 1.9324553 0.144971684 0.265340775 0.97647059 1 0.827450991
v 1.91305029 0.288364202 0.257293642 0.97647059 1 0.827450991
v 1.88116395 0.428663462 0.244031459 0.97647059 1 0.827450991
v 1.83744884 0.564479113 0.225776061 0.97647059 1 0.827450991
v 1.78276002 0.69459343 0.202833056 0.97647059 1 0.827450991
v 1.71810365 0.817997336 0.175586954 0.97647059 1 0.827450991
v 1.64457989 0.93390739 0.144495264 0.97647059 1 0.827450991
v 1.56332099 1.0417726 0.110080242 0.97647059 1 0.827450991
v 1.47543883 1.14125347 0.0729220957 0.97647059 1 0.827450991
v 1.38197637 1.23219967 0.0336477831 0.97647059 1 0.827450991
v 1.28387523 1.31460667 -0.00707724551 0.97647059 1 0.827450991
v 1.18195307 1.38857281 -0.0485611632 0.97647059 1 0.827450991
v 1.07690239 1.45425045 -0.0900954008 0.97647059 1 0.827450991
v 0.969296038 1.5118053 -0.13096787 0.97647059 1 0.827450991
v 0.859615266 1.56137955 -0.170472652 0.97647059 1 0.827450991
v 0.748276472 1.60306811 -0.207922563 0.97647059 1 0.827450991
v 0.635670841 1.63690925 -0.242659509 0.97647059 1 0.827450991
v 0.522198796 1.66288507 -0.274065703 0.97647059 1 0.827450991
v 0.408303052 1.68094039 -0.301573277 0.97647059 1 0.827450991
v 0.294491857 1.69100738 -0.324673682 0.97647059 1 0.827450991
v 0.181351826 1.69303989 -0.342926145 0.97647059 1 0.827450991
v 0.0695458278 1.68705189 -0.355964601 0.97647059 1 0.827450991
v -0.0402009189 1.67315173 -0.363503844 0.97647059 1 0.827450991
v -0.147128135 1.65157115 -0.365344584 0.97647059 1 0.827450991
v -0.250476599 1.62268472 -0.361377001 0.97647059 1 0.827450991
v -0.349535018 1.58701718 -0.35158211 0.97647059 1 0.827450991
v -0.443679154 1.54523444 -0.336033136 0.97647059 1 0.827450991
v -0.532418489 1.49812269 -0.314893961 0.97647059 1 0.827450991
v -0.615428805 1.44655097 -0.288417786 0.97647059 1 0.827450991
v -0.69257462 1.39142561 -0.256942868 0.97647059 1 0.827450991
v -0.763920128 1.3336401 -0.220887035 0.97647059 1 0.827450991
v -0.829718351 1.27401757 -0.180742681 0.97647059 1 0.827450991
v -0.890390456 1.21326351 -0.137067899 0.97647059 1 0.827450991
v -0.946485758 1.15192151 -0.090479061 0.97647059 1 0.827450991
v -0.998632789 1.09034371 -0.0416408591 0.97647059 1 0.827450991
v -1.04748285 1.02867711 0.00874383468 0.97647059 1 0.827450991
v -1.09364891 0.966865838 0.0599447489 0.97647059 1 0.827450991
v -1.13765121 0.904671311 0.111215472 0.97647059 1 0.827450991
v -1.17986691 0.84170872 0.161805108 0.97647059 1 0.827450991
v -1.22049487 0.777496457 0.210969537 0.97647059 1 0.827450991
v -1.25953591 0.711513758 0.257983238 0.97647059 1 0.827450991
v -1.29679 0.643261254 0.302150637 0.97647059 1 0.827450991
v -1.33187246 0.572321415 0.342816591 0.97647059 1 0.827450991
v -1.36424696 0.498409927 0.379376858 0.97647059 1 0.827450991
v -1.39327323 0.421416193 0.41128698 0.97647059 1 0.827450991
v -1.41826224 0.341426849 0.438071489 0.97647059 1 0.827450991
v -1.43853986 0.258733213 0.45933038 0.97647059 1 0.827450991
v -1.45350552 0.173815742 0.474746555 0.97647059 1 0.827450991
v -1.46268654 0.0873180628 0.484089464 0.97647059 1 0.827450991
v -1.48901725 0 0.469943225 0.97647059 1 0.827450991
v -1.48599839 -0.0879739225 0.46692428 0.97647059 1 0.827450991
v -1.4770366 -0.175187513 0.457912743 0.97647059 1 0.827450991
v -1.46240652 -0.260936111 0.443043172 0.97647059 1 0.827450991
v -1.44253862 -0.344621181 0.422537923 0.97647059 1 0.827450991
v -1.41797996 -0.425791502 0.396703154 0.97647059 1 0.827450991
v -1.38934422 -0.504169822 0.365924507 0.97647059 1 0.827450991
v -1.3572582 -0.579664767 0.330660552 0.97647059 1 0.827450991
v -1.32230413 -0.652364671 0.291436493 0.97647059 1 0.827450991
v -1.28496814 -0.722515285 0.248835221 0.97647059 1 0.827450991
v -1.24559867 -0.790484071 0.203488484 0.97647059 1 0.827450991
v -1.20437384 -0.856711149 0.156067342 0.97647059 1 0.827450991
v -1.16128957 -0.921655595 0.107271671 0.97647059 1 0.827450991
v -1.11616004 -0.985739827 0.0578188859 0.97647059 1 0.827450991
v -1.06863678 -1.0492959 0.0084335329 0.97647059 1 0.827450991
v -1.01824129 -1.11252069 -0.0401645266 0.97647059 1 0.827450991
v -0.964409888 -1.17544246 -0.0872710124 0.97647059 1 0.827450991
v -0.906545579 -1.23790336 -0.13220787 0.97647059 1 0.827450991
v -0.84407264 -1.29955506 -0.17433399 0.97647059 1 0.827450991
v -0.776488721 -1.35987234 -0.213054895 0.97647059 1 0.827450991
v -0.703410447 -1.41818106 -0.247832134 0.97647059 1 0.827450991
v -0.624608874 -1.47369695 -0.27819106 0.97647059 1 0.827450991
v -0.540031254 -1.52556932 -0.303728402 0.97647059 1 0.827450991
v -0.449808151 -1.57293403 -0.324117929 0.97647059 1 0.827450991
v -0.354246616 -1.61495829 -0.33911562 0.97647059 1 0.827450991
v -0.253809154 -1.65088475 -0.348563105 0.97647059 1 0.827450991
v -0.149082199 -1.68006253 -0.352390081 0.97647059 1 0.827450991
v -0.0407395847 -1.7019701 -0.350614429 0.97647059 1 0.827450991
v 0.0704988092 -1.7162205 -0.343342453 0.97647059 1 0.827450991
v 0.183906034 -1.72255814 -0.33076629 0.97647059 1 0.827450991
v 0.298781246 -1.72083902 -0.313161105 0.97647059 1 0.827450991
v 0.414474607 -1.71100855 -0.290879697 0.97647059 1 0.827450991
v 0.530398726 -1.69306564 -0.264347523 0.97647059 1 0.827450991
v 0.646031559 -1.6670332 -0.234054938 0.97647059 1 0.827450991
v 0.760903537 -1.63292658 -0.200549692 0.97647059 1 0.827450991
v 0.874576271 -1.59073091 -0.164427727 0.97647059 1 0.827450991
v 0.98661387 -1.54038751 -0.1263237 0.97647059 1 0.827450991
v 1.09655011 -1.48179197 -0.0869004726 0.97647059 1 0.827450991
v 1.20385444 -1.41480601 -0.0468389764 0.97647059 1 0.827450991
v 1.30790651 -1.33928072 -0.00682629691 0.97647059 1 0.827450991
v 1.40797579 -1.25508845 0.0324548148 0.97647059 1 0.827450991
v 1.50321269 -1.16216648 0.0703365356 0.97647059 1 0.827450991
v 1.59265602 -1.06055689 0.106177211 0.97647059 1 0.827450991
v 1.67525268 -0.950450718 0.139371753 0.97647059 1 0.827450991
v 1.74989188 -0.832221866 0.169361159 0.97647059 1 0.827450991
v 1.815449 -0.706456542 0.195641071 0.97647059 1 0.827450991
v 1.87083936 -0.573961556 0.217770487 0.97647059 1 0.827450991
v 1.91507435 -0.435763359 0.235378593 0.97647059 1 0.827450991
v 1.94731677 -0.293088913 0.24817045 0.97647059 1 0.827450991
v 1.96692884 -0.147331044 0.255932152 0.97647059 1 0.827450991
v 1.97351122 3.05338347e-07 0.258533925 0.97647059 1 0.827450991
v 1.96692848 0.147331491 0.255932182 0.97647059 1 0.827450991
v 1.94731665 0.293089867 0.248170376 0.97647059 1 0.827450991
v 1.91507399 0.435764283 0.235378489 0.97647059 1 0.827450991
v 1.870839 0.57396239 0.217770353 0.97647059 1 0.827450991
v 1.81544852 0.706457436 0.195640892 0.97647059 1 0.827450991
v 1.74989116 0.832223177 0.169360876 0.97647059 1 0.827450991
v 1.67525232 0.950450957 0.139371663 0.97647059 1 0.827450991
v 1.59265566 1.06055784 0.106176943 0.97647059 1 0.827450991
v 1.50321257 1.16216695 0.0703363866 0.97647059 1 0.827450991
v 1.40797544 1.25508881 0.0324546844 0.97647059 1 0.827450991
v 1.30790639 1.33928061 -0.00682629924 0.97647059 1 0.827450991
v 1.20385361 1.41480649 -0.0468392558 0.97647059 1 0.827450991
v 1.09654927 1.48179233 -0.0869007558 0.97647059 1 0.827450991
v 0.986613214 1.54038799 -0.126323953 0.97647059 1 0.827450991
v 0.874575555 1.59073138 -0.164427951 0.97647059 1 0.827450991
v 0.760902703 1.63292682 -0.200549945 0.97647059 1 0.827450991
v 0.646030843 1.66703343 -0.234055147 0.97647059 1 0.827450991
v 0.530398011 1.69306576 -0.264347702 0.97647059 1 0.827450991
v 0.414473712 1.71100855 -0.290879905 0.97647059 1 0.827450991
v 0.298780411 1.72083938 -0.313161224 0.97647059 1 0.827450991
v 0.183905154 1.7225579 -0.330766529 0.97647059 1 0.827450991
v 0.0704979599 1.71622026 -0.343342632 0.97647059 1 0.827450991
v -0.0407404192 1.70196986 -0.350614518 0.97647059 1 0.827450991
v -0.149083033 1.68006253 -0.352390021 0.97647059 1 0.827450991
v -0.253809154 1.65088475 -0.348563105 0.97647059 1 0.827450991
v -0.354246974 1.61495805 -0.33911559 0.97647059 1 0.827450991
v -0.449808449 1.57293379 -0.324117869 0.97647059 1 0.827450991
v -0.540031493 1.52556932 -0.303728282 0.97647059 1 0.827450991
v -0.624609232 1.47369671 -0.278190941 0.97647059 1 0.827450991
v -0.703410625 1.41818094 -0.24783206 0.97647059 1 0.827450991
v -0.776489019 1.3598721 -0.213054731 0.97647059 1 0.827450991
v -0.844072998 1.29955482 -0.174333811 0.97647059 1 0.827450991
v -0.906545877 1.23790324 -0.132207721 0.97647059 1 0.827450991
v -0.964410007 1.17544222 -0.0872708708 0.97647059 1 0.827450991
v -1.01824141 1.11252022 -0.0401643366 0.97647059 1 0.827450991
v -1.06863713 1.04929554 0.00843379181 0.97647059 1 0.827450991
v -1.11616051 0.98573941 0.0578192435 0.97647059 1 0.827450991
v -1.16128993 0.921655118 0.107271992 0.97647059 1 0.827450991
v -1.20437407 0.856710553 0.156067729 0.97647059 1 0.827450991
v -1.24559891 0.790483534 0.203488812 0.97647059 1 0.827450991
v -1.2849685 0.722514808 0.248835549 0.97647059 1 0.827450991
v -1.32230449 0.652364194 0.291436791 0.97647059 1 0.827450991
v -1.35725844 0.57966423 0.330660909 0.97647059 1 0.827450991
v -1.38934457 0.504169285 0.365924656 0.97647059 1 0.827450991
v -1.41798019 0.425790906 0.396703362 0.97647059 1 0.827450991
v -1.44253898 0.344620466 0.422538102 0.97647059 1 0.827450991
v -1.46240652 0.260935932 0.443043292 0.97647059 1 0.827450991
v -1.47703683 0.175187349 0.457912743 0.97647059 1 0.827450991
v -1.48599851 0.0879737288 0.46692431 0.97647059 1 0.827450991
v -1.51297522 0 0.453279644 0.97647059 1 0.827450991
v -1.5100224 -0.0887222141 0.450367838 0.97647059 1 0.827450991
v -1.50125074 -0.176738977 0.441675752 0.97647059 1 0.827450991
v -1.48690999 -0.263395637 0.427333415 0.97647059 1 0.827450991
v -1.46739197 -0.34813413 0.407555252 0.97647059 1 0.827450991
v -1.44319499 -0.430530757 0.382636577 0.97647059 1 0.827450991
v -1.41487765 -0.510320663 0.352949232 0.97647059 1 0.827450991
v -1.38300979 -0.587407529 0.318935752 0.97647059 1 0.827450991
v -1.34812009 -0.661859035 0.281102508 0.97647059 1 0.827450991
v -1.31064939 -0.733886063 0.240011826 0.97647059 1 0.827450991
v -1.27091205 -0.803808987 0.196273074 0.97647059 1 0.827450991
v -1.22906733 -0.872014761 0.150533408 0.97647059 1 0.827450991
v -1.18510723 -0.938905299 0.103467926 0.97647059 1 0.827450991
v -1.13885808 -1.00484836 0.0557687059 0.97647059 1 0.827450991
v -1.08999753 -1.07012761 0.00813449174 0.97647059 1 0.827450991
v -1.03808475 -1.1349014 -0.0387403518 0.97647059 1 0.827450991
v -0.982601881 -1.19917297 -0.0841765031 0.97647059 1 0.827450991
v -0.923000932 -1.26277292 -0.127519935 0.97647059 1 0.827450991
v -0.858754277 -1.32535636 -0.168152317 0.97647059 1 0.827450991
v -0.789403081 -1.386415 -0.205500141 0.97647059 1 0.827450991
v -0.714597523 -1.44530249 -0.239044279 0.97647059 1 0.827450991
v -0.634131789 -1.50126874 -0.268326759 0.97647059 1 0.827450991
v -0.547962785 -1.5535022 -0.292958587 0.97647059 1 0.827450991
v -0.456217617 -1.60117662 -0.31262511 0.97647059 1 0.827450991
v -0.359187275 -1.64349186 -0.327091038 0.97647059 1 0.827450991
v -0.257308573 -1.67971551 -0.336203486 0.97647059 1 0.827450991
v -0.151135281 -1.70921052 -0.339894772 0.97647059 1 0.827450991
v -0.041305542 -1.73145652 -0.338182062 0.97647059 1 0.827450991
v 0.071495451 -1.74605513 -0.331167996 0.97647059 1 0.827450991
v 0.186570629 -1.75272799 -0.319037706 0.97647059 1 0.827450991
v 0.303240776 -1.75129843 -0.302056849 0.97647059 1 0.827450991
v 0.420866758 -1.7416718 -0.28056556 0.97647059 1 0.827450991
v 0.538860559 -1.72380543 -0.254974127 0.97647059 1 0.827450991
v 0.656685591 -1.69767976 -0.225755632 0.97647059 1 0.827450991
v 0.773846388 -1.66327262 -0.193438441 0.97647059 1 0.827450991
v 0.889869571 -1.62053919 -0.158597305 0.97647059 1 0.827450991
v 1.0042758 -1.56940091 -0.121844411 0.97647059 1 0.827450991
v 1.11655247 -1.50974464 -0.0838191062 0.97647059 1 0.827450991
v 1.22612226 -1.44143665 -0.0451781154 0.97647059 1 0.827450991
v 1.33231997 -1.3643415 -0.00658424385 0.97647059 1 0.827450991
v 1.43437755 -1.27835667 0.0313040018 0.97647059 1 0.827450991
v 1.5314151 -1.18345034 0.0678424835 0.97647059 1 0.827450991
v 1.62245131 -1.07970107 0.102412283 0.97647059 1 0.827450991
v 1.70642221 -0.967336118 0.134429783 0.97647059 1 0.827450991
v 1.78221595 -0.846765101 0.163355842 0.97647059 1 0.827450991
v 1.84871423 -0.718604684 0.188703865 0.97647059 1 0.827450991
v 1.90484452 -0.583686471 0.210048646 0.97647059 1 0.827450991
v 1.94963336 -0.443054676 0.227032289 0.97647059 1 0.827450991
v 1.98225725 -0.297946125 0.239370689 0.97647059 1 0.827450991
v 2.00209284 -0.149758056 0.246857151 0.97647059 1 0.827450991
v 2.00874901 3.10025086e-07 0.249366626 0.97647059 1 0.827450991
v 2.0020926 0.149758548 0.246857122 0.97647059 1 0.827450991
v 1.98225713 0.297947079 0.239370629 0.97647059 1 0.827450991
v 1.94963288 0.44305554 0.227032229 0.97647059 1 0.827450991
v 1.9048444 0.583687425 0.210048467 0.97647059 1 0.827450991
v 1.84871387 0.718605578 0.188703701 0.97647059 1 0.827450991
v 1.78221548 0.846766293 0.163355574 0.97647059 1 0.827450991
v 1.70642173 0.967336357 0.134429708 0.97647059 1 0.827450991
v 1.62245071 1.07970166 0.102412075 0.97647059 1 0.827450991
v 1.53141475 1.1834507 0.0678423569 0.97647059 1 0.827450991
v 1.43437707 1.27835679 0.0313038826 0.97647059 1 0.827450991
v 1.33231986 1.36434138 -0.00658424525 0.97647059 1 0.827450991
v 1.22612143 1.44143701 -0.0451783873 0.97647059 1 0.827450991
v 1.11655188 1.50974524 -0.083819367 0.97647059 1 0.827450991
v 1.00427508 1.56940138 -0.121844657 0.97647059 1 0.827450991
v 0.889868796 1.62053967 -0.158597544 0.97647059 1 0.827450991
v 0.773845732 1.6632731 -0.193438649 0.97647059 1 0.827450991
v 0.656684637 1.69767988 -0.225755885 0.97647059 1 0.827450991
v 0.538859904 1.72380579 -0.254974246 0.97647059 1 0.827450991
v 0.420866132 1.74167192 -0.280565709 0.97647059 1 0.827450991
v 0.303239971 1.75129855 -0.302056938 0.97647059 1 0.827450991
v 0.186569721 1.75272763 -0.319038004 0.97647059 1 0.827450991
v 0.0714946017 1.74605525 -0.331168026 0.97647059 1 0.827450991
v -0.0413063876 1.73145604 -0.338182211 0.97647059 1 0.827450991
v -0.151136115 1.70921028 -0.339894772 0.97647059 1 0.827450991
v -0.257308573 1.67971551 -0.336203486 0.97647059 1 0.827450991
v -0.359187722 1.64349186 -0.327090949 0.97647059 1 0.827450991
v -0.456217915 1.60117626 -0.31262511 0.97647059 1 0.827450991
v -0.547963083 1.55350232 -0.292958498 0.97647059 1 0.827450991
v -0.634132147 1.50126851 -0.26832664 0.97647059 1 0.827450991
v -0.714597583 1.44530225 -0.239044264 0.97647059 1 0.827450991
v -0.7894032 1.38641489 -0.205500066 0.97647059 1 0.827450991
v -0.858754694 1.32535601 -0.168152094 0.97647059 1 0.827450991
v -0.923001289 1.2627728 -0.127519742 0.97647059 1 0.827450991
v -0.982602119 1.19917274 -0.0841763094 0.97647059 1 0.827450991
v -1.03808486 1.13490117 -0.038740214 0.97647059 1 0.827450991
v -1.08999789 1.07012725 0.00813473947 0.97647059 1 0.827450991
v -1.13885844 1.00484812 0.0557690002 0.97647059 1 0.827450991
v -1.18510771 0.938904881 0.103468269 0.97647059 1 0.827450991
v -1.22906756 0.872014105 0.15053378 0.97647059 1 0.827450991
v -1.27091229 0.80380863 0.196273357 0.97647059 1 0.827450991
v -1.31064963 0.733885586 0.240012139 0.97647059 1 0.827450991
v -1.34812021 0.661858499 0.281102836 0.97647059 1 0.827450991
v -1.38301003 0.587406874 0.31893608 0.97647059 1 0.827450991
v -1.41487813 0.510320067 0.352949411 0.97647059 1 0.827450991
v -1.44319522 0.430530131 0.382636786 0.97647059 1 0.827450991
v -1.46739233 0.348133415 0.407555461 0.97647059 1 0.827450991
v -1.48690999 0.263395458 0.427333444 0.97647059 1 0.827450991
v -1.50125074 0.176738799 0.441675782 0.97647059 1 0.827450991
v -1.51002252 0.0887220055 0.450367779 0.97647059 1 0.827450991
v -1.53764296 0 0.437206864 0.97647059 1 0.827450991
v -1.53474712 -0.0895578563 0.434398353 0.97647059 1 0.827450991
v -1.52613819 -0.178460225 0.426014423 0.97647059 1 0.827450991
v -1.51204371 -0.266097814 0.412180752 0.97647059 1 0.827450991
v -1.49282086 -0.351949632 0.393103868 0.97647059 1 0.827450991
v -1.46892238 -0.435616791 0.369068772 0.97647059 1 0.827450991
v -1.4408567 -0.516845167 0.340434104 0.97647059 1 0.827450991
v -1.40914142 -0.595534265 0.307626724 0.97647059 1 0.827450991
v -1.37425673 -0.671732485 0.271135002 0.97647059 1 0.827450991
v -1.33660185 -0.745618284 0.231501296 0.97647059 1 0.827450991
v -1.29645991 -0.817469418 0.189313501 0.97647059 1 0.827450991
v -1.25397289 -0.887623131 0.145195678 0.97647059 1 0.827450991
v -1.20912886 -0.956429482 0.0997990668 0.97647059 1 0.827450991
v -1.16176534 -1.02420557 0.0537912212 0.97647059 1 0.827450991
v -1.11158371 -1.0911907 0.00784600433 0.97647059 1 0.827450991
v -1.05817807 -1.15750742 -0.0373666659 0.97647059 1 0.827450991
v -1.00107145 -1.22313559 -0.0811916888 0.97647059 1 0.827450991
v -0.939760983 -1.2878952 -0.122998238 0.97647059 1 0.827450991
v -0.873763263 -1.35144401 -0.162189841 0.97647059 1 0.827450991
v -0.802658558 -1.41328824 -0.198213369 0.97647059 1 0.827450991
v -0.726128519 -1.47280633 -0.230568096 0.97647059 1 0.827450991
v -0.643988252 -1.52927995 -0.258812219 0.97647059 1 0.827450991
v -0.556203425 -1.58193171 -0.282570601 0.97647059 1 0.827450991
v -0.462897748 -1.629969 -0.301539838 0.97647059 1 0.827450991
v -0.364348471 -1.67262173 -0.315492749 0.97647059 1 0.827450991
v -0.260968745 -1.70917857 -0.324282169 0.97647059 1 0.827450991
v -0.153282925 -1.73901486 -0.327842563 0.97647059 1 0.827450991
v -0.0418970063 -1.76161051 -0.326190621 0.97647059 1 0.827450991
v 0.0725350678 -1.77655649 -0.319425166 0.97647059 1 0.827450991
v 0.189342901 -1.78355169 -0.307725042 0.97647059 1 0.827450991
v 0.307866395 -1.78238893 -0.291346341 0.97647059 1 0.827450991
v 0.427475512 -1.7729373 -0.270617038 0.97647059 1 0.827450991
v 0.547580063 -1.75511384 -0.245933071 0.97647059 1 0.827450991
v 0.667629659 -1.72886014 -0.217750624 0.97647059 1 0.827450991
v 0.78710413 -1.69411922 -0.186579376 0.97647059 1 0.827450991
v 0.90549624 -1.65081847 -0.152973667 0.97647059 1 0.827450991
v 1.02228618 -1.59886026 -0.117523961 0.97647059 1 0.827450991
v 1.136917 -1.53812385 -0.0808469653 0.97647059 1 0.827450991
v 1.24876606 -1.46847796 -0.0435761586 0.97647059 1 0.827450991
v 1.35712719 -1.38980126 -0.00635077571 0.97647059 1 0.827450991
v 1.46119487 -1.3020134 0.030194005 0.97647059 1 0.827450991
v 1.56006026 -1.20511186 0.0654368773 0.97647059 1 0.827450991
v 1.65272164 -1.09920871 0.0987808704 0.97647059 1 0.827450991
v 1.73810303 -0.984565914 0.129663095 0.97647059 1 0.827450991
v 1.81509006 -0.861626267 0.157563433 0.97647059 1 0.827450991
v 1.88256896 -0.731036365 0.182012662 0.97647059 1 0.827450991
v 1.93947566 -0.593651593 0.202600569 0.97647059 1 0.827450991
v 1.98484921 -0.450534433 0.218982056 0.97647059 1 0.827450991
v 2.0178802 -0.302933395 0.230882883 0.97647059 1 0.827450991
v 2.03795457 -0.152251467 0.238103881 0.97647059 1 0.827450991
v 2.04468966 3.14872665e-07 0.240524381 0.97647059 1 0.827450991
v 2.03795457 0.152251974 0.238103852 0.97647059 1 0.827450991
v 2.0178802 0.302934438 0.230882779 0.97647059 1 0.827450991
v 1.98484898 0.450535357 0.218981951 0.97647059 1 0.827450991
v 1.93947554 0.593652546 0.202600405 0.97647059 1 0.827450991
v 1.88256824 0.73103708 0.182012543 0.97647059 1 0.827450991
v 1.81508946 0.861627519 0.157563165 0.97647059 1 0.827450991
v 1.73810279 0.984566271 0.129662991 0.97647059 1 0.827450991
v 1.65272093 1.09920943 0.0987806693 0.97647059 1 0.827450991
v 1.56006014 1.20511246 0.0654367357 0.97647059 1 0.827450991
v 1.4611944 1.30201352 0.0301938895 0.97647059 1 0.827450991
v 1.35712695 1.38980103 -0.00635077711 0.97647059 1 0.827450991
v 1.24876523 1.46847832 -0.0435764156 0.97647059 1 0.827450991
v 1.13691616 1.5381242 -0.0808472335 0.97647059 1 0.827450991
v 1.02228546 1.59886074 -0.117524199 0.97647059 1 0.827450991
v 0.905495465 1.65081894 -0.152973875 0.97647059 1 0.827450991
v 0.787103415 1.69411969 -0.18657957 0.97647059 1 0.827450991
v 0.667628765 1.72886026 -0.217750892 0.97647059 1 0.827450991
v 0.547579348 1.75511384 -0.24593322 0.97647059 1 0.827450991
v 0.427474856 1.77293742 -0.270617217 0.97647059 1 0.827450991
v 0.30786553 1.78238928 -0.291346401 0.97647059 1 0.827450991
v 0.189342007 1.78355145 -0.307725281 0.97647059 1 0.827450991
v 0.0725341961 1.77655625 -0.319425315 0.97647059 1 0.827450991
v -0.0418978669 1.76161039 -0.32619068 0.97647059 1 0.827450991
v -0.153283775 1.73901486 -0.327842504 0.97647059 1 0.827450991
v -0.260968745 1.70917857 -0.324282169 0.97647059 1 0.827450991
v -0.364348859 1.67262149 -0.315492719 0.97647059 1 0.827450991
v -0.462898135 1.62996876 -0.301539779 0.97647059 1 0.827450991
v -0.556203604 1.58193159 -0.282570541 0.97647059 1 0.827450991
v -0.643988669 1.52927983 -0.2588121 0.97647059 1 0.827450991
v -0.726128638 1.47280633 -0.230568036 0.97647059 1 0.827450991
v -0.802658677 1.413288 -0.198213354 0.97647059 1 0.827450991
v -0.873763502 1.35144353 -0.162189707 0.97647059 1 0.827450991
v -0.939761341 1.28789496 -0.122998051 0.97647059 1 0.827450991
v -1.00107157 1.22313523 -0.0811915249 0.97647059 1 0.827450991
v -1.05817807 1.15750706 -0.0373665318 0.97647059 1 0.827450991
v -1.11158407 1.09119022 0.00784629118 0.97647059 1 0.827450991
v -1.16176558 1.02420533 0.0537915081 0.97647059 1 0.827450991
v -1.2091291 0.956429124 0.0997993648 0.97647059 1 0.827450991
v -1.25397336 0.887622595 0.14519605 0.97647059 1 0.827450991
v -1.29646027 0.81746906 0.189313754 0.97647059 1 0.827450991
v -1.33660233 0.745617867 0.231501579 0.97647059 1 0.827450991
v -1.37425709 0.671732008 0.271135271 0.97647059 1 0.827450991
v -1.40914178 0.595533609 0.307626992 0.97647059 1 0.827450991
v -1.44085717 0.516844571 0.340434283 0.97647059 1 0.827450991
v -1.46892273 0.435616136 0.36906898 0.97647059 1 0.827450991
v -1.4928211 0.351948917 0.393104047 0.97647059 1 0.827450991
v -1.51204383 0.266097665 0.412180781 0.97647059 1 0.827450991
v -1.52613831 0.178460047 0.426014453 0.97647059 1 0.827450991
v -1.53474712 0.0895576403 0.434398383 0.97647059 1 0.827450991
v -1.56300914 0 0.421704173 0.97647059 1 0.827450991
v -1.56016183 -0.0904760733 0.418995142 0.97647059 1 0.827450991
v -1.5516907 -0.180342063 0.410908699 0.97647059 1 0.827450991
v -1.53780377 -0.269030124 0.397565395 0.97647059 1 0.827450991
v -1.51882493 -0.356052637 0.379164964 0.97647059 1 0.827450991
v -1.49516654 -0.441033214 0.355982184 0.97647059 1 0.827450991
v -1.46729112 -0.523727655 0.328362793 0.97647059 1 0.827450991
v -1.43566799 -0.604031026 0.296718717 0.97647059 1 0.827450991
v -1.40073311 -0.681974053 0.261520952 0.97647059 1 0.827450991
v -1.36284769 -0.75770545 0.223292589 0.97647059 1 0.827450991
v -1.32226634 -0.831463337 0.182600692 0.97647059 1 0.827450991
v -1.2791146 -0.903539658 0.140047252 0.97647059 1 0.827450991
v -1.2333777 -0.97423631 0.0962603986 0.97647059 1 0.827450991
v -1.18490303 -1.04382432 0.0518838689 0.97647059 1 0.827450991
v -1.13341367 -1.1125015 0.00756784203 0.97647059 1 0.827450991
v -1.07853472 -1.18035805 -0.0360416993 0.97647059 1 0.827450991
v -1.01982772 -1.24735141 -0.0783127695 0.97647059 1 0.827450991
v -0.95683068 -1.31329179 -0.118636906 0.97647059 1 0.827450991
v -0.889100134 -1.37783849 -0.156438842 0.97647059 1 0.827450991
v -0.816252232 -1.44051111 -0.191185117 0.97647059 1 0.827450991
v -0.737997711 -1.50070953 -0.222392514 0.97647059 1 0.827450991
v -0.654170394 -1.55774379 -0.24963516 0.97647059 1 0.827450991
v -0.564744234 -1.61086738 -0.27255106 0.97647059 1 0.827450991
v -0.469840288 -1.65931785 -0.290847659 0.97647059 1 0.827450991
v -0.369722813 -1.70235121 -0.304305941 0.97647059 1 0.827450991
v -0.264784157 -1.73927593 -0.312783629 0.97647059 1 0.827450991
v -0.155521914 -1.76947665 -0.31621778 0.97647059 1 0.827450991
v -0.0425131321 -1.79243338 -0.314624369 0.97647059 1 0.827450991
v 0.0736162886 -1.80772567 -0.308098793 0.97647059 1 0.827450991
v 0.192219689 -1.81503165 -0.296813637 0.97647059 1 0.827450991
v 0.31265372 -1.81411552 -0.281015605 0.97647059 1 0.827450991
v 0.434295833 -1.80481172 -0.261021405 0.97647059 1 0.827450991
v 0.556552887 -1.78700006 -0.237212658 0.97647059 1 0.827450991
v 0.678860843 -1.76058626 -0.210029498 0.97647059 1 0.827450991
v 0.800675809 -1.72548032 -0.179963544 0.97647059 1 0.827450991
v 0.921457827 -1.68158352 -0.147549435 0.97647059 1 0.827450991
v 1.04064882 -1.62878072 -0.113356732 0.97647059 1 0.827450991
v 1.15764976 -1.56694388 -0.077980265 0.97647059 1 0.827450991
v 1.27179515 -1.49594414 -0.0420311466 0.97647059 1 0.827450991
v 1.38233948 -1.41567206 -0.00612558704 0.97647059 1 0.827450991
v 1.48844111 -1.32606888 0.0291233659 0.97647059 1 0.827450991
v 1.58916235 -1.2271589 0.0631165802 0.97647059 1 0.827450991
v 1.68348086 -1.11908531 0.0952782556 0.97647059 1 0.827450991
v 1.77030909 -1.00214314 0.125065431 0.97647059 1 0.827450991
v 1.84852731 -0.876806617 0.151976481 0.97647059 1 0.827450991
v 1.91702402 -0.743750989 0.175558791 0.97647059 1 0.827450991
v 1.97474289 -0.603855669 0.195416644 0.97647059 1 0.827450991
v 2.02073216 -0.458201379 0.211217299 0.97647059 1 0.827450991
v 2.0541935 -0.30804944 0.222696111 0.97647059 1 0.827450991
v 2.07452178 -0.154810518 0.229661107 0.97647059 1 0.827450991
v 2.08134079 3.19877529e-07 0.231995761 0.97647059 1 0.827450991
v 2.07452178 0.15481101 0.229661077 0.97647059 1 0.827450991
v 2.0541935 0.308050454 0.222696066 0.97647059 1 0.827450991
v 2.02073193 0.458202332 0.211217195 0.97647059 1 0.827450991
v 1.97474253 0.603856623 0.195416525 0.97647059 1 0.827450991
v 1.91702366 0.743751884 0.175558627 0.97647059 1 0.827450991
v 1.84852672 0.876807928 0.151976228 0.97647059 1 0.827450991
v 1.77030861 1.00214338 0.125065356 0.97647059 1 0.827450991
v 1.68348038 1.11908615 0.095278047 0.97647059 1 0.827450991
v 1.58916199 1.22715926 0.063116461 0.97647059 1 0.827450991
v 1.48844051 1.326069 0.0291232541 0.97647059 1 0.827450991
v 1.38233948 1.41567206 -0.00612558704 0.97647059 1 0.827450991
v 1.2717948 1.49594438 -0.0420312658 0.97647059 1 0.827450991
v 1.15764892 1.56694436 -0.0779805183 0.97647059 1 0.827450991
v 1.0406481 1.6287812 -0.113356963 0.97647059 1 0.827450991
v 0.921456933 1.68158376 -0.147549689 0.97647059 1 0.827450991
v 0.800674975 1.72548079 -0.179963753 0.97647059 1 0.827450991
v 0.678860128 1.76058626 -0.210029691 0.97647059 1 0.827450991
v 0.556552172 1.7870003 -0.237212762 0.97647059 1 0.827450991
v 0.434295148 1.80481172 -0.261021554 0.97647059 1 0.827450991
v 0.312652826 1.81411576 -0.281015694 0.97647059 1 0.827450991
v 0.192218766 1.81503129 -0.296813816 0.97647059 1 0.827450991
v 0.0736153871 1.80772519 -0.308099031 0.97647059 1 0.827450991
v -0.0425140038 1.79243314 -0.314624399 0.97647059 1 0.827450991
v -0.155522794 1.76947665 -0.316217721 0.97647059 1 0.827450991
v -0.264784157 1.73927593 -0.312783629 0.97647059 1 0.827450991
v -0.369723231 1.70235121 -0.304305851 0.97647059 1 0.827450991
v -0.469840646 1.65931785 -0.2908476 0.97647059 1 0.827450991
v -0.564744413 1.61086726 -0.272551 0.97647059 1 0.827450991
v -0.654170692 1.55774331 -0.249635071 0.97647059 1 0.827450991
v -0.73799789 1.50070941 -0.22239244 0.97647059 1 0.827450991
v -0.816252589 1.44051099 -0.191184968 0.97647059 1 0.827450991
v -0.889100432 1.37783813 -0.156438723 0.97647059 1 0.827450991
v -0.956831098 1.31329155 -0.118636727 0.97647059 1 0.827450991
v -1.01982808 1.24735117 -0.0783125982 0.97647059 1 0.827450991
v -1.07853484 1.18035758 -0.0360415243 0.97647059 1 0.827450991
v -1.13341391 1.11250103 0.00756807486 0.97647059 1 0.827450991
v -1.18490326 1.04382396 0.0518841445 0.97647059 1 0.827450991
v -1.23337805 0.974235952 0.0962606296 0.97647059 1 0.827450991
v -1.27911484 0.903539062 0.140047595 0.97647059 1 0.827450991
v -1.32226646 0.831462741 0.18260102 0.97647059 1 0.827450991
v -1.36284804 0.757704794 0.223292902 0.97647059 1 0.827450991
v -1.40073347 0.681973517 0.26152122 0.97647059 1 0.827450991
v -1.43566847 0.60403043 0.296718955 0.97647059 1 0.827450991
v -1.46729136 0.523727 0.328363061 0.97647059 1 0.827450991
v -1.4951669 0.441032618 0.355982333 0.97647059 1 0.827450991
v -1.51882517 0.356051832 0.379165143 0.97647059 1 0.827450991
v -1.53780365 0.269029915 0.397565484 0.97647059 1 0.827450991
v -1.55169082 0.180341884 0.410908699 0.97647059 1 0.827450991
v -1.56016183 0.0904758722 0.418995172 0.97647059 1 0.827450991
g 
usemtl /mat/principledshader4
f 1 102 2
f 1 101 102
f 2 103 3
f 2 102 103
f 3 104 4
f 3 103 104
f 4 105 5
f 4 104 105
f 5 106 6
f 5 105 106
f 6 107 7
f 6 106 107
f 7 108 8
f 7 107 108
f 8 109 9
f 8 108 109
f 9 110 10
f 9 109 110
f 10 111 11
f 10 110 111
f 11 112 12
f 11 111 112
f 12 113 13
f 12 112 113
f 13 114 14
f 13 113 114
f 14 115 15
f 14 114 115
f 15 116 16
f 15 115 116
f 16 117 17
f 16 116 117
f 17 118 18
f 17 117 118
f 18 119 19
f 18 118 119
f 19 120 20
f 19 119 120
f 20 121 21
f 20 120 121
f 21 122 22
f 21 121 122
f 22 123 23
f 22 122 123
f 23 124 24
f 23 123 124
f 24 125 25
f 24 124 125
f 25 126 26
f 25 125 126
f 26 127 27
f 26 126 127
f 27 128 28
f 27 127 128
f 28 129 29
f 28 128 129
f 29 130 30
f 29 129 130
f 30 131 31
f 30 130 131
f 31 132 32
f 31 131 132
f 32 133 33
f 32 132 133
f 33 134 34
f 33 133 134
f 34 135 35
f 34 134 135
f 35 136 36
f 35 135 136
f 36 137 37
f 36 136 137
f 37 138 38
f 37 137 138
f 38 139 39
f 38 138 139
f 39 140 40
f 39 139 140
f 40 141 41
f 40 140 141
f 41 142 42
f 41 141 142
f 42 143 43
f 42 142 143
f 43 144 44
f 43 143 144
f 44 145 45
f 44 144 145
f 45 146 46
f 45 145 146
f 46 147 47
f 46 146 147
f 47 148 48
f 47 147 148
f 48 149 49
f 48 148 149
f 49 150 50
f 49 149 150
f 50 151 51
f 50 150 151
f 51 152 52
f 51 151 152
f 52 153 53
f 52 152 153
f 53 154 54
f 53 153 154
f 54 155 55
f 54 154 155
f 55 156 56
f 55 155 156
f 56 157 57
f 56 156 157
f 57 158 58
f 57 157 158
f 58 159 59
f 58 158 159
f 59 160 60
f 59 159 160
f 60 161 61
f 60 160 161
f 61 162 62
f 61 161 162
f 62 163 63
f 62 162 163
f 63 164 64
f 63 163 164
f 64 165 65
f 64 164 165
f 65 166 66
f 65 165 166
f 66 167 67
f 66 166 167
f 67 168 68
f 67 167 168
f 68 169 69
f 68 168 169
f 69 170 70
f 69 169 170
f 70 171 71
f 70 170 171
f 71 172 72
f 71 171 172
f 72 173 73
f 72 172 173
f 73 174 74
f 73 173 174
f 74 175 75
f 74 174 175
f 75 176 76
f 75 175 176
f 76 177 77
f 76 176 177
f 77 178 78
f 77 177 178
f 78 179 79
f 78 178 179
f 79 180 80
f 79 179 180
f 80 181 81
f 80 180 181
f 81 182 82
f 81 181 182
f 82 183 83
f 82 182 183
f 83 184 84
f 83 183 184
f 84 185 85
f 84 184 185
f 85 186 86
f 85 185 186
f 86 187 87
f 86 186 187
f 87 188 88
f 87 187 188
f 88 189 89
f 88 188 189
f 89 190 90
f 89 189 190
f 90 191 91
f 90 190 191
f 91 192 92
f 91 191 192
f 92 193 93
f 92 192 193
f 93 194 94
f 93 193 194
f 94 195 95
f 94 194 195
f 95 196 96
f 95 195 196
f 96 197 97
f 96 196 197
f 97 198 98
f 97 197 198
f 98 199 99
f 98 198 199
f 99 200 100
f 99 199 200
f 100 101 1
f 100 200 101
f 101 202 102
f 101 201 202
f 102 203 103
f 102 202 203
f 103 204 104
f 103 203 204
f 104 205 105
f 104 204 205
f 105 206 106
f 105 205 206
f 106 207 107
f 106 206 207
f 107 208 108
f 107 207 208
f 108 209 109
f 108 208 209
f 109 210 110
f 109 209 210
f 110 211 111
f 110 210 211
f 111 212 112
f 111 211 212
f 112 213 113
f 112 212 213
f 113 214 114
f 113 213 214
f 114 215 115
f 114 214 215
f 115 216 116
f 115 215 216
f 116 217 117
f 116 216 217
f 117 218 118
f 117 217 218
f 118 219 119
f 118 218 219
f 119 220 120
f 119 219 220
f 120 221 121
f 120 220 221
f 121 222 122
f 121 221 222
f 122 223 123
f 122 222 223
f 123 224 124
f 123 223 224
f 124 225 125
f 124 224 225
f 125 226 126
f 125 225 226
f 126 227 127
f 126 226 227
f 127 228 128
f 127 227 228
f 128 229 129
f 128 228 229
f 129 230 130
f 129 229 230
f 130 231 131
f 130 230 231
f 131 232 132
f 131 231 232
f 132 233 133
f 132 232 233
f 133 234 134
f 133 233 234
f 134 235 135
f 134 234 235
f 135 236 136
f 135 235 236
f 136 237 137
f 136 236 237
f 137 238 138
f 137 237 238
f 138 239 139
f 138 238 239
f 139 240 140
f 139 239 240
f 140 241 141
f 140 240 241
f 141 242 142
f 141 241 242
f 142 243 143
f 142 242 243
f 143 244 144
f 143 243 244
f 144 245 145
f 144 244 245
f 145 246 146
f 145 245 246
f 146 247 147
f 146 246 247
f 147 248 148
f 147 247 248
f 148 249 149
f 148 248 249
f 149 250 150
f 149 249 250
f 150 251 151
f 150 250 251
f 151 252 152
f 151 251 252
f 152 253 153
f 152 252 253
f 153 254 154
f 153 253 254
f 154 255 155
f 154 254 255
f 155 256 156
f 155 255 256
f 156 257 157
f 156 256 257
f 157 258 158
f 157 257 258
f 158 259 159
f 158 258 259
f 159 260 160
f 159 259 260
f 160 261 161
f 160 260 261
f 161 262 162
f 161 261 262
f 162 263 163
f 162 262 263
f 163 264 164
f 163 263 264
f 164 265 165
f 164 264 265
f 165 266 166
f 165 265 266
f 166 267 167
f 166 266 267
f 167 268 168
f 167 267 268
f 168 269 169
f 168 268 269
f 169 270 170
f 169 269 270
f 170 271 171
f 170 270 271
f 171 272 172
f 171 271 272
f 172 273 173
f 172 272 273
f 173 274 174
f 173 273 274
f 174 275 175
f 174 274 275
f 175 276 176
f 175 275 276
f 176 277 177
f 176 276 277
f 177 278 178
f 177 277 278
f 178 279 179
f 178 278 279
f 179 280 180
f 179 279 280
f 180 281 181
f 180 280 281
f 181 282 182
f 181 281 282
f 182 283 183
f 182 282 283
f 183 284 184
f 183 283 284
f 184 285 185
f 184 284 285
f 185 286 186
f 185 285 286
f 186 287 187
f 186 286 287
f 187 288 188
f 187 287 288
f 188 289 189
f 188 288 289
f 189 290 190
f 189 289 290
f 190 291 191
f 190 290 291
f 191 292 192
f 191 291 292
f 192 293 193
f 192 292 293
f 193 294 194
f 193 293 294
f 194 295 195
f 194 294 295
f 195 296 196
f 195 295 296
f 196 297 197
f 196 296 297
f 197 298 198
f 197 297 298
f 198 299 199
f 198 298 299
f 199 300 200
f 199 299 300
f 200 201 101
f 200 300 201
f 201 302 202
f 201 301 302
f 202 303 203
f 202 302 303
f 203 304 204
f 203 303 304
f 204 305 205
f 204 304 305
f 205 306 206
f 205 305 306
f 206 307 207
f 206 306 307
f 207 308 208
f 207 307 308
f 208 309 209
f 208 308 309
f 209 310 210
f 209 309 310
f 210 311 211
f 210 310 311
f 211 312 212
f 211 311 312
f 212 313 213
f 212 312 313
f 213 314 214
f 213 313 314
f 214 315 215
f 214 314 315
f 215 316 216
f 215 315 316
f 216 317 217
f 216 316 317
f 217 318 218
f 217 317 318
f 218 319 219
f 218 318 319
f 219 320 220
f 219 319 320
f 220 321 221
f 220 320 321
f 221 322 222
f 221 321 322
f 222 323 223
f 222 322 323
f 223 324 224
f 223 323 324
f 224 325 225
f 224 324 325
f 225 326 226
f 225 325 326
f 226 327 227
f 226 326 327
f 227 328 228
f 227 327 328
f 228 329 229
f 228 328 329
f 229 330 230
f 229 329 330
f 230 331 231
f 230 330 331
f 231 332 232
f 231 331 332
f 232 333 233
f 232 332 333
f 233 334 234
f 233 333 334
f 234 335 235
f 234 334 335
f 235 336 236
f 235 335 336
f 236 337 237
f 236 336 337
f 237 338 238
f 237 337 338
f 238 339 239
f 238 338 339
f 239 340 240
f 239 339 340
f 240 341 241
f 240 340 341
f 241 342 242
f 241 341 342
f 242 343 243
f 242 342 343
f 243 344 244
f 243 343 344
f 244 345 245
f 244 344 345
f 245 346 246
f 245 345 346
f 246 347 247
f 246 346 347
f 247 348 248
f 247 347 348
f 248 349 249
f 248 348 349
f 249 350 250
f 249 349 350
f 250 351 251
f 250 350 351
f 251 352 252
f 251 351 352
f 252 353 253
f 252 352 353
f 253 354 254
f 253 353 354
f 254 355 255
f 254 354 355
f 255 356 256
f 255 355 356
f 256 357 257
f 256 356 357
f 257 358 258
f 257 357 358
f 258 359 259
f 258 358 359
f 259 360 260
f 259 359 360
f 260 361 261
f 260 360 361
f 261 362 262
f 261 361 362
f 262 363 263
f 262 362 363
f 263 364 264
f 263 363 364
f 264 365 265
f 264 364 365
f 265 366 266
f 265 365 366
f 266 367 267
f 266 366 367
f 267 368 268
f 267 367 368
f 268 369 269
f 268 368 369
f 269 370 270
f 269 369 370
f 270 371 271
f 270 370 371
f 271 372 272
f 271 371 372
f 272 373 273
f 272 372 373
f 273 374 274
f 273 373 374
f 274 375 275
f 274 374 375
f 275 376 276
f 275 375 376
f 276 377 277
f 276 376 377
f 277 378 278
f 277 377 378
f 278 379 279
f 278 378 379
f 279 380 280
f 279 379 380
f 280 381 281
f 280 380 381
f 281 382 282
f 281 381 382
f 282 383 283
f 282 382 383
f 283 384 284
f 283 383 384
f 284 385 285
f 284 384 385
f 285 386 286
f 285 385 386
f 286 387 287
f 286 386 387
f 287 388 288
f 287 387 388
f 288 389 289
f 288 388 389
f 289 390 290
f 289 389 390
f 290 391 291
f 290 390 391
f 291 392 292
f 291 391 392
f 292 393 293
f 292 392 393
f 293 394 294
f 293 393 394
f 294 395 295
f 294 394 395
f 295 396 296
f 295 395 396
f 296 397 297
f 296 396 397
f 297 398 298
f 297 397 398
f 298 399 299
f 298 398 399
f 299 400 300
f 299 399 400
f 300 301 201
f 300 400 301
f 301 402 302
f 301 401 402
f 302 403 303
f 302 402 403
f 303 404 304
f 303 403 404
f 304 405 305
f 304 404 405
f 305 406 306
f 305 405 406
f 306 407 307
f 306 406 407
f 307 408 308
f 307 407 408
f 308 409 309
f 308 408 409
f 309 410 310
f 309 409 410
f 310 411 311
f 310 410 411
f 311 412 312
f 311 411 412
f 312 413 313
f 312 412 413
f 313 414 314
f 313 413 414
f 314 415 315
f 314 414 415
f 315 416 316
f 315 415 416
f 316 417 317
f 316 416 417
f 317 418 318
f 317 417 418
f 318 419 319
f 318 418 419
f 319 420 320
f 319 419 420
f 320 421 321
f 320 420 421
f 321 422 322
f 321 421 422
f 322 423 323
f 322 422 423
f 323 424 324
f 323 423 424
f 324 425 325
f 324 424 425
f 325 426 326
f 325 425 426
f 326 427 327
f 326 426 427
f 327 428 328
f 327 427 428
f 328 429 329
f 328 428 429
f 329 430 330
f 329 429 430
f 330 431 331
f 330 430 431
f 331 432 332
f 331 431 432
f 332 433 333
f 332 432 433
f 333 434 334
f 333 433 434
f 334 435 335
f 334 434 435
f 335 436 336
f 335 435 436
f 336 437 337
f 336 436 437
f 337 438 338
f 337 437 438
f 338 439 339
f 338 438 439
f 339 440 340
f 339 439 440
f 340 441 341
f 340 440 441
f 341 442 342
f 341 441 442
f 342 443 343
f 342 442 443
f 343 444 344
f 343 443 444
f 344 445 345
f 344 444 445
f 345 446 346
f 345 445 446
f 346 447 347
f 346 446 447
f 347 448 348
f 347 447 448
f 348 449 349
f 348 448 449
f 349 450 350
f 349 449 450
f 350 451 351
f 350 450 451
f 351 452 352
f 351 451 452
f 352 453 353
f 352 452 453
f 353 454 354
f 353 453 454
f 354 455 355
f 354 454 455
f 355 456 356
f 355 455 456
f 356 457 357
f 356 456 457
f 357 458 358
f 357 457 458
f 358 459 359
f 358 458 459
f 359 460 360
f 359 459 460
f 360 461 361
f 360 460 461
f 361 462 362
f 361 461 462
f 362 463 363
f 362 462 463
f 363 464 364
f 363 463 464
f 364 465 365
f 364 464 465
f 365 466 366
f 365 465 466
f 366 467 367
f 366 466 467
f 367 468 368
f 367 467 468
f 368 469 369
f 368 468 469
f 369 470 370
f 369 469 470
f 370 471 371
f 370 470 471
f 371 472 372
f 371 471 472
f 372 473 373
f 372 472 473
f 373 474 374
f 373 473 474
f 374 475 375
f 374 474 475
f 375 476 376
f 375 475 476
f 376 477 377
f 376 476 477
f 377 478 378
f 377 477 478
f 378 479 379
f 378 478 479
f 379 480 380
f 379 479 480
f 380 481 381
f 380 480 481
f 381 482 382
f 381 481 482
f 382 483 383
f 382 482 483
f 383 484 384
f 383 483 484
f 384 485 385
f 384 484 485
f 385 486 386
f 385 485 486
f 386 487 387
f 386 486 487
f 387 488 388
f 387 487 488
f 388 489 389
f 388 488 489
f 389 490 390
f 389 489 490
f 390 491 391
f 390 490 491
f 391 492 392
f 391 491 492
f 392 493 393
f 392 492 493
f 393 494 394
f 393 493 494
f 394 495 395
f 394 494 495
f 395 496 396
f 395 495 496
f 396 497 397
f 396 496 497
f 397 498 398
f 397 497 498
f 398 499 399
f 398 498 499
f 399 500 400
f 399 499 500
f 400 401 301
f 400 500 401
f 401 502 402
f 401 501 502
f 402 503 403
f 402 502 503
f 403 504 404
f 403 503 504
f 404 505 405
f 404 504 505
f 405 506 406
f 405 505 506
f 406 507 407
f 406 506 507
f 407 508 408
f 407 507 508
f 408 509 409
f 408 508 509
f 409 510 410
f 409 509 510
f 410 511 411
f 410 510 511
f 411 512 412
f 411 511 512
f 412 513 413
f 412 512 513
f 413 514 414
f 413 513 514
f 414 515 415
f 414 514 515
f 415 516 416
f 415 515 516
f 416 517 417
f 416 516 517
f 417 518 418
f 417 517 518
f 418 519 419
f 418 518 519
f 419 520 420
f 419 519 520
f 420 521 421
f 420 520 521
f 421 522 422
f 421 521 522
f 422 523 423
f 422 522 523
f 423 524 424
f 423 523 524
f 424 525 425
f 424 524 525
f 425 526 426
f 425 525 526
f 426 527 427
f 426 526 527
f 427 528 428
f 427 527 528
f 428 529 429
f 428 528 529
f 429 530 430
f 429 529 530
f 430 531 431
f 430 530 531
f 431 532 432
f 431 531 532
f 432 533 433
f 432 532 533
f 433 534 434
f 433 533 534
f 434 535 435
f 434 534 535
f 435 536 436
f 435 535 536
f 436 537 437
f 436 536 537
f 437 538 438
f 437 537 538
f 438 539 439
f 438 538 539
f 439 540 440
f 439 539 540
f 440 541 441
f 440 540 541
f 441 542 442
f 441 541 542
f 442 543 443
f 442 542 543
f 443 544 444
f 443 543 544
f 444 545 445
f 444 544 545
f 445 546 446
f 445 545 546
f 446 547 447
f 446 546 547
f 447 548 448
f 447 547 548
f 448 549 449
f 448 548 549
f 449 550 450
f 449 549 550
f 450 551 451
f 450 550 551
f 451 552 452
f 451 551 552
f 452 553 453
f 452 552 553
f 453 554 454
f 453 553 554
f 454 555 455
f 454 554 555
f 455 556 456
f 455 555 556
f 456 557 457
f 456 556 557
f 457 558 458
f 457 557 558
f 458 559 459
f 458 558 559
f 459 560 460
f 459 559 560
f 460 561 461
f 460 560 561
f 461 562 462
f 461 561 562
f 462 563 463
f 462 562 563
f 463 564 464
f 463 563 564
f 464 565 465
f 464 564 565
f 465 566 466
f 465 565 566
f 466 567 467
f 466 566 567
f 467 568 468
f 467 567 568
f 468 569 469
f 468 568 569
f 469 570 470
f 469 569 570
f 470 571 471
f 470 570 571
f 471 572 472
f 471 571 572
f 472 573 473
f 472 572 573
f 473 574 474
f 473 573 574
f 474 575 475
f 474 574 575
f 475 576 476
f 475 575 576
f 476 577 477
f 476 576 577
f 477 578 478
f 477 577 578
f 478 579 479
f 478 578 579
f 479 580 480
f 479 579 580
f 480 581 481
f 480 580 581
f 481 582 482
f 481 581 582
f 482 583 483
f 482 582 583
f 483 584 484
f 483 583 584
f 484 585 485
f 484 584 585
f 485 586 486
f 485 585 586
f 486 587 487
f 486 586 587
f 487 588 488
f 487 587 588
f 488 589 489
f 488 588 589
f 489 590 490
f 489 589 590
f 490 591 491
f 490 590 591
f 491 592 492
f 491 591 592
f 492 593 493
f 492 592 593
f 493 594 494
f 493 593 594
f 494 595 495
f 494 594 595
f 495 596 496
f 495 595 596
f 496 597 497
f 496 596 597
f 497 598 498
f 497 597 598
f 498 599 499
f 498 598 599
f 499 600 500
f 499 599 600
f 500 501 401
f 500 600 501
f 501 602 502
f 501 601 602
f 502 603 503
f 502 602 603
f 503 604 504
f 503 603 604
f 504 605 505
f 504 604 605
f 505 606 506
f 505 605 606
f 506 607 507
f 506 606 607
f 507 608 508
f 507 607 608
f 508 609 509
f 508 608 609
f 509 610 510
f 509 609 610
f 510 611 511
f 510 610 611
f 511 612 512
f 511 611 612
f 512 613 513
f 512 612 613
f 513 614 514
f 513 613 614
f 514 615 515
f 514 614 615
f 515 616 516
f 515 615 616
f 516 617 517
f 516 616 617
f 517 618 518
f 517 617 618
f 518 619 519
f 518 618 619
f 519 620 520
f 519 619 620
f 520 621 521
f 520 620 621
f 521 622 522
f 521 621 622
f 522 623 523
f 522 622 623
f 523 624 524
f 523 623 624
f 524 625 525
f 524 624 625
f 525 626 526
f 525 625 626
f 526 627 527
f 526 626 627
f 527 628 528
f 527 627 628
f 528 629 529
f 528 628 629
f 529 630 530
f 529 629 630
f 530 631 531
f 530 630 631
f 531 632 532
f 531 631 632
f 532 633 533
f 532 632 633
f 533 634 534
f 533 633 634
f 534 635 535
f 534 634 635
f 535 636 536
f 535 635 636
f 536 637 537
f 536 636 637
f 537 638 538
f 537 637 638
f 538 639 539
f 538 638 639
f 539 640 540
f 539 639 640
f 540 641 541
f 540 640 641
f 541 642 542
f 541 641 642
f 542 643 543
f 542 642 643
f 543 644 544
f 543 643 644
f 544 645 545
f 544 644 645
f 545 646 546
f 545 645 646
f 546 647 547
f 546 646 647
f 547 648 548
f 547 647 648
f 548 649 549
f 548 648 649
f 549 650 550
f 549 649 650
f 550 651 551
f 550 650 651
f 551 652 552
f 551 651 652
f 552 653 553
f 552 652 653
f 553 654 554
f 553 653 654
f 554 655 555
f 554 654 655
f 555 656 556
f 555 655 656
f 556 657 557
f 556 656 657
f 557 658 558
f 557 657 658
f 558 659 559
f 558 658 659
f 559 660 560
f 559 659 660
f 560 661 561
f 560 660 661
f 561 662 562
f 561 661 662
f 562 663 563
f 562 662 663
f 563 664 564
f 563 663 664
f 564 665 565
f 564 664 665
f 565 666 566
f 565 665 666
f 566 667 567
f 566 666 667
f 567 668 568
f 567 667 668
f 568 669 569
f 568 668 669
f 569 670 570
f 569 669 670
f 570 671 571
f 570 670 671
f 571 672 572
f 571 671 672
f 572 673 573
f 572 672 673
f 573 674 574
f 573 673 674
f 574 675 575
f 574 674 675
f 575 676 576
f 575 675 676
f 576 677 577
f 576 676 677
f 577 678 578
f 577 677 678
f 578 679 579
f 578 678 679
f 579 680 580
f 579 679 680
f 580 681 581
f 580 680 681
f 581 682 582
f 581 681 682
f 582 683 583
f 582 682 683
f 583 684 584
f 583 683 684
f 584 685 585
f 584 684 685
f 585 686 586
f 585 685 686
f 586 687 587
f 586 686 687
f 587 688 588
f 587 687 688
f 588 689 589
f 588 688 689
f 589 690 590
f 589 689 690
f 590 691 591
f 590 690 691
f 591 692 592
f 591 691 692
f 592 693 593
f 592 692 693
f 593 694 594
f 593 693 694
f 594 695 595
f 594 694 695
f 595 696 596
f 595 695 696
f 596 697 597
f 596 696 697
f 597 698 598
f 597 697 698
f 598 699 599
f 598 698 699
f 599 700 600
f 599 699 700
f 600 601 501
f 600 700 601
f 601 702 602
f 601 701 702
f 602 703 603
f 602 702 703
f 603 704 604
f 603 703 704
f 604 705 605
f 604 704 705
f 605 706 606
f 605 705 706
f 606 707 607
f 606 706 707
f 607 708 608
f 607 707 708
f 608 709 609
f 608 708 709
f 609 710 610
f 609 709 710
f 610 711 611
f 610 710 711
f 611 712 612
f 611 711 712
f 612 713 613
f 612 712 713
f 613 714 614
f 613 713 714
f 614 715 615
f 614 714 715
f 615 716 616
f 615 715 716
f 616 717 617
f 616 716 717
f 617 718 618
f 617 717 718
f 618 719 619
f 618 718 719
f 619 720 620
f 619 719 720
f 620 721 621
f 620 720 721
f 621 722 622
f 621 721 722
f 622 723 623
f 622 722 723
f 623 724 624
f 623 723 724
f 624 725 625
f 624 724 725
f 625 726 626
f 625 725 726
f 626 727 627
f 626 726 727
f 627 728 628
f 627 727 728
f 628 729 629
f 628 728 729
f 629 730 630
f 629 729 730
f 630 731 631
f 630 730 731
f 631 732 632
f 631 731 732
f 632 733 633
f 632 732 733
f 633 734 634
f 633 733 734
f 634 735 635
f 634 734 735
f 635 736 636
f 635 735 736
f 636 737 637
f 636 736 737
f 637 738 638
f 637 737 738
f 638 739 639
f 638 738 739
f 639 740 640
f 639 739 740
f 640 741 641
f 640 740 741
f 641 742 642
f 641 741 742
f 642 743 643
f 642 742 743
f 643 744 644
f 643 743 744
f 644 745 645
f 644 744 745
f 645 746 646
f 645 745 746
f 646 747 647
f 646 746 747
f 647 748 648
f 647 747 748
f 648 749 649
f 648 748 749
f 649 750 650
f 649 749 750
f 650 751 651
f 650 750 751
f 651 752 652
f 651 751 752
f 652 753 653
f 652 752 753
f 653 754 654
f 653 753 754
f 654 755 655
f 654 754 755
f 655 756 656
f 655 755 756
f 656 757 657
f 656 756 757
f 657 758 658
f 657 757 758
f 658 759 659
f 658 758 759
f 659 760 660
f 659 759 760
f 660 761 661
f 660 760 761
f 661 762 662
f 661 761 762
f 662 763 663
f 662 762 763
f 663 764 664
f 663 763 764
f 664 765 665
f 664 764 765
f 665 766 666
f 665 765 766
f 666 767 667
f 666 766 767
f 667 768 668
f 667 767 768
f 668 769 669
f 668 768 769
f 669 770 670
f 669 769 770
f 670 771 671
f 670 770 771
f 671 772 672
f 671 771 772
f 672 773 673
f 672 772 773
f 673 774 674
f 673 773 774
f 674 775 675
f 674 774 775
f 675 776 676
f 675 775 776
f 676 777 677
f 676 776 777
f 677 778 678
f 677 777 778
f 678 779 679
f 678 778 779
f 679 780 680
f 679 779 780
f 680 781 681
f 680 780 781
f 681 782 682
f 681 781 782
f 682 783 683
f 682 782 783
f 683 784 684
f 683 783 784
f 684 785 685
f 684 784 785
f 685 786 686
f 685 785 786
f 686 787 687
f 686 786 787
f 687 788 688
f 687 787 788
f 688 789 689
f 688 788 789
f 689 790 690
f 689 789 790
f 690 791 691
f 690 790 791
f 691 792 692
f 691 791 792
f 692 793 693
f 692 792 793
f 693 794 694
f 693 793 794
f 694 795 695
f 694 794 795
f 695 796 696
f 695 795 796
f 696 797 697
f 696 796 797
f 697 798 698
f 697 797 798
f 698 799 699
f 698 798 799
f 699 800 700
f 699 799 800
f 700 701 601
f 700 800 701
f 701 802 702
f 701 801 802
f 702 803 703
f 702 802 803
f 703 804 704
f 703 803 804
f 704 805 705
f 704 804 805
f 705 806 706
f 705 805 806
f 706 807 707
f 706 806 807
f 707 808 708
f 707 807 808
f 708 809 709
f 708 808 809
f 709 810 710
f 709 809 810
f 710 811 711
f 710 810 811
f 711 812 712
f 711 811 812
f 712 813 713
f 712 812 813
f 713 814 714
f 713 813 814
f 714 815 715
f 714 814 815
f 715 816 716
f 715 815 816
f 716 817 717
f 716 816 817
f 717 818 718
f 717 817 818
f 718 819 719
f 718 818 819
f 719 820 720
f 719 819 820
f 720 821 721
f 720 820 821
f 721 822 722
f 721 821 822
f 722 823 723
f 722 822 823
f 723 824 724
f 723 823 824
f 724 825 725
f 724 824 825
f 725 826 726
f 725 825 826
f 726 827 727
f 726 826 827
f 727 828 728
f 727 827 828
f 728 829 729
f 728 828 829
f 729 830 730
f 729 829 830
f 730 831 731
f 730 830 831
f 731 832 732
f 731 831 832
f 732 833 733
f 732 832 833
f 733 834 734
f 733 833 834
f 734 835 735
f 734 834 835
f 735 836 736
f 735 835 836
f 736 837 737
f 736 836 837
f 737 838 738
f 737 837 838
f 738 839 739
f 738 838 839
f 739 840 740
f 739 839 840
f 740 841 741
f 740 840 841
f 741 842 742
f 741 841 842
f 742 843 743
f 742 842 843
f 743 844 744
f 743 843 844
f 744 845 745
f 744 844 845
f 745 846 746
f 745 845 846
f 746 847 747
f 746 846 847
f 747 848 748
f 747 847 848
f 748 849 749
f 748 848 849
f 749 850 750
f 749 849 850
f 750 851 751
f 750 850 851
f 751 852 752
f 751 851 852
f 752 853 753
f 752 852 853
f 753 854 754
f 753 853 854
f 754 855 755
f 754 854 855
f 755 856 756
f 755 855 856
f 756 857 757
f 756 856 857
f 757 858 758
f 757 857 858
f 758 859 759
f 758 858 859
f 759 860 760
f 759 859 860
f 760 861 761
f 760 860 861
f 761 862 762
f 761 861 862
f 762 863 763
f 762 862 863
f 763 864 764
f 763 863 864
f 764 865 765
f 764 864 865
f 765 866 766
f 765 865 866
f 766 867 767
f 766 866 867
f 767 868 768
f 767 867 868
f 768 869 769
f 768 868 869
f 769 870 770
f 769 869 870
f 770 871 771
f 770 870 871
f 771 872 772
f 771 871 872
f 772 873 773
f 772 872 873
f 773 874 774
f 773 873 874
f 774 875 775
f 774 874 875
f 775 876 776
f 775 875 876
f 776 877 777
f 776 876 877
f 777 878 778
f 777 877 878
f 778 879 779
f 778 878 879
f 779 880 780
f 779 879 880
f 780 881 781
f 780 880 881
f 781 882 782
f 781 881 882
f 782 883 783
f 782 882 883
f 783 884 784
f 783 883 884
f 784 885 785
f 784 884 885
f 785 886 786
f 785 885 886
f 786 887 787
f 786 886 887
f 787 888 788
f 787 887 888
f 788 889 789
f 788 888 889
f 789 890 790
f 789 889 890
f 790 891 791
f 790 890 891
f 791 892 792
f 791 891 892
f 792 893 793
f 792 892 893
f 793 894 794
f 793 893 894
f 794 895 795
f 794 894 895
f 795 896 796
f 795 895 896
f 796 897 797
f 796 896 897
f 797 898 798
f 797 897 898
f 798 899 799
f 798 898 899
f 799 900 800
f 799 899 900
f 800 801 701
f 800 900 801
f 801 902 802
f 801 901 902
f 802 903 803
f 802 902 903
f 803 904 804
f 803 903 904
f 804 905 805
f 804 904 905
f 805 906 806
f 805 905 906
f 806 907 807
f 806 906 907
f 807 908 808
f 807 907 908
f 808 909 809
f 808 908 909
f 809 910 810
f 809 909 910
f 810 911 811
f 810 910 911
f 811 912 812
f 811 911 912
f 812 913 813
f 812 912 913
f 813 914 814
f 813 913 914
f 814 915 815
f 814 914 915
f 815 916 816
f 815 915 916
f 816 917 817
f 816 916 917
f 817 918 818
f 817 917 918
f 818 919 819
f 818 918 919
f 819 920 820
f 819 919 920
f 820 921 821
f 820 920 921
f 821 922 822
f 821 921 922
f 822 923 823
f 822 922 923
f 823 924 824
f 823 923 924
f 824 925 825
f 824 924 925
f 825 926 826
f 825 925 926
f 826 927 827
f 826 926 927
f 827 928 828
f 827 927 928
f 828 929 829
f 828 928 929
f 829 930 830
f 829 929 930
f 830 931 831
f 830 930 931
f 831 932 832
f 831 931 932
f 832 933 833
f 832 932 933
f 833 934 834
f 833 933 934
f 834 935 835
f 834 934 935
f 835 936 836
f 835 935 936
f 836 937 837
f 836 936 937
f 837 938 838
f 837 937 938
f 838 939 839
f 838 938 939
f 839 940 840
f 839 939 940
f 840 941 841
f 840 940 941
f 841 942 842
f 841 941 942
f 842 943 843
f 842 942 943
f 843 944 844
f 843 943 944
f 844 945 845
f 844 944 945
f 845 946 846
f 845 945 946
f 846 947 847
f 846 946 947
f 847 948 848
f 847 947 948
f 848 949 849
f 848 948 949
f 849 950 850
f 849 949 950
f 850 951 851
f 850 950 951
f 851 952 852
f 851 951 952
f 852 953 853
f 852 952 953
f 853 954 854
f 853 953 954
f 854 955 855
f 854 954 955
f 855 956 856
f 855 955 956
f 856 957 857
f 856 956 957
f 857 958 858
f 857 957 958
f 858 959 859
f 858 958 959
f 859 960 860
f 859 959 960
f 860 961 861
f 860 960 961
f 861 962 862
f 861 961 962
f 862 963 863
f 862 962 963
f 863 964 864
f 863 963 964
f 864 965 865
f 864 964 965
f 865 966 866
f 865 965 966
f 866 967 867
f 866 966 967
f 867 968 868
f 867 967 968
f 868 969 869
f 868 968 969
f 869 970 870
f 869 969 970
f 870 971 871
f 870 970 971
f 871 972 872
f 871 971 972
f 872 973 873
f 872 972 973
f 873 974 874
f 873 973 974
f 874 975 875
f 874 974 975
f 875 976 876
f 875 975 976
f 876 977 877
f 876 976 977
f 877 978 878
f 877 977 978
f 878 979 879
f 878 978 979
f 879 980 880
f 879 979 980
f 880 981 881
f 880 980 981
f 881 982 882
f 881 981 982
f 882 983 883
f 882 982 983
f 883 984 884
f 883 983 984
f 884 985 885
f 884 984 985
f 885 986 886
f 885 985 986
f 886 987 887
f 886 986 987
f 887 988 888
f 887 987 988
f 888 989 889
f 888 988 989
f 889 990 890
f 889 989 990
f 890 991 891
f 890 990 991
f 891 992 892
f 891 991 992
f 892 993 893
f 892 992 993
f 893 994 894
f 893 993 994
f 894 995 895
f 894 994 995
f 895 996 896
f 895 995 996
f 896 997 897
f 896 996 997
f 897 998 898
f 897 997 998
f 898 999 899
f 898 998 999
f 899 1000 900
f 899 999 1000
f 900 901 801
f 900 1000 901
f 901 1002 902
f 901 1001 1002
f 902 1003 903
f 902 1002 1003
f 903 1004 904
f 903 1003 1004
f 904 1005 905
f 904 1004 1005
f 905 1006 906
f 905 1005 1006
f 906 1007 907
f 906 1006 1007
f 907 1008 908
f 907 1007 1008
f 908 1009 909
f 908 1008 1009
f 909 1010 910
f 909 1009 1010
f 910 1011 911
f 910 1010 1011
f 911 1012 912
f 911 1011 1012
f 912 1013 913
f 912 1012 1013
f 913 1014 914
f 913 1013 1014
f 914 1015 915
f 914 1014 1015
f 915 1016 916
f 915 1015 1016
f 916 1017 917
f 916 1016 1017
f 917 1018 918
f 917 1017 1018
f 918 1019 919
f 918 1018 1019
f 919 1020 920
f 919 1019 1020
f 920 1021 921
f 920 1020 1021
f 921 1022 922
f 921 1021 1022
f 922 1023 923
f 922 1022 1023
f 923 1024 924
f 923 1023 1024
f 924 1025 925
f 924 1024 1025
f 925 1026 926
f 925 1025 1026
f 926 1027 927
f 926 1026 1027
f 927 1028 928
f 927 1027 1028
f 928 1029 929
f 928 1028 1029
f 929 1030 930
f 929 1029 1030
f 930 1031 931
f 930 1030 1031
f 931 1032 932
f 931 1031 1032
f 932 1033 933
f 932 1032 1033
f 933 1034 934
f 933 1033 1034
f 934 1035 935
f 934 1034 1035
f 935 1036 936
f 935 1035 1036
f 936 1037 937
f 936 1036 1037
f 937 1038 938
f 937 1037 1038
f 938 1039 939
f 938 1038 1039
f 939 1040 940
f 939 1039 1040
f 940 1041 941
f 940 1040 1041
f 941 1042 942
f 941 1041 1042
f 942 1043 943
f 942 1042 1043
f 943 1044 944
f 943 1043 1044
f 944 1045 945
f 944 1044 1045
f 945 1046 946
f 945 1045 1046
f 946 1047 947
f 946 1046 1047
f 947 1048 948
f 947 1047 1048
f 948 1049 949
f 948 1048 1049
f 949 1050 950
f 949 1049 1050
f 950 1051 951
f 950 1050 1051
f 951 1052 952
f 951 1051 1052
f 952 1053 953
f 952 1052 1053
f 953 1054 954
f 953 1053 1054
f 954 1055 955
f 954 1054 1055
f 955 1056 956
f 955 1055 1056
f 956 1057 957
f 956 1056 1057
f 957 1058 958
f 957 1057 1058
f 958 1059 959
f 958 1058 1059
f 959 1060 960
f 959 1059 1060
f 960 1061 961
f 960 1060 1061
f 961 1062 962
f 961 1061 1062
f 962 1063 963
f 962 1062 1063
f 963 1064 964
f 963 1063 1064
f 964 1065 965
f 964 1064 1065
f 965 1066 966
f 965 1065 1066
f 966 1067 967
f 966 1066 1067
f 967 1068 968
f 967 1067 1068
f 968 1069 969
f 968 1068 1069
f 969 1070 970
f 969 1069 1070
f 970 1071 971
f 970 1070 1071
f 971 1072 972
f 971 1071 1072
f 972 1073 973
f 972 1072 1073
f 973 1074 974
f 973 1073 1074
f 974 1075 975
f 974 1074 1075
f 975 1076 976
f 975 1075 1076
f 976 1077 977
f 976 1076 1077
f 977 1078 978
f 977 1077 1078
f 978 1079 979
f 978 1078 1079
f 979 1080 980
f 979 1079 1080
f 980 1081 981
f 980 1080 1081
f 981 1082 982
f 981 1081 1082
f 982 1083 983
f 982 1082 1083
f 983 1084 984
f 983 1083 1084
f 984 1085 985
f 984 1084 1085
f 985 1086 986
f 985 1085 1086
f 986 1087 987
f 986 1086 1087
f 987 1088 988
f 987 1087 1088
f 988 1089 989
f 988 1088 1089
f 989 1090 990
f 989 1089 1090
f 990 1091 991
f 990 1090 1091
f 991 1092 992
f 991 1091 1092
f 992 1093 993
f 992 1092 1093
f 993 1094 994
f 993 1093 1094
f 994 1095 995
f 994 1094 1095
f 995 1096 996
f 995 1095 1096
f 996 1097 997
f 996 1096 1097
f 997 1098 998
f 997 1097 1098
f 998 1099 999
f 998 1098 1099
f 999 1100 1000
f 999 1099 1100
f 1000 1001 901
f 1000 1100 1001
f 1001 1102 1002
f 1001 1101 1102
f 1002 1103 1003
f 1002 1102 1103
f 1003 1104 1004
f 1003 1103 1104
f 1004 1105 1005
f 1004 1104 1105
f 1005 1106 1006
f 1005 1105 1106
f 1006 1107 1007
f 1006 1106 1107
f 1007 1108 1008
f 1007 1107 1108
f 1008 1109 1009
f 1008 1108 1109
f 1009 1110 1010
f 1009 1109 1110
f 1010 1111 1011
f 1010 1110 1111
f 1011 1112 1012
f 1011 1111 1112
f 1012 1113 1013
f 1012 1112 1113
f 1013 1114 1014
f 1013 1113 1114
f 1014 1115 1015
f 1014 1114 1115
f 1015 1116 1016
f 1015 1115 1116
f 1016 1117 1017
f 1016 1116 1117
f 1017 1118 1018
f 1017 1117 1118
f 1018 1119 1019
f 1018 1118 1119
f 1019 1120 1020
f 1019 1119 1120
f 1020 1121 1021
f 1020 1120 1121
f 1021 1122 1022
f 1021 1121 1122
f 1022 1123 1023
f 1022 1122 1123
f 1023 1124 1024
f 1023 1123 1124
f 1024 1125 1025
f 1024 1124 1125
f 1025 1126 1026
f 1025 1125 1126
f 1026 1127 1027
f 1026 1126 1127
f 1027 1128 1028
f 1027 1127 1128
f 1028 1129 1029
f 1028 1128 1129
f 1029 1130 1030
f 1029 1129 1130
f 1030 1131 1031
f 1030 1130 1131
f 1031 1132 1032
f 1031 1131 1132
f 1032 1133 1033
f 1032 1132 1133
f 1033 1134 1034
f 1033 1133 1134
f 1034 1135 1035
f 1034 1134 1135
f 1035 1136 1036
f 1035 1135 1136
f 1036 1137 1037
f 1036 1136 1137
f 1037 1138 1038
f 1037 1137 1138
f 1038 1139 1039
f 1038 1138 1139
f 1039 1140 1040
f 1039 1139 1140
f 1040 1141 1041
f 1040 1140 1141
f 1041 1142 1042
f 1041 1141 1142
f 1042 1143 1043
f 1042 1142 1143
f 1043 1144 1044
f 1043 1143 1144
f 1044 1145 1045
f 1044 1144 1145
f 1045 1146 1046
f 1045 1145 1146
f 1046 1147 1047
f 1046 1146 1147
f 1047 1148 1048
f 1047 1147 1148
f 1048 1149 1049
f 1048 1148 1149
f 1049 1150 1050
f 1049 1149 1150
f 1050 1151 1051
f 1050 1150 1151
f 1051 1152 1052
f 1051 1151 1152
f 1052 1153 1053
f 1052 1152 1153
f 1053 1154 1054
f 1053 1153 1154
f 1054 1155 1055
f 1054 1154 1155
f 1055 1156 1056
f 1055 1155 1156
f 1056 1157 1057
f 1056 1156 1157
f 1057 1158 1058
f 1057 1157 1158
f 1058 1159 1059
f 1058 1158 1159
f 1059 1160 1060
f 1059 1159 1160
f 1060 1161 1061
f 1060 1160 1161
f 1061 1162 1062
f 1061 1161 1162
f 1062 1163 1063
f 1062 1162 1163
f 1063 1164 1064
f 1063 1163 1164
f 1064 1165 1065
f 1064 1164 1165
f 1065 1166 1066
f 1065 1165 1166
f 1066 1167 1067
f 1066 1166 1167
f 1067 1168 1068
f 1067 1167 1168
f 1068 1169 1069
f 1068 1168 1169
f 1069 1170 1070
f 1069 1169 1170
f 1070 1171 1071
f 1070 1170 1171
f 1071 1172 1072
f 1071 1171 1172
f 1072 1173 1073
f 1072 1172 1173
f 1073 1174 1074
f 1073 1173 1174
f 1074 1175 1075
f 1074 1174 1175
f 1075 1176 1076
f 1075 1175 1176
f 1076 1177 1077
f 1076 1176 1177
f 1077 1178 1078
f 1077 1177 1178
f 1078 1179 1079
f 1078 1178 1179
f 1079 1180 1080
f 1079 1179 1180
f 1080 1181 1081
f 1080 1180 1181
f 1081 1182 1082
f 1081 1181 1182
f 1082 1183 1083
f 1082 1182 1183
f 1083 1184 1084
f 1083 1183 1184
f 1084 1185 1085
f 1084 1184 1185
f 1085 1186 1086
f 1085 1185 1186
f 1086 1187 1087
f 1086 1186 1187
f 1087 1188 1088
f 1087 1187 1188
f 1088 1189 1089
f 1088 1188 1189
f 1089 1190 1090
f 1089 1189 1190
f 1090 1191 1091
f 1090 1190 1191
f 1091 1192 1092
f 1091 1191 1192
f 1092 1193 1093
f 1092 1192 1193
f 1093 1194 1094
f 1093 1193 1194
f 1094 1195 1095
f 1094 1194 1195
f 1095 1196 1096
f 1095 1195 1196
f 1096 1197 1097
f 1096 1196 1197
f 1097 1198 1098
f 1097 1197 1198
f 1098 1199 1099
f 1098 1198 1199
f 1099 1200 1100
f 1099 1199 1200
f 1100 1101 1001
f 1100 1200 1101
f 1101 1202 1102
f 1101 1201 1202
f 1102 1203 1103
f 1102 1202 1203
f 1103 1204 1104
f 1103 1203 1204
f 1104 1205 1105
f 1104 1204 1205
f 1105 1206 1106
f 1105 1205 1206
f 1106 1207 1107
f 1106 1206 1207
f 1107 1208 1108
f 1107 1207 1208
f 1108 1209 1109
f 1108 1208 1209
f 1109 1210 1110
f 1109 1209 1210
f 1110 1211 1111
f 1110 1210 1211
f 1111 1212 1112
f 1111 1211 1212
f 1112 1213 1113
f 1112 1212 1213
f 1113 1214 1114
f 1113 1213 1214
f 1114 1215 1115
f 1114 1214 1215
f 1115 1216 1116
f 1115 1215 1216
f 1116 1217 1117
f 1116 1216 1217
f 1117 1218 1118
f 1117 1217 1218
f 1118 1219 1119
f 1118 1218 1219
f 1119 1220 1120
f 1119 1219 1220
f 1120 1221 1121
f 1120 1220 1221
f 1121 1222 1122
f 1121 1221 1222
f 1122 1223 1123
f 1122 1222 1223
f 1123 1224 1124
f 1123 1223 1224
f 1124 1225 1125
f 1124 1224 1225
f 1125 1226 1126
f 1125 1225 1226
f 1126 1227 1127
f 1126 1226 1227
f 1127 1228 1128
f 1127 1227 1228
f 1128 1229 1129
f 1128 1228 1229
f 1129 1230 1130
f 1129 1229 1230
f 1130 1231 1131
f 1130 1230 1231
f 1131 1232 1132
f 1131 1231 1232
f 1132 1233 1133
f 1132 1232 1233
f 1133 1234 1134
f 1133 1233 1234
f 1134 1235 1135
f 1134 1234 1235
f 1135 1236 1136
f 1135 1235 1236
f 1136 1237 1137
f 1136 1236 1237
f 1137 1238 1138
f 1137 1237 1238
f 1138 1239 1139
f 1138 1238 1239
f 1139 1240 1140
f 1139 1239 1240
f 1140 1241 1141
f 1140 1240 1241
f 1141 1242 1142
f 1141 1241 1242
f 1142 1243 1143
f 1142 1242 1243
f 1143 1244 1144
f 1143 1243 1244
f 1144 1245 1145
f 1144 1244 1245
f 1145 1246 1146
f 1145 1245 1246
f 1146 1247 1147
f 1146 1246 1247
f 1147 1248 1148
f 1147 1247 1248
f 1148 1249 1149
f 1148 1248 1249
f 1149 1250 1150
f 1149 1249 1250
f 1150 1251 1151
f 1150 1250 1251
f 1151 1252 1152
f 1151 1251 1252
f 1152 1253 1153
f 1152 1252 1253
f 1153 1254 1154
f 1153 1253 1254
f 1154 1255 1155
f 1154 1254 1255
f 1155 1256 1156
f 1155 1255 1256
f 1156 1257 1157
f 1156 1256 1257
f 1157 1258 1158
f 1157 1257 1258
f 1158 1259 1159
f 1158 1258 1259
f 1159 1260 1160
f 1159 1259 1260
f 1160 1261 1161
f 1160 1260 1261
f 1161 1262 1162
f 1161 1261 1262
f 1162 1263 1163
f 1162 1262 1263
f 1163 1264 1164
f 1163 1263 1264
f 1164 1265 1165
f 1164 1264 1265
f 1165 1266 1166
f 1165 1265 1266
f 1166 1267 1167
f 1166 1266 1267
f 1167 1268 1168
f 1167 1267 1268
f 1168 1269 1169
f 1168 1268 1269
f 1169 1270 1170
f 1169 1269 1270
f 1170 1271 1171
f 1170 1270 1271
f 1171 1272 1172
f 1171 1271 1272
f 1172 1273 1173
f 1172 1272 1273
f 1173 1274 1174
f 1173 1273 1274
f 1174 1275 1175
f 1174 1274 1275
f 1175 1276 1176
f 1175 1275 1276
f 1176 1277 1177
f 1176 1276 1277
f 1177 1278 1178
f 1177 1277 1278
f 1178 1279 1179
f 1178 1278 1279
f 1179 1280 1180
f 1179 1279 1280
f 1180 1281 1181
f 1180 1280 1281
f 1181 1282 1182
f 1181 1281 1282
f 1182 1283 1183
f 1182 1282 1283
f 1183 1284 1184
f 1183 1283 1284
f 1184 1285 1185
f 1184 1284 1285
f 1185 1286 1186
f 1185 1285 1286
f 1186 1287 1187
f 1186 1286 1287
f 1187 1288 1188
f 1187 1287 1288
f 1188 1289 1189
f 1188 1288 1289
f 1189 1290 1190
f 1189 1289 1290
f 1190 1291 1191
f 1190 1290 1291
f 1191 1292 1192
f 1191 1291 1292
f 1192 1293 1193
f 1192 1292 1293
f 1193 1294 1194
f 1193 1293 1294
f 1194 1295 1195
f 1194 1294 1295
f 1195 1296 1196
f 1195 1295 1296
f 1196 1297 1197
f 1196 1296 1297
f 1197 1298 1198
f 1197 1297 1298
f 1198 1299 1199
f 1198 1298 1299
f 1199 1300 1200
f 1199 1299 1300
f 1200 1201 1101
f 1200 1300 1201
f 1201 1302 1202
f 1201 1301 1302
f 1202 1303 1203
f 1202 1302 1303
f 1203 1304 1204
f 1203 1303 1304
f 1204 1305 1205
f 1204 1304 1305
f 1205 1306 1206
f 1205 1305 1306
f 1206 1307 1207
f 1206 1306 1307
f 1207 1308 1208
f 1207 1307 1308
f 1208 1309 1209
f 1208 1308 1309
f 1209 1310 1210
f 1209 1309 1310
f 1210 1311 1211
f 1210 1310 1311
f 1211 1312 1212
f 1211 1311 1312
f 1212 1313 1213
f 1212 1312 1313
f 1213 1314 1214
f 1213 1313 1314
f 1214 1315 1215
f 1214 1314 1315
f 1215 1316 1216
f 1215 1315 1316
f 1216 1317 1217
f 1216 1316 1317
f 1217 1318 1218
f 1217 1317 1318
f 1218 1319 1219
f 1218 1318 1319
f 1219 1320 1220
f 1219 1319 1320
f 1220 1321 1221
f 1220 1320 1321
f 1221 1322 1222
f 1221 1321 1322
f 1222 1323 1223
f 1222 1322 1323
f 1223 1324 1224
f 1223 1323 1324
f 1224 1325 1225
f 1224 1324 1325
f 1225 1326 1226
f 1225 1325 1326
f 1226 1327 1227
f 1226 1326 1327
f 1227 1328 1228
f 1227 1327 1328
f 1228 1329 1229
f 1228 1328 1329
f 1229 1330 1230
f 1229 1329 1330
f 1230 1331 1231
f 1230 1330 1331
f 1231 1332 1232
f 1231 1331 1332
f 1232 1333 1233
f 1232 1332 1333
f 1233 1334 1234
f 1233 1333 1334
f 1234 1335 1235
f 1234 1334 1335
f 1235 1336 1236
f 1235 1335 1336
f 1236 1337 1237
f 1236 1336 1337
f 1237 1338 1238
f 1237 1337 1338
f 1238 1339 1239
f 1238 1338 1339
f 1239 1340 1240
f 1239 1339 1340
f 1240 1341 1241
f 1240 1340 1341
f 1241 1342 1242
f 1241 1341 1342
f 1242 1343 1243
f 1242 1342 1343
f 1243 1344 1244
f 1243 1343 1344
f 1244 1345 1245
f 1244 1344 1345
f 1245 1346 1246
f 1245 1345 1346
f 1246 1347 1247
f 1246 1346 1347
f 1247 1348 1248
f 1247 1347 1348
f 1248 1349 1249
f 1248 1348 1349
f 1249 1350 1250
f 1249 1349 1350
f 1250 1351 1251
f 1250 1350 1351
f 1251 1352 1252
f 1251 1351 1352
f 1252 1353 1253
f 1252 1352 1353
f 1253 1354 1254
f 1253 1353 1354
f 1254 1355 1255
f 1254 1354 1355
f 1255 1356 1256
f 1255 1355 1356
f 1256 1357 1257
f 1256 1356 1357
f 1257 1358 1258
f 1257 1357 1358
f 1258 1359 1259
f 1258 1358 1359
f 1259 1360 1260
f 1259 1359 1360
f 1260 1361 1261
f 1260 1360 1361
f 1261 1362 1262
f 1261 1361 1362
f 1262 1363 1263
f 1262 1362 1363
f 1263 1364 1264
f 1263 1363 1364
f 1264 1365 1265
f 1264 1364 1365
f 1265 1366 1266
f 1265 1365 1366
f 1266 1367 1267
f 1266 1366 1367
f 1267 1368 1268
f 1267 1367 1368
f 1268 1369 1269
f 1268 1368 1369
f 1269 1370 1270
f 1269 1369 1370
f 1270 1371 1271
f 1270 1370 1371
f 1271 1372 1272
f 1271 1371 1372
f 1272 1373 1273
f 1272 1372 1373
f 1273 1374 1274
f 1273 1373 1374
f 1274 1375 1275
f 1274 1374 1375
f 1275 1376 1276
f 1275 1375 1376
f 1276 1377 1277
f 1276 1376 1377
f 1277 1378 1278
f 1277 1377 1378
f 1278 1379 1279
f 1278 1378 1379
f 1279 1380 1280
f 1279 1379 1380
f 1280 1381 1281
f 1280 1380 1381
f 1281 1382 1282
f 1281 1381 1382
f 1282 1383 1283
f 1282 1382 1383
f 1283 1384 1284
f 1283 1383 1384
f 1284 1385 1285
f 1284 1384 1385
f 1285 1386 1286
f 1285 1385 1386
f 1286 1387 1287
f 1286 1386 1387
f 1287 1388 1288
f 1287 1387 1388
f 1288 1389 1289
f 1288 1388 1389
f 1289 1390 1290
f 1289 1389 1390
f 1290 1391 1291
f 1290 1390 1391
f 1291 1392 1292
f 1291 1391 1392
f 1292 1393 1293
f 1292 1392 1393
f 1293 1394 1294
f 1293 1393 1394
f 1294 1395 1295
f 1294 1394 1395
f 1295 1396 1296
f 1295 1395 1396
f 1296 1397 1297
f 1296 1396 1397
f 1297 1398 1298
f 1297 1397 1398
f 1298 1399 1299
f 1298 1398 1399
f 1299 1400 1300
f 1299 1399 1400
f 1300 1301 1201
f 1300 1400 1301
f 1301 1402 1302
f 1301 1401 1402
f 1302 1403 1303
f 1302 1402 1403
f 1303 1404 1304
f 1303 1403 1404
f 1304 1405 1305
f 1304 1404 1405
f 1305 1406 1306
f 1305 1405 1406
f 1306 1407 1307
f 1306 1406 1407
f 1307 1408 1308
f 1307 1407 1408
f 1308 1409 1309
f 1308 1408 1409
f 1309 1410 1310
f 1309 1409 1410
f 1310 1411 1311
f 1310 1410 1411
f 1311 1412 1312
f 1311 1411 1412
f 1312 1413 1313
f 1312 1412 1413
f 1313 1414 1314
f 1313 1413 1414
f 1314 1415 1315
f 1314 1414 1415
f 1315 1416 1316
f 1315 1415 1416
f 1316 1417 1317
f 1316 1416 1417
f 1317 1418 1318
f 1317 1417 1418
f 1318 1419 1319
f 1318 1418 1419
f 1319 1420 1320
f 1319 1419 1420
f 1320 1421 1321
f 1320 1420 1421
f 1321 1422 1322
f 1321 1421 1422
f 1322 1423 1323
f 1322 1422 1423
f 1323 1424 1324
f 1323 1423 1424
f 1324 1425 1325
f 1324 1424 1425
f 1325 1426 1326
f 1325 1425 1426
f 1326 1427 1327
f 1326 1426 1427
f 1327 1428 1328
f 1327 1427 1428
f 1328 1429 1329
f 1328 1428 1429
f 1329 1430 1330
f 1329 1429 1430
f 1330 1431 1331
f 1330 1430 1431
f 1331 1432 1332
f 1331 1431 1432
f 1332 1433 1333
f 1332 1432 1433
f 1333 1434 1334
f 1333 1433 1434
f 1334 1435 1335
f 1334 1434 1435
f 1335 1436 1336
f 1335 1435 1436
f 1336 1437 1337
f 1336 1436 1437
f 1337 1438 1338
f 1337 1437 1438
f 1338 1439 1339
f 1338 1438 1439
f 1339 1440 1340
f 1339 1439 1440
f 1340 1441 1341
f 1340 1440 1441
f 1341 1442 1342
f 1341 1441 1442
f 1342 1443 1343
f 1342 1442 1443
f 1343 1444 1344
f 1343 1443 1444
f 1344 1445 1345
f 1344 1444 1445
f 1345 1446 1346
f 1345 1445 1446
f 1346 1447 1347
f 1346 1446 1447
f 1347 1448 1348
f 1347 1447 1448
f 1348 1449 1349
f 1348 1448 1449
f 1349 1450 1350
f 1349 1449 1450
f 1350 1451 1351
f 1350 1450 1451
f 1351 1452 1352
f 1351 1451 1452
f 1352 1453 1353
f 1352 1452 1453
f 1353 1454 1354
f 1353 1453 1454
f 1354 1455 1355
f 1354 1454 1455
f 1355 1456 1356
f 1355 1455 1456
f 1356 1457 1357
f 1356 1456 1457
f 1357 1458 1358
f 1357 1457 1458
f 1358 1459 1359
f 1358 1458 1459
f 1359 1460 1360
f 1359 1459 1460
f 1360 1461 1361
f 1360 1460 1461
f 1361 1462 1362
f 1361 1461 1462
f 1362 1463 1363
f 1362 1462 1463
f 1363 1464 1364
f 1363 1463 1464
f 1364 1465 1365
f 1364 1464 1465
f 1365 1466 1366
f 1365 1465 1466
f 1366 1467 1367
f 1366 1466 1467
f 1367 1468 1368
f 1367 1467 1468
f 1368 1469 1369
f 1368 1468 1469
f 1369 1470 1370
f 1369 1469 1470
f 1370 1471 1371
f 1370 1470 1471
f 1371 1472 1372
f 1371 1471 1472
f 1372 1473 1373
f 1372 1472 1473
f 1373 1474 1374
f 1373 1473 1474
f 1374 1475 1375
f 1374 1474 1475
f 1375 1476 1376
f 1375 1475 1476
f 1376 1477 1377
f 1376 1476 1477
f 1377 1478 1378
f 1377 1477 1478
f 1378 1479 1379
f 1378 1478 1479
f 1379 1480 1380
f 1379 1479 1480
f 1380 1481 1381
f 1380 1480 1481
f 1381 1482 1382
f 1381 1481 1482
f 1382 1483 1383
f 1382 1482 1483
f 1383 1484 1384
f 1383 1483 1484
f 1384 1485 1385
f 1384 1484 1485
f 1385 1486 1386
f 1385 1485 1486
f 1386 1487 1387
f 1386 1486 1487
f 1387 1488 1388
f 1387 1487 1488
f 1388 1489 1389
f 1388 1488 1489
f 1389 1490 1390
f 1389 1489 1490
f 1390 1491 1391
f 1390 1490 1491
f 1391 1492 1392
f 1391 1491 1492
f 1392 1493 1393
f 1392 1492 1493
f 1393 1494 1394
f 1393 1493 1494
f 1394 1495 1395
f 1394 1494 1495
f 1395 1496 1396
f 1395 1495 1496
f 1396 1497 1397
f 1396 1496 1497
f 1397 1498 1398
f 1397 1497 1498
f 1398 1499 1399
f 1398 1498 1499
f 1399 1500 1400
f 1399 1499 1500
f 1400 1401 1301
f 1400 1500 1401
f 1401 1502 1402
f 1401 1501 1502
f 1402 1503 1403
f 1402 1502 1503
f 1403 1504 1404
f 1403 1503 1504
f 1404 1505 1405
f 1404 1504 1505
f 1405 1506 1406
f 1405 1505 1506
f 1406 1507 1407
f 1406 1506 1507
f 1407 1508 1408
f 1407 1507 1508
f 1408 1509 1409
f 1408 1508 1509
f 1409 1510 1410
f 1409 1509 1510
f 1410 1511 1411
f 1410 1510 1511
f 1411 1512 1412
f 1411 1511 1512
f 1412 1513 1413
f 1412 1512 1513
f 1413 1514 1414
f 1413 1513 1514
f 1414 1515 1415
f 1414 1514 1515
f 1415 1516 1416
f 1415 1515 1516
f 1416 1517 1417
f 1416 1516 1517
f 1417 1518 1418
f 1417 1517 1518
f 1418 1519 1419
f 1418 1518 1519
f 1419 1520 1420
f 1419 1519 1520
f 1420 1521 1421
f 1420 1520 1521
f 1421 1522 1422
f 1421 1521 1522
f 1422 1523 1423
f 1422 1522 1523
f 1423 1524 1424
f 1423 1523 1524
f 1424 1525 1425
f 1424 1524 1525
f 1425 1526 1426
f 1425 1525 1526
f 1426 1527 1427
f 1426 1526 1527
f 1427 1528 1428
f 1427 1527 1528
f 1428 1529 1429
f 1428 1528 1529
f 1429 1530 1430
f 1429 1529 1530
f 1430 1531 1431
f 1430 1530 1531
f 1431 1532 1432
f 1431 1531 1532
f 1432 1533 1433
f 1432 1532 1533
f 1433 1534 1434
f 1433 1533 1534
f 1434 1535 1435
f 1434 1534 1535
f 1435 1536 1436
f 1435 1535 1536
f 1436 1537 1437
f 1436 1536 1537
f 1437 1538 1438
f 1437 1537 1538
f 1438 1539 1439
f 1438 1538 1539
f 1439 1540 1440
f 1439 1539 1540
f 1440 1541 1441
f 1440 1540 1541
f 1441 1542 1442
f 1441 1541 1542
f 1442 1543 1443
f 1442 1542 1543
f 1443 1544 1444
f 1443 1543 1544
f 1444 1545 1445
f 1444 1544 1545
f 1445 1546 1446
f 1445 1545 1546
f 1446 1547 1447
f 1446 1546 1547
f 1447 1548 1448
f 1447 1547 1548
f 1448 1549 1449
f 1448 1548 1549
f 1449 1550 1450
f 1449 1549 1550
f 1450 1551 1451
f 1450 1550 1551
f 1451 1552 1452
f 1451 1551 1552
f 1452 1553 1453
f 1452 1552 1553
f 1453 1554 1454
f 1453 1553 1554
f 1454 1555 1455
f 1454 1554 1555
f 1455 1556 1456
f 1455 1555 1556
f 1456 1557 1457
f 1456 1556 1557
f 1457 1558 1458
f 1457 1557 1558
f 1458 1559 1459
f 1458 1558 1559
f 1459 1560 1460
f 1459 1559 1560
f 1460 1561 1461
f 1460 1560 1561
f 1461 1562 1462
f 1461 1561 1562
f 1462 1563 1463
f 1462 1562 1563
f 1463 1564 1464
f 1463 1563 1564
f 1464 1565 1465
f 1464 1564 1565
f 1465 1566 1466
f 1465 1565 1566
f 1466 1567 1467
f 1466 1566 1567
f 1467 1568 1468
f 1467 1567 1568
f 1468 1569 1469
f 1468 1568 1569
f 1469 1570 1470
f 1469 1569 1570
f 1470 1571 1471
f 1470 1570 1571
f 1471 1572 1472
f 1471 1571 1572
f 1472 1573 1473
f 1472 1572 1573
f 1473 1574 1474
f 1473 1573 1574
f 1474 1575 1475
f 1474 1574 1575
f 1475 1576 1476
f 1475 1575 1576
f 1476 1577 1477
f 1476 1576 1577
f 1477 1578 1478
f 1477 1577 1578
f 1478 1579 1479
f 1478 1578 1579
f 1479 1580 1480
f 1479 1579 1580
f 1480 1581 1481
f 1480 1580 1581
f 1481 1582 1482
f 1481 1581 1582
f 1482 1583 1483
f 1482 1582 1583
f 1483 1584 1484
f 1483 1583 1584
f 1484 1585 1485
f 1484 1584 1585
f 1485 1586 1486
f 1485 1585 1586
f 1486 1587 1487
f 1486 1586 1587
f 1487 1588 1488
f 1487 1587 1588
f 1488 1589 1489
f 1488 1588 1589
f 1489 1590 1490
f 1489 1589 1590
f 1490 1591 1491
f 1490 1590 1591
f 1491 1592 1492
f 1491 1591 1592
f 1492 1593 1493
f 1492 1592 1593
f 1493 1594 1494
f 1493 1593 1594
f 1494 1595 1495
f 1494 1594 1595
f 1495 1596 1496
f 1495 1595 1596
f 1496 1597 1497
f 1496 1596 1597
f 1497 1598 1498
f 1497 1597 1598
f 1498 1599 1499
f 1498 1598 1599
f 1499 1600 1500
f 1499 1599 1600
f 1500 1501 1401
f 1500 1600 1501
f 1501 1602 1502
f 1501 1601 1602
f 1502 1603 1503
f 1502 1602 1603
f 1503 1604 1504
f 1503 1603 1604
f 1504 1605 1505
f 1504 1604 1605
f 1505 1606 1506
f 1505 1605 1606
f 1506 1607 1507
f 1506 1606 1607
f 1507 1608 1508
f 1507 1607 1608
f 1508 1609 1509
f 1508 1608 1609
f 1509 1610 1510
f 1509 1609 1610
f 1510 1611 1511
f 1510 1610 1611
f 1511 1612 1512
f 1511 1611 1612
f 1512 1613 1513
f 1512 1612 1613
f 1513 1614 1514
f 1513 1613 1614
f 1514 1615 1515
f 1514 1614 1615
f 1515 1616 1516
f 1515 1615 1616
f 1516 1617 1517
f 1516 1616 1617
f 1517 1618 1518
f 1517 1617 1618
f 1518 1619 1519
f 1518 1618 1619
f 1519 1620 1520
f 1519 1619 1620
f 1520 1621 1521
f 1520 1620 1621
f 1521 1622 1522
f 1521 1621 1622
f 1522 1623 1523
f 1522 1622 1623
f 1523 1624 1524
f 1523 1623 1624
f 1524 1625 1525
f 1524 1624 1625
f 1525 1626 1526
f 1525 1625 1626
f 1526 1627 1527
f 1526 1626 1627
f 1527 1628 1528
f 1527 1627 1628
f 1528 1629 1529
f 1528 1628 1629
f 1529 1630 1530
f 1529 1629 1630
f 1530 1631 1531
f 1530 1630 1631
f 1531 1632 1532
f 1531 1631 1632
f 1532 1633 1533
f 1532 1632 1633
f 1533 1634 1534
f 1533 1633 1634
f 1534 1635 1535
f 1534 1634 1635
f 1535 1636 1536
f 1535 1635 1636
f 1536 1637 1537
f 1536 1636 1637
f 1537 1638 1538
f 1537 1637 1638
f 1538 1639 1539
f 1538 1638 1639
f 1539 1640 1540
f 1539 1639 1640
f 1540 1641 1541
f 1540 1640 1641
f 1541 1642 1542
f 1541 1641 1642
f 1542 1643 1543
f 1542 1642 1643
f 1543 1644 1544
f 1543 1643 1644
f 1544 1645 1545
f 1544 1644 1645
f 1545 1646 1546
f 1545 1645 1646
f 1546 1647 1547
f 1546 1646 1647
f 1547 1648 1548
f 1547 1647 1648
f 1548 1649 1549
f 1548 1648 1649
f 1549 1650 1550
f 1549 1649 1650
f 1550 1651 1551
f 1550 1650 1651
f 1551 1652 1552
f 1551 1651 1652
f 1552 1653 1553
f 1552 1652 1653
f 1553 1654 1554
f 1553 1653 1654
f 1554 1655 1555
f 1554 1654 1655
f 1555 1656 1556
f 1555 1655 1656
f 1556 1657 1557
f 1556 1656 1657
f 1557 1658 1558
f 1557 1657 1658
f 1558 1659 1559
f 1558 1658 1659
f 1559 1660 1560
f 1559 1659 1660
f 1560 1661 1561
f 1560 1660 1661
f 1561 1662 1562
f 1561 1661 1662
f 1562 1663 1563
f 1562 1662 1663
f 1563 1664 1564
f 1563 1663 1664
f 1564 1665 1565
f 1564 1664 1665
f 1565 1666 1566
f 1565 1665 1666
f 1566 1667 1567
f 1566 1666 1667
f 1567 1668 1568
f 1567 1667 1668
f 1568 1669 1569
f 1568 1668 1669
f 1569 1670 1570
f 1569 1669 1670
f 1570 1671 1571
f 1570 1670 1671
f 1571 1672 1572
f 1571 1671 1672
f 1572 1673 1573
f 1572 1672 1673
f 1573 1674 1574
f 1573 1673 1674
f 1574 1675 1575
f 1574 1674 1675
f 1575 1676 1576
f 1575 1675 1676
f 1576 1677 1577
f 1576 1676 1677
f 1577 1678 1578
f 1577 1677 1678
f 1578 1679 1579
f 1578 1678 1679
f 1579 1680 1580
f 1579 1679 1680
f 1580 1681 1581
f 1580 1680 1681
f 1581 1682 1582
f 1581 1681 1682
f 1582 1683 1583
f 1582 1682 1683
f 1583 1684 1584
f 1583 1683 1684
f 1584 1685 1585
f 1584 1684 1685
f 1585 1686 1586
f 1585 1685 1686
f 1586 1687 1587
f 1586 1686 1687
f 1587 1688 1588
f 1587 1687 1688
f 1588 1689 1589
f 1588 1688 1689
f 1589 1690 1590
f 1589 1689 1690
f 1590 1691 1591
f 1590 1690 1691
f 1591 1692 1592
f 1591 1691 1692
f 1592 1693 1593
f 1592 1692 1693
f 1593 1694 1594
f 1593 1693 1694
f 1594 1695 1595
f 1594 1694 1695
f 1595 1696 1596
f 1595 1695 1696
f 1596 1697 1597
f 1596 1696 1697
f 1597 1698 1598
f 1597 1697 1698
f 1598 1699 1599
f 1598 1698 1699
f 1599 1700 1600
f 1599 1699 1700
f 1600 1601 1501
f 1600 1700 1601
f 1601 1702 1602
f 1601 1701 1702
f 1602 1703 1603
f 1602 1702 1703
f 1603 1704 1604
f 1603 1703 1704
f 1604 1705 1605
f 1604 1704 1705
f 1605 1706 1606
f 1605 1705 1706
f 1606 1707 1607
f 1606 1706 1707
f 1607 1708 1608
f 1607 1707 1708
f 1608 1709 1609
f 1608 1708 1709
f 1609 1710 1610
f 1609 1709 1710
f 1610 1711 1611
f 1610 1710 1711
f 1611 1712 1612
f 1611 1711 1712
f 1612 1713 1613
f 1612 1712 1713
f 1613 1714 1614
f 1613 1713 1714
f 1614 1715 1615
f 1614 1714 1715
f 1615 1716 1616
f 1615 1715 1716
f 1616 1717 1617
f 1616 1716 1717
f 1617 1718 1618
f 1617 1717 1718
f 1618 1719 1619
f 1618 1718 1719
f 1619 1720 1620
f 1619 1719 1720
f 1620 1721 1621
f 1620 1720 1721
f 1621 1722 1622
f 1621 1721 1722
f 1622 1723 1623
f 1622 1722 1723
f 1623 1724 1624
f 1623 1723 1724
f 1624 1725 1625
f 1624 1724 1725
f 1625 1726 1626
f 1625 1725 1726
f 1626 1727 1627
f 1626 1726 1727
f 1627 1728 1628
f 1627 1727 1728
f 1628 1729 1629
f 1628 1728 1729
f 1629 1730 1630
f 1629 1729 1730
f 1630 1731 1631
f 1630 1730 1731
f 1631 1732 1632
f 1631 1731 1732
f 1632 1733 1633
f 1632 1732 1733
f 1633 1734 1634
f 1633 1733 1734
f 1634 1735 1635
f 1634 1734 1735
f 1635 1736 1636
f 1635 1735 1736
f 1636 1737 1637
f 1636 1736 1737
f 1637 1738 1638
f 1637 1737 1738
f 1638 1739 1639
f 1638 1738 1739
f 1639 1740 1640
f 1639 1739 1740
f 1640 1741 1641
f 1640 1740 1741
f 1641 1742 1642
f 1641 1741 1742
f 1642 1743 1643
f 1642 1742 1743
f 1643 1744 1644
f 1643 1743 1744
f 1644 1745 1645
f 1644 1744 1745
f 1645 1746 1646
f 1645 1745 1746
f 1646 1747 1647
f 1646 1746 1747
f 1647 1748 1648
f 1647 1747 1748
f 1648 1749 1649
f 1648 1748 1749
f 1649 1750 1650
f 1649 1749 1750
f 1650 1751 1651
f 1650 1750 1751
f 1651 1752 1652
f 1651 1751 1752
f 1652 1753 1653
f 1652 1752 1753
f 1653 1754 1654
f 1653 1753 1754
f 1654 1755 1655
f 1654 1754 1755
f 1655 1756 1656
f 1655 1755 1756
f 1656 1757 1657
f 1656 1756 1757
f 1657 1758 1658
f 1657 1757 1758
f 1658 1759 1659
f 1658 1758 1759
f 1659 1760 1660
f 1659 1759 1760
f 1660 1761 1661
f 1660 1760 1761
f 1661 1762 1662
f 1661 1761 1762
f 1662 1763 1663
f 1662 1762 1763
f 1663 1764 1664
f 1663 1763 1764
f 1664 1765 1665
f 1664 1764 1765
f 1665 1766 1666
f 1665 1765 1766
f 1666 1767 1667
f 1666 1766 1767
f 1667 1768 1668
f 1667 1767 1768
f 1668 1769 1669
f 1668 1768 1769
f 1669 1770 1670
f 1669 1769 1770
f 1670 1771 1671
f 1670 1770 1771
f 1671 1772 1672
f 1671 1771 1772
f 1672 1773 1673
f 1672 1772 1773
f 1673 1774 1674
f 1673 1773 1774
f 1674 1775 1675
f 1674 1774 1775
f 1675 1776 1676
f 1675 1775 1776
f 1676 1777 1677
f 1676 1776 1777
f 1677 1778 1678
f 1677 1777 1778
f 1678 1779 1679
f 1678 1778 1779
f 1679 1780 1680
f 1679 1779 1780
f 1680 1781 1681
f 1680 1780 1781
f 1681 1782 1682
f 1681 1781 1782
f 1682 1783 1683
f 1682 1782 1783
f 1683 1784 1684
f 1683 1783 1784
f 1684 1785 1685
f 1684 1784 1785
f 1685 1786 1686
f 1685 1785 1786
f 1686 1787 1687
f 1686 1786 1787
f 1687 1788 1688
f 1687 1787 1788
f 1688 1789 1689
f 1688 1788 1789
f 1689 1790 1690
f 1689 1789 1790
f 1690 1791 1691
f 1690 1790 1791
f 1691 1792 1692
f 1691 1791 1792
f 1692 1793 1693
f 1692 1792 1793
f 1693 1794 1694
f 1693 1793 1794
f 1694 1795 1695
f 1694 1794 1795
f 1695 1796 1696
f 1695 1795 1796
f 1696 1797 1697
f 1696 1796 1797
f 1697 1798 1698
f 1697 1797 1798
f 1698 1799 1699
f 1698 1798 1799
f 1699 1800 1700
f 1699 1799 1800
f 1700 1701 1601
f 1700 1800 1701
f 1701 1802 1702
f 1701 1801 1802
f 1702 1803 1703
f 1702 1802 1803
f 1703 1804 1704
f 1703 1803 1804
f 1704 1805 1705
f 1704 1804 1805
f 1705 1806 1706
f 1705 1805 1806
f 1706 1807 1707
f 1706 1806 1807
f 1707 1808 1708
f 1707 1807 1808
f 1708 1809 1709
f 1708 1808 1809
f 1709 1810 1710
f 1709 1809 1810
f 1710 1811 1711
f 1710 1810 1811
f 1711 1812 1712
f 1711 1811 1812
f 1712 1813 1713
f 1712 1812 1813
f 1713 1814 1714
f 1713 1813 1814
f 1714 1815 1715
f 1714 1814 1815
f 1715 1816 1716
f 1715 1815 1816
f 1716 1817 1717
f 1716 1816 1817
f 1717 1818 1718
f 1717 1817 1818
f 1718 1819 1719
f 1718 1818 1819
f 1719 1820 1720
f 1719 1819 1820
f 1720 1821 1721
f 1720 1820 1821
f 1721 1822 1722
f 1721 1821 1822
f 1722 1823 1723
f 1722 1822 1823
f 1723 1824 1724
f 1723 1823 1824
f 1724 1825 1725
f 1724 1824 1825
f 1725 1826 1726
f 1725 1825 1826
f 1726 1827 1727
f 1726 1826 1827
f 1727 1828 1728
f 1727 1827 1828
f 1728 1829 1729
f 1728 1828 1829
f 1729 1830 1730
f 1729 1829 1830
f 1730 1831 1731
f 1730 1830 1831
f 1731 1832 1732
f 1731 1831 1832
f 1732 1833 1733
f 1732 1832 1833
f 1733 1834 1734
f 1733 1833 1834
f 1734 1835 1735
f 1734 1834 1835
f 1735 1836 1736
f 1735 1835 1836
f 1736 1837 1737
f 1736 1836 1837
f 1737 1838 1738
f 1737 1837 1838
f 1738 1839 1739
f 1738 1838 1839
f 1739 1840 1740
f 1739 1839 1840
f 1740 1841 1741
f 1740 1840 1841
f 1741 1842 1742
f 1741 1841 1842
f 1742 1843 1743
f 1742 1842 1843
f 1743 1844 1744
f 1743 1843 1844
f 1744 1845 1745
f 1744 1844 1845
f 1745 1846 1746
f 1745 1845 1846
f 1746 1847 1747
f 1746 1846 1847
f 1747 1848 1748
f 1747 1847 1848
f 1748 1849 1749
f 1748 1848 1849
f 1749 1850 1750
f 1749 1849 1850
f 1750 1851 1751
f 1750 1850 1851
f 1751 1852 1752
f 1751 1851 1852
f 1752 1853 1753
f 1752 1852 1853
f 1753 1854 1754
f 1753 1853 1854
f 1754 1855 1755
f 1754 1854 1855
f 1755 1856 1756
f 1755 1855 1856
f 1756 1857 1757
f 1756 1856 1857
f 1757 1858 1758
f 1757 1857 1858
f 1758 1859 1759
f 1758 1858 1859
f 1759 1860 1760
f 1759 1859 1860
f 1760 1861 1761
f 1760 1860 1861
f 1761 1862 1762
f 1761 1861 1862
f 1762 1863 1763
f 1762 1862 1863
f 1763 1864 1764
f 1763 1863 1864
f 1764 1865 1765
f 1764 1864 1865
f 1765 1866 1766
f 1765 1865 1866
f 1766 1867 1767
f 1766 1866 1867
f 1767 1868 1768
f 1767 1867 1868
f 1768 1869 1769
f 1768 1868 1869
f 1769 1870 1770
f 1769 1869 1870
f 1770 1871 1771
f 1770 1870 1871
f 1771 1872 1772
f 1771 1871 1872
f 1772 1873 1773
f 1772 1872 1873
f 1773 1874 1774
f 1773 1873 1874
f 1774 1875 1775
f 1774 1874 1875
f 1775 1876 1776
f 1775 1875 1876
f 1776 1877 1777
f 1776 1876 1877
f 1777 1878 1778
f 1777 1877 1878
f 1778 1879 1779
f 1778 1878 1879
f 1779 1880 1780
f 1779 1879 1880
f 1780 1881 1781
f 1780 1880 1881
f 1781 1882 1782
f 1781 1881 1882
f 1782 1883 1783
f 1782 1882 1883
f 1783 1884 1784
f 1783 1883 1884
f 1784 1885 1785
f 1784 1884 1885
f 1785 1886 1786
f 1785 1885 1886
f 1786 1887 1787
f 1786 1886 1887
f 1787 1888 1788
f 1787 1887 1888
f 1788 1889 1789
f 1788 1888 1889
f 1789 1890 1790
f 1789 1889 1890
f 1790 1891 1791
f 1790 1890 1891
f 1791 1892 1792
f 1791 1891 1892
f 1792 1893 1793
f 1792 1892 1893
f 1793 1894 1794
f 1793 1893 1894
f 1794 1895 1795
f 1794 1894 1895
f 1795 1896 1796
f 1795 1895 1896
f 1796 1897 1797
f 1796 1896 1897
f 1797 1898 1798
f 1797 1897 1898
f 1798 1899 1799
f 1798 1898 1899
f 1799 1900 1800
f 1799 1899 1900
f 1800 1801 1701
f 1800 1900 1801
f 1801 1902 1802
f 1801 1901 1902
f 1802 1903 1803
f 1802 1902 1903
f 1803 1904 1804
f 1803 1903 1904
f 1804 1905 1805
f 1804 1904 1905
f 1805 1906 1806
f 1805 1905 1906
f 1806 1907 1807
f 1806 1906 1907
f 1807 1908 1808
f 1807 1907 1908
f 1808 1909 1809
f 1808 1908 1909
f 1809 1910 1810
f 1809 1909 1910
f 1810 1911 1811
f 1810 1910 1911
f 1811 1912 1812
f 1811 1911 1912
f 1812 1913 1813
f 1812 1912 1913
f 1813 1914 1814
f 1813 1913 1914
f 1814 1915 1815
f 1814 1914 1915
f 1815 1916 1816
f 1815 1915 1916
f 1816 1917 1817
f 1816 1916 1917
f 1817 1918 1818
f 1817 1917 1918
f 1818 1919 1819
f 1818 1918 1919
f 1819 1920 1820
f 1819 1919 1920
f 1820 1921 1821
f 1820 1920 1921
f 1821 1922 1822
f 1821 1921 1922
f 1822 1923 1823
f 1822 1922 1923
f 1823 1924 1824
f 1823 1923 1924
f 1824 1925 1825
f 1824 1924 1925
f 1825 1926 1826
f 1825 1925 1926
f 1826 1927 1827
f 1826 1926 1927
f 1827 1928 1828
f 1827 1927 1928
f 1828 1929 1829
f 1828 1928 1929
f 1829 1930 1830
f 1829 1929 1930
f 1830 1931 1831
f 1830 1930 1931
f 1831 1932 1832
f 1831 1931 1932
f 1832 1933 1833
f 1832 1932 1933
f 1833 1934 1834
f 1833 1933 1934
f 1834 1935 1835
f 1834 1934 1935
f 1835 1936 1836
f 1835 1935 1936
f 1836 1937 1837
f 1836 1936 1937
f 1837 1938 1838
f 1837 1937 1938
f 1838 1939 1839
f 1838 1938 1939
f 1839 1940 1840
f 1839 1939 1940
f 1840 1941 1841
f 1840 1940 1941
f 1841 1942 1842
f 1841 1941 1942
f 1842 1943 1843
f 1842 1942 1943
f 1843 1944 1844
f 1843 1943 1944
f 1844 1945 1845
f 1844 1944 1945
f 1845 1946 1846
f 1845 1945 1946
f 1846 1947 1847
f 1846 1946 1947
f 1847 1948 1848
f 1847 1947 1948
f 1848 1949 1849
f 1848 1948 1949
f 1849 1950 1850
f 1849 1949 1950
f 1850 1951 1851
f 1850 1950 1951
f 1851 1952 1852
f 1851 1951 1952
f 1852 1953 1853
f 1852 1952 1953
f 1853 1954 1854
f 1853 1953 1954
f 1854 1955 1855
f 1854 1954 1955
f 1855 1956 1856
f 1855 1955 1956
f 1856 1957 1857
f 1856 1956 1957
f 1857 1958 1858
f 1857 1957 1958
f 1858 1959 1859
f 1858 1958 1959
f 1859 1960 1860
f 1859 1959 1960
f 1860 1961 1861
f 1860 1960 1961
f 1861 1962 1862
f 1861 1961 1962
f 1862 1963 1863
f 1862 1962 1963
f 1863 1964 1864
f 1863 1963 1964
f 1864 1965 1865
f 1864 1964 1965
f 1865 1966 1866
f 1865 1965 1966
f 1866 1967 1867
f 1866 1966 1967
f 1867 1968 1868
f 1867 1967 1968
f 1868 1969 1869
f 1868 1968 1969
f 1869 1970 1870
f 1869 1969 1970
f 1870 1971 1871
f 1870 1970 1971
f 1871 1972 1872
f 1871 1971 1972
f 1872 1973 1873
f 1872 1972 1973
f 1873 1974 1874
f 1873 1973 1974
f 1874 1975 1875
f 1874 1974 1975
f 1875 1976 1876
f 1875 1975 1976
f 1876 1977 1877
f 1876 1976 1977
f 1877 1978 1878
f 1877 1977 1978
f 1878 1979 1879
f 1878 1978 1979
f 1879 1980 1880
f 1879 1979 1980
f 1880 1981 1881
f 1880 1980 1981
f 1881 1982 1882
f 1881 1981 1982
f 1882 1983 1883
f 1882 1982 1983
f 1883 1984 1884
f 1883 1983 1984
f 1884 1985 1885
f 1884 1984 1985
f 1885 1986 1886
f 1885 1985 1986
f 1886 1987 1887
f 1886 1986 1987
f 1887 1988 1888
f 1887 1987 1988
f 1888 1989 1889
f 1888 1988 1989
f 1889 1990 1890
f 1889 1989 1990
f 1890 1991 1891
f 1890 1990 1991
f 1891 1992 1892
f 1891 1991 1992
f 1892 1993 1893
f 1892 1992 1993
f 1893 1994 1894
f 1893 1993 1994
f 1894 1995 1895
f 1894 1994 1995
f 1895 1996 1896
f 1895 1995 1996
f 1896 1997 1897
f 1896 1996 1997
f 1897 1998 1898
f 1897 1997 1998
f 1898 1999 1899
f 1898 1998 1999
f 1899 2000 1900
f 1899 1999 2000
f 1900 1901 1801
f 1900 2000 1901
f 1901 2002 1902
f 1901 2001 2002
f 1902 2003 1903
f 1902 2002 2003
f 1903 2004 1904
f 1903 2003 2004
f 1904 2005 1905
f 1904 2004 2005
f 1905 2006 1906
f 1905 2005 2006
f 1906 2007 1907
f 1906 2006 2007
f 1907 2008 1908
f 1907 2007 2008
f 1908 2009 1909
f 1908 2008 2009
f 1909 2010 1910
f 1909 2009 2010
f 1910 2011 1911
f 1910 2010 2011
f 1911 2012 1912
f 1911 2011 2012
f 1912 2013 1913
f 1912 2012 2013
f 1913 2014 1914
f 1913 2013 2014
f 1914 2015 1915
f 1914 2014 2015
f 1915 2016 1916
f 1915 2015 2016
f 1916 2017 1917
f 1916 2016 2017
f 1917 2018 1918
f 1917 2017 2018
f 1918 2019 1919
f 1918 2018 2019
f 1919 2020 1920
f 1919 2019 2020
f 1920 2021 1921
f 1920 2020 2021
f 1921 2022 1922
f 1921 2021 2022
f 1922 2023 1923
f 1922 2022 2023
f 1923 2024 1924
f 1923 2023 2024
f 1924 2025 1925
f 1924 2024 2025
f 1925 2026 1926
f 1925 2025 2026
f 1926 2027 1927
f 1926 2026 2027
f 1927 2028 1928
f 1927 2027 2028
f 1928 2029 1929
f 1928 2028 2029
f 1929 2030 1930
f 1929 2029 2030
f 1930 2031 1931
f 1930 2030 2031
f 1931 2032 1932
f 1931 2031 2032
f 1932 2033 1933
f 1932 2032 2033
f 1933 2034 1934
f 1933 2033 2034
f 1934 2035 1935
f 1934 2034 2035
f 1935 2036 1936
f 1935 2035 2036
f 1936 2037 1937
f 1936 2036 2037
f 1937 2038 1938
f 1937 2037 2038
f 1938 2039 1939
f 1938 2038 2039
f 1939 2040 1940
f 1939 2039 2040
f 1940 2041 1941
f 1940 2040 2041
f 1941 2042 1942
f 1941 2041 2042
f 1942 2043 1943
f 1942 2042 2043
f 1943 2044 1944
f 1943 2043 2044
f 1944 2045 1945
f 1944 2044 2045
f 1945 2046 1946
f 1945 2045 2046
f 1946 2047 1947
f 1946 2046 2047
f 1947 2048 1948
f 1947 2047 2048
f 1948 2049 1949
f 1948 2048 2049
f 1949 2050 1950
f 1949 2049 2050
f 1950 2051 1951
f 1950 2050 2051
f 1951 2052 1952
f 1951 2051 2052
f 1952 2053 1953
f 1952 2052 2053
f 1953 2054 1954
f 1953 2053 2054
f 1954 2055 1955
f 1954 2054 2055
f 1955 2056 1956
f 1955 2055 2056
f 1956 2057 1957
f 1956 2056 2057
f 1957 2058 1958
f 1957 2057 2058
f 1958 2059 1959
f 1958 2058 2059
f 1959 2060 1960
f 1959 2059 2060
f 1960 2061 1961
f 1960 2060 2061
f 1961 2062 1962
f 1961 2061 2062
f 1962 2063 1963
f 1962 2062 2063
f 1963 2064 1964
f 1963 2063 2064
f 1964 2065 1965
f 1964 2064 2065
f 1965 2066 1966
f 1965 2065 2066
f 1966 2067 1967
f 1966 2066 2067
f 1967 2068 1968
f 1967 2067 2068
f 1968 2069 1969
f 1968 2068 2069
f 1969 2070 1970
f 1969 2069 2070
f 1970 2071 1971
f 1970 2070 2071
f 1971 2072 1972
f 1971 2071 2072
f 1972 2073 1973
f 1972 2072 2073
f 1973 2074 1974
f 1973 2073 2074
f 1974 2075 1975
f 1974 2074 2075
f 1975 2076 1976
f 1975 2075 2076
f 1976 2077 1977
f 1976 2076 2077
f 1977 2078 1978
f 1977 2077 2078
f 1978 2079 1979
f 1978 2078 2079
f 1979 2080 1980
f 1979 2079 2080
f 1980 2081 1981
f 1980 2080 2081
f 1981 2082 1982
f 1981 2081 2082
f 1982 2083 1983
f 1982 2082 2083
f 1983 2084 1984
f 1983 2083 2084
f 1984 2085 1985
f 1984 2084 2085
f 1985 2086 1986
f 1985 2085 2086
f 1986 2087 1987
f 1986 2086 2087
f 1987 2088 1988
f 1987 2087 2088
f 1988 2089 1989
f 1988 2088 2089
f 1989 2090 1990
f 1989 2089 2090
f 1990 2091 1991
f 1990 2090 2091
f 1991 2092 1992
f 1991 2091 2092
f 1992 2093 1993
f 1992 2092 2093
f 1993 2094 1994
f 1993 2093 2094
f 1994 2095 1995
f 1994 2094 2095
f 1995 2096 1996
f 1995 2095 2096
f 1996 2097 1997
f 1996 2096 2097
f 1997 2098 1998
f 1997 2097 2098
f 1998 2099 1999
f 1998 2098 2099
f 1999 2100 2000
f 1999 2099 2100
f 2000 2001 1901
f 2000 2100 2001
f 2001 2102 2002
f 2001 2101 2102
f 2002 2103 2003
f 2002 2102 2103
f 2003 2104 2004
f 2003 2103 2104
f 2004 2105 2005
f 2004 2104 2105
f 2005 2106 2006
f 2005 2105 2106
f 2006 2107 2007
f 2006 2106 2107
f 2007 2108 2008
f 2007 2107 2108
f 2008 2109 2009
f 2008 2108 2109
f 2009 2110 2010
f 2009 2109 2110
f 2010 2111 2011
f 2010 2110 2111
f 2011 2112 2012
f 2011 2111 2112
f 2012 2113 2013
f 2012 2112 2113
f 2013 2114 2014
f 2013 2113 2114
f 2014 2115 2015
f 2014 2114 2115
f 2015 2116 2016
f 2015 2115 2116
f 2016 2117 2017
f 2016 2116 2117
f 2017 2118 2018
f 2017 2117 2118
f 2018 2119 2019
f 2018 2118 2119
f 2019 2120 2020
f 2019 2119 2120
f 2020 2121 2021
f 2020 2120 2121
f 2021 2122 2022
f 2021 2121 2122
f 2022 2123 2023
f 2022 2122 2123
f 2023 2124 2024
f 2023 2123 2124
f 2024 2125 2025
f 2024 2124 2125
f 2025 2126 2026
f 2025 2125 2126
f 2026 2127 2027
f 2026 2126 2127
f 2027 2128 2028
f 2027 2127 2128
f 2028 2129 2029
f 2028 2128 2129
f 2029 2130 2030
f 2029 2129 2130
f 2030 2131 2031
f 2030 2130 2131
f 2031 2132 2032
f 2031 2131 2132
f 2032 2133 2033
f 2032 2132 2133
f 2033 2134 2034
f 2033 2133 2134
f 2034 2135 2035
f 2034 2134 2135
f 2035 2136 2036
f 2035 2135 2136
f 2036 2137 2037
f 2036 2136 2137
f 2037 2138 2038
f 2037 2137 2138
f 2038 2139 2039
f 2038 2138 2139
f 2039 2140 2040
f 2039 2139 2140
f 2040 2141 2041
f 2040 2140 2141
f 2041 2142 2042
f 2041 2141 2142
f 2042 2143 2043
f 2042 2142 2143
f 2043 2144 2044
f 2043 2143 2144
f 2044 2145 2045
f 2044 2144 2145
f 2045 2146 2046
f 2045 2145 2146
f 2046 2147 2047
f 2046 2146 2147
f 2047 2148 2048
f 2047 2147 2148
f 2048 2149 2049
f 2048 2148 2149
f 2049 2150 2050
f 2049 2149 2150
f 2050 2151 2051
f 2050 2150 2151
f 2051 2152 2052
f 2051 2151 2152
f 2052 2153 2053
f 2052 2152 2153
f 2053 2154 2054
f 2053 2153 2154
f 2054 2155 2055
f 2054 2154 2155
f 2055 2156 2056
f 2055 2155 2156
f 2056 2157 2057
f 2056 2156 2157
f 2057 2158 2058
f 2057 2157 2158
f 2058 2159 2059
f 2058 2158 2159
f 2059 2160 2060
f 2059 2159 2160
f 2060 2161 2061
f 2060 2160 2161
f 2061 2162 2062
f 2061 2161 2162
f 2062 2163 2063
f 2062 2162 2163
f 2063 2164 2064
f 2063 2163 2164
f 2064 2165 2065
f 2064 2164 2165
f 2065 2166 2066
f 2065 2165 2166
f 2066 2167 2067
f 2066 2166 2167
f 2067 2168 2068
f 2067 2167 2168
f 2068 2169 2069
f 2068 2168 2169
f 2069 2170 2070
f 2069 2169 2170
f 2070 2171 2071
f 2070 2170 2171
f 2071 2172 2072
f 2071 2171 2172
f 2072 2173 2073
f 2072 2172 2173
f 2073 2174 2074
f 2073 2173 2174
f 2074 2175 2075
f 2074 2174 2175
f 2075 2176 2076
f 2075 2175 2176
f 2076 2177 2077
f 2076 2176 2177
f 2077 2178 2078
f 2077 2177 2178
f 2078 2179 2079
f 2078 2178 2179
f 2079 2180 2080
f 2079 2179 2180
f 2080 2181 2081
f 2080 2180 2181
f 2081 2182 2082
f 2081 2181 2182
f 2082 2183 2083
f 2082 2182 2183
f 2083 2184 2084
f 2083 2183 2184
f 2084 2185 2085
f 2084 2184 2185
f 2085 2186 2086
f 2085 2185 2186
f 2086 2187 2087
f 2086 2186 2187
f 2087 2188 2088
f 2087 2187 2188
f 2088 2189 2089
f 2088 2188 2189
f 2089 2190 2090
f 2089 2189 2190
f 2090 2191 2091
f 2090 2190 2191
f 2091 2192 2092
f 2091 2191 2192
f 2092 2193 2093
f 2092 2192 2193
f 2093 2194 2094
f 2093 2193 2194
f 2094 2195 2095
f 2094 2194 2195
f 2095 2196 2096
f 2095 2195 2196
f 2096 2197 2097
f 2096 2196 2197
f 2097 2198 2098
f 2097 2197 2198
f 2098 2199 2099
f 2098 2198 2199
f 2099 2200 2100
f 2099 2199 2200
f 2100 2101 2001
f 2100 2200 2101
f 2101 2202 2102
f 2101 2201 2202
f 2102 2203 2103
f 2102 2202 2203
f 2103 2204 2104
f 2103 2203 2204
f 2104 2205 2105
f 2104 2204 2205
f 2105 2206 2106
f 2105 2205 2206
f 2106 2207 2107
f 2106 2206 2207
f 2107 2208 2108
f 2107 2207 2208
f 2108 2209 2109
f 2108 2208 2209
f 2109 2210 2110
f 2109 2209 2210
f 2110 2211 2111
f 2110 2210 2211
f 2111 2212 2112
f 2111 2211 2212
f 2112 2213 2113
f 2112 2212 2213
f 2113 2214 2114
f 2113 2213 2214
f 2114 2215 2115
f 2114 2214 2215
f 2115 2216 2116
f 2115 2215 2216
f 2116 2217 2117
f 2116 2216 2217
f 2117 2218 2118
f 2117 2217 2218
f 2118 2219 2119
f 2118 2218 2219
f 2119 2220 2120
f 2119 2219 2220
f 2120 2221 2121
f 2120 2220 2221
f 2121 2222 2122
f 2121 2221 2222
f 2122 2223 2123
f 2122 2222 2223
f 2123 2224 2124
f 2123 2223 2224
f 2124 2225 2125
f 2124 2224 2225
f 2125 2226 2126
f 2125 2225 2226
f 2126 2227 2127
f 2126 2226 2227
f 2127 2228 2128
f 2127 2227 2228
f 2128 2229 2129
f 2128 2228 2229
f 2129 2230 2130
f 2129 2229 2230
f 2130 2231 2131
f 2130 2230 2231
f 2131 2232 2132
f 2131 2231 2232
f 2132 2233 2133
f 2132 2232 2233
f 2133 2234 2134
f 2133 2233 2234
f 2134 2235 2135
f 2134 2234 2235
f 2135 2236 2136
f 2135 2235 2236
f 2136 2237 2137
f 2136 2236 2237
f 2137 2238 2138
f 2137 2237 2238
f 2138 2239 2139
f 2138 2238 2239
f 2139 2240 2140
f 2139 2239 2240
f 2140 2241 2141
f 2140 2240 2241
f 2141 2242 2142
f 2141 2241 2242
f 2142 2243 2143
f 2142 2242 2243
f 2143 2244 2144
f 2143 2243 2244
f 2144 2245 2145
f 2144 2244 2245
f 2145 2246 2146
f 2145 2245 2246
f 2146 2247 2147
f 2146 2246 2247
f 2147 2248 2148
f 2147 2247 2248
f 2148 2249 2149
f 2148 2248 2249
f 2149 2250 2150
f 2149 2249 2250
f 2150 2251 2151
f 2150 2250 2251
f 2151 2252 2152
f 2151 2251 2252
f 2152 2253 2153
f 2152 2252 2253
f 2153 2254 2154
f 2153 2253 2254
f 2154 2255 2155
f 2154 2254 2255
f 2155 2256 2156
f 2155 2255 2256
f 2156 2257 2157
f 2156 2256 2257
f 2157 2258 2158
f 2157 2257 2258
f 2158 2259 2159
f 2158 2258 2259
f 2159 2260 2160
f 2159 2259 2260
f 2160 2261 2161
f 2160 2260 2261
f 2161 2262 2162
f 2161 2261 2262
f 2162 2263 2163
f 2162 2262 2263
f 2163 2264 2164
f 2163 2263 2264
f 2164 2265 2165
f 2164 2264 2265
f 2165 2266 2166
f 2165 2265 2266
f 2166 2267 2167
f 2166 2266 2267
f 2167 2268 2168
f 2167 2267 2268
f 2168 2269 2169
f 2168 2268 2269
f 2169 2270 2170
f 2169 2269 2270
f 2170 2271 2171
f 2170 2270 2271
f 2171 2272 2172
f 2171 2271 2272
f 2172 2273 2173
f 2172 2272 2273
f 2173 2274 2174
f 2173 2273 2274
f 2174 2275 2175
f 2174 2274 2275
f 2175 2276 2176
f 2175 2275 2276
f 2176 2277 2177
f 2176 2276 2277
f 2177 2278 2178
f 2177 2277 2278
f 2178 2279 2179
f 2178 2278 2279
f 2179 2280 2180
f 2179 2279 2280
f 2180 2281 2181
f 2180 2280 2281
f 2181 2282 2182
f 2181 2281 2282
f 2182 2283 2183
f 2182 2282 2283
f 2183 2284 2184
f 2183 2283 2284
f 2184 2285 2185
f 2184 2284 2285
f 2185 2286 2186
f 2185 2285 2286
f 2186 2287 2187
f 2186 2286 2287
f 2187 2288 2188
f 2187 2287 2288
f 2188 2289 2189
f 2188 2288 2289
f 2189 2290 2190
f 2189 2289 2290
f 2190 2291 2191
f 2190 2290 2291
f 2191 2292 2192
f 2191 2291 2292
f 2192 2293 2193
f 2192 2292 2293
f 2193 2294 2194
f 2193 2293 2294
f 2194 2295 2195
f 2194 2294 2295
f 2195 2296 2196
f 2195 2295 2296
f 2196 2297 2197
f 2196 2296 2297
f 2197 2298 2198
f 2197 2297 2298
f 2198 2299 2199
f 2198 2298 2299
f 2199 2300 2200
f 2199 2299 2300
f 2200 2201 2101
f 2200 2300 2201
f 2201 2302 2202
f 2201 2301 2302
f 2202 2303 2203
f 2202 2302 2303
f 2203 2304 2204
f 2203 2303 2304
f 2204 2305 2205
f 2204 2304 2305
f 2205 2306 2206
f 2205 2305 2306
f 2206 2307 2207
f 2206 2306 2307
f 2207 2308 2208
f 2207 2307 2308
f 2208 2309 2209
f 2208 2308 2309
f 2209 2310 2210
f 2209 2309 2310
f 2210 2311 2211
f 2210 2310 2311
f 2211 2312 2212
f 2211 2311 2312
f 2212 2313 2213
f 2212 2312 2313
f 2213 2314 2214
f 2213 2313 2314
f 2214 2315 2215
f 2214 2314 2315
f 2215 2316 2216
f 2215 2315 2316
f 2216 2317 2217
f 2216 2316 2317
f 2217 2318 2218
f 2217 2317 2318
f 2218 2319 2219
f 2218 2318 2319
f 2219 2320 2220
f 2219 2319 2320
f 2220 2321 2221
f 2220 2320 2321
f 2221 2322 2222
f 2221 2321 2322
f 2222 2323 2223
f 2222 2322 2323
f 2223 2324 2224
f 2223 2323 2324
f 2224 2325 2225
f 2224 2324 2325
f 2225 2326 2226
f 2225 2325 2326
f 2226 2327 2227
f 2226 2326 2327
f 2227 2328 2228
f 2227 2327 2328
f 2228 2329 2229
f 2228 2328 2329
f 2229 2330 2230
f 2229 2329 2330
f 2230 2331 2231
f 2230 2330 2331
f 2231 2332 2232
f 2231 2331 2332
f 2232 2333 2233
f 2232 2332 2333
f 2233 2334 2234
f 2233 2333 2334
f 2234 2335 2235
f 2234 2334 2335
f 2235 2336 2236
f 2235 2335 2336
f 2236 2337 2237
f 2236 2336 2337
f 2237 2338 2238
f 2237 2337 2338
f 2238 2339 2239
f 2238 2338 2339
f 2239 2340 2240
f 2239 2339 2340
f 2240 2341 2241
f 2240 2340 2341
f 2241 2342 2242
f 2241 2341 2342
f 2242 2343 2243
f 2242 2342 2343
f 2243 2344 2244
f 2243 2343 2344
f 2244 2345 2245
f 2244 2344 2345
f 2245 2346 2246
f 2245 2345 2346
f 2246 2347 2247
f 2246 2346 2347
f 2247 2348 2248
f 2247 2347 2348
f 2248 2349 2249
f 2248 2348 2349
f 2249 2350 2250
f 2249 2349 2350
f 2250 2351 2251
f 2250 2350 2351
f 2251 2352 2252
f 2251 2351 2352
f 2252 2353 2253
f 2252 2352 2353
f 2253 2354 2254
f 2253 2353 2354
f 2254 2355 2255
f 2254 2354 2355
f 2255 2356 2256
f 2255 2355 2356
f 2256 2357 2257
f 2256 2356 2357
f 2257 2358 2258
f 2257 2357 2358
f 2258 2359 2259
f 2258 2358 2359
f 2259 2360 2260
f 2259 2359 2360
f 2260 2361 2261
f 2260 2360 2361
f 2261 2362 2262
f 2261 2361 2362
f 2262 2363 2263
f 2262 2362 2363
f 2263 2364 2264
f 2263 2363 2364
f 2264 2365 2265
f 2264 2364 2365
f 2265 2366 2266
f 2265 2365 2366
f 2266 2367 2267
f 2266 2366 2367
f 2267 2368 2268
f 2267 2367 2368
f 2268 2369 2269
f 2268 2368 2369
f 2269 2370 2270
f 2269 2369 2370
f 2270 2371 2271
f 2270 2370 2371
f 2271 2372 2272
f 2271 2371 2372
f 2272 2373 2273
f 2272 2372 2373
f 2273 2374 2274
f 2273 2373 2374
f 2274 2375 2275
f 2274 2374 2375
f 2275 2376 2276
f 2275 2375 2376
f 2276 2377 2277
f 2276 2376 2377
f 2277 2378 2278
f 2277 2377 2378
f 2278 2379 2279
f 2278 2378 2379
f 2279 2380 2280
f 2279 2379 2380
f 2280 2381 2281
f 2280 2380 2381
f 2281 2382 2282
f 2281 2381 2382
f 2282 2383 2283
f 2282 2382 2383
f 2283 2384 2284
f 2283 2383 2384
f 2284 2385 2285
f 2284 2384 2385
f 2285 2386 2286
f 2285 2385 2386
f 2286 2387 2287
f 2286 2386 2387
f 2287 2388 2288
f 2287 2387 2388
f 2288 2389 2289
f 2288 2388 2389
f 2289 2390 2290
f 2289 2389 2390
f 2290 2391 2291
f 2290 2390 2391
f 2291 2392 2292
f 2291 2391 2392
f 2292 2393 2293
f 2292 2392 2393
f 2293 2394 2294
f 2293 2393 2394
f 2294 2395 2295
f 2294 2394 2395
f 2295 2396 2296
f 2295 2395 2396
f 2296 2397 2297
f 2296 2396 2397
f 2297 2398 2298
f 2297 2397 2398
f 2298 2399 2299
f 2298 2398 2399
f 2299 2400 2300
f 2299 2399 2400
f 2300 2301 2201
f 2300 2400 2301
f 2301 2402 2302
f 2301 2401 2402
f 2302 2403 2303
f 2302 2402 2403
f 2303 2404 2304
f 2303 2403 2404
f 2304 2405 2305
f 2304 2404 2405
f 2305 2406 2306
f 2305 2405 2406
f 2306 2407 2307
f 2306 2406 2407
f 2307 2408 2308
f 2307 2407 2408
f 2308 2409 2309
f 2308 2408 2409
f 2309 2410 2310
f 2309 2409 2410
f 2310 2411 2311
f 2310 2410 2411
f 2311 2412 2312
f 2311 2411 2412
f 2312 2413 2313
f 2312 2412 2413
f 2313 2414 2314
f 2313 2413 2414
f 2314 2415 2315
f 2314 2414 2415
f 2315 2416 2316
f 2315 2415 2416
f 2316 2417 2317
f 2316 2416 2417
f 2317 2418 2318
f 2317 2417 2418
f 2318 2419 2319
f 2318 2418 2419
f 2319 2420 2320
f 2319 2419 2420
f 2320 2421 2321
f 2320 2420 2421
f 2321 2422 2322
f 2321 2421 2422
f 2322 2423 2323
f 2322 2422 2423
f 2323 2424 2324
f 2323 2423 2424
f 2324 2425 2325
f 2324 2424 2425
f 2325 2426 2326
f 2325 2425 2426
f 2326 2427 2327
f 2326 2426 2427
f 2327 2428 2328
f 2327 2427 2428
f 2328 2429 2329
f 2328 2428 2429
f 2329 2430 2330
f 2329 2429 2430
f 2330 2431 2331
f 2330 2430 2431
f 2331 2432 2332
f 2331 2431 2432
f 2332 2433 2333
f 2332 2432 2433
f 2333 2434 2334
f 2333 2433 2434
f 2334 2435 2335
f 2334 2434 2435
f 2335 2436 2336
f 2335 2435 2436
f 2336 2437 2337
f 2336 2436 2437
f 2337 2438 2338
f 2337 2437 2438
f 2338 2439 2339
f 2338 2438 2439
f 2339 2440 2340
f 2339 2439 2440
f 2340 2441 2341
f 2340 2440 2441
f 2341 2442 2342
f 2341 2441 2442
f 2342 2443 2343
f 2342 2442 2443
f 2343 2444 2344
f 2343 2443 2444
f 2344 2445 2345
f 2344 2444 2445
f 2345 2446 2346
f 2345 2445 2446
f 2346 2447 2347
f 2346 2446 2447
f 2347 2448 2348
f 2347 2447 2448
f 2348 2449 2349
f 2348 2448 2449
f 2349 2450 2350
f 2349 2449 2450
f 2350 2451 2351
f 2350 2450 2451
f 2351 2452 2352
f 2351 2451 2452
f 2352 2453 2353
f 2352 2452 2453
f 2353 2454 2354
f 2353 2453 2454
f 2354 2455 2355
f 2354 2454 2455
f 2355 2456 2356
f 2355 2455 2456
f 2356 2457 2357
f 2356 2456 2457
f 2357 2458 2358
f 2357 2457 2458
f 2358 2459 2359
f 2358 2458 2459
f 2359 2460 2360
f 2359 2459 2460
f 2360 2461 2361
f 2360 2460 2461
f 2361 2462 2362
f 2361 2461 2462
f 2362 2463 2363
f 2362 2462 2463
f 2363 2464 2364
f 2363 2463 2464
f 2364 2465 2365
f 2364 2464 2465
f 2365 2466 2366
f 2365 2465 2466
f 2366 2467 2367
f 2366 2466 2467
f 2367 2468 2368
f 2367 2467 2468
f 2368 2469 2369
f 2368 2468 2469
f 2369 2470 2370
f 2369 2469 2470
f 2370 2471 2371
f 2370 2470 2471
f 2371 2472 2372
f 2371 2471 2472
f 2372 2473 2373
f 2372 2472 2473
f 2373 2474 2374
f 2373 2473 2474
f 2374 2475 2375
f 2374 2474 2475
f 2375 2476 2376
f 2375 2475 2476
f 2376 2477 2377
f 2376 2476 2477
f 2377 2478 2378
f 2377 2477 2478
f 2378 2479 2379
f 2378 2478 2479
f 2379 2480 2380
f 2379 2479 2480
f 2380 2481 2381
f 2380 2480 2481
f 2381 2482 2382
f 2381 2481 2482
f 2382 2483 2383
f 2382 2482 2483
f 2383 2484 2384
f 2383 2483 2484
f 2384 2485 2385
f 2384 2484 2485
f 2385 2486 2386
f 2385 2485 2486
f 2386 2487 2387
f 2386 2486 2487
f 2387 2488 2388
f 2387 2487 2488
f 2388 2489 2389
f 2388 2488 2489
f 2389 2490 2390
f 2389 2489 2490
f 2390 2491 2391
f 2390 2490 2491
f 2391 2492 2392
f 2391 2491 2492
f 2392 2493 2393
f 2392 2492 2493
f 2393 2494 2394
f 2393 2493 2494
f 2394 2495 2395
f 2394 2494 2495
f 2395 2496 2396
f 2395 2495 2496
f 2396 2497 2397
f 2396 2496 2497
f 2397 2498 2398
f 2397 2497 2498
f 2398 2499 2399
f 2398 2498 2499
f 2399 2500 2400
f 2399 2499 2500
f 2400 2401 2301
f 2400 2500 2401
f 2401 2502 2402
f 2401 2501 2502
f 2402 2503 2403
f 2402 2502 2503
f 2403 2504 2404
f 2403 2503 2504
f 2404 2505 2405
f 2404 2504 2505
f 2405 2506 2406
f 2405 2505 2506
f 2406 2507 2407
f 2406 2506 2507
f 2407 2508 2408
f 2407 2507 2508
f 2408 2509 2409
f 2408 2508 2509
f 2409 2510 2410
f 2409 2509 2510
f 2410 2511 2411
f 2410 2510 2511
f 2411 2512 2412
f 2411 2511 2512
f 2412 2513 2413
f 2412 2512 2513
f 2413 2514 2414
f 2413 2513 2514
f 2414 2515 2415
f 2414 2514 2515
f 2415 2516 2416
f 2415 2515 2516
f 2416 2517 2417
f 2416 2516 2517
f 2417 2518 2418
f 2417 2517 2518
f 2418 2519 2419
f 2418 2518 2519
f 2419 2520 2420
f 2419 2519 2520
f 2420 2521 2421
f 2420 2520 2521
f 2421 2522 2422
f 2421 2521 2522
f 2422 2523 2423
f 2422 2522 2523
f 2423 2524 2424
f 2423 2523 2524
f 2424 2525 2425
f 2424 2524 2525
f 2425 2526 2426
f 2425 2525 2526
f 2426 2527 2427
f 2426 2526 2527
f 2427 2528 2428
f 2427 2527 2528
f 2428 2529 2429
f 2428 2528 2529
f 2429 2530 2430
f 2429 2529 2530
f 2430 2531 2431
f 2430 2530 2531
f 2431 2532 2432
f 2431 2531 2532
f 2432 2533 2433
f 2432 2532 2533
f 2433 2534 2434
f 2433 2533 2534
f 2434 2535 2435
f 2434 2534 2535
f 2435 2536 2436
f 2435 2535 2536
f 2436 2537 2437
f 2436 2536 2537
f 2437 2538 2438
f 2437 2537 2538
f 2438 2539 2439
f 2438 2538 2539
f 2439 2540 2440
f 2439 2539 2540
f 2440 2541 2441
f 2440 2540 2541
f 2441 2542 2442
f 2441 2541 2542
f 2442 2543 2443
f 2442 2542 2543
f 2443 2544 2444
f 2443 2543 2544
f 2444 2545 2445
f 2444 2544 2545
f 2445 2546 2446
f 2445 2545 2546
f 2446 2547 2447
f 2446 2546 2547
f 2447 2548 2448
f 2447 2547 2548
f 2448 2549 2449
f 2448 2548 2549
f 2449 2550 2450
f 2449 2549 2550
f 2450 2551 2451
f 2450 2550 2551
f 2451 2552 2452
f 2451 2551 2552
f 2452 2553 2453
f 2452 2552 2553
f 2453 2554 2454
f 2453 2553 2554
f 2454 2555 2455
f 2454 2554 2555
f 2455 2556 2456
f 2455 2555 2556
f 2456 2557 2457
f 2456 2556 2557
f 2457 2558 2458
f 2457 2557 2558
f 2458 2559 2459
f 2458 2558 2559
f 2459 2560 2460
f 2459 2559 2560
f 2460 2561 2461
f 2460 2560 2561
f 2461 2562 2462
f 2461 2561 2562
f 2462 2563 2463
f 2462 2562 2563
f 2463 2564 2464
f 2463 2563 2564
f 2464 2565 2465
f 2464 2564 2565
f 2465 2566 2466
f 2465 2565 2566
f 2466 2567 2467
f 2466 2566 2567
f 2467 2568 2468
f 2467 2567 2568
f 2468 2569 2469
f 2468 2568 2569
f 2469 2570 2470
f 2469 2569 2570
f 2470 2571 2471
f 2470 2570 2571
f 2471 2572 2472
f 2471 2571 2572
f 2472 2573 2473
f 2472 2572 2573
f 2473 2574 2474
f 2473 2573 2574
f 2474 2575 2475
f 2474 2574 2575
f 2475 2576 2476
f 2475 2575 2576
f 2476 2577 2477
f 2476 2576 2577
f 2477 2578 2478
f 2477 2577 2578
f 2478 2579 2479
f 2478 2578 2579
f 2479 2580 2480
f 2479 2579 2580
f 2480 2581 2481
f 2480 2580 2581
f 2481 2582 2482
f 2481 2581 2582
f 2482 2583 2483
f 2482 2582 2583
f 2483 2584 2484
f 2483 2583 2584
f 2484 2585 2485
f 2484 2584 2585
f 2485 2586 2486
f 2485 2585 2586
f 2486 2587 2487
f 2486 2586 2587
f 2487 2588 2488
f 2487 2587 2588
f 2488 2589 2489
f 2488 2588 2589
f 2489 2590 2490
f 2489 2589 2590
f 2490 2591 2491
f 2490 2590 2591
f 2491 2592 2492
f 2491 2591 2592
f 2492 2593 2493
f 2492 2592 2593
f 2493 2594 2494
f 2493 2593 2594
f 2494 2595 2495
f 2494 2594 2595
f 2495 2596 2496
f 2495 2595 2596
f 2496 2597 2497
f 2496 2596 2597
f 2497 2598 2498
f 2497 2597 2598
f 2498 2599 2499
f 2498 2598 2599
f 2499 2600 2500
f 2499 2599 2600
f 2500 2501 2401
f 2500 2600 2501
f 2501 2602 2502
f 2501 2601 2602
f 2502 2603 2503
f 2502 2602 2603
f 2503 2604 2504
f 2503 2603 2604
f 2504 2605 2505
f 2504 2604 2605
f 2505 2606 2506
f 2505 2605 2606
f 2506 2607 2507
f 2506 2606 2607
f 2507 2608 2508
f 2507 2607 2608
f 2508 2609 2509
f 2508 2608 2609
f 2509 2610 2510
f 2509 2609 2610
f 2510 2611 2511
f 2510 2610 2611
f 2511 2612 2512
f 2511 2611 2612
f 2512 2613 2513
f 2512 2612 2613
f 2513 2614 2514
f 2513 2613 2614
f 2514 2615 2515
f 2514 2614 2615
f 2515 2616 2516
f 2515 2615 2616
f 2516 2617 2517
f 2516 2616 2617
f 2517 2618 2518
f 2517 2617 2618
f 2518 2619 2519
f 2518 2618 2619
f 2519 2620 2520
f 2519 2619 2620
f 2520 2621 2521
f 2520 2620 2621
f 2521 2622 2522
f 2521 2621 2622
f 2522 2623 2523
f 2522 2622 2623
f 2523 2624 2524
f 2523 2623 2624
f 2524 2625 2525
f 2524 2624 2625
f 2525 2626 2526
f 2525 2625 2626
f 2526 2627 2527
f 2526 2626 2627
f 2527 2628 2528
f 2527 2627 2628
f 2528 2629 2529
f 2528 2628 2629
f 2529 2630 2530
f 2529 2629 2630
f 2530 2631 2531
f 2530 2630 2631
f 2531 2632 2532
f 2531 2631 2632
f 2532 2633 2533
f 2532 2632 2633
f 2533 2634 2534
f 2533 2633 2634
f 2534 2635 2535
f 2534 2634 2635
f 2535 2636 2536
f 2535 2635 2636
f 2536 2637 2537
f 2536 2636 2637
f 2537 2638 2538
f 2537 2637 2638
f 2538 2639 2539
f 2538 2638 2639
f 2539 2640 2540
f 2539 2639 2640
f 2540 2641 2541
f 2540 2640 2641
f 2541 2642 2542
f 2541 2641 2642
f 2542 2643 2543
f 2542 2642 2643
f 2543 2644 2544
f 2543 2643 2644
f 2544 2645 2545
f 2544 2644 2645
f 2545 2646 2546
f 2545 2645 2646
f 2546 2647 2547
f 2546 2646 2647
f 2547 2648 2548
f 2547 2647 2648
f 2548 2649 2549
f 2548 2648 2649
f 2549 2650 2550
f 2549 2649 2650
f 2550 2651 2551
f 2550 2650 2651
f 2551 2652 2552
f 2551 2651 2652
f 2552 2653 2553
f 2552 2652 2653
f 2553 2654 2554
f 2553 2653 2654
f 2554 2655 2555
f 2554 2654 2655
f 2555 2656 2556
f 2555 2655 2656
f 2556 2657 2557
f 2556 2656 2657
f 2557 2658 2558
f 2557 2657 2658
f 2558 2659 2559
f 2558 2658 2659
f 2559 2660 2560
f 2559 2659 2660
f 2560 2661 2561
f 2560 2660 2661
f 2561 2662 2562
f 2561 2661 2662
f 2562 2663 2563
f 2562 2662 2663
f 2563 2664 2564
f 2563 2663 2664
f 2564 2665 2565
f 2564 2664 2665
f 2565 2666 2566
f 2565 2665 2666
f 2566 2667 2567
f 2566 2666 2667
f 2567 2668 2568
f 2567 2667 2668
f 2568 2669 2569
f 2568 2668 2669
f 2569 2670 2570
f 2569 2669 2670
f 2570 2671 2571
f 2570 2670 2671
f 2571 2672 2572
f 2571 2671 2672
f 2572 2673 2573
f 2572 2672 2673
f 2573 2674 2574
f 2573 2673 2674
f 2574 2675 2575
f 2574 2674 2675
f 2575 2676 2576
f 2575 2675 2676
f 2576 2677 2577
f 2576 2676 2677
f 2577 2678 2578
f 2577 2677 2678
f 2578 2679 2579
f 2578 2678 2679
f 2579 2680 2580
f 2579 2679 2680
f 2580 2681 2581
f 2580 2680 2681
f 2581 2682 2582
f 2581 2681 2682
f 2582 2683 2583
f 2582 2682 2683
f 2583 2684 2584
f 2583 2683 2684
f 2584 2685 2585
f 2584 2684 2685
f 2585 2686 2586
f 2585 2685 2686
f 2586 2687 2587
f 2586 2686 2687
f 2587 2688 2588
f 2587 2687 2688
f 2588 2689 2589
f 2588 2688 2689
f 2589 2690 2590
f 2589 2689 2690
f 2590 2691 2591
f 2590 2690 2691
f 2591 2692 2592
f 2591 2691 2692
f 2592 2693 2593
f 2592 2692 2693
f 2593 2694 2594
f 2593 2693 2694
f 2594 2695 2595
f 2594 2694 2695
f 2595 2696 2596
f 2595 2695 2696
f 2596 2697 2597
f 2596 2696 2697
f 2597 2698 2598
f 2597 2697 2698
f 2598 2699 2599
f 2598 2698 2699
f 2599 2700 2600
f 2599 2699 2700
f 2600 2601 2501
f 2600 2700 2601
f 2601 2702 2602
f 2601 2701 2702
f 2602 2703 2603
f 2602 2702 2703
f 2603 2704 2604
f 2603 2703 2704
f 2604 2705 2605
f 2604 2704 2705
f 2605 2706 2606
f 2605 2705 2706
f 2606 2707 2607
f 2606 2706 2707
f 2607 2708 2608
f 2607 2707 2708
f 2608 2709 2609
f 2608 2708 2709
f 2609 2710 2610
f 2609 2709 2710
f 2610 2711 2611
f 2610 2710 2711
f 2611 2712 2612
f 2611 2711 2712
f 2612 2713 2613
f 2612 2712 2713
f 2613 2714 2614
f 2613 2713 2714
f 2614 2715 2615
f 2614 2714 2715
f 2615 2716 2616
f 2615 2715 2716
f 2616 2717 2617
f 2616 2716 2717
f 2617 2718 2618
f 2617 2717 2718
f 2618 2719 2619
f 2618 2718 2719
f 2619 2720 2620
f 2619 2719 2720
f 2620 2721 2621
f 2620 2720 2721
f 2621 2722 2622
f 2621 2721 2722
f 2622 2723 2623
f 2622 2722 2723
f 2623 2724 2624
f 2623 2723 2724
f 2624 2725 2625
f 2624 2724 2725
f 2625 2726 2626
f 2625 2725 2726
f 2626 2727 2627
f 2626 2726 2727
f 2627 2728 2628
f 2627 2727 2728
f 2628 2729 2629
f 2628 2728 2729
f 2629 2730 2630
f 2629 2729 2730
f 2630 2731 2631
f 2630 2730 2731
f 2631 2732 2632
f 2631 2731 2732
f 2632 2733 2633
f 2632 2732 2733
f 2633 2734 2634
f 2633 2733 2734
f 2634 2735 2635
f 2634 2734 2735
f 2635 2736 2636
f 2635 2735 2736
f 2636 2737 2637
f 2636 2736 2737
f 2637 2738 2638
f 2637 2737 2738
f 2638 2739 2639
f 2638 2738 2739
f 2639 2740 2640
f 2639 2739 2740
f 2640 2741 2641
f 2640 2740 2741
f 2641 2742 2642
f 2641 2741 2742
f 2642 2743 2643
f 2642 2742 2743
f 2643 2744 2644
f 2643 2743 2744
f 2644 2745 2645
f 2644 2744 2745
f 2645 2746 2646
f 2645 2745 2746
f 2646 2747 2647
f 2646 2746 2747
f 2647 2748 2648
f 2647 2747 2748
f 2648 2749 2649
f 2648 2748 2749
f 2649 2750 2650
f 2649 2749 2750
f 2650 2751 2651
f 2650 2750 2751
f 2651 2752 2652
f 2651 2751 2752
f 2652 2753 2653
f 2652 2752 2753
f 2653 2754 2654
f 2653 2753 2754
f 2654 2755 2655
f 2654 2754 2755
f 2655 2756 2656
f 2655 2755 2756
f 2656 2757 2657
f 2656 2756 2757
f 2657 2758 2658
f 2657 2757 2758
f 2658 2759 2659
f 2658 2758 2759
f 2659 2760 2660
f 2659 2759 2760
f 2660 2761 2661
f 2660 2760 2761
f 2661 2762 2662
f 2661 2761 2762
f 2662 2763 2663
f 2662 2762 2763
f 2663 2764 2664
f 2663 2763 2764
f 2664 2765 2665
f 2664 2764 2765
f 2665 2766 2666
f 2665 2765 2766
f 2666 2767 2667
f 2666 2766 2767
f 2667 2768 2668
f 2667 2767 2768
f 2668 2769 2669
f 2668 2768 2769
f 2669 2770 2670
f 2669 2769 2770
f 2670 2771 2671
f 2670 2770 2771
f 2671 2772 2672
f 2671 2771 2772
f 2672 2773 2673
f 2672 2772 2773
f 2673 2774 2674
f 2673 2773 2774
f 2674 2775 2675
f 2674 2774 2775
f 2675 2776 2676
f 2675 2775 2776
f 2676 2777 2677
f 2676 2776 2777
f 2677 2778 2678
f 2677 2777 2778
f 2678 2779 2679
f 2678 2778 2779
f 2679 2780 2680
f 2679 2779 2780
f 2680 2781 2681
f 2680 2780 2781
f 2681 2782 2682
f 2681 2781 2782
f 2682 2783 2683
f 2682 2782 2783
f 2683 2784 2684
f 2683 2783 2784
f 2684 2785 2685
f 2684 2784 2785
f 2685 2786 2686
f 2685 2785 2786
f 2686 2787 2687
f 2686 2786 2787
f 2687 2788 2688
f 2687 2787 2788
f 2688 2789 2689
f 2688 2788 2789
f 2689 2790 2690
f 2689 2789 2790
f 2690 2791 2691
f 2690 2790 2791
f 2691 2792 2692
f 2691 2791 2792
f 2692 2793 2693
f 2692 2792 2793
f 2693 2794 2694
f 2693 2793 2794
f 2694 2795 2695
f 2694 2794 2795
f 2695 2796 2696
f 2695 2795 2796
f 2696 2797 2697
f 2696 2796 2797
f 2697 2798 2698
f 2697 2797 2798
f 2698 2799 2699
f 2698 2798 2799
f 2699 2800 2700
f 2699 2799 2800
f 2700 2701 2601
f 2700 2800 2701
f 2701 2802 2702
f 2701 2801 2802
f 2702 2803 2703
f 2702 2802 2803
f 2703 2804 2704
f 2703 2803 2804
f 2704 2805 2705
f 2704 2804 2805
f 2705 2806 2706
f 2705 2805 2806
f 2706 2807 2707
f 2706 2806 2807
f 2707 2808 2708
f 2707 2807 2808
f 2708 2809 2709
f 2708 2808 2809
f 2709 2810 2710
f 2709 2809 2810
f 2710 2811 2711
f 2710 2810 2811
f 2711 2812 2712
f 2711 2811 2812
f 2712 2813 2713
f 2712 2812 2813
f 2713 2814 2714
f 2713 2813 2814
f 2714 2815 2715
f 2714 2814 2815
f 2715 2816 2716
f 2715 2815 2816
f 2716 2817 2717
f 2716 2816 2817
f 2717 2818 2718
f 2717 2817 2818
f 2718 2819 2719
f 2718 2818 2819
f 2719 2820 2720
f 2719 2819 2820
f 2720 2821 2721
f 2720 2820 2821
f 2721 2822 2722
f 2721 2821 2822
f 2722 2823 2723
f 2722 2822 2823
f 2723 2824 2724
f 2723 2823 2824
f 2724 2825 2725
f 2724 2824 2825
f 2725 2826 2726
f 2725 2825 2826
f 2726 2827 2727
f 2726 2826 2827
f 2727 2828 2728
f 2727 2827 2828
f 2728 2829 2729
f 2728 2828 2829
f 2729 2830 2730
f 2729 2829 2830
f 2730 2831 2731
f 2730 2830 2831
f 2731 2832 2732
f 2731 2831 2832
f 2732 2833 2733
f 2732 2832 2833
f 2733 2834 2734
f 2733 2833 2834
f 2734 2835 2735
f 2734 2834 2835
f 2735 2836 2736
f 2735 2835 2836
f 2736 2837 2737
f 2736 2836 2837
f 2737 2838 2738
f 2737 2837 2838
f 2738 2839 2739
f 2738 2838 2839
f 2739 2840 2740
f 2739 2839 2840
f 2740 2841 2741
f 2740 2840 2841
f 2741 2842 2742
f 2741 2841 2842
f 2742 2843 2743
f 2742 2842 2843
f 2743 2844 2744
f 2743 2843 2844
f 2744 2845 2745
f 2744 2844 2845
f 2745 2846 2746
f 2745 2845 2846
f 2746 2847 2747
f 2746 2846 2847
f 2747 2848 2748
f 2747 2847 2848
f 2748 2849 2749
f 2748 2848 2849
f 2749 2850 2750
f 2749 2849 2850
f 2750 2851 2751
f 2750 2850 2851
f 2751 2852 2752
f 2751 2851 2852
f 2752 2853 2753
f 2752 2852 2853
f 2753 2854 2754
f 2753 2853 2854
f 2754 2855 2755
f 2754 2854 2855
f 2755 2856 2756
f 2755 2855 2856
f 2756 2857 2757
f 2756 2856 2857
f 2757 2858 2758
f 2757 2857 2858
f 2758 2859 2759
f 2758 2858 2859
f 2759 2860 2760
f 2759 2859 2860
f 2760 2861 2761
f 2760 2860 2861
f 2761 2862 2762
f 2761 2861 2862
f 2762 2863 2763
f 2762 2862 2863
f 2763 2864 2764
f 2763 2863 2864
f 2764 2865 2765
f 2764 2864 2865
f 2765 2866 2766
f 2765 2865 2866
f 2766 2867 2767
f 2766 2866 2867
f 2767 2868 2768
f 2767 2867 2868
f 2768 2869 2769
f 2768 2868 2869
f 2769 2870 2770
f 2769 2869 2870
f 2770 2871 2771
f 2770 2870 2871
f 2771 2872 2772
f 2771 2871 2872
f 2772 2873 2773
f 2772 2872 2873
f 2773 2874 2774
f 2773 2873 2874
f 2774 2875 2775
f 2774 2874 2875
f 2775 2876 2776
f 2775 2875 2876
f 2776 2877 2777
f 2776 2876 2877
f 2777 2878 2778
f 2777 2877 2878
f 2778 2879 2779
f 2778 2878 2879
f 2779 2880 2780
f 2779 2879 2880
f 2780 2881 2781
f 2780 2880 2881
f 2781 2882 2782
f 2781 2881 2882
f 2782 2883 2783
f 2782 2882 2883
f 2783 2884 2784
f 2783 2883 2884
f 2784 2885 2785
f 2784 2884 2885
f 2785 2886 2786
f 2785 2885 2886
f 2786 2887 2787
f 2786 2886 2887
f 2787 2888 2788
f 2787 2887 2888
f 2788 2889 2789
f 2788 2888 2889
f 2789 2890 2790
f 2789 2889 2890
f 2790 2891 2791
f 2790 2890 2891
f 2791 2892 2792
f 2791 2891 2892
f 2792 2893 2793
f 2792 2892 2893
f 2793 2894 2794
f 2793 2893 2894
f 2794 2895 2795
f 2794 2894 2895
f 2795 2896 2796
f 2795 2895 2896
f 2796 2897 2797
f 2796 2896 2897
f 2797 2898 2798
f 2797 2897 2898
f 2798 2899 2799
f 2798 2898 2899
f 2799 2900 2800
f 2799 2899 2900
f 2800 2801 2701
f 2800 2900 2801
f 2801 2902 2802
f 2801 2901 2902
f 2802 2903 2803
f 2802 2902 2903
f 2803 2904 2804
f 2803 2903 2904
f 2804 2905 2805
f 2804 2904 2905
f 2805 2906 2806
f 2805 2905 2906
f 2806 2907 2807
f 2806 2906 2907
f 2807 2908 2808
f 2807 2907 2908
f 2808 2909 2809
f 2808 2908 2909
f 2809 2910 2810
f 2809 2909 2910
f 2810 2911 2811
f 2810 2910 2911
f 2811 2912 2812
f 2811 2911 2912
f 2812 2913 2813
f 2812 2912 2913
f 2813 2914 2814
f 2813 2913 2914
f 2814 2915 2815
f 2814 2914 2915
f 2815 2916 2816
f 2815 2915 2916
f 2816 2917 2817
f 2816 2916 2917
f 2817 2918 2818
f 2817 2917 2918
f 2818 2919 2819
f 2818 2918 2919
f 2819 2920 2820
f 2819 2919 2920
f 2820 2921 2821
f 2820 2920 2921
f 2821 2922 2822
f 2821 2921 2922
f 2822 2923 2823
f 2822 2922 2923
f 2823 2924 2824
f 2823 2923 2924
f 2824 2925 2825
f 2824 2924 2925
f 2825 2926 2826
f 2825 2925 2926
f 2826 2927 2827
f 2826 2926 2927
f 2827 2928 2828
f 2827 2927 2928
f 2828 2929 2829
f 2828 2928 2929
f 2829 2930 2830
f 2829 2929 2930
f 2830 2931 2831
f 2830 2930 2931
f 2831 2932 2832
f 2831 2931 2932
f 2832 2933 2833
f 2832 2932 2933
f 2833 2934 2834
f 2833 2933 2934
f 2834 2935 2835
f 2834 2934 2935
f 2835 2936 2836
f 2835 2935 2936
f 2836 2937 2837
f 2836 2936 2937
f 2837 2938 2838
f 2837 2937 2938
f 2838 2939 2839
f 2838 2938 2939
f 2839 2940 2840
f 2839 2939 2940
f 2840 2941 2841
f 2840 2940 2941
f 2841 2942 2842
f 2841 2941 2942
f 2842 2943 2843
f 2842 2942 2943
f 2843 2944 2844
f 2843 2943 2944
f 2844 2945 2845
f 2844 2944 2945
f 2845 2946 2846
f 2845 2945 2946
f 2846 2947 2847
f 2846 2946 2947
f 2847 2948 2848
f 2847 2947 2948
f 2848 2949 2849
f 2848 2948 2949
f 2849 2950 2850
f 2849 2949 2950
f 2850 2951 2851
f 2850 2950 2951
f 2851 2952 2852
f 2851 2951 2952
f 2852 2953 2853
f 2852 2952 2953
f 2853 2954 2854
f 2853 2953 2954
f 2854 2955 2855
f 2854 2954 2955
f 2855 2956 2856
f 2855 2955 2956
f 2856 2957 2857
f 2856 2956 2957
f 2857 2958 2858
f 2857 2957 2958
f 2858 2959 2859
f 2858 2958 2959
f 2859 2960 2860
f 2859 2959 2960
f 2860 2961 2861
f 2860 2960 2961
f 2861 2962 2862
f 2861 2961 2962
f 2862 2963 2863
f 2862 2962 2963
f 2863 2964 2864
f 2863 2963 2964
f 2864 2965 2865
f 2864 2964 2965
f 2865 2966 2866
f 2865 2965 2966
f 2866 2967 2867
f 2866 2966 2967
f 2867 2968 2868
f 2867 2967 2968
f 2868 2969 2869
f 2868 2968 2969
f 2869 2970 2870
f 2869 2969 2970
f 2870 2971 2871
f 2870 2970 2971
f 2871 2972 2872
f 2871 2971 2972
f 2872 2973 2873
f 2872 2972 2973
f 2873 2974 2874
f 2873 2973 2974
f 2874 2975 2875
f 2874 2974 2975
f 2875 2976 2876
f 2875 2975 2976
f 2876 2977 2877
f 2876 2976 2977
f 2877 2978 2878
f 2877 2977 2978
f 2878 2979 2879
f 2878 2978 2979
f 2879 2980 2880
f 2879 2979 2980
f 2880 2981 2881
f 2880 2980 2981
f 2881 2982 2882
f 2881 2981 2982
f 2882 2983 2883
f 2882 2982 2983
f 2883 2984 2884
f 2883 2983 2984
f 2884 2985 2885
f 2884 2984 2985
f 2885 2986 2886
f 2885 2985 2986
f 2886 2987 2887
f 2886 2986 2987
f 2887 2988 2888
f 2887 2987 2988
f 2888 2989 2889
f 2888 2988 2989
f 2889 2990 2890
f 2889 2989 2990
f 2890 2991 2891
f 2890 2990 2991
f 2891 2992 2892
f 2891 2991 2992
f 2892 2993 2893
f 2892 2992 2993
f 2893 2994 2894
f 2893 2993 2994
f 2894 2995 2895
f 2894 2994 2995
f 2895 2996 2896
f 2895 2995 2996
f 2896 2997 2897
f 2896 2996 2997
f 2897 2998 2898
f 2897 2997 2998
f 2898 2999 2899
f 2898 2998 2999
f 2899 3000 2900
f 2899 2999 3000
f 2900 2901 2801
f 2900 3000 2901
f 2901 3002 2902
f 2901 3001 3002
f 2902 3003 2903
f 2902 3002 3003
f 2903 3004 2904
f 2903 3003 3004
f 2904 3005 2905
f 2904 3004 3005
f 2905 3006 2906
f 2905 3005 3006
f 2906 3007 2907
f 2906 3006 3007
f 2907 3008 2908
f 2907 3007 3008
f 2908 3009 2909
f 2908 3008 3009
f 2909 3010 2910
f 2909 3009 3010
f 2910 3011 2911
f 2910 3010 3011
f 2911 3012 2912
f 2911 3011 3012
f 2912 3013 2913
f 2912 3012 3013
f 2913 3014 2914
f 2913 3013 3014
f 2914 3015 2915
f 2914 3014 3015
f 2915 3016 2916
f 2915 3015 3016
f 2916 3017 2917
f 2916 3016 3017
f 2917 3018 2918
f 2917 3017 3018
f 2918 3019 2919
f 2918 3018 3019
f 2919 3020 2920
f 2919 3019 3020
f 2920 3021 2921
f 2920 3020 3021
f 2921 3022 2922
f 2921 3021 3022
f 2922 3023 2923
f 2922 3022 3023
f 2923 3024 2924
f 2923 3023 3024
f 2924 3025 2925
f 2924 3024 3025
f 2925 3026 2926
f 2925 3025 3026
f 2926 3027 2927
f 2926 3026 3027
f 2927 3028 2928
f 2927 3027 3028
f 2928 3029 2929
f 2928 3028 3029
f 2929 3030 2930
f 2929 3029 3030
f 2930 3031 2931
f 2930 3030 3031
f 2931 3032 2932
f 2931 3031 3032
f 2932 3033 2933
f 2932 3032 3033
f 2933 3034 2934
f 2933 3033 3034
f 2934 3035 2935
f 2934 3034 3035
f 2935 3036 2936
f 2935 3035 3036
f 2936 3037 2937
f 2936 3036 3037
f 2937 3038 2938
f 2937 3037 3038
f 2938 3039 2939
f 2938 3038 3039
f 2939 3040 2940
f 2939 3039 3040
f 2940 3041 2941
f 2940 3040 3041
f 2941 3042 2942
f 2941 3041 3042
f 2942 3043 2943
f 2942 3042 3043
f 2943 3044 2944
f 2943 3043 3044
f 2944 3045 2945
f 2944 3044 3045
f 2945 3046 2946
f 2945 3045 3046
f 2946 3047 2947
f 2946 3046 3047
f 2947 3048 2948
f 2947 3047 3048
f 2948 3049 2949
f 2948 3048 3049
f 2949 3050 2950
f 2949 3049 3050
f 2950 3051 2951
f 2950 3050 3051
f 2951 3052 2952
f 2951 3051 3052
f 2952 3053 2953
f 2952 3052 3053
f 2953 3054 2954
f 2953 3053 3054
f 2954 3055 2955
f 2954 3054 3055
f 2955 3056 2956
f 2955 3055 3056
f 2956 3057 2957
f 2956 3056 3057
f 2957 3058 2958
f 2957 3057 3058
f 2958 3059 2959
f 2958 3058 3059
f 2959 3060 2960
f 2959 3059 3060
f 2960 3061 2961
f 2960 3060 3061
f 2961 3062 2962
f 2961 3061 3062
f 2962 3063 2963
f 2962 3062 3063
f 2963 3064 2964
f 2963 3063 3064
f 2964 3065 2965
f 2964 3064 3065
f 2965 3066 2966
f 2965 3065 3066
f 2966 3067 2967
f 2966 3066 3067
f 2967 3068 2968
f 2967 3067 3068
f 2968 3069 2969
f 2968 3068 3069
f 2969 3070 2970
f 2969 3069 3070
f 2970 3071 2971
f 2970 3070 3071
f 2971 3072 2972
f 2971 3071 3072
f 2972 3073 2973
f 2972 3072 3073
f 2973 3074 2974
f 2973 3073 3074
f 2974 3075 2975
f 2974 3074 3075
f 2975 3076 2976
f 2975 3075 3076
f 2976 3077 2977
f 2976 3076 3077
f 2977 3078 2978
f 2977 3077 3078
f 2978 3079 2979
f 2978 3078 3079
f 2979 3080 2980
f 2979 3079 3080
f 2980 3081 2981
f 2980 3080 3081
f 2981 3082 2982
f 2981 3081 3082
f 2982 3083 2983
f 2982 3082 3083
f 2983 3084 2984
f 2983 3083 3084
f 2984 3085 2985
f 2984 3084 3085
f 2985 3086 2986
f 2985 3085 3086
f 2986 3087 2987
f 2986 3086 3087
f 2987 3088 2988
f 2987 3087 3088
f 2988 3089 2989
f 2988 3088 3089
f 2989 3090 2990
f 2989 3089 3090
f 2990 3091 2991
f 2990 3090 3091
f 2991 3092 2992
f 2991 3091 3092
f 2992 3093 2993
f 2992 3092 3093
f 2993 3094 2994
f 2993 3093 3094
f 2994 3095 2995
f 2994 3094 3095
f 2995 3096 2996
f 2995 3095 3096
f 2996 3097 2997
f 2996 3096 3097
f 2997 3098 2998
f 2997 3097 3098
f 2998 3099 2999
f 2998 3098 3099
f 2999 3100 3000
f 2999 3099 3100
f 3000 3001 2901
f 3000 3100 3001
f 3001 3102 3002
f 3001 3101 3102
f 3002 3103 3003
f 3002 3102 3103
f 3003 3104 3004
f 3003 3103 3104
f 3004 3105 3005
f 3004 3104 3105
f 3005 3106 3006
f 3005 3105 3106
f 3006 3107 3007
f 3006 3106 3107
f 3007 3108 3008
f 3007 3107 3108
f 3008 3109 3009
f 3008 3108 3109
f 3009 3110 3010
f 3009 3109 3110
f 3010 3111 3011
f 3010 3110 3111
f 3011 3112 3012
f 3011 3111 3112
f 3012 3113 3013
f 3012 3112 3113
f 3013 3114 3014
f 3013 3113 3114
f 3014 3115 3015
f 3014 3114 3115
f 3015 3116 3016
f 3015 3115 3116
f 3016 3117 3017
f 3016 3116 3117
f 3017 3118 3018
f 3017 3117 3118
f 3018 3119 3019
f 3018 3118 3119
f 3019 3120 3020
f 3019 3119 3120
f 3020 3121 3021
f 3020 3120 3121
f 3021 3122 3022
f 3021 3121 3122
f 3022 3123 3023
f 3022 3122 3123
f 3023 3124 3024
f 3023 3123 3124
f 3024 3125 3025
f 3024 3124 3125
f 3025 3126 3026
f 3025 3125 3126
f 3026 3127 3027
f 3026 3126 3127
f 3027 3128 3028
f 3027 3127 3128
f 3028 3129 3029
f 3028 3128 3129
f 3029 3130 3030
f 3029 3129 3130
f 3030 3131 3031
f 3030 3130 3131
f 3031 3132 3032
f 3031 3131 3132
f 3032 3133 3033
f 3032 3132 3133
f 3033 3134 3034
f 3033 3133 3134
f 3034 3135 3035
f 3034 3134 3135
f 3035 3136 3036
f 3035 3135 3136
f 3036 3137 3037
f 3036 3136 3137
f 3037 3138 3038
f 3037 3137 3138
f 3038 3139 3039
f 3038 3138 3139
f 3039 3140 3040
f 3039 3139 3140
f 3040 3141 3041
f 3040 3140 3141
f 3041 3142 3042
f 3041 3141 3142
f 3042 3143 3043
f 3042 3142 3143
f 3043 3144 3044
f 3043 3143 3144
f 3044 3145 3045
f 3044 3144 3145
f 3045 3146 3046
f 3045 3145 3146
f 3046 3147 3047
f 3046 3146 3147
f 3047 3148 3048
f 3047 3147 3148
f 3048 3149 3049
f 3048 3148 3149
f 3049 3150 3050
f 3049 3149 3150
f 3050 3151 3051
f 3050 3150 3151
f 3051 3152 3052
f 3051 3151 3152
f 3052 3153 3053
f 3052 3152 3153
f 3053 3154 3054
f 3053 3153 3154
f 3054 3155 3055
f 3054 3154 3155
f 3055 3156 3056
f 3055 3155 3156
f 3056 3157 3057
f 3056 3156 3157
f 3057 3158 3058
f 3057 3157 3158
f 3058 3159 3059
f 3058 3158 3159
f 3059 3160 3060
f 3059 3159 3160
f 3060 3161 3061
f 3060 3160 3161
f 3061 3162 3062
f 3061 3161 3162
f 3062 3163 3063
f 3062 3162 3163
f 3063 3164 3064
f 3063 3163 3164
f 3064 3165 3065
f 3064 3164 3165
f 3065 3166 3066
f 3065 3165 3166
f 3066 3167 3067
f 3066 3166 3167
f 3067 3168 3068
f 3067 3167 3168
f 3068 3169 3069
f 3068 3168 3169
f 3069 3170 3070
f 3069 3169 3170
f 3070 3171 3071
f 3070 3170 3171
f 3071 3172 3072
f 3071 3171 3172
f 3072 3173 3073
f 3072 3172 3173
f 3073 3174 3074
f 3073 3173 3174
f 3074 3175 3075
f 3074 3174 3175
f 3075 3176 3076
f 3075 3175 3176
f 3076 3177 3077
f 3076 3176 3177
f 3077 3178 3078
f 3077 3177 3178
f 3078 3179 3079
f 3078 3178 3179
f 3079 3180 3080
f 3079 3179 3180
f 3080 3181 3081
f 3080 3180 3181
f 3081 3182 3082
f 3081 3181 3182
f 3082 3183 3083
f 3082 3182 3183
f 3083 3184 3084
f 3083 3183 3184
f 3084 3185 3085
f 3084 3184 3185
f 3085 3186 3086
f 3085 3185 3186
f 3086 3187 3087
f 3086 3186 3187
f 3087 3188 3088
f 3087 3187 3188
f 3088 3189 3089
f 3088 3188 3189
f 3089 3190 3090
f 3089 3189 3190
f 3090 3191 3091
f 3090 3190 3191
f 3091 3192 3092
f 3091 3191 3192
f 3092 3193 3093
f 3092 3192 3193
f 3093 3194 3094
f 3093 3193 3194
f 3094 3195 3095
f 3094 3194 3195
f 3095 3196 3096
f 3095 3195 3196
f 3096 3197 3097
f 3096 3196 3197
f 3097 3198 3098
f 3097 3197 3198
f 3098 3199 3099
f 3098 3198 3199
f 3099 3200 3100
f 3099 3199 3200
f 3100 3101 3001
f 3100 3200 3101
f 3101 3202 3102
f 3101 3201 3202
f 3102 3203 3103
f 3102 3202 3203
f 3103 3204 3104
f 3103 3203 3204
f 3104 3205 3105
f 3104 3204 3205
f 3105 3206 3106
f 3105 3205 3206
f 3106 3207 3107
f 3106 3206 3207
f 3107 3208 3108
f 3107 3207 3208
f 3108 3209 3109
f 3108 3208 3209
f 3109 3210 3110
f 3109 3209 3210
f 3110 3211 3111
f 3110 3210 3211
f 3111 3212 3112
f 3111 3211 3212
f 3112 3213 3113
f 3112 3212 3213
f 3113 3214 3114
f 3113 3213 3214
f 3114 3215 3115
f 3114 3214 3215
f 3115 3216 3116
f 3115 3215 3216
f 3116 3217 3117
f 3116 3216 3217
f 3117 3218 3118
f 3117 3217 3218
f 3118 3219 3119
f 3118 3218 3219
f 3119 3220 3120
f 3119 3219 3220
f 3120 3221 3121
f 3120 3220 3221
f 3121 3222 3122
f 3121 3221 3222
f 3122 3223 3123
f 3122 3222 3223
f 3123 3224 3124
f 3123 3223 3224
f 3124 3225 3125
f 3124 3224 3225
f 3125 3226 3126
f 3125 3225 3226
f 3126 3227 3127
f 3126 3226 3227
f 3127 3228 3128
f 3127 3227 3228
f 3128 3229 3129
f 3128 3228 3229
f 3129 3230 3130
f 3129 3229 3230
f 3130 3231 3131
f 3130 3230 3231
f 3131 3232 3132
f 3131 3231 3232
f 3132 3233 3133
f 3132 3232 3233
f 3133 3234 3134
f 3133 3233 3234
f 3134 3235 3135
f 3134 3234 3235
f 3135 3236 3136
f 3135 3235 3236
f 3136 3237 3137
f 3136 3236 3237
f 3137 3238 3138
f 3137 3237 3238
f 3138 3239 3139
f 3138 3238 3239
f 3139 3240 3140
f 3139 3239 3240
f 3140 3241 3141
f 3140 3240 3241
f 3141 3242 3142
f 3141 3241 3242
f 3142 3243 3143
f 3142 3242 3243
f 3143 3244 3144
f 3143 3243 3244
f 3144 3245 3145
f 3144 3244 3245
f 3145 3246 3146
f 3145 3245 3246
f 3146 3247 3147
f 3146 3246 3247
f 3147 3248 3148
f 3147 3247 3248
f 3148 3249 3149
f 3148 3248 3249
f 3149 3250 3150
f 3149 3249 3250
f 3150 3251 3151
f 3150 3250 3251
f 3151 3252 3152
f 3151 3251 3252
f 3152 3253 3153
f 3152 3252 3253
f 3153 3254 3154
f 3153 3253 3254
f 3154 3255 3155
f 3154 3254 3255
f 3155 3256 3156
f 3155 3255 3256
f 3156 3257 3157
f 3156 3256 3257
f 3157 3258 3158
f 3157 3257 3258
f 3158 3259 3159
f 3158 3258 3259
f 3159 3260 3160
f 3159 3259 3260
f 3160 3261 3161
f 3160 3260 3261
f 3161 3262 3162
f 3161 3261 3262
f 3162 3263 3163
f 3162 3262 3263
f 3163 3264 3164
f 3163 3263 3264
f 3164 3265 3165
f 3164 3264 3265
f 3165 3266 3166
f 3165 3265 3266
f 3166 3267 3167
f 3166 3266 3267
f 3167 3268 3168
f 3167 3267 3268
f 3168 3269 3169
f 3168 3268 3269
f 3169 3270 3170
f 3169 3269 3270
f 3170 3271 3171
f 3170 3270 3271
f 3171 3272 3172
f 3171 3271 3272
f 3172 3273 3173
f 3172 3272 3273
f 3173 3274 3174
f 3173 3273 3274
f 3174 3275 3175
f 3174 3274 3275
f 3175 3276 3176
f 3175 3275 3276
f 3176 3277 3177
f 3176 3276 3277
f 3177 3278 3178
f 3177 3277 3278
f 3178 3279 3179
f 3178 3278 3279
f 3179 3280 3180
f 3179 3279 3280
f 3180 3281 3181
f 3180 3280 3281
f 3181 3282 3182
f 3181 3281 3282
f 3182 3283 3183
f 3182 3282 3283
f 3183 3284 3184
f 3183 3283 3284
f 3184 3285 3185
f 3184 3284 3285
f 3185 3286 3186
f 3185 3285 3286
f 3186 3287 3187
f 3186 3286 3287
f 3187 3288 3188
f 3187 3287 3288
f 3188 3289 3189
f 3188 3288 3289
f 3189 3290 3190
f 3189 3289 3290
f 3190 3291 3191
f 3190 3290 3291
f 3191 3292 3192
f 3191 3291 3292
f 3192 3293 3193
f 3192 3292 3293
f 3193 3294 3194
f 3193 3293 3294
f 3194 3295 3195
f 3194 3294 3295
f 3195 3296 3196
f 3195 3295 3296
f 3196 3297 3197
f 3196 3296 3297
f 3197 3298 3198
f 3197 3297 3298
f 3198 3299 3199
f 3198 3298 3299
f 3199 3300 3200
f 3199 3299 3300
f 3200 3201 3101
f 3200 3300 3201
f 3201 3302 3202
f 3201 3301 3302
f 3202 3303 3203
f 3202 3302 3303
f 3203 3304 3204
f 3203 3303 3304
f 3204 3305 3205
f 3204 3304 3305
f 3205 3306 3206
f 3205 3305 3306
f 3206 3307 3207
f 3206 3306 3307
f 3207 3308 3208
f 3207 3307 3308
f 3208 3309 3209
f 3208 3308 3309
f 3209 3310 3210
f 3209 3309 3310
f 3210 3311 3211
f 3210 3310 3311
f 3211 3312 3212
f 3211 3311 3312
f 3212 3313 3213
f 3212 3312 3313
f 3213 3314 3214
f 3213 3313 3314
f 3214 3315 3215
f 3214 3314 3315
f 3215 3316 3216
f 3215 3315 3316
f 3216 3317 3217
f 3216 3316 3317
f 3217 3318 3218
f 3217 3317 3318
f 3218 3319 3219
f 3218 3318 3319
f 3219 3320 3220
f 3219 3319 3320
f 3220 3321 3221
f 3220 3320 3321
f 3221 3322 3222
f 3221 3321 3322
f 3222 3323 3223
f 3222 3322 3323
f 3223 3324 3224
f 3223 3323 3324
f 3224 3325 3225
f 3224 3324 3325
f 3225 3326 3226
f 3225 3325 3326
f 3226 3327 3227
f 3226 3326 3327
f 3227 3328 3228
f 3227 3327 3328
f 3228 3329 3229
f 3228 3328 3329
f 3229 3330 3230
f 3229 3329 3330
f 3230 3331 3231
f 3230 3330 3331
f 3231 3332 3232
f 3231 3331 3332
f 3232 3333 3233
f 3232 3332 3333
f 3233 3334 3234
f 3233 3333 3334
f 3234 3335 3235
f 3234 3334 3335
f 3235 3336 3236
f 3235 3335 3336
f 3236 3337 3237
f 3236 3336 3337
f 3237 3338 3238
f 3237 3337 3338
f 3238 3339 3239
f 3238 3338 3339
f 3239 3340 3240
f 3239 3339 3340
f 3240 3341 3241
f 3240 3340 3341
f 3241 3342 3242
f 3241 3341 3342
f 3242 3343 3243
f 3242 3342 3343
f 3243 3344 3244
f 3243 3343 3344
f 3244 3345 3245
f 3244 3344 3345
f 3245 3346 3246
f 3245 3345 3346
f 3246 3347 3247
f 3246 3346 3347
f 3247 3348 3248
f 3247 3347 3348
f 3248 3349 3249
f 3248 3348 3349
f 3249 3350 3250
f 3249 3349 3350
f 3250 3351 3251
f 3250 3350 3351
f 3251 3352 3252
f 3251 3351 3352
f 3252 3353 3253
f 3252 3352 3353
f 3253 3354 3254
f 3253 3353 3354
f 3254 3355 3255
f 3254 3354 3355
f 3255 3356 3256
f 3255 3355 3356
f 3256 3357 3257
f 3256 3356 3357
f 3257 3358 3258
f 3257 3357 3358
f 3258 3359 3259
f 3258 3358 3359
f 3259 3360 3260
f 3259 3359 3360
f 3260 3361 3261
f 3260 3360 3361
f 3261 3362 3262
f 3261 3361 3362
f 3262 3363 3263
f 3262 3362 3363
f 3263 3364 3264
f 3263 3363 3364
f 3264 3365 3265
f 3264 3364 3365
f 3265 3366 3266
f 3265 3365 3366
f 3266 3367 3267
f 3266 3366 3367
f 3267 3368 3268
f 3267 3367 3368
f 3268 3369 3269
f 3268 3368 3369
f 3269 3370 3270
f 3269 3369 3370
f 3270 3371 3271
f 3270 3370 3371
f 3271 3372 3272
f 3271 3371 3372
f 3272 3373 3273
f 3272 3372 3373
f 3273 3374 3274
f 3273 3373 3374
f 3274 3375 3275
f 3274 3374 3375
f 3275 3376 3276
f 3275 3375 3376
f 3276 3377 3277
f 3276 3376 3377
f 3277 3378 3278
f 3277 3377 3378
f 3278 3379 3279
f 3278 3378 3379
f 3279 3380 3280
f 3279 3379 3380
f 3280 3381 3281
f 3280 3380 3381
f 3281 3382 3282
f 3281 3381 3382
f 3282 3383 3283
f 3282 3382 3383
f 3283 3384 3284
f 3283 3383 3384
f 3284 3385 3285
f 3284 3384 3385
f 3285 3386 3286
f 3285 3385 3386
f 3286 3387 3287
f 3286 3386 3387
f 3287 3388 3288
f 3287 3387 3388
f 3288 3389 3289
f 3288 3388 3389
f 3289 3390 3290
f 3289 3389 3390
f 3290 3391 3291
f 3290 3390 3391
f 3291 3392 3292
f 3291 3391 3392
f 3292 3393 3293
f 3292 3392 3393
f 3293 3394 3294
f 3293 3393 3394
f 3294 3395 3295
f 3294 3394 3395
f 3295 3396 3296
f 3295 3395 3396
f 3296 3397 3297
f 3296 3396 3397
f 3297 3398 3298
f 3297 3397 3398
f 3298 3399 3299
f 3298 3398 3399
f 3299 3400 3300
f 3299 3399 3400
f 3300 3301 3201
f 3300 3400 3301
f 3301 3402 3302
f 3301 3401 3402
f 3302 3403 3303
f 3302 3402 3403
f 3303 3404 3304
f 3303 3403 3404
f 3304 3405 3305
f 3304 3404 3405
f 3305 3406 3306
f 3305 3405 3406
f 3306 3407 3307
f 3306 3406 3407
f 3307 3408 3308
f 3307 3407 3408
f 3308 3409 3309
f 3308 3408 3409
f 3309 3410 3310
f 3309 3409 3410
f 3310 3411 3311
f 3310 3410 3411
f 3311 3412 3312
f 3311 3411 3412
f 3312 3413 3313
f 3312 3412 3413
f 3313 3414 3314
f 3313 3413 3414
f 3314 3415 3315
f 3314 3414 3415
f 3315 3416 3316
f 3315 3415 3416
f 3316 3417 3317
f 3316 3416 3417
f 3317 3418 3318
f 3317 3417 3418
f 3318 3419 3319
f 3318 3418 3419
f 3319 3420 3320
f 3319 3419 3420
f 3320 3421 3321
f 3320 3420 3421
f 3321 3422 3322
f 3321 3421 3422
f 3322 3423 3323
f 3322 3422 3423
f 3323 3424 3324
f 3323 3423 3424
f 3324 3425 3325
f 3324 3424 3425
f 3325 3426 3326
f 3325 3425 3426
f 3326 3427 3327
f 3326 3426 3427
f 3327 3428 3328
f 3327 3427 3428
f 3328 3429 3329
f 3328 3428 3429
f 3329 3430 3330
f 3329 3429 3430
f 3330 3431 3331
f 3330 3430 3431
f 3331 3432 3332
f 3331 3431 3432
f 3332 3433 3333
f 3332 3432 3433
f 3333 3434 3334
f 3333 3433 3434
f 3334 3435 3335
f 3334 3434 3435
f 3335 3436 3336
f 3335 3435 3436
f 3336 3437 3337
f 3336 3436 3437
f 3337 3438 3338
f 3337 3437 3438
f 3338 3439 3339
f 3338 3438 3439
f 3339 3440 3340
f 3339 3439 3440
f 3340 3441 3341
f 3340 3440 3441
f 3341 3442 3342
f 3341 3441 3442
f 3342 3443 3343
f 3342 3442 3443
f 3343 3444 3344
f 3343 3443 3444
f 3344 3445 3345
f 3344 3444 3445
f 3345 3446 3346
f 3345 3445 3446
f 3346 3447 3347
f 3346 3446 3447
f 3347 3448 3348
f 3347 3447 3448
f 3348 3449 3349
f 3348 3448 3449
f 3349 3450 3350
f 3349 3449 3450
f 3350 3451 3351
f 3350 3450 3451
f 3351 3452 3352
f 3351 3451 3452
f 3352 3453 3353
f 3352 3452 3453
f 3353 3454 3354
f 3353 3453 3454
f 3354 3455 3355
f 3354 3454 3455
f 3355 3456 3356
f 3355 3455 3456
f 3356 3457 3357
f 3356 3456 3457
f 3357 3458 3358
f 3357 3457 3458
f 3358 3459 3359
f 3358 3458 3459
f 3359 3460 3360
f 3359 3459 3460
f 3360 3461 3361
f 3360 3460 3461
f 3361 3462 3362
f 3361 3461 3462
f 3362 3463 3363
f 3362 3462 3463
f 3363 3464 3364
f 3363 3463 3464
f 3364 3465 3365
f 3364 3464 3465
f 3365 3466 3366
f 3365 3465 3466
f 3366 3467 3367
f 3366 3466 3467
f 3367 3468 3368
f 3367 3467 3468
f 3368 3469 3369
f 3368 3468 3469
f 3369 3470 3370
f 3369 3469 3470
f 3370 3471 3371
f 3370 3470 3471
f 3371 3472 3372
f 3371 3471 3472
f 3372 3473 3373
f 3372 3472 3473
f 3373 3474 3374
f 3373 3473 3474
f 3374 3475 3375
f 3374 3474 3475
f 3375 3476 3376
f 3375 3475 3476
f 3376 3477 3377
f 3376 3476 3477
f 3377 3478 3378
f 3377 3477 3478
f 3378 3479 3379
f 3378 3478 3479
f 3379 3480 3380
f 3379 3479 3480
f 3380 3481 3381
f 3380 3480 3481
f 3381 3482 3382
f 3381 3481 3482
f 3382 3483 3383
f 3382 3482 3483
f 3383 3484 3384
f 3383 3483 3484
f 3384 3485 3385
f 3384 3484 3485
f 3385 3486 3386
f 3385 3485 3486
f 3386 3487 3387
f 3386 3486 3487
f 3387 3488 3388
f 3387 3487 3488
f 3388 3489 3389
f 3388 3488 3489
f 3389 3490 3390
f 3389 3489 3490
f 3390 3491 3391
f 3390 3490 3491
f 3391 3492 3392
f 3391 3491 3492
f 3392 3493 3393
f 3392 3492 3493
f 3393 3494 3394
f 3393 3493 3494
f 3394 3495 3395
f 3394 3494 3495
f 3395 3496 3396
f 3395 3495 3496
f 3396 3497 3397
f 3396 3496 3497
f 3397 3498 3398
f 3397 3497 3498
f 3398 3499 3399
f 3398 3498 3499
f 3399 3500 3400
f 3399 3499 3500
f 3400 3401 3301
f 3400 3500 3401
f 3401 3502 3402
f 3401 3501 3502
f 3402 3503 3403
f 3402 3502 3503
f 3403 3504 3404
f 3403 3503 3504
f 3404 3505 3405
f 3404 3504 3505
f 3405 3506 3406
f 3405 3505 3506
f 3406 3507 3407
f 3406 3506 3507
f 3407 3508 3408
f 3407 3507 3508
f 3408 3509 3409
f 3408 3508 3509
f 3409 3510 3410
f 3409 3509 3510
f 3410 3511 3411
f 3410 3510 3511
f 3411 3512 3412
f 3411 3511 3512
f 3412 3513 3413
f 3412 3512 3513
f 3413 3514 3414
f 3413 3513 3514
f 3414 3515 3415
f 3414 3514 3515
f 3415 3516 3416
f 3415 3515 3516
f 3416 3517 3417
f 3416 3516 3517
f 3417 3518 3418
f 3417 3517 3518
f 3418 3519 3419
f 3418 3518 3519
f 3419 3520 3420
f 3419 3519 3520
f 3420 3521 3421
f 3420 3520 3521
f 3421 3522 3422
f 3421 3521 3522
f 3422 3523 3423
f 3422 3522 3523
f 3423 3524 3424
f 3423 3523 3524
f 3424 3525 3425
f 3424 3524 3525
f 3425 3526 3426
f 3425 3525 3526
f 3426 3527 3427
f 3426 3526 3527
f 3427 3528 3428
f 3427 3527 3528
f 3428 3529 3429
f 3428 3528 3529
f 3429 3530 3430
f 3429 3529 3530
f 3430 3531 3431
f 3430 3530 3531
f 3431 3532 3432
f 3431 3531 3532
f 3432 3533 3433
f 3432 3532 3533
f 3433 3534 3434
f 3433 3533 3534
f 3434 3535 3435
f 3434 3534 3535
f 3435 3536 3436
f 3435 3535 3536
f 3436 3537 3437
f 3436 3536 3537
f 3437 3538 3438
f 3437 3537 3538
f 3438 3539 3439
f 3438 3538 3539
f 3439 3540 3440
f 3439 3539 3540
f 3440 3541 3441
f 3440 3540 3541
f 3441 3542 3442
f 3441 3541 3542
f 3442 3543 3443
f 3442 3542 3543
f 3443 3544 3444
f 3443 3543 3544
f 3444 3545 3445
f 3444 3544 3545
f 3445 3546 3446
f 3445 3545 3546
f 3446 3547 3447
f 3446 3546 3547
f 3447 3548 3448
f 3447 3547 3548
f 3448 3549 3449
f 3448 3548 3549
f 3449 3550 3450
f 3449 3549 3550
f 3450 3551 3451
f 3450 3550 3551
f 3451 3552 3452
f 3451 3551 3552
f 3452 3553 3453
f 3452 3552 3553
f 3453 3554 3454
f 3453 3553 3554
f 3454 3555 3455
f 3454 3554 3555
f 3455 3556 3456
f 3455 3555 3556
f 3456 3557 3457
f 3456 3556 3557
f 3457 3558 3458
f 3457 3557 3558
f 3458 3559 3459
f 3458 3558 3559
f 3459 3560 3460
f 3459 3559 3560
f 3460 3561 3461
f 3460 3560 3561
f 3461 3562 3462
f 3461 3561 3562
f 3462 3563 3463
f 3462 3562 3563
f 3463 3564 3464
f 3463 3563 3564
f 3464 3565 3465
f 3464 3564 3565
f 3465 3566 3466
f 3465 3565 3566
f 3466 3567 3467
f 3466 3566 3567
f 3467 3568 3468
f 3467 3567 3568
f 3468 3569 3469
f 3468 3568 3569
f 3469 3570 3470
f 3469 3569 3570
f 3470 3571 3471
f 3470 3570 3571
f 3471 3572 3472
f 3471 3571 3572
f 3472 3573 3473
f 3472 3572 3573
f 3473 3574 3474
f 3473 3573 3574
f 3474 3575 3475
f 3474 3574 3575
f 3475 3576 3476
f 3475 3575 3576
f 3476 3577 3477
f 3476 3576 3577
f 3477 3578 3478
f 3477 3577 3578
f 3478 3579 3479
f 3478 3578 3579
f 3479 3580 3480
f 3479 3579 3580
f 3480 3581 3481
f 3480 3580 3581
f 3481 3582 3482
f 3481 3581 3582
f 3482 3583 3483
f 3482 3582 3583
f 3483 3584 3484
f 3483 3583 3584
f 3484 3585 3485
f 3484 3584 3585
f 3485 3586 3486
f 3485 3585 3586
f 3486 3587 3487
f 3486 3586 3587
f 3487 3588 3488
f 3487 3587 3588
f 3488 3589 3489
f 3488 3588 3589
f 3489 3590 3490
f 3489 3589 3590
f 3490 3591 3491
f 3490 3590 3591
f 3491 3592 3492
f 3491 3591 3592
f 3492 3593 3493
f 3492 3592 3593
f 3493 3594 3494
f 3493 3593 3594
f 3494 3595 3495
f 3494 3594 3595
f 3495 3596 3496
f 3495 3595 3596
f 3496 3597 3497
f 3496 3596 3597
f 3497 3598 3498
f 3497 3597 3598
f 3498 3599 3499
f 3498 3598 3599
f 3499 3600 3500
f 3499 3599 3600
f 3500 3501 3401
f 3500 3600 3501
f 3501 3602 3502
f 3501 3601 3602
f 3502 3603 3503
f 3502 3602 3603
f 3503 3604 3504
f 3503 3603 3604
f 3504 3605 3505
f 3504 3604 3605
f 3505 3606 3506
f 3505 3605 3606
f 3506 3607 3507
f 3506 3606 3607
f 3507 3608 3508
f 3507 3607 3608
f 3508 3609 3509
f 3508 3608 3609
f 3509 3610 3510
f 3509 3609 3610
f 3510 3611 3511
f 3510 3610 3611
f 3511 3612 3512
f 3511 3611 3612
f 3512 3613 3513
f 3512 3612 3613
f 3513 3614 3514
f 3513 3613 3614
f 3514 3615 3515
f 3514 3614 3615
f 3515 3616 3516
f 3515 3615 3616
f 3516 3617 3517
f 3516 3616 3617
f 3517 3618 3518
f 3517 3617 3618
f 3518 3619 3519
f 3518 3618 3619
f 3519 3620 3520
f 3519 3619 3620
f 3520 3621 3521
f 3520 3620 3621
f 3521 3622 3522
f 3521 3621 3622
f 3522 3623 3523
f 3522 3622 3623
f 3523 3624 3524
f 3523 3623 3624
f 3524 3625 3525
f 3524 3624 3625
f 3525 3626 3526
f 3525 3625 3626
f 3526 3627 3527
f 3526 3626 3627
f 3527 3628 3528
f 3527 3627 3628
f 3528 3629 3529
f 3528 3628 3629
f 3529 3630 3530
f 3529 3629 3630
f 3530 3631 3531
f 3530 3630 3631
f 3531 3632 3532
f 3531 3631 3632
f 3532 3633 3533
f 3532 3632 3633
f 3533 3634 3534
f 3533 3633 3634
f 3534 3635 3535
f 3534 3634 3635
f 3535 3636 3536
f 3535 3635 3636
f 3536 3637 3537
f 3536 3636 3637
f 3537 3638 3538
f 3537 3637 3638
f 3538 3639 3539
f 3538 3638 3639
f 3539 3640 3540
f 3539 3639 3640
f 3540 3641 3541
f 3540 3640 3641
f 3541 3642 3542
f 3541 3641 3642
f 3542 3643 3543
f 3542 3642 3643
f 3543 3644 3544
f 3543 3643 3644
f 3544 3645 3545
f 3544 3644 3645
f 3545 3646 3546
f 3545 3645 3646
f 3546 3647 3547
f 3546 3646 3647
f 3547 3648 3548
f 3547 3647 3648
f 3548 3649 3549
f 3548 3648 3649
f 3549 3650 3550
f 3549 3649 3650
f 3550 3651 3551
f 3550 3650 3651
f 3551 3652 3552
f 3551 3651 3652
f 3552 3653 3553
f 3552 3652 3653
f 3553 3654 3554
f 3553 3653 3654
f 3554 3655 3555
f 3554 3654 3655
f 3555 3656 3556
f 3555 3655 3656
f 3556 3657 3557
f 3556 3656 3657
f 3557 3658 3558
f 3557 3657 3658
f 3558 3659 3559
f 3558 3658 3659
f 3559 3660 3560
f 3559 3659 3660
f 3560 3661 3561
f 3560 3660 3661
f 3561 3662 3562
f 3561 3661 3662
f 3562 3663 3563
f 3562 3662 3663
f 3563 3664 3564
f 3563 3663 3664
f 3564 3665 3565
f 3564 3664 3665
f 3565 3666 3566
f 3565 3665 3666
f 3566 3667 3567
f 3566 3666 3667
f 3567 3668 3568
f 3567 3667 3668
f 3568 3669 3569
f 3568 3668 3669
f 3569 3670 3570
f 3569 3669 3670
f 3570 3671 3571
f 3570 3670 3671
f 3571 3672 3572
f 3571 3671 3672
f 3572 3673 3573
f 3572 3672 3673
f 3573 3674 3574
f 3573 3673 3674
f 3574 3675 3575
f 3574 3674 3675
f 3575 3676 3576
f 3575 3675 3676
f 3576 3677 3577
f 3576 3676 3677
f 3577 3678 3578
f 3577 3677 3678
f 3578 3679 3579
f 3578 3678 3679
f 3579 3680 3580
f 3579 3679 3680
f 3580 3681 3581
f 3580 3680 3681
f 3581 3682 3582
f 3581 3681 3682
f 3582 3683 3583
f 3582 3682 3683
f 3583 3684 3584
f 3583 3683 3684
f 3584 3685 3585
f 3584 3684 3685
f 3585 3686 3586
f 3585 3685 3686
f 3586 3687 3587
f 3586 3686 3687
f 3587 3688 3588
f 3587 3687 3688
f 3588 3689 3589
f 3588 3688 3689
f 3589 3690 3590
f 3589 3689 3690
f 3590 3691 3591
f 3590 3690 3691
f 3591 3692 3592
f 3591 3691 3692
f 3592 3693 3593
f 3592 3692 3693
f 3593 3694 3594
f 3593 3693 3694
f 3594 3695 3595
f 3594 3694 3695
f 3595 3696 3596
f 3595 3695 3696
f 3596 3697 3597
f 3596 3696 3697
f 3597 3698 3598
f 3597 3697 3698
f 3598 3699 3599
f 3598 3698 3699
f 3599 3700 3600
f 3599 3699 3700
f 3600 3601 3501
f 3600 3700 3601
f 3601 3702 3602
f 3601 3701 3702
f 3602 3703 3603
f 3602 3702 3703
f 3603 3704 3604
f 3603 3703 3704
f 3604 3705 3605
f 3604 3704 3705
f 3605 3706 3606
f 3605 3705 3706
f 3606 3707 3607
f 3606 3706 3707
f 3607 3708 3608
f 3607 3707 3708
f 3608 3709 3609
f 3608 3708 3709
f 3609 3710 3610
f 3609 3709 3710
f 3610 3711 3611
f 3610 3710 3711
f 3611 3712 3612
f 3611 3711 3712
f 3612 3713 3613
f 3612 3712 3713
f 3613 3714 3614
f 3613 3713 3714
f 3614 3715 3615
f 3614 3714 3715
f 3615 3716 3616
f 3615 3715 3716
f 3616 3717 3617
f 3616 3716 3717
f 3617 3718 3618
f 3617 3717 3718
f 3618 3719 3619
f 3618 3718 3719
f 3619 3720 3620
f 3619 3719 3720
f 3620 3721 3621
f 3620 3720 3721
f 3621 3722 3622
f 3621 3721 3722
f 3622 3723 3623
f 3622 3722 3723
f 3623 3724 3624
f 3623 3723 3724
f 3624 3725 3625
f 3624 3724 3725
f 3625 3726 3626
f 3625 3725 3726
f 3626 3727 3627
f 3626 3726 3727
f 3627 3728 3628
f 3627 3727 3728
f 3628 3729 3629
f 3628 3728 3729
f 3629 3730 3630
f 3629 3729 3730
f 3630 3731 3631
f 3630 3730 3731
f 3631 3732 3632
f 3631 3731 3732
f 3632 3733 3633
f 3632 3732 3733
f 3633 3734 3634
f 3633 3733 3734
f 3634 3735 3635
f 3634 3734 3735
f 3635 3736 3636
f 3635 3735 3736
f 3636 3737 3637
f 3636 3736 3737
f 3637 3738 3638
f 3637 3737 3738
f 3638 3739 3639
f 3638 3738 3739
f 3639 3740 3640
f 3639 3739 3740
f 3640 3741 3641
f 3640 3740 3741
f 3641 3742 3642
f 3641 3741 3742
f 3642 3743 3643
f 3642 3742 3743
f 3643 3744 3644
f 3643 3743 3744
f 3644 3745 3645
f 3644 3744 3745
f 3645 3746 3646
f 3645 3745 3746
f 3646 3747 3647
f 3646 3746 3747
f 3647 3748 3648
f 3647 3747 3748
f 3648 3749 3649
f 3648 3748 3749
f 3649 3750 3650
f 3649 3749 3750
f 3650 3751 3651
f 3650 3750 3751
f 3651 3752 3652
f 3651 3751 3752
f 3652 3753 3653
f 3652 3752 3753
f 3653 3754 3654
f 3653 3753 3754
f 3654 3755 3655
f 3654 3754 3755
f 3655 3756 3656
f 3655 3755 3756
f 3656 3757 3657
f 3656 3756 3757
f 3657 3758 3658
f 3657 3757 3758
f 3658 3759 3659
f 3658 3758 3759
f 3659 3760 3660
f 3659 3759 3760
f 3660 3761 3661
f 3660 3760 3761
f 3661 3762 3662
f 3661 3761 3762
f 3662 3763 3663
f 3662 3762 3763
f 3663 3764 3664
f 3663 3763 3764
f 3664 3765 3665
f 3664 3764 3765
f 3665 3766 3666
f 3665 3765 3766
f 3666 3767 3667
f 3666 3766 3767
f 3667 3768 3668
f 3667 3767 3768
f 3668 3769 3669
f 3668 3768 3769
f 3669 3770 3670
f 3669 3769 3770
f 3670 3771 3671
f 3670 3770 3771
f 3671 3772 3672
f 3671 3771 3772
f 3672 3773 3673
f 3672 3772 3773
f 3673 3774 3674
f 3673 3773 3774
f 3674 3775 3675
f 3674 3774 3775
f 3675 3776 3676
f 3675 3775 3776
f 3676 3777 3677
f 3676 3776 3777
f 3677 3778 3678
f 3677 3777 3778
f 3678 3779 3679
f 3678 3778 3779
f 3679 3780 3680
f 3679 3779 3780
f 3680 3781 3681
f 3680 3780 3781
f 3681 3782 3682
f 3681 3781 3782
f 3682 3783 3683
f 3682 3782 3783
f 3683 3784 3684
f 3683 3783 3784
f 3684 3785 3685
f 3684 3784 3785
f 3685 3786 3686
f 3685 3785 3786
f 3686 3787 3687
f 3686 3786 3787
f 3687 3788 3688
f 3687 3787 3788
f 3688 3789 3689
f 3688 3788 3789
f 3689 3790 3690
f 3689 3789 3790
f 3690 3791 3691
f 3690 3790 3791
f 3691 3792 3692
f 3691 3791 3792
f 3692 3793 3693
f 3692 3792 3793
f 3693 3794 3694
f 3693 3793 3794
f 3694 3795 3695
f 3694 3794 3795
f 3695 3796 3696
f 3695 3795 3796
f 3696 3797 3697
f 3696 3796 3797
f 3697 3798 3698
f 3697 3797 3798
f 3698 3799 3699
f 3698 3798 3799
f 3699 3800 3700
f 3699 3799 3800
f 3700 3701 3601
f 3700 3800 3701
f 3701 3802 3702
f 3701 3801 3802
f 3702 3803 3703
f 3702 3802 3803
f 3703 3804 3704
f 3703 3803 3804
f 3704 3805 3705
f 3704 3804 3805
f 3705 3806 3706
f 3705 3805 3806
f 3706 3807 3707
f 3706 3806 3807
f 3707 3808 3708
f 3707 3807 3808
f 3708 3809 3709
f 3708 3808 3809
f 3709 3810 3710
f 3709 3809 3810
f 3710 3811 3711
f 3710 3810 3811
f 3711 3812 3712
f 3711 3811 3812
f 3712 3813 3713
f 3712 3812 3813
f 3713 3814 3714
f 3713 3813 3814
f 3714 3815 3715
f 3714 3814 3815
f 3715 3816 3716
f 3715 3815 3816
f 3716 3817 3717
f 3716 3816 3817
f 3717 3818 3718
f 3717 3817 3818
f 3718 3819 3719
f 3718 3818 3819
f 3719 3820 3720
f 3719 3819 3820
f 3720 3821 3721
f 3720 3820 3821
f 3721 3822 3722
f 3721 3821 3822
f 3722 3823 3723
f 3722 3822 3823
f 3723 3824 3724
f 3723 3823 3824
f 3724 3825 3725
f 3724 3824 3825
f 3725 3826 3726
f 3725 3825 3826
f 3726 3827 3727
f 3726 3826 3827
f 3727 3828 3728
f 3727 3827 3828
f 3728 3829 3729
f 3728 3828 3829
f 3729 3830 3730
f 3729 3829 3830
f 3730 3831 3731
f 3730 3830 3831
f 3731 3832 3732
f 3731 3831 3832
f 3732 3833 3733
f 3732 3832 3833
f 3733 3834 3734
f 3733 3833 3834
f 3734 3835 3735
f 3734 3834 3835
f 3735 3836 3736
f 3735 3835 3836
f 3736 3837 3737
f 3736 3836 3837
f 3737 3838 3738
f 3737 3837 3838
f 3738 3839 3739
f 3738 3838 3839
f 3739 3840 3740
f 3739 3839 3840
f 3740 3841 3741
f 3740 3840 3841
f 3741 3842 3742
f 3741 3841 3842
f 3742 3843 3743
f 3742 3842 3843
f 3743 3844 3744
f 3743 3843 3844
f 3744 3845 3745
f 3744 3844 3845
f 3745 3846 3746
f 3745 3845 3846
f 3746 3847 3747
f 3746 3846 3847
f 3747 3848 3748
f 3747 3847 3848
f 3748 3849 3749
f 3748 3848 3849
f 3749 3850 3750
f 3749 3849 3850
f 3750 3851 3751
f 3750 3850 3851
f 3751 3852 3752
f 3751 3851 3852
f 3752 3853 3753
f 3752 3852 3853
f 3753 3854 3754
f 3753 3853 3854
f 3754 3855 3755
f 3754 3854 3855
f 3755 3856 3756
f 3755 3855 3856
f 3756 3857 3757
f 3756 3856 3857
f 3757 3858 3758
f 3757 3857 3858
f 3758 3859 3759
f 3758 3858 3859
f 3759 3860 3760
f 3759 3859 3860
f 3760 3861 3761
f 3760 3860 3861
f 3761 3862 3762
f 3761 3861 3862
f 3762 3863 3763
f 3762 3862 3863
f 3763 3864 3764
f 3763 3863 3864
f 3764 3865 3765
f 3764 3864 3865
f 3765 3866 3766
f 3765 3865 3866
f 3766 3867 3767
f 3766 3866 3867
f 3767 3868 3768
f 3767 3867 3868
f 3768 3869 3769
f 3768 3868 3869
f 3769 3870 3770
f 3769 3869 3870
f 3770 3871 3771
f 3770 3870 3871
f 3771 3872 3772
f 3771 3871 3872
f 3772 3873 3773
f 3772 3872 3873
f 3773 3874 3774
f 3773 3873 3874
f 3774 3875 3775
f 3774 3874 3875
f 3775 3876 3776
f 3775 3875 3876
f 3776 3877 3777
f 3776 3876 3877
f 3777 3878 3778
f 3777 3877 3878
f 3778 3879 3779
f 3778 3878 3879
f 3779 3880 3780
f 3779 3879 3880
f 3780 3881 3781
f 3780 3880 3881
f 3781 3882 3782
f 3781 3881 3882
f 3782 3883 3783
f 3782 3882 3883
f 3783 3884 3784
f 3783 3883 3884
f 3784 3885 3785
f 3784 3884 3885
f 3785 3886 3786
f 3785 3885 3886
f 3786 3887 3787
f 3786 3886 3887
f 3787 3888 3788
f 3787 3887 3888
f 3788 3889 3789
f 3788 3888 3889
f 3789 3890 3790
f 3789 3889 3890
f 3790 3891 3791
f 3790 3890 3891
f 3791 3892 3792
f 3791 3891 3892
f 3792 3893 3793
f 3792 3892 3893
f 3793 3894 3794
f 3793 3893 3894
f 3794 3895 3795
f 3794 3894 3895
f 3795 3896 3796
f 3795 3895 3896
f 3796 3897 3797
f 3796 3896 3897
f 3797 3898 3798
f 3797 3897 3898
f 3798 3899 3799
f 3798 3898 3899
f 3799 3900 3800
f 3799 3899 3900
f 3800 3801 3701
f 3800 3900 3801
f 3801 3902 3802
f 3801 3901 3902
f 3802 3903 3803
f 3802 3902 3903
f 3803 3904 3804
f 3803 3903 3904
f 3804 3905 3805
f 3804 3904 3905
f 3805 3906 3806
f 3805 3905 3906
f 3806 3907 3807
f 3806 3906 3907
f 3807 3908 3808
f 3807 3907 3908
f 3808 3909 3809
f 3808 3908 3909
f 3809 3910 3810
f 3809 3909 3910
f 3810 3911 3811
f 3810 3910 3911
f 3811 3912 3812
f 3811 3911 3912
f 3812 3913 3813
f 3812 3912 3913
f 3813 3914 3814
f 3813 3913 3914
f 3814 3915 3815
f 3814 3914 3915
f 3815 3916 3816
f 3815 3915 3916
f 3816 3917 3817
f 3816 3916 3917
f 3817 3918 3818
f 3817 3917 3918
f 3818 3919 3819
f 3818 3918 3919
f 3819 3920 3820
f 3819 3919 3920
f 3820 3921 3821
f 3820 3920 3921
f 3821 3922 3822
f 3821 3921 3922
f 3822 3923 3823
f 3822 3922 3923
f 3823 3924 3824
f 3823 3923 3924
f 3824 3925 3825
f 3824 3924 3925
f 3825 3926 3826
f 3825 3925 3926
f 3826 3927 3827
f 3826 3926 3927
f 3827 3928 3828
f 3827 3927 3928
f 3828 3929 3829
f 3828 3928 3929
f 3829 3930 3830
f 3829 3929 3930
f 3830 3931 3831
f 3830 3930 3931
f 3831 3932 3832
f 3831 3931 3932
f 3832 3933 3833
f 3832 3932 3933
f 3833 3934 3834
f 3833 3933 3934
f 3834 3935 3835
f 3834 3934 3935
f 3835 3936 3836
f 3835 3935 3936
f 3836 3937 3837
f 3836 3936 3937
f 3837 3938 3838
f 3837 3937 3938
f 3838 3939 3839
f 3838 3938 3939
f 3839 3940 3840
f 3839 3939 3940
f 3840 3941 3841
f 3840 3940 3941
f 3841 3942 3842
f 3841 3941 3942
f 3842 3943 3843
f 3842 3942 3943
f 3843 3944 3844
f 3843 3943 3944
f 3844 3945 3845
f 3844 3944 3945
f 3845 3946 3846
f 3845 3945 3946
f 3846 3947 3847
f 3846 3946 3947
f 3847 3948 3848
f 3847 3947 3948
f 3848 3949 3849
f 3848 3948 3949
f 3849 3950 3850
f 3849 3949 3950
f 3850 3951 3851
f 3850 3950 3951
f 3851 3952 3852
f 3851 3951 3952
f 3852 3953 3853
f 3852 3952 3953
f 3853 3954 3854
f 3853 3953 3954
f 3854 3955 3855
f 3854 3954 3955
f 3855 3956 3856
f 3855 3955 3956
f 3856 3957 3857
f 3856 3956 3957
f 3857 3958 3858
f 3857 3957 3958
f 3858 3959 3859
f 3858 3958 3959
f 3859 3960 3860
f 3859 3959 3960
f 3860 3961 3861
f 3860 3960 3961
f 3861 3962 3862
f 3861 3961 3962
f 3862 3963 3863
f 3862 3962 3963
f 3863 3964 3864
f 3863 3963 3964
f 3864 3965 3865
f 3864 3964 3965
f 3865 3966 3866
f 3865 3965 3966
f 3866 3967 3867
f 3866 3966 3967
f 3867 3968 3868
f 3867 3967 3968
f 3868 3969 3869
f 3868 3968 3969
f 3869 3970 3870
f 3869 3969 3970
f 3870 3971 3871
f 3870 3970 3971
f 3871 3972 3872
f 3871 3971 3972
f 3872 3973 3873
f 3872 3972 3973
f 3873 3974 3874
f 3873 3973 3974
f 3874 3975 3875
f 3874 3974 3975
f 3875 3976 3876
f 3875 3975 3976
f 3876 3977 3877
f 3876 3976 3977
f 3877 3978 3878
f 3877 3977 3978
f 3878 3979 3879
f 3878 3978 3979
f 3879 3980 3880
f 3879 3979 3980
f 3880 3981 3881
f 3880 3980 3981
f 3881 3982 3882
f 3881 3981 3982
f 3882 3983 3883
f 3882 3982 3983
f 3883 3984 3884
f 3883 3983 3984
f 3884 3985 3885
f 3884 3984 3985
f 3885 3986 3886
f 3885 3985 3986
f 3886 3987 3887
f 3886 3986 3987
f 3887 3988 3888
f 3887 3987 3988
f 3888 3989 3889
f 3888 3988 3989
f 3889 3990 3890
f 3889 3989 3990
f 3890 3991 3891
f 3890 3990 3991
f 3891 3992 3892
f 3891 3991 3992
f 3892 3993 3893
f 3892 3992 3993
f 3893 3994 3894
f 3893 3993 3994
f 3894 3995 3895
f 3894 3994 3995
f 3895 3996 3896
f 3895 3995 3996
f 3896 3997 3897
f 3896 3996 3997
f 3897 3998 3898
f 3897 3997 3998
f 3898 3999 3899
f 3898 3998 3999
f 3899 4000 3900
f 3899 3999 4000
f 3900 3901 3801
f 3900 4000 3901
