# File exported by Houdini 21.0.631 (www.sidefx.com)
# 12931 points
# 75612 vertices
# 25204 primitives
# Bounds: [-1, -2.25150565e-09, -0.798273504] to [1, 0.898224056, 0.798185825]
g 
v 0.630131125 0.166409537 -0.679907024
v 0.52124697 0.406984955 -0.493161947
v 0.630884528 0.225287884 -0.577767074
v 0.381911486 0.623417258 -0.526096821
v 0.56672585 0.343702137 -0.460195571
v 0.631595433 0.255413055 -0.476533145
v 0.76513207 0.085328415 -0.506820679
v -0.59528321 0.354045451 -0.488031894
v -0.145096138 0.606480658 -0.0927789956
v -0.244927049 0.610974848 -0.248478621
v -0.248768911 0.571450889 -0.101450734
v -0.406667918 0.525547504 -0.325575531
v -0.408621103 0.51973325 -0.308766693
v -0.218381673 0.580733359 0.0935316607
v -0.555227339 0.39802736 -0.506547332
v -0.456900299 0.482850313 -0.322281927
v -0.480030298 0.444156528 -0.170972824
v -0.396053851 0.492178887 -0.101207994
v -0.366994232 0.504823208 -0.0453662351
v -0.357422084 0.51008147 0.0974139497
v -0.571690619 0.384783924 -0.44396168
v -0.521372199 0.411755532 -0.137391105
v -0.478939593 0.437167794 -0.0951077938
v -0.415761203 0.475202829 -0.0486040711
v -0.378551096 0.495352894 0.0163747761
v -0.294698447 0.568008542 0.222338036
v -0.581443906 0.373755008 -0.183024108
v -0.422670215 0.467455447 0.0211729091
v -0.437598795 0.459035605 0.150684372
v -0.376379997 0.520982087 0.265443087
v -0.463057876 0.443125039 0.214351952
v -0.401518613 0.517834008 0.34084633
v -1 0 0
v 0.831215203 0.094154276 -0.307996601
v 0.751913846 0.168066636 -0.297965437
v 1 0 0
v 0.617808998 0.298172414 -0.3041915
v 0.671282113 0.269461781 -0.138068467
v 0.497590542 0.424484551 -0.371961504
v 0.572444797 0.34578526 -0.263224006
v 0.640904605 0.298739195 -0.108148806
v 0.472652912 0.444368303 -0.318094343
v 0.639540434 0.308269829 -0.0390542559
v 0.454030335 0.448483199 -0.187643796
v 0.517326355 0.39985165 -0.0583383702
v 0.627026558 0.325547993 0.0256330594
v 0.396712095 0.514492512 -0.311176628
v 0.392530173 0.493342519 -0.171228394
v 0.48680535 0.421208262 -0.137730375
v 0.582596183 0.364924252 0.0955192223
v 0.369136691 0.502547681 -0.0939551294
v 0.428817928 0.463388562 -0.0193841737
v 0.427965611 0.474145532 0.123095274
v 0.532804132 0.404290259 0.14305529
v 0.297075182 0.59214896 -0.300522894
v 0.2792449 0.572106659 -0.203010738
v 0.384627789 0.491661966 -0.0135544166
v 0.405757487 0.481315851 0.0452898853
v 0.526855469 0.417191237 0.236100599
v 0.123238854 0.694906235 -0.310254246
v 0.344110698 0.531818271 0.159156263
v 0.0362451747 0.642642379 -0.168829769
v 0.207701862 0.583465934 0.0665042475
v 0.235632241 0.575072765 0.0873180553
v 0.404676855 0.561640084 0.43653965
v -0.0465002283 0.680448115 -0.256091684
v -0.0922777057 0.612888336 -0.0559365228
v 0.0234215017 0.617152452 -0.00583985075
v 0.0719972923 0.61331296 0.0122176204
v 0.113208026 0.608966053 0.0533001609
v -0.121599399 0.629370987 0.172066033
v -0.0565011315 0.625854969 0.11203488
v 0.106183514 0.653426588 0.222213626
v -0.186584204 0.641116738 0.261720747
v -0.0849921554 0.666432142 0.243614107
v -0.0657070875 0.646978498 0.19030875
v 0.148056731 0.794013441 0.421392739
v 0.192873076 0.617744207 0.200375542
v -0.0860522836 0.808883429 0.406016111
v 0.254807144 0.598133385 0.226161942
v -0.274537921 0.684432149 0.427902639
v -0.644886374 0.297321975 0.093212761
v -0.835303903 0.125814274 0.150560603
v -0.55077523 0.368315727 0.187133774
v -0.868644118 0.0970019251 0.151321173
v -0.666764677 0.256652117 0.256103933
v -0.506739318 0.406822324 0.238620028
v -0.699604034 0.215357468 0.31094563
v -0.561673224 0.348543674 0.506445467
v 0.752320468 0.186799213 -0.207502916
v 0.753211379 0.19586958 -0.156125322
v 0.682412207 0.286100239 0.0341911577
v 0.5906775 0.373175502 0.290323108
v 0.530441403 0.424470693 0.37288025
v 0.585423589 0.19021596 -0.788016796
v 0.585218549 0.191828445 -0.787715971
v 0.557865918 0.33131212 -0.758435965
v 0.56342417 0.305652261 -0.765785992
v 0.55055666 0.354611665 -0.753316104
v 0.490582258 0.516781986 -0.700215757
v 0.497344464 0.500798643 -0.707459211
v 0.525784016 0.433578372 -0.728843272
v 0.533795476 0.408040613 -0.738676012
v 0.50704062 0.477880716 -0.715384305
v 0.393797159 0.677484632 -0.619544029
v 0.404437572 0.662496567 -0.629359424
v 0.437381148 0.616092443 -0.651494086
v 0.454423666 0.585191131 -0.668870032
v 0.414740473 0.647983968 -0.63700527
v 0.418920785 0.642095625 -0.639680445
v 0.208108574 0.842470527 -0.496834487
v 0.208630159 0.842160761 -0.497189313
v 0.208899155 0.842001021 -0.497337192
v 0.237277165 0.82514751 -0.509415925
v 0.255467534 0.814344406 -0.517158449
v 0.262182206 0.808807254 -0.522310317
v 0.273001939 0.799884975 -0.530611813
v 0.282513291 0.792041659 -0.537909448
v 0.313397974 0.766573131 -0.55692482
v 0.321496069 0.759895205 -0.560975194
v 0.344804496 0.734493375 -0.581030905
v 0.347455263 0.731604517 -0.583311737
v 0.581149936 0.223820925 -0.780072153
v 0.582318842 0.214629471 -0.782268226
v 0.575489163 0.24995397 -0.775509834
v 0.580091834 0.22870554 -0.779219389
v 0.538607836 0.392700285 -0.74287945
v 0.485552877 0.528669477 -0.693877161
v 0.485210091 0.529369593 -0.693536997
v 0.485410213 0.52900672 -0.693697333
v 0.48546499 0.528877258 -0.693766415
v 0.387028426 0.68701905 -0.612244487
v 0.382454365 0.693462014 -0.607311726
v 0.585991621 0.185749292 -0.788355112
v 0.598475814 0.0363404416 -0.798273504
v 0.597029924 0.0708126649 -0.797665894
v 0.595268846 0.11279992 -0.792501509
v 0.598690927 0.0312119592 -0.79809773
v 0.600000024 0 -0.797028303
v -0.585423589 0.19021596 -0.788016796
v -0.585991621 0.185749143 -0.788355172
v -0.598475814 0.0363404267 -0.798273444
v -0.597029924 0.0708126575 -0.797665954
v -0.600000024 0 -0.797028244
v -0.596455276 0.0845129341 -0.795980811
v -0.595268846 0.112799674 -0.792501569
v -0.59254086 0.134250388 -0.791282356
v -0.585218489 0.191828489 -0.787715971
v -0.56342417 0.305652291 -0.765786052
v -0.561402142 0.314987123 -0.763112187
v -0.557865977 0.331311971 -0.758436084
v -0.5505566 0.354611784 -0.753316164
v -0.533795476 0.408040673 -0.738676131
v -0.525784075 0.433578253 -0.728843391
v -0.513022602 0.463741511 -0.719679832
v -0.50704062 0.477880657 -0.715384364
v -0.490582258 0.516781986 -0.700215757
v -0.497344494 0.500798643 -0.707459211
v -0.454423666 0.585191131 -0.668870032
v -0.452967674 0.58783114 -0.667385578
v -0.437381178 0.616092384 -0.651494086
v -0.414740473 0.647984028 -0.63700521
v -0.404437631 0.662496507 -0.629359365
v -0.393797249 0.677484512 -0.619544029
v -0.347455233 0.731604517 -0.583311737
v -0.321496159 0.759895086 -0.560975254
v -0.313398004 0.766573071 -0.55692488
v -0.282513231 0.7920416 -0.537909508
v -0.27300185 0.799885035 -0.530611813
v -0.255467623 0.814344287 -0.517158568
v -0.212610736 0.839796662 -0.498917103
v -0.20889917 0.842000961 -0.497337312
v -0.20863007 0.842160761 -0.497189373
v -0.208108276 0.842470646 -0.496834427
v -0.581149936 0.223820716 -0.780072212
v -0.575489104 0.249954209 -0.775509834
v -0.548405349 0.361469299 -0.751437128
v -0.485552877 0.528669536 -0.693877161
v -0.485410243 0.52900666 -0.693697393
v -0.387028515 0.687018931 -0.612244487
v -0.384377867 0.690752625 -0.609385967
v -0.382454515 0.693461835 -0.607311785
v -0.374905556 0.701688826 -0.602135241
v -0.304596156 0.773831367 -0.551505685
v -0.0376743525 0.898224056 -0.433469862
v -0.00714721112 0.898224056 -0.438113064
v -0.0951648951 0.887329876 -0.447717667
v -0.185410231 0.855950832 -0.479182303
v -0.121441536 0.880587399 -0.455407649
v -0.112428866 0.884058475 -0.450224966
v -0.111421958 0.88424927 -0.450078726
v -0.103850961 0.885683954 -0.448979169
v -0.114721045 0.883175671 -0.451543063
v -0.882604837 0.245512202 -0.397246063
v -0.881213427 0.239162028 -0.403327137
v -0.880592346 0.236327395 -0.406041652
v -0.880142152 0.232403606 -0.408957779
v -0.878222048 0.215666682 -0.421396554
v -0.877542913 0.199208081 -0.431144774
v -0.877229214 0.191604748 -0.435648143
v -0.877265632 0.189139917 -0.436824292
v -0.877011597 0.154313549 -0.452041149
v -0.876754105 0.149305999 -0.453759789
v -0.876010358 0.134842873 -0.458723634
v -0.875814676 0.11748597 -0.463310331
v -0.875651777 0.103038065 -0.467128307
v -0.875975132 0.0897668898 -0.469705194
v -0.876403034 0.0722066462 -0.473114878
v -0.876582205 0.0464310236 -0.476182997
v -0.876033008 0.0350807756 -0.477217913
v -0.875845313 0.0233612452 -0.477570087
v -0.875471115 0 -0.47827211
v -0.876600564 0.0468108431 -0.476148367
v -0.971829951 0.104252666 -0.205626011
v -0.969065309 0.120924667 -0.209093899
v -0.967485368 0.13045232 -0.211075723
v -0.977673054 0.0363685004 -0.197616026
v -0.979578078 0 -0.19691059
v -0.979014456 0.0108436663 -0.19709453
v -0.977754712 0.0350806974 -0.197505668
v -0.877106786 0.181191683 -0.440516382
v -0.876773596 0.164521083 -0.448260188
v -0.876349926 0.0696083084 -0.473577023
v -0.97606051 0.0572249368 -0.199298084
v -0.97510308 0.0696082413 -0.200296789
v -0.973898947 0.0824384391 -0.202235982
v -0.97196573 0.10303802 -0.20534946
v 0.121441625 0.880587399 -0.45540753
v 0.165142477 0.863756716 -0.471649408
v 0.185410187 0.855950952 -0.479182094
v 0.0492497608 0.896030545 -0.436338574
v 0.0951648355 0.887329996 -0.447717518
v 0.00714721112 0.898224056 -0.438113064
v 0.0251211859 0.898224056 -0.435379207
v 0.0376742296 0.898224056 -0.433469862
v 0.11242874 0.884058595 -0.450224727
v 0.103852198 0.885683775 -0.448979169
v -0.235946476 0.825937748 0.510457098
v -0.224086523 0.832981288 0.504725099
v -0.165735587 0.863528192 0.470986843
v -0.185410231 0.855950832 0.47782889
v -0.210707307 0.840927064 0.49611643
v -0.142598659 0.872439027 0.462940723
v -0.047576271 0.896347702 0.438166946
v -0.0675963014 0.892553985 0.442706943
v -0.0471430086 0.896429777 0.438068718
v 0.0471430011 0.896429777 0.438068718
v 0.0675962791 0.892554045 0.442706883
v 0.210707188 0.840927243 0.496116191
v 0.185410187 0.855950952 0.477828681
v 0.142598718 0.872439086 0.462940603
v 0.235946685 0.825937688 0.510457039
v 0.224086583 0.832981348 0.504724979
v -0.112428866 0.884058475 0.448040813
v -0.114330426 0.883326113 0.448979944
v -0.0244317092 0.898224056 0.434632868
v -0.0376743525 0.898224056 0.434632868
v 0.0376742296 0.898224056 0.434632868
v 0.11242874 0.884058595 0.448040634
v 0.111463398 0.884241521 0.447925776
v 0.114330702 0.883326113 0.448979944
v 0.113011293 0.883834243 0.448328346
v 0.213482529 0.839278996 0.497901946
v -0.886764169 0.265688896 -0.372820407
v -0.883474529 0.253261089 -0.389524132
v -0.889011621 0.269971728 -0.36452511
v -0.887074292 0.266512483 -0.371503562
v -0.88689965 0.266200751 -0.372132421
v -0.918847859 0.266200691 -0.285105884
v -0.911541462 0.274607927 -0.30112043
v -0.924966633 0.256687701 -0.273630351
v -0.966482401 0.134842828 -0.211888909
v -0.962613642 0.150485724 -0.216142312
v -0.959142506 0.164521068 -0.219958603
v -0.956279039 0.175146848 -0.223929584
v -0.951844037 0.191604719 -0.230080083
v -0.94882673 0.20177038 -0.235155538
v -0.896637678 0.279347658 -0.336372435
v -0.896436155 0.279182255 -0.337045759
v -0.89127028 0.274942219 -0.354306877
v -0.890475273 0.273192644 -0.3579036
v -0.911261141 0.274881333 -0.301625669
v -0.911198735 0.274942189 -0.301738113
v -0.911149621 0.274969608 -0.30184406
v -0.909887433 0.275674999 -0.304569006
v -0.903315604 0.279347658 -0.318756938
v -0.896893501 0.279347658 -0.335697562
v -0.946162045 0.208891019 -0.238510072
v -0.943626463 0.215666622 -0.241702065
v -0.941649199 0.22041063 -0.244706199
v -0.935015261 0.236327365 -0.254785448
v -0.92777735 0.251492232 -0.267882675
v -0.92693311 0.25326106 -0.269410312
v -0.926232934 0.254481167 -0.270912915
v 0.968072116 0.132511228 0.211841807
v 0.967527509 0.134842873 0.212269306
v 0.964388192 0.147381157 0.21566458
v 0.979777217 0.0146423476 0.197508439
v 0.978203356 0.0350807756 0.19766894
v 0.976211488 0.0573649518 0.199368253
v 0.975117087 0.0696083084 0.200301901
v 0.973794758 0.0825252011 0.202214122
v 0.971694767 0.103038065 0.205250844
v 0.969559968 0.121366106 0.209392399
v 0.968746841 0.128347099 0.210969895
v 0.979578078 0 0.19691059
v 0.979834139 0.00629217783 0.197229564
v 0.911270499 0.274942219 0.30176428
v 0.911216259 0.274978757 0.301909536
v 0.90473187 0.279347658 0.319272459
v 0.904350638 0.279347658 0.320510507
v 0.939992189 0.226847813 0.249155924
v 0.935712516 0.236327395 0.255039245
v 0.927813232 0.251478612 0.267881602
v 0.926883936 0.253261089 0.269392431
v 0.926136196 0.254442364 0.27082181
v 0.918693542 0.266200751 0.285049766
v 0.911334276 0.274867117 0.301620662
v 0.895675659 0.277678728 0.343556494
v 0.894412339 0.276794612 0.347087979
v 0.891765296 0.274942189 0.354487091
v 0.887033761 0.266504407 0.371506661
v 0.88686347 0.266200691 0.372119278
v 0.886731267 0.265702158 0.372789234
v 0.883432209 0.25326106 0.389508784
v 0.881873369 0.239415824 0.40330404
v 0.881525636 0.236327365 0.406381369
v 0.881521821 0.236100897 0.406557739
v 0.880170405 0.217199564 0.420902461
v 0.880972326 0.223980859 0.415871352
v 0.875689268 0.0895296261 0.469645113
v 0.875944495 0.0764481947 0.472162008
v 0.875976086 0.13262473 0.459306389
v 0.87569648 0.117591865 0.463238895
v 0.875425756 0.10303802 0.467046082
v 0.875997782 0.0332465656 0.477270931
v 0.875841141 0.0233570542 0.477568746
v 0.875471115 0 0.47827211
v 0.979808033 0.0101258513 0.19735761
v 0.951926053 0.191604748 0.23010993
v 0.946341157 0.208791211 0.238514632
v 0.944106877 0.215666682 0.241876945
v 0.942228317 0.220771417 0.245200157
v 0.963784575 0.149654835 0.216267779
v 0.959837675 0.164521083 0.220211655
v 0.956648469 0.175438657 0.224201694
v 0.881320894 0.231669039 0.409963369
v 0.897868931 0.27932328 0.336930662
v 0.900990784 0.279347658 0.329013705
v 0.897939801 0.279347658 0.336735368
v 0.897901416 0.279347658 0.336832434
v 0.875886261 0.134842828 0.458678454
v 0.879882395 0.215666622 0.422000885
v 0.878117681 0.199529052 0.431159019
v 0.877251148 0.191604719 0.43565613
v 0.876750231 0.181473941 0.440253437
v 0.875912011 0.164521068 0.447946608
v 0.875898302 0.148698136 0.453668296
v 0.875870407 0.0470929258 0.475851923
v 0.875931442 0.0350806974 0.477180958
v 0.875756025 0.0696082413 0.473360837
v 0.437381148 0.616092443 0.652825952
v 0.422177613 0.637508035 0.64202857
v 0.441798329 0.608083248 0.657613337
v -0.422177613 0.637508035 0.64202857
v -0.437381178 0.616092384 0.652826011
v -0.441798329 0.608083248 0.657613337
v 0.346953928 0.732150853 0.583489954
v 0.373485655 0.703236222 0.602593899
v -0.346953928 0.732150853 0.583489954
v -0.373485655 0.703236222 0.602593899
v 0.255467534 0.814344406 0.517611146
v 0.301320165 0.776532888 0.549909115
v 0.273925334 0.799123526 0.530612588
v -0.262166888 0.80881989 0.522330165
v -0.273925245 0.799123526 0.530612588
v -0.301320136 0.776532888 0.549909174
v -0.23919037 0.824011207 0.511645913
v -0.255467623 0.814344287 0.517611265
v 0.384529293 0.6905393 0.609161496
v 0.382454365 0.693462014 0.607350051
v 0.376402318 0.700057626 0.604140639
v 0.388061672 0.685563564 0.612245262
v -0.388061702 0.685563564 0.612245262
v -0.419131011 0.64179951 0.639368892
v -0.382454515 0.693461835 0.607350171
v 0.321496069 0.759895205 0.560649693
v 0.304513186 0.773899794 0.55160892
v -0.321496159 0.759895086 0.560649753
v -0.344567627 0.734751463 0.581349015
v 0.596422791 0.0852876008 0.795421124
v 0.595475614 0.107870825 0.793986976
v 0.59824878 0.0417529196 0.798185825
v 0.590609431 0.149438083 0.791184425
v 0.581149936 0.223820925 0.78049773
v 0.577184379 0.242128015 0.779057205
v 0.572955668 0.261649847 0.775510609
v 0.566939592 0.289423257 0.769178569
v 0.574723244 0.253489792 0.777370989
v 0.549205363 0.358919054 0.753473759
v 0.545559943 0.370539337 0.750464022
v 0.550683856 0.354206026 0.754694462
v 0.513047934 0.463681668 0.719629288
v 0.500587165 0.493134141 0.709258914
v 0.518066525 0.451819569 0.723806024
v 0.475998789 0.54607141 0.686344862
v 0.453121096 0.587552965 0.667125523
v 0.600000024 0 0.797028303
v 0.595268846 0.11279992 0.793396056
v 0.592410147 0.135278806 0.792039096
v 0.557865918 0.33131212 0.75868243
v 0.561474979 0.314650685 0.762857318
v 0.525784016 0.433578372 0.728659928
v 0.486449838 0.526549459 0.693877935
v 0.485410213 0.52900672 0.692746878
v -0.572955668 0.261649877 0.775510609
v -0.574723244 0.253489792 0.777371049
v -0.566939592 0.289423257 0.769178569
v -0.579860985 0.229771122 0.780029535
v -0.581149936 0.223820716 0.780497789
v -0.582221985 0.215390995 0.781708896
v -0.590609431 0.149438083 0.791184425
v -0.577184379 0.242127985 0.779057205
v -0.595475554 0.10787081 0.793986976
v -0.59824878 0.0417529121 0.798185825
v -0.475998789 0.54607141 0.686344862
v -0.500587165 0.493134141 0.709258914
v -0.518066525 0.451819569 0.723806083
v -0.545559943 0.370539367 0.750463963
v -0.550683916 0.354205996 0.754694402
v -0.595268846 0.112799674 0.793396056
v -0.598703265 0.0309173632 0.797885418
v -0.600000024 0 0.797028244
v -0.484300733 0.531018376 0.691992164
v -0.485410243 0.52900666 0.692746878
v -0.485773951 0.528147042 0.693142593
v -0.486449838 0.526549459 0.693877935
v -0.525784075 0.433578253 0.728659987
v -0.538630188 0.392629147 0.742823541
v -0.557865977 0.331311971 0.75868237
v 0.726362467 -2.25150565e-09 -0.687000632
v 0.716758728 5.87686289e-11 -0.696260154
v 0.796324849 0 -0.602643609
v 0.729709387 1.05517005e-10 -0.683264494
v 0.860805154 0 -0.505968153
v 0.823818445 -1.52434043e-09 -0.563233614
v 0.648958504 0 -0.759179473
v -0.726362467 7.68006631e-11 -0.687000632
v -0.716758668 -4.06892658e-10 -0.696260154
v -0.796324849 0 -0.602643609
v -0.729709387 -2.22278929e-09 -0.683264494
v -0.860805154 0 -0.505968153
v -0.823818445 2.20095009e-09 -0.563233614
v -0.648958504 -4.06236683e-10 -0.759179473
v -0.99279964 2.04095274e-09 -0.100992672
v 0.911505163 -1.13908209e-10 -0.410223186
v 0.9145239 -1.79716564e-09 -0.403972834
v 0.917413712 1.38918224e-10 -0.396544129
v 0.974495113 0 -0.220225111
v 0.951302707 0 -0.302621722
v 0.978633463 6.82828771e-09 -0.202578127
v 0.981206656 5.71345971e-10 -0.187139183
v 0.99279964 -1.68433756e-09 -0.100992672
v -0.99279964 -2.04095274e-09 0.100992672
v -0.978633463 6.22292273e-10 0.202578142
v -0.981206656 3.15394444e-09 0.187139198
v -0.951302767 2.1519373e-09 0.302621752
v -0.974495113 0 0.22022514
v -0.9145239 -6.54794899e-11 0.403972805
v -0.917413712 -1.72372694e-09 0.396544099
v -0.860805154 0 0.505968153
v -0.911505163 -1.74873693e-09 0.410223156
v 0.99279964 1.68433756e-09 0.100992672
v 0.726362467 2.25150565e-09 0.687000632
v 0.716758728 -5.87686289e-11 0.696260154
v 0.796324849 0 0.602643609
v 0.729709387 -1.05517005e-10 0.683264494
v 0.860805154 0 0.505968153
v 0.823818445 1.52434043e-09 0.563233614
v 0.648958504 0 0.759179473
v -0.726362467 -7.68006631e-11 0.687000632
v -0.716758668 4.06892658e-10 0.696260154
v -0.796324849 0 0.602643609
v -0.729709387 2.22278929e-09 0.683264494
v -0.823818445 -2.20095009e-09 0.563233614
v -0.648958504 4.06236683e-10 0.759179473
v 0.625964522 0 -0.77784133
v -0.625964463 7.74240394e-10 -0.77784133
v -0.981206656 2.52089838e-09 -0.187139183
v 0.981206656 -2.27557376e-10 0.187139198
v 0.625964522 0 0.77784133
v -0.625964463 -7.74240561e-10 0.77784133
v -0.668460548 0.298889905 -0.0517683066
v 0.148991466 0.598728776 -0.0369436108
v -0.13383837 0.601779282 0.00113361655
v -0.584495783 0.344869763 0.107060641
v 0.297027558 0.543886304 0.0578095466
v -0.276985586 0.551512241 0.0527491271
v -0.550715506 0.385358214 -0.07366997
v -0.190552905 0.61210531 0.190748736
v 0.584664285 0.344710648 -0.106692448
v -0.52684921 0.395314455 0.0153932311
v 0.210062221 0.596303523 -0.161734223
v -0.632595479 0.249752745 0.494725645
v -0.109688036 0.612313092 0.0812233463
v -0.238404363 0.567596436 0.0113153718
v -0.578089118 0.356504798 0.0271886289
v -0.564161599 0.372220755 -0.0342322141
v -0.153612047 0.615379989 0.155367196
v -0.197086826 0.586006343 -0.0552422777
v 0.212602362 0.578055918 0.0127533926
v -0.094058156 0.627103508 -0.138107583
v -0.50137639 0.409831017 0.145833179
v -0.316747814 0.536793768 0.125618875
v 0.308638543 0.545217693 0.119452521
v 0.231431246 0.587550521 0.148332581
v -0.633623421 0.332589746 -0.125258163
v 0.622138083 0.30733189 -0.174318656
v -0.149802566 0.629519641 -0.191471994
v 0.112601124 0.646591187 -0.21439977
v 0.688619971 0.185383484 -0.472337574
v 0.731999815 0.197103843 -0.248450354
v -0.357064873 0.562257409 0.349767596
v 0.458068937 0.489740282 0.366137117
v -0.398397893 0.53933084 0.399677843
v 0.509465516 0.443671256 0.373668224
v 0.628391087 0.277011842 -0.382609755
v -0.33281517 0.616182864 0.415386677
v 0.654030979 0.303083301 0.458762467
v 0.602487683 0.226614416 -0.687342763
v 0.543967485 0.408221275 0.286393136
v -0.341313213 0.551643312 0.278483659
v 0.359041184 0.549430311 0.277829498
v -0.420747399 0.479569077 0.232213601
v 0.465243012 0.471362263 0.293276787
v -0.26632157 0.616170406 0.305434257
v 0.26566866 0.630393386 0.32069701
v 0.625592947 0.297529638 -0.23951672
v 0.586988449 0.324106246 -0.379145771
v 0.391179621 0.509889424 0.202068537
v -0.393034428 0.491091937 0.151331469
v -0.582116604 0.337517083 0.247613534
v -2.10243343e-05 0.631014526 -0.120953605
v -0.221937165 0.723198473 0.415115416
v -0.635122597 0.341234326 -0.31447193
v -0.142041415 0.677141428 0.29341951
v -0.066996254 0.719804347 0.320211083
v 0.179753438 0.608021677 0.150258362
v -0.0195988454 0.82754606 0.404836833
v -0.761774778 0.21922186 0.000464735756
v -0.495857716 0.455973715 -0.372344792
v -0.319667608 0.529436409 0.0454512611
v 0.0959947333 0.611864686 -0.0553815961
v 0.446166009 0.457644701 0.0767512023
v 0.453245372 0.454093486 -0.246538058
v -0.266474128 0.606858015 -0.268892139
v 0.496856749 0.414400578 -0.208964035
v -0.26389429 0.582538188 -0.189985946
v -0.356226325 0.519592047 -0.127717495
v -0.410788298 0.488253295 -0.146673054
v 0.0876851156 0.626240671 0.130230457
v 0.423777848 0.467259407 -0.115484603
v -0.43442753 0.486484408 -0.24195601
v -0.432302415 0.468561679 -0.0969143659
v -0.582096815 0.332002848 0.342330217
v -0.424461037 0.466328382 0.101198949
v 0.359739929 0.515332043 0.110312752
v -0.41961962 0.519850314 0.411202103
v 0.0259282384 0.626554191 0.10141784
v 0.536960959 0.381711304 -0.40768826
v 0.469310194 0.43452388 -0.0696516782
v 0.34365052 0.572819948 -0.346367031
v 0.0163231511 0.742541611 0.337915897
v 0.361242354 0.531448901 -0.260283947
v -0.70351547 0.232937202 0.193366051
v -0.601797938 0.363577694 -0.242080808
v 0.416301221 0.496213406 -0.30819428
v -0.0267986376 0.621110678 -0.066733405
v 0.705833495 0.281800807 0.10939955
v -0.610178113 0.317705661 0.175046429
v 0.850396574 0.129151762 -0.0692526624
v 0.491845906 0.439062059 -0.43386808
v -0.664488554 0.317845076 -0.178722307
v 0.668398321 0.249933138 -0.289168686
v 0.785414338 0.109618738 -0.395256549
v -0.54206115 0.378333956 0.561584413
v 0.466555178 0.491883099 0.420432925
v 0.836336076 0.154303059 -0.0126437014
v -0.36242801 0.595217705 -0.412963361
v 0.84161073 0.0570502989 -0.402241528
v 0.372325689 0.562156379 -0.388272077
v 0.755798817 0.119195208 -0.450282544
v 0.00117866753 0.709079802 -0.296924353
v -0.69115001 0.158955336 0.531204462
v 0.823693514 0.140884593 -0.125633463
v 0.685167253 0.255431145 0.501787961
v -0.822084188 0.115127526 0.2543585
v 0.420990676 0.59333086 0.561092854
v -0.269420445 0.631671011 0.341322601
v 0.222938567 0.725328565 -0.41900906
v 0.480215758 0.4924528 0.508043945
v 0.254219681 0.621211827 -0.299683839
v 0.436354071 0.564866424 -0.574476361
v 0.85615927 0.0919811428 -0.227853298
v -0.146715865 0.795650303 -0.422858328
v -0.456661791 0.490795195 0.4657785
v 0.435241967 0.488263756 -0.356555998
v 0.660647035 0.14601253 -0.631262481
v -0.0618233234 0.729319036 -0.32943815
v 0.286692768 0.685320497 -0.444644511
v -0.929967225 0.10261856 -0.120178938
v -0.540273726 0.379247397 0.469567358
v 0.165141016 0.650816202 0.255863547
v -0.564787507 0.319419801 0.703377426
v 0.708146811 0.294412404 0.337503761
v 0.145294145 0.629314065 -0.193368196
v 0.0576299839 0.800225019 0.392874837
v -0.663784683 0.238489121 0.379292399
v 0.700998306 0.107742459 0.64188832
v 0.712614238 0.0753554553 -0.622048676
v 0.750283837 0.241967022 0.0634502918
v 0.682240605 0.162822932 -0.547994018
v 0.884233415 0.0489978716 -0.311820447
v 0.0624445751 0.664116383 -0.23053889
v 0.610678136 0.331508785 0.510452092
v -0.879824519 0.0751762912 0.21389015
v -0.405680388 0.601691723 0.549283326
v -0.620062828 0.346066505 -0.394175559
v 0.280329764 0.666814268 0.403203577
v -0.717275858 0.108937047 0.56366092
v -0.683675468 0.191059664 0.473009586
v 0.079277344 0.683950782 0.270808756
v 0.684370518 0.306778282 0.191301048
v -0.384385049 0.596863985 0.489033699
v -0.0428027399 0.685917616 0.265913516
v 0.600743413 0.314016193 0.598304451
v 0.188342169 0.67166841 -0.320534945
v -0.682570577 0.0964064822 0.648469806
v 0.372139126 0.560967565 0.347460955
v 0.427395701 0.513309896 -0.419044077
v -0.551958203 0.382808536 -0.649445832
v -0.346941948 0.688518286 -0.534317315
v 0.291778922 0.588741422 0.259972751
v 0.564261854 0.394562215 0.366538286
v -0.767555058 0.215127647 -0.45921579
v 0.215217367 0.699976981 -0.383549154
v -0.732071638 0.0690931007 0.597964585
v -0.883613706 0.145882577 -0.0982415155
v 0.474633664 0.450136632 -0.375745296
v -0.375986129 0.635447562 0.530039847
v 0.39585343 0.571974874 -0.470630527
v -0.660629153 0.245672628 -0.565363765
v 0.644569516 0.210840866 0.642257512
v 0.884155989 0.114439882 0.00251574954
v 0.894720078 0.0704923421 -0.174955547
v 0.43011871 0.566761374 -0.558541119
v 0.160086498 0.707339704 0.344580591
v 0.509525597 0.463949949 0.624783456
v -0.885465562 0.100859858 0.0539816283
v 0.713536501 0.255765915 -0.00678198319
v 0.560872853 0.39088726 0.508232534
v 0.316761792 0.691715479 0.488167673
v -0.0879239887 0.662897825 -0.234758779
v 0.595497668 0.291033268 -0.550147057
v -0.0219658986 0.634306431 0.136641249
v 0.646292031 0.285330176 0.524876714
v 0.496549815 0.481494188 0.585390985
v 0.661718607 0.158942953 0.659969449
v 0.0709197447 0.752962828 0.356754214
v 0.738937318 0.0973762795 0.600727081
v 0.5321576 0.397842318 -0.599652529
v -0.59333241 0.269142598 0.643812478
v -0.597925127 0.288410068 0.545195043
v -0.620811582 0.112563312 0.744274497
v 0.83401525 0.114851177 0.490650207
v -0.701536775 0.212142512 -0.541001439
v 0.112190723 0.694781423 0.301072985
v -0.526519775 0.433689326 -0.571104407
v -0.703529477 0.293372184 -0.361194491
v 0.586524904 0.297360986 -0.59151423
v 0.776195943 0.20239605 -0.0245301668
v -0.866690934 0.0666851848 0.298287958
v -0.635286212 0.179132611 -0.689568758
v -0.244206637 0.648516059 -0.329259992
v 0.559435785 0.383682877 0.576984763
v -0.597991407 0.217531279 0.71780473
v -0.670148611 0.319259048 -0.249643058
v 0.447354317 0.530908346 -0.542391062
v -0.511620939 0.4620125 -0.649964333
v 0.764837027 0.142314076 0.534630299
v 0.88427633 0.091750063 -0.107822187
v -0.650610626 0.0727940574 -0.729070842
v -0.635766268 0.227239922 0.553118527
v 0.494140148 0.475043267 -0.616667509
v 0.655439854 0.327201456 0.32311669
v -0.754418135 0.262547851 -0.383797556
v 0.657112777 0.320258409 0.375189394
v 0.793589234 0.243235469 0.397250593
v -0.86187607 0.131465077 0.0124034164
v -0.789382875 0.137944505 -0.514144719
v 0.646736264 0.124400571 -0.686215818
v 0.570298791 0.333610862 0.684298337
v 0.637414396 0.26399821 0.587533712
v -0.815104187 0.235340327 -0.189173087
v 0.304024696 0.614061713 -0.361332804
v 0.925076783 0.0837223455 0.0475696027
v 0.828037441 0.247570336 0.242997184
v -0.183115467 0.718537271 -0.374746054
v -0.922970295 0.0669392347 0.0517083891
v -0.493683308 0.478879035 -0.535639524
v -0.938509762 0.0777394176 -0.0871872902
v 0.774583519 0.199175969 0.472265601
v -0.319414705 0.606922746 -0.354964435
v -0.353999525 0.574012876 -0.34275195
v -0.344378948 0.665000379 -0.499403685
v 0.0461856835 0.781751513 -0.377624512
v 0.914797187 0.121088505 0.117529958
v 0.563113809 0.33267802 -0.653157055
v 0.542338431 0.377512425 -0.538878858
v -0.578050077 0.327965051 -0.65938741
v 0.810031593 0.0596270561 -0.468011558
v -0.638258398 0.323487669 -0.435765117
v 0.710291326 0.130252644 0.611578643
v 0.698438942 0.286123008 0.402935952
v 0.302672744 0.701167226 -0.484512001
v -0.760378063 0.160628811 -0.523786247
v -0.785526335 0.264785647 -0.263910204
v 0.791979074 0.0807147548 0.550036013
v -0.799945056 0.0675499514 -0.549761593
v -0.882935047 0.226664364 -0.23114875
v -0.790661871 0.212773293 -0.0664692596
v -0.818007231 0.162348017 -0.474872977
v -0.844445288 0.220074475 -0.417378277
v -0.633159339 0.137477964 -0.72128737
v -0.933827937 0.0652321577 -0.0029959199
v 0.753131688 0.237153649 0.439636737
v 0.807831168 0.143925473 0.494061232
v -0.691771269 0.247407541 -0.505083144
v -0.151954472 0.702983558 -0.33435908
v -0.0630870089 0.795519114 -0.390623212
v -0.52608633 0.409743249 0.603563011
v -0.894400954 0.083738178 0.103275716
v -0.757938802 0.247580528 -0.111635782
v 0.848605275 0.193965271 0.138202295
v -0.633230805 0.268099368 -0.590987563
v -0.825113177 0.0716745108 0.400972247
v 0.355783969 0.633716762 -0.487128079
v -0.936675787 0.0580349155 0.0256149154
v -0.558458745 0.358103842 -0.689950347
v -0.659643054 0.169908941 -0.654202104
v 0.355092317 0.641991973 0.485088736
v -0.399159163 0.593933582 0.520020902
v -0.631352961 0.300835133 -0.529647231
v -0.428468645 0.528232038 0.467136115
v -0.298594952 0.685924828 -0.45444259
v -0.693694055 0.273959577 -0.447879523
v 0.700659752 0.218511567 0.533769667
v -0.489020288 0.460807741 0.529596388
v -0.538428545 0.378437817 0.323368907
v -0.592187703 0.32017383 0.355973095
v -0.655361891 0.113175482 0.680194736
v -0.617712319 0.151301876 0.725177884
v 0.737600565 0.182946116 0.527058125
v 0.763970077 0.262868941 0.196996257
v 0.81109041 0.213891774 0.432801604
v 0.843959868 0.0722978637 -0.347747535
v -0.682034612 0.311025739 -0.319877476
v -0.626658857 0.29297924 -0.561340034
v -0.75624001 0.261254847 -0.168058813
v 0.600890458 0.28445676 0.655139863
v -0.5367558 0.381535321 0.386276066
v -0.406390309 0.517583251 0.356947958
v 0.334958076 0.59811604 -0.38579911
v 0.715522051 0.247282282 0.467418492
v 0.67554158 0.281164736 0.466513276
v -0.717770159 0.241554141 -0.475241333
v 0.332018912 0.61121583 0.386048555
v 0.266303599 0.563396633 -0.123491839
v -0.637816191 0.203717947 -0.663230538
v -0.841460347 0.167203054 -0.0509807169
v 0.612242341 0.194557846 -0.697135806
v 0.650604308 0.134614378 0.695518076
v 0.400348157 0.586262107 0.485269397
v 0.00425289012 0.733339846 0.327543557
v 0.787217319 0.139156014 -0.283174664
v -0.898807526 0.17435804 -0.173112005
v -0.320884049 0.530021191 -0.0356683508
v 0.331511229 0.664488673 0.476052076
v 0.403405339 0.480084211 -0.0838224962
v 0.614430845 0.200723916 -0.682412028
v -0.732319534 0.148881331 0.435800821
v -0.636194348 0.167749166 0.662846506
v -0.0879098624 0.710159957 -0.313231021
v -0.886155128 -8.74368467e-10 0.45809567
v 0.886155128 -5.69541046e-11 -0.45809567
v -0.604420245 0.266045511 0.589715183
v -0.306341141 0.540928662 -0.0773592293
v 0.463635981 0.534191489 0.582531571
v 0.301744819 0.603723705 -0.33622846
v -0.460511923 0.514768124 0.555223644
v 0.320690155 0.581772625 -0.319951326
v -0.640338182 0.276763439 0.294861555
v 0.296473294 0.543107033 -0.0760739893
v 0.581429601 0.357827365 0.0143398745
v 0.653205574 0.125007316 -0.672672808
v 0.670122266 0.203663275 0.602290154
v 0.771054924 0.268679142 0.252203315
v -0.913298905 0.0659279153 0.111439683
v -0.667380989 0.220320702 -0.587508976
v 0.599628687 0.350133091 0.484121323
v -0.427950382 0.495274067 0.353996187
v 0.0488645881 0.807813525 -0.396753937
v 0.537038743 0.379311383 -0.256963342
v 0.530111551 0.427943945 0.588182151
v 0.384475142 0.491547376 -0.0294589065
v 0.497333258 0.474793196 0.543219805
v -0.593574941 0.278326035 0.614738166
v -0.346359611 0.654364228 0.497787595
v 0.410437971 0.476210684 0.00625504926
v 0.587015688 0.278089195 -0.656191647
v 0.617856681 0.351807535 0.350367725
v -0.90469557 0.119095534 -0.0877870247
v 0.846449018 0.0444711708 -0.426199645
v -0.36510551 0.504147708 -0.0103178676
v 0.778686047 0.076622054 -0.496556342
v -0.529137135 0.429695457 -0.478437126
v -0.569474995 0.365416735 -0.591529012
v -0.763017118 1.11139464e-09 0.642954051
v 0.763017118 -5.27585024e-11 0.642954051
v -0.763017118 -1.11139464e-09 -0.642954051
v 0.763017118 5.27585024e-11 -0.642954051
v 0.0529970974 0.737056792 0.336545199
v -0.673392653 0.244719088 0.291248858
v -0.715774238 0.0517892726 0.645617247
v 0.256821781 0.702154815 -0.42835936
v 0.563719451 0.341296136 -0.566579223
v 0.71538502 0.282097071 0.381301224
v -0.22322315 0.715642631 -0.404417515
v 0.636565983 0.325029403 0.077848874
v 0.843597591 0.101795025 -0.231639862
v -0.344474941 0.52089709 -0.0826795921
v 0.177125454 0.733152151 0.386148423
v -0.669578195 0.13532114 0.625730574
v 0.81162715 0.100858189 -0.34596166
v -0.61879766 0.240262881 0.591327667
v 0.264012128 0.558418989 -0.0663173944
v -0.416055381 0.492967606 0.290713906
v 0.122452788 0.612971604 0.0976705402
v -0.494282901 0.469773024 -0.473520577
v -0.874742746 0.0966815725 0.125560477
v -0.680090725 0.14399597 -0.643351912
v -0.0794945508 0.64820838 -0.19705987
v -0.607560515 0.277892441 -0.645232677
v 0.512360454 0.401613802 -0.236954689
v 0.508110046 0.437630057 -0.568933129
v -0.724737704 0.19847168 0.275254905
v 0.325497568 0.561195493 -0.2715334
v 0.65695262 0.307158709 0.0518043563
v -0.428793073 0.573381484 -0.54320097
v 0.768538892 0.161293685 -0.260269493
v 0.789751172 0.181143507 -0.0714185089
v -0.656638205 0.252281874 0.346452504
v 0.471202523 0.435211629 -0.00802143663
v 0.321808189 0.532712638 -0.116361737
v 0.150617078 0.637747943 0.214010909
v 0.751340389 0.157124341 -0.344363391
v -0.504960001 0.418399066 0.392402083
v 0.364429325 0.609546542 0.446927696
v 0.577631891 0.320378929 -0.54589498
v 0.17977868 0.713911712 -0.370792419
v 0.249707609 0.563568234 -0.0437482223
v 0.757499456 0.173031583 -0.25227946
v 0.43620944 0.457752347 -0.0628775358
v -0.429826885 0.485435694 0.316580832
v 0.767034173 0.216232851 0.00499555236
v -0.907194972 0.134790272 -0.126358181
v 0.99639982 8.42168779e-10 0.0504963361
v 0.99639982 -8.42168779e-10 -0.0504963361
v -0.99639982 1.02047637e-09 -0.0504963361
v -0.99639982 -1.02047637e-09 0.0504963361
v -0.545171976 0.411958247 -0.401997238
v 0.216652989 0.581802309 -0.0968253687
v -0.844299793 0.104578927 0.216125339
v -0.283270448 0.550837874 -0.0607998781
v -0.50387764 0.445871085 -0.345348179
v 0.613902986 0.339254022 0.0619797483
v -0.605048537 0.316269636 0.244446144
v -0.533735394 0.388027608 0.0508564636
v -0.127397254 0.663453698 -0.255845726
v -0.623430908 0.214191437 0.630241632
v 0.746435881 0.212875649 0.48224315
v -0.665494084 0.26630336 0.197222084
v -0.647896528 0.272891402 0.268537819
v 0.167607889 0.690564096 -0.332128793
v -0.582011759 0.340127856 0.204859063
v 0.232951835 0.571056783 -0.0513807274
v 0.324947387 0.666767597 -0.477981359
v -0.111018419 0.757279873 -0.374409139
v 0.155217767 0.681523025 0.305438608
v 0.334863424 0.6723876 0.492570519
v -0.558989465 0.360764503 0.19857204
v -0.502897382 0.410809964 0.051052887
v -0.504701793 0.430418164 -0.205771551
v 0.386347145 0.564414024 0.393489808
v 0.647595465 0.298293322 0.490446985
v 0.934358239 6.94591121e-11 -0.349582911
v -0.934358239 2.14105178e-10 0.349582911
v -0.0824152827 0.692082882 -0.28541103
v 0.56168443 0.342467576 -0.593728721
v 0.149352446 0.71054709 -0.346209496
v -0.832016289 0.237354994 -0.216065809
v -0.672133505 0.306943089 -0.127793029
v 0.707811713 0.0631620735 0.664610624
v -0.388002276 0.575522959 -0.427672952
v 0.656000853 0.260647178 0.550271153
v -0.692574978 0.237909138 0.223066822
v -0.194308013 0.620509624 -0.2109721
v 0.809386492 0.168861941 -0.0504731238
v 0.664088607 0.228011727 0.58322674
v -0.434808999 0.499458522 0.39970988
v -0.388129741 0.529056489 0.335845858
v 0.484243959 0.471317917 -0.540847003
v 0.508358836 0.408399194 -0.311733037
v -0.502593517 0.422496378 0.405597538
v 0.0162464697 0.743566632 -0.339084417
v 0.5416345 0.41274178 0.547652662
v -0.622205794 0.28725943 0.357606471
v -0.491456836 0.471094996 0.585695148
v -0.45792979 0.482650012 0.44045499
v -0.0527344756 0.786922932 0.38270551
v -0.497191221 0.421310663 0.331867516
v -0.623897314 0.135701463 0.723385155
v 0.627172351 0.330232173 0.448585629
v 0.804990768 0.212139338 0.10109885
v -0.689956784 0.106727503 0.622295797
v -0.62322408 0.235233456 -0.661171615
v -0.412526369 0.599014878 -0.546750546
v 0.32756114 0.629133642 -0.428259313
v 0.780334771 0.152718142 0.510692179
v -0.910525918 0.0863635242 0.00829947926
v -0.649515569 0.238334075 -0.598904848
v -0.121842019 0.716062129 0.336956769
v -0.481718153 0.503783524 -0.57670927
v 0.585008085 0.308265895 0.670038521
v 0.2960473 0.650663078 -0.411412388
v -0.470193982 0.516092062 -0.553999305
v -0.728919923 0.288017511 -0.282826245
v -0.775814414 0.0864036754 0.481111318
v -0.565294683 0.393383563 -0.329676539
v 0.30289191 0.664027154 0.430444986
v -0.297646612 0.540691674 -0.00593328197
v 0.426679581 0.526878417 0.398229301
v -0.655232847 0.282693028 0.141236961
v -0.664932132 0.221891955 0.445056081
v -0.71386528 0.27397874 -0.095626384
v -0.238486186 0.622391105 -0.268487632
v -0.786257327 0.123978078 0.345329404
v 0.106302857 0.680030763 -0.278161675
v -0.279718012 0.707199872 -0.455527574
v -0.701301336 0.221588865 0.270137608
v 0.62498343 0.194582269 -0.657802522
v -0.877409756 0.133862406 -0.0494337715
v 0.579899549 0.363109261 0.0576033592
v -0.60741359 0.360842288 -0.277425885
v 0.495099097 0.417679518 -0.25190264
v -0.599498212 0.244661152 0.66855073
v -0.46321702 0.499727577 -0.442808926
v -0.567519605 0.324812859 0.641473114
v -0.251872569 0.602357626 0.250082463
v -0.581547856 0.380060732 -0.358841538
v -0.26924035 0.568486273 -0.139338508
v -0.764050007 0.241197616 -0.422854096
v -0.557057202 0.388906479 -0.566125333
v 0.571879327 0.377167463 0.51087153
v 0.770031929 0.166036367 0.509064376
v -0.94789058 0.0600998923 -0.0638922155
v -0.737935722 0.199988514 0.205671266
v 0.637243807 0.245775878 0.615338683
v 0.640713573 0.177766025 0.680844247
v 0.366406113 0.503115654 -0.0685869232
v -0.395012498 0.610217929 -0.519704521
v 0.501360834 0.413487285 -0.281521827
v 0.485652536 0.458355933 0.319860369
v 0.728693664 0.127802998 -0.49990043
v 0.398238003 0.537318468 0.342448622
v -0.305359989 0.537245154 0.0527393557
v -0.539799392 0.410350978 -0.270358652
v 0.558326721 0.378003091 0.616552949
v 0.144570783 0.717550755 0.348155439
v 0.368347317 0.607732475 -0.471792132
v 0.579292655 0.278028965 -0.705769479
v -0.685414016 0.300020814 -0.382524043
v -0.703610063 0.181461021 0.431196749
v 0.379584581 0.495790422 0.0170987993
v -0.439041972 0.5065099 -0.363619983
v 0.340301931 0.538047194 -0.221867114
v 0.0725374892 0.649968445 -0.201747999
v -0.504449844 0.4281753 0.471906036
v -0.528513253 0.392776519 0.426077455
v -0.37264365 0.498945415 0.0514696315
v -0.267262161 0.558865428 -0.066679813
v -0.267327309 0.555086613 0.00412804494
v 0.762731016 0.254540652 0.396089077
v 0.547095478 0.389917761 0.0960052982
v 0.511788249 0.442944884 0.390718907
v 0.718896031 0.193576559 -0.324403018
v -0.797059119 0.182915688 -0.47199586
v -0.489420682 0.490914434 -0.57269156
v -0.690839231 0.20139882 0.410909176
v 0.03951893 0.806854308 0.394314021
v 0.305191249 0.550076544 -0.170174792
v -0.72650665 0.276297688 -0.381974876
v -0.235136181 0.696294248 0.397671402
v -0.24033919 0.568984032 -0.0475911684
v 0.00498583913 0.765806675 0.360109657
v -0.713267863 0.180883661 -0.560540497
v 0.0272021741 0.679733992 -0.252773285
v -0.308508635 0.551731169 -0.157469288
v 0.0225892775 0.692201197 0.272731632
v -0.716720819 0.232420266 0.127579227
v 0.118707061 0.761230588 0.380952746
v -0.347630054 0.513576567 0.0309743155
v -0.591287971 0.3371301 0.134946361
v -0.283632755 0.588066459 -0.24437882
v 0.538365722 0.419222116 0.460237682
v -0.426023424 0.559510529 -0.498587281
v -0.394174665 0.527863204 0.351135492
v 0.345020175 0.567456424 0.303138435
v -0.510207713 0.405346364 0.28507024
v -0.466591567 0.485636413 -0.387922347
v 0.653372526 0.161393315 -0.627159059
v 0.390267342 0.563643813 -0.438097209
v 0.435719371 0.463487804 0.0640097111
v 0.421331167 0.560030997 0.483927041
v -0.487670928 0.427506566 0.294802099
v -0.222802326 0.631349981 0.280361265
v 0.278030127 0.58939147 -0.258707076
v 0.477386445 0.437500656 0.0866824538
v 0.631824315 0.318923593 0.475683779
v -0.676708341 0.25751546 0.188857689
v 0.909636021 0.0937770084 0.0211467352
v 0.390830636 0.500269353 -0.215128884
v -0.813848913 0.115428776 0.283383548
v 0.454078138 0.516698539 0.471108973
v -0.748277545 0.236422092 -0.0311878379
v -0.2232171 0.675312579 -0.351162851
v 0.165965766 0.625288427 0.193376705
v 0.743821681 0.259052664 0.121752813
v 0.449288934 0.474803418 0.236961797
v -0.352454662 0.511604369 0.0693724528
v -0.406366676 0.554496288 0.461763829
v -0.301378697 0.605323374 -0.320224017
v 0.30513221 0.598890543 0.310606748
v 0.514832199 0.404620379 -0.00551377237
v -0.864105463 0.144025475 -0.0416805111
v -0.303611666 0.559891343 -0.183661416
v 0.584495783 0.33871752 -0.192000791
v -0.243465647 0.586560547 -0.167131796
v -0.257423759 0.72895515 0.45669359
v 0.496541023 0.44050613 0.243046016
v -0.267714053 0.596518338 0.25992012
v -0.46209842 0.452085972 -0.130325019
v 0.572342992 0.34498176 -0.282396436
v 0.388326675 0.492750347 -0.134167299
v -0.457100391 0.459307462 -0.16393128
v -0.765829563 0.176257327 0.20031096
v 0.647429049 0.204896793 -0.564799547
v -0.219715789 0.639660597 -0.284838855
v -0.666667938 0.124028705 -0.678423584
v -0.221452072 0.580017924 -0.082070671
v 0.686204374 0.31027177 0.284429342
v -0.0906341597 0.691183567 0.288974255
v 0.597853422 0.323396415 -0.238296017
v 0.0320250317 0.707003951 0.29606238
v 0.118865378 0.640724301 0.198069885
v -0.310923338 0.547621429 -0.142261997
v -0.892505765 0.105710357 5.96797763e-05
v -0.804093897 0.161728621 0.106279075
v -0.186018199 0.596529543 -0.106454678
v -0.501313984 0.416230679 -0.0251204912
v 0.612171054 0.259011775 -0.570022106
v -0.403354287 0.479766339 0.06240125
v -0.569476962 0.375100702 -0.543868959
v 0.549546778 0.368191302 -0.230759472
v 0.364579618 0.512975812 -0.173620805
v -0.81469202 0.233336106 -0.405818254
v -0.6618191 0.181036517 0.569929302
v 0.871831834 0.226681739 0.226115093
v -0.743687034 0.144639492 0.41309014
v 0.575574458 0.340035588 -0.3197743
v -0.470785886 0.468105853 -0.302071661
v -0.527955711 0.425016046 -0.345033288
v 0.8675583 0.10872183 -0.0956063941
v -0.838476419 0.114494495 0.192684054
v 0.522663713 0.422183961 0.256226182
v -0.256557941 0.617457271 0.294261426
v 0.321466446 0.528586745 -0.053705696
v 0.0699252784 0.623999476 -0.111752309
v -0.463979572 0.466427743 -0.25470224
v -0.610791624 0.306453139 -0.580474138
v 0.553707361 0.370894372 -0.0824578106
v 0.150716484 0.607895851 0.108847216
v -0.722655177 0.207234755 -0.517885208
v 0.603590012 0.242160618 0.7026214
v -0.211886048 0.702310681 0.382519215
v -0.134855807 0.737140357 0.367393106
v 0.304381311 0.635351539 0.385924786
v -0.620302856 0.274557412 0.455127925
v 0.881745756 0.129549772 0.0491219014
v 0.188966528 0.693795919 -0.352773011
v -0.408707142 0.476688981 0.0141579453
v -0.35790062 0.546810031 0.306591451
v 0.749983251 0.279031962 0.28741622
v -0.600352526 0.336271048 0.0617415421
v -0.209100217 0.613215923 -0.207421511
v 0.473195761 0.495950013 0.479581565
v -0.776634216 0.0940300226 0.461155951
v 0.477678895 0.470057368 0.354675114
v 0.416273326 0.616349041 -0.598518133
v -0.505383968 0.421899766 -0.126745343
v 0.863317788 0.141695499 0.0311668441
v 0.478717506 0.44962579 0.209480673
v -0.264417738 0.715009868 -0.446142793
v -0.0467966422 0.651101291 -0.193624496
v -0.261730283 0.558417559 0.0476949252
v 0.358360082 0.562768936 -0.354943514
v -0.503580749 0.436662674 -0.256876439
v 0.682858586 -2.93843144e-11 0.727719784
v 0.682858586 2.93843144e-11 -0.727719784
v -0.682858586 4.06564671e-10 0.727719784
v -0.682858586 -4.06564671e-10 -0.727719784
v 0.602501392 0.303476214 -0.407401949
v -0.706045389 0.261779726 0.00549704768
v 0.515005767 0.434733957 0.328661174
v -0.530629218 0.385335565 0.246003255
v -0.662822127 0.185487181 -0.634501934
v 0.740235746 0.0306235515 -0.635696471
v -0.657788575 0.325796068 -0.225772083
v -0.770955622 0.187364608 0.12054196
v 0.501339972 0.456782877 0.427033514
v -0.728665888 0.230775744 0.0789678097
v -0.64194262 0.307812095 -0.479518712
v -0.608174026 0.311243355 0.268339217
v 0.663700819 0.310921758 0.399616003
v -0.638541579 0.308110863 0.0468600765
v 0.370256096 0.531133831 0.237226859
v 0.52603817 0.389291078 -0.210855678
v 0.572992384 0.350952119 -0.154786453
v 0.50261569 0.441911846 0.298251569
v 0.857729673 0.104825832 -0.159093082
v 0.364884496 0.580537319 -0.412722409
v -0.18206358 0.605702043 -0.144637138
v 0.276322246 0.702166319 0.445104748
v -0.35622716 0.572066784 0.372921228
v -0.571249783 0.328685999 0.564665616
v -0.348625124 0.519569159 0.142261669
v 0.504542887 0.407265574 -0.163469926
v -0.511079431 0.435109705 -0.298466653
v 0.600322306 0.364660591 0.363853365
v 0.0507983863 0.61596334 -0.0255751405
v -0.0104863662 0.673071861 -0.238334134
v 0.470113724 0.447872192 0.142310724
v -0.657890141 0.233359948 0.432838529
v 0.906460643 0.0713732317 -0.114001207
v 0.26197812 0.581179023 -0.20039092
v 0.558265269 0.357030213 -0.364774704
v 0.200658411 0.58257544 -0.0339148492
v -0.373900354 0.500314772 0.105574146
v 0.614946902 0.342001498 0.0932379439
v -0.645115316 0.254958063 0.400733054
v -0.441117197 0.454600871 0.0458618142
v 0.5008443 0.445433408 -0.544781506
v -0.754915357 0.234020844 -0.0432256125
v -0.262951255 0.666612685 0.389653921
v -0.259407133 0.595750153 -0.227199897
v -0.589921653 0.36266157 -0.471951813
v -0.613596022 0.322178185 0.0980078354
v -0.212261185 0.578811407 -0.0298848357
v 0.419207871 0.490133703 0.197993368
v -0.538123012 0.390190214 -0.0256254915
v -0.295230776 0.555576861 0.168345034
v -0.138731167 0.680649102 -0.29335013
v 0.665358722 0.27244854 -0.153034672
v 0.0146170044 0.851365387 0.416903704
v -0.633461893 0.33845982 -0.370011449
v -0.623592615 0.34774524 -0.222242594
v -0.331772536 0.543324292 -0.181752235
v -0.587278247 0.372244805 -0.217005536
v 0.512496293 0.451776177 0.515059769
v 0.153105006 0.815216124 0.438363761
v 0.576192141 0.376520425 0.478513777
v -0.768112123 0.167982861 0.230849966
v 0.0851638541 0.64201504 0.182385713
v -0.762959063 0.072937347 0.535727441
v 0.0140349381 0.618715644 -0.0364135206
v 0.122899383 0.611184537 -0.0944446027
v -0.029500654 0.640238464 -0.15842399
v 0.707116425 0.127235278 -0.553947985
v 0.611122131 0.329966545 -0.0410288908
v -0.309058666 0.548125446 0.171774328
v -0.793481588 0.19515492 -0.00610581785
v 0.649942756 0.147086263 -0.654713154
v 0.616389871 0.308808833 0.556306183
v 0.33988139 0.5545578 0.248872474
v 0.371444672 0.515520871 0.161144182
v -0.89647913 0.14281258 -0.119702071
v 0.381502956 0.500128329 0.091185458
v 0.396376878 0.485029608 -0.093610011
v -0.340231091 0.544247568 -0.209574386
v 0.473500252 0.436291188 0.0374295637
v 0.653834224 0.230693132 -0.462449372
v 0.425567567 0.467288226 -0.142448589
v 0.743081093 0.222329423 -0.0604372434
v -0.175076336 0.59067297 -0.0108245732
v -0.757655323 0.214889362 0.0375140533
v 0.632569253 0.26756838 -0.410949022
v -0.910003603 0.0968769789 -0.0361179262
v 0.0804210231 0.733586967 -0.341328293
v 0.247474119 0.621099651 0.276349962
v 0.56852299 0.343212932 -0.423525423
v -0.559888422 0.352721214 0.464059383
v 0.112583503 0.626818359 -0.156558931
v -0.422189683 0.468286663 0.0039164694
v -0.358482927 0.525933266 0.224977791
v 0.439620554 0.521660209 -0.489804953
v 0.799868166 0.164224759 -0.111979522
v -0.173386976 0.699528396 0.347621351
v 0.642652333 0.268418372 -0.337270737
v -0.0807038099 0.772227049 -0.377085567
v 0.604153812 0.295087159 -0.455865711
v -0.408880085 0.478175402 0.12532489
v 0.209051564 0.625015855 0.239099056
v 0.0669334233 0.618091464 0.0683071986
v -0.574375331 0.356558293 0.0601232871
v -0.552037001 0.394623548 -0.185583696
v 0.107005559 0.607515216 -0.00413830671
v -0.163427144 0.595693707 -0.0431297719
v 0.740155637 0.193427265 0.512660265
v 0.663894832 0.244861528 -0.345559537
v 0.662754774 0.296568394 0.00629109144
v -0.488148153 0.456187904 -0.319344938
v -0.814152777 0.167260975 0.0391732492
v 0.236802056 0.662724376 0.34491381
v 0.260893375 0.710260451 0.436391413
v -0.220596135 0.613167405 0.233890489
v 0.098801516 0.693800569 0.29376635
v 0.665976465 0.188589692 -0.539919317
v -0.846118152 0.227584258 -0.207058161
v -0.43343547 0.479936928 -0.196033597
v 0.596022069 0.301093966 -0.489903271
v 0.54372263 0.376173288 -0.133224592
v 0.624456048 0.316040099 -0.0735815912
v 0.0747086853 0.692691982 -0.285946965
v 0.538911581 0.413674474 0.592398465
v 0.687680602 0.126893759 -0.598562896
v 0.632092476 0.287163526 -0.276732653
v 0.124535911 0.651912332 0.229371727
v -0.432314754 0.519897163 -0.393223345
v -0.524403989 0.390787691 0.19362992
v 0.63228339 0.341360658 0.348131835
v -0.289855272 0.65953815 0.414979875
v -0.697496355 0.299026966 -0.192970768
v -0.625898659 0.285629362 0.340483576
v -0.249346048 0.571868062 0.125508726
v -0.72875458 0.19146806 0.290673375
v -0.703077972 0.146575153 0.525452733
v 0.0587999076 0.622888327 0.0945425779
v 0.546257675 0.392112225 0.661110938
v 0.543830395 0.379956156 -0.0585560575
v -0.145247146 0.600450397 0.0469201989
v -0.593847632 0.345897615 -0.531685174
v 0.499938071 0.411102593 -0.175551176
v 0.488189518 0.454782039 -0.495047063
v 0.350958109 0.629624128 -0.471791506
v -0.663155377 0.306839108 -0.0815126076
v 0.673014939 0.271723509 -0.111446373
v 0.657193065 0.243825972 -0.388699621
v -0.538717628 0.405744284 -0.67170769
v -0.293847948 0.548206091 -0.0855326653
v 0.665334582 0.26205045 -0.228386685
v -0.423470736 0.567544699 0.539527297
v 0.814789653 0.180498987 0.0178857576
v 0.160909027 0.595923185 -0.0454592742
v -0.0168406982 0.617452264 0.00735971751
v -0.670498133 0.26599443 -0.510393202
v -0.167107061 0.59614265 0.0694063082
v -0.744934797 0.202065617 0.161458686
v 0.258996606 0.617794454 0.284448713
v -0.726164043 0.176850557 0.363466561
v 0.0209199507 0.619947374 0.0533830635
v 0.00199323916 0.713143468 0.302703738
v 0.447704822 0.450494468 -0.125656664
v -0.403318971 0.507083476 -0.232153624
v 0.544655859 0.374031186 -0.171616182
v 0.715540469 0.188930616 -0.358222276
v -0.740899086 0.096344918 0.53642863
v -0.240207091 0.587920785 0.183439881
v 0.577838302 0.35727489 -0.0203015283
v -0.519643605 0.431133628 0.65649718
v -0.00694020698 0.624038696 0.0845969245
v 0.291408658 0.549901903 -0.119235016
v 0.67044127 0.204060763 -0.482886761
v 0.0825222135 0.663055539 -0.235763729
v -0.538243175 0.378318965 0.289744854
v 0.797970951 0.155130506 -0.165383741
v -0.368491381 0.511867702 0.183852524
v -0.0618015155 0.627685189 -0.121118605
v 0.165884092 0.662621617 0.279863775
v -0.329173177 0.572595954 0.312993973
v -0.508401811 0.406225324 0.0640697479
v 0.0334391482 0.631452501 0.126482263
v 0.637883842 0.277603328 -0.306613386
v -0.36153239 0.510851383 -0.0798905641
v -0.541356742 0.380734771 0.615680993
v -0.563160062 0.362586975 0.0973205492
v 0.106477305 0.738679171 -0.356202424
v 0.111201853 0.785482764 0.397860885
v -0.00239814725 0.618196726 -0.023851769
v -0.338885278 0.602984965 -0.382006168
v 0.653393209 0.256572157 -0.34129253
v -0.335590482 0.520942628 -0.0109942006
v 0.157517299 0.595664918 -0.0171238929
v 0.53965348 0.377426028 -0.352944046
v -0.219670877 0.588223934 0.14322561
v 0.0884264708 0.611152112 0.0185097866
v 0.391838312 0.533683836 -0.36314106
v -0.635164559 0.319804341 -0.0271990895
v -0.409443855 0.489965469 0.241321012
v 0.709048152 0.184649408 -0.39990738
v 0.587835789 0.373757958 0.250037014
v 0.420002848 0.476953298 -0.207532153
v -0.195947289 0.593893766 0.123127013
v -0.39335686 0.520871699 -0.264227986
v -0.386975795 0.569563687 0.44224146
v 0.286998093 0.57044065 0.188940287
v -0.543649316 0.376298696 0.632002115
v -0.387141258 0.512281537 -0.200674668
v 0.437144518 0.568920374 0.562097907
v 0.483416438 0.425763249 -0.210785076
v -0.591968894 0.362106532 -0.133912459
v 0.487028241 0.422189116 -0.195695981
v -0.585987508 0.321883112 0.422383845
v -0.317180246 0.549284279 0.203041524
v 0.390716255 0.591130316 0.47054553
v 0.935025454 0.0649128631 0.00723501248
v -0.542955697 0.377674937 0.113501087
v -0.810575068 0.220633522 -0.139275104
v -0.0744680166 0.618902087 0.0850271657
v 0.116144992 0.605918288 0.0123062283
v -0.331752717 0.541141808 0.209185064
v 0.36358273 0.508144438 0.0627752468
v -0.0262832455 0.618998647 0.0476458259
v 0.0708194152 0.653193176 0.205965161
v 0.672054946 0.260835439 -0.19426845
v 0.25938189 0.654897928 -0.368323892
v -0.793000162 0.176829174 0.078980051
v 0.569909453 0.342343092 -0.405397058
v -0.139055699 0.603995264 -0.0632553399
v 0.5789873 0.362944007 0.541582525
v -0.170319647 0.591936529 0.00829462055
v 0.601391435 0.360759526 0.401981622
v -0.540839672 0.377102971 0.404082507
v 0.467469513 0.436497629 -0.155155718
v -0.156000033 0.652493238 -0.252911001
v -0.649816334 0.32389167 -0.145414069
v -0.0695209354 0.613379836 -0.00230336073
v 0.618971527 0.306622624 -0.20975405
v 0.519700468 0.400806844 -0.383916944
v 0.481840163 0.506671011 0.591657877
v -0.363996297 0.517205715 -0.143366158
v -0.483924419 0.427193522 0.243975237
v -0.122108951 0.774681807 0.394995123
v 0.699972808 0.183067203 -0.439186931
v -0.65018481 0.303695709 0.0106924903
v -0.644395173 0.0694103912 0.730595648
v 0.678621173 0.154506028 -0.574145973
v -0.0557253659 0.620117545 0.0776407868
v -0.565872014 0.351421028 -0.662670553
v 0.4391509 0.460170448 -0.188006088
v -0.356181026 0.541287601 0.282755256
v 0.589953065 0.341906995 -0.0897479132
v 0.762231648 0.186601982 -0.163591832
v 0.0551250763 0.615029991 0.00539486995
v 0.33838892 0.565859079 0.283755064
v 0.343870103 0.529410839 0.14386566
v 0.0426220186 0.676577985 0.248016864
v 0.775269985 0.224004269 0.0650416091
v -0.662749231 0.243205905 0.360907942
v -0.183104962 0.616318822 -0.185158744
v 0.624415636 0.310371161 -0.126257092
v -0.987003148 5.56495849e-10 0.144065931
v 0.987003148 7.2839007e-10 0.144065931
v 0.987003148 -5.56495794e-10 -0.144065931
v -0.987003148 2.28092567e-09 -0.144065931
v -0.0424752906 0.634293497 0.142059103
v 0.317486882 0.564870477 0.23458302
v -0.125834182 0.611721635 -0.0957472548
v 0.892302096 0.0819522813 -0.123399653
v 0.572084486 0.351424634 0.626639664
v -0.369132429 0.542212427 -0.278841376
v -0.27832979 0.633421838 0.35691312
v -0.811418355 0.0941848159 0.36898452
v 0.28793171 0.570994437 -0.218262896
v 0.477985829 0.509327531 0.575648785
v -0.660472453 0.264816225 0.240729466
v 0.389888644 0.516698301 -0.295698047
v -0.693276525 0.0972890854 -0.65985924
v -0.483096987 0.513075471 0.655581057
v 0.208502695 0.638182461 0.269097507
v -0.447023839 0.480304271 0.375727713
v -0.522763193 0.410998106 0.558886886
v -0.344099015 0.57015425 0.340060323
v 0.603087962 0.361474246 0.220177785
v 0.807512581 0.0918549821 -0.387433261
v 0.618127644 0.353443265 0.280274689
v -0.593081653 0.3276802 0.241353959
v 0.648764312 0.332941085 0.26915893
v -0.547024488 0.370070755 0.502790451
v -0.232755736 0.657114387 0.33967644
v 0.395090818 0.486086309 0.0124771539
v -0.894463122 0.0717665181 0.16926682
v 0.572561681 0.38757655 0.335268676
v -0.597386956 0.345982999 -0.0130472155
v 0.658747852 0.32146576 0.359371781
v 0.859407544 0.0762416571 -0.284448713
v -0.163135201 0.601083636 -0.0904378593
v -0.55006671 0.365860611 0.465319961
v -0.424812466 0.466699839 0.118292689
v 0.131159097 0.605577052 0.0584711544
v -0.442009121 0.499730438 -0.344347507
v -0.576284885 0.283863157 0.712845862
v 0.721822917 0.15981108 -0.436641753
v -0.601114392 0.338804305 0.0299657658
v -0.0464489646 0.620776474 -0.0741530359
v -0.652072191 0.223121107 0.496952295
v 0.78206408 0.154628292 -0.235091314
v -0.303867817 0.590964615 0.309610963
v 0.618688762 0.221484423 0.6866014
v -0.533589363 0.391398877 0.535433888
v -0.819990337 0.063707687 0.435488164
v -0.00970908999 0.642839789 0.164522588
v -0.0394710898 0.617678285 -0.0383963287
v -0.594852328 0.367506832 -0.38929227
v 0.700391173 0.162633613 -0.495849192
v -0.752632439 0.273920059 -0.230705351
v 0.281523764 0.598963976 -0.290272295
v -0.062235076 0.673980653 -0.24787201
v 0.235530168 0.700319529 -0.403613448
v 0.413926929 0.570548058 -0.51727277
v 0.747470021 0.195833147 -0.182938397
v -0.632477641 0.191760167 0.639157355
v 0.458525628 0.524883986 -0.572048068
v 0.698217213 0.281462103 0.0759960413
v -0.111503161 0.616634548 0.111016631
v 0.216002032 0.6825037 -0.361431032
v 0.817396641 0.176952451 0.46424666
v 0.503354728 0.412300944 -0.0141308317
v 0.135266677 0.650543988 -0.238828421
v -0.582477629 0.376402795 -0.417742521
v -0.716395557 0.211795315 0.246794119
v 0.210063502 0.580448389 0.041777648
v 0.738768756 0.180735067 -0.296605229
v 0.509506881 0.403963536 -0.107731938
v 0.0552870221 0.63594842 0.150360316
v -0.443306893 0.45662272 0.181375206
v 0.445334315 0.451634526 -0.0498393476
v 0.125614643 0.605408549 -0.0495474115
v 0.224905863 0.610100448 0.218262956
v 0.96289891 0 -0.261423409
v -0.96289897 1.07596865e-09 0.261423439
v -0.616892934 0.258791745 0.544872582
v -0.0814553052 0.64878267 0.202095553
v -0.945022643 0.0546668023 -0.00870997831
v 0.231930032 0.599260807 -0.209218904
v 0.358434647 0.554159403 -0.331005961
v -0.799226224 0.15135847 0.178621754
v -0.510017693 0.402995855 0.188326478
v -0.121386774 0.62044996 0.13940075
v 0.684352517 0.309310287 0.22035706
v 0.328864902 0.525255322 0.0265434347
v 0.826419055 0.0632474273 -0.421697855
v -0.379089653 0.528781593 -0.25397259
v -0.495105922 0.426429331 0.362374038
v 0.0839006305 0.61209774 -0.0295212753
v -0.65866214 0.326251805 -0.300116211
v -0.526726842 0.389247298 0.159256533
v 0.423443913 0.469401687 0.0355431363
v 0.0758001581 0.617629051 -0.0779135525
v 0.355449051 0.512648344 -0.116164334
v -0.943530202 0.0971425995 -0.146510169
v 0.357194513 0.657519877 -0.521942556
v 0.823259234 0.12008632 -0.227901861
v 0.431520492 0.469327062 -0.220380634
v -0.577995002 0.323591173 0.515182257
v 0.862636209 0.0698613003 -0.299194604
v 0.763431907 0.132179707 -0.390538841
v -0.44581753 0.512179434 0.486914277
v -0.624558628 0.258834064 0.502255619
v 0.718848646 0.262020588 0.0494089834
v 0.79611665 0.263653815 0.321925998
v -0.362290859 0.576979697 0.398280293
v 0.767140269 0.177286759 -0.189293727
v -0.557119012 0.351342201 0.587006986
v -0.367473036 0.577844322 -0.383480072
v -0.124503314 0.604679585 -0.02844657
v 0.790543556 0.124684758 0.522145987
v 0.324061364 0.535538018 -0.149544448
v 0.331208736 0.530391097 0.100277856
v 0.489655942 0.419220686 -0.0967243612
v 0.634311795 0.206841394 -0.606359482
v -0.869880736 0.191844836 -0.165213093
v 0.338819891 0.594180346 0.361343414
v 0.033256378 0.622000813 0.075560838
v 0.18545422 0.791250288 -0.445108533
v 0.329518527 0.595217884 -0.36908865
v 0.934926331 0.104982346 0.136533171
v 0.64762038 0.103566341 0.71785903
v 0.679116845 0.300447017 0.114218011
v -0.557081163 0.400717676 -0.361326039
v -0.892831743 0.133585364 -0.0918513462
v 0.748215258 0.0951619595 0.590938687
v 0.637705564 0.296054155 -0.154109657
v -0.662212074 0.0908301473 -0.70516175
v -0.605326056 0.35610351 -0.168705329
v 0.675848544 0.26736179 -0.125436664
v 0.72975415 0.214785963 -0.164432555
v 0.231187031 0.570973098 0.0154183982
v 0.534535527 0.422258049 0.558324158
v 0.55860424 0.359364718 -0.249833837
v 0.463199109 0.519246757 0.527771413
v -0.364012688 0.504197717 0.00685811229
v -0.0701895282 0.774881363 0.377019554
v -0.575076759 0.307297766 0.646869123
v 0.676247776 0.132045835 0.658477545
v -0.443152785 0.472061396 0.311389118
v -0.0923948735 0.614813268 0.0745451525
v -0.131352738 0.611578226 0.108868457
v -0.0644767806 0.633671403 0.148914948
v 0.827622056 0.143628597 -0.0953433961
v -0.308135688 0.53512305 0.0236997735
v 0.57500881 0.355654001 0.595120549
v 0.512577534 0.436828166 -0.609139681
v -0.482566088 0.47619319 -0.427047193
v 0.664824367 0.0678166151 -0.702913463
v -0.711405575 0.218708307 0.234176069
v -0.570504963 0.342021555 0.399749547
v -0.120251507 0.659007549 0.24657619
v -0.097154744 0.674607754 -0.261461049
v -0.0932153389 0.651981056 0.215828821
v 0.734986663 0.172565699 0.540839195
v 0.0887635574 0.62252593 -0.119038627
v 0.267465949 0.595715225 0.239170402
v 0.345348626 0.516624212 -0.0860726312
v 0.256281912 0.676031232 0.3869569
v 0.0449833348 0.618672132 -0.0576999523
v 0.454584301 0.445121795 -0.110350773
v -0.869903147 0.0770750642 0.243350849
v 0.173154399 0.773712277 0.421020508
v 0.560725391 0.355570227 -0.313957721
v -0.58851999 0.353776604 -0.0259608142
v 0.0658195466 0.774307907 0.374892414
v 0.346056372 0.550623298 -0.287978023
v 0.723454118 0.227576897 -0.12232063
v -0.647145391 0.331120074 -0.345183313
v 0.72875917 0.209499761 -0.198586747
v 0.703719199 0.235183984 -0.178555191
v -0.670549989 0.164771408 0.5763852
v 0.458581209 0.529050827 0.539659917
v 0.589780927 0.358054727 0.0774650946
v -0.407085776 0.482187599 0.16210708
v -0.681901395 0.223644808 0.357648045
v 0.31538412 0.594443858 -0.340255648
v -0.784111798 0.235516056 -0.131860405
v 0.144552112 0.612877309 -0.133684337
v -0.560281575 0.383650899 -0.128039598
v 0.32847178 0.539026022 0.147942781
v 0.330227256 0.55036968 -0.245107576
v 0.760180414 0.206495255 0.476495832
v 0.102705434 0.636264384 -0.18019031
v -0.303358793 0.714718461 0.499172777
v -0.860310793 0.182839409 -0.133434892
v -0.775403261 0.157889336 0.247571141
v -0.642652988 0.287201375 0.193313435
v -0.689170361 0.245422766 0.195338726
v 0.0873654261 0.819491982 -0.413570046
v 0.611647725 0.354827911 0.207677901
v 0.120838501 0.659305274 -0.247890398
v 0.222521722 0.737212241 0.426367372
v -0.279988796 0.568222165 -0.164291054
v -0.0237066392 0.622510672 0.0778751522
v 0.0037953197 0.618432164 0.0299395062
v -0.242996544 0.56609273 -0.0149179613
v -0.753499627 0.132518679 0.419683874
v -0.473646849 0.440407723 0.290233791
v 0.799808502 0.224942356 0.130782038
v -0.457687765 0.527771056 0.575225592
v 0.679526687 0.249137685 -0.227246776
v -0.264228404 0.564002216 -0.0974502489
v -0.298190653 0.573626876 0.249514237
v -0.643850803 0.317807853 -0.061269138
v 0.0128792115 0.63131839 0.122550093
v -0.683743179 0.0844588876 0.659392774
v -0.722859561 0.271593153 -0.403273731
v 0.879956365 0.0365026109 -0.368867368
v -0.493168473 0.432799965 -0.150886789
v -0.0123803793 0.625548482 -0.0939893499
v 0.035314735 0.651409268 0.192090765
v -0.446366251 0.454832107 -0.0419797488
v 0.848135114 0.101288371 -0.216226473
v -0.377377838 0.545705378 0.356501162
v 0.057150498 0.62830025 -0.124360129
v -0.411926836 0.586723447 -0.519394159
v -0.17303814 0.615900695 0.181059927
v 0.0895631984 0.667862296 0.245183408
v -0.587345123 0.237776503 0.733871162
v 0.287524402 0.545881033 -0.0435223319
v -0.0832942724 0.62715596 0.134749725
v -0.613904774 0.316278607 0.155836999
v -0.156715229 0.624245882 0.18919161
v 0.19824025 0.674195409 0.326505154
v 0.872367382 0.12764962 0.0108327614
v -0.429546118 0.473385125 -0.125793919
v -0.640560329 0.208161324 0.581706822
v -0.175204232 0.662566781 0.293317229
v 0.441691577 0.503799975 -0.444007903
v -0.814023793 0.0837205946 0.394352406
v 0.65785557 0.0992353112 -0.688438654
v -0.484607935 0.479339719 0.57189548
v -0.586515248 0.301037759 0.573796093
v 0.379378796 0.612842083 -0.504452169
v -0.179280013 0.692792892 -0.338715047
v 0.776449084 0.194519848 -0.0610018037
v 0.64519769 0.137384072 -0.67639327
v -0.293034047 0.567274153 -0.189971745
v -0.623317957 0.335575908 -0.0883428901
v -0.429243296 0.545658708 -0.470433593
v 0.434818268 0.467941433 0.106970251
v -0.645677209 0.284174055 -0.529098272
v 0.269839317 0.577764928 0.182417065
v 0.308011681 0.554506838 0.169410095
v 0.414728552 0.586599171 0.527475238
v -0.175355092 0.626092136 0.214363307
v 0.146570578 0.738459527 0.37264505
v -0.570894539 0.351816267 0.170795634
v 0.453330755 0.458989203 -0.288509756
v 0.871317446 0.110724248 -0.0687192008
v -0.816468477 0.139373049 0.164009467
v -0.158026621 0.617332935 -0.16023773
v 0.75917685 0.270269305 0.345718116
v -0.637217581 0.340493739 -0.279584527
v -0.0523470044 0.706159353 0.298828632
v -0.532226741 0.425927937 -0.461638778
v 0.215628207 0.576694429 -0.0212513804
v -0.696198225 0.241631433 0.179851621
v -0.53312093 0.424571216 -0.539159536
v -0.731782913 0.140000492 -0.575097799
v 0.897538662 0.0993583798 -0.00725671556
v 0.13215968 0.64406538 -0.221748725
v -0.29473269 0.619709551 -0.341476798
v 0.638356209 0.339537144 0.299321294
v -0.323685646 0.584336638 -0.307683259
v 0.435009569 0.506780565 0.348177165
v -0.487735271 0.466411382 -0.394543737
v 0.429645777 0.517389178 0.372485191
v 0.702033699 0.269393384 0.0211644229
v -0.897378266 0.198594481 -0.202553421
v -0.33146292 0.633859038 -0.428091109
v -0.380524576 0.531646669 0.320984364
v -0.681315005 0.182106838 0.506077409
v 0.493014455 0.459835798 0.382356554
v 0.560443997 0.336558729 -0.668657005
v 0.380408049 0.503058136 -0.180638224
v 0.598989725 0.353297919 0.0945685804
v 0.674491405 0.222447783 0.571472585
v -0.8163656 0.127307862 0.222051188
v 0.903788388 0.212948322 0.224642396
v 0.518492997 0.395967811 -0.224414393
v -0.761795878 0.096567139 0.490052819
v 0.303256363 0.655361414 -0.428643227
v 0.22961916 0.58339572 -0.140850395
v 0.753757417 0.0603114218 -0.574221075
v 0.192750514 0.60953629 -0.185231209
v 0.479204297 0.466075152 0.336089939
v 0.404586881 0.607613206 0.540697873
v -0.102655113 0.660415769 -0.236307591
v 0.533676982 0.396574706 0.0647438839
v 0.566546559 0.327035546 0.716901124
v 0.576843858 0.308927 -0.623035192
v 0.209328413 0.721386611 0.398112923
v 0.524463594 0.40829581 0.123400435
v 0.584297061 0.332681268 -0.292369127
v -0.630834997 0.275595248 0.373880953
v 0.260386139 0.558356047 0.0072629666
v -0.389932603 0.511775851 0.273498833
v 0.837644279 0.145498961 -0.045517277
v -0.137992293 0.651560664 0.242873445
v -0.0173322763 0.781208634 0.373433828
v -0.253396541 0.607580185 0.266137689
v 0.616857111 0.292536467 0.591136336
v 0.426806211 0.477046847 -0.251330554
v 0.0668302327 0.639070392 -0.168483615
v 0.229448646 0.615341187 -0.251971006
v -0.834921479 0.163662985 -0.0192505885
v -0.788865805 0.0870956033 0.448970556
v -0.637480557 0.253787965 -0.603354454
v -0.612330258 0.344835937 -0.102855369
v 0.520664394 0.405517846 0.0623298734
v -0.25459981 0.560753822 0.0158655308
v 0.408048213 0.500211418 0.212204784
v 0.444331169 0.520269692 0.441935688
v 0.633985281 0.281371295 0.564673722
v -0.298115402 0.5775038 -0.237916857
v -0.563407063 0.394332826 -0.418725789
v -0.405718029 0.479688913 -0.0171813406
v -0.507087171 0.417143166 -0.0878200307
v -0.52481848 0.390787423 0.257413447
v -0.513235807 0.427018732 -0.233336538
v -0.636097312 0.106429547 0.720245302
v 0.345991135 0.573419809 0.322697103
v 0.613717377 0.226944074 -0.642517209
v 0.558225811 0.385473669 0.132286862
v 0.172996625 0.654241979 -0.276309699
v 0.475573182 0.43364042 0.0184727218
v 0.250786602 0.566224337 0.0648471192
v -0.848308027 0.169603497 -0.0762171
v -0.212342352 0.588656008 -0.115866303
v -0.609819174 0.277231365 0.513174236
v -0.735615134 0.284838349 -0.296567202
v 0.591555715 0.320118785 -0.364099503
v -0.0295458324 0.69728297 -0.281297892
v 0.452973008 0.481901675 0.297863156
v 0.519056618 0.426608235 0.274896294
v -0.419361651 0.530042529 -0.384887576
v 0.334774435 0.532526851 0.130078658
v -0.603900969 0.327037483 0.130579486
v -0.535347581 0.391100496 -0.0118884882
v -0.270415813 0.58758074 -0.21960102
v -0.554650545 0.386071473 -0.111631729
v 0.525315225 0.434649289 0.493578464
v 0.830377698 0.128267869 -0.15949057
v 0.397938579 0.529851615 0.314474583
v -0.0284761619 0.644210339 0.171249062
v -0.249512762 0.671431422 0.380639493
v -0.596901178 0.352078468 -0.0682530627
v 0.449266016 0.479936689 0.26893276
v -0.532777131 0.422926217 -0.603725553
v 0.628706098 0.154942036 -0.695622683
v 0.667193711 0.193345606 0.618727744
v -0.465752095 0.438114405 0.0287522282
v 0.0136139141 0.78735292 0.378147513
v 0.403751761 0.55292511 -0.450521886
v -0.66473341 0.283428609 0.0767035186
v -0.21346651 0.580415428 -0.058179196
v 0.835512161 0.249483451 0.25607273
v 0.643929064 0.158760831 -0.654373467
v -0.478145599 0.473982036 -0.383069098
v 0.0954718739 0.619394362 0.103738397
v 0.408996463 0.530920863 -0.40898782
v -0.70006448 0.261683524 0.0338243283
v 0.421576768 0.468348652 -0.102058433
v -0.790041208 0.103929542 0.399335235
v -0.409173489 0.476201028 0.0810231417
v -0.454116315 0.453108847 -0.0858048648
v 0.286449134 0.558047473 0.127984136
v 0.524975717 0.411256403 0.158570558
v -0.234328046 0.585048735 -0.142866299
v -0.225237504 0.605443597 -0.205169052
v 0.459253341 0.460066289 -0.335793287
v 0.227537945 0.573982298 0.0444262326
v -0.802679002 0.249491557 -0.216569483
v -0.667627513 0.317612857 -0.19751668
v 0.717197776 0.0645255148 -0.628244162
v -0.67689383 0.1175384 -0.668197632
v -0.789976597 0.265162259 -0.282267123
v 0.214176551 0.592657804 0.138833106
v 0.145921499 0.617907524 0.147968456
v 0.522543609 0.4007577 -0.43645671
v -0.634036839 0.340277731 -0.213382274
v 0.0147119565 0.70348084 -0.289774865
v 0.748144031 0.206618771 -0.121940158
v -0.344740599 0.61969924 0.443698168
v 0.705676794 0.295550913 0.20576781
v 0.479771197 0.483532608 0.453066975
v -0.27389878 0.704240501 0.450124115
v 0.540959299 0.380390018 -0.571606219
v -0.743608356 0.0607225783 0.590824127
v 0.137642533 0.696944952 -0.321229845
v -0.283627868 0.557354689 0.142239228
v -0.407583237 0.477915436 -0.00292117218
v -0.0641515404 0.660138011 0.221913919
v -0.196584985 0.584811926 -0.0370620638
v 0.412623137 0.507004559 -0.340541929
v 0.648633182 0.244202048 -0.433182538
v -0.125270382 0.640018761 0.205993056
v 0.322444081 0.536991239 0.113583028
v 0.185568675 0.595799506 0.100452431
v 0.310536861 0.548510373 0.145192698
v -0.567406714 0.35957709 -0.627515554
v -0.846958876 0.0572231114 0.388315499
v -0.77563709 0.0772621855 -0.571393788
v -0.132396594 0.636243284 -0.196168453
v 0.613808155 0.290689111 -0.403245777
v -0.903452933 0.0838959292 0.0570819154
v 0.540677249 0.414924294 0.364412963
v -0.576899767 0.38135004 -0.245550409
v 0.516314983 0.430467546 0.293457538
v -0.794815123 0.119318262 0.333849281
v -0.247547135 0.568460584 0.0942828134
v -0.572577536 0.336907834 0.446382433
v -0.332725048 0.528433025 0.134215668
v 0.518207788 0.399329692 -0.328240693
v 0.557825863 0.391349286 0.540297329
v 0.539409697 0.415260881 0.345642805
v 0.303878397 0.645005107 0.401749194
v 0.606990397 0.311589301 -0.27657935
v -0.575665653 0.34875989 0.155221388
v -0.149948925 0.750513673 -0.387305409
v 0.636213779 0.235221475 -0.527568221
v 0.703498065 0.101565495 -0.603307426
v 0.289004683 0.668413103 0.417002827
v 0.00928814709 0.637929261 -0.148749083
v 0.215606913 0.605414629 0.190148562
v 0.312487632 0.532801032 -0.0193827562
v -0.512790143 0.435527861 -0.317447633
v -0.495982409 0.418607533 0.281195343
v -0.0490216352 0.822226346 -0.405374527
v -0.623672545 0.238365605 0.574607372
v 0.0571190976 0.756021917 0.35657534
v -0.521004677 0.443087667 -0.626845002
v -0.843579054 0.135338515 0.0682987869
v 0.586112201 0.319391847 -0.447535247
v 0.101937607 0.641649544 0.190236509
v 0.648465216 0.29800272 -0.064856939
v -0.376749992 0.499664128 0.123440497
v -0.364006042 0.65913254 -0.528732717
v 0.493039072 0.419080317 -0.0252376702
v -0.253925145 0.657008946 -0.355358422
v 0.643046558 0.256310701 -0.405959129
v 0.411466539 0.475694209 -0.111942805
v -0.744345009 0.197258055 0.190043882
v -0.574538827 0.38063398 -0.209330365
v -0.715920687 0.120294593 -0.612182856
v -0.325855672 0.565508544 -0.25551194
v -0.611973524 0.208343446 -0.713643432
v 0.0841403902 0.79548347 -0.39691931
v 0.23753269 0.567934334 -0.0148991011
v -0.501093805 0.465887845 -0.510923743
v 0.801324725 0.159667358 0.48781383
v 0.279049307 0.566832602 0.155001953
v 0.619850457 0.268982649 -0.486236542
v 0.4870947 0.424002141 -0.237792984
v -0.955135643 0.0467395224 -0.0316606387
v -0.83913058 0.146714121 0.0342281833
v 0.590864599 0.306057334 -0.506182611
v 0.779046416 0.0842606053 -0.478655457
v -0.61001575 0.288517624 0.450153232
v 0.3119452 0.584524214 0.284995914
v -0.378805876 0.549449861 -0.329690725
v 0.269519866 0.637586534 0.339954197
v 0.605721056 0.316680282 -0.231238991
v 0.561551094 0.394792825 0.449170321
v -0.78372556 0.195822969 0.0262085944
v -0.769946158 0.188986346 -0.487346292
v -0.326353133 0.686627805 -0.496986806
v 0.197497115 0.775913894 0.440103918
v 0.198046312 0.725959301 -0.3982054
v 0.55083704 0.398602784 0.223428339
v 0.378668427 0.533613861 0.271631718
v 0.181537017 0.669955611 0.305724263
v 0.710217595 0.253452361 -0.0349803641
v -0.0288863331 0.661492348 -0.215394229
v -0.571245074 0.355252028 0.111198574
v 0.649805605 0.30684033 0.0105409883
v 0.392390192 0.496607602 0.119560212
v -0.941533089 0.0514821596 0.0397813357
v 0.818608284 0.0915474445 -0.356669873
v 0.433453053 0.554725885 -0.545673549
v 0.434577405 0.566008806 0.545832455
v -0.587920845 0.263149112 0.688468277
v 0.62206471 0.343863219 0.397427857
v 0.291340411 0.709463954 -0.478041649
v -0.484670132 0.430568963 -0.063308984
v -0.376574427 0.581075847 -0.412585616
v -0.465387672 0.437401831 0.0674982667
v 0.072531715 0.6927104 0.283101022
v 0.432318509 0.49954921 -0.390272111
v 0.744288981 0.252417386 0.0919661522
v 0.793849826 0.197845966 0.0182585288
v -0.520873845 0.416916847 -0.187228665
v 0.634160101 0.331847191 0.121904671
v -0.566448689 0.384592503 -0.505283415
v -0.378088474 0.500353694 0.14168036
v -0.208804354 0.579437017 0.0311158635
v -0.650905132 0.299795747 0.0363767333
v 0.437969863 0.500932813 -0.418896914
v 0.534454584 0.383281797 -0.145253062
v -0.264009863 0.587163448 0.22545056
v 0.55085659 0.365113795 -0.395260841
v 0.752680361 0.0841886848 -0.535005331
v -0.0466331728 0.855322182 0.422095716
v 0.586482644 0.305171758 -0.552505612
v -0.845379055 0.0975745842 0.243748859
v -0.298275024 0.556343079 0.181523874
v -0.381437242 0.507237852 0.21413672
v -0.38859272 0.500481009 -0.131793767
v 0.670499086 0.29787913 0.0550758019
v -0.559149802 0.367869973 0.0652598441
v 0.265585899 0.586897671 -0.227922842
v -0.232440591 0.635105908 0.299655586
v 0.441844851 0.45382607 -0.0785730183
v -0.154427469 0.596529782 -0.0046714833
v -0.223299742 0.593777359 0.175044805
v -0.458898544 0.577077329 0.67197907
v 0.234737352 0.65964514 -0.346680909
v -0.636263311 0.0690564066 0.742034495
v 0.675564468 0.293969363 0.430526078
v 0.548159301 0.379225433 -0.0217179097
v -0.488743037 0.480452955 -0.501591206
v -0.235369325 0.633562922 -0.289990515
v 0.164308056 0.597394049 -0.0733860806
v -0.203613505 0.679757595 0.345139265
v -0.456889659 0.450659275 0.242728397
v -0.528753936 0.386993736 0.231921077
v 0.0956647545 0.611771107 0.0483446233
v 0.666493297 0.258285671 0.532276988
v 0.647125125 0.212150916 -0.548238397
v 0.0796509609 0.707880437 0.307284445
v 0.173226118 0.591234624 -0.0183593761
v 0.687892675 0.294796675 0.396420866
v 0.60394448 0.330821514 -0.0889733359
v 0.00285284081 0.64844662 -0.181351066
v -0.882568061 0.0607966892 0.269062072
v -0.294147313 0.613705635 0.343559951
v 0.355404973 0.535455287 0.212573022
v -0.179253429 0.60078764 -0.117478117
v 0.26927653 0.554170787 -0.0198817626
v 0.236567676 0.646932423 0.317048579
v 0.626150131 0.31971249 -0.0295989495
v 0.640418112 0.191732839 -0.61465615
v 0.503832757 0.420133173 -0.397941023
v 0.227174029 0.589395702 -0.164377615
v -0.139605105 0.773082674 0.402310312
v -0.525014162 0.402830899 -0.0666488335
v -0.681268692 0.232461363 -0.546271801
v -0.498810321 0.412071794 0.115536958
v 0.585879683 0.186629504 0.785841107
v 0.551051438 0.36474812 -0.421109706
v -0.778484821 0.214553744 -0.036954619
v -0.536134124 0.383726597 0.438817024
v 0.502608716 0.410515279 -0.0637004003
v 0.720138967 0.061022006 0.650999844
v 0.768653214 0.0758774281 0.580586672
v -0.188989326 0.591787696 0.0931134745
v 0.480098069 0.468726993 -0.505148768
v -0.217874542 0.755832136 -0.440520346
v 0.919555604 0.0520904325 -0.162775189
v 0.770786703 0.114951439 -0.42088297
v 0.54338038 0.40517801 0.237675667
v 0.514536381 0.40402776 -0.0185480975
v -0.146027833 0.599299729 0.0306572262
v 0.476631492 0.437319815 -0.288361013
v 0.222546682 0.578621924 0.0735834837
v -0.416190147 0.50399667 -0.264121532
v 0.435786009 0.460675776 -0.157495856
v -0.284500211 0.642755747 0.38199082
v 0.465853333 0.439143598 -0.188957095
v -0.648473024 0.222591147 0.513871551
v -0.63050741 0.335867196 -0.405754983
v 0.713244498 0.210654259 -0.268270612
v 0.509144664 0.43096894 -0.538979471
v 0.598860502 0.329061717 -0.155390456
v -0.438431412 0.456738979 0.108797215
v 0.590931416 0.279127181 -0.628310263
v 0.92717272 0.0741832182 0.0137290442
v 0.571451783 0.355540842 -0.103609115
v -0.599005938 0.363387287 -0.206633091
v 0.663569629 0.315553933 0.151590243
v 0.767075896 0.0516329408 -0.565695286
v 0.233093336 0.772570133 0.467903763
v -0.805022776 0.195758864 -0.04515462
v -0.589087725 0.347347647 0.0364111774
v -0.448468089 0.568801999 -0.606096804
v -0.228829339 0.600873113 0.209411874
v -0.311976045 0.620490253 0.385993153
v -0.198435396 0.609651387 -0.182242379
v -0.65871799 0.301332533 -0.018983813
v -0.435862422 0.47141695 -0.144640908
v 0.691506028 0.271038085 -0.0175185669
v 0.462974846 0.512990892 0.50104183
v 0.678037822 0.184636474 -0.510409236
v -0.781560659 0.0610042624 0.522656858
v -0.533553064 0.400933772 0.670387268
v -0.411078513 0.480496824 -0.0781581849
v 0.193487182 0.684879839 -0.344381601
v 0.575825512 0.377510577 0.181230679
v 0.484213322 0.432728887 -0.315823615
v 0.519779861 0.399535 -0.364036113
v -0.349749863 0.544089496 -0.234304145
v -0.806435466 0.15391618 0.134985059
v -0.346363753 0.539987743 0.248648927
v 0.0516326576 0.628343284 0.118740678
v -0.791114211 0.151580542 0.211911902
v 0.711200178 0.161818936 -0.464768767
v 0.243437111 0.609719455 -0.257276446
v 0.786299109 0.108721472 0.53746146
v -0.69881016 0.129354447 0.569272399
v -0.162770152 0.660848439 0.280216306
v 0.719673693 0.196458742 -0.307868928
v 0.655207872 0.262590259 -0.290945053
v -0.393297613 0.536212027 0.375043482
v 0.352973908 0.511029661 0.00692894869
v 0.646754205 0.282675505 -0.200225756
v -0.349298477 0.549821317 0.293302983
v 0.495830685 0.414197385 -0.150698543
v 0.0485870801 0.620296538 0.0712791607
v 0.470891982 0.436339557 -0.212831423
v 0.573780835 0.30583176 -0.664551139
v 0.627209902 0.306993186 0.526302814
v 0.121457815 0.605319738 0.0273781028
v 0.301955491 0.550539851 0.130835891
v -0.670299232 0.207443178 0.472685248
v -0.139606476 0.607026756 0.0943696871
v 0.112266399 0.82293731 -0.424518257
v -0.379771143 0.504071534 -0.117045209
v -0.157850429 0.598884583 -0.0611555316
v -0.236015141 0.728465617 -0.43069762
v -0.109728917 0.607465863 -0.0229231399
v -0.609639525 0.356135696 -0.378931195
v 0.0875914171 0.610942304 0.0034585176
v 0.906658888 0.142359242 0.13853085
v 0.317909807 0.57188338 0.258995056
v -0.567038715 0.383817881 -0.182868704
v 0.448872268 0.45361203 -0.202141806
v 0.580878198 0.379908592 0.275341779
v -0.349314094 0.548760831 -0.251470178
v 0.134193987 0.602481902 -0.0358783156
v 0.195494443 0.712217152 0.376171917
v -0.833207846 0.100605421 0.275190204
v 0.595952332 0.248498544 0.716831684
v 0.669024408 0.244409829 -0.318476677
v -0.107076012 0.609963417 -0.0524457246
v -0.0525970459 0.673346698 0.24573563
v -0.747956276 0.188114062 -0.510029376
v -0.634227335 0.336958736 -0.17263943
v 0.663498878 0.288944572 -0.0437634848
v -0.0926605538 0.61119163 0.0376470387
v 0.745497227 0.138883546 -0.424860865
v -0.168376833 0.68314594 -0.316492289
v 0.236412778 0.678233922 0.368504137
v 0.613597393 0.355938524 0.253205925
v -0.887526155 0.0816107914 0.147686288
v -0.320763558 0.601510644 0.364995152
v 0.00572266057 0.621017098 0.0609974004
v 0.138851106 0.608373761 0.0931535959
v 0.767733932 0.205412298 -0.0431589335
v -0.0570038781 0.617055714 0.0513789877
v -0.271257013 0.618072808 -0.302934527
v 0.01165679 0.625090301 0.0910126865
v -0.497560441 0.475644916 -0.552648723
v 0.590630233 0.149274603 -0.790428281
v -0.113963015 0.799550533 0.409780562
v -0.842089951 0.212922812 -0.170265481
v 0.526321113 0.391685724 -0.0882940516
v 0.380813211 0.540515721 -0.35152334
v 0.619133353 0.342449278 0.124830626
v -0.00131927966 0.617624819 0.00192749698
v 0.0377638377 0.618441463 0.0465092659
v 0.213805497 0.606191754 -0.20385094
v 0.569790006 0.323143184 -0.623342395
v 0.855635583 0.054445833 -0.374504864
v -0.522221804 0.393577576 0.12904793
v 0.549894452 0.364853352 -0.574909627
v 0.339216679 0.523107767 0.0747745112
v -0.329134256 0.549168646 0.236263037
v -0.551588297 0.399501354 -0.541068494
v -0.262516826 0.734933674 -0.464942604
v 0.640931666 0.268832773 0.570455492
v 0.223978996 0.622482598 0.250268608
v 0.134276628 0.609993935 -0.103975438
v 0.462330461 0.439367056 -0.096702233
v -0.201422587 0.745715559 0.419528216
v 0.625113785 0.204563394 0.688482881
v -0.283120036 0.590633512 0.27057454
v 0.701010466 0.0856187865 -0.628983855
v 0.463294506 0.438908696 -0.125121132
v -0.190179199 0.602233231 0.15326345
v -0.040564537 0.61894995 0.0563408881
v 0.114179313 0.609206498 -0.0643085018
v 0.774009466 0.168656036 -0.20212394
v -0.676745713 0.308603257 -0.165198594
v -0.0614336208 0.659749985 -0.218106344
v -0.515306115 0.451860279 -0.594716907
v 0.15824385 0.756659806 0.397148013
v 0.611459732 0.352989644 0.394504011
v -0.817964971 0.104912937 0.310746044
v 0.135012448 0.75365144 -0.383984745
v -0.66060394 0.295028865 -0.465522945
v -0.0689616501 0.619755447 -0.0830113962
v -0.436287999 0.459437728 -0.00533788232
v 0.0738158226 0.666534364 0.236639649
v -0.0797876939 0.624094009 -0.115289792
v 0.0277450513 0.639913142 0.156627223
v 0.1880541 0.612082899 0.176039904
v 0.39352724 0.503922641 -0.249416083
v 0.178961083 0.642198443 0.249151289
v 0.522910595 0.411733389 -0.567862868
v 0.587592185 0.344892502 0.566381156
v 0.890012145 0.0890480429 -0.0952517837
v -0.297808558 0.584193587 0.28031522
v -0.0207587108 0.62809521 0.109642975
v 0.0404739939 0.66384095 0.222257778
v -0.509816825 0.403038204 0.164260238
v -0.0194070097 0.631853461 -0.125637025
v -0.00782614201 0.620912254 -0.0598689057
v -0.56946069 0.365846217 -0.00618580449
v 0.111344136 0.71471709 0.328018665
v 0.344752192 0.680719972 0.520827949
v -0.153425887 0.868269086 -0.467294991
v 0.613585413 0.165648699 -0.723111987
v -0.703719318 0.0796609893 0.63180083
v 0.721054196 0.252718955 0.449095696
v -0.613232851 0.336108565 -0.0294451993
v -0.144759029 0.714831948 0.347975254
v 0.717205286 0.15465492 0.580806017
v 0.182873622 0.746000051 -0.406546414
v 0.137732357 0.661034465 0.256924689
v 0.578998625 0.323010117 -0.507149339
v -0.320830375 0.580801547 -0.292304307
v -0.420344025 0.473398298 0.172529638
v 0.312104493 0.560127556 0.204219997
v 0.733653665 0.140036032 -0.456478894
v -0.942984283 0.0775860101 -0.105076186
v -0.513348281 0.452207297 -0.544496238
v -0.0957311094 0.649510145 -0.208060861
v 0.50708878 0.417665154 -0.41199705
v -0.545197904 0.404576451 -0.582073092
v 0.0363299251 0.616696298 -0.015658332
v 0.592257202 0.371666133 0.352128327
v -0.223629385 0.627384782 -0.262041003
v -0.848633528 0.115335427 0.145453408
v -0.103905909 0.777021289 0.389406532
v -0.183918387 0.633901596 -0.235062853
v -0.584548891 0.360278487 -0.51914978
v -0.0907339454 0.621597052 0.115271732
v -0.0370459594 0.740307927 -0.337462753
v -0.42390269 0.468301654 0.137285352
v -0.439090401 0.462011099 0.207087591
v -0.125544429 0.677807271 -0.28115958
v -0.623722911 0.26320833 0.488359749
v -0.499734789 0.412417382 0.223939389
v 0.668364644 0.320391297 0.250235498
v -0.172100589 0.752898097 0.404454142
v 0.0809098706 0.613490164 -0.0456252359
v -0.349269778 0.566328406 -0.310224921
v -0.109593682 0.687097609 0.290911734
v -0.368001521 0.583792806 0.426026195
v -0.823221266 0.124204539 0.208870754
v 0.628024697 0.221873194 -0.59744066
v -0.41735816 0.477939755 -0.0936915725
v 0.20134823 0.631132185 -0.25567019
v -0.553766012 0.349008918 0.70820272
v -0.419573486 0.510260522 -0.306187868
v -0.519754648 0.413808405 0.53891927
v 0.460486233 0.504097462 -0.525623441
v 0.0749913976 0.794974744 0.393099576
v 0.666995764 0.256008148 -0.258953393
v -0.263174683 0.707495213 0.441010445
v 0.165089026 0.60625577 0.121956371
v 0.420369983 0.60304147 -0.590205073
v 0.683021188 0.308547407 0.338414103
v 0.765093982 0.236274362 0.0850322098
v 0.702601194 0.273671657 0.0483684763
v -0.761961102 0.0573673435 0.564893723
v 0.10533803 0.615639389 -0.0986176431
v 0.861449063 0.109084375 -0.121102169
v 0.772924662 0.270302713 0.307898492
v 0.233732179 0.64260745 -0.31618014
v 0.0927232057 0.648639739 -0.20793727
v -0.598771572 0.232106984 0.693940938
v 0.291762054 0.544576645 0.0299869198
v -0.0461071655 0.77377671 -0.370495915
v 0.728860676 0.249441862 0.0224300735
v -0.355690986 0.578576028 -0.358732045
v -0.8959198 0.0954648405 0.0326016657
v -0.0220836513 0.679249108 0.250744849
v 0.377640933 0.534092486 -0.320997566
v -0.494581878 0.415514112 0.174881235
v 0.795177042 0.0928081572 -0.417860925
v -0.888490081 0.154559419 -0.126675308
v 0.76878047 0.0968864411 -0.473197132
v -0.432097375 0.574434757 -0.557071149
v 0.699664891 0.246817306 -0.128272146
v -0.600144446 0.238855332 -0.71475637
v 0.619656146 0.210486308 -0.650273621
v 0.715593398 0.222990587 -0.188490629
v 0.784409344 0.206999496 0.45582056
v 0.30237174 0.686271608 -0.467441618
v 0.802223563 0.0698005557 -0.460749507
v -0.170539096 0.617054701 -0.173131958
v -0.796817839 0.158118635 -0.492779285
v 0.438278437 0.470880747 -0.27678436
v 0.16842714 0.638972282 -0.240010828
v 0.598374426 0.248660952 -0.665305138
v 0.607938468 0.290155649 0.623236001
v -0.038439475 0.825943232 0.405761123
v -0.340129137 0.581310987 -0.332673311
v -0.554997623 0.37956658 -0.0428073443
v -0.557857275 0.34134993 0.681747735
v 0.0954499543 0.628651917 -0.149933442
v 0.271720469 0.588276327 0.22327809
v 0.235326916 0.697265625 0.393271178
v -0.107123516 0.622010767 -0.127341732
v 0.63281244 0.340542823 0.206064418
v -0.920238912 0.111292437 -0.111817956
v 0.664381087 0.277166188 -0.124449328
v 0.870541215 0.169573724 0.123695694
v -0.717669964 0.292545527 -0.248615846
v -0.238835588 0.757476091 0.463328183
v -0.51857084 0.40535751 -0.0420907363
v -0.79149282 0.207364425 -0.4508802
v 0.451401561 0.547763586 0.564786136
v -0.200740442 0.642512321 0.27915588
v 0.407889515 0.589877188 0.514238179
v -0.770436525 0.260802805 -0.202345788
v -0.320911765 0.627414346 -0.398327351
v 0.829868793 0.191385776 0.0950987041
v 0.540402889 0.378025472 -0.43409276
v -0.744248092 0.0849945545 0.550256729
v 0.662815034 0.3212547 0.204729587
v -0.582199872 0.313621223 0.542959154
v -0.664889574 0.232276738 -0.576434493
v 0.887149751 0.080003567 -0.158000693
v -0.54920119 0.366631955 0.533256829
v 0.0553439483 0.623533964 -0.0997642428
v -0.57900846 0.362192035 -0.0414339006
v 0.369887859 0.670900583 0.556682885
v 0.0875509903 0.761067986 -0.370556623
v -0.0902782157 0.739529133 -0.348983288
v 0.0890674517 0.708915234 -0.314394057
v 0.650298715 0.289002419 -0.124191485
v 0.020107694 0.645550191 -0.17456989
v 0.645776093 0.298449606 -0.0781576335
v 0.868454218 0.16365023 0.106963344
v -0.615019739 0.337698042 -0.0550368391
v -0.69556284 0.159442529 0.51753962
v 0.762682676 0.192940831 -0.128414974
v -0.499485016 0.463184923 0.611922026
v 0.182538316 0.590827405 0.0536798164
v -0.621129632 0.213586837 -0.688590288
v 0.535671949 0.40205884 0.739561975
v -0.808657765 0.101206541 0.353952408
v 0.138181776 0.664200664 -0.268746972
v -0.608296931 0.335904717 -0.50420922
v 0.415685415 0.552261412 -0.484429032
v 0.47676757 0.469081879 -0.486485422
v 0.740405083 0.0679633915 -0.585192919
v -0.5774948 0.368562341 -0.0958821028
v -0.755886674 0.241022065 -0.0773614943
v -0.818372369 0.205137357 -0.109676592
v -0.768092513 0.22929664 -0.065208748
v 0.664027929 0.277757198 0.499588132
v 0.634754896 0.306164294 -0.0877382681
v 0.142527089 0.620223701 -0.161102474
v -0.22065556 0.785177171 0.46801573
v 0.194012821 0.605921507 0.161699742
v -0.079238236 0.674800873 -0.25490424
v -0.841316164 0.0790347084 0.331899643
v -0.460378736 0.522926986 -0.526216149
v 0.064300701 0.634861469 -0.153441653
v -0.46991694 0.557098866 -0.681283712
v 0.314326525 0.537105143 0.0793711841
v -0.783916354 0.267426133 -0.299454391
v 0.409704328 0.594599068 -0.548383117
v -0.492657393 0.427428395 -0.0913969427
v 0.429474056 0.488497496 -0.3307648
v 0.691173911 0.30109635 0.17742984
v -0.503115475 0.421589136 -0.106680416
v 0.890819371 0.257743418 0.284662187
v 0.506506979 0.423352301 -0.455447376
v -0.848800898 0.149739906 -0.0127973836
v 0.18392019 0.620575905 -0.209024191
v -0.162836924 0.684115589 0.318247437
v 0.469816864 0.557280362 -0.681203485
v -0.665279925 0.310302407 -0.398697019
v -0.883942485 0.115487866 -0.00645362772
v 0.0213681199 0.629296005 -0.115844451
v 0.822853923 0.245115593 0.382483631
v 0.684265316 0.280802488 0.00928840693
v 0.524888694 0.415356487 -0.629750669
v -0.8423118 1.10047504e-09 -0.534600854
v -0.8423118 -1.10047504e-09 0.534600854
v 0.8423118 -7.62170216e-10 -0.534600854
v 0.8423118 7.62170216e-10 0.534600854
v 0.131806955 0.775116742 -0.400654167
v 0.198300019 0.59643656 0.127992883
v 0.686128736 0.268200487 -0.0625320002
v 0.0227020439 0.663067818 -0.219200388
v -0.616178751 0.167935565 -0.733557999
v -0.480530113 0.522098124 -0.642675698
v 0.538964033 0.38571009 -0.627397358
v 0.668336987 0.0414012857 -0.716718316
v 0.438803524 0.476040006 -0.311902702
v 0.631413877 0.34316507 0.328823626
v -0.488308698 0.500077486 -0.612135172
v -0.567975879 0.340020895 0.495370507
v -0.409878016 0.525648177 0.395509392
v -0.736316085 0.0472327769 0.62067467
v -0.813578069 0.129725948 -0.498953164
v 0.793842912 0.261910707 0.262635291
v -0.148923412 0.641244531 -0.22215867
v -0.798244238 0.26387623 -0.311162055
v -0.5776335 0.375668734 -0.472774684
v 0.630493045 0.109757565 0.739558876
v -0.454310954 0.455755174 -0.114982754
v 0.813162744 0.174001411 -0.0138781574
v 0.213068977 0.621436775 -0.245980918
v -0.927002132 0.0671709701 0.0265682768
v -0.933884144 0.0717207938 -0.0385515615
v -0.480158031 0.496367365 0.599225283
v -0.586415708 0.182414532 0.786446691
v 0.826968789 0.0524467081 -0.448833734
v 0.417756587 0.49860692 -0.325498015
v 0.410964102 0.534355164 -0.424951136
v -0.607989728 0.256350458 -0.674363494
v 0.473475844 0.512461841 0.559431255
v 0.784859002 0.230228782 0.424970835
v -0.303408295 0.700401664 -0.479106814
v -0.710053265 0.293333262 -0.207351014
v 0.576982081 0.3334243 0.651576161
v -0.718944848 0.282139659 -0.162935331
v -0.776331544 0.263640702 -0.232069775
v 0.715271652 0.103167355 0.626504123
v -0.474731982 0.512551665 -0.56755054
v -0.716742754 0.0690465197 0.62350601
v -0.836589873 0.253309369 -0.26968348
v 0.252872854 0.724180043 0.443092287
v -0.861886859 0.140691906 -0.0232550092
v -0.541682601 0.389090925 -0.0431497023
v -0.888647497 0.0933895037 0.0782348216
v -0.596862197 0.0748118609 0.796086431
v 0.809178412 0.0647453144 0.540757954
v 0.45393309 0.495551556 -0.469300658
v -0.625620842 0.333040714 -0.443022549
v 0.927541614 0.0992401168 0.105620697
v 0.763134837 0.105820127 0.565082431
v 0.866510451 0.0364722498 -0.402283937
v 0.405119658 0.6615358 0.627136946
v -0.0281253681 0.677247345 -0.247508869
v 0.783672333 0.0651432872 -0.510292947
v -0.797249138 0.250918567 -0.377983212
v 0.0507007949 0.650442421 -0.194930911
v 0.410735816 0.519362271 -0.378632456
v -0.0278087612 0.701412737 0.287827998
v 0.722034574 0.236880451 -0.0754605159
v -0.666074276 0.182158187 0.554546654
v 0.127381757 0.706086338 0.324369401
v -0.394801617 0.490425348 -0.075690344
v -0.124223232 0.821307182 0.427745104
v 0.252304375 0.609571636 -0.269995958
v -0.808649659 0.0979823917 -0.522025704
v -0.824864268 0.164789349 0.0101953736
v -0.028099604 0.686377168 0.264066279
v 0.61098516 0.225435033 0.700833559
v -0.680488467 0.155667886 0.566874743
v 0.267912626 0.559417784 0.0733906701
v 0.811230898 0.152790338 -0.120050043
v 0.786576092 0.210197389 0.0444821864
v 0.85709554 0.135390967 -0.0143136848
v -0.220919758 0.700172663 -0.383656621
v 0.263698369 0.635029554 -0.340113848
v 0.695491195 0.303942382 0.310262054
v -0.591461897 0.311427265 0.457796186
v -0.723212659 0.228026882 -0.489167571
v -0.680150509 0.243801132 -0.531067848
v -0.707898259 0.0640188605 -0.663979948
v 0.212416425 0.770503759 0.447787493
v 0.46963346 0.435128242 -0.0371517576
v -0.135093719 0.701820314 -0.322883606
v -0.168797433 0.701896966 -0.343765736
v -0.69625181 0.147025675 0.54244113
v -0.552236617 0.373929352 -0.683896482
v 0.741666496 0.232755259 -0.0122161806
v 0.615205467 0.125365764 0.756269157
v -0.0737263411 0.690143883 0.281062484
v -0.49283725 0.503353238 -0.668637097
v 0.204682663 0.783091784 0.451319337
v 0.922288775 0.0668036565 -0.0569175035
v -0.922788262 0.115639545 -0.126140058
v 0.461232036 0.440588027 -0.0517956577
v -0.548596621 0.408513606 -0.437867194
v -0.0671360046 0.751225412 -0.354322642
v -0.515036106 0.425263375 0.566677809
v -0.373735636 0.504902899 -0.0921815112
v -0.67215091 0.295290679 -0.435571462
v -0.0787137672 0.631857872 -0.146823183
v -0.785383165 0.245486379 -0.1707526
v -0.737029612 0.258284748 -0.0964896083
v -0.806024909 0.21465978 -0.11153122
v 0.84786737 0.121775731 -0.116501488
v -0.867044806 0.0846692473 0.219343245
v 0.811940849 0.148649603 -0.137522727
v -0.0314865522 0.648727953 -0.184217364
v 0.854432702 0.204398975 0.168862015
v 0.860970914 0.153536379 0.0624100231
v -0.841410875 0.0871617571 0.300977319
v 0.0066212602 0.898224056 0.434632868
v -0.915979743 0.102672093 -0.0783963576
v -0.212520763 0.624856174 0.253286421
v 0.743032992 0.183987945 -0.262967795
v -0.606271267 0.187026992 0.724125683
v -0.834607124 0.12037535 0.180267677
v 0.778831303 0.0971236229 -0.448064685
v 0.852533817 0.150231555 0.026927663
v -0.268612117 0.608391166 0.291439474
v 0.248783201 0.735232949 -0.453972429
v -0.388489842 0.645067394 0.569368958
v -0.59090656 0.310207993 -0.644016862
v 0.122090831 0.665502012 0.256272882
v -0.52858609 0.402506024 0.575766981
v -0.393342823 0.625888348 -0.543577552
v -0.801237881 0.085835062 0.421502948
v 0.675565541 0.300348431 0.408109754
v 0.114938475 0.806037664 0.41388917
v 0.69969058 0.157741368 0.60246098
v 0.31389457 0.693474233 -0.492308944
v 0.360610157 0.637939453 -0.502686381
v 0.350680411 0.611487329 -0.441857964
v -0.491066933 0.431062609 -0.11886102
v -0.0664196238 0.892776966 -0.440593779
v -0.403596342 0.663681507 0.625807047
v -0.825904429 0.195778027 -0.0987299532
v -0.794322729 0.201187551 -0.0334179476
v 0.813181639 0.25224036 0.244086578
v 0.0925047323 0.844362736 -0.428770006
v 0.110553898 0.685225785 0.285522968
v -0.682221949 0.310754538 -0.223470703
v 0.932186782 0.148360267 0.183193371
v -0.622293591 0.170903116 0.69546634
v -0.609702885 0.236074224 0.640778899
v -0.953054547 0.0436777323 0.01421047
v -0.934469461 0.0561849587 0.0529777929
v 0.588726223 0.24958615 -0.709877431
v 0.164113745 0.615026534 0.157239541
v -0.448361427 0.553691864 -0.568199277
v -0.540006638 0.396908969 -0.706274927
v -0.56523627 0.346685946 -0.679650486
v -0.564651251 0.353375733 0.25928545
v -0.574697196 0.341612816 0.307737708
v 0.84764421 0.0860280767 0.492907614
v -0.678460896 0.161492914 -0.631002545
v -0.654395998 0.155698553 -0.674537122
v 0.163267374 0.610823631 0.139691621
v 0.39141798 0.601863921 -0.514638305
v 0.339995563 0.641761541 0.456245571
v -0.478076398 0.440980762 -0.128591508
v -0.20779334 0.741026342 -0.418245107
v -0.589071572 0.330284148 0.258308977
v 0.79579705 0.0929878578 0.537911415
v -0.838927925 0.125957102 0.134248838
v -0.606806457 0.329708248 -0.53194195
v -0.652145088 0.286067456 -0.509164989
v -0.665685713 0.0609067976 0.70663178
v -0.604460061 0.290928811 0.480077744
v 0.525210917 0.435621589 0.532455623
v 0.0323880389 0.65265584 -0.196002781
v 0.00963796675 0.685907185 -0.262105703
v -0.275957584 0.730603576 0.479420185
v -0.404953122 0.572022855 0.495157599
v -0.433345139 0.538565874 0.509651423
v -0.816665769 0.146176159 0.129503325
v 0.569456697 0.277803123 -0.770647883
v -0.569456637 0.277803242 -0.770647943
v -0.32165584 0.675488114 -0.475071281
v -0.301199049 0.659717917 -0.421904564
v -0.937229812 0.12361791 -0.16599156
v 0.932371259 0.0590459742 -0.0466542058
v -0.209614083 0.767432868 0.444815278
v -0.702427387 0.109478988 -0.638692379
v -0.738283038 0.259972632 -0.410999835
v -0.681470394 0.268654048 -0.483138591
v 0.0587009713 0.677651763 -0.255893201
v 0.0485714749 0.736648917 -0.336295366
v 0.71499604 0.190400586 0.54753983
v 0.681301534 0.248874143 0.520056844
v -0.50127095 0.444179326 0.542965651
v -0.558476269 0.358861715 0.274681866
v -0.558618605 0.357129246 0.345049858
v -0.524218082 0.392973214 0.321538746
v -0.422096729 0.59446764 0.581847012
v -0.708865583 0.0936945751 0.604227602
v -0.768015683 0.268054068 -0.343166828
v -0.729437649 0.280094296 -0.360699445
v 0.425488412 0.593981862 0.576806545
v 0.37749368 0.63066107 0.513893962
v -0.667284191 0.0755569637 -0.707099497
v -0.553132236 0.402546912 -0.473666191
v -0.0105841039 0.774977326 -0.368010491
v -0.00895437784 0.731406391 -0.325147152
v 0.364954829 0.712533236 -0.595311761
v -0.581211567 0.332063705 0.35792169
v -0.602937698 0.304225862 0.397964686
v -0.666356325 0.085237667 0.686365187
v -0.591852903 0.317858487 0.389365554
v 0.789755404 0.19361116 -0.0138186393
v -0.0980311781 0.636372805 -0.172974229
v 0.862694442 0.0655113608 -0.315801889
v 0.728971422 0.207592592 0.509059906
v 0.718999624 0.284255356 0.177149877
v 0.791031718 0.253211141 0.2122906
v 0.73838079 0.226326361 0.472528517
v -0.606504142 0.302802742 0.373152077
v -0.629331172 0.286426663 0.305554748
v -0.594286025 0.319498003 0.336817086
v 0.891118884 0.196657851 0.194992915
v -0.789617658 0.0895025358 -0.547112703
v -0.768072248 0.0619941056 -0.591410816
v 0.800406158 0.263204217 0.293270737
v 0.342785507 0.615366518 0.414403707
v 0.735185385 0.0562471785 -0.610606968
v 0.492672652 0.482282013 -0.630074024
v -0.750790894 0.14136897 -0.5509938
v 0.827513576 0.0928981602 -0.3246755
v 0.831644833 0.0729156882 -0.380176872
v 0.747788787 0.267746985 0.176964879
v 0.816009223 0.241480201 0.209748104
v 0.772560894 0.247698978 0.150934517
v -0.696473598 0.301572293 -0.331983268
v -0.680214763 0.313538253 -0.288456708
v 0.30912298 0.623269618 -0.386927396
v 0.847781599 0.146058947 -0.00490959873
v -0.595701873 0.315538526 -0.613763034
v -0.611804187 0.318154186 -0.547603965
v -0.645209968 0.267758578 -0.562554359
v -0.785972238 0.250252694 -0.190025106
v -0.734539211 0.265356183 -0.123120524
v -0.87365514 0.119130142 0.0189458877
v 0.621930182 0.270147324 0.616944551
v -0.188952073 0.649879515 -0.274867147
v 0.896248519 0.12420474 0.0771470144
v -0.588462412 0.338134557 -0.58430779
v -0.581774056 0.327462971 -0.643907011
v -0.518518686 0.399554282 0.337528616
v -0.522301137 0.398692936 0.398452878
v -0.562761903 0.35212329 0.363753706
v 0.642705798 0.282692283 0.539495528
v 0.350484759 0.573894799 -0.364421964
v 0.352807999 0.601619601 -0.428433895
v 0.321989089 0.611372113 -0.387508273
v 0.692825675 0.28038612 0.432323009
v 0.66939944 0.108799465 -0.658577204
v -0.744407356 0.219773486 -0.475647628
v -0.692029297 0.263340712 -0.474768966
v -0.72592777 0.256958008 -0.434957236
v 0.359794378 0.573534012 0.353572339
v 0.244446725 0.57119 -0.105331317
v 0.265613854 0.572340667 -0.171444997
v 0.675296426 0.298155785 0.0800574198
v 0.642330408 0.317140073 0.0476296246
v -0.64770335 0.208011135 -0.63931191
v -0.808400929 0.183938429 -0.0107043236
v -0.869949937 0.149760649 -0.0752066225
v 0.824142396 0.158729464 -0.0390164666
v 0.659391284 0.103858627 0.701274872
v 0.658639371 0.137237653 0.681203246
v 0.839977741 0.122810528 -0.145503998
v 0.360753089 0.619979978 0.458984882
v 0.403686643 0.57124269 0.458956569
v 0.73493439 0.123075165 0.585306585
v 0.678279877 0.281758219 -0.0142503036
v -0.0356153287 0.73579973 0.332727671
v 0.826534748 0.105263561 -0.280055255
v 0.772659004 0.152027175 -0.284663081
v -0.892181754 0.168568745 -0.156679243
v -0.3380768 0.521189272 -0.0435179174
v -0.301587552 0.539951563 -0.0352940559
v -0.350939542 0.512686729 -0.0190457255
v -0.348699778 0.512920201 0.0146619063
v -0.317612499 0.53041333 -0.00365358475
v 0.303839982 0.685003579 0.460590303
v 0.313670456 0.661966443 0.443610966
v 0.389659435 0.489049375 -0.0827343762
v 0.398868114 0.482456833 -0.0400317088
v 0.611596227 0.221728176 -0.660207629
v 0.624734819 0.178945288 -0.679674149
v -0.661039591 0.209861413 -0.612091959
v -0.671160161 0.179182157 -0.62646544
v -0.64738518 0.196827486 -0.65136385
v 0.701354682 0.144592449 -0.534144282
v 0.731230676 0.113510236 -0.524223089
v -0.741181374 0.136401802 0.444691211
v -0.0145918485 0.713558733 -0.30332607
v 0.326215595 0.541230917 -0.19147788
v -0.672474623 0.110401183 0.651107371
v -0.64958328 0.164686441 0.632435203
v -0.638625681 0.142400578 0.685681641
v -0.6186198 0.209522754 0.655339539
v -0.873480141 -4.37184233e-10 0.482031912
v -0.898830175 -1.31155264e-09 0.434159398
v 0.873480141 -2.84770523e-11 -0.482031912
v 0.898830175 -8.54311552e-11 -0.434159428
v -0.603434443 0.261554629 0.608395875
v 0.30061084 0.557385266 -0.193227515
v 0.29490301 0.579804897 -0.262575209
v -0.349567056 0.51657176 -0.0671179071
v -0.293420941 0.544877529 -0.0485612005
v 0.102780379 0.777523816 -0.389821947
v 0.348896563 0.64738524 -0.493524671
v 0.542443216 0.374916077 -0.211228967
v -0.677131593 0.297685325 -0.0858914033
v -0.492100298 0.460757256 0.549821317
v -0.472617567 0.479054868 0.503140211
v -0.735178709 0.175577193 -0.53778106
v 0.0484369546 0.779384196 0.375596106
v 0.309607387 0.580753446 -0.294810563
v 0.585209072 0.350782424 -0.0308862906
v 0.845660329 0.232657298 0.218722552
v 0.80082196 0.242793366 0.190435246
v 0.676649988 0.173158184 0.622940361
v 0.689847589 0.18407163 0.59128648
v 0.523612261 0.423144758 -0.662936091
v 0.455241591 0.448919803 0.0415696837
v -0.509351492 0.445971489 -0.39836812
v -0.471496999 0.455323339 0.385369569
v -0.469387114 0.469384849 0.444881946
v -0.609835804 0.305148423 0.315463543
v -0.642397523 0.2718229 0.315872699
v -0.627153456 0.29279843 0.269645363
v -0.759753466 0.172392935 0.245725036
v 0.267698973 0.557883084 -0.0820552856
v 0.273518592 0.561953604 -0.13781406
v 0.912823617 0.0767731592 -0.0494492501
v 0.616671145 0.334290415 0.0357647277
v 0.579098344 0.361517578 0.035364002
v -0.679571092 0.306119323 -0.370370477
v -0.64491564 0.328758955 -0.37966907
v -0.421207488 0.546466291 0.488134384
v -0.390499264 0.577971697 0.468916535
v -0.414316386 0.534918904 0.437264979
v -0.818532646 0.250710517 -0.243742481
v -0.657899678 0.320595801 -0.371270716
v 0.660155237 0.124255247 -0.65952456
v 0.663993955 0.102847151 -0.67451483
v -0.689327657 0.0640861765 -0.686497033
v 0.648618221 0.218283907 0.625885248
v -0.451577455 0.520139694 0.532105565
v -0.463310033 0.491571277 0.499480397
v -0.476724327 0.484325409 0.544239163
v -0.439629525 0.51485467 0.470545948
v 0.715773761 0.294508904 0.283742398
v 0.72840786 0.286515266 0.318823248
v -0.797781944 0.138484478 0.245276168
v 0.734330475 0.284219623 0.247951359
v -0.256860971 0.643030763 -0.334457695
v -0.232349142 0.676798224 -0.362495989
v -0.921893239 0.0634086803 0.0802208781
v -0.899380803 0.0732531771 0.13825503
v -0.318577141 0.658616543 -0.446346492
v -0.347934395 0.609318137 -0.412913412
v -0.683437765 0.220015779 -0.559600532
v 0.602350712 0.351177245 0.463964939
v -0.481143415 0.447081596 -0.203195155
v -0.816375911 0.141152725 -0.489963263
v -0.422851592 0.49651745 0.337865472
v -0.466186762 0.458392292 0.368963271
v -0.427996755 0.502815545 0.384085536
v -0.259916246 0.629155397 -0.3112396
v 0.0334353335 0.789615333 -0.381870419
v -0.324487537 0.705451071 -0.516289115
v 0.536978841 0.379371941 -0.270186365
v -0.826082885 0.0767671913 0.383099943
v -0.234039187 0.827070475 -0.508037806
v 0.511743784 0.456683099 0.578769326
v -0.720913589 0.193393737 0.316390067
v -0.760858297 0.153250083 0.32433933
v 0.412271172 0.474385917 -0.0112971412
v 0.390473604 0.487876892 -0.055648312
v 0.518516362 0.444838971 0.53813988
v 0.493173838 0.48416689 0.568202376
v 0.440994084 0.457385361 0.0260235872
v 0.782252192 0.121995546 -0.365124047
v 0.638818145 0.327771515 0.412028253
v 0.631830812 0.337887645 0.383827507
v 0.747020543 0.118126906 -0.476004988
v -0.513344944 0.408115089 0.384191632
v -0.507881761 0.410811901 0.338233471
v -0.537887931 0.379591703 0.356115907
v -0.845251977 0.233356088 -0.402176112
v -0.701011777 0.0721385702 0.645070553
v -0.404793561 0.621354759 -0.565613091
v 0.596441746 0.36882937 0.332969874
v 0.624857903 0.345254719 0.365917414
v 0.792345226 0.0836943313 -0.449239999
v -0.885401785 0.118190095 -0.0226156022
v 0.749644876 0.179841772 0.516677916
v 0.741313279 0.147477791 0.556739867
v 0.710083425 0.18167834 0.56389159
v 0.48004657 0.458469123 -0.458203912
v -0.780423462 0.135645032 -0.524421692
v -0.766329765 0.105521336 -0.561704755
v -0.530482352 0.428385198 -0.506096661
v -0.510462642 0.450490475 -0.466532111
v -0.550370276 0.39222765 -0.613421679
v -0.745903373 0.120872274 0.472065866
v -0.746363282 1.66709202e-09 0.663109303
v -0.779670954 5.55697321e-10 0.6227988
v 0.779670954 -2.63792512e-11 0.6227988
v -0.779670954 -5.55697321e-10 -0.6227988
v -0.746363282 -1.66709202e-09 -0.663109303
v 0.746363282 7.91377519e-11 -0.663109303
v 0.779670954 2.63792512e-11 -0.6227988
v 0.746363282 -7.91377519e-11 0.663109303
v -0.785922647 0.0488206036 0.537696838
v 0.0408033766 0.729768038 0.32607007
v 0.24499622 0.577384651 -0.146262512
v -0.688554823 0.233598799 0.270654172
v -0.703278482 0.214933768 0.295178562
v 0.278469414 0.699621499 -0.450953305
v 0.589456379 0.3720873 0.390719175
v 0.578493178 0.313665956 -0.581385911
v -0.589266241 0.159999758 -0.789818764
v 0.547176659 0.369764149 -0.262414247
v 0.545298576 0.371294588 -0.3184596
v 0.730924964 0.280016124 0.355942637
v 0.729004681 0.271216124 0.393432349
v 0.606542885 0.210446417 0.724466741
v -0.720225334 0.120750636 0.535402656
v -0.753949106 0.0927069709 -0.585949898
v 0.700180352 0.090899162 0.655224502
v -0.252413124 0.702626765 -0.418350548
v -0.208434969 0.720986426 -0.397497565
v -0.226629987 0.761719525 -0.453339159
v -0.567990184 0.316001087 -0.729198873
v 0.619425297 0.333863676 0.049307052
v 0.845356226 0.0941017494 -0.259176761
v -0.171536013 0.666049421 -0.290654421
v -0.201172695 0.674272716 -0.328937739
v -0.357824951 0.514956653 -0.098029159
v 0.176786587 0.706242323 0.354686081
v 0.191058785 0.74789381 0.410847127
v -0.77594161 0.0720710158 0.51163286
v -0.738671303 0.106353015 0.521835387
v -0.653473914 0.139150485 0.65657407
v -0.667742193 0.14922832 0.609937847
v 0.783116579 0.135817751 -0.311910033
v 0.878121495 0.11126446 -0.036213994
v 0.879050314 0.0991990417 -0.0925695971
v 0.750887692 0.133281603 0.557574511
v 0.742848277 0.107562892 0.587928593
v 0.292169631 0.544310033 -0.0598615259
v 0.282087326 0.548072755 -0.0137731312
v -0.510886788 0.413711309 0.417573661
v -0.407144964 0.505970418 0.314374775
v 0.12635006 0.621003985 0.140193239
v 0.120962538 0.611158133 0.0844706818
v -0.4767147 0.494215876 -0.49379465
v -0.870401323 0.106730856 0.0929020494
v -0.701997697 0.146791086 -0.608968258
v -0.0633728132 0.646944582 -0.187360913
v -0.0761752948 0.661494195 -0.227067351
v 0.824726641 0.217294395 0.155324042
v 0.814866841 0.201591492 0.0909177512
v -0.623241007 0.257285327 -0.632881761
v -0.585842192 0.304889947 -0.673371792
v -0.414045006 0.491650343 0.274242342
v -0.504978001 0.47147271 -0.618192673
v -0.615398645 0.306974471 0.240095124
v -0.607356012 0.318517148 0.193141818
v -0.7510764 0.168616071 0.298863739
v -0.738168657 0.191313148 0.249278039
v -0.721657336 0.195875257 0.301739872
v 0.340169281 0.559378624 -0.300962955
v 0.310703188 0.570383787 -0.266820014
v 0.35063833 0.542596996 -0.272268116
v 0.325415462 0.548791468 -0.224969551
v 0.464559942 0.566812158 0.676735163
v -0.677950203 0.09358982 -0.682713032
v -0.724088371 0.0882523134 -0.626370311
v 0.639386773 0.317252517 0.0317588523
v -0.447658122 0.511099994 -0.419977903
v -0.443209231 0.545914114 -0.524436414
v -0.661566138 0.249546409 0.332484961
v 0.794427454 0.141727746 -0.244039983
v 0.817098379 0.116427563 -0.267644942
v 0.801220775 0.169741377 -0.0792270377
v 0.776510358 0.187017292 -0.0980574489
v -0.672001958 0.239038661 0.331593484
v 0.282496899 0.559546947 -0.152121723
v 0.304561526 0.541668177 -0.1093053
v 0.272104889 0.557296753 -0.0979016647
v 0.616348803 0.230825484 -0.624275982
v -0.749412 0.156295374 0.354479611
v -0.140031353 0.727351069 -0.35737738
v -0.161810562 0.774465024 -0.415369987
v 0.446693093 0.451421171 -0.0205754898
v 0.46001783 0.444528133 0.0231819209
v 0.329353273 0.525849938 -0.0855895057
v 0.142285496 0.649120271 0.234803587
v 0.149862304 0.626998365 0.183132902
v 0.47292003 0.5075472 -0.59270525
v 0.477487355 0.488929063 -0.563148975
v 0.45505026 0.52002269 -0.545969844
v -0.65239954 0.276836693 0.206529319
v -0.630492687 0.293374956 0.235458508
v -0.513373852 0.405900836 0.352095723
v -0.484825581 0.448124945 0.434968323
v 0.351776034 0.62210089 0.444649696
v 0.385579258 0.582257986 0.437091082
v 0.378919274 0.613087952 0.485896587
v 0.373565793 0.574387074 0.387979478
v 0.207869321 0.749515891 -0.429104835
v 0.250683397 0.565307856 -0.0767017603
v 0.255882323 0.560121536 -0.00925005693
v 0.347647756 0.52331394 -0.167193502
v 0.371734083 0.503066897 -0.125666037
v 0.337966263 0.522216499 -0.10374558
v 0.757403612 0.169450521 -0.269241452
v -0.582246244 0.294537961 0.637056887
v -0.575764775 0.296652287 0.680380166
v 0.674893856 0.123105161 -0.630808413
v 0.708058357 0.0883016586 -0.613103271
v 0.430370569 0.461812675 -0.0478871688
v 0.431996137 0.460887969 -0.09114746
v 0.758857191 0.228951931 0.0336375721
v 0.764598846 0.214500815 -0.0119369589
v -0.890204668 0.123813115 -0.0577848963
v 0.99819994 -4.2108439e-10 -0.025248168
v 0.99819994 4.2108439e-10 0.025248168
v 0.9945997 1.26325317e-09 0.0757445022
v 0.9945997 -1.26325317e-09 -0.0757445022
v -0.99819994 5.10238185e-10 -0.025248168
v -0.9945997 1.53071456e-09 -0.0757445022
v -0.9945997 -1.53071456e-09 0.0757445022
v -0.99819994 -5.10238185e-10 0.025248168
v 0.920719922 0.0750339031 -0.0170661937
v 0.935584486 0.0776692405 0.0722537711
v -0.651714981 0.120785303 -0.702476203
v -0.519101918 0.439093202 -0.437077075
v -0.559254825 0.398673177 -0.404658586
v 0.197636202 0.585980773 -0.069482632
v 0.233253419 0.572195351 -0.0693903565
v 0.2146191 0.589107573 -0.137152702
v -0.860349178 0.0964261144 0.18985872
v -0.830405056 0.11491634 0.223250166
v -0.326648533 0.528123856 -0.0534335226
v -0.296477169 0.55115217 -0.117181428
v -0.483105987 0.457853824 -0.30029723
v 0.629564464 0.331623346 0.092047587
v -0.541100383 0.384754986 -0.745056629
v -0.611690044 0.309121937 0.254600942
v -0.592773676 0.324712485 0.287504196
v -0.605286539 0.3187989 0.211570352
v -0.524099112 0.394442558 0.0660382956
v -0.514811218 0.403330863 0.0275754817
v -0.109408133 0.666037261 -0.251143813
v -0.149982572 0.665798664 -0.274580747
v -0.546381116 0.370636523 0.650852203
v -0.642995656 0.188561797 0.612733364
v -0.620111525 0.197660461 0.668519735
v 0.925865769 0.0519843809 -0.131293103
v 0.773578227 0.218970478 0.448953152
v 0.718495786 0.197421402 0.534805536
v 0.704348028 0.226740897 0.516587198
v 0.753763437 0.201344565 0.48889178
v 0.802398205 0.127654806 -0.274660975
v 0.470823169 0.501251817 -0.566114664
v -0.654615104 0.277228594 0.188089803
v -0.646796703 0.277814686 0.239086136
v -0.653253257 0.263056427 0.300808191
v -0.659086943 0.261808187 0.270769536
v -0.666062236 0.263432294 0.214174941
v 0.148184985 0.674084306 -0.293058872
v -0.575163364 0.345590264 0.216852456
v -0.595961154 0.32956779 0.180966407
v 0.107749373 0.615314364 0.0935098305
v 0.132364258 0.629116595 0.174313501
v -0.845091164 0.0675577 0.360473365
v 0.215706155 0.578487754 -0.0601743683
v -0.426116049 0.551903963 0.516035855
v -0.112785384 0.722042143 -0.338098735
v -0.129557133 0.778475523 -0.401248217
v -0.161445215 0.725946069 -0.368477643
v 0.14872022 0.670144916 0.281287134
v 0.142610997 0.697375417 0.320740014
v 0.867140472 0.123768918 -0.0250781216
v 0.881040573 0.103158243 -0.0630119368
v -0.566410363 0.352914512 0.229480281
v -0.134668857 0.823504388 -0.434333712
v -0.492689431 0.441206455 -0.224905148
v 0.403908789 0.553939164 0.412453294
v 0.516412318 0.455729544 -0.722113788
v 0.650689363 0.300332963 0.476365864
v 0.942830443 3.4729556e-11 -0.326102316
v 0.925885975 1.04188672e-10 -0.373063505
v -0.925885975 -7.5481088e-10 0.373063505
v -0.942830503 1.18302124e-09 0.326102316
v -0.0687609985 0.688823283 -0.275930792
v -0.0991484374 0.697559595 -0.299931377
v 0.11868304 0.717353582 -0.337650001
v -0.850072563 0.248075843 -0.259110242
v 0.734354973 0.0733696595 0.624441922
v -0.425103217 0.533600807 -0.41721499
v -0.39263761 0.558673501 -0.395328611
v -0.709273756 0.189682052 0.38075754
v 0.69660902 0.210842401 0.549972296
v 0.656885922 0.250747532 0.56477493
v -0.212619245 0.620300651 -0.231605664
v -0.177860171 0.629135787 -0.217090145
v 0.798026264 0.181299001 -0.0378428027
v 0.651860237 0.225962684 0.610143006
v 0.67644769 0.23144491 0.555626154
v 0.699603617 0.191641584 0.568183422
v -0.471355259 0.457136869 -0.226917118
v -0.439000666 0.478504658 -0.212596878
v -0.470065057 0.462362587 0.414984524
v -0.45941481 0.467864037 0.38064447
v -0.726576686 0.142950684 0.468974024
v -0.688964546 0.179199219 0.48879379
v -0.37926501 0.495420486 -0.00137398567
v -0.398751646 0.485551536 -0.0435470492
v -0.365448534 0.50706327 -0.0630112365
v -0.723864079 0.223440006 0.144162148
v -0.382089496 0.523732305 0.296716124
v -0.375186235 0.540018797 0.332886875
v -0.666715801 0.269622684 0.165392205
v -0.291198879 0.544433892 -0.0215193667
v -0.291035712 0.544255972 0.0442701988
v 0.501555264 0.41743964 -0.341244668
v -0.512440443 0.410489261 0.401997358
v -0.490526557 0.437072754 0.408415407
v -0.52366221 0.402064085 0.473618388
v 0.0465877689 0.692152977 -0.277301997
v 0.0102123972 0.732345998 -0.326372415
v 0.0371909924 0.758541822 -0.356311977
v -0.614331007 0.297390074 0.344440341
v -0.645791948 0.263352156 0.348726481
v 0.143292055 0.872172058 -0.463528454
v -0.503272474 0.446903169 0.57309103
v -0.48994559 0.489446193 0.633386314
v -0.51542908 0.433959693 0.624141157
v -0.457942486 0.47561264 0.409959376
v -0.436169684 0.509390712 0.43999967
v -0.0241507404 0.806550205 0.392349452
v -0.0458081104 0.760768771 0.359397918
v -0.00823718589 0.756389558 0.351392597
v -0.607094765 0.234256253 -0.701509058
v -0.50096339 0.42164737 0.378681391
v -0.249564141 0.711594701 0.430448323
v 0.621428251 0.327172905 0.483821601
v 0.602752149 0.354158461 0.44416222
v 0.633197069 0.328948766 0.42986539
v 0.780277908 0.23095122 0.105927236
v 0.799402595 0.206729069 0.0686562806
v -0.716472507 0.0942940116 0.58902967
v -0.686680913 0.127445534 0.599725068
v -0.520178318 0.441064805 -0.501497626
v -0.642421603 0.223763645 -0.632439375
v -0.399650127 0.587044537 -0.485030591
v -0.42397213 0.573184371 -0.526457787
v 0.337164372 0.656838655 -0.485340625
v 0.310329795 0.660016 -0.445819259
v 0.339820743 0.622696161 -0.439831078
v 0.816660881 0.153283581 0.481515795
v -0.918039024 0.0741030052 0.0362220109
v -0.640544057 0.239361256 -0.616865456
v -0.644075334 0.254740506 -0.58686769
v -0.616123259 0.281628698 -0.613735795
v 0.643545806 0.195563927 -0.597600996
v -0.129646465 0.696681321 0.315701663
v -0.0939505622 0.708433986 0.314811438
v 0.593530476 0.279648572 0.686236858
v 0.588146329 0.324077427 0.624056697
v 0.319049895 0.628648341 -0.412883312
v 0.285699457 0.63455075 -0.370172828
v -0.464903772 0.531819046 -0.581261873
v -0.444035262 0.484982759 -0.27533865
v -0.692808747 0.306448072 -0.266430378
v -0.713966966 0.293180853 -0.324392319
v -0.384855539 0.590990782 -0.455473244
v -0.366303653 0.638397634 -0.502106071
v -0.801162899 0.0730111077 0.45526886
v -0.793331444 0.0655096546 0.489917725
v -0.609532058 0.359451562 -0.314187467
v 0.318792671 0.622541428 0.385442436
v -0.642673492 0.294280052 0.133291945
v -0.471273929 0.446063131 0.319437444
v -0.46587792 0.449247628 0.302868843
v -0.594347775 0.370553583 -0.334019601
v -0.5396083 0.414542198 -0.334676087
v -0.679523051 0.200896904 0.457317919
v -0.669700682 0.220593527 0.428443581
v -0.524268568 0.391881585 0.287896067
v -0.702004015 0.280419707 -0.0858012661
v -0.756879747 0.256202996 -0.146434963
v -0.712466657 0.280659586 -0.128848135
v -0.283891499 0.5606969 -0.136090249
v 0.102085553 0.661654413 -0.241988093
v -0.282831699 0.727543056 -0.481360048
v -0.705719829 0.215141758 0.282153785
v -0.696104228 0.229440421 0.253518701
v -0.735441387 0.19643496 0.235895261
v -0.710908413 0.223980322 0.207008362
v -0.628858328 0.303606361 0.154720768
v -0.903699279 0.131413177 -0.112585515
v -0.879823089 0.137228668 -0.0666623563
v -0.741354764 0.2805112 -0.241839662
v -0.373259693 0.61434108 -0.475775808
v 0.593267262 0.352086127 0.0433868431
v 0.54776901 0.384010017 0.03477538
v 0.504378021 0.409882843 -0.265553772
v 0.465397328 0.444737196 -0.259275705
v -0.608805537 0.204286292 0.696478724
v 0.77662003 0.254382938 0.187626585
v 0.725515425 0.278099626 0.162922472
v -0.457713068 0.512428761 -0.471713662
v -0.472307414 0.491731375 -0.45325017
v -0.657836139 0.0741406083 0.708139837
v -0.586990774 0.28228265 0.644535303
v -0.569472551 0.313504189 0.675582945
v -0.565184236 0.332407564 0.623651028
v -0.257064909 0.581402957 0.191426441
v -0.559702277 0.398526222 -0.376499087
v -0.267669886 0.574878514 -0.166464061
v -0.741631866 0.24165526 -0.445019722
v -0.766873121 0.254250169 -0.392416239
v -0.766727149 0.224494666 -0.447219282
v -0.542126656 0.411569208 -0.552025914
v -0.576877654 0.362366974 -0.556712806
v -0.619469166 0.162040219 0.711719155
v 0.592816055 0.350831538 0.517218351
v 0.587256253 0.3638964 0.482673526
v 0.795152009 0.175652415 0.479519308
v 0.75581795 0.156109408 0.532471418
v -0.15742673 0.737157881 0.380119622
v -0.197293907 0.724522114 0.395365447
v -0.72365725 0.217994779 0.176360801
v 0.49568969 0.470635325 0.492286742
v 0.521075726 0.437176824 0.440908223
v 0.646239042 0.248380616 0.591281414
v 0.610693336 0.252173275 0.672238052
v 0.626456857 0.177226171 0.708007932
v 0.639818728 0.203712627 0.659217656
v 0.35536176 0.509312809 -0.0516454242
v 0.719896197 0.122701131 -0.532443762
v 0.740545154 0.0987946838 -0.532493412
v 0.476942927 0.441729486 0.128176719
v 0.466328353 0.445417941 0.0914211273
v 0.370236695 0.500199378 -0.0378365368
v 0.350399792 0.512808919 -0.0707710087
v 0.488912165 0.453487277 0.302619576
v 0.494560748 0.452885896 0.336473495
v -0.319574505 0.529955804 0.061197076
v -0.317519724 0.53310287 0.093027018
v 0.359409481 0.556711972 0.303302109
v 0.754563034 0.0990656614 -0.501290202
v 0.722463131 0.13980484 -0.488355458
v 0.759772658 0.0501773395 -0.579942048
v -0.318884283 0.531166852 0.0772355869
v -0.285259277 0.54655844 0.00776123116
v -0.5099563 0.407930374 0.00841342472
v -0.47984162 0.427337646 0.0553281941
v -0.726271212 0.256756395 -0.0501142703
v -0.696329594 0.271885157 -0.0104948673
v 0.688442469 0.29920727 0.37596935
v 0.547460794 0.39952442 0.595761716
v 0.559808254 0.367475569 0.649850845
v -0.734149992 0.237134144 0.0203903038
v -0.698041737 0.261003822 0.0476880148
v -0.66950804 0.317231685 -0.335287839
v -0.628399968 0.346323907 -0.297402889
v -0.659653902 0.326058924 -0.271761179
v 0.0982699022 0.746753752 0.359295428
v -0.777624726 0.267379344 -0.329499751
v -0.747251868 0.277899921 -0.327134758
v -0.722777069 0.286649644 -0.342399448
v -0.70195657 0.301280022 -0.2935431
v 0.411164761 0.525873125 0.340894252
v 0.339406699 0.523394346 -0.125638351
v -0.699874282 0.291996777 -0.378390878
v 0.822402835 0.206781894 0.122489519
v 0.783373535 0.233486429 0.123076163
v 0.850369394 0.218798682 0.193274364
v 0.469207138 0.481367022 0.377058804
v -0.711083531 0.165744126 0.453805178
v -0.690903664 0.187671825 0.457259506
v -0.718864322 0.17097038 0.411584824
v 0.397341609 0.484066695 -0.00429467112
v 0.386228204 0.49349618 0.0469391569
v 0.368830919 0.501665533 0.0050231819
v -0.455607325 0.497540981 -0.394467354
v -0.455498695 0.487146169 -0.340029031
v 0.342651874 0.531404138 -0.196386576
v 0.345190287 0.565357327 -0.330162793
v 0.332110971 0.560817242 -0.286066055
v -0.181527495 0.778711259 0.432076067
v 0.0843801126 0.638179421 -0.174729496
v -0.509680033 0.428699732 0.530522108
v -0.508823872 0.41927889 0.446140021
v -0.476997316 0.467180938 0.48053059
v -0.525011122 0.401554644 0.491960943
v -0.923558235 0.0536892638 0.132948086
v -0.549372017 0.366969794 0.419092983
v -0.36212644 0.506278217 0.0813668147
v -0.270133972 0.55526197 -0.0378954224
v -0.279722482 0.55598712 -0.0920818597
v -0.356351316 0.597301841 0.426977009
v -0.339312613 0.646115363 0.473993391
v -0.497357398 0.442392349 0.500311315
v -0.536004603 0.38625288 0.502189517
v 0.728246987 0.257124662 0.430178046
v 0.164004445 0.864194989 0.470384657
v 0.552247226 0.382285774 0.051719673
v 0.531559229 0.400568962 0.0932383835
v 0.577518106 0.369875014 0.109890305
v 0.481674612 0.47029677 0.380805552
v -0.0411445387 0.631445527 -0.128560767
v -0.0299980491 0.62623328 -0.101077557
v 0.737839997 0.163166821 -0.370977581
v 0.747568607 0.164778948 -0.328686953
v -0.894105971 0.0588482991 0.235844463
v -0.682153046 0.206754863 0.426824361
v -0.674880445 0.224835619 0.386591315
v 0.0149146924 0.828833222 0.405213565
v -0.707628667 0.279824048 -0.405801564
v 0.500809729 0.426668048 0.142834932
v 0.0722073019 0.891680241 -0.442028046
v 0.310248107 0.542824984 -0.143673897
v 0.28115049 0.56504035 -0.176745832
v 0.330819577 0.533463359 -0.162891135
v -0.683092952 0.29289943 -0.416432351
v -0.768977046 0.259593934 -0.375747889
v 0.474122792 0.467933565 0.319418401
v 0.54808408 0.367397368 -0.605578423
v -0.232527107 0.678399324 0.371590346
v 0.810071647 -7.62170216e-10 -0.582938612
v -0.810071647 1.10047504e-09 -0.582938612
v -0.810071647 -1.10047504e-09 0.582938612
v 0.810071647 7.62170216e-10 0.582938612
v -0.255312949 0.562201798 -0.0422882736
v -0.23715806 0.573188007 -0.0770094916
v -0.227276742 0.572825968 -0.0236174967
v -0.00738756638 0.803791404 0.389587194
v -0.0269905925 0.758561134 0.354816467
v -0.677413404 0.195608065 -0.599219084
v -0.710943162 0.162101731 -0.582608342
v -0.707552016 0.19658339 -0.551217139
v 0.0353059545 0.712449729 -0.304538101
v 0.0420535207 0.664228618 -0.225212768
v 0.494851261 0.461607486 0.411660343
v -0.316646934 0.552481651 -0.183537453
v -0.29745692 0.553038418 -0.131992653
v -0.0033586917 0.678341925 0.247775525
v 0.0304850452 0.722258806 0.315806657
v -0.73652941 0.219338566 0.106339492
v -0.701269329 0.239797458 0.163684234
v -0.678274214 0.260599673 0.158254251
v 0.138028935 0.775505245 0.402210951
v 0.0833165944 0.767956734 0.374006122
v -0.360537767 0.506100237 0.0404263176
v -0.34978348 0.512709796 -0.0021569659
v 0.68555516 0.0791729093 -0.661935031
v 0.69124949 0.0536641479 -0.678096473
v -0.599166036 0.328265041 0.162810624
v -0.446107417 0.532915771 -0.495459288
v -0.406001419 0.573392749 -0.471327096
v -0.437708527 0.5282498 -0.445204735
v -0.261195958 0.567619681 -0.11267411
v 0.587091804 0.266122282 -0.686034679
v 0.333827883 0.584919095 0.328858644
v 0.359006822 0.56167388 0.31786114
v -0.502090037 0.41394785 0.299716502
v -0.511993051 0.402542144 0.254517227
v -0.537500262 0.379023015 0.258204788
v -0.498167485 0.457629353 -0.405644804
v -0.467807412 0.478581935 -0.352578163
v 0.663766861 0.153696597 -0.612753451
v 0.537889302 0.388423473 -0.64065975
v 0.552579761 0.357162714 -0.637935102
v 0.377030164 0.573059797 -0.425219446
v 0.385769576 0.581902802 -0.464806408
v -0.777289867 0.194619507 0.0572391041
v 0.411644667 0.479004204 0.0642475337
v 0.425371408 0.466319412 -0.000522200018
v -0.159739122 0.778197467 0.417584538
v -0.47758916 0.443330973 0.348518223
v 0.865189373 0.213577479 0.198104993
v 0.844276667 0.183638707 0.10533917
v -0.239256203 0.618537426 0.272624493
v -0.205205411 0.656359255 0.309567481
v 0.44166556 0.477708578 0.219576046
v 0.416344106 0.503833294 0.263513952
v 0.241295397 0.605705559 -0.243512973
v 0.474168509 0.441022187 0.101399541
v -0.880606234 0.0476412214 0.327842027
v -0.914025545 0.0389576517 0.254322678
v 0.206285253 0.685700536 0.350643724
v 0.623302937 0.32974577 0.466421098
v -0.678578675 0.250716507 0.222914219
v -0.691060305 0.250549346 0.151522696
v 0.907128215 0.0871350169 -0.0219292827
v 0.899847686 0.106115431 0.0306619629
v 0.363135248 0.521221161 -0.218207851
v 0.407732844 0.485028505 -0.196260944
v -0.789078355 0.133805662 0.298296064
v 0.442638367 0.53620398 0.491590023
v 0.58520031 0.334014684 -0.256782025
v -0.762202978 0.226098791 -0.032540407
v -0.743134201 0.243475378 -0.0462741479
v -0.787329674 0.219423831 -0.081790179
v 0.248027653 0.754618049 -0.470481813
v -0.252472579 0.681274831 -0.390674412
v -0.201362014 0.691991985 -0.355288088
v -0.247851849 0.65310353 -0.341562033
v -0.201534972 0.656877577 -0.299886495
v 0.442887187 0.472564608 0.189968258
v 0.451206595 0.462556571 0.157295316
v 0.182353407 0.618296027 0.189810097
v -0.35741818 0.508199692 0.0555536821
v -0.335470259 0.521517515 0.0700415447
v 0.45798406 0.453252643 0.11448738
v 0.425758213 0.472435027 0.092469126
v 0.449380249 0.458085299 0.104886673
v -0.295381963 0.597182631 -0.290033877
v 0.128887579 0.727306604 0.351262748
v 0.312779665 0.606634915 0.341687202
v 0.539789677 0.387262821 0.00362882041
v -0.294084549 0.5601632 -0.160786659
v -0.310587019 0.563940823 -0.216327742
v 0.600457966 0.341003805 -0.0131337894
v 0.65907979 0.301508099 0.0220469274
v 0.556440115 0.362860352 -0.202124327
v 0.597353697 0.327770948 -0.187781334
v -0.245356083 0.575064123 -0.115139164
v 0.558993936 0.337812662 -0.684243977
v -0.229497924 0.7391873 0.438118517
v 0.490494877 0.449941278 0.28413257
v -0.283433795 0.578627169 0.235112652
v -0.446000904 0.462850422 -0.129333228
v -0.483431429 0.438763559 -0.14301385
v 0.547959208 0.368818641 -0.28022179
v 0.584326506 0.333779514 -0.27436474
v 0.360137761 0.513625741 -0.155154511
v -0.756239235 0.178546429 0.231317014
v -0.761270285 0.18514432 0.17552568
v -0.642503738 0.283987761 0.221256033
v -0.636921465 0.295292884 0.167061716
v 0.552233458 0.404993892 0.37499842
v 0.562181115 0.395799696 0.410253793
v 0.4927001 0.424411654 0.0553304814
v 0.516807675 0.405602902 0.0294189863
v -0.509326816 0.47247684 0.716532469
v -0.639342129 0.159595639 -0.696926594
v 0.660452127 0.325390428 0.29399696
v 0.699819863 0.302292764 0.251378596
v -0.102509663 0.67514056 0.267622679
v -0.0682648569 0.704671144 0.300904751
v 0.567785442 0.352349997 -0.213816926
v 0.0745825171 0.7328403 0.337236166
v 0.0980788469 0.632494926 0.159971207
v 0.135360911 0.639307857 0.205977976
v -0.310056329 0.543001652 -0.109887809
v -0.347267866 0.526667655 -0.140408084
v -0.324792624 0.531823397 -0.0841542929
v -0.885287225 0.103612281 0.0410221517
v 0.506958723 0.420773268 0.126172334
v -0.188992798 0.600171566 -0.130782321
v -0.183599845 0.594802022 -0.0910889432
v -0.492972732 0.422996193 -0.0388855338
v -0.450074852 0.449878484 0.00234000385
v -0.393232077 0.486688942 0.0792752579
v -0.42088604 0.468193978 0.069857344
v -0.561045349 0.387806296 -0.5334059
v -0.594033539 0.335427046 -0.567179024
v -0.181982756 0.803836524 -0.450173676
v 0.595154047 0.328413457 -0.204527676
v 0.578076422 0.342371702 -0.227067262
v 0.377107501 0.503198743 -0.16299516
v 0.356673777 0.531056583 -0.243629754
v -0.790044844 0.238207534 -0.408726543
v -0.65154314 0.189020529 0.585192263
v 0.595190346 0.319878101 -0.318913609
v -0.292399257 0.701095462 0.470424503
v -0.318648577 0.684857368 0.489792138
v -0.468689919 0.47291258 -0.322207183
v -0.460615724 0.475488603 -0.296698511
v -0.537804365 0.417953193 -0.374228835
v -0.536916494 0.415659666 -0.31564486
v -0.636443019 0.340358168 -0.24500677
v 0.851065516 0.125804946 -0.0826176926
v 0.874218285 0.111202992 -0.0535916798
v -0.723361075 0.240368783 0.049527932
v -0.6987077 0.25502491 0.0815980136
v 0.496033311 0.489183128 0.628237009
v 0.5074175 0.43406564 0.259483486
v -0.241997182 0.637892365 0.316664428
v 0.721486986 0.271005899 0.107584424
v 0.738888264 0.25265488 0.0752083361
v 0.300309479 0.539188385 -0.0318620354
v 0.342689842 0.516551256 -0.00813757256
v 0.280025423 0.551050305 -0.0711080059
v 0.0781451687 0.630270362 -0.144043505
v 0.090985693 0.616693914 -0.0881414562
v -0.559278786 0.396909505 -0.294038713
v -0.585913301 0.376937002 -0.302826166
v -0.469924867 0.456080228 -0.21058625
v -0.470205963 0.466616333 -0.28882727
v 0.566891491 0.360949129 -0.0783820152
v 0.501007438 0.422134876 0.0964202955
v -0.286338478 0.682550251 0.440662146
v -0.319774896 0.62991631 0.415805459
v 0.156647652 0.603928328 0.0956150666
v -0.728830755 0.191595137 -0.528481662
v 0.629502773 0.234603778 -0.559071422
v 0.628851831 0.236096919 0.647034883
v 0.616562903 0.263694584 0.641289473
v -0.167382687 0.723917603 0.372732282
v -0.232573032 0.572604954 0.0704719126
v -0.266269922 0.564874768 0.133190483
v -0.35950613 0.616796732 0.468102634
v -0.30768621 0.665652037 0.449210882
v -0.086422652 0.743963003 0.353431433
v -0.144539863 0.740558386 0.376036763
v 0.316327035 0.641840518 0.415920973
v -0.64626503 0.242437989 0.453418434
v -0.6161291 0.285643846 0.420379192
v 0.882992983 0.139419273 0.0814066455
v 0.872474074 0.145724162 0.0707266629
v 0.573016465 0.343482941 -0.301590443
v 0.489564478 0.438059241 0.176682502
v 0.463059992 0.457360804 0.181869611
v -0.421190232 0.46810919 0.0369082205
v -0.369362324 0.532396674 0.289178997
v -0.371836603 0.517894268 0.233669639
v 0.539171815 0.380414069 -0.464247078
v -0.623483419 0.320676982 0.0392196998
v -0.58657968 0.344617546 0.0898795351
v -0.2318113 0.613268673 -0.236953869
v 0.478277385 0.480203062 0.423164129
v 0.38752687 0.636519015 -0.556476414
v 0.574668407 0.339558601 -0.349615395
v 0.483339548 0.472907096 0.40948689
v 0.467462629 0.480078578 0.359845549
v 0.497714609 0.453914702 0.368929565
v 0.681643248 0.0950663909 -0.651719987
v 0.716601133 0.0565246642 -0.638879776
v -0.656641662 0.291805804 0.0627679303
v -0.684787691 0.270522684 0.0546161383
v -0.501181006 0.429513901 -0.173504189
v 0.402600974 0.546716988 0.386615872
v 0.260643482 0.658959627 0.365999013
v 0.251984268 0.643116474 0.328023523
v 0.30144003 0.617960453 0.347469866
v 0.658814669 0.0881243497 0.710929871
v -0.263026536 0.559333146 0.0726425499
v -0.762797773 0.0814451426 0.519634068
v -0.750421762 0.0710754842 0.562537253
v -0.549129546 0.376496583 0.0506453812
v -0.540794671 0.386037499 0.00290401443
v 0.871276975 0.136917427 0.0403267406
v 0.472912192 0.460202664 0.257956386
v 0.501985371 0.43461591 0.226493105
v -0.280101538 0.687806904 -0.432329506
v -0.0469871126 0.640698373 -0.16380094
v -0.0451124683 0.664445519 -0.224368662
v -0.319102108 0.637321889 -0.413307488
v -0.344428986 0.646857798 -0.472433895
v -0.356813043 0.61572808 -0.442919344
v -0.554311931 0.40331313 -0.388669431
v -0.519621551 0.436647207 -0.406722307
v -0.244709671 0.565720797 0.0431407392
v -0.275295585 0.551725268 0.0371476635
v 0.861760199 0.188139647 0.146612063
v 0.593196034 0.320586115 -0.336642772
v 0.555692255 0.382424712 0.080215849
v 0.375472486 0.553817689 -0.374767452
v 0.355207175 0.586327851 -0.403393298
v 0.665908575 1.46921572e-11 -0.743449628
v 0.665908575 -1.46921572e-11 0.743449628
v 0.699808657 -4.40764716e-11 0.711989999
v 0.699808657 4.40764716e-11 -0.711989999
v 0.705547214 0.0595331825 -0.651922822
v -0.665908575 4.06400691e-10 0.743449628
v -0.665908575 -4.06400691e-10 -0.743449628
v -0.699808598 4.06728651e-10 0.711989999
v -0.699808598 -4.06728651e-10 -0.711989999
v 0.618481755 0.28063035 -0.433242798
v -0.382008225 0.495405048 -0.0364387818
v -0.393792421 0.486213505 0.00726060336
v -0.292851031 0.593314052 -0.275517583
v -0.682142913 0.277880013 0.0199689958
v 0.516771317 0.434683084 0.345860094
v -0.531974554 0.38421607 0.205797449
v -0.517811418 0.397639036 0.270880669
v -0.58037287 0.342646688 0.187309057
v -0.581023097 0.3464486 0.123474985
v -0.778803468 0.174237505 0.153081745
v -0.793456316 0.171393305 0.103758931
v 0.490893304 0.471508831 0.456368893
v 0.513189077 0.443037778 0.408289969
v -0.715164363 0.23829025 0.100583889
v -0.736019671 0.229919016 0.0506632328
v -0.61596489 0.334954053 -0.475352705
v 0.850058734 0.247633159 0.379065394
v 0.642305493 0.327969491 0.39555648
v 0.662005544 0.307852566 0.418250322
v 0.526935041 0.425317883 0.336916208
v 0.557218671 0.397935748 0.282729864
v -0.010076954 0.752045751 -0.347260624
v -0.635695875 0.306542993 0.078511104
v 0.37913993 0.519654989 0.211253703
v 0.54376924 0.374236733 -0.190742239
v 0.558124781 0.362133592 -0.183368638
v 0.511605382 0.429025412 0.241287559
v 0.501115739 0.445414335 0.319141656
v 0.881271422 0.0881909579 -0.140988976
v 0.855560958 0.101300053 -0.185905784
v -0.223674089 0.573444605 0.00513899326
v -0.205257341 0.583554566 0.0726628453
v 0.357028753 0.574476063 -0.381010741
v 0.365166962 0.587845385 -0.428257883
v 0.156948298 0.737804651 -0.381261349
v -0.162070528 0.605896235 -0.116120555
v 0.291884512 0.71054846 0.474784493
v -0.344105333 0.596150637 0.399570733
v -0.566603601 0.339004189 0.537150383
v -0.34488377 0.518514216 0.108830675
v -0.353250325 0.521061003 0.176090151
v 0.528861046 0.387100875 -0.179116249
v 0.514064312 0.399875551 -0.13454172
v -0.522291124 0.421401262 -0.244949907
v -0.533791482 0.417188734 -0.300599158
v -0.4932459 0.445962876 -0.269266248
v 0.0604134537 0.618292034 -0.067822814
v 0.0685521513 0.613849699 -0.019519534
v -0.00828708522 0.693114638 -0.273492336
v -0.0127190864 0.658041716 -0.206231073
v 0.0198920984 0.656555295 -0.203868404
v -0.372630745 0.522396445 -0.203771338
v -0.347777098 0.530776262 -0.165867314
v 0.463321 0.455486268 0.167982921
v 0.446494162 0.461848497 0.122888133
v -0.650545716 0.234186009 0.465030968
v 0.90582037 0.0667691827 -0.144032195
v 0.900581539 0.083598502 -0.0737346485
v -0.0900125802 0.88830626 0.445373893
v 0.28720963 0.579595625 -0.246461168
v 0.237346888 0.601990759 -0.226641297
v 0.562754452 0.352418065 -0.349415839
v -0.705549121 0.105697125 0.5932796
v -0.661247432 0.164395109 0.602067828
v 0.608793974 0.348093361 0.110344462
v 0.621855259 0.335312068 0.0771052912
v 0.453696668 0.498431534 0.388926268
v 0.426322997 0.533982873 0.422268271
v -0.543791413 0.375798166 0.142202094
v -0.203863293 0.587162197 -0.0864208713
v -0.252407402 0.577234089 -0.143773794
v -0.23575525 0.577472448 -0.104784071
v -0.637736559 0.257656634 0.431658894
v -0.621782899 0.283466637 0.389991581
v -0.634349823 0.27483207 0.353572071
v -0.667675257 0.273308843 0.13239795
v -0.675524533 0.281386673 0.0306812879
v 0.769239366 0.0581956282 -0.550681829
v -0.80400753 0.198784217 -0.452558607
v 0.322954535 0.595966578 0.335250407
v -0.250034481 0.686579525 0.401542246
v -0.27620706 0.662705362 0.400889486
v -0.257802427 0.653516829 0.363453388
v -0.301104784 0.544416547 0.115890361
v 0.560985327 0.387741774 0.179207727
v 0.573507965 0.381663918 0.213638663
v -0.22839953 0.594596803 -0.172709078
v -0.254918844 0.589402437 -0.198667943
v -0.258627862 0.605008841 -0.252375692
v -0.604754031 0.35579583 -0.42013523
v 0.0179777425 0.824245572 -0.403082252
v -0.612272441 0.326362073 0.0673849061
v -0.611557722 0.319723696 0.14043887
v -0.62291646 0.313020051 0.113203809
v 0.903872728 0.121837698 0.0925131887
v 0.918524504 0.0983700156 0.0732667372
v 0.90314126 0.10758312 0.04828839
v 0.254125595 0.581019104 -0.183323026
v 0.563208461 0.383553654 0.149460316
v 0.5894261 0.363755047 0.132731959
v 0.537067473 0.398240834 0.110028327
v -0.187216923 0.586758852 0.0234888792
v -0.225876391 0.575221896 -0.0531507805
v 0.418107629 0.496286958 0.230258584
v 0.43762517 0.472504705 0.162837788
v -0.52782923 0.399510622 -0.0505410098
v -0.525677681 0.39862141 -0.0195226334
v -0.301565588 0.549513519 0.15431115
v -0.283778638 0.563188672 0.174828485
v -0.287387371 0.550441325 0.105367623
v -0.118853509 0.699231088 -0.311061293
v -0.153577924 0.682069421 -0.304756165
v 0.644821823 0.288241118 -0.168551743
v 0.50996381 0.42179656 0.158388868
v 0.546537101 0.397710592 0.17673707
v -0.33756727 0.530058026 0.168478206
v 0.94874084 0.0995370448 0.161111906
v -0.617717505 0.352375865 -0.344569236
v -0.646940708 0.333170176 -0.235508725
v 0.494485319 0.475463241 0.518450201
v 0.534012079 0.424209982 0.506607354
v 0.516088724 0.444970489 0.478615463
v 0.815404534 0.1889209 0.455485404
v 0.582866013 0.372769564 0.451845944
v 0.55402118 0.403271466 0.428481758
v 0.605956614 0.301388919 -0.390316129
v 0.621646583 0.279607952 -0.415809661
v 0.615431607 0.296636105 -0.340522856
v -0.76930505 0.155797273 0.28136757
v 0.114896588 0.63102299 0.16658017
v 0.0882968232 0.653591454 0.213931441
v 0.0699736923 0.636799276 0.159032196
v -0.630291343 0.247901484 0.513641059
v 0.00600681733 0.624467492 -0.0872277766
v 0.147701979 0.602435589 -0.076346226
v 0.119049281 0.614959717 -0.111291282
v -0.0102739781 0.639527619 -0.153864548
v 0.697926998 0.139916301 -0.552238286
v 0.625470519 0.324664056 0.00858379435
v 0.617427528 0.323136449 -0.0593864694
v 0.587386847 0.346521586 -0.0596661679
v -0.778829336 0.206386745 -0.00320641557
v -0.803141475 0.201697201 -0.0612009689
v 0.637155294 0.16235584 -0.666897118
v 0.637243092 0.18734841 -0.631877899
v -0.562987745 0.359268486 0.156909302
v -0.557222545 0.366344631 0.11301259
v 0.604399025 0.331331521 0.536778927
v 0.371728957 0.51265204 0.143877566
v 0.375880241 0.518456995 0.194041476
v -0.324263304 0.56247884 -0.241622746
v -0.872354209 0.176333815 -0.140132636
v 0.365367562 0.509941876 0.0926053673
v 0.418921709 0.478295535 0.106926635
v 0.417267174 0.470898122 -0.086977005
v 0.383377463 0.493714839 -0.0975620821
v 0.406905323 0.480656236 -0.143058896
v -0.359596968 0.528308809 -0.191415921
v -0.36166802 0.534632623 -0.227523088
v 0.720149279 0.165679038 0.566485107
v 0.498005599 0.421962678 0.0705065876
v 0.488232464 0.425536692 0.0283666924
v 0.467586666 0.441655189 0.0558762327
v 0.647344112 0.228443563 -0.499769479
v 0.639590383 0.242119566 -0.487929761
v 0.668425262 0.219712198 -0.437545389
v 0.416867107 0.475833505 -0.172630608
v 0.731661737 0.238275841 -0.0247572567
v -0.84405309 0.260261774 -0.31738326
v -0.182540536 0.589944363 -0.0446843468
v 0.454641789 0.486745834 0.333219141
v -0.796999097 0.185618073 0.0223762896
v -0.753633499 0.21211575 0.0682255551
v -0.759559214 0.216802403 0.020519251
v -0.922281206 0.0758377165 0.00266193156
v 0.0547283962 0.708925068 -0.303737402
v 0.0664870963 0.750972211 -0.355150998
v 0.103393257 0.71385318 -0.326542497
v 0.662577748 0.23422116 -0.40538311
v 0.646378934 0.255451411 -0.390842587
v -0.491776824 0.419780582 0.0297446027
v -0.436490893 0.458018541 0.0314011052
v 0.24495241 0.632550001 0.298604101
v 0.252872825 0.60956651 0.255366743
v 0.554412663 0.400102526 0.489411324
v 0.53505373 0.421685845 0.407355398
v 0.576928258 0.383485466 0.378455371
v 0.713415384 0.29256025 0.220019579
v 0.704977274 0.292675585 0.177347288
v 0.764549732 0.265663713 0.21390751
v 0.328572154 0.584897757 -0.343781561
v 0.2992284 0.595565557 -0.312974036
v 0.607384324 0.293554664 -0.438102186
v 0.590844929 0.316850364 -0.411628246
v 0.789060235 0.175122574 -0.103959806
v 0.776666105 0.181915104 -0.123362392
v 0.762943089 0.197993875 -0.100876451
v 0.941846728 0.0771190748 0.098837547
v -0.559347153 0.352514952 0.491805077
v -0.553455174 0.361605614 0.449872077
v 0.124123417 0.632184088 -0.183610901
v 0.106120557 0.620319963 -0.124249123
v -0.436502963 0.458574593 0.0122884242
v -0.421348184 0.469685972 -0.0158641022
v -0.362071812 0.530314386 0.25743109
v -0.357683331 0.523493767 0.209210515
v 0.427595347 0.524277329 -0.452820778
v 0.433697969 0.540382445 -0.515336037
v -0.770174801 0.161316976 -0.51340878
v -0.744561136 0.210311845 -0.488003492
v 0.784830689 0.173411831 -0.130801752
v 0.813532352 0.157690704 -0.0863156542
v -0.155309215 0.718918502 0.359300077
v -0.191441715 0.679081976 0.333208889
v 0.601895988 0.308947563 -0.361808628
v 0.639827609 0.273694366 -0.321136653
v 0.643326402 0.263654232 -0.363336623
v 0.578328431 0.300755531 0.709324241
v 0.681394458 0.218508378 -0.383312702
v 0.684167445 0.225126028 -0.33915177
v 0.58836484 0.31824556 -0.429925948
v 0.19446902 0.646681309 0.273190022
v 0.179428354 0.629508078 0.218550026
v 0.0776258633 0.621360004 0.0991966501
v 0.0578475408 0.616270065 0.0399247222
v -0.546205521 0.400526017 -0.206195205
v -0.54219532 0.400170237 -0.169929087
v 0.419296533 0.481568933 0.137706801
v 0.382928044 0.509701431 0.169886708
v 0.104547396 0.608590662 0.0233482327
v 0.116140351 0.60663271 -0.0362071618
v 0.449073344 0.559707463 0.586544573
v -0.176882058 0.592977881 -0.0586552955
v 0.696644723 0.217455328 -0.315113276
v 0.655124426 0.251843035 -0.358213484
v 0.65606606 0.298143238 -0.0188221615
v 0.64768225 0.310070485 0.0233287513
v -0.532207131 0.4131037 0.735741735
v -0.479983419 0.466695309 -0.345746666
v -0.4671731 0.482206643 -0.37063989
v -0.841048598 0.141135886 0.0515817627
v -0.642564178 0.107566178 -0.723039627
v -0.400777459 0.482243389 0.0945720151
v -0.364200681 0.510488331 0.150404558
v 0.144683421 0.59909749 -0.00960973185
v 0.150023535 0.601424277 0.0638962388
v 0.235687107 0.75176537 0.452611178
v 0.278890938 0.682724953 0.423647046
v -0.246455446 0.594240308 0.217066497
v -0.20875521 0.608058155 0.202433512
v -0.301883817 0.557421327 0.196761683
v -0.321001232 0.539221287 0.161204636
v 0.0941738337 0.723336399 0.332027256
v 0.0590650775 0.713700354 0.309588581
v 0.655416489 0.213045597 -0.513808548
v 0.3602117 0.506460011 -0.00860806275
v 0.335873008 0.520372033 -0.0421440639
v -0.874795914 0.206432015 -0.194480285
v 0.694715559 0.247963756 -0.147767693
v 0.623233914 0.268948644 -0.464620501
v 0.582386255 0.32126838 -0.477427751
v 0.605872512 0.281326115 -0.521038711
v 0.182290822 0.594623148 -0.0977830291
v 0.172167391 0.608991265 -0.15395236
v 0.572472513 0.353741497 -0.117777929
v 0.358942688 0.508961082 0.036594186
v 0.0657505244 0.728275836 -0.330980927
v 0.0732230246 0.677715063 -0.260462046
v 0.0895298421 0.888397813 0.445316315
v 0.551308572 0.387899816 0.629528046
v 0.595920861 0.323059052 -0.267181695
v 0.628171623 0.293153912 -0.257284015
v -0.747592747 0.118826956 -0.573358238
v -0.715385616 0.13431032 -0.601367712
v -0.414884537 0.545614183 -0.422179908
v -0.540513158 0.377542287 0.170911312
v -0.518751204 0.395668387 0.206213415
v -0.538218796 0.378579974 0.221219286
v -0.314862937 0.574659824 -0.262014389
v 0.23433584 0.634479225 0.289821923
v 0.649282753 0.327142984 0.366685301
v -0.689166665 0.299068063 -0.152258664
v -0.718023598 0.259057522 -0.0305156969
v -0.690265656 0.291800439 -0.106505819
v -0.714176416 0.270795822 -0.0791445822
v -0.698468447 0.278324157 -0.0583667904
v 0.560223997 0.394765943 0.266659737
v -0.261675447 0.562835753 0.102083534
v -0.252768427 0.576153457 0.158574447
v 0.396019757 0.513125837 0.236524105
v 0.387147784 0.541610956 0.325439662
v 0.381391317 0.5357095 0.287639529
v 0.540947735 0.41177538 0.304614186
v 0.0689564124 0.62782234 0.125043049
v 0.536925495 0.413191348 0.638232052
v -0.361180395 0.716646671 -0.592723489
v -0.15847981 0.596281469 0.0393626206
v -0.128671527 0.605397224 0.0563634299
v -0.626022577 0.313180625 -0.513317287
v 0.478232145 0.428444326 -0.168401808
v 0.501068771 0.438096702 -0.505558312
v 0.324829787 0.649219155 -0.454062432
v 0.58391571 0.311688185 -0.537213206
v 0.559601009 0.350259334 -0.53006947
v -0.653916478 0.314999968 -0.0944698453
v 0.69825089 0.25396964 -0.0906123146
v 0.658070564 0.284523576 -0.108604401
v 0.674955249 0.228739172 -0.368236542
v -0.529141784 0.392468989 0.0336455554
v -0.567929626 0.36354804 0.0342053697
v -0.542188406 0.379615426 0.0867677182
v -0.75682503 0.266642839 -0.367112964
v -0.53659296 0.413902342 -0.637381673
v -0.524181843 0.437043697 -0.658663809
v 0.63854301 0.286105096 -0.233912826
v 0.692631483 0.241400763 -0.201034799
v -0.429332197 0.566989779 0.556333721
v 0.821895361 0.189244702 0.0693793967
v 0.837524712 0.157172561 0.0031569202
v 0.176640734 0.592217445 -0.0594394952
v 0.183788344 0.58775425 -0.00378197688
v 0.150171489 0.605997622 -0.105345562
v -0.0114795808 0.618886232 0.0389444791
v -0.0210060347 0.618335664 -0.0324193314
v -0.670544267 0.273547947 -0.494837075
v -0.654390037 0.260010928 -0.555379331
v -0.749103606 0.203883588 0.132263675
v -0.751926005 0.187874898 0.203914762
v 0.294786215 0.609913468 0.31948486
v 0.0205946323 0.617599785 0.0193666387
v 0.0203986578 0.623142898 0.0796225071
v 0.451787621 0.448577255 -0.15679346
v -0.417749852 0.487716019 -0.175805956
v 0.586296082 0.367497325 0.149604917
v 0.704199016 0.207251817 -0.328024566
v 0.738355756 0.169885769 -0.343753308
v -0.756836116 0.0940076187 0.506762803
v -0.738530338 0.114034444 0.506084383
v -0.23300533 0.577995718 0.117455371
v 0.920176744 0.0634939671 -0.0894466117
v 0.932636917 0.0562794209 -0.0640992001
v 0.598718524 0.345190048 0.0153273102
v 0.567596138 0.362977803 -0.0444003381
v 0.564971685 0.368957728 0.00427017314
v 0.529716492 0.391821176 -0.0372328684
v -0.334475696 0.745749831 -0.572143495
v -0.509246647 0.43923223 0.588782251
v -0.530466378 0.404406518 0.636820495
v -0.506110013 0.458377689 0.644308448
v -0.00383494981 0.629842758 0.115654729
v 0.089695327 0.678169072 -0.267515749
v 0.656400383 0.196804225 -0.552586377
v 0.789076209 0.164582416 -0.156773776
v 0.0781807154 0.614091814 0.0435721427
v 0.10378167 0.61379844 0.0787851289
v -0.379124522 0.501449943 0.158975869
v -0.482342541 0.427602679 0.00582125504
v -0.0624417923 0.636491716 -0.155280814
v -0.0927812383 0.616206944 -0.0824265331
v 0.208625734 0.651867807 0.29703331
v -0.336807728 0.558839798 0.290582776
v 0.297955632 0.779307365 -0.547417164
v -0.516652584 0.400905371 0.0472386703
v -0.520904899 0.395570874 0.09809535
v 0.0413528979 0.624931991 0.0976055264
v 0.0381085426 0.635756493 0.144288078
v -0.828210533 0.179157346 -0.0533599071
v -0.874792874 0.157500178 -0.105591685
v -0.854543746 0.17663534 -0.108652867
v -0.566201091 0.358177572 0.12904577
v -0.571465969 0.357237667 0.0805821642
v 0.119963452 0.737839043 -0.361275911
v 0.145181105 0.733888984 -0.370189875
v -0.343811184 0.591800213 -0.36635372
v -0.298368275 0.642345428 -0.389666378
v -0.392848551 0.499408215 0.219003305
v -0.392972946 0.492813587 0.168297395
v 0.0478721671 0.635311902 -0.148183033
v 0.0406550355 0.629038274 -0.120361365
v 0.150719598 0.597971618 0.0207928848
v -0.236298487 0.582369387 0.150577009
v -0.21814087 0.582867146 0.108610913
v -0.206813052 0.598619938 0.165838629
v -0.451236159 0.447529763 0.0549194366
v -0.435794234 0.458238214 0.0925508142
v -0.47256276 0.432042688 0.0862204432
v 0.0860999227 0.616104245 0.0736496001
v 0.538651824 0.404537976 0.190478772
v 0.551604927 0.400316328 0.253063917
v -0.562402785 0.310367614 0.76393044
v 0.0531507172 0.652392089 0.198361069
v -0.470082641 0.433794975 0.115777358
v -0.490599334 0.418444842 0.104362532
v -0.619475245 0.328895777 -0.0061018453
v 0.531463444 0.394679517 -0.535079896
v 0.549312949 0.366706163 -0.476499528
v -0.38742885 0.510506213 0.257537484
v -0.411887378 0.482358187 0.198615238
v -0.405196637 0.504051685 0.298047811
v 0.730357945 0.158987582 -0.411148906
v 0.684660375 0.207562134 -0.413339943
v 0.695170343 0.208608076 -0.363046318
v 0.578977108 0.379102856 0.23325938
v 0.593862414 0.370263487 0.268462986
v 0.334224999 0.746023059 0.572069824
v -0.110523351 0.608615518 0.046962861
v -0.393486053 0.516772926 -0.245985508
v 0.289800107 0.577578008 0.221299902
v 0.282315284 0.568908989 0.172020271
v -0.542645752 0.41320619 -0.510609627
v -0.508167148 0.458210558 -0.527560949
v -0.517460406 0.443493724 -0.482883453
v 0.72922796 0.150678501 0.568885207
v -0.387810588 0.516912997 -0.227136523
v 0.476100564 0.433454692 -0.236730874
v 0.499953389 0.412663668 -0.237362564
v -0.582359493 0.370256156 -0.149902314
v -0.607681811 0.29401657 0.432677567
v -0.561436236 0.352267236 0.414530873
v -0.578684986 0.333236605 0.38582775
v 0.184262246 0.588313401 0.0250354316
v 0.171699017 0.595966756 0.070210427
v 0.285356134 0.60212636 0.285653502
v 0.27645418 0.653039753 0.376315057
v -0.310878426 0.559371173 0.228458226
v -0.503481269 0.408860296 0.0972929895
v -0.774151564 0.236966774 -0.113028206
v -0.834423602 0.202303573 -0.133671463
v -0.0729049221 0.625228941 0.119052768
v -0.0961733386 0.617029667 0.0949909464
v -0.197858021 0.641260147 -0.265603036
v -0.174100608 0.654319167 -0.270806462
v -0.281881869 0.660598576 -0.396370918
v -0.304238677 0.627183974 -0.37106216
v -0.51360333 0.400707215 0.113955207
v -0.0449139774 0.616414189 0.0239863526
v -0.00882347394 0.621929407 0.0693005994
v -0.161375776 0.603913784 0.112790659
v -0.180933505 0.590618849 0.0568138622
v -0.227076814 0.572755754 0.0373929739
v -0.0621962138 0.614597499 0.022389628
v -0.110698171 0.606884062 0.00686867815
v 0.272462338 0.675154567 -0.413786471
v -0.773407638 0.192011401 0.0861787647
v -0.814220786 0.162765637 0.0595022067
v -0.802130759 0.175681144 0.04767932
v -0.143067628 0.600615442 -0.0348493829
v 0.533491731 0.389681399 -0.49929893
v 0.567684114 0.340329677 -0.497449875
v 0.688825846 0.227708563 -0.301917315
v 0.219839126 0.589660347 -0.150674492
v -0.780707955 0.167783529 0.177255884
v -0.472074538 0.5210163 0.621106505
v 0.648392975 0.331812352 0.227966174
v -0.762549877 0.037639875 0.594370425
v -0.545970201 0.385401666 -0.694871783
v 0.769307852 0.0320950411 -0.592470229
v 0.616248846 0.354646802 0.307121694
v 0.00513817882 0.646440268 0.174883023
v -0.280234873 0.61938262 0.333300024
v -0.047579892 0.64550221 0.179722846
v -0.383367658 0.561402202 0.414358765
v 0.213717312 0.640344977 -0.289091408
v -0.0900528505 0.636106431 0.170939773
v -0.593469143 0.299622297 0.521761835
v -0.381090999 0.558986843 -0.365174502
v -0.410737336 0.514120758 -0.292022079
v 0.252590954 0.58412838 0.174132213
v -0.312141478 0.568068683 0.262029767
v -0.471432239 0.433231324 0.147133753
v 0.205431864 0.763045371 0.435779035
v -0.475387484 0.50535351 -0.539692819
v -0.312448025 0.5948686 -0.313952476
v -0.536256552 0.396025687 -0.0791260451
v 0.404099256 0.494450927 -0.24368012
v 0.749513686 0.186064795 -0.224080458
v -0.593268037 0.347384512 0.00322708301
v -0.397742242 0.529088914 -0.311402261
v 0.429823935 0.559007943 0.51061666
v 0.658818841 0.276081264 -0.168166041
v 0.601331234 0.328588784 -0.136501729
v -0.598494768 0.277984202 0.58443898
v -0.0920232534 0.610492229 0.0196080692
v -0.0466536097 0.711692274 -0.304548204
v 0.164443329 0.636968791 0.223287404
v -0.0977616385 0.62063545 -0.112691775
v -0.591495275 0.365331143 -0.442277044
v 0.481597215 0.425389588 -0.0831058472
v -0.597072959 0.298953742 0.493484259
v -0.448147178 0.449504405 0.071422711
v -0.539048553 0.3925291 -0.0616246909
v 0.260788053 0.570882082 0.130200312
v 0.465057343 0.468682677 -0.417254984
v 0.597875237 0.363884777 0.202729717
v -0.856191218 0.0818953291 0.271926492
v 0.65160805 0.317150563 0.0988452137
v -0.11808496 0.629294753 -0.163873404
v 0.151203647 0.641289115 -0.230277792
v 0.706128716 0.0706948414 -0.638369977
v 0.622356296 0.346895278 0.197465062
v -0.437643081 0.473589689 -0.171233684
v 0.483361363 0.443148166 -0.393276721
v 0.70006907 0.227877393 -0.241611391
v 0.507723689 0.408272058 -0.0305431224
v 0.707387745 0.213246375 -0.283637285
v -0.0466624685 0.659264207 0.214676216
v -0.866261065 0.116629504 0.061784409
v 0.640667737 0.280839533 -0.260657102
v 0.128851622 0.798301101 -0.416344225
v -0.135867372 0.615599871 0.13449958
v 0.462042153 0.442895234 -0.200877711
v 0.243495792 0.589891493 -0.196760803
v -0.0513927229 0.738419175 -0.337546915
v -0.451423645 0.458273262 0.269179374
v 0.375558496 0.528074205 -0.292658299
v 0.239394695 0.607209742 0.229911357
v 0.0294196606 0.635773599 -0.144180685
v 0.815350175 0.101645209 0.513381064
v 0.743370295 0.19682838 -0.196852669
v 0.762494504 0.27223888 0.325873941
v 0.512164295 0.402341634 -0.0927815959
v -0.0106335338 0.664509058 0.220456183
v -0.623353183 0.341052026 -0.13924323
v -0.538607419 0.399792492 -0.138513476
v 0.0855594352 0.675708115 0.258483768
v 0.205760971 0.605154932 0.175635204
v -0.528353214 0.4042463 -0.109113142
v -0.548041642 0.407533586 -0.491492361
v 0.611103952 0.323465288 -0.10528487
v 0.159732565 0.677144468 -0.306222111
v 0.690121472 0.269095331 0.465472698
v -0.464048684 0.447821438 -0.100975692
v -0.0306873471 0.665436268 0.224729389
v 0.317149341 0.54753232 0.159749836
v 0.204365849 0.663438618 -0.321790457
v -0.0136650456 0.65316999 0.194012374
v -0.201841861 0.818477452 -0.474966794
v 0.0976033881 0.679854393 0.27080366
v -0.625959754 0.0659136325 0.757307053
v -0.851474583 0.116257675 0.12847361
v 0.476030201 0.429342389 -0.09717381
v -0.00595016219 0.637837231 0.147686303
v 0.61071825 0.351615906 0.159598485
v -0.57663852 0.365675807 -0.0598385036
v 0.732778907 0.215074509 -0.148053914
v 0.671651185 0.11398527 0.677929819
v 0.229403839 0.599263787 0.190429702
v 0.0243287105 0.622834027 -0.0804918334
v 0.00652453769 0.668346822 -0.228918001
v -0.446994543 0.458158761 0.233803868
v -0.419701636 0.513268828 -0.319742322
v -0.577974856 0.358232856 0.00889406353
v 0.403672904 0.505796075 -0.300275534
v -0.377233714 0.55645144 0.386025727
v 0.217573524 0.596751094 -0.176700413
v 0.215759024 0.585929513 0.106599391
v 0.61460036 0.353710681 0.221662953
v -0.137877956 0.62245667 0.163920954
v -0.438289583 0.57559222 -0.582141578
v 0.0401726775 0.623341739 -0.0902544856
v 0.526667178 0.433019996 0.61860466
v 0.623452067 0.347297668 0.213875994
v 0.640345991 0.332511455 0.168237761
v 0.463232428 0.45180881 -0.305032134
v -0.280612588 0.605255604 0.303135306
v 0.582771122 0.276162565 0.727099001
v -0.490410268 0.419915706 0.210649982
v 0.2466553 0.666674435 -0.370984674
v -0.857618392 0.102253824 0.172441572
v 0.6688416 0.277977824 -0.0915307403
v 0.888544858 0.0547381267 -0.274496943
v 0.0571637303 0.665447354 0.229324773
v 0.461516678 0.496926099 -0.508356929
v 0.621756136 0.109590679 0.752516091
v -0.616456091 0.32936123 0.0095603615
v 0.130537778 0.677553296 0.282905906
v 0.320284396 0.548359573 0.173011616
v -0.413614452 0.483253449 -0.121307641
v 0.693887532 0.157583609 -0.526558697
v 0.88228631 0.0459987037 -0.329051852
v -0.104690678 0.636014044 0.180049524
v -0.565434575 0.313328326 0.719546735
v -0.469427407 0.50579685 -0.505420923
v -0.493300796 0.46895656 -0.457490772
v 0.666165113 0.316648334 0.177036166
v -0.496981084 0.480856091 -0.58528918
v -0.246946797 0.654740095 0.352216959
v -0.312240005 0.576645136 0.288113862
v 0.289503813 0.552240133 0.100170322
v -0.103652313 0.626171231 0.146162316
v 0.479616076 0.440747499 -0.345921814
v -0.593665183 0.277683944 -0.688397706
v -0.0814889371 0.659617126 0.227740303
v 0.491848171 0.417281657 -0.123317689
v 0.422567338 0.546105981 0.448349983
v -0.0394828022 0.622773349 0.0862605274
v -0.045973897 0.627037168 -0.110316932
v -0.12922591 0.644076169 0.219305083
v 0.188162982 0.592437088 0.0838971138
v -0.140688792 0.632255793 0.197383255
v 0.0240370054 0.668907523 0.230525985
v 0.871251285 0.0741199106 -0.251660198
v 0.667221785 0.309897184 0.12500757
v 0.831857562 0.174310565 0.0474052392
v 0.727679193 0.234660074 -0.0619302243
v 0.607752681 0.3152937 0.569810688
v 0.773100734 0.0963390842 0.560697675
v 0.492334396 0.418473482 -0.0511394963
v -0.344327807 0.583561003 0.373194367
v 0.689166427 0.0904817879 0.669845521
v -0.45453608 0.550255895 0.609978497
v 0.457423389 0.470019668 -0.381105959
v 0.038367562 0.642893136 0.168103561
v -0.149489865 0.660096049 0.268474817
v 0.828338087 0.123193748 -0.192778021
v -0.460022271 0.446703881 -0.0556992479
v 0.249290556 0.571110129 0.10005682
v 0.735235751 0.222164631 -0.0965911448
v 0.433662772 0.536795497 0.45828256
v -0.834959626 0.0424066596 0.456464618
v 0.52433008 0.436820656 0.645963848
v 0.156881571 0.606679261 -0.120831668
v 0.88615334 0.0278193746 -0.38123095
v 0.310255736 0.535165966 0.0282291584
v 0.448233247 0.471613884 -0.338761777
v 0.458965153 0.481965691 -0.442822665
v -0.170815706 0.805624783 0.44361347
v 0.393239468 0.638807654 0.563986838
v 0.313180774 0.535987318 0.0612995103
v 0.305856824 0.54470706 0.105667889
v 0.939383984 0.0440167896 -0.107630283
v 0.601316273 0.179194689 -0.745579064
v 0.482906669 0.514873683 0.632380843
v -0.911109805 0.0555439517 0.182568789
v -0.366422862 0.639001727 0.515268683
v 0.162018552 0.620696545 -0.183662087
v 0.563865602 0.323825955 -0.692958772
v 0.943226635 0.0454525575 -0.0731404573
v -0.188568071 0.796495378 0.449841648
v -0.379243046 0.61525172 0.507721424
v 0.26388666 0.689468801 0.414411545
v 0.776220977 0.269282252 0.279780298
v -0.146871418 0.803685308 0.428245842
v 0.359605759 0.656063259 0.51531446
v -0.92722553 0.155492052 -0.184271291
v 0.441762984 0.57581389 0.595444381
v 0.216366246 0.800110817 0.473827004
v 0.886617661 0.238207504 0.251446992
v -0.0588173568 0.61635989 -0.044267606
v -0.848729193 0.0445550568 0.42070809
v -0.901155829 0.0608952828 0.19759585
v 0.591362178 0.229477704 0.747342169
v -0.800093591 0.0545091294 0.499926329
v -0.652217925 0.047174342 0.73267597
v -0.712303936 0.0772501379 -0.649354398
v 0.23846674 0.714131176 0.417008162
v 0.810561895 0.191654339 0.0463051535
v 0.558995366 0.36450398 0.666555345
v -0.686387658 0.0482325628 0.689030468
v -0.444323272 0.539803445 0.550969779
v 0.21288009 0.787334085 -0.463559389
v 0.194118857 0.66160506 -0.30871439
v 0.824825525 0.125280142 0.492410183
v -0.863578379 0.022609828 0.446669072
v 0.813687444 0.129022107 0.498922527
v 0.930876255 0.0436063632 -0.157749921
v -0.870549619 0.246671826 -0.387585878
v 0.526159704 0.43300423 0.658304036
v 0.931675851 0.126446605 0.159185097
v 0.453518122 0.571836352 0.634492397
v 0.355899692 0.680091321 0.540448546
v -0.903627634 0.179774985 -0.185265645
v 0.890067935 0.0672831461 -0.211365879
v 0.638954282 0.0820608065 0.739587426
v -0.510487258 0.467208266 -0.682201266
v -0.575341582 0.271484762 0.743749917
v -0.343132406 0.666185796 0.507115483
v 0.657003701 0.0459956154 -0.727594435
v 0.627557516 0.149522424 0.723932147
v 0.798564792 0.0447000228 -0.522790074
v 0.38686198 0.625680983 0.527226746
v 0.83917886 0.24129124 0.389140338
v 0.236917019 0.78519243 -0.483192801
v 0.274663031 0.732485175 -0.479874551
v 0.790765643 0.263041228 0.336797416
v -0.398879319 0.644956231 -0.587394834
v 0.839945793 0.201470152 0.435890913
v 0.910698473 0.054181844 -0.191939518
v 0.538258851 0.40711993 0.67180568
v 0.840090513 0.0431387052 -0.443755388
v -0.888573587 0.0357209817 0.348031819
v -0.551974177 0.364308566 -0.717227042
v -0.887355685 0.0235461779 0.391934156
v 0.81654948 0.256683856 0.268752396
v -0.901743889 0.0322127342 0.32258144
v -0.919739783 0.0513956845 0.166112587
v -0.440399677 0.569219053 0.595418811
v -0.821976542 0.258539766 -0.284888536
v 0.898135185 0.165228054 0.15960218
v 0.335486263 0.710696101 0.540172935
v 0.893043518 0.141779155 0.110861935
v 0.523809254 0.437631816 0.672920465
v 0.745640576 0.072449863 0.611098111
v -0.527356327 0.429442555 -0.694779098
v 0.768580794 0.0392676555 0.607284367
v 0.279020578 0.756963611 -0.506297946
v 0.64208585 0.107542321 -0.708991408
v 0.646795571 0.0768201724 -0.722566843
v 0.827777028 0.260244578 0.319758713
v 0.319270551 0.706141949 0.508937836
v 0.43328926 0.60416013 0.621285439
v -0.328650504 0.697507441 0.518839717
v 0.266214669 0.738708675 0.472460508
v 0.733941197 0.281972349 0.337323666
v 0.686639547 0.06552165 0.688758612
v -0.880597472 0.0325169191 0.380085438
v -0.252048731 0.764013469 -0.479875177
v 0.785683334 0.261132896 0.35326165
v 0.941675961 0.0905711427 0.12981306
v 0.269499093 0.757002175 0.492985606
v 0.377218366 0.648024738 0.540453851
v 0.420255125 0.580343246 -0.553498924
v -0.812162161 0.0466868542 0.492982447
v 0.957019806 0.0524279252 0.0861491263
v 0.370062113 0.688793182 0.57924819
v -0.301240146 0.743795216 -0.521026254
v 0.82200247 0.256272852 0.351295471
v 0.562975407 0.322820842 -0.709203959
v -0.93555361 0.0479480438 0.103562854
v 0.949367583 0.047760088 -0.0100510344
v 0.59864223 0.214711085 -0.718840003
v -0.60370481 0.177842304 0.739928901
v 0.582964957 0.247741878 -0.741164148
v -0.794270575 0.0514375567 0.517369807
v 0.598878026 0.193931893 -0.740490854
v 0.916522622 0.181221634 0.199369162
v -0.960214794 0.0326628909 0.05202052
v 0.92679745 0.188362539 0.214437321
v 0.202170536 0.781060696 -0.450198829
v 0.46952033 0.518762767 -0.604544222
v 0.626767278 0.116637014 -0.730475605
v 0.935519457 0.0703576878 0.0399943553
v -0.829408407 0.203913376 -0.436188102
v 0.789923251 0.0541470461 0.570360422
v 0.910968781 0.247436106 0.264424056
v 0.821638465 0.229908288 0.183895558
v 0.415367454 0.62152338 0.596200466
v 0.864738047 0.234151915 0.235863253
v -0.639875352 0.0438285172 -0.752763271
v 0.953811109 0.0491376258 0.0379875153
v 0.405303538 0.617985785 -0.572846234
v 0.367389023 0.649948955 -0.53195101
v -0.897615314 0.0715923905 0.155867651
v 0.626128197 0.0398113281 -0.766231835
v -0.243633285 0.79397881 -0.494612426
v 0.866187215 0.0251535773 0.490093201
v -0.829888642 0.252363056 -0.364887953
v -0.323959619 0.690978587 0.504619062
v 0.911309004 0.197830841 0.212646931
v -0.624733567 0.100214913 -0.751774132
v -0.875156522 0.0397981852 0.370528579
v -0.082548514 0.814792037 -0.408538699
v -0.101914398 0.832873821 -0.425361753
v 0.339105308 0.67830795 -0.514950216
v 0.68716675 0.0421898104 -0.693184912
v 0.858012557 0.126384631 0.46979627
v -0.955091476 0.0449890979 -0.0153924748
v 0.887529135 0.0654446557 -0.230204448
v -0.383326888 0.642092526 -0.545104682
v -0.937487006 0.0344113857 0.18170324
v -0.188465953 0.777530253 -0.435637176
v 0.957100213 0.0362605713 -0.044262968
v 0.344696045 0.698978901 -0.546494365
v 0.607265472 0.162283823 -0.742151141
v -0.964857817 0.0367640294 -0.0412622504
v 0.902095497 0.0493378751 -0.250391454
v -0.733555138 0.0610454008 -0.634432435
v -0.430038244 0.598865867 -0.601156771
v -0.454315424 0.554924905 -0.597031355
v -0.804512799 0.259856135 -0.341594279
v 0.0416899659 0.846957147 -0.417476296
v -0.918538094 0.199163884 -0.217687666
v 0.842802346 0.186685637 0.446820527
v 0.5129022 0.459704667 0.654262125
v 0.393977493 0.644392729 -0.581123888
v -0.744212151 0.0468700342 -0.63162291
v -0.892517924 0.255460322 -0.280026823
v 0.859636366 0.262771308 0.327026695
v -0.366358012 0.66988641 0.55384481
v 0.949912369 0.122391015 0.183316916
v -0.446108013 0.584151924 -0.630801201
v -0.408767998 0.620921493 0.585300386
v -0.0712557286 0.841390967 -0.420535684
v -0.862148881 0.261576355 -0.34855932
v -0.114902802 0.805958509 -0.414504856
v -0.368299544 0.673010647 -0.556075275
v 0.932910442 0.0373534374 -0.18601869
v 0.455099761 0.536352932 -0.584073484
v 0.862300575 0.218262285 0.419481784
v 0.819098473 0.061144013 0.531647742
v -0.4643884 0.54542321 0.638639987
v -0.841035724 0.0470410325 -0.513772964
v -0.955019057 0.100941613 -0.175469771
v -0.8787359 0.244308576 -0.258412302
v -0.75681442 0.0616731271 -0.605390131
v 0.963296592 0.0366747454 0.0148899788
v -0.315436989 0.727260888 0.527962446
v -0.615890563 0.132881775 -0.752199054
v -0.850322723 0.139328361 -0.469267666
v 0.844191074 0.252795666 0.365793258
v 0.0672674999 0.838511407 -0.41837123
v 0.535130382 0.397090882 -0.673781931
v -0.947981179 0.117709383 -0.177298218
v -0.0259069949 0.799795926 -0.387930274
v -0.580127835 0.288455158 -0.72019136
v 0.0143223265 0.852291405 -0.417538345
v -0.957830608 0.0511398241 -0.0871627405
v -0.767267942 0.0331734233 -0.613399148
v -0.601182997 0.189527333 -0.75132525
v -0.886282027 0.216540813 -0.21857737
v -0.177465379 0.817900002 -0.456178993
v 0.97197628 0.0248135459 -0.0158853475
v -0.33967042 0.70715028 0.54643333
v 0.17892167 0.771102369 -0.425430387
v -0.929721534 0.0386447273 0.193159863
v 0.112041295 0.801195443 -0.410939336
v -0.916684926 0.0443049036 0.218395472
v -0.851711273 0.170877054 -0.452924281
v -0.437782079 0.566824913 0.582651258
v -0.21318832 0.786341488 -0.461582243
v 0.859799981 0.247404262 0.262726575
v -0.616602659 0.138944641 0.736553669
v -0.92287755 0.184770986 -0.20670186
v 0.48576206 0.503305912 -0.646493852
v 0.870647371 0.0522839241 -0.340443075
v -0.787401438 0.229670137 -0.424414128
v -0.501480639 0.486324161 -0.677901506
v 0.895637095 0.272165686 0.313657731
v 0.448648661 0.560405195 -0.607427597
v 0.696792722 0.0650204346 0.676844299
v 0.716876447 0.0303105339 0.675736666
v -0.166798159 0.810771048 -0.444767296
v -0.820039153 0.0357077979 0.501349449
v 0.478986591 0.517950833 -0.646340847
v -0.810913086 0.243088931 -0.389988691
v -0.61951226 0.0995695293 0.753372788
v 0.816532075 0.259573609 0.335277349
v -0.469800293 0.531991303 -0.608996511
v -0.587648451 0.258998811 -0.729983151
v -0.424601167 0.606671751 0.606987596
v -0.800261974 0.25636521 -0.359867334
v 0.435890496 0.588215292 -0.612060666
v -0.962303042 0.0350768603 0.0103656072
v 0.948273718 0.035054259 -0.117485248
v 0.898848355 0.0443406999 -0.283635378
v 0.970509171 0.0304503832 0.0451263487
v -0.609473169 0.184867382 -0.736310542
v 0.509067357 0.44646588 -0.622309864
v -0.854822934 0.0799697489 -0.487875342
v -0.237932771 0.774579108 -0.474536628
v -0.830314815 0.0746233687 -0.51312983
v -0.037840344 0.849349022 -0.418198019
v -0.461905628 0.554109693 -0.630810499
v -0.934396267 0.0394058563 0.166380495
v -0.598155677 0.217854366 -0.738461792
v -0.856818676 0.185537621 -0.442874759
v 0.864005089 0.257314831 0.291211158
v 0.847404838 0.259559333 0.341226846
v -0.520958126 0.431434751 0.67261833
v 0.369822621 0.669914722 -0.560902417
v -0.900811434 0.0418424122 0.287348539
v 0.92478174 0.11390736 0.127629593
v -0.852170169 0.048078917 -0.500688255
v 0.0984268934 0.810957909 0.410785884
v 0.46935308 0.541086912 0.63436234
v 0.590359986 0.313880682 0.638073325
v 0.845573902 0.136073977 0.473031342
v -0.410732508 0.620282888 -0.580352485
v 0.649066389 0.0530778766 0.738808274
v 0.897909045 0.0285310112 -0.34744969
v -0.928218305 0.0258720163 0.263354003
v -0.91376853 0.0301805381 0.293490708
v -0.936971128 0.0424806401 0.132445738
v -0.452189147 0.559630215 0.618600011
v 0.652805984 0.0358464532 -0.738363564
v -0.0948562771 0.78819859 -0.394378066
v -0.849933743 0.108451366 -0.482391298
v -0.905117989 0.263483077 -0.289818853
v -0.262347877 0.768671215 -0.494818687
v 0.846358836 0.0328389779 -0.456347644
v -0.820282459 0.0577020831 -0.53240639
v -0.311727852 0.715024352 -0.507284701
v 0.548152387 0.363860995 -0.711812496
v 0.587979198 0.246322826 0.742349505
v -0.840604067 0.0326219462 -0.520530164
v -0.789051652 0.052506201 -0.572577715
v 0.832445383 0.225218192 0.413174421
v 0.816848874 0.0427027419 -0.492560595
v -0.801873028 0.0389536098 0.527961552
v -0.974688292 0.0244206674 -0.0142335296
v 0.547722518 0.366484076 -0.680897534
v -0.974694669 0.0260046106 -0.050153017
v -0.828508914 0.130374089 -0.487294585
v 0.567763925 0.302294374 -0.730544627
v 0.838043511 0.256055444 0.282775998
v 0.511829615 0.447463483 -0.652009785
v 0.959731817 0.0281102918 -0.0946819633
v -0.878626168 0.266076565 -0.314357847
v 0.956885397 0.0604796037 0.119742215
v -0.815751374 0.223337471 -0.419574261
v 0.49177745 0.495135635 -0.65999037
v -0.948802948 0.0388987884 0.0855302885
v 0.293878436 0.725156963 -0.496836752
v 0.920514345 0.0386759304 -0.231510907
v -0.628429592 0.0848921612 0.745918512
v 0.0506402776 0.834843636 0.41257304
v -0.782270491 0.0386093706 0.561673164
v -0.865588367 0.233016312 -0.232919738
v -0.839489818 0.242232829 -0.388617992
v -0.935660839 0.173561305 -0.207635745
v 0.638644457 0.0471344739 0.752851844
v 0.968827963 0.024294829 -0.0566599667
v -0.153751463 0.851905763 -0.459828973
v -0.128343388 0.838191926 -0.439503521
v 0.390381515 0.653089285 0.57749325
v -0.436052382 0.60674417 0.638786614
v 0.55280298 0.351405561 -0.706751227
v 0.597306669 0.206424966 0.748974323
v -0.161985487 0.824896812 -0.45027861
v -0.110227577 0.842970908 -0.433916032
v -0.413766146 0.630700171 -0.606043398
v 0.0770839974 0.774485886 -0.378529578
v -0.0557994209 0.80859679 -0.397991538
v -0.000501311151 0.844882548 -0.413710535
v -0.29576686 0.730224609 0.503667653
v 0.0582465269 0.848770559 -0.421154261
v -0.078989923 0.758741915 0.365330726
v -0.0996611565 0.752581298 0.366419703
v -0.139910206 0.817471027 0.433143079
v -0.0233201478 0.813452959 -0.396900803
v 0.4208332 0.606518567 0.586210728
v -0.039476756 0.810501575 0.396737546
v -0.121680647 0.870784819 -0.451247543
v -0.0827915743 0.721179187 0.326818556
v -0.165350646 0.766051233 0.411289454
v -0.0290159192 0.839907706 -0.412552506
v -0.0121887047 0.821743608 -0.401405603
v 0.390790612 0.66017741 0.588582635
v 0.119793318 0.827046752 0.428726137
v -0.0726125389 0.805400193 -0.399689496
v 0.0157486536 0.83873868 -0.410765618
v -0.0184322316 0.851243317 -0.417277455
v -0.0636820197 0.773029745 -0.37313503
v -0.179666892 0.760258138 0.416077673
v -0.11507491 0.836089134 0.43175891
v 0.963663697 0.0516392775 0.131406397
v 0.0218969285 0.807371199 0.392758906
v -0.379381925 0.663962901 -0.567553103
v -0.0890965611 0.822693229 0.415154248
v -0.229286253 0.771591127 0.465634406
v 0.0746578053 0.848309934 -0.425157309
v 0.0501022153 0.821903229 -0.405570865
v -0.0774801075 0.864270389 0.432689756
v -0.0615638979 0.860325813 0.427282155
v -0.0745302662 0.834211588 0.417604864
v -0.200557306 0.78152281 0.448208958
v -0.24827525 0.743076265 0.460022986
v -0.170822591 0.733698368 0.385188401
v 0.983989775 0.0140535124 0.0687315762
v 0.109161735 0.818898261 0.419593781
v -0.117817812 0.810940504 0.418729544
v 0.0355075672 0.771343887 0.366931796
v -0.0340759121 0.850396097 0.417962968
v -0.594035864 0.231915385 -0.737549186
v 0.138320535 0.785136521 -0.411535084
v 0.370380849 0.69295758 -0.585470617
v -0.373045504 0.671738505 0.56877476
v 0.020469809 0.840102375 0.411561519
v -0.188462406 0.784186542 0.441092461
v -0.877781749 0.258622766 -0.375077605
v -0.0435690843 0.836102784 -0.412172198
v -0.321615636 0.733036995 0.542246521
v 0.710915327 0.295078903 0.318072706
v 0.0482583083 0.794327855 -0.387269765
v -0.0542453304 0.800998271 0.393034309
v -0.234262526 0.78852129 -0.481835485
v 0.0815025419 0.751300037 -0.359614044
v 0.142289683 0.807775199 0.42779848
v -0.878462255 0.251485795 -0.273340672
v -0.238080636 0.809040725 -0.49905768
v -0.0441679433 0.841099381 0.414845496
v -0.0993053615 0.773031831 -0.383915156
v -0.163209289 0.82121259 0.448362827
v 0.157514587 0.758955777 -0.400997341
v 0.492759854 0.500710249 0.654235125
v 0.782979429 0.239869341 0.410621911
v 0.24243708 0.769620419 -0.476905167
v -0.0365394503 0.7861377 -0.378971606
v 0.777734518 0.248665884 0.396552682
v -0.828685164 0.224727646 -0.179881051
v -0.0847541988 0.795725703 0.396906435
v 0.0158560406 0.676943362 0.24511835
v -0.738058984 0.252026856 -0.429536492
v 0.159584612 0.81560123 -0.444082826
v -0.2151016 0.776585519 0.456739783
v -0.893975973 0.230537504 -0.2409527
v 0.0189637616 0.809917212 -0.394261479
v -0.849318802 0.241820544 -0.24221921
v -0.0278068837 0.839337945 0.411899418
v -0.266181737 0.789030671 -0.514356017
v -0.476110697 0.534538448 -0.654093266
v 0.628948033 0.0798316151 0.753266215
v -0.131200701 0.832971752 0.437472641
v -0.476273894 0.508479297 0.610818982
v -0.0948067978 0.838131905 0.425556481
v -0.0969741568 0.788377702 0.395422637
v -0.0313141905 0.77125895 0.366418511
v -0.0382865071 0.811344266 -0.397066087
v 0.154121056 0.781878889 -0.417710036
v 0.0221305452 0.64455688 0.170428604
v 0.597335815 0.0635202602 0.796803474
v -0.360219777 0.717693567 0.593041897
v 0.360219777 0.717693567 0.593041897
v -0.266820252 0.753085375 -0.486694336
v 0.42348066 0.590917945 -0.580250561
v -0.404747277 0.633878887 0.592764854
v 0.566950321 0.321483135 -0.66660589
v -0.525084555 0.417459905 0.646841466
v 0.984104872 2.50416354e-10 0.165602565
v -0.984104872 1.8552202e-09 0.165602565
v 0.989901423 1.20636379e-09 0.122529298
v -0.989901423 -7.42228445e-10 0.122529298
v 0.989901423 -1.12041665e-09 -0.122529298
v -0.989901423 2.16093921e-09 -0.122529298
v 0.984104872 7.42508832e-12 -0.165602565
v -0.984104872 2.40091191e-09 -0.165602565
v 0.112501159 0.837040484 -0.432551265
v 0.0683104992 0.824594676 -0.411210269
v -0.126386702 0.682517707 0.292244226
v 0.766675711 0.261980593 0.370917112
v 0.558277249 0.337414861 -0.70003742
v 0.377987027 0.674858391 -0.582601011
v -0.206832126 0.80320406 -0.468535721
v -0.17650485 0.791369081 0.437793672
v 0.543604076 0.391059071 0.694822729
v 0.0102778859 0.753913283 0.349158645
v -0.153389364 0.79056102 0.423014909
v 0.0790846124 0.826557636 0.414143562
v 0.0346044153 0.740207136 0.336914062
v -0.0616303869 0.763531566 0.365082234
v -0.383974612 0.659295976 0.576742828
v 0.43916899 0.57523936 -0.601677179
v 0.430026203 0.615984619 0.63104409
v 0.496895701 0.465972155 -0.603915989
v 0.957100809 0 -0.282022566
v -0.957100868 1.61395297e-09 0.282022595
v 0.968697011 0 -0.240824252
v -0.968697071 5.37984324e-10 0.240824282
v 0.0342196785 0.833063543 -0.40947026
v -0.202894241 0.757811546 0.431360006
v -0.83452636 0.248785406 -0.251970679
v 0.120618276 0.793579042 0.407787263
v 0.729449451 0.277006447 0.372915566
v 0.180556163 0.714991689 0.368232667
v 0.770009339 0.264488369 0.357267678
v -0.293768883 0.714034677 -0.481281847
v -0.0543102287 0.784922898 -0.380964696
v -0.19180654 0.755638778 0.420980006
v -0.0888228714 0.801480353 -0.401881576
v -0.793170333 0.195836276 -0.462200075
v -0.120365545 0.76827848 -0.388510823
v 0.00723217428 0.814711452 0.396628469
v 0.957213759 0.0557227619 0.104085289
v -0.123898439 0.732117295 0.356323719
v 0.00500787981 0.802803516 -0.38903743
v -0.219337553 0.753176153 0.441252083
v 0.0951647013 0.770355284 -0.381196231
v 0.596149385 0.0918062925 -0.795083702
v 0.0260316897 0.661925733 0.215955481
v 0.294429272 0.747333884 -0.517278552
v -0.426286757 0.620359659 0.629895806
v 0.271572918 0.745177507 0.484818041
v -0.121694028 0.792264521 -0.407996535
v -0.0465422161 0.722631156 -0.318482786
v -0.197231591 0.807019234 0.463527292
v -0.262116343 0.737169981 0.469619244
v -0.132691488 0.748999178 0.377854586
v -0.861318827 0.225302592 -0.215748236
v -0.0572377704 0.830239773 0.411467195
v -0.563138962 0.331811935 -0.725625336
v -0.112399049 0.625092685 -0.144243106
v -0.110709585 0.787677169 0.400129586
v -0.0190738495 0.785914242 -0.377194762
v 0.0424835384 0.689683139 0.271235108
v -0.471214354 0.538313329 -0.636857569
v -0.198638901 0.735567033 0.407675505
v 0.240227073 0.779350579 0.480082333
v -0.213226557 0.799535334 0.471841693
v 0.599124432 0.0208764598 0.797607064
v -0.00515069114 0.784873545 -0.375864744
v 0.789535761 0.265104473 0.278169453
v -0.167771161 0.784956276 0.427546471
v 0.581671834 0.278400391 -0.68953836
v 0.19492726 0.647111237 -0.282453626
v -0.134832099 0.629786015 -0.178910658
v -0.426060826 0.632038236 -0.644249678
v 0.753215671 0.0609125644 0.610271037
v 0.252576977 0.742504179 -0.464607716
v 0.61532867 0.28151992 0.616773129
v -0.281882107 0.717306316 -0.469511122
v -0.484621823 0.519090176 -0.661049128
v -0.267068505 0.745723188 0.482734978
v -0.758023202 0.187704489 -0.500195861
v -0.344196498 0.656864345 -0.487105191
v -0.281115025 0.740730405 -0.492220342
v 0.266980588 0.77164495 0.502348542
v 0.488135129 0.502710938 0.622544765
v 0.944978118 0.0283513777 -0.182474837
v 0.172407433 0.687190056 0.325976342
v -0.364533782 0.649409056 -0.515381575
v -0.211167768 0.827859282 -0.489328921
v 0.472714335 0.530358613 -0.64419055
v 0.00622196496 0.790176868 -0.380061209
v 0.207717642 0.655366063 -0.310869336
v -0.0602588691 0.832173467 -0.413129121
v -0.118700705 0.745031714 0.367270976
v -0.048915945 0.749553859 -0.348669678
v -0.592611015 0.293900281 0.55899173
v 0.96576941 0.0414163731 0.0990928933
v 0.544582248 0.373655975 -0.748097777
v 0.845355153 0.214530692 0.178088263
v -0.140763789 0.809329927 -0.428848803
v -0.821315289 0.258911818 -0.336715072
v -0.0280891061 0.617264569 0.0189876463
v 0.257137001 0.721917033 -0.449689656
v 0.491781771 0.471379846 -0.588726282
v 0.803738117 0.258491755 0.348950952
v 0.974880993 0.0251906216 0.0259151775
v -0.112562567 0.703080654 0.315409034
v -0.18807672 0.824744344 -0.468234509
v -0.0662844181 0.854742765 -0.42581147
v -0.128121197 0.787756979 0.407718211
v 0.261164486 0.645745993 -0.355492383
v -0.134528413 0.649270415 -0.23025088
v -0.244036525 0.767748475 0.476696372
v -0.105130963 0.796987236 -0.404422432
v -0.776519418 0.23959437 -0.415353358
v 0.196435541 0.626948416 -0.240139976
v 0.551429689 0.378542542 0.673189461
v 0.097053811 0.749691784 -0.363377303
v -0.788367212 0.260791332 -0.242938623
v 0.153910294 0.778761804 0.413352162
v -0.826881647 0.260070056 -0.319943607
v -0.18198438 0.7377702 0.397097945
v 0.716044068 0.293668717 0.250500411
v -0.205419838 0.671130359 0.333813697
v -0.410674721 0.634225011 0.607964158
v -0.24031435 0.759230614 -0.464114159
v 0.130508661 0.835264564 0.438228637
v 0.0122540677 0.722997487 0.315486819
v -0.688506186 0.28358537 -0.43310526
v -0.752450287 0.241818562 -0.432858437
v -0.234040454 0.748331368 0.450649202
v 0.624198675 0.0577415451 -0.762630701
v 0.0328868516 0.779049873 -0.373602957
v 0.0694620162 0.836047173 0.416981518
v 0.945693076 0.0348119475 -0.134795368
v -0.134033039 0.668838203 -0.270113051
v 0.110443041 0.767673314 -0.384741485
v -0.879600465 0.236179367 -0.244229138
v -0.305481017 0.730024874 -0.513740778
v 0.161062151 0.724981725 -0.370319039
v 0.611905038 0.29183504 0.608163774
v -0.194299251 0.626286626 0.235751271
v -0.160002947 0.635747492 0.22403504
v -0.071333915 0.68206346 0.266854346
v 0.0543541685 0.760488689 -0.361171126
v 0.287694544 0.739623964 -0.50219065
v -0.28762269 0.787828207 0.540260911
v 0.28762275 0.787828207 0.540260851
v 0.126096711 0.822466254 -0.430237949
v -0.214466274 0.770986438 -0.450496644
v -0.011166336 0.839522481 0.410764575
v -0.164064661 0.611590981 -0.145122305
v -0.798708737 0.229945511 -0.144488737
v -0.901545763 0.206562281 -0.215197816
v -0.863044202 0.15948692 -0.454642087
v 0.194237083 0.640198708 0.258859068
v -0.138743818 0.795623541 0.41865769
v 0.106926315 0.70255065 -0.312760741
v -0.0922557414 0.656781018 -0.223451018
v -0.332579762 0.661901593 -0.474018216
v 0.577689946 0.320740521 0.676826179
v -0.0491348915 0.858916521 -0.424268574
v 0.939231157 0.0767539442 0.0853292868
v -0.151133418 0.784246385 -0.416911215
v 0.0946647525 0.80510956 -0.406760752
v 0.268545717 0.716297388 0.452038437
v 0.837479651 0.256201386 0.352771312
v -0.186062381 0.790306985 -0.443594664
v 0.594973743 0.31253773 0.623633146
v 0.608158231 0.302151501 0.59947598
v 0.356416911 0.686186075 -0.553578317
v 0.259218544 0.661872089 -0.378781438
v -0.0640609637 0.697015405 -0.287250489
v 0.263603359 0.729851186 -0.464773417
v -0.135016799 0.710760593 0.337308705
v 0.075566262 0.702487588 -0.300373197
v 0.861435711 0.261037707 0.307409942
v -0.510610163 0.446305335 0.634394109
v -0.168631196 0.643592417 0.250351012
v -0.227541387 0.792057514 0.479255587
v 0.331541359 0.691948891 -0.517536104
v 0.0338200256 0.802456141 -0.390956044
v -0.333031893 0.747323275 0.570999384
v -0.725381494 0.262926042 -0.422039896
v -0.0765763447 0.828095794 -0.414744735
v 0.828493893 0.0661357641 0.51882869
v 0.333150268 0.74719429 -0.571003079
v -0.135339409 0.659673452 0.257666379
v 0.842458725 0.260395586 0.327766091
v -0.0542031452 0.615747631 -0.0267906468
v -0.1138606 0.725492775 0.344328791
v -0.53480047 0.408441842 -0.716946483
v -0.0551441796 0.680842578 0.259990215
v -0.197862267 0.713073492 0.383028507
v 0.812270761 0.220958903 0.143175691
v 0.498174936 0.487744987 0.643853486
v -0.558934808 0.380894929 -0.598692119
v -0.522975504 0.419322371 0.630410731
v 0.227950916 0.778513551 -0.470150054
v -0.624772191 0.277392089 0.407877892
v 0.379199356 0.65156275 -0.557955921
v 0.0950929746 0.71205759 0.317867637
v 0.140257403 0.685267031 -0.305740207
v -0.841689289 0.0433262065 0.439599752
v 0.174791723 0.752557397 0.403862536
v 0.433712602 0.583230555 0.582251549
v 0.567795515 0.350097597 0.655386686
v -0.139441922 0.764455557 -0.394426256
v -0.302333385 0.736706197 0.518296897
v -0.0924605355 0.823909461 -0.4171471
v 0.271211147 0.713861704 -0.457497388
v -0.0554483868 0.736732662 0.33720082
v 0.775669456 0.0463453829 0.593395293
v 0.832995534 0.178292006 0.0634498
v 0.638815641 0.0657115206 0.746104419
v -0.516604006 0.452979028 -0.667552233
v 0.813156962 0.20196262 0.444509536
v 0.152677372 0.664556563 -0.279304266
v 0.57569313 0.286650032 0.739221811
v 0.752160251 0.138235584 -0.406462222
v 0.196711347 0.61212796 -0.198762998
v -0.0596257597 0.615663707 0.0356764458
v 0.520078301 0.445378214 0.657564223
v 0.493518502 0.5098418 0.701568425
v -0.493518502 0.5098418 0.701568425
v 0.795449436 0.255072057 0.367098123
v -0.809995294 0.0426403545 -0.553456664
v 0.445902407 0.600641787 -0.660182059
v 0.299199581 0.544134915 0.0723173842
v 0.46819064 0.504310727 0.490348339
v -0.0302557591 0.707646906 -0.29647392
v -0.108422853 0.819661081 -0.420266628
v 0.412246376 0.614081323 -0.584941328
v -0.46640268 0.541891634 -0.620503783
v 0.771832943 0.256329536 0.38279435
v -0.00371381547 0.790790141 0.380378693
v -0.337761521 0.681371689 0.516036808
v 0.175368458 0.794740975 0.438463062
v -0.152797014 0.772037089 0.408736229
v 0.225892812 0.717453837 0.408681333
v 0.837700427 0.0725990683 -0.364422411
v 0.492281526 0.488279581 -0.644609034
v 0.810753405 0.238909975 0.397814304
v 0.562784791 0.346919119 0.693428099
v -0.0122336801 0.816302061 0.397753179
v 0.171054393 0.755222559 -0.406580567
v 0.407601953 0.635528922 0.596536338
v -0.288114965 0.746508718 0.508301139
v 0.413175017 0.633090794 0.608488083
v -0.394737244 0.632267594 -0.557592928
v -0.593762279 0.242907152 -0.728210628
v 0.286795974 0.721879065 -0.484674811
v -0.0843885094 0.70173049 0.302000105
v -0.225494429 0.730378568 0.42579934
v 0.233966574 0.688417375 0.380287349
v -0.0640196353 0.740938485 -0.342874497
v 0.0219145678 0.713728249 0.304220647
v -0.0188989472 0.763137162 -0.358113796
v 0.667936325 0.320288777 0.309009343
v -0.945636749 0.0796580762 -0.120921068
v 0.439796507 0.552904844 -0.563143492
v 0.803449035 0.261388093 0.332760155
v -0.50434202 0.451172531 0.601719439
v -0.853578627 0.261364818 -0.331493765
v -0.212332502 0.733670712 0.417146534
v 0.166941568 0.779384136 -0.423699081
v 0.0534265637 0.615365922 -0.0100134425
v 0.755962074 0.276259243 0.306092799
v 0.789136767 0.265800387 0.308208466
v 0.739129722 0.139877468 -0.440837651
v -0.772584856 0.189593107 0.10206449
v -0.579453528 0.31219542 0.580922067
v -0.394533336 0.646602333 0.58479172
v -0.156688213 0.803096652 -0.433540553
v -0.190390944 0.617589772 0.207062766
v 0.826941311 0.173417047 0.0297022462
v -0.0393372364 0.679851949 0.254389107
v 0.860377491 0.0350828394 -0.420270175
v -0.271340847 0.774139583 -0.509367347
v 0.73254174 0.0602199845 0.636236787
v -0.256766111 0.748886228 -0.471854657
v 0.0394337773 0.713857591 0.306339562
v 0.92915225 0.0294931792 -0.243333131
v -0.173086926 0.83178395 -0.461608082
v 0.243937135 0.576451898 0.118936732
v 0.471843332 0.529528677 0.612283051
v -0.0629875213 0.617711902 -0.062456768
v 0.202989355 0.695329547 0.360976875
v -0.196811557 0.796006382 -0.45558241
v 0.485245943 0.479519874 0.46656993
v 0.688903451 0.207444653 -0.395618647
v 0.804568052 0.249167606 0.21906136
v -0.478988528 0.516146004 -0.610812128
v 0.343756199 0.643270075 -0.478425294
v -0.779982686 0.205272391 -0.461676657
v -0.137760103 0.787845433 -0.412448168
v -0.28434971 0.715781033 0.475274533
v 0.236891225 0.665995538 -0.358834654
v 0.0404242836 0.759530842 0.357117891
v 0.139045551 0.761824131 0.391051292
v 0.80061692 0.0354308859 -0.536817908
v 0.509047627 0.450191438 0.442924559
v -0.122628532 0.741079092 -0.363513738
v 0.0930664614 0.823282659 0.416375369
v 0.684123576 0.0545909256 0.698076546
v 0.824348092 0.211073294 0.137809023
v -0.149849772 0.730616629 0.368848562
v 0.543155491 0.381700546 -0.0398000292
v -0.860581815 0.206214845 -0.179700881
v 0.819521666 0.258804977 0.284766108
v 0.82953167 0.0327894799 -0.489928365
v 0.0998340771 0.689606369 -0.290570498
v -0.311062098 0.699711561 0.49456358
v 0.542013526 0.380443603 -0.669479489
v -0.833378732 0.0548816286 0.4279854
v 0.620249093 0.243576929 0.658515751
v 0.0223824698 0.625605643 -0.0973347425
v -0.374151736 0.645160794 -0.529379547
v 0.705557585 0.162442788 -0.480451375
v -0.25292787 0.801310301 -0.507656336
v 0.580984294 0.290556014 -0.660378516
v -0.14532727 0.61741817 -0.146554187
v -0.188305587 0.68980056 0.345955849
v -0.471129924 0.511684775 0.594999969
v 0.191981718 0.602833033 -0.158146188
v -0.101701453 0.682668746 0.279851615
v 0.815419495 0.261148334 0.304676026
v -0.131887212 0.642973125 -0.213237807
v -0.466964573 0.551075757 -0.648251414
v -0.343753844 0.629412889 -0.442260504
v 0.233679622 0.651534498 -0.33174035
v 0.125697732 0.765482187 -0.389678091
v 0.787546992 0.0942668393 -0.433404893
v -0.0493917912 0.666423559 0.230620921
v 0.0618235879 0.784779906 -0.383122504
v 0.507732809 0.471155971 0.664725542
v 0.275643528 0.634720445 -0.356058478
v 0.344918817 0.657925069 0.490073711
v -0.784954369 0.266707718 -0.316468686
v -0.60338825 0.201576471 -0.738185227
v 0.503403008 0.463785768 0.517740488
v -0.527890742 0.41581136 0.679699659
v -0.220902115 0.796136916 -0.475433201
v 0.0201245155 0.783838451 -0.37601462
v 0.812694669 0.0520299412 -0.480006725
v -0.868366599 0.0412689447 0.383296967
v 0.246685594 0.686479449 0.390792608
v -0.862647772 0.25539875 -0.283801228
v -0.545155168 0.394203395 -0.66058594
v 0.533361852 0.424325585 0.441400796
v -0.319184601 0.700326383 -0.502247512
v -0.40248245 0.612361431 -0.543596983
v 0.00956446119 0.685072422 0.259818047
v 0.849257231 0.258219361 0.295499712
v -0.467448652 0.56157434 0.679161966
v -0.450348437 0.592580318 0.664796233
v -0.303603262 0.657926023 0.43243438
v -0.774685204 0.193847716 0.0717159882
v -0.616983652 0.195599914 -0.712909281
v -0.074937135 0.734835088 0.340048164
v 0.192459077 0.728625059 0.392494231
v 0.536648929 0.395758241 -0.705521762
v 0.11256244 0.685605228 -0.290353239
v 0.136426061 0.821444869 0.433318406
v 0.181231096 0.758271515 -0.416363358
v -0.781517029 0.252306908 -0.38479647
v -0.418444723 0.607595444 0.591549218
v 0.426766008 0.605610669 0.603277683
v -0.887058973 0.206869468 -0.205474138
v -0.948408365 0.0625917539 -0.0786958188
v -0.494480044 0.476335853 0.622097611
v -0.553375483 0.392113686 -0.58172071
v 0.122297108 0.773627639 0.393260121
v -0.90300864 0.270738572 -0.301494539
v -0.281250596 0.602724969 -0.280888826
v 0.928041875 0.0526844338 -0.114901498
v -0.521224439 0.442216694 -0.583298326
v 0.962706745 0.038699165 0.0327792577
v -0.312181979 0.687823713 -0.476546258
v 0.223392084 0.598417699 0.177425265
v -0.52070576 0.421789348 0.613832593
v -0.817039371 0.255919755 -0.353840202
v 0.411038607 0.605532527 0.554825604
v 0.358382285 0.629880309 0.471417099
v 0.929352164 0.0875561535 0.0800302252
v 0.169645533 0.808395445 0.444083482
v -0.606175363 0.223372757 -0.714145899
v 0.463085264 0.556353927 0.64285779
v -0.00306753907 0.851902068 0.416755378
v -0.816592991 0.240845829 -0.20721899
v 0.0320848152 0.832016587 0.408362955
v -0.0354090631 0.617125213 -0.0218810216
v 0.612684608 0.197085455 0.721140623
v 0.747104108 0.261502624 0.395319998
v 0.406215966 0.617478848 0.563201845
v -0.531473875 0.421616793 -0.665476263
v 0.763721406 0.229694694 0.0527292602
v 0.454688519 0.547118306 0.577682734
v 0.019516129 0.755514562 -0.351302803
v -0.924521089 0.0569565333 0.10684035
v 0.256808877 0.75966692 -0.483670533
v 0.420017213 0.567334831 0.498687327
v -0.462302864 0.544686198 -0.607208908
v -0.214793056 0.653944373 -0.307315141
v 0.141432554 0.76265353 -0.395192683
v 0.58351481 0.205225214 0.783169389
v 0.588244557 0.168033794 0.788512766
v 0.112716548 0.74742341 -0.367582381
v 0.0594540983 0.698230565 -0.289655149
v 0.451874435 0.548133612 -0.595883429
v 0.606619716 0.323270261 0.553007066
v 0.474984348 0.52803421 0.626423717
v 0.74295336 0.268911779 0.378611058
v 0.597295702 0.242765024 -0.681763232
v 0.744777918 0.27939555 0.321278602
v 0.74500829 0.248962685 0.42674616
v 0.47214818 0.541644752 0.651438117
v 0.718442738 0.249305546 -0.0216285791
v -0.118701316 0.667598903 0.2623052
v -0.612140834 0.343548119 -0.454064757
v 0.0244120676 0.864540577 0.423351645
v 0.0847313479 0.721351802 -0.328489393
v -0.844669104 0.219889507 -0.188984305
v 0.568628788 0.308745831 -0.702166677
v -0.0291191731 0.729721248 -0.324603528
v -0.87433362 0.0638755932 0.284408778
v 0.705416024 0.195794716 -0.372324884
v 0.743972719 0.0601972453 0.622168183
v -0.336045921 0.696352899 -0.524752617
v 0.498279691 0.479421705 -0.657109559
v -0.239381894 0.725580573 0.434421927
v 0.758204758 0.126962602 -0.422019124
v -0.765391469 0.26673454 -0.221582115
v 0.028155176 0.688948989 -0.268835366
v 0.119904518 0.811478913 -0.420909882
v 0.820370555 0.0332952514 -0.505909562
v -0.183421716 0.600645185 0.134645283
v -0.229695261 0.590198398 -0.156863809
v -0.463264465 0.535847247 0.61530894
v 0.573067784 0.334724486 0.667597294
v -0.164752483 0.605829 0.12879093
v 0.0447535664 0.82107228 0.403906494
v 0.570311666 0.305669755 0.734803081
v -0.14795275 0.748844445 0.385893583
v -0.15937984 0.708050787 0.348592699
v 0.621214449 0.167681992 0.724060774
v -0.502660036 0.469158053 0.654984295
v -0.697954714 0.036544051 0.684594214
v -0.889466166 0.0590222441 0.252267182
v -0.0415488407 0.747927606 0.346512079
v -0.212717801 0.578851819 0.0483568721
v 0.201176345 0.594005227 -0.134076655
v 0.147114098 0.598598063 0.00608485704
v -0.338396341 0.677277088 -0.505243599
v 0.161787391 0.736657143 0.3798168
v 0.570047915 0.317428917 -0.651275039
v 0.46326977 0.543537259 0.608570158
v 0.641694903 0.336729348 0.317260593
v -0.141277492 0.610836983 -0.111701943
v 0.12388812 0.686235368 -0.297440261
v 0.57496506 0.319259733 0.691751301
v -0.117522113 0.710380852 -0.325348079
v -0.845802069 0.0228996277 0.480921835
v -0.813754439 0.250881672 -0.371343464
v -0.917125046 0.0476373769 0.199135184
v -0.146088794 0.690622509 0.316519499
v -0.203893483 0.585488975 0.0855564401
v 0.839322209 0.160010517 0.0198612735
v -0.816119432 0.20111081 -0.44409126
v -0.173472106 0.689101279 0.333170682
v -0.206191495 0.59381932 -0.130327791
v 0.489195079 0.480195612 -0.601982713
v 0.449567467 0.511773288 0.429907322
v -0.381140232 0.531498373 -0.271333814
v -0.873997629 0.215957016 -0.209156916
v 0.104277365 0.798197389 0.404394537
v 0.637484908 0.253729671 0.603335381
v -0.532788455 0.417637944 -0.682959139
v 0.432278126 0.533019423 0.44029671
v 0.245451495 0.767143726 0.475511342
v 0.961675465 0.0361544229 -0.00374793238
v -0.619182706 0.326337457 -0.496128052
v 0.61918515 0.15239431 0.736782908
v -0.372069418 0.544621348 -0.295515805
v 0.837071061 0.247827068 0.376539111
v -0.938837409 0.0279124472 0.212779522
v -0.47544533 0.526395798 -0.624878824
v -0.841382682 0.0324288867 0.467458159
v -0.518660963 0.445666283 -0.570196927
v -0.321933687 0.712197304 0.523206413
v -0.472222775 0.52381289 -0.595183074
v -0.917341292 0.0649403036 0.0958088413
v 0.190610319 0.788471878 0.444467604
v 0.100373082 0.727751791 -0.341863692
v 0.28738597 0.613378406 -0.332710534
v -0.578518271 0.315743893 0.568274081
v -0.010035879 0.686289072 0.261988282
v 0.209087551 0.710469365 0.385215104
v 0.842947543 0.0227451138 -0.486739367
v 0.189821735 0.768493712 0.428174764
v -0.535954654 0.392022192 0.626355112
v -0.893580317 0.0146773681 0.403690785
v -0.495176762 0.501750827 -0.685842514
v 0.850918114 0.0718088746 -0.328855395
v 0.923107386 0.0517089404 -0.147239998
v -0.308200598 0.61299473 -0.34892568
v 0.493663818 0.490847796 0.612635553
v -0.30648753 0.708368301 -0.492606759
v 0.87396872 0.0134172663 -0.448225498
v -0.0378136858 0.76235199 -0.359256923
v 0.230459556 0.692861855 -0.389326364
v 0.680011213 0.272070765 0.478441298
v -0.0180716105 0.693992674 0.275520474
v 0.57673049 0.357897282 0.576402307
v -0.756991982 0.174621344 -0.514415562
v 0.121668197 0.787834942 -0.405600876
v 0.80953002 0.223271593 0.422143757
v -0.175860181 0.775601804 -0.425212443
v 0.564822376 0.349084049 0.675530374
v 0.614034414 0.275110632 0.630709291
v -0.578807712 0.352183789 -0.586972296
v 0.590404689 0.310593903 -0.475831509
v -0.25820303 0.758844972 0.483995467
v 0.0441083759 0.792324424 0.384878665
v 0.170262635 0.645922482 -0.256840378
v -0.619344831 0.203460351 -0.701589823
v 0.0904654488 0.688936949 0.28305918
v 0.334680527 0.562748015 0.264918417
v 0.829414189 0.251855195 0.366003662
v 0.296444476 0.591842294 0.276922584
v -0.452690452 0.521817863 -0.484229147
v -0.0694463179 0.63958323 0.170209721
v 0.810215056 0.261637866 0.320659667
v 0.763042212 0.117294505 -0.435700238
v -0.72402823 0.284680814 -0.20064953
v -0.894854784 0.246484205 -0.263885081
v -0.592939138 0.131118879 0.792290211
v -0.529317439 0.423693031 -0.711215496
v -0.224742875 0.817736328 -0.493880332
v 0.387365937 0.649733365 0.565997362
v 0.00198004395 0.763577938 -0.357906222
v 0.410996109 0.573025584 0.484761328
v 0.481326371 0.49378559 -0.598013043
v -0.543229282 0.403037429 -0.625794709
v -0.144109875 0.739635527 -0.372900903
v -0.117788844 0.616620898 -0.112701878
v 0.445342392 0.573271036 -0.618282974
v -0.812860847 0.177289635 -0.466695487
v -0.939576983 0.0465341397 0.0888019577
v -0.321574628 0.683415294 -0.485296249
v 0.576252818 0.328905791 -0.486808747
v 0.272535592 0.622702777 -0.329078466
v -0.604995787 0.212655798 -0.726200104
v -0.609124541 0.132108033 -0.763797164
v -0.2878488 0.633620918 0.371235967
v -0.284086615 0.582716525 -0.228213713
v 0.144416079 0.601323485 0.0472283363
v -0.546625257 0.36938563 0.685400307
v 0.722022176 0.289268702 0.233951777
v 0.528501809 0.413671881 -0.676005125
v -0.354970783 0.673863351 -0.530918539
v 0.327335864 0.708230853 0.524008036
v -0.526636243 0.416442931 0.663288713
v -0.0648893565 0.623864233 -0.103529148
v -0.128519401 0.604182541 0.0381984152
v 0.403014511 0.56970191 -0.485261917
v 0.19412519 0.621804655 0.213279411
v 0.957624555 0.0485660732 0.0673515201
v -0.57362473 0.316919059 -0.701921642
v 0.737182736 0.244551703 0.443821639
v 0.0388393067 0.617282629 0.0296665747
v 0.588310957 0.16751194 -0.789391696
v 0.59294951 0.131037265 -0.791464925
v -0.486034244 0.508172393 -0.629232526
v 0.732162833 0.151655763 -0.428043842
v 0.947836161 0.058247555 0.0512476414
v 0.191624179 0.822453201 0.468268782
v 0.632994115 0.275844097 0.577846706
v 0.0508357398 0.748903155 -0.349335462
v 0.711058557 0.15157041 -0.492071867
v 0.777454376 0.257754803 0.204774618
v 0.313593447 0.717572272 -0.516415358
v 0.488054723 0.481740266 0.503101587
v -0.753558576 0.21040839 -0.478659779
v -0.754736066 0.23255381 -0.44623512
v 0.753434181 0.252202123 0.410602361
v -0.301336318 0.692689776 -0.466822684
v 0.0579999164 0.849116921 0.421255022
v 0.770778239 0.100482903 -0.459531993
v -0.281344354 0.738899291 0.493431479
v 0.250497848 0.776318669 -0.490053833
v -0.516251802 0.425213248 0.581464469
v -0.606975198 0.35992074 -0.357394904
v -0.786211193 0.175200447 -0.487127215
v 0.786429048 0.218939155 0.0772941709
v -0.720008075 0.255308449 -0.446291178
v 0.342566907 0.660535276 -0.499410421
v 0.19651261 0.667901635 0.31475088
v -0.344198167 0.693286657 0.539827943
v 0.98459506 0.0123493336 -0.0263527725
v -0.587263286 0.245190233 -0.744191408
v 0.0446468815 0.682714343 -0.260989577
v 0.609418273 0.273196787 0.647442758
v -0.757948279 0.223896056 -0.456122398
v 0.592837095 0.296322882 0.66283071
v 0.463663638 0.506448925 0.475959688
v 0.175290838 0.784577131 -0.433208883
v 0.575054348 0.293430269 -0.695585847
v 0.208815157 0.631493688 0.254438072
v -0.603161037 0.210671991 0.708058119
v 0.388019681 0.644438446 -0.567912042
v 0.406226993 0.598760545 0.527773738
v -0.158031598 0.670525074 0.293291807
v 0.599265277 0.21874842 0.735000312
v 0.0422894619 0.670505345 0.236421511
v 0.525537848 0.431552291 0.421326578
v 0.130503386 0.738200545 0.364167452
v 0.695150614 0.272483766 0.0084580034
v -0.986668646 0.012568404 -0.00313768024
v -0.0827056617 0.615742624 -0.0669401661
v 0.701228261 0.257833123 -0.0517542101
v -0.136457071 0.690757513 -0.307756454
v -0.483541667 0.491820931 -0.529074252
v 0.840354264 0.0836104453 -0.318140358
v -0.289802283 0.72306782 0.489299625
v 0.0283851139 0.751259208 0.347666532
v 0.893830121 0.248871416 0.267509907
v 0.75369525 0.2757366 0.25104779
v -0.773910344 0.233980134 -0.427079499
v 0.259830564 0.683385193 -0.409169734
v 0.700551212 0.302468896 0.282901555
v -0.180272043 0.676517904 0.31987229
v -0.51292628 0.444751054 0.649862051
v 0.11162883 0.627220273 0.150696486
v 0.94335252 0.0554912984 0.00192985695
v -0.291538388 0.696755052 -0.458388537
v 0.50549835 0.457429558 -0.636679173
v -0.203952134 0.754046202 -0.427433193
v 0.100142844 0.759112775 0.371725202
v -0.153264835 0.623431623 -0.175657019
v -0.253263533 0.720608354 0.443860054
v 0.816423416 0.227382183 0.168849126
v 0.0954679027 0.734906852 0.346317619
v -0.202477872 0.615252256 0.2155696
v 0.367893159 0.626690745 0.485906601
v -0.144401863 0.660570562 -0.260979503
v -0.481011927 0.505561829 0.627152443
v 0.503323376 0.425511569 -0.440032065
v 0.272721559 0.747412503 -0.491083026
v -0.0658718348 0.715052247 -0.312795997
v 0.111934379 0.725869954 0.341581285
v 0.778634012 0.112211585 -0.406786531
v -0.678322494 0.0695049092 -0.696806133
v 0.210352585 0.791176498 0.462104082
v -0.644572377 0.0897416249 -0.729052901
v -0.599237919 0.0181702133 -0.797650814
v 0.174926952 0.696488559 0.340366423
v -0.191292912 0.593264282 0.108499505
v -0.571108878 0.288378388 0.739382684
v 0.366497725 0.585712969 0.399686903
v -0.174890533 0.751948893 -0.404155135
v 0.215686023 0.82417357 0.489996165
v 0.152117789 0.805086672 -0.433039516
v -0.0050565484 0.619316339 -0.0425308272
v -0.842758179 0.256652981 -0.286019087
v -0.14794825 0.635694146 -0.206939191
v 0.518567204 0.40432632 -0.417552501
v -0.573856413 0.307498753 -0.716982603
v 0.00314081763 0.670722127 0.232891157
v -0.354601264 0.652872562 -0.500926554
v 0.12972267 0.743417799 -0.371582419
v -0.0670402795 0.666731119 0.236883968
v 0.357126147 0.650448799 0.502170026
v 0.836192012 0.240686536 0.230138436
v 0.152187482 0.614427984 -0.149951234
v 0.76720351 0.108355403 -0.448839545
v -0.0563381314 0.614864051 0.00949991215
v -0.13371852 0.715325654 -0.339610219
v 0.199118376 0.673783779 -0.333987564
v 0.7901057 0.191229343 0.468980193
v -0.188165173 0.58987087 0.0748773217
v 0.788815498 0.11993669 -0.351314396
v 0.109510645 0.661090791 0.240556881
v -0.139737785 0.725772381 0.357740462
v -0.6710217 0.289043665 -0.456661284
v -0.440413475 0.59014523 0.629056036
v 0.290753007 0.648444414 0.38836053
v -0.519095957 0.448545039 -0.690507472
v -0.137433708 0.874428272 -0.461351335
v -0.169418067 0.862109959 -0.473238647
v -0.490171462 0.478471816 0.602826893
v 0.143383235 0.624137282 -0.175606266
v -0.0286758188 0.686919689 -0.264475495
v 0.396979272 0.621611834 -0.557753384
v -0.752604067 0.256920666 -0.400984377
v 0.573144436 0.316026837 0.705879271
v 0.465070784 0.540624142 -0.632214785
v -0.184959918 0.698099136 -0.350475609
v -0.368917227 0.626939774 -0.488569975
v -0.589854121 0.301131696 0.545177519
v -0.928815961 0.0554841161 0.092148222
v -0.226467937 0.772770524 -0.46254003
v 0.414339721 0.561789811 -0.501051366
v -0.602232993 0.355581641 -0.43860358
v 0.184972033 0.733778417 -0.396195143
v -0.633372962 0.340604872 -0.34938696
v -0.0282355156 0.669017553 -0.231183618
v -0.53942883 0.386480272 0.6609267
v -0.159163028 0.760712683 -0.402258635
v 0.565808713 0.391601831 0.430207014
v 0.875329673 0.258093774 0.373562425
v 0.225238457 0.785924077 0.471119046
v 0.633978605 0.342727721 0.279019326
v 0.325774759 0.600347936 0.350491434
v 0.578078926 0.257948905 0.76188457
v 0.317265332 0.735694766 -0.538403869
v -0.835848093 0.102032036 0.259629279
v 0.807916582 0.0435535721 -0.507834256
v -0.567037821 0.309062392 -0.744374514
v -0.457523316 0.539328337 -0.567692697
v -0.78369385 0.178436428 0.110445298
v -0.354875147 0.653354108 0.512160182
v 0.355713606 0.538606703 0.227444828
v -0.595712662 0.285547405 0.573019028
v 0.680324137 0.20755066 -0.431438327
v -0.614839613 0.189098641 0.696094692
v 0.20928058 0.61899519 0.223093316
v 0.322323829 0.722832978 0.531630337
v -0.447845131 0.523904264 -0.470897764
v 0.956786335 0.0660892576 0.13410072
v -0.0214664843 0.712454796 0.302709132
v 0.0982547328 0.872301102 -0.442325652
v 0.452904791 0.481179357 -0.409195185
v -0.317092568 0.584478796 0.318905234
v -0.772991538 0.0618223287 0.537375867
v -0.0709994733 0.783380806 -0.383501142
v -0.892552257 0.186407119 -0.182475135
v -0.309280246 0.721237957 0.51354152
v -0.476772279 0.489237368 0.56008929
v 0.49174282 0.481072396 0.532379508
v -0.526801527 0.433047354 -0.615509927
v -0.0362126157 0.692841709 0.275919259
v -0.952498257 0.0917011276 -0.161063567
v 0.21897836 0.689085364 0.366706669
v -0.596660674 0.368829519 -0.290276468
v -0.394026607 0.551767349 -0.378439873
v -0.642916441 0.166021273 0.647781432
v -0.898009777 0.219650909 -0.228891566
v -0.266298681 0.715530694 0.453223288
v 0.28717187 0.60230732 -0.307719111
v 0.180297345 0.662413776 0.291051626
v -0.445174426 0.601961732 -0.659439802
v -0.640661955 0.178266421 0.636118233
v -0.0950267464 0.728143156 -0.337955505
v -0.785378337 0.26251778 -0.346984982
v 0.273497641 0.676818013 0.409035206
v 0.00562046515 0.83978343 0.410666615
v 0.0871715918 0.803024828 0.401949435
v -0.544358432 0.398499519 -0.643232763
v -0.518024266 0.424102247 0.597141147
v 0.405203044 0.628735483 -0.587374508
v -0.604717076 0.362373382 -0.339498788
v 0.573190331 0.313698798 -0.636596084
v -0.485804677 0.502353311 0.64384526
v 0.0562299825 0.615469575 0.0214490853
v 0.570113778 0.310268521 -0.68271023
v -0.776936352 0.226049826 -0.437067479
v -0.878454626 0.195154876 -0.180520564
v 0.517578125 0.449943721 0.643550515
v 0.757385373 0.259120792 0.161314547
v 0.75106287 0.128612041 -0.437690467
v -0.0972609594 0.642633021 -0.190842077
v 0.583700538 0.321588516 0.648727775
v 0.259544224 0.63011992 -0.325081617
v -0.541444123 0.407998234 -0.608522356
v -0.765443087 0.203428298 0.0625156909
v -0.630426824 0.0480597913 0.758266032
v 0.965762913 0.010572155 -0.192903668
v 0.6989097 0.300855041 0.22049813
v 0.014137201 0.633642137 -0.132691815
v 0.20835419 0.645007312 0.283157468
v -0.532234788 0.402296156 0.653610229
v 0.504729569 0.413122535 -0.32709071
v -0.64645648 0.177334651 0.621084332
v -0.407982588 0.576913357 0.512604296
v 0.585829854 0.315161437 -0.490555167
v -0.704488873 0.300271899 -0.27589944
v 0.31794557 0.701807022 -0.50714469
v -0.823905826 0.147973821 -0.48054409
v 0.850190103 0.0630707219 -0.361056209
v 0.554038167 0.351286829 -0.673809171
v -0.165906414 0.638272822 -0.229050696
v -0.687065303 0.111602031 -0.658152461
v 0.369020581 0.658178866 -0.5452438
v -0.168926209 0.637782335 0.237449229
v -0.530454934 0.425129086 -0.648404777
v 0.857027829 0.0623400025 -0.344438642
v 0.421856552 0.506844103 -0.376487255
v -0.0504071116 0.871049821 0.429517388
v 0.198920667 0.587575197 -0.0884140208
v -0.75041008 0.105901189 -0.58020246
v -0.552811503 0.357373327 -0.732486963
v 0.303275555 0.57874912 0.251469046
v 0.441996932 0.586410046 -0.628472745
v 0.775049329 0.105857313 -0.434449583
v 0.424504101 0.550529122 0.467680782
v 0.582220316 0.329241723 0.637230217
v -0.456411004 0.569137871 -0.642271638
v 0.987369835 0.0113301277 0.0305088609
v -0.19762443 0.668040216 0.321647435
v 0.239146337 0.711339772 -0.419814497
v -0.347670227 0.680416644 0.531891108
v 0.848443031 0.221726462 0.416269243
v 0.35221824 0.70170635 -0.56216836
v -0.627008438 0.346348166 -0.330177397
v -0.734653056 0.233539745 0.0373949409
v 0.911830485 0.0364787281 -0.273350358
v -0.180916801 0.652072906 0.27895394
v -0.576002121 0.384765714 -0.316289335
v 0.381327182 0.56296277 0.376142144
v -0.708632469 0.290322751 -0.176307395
v -0.39677304 0.606376231 0.534241438
v -0.76218313 0.192057446 0.135356501
v 0.601264238 0.267422348 0.679081619
v 0.0298298895 0.734036803 -0.330013007
v 0.683981776 0.311277926 0.251617551
v -0.930725813 0.049838867 0.118522964
v -0.559346378 0.371383607 -0.63833195
v -0.803239346 0.253619939 -0.234568641
v 0.532789171 0.386062145 -0.39130637
v 0.0299826525 0.631958783 -0.129444376
v 0.766340554 0.0152796879 -0.620084107
v 0.0420265011 0.702607751 -0.29205057
v 0.909036636 0.150672853 0.154759124
v -0.2265632 0.783675194 -0.471199274
v 0.357662052 0.599778593 0.412368566
v 0.781037748 0.26706934 0.323534369
v -0.627147257 0.0646534637 -0.760618925
v 0.525021315 0.434748828 0.691922188
v -0.803629041 0.260691255 -0.273312241
v -0.775125265 0.18036966 0.137977228
v -0.537406027 0.417190015 -0.572589278
v 0.248199999 0.64812386 -0.34320128
v -0.269705564 0.7219221 -0.459751755
v 0.577693164 0.266704053 -0.737952709
v 0.736482918 0.0858052596 0.612570941
v -0.270912379 0.722859919 0.465999991
v -0.229439363 0.581866503 -0.115676276
v 0.883655727 0.0650694966 -0.246530592
v -0.78391248 0.257733017 -0.367431015
v 0.297617704 0.697721124 0.467580974
v 0.284780502 0.705072224 -0.464925736
v 0.476644307 0.518156528 0.602306187
v 0.505076587 0.458572835 0.484682173
v 0.223718256 0.665141523 0.335213393
v -0.458030373 0.538464606 0.59998709
v 0.831004918 0.0820735246 -0.352249235
v -0.876058102 0.0692196712 0.255606413
v -0.911560774 0.0646269992 0.128190368
v -0.250248224 0.722067416 -0.438119352
v 0.6003353 0.286523551 -0.536007345
v -0.488630295 0.456883907 0.508631349
v -0.850398481 0.089957796 0.258356661
v 0.62234354 0.251109004 0.643580914
v 0.704194248 0.291018069 0.370636165
v -0.124600954 0.814842641 -0.42432344
v 0.550858378 0.378589332 -0.00448224973
v 0.327700853 0.576682508 0.293528944
v -0.637795329 0.316574484 -0.463947952
v -0.39901036 0.632884681 0.577745855
v -0.871910632 0.022756815 0.428876102
v 0.298068494 0.712872505 -0.490327746
v -0.568138421 0.391380429 -0.349722356
v -0.572265267 0.33137995 0.525730908
v 0.80374378 0.247772887 0.382285863
v 0.0419985577 0.770303249 -0.367668182
v -0.506069958 0.428494811 0.491150558
v -0.661344647 0.0664067045 -0.71905756
v -0.815363169 0.189646885 -0.454907835
v 0.239745751 0.619657457 0.26279217
v -0.174271166 0.732676327 -0.384183347
v -0.4831779 0.486367971 0.586268008
v -0.528795838 0.428756922 -0.631863475
v 0.219266579 0.653905988 -0.320362598
v 0.612215877 0.275619209 -0.504865766
v -0.0752978846 0.613601863 -0.0315922573
v 0.30093208 0.729267061 -0.509900033
v -0.581179142 0.257557034 0.734266102
v 0.966524661 0.0382999554 0.0808879361
v -0.211008698 0.712920487 0.394235522
v -0.155699283 0.671950698 -0.2894741
v 0.193764463 0.760970652 -0.42783767
v -0.266126752 0.696124732 -0.425629556
v 0.207000956 0.74268651 0.418343395
v 0.514183462 0.41253975 -0.447912306
v -0.915962219 0.0413428694 0.235788196
v 0.0689058974 0.762417912 0.365206182
v -0.152206987 0.601898015 0.0814117938
v 0.094677873 0.698403656 -0.301732689
v -0.659300864 0.150397107 0.628450513
v -0.608810842 0.131818414 0.757576287
v 0.701392472 0.254710943 0.475132555
v -0.917561412 0.0861195773 -0.0239227023
v 0.880493045 0.209235296 0.204123318
v 0.61388272 0.125334129 -0.750329316
v -0.0417320728 0.714787781 0.308209419
v -0.534425974 0.389401406 0.521650136
v 0.208319396 0.763459861 -0.441312999
v 0.697264135 0.195299938 -0.407449007
v 0.164919034 0.701330781 -0.344693303
v 0.284257382 0.688760042 0.438643515
v -0.757669389 0.0769506022 -0.593146503
v -0.857059956 0.0452125408 0.399290055
v 0.747052431 0.0485947989 -0.602469683
v -0.571776628 0.387527317 -0.297584414
v -0.275886983 0.622389555 -0.318824112
v -0.60693717 0.288343072 -0.629607677
v 0.599462509 0.301162541 0.630826592
v 0.0769728646 0.809350431 -0.404225916
v -0.641897082 0.0771443695 -0.738054693
v 0.855298817 0.223745257 0.208290264
v -0.507600844 0.448583364 0.618087709
v 0.144970864 0.72830987 0.36095199
v 0.480913043 0.503510296 -0.621885657
v -0.0217333976 0.746322572 0.342427313
v 0.337485343 0.671626151 -0.504310429
v 0.188498139 0.641684532 -0.26532647
v -0.910984457 0.254445642 -0.273598671
v 0.0882744715 0.643117547 -0.190918103
v 0.777162135 0.228970841 0.0900560692
v 0.16997005 0.631072521 -0.22185874
v -0.833742499 0.259401351 -0.30254519
v -0.599279344 0.367021143 -0.308196008
v 0.0328328907 0.617676079 -0.0311222877
v -0.539310098 0.41320917 -0.591656148
v -0.145206437 0.610445619 0.122140698
v 0.0800623596 0.781472683 0.384240806
v -0.575137556 0.353885859 -0.600910783
v -0.614356875 0.20044513 0.683363736
v 0.0778743625 0.847712457 0.425358713
v 0.208953604 0.737065971 -0.418447763
v -0.286441237 0.693943501 0.454508871
v 0.0271052364 0.617107868 0.00607513497
v 0.250908107 0.745678127 0.462340295
v 0.840690851 0.210212544 0.162497044
v -0.793348491 0.263688594 -0.328320235
v -0.350885808 0.695677996 0.55388087
v 0.240718335 0.601288497 0.214183107
v 0.886087656 0.0363054872 -0.352870047
v 0.804913402 0.183090612 0.466456532
v 0.352932662 0.530416906 -0.227705762
v 0.90490818 0.0559662357 -0.207348838
v 0.691731215 0.305961579 0.235727862
v 0.178738654 0.635794997 0.23367317
v 0.127959222 0.716556966 0.337858647
v -0.10447102 0.630828202 0.163363591
v 0.402681261 0.615995944 0.550759733
v 0.322937161 0.679442704 0.482251734
v 0.226859376 0.604157567 0.202814147
v -0.524131238 0.437519521 -0.599192381
v -0.357946366 0.629699826 -0.470548868
v -0.222095683 0.734426796 -0.423772275
v -0.21978952 0.583197713 -0.0998806804
v 0.364946514 0.541953444 0.265645564
v 0.622765362 0.260202765 0.629886627
v 0.706469536 0.298663884 0.298633486
v 0.22308816 0.833574295 -0.503376544
v 0.130742848 0.65713197 0.244508862
v 0.948881745 0.0700507686 0.109099813
v -0.4119775 0.608986497 0.576484144
v 0.514257789 0.451331168 0.549071729
v 0.737185299 0.265939176 0.13477698
v 0.524568856 0.436770976 0.550800025
v 0.801680446 0.0920607224 -0.402651668
v 0.686342716 0.170565769 -0.518887758
v 0.848432839 0.0553561822 -0.390163064
v 0.705477118 0.152832642 -0.504659653
v 0.341765821 0.549038708 0.232680619
v -0.905337751 0.0747294128 0.100262851
v -0.803402066 0.209799722 -0.441199332
v -0.681230843 0.108492158 0.63671869
v 0.580733359 0.321432322 0.661650479
v 0.289683074 0.606128752 0.302471817
v -0.129913345 0.603022039 0.0198013503
v -0.846265852 0.0957794115 -0.489991874
v -0.682704508 0.298409343 -0.116811819
v 0.0662029684 0.702391624 0.295584917
v 0.401176155 0.629786313 0.570145667
v -0.915789962 0.096228227 -0.0565896593
v -0.869048119 0.0715336651 0.270687133
v -0.510013998 0.46171689 -0.606555164
v 0.927676022 0.119813859 0.142949417
v 0.724006653 0.23426564 0.478041321
v -0.226259276 0.692431271 0.383809865
v -0.0367596038 0.629965782 0.122292139
v 0.773705304 0.126296118 -0.37762773
v 0.879187644 0.230705261 0.237083346
v -0.00108024967 0.741983771 -0.336736888
v 0.484377563 0.482872546 0.482475966
v 0.207092121 0.635661483 -0.272117317
v 0.830800056 0.220523328 0.172813863
v -0.00533717917 0.872638226 -0.426700473
v 0.585291624 0.292567581 0.695773363
v 0.595850945 0.237296999 -0.698203266
v -0.315212488 0.598859072 -0.328928679
v -0.70973587 0.121705383 0.557914138
v -0.854057074 0.0937026292 0.228046343
v 0.826380551 0.233260706 0.199091002
v 0.558428407 0.355541348 -0.430112392
v -0.559233785 0.375819564 -0.619802296
v 0.585151136 0.264987499 -0.699372768
v -0.0467304774 0.701636076 -0.290357649
v 0.375326216 0.635573745 -0.529002726
v 0.288441271 0.721166849 0.481802553
v 0.143366113 0.600930154 -0.0486754552
v 0.706860363 0.29267621 0.354217678
v -0.603681028 0.218017772 0.695715547
v -0.679810226 0.120558701 0.624309182
v -0.861276269 0.262199312 -0.315849334
v 0.93762362 0.132707059 0.175207138
v 0.452679127 0.528182268 -0.556645393
v -0.840575933 0.182072639 -0.449988633
v 0.825393856 0.165605634 -0.00528933527
v -0.576802671 0.320951968 0.554072142
v -0.452158302 0.56921494 -0.622890294
v -0.458586454 0.532334447 -0.551298857
v -0.368434995 0.555319786 0.35946086
v 0.010949743 0.620154083 -0.0533829704
v 0.393613368 0.55069077 0.373164207
v -0.576558232 0.34673202 -0.616554379
v 0.23180975 0.579008877 0.103347719
v 0.316077679 0.611108541 0.357053071
v 0.825745523 0.0729872808 -0.395421296
v 0.428019911 0.535972536 -0.485629886
v -0.90561676 0.0510780849 0.228656828
v -0.466795534 0.438257456 0.00859334134
v 0.271510422 0.611083686 -0.302746952
v 0.67021805 0.317777634 0.219615683
v 0.711084425 0.24478513 -0.082044296
v 0.335392892 0.651893735 0.463875651
v 0.0180025324 0.774865508 0.368437201
v -0.75638324 0.20014447 -0.48803401
v -0.495263994 0.492742985 -0.639423788
v -0.742417157 0.18232286 -0.522351265
v -0.837683737 0.175253287 -0.0660256296
v 0.952630758 0.0466289818 0.00720537174
v -0.120374091 0.688374758 -0.295431405
v 0.859521091 0.208705947 0.18307659
v 0.567342103 0.343846321 -0.441937685
v -0.863278508 0.0793869197 0.257391274
v -0.722072542 0.244797647 0.0308907274
v 0.0812244937 0.63393116 -0.15926221
v -0.331341207 0.691486299 -0.511037886
v -0.460835546 0.505326688 -0.456346303
v -0.67280221 0.0600804538 -0.708759487
v 0.754239857 0.0273396391 -0.620609403
v 0.578150332 0.273828566 -0.721921623
v -0.884861469 0.182681248 -0.168631524
v 0.833266973 0.0533850007 -0.432375789
v -0.48049441 0.492705792 -0.511843264
v -0.044378832 0.636280894 -0.147655666
v -0.216481984 0.578565776 0.0640644208
v 0.0159963705 0.63595593 0.141074836
v 0.418355495 0.540768981 -0.465276688
v 0.581666946 0.262968838 0.745072305
v 0.51090157 0.407550871 -0.339263171
v 0.168900669 0.679201424 0.311803639
v -0.220180422 0.669071257 -0.338514715
v -0.502501011 0.428459883 0.453951269
v -0.404385418 0.526221871 0.37919727
v -0.691521347 0.129011303 0.586440682
v 0.530727983 0.417818606 0.734110951
v 0.540615916 0.386299074 0.745012999
v -0.792705834 0.18589659 0.0373832099
v -0.59393996 0.34998402 -0.5146631
v -0.540225506 0.385188133 0.677992642
v -0.720762253 0.248936445 0.013364994
v 0.472786039 0.52050823 0.587040424
v -0.39916122 0.636120915 -0.574692667
v 0.523351431 0.437744498 0.513786912
v -0.576216459 0.367557466 -0.0762165412
v 0.0275671612 0.705740213 -0.294313461
v -0.531817734 0.397946924 0.592677057
v -0.540046334 0.393273354 -0.721619368
v 0.383365035 0.615620792 -0.517589927
v -0.782796144 0.120302863 -0.533359349
v 0.00497759832 0.619534373 0.045813363
v -0.728618503 0.243288532 -0.457868993
v -0.46614778 0.51477623 0.579839945
v 0.662770748 0.252965838 -0.304734498
v -0.755796969 0.217229456 -0.467332006
v 0.23739551 0.706012011 0.406445026
v -0.159268364 0.73892355 -0.381117761
v -0.33067587 0.577509105 0.329184204
v -0.333466202 0.703180492 0.532314837
v -0.771378458 0.0911604539 -0.566500545
v 0.383483648 0.555538058 0.360057712
v -0.950619757 0.0316694714 0.128226459
v 0.698750257 0.0770415887 0.666558087
v 0.538107693 0.409250766 0.654781401
v 0.205640718 0.814838052 -0.476417124
v -0.667865992 0.304715335 -0.414666802
v -0.80009526 0.240284011 -0.180257812
v -0.124241255 0.707260549 0.326959789
v -0.320508838 0.667016625 -0.461451858
v 0.577167749 0.293968827 0.72387886
v 0.948445022 0.0660295859 0.0927261561
v 0.0424098596 0.620774746 -0.0740163773
v -0.0191404019 0.741078794 -0.336527944
v -0.686641753 0.14202702 0.576174021
v -0.934603155 0.0873830467 -0.100147516
v 0.584060729 0.320423365 -0.463971078
v 0.0637825504 0.745352387 0.347618282
v -0.57612735 0.276952922 0.728802681
v 0.0184861701 0.617704332 -0.0202518683
v 0.846344054 0.164754644 0.0569964983
v 0.455432683 0.509032845 0.4459337
v 0.222470924 0.649800956 0.306945473
v 0.224135324 0.670952559 -0.352912396
v -0.359392136 0.667830288 0.538477361
v 0.350355834 0.551392615 0.263363689
v -0.296679109 0.671289921 0.440624028
v -0.198058769 0.848438978 0.48697266
v 0.198058695 0.848439097 0.486972451
v 0.165921554 0.666252971 -0.292614877
v 0.650237918 0.289747626 0.505253673
v -0.583675265 0.366940111 -0.488222182
v -0.297800332 0.707959116 0.484835356
v 0.278908908 0.66034317 0.391331971
v -0.377475113 0.657717288 0.561545908
v 0.0265928321 0.796339631 0.385634869
v -0.864705563 0.0334129333 0.415368557
v -0.654088795 0.247068688 0.389503956
v -0.284666657 0.596406281 0.288358867
v 0.111706801 0.704365492 0.31445539
v -0.37817952 0.685782671 -0.591459692
v -0.61982578 0.346439213 -0.170253307
v -0.0268094409 0.817326903 0.399452269
v 0.333266556 0.710149646 -0.538896441
v -0.918621242 0.154084787 -0.172515631
v -0.245487407 0.700973213 0.414201915
v 0.953624845 0.0475897826 0.0236196928
v 0.817349315 0.130497172 -0.203221276
v -0.225917026 0.711017072 0.405845553
v 0.0749232471 0.684939623 -0.273613513
v 0.74679929 0.277086705 0.233891904
v -0.817696452 0.245972663 -0.225344136
v 0.0768017396 0.719397008 0.321296722
v -0.772757173 0.267484933 -0.248323843
v 0.814265192 0.176991552 0.00224065874
v -0.294378072 0.679717422 -0.440391839
v -0.732391298 0.230521128 -0.474004865
v -0.174909621 0.59793961 0.102805287
v -0.597752869 0.0535765439 -0.797969699
v 0.597752869 0.0535765514 -0.797969699
v 0.218554452 0.771667898 -0.456461459
v 0.477068901 0.4986507 0.518573225
v -0.83048445 0.230975404 -0.198035955
v -0.888600767 0.197218478 -0.193151444
v -0.632182837 0.254695386 0.477149725
v 0.856012106 0.241502687 0.246805459
v 0.387815267 0.502024651 0.138826802
v 0.65413779 0.234010994 0.594842434
v -0.585330307 0.364966929 -0.115497969
v 0.878222108 0.0842627585 -0.175105244
v 0.50474906 0.460446805 0.502452016
v -0.602092266 0.346924216 -0.0546523668
v 0.295134544 0.634743869 -0.384569198
v 0.709219337 0.266412824 0.0345863588
v 0.488560617 0.432901293 -0.358882666
v 0.756692648 0.205619201 -0.0887960196
v -0.653765678 0.308958352 -0.0481015369
v -0.732036591 0.212235525 -0.500115275
v 0.360622108 0.662059367 -0.533905923
v -0.828775108 0.0414894484 0.471607774
v 0.271905273 0.693846643 -0.436275154
v 0.716774583 0.160906956 -0.449535728
v 0.722093105 0.290708929 0.301298052
v 0.13892813 0.601613462 0.0316317379
v -0.261852026 0.561113 0.0874899551
v 0.825001717 0.207428843 0.434507161
v -0.171953693 0.797019184 -0.43875584
v 0.944609165 0.0951331258 0.145482913
v -0.316390544 0.706075549 0.509001493
v -0.307837546 0.67288357 -0.450285017
v -0.613180399 0.26866442 0.52919805
v 0.214181215 0.589302123 0.121937968
v -0.698125541 0.105732083 0.607847154
v 0.773438275 0.23762925 0.421018362
v -0.115823619 0.636287987 -0.184166521
v -0.492382586 0.490586311 -0.599035084
v 0.674275279 0.246793434 -0.273320049
v -0.217413217 0.710342646 -0.392830998
v 0.705667675 0.260515869 0.456728131
v 0.180017903 0.616700232 -0.191931382
v 0.615948081 0.26636216 -0.521978438
v -0.462170303 0.571144998 -0.675076842
v -0.477663577 0.543052793 -0.687490582
v 0.694161415 0.184262753 -0.456119537
v 0.704951108 0.260159433 -0.0198937058
v -0.16231285 0.596143901 0.0528094657
v -0.584352314 0.307676017 0.55722791
v 0.0022048722 0.651909411 0.190151572
v -0.236793444 0.691158235 -0.387300491
v -0.974975586 0.0248458963 -0.0323211737
v -0.217280433 0.684988379 -0.359548718
v -0.629918396 0.121006846 0.721569002
v -0.856532991 0.0331278406 0.434106171
v -0.439872831 0.478231341 0.328849763
v 0.403419852 0.586184084 -0.517663479
v -0.751481056 0.210987464 0.0835987777
v 0.802521527 0.245778203 0.203638509
v 0.704221189 0.0540668853 0.674925625
v -0.924307585 0.044869706 0.182256654
v -0.0300577823 0.825915217 -0.405065924
v 0.0467338301 0.722581923 -0.319624513
v 0.949840069 0.0272226669 -0.164274156
v 0.881008029 0.0431643315 -0.343076557
v 0.283711612 0.707224667 0.460364282
v -0.471562594 0.496396601 -0.472932756
v 0.540741444 0.38404572 -0.689561546
v -0.321821034 0.619762301 0.401769578
v -0.407315016 0.632425964 -0.590778828
v 0.722053289 0.251755834 0.00709607732
v -0.528357565 0.407034785 0.620157719
v -0.481855154 0.425473988 0.162188441
v -0.81289506 0.0789167956 0.411311597
v 0.777227163 0.219300017 0.0522164851
v -0.790563285 0.225820616 -0.112920173
v -0.27074331 0.572146475 0.182833746
v -0.771374822 0.0697112828 0.525455415
v 0.791388154 0.244114488 0.178226709
v 0.853802323 0.162770838 0.0705540255
v 0.542981029 0.378174365 -0.708003819
v 0.486308455 0.496395797 -0.632034183
v -0.515999079 0.452970505 -0.637834251
v -0.208187655 0.594852805 0.151948646
v 0.369129449 0.512360752 -0.191025957
v 0.800704479 0.0829296336 -0.43083331
v -0.769260645 0.148467779 -0.525195539
v -0.513108552 0.457272589 -0.622389138
v 0.675129056 0.305033565 0.389205635
v -0.201009542 0.664051175 -0.311968625
v 0.610714555 0.184541777 -0.712867498
v -0.26750949 0.67087543 -0.393454939
v 0.443455845 0.588003397 0.627883971
v -0.327898175 0.717677057 0.537656546
v 0.458036989 0.522237718 0.512299657
v -0.512574852 0.436433643 0.607341588
v -0.485358268 0.492433608 0.616037667
v -0.496800393 0.485500455 -0.614370167
v 0.060189005 0.684288323 -0.267793536
v 0.537640572 0.387806565 -0.010309007
v -0.538022578 0.388654113 0.64344871
v -0.637026787 0.0347503722 0.755840302
v -0.568204641 0.330088347 -0.702109754
v -0.587551117 0.270872265 -0.71698755
v -0.307817817 0.63260591 0.400281966
v -0.300359577 0.581090152 -0.253543377
v -0.0849864706 0.781913936 -0.386336982
v 0.607478082 0.210429564 -0.692639828
v -0.577795923 0.253119975 0.759474039
v -0.0594034344 0.629423022 0.129822701
v -0.537780166 0.409828693 -0.654471338
v 0.881600499 0.156028122 0.116731077
v -0.595562637 0.356233507 -0.0995045304
v -0.583535731 0.302992225 0.590771377
v -0.740537107 0.0546537824 0.604365528
v -0.565178931 0.338223547 0.574628413
v 0.704756558 0.20039846 -0.35618636
v 0.346852213 0.537520051 0.19689773
v -0.680368245 0.253036618 -0.515473127
v 0.287660897 0.66542542 -0.420440137
v 0.477513492 0.543324947 -0.687370241
v 0.462120265 0.571235776 -0.675036788
v 0.641867578 0.134214073 0.709497094
v -0.634552956 0.323055834 -0.450590879
v -0.203616321 0.71112597 -0.381930828
v 0.753143907 0.0164284296 -0.635991871
v -0.0764714479 0.667995036 -0.240607068
v 0.608361363 0.307751477 0.58586961
v -0.404195309 0.612572014 0.562053382
v 0.234144062 0.63302958 -0.297859937
v 0.0630659908 0.616420209 -0.0516464487
v -0.0713505298 0.616844296 0.0649294108
v 0.790151 0.037374422 -0.551030815
v 0.310405284 0.549967468 -0.185675487
v 0.859559894 0.18215853 0.130763754
v 0.477759123 0.493158638 0.494735599
v -0.745723486 0.0755092055 -0.608822107
v 0.378093779 0.656280994 0.554223835
v 0.784584224 0.263709128 0.253097951
v 0.448413342 0.526193917 0.48103103
v -0.956757188 0.0501518436 -0.0696844086
v -0.437880069 0.579078555 0.603959441
v -0.200433791 0.60539937 -0.169997677
v 0.944228292 0.047043588 -0.0540774763
v -0.467252642 0.500703633 0.547230363
v 0.821458519 0.185225859 0.0549486876
v 0.832921445 0.195766091 0.113516659
v 0.713212252 0.245836452 -0.0653826669
v 0.728280485 0.139890894 -0.472090155
v 0.609302402 0.272549301 -0.536696494
v -0.307500541 0.607982814 0.354399025
v 0.602519035 0.198068321 -0.724519074
v -0.636162221 0.262996435 0.413391382
v 0.862772405 0.0535620265 -0.358083874
v 0.833065152 -1.14325527e-09 -0.548917234
v -0.833065152 -1.65071257e-09 0.548917234
v 0.833065152 1.14325527e-09 0.548917234
v -0.833065152 1.65071257e-09 -0.548917234
v 0.851558447 -3.81085108e-10 -0.520284534
v 0.851558447 3.81085108e-10 0.520284534
v -0.851558447 5.50237522e-10 -0.520284534
v -0.851558447 -5.50237522e-10 0.520284534
v 0.661030293 0.259372503 -0.274756879
v -0.506500006 0.466083974 -0.590691447
v -0.192311287 0.810652316 -0.462262928
v -0.601926863 0.365025342 -0.324007183
v 0.498491377 0.469824553 -0.62899071
v 0.614766419 0.347189933 0.142140493
v -0.756365418 0.275713265 -0.312580496
v 0.688085735 0.0774278715 0.679674387
v 0.223069414 0.708684981 0.395689547
v -0.423234016 0.479972959 0.2495033
v -0.663494945 0.300102711 -0.0350975916
v -0.754448056 0.136965185 0.403406739
v -0.858014584 0.0868707523 0.244028151
v 0.556719482 0.370759964 -0.0506993309
v -0.500430703 0.481346995 -0.629423738
v -0.165228069 0.662430823 -0.279201806
v 0.941411614 0.0446445979 -0.0907139406
v -0.223714083 0.647117794 0.312316895
v 0.843661427 0.232316703 0.403300345
v -0.533111393 0.389525533 0.48201701
v -0.795520127 0.151601583 0.193248898
v -0.76012665 0.198844939 0.108950742
v 0.430691123 0.581822813 0.568863392
v 0.722452104 0.150740504 -0.460845143
v 0.921510994 0.0649408996 -0.07299041
v 0.309694946 0.673025906 0.453161061
v -0.519403338 0.448659897 -0.724261642
v -0.968365014 0.0220701639 0.0829276666
v -0.677117407 0.207363904 -0.586280525
v 0.428150952 0.629094005 -0.645587265
v 0.477578282 0.504973054 -0.608769894
v 0.19906351 0.707200289 -0.378016055
v 0.782964766 0.103648335 -0.419843465
v 0.0840788633 0.698018193 0.294530988
v -0.352045983 0.665685534 -0.514469922
v -0.463530898 0.516194701 -0.516206503
v 0.724928916 0.28982085 0.267147124
v -0.238010958 0.7090047 -0.41077745
v 0.58423686 0.343909681 0.586415231
v 0.661051631 0.325277418 0.278816104
v -0.838223219 0.207158014 -0.151895523
v 0.299176216 0.550855696 -0.154746324
v -0.583405972 0.316659778 0.506418109
v -0.478306949 0.477584511 0.529284418
v -0.525639713 0.431620479 -0.421665102
v 0.711131036 0.279315919 0.39939931
v -0.858164608 0.11826022 0.0889442489
v 0.300573945 0.731092095 0.508027852
v -0.589752495 0.374109209 -0.320383757
v -0.455182195 0.560460567 0.630810559
v 0.517996073 0.446587324 0.565773964
v -0.623847365 0.165441215 -0.720640779
v -0.698750436 0.263935596 -0.46182254
v -0.0451670736 0.732025921 -0.329490453
v -0.607079327 0.28437385 0.496807933
v 0.707298219 0.180850998 -0.419890493
v 0.707978487 0.262523562 0.0076126284
v 0.197025076 0.600702643 0.145230591
v 0.616743565 0.301040024 0.573371291
v 0.961997509 0.0595580526 0.143181086
v 0.895515323 0.0566872135 -0.240865514
v -0.559162557 0.367050439 -0.655991971
v 0.409099847 0.525686085 -0.393490583
v -0.605274856 0.299349457 0.415137172
v -0.719621122 0.252628595 -0.00176908309
v 0.443146616 0.514561176 0.414147645
v 0.0387105271 0.626181722 -0.105992503
v -0.46721068 0.523604274 0.605556071
v 0.935125828 0.0675352067 0.0228689834
v -0.593267262 0.370777786 -0.271562964
v 0.207785472 0.815171003 0.476877034
v 0.238852888 0.613256574 0.245586738
v -0.567791224 0.363716364 -0.609171808
v 0.744633734 0.275036424 0.350621819
v -0.762356699 0.27216205 -0.328011125
v 0.810685158 0.195843861 0.0612877198
v -0.973486185 0.0245173387 0.00395475188
v 0.760608792 0.22519882 0.451641589
v 0.423968822 0.555009484 -0.515848637
v -0.614382923 0.115381651 -0.761422515
v -0.849075079 0.084368065 0.286374182
v 0.0983692706 0.828822792 -0.422659516
v -0.0921344385 0.667828143 -0.246487349
v 0.682214558 0.28994891 0.05787782
v -0.292508334 0.596310973 0.302050799
v -0.20020467 0.781453371 -0.447464764
v 0.346910119 0.641442955 0.468533218
v -0.518300056 0.448845118 -0.651314497
v -0.0225008484 0.62500447 0.0936085731
v -0.454372317 0.533193231 -0.532892823
v 0.777181506 0.0572757944 -0.537963092
v 0.416907698 0.592653036 -0.564673245
v 0.780030489 0.0390762128 -0.564914882
v 0.604572713 0.287099689 0.639081597
v -0.589752257 0.358529747 -0.0818265676
v 0.824285805 0.037831001 0.538270354
v -0.152137592 0.651773751 0.254032612
v -0.498495549 0.473353893 0.639228463
v 0.694126189 0.174258709 -0.484822065
v -0.390632242 0.566736996 -0.411736965
v 0.594743907 0.344412059 0.533835709
v -0.630320609 0.202651247 0.627791524
v -0.0635396019 0.653837323 0.206847861
v 0.695917249 0.302158624 0.328310162
v 0.579896033 0.339094847 0.62214613
v 0.341329277 0.684844196 -0.525862873
v 0.0506656468 0.681408584 0.258458644
v 0.783357203 0.094802551 0.550228655
v 0.90535593 0.0694770142 -0.130658448
v -0.355075389 0.681860864 0.546551347
v 0.373972833 0.511619627 -0.208072037
v 0.744800091 0.129776448 -0.452448905
v -0.0456405245 0.797764301 -0.38892442
v 0.74680382 0.169555053 0.530105531
v 0.598461688 0.329361826 0.567142427
v 0.342799574 0.651548624 0.476797849
v 0.411558777 0.559870481 0.45229283
v -0.042731531 0.61762768 0.0412457138
v -0.608086288 0.195608273 0.709516764
v -0.236929208 0.665279686 -0.34960714
v 0.285476536 0.622446537 0.33219105
v 0.397344679 0.533218682 -0.378741235
v 0.657559872 0.324372172 0.341759056
v 0.763472736 0.233984411 0.0705856159
v -0.38766396 0.610691011 0.519601285
v -0.104676023 0.706827283 -0.31502685
v 0.559325039 0.327342898 -0.74076426
v -0.643386185 0.32698977 -0.398022354
v -0.848813713 0.0327198133 0.451463163
v 0.959117949 0.0365072936 -0.0233683307
v 0.265524238 0.665121436 0.381596029
v -0.199484989 0.734460771 -0.404681891
v 0.485260546 0.514401734 0.648163974
v 0.54510361 0.378138602 -0.0727021918
v -0.432134509 0.465047687 -0.0539630167
v 0.430937082 0.592722654 0.592243612
v 0.169025451 0.655450523 0.268446684
v 0.101282895 0.774234354 0.385096431
v -0.742547095 0.158804893 -0.545195341
v -0.881491661 0.0433835387 0.340719521
v -0.938304722 0.0311879534 0.197034359
v 0.685958087 0.216725737 -0.369918674
v -0.70806551 0.116708986 0.570486188
v -0.377986491 0.624326348 -0.504119277
v 0.281121194 0.59859103 0.26938948
v 0.300780803 0.611862004 0.333481133
v 0.901197076 0.0467528254 -0.265213132
v 0.594255507 0.230937198 -0.714236677
v -0.477030337 0.5179075 0.636786401
v -0.0617567897 0.697891176 0.289236605
v -0.3710199 0.655909061 0.546414316
v 0.689474881 0.173602521 -0.501837075
v 0.833479583 0.0231073648 -0.503686607
v 0.490723997 0.49286288 0.596663415
v -0.566248834 0.365921527 0.0205804724
v 0.684163749 0.30545643 0.356815279
v 0.749302804 0.12129686 -0.462135345
v 0.794744492 0.222766265 0.112148561
v 0.676448345 0.219828963 -0.400536567
v -0.386176378 0.621549726 -0.518177092
v -0.611799061 0.35282141 -0.182197303
v 0.477202624 0.495070934 -0.58006233
v -0.451085657 0.451797098 0.199101478
v -0.0528525822 0.618760884 0.0642248243
v -0.426477641 0.471675634 0.20397231
v 0.0709468275 0.76182884 -0.366125256
v -0.201556146 0.690297663 0.358063877
v -0.184201092 0.712411642 0.371506482
v -0.113176242 0.651397169 -0.221966013
v 0.792300463 0.0637416691 -0.495884955
v 0.506817579 0.478407919 0.714444101
v -0.272057563 0.552866042 0.0204450805
v -0.414348215 0.608687162 -0.570494354
v -0.697957337 0.282084018 -0.417768747
v 0.142400742 0.688456714 0.307653725
v -0.252939075 0.617864013 -0.27652964
v -0.792047322 0.0776864588 -0.552199364
v -0.21153459 0.607630372 -0.193006516
v 0.596064091 0.295817345 -0.521336198
v -0.174537018 0.591553748 0.0403229631
v 0.459925741 0.507712781 0.461445242
v -0.924681067 0.170125619 -0.195282742
v -0.196141198 0.625233889 -0.225773022
v 0.432701826 0.548268139 -0.529462516
v -0.588914752 0.316571295 0.440043688
v 0.664895833 0.309126079 0.107088342
v -0.584318876 0.198902756 0.784077764
v -0.58851254 0.165926307 0.788815558
v 0.826139808 0.121203743 -0.211232364
v -0.754634559 0.0756127089 0.546692669
v -0.809971213 0.0559367612 -0.54526341
v -0.561601102 0.346111 0.549461842
v 0.780075967 0.0655556321 0.574305296
v -0.734010637 0.130920902 0.478823066
v 0.374602616 0.585494459 0.417914242
v 0.164048806 0.822751224 0.449491084
v -0.257766277 0.560282826 -0.0270771515
v -0.0834069923 0.750556588 -0.357956499
v -0.671333134 0.130636543 -0.666672766
v 0.699930429 0.173456937 -0.468554735
v 0.349655449 0.631652951 0.457391351
v 0.412753344 0.513680756 -0.36639902
v 0.311785549 0.703796506 0.494984627
v 0.695956111 0.265002251 -0.0331372321
v 0.143332139 0.61360836 0.127312988
v -0.27246201 0.701354921 -0.439718038
v 0.43187806 0.547813416 0.4861902
v 0.208462238 0.802964091 -0.470928371
v 0.16360274 0.672206283 0.295703739
v -0.828463078 0.191923425 -0.447048485
v -0.468301892 0.437815636 0.198273718
v -0.651749551 0.151798531 0.644403815
v -0.69405514 0.253730476 0.11431697
v -0.573064744 0.363999546 -0.57438463
v 0.715165019 0.259497464 0.021015916
v 0.785771787 0.236997217 0.140926048
v 0.386991143 0.6260674 -0.541024804
v -0.424613386 0.6149652 -0.612569213
v 0.259814471 0.682400644 0.400161952
v 0.755295932 0.227741331 0.0154385064
v -0.0423273481 0.871370375 -0.42840296
v -0.713064194 0.289732218 -0.191617265
v -0.554964423 0.360625297 0.376992941
v 0.813162267 0.0916885138 -0.372073203
v 0.401329875 0.597535074 -0.531634569
v 0.223216936 0.687569201 -0.375261068
v -0.435657322 0.599128544 -0.620809615
v 0.605711401 0.180573776 -0.731603026
v 0.72255677 0.243693069 -0.0346726216
v -0.659515321 0.273104697 -0.519850671
v -0.366163224 0.539844573 -0.261645794
v 0.611097395 0.238142654 0.687507987
v 0.398964226 0.59474653 0.499797642
v 0.352927268 0.557339251 0.289528549
v 0.66501683 0.218953952 -0.455451667
v 0.677774191 0.0660596788 0.699069798
v -0.572734475 0.299892664 -0.732840955
v -0.433483601 0.468029112 0.22149682
v -0.351273596 0.666830003 0.522562921
v 0.178869918 0.810350597 -0.453210175
v 0.287499219 0.63126272 0.352967441
v -0.809474528 0.0831150338 -0.529917181
v 0.385255158 0.506052971 0.156103298
v 0.151565671 0.699328065 -0.333114326
v 0.192222714 0.704394817 0.363934398
v 0.604953349 0.362769097 0.283328086
v 0.683068573 0.311495662 0.30139032
v 0.827319145 0.163944125 0.468058199
v 0.292044342 0.552105069 -0.137161925
v 0.97041738 0.0246390086 -0.03579133
v -0.438777149 0.50195086 0.425400108
v -0.484222353 0.471640646 0.541849434
v -0.923320711 0.220044822 -0.239311621
v -0.423090786 0.585899711 -0.55224365
v -0.654858887 0.0574607439 -0.73084867
v -0.747226357 0.228568017 0.0111249322
v -0.738073945 0.127252743 -0.578111053
v -0.563355982 0.377427727 -0.0843485594
v -0.082650885 0.682742834 -0.270021021
v 0.692849398 0.194944218 -0.425844073
v 0.401989758 0.578160286 0.470910609
v 0.442384571 0.461879253 -0.233282477
v -0.106004983 0.621567249 0.128386021
v -0.332360476 0.625623047 0.430474848
v -0.624141991 0.135540351 -0.737123072
v -0.37611568 0.657962322 -0.552263618
v 0.651625752 0.330749393 0.248601317
v 0.820703149 0.182070985 0.0420884602
v 0.224253848 0.616178811 0.234342918
v 0.225734085 0.756138384 -0.450303465
v -0.152093634 0.692270994 -0.31936413
v 0.220668823 0.757535458 0.443882823
v 0.0886600688 0.68653214 -0.281268716
v -0.782135665 0.19202967 -0.474071383
v -0.409976453 0.490938395 -0.161987349
v 0.103092246 0.831838429 0.424557745
v 0.35031417 0.672251642 -0.527214885
v -0.735260487 0.22014837 -0.485408247
v 0.499611318 0.420812398 -0.356217325
v 0.567171574 0.391526669 0.315358073
v -0.626954854 0.271687955 0.425721079
v 0.122739874 0.679237902 -0.285397083
v -0.12846455 0.8778826 0.455960333
v 0.128464714 0.8778826 0.455960274
v -0.426934332 0.579073012 0.570698082
v -0.865562677 0.237080917 -0.401237071
v 0.724482656 0.183737949 -0.342839718
v 0.7838732 0.208343595 0.0284051485
v -0.829767704 0.215748474 -0.424316466
v -0.743050337 0.140148014 0.428490222
v 0.517935574 0.441604406 0.458990157
v -0.754667878 0.266218126 -0.188421041
v -0.645117879 0.102917992 0.707215428
v -0.407797933 0.543480515 -0.393312186
v 0.340701669 0.695316434 0.531552255
v -0.2664271 0.650276005 -0.359382361
v 0.264597565 0.766570926 -0.497485787
v -0.680549145 0.313536197 -0.274196535
v -0.150855079 0.612330258 0.139070064
v -0.784793735 0.174303219 0.126411453
v 0.513550222 0.440491498 -0.637466311
v 0.140944272 0.606332064 -0.0915061608
v -0.207431644 0.602958918 0.183152482
v 0.165477321 0.76820904 -0.413916111
v 0.819959879 0.0728251636 -0.41073519
v 0.165296346 0.787440658 0.426617414
v 0.559390724 0.342600614 -0.639271617
v 0.589231789 0.294266313 0.678580105
v 0.759029269 0.209277093 -0.0599361174
v 0.288275868 0.54977268 -0.103148937
v -0.675223172 0.219947532 -0.573898375
v -0.60263741 0.339086533 -0.516801
v -0.71757561 0.215551704 0.220664427
v 0.875856936 0.0738395154 -0.235798001
v -0.129666179 0.607193649 0.0767463893
v -0.531019986 0.425543696 -0.405088514
v 0.84077251 0.0638298094 0.507261872
v -0.469318867 0.488706172 -0.41990602
v -0.644719064 0.153493658 0.659651279
v -0.332887471 0.595542312 0.37566942
v -0.838632286 0.0580018498 0.406855017
v 0.899809599 0.0567060187 -0.224356622
v -0.650752127 0.181476861 -0.659619451
v -0.60726428 0.247946993 0.625233412
v -0.780260265 0.195317358 0.041996751
v -0.0593429655 0.713652611 0.310463488
v 0.712046146 0.170461625 -0.436873525
v 0.907523394 0.0479682237 -0.236538351
v -0.842967927 0.249130726 -0.375392616
v -0.540582061 0.380255938 0.533963382
v 0.167052418 0.593577027 0.0236295536
v 0.480018079 0.516192377 0.617183566
v -0.432704151 0.518282235 0.454170942
v 0.740400136 0.273724496 0.364396781
v -0.709556818 0.0368243903 0.669928312
v 0.811100125 0.225993097 0.156289279
v 0.50806278 0.465052187 0.608262599
v -0.835342765 0.0660922006 0.39133215
v -0.503502131 0.477589399 -0.645627618
v 0.277137548 0.65367198 -0.389510423
v -0.186418623 0.66388458 -0.298674613
v 0.437012374 0.546734452 0.502374291
v -0.0102939149 0.62302953 -0.0770443305
v 0.78884095 0.0461969487 -0.537415743
v 0.624436438 0.285500735 -0.353281289
v -0.648745477 0.247139424 0.41964224
v 0.872526228 0.176023215 0.139935613
v -0.180310488 0.622220814 -0.200111508
v -0.78099978 0.163990423 0.194781512
v -0.581994891 0.37937066 -0.284154177
v 0.677227676 0.312403321 0.205360755
v -0.0648804456 0.681919277 -0.263072431
v -0.267662138 0.567099154 0.150356144
v 0.934372962 0.0432832763 -0.14123258
v 0.133598939 0.719661355 -0.348084122
v 0.816953778 0.22895135 0.41154471
v -0.0102722012 0.617658436 -0.00813669339
v -0.667167604 0.306166023 -0.0970207602
v 0.171905145 0.679930031 -0.31952247
v 0.857508004 0.159838498 0.456667423
v -0.596168876 0.0913413316 0.795036674
v -0.597555518 0.0582823865 0.797136128
v -0.84343034 0.207473874 -0.429281056
v 0.435663134 0.53182888 -0.501724005
v 0.601323128 0.291013569 -0.505270004
v -0.771210432 0.25087294 -0.160173357
v -0.709629714 0.150175065 -0.595393121
v -0.583184242 0.207824603 -0.783894062
v 0.602385759 0.304345846 0.613577187
v -0.762686312 0.0653191805 0.549950719
v -0.75575757 0.213323265 0.0531234927
v -0.5486691 0.367053241 0.57411176
v -0.438424528 0.532514513 -0.462244362
v -0.589096069 0.320443064 -0.628845274
v 0.62704587 0.277792752 0.590109706
v 0.600655675 0.220600352 -0.703345954
v 0.0306560937 0.682417274 0.256951421
v -0.295268655 0.650535703 -0.398963809
v -0.1010314 0.747157812 -0.360750586
v -0.63792485 0.117969565 0.708499849
v -0.495662153 0.44158873 0.481071919
v 0.13134101 0.800543547 0.417459339
v -0.607386589 0.171685636 -0.748562396
v -0.628379285 0.282713473 -0.577648044
v -0.182337582 0.683992147 -0.328277111
v -0.546014607 0.371552706 0.606545985
v 0.715336442 0.140364602 -0.506296039
v -0.700934291 0.289845794 -0.13966395
v 0.581205845 0.349992186 -0.0756166056
v -0.319171846 0.66095531 0.460520834
v 0.37801376 0.621988118 0.499956816
v 0.576897919 0.302945346 -0.648471296
v -0.492864341 0.439614922 -0.211732268
v -0.189944759 0.607224941 0.172886148
v -0.898759484 0.0483057164 0.266678244
v -0.196106508 0.614984989 -0.196435779
v 0.13067396 0.62005043 -0.148061827
v 0.44117552 0.509156227 -0.458944529
v -0.75174135 0.12197838 0.45393908
v 0.557847857 0.355217874 -0.468681216
v 0.24785307 0.656862378 -0.35720095
v -0.51784879 0.431982785 0.640470207
v -0.628897309 0.17135191 -0.707347572
v -0.592646658 0.326727957 -0.598823428
v 0.508264899 0.442089438 -0.593490303
v -0.530174077 0.427734107 -0.586938739
v -0.824045777 0.0392722972 0.486033916
v -0.680249095 0.173304603 -0.617268562
v -0.20750536 0.579511225 0.0131374262
v -0.288879275 0.672758043 -0.423618287
v 0.610421538 0.327561945 0.524750471
v -0.681066692 0.128025606 -0.654508114
v -0.703368664 0.253128737 -0.475847721
v -0.503519237 0.469612002 -0.577529609
v -0.650167406 0.148700625 -0.686655164
v 0.575419962 0.331333995 -0.469979703
v 0.626279175 0.229870796 0.660535216
v 0.524689078 0.418344587 -0.647627592
v -0.927454352 0.0606656745 0.0656661391
v 0.686634779 0.24500753 -0.212523147
v -0.384950429 0.631910741 0.544307828
v 0.718011379 0.230444416 0.49173522
v -0.467409283 0.513842404 -0.528553486
v -0.381958723 0.644016862 0.554005802
v -0.562725782 0.379311472 -0.0998454541
v 0.102977984 0.608651817 -0.0236339755
v -0.0464066677 0.652379036 0.19760561
v 0.252153546 0.70409894 0.419600219
v -0.457531184 0.499105245 -0.411535919
v -0.702353358 0.273395717 -0.433259338
v -0.673417389 0.297854036 -0.0688759983
v -0.758058012 0.198014513 0.122611746
v 0.39659065 0.673549652 0.619691133
v 0.413648635 0.649521947 0.634582758
v -0.743172169 0.281760186 -0.282265335
v 0.64963001 0.265526265 -0.308518708
v 0.367118776 0.521443367 -0.234401435
v 0.633617878 0.134892792 0.722296655
v -0.863941848 0.187578171 -0.148969099
v 0.571831048 0.311033577 0.720062137
v -0.256258965 0.728735089 -0.451729685
v 0.766511142 0.123949446 -0.40654695
v 0.696561396 0.160948172 -0.510976434
v -0.708083987 0.0473777503 -0.67470789
v -0.593922198 0.254679084 -0.715750515
v 0.513587117 0.408962101 -0.400063872
v -0.818101585 0.183894068 -0.0408336557
v 0.444771081 0.496724397 0.340922475
v -0.593816996 0.217726588 0.732839525
v -0.372663587 0.65417999 -0.539636433
v 0.143488228 0.707083106 0.334334493
v 0.070277147 0.808050394 0.400716364
v -0.507066965 0.472668767 -0.663459957
v -0.337775052 0.577347755 -0.31686312
v -0.191121444 0.585273266 0.00205909275
v 0.383158594 0.657398283 -0.573373318
v -0.910127997 0.120193236 -0.104578227
v 0.341991395 0.602223217 0.385725349
v -0.0173539203 0.631253839 0.123023875
v 0.872877717 0.150035158 0.0835220292
v 0.334977716 0.681913435 0.505242765
v -0.533895612 0.395115137 0.609716833
v 0.684881866 0.26633507 -0.0813847259
v 0.520493627 0.421751142 -0.611863136
v 0.510387897 0.455660343 0.531976402
v -0.686986506 0.17842254 -0.601833105
v 0.116481148 0.674584627 0.270151168
v 0.348238856 0.685219824 -0.537979186
v 0.836294115 0.0823527277 -0.335441828
v -0.713376462 0.181060418 0.396924973
v 0.675207198 0.296248585 0.0668481812
v -0.513685644 0.414549679 0.461339772
v 0.179635033 0.611271739 -0.173250318
v 0.92241925 0.0688564628 -0.0433934927
v 0.136456057 0.672145128 -0.281908244
v 0.305461079 0.560873985 -0.22081472
v 0.931591213 0.0546656698 -0.081340827
v 0.822836578 0.0844051242 0.515659928
v -0.628675342 0.26632905 0.443200171
v -0.826728463 0.179825127 -0.457401186
v 0.308021456 0.689187288 -0.478950351
v -0.580575645 0.26633361 -0.744334877
v -0.223284796 0.586902678 -0.129605904
v 0.443064988 0.526559234 -0.515532017
v -0.773196101 0.0152904838 0.610254765
v -0.903353631 0.153345689 -0.149820626
v -0.204306722 0.644985914 -0.279540688
v 0.912152708 0.059937235 -0.152696356
v -0.841399908 0.0184468608 0.498713732
v 0.431916654 0.525137842 0.411093146
v -0.681454837 0.312770665 -0.257755011
v -0.290771157 0.647123992 0.39778468
v -0.84147656 0.0623845793 -0.507257283
v 0.265284002 0.68825078 -0.421630442
v 0.593147397 0.224386081 -0.727644205
v -0.628063798 0.334621459 -0.424463689
v -0.00963142887 0.682306111 -0.255106688
v 0.205485165 0.585890353 0.0797457695
v 0.828712285 0.180020317 0.456391215
v 0.533287585 0.424938083 0.524381101
v -0.814835072 0.0621851124 0.45117718
v -0.156667486 0.605072796 -0.102946773
v 0.687803984 0.195547044 -0.44368732
v 0.291947812 0.691622734 -0.459253997
v 0.821942985 0.218796641 0.42324844
v 0.117078081 0.635689735 0.182333902
v -0.787947416 0.253936023 -0.208434001
v -0.448354125 0.451745361 -0.0120577449
v -0.530706823 0.427720457 -0.555892289
v -0.215436548 0.586743951 0.125434622
v 0.57900095 0.301708102 -0.63514924
v -0.491986841 0.436746508 -0.180191547
v -0.606955707 0.274191499 0.544566989
v -0.444044799 0.533323884 0.535477579
v 0.103830047 0.647330284 0.205937445
v 0.0815242827 0.834115446 -0.41996026
v -0.673605561 0.317131609 -0.301587164
v -0.662716746 0.12471386 0.653756559
v -0.761766791 0.200538695 0.0929787233
v 0.60554868 0.269631743 0.663287938
v 0.722110212 0.127259299 0.598357916
v -0.598587871 0.359186202 -0.151752189
v 0.767407775 0.159329712 -0.273620725
v 0.544350207 0.39245224 0.679412663
v 0.906295419 0.109688029 0.065950945
v 0.331192195 0.653142333 -0.470139176
v -0.356078535 0.641931474 -0.486947954
v -0.552779257 0.35331893 0.691945195
v 0.645706415 0.185909495 0.664685488
v -0.268102974 0.612950385 -0.28644672
v 0.50403744 0.446573466 -0.577952743
v 0.946010292 0.0646416396 0.0733207315
v -0.563788295 0.348206967 0.448292285
v -0.149514198 0.70479542 0.338118106
v -0.246646777 0.664120197 0.366389543
v -0.733762205 0.241148546 0.00102098822
v 0.389600694 0.599695802 0.48549819
v 0.136304229 0.787704408 0.410692513
v 0.221409619 0.738086998 -0.430214614
v 0.593401849 0.371410638 0.311631918
v -0.514155328 0.445354074 -0.451922506
v 0.237635493 0.731141031 0.434642047
v -0.700797379 0.0935417414 0.619391859
v -0.459161937 0.461029798 0.340288609
v 0.709599018 0.267191648 0.435309619
v -0.379574537 0.571266532 0.427206814
v -0.962804615 0.0318827368 0.0368877575
v -0.927954912 0.0374244787 0.207640082
v -0.0302672181 0.629073799 -0.115127586
v 0.249070138 0.581672966 0.156516835
v -0.772738993 0.0535553582 0.552462876
v 0.908712745 0.0722526908 -0.0973279476
v 0.247411132 0.685145199 -0.397496939
v 0.708165765 0.298257291 0.267250746
v 0.321130425 0.586238682 -0.331918865
v -0.659474015 0.222116381 -0.600225687
v -0.509693146 0.416779995 0.432889491
v 0.740866184 0.0589437634 -0.597833812
v -0.569364011 0.375956327 -0.113760054
v -0.709350109 0.241078392 0.113131955
v -0.125241399 0.616208732 0.124012604
v 0.62245661 0.350203961 0.263947576
v -0.642369807 0.0918712392 0.71973604
v 0.531217277 0.388851821 -0.0700155273
v 0.724642277 0.209555849 -0.218496025
v 0.504733026 0.451525688 -0.606422901
v -0.841342449 0.103939481 0.230585262
v -0.778117716 0.0636273623 -0.578050673
v 0.440849155 0.526958108 0.452533841
v -0.644620299 0.0642228574 -0.739979267
v -0.406163037 0.593214393 0.536780119
v -0.101339512 0.612720668 -0.0673266873
v 0.249648228 0.716384411 -0.435986876
v -0.380169481 0.548006058 0.371036351
v -0.386643201 0.60074389 -0.480354488
v -0.474600732 0.500890255 0.583613873
v -0.769069195 0.134424239 0.365237206
v 0.196617827 0.736042202 -0.407390267
v 0.784985065 0.219756067 0.439658761
v 0.853900909 0.253950059 0.279607832
v -0.605372667 0.299465507 -0.613623798
v 0.144770309 0.679609537 0.294916302
v 0.414199203 0.604268253 -0.575626791
v -0.66126138 0.137360469 0.641402125
v -0.765871108 0.272981465 -0.297781199
v 0.262677014 0.56722635 0.113580666
v -0.637786031 0.331642985 -0.142441273
v 0.795604289 0.125237942 -0.309019148
v -0.419468999 0.507096231 0.366533697
v 0.227079988 0.583089232 0.116260186
v 0.372138739 0.543021321 -0.333994836
v -0.656380713 0.0821264759 -0.7174505
v 0.447113961 0.490169466 -0.418510735
v 0.616891384 0.315388829 -0.138586909
v -0.346543849 0.574948967 0.357813478
v -0.450852901 0.512508571 -0.439715445
v -0.736595929 0.196776062 -0.513151765
v 0.63512224 0.145697594 0.713489354
v 0.314240009 0.719993651 0.516316473
v 0.651442587 0.318751812 0.406899959
v 0.219532758 0.608658791 -0.220116034
v 0.799461603 0.0692582205 0.548961103
v -0.0463843569 0.639393628 0.160971418
v 0.0578851849 0.620894372 -0.0839649066
v 0.567046106 0.342294663 -0.478312939
v 0.919158161 0.135242298 0.149265423
v -0.743392169 0.0318462066 -0.643524766
v -0.249673337 0.597924709 0.233695969
v -0.676085651 0.0603922158 0.69279784
v -0.552124619 0.369296014 -0.700801551
v -0.221010089 0.612317383 -0.220018223
v 0.804059029 0.114208207 -0.322473496
v -0.574505508 0.326190323 0.540031791
v 0.464112401 0.52192992 -0.588400364
v 0.936154187 0.0734153762 0.0581564493
v -0.651713967 0.178851381 0.603653193
v -0.613737941 0.17879346 0.71040988
v -0.311124146 0.567955494 -0.232066616
v -0.81964314 0.254872024 -0.262836426
v -0.147050053 0.607120693 0.107126832
v -0.709145188 0.256164163 0.0241561625
v -0.158196613 0.629558623 0.206019193
v -0.170081928 0.673502028 -0.302377909
v 0.78141731 0.26281029 0.239037469
v 0.127947778 0.687040985 0.29710266
v 0.974125028 0.0247519352 0.0040732678
v 0.359067529 0.672331631 -0.543170035
v -0.894676685 0.106791206 -0.013440853
v 0.674521029 0.232849151 -0.350318968
v -0.732162535 0.230767161 0.0631863624
v -0.350702196 0.599512219 -0.397714019
v -0.643606782 0.33602345 -0.298501194
v -0.861643195 0.0740990564 0.285300285
v -0.266527474 0.596848786 -0.241638482
v 0.568235517 0.331009418 0.700261176
v -0.879944265 0.0521383323 0.312876016
v -0.766132534 0.12298391 0.410992831
v -0.214766741 0.690692067 0.370645791
v 0.152846366 0.648305476 -0.247304231
v -0.682715774 0.102660082 -0.670347989
v -0.57318753 0.340437233 -0.652697504
v -0.729368031 0.0416506492 0.637682676
v -0.757939458 0.122239858 -0.558465958
v -0.611113489 0.140291274 0.747977793
v 0.490660757 0.501423657 0.638272285
v 0.758532763 0.0649326444 -0.558116496
v 0.0123210372 0.694973886 -0.277107507
v -0.574532747 0.343947172 -0.635680676
v 0.579472184 0.330262125 -0.417103618
v -0.635579109 0.0570930094 0.748432159
v -0.431021571 0.506317735 -0.330795377
v 0.181914687 0.631379426 -0.235140339
v -0.103370965 0.683762431 -0.279891491
v -0.706441581 0.240362972 -0.493496597
v 0.815382779 0.0511997677 0.541478634
v -0.43392244 0.554477811 0.546310902
v 0.574843645 0.381851554 0.441441774
v 0.100266881 0.636788726 0.174770787
v 0.611673951 0.283064753 -0.469931692
v 0.223057777 0.713417888 -0.406389087
v -0.618695319 0.181461185 -0.719935894
v 0.44415772 0.555697918 0.555885911
v -0.338327825 0.69115603 0.527804554
v -0.551816702 0.356818378 0.676305711
v -0.505677581 0.427838206 -0.188015789
v 0.222808957 0.794000745 -0.47686857
v 0.175529629 0.590674102 0.010779703
v -0.802720129 0.096839413 0.385272205
v -0.735446453 0.102753893 -0.60104996
v 0.758752942 0.254029751 0.142065927
v 0.217687055 0.664380729 -0.336411566
v 0.718196332 0.182035834 -0.374415487
v -0.470793366 0.485203296 0.515395105
v 0.896417558 0.0417015702 -0.302276343
v -0.27092585 0.636799812 -0.34099099
v -0.485005409 0.447961926 -0.233967602
v 0.00813861098 0.676763356 -0.245440304
v 0.656737149 0.176106691 0.653696358
v -0.69848752 0.124514177 -0.632512808
v -0.35768804 0.633127809 0.48972556
v 0.120388106 0.61839664 0.123043016
v 0.033089485 0.647014439 0.179197297
v -0.319616228 0.668323398 0.471067131
v -0.237957478 0.612771332 0.25676316
v 0.810431898 0.16875346 0.474613726
v 0.863585174 0.0968467742 -0.174118176
v 0.53598845 0.391373515 -0.614832759
v 0.442441046 0.562738001 -0.590755105
v -0.337733895 0.656174242 0.485045642
v -0.438758075 0.54582423 -0.506306767
v 0.843577385 0.0637395456 -0.377079397
v 0.783170819 0.12854667 -0.339239269
v 0.370491982 0.541541636 0.279226989
v -0.837923706 0.142456323 -0.474670082
v -0.250398248 0.639865339 -0.320577145
v 0.364572287 0.643429101 -0.517848015
v -0.201605111 0.628922343 -0.241054013
v 0.719298422 0.1766828 -0.390143484
v 0.616811693 0.181351885 -0.699037671
v 0.701676905 0.0390040725 -0.677898228
v 0.0982399806 0.632462919 -0.165117279
v 0.0380690619 0.657452643 0.207409263
v -0.428320855 0.593393445 0.597918808
v 0.0211269204 0.618559897 0.0374305472
v 0.620330751 0.280127883 0.604410887
v -0.227510408 0.599543393 -0.18916589
v 0.858375728 0.150117293 0.0443271212
v -0.701884806 0.117272094 0.582532108
v -0.0115182074 0.665257752 -0.222075224
v -0.42501545 0.522633076 0.438915789
v 0.648972809 0.0690896884 0.732456982
v 0.129964918 0.624842525 0.157558143
v 0.822146416 0.193055436 0.0820015818
v -0.721726 0.0142221209 0.677721858
v -0.766255915 0.271771431 -0.265367091
v -0.598886907 0.176560909 -0.763712049
v -0.79286027 0.125361964 -0.519867539
v 0.624813318 0.348821253 0.295153379
v -0.393923312 0.657565415 -0.593050659
v -0.645963728 0.140830249 0.671347082
v 0.221965507 0.636338055 0.279595762
v -0.372294486 0.600406051 -0.445827812
v 0.565959096 0.332919478 -0.608845711
v 0.765279293 0.193426639 0.486665785
v -0.102844141 0.657601058 0.23344101
v -0.749002099 0.16725117 -0.529932559
v -0.625478566 0.0822167173 -0.757137716
v -0.0927164927 0.611605704 -0.0422938764
v 0.455084473 0.557907224 -0.624776185
v 0.026716888 0.818552017 0.400125027
v 0.769628823 0.0407111794 -0.578971207
v 0.409389406 0.553186059 0.426708579
v -0.209172606 0.62166971 0.241456226
v 0.528934956 0.429873347 0.473837018
v 0.629506528 0.287331939 -0.296712697
v -0.0278224051 0.61800307 0.0324165598
v -0.638048053 0.189794287 0.625134468
v 0.609534264 0.216285422 -0.676802754
v 0.73005414 0.185838059 -0.310691446
v 0.691278815 0.233629629 0.527171314
v 0.547469556 0.409812719 0.410352796
v 0.488706172 0.425614268 -0.284596801
v 0.631228626 0.159814984 0.711011648
v 0.670522153 0.136790216 -0.621724248
v -0.777854621 0.260439217 -0.217939228
v 0.92472136 0.0740920603 -0.000223984724
v -0.882665396 0.170029536 -0.144934267
v -0.561633766 0.341412902 0.606208622
v -0.860465705 0.0682138875 0.31236726
v -0.564877152 0.339777589 0.560963869
v -0.944813728 0.0589619689 -0.0361970589
v -0.0779189169 0.654847443 -0.212743625
v -0.465666771 0.438258618 0.164489582
v -0.772903323 0.229791179 -0.0812481642
v 0.588455558 0.239259601 -0.72689724
v 0.468494564 0.523174524 0.571423113
v -0.602256417 0.285162687 0.52837199
v 0.0310650952 0.675049722 0.243393838
v -0.62944591 0.169533804 0.678192735
v 0.819664657 0.0822449699 -0.383774012
v 0.55686456 0.355509579 -0.507614613
v 0.567875743 0.384234428 0.492704868
v -0.758952916 0.269002169 -0.353487045
v 0.379806787 0.604558408 0.471514612
v -0.300180495 0.624600828 0.374316156
v 0.576306403 0.331680179 -0.453193396
v 0.373310715 0.627511859 -0.513387442
v 0.880322814 0.126945287 0.0358298644
v 0.812769771 0.185958281 0.0322109945
v 0.104160473 0.814856827 -0.416542679
v 0.395824015 0.589825273 -0.504631042
v 0.127705798 0.625674069 -0.165849373
v -0.399210751 0.527287543 0.365519077
v -0.608580172 0.212264001 0.686011732
v 0.720155001 0.289054155 0.33168456
v -0.823534012 0.0668779388 0.418461412
v 0.613645911 0.35659948 0.293326855
v 0.0352099165 0.848278463 0.417035431
v 0.456682652 0.463238746 0.192588195
v 0.339865237 0.634736955 0.44430092
v 0.905621827 0.0603181496 -0.181122512
v -0.820330381 0.100016765 -0.510020912
v -0.429091781 0.584236503 -0.568568885
v -0.631023228 0.156312883 0.689126909
v -0.096877709 0.631089926 -0.154916659
v -0.435569048 0.541911006 0.52514863
v 0.676738262 0.314666003 0.235160589
v 0.775840163 0.119556949 -0.392799377
v -0.646014214 0.16507864 -0.681452334
v 0.56142652 0.342509359 0.711960077
v 0.596499979 0.337443084 0.550668001
v -0.146532312 0.6686064 0.281719953
v -0.722782671 0.104584508 -0.615712523
v 0.154779941 0.688173354 -0.319615245
v 0.48519817 0.504458606 0.607260942
v 0.325701803 0.556129277 0.220669731
v -0.716754735 0.188832015 0.353530139
v 0.727476418 0.28505826 0.219094723
v 0.29025057 0.624255776 -0.358508706
v -0.593212247 0.239728495 0.705827117
v 0.427188814 0.579956651 0.552824438
v 0.617002547 0.342947811 0.432096332
v 0.221227035 0.699329257 0.382294744
v -0.652083039 0.0977480039 -0.715010762
v 0.53503859 0.41801846 0.621930599
v 0.672049999 0.26394695 0.510845661
v -0.939092696 0.0720692575 -0.0681419075
v 0.201254457 0.688922703 -0.356576264
v 0.625976861 0.301629037 0.54387033
v -0.666446686 0.172912851 -0.64017874
v 0.732474387 0.286605954 0.285195202
v 0.270320624 0.608256936 0.277617455
v -0.224475205 0.573337972 0.0208262391
v 0.390148312 0.658921957 -0.590036988
v -0.292944282 0.607522011 0.328573823
v 0.108182505 0.640934289 -0.196696654
v 0.924993753 0.0387143195 -0.213324055
v -0.779624343 0.222060382 -0.0702141002
v -0.488559306 0.494528621 -0.585626602
v 0.612982273 0 -0.787434816
v 0.612982273 0 0.787434816
v -0.612982273 -3.8712028e-10 0.787434816
v -0.612982273 3.87120197e-10 -0.787434816
v -0.752641082 0.0841670632 0.535101175
v 0.439712852 0.541925848 -0.539805353
v 0.787410378 0.0425465778 0.581603587
v 0.441106915 0.493678689 -0.40526548
v -0.794816315 0.167637184 0.116595514
v 0.748008966 0.152822971 -0.371937364
v 0.0647826418 0.740276873 -0.343920916
v -0.568384051 0.323457986 -0.714530766
v 0.628429174 0.215635344 0.671040118
v 0.296895385 0.697141469 -0.472176462
v 0.556165457 0.369999915 -0.0671532452
v -0.319637626 0.595386446 0.34984535
v -0.261907905 0.646921873 -0.347757399
v -0.702244937 0.134383485 0.551843226
v -0.570061922 0.33581689 0.510852635
v 0.446051002 0.558448851 0.57092458
v 0.456482053 0.480952144 -0.42596966
v -0.691417456 0.14476271 0.559175313
v -0.612834334 0.295446724 -0.597684324
v 0.862946451 0.0614066981 -0.330318063
v -0.948503256 0.0823807567 -0.13662982
v 0.800359786 0.10997016 -0.349353164
v -0.523659945 0.437161118 -0.517260849
v -0.670010924 0.306224018 -0.111838914
v 0.807656109 0.0824999362 -0.414693922
v -0.885913193 0.0773300529 0.17760995
v 0.923092663 0.144431144 0.16723603
v -0.388202906 0.500771344 0.204791456
v -0.354008675 0.57960999 0.385412157
v -0.403211236 0.559821665 -0.428000897
v 0.208724141 0.589053512 -0.12365815
v -0.642287016 0.122780785 -0.715362966
v -0.413768947 0.557745516 0.490589321
v -0.846541643 0.258946091 -0.343994051
v -0.425956488 0.537411273 -0.433174253
v 0.572822273 0.284645051 -0.733709931
v -0.82320863 0.214215145 -0.144403175
v -0.558823168 0.336640775 0.697898924
v -0.498997986 0.443653762 0.520452857
v -0.749642849 0.256374031 -0.126618236
v -0.847140551 0.188414305 -0.122474067
v 0.821716487 0.25297749 0.256654203
v 0.639966071 0.122847416 -0.700646818
v -0.461234748 0.44293946 -0.00967730768
v -0.101723611 0.69727248 0.302603781
v 0.0553703383 0.658818543 0.214064643
v 0.694303572 0.305362552 0.295526952
v 0.472320467 0.501877487 0.504805028
v -0.92081809 0.0581424274 0.119593143
v 0.415557504 0.592675626 0.542961419
v 0.688995242 0.279140413 0.0210307632
v 0.93337059 0.0876343474 0.0952350423
v -0.891090572 0.159889504 -0.140886828
v -0.725134492 0.281273276 -0.181006104
v -0.222044602 0.590498686 0.158894733
v -0.875106037 0.075815022 0.229318172
v 0.208303228 0.713819325 -0.393610507
v 0.594223917 0.319171697 0.611332536
v 0.595958412 0.338516921 -0.0744652525
v -0.426295638 0.471063793 -0.0816192478
v 0.377344072 0.639270306 0.527319431
v 0.341207504 0.625205815 0.429898322
v 0.959473789 0.0744635388 0.159106776
v -0.927089632 0.0934845358 -0.0899338871
v 0.564093709 0.326000839 -0.679061353
v 0.383446187 0.525506079 -0.308198124
v 0.69677949 0.21110566 -0.344894826
v 0.559540331 0.386515528 0.558672011
v -0.450719953 0.465054721 -0.174569428
v -0.726644754 0.288344562 -0.309755296
v 0.704158425 0.148698911 -0.517938018
v 0.714597106 0.0361991227 -0.664044499
v 0.914933562 0.0601009764 -0.138006479
v -0.249912784 0.64306581 0.335792989
v -0.420937777 0.605527103 -0.58440882
v 0.198027417 0.793922424 0.454174489
v -0.646699488 0.128101557 0.682919681
v 0.424229383 0.568957567 -0.544817507
v 0.45555979 0.450529486 -0.230161086
v 0.269460917 0.561294675 0.0949340165
v -0.155023679 0.713951588 -0.350407809
v -0.0431364626 0.618953705 -0.0558571704
v 0.134748057 0.668304443 0.268803567
v 0.466652393 0.447115898 -0.292547762
v 0.802061915 0.0551479161 0.554975271
v 0.249030918 0.631430686 -0.313555509
v -0.959150493 0.0527557544 -0.104496039
v 0.895575941 0.226642594 0.237954929
v 0.183794811 0.59638226 -0.112132303
v -0.85969007 0.0954473093 -0.479679286
v -0.87129122 0.0518168472 0.340031564
v -0.274333715 0.552615404 -0.02366185
v -0.723967075 0.290163994 -0.295881093
v -0.856957018 0.198724359 -0.433864266
v 0.914818108 0.222864285 0.239238307
v 0.40514034 0.632212996 0.584493458
v 0.182154104 0.760616302 0.416013449
v 0.295680255 0.541405499 -0.0161681082
v 0.107800104 0.669401586 -0.259998411
v 0.0973671004 0.654967904 -0.225027338
v -0.661447644 0.155850098 -0.662905633
v -0.787533164 0.168918252 0.141768366
v 0.732450783 0.249981925 0.0391180739
v -0.295590401 0.569999099 -0.206175551
v -0.113003805 0.612321675 -0.0811302885
v -0.591465473 0.289354414 0.587166011
v -0.643528819 0.139288008 -0.703608811
v -0.654785395 0.243254602 0.404424071
v 0.868422568 0.239526242 0.397396505
v -0.802167475 0.263059646 -0.292880684
v -0.534667432 0.399887919 0.687095404
v 0.826999485 0.0504360981 0.528197885
v -0.145648152 0.831645966 -0.444717348
v 0.616515636 0.304800689 -0.251381755
v -0.782028079 0.15589343 0.229335114
v -0.340157926 0.637669802 0.463311583
v 0.774828553 0.266421586 0.340391666
v 0.702802718 0.233190656 -0.1955937
v 0.695751011 0.276312888 0.0343716405
v 0.161127582 0.595178306 -0.0298989322
v -0.613962948 0.348837525 -0.153751493
v -0.558892071 0.362617105 -0.673168659
v -0.306738526 0.587383091 -0.283733368
v 0.787296534 0.213640034 0.0600180961
v -0.41616118 0.558151186 -0.462392271
v -0.869379282 0.172111392 -0.126732305
v -0.335033953 0.573836505 -0.30108875
v 0.620210588 0.323532373 0.501104712
v 0.68243587 0.310681403 0.319610238
v -0.613581836 0.356081039 -0.327679336
v 0.244970217 0.728095412 -0.443087131
v 0.0873207152 0.670270741 -0.251911789
v -0.767802715 0.204524443 0.0472718664
v 0.0587115511 0.772280395 -0.372387379
v -0.249357745 0.613688409 -0.261417687
v 0.357242644 0.666398764 0.525225639
v 0.278778046 0.718742192 -0.471636683
v -0.0132579692 0.617965043 0.0236901287
v -0.635629654 0.20048742 0.613827109
v 0.557293117 0.38358134 0.596676052
v -0.437108904 0.524069071 -0.427592516
v 0.743354321 0.0465596877 0.63285017
v -0.0882534981 0.610816896 0.00208462053
v 0.542649508 0.375017464 -0.421537161
v 0.663584888 0.307560652 0.0890852138
v -0.254623711 0.578757346 0.174959183
v 0.00921052787 0.641338885 0.159167409
v -0.778799057 0.216139197 -0.449185014
v -0.901821196 0.0365766026 0.305456698
v -0.683499038 0.288614661 -0.0554492287
v -0.728282392 0.0826529562 0.584640563
v -0.469931126 0.479268044 0.489226699
v -0.0759659857 0.711618125 0.312483221
v 0.575539589 0.370069981 0.528023899
v 0.837451935 0.205291137 0.146251857
v -0.687280655 0.210094512 0.392136723
v -0.633986473 0.103939973 -0.737043083
v -0.396491587 0.493622899 -0.11627955
v 0.77997458 0.0901506096 -0.462702394
v -0.0131203094 0.768575072 0.362794816
v -0.601243794 0.252915263 0.642238319
v 0.863965869 0.19418861 0.161550269
v 0.356434137 0.511359274 0.0504417084
v -0.458040923 0.519278049 -0.500683427
v -0.829581678 0.227267206 -0.411041707
v -0.688036442 0.118140124 0.610377431
v -0.625986993 0.10029982 0.741709411
v 0.121061817 0.646275461 0.213642955
v 0.686689138 0.240166992 -0.242175937
v 0.375228882 0.498220742 -0.0825090334
v -0.66391319 0.111970231 0.665506959
v -0.885137439 0.107088596 0.0251626559
v -0.664219797 0.234230965 0.397180527
v 0.266256243 0.558237314 0.0519734919
v -0.741523564 0.221121415 0.0737351328
v 0.135433123 0.60657084 0.0749824867
v 0.628634274 0.34581238 0.311816752
v -0.945111692 0.107657835 -0.162806854
v 0.602406919 0.338292331 0.521249115
v 0.622442484 0.349165529 0.337186158
v -0.501341283 0.460873067 -0.46607545
v 0.700086832 0.266401231 -0.00520664919
v -0.83055681 0.0455516502 -0.5267694
v 0.558694065 0.370441586 -0.0341320559
v 0.809098244 0.214319244 0.117167279
v -0.404026389 0.511979282 -0.259305716
v 0.0461941473 0.748255968 0.347031206
v 0.419902235 0.543879747 0.432281703
v 0.672088027 0.220247865 -0.419035792
v 0.148698971 0.6349684 -0.212069452
v 0.590977132 0.253175586 -0.692013085
v -0.492861271 0.41651845 0.130875275
v -0.395298868 0.579469323 -0.456069231
v -0.545380712 0.372803003 0.547306001
v -0.751642168 0.249919698 -0.417556703
v 0.451532692 0.51959461 -0.530471146
v 0.668997884 0.0751711205 0.704830468
v 0.251373053 0.670839965 0.373600811
v 0.605220258 0.308584273 -0.32940957
v -0.628033102 0.182384387 0.665898561
v -0.734489381 0.0749476776 -0.623150885
v 0.00159997679 0.830408931 -0.406078845
v -0.578560114 0.330126375 0.435292631
v -0.0858666822 0.641932905 0.185418576
v -0.657441556 0.105746217 -0.703191578
v -0.785179019 0.240413085 -0.15221484
v -0.300497651 0.542491615 -0.0625654012
v -0.728920817 0.274152517 -0.151110396
v 0.549837232 0.393354118 0.61223644
v 0.399135232 0.571206331 0.445567936
v -0.240711749 0.602923691 -0.220085815
v -0.716155708 0.185644954 0.368676543
v -0.526072204 0.401518166 0.510989904
v -0.39443168 0.568016469 0.458194226
v 0.589807689 0.266648144 0.715042651
v 0.695420027 0.126295537 0.635273278
v 0.519844413 0.398582041 -0.347092003
v -0.89703095 0.0591855347 0.222859547
v 0.672632277 0.20664157 -0.465892851
v -0.863135815 0.165296078 -0.0990734696
v 0.325438857 0.56987071 -0.2976951
v 0.722141445 0.225991204 -0.138040349
v -0.649776936 0.331351638 -0.315799594
v 0.550106406 0.380564034 0.0135777919
v 0.592255771 0.2645621 -0.660601735
v 0.367617905 0.662437618 0.540549755
v -0.618282259 0.280113071 0.437869012
v -0.387098998 0.602614999 0.505313098
v -0.715564191 0.223239914 -0.506497502
v -0.669502079 0.157799453 -0.648400307
v 0.523710132 0.438155293 0.601481557
v -0.542076349 0.413590461 -0.356364161
v 0.779722154 0.184269324 0.483488053
v 0.185522586 0.801078439 0.450038999
v 0.531476796 0.421926528 0.664923608
v 0.527880073 0.404547602 -0.583753765
v 0.449774772 0.517882824 0.456449896
v -0.625829458 0.32869041 -0.460941225
v -0.39719823 0.546931922 0.41646567
v 0.838607132 0.0548271276 -0.415946662
v -0.503621221 0.426497579 -0.160787001
v -0.571416974 0.34312883 0.351101547
v -0.672263324 0.108662367 -0.680701911
v 0.550373018 0.36253199 -0.622374892
v 0.665610552 0.142635778 0.666585684
v 0.446181923 0.479934186 -0.369989276
v 0.639282525 0.30361107 0.499467522
v 0.676563203 0.268496722 0.492990911
v 0.716986835 0.224773884 -0.171133503
v -0.622177422 0.268778622 0.472038388
v -0.554066241 0.359522492 0.517023265
v 0.573590517 0.353121638 0.612532377
v -0.835260212 0.183364645 -0.0840937272
v -0.820081234 0.0716820285 -0.525140345
v -0.241140068 0.683645785 0.387928605
v 0.335038871 0.603078663 0.374254525
v 0.290574998 0.693737924 0.453252971
v 0.194090679 0.627445042 0.228587002
v -0.82581234 0.104506321 0.285366982
v -0.564087808 0.342607021 -0.695993841
v 0.681191087 0.188310087 -0.489795834
v 0.45021227 0.509441972 -0.497021317
v 0.68799895 0.290298104 0.0865256414
v 0.143452257 0.743854821 -0.37925458
v 0.803549707 0.187752277 0.0095533831
v 0.619447112 0.351924926 0.323148638
v 0.566928267 0.309475064 -0.716833711
v 0.597201586 0.266988039 0.691753566
v 0.649234056 0.262057811 0.563046634
v 0.795462728 0.101654775 -0.391135246
v 0.252797037 0.604362965 0.241054192
v 0.542207241 0.375084043 -0.381373316
v -0.298270792 0.601332426 -0.305100262
v -0.742479384 0.267245948 -0.157786638
v 0.485766262 0.487138897 0.518911302
v 0.485213935 0.47439146 -0.558345258
v -0.786408067 0.104118511 -0.540718853
v -0.528854966 0.399592519 0.545187056
v -0.518193662 0.44484213 -0.52938199
v 0.618569851 0.257966369 -0.538760006
v -0.418384314 0.597518742 -0.561513364
v 0.766454697 0.139408395 -0.356172919
v -0.756231248 0.112015352 0.467281729
v 0.544809759 0.373791605 -0.588634491
v 0.0255993325 0.670854747 -0.235850975
v -0.318742305 0.65158534 0.447078228
v -0.804454207 0.188873261 -0.46168533
v 0.954260468 0.105387539 0.176626354
v -0.423172325 0.511746228 0.397388756
v 0.437945962 0.523102939 0.426586896
v 0.495914578 0.441581309 -0.482746303
v -0.579988837 0.318894416 0.529096305
v 0.634755313 0.288014859 0.549281061
v -0.706531465 0.221158072 0.245724156
v -0.400226742 0.599346876 -0.512467384
v 0.397613645 0.603460431 0.513827562
v -0.410389781 0.54427129 0.449129283
v -0.0661424547 0.81866473 -0.406565636
v 0.196759373 0.849210739 -0.488008291
v -0.196759254 0.849210739 -0.48800838
v -0.691895187 0.142739385 -0.62695086
v -0.646603644 0.115134023 0.6947366
v -0.905122042 0.0546579175 0.212957606
v 0.0391322896 0.616198778 -0.00110555661
v -0.475464433 0.435897946 0.259465635
v -0.120934278 0.624628007 0.155462354
v 0.453044981 0.524533272 0.49669981
v -0.463255405 0.538982272 -0.595281839
v -0.270534158 0.73893404 -0.477986604
v -0.913355052 0.137320578 -0.142240524
v -0.36376375 0.558358967 -0.319705993
v 0.52549392 0.3950468 -0.40399918
v -0.384550691 0.631151259 -0.530633926
v -0.785930753 0.185238168 0.0673311129
v 0.283356309 0.733117819 -0.491002738
v 0.917139947 0.0468628146 -0.203335807
v 0.789949477 0.101898335 -0.405566096
v 0.190918952 0.684483111 0.336004734
v -0.780860662 0.148595184 -0.514072597
v 0.505558431 0.467584729 0.590884328
v -0.0164755676 0.671893537 0.236101165
v -0.414643288 0.596814632 0.565104783
v 0.799828053 0.230588287 0.149159521
v 0.357906669 0.618056238 -0.467094183
v 0.302424639 0.676383853 -0.455445349
v 0.547284722 0.387003809 0.0650642514
v 0.638020098 0.298548937 0.516409934
v 0.393441379 0.581783235 0.456137359
v -0.293554693 0.782936454 -0.544707596
v -0.260667056 0.659291685 0.375909954
v -0.749476969 0.209672049 0.0995666534
v -0.623957455 0.152176142 -0.728627443
v -0.155344874 0.619439662 0.17223981
v -0.305175751 0.59593457 0.324069738
v 0.67920208 0.196069419 -0.474266499
v 0.820099771 0.05191838 -0.464797705
v 0.517109036 0.438671023 -0.665255666
v -0.832485735 0.109087504 0.241554931
v 0.194617271 0.653610528 0.287095606
v -0.821312964 0.0848087147 0.370960087
v -0.465554774 0.437717468 0.0470635928
v -0.318476707 0.719506502 -0.52187705
v 0.501466691 0.461047769 -0.619195461
v 0.529969513 0.407968223 -0.660212576
v 0.153967887 0.602588773 0.0811901689
v 0.588244975 0.336427122 -0.178230003
v 0.554506838 0.397536725 0.522778809
v -0.274588823 0.65405643 0.385961741
v 0.603229761 0.227742255 0.717714727
v -0.406336904 0.489929527 0.225138456
v -0.27766189 0.671919286 -0.407590866
v -0.0791969225 0.792653799 -0.392802477
v -0.927212834 0.0766320974 -0.0274030659
v 0.559100688 0.372854263 0.633679211
v -0.558141112 0.352520883 0.534516454
v -0.587932467 0.276011705 0.657137692
v 0.515471816 0.412878126 -0.469670027
v 0.67844367 0.240736067 0.538538158
v -0.927954316 0.0341379605 0.224845037
v -0.260319859 0.584181428 0.208161533
v -0.659710944 0.318729967 -0.157977015
v -0.359917223 0.60508889 -0.428455621
v -0.670007586 0.318664938 -0.232936144
v 0.198628321 0.805591166 0.462974995
v -0.723841608 0.155458942 -0.571479738
v -0.368301958 0.626702547 0.501401961
v -0.583162844 0.372215748 -0.45457375
v 0.190728828 0.695503592 0.351062745
v -0.907037258 0.160722986 -0.165432975
v 0.412372082 0.565456092 0.469765276
v 0.461279154 0.508393943 -0.541618228
v -0.581869721 0.379216373 -0.379116327
v -0.50351876 0.432958692 -0.221820742
v -0.551387489 0.387275577 -0.631672263
v 0.558192492 0.356193662 -0.411103994
v 0.727940619 0.213510022 -0.180499479
v 0.611642241 0.264965713 -0.552274406
v 0.174369678 0.592119932 0.038172286
v 0.396130145 0.641900241 0.575668514
v -0.782337785 0.168842643 0.164790452
v 0.529656589 0.388486981 -0.357534379
v -0.242742956 0.623669147 0.288720816
v -0.312434912 0.571534693 -0.247107238
v -0.627159297 0.267715633 -0.607292473
v 0.6421206 0.31153667 0.467098057
v -0.534892559 0.418233097 -0.6204741
v -0.695405066 0.117198959 0.596827924
v -0.539594471 0.401439607 -0.688884616
v 0.193751693 0.584710121 0.0112493504
v -0.141378313 0.644000292 0.228380516
v -0.620725214 0.348825485 -0.363203824
v 0.256570548 0.570030749 -0.135217771
v 0.374387205 0.609617054 -0.488024563
v -0.932488799 0.107557327 -0.13549529
v -0.877515018 0.161461279 -0.119646579
v 0.347073019 0.557323039 0.275855571
v 0.340665221 0.713609397 -0.554361641
v -0.413792789 0.524233222 -0.344054163
v 0.0783872604 0.615340829 -0.0616744198
v -0.510223687 0.434965998 0.574251115
v -0.643395543 0.260232419 0.382758856
v -0.547875345 0.402061045 -0.568359613
v 0.738598645 0.135225117 0.570625544
v -0.446355939 0.564646304 0.607143283
v 0.644936144 0.240303397 0.606015086
v 0.263138682 0.60197711 0.250384629
v -0.408897936 0.609926343 -0.556913912
v -0.620920599 0.35122177 -0.313570887
v -0.464393854 0.520604789 -0.538787842
v -0.329941422 0.597641945 -0.352978379
v 0.145369202 0.599183023 -0.0247748923
v -0.531238139 0.388215244 0.396570235
v 0.239674479 0.592552662 0.183126375
v -0.762550235 0.0477565303 0.579268634
v -0.809490561 0.0708356947 0.44148159
v -0.646845639 0.297576338 -0.494874805
v 0.0935464352 0.629247904 0.145512596
v 0.614118636 0.258868426 0.654461205
v 0.631674647 0.244410604 0.62997961
v 0.367832839 0.644191742 0.514422774
v -0.249427468 0.564627469 0.0609978363
v -0.554441094 0.352342963 0.6514799
v 0.916628301 0.0612663962 -0.122407012
v -0.615308225 0.272329748 -0.631457448
v 0.923334599 0.0811146349 0.0278134961
v -0.802081108 0.230595738 -0.415006787
v 0.742418051 0.20410268 0.497532457
v -0.300994515 0.686651111 0.465930253
v -0.661934316 0.114993699 -0.691276491
v 0.545115352 0.405019611 0.580218613
v -0.247915462 0.779130399 -0.487754405
v -0.39617753 0.587392151 0.501003385
v -0.606805623 0.341111004 -0.489829093
v -0.795073628 0.144197568 0.23009479
v 0.446045458 0.509132743 -0.479164779
v -0.616528988 0.27052623 0.499891609
v 0.853134453 0.0784770399 -0.296476364
v -0.429960251 0.59041965 -0.584509075
v 0.625538051 0.28720513 0.576324105
v -0.729403973 0.109700508 0.535930455
v 0.0865419358 0.647632658 0.197980464
v -0.934782684 0.19009687 -0.218758926
v -0.849802017 0.0685459301 0.343618333
v 0.367228687 0.635942161 0.500329554
v -0.372159302 0.606456876 0.477726489
v -0.479224414 0.468115628 0.497561872
v -0.850410819 0.173824862 -0.0925259814
v -0.617049813 0.301657826 0.278716147
v 0.749593258 0.118000194 0.571582377
v -0.202380508 0.767431498 -0.437850803
v -0.251067936 0.573811233 0.142017424
v 0.835331619 0.200223938 0.129992142
v -0.817805052 0.211167097 -0.125978097
v -0.655954659 0.16409646 0.616298258
v -0.260401607 0.691905379 -0.413875401
v -0.473987401 0.467383772 0.46263814
v 0.765970826 0.0909985453 0.572742701
v 0.0658543259 0.614932775 -0.0355631895
v -0.678593576 0.131926656 0.610743165
v 0.103449769 0.670812011 0.2568672
v -0.864847898 0.0835867971 0.232883796
v 0.0357237011 0.698888659 0.284773439
v 0.5795421 0.35381189 -0.0451409966
v 0.737341821 0.20410049 -0.186532408
v 0.352696091 0.595557749 0.392674237
v -0.567148566 0.332610309 0.591259122
v -0.38193953 0.538319707 0.346886367
v 0.200463757 0.584879637 0.0544320084
v -0.843648076 0.0922214016 0.273105592
v -0.170959875 0.710588336 0.359753191
v -0.0759122968 0.613272011 0.0291345939
v -0.0209453572 0.793987036 0.383415371
v 0.185842663 0.722385347 0.380578518
v 0.307641596 0.70485121 -0.495356292
v 0.00480508106 0.64294982 -0.164978147
v -0.593466282 0.247175619 0.691631079
v -0.859305024 0.113580704 -0.474211514
v 0.0899938196 0.660479963 0.229944602
v -0.132397041 0.607659638 -0.0791334882
v -0.745794713 0.223197788 0.0443508886
v 0.692899048 0.207194924 -0.379032344
v -0.332724214 0.588935435 0.36109966
v 0.731654108 0.271950245 0.148650721
v 0.8130126 0.131255329 -0.217375487
v 0.510826349 0.462740034 0.639692962
v 0.694998384 0.0537612177 0.685984612
v -0.393957943 0.629312277 0.561112821
v -0.435555935 0.464103729 -0.0703832284
v 0.233765692 0.740315676 -0.443782926
v -0.00104393857 0.8590433 -0.42052564
v 0.167844459 0.744602025 0.391702801
v -0.705685437 0.299281538 -0.258217186
v -0.504846752 0.466178983 -0.56512779
v 0.57820648 0.311526597 -0.596616983
v -0.79947108 0.157805294 0.145630553
v -0.901097655 0.128632411 -0.100498475
v 0.678203881 0.0771636963 0.692153513
v 0.871350646 0.141535908 0.0553015321
v 0.46765998 0.510638893 -0.57635498
v -0.881964505 0.067778267 0.24041684
v -0.435791612 0.559800744 -0.534238219
v 0.263519973 0.557533026 0.0214019474
v 0.380965859 0.512387395 -0.241608202
v 0.00175124756 0.720591307 -0.311992377
v -0.859543324 0.17770569 -0.120909631
v 0.128533691 0.638107479 -0.203578398
v -0.659180284 0.285554141 -0.493393779
v -0.800341487 0.0806127638 0.437747151
v -0.964099407 0.0347391926 -0.00623122137
v -0.255827874 0.59289217 -0.212001845
v 0.499463975 0.428114057 -0.422446638
v 0.192743793 0.588985562 0.0680527389
v -0.570933163 0.295127779 0.724290133
v 0.207621768 0.604302168 -0.18842794
v -0.102643415 0.666795433 0.252091646
v 0.449898452 0.540136456 0.535276949
v -0.597791731 0.362702161 -0.186477035
v 0.24868162 0.564960897 -0.060037706
v -0.741597772 0.118329115 0.488916636
v -0.821953177 0.051652059 0.461661756
v -0.0548224002 0.845638216 -0.419030815
v -0.468171626 0.533288002 0.630383432
v 0.537947595 0.383905411 -0.519422472
v -0.76627481 0.226727054 -0.0486183241
v 0.50255233 0.470499635 0.5737288
v -0.608433008 0.340909392 -0.0413274132
v -0.380449027 0.565196812 -0.381429613
v 0.428063571 0.556176305 0.496376336
v -0.715386033 0.264168411 -0.433872014
v 0.305767417 0.624329329 0.367553264
v 0.423511833 0.518890262 0.356018484
v -0.57886368 0.380966723 -0.264764398
v -0.589237988 0.356251866 -0.0556594767
v 0.766720891 0.272808105 0.290832847
v 0.570791066 0.359305054 -0.060152065
v -0.33343032 0.623435497 -0.412993163
v -0.20015806 0.590974271 -0.10276176
v -0.487038016 0.489940375 -0.546102822
v 0.467900425 0.53202045 0.59774673
v 0.307264507 0.56713891 0.220208496
v -0.581782281 0.265815228 0.716702044
v 0.811703682 0.171315059 -0.0307927392
v 0.764633596 0.201469302 -0.0757518113
v -0.50150454 0.418374121 0.349125475
v -0.805215001 0.118663132 0.300980091
v -0.0757688358 0.697187006 0.292376965
v 0.752960563 0.222934246 -0.0165293645
v 0.460026592 0.495406598 0.404415905
v -0.512689114 0.454190969 -0.561303675
v -0.26248017 0.643731236 0.353175402
v 0.868138134 0 0.492120147
v -0.868138134 0 -0.492120147
v -0.403661996 0.644934595 -0.60002172
v -0.523849308 0.437487185 -0.542806983
v 0.748517215 0.258677095 0.134289578
v 0.466890901 0.529502749 -0.617043734
v -0.885781467 0.150165215 -0.112599969
v 0.536614478 0.387316257 -0.553931594
v 0.88535136 0.118458837 0.0227651745
v -0.598310173 0.224711254 0.706822634
v 0.510071278 0.409240454 -0.352783561
v 0.784218431 0.166774675 0.495688468
v -0.585770965 0.36001268 -0.0683885813
v 0.531146824 0.403503656 -0.643888831
v -0.417523623 0.58665055 -0.536330223
v 0.769982159 0.163500011 -0.244165048
v 0.537824452 0.379723638 -0.36635533
v 0.374771208 0.497686446 -0.0543430634
v -0.593045354 0.230772451 0.719395578
v -0.586445391 0.330774248 -0.614368677
v 0.387505561 0.617029071 0.513725221
v 0.619226217 0.233462036 0.672812879
v -0.746489167 0.225689486 0.0285432413
v 0.47846204 0.502180576 0.546562076
v -0.0849747062 0.620173037 -0.0990085378
v -0.448873997 0.519077837 -0.457703352
v -0.230481595 0.572205424 0.0540835783
v 0.431657493 0.467351884 0.0785763413
v 0.564994812 0.34914574 -0.378651202
v -0.570116699 0.307846755 0.692078233
v -0.322216541 0.607340872 0.3794806
v -0.643225074 0.32958141 -0.158195838
v 0.152832508 0.66043371 0.265720248
v -0.155688539 0.694783032 0.328703105
v -0.601234138 0.279665023 0.559390604
v 0.926638603 0.0444744527 -0.17373237
v -0.569421351 0.390069336 -0.369170845
v 0.588626802 0.368935943 0.435658783
v -0.790809631 0.160362959 0.170385092
v 0.686086059 0.259816974 -0.118200593
v 0.886053205 0.263440132 0.299613684
v -0.966135204 0.0384680405 -0.0778003037
v 0.299465984 0.624083638 -0.372682124
v -0.164015889 0.745056808 0.392018974
v 0.623483539 0.123646781 0.743870139
v 0.688185275 0.225387871 0.544262588
v 0.711497366 0.23884578 -0.115629807
v -0.267883718 0.584625125 -0.205084845
v -0.807421505 0.043044433 0.509650767
v 0.395305365 0.570192873 0.432540148
v -0.67344898 0.230243623 0.368923277
v -0.0611140952 0.666678369 -0.232920811
v 0.27704072 0.722574234 0.469017088
v 0.650338233 0.31585741 0.0819458067
v 0.467472672 0.55457437 0.660180807
v 0.599345446 0.0156059796 -0.797563016
v -0.914262533 0.0725480542 0.0660292506
v -0.374321133 0.564990878 0.399550319
v 0.4848499 0.483897567 -0.588821292
v -0.238181517 0.584937036 0.166889533
v 0.715148628 0.210334897 0.52353847
v -0.7263515 0.26403591 -0.0884378254
v 0.727711856 0.244420335 -0.0085641332
v 0.66193223 0.219180867 0.598630488
v -0.00521724112 0.635132194 -0.137237832
v 0.255928427 0.587149084 0.191809207
v -0.193632901 0.653824866 0.293981493
v 0.598976851 0.282549709 -0.56290096
v -0.774965823 0.133523285 0.348831147
v -0.547203779 0.369331449 0.592113197
v 0.666665137 0.246449217 0.551575243
v 0.842539608 0.162075475 0.0375125706
v 0.767855048 0.153989911 0.521706402
v 0.605413675 0.203833297 -0.708319187
v 0.847568691 0.2467352 0.255434722
v -0.151319355 0.60249579 -0.0769531727
v -0.357595593 0.552764952 -0.286582083
v -0.892148197 0.128080443 -0.0756983459
v 0.201980412 0.614862442 -0.214501023
v 0.804527521 0.0529065914 -0.494668514
v 0.583229423 0.256805778 -0.725085557
v -0.126976863 0.6054883 -0.0472440049
v -0.477724373 0.492022365 0.573822081
v -0.396317989 0.538382769 -0.341043413
v -0.613398373 0.11550691 0.756601274
v 0.199984998 0.735172093 0.405212879
v -0.434546739 0.591788948 0.613678694
v -0.061068859 0.631986499 -0.13833645
v 0.717870116 0.280626386 0.149296939
v -0.464389771 0.508304417 -0.488133788
v -0.850918353 0.0331060067 -0.507189214
v 0.469638973 0.43403402 -0.11064785
v -0.512582302 0.421411842 -0.173039719
v 0.523100853 0.432757109 0.399943531
v 0.851780653 0.0470642559 -0.406496048
v 0.666467607 0.133249417 -0.63545686
v -0.414909393 0.541372418 -0.408782959
v 0.516613722 0.398436785 -0.263083249
v 0.807562292 0.236090064 0.180104911
v -0.893918097 0.138755873 -0.105886392
v 0.650737345 0.229533732 -0.48085779
v 0.762022793 0.120744519 0.555089116
v -0.502842188 0.460939437 0.628501415
v 0.516858697 0.420270354 -0.552363455
v -0.467266172 0.44453159 0.273044258
v -0.771013439 0.178301707 0.166890189
v 0.589700341 0.286853909 -0.610660791
v 0.750114381 0.271469057 0.205335781
v -0.412963748 0.573171437 -0.491069466
v -0.727076232 0.167773917 -0.555701911
v 0.650963724 0.320035756 0.118768878
v 0.356706858 0.54273504 0.247147366
v -0.656235933 0.325648189 -0.208989725
v -0.533064365 0.393666565 0.561476946
v 0.881520271 0.252438605 0.276215792
v 0.823422253 0.0918718725 -0.340985984
v -0.628081143 0.109857708 0.732447743
v -0.263605207 0.563776612 0.116846174
v 0.508927107 0.411789954 -0.36897698
v -0.890908778 0.0422772914 0.316945136
v 0.468218744 0.49924469 0.467193365
v -0.235582784 0.575728953 -0.0919739828
v 0.584077477 0.284135371 0.712087274
v 0.786863983 0.113103531 -0.380177021
v 0.490900457 0.445161372 -0.463787526
v 0.92292124 0.109495163 0.114602283
v 0.625391006 0.136836156 0.734530807
v -0.698835552 0.177161753 -0.585220754
v -0.0139804436 0.651551843 -0.190128312
v -0.417286813 0.527045071 0.424950212
v 0.520991504 0.442415237 0.583584249
v 0.158993885 0.801314533 0.432772815
v -0.466603935 0.524869025 -0.567052424
v 0.310490936 0.688414991 0.474711329
v 0.72514081 0.0128517617 -0.675106466
v -0.665002465 0.0987288877 0.676739097
v 0.0691435933 0.6473189 0.189863771
v -0.499796093 0.437468767 -0.238343358
v 0.591948211 0.271415681 -0.644665539
v -0.346692383 0.533856094 -0.179070085
v 0.705635607 0.172290772 -0.452526271
v -0.365014017 0.65181607 0.529413283
v 0.493164361 0.424948245 -0.328672558
v 0.698539555 0.250833392 -0.108661138
v -0.551455617 0.390786111 -0.138451025
v -0.581258357 0.38062349 -0.336889923
v -0.214398459 0.577466369 -0.0169035271
v 0.494462967 0.462248325 -0.572029173
v -0.186751425 0.610855818 -0.171207011
v -0.897214055 0.0838178545 0.089033708
v -0.528491199 0.42577666 -0.363088995
v 0.733280659 0.2759251 0.176884249
v 0.44695133 0.494280487 -0.433374703
v -0.606460452 0.346796185 -0.0825634524
v -0.00338072958 0.633483469 0.13107419
v -0.870815098 0.0605057068 0.309214354
v -0.763402283 0.202131912 0.0775292665
v -0.423398376 0.548943758 0.500772357
v -0.721153736 0.185708255 -0.544785321
v 0.514533043 0.447980404 0.498036146
v 0.912493706 0.0853904858 -0.00487512304
v 0.719739914 0.268960029 0.414466232
v 0.835525274 0.110991322 -0.221132502
v 0.773736537 0.12546581 0.538622797
v -0.225740939 0.572913229 -0.00924643222
v 0.530668199 0.390283018 -0.0509974696
v 0.710924387 0.242108464 -0.0987917334
v -0.659270108 0.312904656 -0.107033849
v -0.224187419 0.577260673 -0.0671163425
v 0.445837408 0.550710022 -0.579407275
v 0.726907611 0.0547397844 -0.625207126
v 0.145010427 0.79509747 -0.422288477
v -0.707810998 0.175896779 -0.573304832
v -0.604573071 0.224517226 0.682897568
v 0.327678621 0.60425818 0.363074541
v 0.59196645 0.258485019 -0.676428676
v 0.728978395 0.169781238 -0.379331857
v 0.687445462 0.234484211 -0.271825761
v -0.21795243 0.669032633 0.342808872
v -0.0147313653 0.628545821 -0.110158712
v -0.837930501 0.112036355 -0.489475936
v -0.664045691 0.195224822 -0.622672439
v 0.406966209 0.606836379 -0.560706615
v -0.69567734 0.267268777 0.0208463967
v 0.305451989 0.715109468 -0.502670586
v 0.60598284 0.356140673 0.174296409
v -0.0089052245 0.898224056 0.434632868
v 0.0221477449 0.898224056 0.434632868
v 0.693248153 0.291879475 0.120045386
v 0.0095507158 0.663327515 0.217792735
v 0.526268899 0.401375502 -0.514684439
v -0.798404515 0.0940101594 -0.534824193
v 0.747455001 0.084490329 0.599901915
v -0.69930613 0.301852703 -0.312224537
v 0.593196809 0.359453917 0.470568419
v -0.393947601 0.599622369 -0.496543139
v -0.546299577 0.393141955 -0.124873564
v 0.473157167 0.4880777 0.436996549
v 0.515383065 0.455467373 0.669567585
v -0.301040232 0.587475419 0.295269787
v 0.634290814 0.220506579 0.652779758
v -0.243651375 0.734307349 0.447330952
v -0.645649135 0.333122611 -0.219393209
v 0.257238477 0.754689217 0.477200389
v -0.594049394 0.253546506 0.676983833
v -0.432207763 0.580410659 0.588860095
v 0.233761668 0.572795153 0.0601566285
v -0.796502054 0.113198772 0.350251585
v 0.487296224 0.445374727 0.226022258
v -0.135963187 0.6866225 0.304399997
v 0.657400489 0.289581954 0.487507939
v 0.837186635 0.0642585754 -0.391956747
v -0.682623863 0.308605045 -0.340649784
v -0.202092856 0.594458163 0.138596162
v -0.410583287 0.558319986 -0.445915997
v 0.638119817 0.137939915 -0.690903187
v -0.440246254 0.560320973 -0.552809954
v 0.800206661 0.134296969 0.506779373
v -0.305149138 0.64966476 -0.412094533
v -0.779388487 0.138970166 0.312817663
v 0.722426951 0.0745583177 0.638444901
v 0.529434025 0.39434585 -0.47811982
v -0.704954863 0.184921131 0.414594322
v 0.386175245 0.598889709 -0.496913821
v -0.908887148 0.193157658 -0.205060109
v -0.699506402 0.191082329 -0.569293976
v 0.903165936 0.0874071941 -0.0401086286
v 0.673042357 0.25265941 -0.243169889
v -0.386621267 0.552210808 0.400425881
v -0.897402763 0.10811121 -0.0298163574
v 0.565096319 0.337529689 -0.580784023
v 0.44838047 0.588474512 0.646620452
v 0.262276053 0.610120714 -0.28631857
v 0.425203621 0.54614526 -0.500679076
v -0.21025458 0.648804903 -0.29322359
v -0.441258132 0.48272112 0.358599573
v 0.206690043 0.701844156 0.372545928
v -0.65986073 0.321902186 -0.351271689
v -0.169228524 0.673189819 0.306203842
v -0.241724953 0.567469716 -0.0323185772
v 0.0730399266 0.620490968 -0.0942156985
v 0.74535495 0.215177014 -0.0884937122
v -0.712162852 0.106374949 0.578679621
v 0.692233264 0.306905031 0.26782918
v 0.546333253 0.371156305 -0.557404816
v -0.674080193 0.307953417 -0.145766944
v -0.435011387 0.52161175 -0.410277784
v -0.705040395 0.226768628 0.221561313
v 0.0585818328 0.673225582 0.245117605
v -0.491932273 0.435180962 -0.165373415
v 0.246435821 0.580500126 -0.16441974
v -0.887745857 0.120762892 -0.0398644879
v -0.599351645 0.0154586816 0.797456861
v 0.944184244 0.0566729829 0.0159539897
v -0.223886862 0.6228441 0.262556881
v 0.40722245 0.515621841 -0.353367984
v -0.138992131 0.600873411 -0.0170006584
v 0.307353109 0.542229652 -0.126719356
v 0.547613323 0.366008103 -0.698156714
v 0.764950573 0.15575172 -0.298755765
v -0.610812068 0.197278216 -0.724823892
v -0.623187006 0.330043644 -0.0395048
v -0.574521601 0.266508132 0.757558525
v -0.679541051 0.298359632 -0.10169933
v 0.793738306 0.149599254 0.501335442
v -0.858115435 0.158200368 -0.0682481453
v -0.310011476 0.536621988 -0.0502376109
v -0.315036207 0.580170214 0.303521454
v -0.738527656 0.279456228 -0.342505455
v 0.625660241 0.322349578 -0.0101303775
v -0.633335233 0.095609054 0.732016385
v 0.743617058 0.239165694 0.0271703564
v 0.092228882 0.625364184 -0.13436079
v -0.0249992032 0.635876775 -0.141850978
v -0.647830248 0.32353282 -0.130512789
v -0.8480317 0.165294752 -0.0628314912
v 0.759049833 0.186479434 -0.178627357
v 0.685326517 0.216902092 0.560201705
v -0.516978085 0.408673733 0.444790751
v -0.704754114 0.0939965919 -0.647068143
v -0.946782589 0.0444146246 0.0566349328
v -0.684723377 0.217157513 0.373874098
v -0.461579025 0.517824113 0.567653656
v 0.710743725 0.197461545 -0.342417836
v -0.00246139709 0.744550228 0.33964783
v -0.678063691 0.289910227 -0.0383990854
v 0.0843650252 0.637302876 0.167470202
v -0.368426979 0.571469903 -0.369070083
v -0.750356257 0.278268099 -0.26714167
v 0.314194292 0.554644644 0.185994372
v -0.139130086 0.627185881 0.180614665
v 0.629045546 0.337112218 0.138528049
v -0.386015177 0.53641969 -0.304266691
v 0.299488574 0.713310778 0.488109589
v -0.589908719 0.36661917 -0.167743772
v -0.00250314991 0.827692211 0.40419513
v 0.887174487 0.178581938 0.164918944
v 0.332794487 0.634746611 -0.446141839
v -0.936732769 0.0897554308 -0.113421544
v -0.0224107821 0.898224056 -0.435791463
v 0.710545838 0.187093168 -0.385361612
v 0.346989423 0.584052682 0.353158325
v -0.970004499 0.0227032434 0.0632600859
v -0.872291565 0.153611153 -0.0907676443
v 0.596830904 0.258898795 0.702844739
v -0.830733955 0.198190868 -0.115678579
v -0.216546863 0.609985352 0.219086558
v -0.453048021 0.54010278 0.584171414
v 0.859511018 0.141918465 0.463300437
v 0.759303093 0.109893821 -0.464774191
v -0.433730751 0.54615587 -0.488288671
v 0.750667095 0.213214606 -0.0752983615
v 0.795720935 0.0541448444 -0.509221017
v 0.673842907 0.279365212 -0.0536656007
v 0.806889653 0.11833518 0.511229455
v -0.760585308 0.0983033627 -0.573835194
v -0.439184844 0.568261385 -0.568446934
v -0.551035464 0.359429091 0.662871063
v 0.74755311 0.175750464 -0.281989545
v 0.912817359 0.170232579 0.183719292
v -0.584598005 0.315116882 -0.658711672
v -0.62873435 0.339081198 -0.156086937
v -0.80466789 0.141533494 0.203242481
v -0.714109123 0.241839081 0.0847225711
v 0.937163413 0.0434928536 -0.124463998
v -0.458320469 0.513415635 0.5423792
v 0.0470224172 0.672901809 -0.243884861
v -0.192701384 0.605320215 -0.158229068
v 0.734289944 0.279727936 0.205179051
v -0.283441752 0.560438335 0.159454405
v -0.69259119 0.251987338 0.133690655
v -0.0101922955 0.808316052 -0.392834753
v -0.520914853 0.441761851 -0.557645857
v -0.848273814 0.156125054 -0.0339422375
v 0.590499461 0.357208878 0.499778062
v 0.494290948 0.469998717 0.474159718
v -0.151051641 0.817344606 -0.439428657
v 0.789989948 0.249686807 0.196128741
v 0.20940809 0.659056604 0.310786664
v 0.202293172 0.582356453 0.0265497677
v 0.471691489 0.484245867 0.40712139
v -0.538308859 0.379869848 0.154368058
v 0.51803124 0.445079625 0.526300073
v -0.485014677 0.454421878 0.471078157
v -0.633914232 0.326548934 -0.0747257322
v 0.674960613 0.316827446 0.269385576
v -0.205961332 0.791104376 0.459662259
v -0.282710135 0.58507818 0.253799468
v -0.23415865 0.580289364 0.134006739
v 0.309209257 0.58691144 -0.310004681
v 0.280253083 0.732804418 0.483298481
v -0.446927428 0.561252832 -0.581764996
v 0.0774563774 0.656406403 -0.218974784
v -0.533593953 0.387666762 0.454500556
v -0.42241925 0.4814201 -0.152844772
v -0.38150242 0.591229916 0.471981704
v 0.238250032 0.56884867 0.0314766951
v 0.628562927 0.286115766 -0.314193726
v -0.576717257 0.327024132 0.500373244
v 0.437411994 0.590250194 0.609157026
v 0.576310515 0.383205712 0.400106251
v 0.851309538 0.136336342 -0.03256841
v 0.199940488 0.592713654 0.111549161
v 0.133970872 0.634122014 0.190453857
v 0.420519114 0.512798667 -0.391658902
v -0.452601492 0.461232781 0.298671961
v -0.971470714 0.0231306851 0.0443657227
v 0.465367883 0.476411581 0.326131344
v 0.508440375 0.428346962 0.212089896
v -0.521258175 0.438204765 -0.465480715
v -0.70922488 0.250567317 0.0567616262
v 0.798898876 0.202705324 0.0525785349
v -0.659831524 0.0837067664 0.698016286
v -0.551677585 0.364221334 0.404388487
v 0.551190257 0.40499568 0.466086596
v -0.177052125 0.785715103 -0.433999509
v -0.207701564 0.632572472 -0.256170303
v -0.639707267 0.334710896 -0.188513488
v 0.943793654 0.05047369 -0.031428054
v -0.25034067 0.604169369 -0.23775807
v 0.80075103 0.182635173 -0.0217066091
v -0.5339939 0.412969619 -0.699996114
v 0.100755863 0.608882844 0.0106803663
v 0.290058404 0.558020651 -0.166317433
v 0.750701368 0.0776069537 -0.550812006
v -0.73085165 0.0322488323 -0.658171415
v -0.618895054 0.31547901 -0.530752838
v 0.370951593 0.521828473 -0.250357151
v 0.113113403 0.616820514 0.107715696
v 0.692940652 0.218229309 -0.329488099
v -0.65856117 0.30780986 -0.0649171174
v -0.780207992 0.0332316235 -0.597329199
v -0.65536958 0.326613575 -0.332752764
v -0.825249553 0.169198126 -0.465880632
v 0.550040424 0.365590125 -0.492280871
v -0.699726999 0.162548259 -0.598056197
v -0.669179738 0.199306995 -0.609233201
v 0.532691121 0.393547535 0.0188512746
v -0.379094601 0.601617038 -0.464164138
v 0.362242341 0.686564326 0.560923517
v -0.286729097 0.649945557 -0.385863751
v -0.485356897 0.481695652 -0.48285383
v -0.81126684 0.0744597316 0.427701026
v -0.422467709 0.531646073 -0.401290447
v -0.879250586 0.10397049 0.0668104887
v 0.544794202 0.372788787 -0.447718114
v -0.331218421 0.676300466 0.499412388
v -0.227975801 0.741520822 -0.436238706
v 0.84981972 0.148273498 0.0108587164
v 0.347261041 0.623485029 -0.455123693
v 0.240170836 0.576920569 -0.130969331
v -0.00525400881 0.626755536 0.100298867
v -0.0373765565 0.616453111 0.00746667292
v -0.482193142 0.448173553 -0.218568027
v 0.41978091 0.57474184 0.516460299
v 0.3255862 0.563722849 0.248330683
v 0.303716838 0.570161998 -0.250689328
v 0.5829283 0.264677882 -0.712495863
v -0.905163348 0.0630588755 0.168177262
v 0.472997427 0.50658536 0.530883551
v -0.705831409 0.2984097 -0.241312355
v 0.283585668 0.551030636 0.0640866905
v -0.321295977 0.61780566 -0.380634338
v 0.555345178 0.350007027 -0.654974461
v -0.22657983 0.57394892 -0.0386113599
v -0.375875205 0.611494184 0.494292378
v -0.602116227 0.344056726 -0.0279676747
v 0.558215976 0.349986196 -0.578262985
v 0.604106903 0.232395887 -0.670876443
v -0.726126075 0.117691778 -0.601051271
v 0.19789423 0.584345281 -0.0502395518
v 0.452770889 0.485128403 0.315409988
v 0.880200386 0.269603074 0.336753547
v -0.742672265 0.257339418 -0.109955549
v -0.588336468 0.29148221 0.602928102
v -0.0920572653 0.612799168 0.055872567
v 0.891818285 0.0561468601 -0.256903082
v -0.250275165 0.562707365 0.000594785786
v 0.873760998 0.0644602925 -0.284020573
v -0.818924427 0.195911348 -0.082843408
v -0.707643449 0.294030935 -0.344397604
v -0.807875872 0.115671605 -0.512165487
v 0.709091246 0.236338332 -0.143067956
v 0.662606239 0.305623233 0.0699418411
v 0.851721644 0.209716395 0.426652074
v -0.875858605 0.110225275 0.0507651232
v -0.40228498 0.490963727 0.209447324
v -0.654062986 0.311376244 -0.430104971
v -0.740533471 0.0710545704 0.580263555
v 0.534249663 0.389263749 -0.0252700746
v 0.469741315 0.470408291 -0.451324522
v -0.708069682 0.217719406 -0.524269283
v 0.754612625 0.0483624712 0.617750168
v 0.456463277 0.488236099 0.350076079
v -0.552907825 0.40446946 -0.419666618
v -0.811468124 0.205884695 -0.0964350626
v 0.586869776 0.351275653 0.546689868
v 0.0523577183 0.626234174 -0.112435281
v 0.763932765 0.0695488751 -0.5399459
v 0.307398587 0.581588447 0.267986655
v -0.896992505 0.0983282998 0.0139649082
v -0.638768435 0.129998952 0.696885943
v 0.436050862 0.470680654 -0.261849374
v -0.490587234 0.487173378 -0.559973955
v -0.852575183 0.0576971658 0.372149199
v 0.761394799 0.139562368 -0.3723948
v 0.406602114 0.484107167 -0.179922923
v -0.566561162 0.375966251 -0.561744213
v -0.805067897 0.143840134 -0.49673897
v 0.750805438 0.145525441 -0.387527227
v -0.0457735471 0.657479763 -0.208984733
v -0.562997401 0.377810806 -0.579020917
v 0.843302667 0.170120493 0.457033426
v -0.782502472 0.185646772 0.0794998929
v 0.531083226 0.423588753 0.649531066
v -0.243046656 0.591136754 0.200227335
v 0.490723252 0.428910881 -0.343606859
v -0.621822298 0.03452456 -0.774165452
v 0.825381637 0.0820913017 -0.368222266
v 0.485731065 0.448839992 -0.446504802
v -0.225286737 0.597578883 0.192220956
v -0.365342259 0.568477333 0.385823846
v -0.595430434 0.258117318 0.659672081
v -0.765064955 0.248031959 -0.408312619
v 0.631193638 0.13677898 -0.706774354
v 0.615219355 0.281636894 -0.451262563
v 0.756535292 0.105006352 -0.483426392
v 0.641513288 0.150123566 0.699816406
v 0.734797359 0.128320262 -0.483162254
v 0.777648866 0.139879987 0.523468316
v 0.600245416 0.357510775 0.145855322
v -0.248049438 0.570219994 0.109615408
v 0.5494892 0.366572052 -0.461237043
v -0.61221683 0.282750815 0.467372864
v -0.564742267 0.368176192 0.00689694704
v 0.0443551503 0.631961703 -0.134206727
v 0.895965278 0.204935595 0.209680393
v -0.659291625 0.314677238 -0.121004194
v -0.617591202 0.345655531 -0.412940323
v -0.367780626 0.56643182 -0.353353977
v 0.51125747 0.404714286 -0.294953823
v -0.428985953 0.483182132 0.300133914
v -0.487113684 0.455043554 0.489877403
v 0.527751267 0.389020622 -0.132956803
v -0.879979849 0.023024803 0.410349846
v 0.5414024 0.414867312 0.382128358
v 0.476800144 0.485081047 -0.547033429
v -0.271235019 0.757227659 0.497054905
v 0.162135422 0.718602598 0.359996736
v 0.0745438337 0.626974225 -0.128710166
v 0.110066831 0.608769655 -0.0490737297
v -0.258766949 0.581247807 -0.174613252
v -0.499519914 0.469838589 -0.526682615
v -0.283532381 0.607331455 -0.296173602
v 0.672758043 0.148263976 0.650955796
v -0.0289413426 0.623380184 -0.0842717886
v 0.425661981 0.494693369 -0.342188179
v 0.818215072 0.103792936 -0.31451273
v -0.701110184 0.283759654 -0.102011718
v 0.17817843 0.702434599 -0.355555177
v 0.504672229 0.452057809 0.414121985
v -0.789481699 0.185315222 0.0525961444
v -0.660498023 0.315973401 -0.138040453
v 0.773346961 0.219051778 0.0389204472
v -0.860958934 0.0608837418 0.337929398
v -0.691776752 0.0945057198 0.634258091
v 0.594106734 0.342793256 -0.0438556671
v 0.651587427 0.153506175 -0.642637074
v 0.497316897 0.470370591 0.506819069
v -0.607978761 0.351307273 -0.136415944
v 0.77858901 0.260743827 0.221934229
v 0.408967346 0.532141387 0.357003659
v -0.561609387 0.335786313 0.654570878
v -0.705547392 0.130484954 -0.617814481
v -0.875468969 0.0441056229 0.35533303
v -0.187560245 0.747952342 0.411051452
v 0.451864123 0.512793541 -0.513391554
v 0.42404446 0.522034109 -0.433516949
v 0.486548305 0.429007441 -0.300552279
v 0.650963962 0.261522084 -0.326056838
v -0.0159925446 0.645138443 -0.172000006
v -0.815610528 0.031530723 0.517994702
v 0.773676932 0.10864336 0.551225245
v -0.446900636 0.456972361 -0.0747744143
v 0.678414702 0.290899426 0.0463499576
v 0.379241377 0.596657515 0.453711152
v -0.0923627838 0.767780244 0.377681822
v -0.687735319 0.192711726 -0.585708141
v 0.776582837 0.137892932 -0.32699421
v -0.189381003 0.76458174 -0.425611854
v 0.500509262 0.442580879 -0.526685357
v -0.680478692 0.26364997 0.124241024
v 0.58607018 0.302418917 -0.571358025
v 0.7603181 0.176396504 0.508918166
v -0.881811976 0.141384363 -0.0830315724
v -0.507692397 0.428857028 0.510629237
v -0.633046508 0.340007782 -0.19994396
v -0.683627963 0.0785929114 -0.68467772
v 0.858423352 0.0838656127 -0.255683154
v 0.789656579 0.126585364 -0.32450068
v 0.0725782365 0.659790516 0.221568763
v -0.550606668 0.370915771 0.128164187
v -0.763692915 0.135572329 0.378763318
v -0.831764579 0.0910341069 0.317805052
v -0.328911513 0.568014026 -0.270076871
v -0.582014799 0.27319178 0.700659275
v 0.395899326 0.628593862 0.554656267
v 0.1929847 0.584893346 -0.0196329039
v -0.395320773 0.617215812 0.54728353
v -0.626432717 0.194445252 0.653539538
v -0.761340857 0.122348078 0.426470906
v 0.843770742 0.110763222 -0.188785225
v -0.801321328 0.222994372 -0.127669722
v 0.458701015 0.545996308 0.592961371
v -0.726080596 0.230082735 0.0952775478
v -0.0778196082 0.627922475 -0.130710155
v -0.549348414 0.366022706 0.559224606
v -0.0814646482 0.722272038 -0.326269597
v 0.900673509 0.0688699782 -0.156605229
v 0.713555455 0.274286747 0.095965825
v 0.433984697 0.513381422 -0.444272935
v 0.553805411 0.376992971 0.659408391
v 0.360480368 0.507352114 -0.083380267
v 0.0705845207 0.613386214 -0.00356246904
v 0.564784765 0.323354334 0.732594252
v 0.165129453 0.631048441 0.208678931
v 0.727653742 0.150482982 -0.44541949
v -0.649164319 0.327358425 -0.17466189
v -0.357697934 0.680894375 -0.544942498
v 0.844067574 0.15283826 0.465884894
v 0.860533893 0.0459432639 -0.388456315
v 0.5279333 0.430394411 0.455076218
v 0.392128468 0.580537975 -0.478084743
v -0.330897838 0.643723488 -0.443547696
v 0.831995964 0.0974426791 0.500919342
v 0.465521038 0.482508659 -0.478156894
v 0.476500601 0.489647239 0.46682474
v 0.0228831451 0.64062196 -0.159614146
v 0.514199197 0.419021845 -0.509299815
v 0.792963624 0.255935103 0.228449896
v -0.35924226 0.565086722 0.362538248
v -0.602821529 0.349051952 -0.47247979
v 0.624786317 0.133627594 -0.722833157
v -0.636324763 0.193225592 -0.675979853
v 0.734289408 0.282758653 0.230823353
v -0.870880008 0.0850029811 0.202274203
v -0.340204656 0.528520405 -0.124636166
v 0.516177714 0.427703172 -0.595970631
v 0.95711875 0.0718249604 0.146995485
v -0.444980204 0.467169523 -0.160203099
v 0.602750182 0.334681869 -0.0587436594
v -0.047753416 0.645587385 -0.17861259
v 0.168716595 0.799601734 -0.439421803
v 0.700653791 0.196216017 -0.389953554
v -0.163024306 0.788054645 -0.426642835
v -0.82890749 0.0878303424 -0.50819391
v 0.872416437 0.131807432 0.0264541022
v 0.729557276 0.17410475 -0.361135632
v 0.652446032 0.272600323 0.536460042
v -0.342056483 0.585958302 -0.34862271
v -0.406810611 0.512988389 -0.273527801
v -0.946444094 0.0391290747 0.0993698165
v 0.322554737 0.662670434 0.458605707
v -0.829374552 0.136458158 0.123143733
v -0.613584042 0.29111895 0.403033882
v 0.148359627 0.653922319 0.249379545
v -0.986038864 0.0131752687 -0.03985871
v 0.7168262 0.151038483 -0.476466566
v -0.520586848 0.401732564 0.413939565
v 0.669472218 0.317667127 0.330233514
v -0.552190483 0.378409386 -0.666820586
v 0.29742983 0.681340098 0.446777374
v 0.813797235 0.0822966173 -0.399156421
v -0.654526711 0.12635988 0.668381572
v -0.461407274 0.499462217 0.515879631
v -0.581981599 0.279789537 0.684691489
v 0.568327785 0.337779582 -0.518063188
v 0.272907645 0.645555675 0.358961642
v -0.42446211 0.538161933 0.478849173
v -0.355051011 0.613924384 0.454210222
v 0.91637218 0.127837226 0.133045956
v 0.589047372 0.370884001 0.412163615
v -0.852976918 0.117720343 0.114516288
v 0.685649097 0.27124685 -0.0450832322
v 0.362544745 0.620403886 -0.480304629
v 0.248774081 0.563905537 0.0186637286
v 0.387904525 0.573155165 0.420643687
v -0.865088105 0.0481398962 0.36976257
v -0.566740155 0.347154051 0.381549567
v 0.0374173373 0.638720453 -0.156545207
v -0.397540033 0.496916115 -0.147490948
v -0.453200102 0.506880641 0.5017187
v -0.890719295 0.038273558 0.332546026
v 0.245482817 0.56697017 0.0477860086
v 0.766881824 0.23856394 0.0995220765
v -0.513393879 0.450225979 -0.513874352
v 0.617391288 0.211781695 0.698612332
v -0.388325453 0.495827168 -0.0899635404
v 0.116726518 0.652915239 -0.231579557
v -0.296193689 0.725486398 -0.496556073
v -0.900945425 0.0833573639 0.0729015693
v 0.617080629 0.2969172 -0.322373897
v 0.506588519 0.415778488 -0.385111541
v 0.778300762 0.204951108 -0.00519443443
v 0.0941163301 0.61392045 -0.0716718361
v 0.180532992 0.589592993 -0.0367084593
v -0.195125669 0.772752285 0.437395722
v -0.649764419 0.25661692 -0.571151912
v -0.241273999 0.566676021 0.0267473571
v -0.318822801 0.640900493 0.431507528
v 0.568252444 0.347117066 -0.333675802
v 0.0582765117 0.725746095 0.324445784
v 0.337478876 0.696293473 -0.531760395
v -0.746509314 0.273288727 -0.356584877
v -0.243051007 0.583678186 -0.154083967
v 0.805460393 0.140631616 -0.204146683
v -0.554831207 0.37351203 0.0325301029
v 0.821379304 0.137829021 0.48785606
v 0.873211384 0.0367360972 -0.385370314
v 0.396401197 0.612168908 0.527312934
v -0.694690287 0.290277153 -0.398606032
v 0.325899988 0.706404924 -0.523793221
v 0.064485535 0.822089612 0.408118397
v -0.274340451 0.695098042 0.440358311
v -0.865087092 0.0632982552 -0.482986063
v 0.796347916 0.144821316 -0.222118169
v 0.490074337 0.458910614 0.352994651
v -0.486489743 0.469783813 -0.410206646
v 0.662186086 0.323438019 0.233385146
v -0.548050761 0.398449302 -0.596014917
v 0.51464045 0.426123559 -0.568049848
v 0.794313312 0.111265287 -0.36371243
v 0.754388034 0.189735487 0.501312375
v -0.238905758 0.570854723 -0.062280193
v 0.546539426 0.410615236 0.445182383
v -0.725292385 0.160094455 0.424627811
v -0.549221396 0.40774399 -0.373779625
v 0.420928597 0.534917355 0.40649426
v 0.623952389 0.34870109 0.246660411
v -0.723216891 0.207886681 0.234383091
v 0.00469484925 0.660968006 -0.212882578
v -0.429257035 0.480659455 -0.180888474
v -0.892113507 0.0931247249 0.062903069
v 0.304716736 0.700958014 0.481466264
v 0.741030693 0.278097123 0.219230145
v 0.261559486 0.744347095 -0.475822747
v 0.626439333 0.268573225 -0.445797861
v -0.694853187 0.207755536 -0.556747854
v 0.543394208 0.412848741 0.498761177
v -0.65570122 0.0981856659 0.692833006
v -0.492818415 0.43149218 -0.135496765
v -0.443059683 0.528550744 0.520251691
v 0.469281673 0.458283961 -0.388334215
v -0.692309976 0.118455537 -0.645781755
v 0.680284262 0.243543401 -0.257642657
v 0.463573068 0.526326537 0.555561662
v -0.956535041 0.03369461 0.0724109113
v -0.568046629 0.343516171 0.432652056
v -0.790023565 0.0925877914 0.431797147
v 0.745310068 0.226738721 -0.028121274
v -0.954575241 0.0307468753 0.109908089
v -0.279186249 0.612788379 0.317699075
v -0.604093671 0.36273244 -0.259594083
v -0.244101703 0.715468884 -0.424575925
v -0.377331406 0.624730527 0.517759264
v 0.459099084 0.536544323 0.567392886
v -0.809238672 0.143440083 0.174757227
v -0.33702755 0.664548397 0.494703054
v 0.727014005 0.0334599651 -0.650257289
v 0.606938481 0.286201805 -0.488257885
v -0.604995728 0.231536716 0.669275701
v 0.61627984 0.147260517 -0.731247425
v 0.531959355 0.385033041 -0.322905093
v -0.672740757 0.291363806 -0.0220040455
v -0.58236742 0.375087202 -0.435373604
v -0.278208077 0.64767468 -0.370226055
v 0.903520107 0.193022311 0.200879633
v 0.312511832 0.61365813 -0.374801427
v -0.326699138 0.568758488 0.296599656
v -0.559531927 0.34253785 0.638131618
v -0.364396781 0.548860848 0.330208838
v -0.297122091 0.579398155 0.26510945
v 0.409434766 0.544869423 0.401564896
v -0.00339444866 0.657810152 0.205075428
v 0.470325917 0.453747213 0.194149077
v 0.92248702 0.099409312 0.0897706747
v 0.942338705 0.035050489 -0.152229533
v 0.517141521 0.449754059 0.616203904
v 0.601233721 0.344048262 0.504339397
v 0.813532054 0.143124193 -0.158024982
v 0.617235541 0.289034247 -0.386517078
v 0.0983313322 0.610296369 -0.0399141945
v -0.196892962 0.583821237 -0.0179759525
v 0.548993945 0.366917044 -0.524026394
v -0.342585951 0.55939585 0.306228131
v -0.518322527 0.447356761 -0.610885561
v 0.772269666 0.131475866 -0.364883453
v 0.675570488 0.240442425 -0.303688735
v -0.984187186 0.0140506662 -0.0928530395
v 0.269354612 0.653699577 -0.379227936
v 0.554171979 0.361399859 -0.379899859
v 0.798755646 0.198091313 0.0349439494
v 0.637770951 0.110733815 0.72848928
v -0.404009461 0.552557468 -0.409904987
v 0.203833088 0.580976903 -0.00371852284
v -0.806713998 0.107347429 0.338467091
v -0.152658194 0.64671576 -0.237853453
v 0.492052138 0.457207054 -0.533701301
v 0.316873401 0.675521731 0.46764788
v -0.250457495 0.626243949 0.304375738
v 0.8359164 0.224146336 0.188450322
v 0.875289381 0.0799033567 -0.209201336
v -0.836987615 0.0945082158 0.286827505
v -0.798545778 0.106360517 0.367160559
v 0.896933198 0.0813070685 -0.104466282
v -0.289373159 0.634800255 -0.363038599
v 0.689770162 0.156877697 0.617687047
v 0.467797607 0.439897209 -0.226877153
v 0.629712999 0.307150781 -0.115642406
v 0.369905978 0.503383934 0.0487139001
v -0.722452283 0.272816509 -0.121066496
v -0.603703856 0.241443828 0.656083584
v 0.658763111 0.254878581 -0.31765005
v 0.659988761 0.232533216 -0.425869703
v -0.804590404 0.138342232 0.218562707
v 0.863914788 0.122623391 -0.0434417017
v -0.883957207 0.0943133608 0.0954355523
v -0.471777111 0.489161998 -0.436336339
v 0.778053224 0.150597215 -0.269613624
v 0.546986163 0.369729936 -0.408918977
v -0.554687083 0.358956665 0.50160718
v 0.763540208 0.0537190326 0.602891743
v 0.733753502 0.18886359 -0.280825198
v 0.786615133 0.0555815101 -0.52370435
v -0.575533271 0.31703198 0.592778504
v -0.730246425 0.0991086438 0.553541362
v 0.55609113 0.36499241 0.685660064
v 0.842407703 0.243872702 0.244073391
v -0.594913006 0.350678444 -0.0411994457
v -0.469054371 0.492283016 0.530532241
v 0.271152079 0.580287397 -0.215991139
v 0.597200572 0.281934381 0.670948446
v 0.896154046 0.156724453 0.143930867
v -0.355364949 0.558294594 0.334669322
v 0.272057772 0.644640088 -0.368414313
v 0.83661902 0.0778257549 0.505478501
v -0.487826735 0.432261288 0.344672918
v 0.0523684546 0.61834985 0.0568579361
v 0.667700171 0.297396362 0.0376962461
v -0.266583174 0.591341853 0.242946178
v 0.652125061 0.330333054 0.305056185
v -0.523068488 0.439263254 -0.642499328
v -0.0520469882 0.895500541 -0.437031806
v -0.0807922632 0.890053391 -0.444155723
v -0.827899516 0.237562969 -0.396569431
v 0.242959976 0.565771222 0.00258529931
v -0.633656323 0.269102216 0.39475739
v 0.703788161 0.0496032052 -0.664789081
v -0.560139418 0.393596858 -0.489863068
v -0.623637557 0.246305153 -0.64688623
v 0.606826961 0.361275226 0.318505347
v -0.166746899 0.651592374 0.265583366
v 0.384037852 0.512855709 -0.256800741
v 0.126357451 0.60529232 0.0426469967
v -0.257506043 0.669537485 -0.379447728
v -0.498828769 0.420233488 -0.0561297014
v -0.149797454 0.597882628 0.0135605652
v 0.612632096 0.297623873 -0.357633144
v 0.49379155 0.438769042 0.210162506
v -0.183008492 0.740274668 -0.398166567
v -0.403441817 0.54652983 0.433934182
v -0.572097898 0.336074531 -0.668993831
v -0.461271346 0.44817549 0.256313652
v -0.1424288 0.637643337 0.213464245
v -0.22953549 0.803427696 -0.488068044
v -0.637568295 0.155015558 0.674461126
v 0.128450289 0.607610345 -0.0787231475
v 0.713444948 0.221783385 -0.206498757
v -0.868073583 0.111807488 0.0776205435
v -0.638418317 0.253149182 0.448708743
v 0.457411915 0.443699777 -0.14057672
v 0.585557401 0.275513589 -0.672455192
v -0.435506165 0.463631362 0.193386137
v -0.81318903 0.145636618 0.147096783
v -0.57150656 0.337239712 0.463473707
v -0.563090503 0.330129683 0.67074883
v 0.676899731 0.299417973 0.0966797695
v 0.684013784 0.137004316 0.642954767
v -0.687330186 0.280987531 -0.0247306395
v 0.865949273 0.0746307299 -0.268518567
v -0.395829022 0.674622536 0.619026184
v -0.411363661 0.652740479 0.632587969
v 0.286170393 0.585607767 0.240604579
v 0.287377179 0.564707518 -0.190960571
v 0.575690567 0.336934924 -0.378944278
v 0.526514649 0.404046983 -0.551693916
v -0.605302215 0.320385188 -0.564847112
v 0.010920913 0.628165662 0.107408807
v 0.403225243 0.488199055 0.105613388
v -0.565591872 0.391362011 -0.277828842
v -0.811819196 0.224721655 -0.153909862
v -0.52674228 0.401764214 0.528742254
v 0.66762656 0.288131624 -0.0269739423
v 0.574218929 0.343509585 0.63848871
v 0.348367661 0.530519307 -0.212368548
v -0.785413742 0.180376679 0.0932981968
v -0.569243789 0.33342132 0.551080704
v -0.858118057 0.0498084649 0.38266778
v 0.800716043 0.101708084 -0.375827104
v 0.541540086 0.415239424 0.396718115
v 0.198451385 0.719026089 0.386540294
v 0.383772999 0.543569744 -0.368994951
v 0.46862936 0.49507007 -0.536759377
v -0.61035341 0.264652878 0.560283005
v 0.629895449 0.253763258 -0.492981821
v -0.402578115 0.566131592 0.476428866
v -0.831610382 0.157700598 -0.470035911
v 0.741131723 0.042401053 -0.619773448
v 0.137506709 0.644507706 0.220646083
v -0.389165163 0.544411242 0.386523783
v 0.462064952 0.482417941 -0.460188895
v -0.744135201 0.221718937 0.0588730052
v -0.110529952 0.610335112 0.0652882382
v 0.0355559811 0.620211363 0.0618735962
v 0.806551993 0.101128675 -0.360588998
v -0.0877399445 0.682655871 0.273899883
v 0.603462517 0.254282326 0.68944025
v 0.067534931 0.616385221 0.0533991084
v 0.427988231 0.487255067 -0.31743136
v -0.566592693 0.3556256 -0.645489216
v 0.519608855 0.419361979 -0.582412183
v -0.561429024 0.395744801 -0.433479398
v -0.548662245 0.36610505 0.619570076
v -0.909040809 0.22516644 -0.239549011
v 0.850926936 0.0929755867 -0.243416354
v 0.832934678 0.0425000452 -0.460582525
v 0.384286255 0.502487898 -0.197363809
v 0.180330351 0.593077719 -0.079787083
v 0.735674143 0.218755424 -0.113575146
v 0.249218777 0.694270968 0.404175043
v -0.024863448 0.620659351 0.0626849309
v -0.572848856 0.324069083 0.578789651
v -0.247692123 0.694551468 -0.403165311
v 0.415818274 0.471505165 -0.0447812714
v -0.738150358 0.133186817 0.461838663
v -0.17363447 0.772441626 0.421861351
v 0.63041544 0.303845435 -0.13993986
v -0.614351809 0.276744723 0.484091371
v -0.59242779 0.299405098 -0.659000874
v 0.00706067402 0.622818053 0.0755436867
v 0.508418024 0.424797207 -0.488111138
v -0.403556019 0.620990455 0.572633922
v -0.645169616 0.310907006 -0.0153698921
v -0.0624784455 0.653178334 -0.202906698
v 0.660884976 0.325204045 0.263245523
v -0.34352994 0.590411007 0.386449963
v 0.184461817 0.635992348 -0.248818219
v 0.330607265 0.619574964 0.400067002
v 0.234874442 0.640556395 0.302808255
v 0.481868327 0.436729729 -0.330852091
v -0.730786443 0.209057719 0.190983668
v 0.434026212 0.504399359 0.333326548
v -0.545006156 0.371755749 0.341402769
v -0.410756826 0.477274686 -0.0311708432
v 0.10298124 0.789610088 -0.399153918
v 0.260052592 0.730982482 0.457924396
v 0.610348046 0.318452626 -0.164826974
v 0.852609098 0.10089618 -0.200056911
v 0.735296547 0.225463048 -0.0782769471
v 0.496763885 0.435322076 -0.45132637
v -0.438169807 0.470974445 0.275610924
v 0.51250875 0.445118397 0.425753981
v 0.790229797 0.154663026 -0.200733006
v -0.854474187 0.0764744505 0.299789876
v 0.369320005 0.536807477 -0.305480093
v -0.903255701 0.113265388 -0.0673281923
v -0.654253006 0.302564949 -0.00362851168
v -0.530667067 0.386464149 0.143064409
v 0.34598127 0.541227877 -0.253215969
v -0.516593933 0.435588479 -0.35397625
v 0.69350785 0.231386527 -0.256461412
v 0.760920286 0.133385658 0.546255827
v -0.547798276 0.394672543 -0.152846381
v -0.247880563 0.566720724 0.0786898956
v 0.630035579 0.256888121 0.616486609
v -0.877335846 0.0886211842 0.15637292
v -0.745859563 0.199165776 -0.499906391
v 0.252536386 0.561780572 -0.0265894923
v -0.192959279 0.704489529 -0.365165025
v 0.603685081 0.25684616 -0.620059311
v 0.541071296 0.378328353 -0.485839695
v 0.838243663 0.141052738 -0.0633994266
v 0.377540916 0.642951131 -0.543642044
v -0.431008399 0.466034949 0.180645108
v 0.567647696 0.390543938 0.295013875
v 0.467831165 0.492036432 -0.523235798
v 0.885273516 0.218858644 0.221823812
v -0.779141247 0.218848199 -0.0562519431
v -0.712894738 0.268741786 -0.0625387728
v -0.680485189 0.265882552 0.108784229
v -0.232711881 0.648852468 -0.316761494
v -0.232340008 0.667136312 0.354917824
v 0.31790331 0.533253312 -0.0980771706
v -0.777217746 0.117143787 0.396109939
v -0.925336659 0.0758487061 -0.0135111595
v -0.707605362 0.249490008 0.0709900036
v 0.150940642 0.767586172 0.402561873
v 0.773461998 0.228414491 0.0775797591
v -0.365072072 0.586061299 -0.397825658
v -0.654654026 0.316206992 -0.408048898
v -0.45759353 0.555635214 -0.614115119
v 0.190633953 0.775301695 -0.437192559
v 0.80237323 0.234184548 0.165194944
v -0.253725648 0.564085245 -0.0570851862
v 0.359954506 0.584580123 0.382575512
v -0.21195595 0.579886734 -0.0453195125
v 0.382272869 0.519477546 -0.280334651
v 0.620285213 0.250337392 -0.555776417
v -0.607928395 0.26723206 -0.660030484
v -0.617988765 0.342887521 -0.121494643
v -0.0697525367 0.791031539 0.389457703
v -0.330278963 0.709386826 -0.529701173
v 0.873798013 0.0593542382 -0.304378152
v -0.787957251 0.0629733056 0.506107211
v 0.110315554 0.623081267 -0.140360937
v -0.28924197 0.590354919 -0.261155635
v -0.533429861 0.424243748 -0.441195726
v 0.633371651 0.321537226 0.461002588
v 0.295474797 0.569913864 0.205025062
v 0.968001902 0.0471456833 0.146260947
v 0.95319438 0.0847813636 0.153708637
v 0.0882562995 0.619677722 -0.103853449
v -0.689175129 0.241225749 -0.51941812
v 0.613048673 0.182686657 0.730435371
v 0.659548402 0.265124857 -0.244633451
v -0.621627688 0.351007998 -0.280806631
v 0.813839495 0.0725924894 -0.426517844
v -0.670319021 0.310175389 -0.382167101
v -0.465918154 0.454759568 -0.177283391
v -0.449072272 0.451198697 0.165682137
v -0.72196275 0.0724103823 0.610357523
v -0.635166943 0.072058849 -0.748415768
v 0.449487507 0.46782738 -0.323564708
v 0.641327024 0.323324591 0.0911465436
v -0.333622366 0.607937872 0.401836753
v 0.683063269 0.19585067 -0.460247904
v -0.563263595 0.338199675 -0.711041689
v 0.592600584 0.182426572 -0.769542098
v 0.377187818 0.504534006 0.106888548
v 0.323619694 0.693636477 0.501155972
v 0.656486094 0.272140503 -0.214130044
v -0.439046234 0.580956876 -0.596642435
v 0.101000555 0.621413529 0.118952721
v 0.687457919 0.276475579 -0.00301943277
v -0.272348017 0.645802975 0.36972478
v -0.62597698 0.155985966 0.701525986
v 0.771185696 0.0608365424 0.588397622
v 0.592405081 0.362696379 0.455471724
v 0.270575941 0.588470638 -0.242103368
v 0.417883277 0.476246297 0.0787641034
v -0.639047444 0.319104463 -0.0441880748
v 0.358611435 0.524711788 0.168606505
v 0.581770182 0.307026118 0.685172975
v -0.476866007 0.432164818 -0.00805882178
v -0.571743667 0.375638783 -0.523228824
v 0.293367237 0.72633636 0.493533373
v 0.955680132 0.0352547467 -0.0651022494
v 0.504251599 0.457064897 0.462586612
v -0.714939356 0.146128893 0.494059116
v -0.930398643 0.0659798831 0.0133853052
v -0.420864075 0.473190606 -0.0657140315
v 0.593161047 0.328788549 -0.223770738
v 0.800613999 0.10592141 0.524761736
v -0.542559385 0.412288994 -0.531495333
v -0.328055888 0.548757195 -0.196610942
v 0.683091164 0.281567812 0.449181974
v -0.936799049 0.0652409047 -0.021443462
v -0.674871922 0.0852167904 0.672847688
v -0.765897155 0.246372744 -0.128900617
v -0.599529028 0.227883473 -0.726654053
v -0.611797988 0.214454174 0.671625316
v -0.63181901 0.144006401 0.699255526
v 0.722963214 0.233657405 -0.0895655528
v 0.752992928 0.145211205 0.545206249
v 0.536625385 0.418321341 0.575632811
v 0.177436545 0.669171572 -0.306915581
v 0.550865531 0.36531654 -0.350542575
v -0.360369742 0.509536088 0.115580849
v 0.652067184 0.24697338 -0.401316792
v 0.767132401 0.0912695974 -0.489980459
v 0.910462022 0.111009896 0.0832969844
v -0.607967973 0.343974054 -0.0662748218
v -0.561431408 0.389222085 -0.518414736
v -0.772660077 0.245839849 -0.143901721
v -0.964790821 0.035375081 -0.0234262645
v 0.614132881 0.341309667 0.45496279
v -0.463538915 0.472844303 0.427507609
v 0.457770646 0.464103878 -0.350730985
v 0.399010986 0.562678277 0.422907919
v 0.69363004 0.236269936 -0.226892352
v 0.562468469 0.337787718 -0.624518812
v 0.0552811921 0.811705053 0.400021285
v 0.302620679 0.579867005 -0.278155893
v -0.335151076 0.557792962 -0.249806628
v -0.262520611 0.62677294 0.322016686
v -0.45918861 0.44415316 0.181821555
v 0.0866486505 0.693851769 -0.291999638
v -0.628065944 0.289863825 0.287229449
v -0.632118046 0.320057422 -0.0109539479
v -0.721518934 0.061868012 -0.648686588
v -0.404296666 0.483371615 -0.0615225658
v 0.84741497 0.0857172757 -0.286872238
v -0.887274504 0.0849041194 0.130820245
v -0.448772311 0.540290236 0.568304658
v -0.468488038 0.452175438 0.344302803
v -0.216518015 0.659707069 0.32650733
v 0.769850194 0.217857495 0.0221844371
v -0.601371348 0.204248771 0.721654952
v 0.416201115 0.484169096 -0.239625826
v -0.435090214 0.485488594 0.342288435
v 0.151177391 0.747968674 0.384886444
v -0.479114383 0.428422898 0.0378420874
v -0.611356437 0.354330987 -0.197371557
v -0.690849364 0.220249295 -0.547147334
v 0.331523865 0.669930816 -0.492522895
v 0.72948581 0.0313978456 0.660325706
v 0.600453258 0.297367245 -0.473277569
v -0.86272651 0.108154565 0.120024092
v 0.285266012 0.552150011 0.0823190734
v -0.0986998826 0.810557723 -0.411151916
v 0.160735607 0.59492141 0.0116572995
v -0.703420281 0.277094513 -0.0719047338
v -0.603325605 0.308841616 0.348504275
v 0.918412685 0.0623652786 -0.10597343
v -0.619300485 0.336414665 -0.070765838
v 0.854300618 0.166763797 0.0831702575
v 0.832627475 0.110473506 -0.234854892
v -0.755777299 0.274696141 -0.249343395
v 0.682332516 0.251081854 -0.198105067
v 0.331413507 0.580297291 0.311595708
v -0.285022229 0.630367756 -0.348374635
v -0.328579903 0.592491925 -0.338239223
v 0.738923788 0.238654882 0.00700606825
v 0.637592852 0.332572103 0.150120422
v -0.933256865 0.0536644235 0.0777550265
v 0.968702078 0.01979433 -0.100293159
v -0.645517826 0.313541919 -0.449228406
v -0.652633786 0.330448389 -0.283544868
v -0.781771839 0.10273049 0.425488204
v 0.890025556 0.0914346054 -0.0823102966
v -0.645990372 0.3225362 -0.111032836
v 0.0732577518 0.6317693 0.142750576
v -0.742192328 0.271037012 -0.373822153
v -0.320299089 0.547547877 -0.169340074
v -0.649846256 0.305073112 -0.464623302
v 0.740818858 0.274075568 0.190914974
v 0.466331452 0.442358822 -0.241965726
v 0.564061522 0.391114593 0.252191871
v -0.263328195 0.675408065 0.402335435
v 0.95303899 0.0353134759 -0.0838924646
v 0.0542460643 0.640432417 0.164847001
v -0.807509005 0.142208576 0.188025028
v 0.3946594 0.527331948 -0.351346344
v 0.607312739 0.131938249 -0.76049459
v -0.592917025 0.365839034 -0.427204132
v 0.399783641 0.496208757 0.152202576
v 0.903849065 0.236364365 0.252802581
v -0.623394251 0.303927362 -0.546356857
v -0.550416291 0.365847468 0.359375387
v -0.782858074 0.160798565 -0.502127826
v 0.703874111 0.197008938 0.555918097
v 0.801371515 0.2098919 0.0848394856
v -0.816119909 0.132744327 0.197551429
v -0.743764281 0.149664402 0.396941572
v 0.604950011 0.361750245 0.350043029
v -0.806180298 0.156849623 0.121517189
v 0.453255951 0.531973958 0.524107575
v 0.621412337 0.345890135 0.176576018
v -0.584603488 0.333654583 0.273548841
v 0.411416233 0.521374285 0.324116737
v -0.445160717 0.49112609 -0.31419301
v -0.717118204 0.221065864 0.191910774
v 0.646195054 0.262736738 -0.350178987
v -0.54565084 0.389847606 -0.677828968
v -0.532352686 0.4056862 -0.154564679
v -0.952959716 0.0408207141 0.039321132
v 0.661948025 0.217562437 -0.473293424
v 0.518503547 0.432444513 -0.650613487
v -0.544653535 0.412420243 -0.457398087
v 0.295289636 0.551668882 0.11613971
v -0.787981272 0.144971624 0.255176574
v -0.078183718 0.733864129 -0.339019001
v -0.693138719 0.228754818 -0.531881571
v 0.218459055 0.646112263 -0.305427879
v 0.330080003 0.557645679 0.237002879
v 0.65102303 0.168675393 0.669949114
v 0.370759994 0.609590113 0.460753292
v 0.572684944 0.292884409 -0.715333521
v -0.297182977 0.63351506 0.385233134
v -0.847938716 0.234782338 -0.224745587
v -0.193957761 0.585336208 0.0433730483
v -0.683917165 0.275158405 -0.464103341
v 0.0740625411 0.613742471 0.0281372983
v 0.505936503 0.408782721 -0.0473660752
v -0.823269129 0.170432255 -0.00678286701
v 0.799479604 0.232348353 0.413469076
v 0.192530736 0.700181484 -0.363844573
v -0.803035259 0.20703347 -0.0792856663
v -0.671050549 0.122743443 0.638932824
v -0.224409953 0.76248163 0.453756779
v 0.563025713 0.395489395 0.346857876
v 0.682933867 0.208151132 0.575170219
v 0.478306115 0.454898953 -0.428232968
v -0.813042641 0.196436465 -0.0697290227
v 0.0826533288 0.623639882 0.114427246
v 0.787773788 0.240800336 0.158935636
v -0.638668597 0.280770063 0.276692837
v 0.406009257 0.539262116 0.372649223
v 0.372710049 0.565387785 0.361706972
v -0.416869342 0.480398029 0.215117469
v -0.617521882 0.219913468 0.641239524
v -0.637461483 -1.84001939e-10 0.768510401
v -0.637461483 1.84001855e-10 -0.768510401
v 0.637461543 0 -0.768510401
v 0.637461543 0 0.768510401
v 0.812535584 0.238208324 0.194430128
v -0.425262332 0.480826974 0.266440243
v -0.451266795 0.448384732 0.0202356316
v -0.857329607 0.0949581042 0.209247276
v -0.477733433 0.429342508 0.182130441
v -0.587637067 0.256071836 0.703786135
v 0.450126618 0.458912104 -0.265639633
v 0.426936924 0.485160887 -0.301104099
v -0.5992378 0.238872036 0.68057555
v -0.738963842 0.220318288 0.0895738006
v 0.628834605 0.313985348 -0.0612519383
v -0.320152372 0.528847694 0.0302775484
v -0.59404397 0.305782735 0.475967228
v 0.831456304 0.14564313 0.476653606
v -0.802133441 0.184946731 0.0066816574
v -0.204993218 0.588819683 0.113211595
v -0.56370312 0.365693778 0.047648944
v -0.623273849 0.345298946 -0.378825396
v -0.378845602 0.572587252 -0.397065163
v 0.377997696 0.511572719 -0.225163713
v -0.629048765 0.320873737 -0.478619665
v -0.699762404 0.229117125 0.236077532
v 0.402425766 0.523781121 -0.365253717
v -0.489435852 0.434168786 0.375886738
v -0.419483125 0.48141104 -0.137471274
v -0.393326104 0.581907392 0.483773828
v -0.139324665 0.65502423 -0.246325016
v -0.273475826 0.728174984 -0.470700592
v 0.283908755 0.547273576 -0.0272822026
v -0.691308975 0.307320982 -0.283050865
v 0.935133576 0.0618015006 -0.0113592725
v 0.52845782 0.40628466 -0.613708019
v -0.627648771 0.197571874 -0.689147413
v 0.708352745 0.20412676 0.540978253
v -0.598124146 0.26504001 0.627658725
v 0.287095159 0.589291215 -0.274915099
v -0.133254141 0.674536228 0.283532381
v -0.553836167 0.403053433 -0.342373759
v -0.681780219 0.283389688 -0.447465062
v 0.624108076 0.347806066 0.229714364
v -0.331816345 0.652692199 -0.459112704
v 0.745566189 0.263158739 0.147227496
v 0.371470332 0.552745283 -0.361064047
v 0.315047503 0.54243511 -0.159262016
v 0.563217938 0.362754911 -0.0936510041
v 0.319740295 0.56063354 -0.255795032
v 0.0228700098 0.762782156 0.358275771
v 0.426699907 0.578793108 -0.569496036
v -0.418732226 0.573104322 -0.50903362
v 0.256011665 0.613490462 0.269860655
v 0.675431669 0.286278337 0.00122949935
v -0.593901813 0.266295224 -0.702464759
v 0.326691747 0.683841646 0.493959188
v 0.599853396 0.321543932 0.582933605
v 0.449279785 0.499337375 0.373380691
v 0.653728008 0.268451303 -0.260203809
v 0.773318887 0.0744674653 -0.51213181
v -0.491171539 0.479883969 -0.519308448
v 0.275892645 0.565143228 0.138349503
v 0.645725012 0.243602276 -0.451195061
v 0.897299945 0.10420689 0.012688051
v 0.453471839 0.55903244 0.603787541
v -0.581813216 0.285901695 0.668730438
v -0.669647992 0.157363281 0.59196496
v 0.651261032 0.0958077833 -0.702439964
v -0.356943309 0.588220894 0.410445184
v 0.0189085472 0.650896251 -0.189381421
v 0.628465772 0.0997854546 -0.737647176
v -0.523684263 0.412472367 0.587512136
v -0.636690676 0.279250443 -0.561989725
v 0.777352214 0.130013987 -0.353130281
v 0.398768306 0.609845936 -0.544821918
v -0.580817819 0.361232847 -0.537808716
v -0.429435372 0.48833698 0.329621762
v -0.610655129 0.296632916 0.38693735
v 0.147524297 0.722170651 -0.358710825
v -0.953749359 0.0507542789 -0.0506896488
v 0.894269466 0.149066165 0.127650291
v -0.695303023 0.21620816 0.327716261
v 0.133935094 0.602139831 0.0163908079
v 0.723504961 0.12627852 -0.516271055
v 0.0694133714 0.715457976 -0.316230148
v 0.753272712 0.091998972 -0.518633068
v 0.276486188 0.556926847 -0.113087691
v -0.390171647 0.53763473 -0.320703298
v -0.783360183 0.142913342 0.282108665
v 0.685268998 0.2205275 -0.355930239
v -0.493336976 0.493539304 -0.62494123
v 0.0617710911 0.787082076 0.384364277
v 0.437463313 0.508409262 0.365124106
v 0.61219877 0.320815533 -0.122988626
v 0.165542215 0.765025556 0.408993989
v 0.31962496 0.577793956 -0.307410598
v 0.328719378 0.549513876 0.201024249
v -0.676899195 0.259556532 0.173748687
v 0.577689946 0.331097782 -0.435532182
v -0.119653575 0.612024128 0.0945319533
v -0.745197952 0.0611095019 -0.620051444
v 0.456905633 0.467152148 0.222504571
v 0.682846367 0.230191916 -0.320264131
v -0.0634628236 0.641432881 -0.171521157
v -0.71837002 0.15527752 0.460405648
v -0.853877068 0.128686592 0.0567493699
v 0.804531991 0.26046887 0.274344146
v -0.481323659 0.427046269 0.199533418
v 0.41182074 0.487890333 0.14858371
v 0.647709012 0.317693025 0.425514519
v 0.629123151 0.296180487 -0.221846998
v -0.187474892 0.766300023 0.426636934
v -0.50115639 0.42798996 0.437823623
v 0.39258936 0.56393218 0.408688903
v 0.659083307 0.21549204 -0.492094427
v -0.68149966 0.307038248 -0.356850028
v -0.460344046 0.490559787 0.481903374
v 0.458395541 0.515137613 0.48604396
v -0.131020218 0.801001787 -0.418596506
v 0.586456358 0.309909105 -0.522794724
v 0.709215105 0.205753848 -0.311866522
v 0.642673969 0.242891207 -0.469493687
v 0.720482409 0.165583909 -0.423211128
v -0.873087168 0.101351954 0.108680226
v 0.711927474 0.144575104 0.597236395
v 0.31846416 0.64487958 -0.437114716
v 0.39619723 0.632307053 -0.570575058
v 0.736665547 0.260695279 0.106672518
v 0.779141068 0.0816419274 0.56415087
v 0.309415936 0.604191005 -0.350597918
v 0.148445591 0.622212529 0.165923461
v 0.518377006 0.39606455 -0.162750378
v 0.583703518 0.294626504 -0.624869287
v 0.711154103 0.2174308 -0.242505327
v -0.715732753 0.152026087 0.476965427
v -0.383498669 0.534008801 -0.288137406
v 0.082086809 0.815744042 0.408645749
v 0.536279738 0.389223397 -0.585781157
v 0.39775306 0.539038301 -0.396975338
v -0.748460233 0.164738879 0.325358391
v 0.437574625 0.495133579 0.302185267
v -0.847381771 0.0784240961 0.315108806
v 0.640414596 0.256234586 -0.42225045
v 0.610879838 0.357123166 0.236860275
v -0.345578372 0.619459391 -0.427924097
v -0.400802344 0.620375931 -0.553500414
v -0.404867291 0.500140011 -0.199365228
v 0.64627558 0.199418306 -0.580907345
v 0.550766766 0.405335277 0.337089002
v 0.699187934 0.17059046 0.591065764
v 0.180449843 0.648396313 0.263750315
v 0.403391957 0.485322624 0.0774898008
v 0.298873484 0.540332258 0.0131623959
v 0.632104576 0.275294363 -0.366491199
v 0.464037895 0.46005854 0.208193019
v -0.313526094 0.679284334 0.475659996
v -0.39523232 0.486755311 -0.0261260848
v 0.110186793 0.692884028 -0.300495714
v 0.317737252 0.663777053 -0.462461084
v -0.332736462 0.672377229 -0.489032984
v -0.769527197 0.176275358 0.183826417
v -0.589850187 0.280505806 0.631326079
v 0.633354068 0.120241381 -0.715637624
v -0.174018979 0.620951653 0.198034883
v -0.860822737 0.112870038 0.104435958
v -0.753442943 0.108992189 0.481438547
v -0.417927623 0.61721611 -0.595901251
v -0.666949987 0.0727889836 0.695716023
v -0.417586327 0.541204631 0.464230746
v 0.542185664 0.374561667 -0.33654952
v -0.275022298 0.55561161 0.0958342329
v -0.864249766 0.121806376 0.0456641577
v -0.796600878 0.216812551 -0.0964909047
v -0.510741889 0.44641915 -0.418626964
v -0.384431601 0.499654174 -0.103650525
v -0.14604874 0.60101378 -0.0499230064
v 0.449487805 0.470148534 0.205876097
v 0.173575625 0.729297221 -0.38336274
v -0.751914203 0.0595252961 0.57842344
v 0.474718481 0.448830217 0.179114714
v 0.344897002 0.596161902 -0.401612312
v -0.497198164 0.478399754 -0.568885267
v -0.532231867 0.402796358 -0.122807108
v -0.300186008 0.568416119 0.236071959
v 0.950107694 0.0813170969 0.139209673
v -0.0290570222 0.65034765 0.188142166
v 0.753399193 0.225451797 -0.00222127582
v 0.630377769 0.315467805 0.492114276
v 0.943473518 0.116141684 0.168056071
v 0.319828689 0.620734513 -0.400580943
v 0.548942864 0.36731106 -0.43393293
v -0.434923738 0.469062358 0.240939409
v -0.429282397 0.554351032 0.531329334
v -0.894654691 0.0935657918 0.048247762
v 0.474665701 0.515158713 -0.6196208
v 0.561828017 0.345697314 -0.549305499
v 0.822168529 0.104755007 -0.297281265
v 0.768743873 0.241339058 0.115808688
v -0.863049686 0.104296841 0.13839516
v 0.767614901 0.196370974 -0.0888215378
v -0.801965892 0.091079846 0.404622585
v 0.574284911 0.348602444 -0.175965458
v -0.639695108 0.21360606 -0.649382472
v -0.535627484 0.384120584 0.099053219
v -0.339608729 0.533413172 -0.153534532
v 0.762863755 0.273463279 0.270827144
v 0.420133114 0.472341686 -0.158584967
v -0.0082093291 0.795293272 -0.383734822
v 0.434710473 0.480101585 0.202589273
v -0.782521605 0.0835156143 -0.559039474
v 0.193977013 0.633687198 0.243944496
v -0.391573757 0.558724761 0.430003434
v 0.433917969 0.493536234 -0.373542011
v -0.942943394 0.0541781224 0.00965876039
v 0.499460727 0.4733603 0.557011187
v 0.739609778 0.12953788 -0.467067808
v 0.609078705 0.359442204 0.266828328
v 0.197061732 0.797408283 -0.457882941
v -0.0802881569 0.642124653 -0.180534676
v -0.927645504 0.0985699967 -0.105295457
v 0.224732324 0.611888945 -0.236383289
v -0.939493299 0.0931433588 -0.128859624
v -0.477181047 0.47729221 -0.398642212
v -0.155024454 0.812190771 0.438084453
v 0.566320419 0.367291123 0.60490042
v -0.559541106 0.396587223 -0.454184294
v 0.56832701 0.372328401 0.56687355
v 0.365962982 0.552469254 -0.345652163
v -0.511307597 0.42977792 -0.246600047
v 0.91555047 0.0528248809 -0.177663237
v 0.183889061 0.740367949 0.398386002
v -0.711911857 0.272362679 -0.419334471
v 0.684034705 0.166538894 -0.534869432
v 0.17535162 0.601234138 -0.123505831
v -0.622428775 0.26667124 -0.620892763
v 0.589955449 0.372802377 0.370345652
v -0.682153344 0.269501507 0.075475648
v -0.797337055 0.068749547 0.473910213
v -0.791467369 0.0271254275 -0.587649047
v -0.688317239 0.2614066 0.0955895707
v -0.770465553 0.20567809 0.0312840007
v -0.658833504 0.301570684 -0.450304687
v 0.661478996 0.250047535 -0.330510765
v 0.255184442 0.564901352 -0.0933064222
v 0.474237353 0.43282938 -0.198856503
v -0.368568003 0.549822092 0.344298959
v 0.711514056 0.286729604 0.163256049
v -0.362475067 0.509763598 0.133084387
v -0.277215421 0.552251279 0.0670414791
v -0.696762681 0.259363353 0.0645217523
v 0.455961078 0.445730418 -0.00660936674
v 0.411953598 0.474162847 -0.0721946955
v 0.247989863 0.639823258 -0.328263879
v -0.958283007 0.0374033786 0.0250578374
v -0.836297035 0.07833606 0.349315226
v 0.706959486 0.297472268 0.235342905
v 0.565199554 0.377489418 0.09908095
v 0.844407558 0.11604628 -0.16014643
v 0.552273452 0.393585742 0.583857417
v -0.49278605 0.439637512 0.444493145
v -0.537271559 0.386004686 0.547520161
v -0.823683441 0.109892689 0.27080065
v -0.419104517 0.496724129 -0.236641854
v -0.484684378 0.474648505 0.556186855
v 0.297839046 0.562134027 0.178587854
v 0.563909173 0.394673795 0.387333661
v -0.634466052 0.180092856 0.650921881
v -0.847179294 0.105622262 0.199544802
v 0.740127504 0.147998169 -0.414059043
v 0.7585603 0.0438214429 -0.591489077
v -0.624701142 0.344589442 -0.188134357
v 0.65072304 0.298241049 -0.0493151061
v -0.631241262 0.132545561 0.710298657
v -0.429905355 0.536816657 0.493748426
v 0.316150725 0.587873697 0.302259177
v -0.422986805 0.488905758 -0.206929982
v 0.474963099 0.440360695 -0.30337432
v -0.622749507 0.28133297 -0.595391035
v 0.60627681 0.309096217 -0.311795831
v -0.647307754 0.244480163 0.43928802
v 0.332824886 0.540340126 -0.208489954
v 0.419980675 0.507889628 0.295976311
v -0.458287209 0.458185464 0.315174669
v 0.39198935 0.502392232 -0.233798549
v -0.375627011 0.634986997 -0.51664567
v -0.56465584 0.390841812 -0.25633651
v -0.899624765 0.0766123459 0.117986932
v -0.815140426 0.087226741 0.380574942
v 0.669299304 0.310354382 0.139480919
v -0.565662205 0.388657391 -0.473205179
v -0.53466469 0.421466619 -0.389034897
v -0.675976813 0.0727049112 0.682762563
v 0.464989781 0.446969062 -0.277635634
v 0.630648017 0.186710685 0.692609549
v -0.667831242 0.320974082 -0.283651233
v 0.414479017 0.50874579 0.280172974
v -0.116156533 0.672484696 -0.266528279
v -0.479895353 0.428582519 0.0207418017
v 0.38492927 0.54911381 0.343953252
v 0.158398792 0.697464883 0.330407619
v 0.322732031 0.594621956 -0.354440123
v -0.627575219 0.24240239 0.545019388
v 0.843899369 0.172434583 0.0735784099
v 0.82161212 0.132575482 -0.175506085
v -0.106217451 0.738081694 0.35498181
v -0.824121118 0.134901226 0.153408363
v 0.579402804 0.370471567 0.496406883
v 0.708236098 0.272404432 0.0641771406
v 0.460918069 0.53329891 -0.600522339
v -0.79177773 0.207490563 -0.0499297455
v -0.427972972 0.514692366 0.425387025
v -0.182643846 0.63498044 0.244089648
v 0.487249613 0.43185848 0.0990517288
v -0.930206835 0.0622624867 0.038808722
v -0.572188795 0.385662645 -0.426445991
v -0.40489012 0.601657391 -0.529873729
v -0.559621811 0.387548834 -0.550299346
v 0.322585076 0.612725914 0.372242332
v -0.67372191 0.0979024172 0.662458003
v -0.854596674 0.156259283 -0.0527432561
v 0.355710596 0.513982058 0.0769416019
v 0.938572824 0.110304706 0.152297288
v 0.620162785 0.112840839 -0.745007336
v 0.838210523 0.0325752459 -0.473416269
v -0.593948543 0.37041834 -0.349253953
v -0.290717036 0.615833521 -0.326801747
v 0.606777966 0.310148239 -0.294122458
v 0.701346874 0.28191793 0.0920303315
v 0.0690201074 0.644162238 -0.184588835
v 0.753114402 0.24361141 0.0798060894
v 0.138305232 0.611350238 -0.117353715
v -0.454133451 0.47030735 0.36367783
v -0.730892479 0.214443117 0.160720453
v -0.581187248 0.23830153 0.763715088
v 0.685531974 0.289651603 0.0713348761
v -0.208326414 0.583557427 -0.0702546015
v -0.419687957 0.468967438 0.0527573414
v -0.506374717 0.452534527 -0.437554479
v -0.804831266 0.0576887317 0.483499765
v 0.631774545 0.122622311 0.731602371
v 0.26656878 0.604580224 0.262709945
v -0.58099544 0.325512558 0.452260703
v -0.478594631 0.465550572 -0.328918397
v 0.578358531 0.316741019 -0.563440681
v -0.494576007 0.419716656 -0.00585290277
v 0.649085522 0.332720339 0.287567943
v 0.0571128167 0.657142997 -0.213290066
v 0.636055291 0.168749735 0.696291924
v 0.235235661 0.573277593 -0.0891990811
v -0.0765714198 0.702901006 -0.29952535
v 0.831693232 0.0641044378 -0.406409442
v -0.253087878 0.751678884 0.472738057
v 0.245489106 0.718058467 0.428806543
v 0.44368571 0.541256428 -0.55262959
v -0.886882067 0.0669242889 0.225546211
v -0.581660926 0.333858669 -0.627872229
v 0.5699476 0.275536537 0.772344589
v -0.5699476 0.275536567 0.772344589
v -0.610915184 0.299380153 0.359856874
v -0.704300523 0.290401816 -0.158035576
v -0.695695758 0.224359974 0.283964425
v -0.689507842 0.274478167 0.00564681785
v 0.632222235 0.335139722 0.400531292
v -0.651620269 0.088043049 0.70754832
v -0.508219898 0.46706897 -0.633925855
v -0.478902578 0.432627589 -0.0379399359
v -0.830676675 0.0598023161 -0.519754767
v 0.40922606 0.51872921 0.306155592
v 0.690295756 0.29804796 0.149286777
v -0.593218982 0.288671941 -0.673798084
v 0.269983262 0.599546254 -0.272323072
v -0.44905135 0.448957562 0.0973632261
v 0.164984792 0.625568986 -0.201931044
v -0.308689088 0.574598074 0.274763018
v 0.569527566 0.344529271 -0.364278734
v 0.397680908 0.506891906 -0.281732649
v -0.617564678 0.295810312 0.328288406
v 0.168195605 0.744532526 -0.394888967
v 0.540136158 0.393318832 0.0794407353
v -0.414709628 0.620661616 0.6001665
v -0.575604856 0.373275906 -0.131515831
v -0.153810784 0.759816766 0.399391204
v -0.846134961 0.129785731 0.0842101574
v 0.603991985 0.35325256 0.128203183
v 0.596019685 0.298797429 0.64685148
v -0.615048468 0.344713539 -0.432212323
v 0.837863445 0.103394873 -0.246469811
v 0.386009246 0.53112632 -0.336592227
v 0.395002395 0.527670443 0.296858966
v 0.363720655 0.505362511 0.0204293653
v -0.451855242 0.514126539 0.517147422
v -0.268743634 0.602132082 0.276255012
v 0.635219574 0.242559969 -0.507822394
v -0.704158008 0.153515756 0.50683856
v -0.482217133 0.506540895 -0.594297409
v -0.774766207 0.165554419 0.214050069
v 0.645503938 0.328108758 0.379649729
v 0.388053238 0.494776011 0.0768681765
v 0.700379789 0.222441599 -0.270200193
v 0.412315309 0.489510566 0.162646174
v -0.307809263 0.632247269 -0.386183321
v 0.656927466 0.231611177 -0.444297493
v 0.16452007 0.607541442 -0.136882767
v 0.293969989 0.603416443 -0.322036833
v 0.625531375 0.294650912 0.560648024
v 0.303285569 0.539768875 0.0446347222
v 0.202250719 0.651485384 -0.298412412
v 0.901266694 0.0859228298 -0.0575021803
v 0.635929227 0.286938012 -0.247521684
v 0.718889296 0.115175143 0.612467527
v 0.532458246 0.384537399 -0.15982528
v 0.595564902 0.320850819 -0.301872522
v -0.953790784 0.0445177034 0.00060721318
v 0.495970517 0.42088443 -0.31357953
v -0.83403486 0.141189337 0.0802471638
v -0.876479268 0.092132397 0.141715482
v -0.179920629 0.814480305 0.455305189
v 0.638608932 0.326859087 0.105095848
v 0.428018719 0.522300959 0.385707825
v -0.837257802 0.169090822 -0.459907621
v 0.372433364 0.555146992 0.330379635
v 0.580610812 0.333940744 -0.335680068
v 0.861738503 0.139393255 0.0180497859
v -0.569185674 0.346379906 0.329090953
v 0.392337263 0.555886269 0.385477662
v 0.269072235 0.6712327 0.395426631
v -0.27991426 0.576255858 -0.197280288
v -0.780982137 0.132794753 0.330996007
v 0.743411541 0.161114722 -0.35839957
v 0.892799079 0.0993297398 -0.0286639445
v -0.571606219 0.329177886 -0.687002659
v -0.0636066869 0.749528408 0.352430791
v -0.922417939 0.084455952 -0.0395324603
v 0.536575794 0.392479628 -0.656735599
v -0.852055192 0.259099245 -0.30105108
v 0.843416095 0.178253964 0.088972196
v 0.321520895 0.721046925 -0.531258225
v -0.71546638 0.287915289 -0.356027156
v -0.73138541 0.275141746 -0.165683806
v -0.876657188 0.086473465 0.170492396
v 0.276031673 0.595822096 0.253693521
v 0.312981963 0.534737229 -0.0811579823
v 0.52179867 0.441746742 0.631773114
v -0.545905471 0.371309936 0.66909343
v 0.369366944 0.597521603 0.433055907
v -0.757258356 0.186220229 0.188211635
v -0.498385966 0.48980543 -0.657474339
v 0.611905515 0.211446449 0.711454213
v 0.667376399 0.0891573131 -0.681497872
v 0.120835349 0.705638289 -0.323883474
v -0.265684396 0.55728507 0.0602285005
v 0.861454308 0.0909830928 -0.211735591
v 0.638750136 0.219348907 -0.561624646
v 0.573830307 0.317582726 -0.608862519
v -0.750555754 0.194500148 0.175682351
v -0.416921854 0.583679557 0.549794137
v -0.802461684 0.220705539 -0.428584844
v 0.437375307 0.48298347 -0.341535062
v 0.802063763 0.146375537 -0.190852597
v -0.941614628 0.0654837787 -0.0520377643
v -0.937278926 0.0518411361 0.065451175
v -0.69364959 0.305496514 -0.249500588
v -0.433230519 0.475038677 -0.159199104
v 0.26438272 0.621485651 -0.314672142
v -0.726210594 0.121479638 0.519781291
v 0.762210369 0.260442764 0.18039465
v 0.504177928 0.470024228 -0.669870675
v 0.504931629 0.463493198 -0.654304981
v -0.860132694 0.05690144 0.3542386
v -0.700300992 0.0821143463 -0.661192358
v 0.0374882035 0.657360256 -0.208712772
v 0.353234321 0.584049284 0.366518259
v 0.504866779 0.445959449 0.354060918
v 0.682252526 0.276324272 -0.0294806547
v -0.578601718 0.320733309 -0.6725384
v -0.140797555 0.673003852 -0.281703562
v 0.448112994 0.506543338 0.401195347
v 0.441532046 0.496052861 0.323707104
v -0.191086486 0.622282565 0.22165817
v -0.798548162 0.175254419 0.0639571548
v 0.870543242 0.239735752 0.249649078
v -0.867328405 0.146519572 -0.0589792803
v -0.779601574 0.109445505 0.412330121
v -0.74079138 0.23915498 -0.0163973179
v 0.636176705 0.340877265 0.257663101
v 0.729627013 0.164619312 -0.395184845
v 0.325398952 0.530444801 0.0720980763
v -0.630346477 0.260799527 0.46013549
v -0.76885432 0.0728515536 -0.582604825
v -0.511789501 0.456495941 -0.577573478
v 0.442615807 0.552003622 0.539726734
v 0.672663033 0.237913594 -0.334042281
v -0.770316005 0.216575012 -0.0181557219
v 0.926768184 0.0861956924 0.0645616725
v 0.246876374 0.626493871 0.287856072
v 0.279378325 0.559069514 0.112883858
v 0.0731060803 0.619557917 0.0841385797
v 0.422108859 0.473376781 -0.18873319
v -0.69913888 0.0596649796 -0.67749697
v 0.364281714 0.527789235 0.203460604
v -0.738432527 0.275874972 -0.194329485
v 0.575462937 0.38267386 0.250247419
v -0.715199351 0.281700581 -0.145845473
v 0.234111428 0.56975019 -0.0332673714
v -0.69430095 0.192721143 0.42817542
v -0.696433783 0.0493462272 -0.687142074
v -0.778876245 0.246255398 -0.400665969
v -0.675876856 0.218729049 0.408178478
v -0.477818161 0.446480304 0.372976214
v 0.577630222 0.383463472 0.355642796
v 0.691420078 0.303882033 0.205796555
v -0.294756174 0.549813628 -0.101309866
v -0.827696502 0.0530517623 0.445572466
v -0.623400092 0.298097789 0.253574431
v 0.381976902 0.594120741 -0.478672415
v -0.85503459 0.0227432065 0.463382959
v 0.635289907 0.103966922 -0.723333836
v 0.591107786 0.274823874 0.700708449
v -0.602622449 0.332632452 0.0814812109
v 0.879605055 0.0736464486 -0.222201347
v 0.532641172 0.423128784 0.605323493
v 0.199922279 0.603499234 -0.17388238
v 0.57247293 0.263878554 -0.773078859
v 0.566440463 0.291727692 -0.768216968
v -0.566440403 0.291727781 -0.768216968
v -0.57247287 0.263878733 -0.773078918
v 0.564612567 0.371012419 0.0244575925
v 0.683071733 0.140763059 -0.587027252
v 0.831633031 0.105012923 -0.262628973
v -0.575009346 0.311898142 0.626293898
v -0.111729234 0.782866299 -0.396769822
v 0.637627006 0.227352217 -0.544870019
v -0.867729247 0.0953419581 0.163898289
v 0.219180107 0.583010316 -0.112637155
v 0.388820529 0.524020135 0.262821913
v -0.452055246 0.530855775 -0.514606774
v 0.691707253 0.244375169 -0.187415019
v -0.813497543 0.22989431 -0.171195284
v -0.350853384 0.632068455 0.475078076
v 0.699707806 0.233292684 -0.211478576
v -0.649220467 0.110856868 -0.711864293
v 0.425394028 0.480489105 -0.266545743
v 0.732143581 0.161896676 0.554728687
v 0.648792744 0.110408999 -0.69477576
v -0.609387934 0.156097487 0.741430819
v 0.467831761 0.510234058 0.51592052
v 0.640170455 0.070514299 -0.735778451
v 0.117412329 0.609863043 0.0688943863
v 0.8574543 0.176489368 0.114473142
v 0.742991865 0.281445801 0.268268973
v -0.64609611 0.330288827 -0.361154258
v 0.839922845 0.0949219465 -0.275311828
v 0.598388791 0.311401844 -0.377155602
v -0.799152315 0.168858811 0.0921681002
v -0.329911739 0.648384452 0.460909307
v -0.449093878 0.472031415 0.345037341
v -0.710321486 0.252448946 0.0404791497
v 0.665749431 0.181161985 -0.557544172
v -0.504993558 0.457848459 -0.479403913
v 0.739267528 0.158016264 -0.384111166
v -0.757922709 0.190440699 0.163045943
v -0.600643158 0.319451362 0.256372899
v 0.669150352 0.231117651 -0.38648349
v 0.404963851 0.559300303 -0.468746483
v -0.675425947 0.285088867 0.00651890319
v 0.79047519 0.0676494911 0.560474038
v -0.713271439 0.0995660499 -0.631870568
v -0.508155704 0.445521474 -0.380630851
v 0.543158948 0.377375901 -0.652354121
v 0.555431604 0.355689019 -0.561660767
v -0.677761734 0.301474482 -0.398882568
v -0.694814801 0.072635062 -0.674424231
v -0.655902207 0.131431118 -0.689397335
v 0.306505263 0.716805816 0.501699865
v -0.390557528 0.503979802 -0.164716825
v 0.47313264 0.469854981 -0.46830371
v 0.67901212 0.187402189 0.6051054
v -0.278491318 0.7567693 -0.503570676
v 0.723070741 0.176312044 0.551876664
v -0.689960599 0.289880365 -0.0925722271
v 0.804745078 0.190010637 0.0225451142
v -0.623058021 0.347034216 -0.205980361
v 0.966701865 0.0238215346 -0.0794645995
v -0.648752511 0.316500723 -0.0781687275
v -0.621478319 0.184950158 0.681252956
v -0.860217631 0.216877475 -0.199185327
v -0.131192103 0.753474116 -0.380238205
v -0.930980384 0.206573889 -0.230396852
v -0.696038246 0.17683509 0.471683264
v 0.438410491 0.456611246 -0.0347894356
v 0.598290563 0.263069272 -0.631717861
v 0.805332482 0.252073556 0.232954636
v 0.694385648 0.127893269 -0.582070172
v 0.109326325 0.612407446 -0.082646355
v -0.642544329 0.196119174 0.599649966
v 0.770243526 0.230234444 0.435774893
v -0.274201244 0.597537279 -0.256155998
v -0.542610765 0.376318395 0.48743698
v 0.521325171 0.395363927 -0.308936387
v -0.328743368 0.658268988 0.472613633
v -0.473722368 0.517208517 -0.580367923
v -0.702406824 0.270225704 -0.0275872145
v 0.341962188 0.540059686 -0.236025125
v -0.468554527 0.450902075 -0.159972191
v -0.812466502 0.157226026 0.0930553079
v 0.395548433 0.620729625 0.540238321
v 0.674561262 0.280796021 -0.0398119837
v -0.594299316 0.313122034 0.409389377
v -0.324917078 0.536301494 -0.118631393
v 0.495651811 0.428449541 -0.387937248
v -0.765301049 0.238807529 -0.0959501117
v -0.215142742 0.74331969 0.428930908
v -0.495969504 0.423720211 -0.0747679025
v 0.200294659 0.589705169 -0.107809275
v -0.0566033907 0.622571886 0.0945752189
v -0.789367735 0.25701648 -0.225399345
v 0.618462324 0.319224179 -0.088845484
v -0.878286779 0.0572015643 0.298370838
v 0.636564374 0.339982569 0.238548622
v -0.662409723 0.29477644 0.00822466984
v 0.229149744 0.744338036 0.439561546
v 0.56635946 0.327902287 -0.638051152
v 0.791399479 0.196028382 0.00243360526
v 0.360725611 0.539489686 -0.289674342
v -0.905505955 0.0847945586 0.0417011194
v -0.680207491 0.308655798 -0.185103402
v -0.463146538 0.479927897 0.456373036
v -0.647421777 0.0494886227 -0.742522657
v -0.459594637 0.447231203 0.230028182
v 0.327951252 0.649057925 0.446885794
v -0.790292978 0.163617969 0.156346262
v 0.49670431 0.415842831 -0.0384287871
v 0.0584842339 0.620710552 0.0805519745
v 0.699115455 0.256155163 -0.0723054335
v -0.232531041 0.779955864 0.474964947
v -0.250631481 0.568725944 -0.086914286
v 0.484219968 0.45645684 -0.475718737
v -0.677655637 0.230906978 0.343861431
v -0.58761096 0.306923538 0.532034099
v 0.0823782682 0.614944875 0.0584374182
v 0.605769098 0.199868545 0.734030306
v -0.555597365 0.35821715 0.478090376
v -0.488795996 0.431284904 -0.104611099
v 0.536664724 0.383137673 -0.101208501
v 0.0450070985 0.622573435 0.0846055076
v 0.505184174 0.46406582 0.54580003
v -0.525769651 0.393956661 0.383975238
v -0.32423377 0.558523536 -0.227271199
v -0.556906044 0.365036875 0.142918602
v -0.323905587 0.534595847 -0.102674887
v -0.286860228 0.611725628 -0.311668903
v 0.858778715 0.114622362 -0.104722172
v -0.217432618 0.592309892 -0.144122884
v -0.622338474 0.224351183 -0.675093949
v 0.440474451 0.456247658 -0.00481029693
v 0.846350074 0.188677594 0.122001201
v -0.601644635 0.314769775 0.301466763
v 0.64433223 0.0920884609 -0.716337025
v -0.732090294 0.158239052 0.407935441
v 0.233898312 0.763161778 -0.463643134
v -0.547087967 0.406745493 -0.301764935
v 0.354355663 0.561534822 -0.341584474
v -0.55248487 0.400032133 -0.523591638
v 0.320752859 0.541594923 -0.174802586
v -0.707862794 0.173209265 0.442387462
v 0.636067271 0.294105917 -0.184358343
v 0.472830504 0.481938183 -0.514596581
v -0.65273875 0.167889476 -0.66767925
v 0.650640726 0.253611594 -0.375450015
v -0.525383711 0.434603751 -0.676651776
v -0.661539257 0.141248181 -0.67389214
v -0.776743233 0.10171251 0.441336691
v -0.809529424 0.127118185 0.24981606
v -0.805868089 0.112768464 0.321484625
v 0.125470161 0.664302707 -0.260674357
v -0.0258359965 0.638839126 0.153836265
v 0.576136231 0.382051915 0.421643674
v 0.829187036 0.254247814 0.269431859
v -0.854187608 0.243844539 -0.38751474
v 0.181998104 0.781529367 0.433109462
v 0.433685571 0.48568663 0.233678564
v 0.883426607 0.162979662 0.133540973
v -0.226665929 0.688173175 -0.373177171
v -0.811685562 0.173658058 0.0205318779
v 0.774902046 0.0667162016 -0.52444452
v 0.230907843 0.675570726 -0.366724163
v -0.792562068 0.126027152 0.316427261
v -0.323778957 0.542700827 -0.154496074
v 0.281434774 0.644682944 -0.381124079
v -0.771478176 0.112457313 0.426102757
v 0.727758765 0.196271926 0.524150848
v 0.690719903 0.290976942 0.103139654
v 0.240509555 0.7486673 -0.457817823
v 0.253665417 0.671514153 -0.386215448
v 0.482635885 0.46939832 -0.523317695
v 0.385208428 0.522698402 0.245584533
v -0.492098153 0.438072681 0.42788884
v 0.418100953 0.523855746 -0.418504506
v 0.370911658 0.499924988 -0.0206956733
v -0.672806859 0.170078501 0.560010195
v -0.653299332 0.251201183 0.372698784
v -0.40664959 0.47756961 0.0424377434
v 0.826366425 0.16890575 0.0112379277
v 0.561103404 0.396718562 0.330679089
v -0.596771061 0.321988344 0.271353155
v -0.139687836 0.623270452 -0.162476584
v -0.20758377 0.632272482 0.264424682
v 0.543192029 0.403072149 0.625645697
v -0.928716958 0.0466985628 0.149827912
v 0.606264114 0.315009147 -0.24509272
v -0.473288596 0.504241228 -0.521812677
v 0.687433183 0.120707966 0.650729835
v -0.828738391 0.0984000936 0.299680084
v 0.218968034 0.582269132 0.0910134241
v 0.402889222 0.515591145 0.271365762
v 0.532987535 0.404134333 -0.690060735
v -0.107483707 0.734305263 -0.349798024
v -0.408449709 0.532702863 0.41210705
v 0.433850646 0.491238713 0.266149819
v -0.858393669 0.104841851 0.156085178
v 0.358391881 0.521578372 -0.201788381
v 0.648674011 0.0852609053 0.725543797
v 0.313810319 0.551673889 -0.204196826
v -0.783973277 0.121155679 0.362598836
v -0.521334767 0.433941722 -0.389821589
v -0.743553281 0.173060134 0.310329229
v -0.343948573 0.538694561 -0.194668487
v -0.820191562 0.132733002 0.180670366
v -0.839679718 0.0670274049 0.376991779
v -0.351899296 0.569889128 -0.326477051
v -0.802206337 0.238014564 -0.402796209
v 0.837019742 0.128593042 -0.129417419
v -0.836533904 0.157476112 -0.00105762866
v -0.430139333 0.494623899 -0.269616246
v -0.618988812 0.292443246 -0.584927022
v 0.301912397 0.544617891 0.0892128274
v 0.697928905 0.248306051 0.492555499
v 0.855623603 0.171403095 0.0982689485
v 0.216188505 0.577216983 -0.0417047143
v -0.900735676 0.109810144 -0.0478962772
v 0.777822912 0.143989488 -0.298487514
v 0.618192911 0.301571608 -0.267968357
v 0.608119667 0.317405432 -0.19855848
v -0.601867199 0.35370487 -0.118294656
v -0.833025277 0.0983815119 -0.499547958
v -0.489144146 0.44690153 -0.250771821
v 0.574333489 0.344913661 -0.244597137
v 0.59654671 0.306644201 -0.442727864
v -0.727841437 0.286665648 -0.237107873
v 0.577637851 0.382787526 0.288700193
v -0.422726721 0.520380199 -0.359866589
v 0.469143182 0.482476056 -0.496770412
v 0.839850128 0.136044681 -0.080591701
v -0.590599358 0.371948898 -0.253086299
v -0.686177969 0.170407414 0.51972121
v 0.490822315 0.455094188 -0.514863431
v -0.764895201 0.100867845 0.472840637
v -0.247640297 0.667773724 -0.365275085
v -0.531260371 0.384948939 0.273009479
v 0.439730793 0.571375668 0.577768207
v 0.367686778 0.530465126 -0.276769966
v -0.402669013 0.486951441 -0.090694584
v -0.0718718991 0.819519222 0.408612907
v -0.348183036 0.643958628 0.487048477
v 0.285935998 0.548496962 0.0468882807
v 0.584205449 0.378273338 0.339848608
v 0.5303092 0.388250917 -0.374066174
v -0.564001083 0.324889809 0.686984897
v -0.489709198 0.505913138 -0.649753451
v 0.719582736 0.287202477 0.346721709
v 0.254274696 0.595628917 -0.234981388
v 0.338462234 0.638893783 -0.462627351
v -0.536478162 0.382248491 0.128275365
v 0.584395409 0.288374305 -0.642618299
v 0.584949672 0.331030071 -0.309753239
v -0.346286058 0.563229799 -0.29410255
v 0.353452921 0.652041852 -0.508020699
v -0.557191789 0.352559 0.564828992
v -0.685954452 0.0603186972 0.679145813
v -0.478371948 0.456465274 -0.261889935
v -0.0863215625 0.782519639 0.387671798
v -0.282462955 0.579125822 -0.213089988
v -0.27280286 0.590185404 -0.232193679
v -0.886657119 0.0795052722 0.162924707
v 0.18463783 0.658393681 -0.294150352
v 0.268575966 0.554876029 -0.0384477228
v -0.440009087 0.492884815 -0.301227123
v 0.556894541 0.35015884 -0.610563993
v 0.778808653 0.0481334664 -0.551523864
v -0.211586386 0.598545134 -0.160609484
v 0.500434399 0.46905458 0.53161931
v -0.795605898 0.0342241041 0.547441721
v 0.103712343 0.758751035 -0.374355137
v -0.305899173 0.556043923 -0.171601027
v 0.489919424 0.468409628 0.425514966
v -0.315848768 0.649759591 -0.428635329
v 0.694339693 0.28172484 0.0607741587
v 0.449770451 0.450652182 0.00895625446
v 0.42591235 0.488364518 0.216018662
v 0.218657643 0.625067234 -0.261838853
v 0.827386856 0.194353372 0.445656627
v -0.526396275 0.433743984 -0.530227065
v -0.847141087 0.108998761 0.183302805
v -0.739697218 0.265406191 -0.1399367
v 0.802155972 0.185156941 -0.0058845398
v -0.86281985 0.126684442 0.0292481892
v -0.867433488 0.0931157023 0.176465765
v 0.317698151 0.570529878 -0.282455385
v -0.62223351 0.32864663 -0.0216588024
v -0.593992829 0.366646945 -0.409038424
v -0.286429524 0.565094113 0.190145403
v -0.606124103 0.307379931 0.332048804
v -0.501242042 0.475997746 -0.602378786
v -0.556584656 0.350070864 0.621536851
v -0.455189914 0.458694458 -0.147535279
v 0.25066328 0.695097983 -0.413345546
v 0.331496358 0.526012838 0.0593414381
v 0.850378513 0.116227031 -0.133499235
v -0.579775035 0.337439895 0.289850056
v -0.664762378 0.321578652 -0.317574978
v -0.72299093 0.0557606183 0.630206406
v 0.195226014 0.747999907 -0.417647749
v 0.356205046 0.722068906 -0.589311719
v 0.373704612 0.702997625 -0.601311743
v 0.644066632 0.227873787 -0.515987992
v -0.54206121 0.407598883 -0.256364226
v -0.595862031 0.0986563042 -0.79424119
v -0.749815226 0.0940772295 0.521775782
v -0.533163309 0.424863189 -0.522483826
v -0.63860029 0.311988175 0.0148025686
v -0.267778307 0.572140574 -0.153951272
v 0.628093541 0.242730483 -0.54170841
v 0.714077294 0.20422864 -0.296677232
v 0.574056268 0.380964845 0.460040241
v 0.529789746 0.420809507 -0.733759642
v -0.529789805 0.420809448 -0.733759761
v 0.304614633 0.553809702 0.156440809
v -0.29158929 0.54353267 0.0258394033
v 0.830744624 0.23698172 0.214820489
v -0.455905408 0.546669841 -0.581888914
v -0.553474307 0.359427392 0.548124015
v -0.528113723 0.426919162 -0.377513915
v -0.435231477 0.458483875 0.0596372485
v 0.704588652 0.285082251 0.124693669
v 0.747333229 0.240205541 0.0455030054
v 0.585323453 0.35725832 0.530216575
v -0.940453887 0.130798817 -0.178093106
v -0.47795561 0.428001434 0.131214574
v -0.539491177 0.417709708 -0.421252578
v 0.215994388 0.729804814 0.413053125
v 0.0651069283 0.625068307 0.109653436
v 0.483381063 0.498259604 0.563298821
v -0.600212455 0.363749534 -0.224536672
v 0.581460118 0.302807957 -0.609278977
v -0.730668068 0.203654036 0.220811173
v 0.544951439 0.37323761 -0.635321558
v -0.597911 0.304683656 -0.629063666
v -0.356977761 0.641766608 0.500604093
v -0.611654222 0.355289191 -0.214768067
v 0.825197995 0.0423073061 -0.476839304
v -0.65746665 0.296649069 0.0219588168
v -0.749876797 0.105694808 0.497361898
v 0.689692974 0.249194279 -0.168107003
v -0.620312393 0.294568479 0.314115047
v -0.629054785 0.327926427 -0.0575875491
v -0.517679632 0.422110528 -0.216731265
v 0.682760775 0.068529062 -0.676398456
v 0.337450325 0.520615101 -0.0745685175
v -0.550978482 0.366340965 0.258289754
v 0.532840073 0.398413986 -0.628358424
v 0.0349477045 0.647700667 -0.183419451
v 0.441508174 0.482925773 0.251403749
v 0.340675443 0.614641726 -0.427827656
v 0.150141627 0.63238579 0.199255183
v -0.0494812354 0.773570895 0.371323854
v 0.373928756 0.508745432 0.125053704
v 0.680907607 0.19851023 0.589798868
v 0.423137009 0.470870405 0.0539594255
v -0.5316118 0.385899842 0.33892864
v -0.114346236 0.643142343 -0.202407479
v -0.603898704 0.271425456 0.574169755
v 0.570645213 0.342140794 -0.390609056
v -0.902499676 0.0966453031 -0.00300408667
v 0.577424526 0.322900206 -0.528174341
v -0.770678222 0.174763113 -0.500789642
v -0.398445159 0.500179887 0.249632239
v -0.0195055194 0.617755294 -0.01864882
v 0.827680111 0.235258624 0.399661124
v 0.522868931 0.392205477 -0.237220243
v 0.832387388 0.183782786 0.0786988884
v 0.556235313 0.357835859 -0.449107468
v -0.599323392 0.293977112 -0.644416869
v 0.578412354 0.358127207 -0.00592434965
v 0.64603889 0.0295948293 0.75098598
v -0.799108446 0.235137716 -0.162116751
v -0.0162909925 0.722639561 -0.315028131
v -0.60672915 0.337862909 -0.00145274901
v 0.748953819 0.275768429 0.336148828
v -0.695488811 0.060616184 0.665506423
v 0.859705985 0.229088247 0.222602576
v -0.818326116 0.108353958 0.296069205
v -0.68617934 0.298457593 -0.133627251
v 0.304632992 0.53739202 -0.04836547
v -0.170468464 0.596831799 -0.0751283243
v -0.423131883 0.466899514 0.0860002786
v 0.606750786 0.3132855 -0.259885818
v 0.163264886 0.596428514 0.051427681
v -0.450290322 0.487672359 0.422814399
v 0.541989863 0.375544637 -0.396891505
v -0.588174164 0.348011732 -0.552157938
v -0.536291301 0.421330899 -0.49246031
v -0.493556231 0.419320047 0.0137027055
v -0.333160251 0.635674179 0.447952718
v 0.479819059 0.431265652 -0.252426803
v -0.311339647 0.544699192 -0.12616834
v -0.767342746 0.150557607 0.310894489
v -0.42977941 0.626800179 0.64742732
v 0.429779381 0.626800239 0.647427261
v -0.570663333 0.323672414 0.607880592
v -0.241728052 0.625884771 -0.280889332
v -0.635242641 0.340433717 -0.229007885
v 0.0653395355 0.798838556 -0.394139528
v 0.441378951 0.534591675 -0.528826118
v 0.406307727 0.488097996 -0.212057203
v 0.413597494 0.495162904 -0.29095912
v -0.584398031 0.330854148 0.323254436
v -0.541801453 0.380882174 0.0694475248
v -0.539833367 0.383207649 0.599465549
v 0.454798967 0.503360808 0.417283833
v -0.355157346 0.553574562 0.320074141
v 0.44407323 0.526952207 0.465748549
v 0.72381568 0.274478674 0.135445327
v 0.570650637 0.326204032 -0.591950297
v 0.780710042 0.206857011 0.0118291071
v -0.854781032 0.0689060539 0.327538311
v -0.799491107 0.0545438379 -0.558575928
v 0.653773129 0.0809361413 -0.709473968
v -0.199568927 0.584496558 0.0600347593
v -0.617357671 0.228921145 0.623916626
v -0.552256107 0.40058589 -0.265178889
v -0.464822203 0.465150565 0.397675186
v -0.946986735 0.161378816 -0.208482131
v 0.780258656 0.166349933 -0.18634963
v -0.475632548 0.443718642 0.335412145
v 0.615184903 0.249393597 -0.583557069
v -0.751980364 0.0500371493 0.592782378
v -0.693010032 0.279485375 -0.0415557958
v -0.576122761 0.290525734 0.696673393
v 0.757176936 0.0861870423 0.586763322
v 0.730258346 0.239522949 0.461154103
v -0.767268062 0.133308634 -0.539465606
v 0.852294207 0.0756749585 -0.310051411
v -0.835290015 0.1144647 0.205830485
v 0.404094934 0.577172399 -0.502827764
v -0.158930749 0.595834553 -0.0233131442
v -0.789471149 0.159006253 0.182862446
v 0.61744684 0.349518657 0.38140744
v 0.726097465 0.192912966 -0.295742005
v 0.0906421393 0.617614925 0.0888092741
v -0.756130576 0.0470204242 -0.616921484
v -0.543212175 0.373909682 0.373112828
v -0.449418455 0.476396471 -0.247971669
v 0.580771267 0.33209601 -0.364392728
v 0.594025791 0.287632912 -0.576492906
v 0.715991497 0.277250081 0.122436196
v 0.271593541 0.572782516 -0.187592715
v -0.975027621 0.0259790495 -0.0680472478
v 0.780830503 0.0537627637 0.581750691
v 0.42904824 0.481620103 0.186282292
v 0.397902846 0.554954171 0.398022622
v -0.698047221 0.288681448 -0.119868934
v -0.951874614 0.0838385001 -0.149570301
v -0.215095952 0.728060722 -0.411026031
v 0.641974211 0.275431365 -0.29257369
v -0.557089627 0.35721451 0.433380872
v -0.491875619 0.419050783 0.0454170108
v 0.618808448 0.129541725 -0.737826467
v -0.73350966 0.17895025 0.325853676
v 0.85082531 0.236990765 0.232959062
v -0.493666053 0.462724388 0.568906784
v -0.445259482 0.503056765 0.456693858
v -0.734763384 0.165595755 0.373320609
v 0.91582936 0.0766735822 -0.0337048769
v 0.712199688 0.135681167 -0.524696469
v 0.429061204 0.473163813 -0.23624818
v 0.762891948 0.189127579 -0.147414714
v 0.660337031 0.114699803 -0.66937393
v 0.797485828 0.162621379 -0.130161926
v 0.821188331 0.114405237 0.501200378
v -0.279062271 0.708917439 0.461626649
v 0.0379070193 0.627696216 0.110671818
v 0.409677833 0.5809654 0.499905884
v -0.674816132 0.186803415 -0.612815261
v 0.459099978 0.491367638 0.379410297
v -0.545567095 0.371126622 0.30727911
v -0.927033246 0.0313079394 0.242368668
v 0.10882733 0.608628392 0.0380288288
v 0.611958563 0.33154133 -0.0202939119
v 0.337864041 0.553371012 -0.275983095
v -0.903113008 0.0494976379 0.24558188
v -0.404429734 0.490635186 -0.133513883
v 0.658336878 0.137630522 -0.64750427
v -0.310388446 0.559508502 -0.198301971
v 0.851197064 0.199369192 0.153956428
v -0.897205234 0.0670874193 0.182055473
v 0.346992165 0.59394592 0.377159148
v -0.417391896 0.528032064 -0.370798379
v 0.0916339979 0.611422896 0.0332983136
v 0.53206259 0.423749268 0.390143275
v -0.588513017 0.338242829 0.151112244
v -0.397294492 0.492698759 0.194231972
v -0.496480584 0.461399019 -0.423330784
v -0.265770435 0.561331034 -0.0819017366
v -0.565296113 0.372873366 -0.0502981357
v 0.715869367 0.0464140847 -0.651334286
v 0.762128949 0.150409952 -0.330795377
v -0.166781515 0.622990549 -0.188062489
v 0.479982585 0.51007086 -0.633125484
v -0.48169601 0.44949457 0.420135349
v -0.670274913 0.313288331 -0.363595098
v -0.311408162 0.768213987 0.555279493
v -0.649221599 0.310037136 -0.031481836
v -0.667227924 0.271378607 0.149387643
v 0.403033465 0.500058353 0.191161484
v 0.74265027 0.10594596 -0.513632298
v 0.659790397 0.168948352 -0.598416686
v -0.947631359 0.0475427397 0.0255709048
v 0.659255266 0.0721172914 0.718529642
v -0.733781517 0.218120784 0.126176283
v 0.519702911 0.39525196 -0.249015659
v 0.931954622 0.100618891 0.121039011
v 0.40521428 0.505123973 0.228394404
v -0.385472506 0.58460325 -0.442651302
v -0.672283649 0.233240098 -0.56139636
v -0.508605182 0.408879817 0.320755005
v -0.0343362764 0.644081891 -0.17139414
v -0.771227598 0.143887192 0.323114485
v 0.661002755 0.0846494958 -0.695491791
v 0.65039438 0.147040233 0.687405646
v -0.584807336 0.293917537 0.619909167
v -0.396574289 0.508627236 -0.215310663
v -0.71096319 0.282644421 -0.389940411
v -0.711907744 0.12668106 0.54358685
v -0.0133711491 0.703590095 -0.289407253
v 0.561981559 0.376395226 0.0629684627
v -0.695596218 0.302182138 -0.214287624
v 0.88596642 0.052258607 -0.293407917
v 0.317343831 0.53081727 0.0113923075
v 0.332102805 0.576811731 -0.331117421
v -0.336913496 0.520929575 -0.027427284
v -0.372373551 0.510334432 -0.130202845
v 0.572220087 0.360491335 -0.0318664089
v 0.723275661 0.230519369 -0.106100403
v 0.438994288 0.473031253 -0.294833064
v -0.714235246 0.285391182 -0.371375114
v 0.695678353 0.300249785 0.34601441
v 0.720902145 0.257474512 0.033295989
v 0.445193559 0.457928389 -0.217468888
v 0.640415788 0.120808527 0.719399512
v 0.863390505 0.156395942 0.0768533871
v 0.457181901 0.471688807 0.254892111
v 0.305748403 0.635070264 -0.401598573
v -0.442584604 0.507867157 -0.384393007
v -0.540633559 0.41658029 -0.475850433
v 0.710615277 0.283021957 0.136131406
v -0.544807255 0.372027129 0.274104714
v 0.613356411 0.349457979 0.410437047
v 0.726809323 0.198452041 -0.265857428
v 0.455096394 0.477838904 0.283540905
v 0.486128926 0.464374751 0.36793682
v -0.798792183 0.129526362 0.280242324
v -0.767504096 0.143880188 0.336445421
v 0.637412727 0.0875432417 -0.730130494
v 0.241608769 0.759556532 0.46529004
v -0.0101387855 0.62019074 0.0542153791
v 0.209062368 0.675114989 0.337392092
v -0.553979456 0.375547677 0.013836192
v 0.681871831 0.301311165 0.133396998
v -0.0765167549 0.849635899 0.425835609
v 0.510851204 0.414762288 -0.429379046
v -0.410225064 0.507031679 0.330988467
v 0.758155167 0.0705379397 0.597150147
v 0.0766867027 0.743369281 -0.350434661
v -0.945350111 0.033072006 0.14945966
v 0.776094317 0.175973505 -0.156261578
v 0.275242329 0.580500722 0.203143075
v 0.655798554 0.242344916 0.579689741
v -0.475312412 0.459388494 0.432108402
v -0.688046038 0.308733732 -0.299796849
v 0.777353525 0.189798146 -0.0805500224
v -0.313624978 0.562147915 0.245224178
v -0.607729554 0.245336667 -0.688234031
v 0.216253787 0.579950035 -0.0788925588
v -0.599515975 0.302586228 0.445138663
v 0.843369782 0.0853534713 -0.30184406
v -0.326652825 0.669684649 0.484049231
v -0.305759132 0.693287373 0.480208755
v 0.387288958 0.50930202 0.184185222
v 0.717713773 0.285016745 0.363623589
v -0.276498616 0.573569536 -0.179616645
v 0.354519308 0.611544251 0.430247784
v 0.616652489 0.307149768 -0.226095632
v -0.313374192 0.615619361 -0.363040268
v 0.464445412 0.474548906 0.309573799
v -0.344538212 0.611254096 0.428718477
v -0.71918416 0.240625754 0.0673553422
v -0.292386919 0.601468623 0.31413272
v 0.198944375 0.611929059 0.189543113
v -0.391971558 0.494991541 0.18168968
v 0.850292504 0.108231649 -0.173861772
v 0.395744741 0.488842785 0.0621838942
v -0.492773086 0.437915236 -0.196027145
v -0.441367805 0.53380394 -0.478593737
v -0.526561081 0.420772761 -0.273602098
v -0.279328316 0.55871731 -0.109892264
v 0.461236238 0.500115037 0.433766216
v 0.626933575 0.317024261 -0.0476345979
v -0.430541426 0.614013553 -0.629411757
v 0.758441329 0.199426815 -0.113467835
v -0.585547805 0.311869234 0.518572748
v 0.54471904 0.397947699 0.642629862
v -0.796560466 0.163221762 0.131153718
v 0.486017674 0.490893304 -0.615666687
v -0.547712982 0.368854463 0.389862984
v 0.246289313 0.579109251 0.138600856
v -0.457417428 0.475564122 -0.281538308
v -0.766410768 0.185440481 0.150727689
v 0.42370227 0.562940121 -0.531339586
v -0.447128773 0.495854795 0.439501792
v -0.516275823 0.415058941 0.501123607
v 0.55813545 0.354249001 -0.486795843
v -0.598987043 0.323040247 -0.58224088
v 0.552531481 0.382519126 0.646086574
v 0.66897589 0.0894861668 0.69668448
v -0.754440248 0.142076969 0.386956334
v 0.70558995 0.236521125 -0.160495669
v -0.667454064 0.0996654928 -0.693053186
v -0.395465106 0.523265898 -0.281157047
v 0.733739376 0.0822781995 -0.575071096
v -0.764699817 0.233224928 -0.435489595
v 0.372790307 0.517403543 0.177307397
v 0.456689626 0.46785 -0.365447849
v -0.697103262 0.0485183112 0.674859822
v -0.232947096 0.648945689 0.326160967
v -0.42645824 0.502744853 -0.296540886
v -0.583046734 0.341426551 -0.60032481
v 0.447691023 0.534707963 0.508077979
v -0.0913332626 0.624372661 -0.124798506
v 0.874487162 0.183040857 0.155473128
v -0.662062049 0.200644329 0.523754239
v 0.688934505 0.289046079 0.414486408
v -0.709718168 0.114730611 -0.624806464
v -0.480135709 0.445907265 -0.187134534
v 0.19256033 0.595250309 -0.123414852
v 0.489543647 0.486715257 0.549111009
v 0.388436258 0.608295202 0.499840319
v 0.225531057 0.628749669 -0.278483957
v 0.650818169 0.193664506 0.647891998
v 0.845928371 0.119822159 0.479733527
v 0.213881582 0.750109792 0.431221455
v 0.243999913 0.666412592 0.358583361
v 0.879735887 0.149182141 0.0977868736
v 0.712343037 0.0898927823 0.640175521
v -0.949913442 0.0645464063 -0.0959052294
v 0.611419916 0.355743855 0.365478396
v -0.943839729 0.0447445139 0.074433364
v -0.394425154 0.617153823 -0.530925333
v -0.282389462 0.555153608 0.122263543
v -0.909591556 0.0737286732 0.0840416178
v -0.304698199 0.609314501 -0.334903061
v -0.850552797 0.139201552 0.0230592359
v 0.811726391 0.199379742 0.0761370137
v -0.415875852 0.562146604 0.506356061
v -0.735298872 0.150405556 0.422011495
v 0.579797506 0.381578684 0.304039955
v -0.66477555 0.289386034 0.0335070416
v 0.49156487 0.431603223 0.127727583
v -0.73218435 0.0468680076 -0.646226943
v -0.280477822 0.553811133 -0.0765581429
v -0.510551631 0.413267046 -0.0705633163
v 0.438564986 0.479022622 -0.327298105
v 0.628005266 0.0634681061 0.759824693
v -0.483407199 0.438740313 0.360367864
v -0.639280796 0.233095109 0.52117449
v 0.607714415 0.260956913 -0.587853014
v 0.404576063 0.491694093 -0.228004441
v 0.668171048 0.292786211 0.452413619
v -0.66187042 0.232893795 0.415114999
v 0.581525266 0.340256244 -0.209522411
v -0.57132113 0.3873007 -0.409359694
v -0.074562259 0.621880591 0.103484154
v 0.0193183981 0.649622798 0.184734747
v -0.41089946 0.4758946 0.107542701
v 0.716437161 0.105275638 -0.571807384
v -0.547960877 0.368744373 0.478067994
v -0.515484095 0.422062725 -0.200200766
v 0.309080958 0.73279959 -0.524123669
v -0.298003793 0.678885937 0.452216536
v 0.321455687 0.530232549 0.0438209847
v -0.394696563 0.545581579 -0.360932529
v -0.518113315 0.435537905 -0.37136814
v -0.0703442171 0.805179894 0.39934656
v 0.543064237 0.377144575 -0.617916167
v 0.0242040083 0.629102349 0.113672502
v -0.285978317 0.557598174 -0.123976991
v -0.571894348 0.380028874 -0.488995016
v -0.543516636 0.375314236 0.518495381
v 0.00376664451 0.6274454 -0.104238592
v -0.811192811 0.121775217 0.266638219
v -0.268297136 0.557126164 -0.0519195981
v 0.413593084 0.552873135 0.439242989
v -0.707087815 0.0494679734 0.660473347
v 0.0506788306 0.639086902 -0.162057236
v 0.525538743 0.403377652 0.077447854
v -0.42507413 0.48156175 -0.167006418
v -0.672815561 0.0845667124 -0.694963753
v -0.585749745 0.372083634 -0.199569285
v -0.0765917525 0.743203819 -0.348609149
v 0.223324671 0.656991661 0.321064413
v 0.740387857 0.152220204 -0.399747163
v 0.530565321 0.385305196 -0.246411398
v -0.439177662 0.458432496 -0.0226506293
v -0.826178372 0.218870848 -0.161950216
v -0.17177479 0.600736856 -0.104020618
v 0.479543656 0.429762453 -0.224766016
v 0.938128114 0.0358700529 -0.169465303
v -0.770872235 0.0470504537 0.566561997
v -0.637475133 0.340163678 -0.261054903
v -0.743794501 0.133122563 -0.566158235
v 0.845869303 0.14444755 -0.0185875576
v -0.67740643 0.152155817 0.581066966
v -0.761886239 0.14490433 0.352245569
v -0.0475762151 0.623555064 -0.0927051604
v 0.983898103 0.0146614108 -0.0066078282
v 0.653193414 0.298478127 -0.0329027586
v -0.366228074 0.504282176 -0.0275939386
v -0.38507697 0.509309769 0.241782784
v -0.430768073 0.507390916 0.41196841
v -0.387176961 0.647661865 -0.562660575
v -0.548659623 0.388600141 -0.0934690312
v 0.840787172 0.22822921 0.203746468
v -0.624811828 0.205391094 0.641241372
v -0.493138254 0.417156458 0.193866551
v -0.355454385 0.524462044 -0.156024218
v -0.217184514 0.661368847 -0.322728634
v 0.506445765 0.442701191 0.336825997
v -0.630797088 0.297226787 0.198159784
v 0.323022962 0.573884547 0.275670469
v -0.380847484 0.553441584 -0.347817808
v 0.679638147 0.103184775 0.674046993
v -0.371940166 0.534730196 0.305421084
v 0.604254186 0.363304377 0.300713688
v -0.886100411 0.0736389309 0.195670515
v -0.663039684 0.192159027 0.54166466
v 0.710176349 0.103448078 -0.587444961
v 0.618799865 0.184136137 0.717902124
v 0.644246578 0.0516842902 -0.740101159
v 0.784793675 0.165645763 -0.170103818
v 0.843885124 0.251380384 0.267722011
v -0.831768155 0.0771738738 0.366153121
v -0.376539528 0.496461004 0.0344048366
v 0.5704633 0.3508479 -0.196107924
v -0.464126676 0.442766875 -0.0394701883
v 0.808718145 0.114928126 -0.303633958
v 0.273695379 0.553452194 0.0330390669
v -0.765076995 0.129941121 0.392645866
v -0.598946333 0.197606981 0.737200379
v 0.260852993 0.564074337 -0.108832747
v 0.390083581 0.496112317 0.102820493
v 0.725682676 0.139200822 0.583581567
v -0.507010221 0.438114375 0.561046958
v -0.524637222 0.418420911 -0.231485128
v -0.360649973 0.686252892 -0.557173371
v -0.34282735 0.565213859 0.323831558
v 0.701803207 0.215604886 -0.299151838
v 0.885356188 0.170443326 0.149590164
v 0.38230145 0.493313998 -0.0689622685
v 0.56146419 0.352711022 -0.393473715
v -0.670586944 0.281043828 0.0602384023
v -0.0349494591 0.784048676 0.377473295
v -0.442490667 0.47215873 -0.185431212
v -0.870607316 0.260433733 -0.299373269
v 0.895506501 0.0758188218 -0.142280534
v 0.235327765 0.726608574 -0.431984574
v -0.687556446 0.226566762 0.314527482
v -0.611961007 0.357816637 -0.297421247
v -0.371824265 0.515007019 -0.159621403
v 0.615713239 0.317033678 0.537037611
v -0.517502308 0.426388472 -0.259421885
v 0.552030087 0.403653592 0.318806857
v 0.912776291 0.0947582722 0.0386201926
v -0.42484501 0.54412657 -0.450783849
v 0.719370663 0.225580171 -0.154222041
v 0.716125488 0.119306915 -0.547790587
v 0.264254004 0.708001673 -0.443093479
v -0.446482211 0.456173688 -0.0613796636
v 0.519647956 0.4276115 -0.63807106
v 0.672108233 0.278261125 -0.070870325
v 0.671886802 0.258663923 -0.210311696
v -0.734679103 0.0892091617 -0.612326741
v -0.575413287 0.381288648 -0.2269945
v -0.788162827 0.195782229 0.010024691
v -0.624806941 0.347794503 -0.238493383
v 0.768549442 0.245890468 0.409796
v -0.585094631 0.339900941 0.168025419
v 0.370260715 0.502729714 -0.107916631
v 0.156479388 0.597165763 0.035461612
v 0.446420074 0.483919531 -0.389696896
v 0.91071558 0.160370678 0.169809163
v 0.397272885 0.483758926 -0.0700621977
v -0.437455535 0.544781387 0.537905693
v -0.641443431 0.324772298 -0.417033464
v 0.410199195 0.50437355 0.243395612
v -0.372232348 0.511915028 0.201889426
v -0.412155926 0.580156028 0.530294299
v 0.224511787 0.583090723 -0.12696369
v -0.868478775 0.0585386157 0.324004859
v -0.178583637 0.599237561 0.118441254
v 0.853877544 0.0335442871 -0.438659728
v -0.625062704 0.146849588 0.711934268
v 0.488510489 0.465934962 0.395959049
v 0.670658708 0.314832985 0.349462241
v -0.326321781 0.588186383 -0.323065996
v 0.516741157 0.431433916 -0.624773145
v 0.824582517 0.162344322 -0.0216862652
v -0.715394437 0.294510424 -0.286576658
v -0.370786309 0.574434757 0.412618697
v -0.787943542 0.0807005912 0.466858566
v -0.801351011 0.245035052 -0.198592857
v 0.101507261 0.618654311 -0.111396201
v -0.62244159 0.124042407 0.734218478
v -0.658629715 0.3260279 -0.242262229
v -0.89012754 0.239238858 -0.251653016
v 0.527502716 0.432318002 0.570424736
v -0.546392977 0.37078172 0.435952872
v -0.613603711 0.326613694 -0.515531123
v 0.0534550734 0.631875575 0.134586111
v -0.711411655 0.260977417 -0.0133633995
v 0.518846631 0.399562597 -0.0420807563
v -0.434071332 0.493056834 0.371103287
v 0.659207284 0.210335433 0.614483356
v 0.654015839 0.319934279 0.390313148
v -0.632109404 0.15427725 -0.713024497
v 0.597545683 0.270368695 -0.615111053
v 0.366769582 0.574118018 0.371406704
v -0.0990723744 0.79856962 0.403439134
v 0.594323337 0.314479232 -0.393708825
v 0.73901701 0.197690383 -0.212658361
v -0.75505811 0.154955536 0.339058399
v -0.803581655 0.168263525 -0.479975313
v -0.624002397 0.306185365 0.170364231
v 0.394708067 0.493665069 -0.187817842
v 0.273712456 0.612814844 0.29381299
v -0.381659538 0.612864673 -0.49207446
v -0.676292956 0.194326743 0.490226477
v -0.147539258 0.601207018 0.0639531836
v -0.365467936 0.61449796 -0.458931446
v -0.658298731 0.210797697 0.509619951
v -0.749922574 0.040935155 0.608643889
v 0.372229725 0.504303038 0.077104561
v -0.70545423 0.137248144 0.538530707
v -0.668513477 0.275054663 0.114756562
v 0.865749717 0.159558102 0.0910475552
v -0.408271313 0.484911323 -0.105421789
v -0.3970474 0.526100218 -0.297635108
v -0.27274856 0.564252555 -0.124866031
v -0.657069921 0.183805108 -0.646157205
v -0.538762867 0.384579927 0.579645514
v 0.812510669 0.155056179 -0.103462495
v 0.0509574376 0.625830293 0.106214695
v -0.691619694 0.225507528 0.298954993
v -0.407967687 0.48009634 0.144100606
v 0.403861374 0.496835619 -0.25662303
v -0.536917984 0.41379416 -0.286624998
v 0.52170074 0.398284465 -0.0280324984
v -0.633369148 0.296696305 0.182355419
v 0.945006132 0.138513595 0.18996866
v 0.676260173 0.139686361 -0.604659438
v -0.781777859 0.0742048919 0.495111018
v -0.65702486 0.222358599 0.478596807
v 0.518606424 0.434608728 0.363856018
v -0.314860195 0.69454211 -0.488828003
v 0.291032553 0.657284439 0.403052747
v 0.678289473 0.0595502369 -0.690553248
v -0.448366523 0.463021696 0.284359455
v -0.654504955 0.295773655 -0.479139209
v 0.669350386 0.280071706 0.48263827
v 0.571956992 0.385948986 0.264142066
v -0.655486405 0.19648622 -0.636806726
v -0.601709962 0.307058781 0.38399899
v -0.386351556 0.62110436 0.532259524
v 0.694519877 0.241330415 0.509707332
v 0.89999783 0.17432946 0.174487606
v 0.638424098 0.335121274 0.366208851
v 0.609494507 0.299296379 -0.373909652
v 0.597601593 0.276565045 -0.594654202
v -0.524248779 0.400156707 0.457220912
v 0.0997757167 0.61266464 0.0635373965
v -0.842603385 0.194908097 -0.439871311
v -0.422505736 0.597291648 -0.573933482
v 0.222509727 0.704081297 -0.395292908
v -0.919380009 0.0758007839 0.018761972
v -0.5588395 0.355841964 0.394492209
v -0.14643544 0.775026202 -0.407158613
v 0.665433347 0.292286664 -0.00963162165
v -0.600175679 0.283274382 -0.659449279
v -0.581555545 0.291357756 0.653108656
v 0.265952617 0.575420916 0.164539099
v -0.789517045 0.140423954 0.269037992
v 0.369465679 0.617297947 0.472446501
v 0.474056363 0.456068397 -0.406745434
v -0.834454596 0.0329435542 0.479861885
v -0.415914506 0.549024284 -0.436011732
v 0.596404612 0.361704171 0.162895098
v 0.500037014 0.456643522 -0.590423226
v -0.637467384 0.310968757 0.0301033817
v -0.703833699 0.243520811 0.126534894
v 0.819207668 0.245788112 0.227626652
v -0.39903301 0.534319878 0.38716796
v 0.0230975356 0.731836081 0.326654941
v -0.253176302 0.624873221 -0.29331392
v -0.594199121 0.296216637 0.534520626
v -0.407024294 0.538539529 -0.374501467
v 0.597695649 0.334661543 -0.101452306
v 0.68491751 0.263440311 -0.100327022
v 0.711366653 0.117224835 -0.562283456
v 0.375210077 0.56714046 -0.407490104
v 0.527249217 0.42292881 0.307625264
v -0.813012123 0.132804289 0.210073188
v -0.741051912 0.179094702 0.294238329
v 0.643392265 0.170232162 -0.640421927
v -0.602716565 0.31111452 -0.597775817
v 0.033948902 0.816622436 -0.400035232
v -0.178888083 0.590192676 -0.0294732992
v 0.636800051 0.306618482 -0.0701806992
v 0.593621135 0.308246344 -0.459867626
v 0.280786067 0.623921216 -0.343944967
v 0.605812967 0.271560788 -0.562209427
v 0.404265702 0.511186302 -0.32550329
v -0.774496496 0.124975123 0.379528075
v 0.234813392 0.57701087 -0.116645634
v -0.452664763 0.477830023 0.392662287
v -0.617490888 0.302601546 0.264947206
v 0.869657159 0.109327674 -0.0831358656
v 0.170803696 0.72596246 0.374017835
v 0.309372365 0.602470279 0.326607019
v -0.0452222042 0.672017753 -0.239923775
v 0.332455128 0.608218074 -0.400669515
v -0.563804984 0.344451994 0.52196449
v -0.387705058 0.537200272 0.360990912
v -0.650034964 0.298526615 0.0514013618
v -0.588187099 0.269385308 0.672668457
v -0.681958377 0.311880767 -0.240943998
v 0.68588388 0.153039187 -0.557810247
v 0.859900951 0.136933476 0.0022489517
v 0.513881981 0.401498258 -0.278544068
v -0.687171578 0.271496207 0.0359295309
v 0.908158839 0.0606629327 -0.167644411
v 0.522740304 0.392699838 -0.147386327
v -0.481464446 0.441478848 -0.155761674
v -0.679711223 0.14122209 0.59376353
v 0.482683688 0.436368167 0.113821343
v 0.591450036 0.300014466 -0.536670148
v 0.388186932 0.558181226 -0.419708669
v 0.735202253 0.251589686 0.0569980778
v 0.603583217 0.278201818 -0.550052106
v -0.432275802 0.501609802 -0.313771248
v -0.550767839 0.404845506 -0.32241708
v 0.414563954 0.48777467 -0.254793733
v 0.64645052 0.316417098 0.0648577884
v -0.724076629 0.169653147 0.397523165
v 0.515374899 0.453557581 0.63130796
v 0.514215887 0.425588012 0.226471961
v 0.872104168 0.0927706435 -0.157996297
v -0.49421221 0.465846509 -0.440905243
v 0.867836237 0.0452710502 -0.371906757
v -0.502721727 0.412280053 0.0233653896
v 0.250543863 0.570507228 -0.120040312
v -0.443848699 0.4947837 -0.327585846
v 0.323866993 0.533670664 -0.134830177
v -0.704006255 0.0616771877 0.652034223
v -0.712801576 0.210282713 0.272510648
v 0.820464432 0.0625391304 -0.437752724
v 0.647454739 0.272313088 -0.275969505
v -0.167141572 0.692861378 -0.330125839
v -0.531270087 0.385407686 0.305499196
v -0.861465931 0.136157215 -0.00498801423
v 0.517543197 0.406462729 0.0469961353
v -0.624424279 0.1879448 -0.703527153
v 0.655097961 0.112733476 -0.681100667
v 0.349269062 0.557060421 -0.316376328
v 0.666674614 0.195105433 -0.521499276
v -0.536211133 0.410743535 -0.241108507
v -0.291000694 0.545021176 0.0600577332
v -0.633390188 0.120865397 -0.729803205
v 0.253372073 0.652693868 0.346951336
v -0.703279912 0.248549998 0.0983148739
v 0.460878193 0.469662696 -0.398696363
v 0.368374109 0.54706347 0.293557286
v -0.48302266 0.424596965 0.0730211884
v -0.684931755 0.0724496171 0.669418752
v 0.0895894393 0.782508194 -0.388977677
v 0.466806352 0.477912426 0.343304276
v -0.588705599 0.372357607 -0.234887823
v -0.228757933 0.630837917 -0.276150405
v -0.175613001 0.611252427 -0.158729583
v -0.435049683 0.525568247 0.483177334
v -0.667867482 0.248646662 -0.546344697
v -0.773121476 0.11380744 -0.547900558
v 0.565006554 0.383734345 0.52598542
v 0.712363064 0.29005903 0.191385835
v 0.953700662 0.026666766 -0.145997718
v -0.669304073 0.317979991 -0.215570018
v -0.30606854 0.558498859 0.212501824
v -0.0552688316 0.815317929 0.402364373
v 0.413846701 0.58019352 -0.53493464
v 0.0684026703 0.679009438 0.258754164
v -0.619947791 0.249191955 0.560585678
v 0.531533241 0.388725489 -0.42357111
v 0.364219636 0.563313782 -0.370712399
v -0.32463643 0.611373425 0.391597599
v 0.219413549 0.749465585 -0.438998997
v 0.424136579 0.467919797 0.0168197397
v 0.53606391 0.380345821 -0.286721468
v 0.444101423 0.52040112 -0.503480136
v 0.697438419 0.291443199 0.135496065
v 0.723791122 0.0659307465 -0.61590755
v 0.383610964 0.53867662 0.305051029
v 0.676194847 0.080838263 -0.675014377
v -0.613126516 0.254718065 0.578000128
v 0.898459017 0.063940376 -0.193284616
v 0.661079764 0.28863582 -0.0597949401
v 0.678080797 0.109676756 -0.64132303
v -0.846195757 0.125059992 -0.477994591
v -0.56169647 0.395666122 -0.31030798
v 0.86579597 0.199653849 0.174102142
v 0.726554453 0.28190127 0.191159651
v 0.761281252 0.14706853 -0.346333623
v -0.450357288 0.546376824 -0.556430399
v 0.374153405 0.503179669 -0.144434199
v 0.347686738 0.666529775 0.50739342
v -0.393672734 0.486938238 -0.00982231088
v 0.342957079 0.607254326 0.398557425
v -0.74540025 0.0896304026 -0.59869796
v -0.683913946 0.160372823 0.548207462
v 0.665737391 0.236914009 0.567746282
v 0.275605559 0.552241921 -0.0553314351
v 0.884101152 0.075904727 -0.192786023
v 0.476229578 0.430593252 -0.184190467
v 0.718552589 0.208705813 -0.252818078
v 0.799509704 0.157179907 -0.148572028
v 0.540328205 0.416847885 0.425682068
v 0.363634169 0.545566976 -0.318457603
v 0.518701196 0.396561384 -0.119857483
v 0.150419578 0.750299931 -0.38925758
v 0.635065436 0.195720583 0.676204562
v -0.49377951 0.441055179 0.462126702
v 0.912600398 0.047390651 -0.219496995
v -0.469268024 0.504316509 0.566851616
v -0.47715041 0.431218952 0.212851584
v 0.764145017 0.174412966 -0.216836542
v 0.564076304 0.354990125 -0.230592877
v 0.623075128 0.172754407 -0.691350162
v 0.813676834 0.136330292 -0.190589815
v 0.94883436 0.0762213767 0.12455909
v 0.807786524 0.257027656 0.258675605
v 0.336907357 0.532278955 -0.179560155
v -0.652547538 0.203023478 0.551371276
v 0.125659451 0.783193111 0.402398646
v -0.379325926 0.522264898 0.281282067
v 0.484874099 0.475855947 0.43955037
v 0.64972502 0.180936262 -0.605840087
v -0.36405015 0.621088326 0.484415144
v -0.628733516 0.333896816 -0.106870152
v -0.809968531 0.0692979917 -0.537401199
v 0.753478467 0.249655977 0.10772042
v 0.595146894 0.367832303 0.234884486
v 0.385397732 0.493436277 -0.115798928
v -0.583466291 0.355854928 -0.00930979848
v 0.742272735 0.204888567 -0.158855021
v 0.621643066 0.190799013 -0.673417211
v 0.134280846 0.679374754 -0.292678744
v -0.0858897865 0.632272661 0.155703738
v -0.408693343 0.532510877 -0.358541727
v -0.747163653 0.184840217 0.240736306
v 0.214438096 0.597232401 0.159082353
v 0.881749392 0.112172805 -0.0169457477
v -0.550153136 0.403257817 -0.282647759
v -0.732820153 0.193717673 0.261705786
v -0.739469767 0.266512334 -0.392532676
v 0.678994358 0.090081729 0.683359265
v -0.693821967 0.210653707 0.36019218
v -0.564168751 0.37520659 -0.0668337122
v -0.667486489 0.292994082 -0.00639221445
v 0.363384396 0.597710311 -0.443369001
v 0.73428154 0.232712805 -0.0432231203
v -0.0915511027 0.760356784 -0.369910717
v 0.49671492 0.463245958 0.442324072
v -0.586549938 0.294252634 -0.688302577
v 0.509352922 0.403439879 -0.149146646
v -0.913470864 0.212613612 -0.228041083
v -0.372084916 0.507327318 -0.105205685
v 0.872873664 0.0555137098 -0.321982235
v -0.713373244 0.171800435 0.427823305
v 0.556343853 0.350034833 -0.626942635
v 0.378349751 0.581161857 -0.445118219
v -0.456108093 0.466920167 -0.217194438
v 0.313454062 0.570676386 0.245771691
v 0.646838784 0.331587523 0.207863793
v -0.333234102 0.522124529 0.0533221029
v -0.643147409 0.21294345 0.561439216
v -0.265788466 0.632982433 -0.326622397
v 0.27995494 0.556895733 -0.126126394
v -0.086801894 0.836843729 -0.422424763
v 0.501781821 0.477217615 0.618463993
v -0.650397003 0.294905961 0.0772638917
v 0.32321465 0.604559839 -0.376278043
v -0.566228926 0.350826323 0.291040361
v 0.612996817 0.168025047 0.739581704
v -0.961606264 0.0576407015 -0.138265789
v 0.570331812 0.331086755 -0.55608815
v -0.0767723694 0.654899776 0.214852899
v 0.198276892 0.755550623 0.42337653
v -0.81962508 0.0858275294 -0.518065751
v 0.458395064 0.44688797 -0.215024307
v 0.540051281 0.382764429 -0.602056086
v -0.913379848 0.168017179 -0.181606457
v 0.62154597 0.242568612 -0.572606206
v 0.308769733 0.593147218 -0.324732035
v -0.641078413 0.235764951 0.503903925
v -0.587412775 0.24782683 0.719056189
v -0.296126693 0.556315005 -0.146423534
v -0.755330801 0.14645195 0.369351476
v 0.183315277 0.682221234 -0.332320303
v 0.819053888 0.203693494 0.10663978
v 0.539988458 0.415758044 0.533565938
v 0.867591858 0.206947997 0.427517891
v -0.0562247746 0.761855483 -0.361979097
v -0.764685988 0.084792994 -0.578918755
v 0.22504048 0.597693145 -0.192367792
v -0.63929224 0.298812628 -0.511989415
v 0.359425634 0.567260206 0.335240662
v 0.469250023 0.434372514 -0.0856739953
v 0.73554033 0.197417036 -0.23039569
v -0.161767185 0.798032045 0.432976902
v 0.620467424 0.196123689 0.70551008
v -0.50599122 0.44581908 -0.363097459
v -0.695973158 0.106080763 -0.649937034
v 0.695797801 0.297645062 0.360718429
v -0.556627274 0.363948554 0.171357304
v 0.74313128 0.172953069 -0.312451422
v -0.346756309 0.518871009 0.125217929
v 0.815410197 0.0740029588 0.528728306
v 0.157252401 0.729657412 0.369459629
v 0.582256794 0.379881173 0.323192775
v -0.468409359 0.440791637 0.24345167
v 0.401081681 0.483367682 -0.123083629
v 0.450833678 0.494487554 -0.451411158
v -0.398837358 0.556865096 0.445893496
v 0.638537765 0.307020575 -0.0553978048
v -0.826291859 0.135797858 0.139671624
v -0.482953817 0.478821367 -0.446579933
v -0.817769587 0.100394115 0.328213483
v -0.590513468 0.347821981 0.0200036671
v 0.588095009 0.310022682 0.654761732
v -0.655061364 0.285130411 0.12327414
v 0.839129925 0.111357637 -0.205027416
v 0.229549304 0.584717929 0.130477473
v -0.256863266 0.572119534 -0.127428636
v -0.611068904 0.225465566 0.655751586
v -0.647943676 0.333157569 -0.251599491
v -0.723800361 0.140341461 0.483305842
v 0.564451694 0.367601275 -0.0163124315
v 0.673986793 0.0925973579 -0.6673311
v -0.712507844 0.27780655 -0.112250686
v -0.337594092 0.549289823 -0.223666206
v 0.529329658 0.427663684 0.634423077
v -0.580108821 0.300205529 -0.703090608
v -0.168606997 0.650963664 -0.259583533
v 0.585908592 0.329097152 -0.324130774
v 0.613207996 0.247684464 -0.597856462
v -0.653642893 0.20952107 -0.626366019
v -0.0958897471 0.844171643 -0.429210514
v 0.300825357 0.595257401 0.293777823
v -0.434710562 0.458852649 0.0773475096
v 0.871201098 0.103198498 -0.107587487
v -0.30512467 0.64466542 0.415438265
v -0.844448328 0.115056142 0.164844528
v 0.798827112 0.210144177 0.442956537
v 0.718176723 0.244682983 -0.0486740805
v -0.639103055 0.324995309 -0.0922565386
v -0.132379621 0.80842495 0.423879623
v 0.66142869 0.0559258498 -0.715807378
v -0.261515975 0.697708309 0.428097874
v 0.367819726 0.528995812 0.220018402
v -0.514881611 0.414976954 0.481845409
v -0.291885108 0.704718292 -0.468470991
v 0.692216575 0.113163017 -0.609155238
v -0.296995997 0.573548019 -0.222280353
v -0.615495086 0.127022117 0.746408284
v -0.447057277 0.546283662 -0.542035997
v -0.380292475 0.502491415 0.175021917
v -0.939012408 0.142941609 -0.186838776
v 0.281325221 0.758290589 0.508186102
v 0.681525469 0.237430826 -0.287603617
v 0.63435322 0.0470729806 -0.754140913
v 0.548563302 0.365057737 -0.663365006
v -0.579667091 0.306832314 0.606815398
v 0.61006248 0.320023209 -0.150184214
v -0.837516844 0.259365618 -0.333008677
v 0.34697938 0.515186727 0.0237630866
v -0.594800949 0.368879467 -0.368813664
v 0.651126742 0.245077893 -0.41566819
v 0.689387143 0.104899772 0.659682691
v -0.690550685 0.299920619 -0.366628587
v -0.568039417 0.355754077 0.144768357
v 0.330358386 0.617742121 -0.414113909
v -0.466827005 0.479136169 0.472749323
v -0.614440322 0.355148435 -0.248529598
v 0.168707252 0.60203594 0.105515502
v -0.452572167 0.483572334 -0.30602026
v -0.408151448 0.53758949 0.424933195
v -0.395014465 0.485143691 0.0271483753
v 0.0181409474 0.656136692 0.201899573
v 0.640109479 0.211832881 -0.574894309
v -0.887550473 0.0531254895 0.284444481
v 0.635316551 0.339836389 0.220674708
v -0.722942531 0.229881406 0.111505106
v 0.719627857 0.0778221935 -0.606998384
v 0.79308033 0.181871697 -0.0545519516
v -0.490921617 0.45608598 -0.336929649
v -0.802692056 0.151637062 0.162412643
v -0.601379752 0.32779336 0.145947427
v 0.425794512 0.48159644 0.170430228
v 0.436386883 0.517538786 0.398977041
v 0.864354014 0.102775015 -0.140593544
v 0.209635675 0.725273669 -0.407203913
v 0.678839922 0.116902888 0.665786147
v 0.81275177 0.115811907 -0.285968602
v -0.659144938 0.326166421 -0.25812766
v 0.484538853 0.424604952 -0.0378853381
v -0.0351047777 0.672731698 0.240337625
v -0.462246925 0.526078343 0.590091705
v -0.47656098 0.47994265 -0.411992431
v -0.633701861 0.310783684 -0.495753616
v -0.913342178 0.0350935012 0.274031043
v -0.460068285 0.499995887 -0.42839241
v -0.552864909 0.35829711 0.605560005
v -0.484764963 0.422770053 0.116655596
v 0.578628182 0.307115018 0.697647393
v -0.614389598 0.151905224 -0.745861173
v -0.424934506 0.495440066 -0.253321886
v 0.657328188 0.317988396 0.137135074
v 0.618580997 0.299351931 -0.286036044
v 0.560645044 0.31848219 -0.762110949
v -0.728573561 0.0611701235 0.614636779
v -0.281863272 0.564398706 -0.150109634
v -0.803542972 0.177610919 0.0334307551
v 0.789666176 0.190522343 -0.0279040355
v -0.613332093 0.218645722 -0.7013852
v 0.7677477 0.21266894 0.462000966
v -0.715626299 0.086730592 -0.638316512
v -0.126153007 0.800524354 0.415865362
v 0.788241744 0.072938621 -0.484157979
v 0.595750511 0.210661262 -0.73435092
v -0.355974823 0.521895587 0.192810461
v 0.533257365 0.424646705 0.541215599
v -0.735944629 0.284615099 -0.268147111
v 0.657886147 0.288985461 -0.0761810765
v -0.347260654 0.625959098 0.458727002
v 0.59533751 0.317028642 -0.351826936
v 0.381400675 0.662310302 0.569897175
v -0.81536448 0.190626383 -0.0565183945
v 0.727184474 0.263812363 0.0896948352
v 0.0058933422 0.777913988 -0.370450556
v 0.336332947 0.584451258 -0.35880971
v -0.233926475 0.749477684 -0.449269176
v -0.29037416 0.546155572 0.0751712546
v 0.806288898 0.128727719 -0.255405694
v 0.668454289 0.200102076 -0.501773
v -0.481303126 0.500805914 -0.559530318
v -0.483666301 0.442389935 0.389463037
v -0.615548253 0.262067914 -0.646221578
v -0.583167315 0.321022689 0.470647454
v 0.598477185 0.328021973 -0.171887159
v 0.264696419 0.806733966 0.524111867
v -0.770640671 0.255787462 -0.179939061
v -0.577907264 0.370916218 -0.50463748
v -0.737534523 0.205883995 0.175862163
v -0.493206173 0.423741102 0.313309312
v -0.55450213 0.370293647 0.0830432326
v -0.171517462 0.596721947 0.0865198225
v 0.553284943 0.358094603 -0.59194088
v 0.15123722 0.642601788 0.22628057
v -0.693668306 0.072258994 0.656390131
v 0.588516712 0.37136063 0.217254087
v 0.748924613 0.209406286 -0.103412338
v -0.627903104 0.346594095 -0.268131912
v 0.408425182 0.478360623 0.0243699905
v 0.670426846 0.315292954 0.190373957
v 0.43712005 0.474752754 0.177005008
v 0.0427433699 0.63908428 0.156794518
v 0.870429218 0.125018179 -0.00681882817
v -0.733578444 0.162147999 0.38963607
v -0.343064636 0.560595095 -0.278096139
v 0.671623766 0.075006552 -0.687169492
v -0.447720379 0.554721355 0.593871236
v -0.174359933 0.710465848 -0.358822346
v 0.920657873 0.20564501 0.225857168
v -0.563122213 0.390745193 -0.237153769
v 0.35426119 0.592916071 -0.414824396
v -0.16437684 0.59399277 0.0259748213
v -0.360725224 0.555356205 -0.303066105
v -0.75331676 0.197276339 0.148042157
v -0.74479866 0.101069979 -0.590719998
v -0.799154758 0.133708864 0.261054665
v -0.459743142 0.462316513 -0.202529743
v -0.949409604 0.129379615 -0.189129114
v 0.8802948 0.10125979 -0.0761513934
v 0.485155702 0.479288846 -0.575184405
v 0.642104685 0.23364687 0.620678723
v 0.696577489 0.0994627848 -0.619286835
v -0.350742519 0.52031678 0.159303218
v -0.339268833 0.525645375 -0.0985714942
v -0.310317278 0.68028605 -0.464114338
v 0.520953715 0.433728009 0.381852746
v -0.548723698 0.400572211 -0.228530973
v 0.763914526 0.0786441937 -0.522764802
v 0.701083541 0.12819621 -0.566332757
v -0.924225032 0.122136109 -0.140123665
v 0.486946404 0.421878368 -0.0670677796
v -0.345261037 0.533512473 0.2163468
v -0.159719497 0.65779388 -0.266306847
v 0.53025794 0.387235373 -0.340852827
v 0.602722168 0.273066044 -0.575712621
v -0.628756583 0.225094274 0.587168872
v -0.942558229 0.0402272046 0.115470819
v 0.606306493 0.317530483 -0.215642616
v -0.317035675 0.534284532 -0.0660036057
v -0.892859101 0.0649342462 0.211431623
v -0.481485099 0.456445783 -0.280235261
v 0.605105519 0.259710312 -0.605065584
v -0.3184883 0.589595795 0.334369242
v -0.634890795 0.289297879 -0.54622364
v 0.346687496 0.665367246 -0.512660205
v -0.750642896 0.271959364 -0.210292026
v -0.596685827 0.313835502 0.372681379
v 0.587094724 0.330643862 0.611640334
v 0.438269854 0.460533142 0.0468571112
v -0.620707273 0.307324708 0.187255844
v 0.605546057 0.238382384 -0.653514981
v 0.434465259 0.465236068 -0.204016194
v -0.0747791678 0.614445806 0.0457946397
v 0.367788881 0.652706385 0.527208805
v 0.158652037 0.616644681 -0.16621244
v 0.203930855 0.595470965 -0.14686054
v 0.610485733 0.327064633 -0.0740074739
v 0.755296946 0.149502262 -0.358252585
v -0.530746043 0.416179895 -0.257650286
v -0.114962578 0.76105231 0.380504519
v 0.362382472 0.576093435 -0.397237897
v 0.75756973 0.261801273 0.381284475
v 0.115872674 0.777271748 -0.394944102
v -0.744304955 0.157843322 0.367083102
v -0.57831955 0.236887455 -0.777791023
v -0.6611619 0.290223956 0.0480235368
v 0.815095663 0.102040172 -0.330975145
v -0.471124351 0.440165699 -0.0675766319
v -0.616937816 0.353919953 -0.264818162
v -0.0395564176 0.62067318 0.0708296895
v 0.704203725 0.28921774 0.149469823
v 0.655331075 0.0685316995 -0.71573174
v 0.618787289 0.186529949 -0.687226832
v -0.626438618 0.315937877 0.0610835291
v 0.629055977 0.26711297 0.603170455
v -0.747610807 0.180439472 0.260044962
v 0.496120065 0.429868072 -0.40471682
v 0.502660394 0.450802058 0.38270402
v -0.453655303 0.475834101 -0.265104026
v -0.101997361 0.810916424 0.412505478
v 0.801243722 0.172723651 -0.0649361834
v -0.654700994 0.233036324 0.449457318
v 0.403663337 0.491567761 0.136373714
v -0.334665209 0.542064965 0.222351938
v 0.789139867 0.178250119 -0.0881418139
v 0.601726592 0.364099473 0.251714587
v 0.258571893 0.599769592 -0.254071355
v -0.576837599 0.356065005 0.0430917032
v 0.647754073 0.25605163 0.576168954
v 0.910407186 0.0735078007 -0.0812675655
v -0.892492652 -1.09296061e-09 0.446127534
v 0.892492652 -7.11926282e-11 -0.446127534
v 0.867142677 -1.42385262e-11 -0.494000018
v -0.879817605 -6.55776322e-10 0.470063806
v 0.879817605 -4.27155776e-11 -0.470063806
v -0.867142677 -2.18592117e-10 0.494000018
v 0.905167699 -9.96696822e-11 -0.422191322
v -0.905167699 -1.53014479e-09 0.422191262
v -0.613502562 0.329858422 0.0253495555
v 0.0295908134 0.624090016 0.0882804319
v -0.653469563 0.326071352 -0.192009419
v 0.71939075 0.17192857 -0.406605363
v 0.779946864 0.181460574 -0.11133527
v 0.367655545 0.623641849 -0.496025681
v 0.713151157 0.235115498 -0.129487202
v 0.472050458 0.456348449 0.224719703
v 0.0195785537 0.796453953 -0.385386616
v 0.760330737 0.163385421 -0.284364164
v -0.510332823 0.43355608 -0.276773393
v -0.574449122 0.338953584 0.368619263
v -0.435020208 0.493893206 -0.285693318
v 0.527696669 0.395801574 0.000524957373
v 0.74332273 0.0887045935 -0.545474231
v -0.729366779 0.146110564 0.452380776
v 0.313456386 0.560172617 -0.23854962
v -0.450411499 0.501989484 0.475150377
v -0.612084746 0.32808125 0.0521811582
v -0.755527198 0.161511406 0.311107516
v -0.69274503 0.0831010267 0.646065593
v -0.727713406 0.129853845 0.497611165
v -0.47032395 0.437559724 -0.0239071269
v 0.633534729 0.183304071 -0.648817718
v 0.86365819 0.0830796733 -0.239788577
v -0.657458544 0.287580729 0.0894087777
v 0.800899565 0.166676491 -0.0955319852
v 0.862313509 0.261745423 0.346718222
v -0.389173567 0.611305654 -0.507174194
v -0.463579297 0.438518584 0.0999606475
v 0.393186033 0.568465829 -0.456309289
v 0.137778088 0.657083094 -0.254489183
v 0.263165802 0.673075199 -0.399812669
v -0.616354167 0.306353182 -0.562331378
v 0.879288793 0.0647812262 -0.263696223
v -0.574588776 0.336235553 0.418106318
v -0.827659428 0.0891544223 0.337691396
v 0.278185159 0.61776042 0.311617762
v -0.440163493 0.496841639 0.412810028
v 0.754485667 0.268069744 0.364084423
v -0.741402924 0.271144807 -0.175834656
v -0.392925441 0.489645571 0.132941499
v -0.600627184 0.272441685 -0.674083292
v 0.524119914 0.412895709 -0.597878814
v 0.592828035 0.365819722 0.182272032
v -0.552253962 0.364587605 0.290875733
v 0.498695016 0.417011321 -0.297791302
v -0.670345306 0.212431669 0.45577994
v 0.284211606 0.550232649 -0.0870995075
v 0.293248743 0.557706177 0.145196378
v 0.375755608 0.675517738 0.574769974
v -0.645624101 0.27451545 -0.548850477
v 0.751528323 0.218598738 -0.0438380316
v 0.432125628 0.562549829 0.528326273
v 0.335000306 0.551584065 -0.26227212
v 0.869713306 0.220184803 0.213490233
v 0.89949888 0.0818026587 -0.0890497193
v -0.68671602 0.197149232 0.442552418
v -0.823494792 0.11431355 -0.499557674
v -0.62306881 0.227227733 0.604706168
v 0.666036367 0.267843366 -0.182377502
v -0.383510858 0.517103434 -0.213307008
v -0.56418854 0.382741302 -0.147863448
v -0.309510738 0.613898098 0.369744658
v -0.73075527 0.249787599 -0.442710847
v 0.534329891 0.382275134 -0.304572821
v 0.813595951 0.215613797 0.130212918
v 0.670932233 0.312270731 0.164422512
v 0.788639784 0.134038746 -0.29903087
v -0.747856021 0.207969978 0.115977243
v -0.461773574 0.440242052 0.130927831
v 0.64313066 0.327354342 0.136348277
v 0.450268418 0.465494335 0.175626665
v -0.76044488 0.177683949 0.217104301
v 0.341724753 0.519135296 0.0430741422
v 0.760502875 0.0300527066 0.623892486
v 0.677808762 0.309330016 0.17737636
v 0.632724166 0.298876792 -0.167396441
v 0.414957434 0.544068754 0.416955292
v -0.641311944 0.0461277999 0.746214211
v 0.779653728 0.267062843 0.266102344
v -0.545691431 0.376082778 -0.732108772
v 0.662577689 0.183910325 0.636273503
v 0.178866819 0.612015486 0.164144754
v 0.386533737 0.634215832 0.540554762
v 0.562165916 0.320835501 -0.726583958
v -0.475620031 0.465874434 -0.313911647
v -0.357923746 0.581930578 -0.372177124
v 0.391237229 0.522574663 -0.323457301
v 0.876550019 0.247258604 0.390589356
v -0.832968354 0.256828785 -0.348606944
v -0.612741172 0.35554269 -0.231785089
v -0.643263042 0.190926254 -0.664683759
v 0.764186978 0.269049942 0.233283326
v -0.551682234 0.397917807 -0.55558151
v -0.374951184 0.517930329 -0.187935993
v -0.482141942 0.454155147 0.45031938
v 0.288974851 0.544761658 -0.0016063191
v -0.436855406 0.469658852 0.258610278
v -0.486581922 0.423847914 0.226053253
v 0.854522049 0.239853382 0.393276274
v -0.478068501 0.439228803 -0.110906728
v -0.444670171 0.47712636 -0.230215415
v -0.454210162 0.527556717 0.560675979
v -0.707085192 0.264108121 -0.447361201
v -0.640254676 0.247245327 0.464579135
v 0.624170363 0.337139308 0.107904479
v -0.620002389 0.318859607 0.080428265
v 0.836684823 0.150269285 -0.028365856
v -0.614431143 0.229346141 -0.688252151
v 0.0455589816 0.721120358 0.316402763
v 0.875267923 0.200848475 0.186387375
v 0.826141119 0.149092928 -0.0753036216
v -0.647357225 0.286450326 0.165355727
v 0.750563681 0.195747554 -0.168990105
v -0.738696694 0.114695445 -0.587550282
v -0.755470097 0.0325834453 -0.628235579
v 0.210049093 0.66641736 0.3242594
v 0.0968418345 0.70175457 0.304863393
v 0.642453015 0.284434646 -0.217533872
v 0.883057237 0.133429408 0.0651884302
v 0.836498141 0.214044973 0.425044209
v 0.168274924 0.618924141 0.175618201
v 0.629959762 0.178142309 -0.666064203
v -0.215332627 0.811585128 -0.48157087
v 0.446926057 0.47577706 -0.353812784
v 0.795289695 0.118022062 -0.337361991
v 0.790809393 0.220585153 0.0951943249
v -0.814077377 0.175549358 0.00398662733
v 0.644170165 0.333925575 0.335343897
v -0.725575209 0.27331844 -0.134909824
v -0.340651572 0.530836165 0.185005292
v -0.34335646 0.531924725 0.201035455
v -0.333512187 0.60143137 0.389070868
v -0.0305958036 0.717948556 -0.310376942
v 0.467818648 0.496766418 0.452156097
v 0.649894595 0.324551344 0.151659489
v -0.764518082 0.269260377 -0.236386299
v -0.0601567477 0.845300257 0.419882506
v 0.531314135 0.42124027 0.681455851
v -0.560138285 0.356345892 0.308603466
v -0.719824135 0.292273402 -0.267625123
v 0.651491344 0.274474472 -0.230810031
v 0.748149157 0.202974871 -0.141700223
v 0.405917883 0.477965921 -0.0571078397
v -0.720011234 0.145273015 -0.585730612
v -0.631986439 0.230015576 -0.647490978
v -0.761951089 0.158965513 0.296856135
v -0.95431751 0.0685018376 -0.128947631
v -0.157749787 0.602452397 0.0974986032
v 0.63631928 0.273080319 -0.350788474
v 0.511790872 0.433223575 -0.581114352
v 0.771095634 0.244131222 0.133058727
v -0.766481996 0.204199925 -0.473826706
v 0.638831556 0.0976510793 0.733072817
v 0.620692313 0.287264913 -0.370064437
v -0.719794691 0.114390738 0.548353791
v -0.775063694 0.146808594 0.297065288
v -0.719677329 0.160162449 0.442483276
v 0.544746578 0.373292983 -0.504727066
v 0.658050358 0.325189143 0.218712807
v -0.800183058 0.133208692 -0.507715881
v -0.913376629 0.123302661 -0.118669733
v -0.211170122 0.723500133 0.405910373
v -0.302641839 0.541789353 0.0995468572
v 0.550437272 0.400123775 0.552698851
v 0.551708281 0.405071348 0.355929852
v 0.393611848 0.511541069 0.219767481
v -0.641274869 0.336231887 -0.33130765
v 0.64664948 0.276995629 -0.246283054
v -0.306035638 0.536500454 0.0370505191
v 0.770243943 0.147291467 -0.313435644
v 0.838655591 0.0512577966 0.514472723
v 0.700787961 0.143804386 0.61329329
v -0.526400566 0.39631477 0.441798717
v 0.447464764 0.4500404 -0.0946553349
v 0.567993522 0.387424648 0.240216985
v -0.756515622 0.151588991 -0.535763562
v -0.903628051 0.236418098 -0.251197398
v 0.58753109 0.332849681 -0.240262881
v -0.615542054 0.251239449 -0.660582006
v -0.598338783 0.334171563 0.10173022
v -0.551174462 0.400155067 -0.247460395
v -0.673997223 0.28068015 0.0438345112
v -0.445011407 0.451731563 0.0846350715
v -0.494865358 0.415029019 0.158613741
v 0.691940188 0.141563043 0.627759993
v 0.651834607 0.13670817 -0.66286695
v 0.721862197 0.208741292 -0.23649776
v -0.414323956 0.550666094 0.476681203
v 0.476451874 0.473228365 0.36803177
v 0.852857292 0.0848427489 -0.27165699
v 0.771149993 0.138865694 -0.342103243
v 0.296248049 0.570206642 -0.234211877
v 0.637559772 0.256118804 -0.439727604
v 0.154101402 0.655665696 -0.263823241
v -0.549859703 0.370263129 0.156438902
v -0.507290125 0.413417935 0.365758181
v -0.233016923 0.575802088 0.101607271
v -0.0377665348 0.797163546 0.387636095
v -0.55666095 0.346002281 0.666326165
v -0.807200551 0.132739067 0.233909309
v 0.551384866 0.402619153 0.507562816
v 0.0618738234 0.812564313 -0.40241003
v -0.723600388 0.0749574304 -0.636733532
v 0.681131899 0.125106767 -0.615075052
v -0.190022141 0.590269744 -0.0727533251
v 0.421325505 0.502774119 -0.358417749
v -0.362033904 0.523404479 -0.173423037
v -0.540443897 0.395842046 -0.109645084
v 0.63723594 0.151319399 -0.679341614
v -0.785534143 0.204823598 -0.0196162146
v -0.739330113 0.209873736 0.145461068
v -0.698058546 0.235325173 0.208521426
v 0.568982124 0.375313759 0.545545697
v 0.501246333 0.45371455 0.397960544
v 0.652226448 0.279894441 -0.183533892
v -0.280801892 0.598154783 -0.268517047
v -0.857897699 0.211517304 -0.423980981
v 0.660904765 0.270356566 -0.197481826
v 0.0533057451 0.835823655 -0.413990408
v -0.41895932 0.488958508 -0.18974182
v -0.707665563 0.164679751 0.467691839
v -0.405200779 0.568002403 -0.455679089
v -0.342464209 0.518998384 0.0956522897
v 0.477969766 0.427887172 -0.124371156
v -0.152196109 0.611626208 -0.130267471
v 0.395883858 0.543988347 0.358182669
v 0.576219141 0.352636784 -0.0912780166
v 0.876890838 0.246413931 0.264020264
v -0.685431421 0.250938147 0.181140214
v 0.248958766 0.636395574 0.311386436
v 0.311725944 0.640632153 -0.419959366
v -0.787672698 0.148280621 0.241503626
v -0.0258042533 0.657738507 0.20630151
v -0.319560915 0.529068291 0.0148569616
v 0.530643404 0.411487609 0.203696966
v 0.861882746 0.120823532 -0.0605624914
v -0.359724313 0.528410137 0.24089992
v -0.328575224 0.540264606 0.193903893
v 0.771593928 0.176387399 -0.174048677
v 0.774585187 0.250982612 0.169563398
v 0.534089565 0.386424392 -0.443772584
v 0.701089263 0.132122755 0.622677565
v 0.467502505 0.469501108 -0.434867561
v 0.46260187 0.440555871 -0.0218811855
v -0.86513108 0.174528137 -0.446828812
v -0.771811604 0.27039516 -0.313914478
v 0.441801697 0.546679735 0.52127552
v -0.672564805 0.233901739 0.35526675
v -0.810634792 0.153623581 -0.48589316
v 0.317434162 0.537329316 0.0956302583
v 0.386262506 0.64279139 0.55328083
v 0.671229243 0.154838979 -0.592444301
v 0.390781641 0.49275738 -0.15312551
v -0.191988811 0.726340353 -0.390162528
v -0.512026846 0.407815784 -0.0123735759
v -0.676010251 0.237578213 0.317448169
v -0.459923148 0.506675005 0.530913472
v 0.244424015 0.738062859 0.448403865
v -0.864480734 0.24229452 -0.250617564
v 0.50154537 0.447691917 -0.56187433
v 0.237664044 0.654629052 0.33218503
v -0.673628926 0.176473111 0.543928444
v 0.656266928 0.204287738 -0.534507155
v 0.357406974 0.522556067 0.151251525
v 0.621201515 0.306340516 -0.192137092
v -0.651445687 0.19753474 0.567812502
v 0.927082658 0.0397467874 -0.198835894
v 0.945064604 0.0582012422 0.0320669524
v 0.72754389 0.100046761 0.613025963
v 0.606706202 0.2452759 -0.633614898
v 0.462734133 0.440853775 -0.173375383
v -0.742211998 0.166684777 0.341427326
v -0.427072525 0.481934994 0.283177078
v -0.464239836 0.474795103 -0.31054306
v 0.798133492 0.221690401 0.429376543
v -0.223346725 0.617233515 0.248156458
v -0.526891232 0.411134422 -0.171536848
v 0.44172734 0.455449671 -0.141627774
v -0.345638841 0.536560297 0.231534332
v 0.622898996 0.308583647 -0.155625433
v -0.122519366 0.634740055 0.18920207
v -0.549261749 0.373441815 0.0987951756
v -0.365663469 0.531471968 0.273745745
v 0.759715915 0.215088427 -0.0280360878
v -0.624400377 0.118059717 -0.744887888
v 0.465243995 0.468492091 0.274411052
v -0.240254745 0.579727173 -0.129037574
v -0.737670183 0.166923508 0.357657164
v 0.783533633 0.192668393 -0.0415175371
v -0.303620338 0.584013164 -0.268853903
v -0.821974456 0.0888429433 0.35574317
v 0.668511093 0.165643975 0.643083692
v -0.819688082 0.121017657 0.237516165
v -0.627107203 0.214186922 0.616885841
v 0.867331326 0.0899711028 -0.192706272
v -0.355995446 0.605870664 0.442150563
v -0.644089639 0.179585949 -0.673191011
v 0.393848807 0.585002661 -0.491084307
v 0.531862319 0.396180719 -0.569081128
v 0.329427421 0.628735602 0.415301919
v 0.709211409 0.222139776 -0.226288512
v -0.455940306 0.463266373 -0.189243391
v 0.303293139 0.6712901 0.441488236
v -0.744359314 0.153957844 0.380558968
v 0.850601614 0.132557243 -0.0524831749
v 0.269475073 0.696310222 0.429662198
v 0.353214055 0.522342145 -0.184891239
v 0.503546953 0.419217706 0.0831823051
v -0.380756736 0.582789958 0.454115331
v 0.461004019 0.456079155 -0.32047689
v -0.317834198 0.577582419 -0.277076215
v -0.364562899 0.51304549 -0.115124904
v -0.546234488 0.380580544 -0.711960316
v -0.803072631 0.257534117 -0.253575474
v -0.588477969 0.327854395 0.304764092
v -0.215878457 0.745352983 -0.429257363
v 0.543389082 0.409083813 0.564022422
v -0.962928593 0.0620889105 -0.153963909
v -0.629091918 0.320411474 0.00464230124
v -0.833303869 0.243321121 -0.23401545
v -0.65372026 0.0619911551 0.721936047
v 0.163236588 0.59398222 -0.00291822711
v -0.503340662 0.457306772 -0.453416973
v 0.51324451 0.422200114 0.185699344
v 0.807116866 0.144824713 -0.177024066
v 0.780791163 0.151930436 -0.25273487
v 0.512133002 0.401134104 -0.177734926
v 0.337520987 0.519907236 -0.0604646653
v 0.645828903 0.160811111 0.68496716
v -0.333482534 0.521628201 0.0381178707
v 0.238969669 0.572003603 0.0736375004
v 0.631316781 0.203050375 -0.623715878
v -0.650330722 0.268520653 0.283178478
v 0.875960171 0.190652892 0.170376047
v 0.709092677 0.13156119 -0.540907323
v -0.448104233 0.459014952 0.250220805
v 0.711970866 0.272752017 0.0812016726
v -0.193072289 0.686921656 -0.341209292
v -0.360955149 0.541009068 0.295402586
v -0.50559783 0.423495054 -0.144748017
v -0.536614835 0.380419284 0.190164134
v -0.525408149 0.393034041 0.353834301
v -0.39188391 0.588818252 -0.46874699
v -0.0695805177 0.673995197 0.25204128
v -0.309614897 0.591040313 -0.298778325
v 0.672235489 0.318264514 0.289509505
v 0.55931437 0.363971382 -0.125602022
v 0.564207315 0.302036971 0.766017914
v -0.528656006 0.389023989 0.113662928
v 0.423410088 0.51423353 0.336622775
v -0.459510177 0.547772169 0.624000967
v -0.643670976 0.333292902 -0.203706428
v -0.912244618 0.0605631396 0.148891583
v -0.640120089 0.298821628 0.113205157
v -0.0864591673 0.674495578 0.259352177
v -0.183244988 0.724255145 0.384145379
v -0.105392627 0.616342008 -0.0972529799
v 0.793751359 0.155491501 -0.181748629
v 0.473070323 0.52397579 -0.632132351
v -0.186845869 0.665091157 0.307381392
v 0.433490098 0.523446262 -0.471922964
v -0.27608484 0.553709447 0.0813995153
v 0.439571559 0.465931565 -0.249120653
v -0.702956796 0.16287671 0.487220019
v 0.410896719 0.481952518 0.0920183063
v -0.468824357 0.454886794 -0.195014462
v -0.632908404 0.211831182 0.600662887
v -0.715503633 0.204429969 0.289071381
v -0.48582533 0.426861584 -0.0233036131
v -0.0496707186 0.615491629 -0.00819821283
v -0.641554236 0.311597556 2.44256589e-05
v 0.487819821 0.423699409 -0.00751135498
v -0.0239219721 0.619400859 -0.0492886864
v -0.756604731 0.110110722 -0.569552481
v -0.421821117 0.471008062 0.155723676
v -0.334794074 0.52940464 0.151456162
v 0.525831938 0.397856683 -0.456673503
v 0.665761769 0.171390966 -0.577368081
v -0.244753405 0.820707381 -0.512598157
v -0.223324955 0.833433568 -0.503477454
v -0.366049111 0.511326849 0.167246521
v 0.266920865 0.662478089 -0.389351845
v 0.636613071 0.300248742 -0.125608429
v -0.643987596 0.0581963472 0.737089038
v -0.0800323263 0.636576593 -0.163618132
v 0.618892908 0.0606836826 0.771290481
v -0.596946299 0.358061641 -0.455655783
v -0.681195736 0.260762602 -0.499626815
v -0.63158232 0.241445184 0.5292871
v 0.609602392 0.317560703 -0.181576014
v 0.235130578 0.590303242 0.16641672
v 0.868768632 0.0821767598 -0.224421293
v 0.491653264 0.417685211 -0.165115505
v -0.620233178 0.296194434 -0.573356688
v -0.110704422 0.607468009 0.0282420143
v 0.598847091 0.255235314 -0.648285985
v 0.256704062 0.591973424 0.209497392
v -0.629523039 0.309465975 0.0960935876
v -0.37377277 0.519578576 0.24941802
v -0.474141032 0.436906159 -0.0522966832
v 0.547170699 0.369324744 -0.365961701
v -0.41916278 0.565508664 0.522738576
v -0.738306105 0.28018254 -0.224938512
v -0.421443224 0.531572759 0.451800793
v 0.348008066 0.516968071 0.0611930043
v -0.79991734 0.0801368803 -0.541878045
v -0.171405822 0.606012821 -0.130671218
v 0.77930218 0.258547395 0.368986994
v 0.401073992 0.548312366 -0.431726843
v -0.56468761 0.356347591 0.186022267
v -0.213090181 0.644396126 0.295774132
v -0.248642445 0.742832184 -0.457620025
v 0.697676182 0.295305789 0.163406447
v 0.500545084 0.410520107 -0.136190668
v 0.418720931 0.527412951 0.372112095
v -0.394549936 0.515101492 0.305152565
v 0.915270388 0.112826355 0.101352297
v -0.439734757 0.472035855 0.292184234
v -0.720046043 0.0821511149 0.600266039
v -0.357252896 0.533535302 -0.20964317
v -0.262024254 0.557691455 -0.0115436697
v -0.568710983 0.318994671 0.658931136
v -0.778276742 0.151117608 0.266531289
v -0.451902539 0.447387457 0.038038142
v -0.666674495 0.246357262 0.320992112
v -0.286152095 0.693143964 -0.446764708
v -0.518178225 0.412085563 -0.117150746
v -0.930141866 0.0795070082 -0.0545648523
v 0.457730472 0.495922953 -0.488109559
v 0.689062238 0.171617076 0.605152547
v -0.403094471 0.502467215 0.281890869
v -0.50754106 0.405097425 0.130079567
v 0.477330744 0.429213315 -0.0524398498
v -0.283289582 0.623934209 0.346883506
v -0.79619956 0.109541774 -0.527189195
v -0.8165766 0.0973601788 0.342853874
v -0.0281596426 0.77436471 -0.368676782
v -0.623200536 0.253661871 0.529458404
v 0.38315779 0.492976457 0.00157776463
v -0.722492337 0.175827995 0.381484628
v -0.7737602 0.20664306 0.0142121669
v 0.514582455 0.453202277 0.596595228
v -0.51709044 0.41664362 -0.157035142
v 0.505264342 0.406972885 -0.121852897
v 0.835188806 0.0949580446 -0.291552067
v 0.696947873 0.0711147636 -0.652507126
v 0.51907897 0.414155304 -0.532045066
v -0.667187929 0.241499573 0.345076263
v -0.701852024 0.175454021 0.455976069
v 0.57111901 0.3277466 -0.573376119
v -0.483360916 0.481229007 -0.464442402
v -0.530366778 0.389775544 0.41021958
v -0.634305418 0.0874611884 -0.743615687
v -0.710765958 0.06483192 0.638212085
v -0.668734491 0.283289731 -0.476706624
v -0.367812902 0.560896277 0.372929662
v -0.632031739 0.241857067 -0.632634163
v -0.655959129 0.278048873 0.172556683
v -0.331053287 0.553909898 0.259352326
v -0.409036696 0.518665314 0.370031804
v 0.610534251 0.292183757 -0.420475215
v 0.640332222 0.30806312 0.483552843
v -0.264234722 0.807114661 -0.52388519
v -0.145413935 0.782902241 0.413032472
v -0.670804381 0.142845795 -0.658316672
v 0.32727319 0.683837295 -0.502114952
v 0.190595537 0.720651567 -0.386718005
v -0.755146325 0.228146359 -0.0170072056
v 0.666141868 0.239953637 -0.35900113
v -0.233178154 0.657706439 -0.333062261
v 0.489212126 0.419929594 -0.180051193
v -0.19050999 0.74988544 -0.413241535
v -0.395337582 0.518796802 0.322567672
v 0.507056296 0.41469264 0.0581793562
v -0.610195458 0.336926997 -0.0166384839
v -0.54724586 0.370846897 0.205871224
v -0.713677168 0.131791696 0.529190481
v -0.180245653 0.658402085 -0.283727169
v 0.498725653 0.473387092 -0.642061889
v 0.0685466677 0.671023071 -0.246328175
v 0.449264735 0.539038777 -0.568009675
v 0.382026821 0.5212093 0.228360206
v 0.588926494 0.349344552 -0.0164912585
v -0.585883856 0.326052159 0.371710479
v 0.419000775 0.518814862 -0.406125247
v -0.681445539 0.28279978 -0.00855721068
v 0.425316423 0.508242786 0.317401528
v -0.878104031 0.102006458 0.0822172388
v 0.729801059 0.268078089 0.121430755
v -0.630529106 0.254490018 -0.619039059
v -0.493090093 0.456462443 -0.354872018
v 0.469558239 0.498601824 -0.55223155
v 0.646447837 0.17665866 -0.622264087
v 0.69425571 0.0635175854 -0.664464116
v -0.774978042 0.269749582 -0.281766683
v -0.671118677 0.275637001 0.09506993
v -0.573817492 0.377680063 -0.166521564
v 0.135680363 0.604080319 -0.0631115288
v 0.667890191 0.122757167 -0.645616114
v 0.472492814 0.432200074 -0.139251098
v 0.494554043 0.432716936 0.159332395
v -0.275583953 0.673335612 0.41489616
v -0.787837923 0.111696109 0.381691158
v -0.77822715 0.0978623033 -0.553830266
v 0.624930799 0.278443545 -0.39897576
v 0.416800678 0.47268635 -0.12713708
v -0.523834169 0.424324423 -0.290718943
v -0.585778952 0.315151334 0.491026729
v 0.738927901 0.283123225 0.303348154
v -0.234502494 0.618623912 -0.254011154
v 0.469406694 0.445534706 0.114646763
v 0.598633587 0.340922445 -0.0276245754
v -0.106337413 0.715947151 0.329494447
v 0.742537379 0.114555068 -0.495322734
v 0.68455714 0.258625805 -0.134916604
v -0.63019079 0.0476806276 -0.762017429
v 0.586411715 0.340325832 -0.145391613
v 0.429709435 0.506453156 -0.405198961
v 0.669920921 0.103308558 0.687116325
v -0.0149221411 0.864383459 -0.423061132
v -0.666062891 0.268059194 0.180955887
v 0.335499048 0.520943701 0.00914249755
v -0.875020564 0.130799398 -0.0318538323
v -0.630740523 0.219241351 -0.662058473
v -0.299181461 0.623447657 -0.355979085
v -0.367534965 0.542592824 0.319318444
v 0.568673849 0.381155938 0.165310383
v -0.568298638 0.390722632 -0.389509141
v -0.454948992 0.448053867 -0.024958957
v -0.69317776 0.167883128 0.504376888
v 0.814166367 0.0617731474 -0.453711033
v 0.629192829 0.282910347 -0.334215641
v -0.792510271 0.147040889 -0.504590988
v -0.506340742 0.462884158 -0.552724421
v 0.580178559 0.369212627 0.122411408
v 0.52847743 0.399235696 0.0528842025
v 0.230978966 0.724603176 0.421526015
v -0.656823397 0.256797045 0.318059474
v -0.586960971 0.282944441 -0.703261197
v 0.657805145 0.280837506 -0.138827205
v -0.793405712 0.244854569 -0.394175857
v -0.654692054 0.243175834 -0.581317961
v 0.225066662 0.674637258 0.351717621
v 0.536443174 0.40882656 0.220699251
v -0.599346101 0.346378177 -0.502743781
v 0.530538976 0.396638989 0.0390396863
v 0.432105392 0.461848229 -0.126943439
v -0.600119948 0.291836351 0.51009059
v -0.582687199 0.327412874 0.40412119
v 0.241549 0.596051633 0.198629364
v 0.743995011 0.158766299 0.543351591
v 0.233608976 0.584097683 -0.153279528
v 0.628179789 0.198942587 -0.640955389
v -0.56180203 0.390340358 -0.217962697
v 0.552420795 0.361178786 -0.543544471
v 0.345370233 0.534304261 0.176780611
v -0.646296442 0.220456004 0.529120088
v 0.499436408 0.479070395 0.602136612
v -0.335542202 0.613391459 -0.397432506
v 0.416092604 0.534624219 0.389020354
v -0.334996074 0.538612247 -0.167333215
v -0.0998897552 0.716577649 -0.326016724
v 0.317602158 0.530235946 -0.0364388004
v 0.57498163 0.375697821 0.153421327
v 0.65548408 0.201700956 0.630952716
v -0.929250896 0.140542492 -0.171715334
v 0.380269676 0.574501693 0.404721886
v -0.542362869 0.374609947 0.240567625
v -0.39796564 0.570913374 -0.442663014
v 0.566016197 0.363424718 0.62204957
v 0.569245279 0.388655752 0.278763413
v -0.0737747476 0.761550426 -0.36571303
v 0.588262737 0.257749915 0.729884207
v 0.730315745 0.015500241 0.67081672
v 0.356877446 0.513555348 -0.135683402
v 0.503693759 0.475711793 0.634132922
v 0.30873841 0.536024094 -0.064847827
v 0.448108554 0.573620617 0.615805089
v 0.341442972 0.52628988 0.113080405
v -0.711548567 0.204702348 0.306091458
v -0.574168503 0.363905936 -0.0226028431
v -0.659173429 0.231237814 -0.588905573
v 0.595647633 0.322024524 -0.284390926
v 0.610836983 0.335915595 0.493056148
v -0.64514786 0.28684172 0.178102523
v 0.466657817 0.456670433 -0.362594068
v 0.391676098 0.489084423 0.0298934113
v 0.00964932702 0.80010885 0.387168527
v 0.50218004 0.409510911 -0.191539541
v 0.360604316 0.526664495 0.186160877
v -0.596563518 0.277398318 0.597919643
v -0.467138916 0.487978816 -0.404092103
v 0.545545042 0.373907894 -0.152988508
v 0.655532956 0.152517855 0.675086737
v 0.435366511 0.507919788 -0.432163328
v -0.754853785 0.237238035 -0.0574609041
v 0.807301402 0.0723353177 -0.442924351
v 0.668660998 0.127032623 0.673228383
v -0.45779565 0.449435651 -0.0714450553
v 0.557057619 0.395279229 0.238848388
v -0.334203869 0.521197736 0.00586670078
v -0.331490457 0.527389944 0.117401853
v -0.873141408 0.123497218 0.002451682
v -0.952009737 0.0660933554 -0.112837784
v -0.809967995 0.261316717 -0.324020773
v -0.5091151 0.454467654 -0.496571869
v -0.628917515 0.2846753 0.323326617
v 0.610742152 0.245690882 -0.614611447
v -0.452325732 0.465990007 0.328488916
v -0.543403745 0.374858618 0.452317834
v 0.634534478 0.255923212 -0.457904518
v 0.672972441 0.0507288873 -0.704471231
v 0.646725774 0.330604166 0.35293141
v 0.833846331 0.129985809 0.483406156
v 0.926092923 0.163603291 0.191208601
v -0.217124492 0.679245949 0.357143223
v -0.856037676 0.123386301 0.0729502887
v -0.171385765 0.643844485 -0.246631622
v 0.181134641 0.603675187 0.133640319
v 0.629745662 0.0953710675 0.746490657
v 0.244964927 0.680003524 0.380061865
v -0.643690705 0.238158405 0.483002216
v -0.205656111 0.618086338 0.227870569
v 0.650151193 0.119421013 0.705553293
v -0.280048937 0.551268458 -0.0469367355
v -0.3449772 0.51562655 0.0588987656
v -0.526071727 0.425287694 -0.326154381
v 0.592954159 0.347809851 -0.00102018751
v 0.477553427 0.46087262 0.288905233
v -0.818371296 0.148540795 0.110559754
v -0.750072956 0.278796166 -0.297109455
v -0.40625909 0.48462975 0.180789083
v 0.440393686 0.462780416 0.0916804448
v 0.119552195 0.756112754 -0.378651351
v -0.739428401 0.253682822 -0.0821096599
v 0.564218462 0.390253603 0.472662061
v 0.654590487 0.168311566 -0.61332798
v -0.423354238 0.475648791 -0.109301969
v -0.512652874 0.426869363 0.549856603
v 0.70614934 0.219749734 -0.255310774
v -0.44779864 0.470489085 -0.200524062
v -0.714958727 0.201840863 -0.534654021
v -0.344771355 0.602846026 0.413789034
v -0.268813252 0.569650888 0.166808873
v -0.58719933 0.345673025 0.0711367279
v -0.519477487 0.400247961 0.368314654
v 0.465024829 0.440178365 0.00668397406
v 0.75531584 0.187004432 -0.192831844
v 0.0631430298 0.690398633 -0.278860658
v 0.690884054 0.154087797 -0.542304039
v 0.639442503 0.265276194 -0.378903955
v 0.902244925 0.18389833 0.188871205
v 0.836496353 0.119821995 -0.175098628
v -0.325021714 0.539511919 0.177941769
v -0.529793203 0.38931191 0.0834333301
v 0.622475386 0.214850217 -0.632903397
v -0.218235239 0.579177678 0.0787525028
v 0.609814644 0.33533597 -0.000188044505
v -0.75469017 -1.38924339e-09 -0.653031707
v 0.771344066 3.9568876e-11 -0.632876396
v 0.75469017 6.59481289e-11 -0.653031707
v -0.771344066 -8.3354601e-10 -0.632876396
v -0.771344066 8.3354601e-10 0.632876396
v 0.75469017 -6.59481289e-11 0.653031707
v 0.771344066 -3.9568876e-11 0.632876396
v -0.75469017 1.38924339e-09 0.653031707
v -0.738036335 -1.94494065e-09 -0.673186898
v 0.787997901 -1.31896256e-11 0.612721205
v -0.787997901 2.77848661e-10 0.612721205
v 0.738036335 9.23273819e-11 -0.673186898
v 0.787997901 1.31896256e-11 -0.612721205
v -0.787997901 -2.77848661e-10 -0.612721205
v 0.738036335 -9.23273819e-11 0.673186898
v -0.738036335 1.94494065e-09 0.673186898
v -0.427602768 0.466735154 -0.0357074551
v -0.656077623 0.318928868 -0.389669597
v -0.485915214 0.428655505 -0.0497250222
v 0.61915797 0.168371499 -0.706130922
v -0.764922202 0.107634805 0.456060618
v 0.572510958 0.370399415 0.0787994191
v -0.0387711972 0.625737309 0.10305132
v -0.727765024 0.201081723 0.248058587
v -0.494104683 0.416873693 0.0611195788
v -0.474672109 0.456928045 -0.244205236
v -0.557959676 0.353333592 -0.706150711
v 0.46855846 0.452514321 -0.34817481
v -0.487749845 0.420823365 0.0901492015
v 0.739184797 0.0856341496 -0.559066951
v 0.567464292 0.384596258 0.196003944
v 0.451091796 0.453052312 0.0601113588
v -0.874583185 0.0853127688 0.185425669
v 0.179980397 0.623918414 0.203999534
v -0.729167759 0.178243816 0.346128613
v -0.17520681 0.76284647 -0.4143534
v -0.502192557 0.48933965 -0.711421788
v 0.502192557 0.489339679 -0.711421728
v 0.209007069 0.613001704 0.205286354
v -0.313318521 0.548503041 0.187459886
v 0.653468192 0.184308559 -0.588437915
v 0.625273228 0.218521044 -0.615244448
v -0.445165902 0.509504795 -0.402320504
v -0.925784111 0.130786955 -0.155118898
v 0.48207733 0.425041109 -0.152698934
v -0.406249374 0.586489379 -0.502247751
v 0.00188437523 0.693866909 0.274684161
v -0.745696604 0.189863041 0.222198159
v -0.720564187 0.205322757 0.260393441
v 0.690164566 0.140724465 -0.569977164
v 0.626215637 0.250766009 -0.524045646
v 0.67551744 0.166189179 -0.559982538
v -0.154805332 0.64407146 0.239499837
v 0.161331713 0.644549191 0.238865688
v 0.733763993 0.178468034 -0.327132761
v 0.502350986 0.415187776 0.020435011
v -0.820584893 0.153343245 0.0780155212
v 0.566521525 0.358098179 0.637730181
v -0.8167696 0.0496685058 0.477233678
v -0.515427828 0.406605184 -0.0292144939
v 0.558988929 0.391716212 0.209944829
v 0.676646471 0.306930512 0.150305972
v -0.154167116 0.86798358 0.466963768
v -0.258239508 0.708737016 -0.432110786
v 0.482647955 0.493654549 0.532773674
v -0.333794147 0.52551806 -0.0683612004
v -0.306263715 0.601617992 0.339119911
v -0.877624512 0.179553196 -0.154058129
v -0.171854988 0.611420155 0.163399681
v 0.259631813 0.624881148 0.301185429
v -0.601964355 0.297003269 0.4627496
v -0.366217613 0.561926067 -0.336640239
v 0.0309990942 0.783645213 0.376597255
v -0.669606805 0.287521869 0.0201469995
v -0.708952904 0.216616273 0.25815931
v -0.824727952 0.186777011 -0.0687730312
v -0.662336171 0.276866555 -0.505544126
v 0.429705709 0.589589834 -0.595942736
v -0.67551899 0.209923133 0.442655832
v -0.506972313 0.413408279 -0.0410124511
v -0.190725997 0.637856245 -0.250930756
v 0.733352184 0.097527504 -0.549973428
v 0.342348665 0.54435569 0.215191558
v -0.574300349 0.379700392 -0.194871455
v -0.445410579 0.568311632 -0.592763186
v 0.662209213 0.2415151 -0.37268275
v -0.52790916 0.398230076 -0.0350489803
v -0.272692293 0.683800519 -0.417909056
v -0.653768182 0.207577437 0.535505891
v -0.68689543 0.24060145 0.238556102
v 0.493093491 0.459692687 -0.551899076
v 0.0394867212 0.616456985 0.01346274
v -0.742815614 0.280902386 -0.255901814
v -0.204230562 0.58711946 0.10042949
v -0.199352562 0.701510251 0.37082991
v -0.472530872 0.449924916 0.358040363
v 0.787979484 0.173124835 -0.118615732
v 0.508540392 0.434657484 -0.555792511
v -0.605394244 0.312532872 0.284215689
v 0.356458157 0.510749876 -0.0985123664
v -0.851208866 0.252615452 -0.272968799
v 0.501587093 0.431284785 0.193218097
v 0.72336942 0.262539238 0.0694334134
v -0.661099374 0.172540262 0.588235497
v 0.591632366 0.360360682 0.113371693
v 0.890704095 0.118154436 0.0406715721
v 0.87477845 0.0444504246 -0.355923265
v 0.477715254 0.431340247 0.00413662335
v 0.516843677 0.421020746 0.199829027
v -0.213662058 0.636146307 -0.270696253
v 0.689318597 0.0972737893 -0.635355115
v -0.587628961 0.172874451 -0.789086938
v -0.590903521 0.147125065 -0.79055059
v -0.724160969 0.212213278 0.206155896
v 0.799963713 0.0644249916 -0.478304982
v 0.133591846 0.749379575 0.376990288
v 0.638034821 0.316354871 0.0166559331
v -0.688757062 0.0877472833 -0.672233284
v 0.454625249 0.453220338 0.0905342549
v 0.541199803 0.408392698 0.608938992
v 0.396167874 0.491065294 0.0909790248
v 0.33596164 0.589748502 0.344754964
v 0.694557667 0.225145638 -0.285716802
v -0.734776258 0.280049324 -0.209986776
v 0.625935137 0.311588526 -0.103409342
v 0.746084273 0.0730106384 -0.567139983
v 0.655815661 0.189652264 -0.570296168
v 0.170844823 0.59882772 0.0894580334
v 0.623258233 0.259712756 -0.506341279
v 0.279780865 0.579426289 -0.230774328
v 0.879837811 0.0272911321 -0.398073912
v 0.632416606 0.295059979 -0.204304338
v 0.218839049 0.778101504 0.459405422
v 0.522692204 0.393868178 -0.104563601
v -0.828013122 0.123147517 0.194335014
v -0.552674711 0.382429659 -0.0564305335
v 0.514668941 0.4010337 -0.0759154856
v 0.745422125 0.231997684 0.45591563
v 0.524972498 0.414041877 0.187894672
v -0.504527986 0.407898694 0.207813606
v 0.722037256 0.107338697 -0.556385815
v -0.210437953 0.696792901 -0.369798452
v -0.420701563 0.55932039 -0.4803496
v 0.476305366 0.460382044 -0.443796039
v 0.699786365 0.181873769 0.578505874
v 0.0271112155 0.845848143 -0.415202111
v 0.52585429 0.390003026 -0.274962753
v -0.669315815 0.196841896 0.507955968
v 0.481607378 0.433110237 0.0685711727
v -0.885573626 0.0895509496 0.11363735
v -0.354019672 0.590021193 -0.383256614
v -0.447373986 0.458857864 -0.0993657708
v 0.452812195 0.541046381 0.551302373
v 0.533456445 0.415283918 0.271712035
v 0.651425302 0.284363985 -0.153696775
v 0.673132777 0.263676971 -0.167736262
v -0.525115192 0.397791892 -0.00286149094
v -0.0282364786 0.617021978 -0.00699159596
v -0.692757666 0.29932645 -0.171600804
v -0.521234155 0.415264219 0.574108422
v -0.516790271 0.399726659 0.303375274
v 0.77114141 0.165522859 -0.229751065
v 0.659287989 0.0562457219 0.725825548
v -0.653772771 0.212388262 0.522381663
v 0.65242362 0.302761763 -0.00515133096
v 0.720223129 0.201381341 -0.281827301
v 0.808936059 0.0895427391 0.52649951
v -0.376535982 0.5265643 -0.236428633
v -0.57537061 0.302264065 0.663993597
v 0.684051633 0.303845376 0.163699523
v -0.722670674 0.287736148 -0.219868094
v -0.736618876 0.14937225 -0.560788631
v 0.487365723 0.495367587 0.580245793
v -0.304479331 0.665593147 -0.435167938
v -0.809357941 0.0606172569 0.467124075
v -0.854004741 0.20005016 -0.159606412
v -0.441930175 0.583574831 -0.613061547
v -0.524120808 0.425521433 -0.308181763
v 0.352298319 0.510834217 -0.0274628866
v 0.618863523 0.319657058 0.518114209
v -0.745048225 0.229879469 -0.460357338
v -0.551220179 0.364128292 0.489965409
v 0.514411867 0.433652699 0.31148243
v -0.55282861 0.363522232 0.325767606
v -0.352159917 0.586216569 0.396020472
v -0.479737699 0.471226156 0.513961673
v 0.637216568 0.21016407 -0.589208603
v 0.401197463 0.531188726 0.329437286
v -0.332001507 0.570664346 -0.285464078
v 0.154776648 0.598835766 -0.0610681102
v -0.531423032 0.387024671 0.370240629
v 0.160408229 0.790990591 -0.428291768
v 0.142673239 0.819758534 -0.436886728
v -0.384352118 0.495328486 -0.0574206747
v -0.694437325 0.304216981 -0.232387289
v -0.350468159 0.541460156 0.266685516
v -0.23066324 0.703474104 -0.39699769
v -0.464213133 0.454499632 0.33047533
v 0.632477343 0.0640242472 -0.749434054
v 0.750097573 0.0547966436 -0.58863306
v 0.294162095 0.56064707 0.162762761
v -0.697525859 0.184597567 0.442932904
v -0.454062074 0.4904432 0.451752007
v -0.673888385 0.184056148 0.525265515
v 0.442720503 0.487513751 0.283387661
v 0.675973177 0.179941192 -0.52842474
v -0.551599503 0.359690011 0.635668635
v 0.485205561 0.437587976 0.143437132
v 0.207870975 0.694394231 -0.369777769
v -0.209390119 0.680437088 -0.345738351
v 0.5826087 0.36384204 0.513776481
v 0.398448169 0.482898086 -0.0212075766
v 0.592190742 0.293755591 -0.562692821
v -0.661324739 0.221903071 0.461111963
v 0.235522732 0.618056476 -0.267101914
v 0.574328363 0.374664813 0.136994526
v 0.641696155 0.309066594 -0.0193710513
v -0.139999837 0.700793028 0.327209711
v 0.727729261 0.0950403735 -0.565672278
v 0.279479593 0.612369835 -0.318141758
v 0.374076068 0.532642603 0.254986405
v 0.477379084 0.445032179 -0.360991269
v 0.581161499 0.329610974 -0.396641701
v 0.548038006 0.404856563 0.535941541
v -0.354139864 0.550453722 -0.269848496
v 0.273023576 0.564081907 0.124591477
v 0.553253949 0.351769358 -0.690714717
v -0.428111404 0.512218356 -0.346002787
v 0.46354574 0.445960253 0.0756905973
v -0.317896456 0.538413703 0.143440515
v -0.371097982 0.501258254 0.0915137231
v -0.753294408 0.170463145 0.281784326
v 0.340387553 0.52522999 -0.147242397
v -0.263076782 0.682393491 -0.404417336
v -0.419876903 0.516277611 -0.333253205
v -0.135214791 0.761135757 0.390116185
v 0.727161288 0.109814435 -0.540552616
v 0.30290997 0.57409215 0.235631675
v -0.747712255 0.231270924 -0.00416471623
v 0.582478702 0.371567905 0.165782243
v -0.538617849 0.380179048 0.42235136
v 0.317268342 0.63217479 0.400740743
v 0.397589803 0.484794885 -0.106556989
v 0.343014419 0.585367143 -0.374935657
v 0.567138255 0.369983673 0.586182237
v -0.291664839 0.660841167 -0.410087645
v -0.186250195 0.70066756 0.358947396
v 0.613523543 0.334748954 0.0194240808
v 0.769524872 0.190125182 -0.112601914
v -0.514641225 0.409086347 -0.0545210056
v 0.235641435 0.589241445 -0.179614931
v 0.679149866 0.256177783 -0.183014542
v -0.316721439 0.534974396 0.108870678
v -0.365624428 0.666511714 -0.542212665
v -0.526541531 0.388922125 0.217812002
v -0.367562562 0.601286411 0.458439678
v 0.440385967 0.509970069 0.383649707
v -0.730856299 0.286249071 -0.253181785
v 0.429918498 0.466094851 -0.172994271
v -0.615937114 0.300714791 0.298079908
v -0.292181164 0.564205468 -0.174964368
v 0.436154336 0.459732562 0.00928894803
v -0.242129698 0.735505641 -0.44395119
v -0.827526152 0.245926201 -0.381067634
v 0.527785778 0.387947679 -0.260064185
v -0.181918398 0.646356285 -0.261380285
v -0.495137572 0.416933775 0.236634895
v 0.508588791 0.460349202 0.561733961
v -0.119276702 0.692150295 0.303561717
v 0.559097886 0.362166256 -0.163821846
v -0.38306424 0.502427995 0.190222561
v 0.410898834 0.485062182 0.121522665
v -0.884242117 0.111485459 0.00905202981
v 0.437407285 0.470166206 0.142684743
v -0.589155555 0.358118504 -0.502916276
v 0.295795321 0.557560861 -0.180476442
v -0.611733556 0.168725967 0.725539267
v -0.236030221 0.607898772 0.241349638
v -0.561778367 0.357758343 0.212866321
v -0.829219162 0.12801601 0.165643185
v 0.893569589 0.12041381 0.057680469
v 0.674935043 0.174233243 -0.544835329
v 0.826109409 0.135368049 -0.142611593
v 0.735040426 0.216165572 -0.130957335
v -0.860374033 0.161720693 -0.0836497992
v 0.548892617 0.364548057 -0.648760259
v 0.464981735 0.460595846 -0.374616027
v 0.799256265 0.126095772 -0.292576134
v -0.417823225 0.494633138 0.307047188
v -0.257696599 0.784174442 -0.501156032
v -0.847458065 0.154719189 -0.46326685
v -0.723507345 0.0958173349 0.572822154
v 0.705393553 0.116116315 -0.577213705
v 0.235619128 0.627953887 0.276946545
v 0.721710086 0.0926589444 -0.581529021
v -0.129832283 0.720824182 0.346771419
v 0.746230423 0.185372561 -0.242176086
v 0.779662371 0.160433695 -0.21777539
v 0.516096175 0.404814333 0.0110421358
v -0.1954588 0.595200896 -0.117218308
v -0.57151562 0.383543581 -0.459733695
v 0.0204740372 0.621554792 0.0678131506
v -0.689670861 0.287117124 -0.0740528479
v -0.373275131 0.525237203 -0.219626307
v 0.888691366 0.187535018 0.179973125
v -0.117936283 0.676775336 0.278300315
v -0.242243975 0.679127753 -0.376372486
v 0.540554464 0.380888909 -0.0853593349
v 0.312538207 0.677062392 -0.471368104
v 0.921813846 0.0458006859 -0.188635111
v 0.44557482 0.454167038 -0.172688261
v -0.481913447 0.433753639 -0.0792725086
v -0.716251433 0.292348146 -0.234344289
v 0.629127622 0.325959921 0.0416781045
v -0.411879689 0.490604669 0.257769436
v -0.452189893 0.524818063 0.546191096
v 0.629528463 0.268125027 -0.427968562
v -0.63733393 0.0567767397 -0.751153708
v 0.797011554 0.258024752 0.245542765
v -0.596939027 0.307913661 0.427448958
v -0.272428066 0.659536064 -0.382329345
v -0.734645903 0.0274295956 0.64711833
v 0.911538422 0.0752040818 -0.0652719662
v 0.592318475 0.333767235 0.579880595
v 0.568061352 0.377370507 0.119116053
v -0.351881564 0.512988985 -0.0358097106
v -0.582116246 0.377940804 -0.399018943
v 0.0610665716 0.631335914 -0.13879779
v -0.788102031 0.068027705 -0.563081324
v -0.579407871 0.311028808 -0.68772614
v -0.454364955 0.491575956 -0.357960463
v -0.546961725 0.382904768 -0.014224872
v -0.308833957 0.535550535 -0.0202614665
v -0.608274877 0.324855834 0.115098797
v -0.914084077 0.0862210765 -0.00805804878
v 0.608665049 0.355600506 0.190166116
v 0.626088321 0.338034272 0.413739085
v 0.40560317 0.517351687 0.288345188
v 0.644203842 0.148932561 -0.665854216
v 0.427503705 0.49905929 0.281858921
v 0.300715804 0.542124689 -0.0924556926
v 0.511261284 0.402088046 -0.208846375
v -0.652363122 0.254697978 0.358750403
v 0.552988946 0.387460858 0.114095934
v 0.333210886 0.569708586 -0.314780533
v -0.428934485 0.518753409 -0.376147926
v -0.562669456 0.388263702 -0.1994856
v 0.698301613 0.298379809 0.191497996
v -0.234640256 0.717154503 0.420970589
v -0.517712057 0.414936244 0.520170927
v 0.162059903 0.600216508 -0.0903253928
v -0.294133842 0.639033437 -0.377666354
v -0.912407219 0.180785194 -0.194583595
v 0.832369566 0.259269476 0.3000305
v 0.488987207 0.423931271 0.0110727195
v -0.669759452 0.319798142 -0.265853286
v -0.733750224 0.247531757 -0.0316399224
v -0.258294046 0.559430182 0.031853009
v -0.662763536 0.255705804 0.287566572
v 0.289658457 0.639656782 0.371687979
v -0.107131392 0.823808074 0.421838909
v -0.367643803 0.502372146 0.066953443
v 0.163439199 0.712588727 -0.35766837
v 0.915501475 0.0966926739 0.056330841
v -0.916254163 0.146181062 -0.15948163
v 0.822643578 0.116331629 -0.247212008
v 0.496814042 0.426463872 0.112030275
v 0.000334517856 0.778084159 0.370578617
v -0.642869949 0.291948974 0.151580885
v 0.125656858 0.603852749 -0.0191397257
v 0.598842204 0.332388997 -0.116558969
v 0.551704884 0.396265149 0.569439232
v 0.689289391 0.283130318 0.046972625
v 0.328419894 0.638566017 0.430522472
v 0.147369251 0.829413533 0.443442553
v 0.658592284 0.274614334 0.51822567
v -0.570621014 0.301785976 0.708408237
v -0.51485914 0.435525179 -0.335880905
v -0.414771795 0.506881177 0.347818881
v -0.420912653 0.503708303 -0.28026852
v -0.934696555 0.114838928 -0.151060224
v -0.533651292 0.410889804 -0.221219763
v 0.584338605 0.369379401 0.466533214
v 0.68533057 0.111229308 -0.625226319
v -0.6795367 0.261901289 0.14156504
v 0.48721543 0.441828638 -0.414854884
v 0.928459764 0.0652673841 -0.0305335578
v -0.613444686 0.243154705 0.608145714
v -0.577284098 0.341416121 0.259776354
v 0.752943397 0.267319292 0.190103754
v -0.619600773 0.262798071 0.514614344
v -0.49709928 0.463934869 0.597724795
v 0.374991208 0.499343276 0.0332635157
v -0.431096464 0.559542537 -0.516508698
v -0.117978126 0.828810632 -0.429493964
v 0.582649708 0.374150336 0.198850095
v -0.489987522 0.422992557 0.263285428
v -0.726662576 0.260480016 -0.0710130036
v 0.496888667 0.413588911 -0.109606303
v -0.646913111 0.304621637 0.0227842871
v 0.284599781 0.742445886 0.49804005
v -0.300543219 0.546957612 0.133951202
v -0.557867289 0.388943046 -0.167621642
v 0.354680657 0.52108264 0.131044343
v 0.458840519 0.577182531 0.671930313
v 0.470279366 0.556441784 0.681540012
v 0.717434406 0.221656978 0.505354762
v -0.514980793 0.399154127 0.22402744
v -0.336705565 0.553450704 -0.238035649
v -0.716565073 0.16838403 -0.568744719
v -0.712047756 0.0815719441 0.615022779
v 0.407767534 0.505273163 -0.314094841
v 0.564551651 0.388984352 0.226550072
v -0.571380973 0.347653866 0.245401606
v -0.133511305 0.66782546 0.271992266
v -0.279623151 0.549519002 -0.00844689831
v -0.503470063 0.41103822 0.0374012589
v -0.484138995 0.43400526 0.325339347
v 0.611945868 0.339247882 0.47440508
v 0.501703143 0.416999131 0.040187832
v 0.508027732 0.405940413 -0.250604033
v 0.423994362 0.471386164 0.0678961277
v -0.0122681484 0.64824295 0.180440277
v -0.280531734 0.626346111 -0.333847314
v -0.439433306 0.485579461 -0.25890556
v 0.530164301 0.419221908 0.289772332
v 0.487331599 0.427161902 0.0426448919
v 0.405610919 0.483165771 -0.163066193
v 0.462243676 0.513125896 -0.558717787
v 0.824728072 0.154187366 -0.0571245626
v 0.396750629 0.493905723 -0.201692745
v -0.669222057 0.258536488 -0.526836693
v -0.626314998 0.347323596 -0.254347026
v -0.708462179 0.268764704 -0.0450724885
v 0.461983711 0.449434191 0.102876984
v 0.491167724 0.422080785 -0.267912239
v -0.103741385 0.643128812 0.199402943
v -0.454645514 0.500621855 0.489041895
v -0.285120249 0.548092008 -0.0356202349
v 0.541929066 0.415090799 0.479821473
v 0.425623596 0.494057626 0.248031572
v -0.629382372 0.208569244 -0.675701201
v 0.596585453 0.323609322 -0.25122565
v 0.502242446 0.414109379 0.00256206398
v 0.929954827 0.0535589382 -0.0982340425
v -0.428827703 0.487649351 -0.224600941
v 0.475997448 0.464423358 0.305579573
v 0.446843028 0.498173773 0.357268363
v 0.581859052 0.34189871 0.604067624
v 0.671183825 0.311412722 0.370132178
v -0.606818974 0.356321275 -0.400768459
v 0.522225022 0.41873917 0.21646814
v -0.349324793 0.541187525 -0.220935121
v -0.615147889 0.240279809 -0.674640417
v -0.36756146 0.59179002 0.440952301
v 0.342591256 0.605198205 -0.414567918
v -0.597465873 0.317596257 0.318941414
v 0.730814636 0.219607532 0.490984559
v 0.0867688879 0.61112237 -0.0128323222
v -0.384829849 0.492652059 0.0937135518
v -0.3251881 0.554064929 -0.21194765
v -0.51847142 0.410311669 -0.100015074
v -0.473109514 0.435535073 0.228421748
v -0.516400218 0.397889823 0.145250589
v 0.324197233 0.526741028 -0.0055515538
v -0.781168044 0.227970898 -0.0969104394
v -0.827468395 0.154271036 0.0460598171
v -0.626421988 0.320556521 0.0206029154
v -0.68205303 0.309356153 -0.204798296
v 0.392065465 0.525643766 0.279740989
v -0.564899385 0.345272213 0.47935462
v 0.708967507 0.168926314 0.578492284
v -0.860408008 0.144771859 -0.462038577
v -0.375288099 0.546962142 -0.312171638
v 0.524193764 0.426491082 0.321854204
v -0.392712623 0.488369763 0.111862473
v -0.708368599 0.204148039 0.323309273
v 0.64611721 0.220002279 -0.530857563
v -0.448892534 0.455041885 0.217614353
v -0.468014956 0.443569005 -0.0833771378
v 0.331093669 0.540935397 0.166634575
v 0.399328619 0.519105673 -0.338448673
v -0.0299614128 0.654699445 -0.19975844
v 0.832313955 0.25884065 0.338204145
v 0.851124167 0.0233241655 -0.469735891
v 0.450793803 0.463941872 -0.307361841
v -0.738044024 0.185612068 0.277274787
v -0.519680023 0.395286322 0.242054388
v -0.651084423 0.223807573 -0.614513814
v -0.275330007 0.641140878 -0.354955643
v 0.63581115 0.293883562 0.533379614
v -0.583239377 0.35002026 -0.570290148
v 0.292663723 0.676107883 0.433046937
v -0.262707829 0.658648849 -0.368643701
v -0.162236869 0.699193478 0.339262754
v -0.72618556 0.250098616 -0.0154343303
v 0.754494965 0.100549698 0.579180837
v -0.467531532 0.466191202 -0.272067338
v 0.373561561 0.498584986 -0.0072547025
v 0.417933136 0.480575055 -0.223943427
v -0.653206587 0.269628078 0.25532186
v -0.551062286 0.381252438 -0.0297531486
v -0.195270613 0.653791845 -0.288307011
v 0.279852003 0.679730296 -0.429004759
v 0.724758506 0.0876957625 0.625911713
v -0.332022578 0.524401426 0.0868558437
v -0.6395455 0.268213034 -0.575228453
v 0.425718009 0.483063102 -0.283531845
v 0.185965642 0.600824714 -0.139518157
v 0.707426429 0.15927048 0.590064943
v -0.536113381 0.406060845 -0.187292427
v 0.756674051 0.159874141 -0.313676566
v 0.263752252 0.569561005 -0.152983829
v -0.419576049 0.49630633 0.322704434
v -0.912906885 0.0763752311 0.0505660027
v 0.654318869 0.325107723 0.186459795
v -0.60010016 0.338088006 0.045276437
v 0.939240158 0.0858477652 0.112036623
v 0.324581414 0.527645588 -0.0700409636
v 0.551445305 0.405875266 0.393633366
v -0.906080306 0.096774593 -0.0190268233
v -0.229723155 0.721832216 -0.417544335
v -0.346229762 0.514560878 0.0462133102
v 0.726965964 0.0797127262 -0.591365457
v 0.437541783 0.537371159 0.475096226
v 0.451820463 0.446935952 -0.0657473877
v 0.0931463391 0.789639711 0.39441061
v -0.80634588 0.165690705 0.0776171833
v -0.375794619 0.643865883 0.54088974
v 0.554629862 0.390770972 0.162818104
v -0.348903447 0.521810055 -0.112580776
v -0.503112912 0.466249436 -0.539970458
v 0.49200815 0.41906026 -0.223798975
v 0.786921322 0.25155744 0.382542878
v 0.71503675 0.0905220732 -0.597388268
v -0.514191449 0.401253283 0.0811297819
v 0.868913829 0.252536714 0.277095139
v -0.590933919 0.30569306 0.506902754
v 0.706986189 0.119034074 0.625127792
v 0.611313462 0.35748145 0.335384935
v -0.459890008 0.452775329 0.286349982
v -0.846312344 0.255735546 -0.358528644
v 0.498435348 0.412996203 -0.0824346989
v -0.460057676 0.466809809 -0.236884296
v -0.222024739 0.702997386 0.392808914
v -0.966708601 0.0393845141 -0.0956499875
v -0.709626555 0.230141953 0.177692726
v -0.816141427 0.212448761 -0.432371736
v 0.860573828 0.118847243 -0.0757236779
v 0.54356432 0.411809355 0.518527746
v 0.550342381 0.372617543 -0.0975420699
v 0.614148676 0.308241636 -0.23864904
v -0.687108457 0.244827062 0.210918531
v -0.831951559 0.171194255 -0.0370397344
v -0.198795885 0.630247951 0.25005874
v 0.4781349 0.429724067 -0.0229450259
v 0.243973851 0.620096326 -0.283217162
v 0.75975728 0.174642012 -0.234880432
v -0.352016211 0.513958752 -0.0519426316
v 0.0751774684 0.672532022 0.248777181
v -0.99729991 7.65357278e-10 -0.0378722511
v -0.99729991 -7.65357278e-10 0.0378722511
v 0.99729991 6.31626584e-10 0.0378722511
v 0.99729991 -6.31626584e-10 -0.0378722511
v 0.99369967 1.47379531e-09 0.0883685872
v -0.99549973 1.27559541e-09 -0.0631204173
v -0.99369967 1.7858337e-09 -0.0883685872
v -0.99369967 -1.7858337e-09 0.0883685872
v 0.99549973 1.05271103e-09 0.0631204173
v 0.99549973 -1.05271103e-09 -0.0631204173
v 0.99369967 -1.47379531e-09 -0.0883685872
v -0.99549973 -1.27559541e-09 0.0631204173
v 0.99909997 -2.10542195e-10 -0.012624084
v 0.99909997 2.10542195e-10 0.012624084
v -0.99909997 2.55119093e-10 -0.012624084
v -0.99909997 -2.55119093e-10 0.012624084
v 0.54851228 0.393538266 0.145990998
v 0.54733032 0.404565781 0.269082129
v 0.331820309 0.694304824 0.515299618
v -0.184907958 0.673806846 -0.314440161
v -0.728347182 0.129813179 -0.588171601
v -0.790806711 0.0975746289 0.415856421
v -0.947410703 0.0540717393 -0.0226830896
v 0.295739323 0.562984288 -0.20503296
v 0.447459698 0.597818136 0.66236943
v -0.763937831 0.164667577 0.263837785
v -0.152310848 0.680292249 0.305362672
v -0.440447837 0.462100297 -0.0848195776
v -0.637570977 0.230245054 0.53707391
v 0.518748939 0.395567119 -0.194178522
v -0.672695577 0.313613176 -0.349536031
v 0.303102612 0.654700041 0.41651544
v -0.663874686 0.209126055 0.492678046
v -0.600744665 0.261380076 -0.688274443
v 0.644036651 0.292402476 -0.13940841
v 0.262852818 0.573219836 0.147186652
v -0.123283707 0.727934301 -0.349721909
v 0.679786384 0.260246456 -0.151625216
v -0.668607295 0.209102556 -0.599147916
v 0.475520283 0.48241511 -0.530943394
v -0.617146611 0.290862262 0.373551726
v 0.890388966 0.0939959064 -0.0670422241
v 0.464832991 0.463750213 0.239874408
v 0.719883978 0.287419528 0.205440536
v 0.603941023 0.308219224 -0.346291453
v -0.304846138 0.538217902 0.0683871508
v 0.558917701 0.363290578 -0.144337773
v 0.782442987 0.267865002 0.293020219
v 0.547250569 0.37420404 -0.113963634
v -0.467355549 0.447173446 -0.117173135
v 0.0296127815 0.857355475 -0.420713067
v 0.397874147 0.500196576 0.170837313
v -0.433867574 0.462880731 0.167754948
v 0.385503054 0.547424436 -0.384917468
v 0.183169305 0.599520504 0.116829529
v 0.49025777 0.447576344 0.262745678
v 0.354897052 0.548189104 -0.303104252
v -0.410858542 0.474998116 0.0283646416
v -0.575027943 0.330957025 0.483372748
v -0.339436442 0.558549404 -0.262458712
v -0.254875928 0.612982333 0.281513691
v 0.707125723 0.235012904 0.500015616
v 0.739212275 0.204813614 -0.173722297
v 0.603484988 0.343439996 0.0314873755
v -0.579780221 0.340510637 0.233362079
v 0.424032032 0.577065647 0.535699427
v -0.638260663 0.28367728 0.256877303
v 0.523762763 0.392349005 -0.291412681
v -0.384911448 0.524794698 0.310123622
v 0.790664375 0.0771696344 -0.469057798
v -0.874048471 0.22355321 -0.221498504
v -0.199781954 0.599327624 -0.144728154
v -0.68296355 0.228229508 0.329815745
v -0.442186236 0.454646617 0.129676282
v -0.498685539 0.414471775 0.250736713
v -0.412628561 0.498176545 -0.219179064
v -0.544752836 0.373112142 -0.748246908
v -0.537447929 0.396397829 -0.74186635
v -0.769304693 0.0839986503 0.500731707
v -0.380273461 0.495501935 -0.0186095536
v 0.662579417 0.291254699 0.470731497
v -0.49539119 0.429353207 0.391709
v -0.866466761 0.168463022 -0.113403596
v -0.160856903 0.634668291 -0.215673923
v 0.569183588 0.334661901 -0.537927806
v -0.499903947 0.455860198 0.586047232
v 0.802221656 0.263061345 0.309734166
v 0.73089689 0.111675613 0.599689484
v -0.578456998 0.347444504 0.13976039
v -0.395864338 0.499483764 0.233907446
v 0.710657716 0.24169521 0.484143913
v 0.470500946 0.448413014 -0.333192915
v 0.586544573 0.338905632 -0.163594127
v -0.900615454 0.18931599 -0.193847388
v 0.399902314 0.513907075 0.253841907
v -0.560325623 0.373574555 -0.0182871725
v 0.256015062 0.561479747 0.0340272263
v -0.303910732 0.539733887 0.083925873
v 0.629942656 0.327579498 0.0600474887
v -0.603580832 0.338522553 0.0144232269
v 0.453980654 0.446003973 -0.0359995812
v -0.378078073 0.500774145 -0.0763567314
v -0.840617418 0.186000124 -0.10369762
v 0.532224476 0.407642633 0.174515933
v -0.392391026 0.513231814 0.289384604
v 0.31983003 0.591730297 0.319170356
v 0.544725478 0.401643127 0.206898302
v -0.727079332 0.267090499 -0.106626302
v 0.528800011 0.424868882 0.354917437
v -0.374110729 0.590280414 -0.428361297
v -0.64294827 0.30264613 0.062979959
v -0.498895466 0.446055353 -0.308640152
v 0.539995253 0.390965879 0.0513613671
v 0.202347502 0.58913821 0.0955379009
v 0.252243131 0.590755165 -0.215933412
v 0.437034935 0.457743615 -0.10944853
v 0.424044877 0.480547607 0.154122055
v -0.438836396 0.465826988 -0.112628959
v 0.511720836 0.412728965 0.0737961903
v 0.484781176 0.443390965 0.193779603
v -0.448311061 0.484386653 -0.291100204
v 0.555821359 0.359192342 0.704706132
v -0.294395477 0.621582448 0.359540969
v -0.913289726 0.0259332787 0.312145412
v -0.499511868 0.4505454 0.559204817
v 0.414551347 0.490533173 0.179864228
v 0.965703607 0.044433292 0.116444491
v -0.650178432 0.261248887 0.332874835
v -0.778889775 0.0495761372 -0.587099791
v 0.278934151 0.661000013 -0.402758598
v -0.752339363 0.128161117 0.435554475
v -0.166716725 0.745874345 -0.392880827
v -0.683792651 0.235351607 0.286859453
v -0.524694502 0.390685409 0.177743673
v 0.552878857 0.394666135 0.1932019
v 0.379262477 0.498809367 0.062411081
v -0.497283041 0.468316406 -0.490809053
v -0.890009582 0.0471303202 0.300843477
v -0.0498870052 0.690630734 -0.273993343
v -0.841224849 0.0803759247 -0.500036597
v -0.644848883 0.216887683 0.544618726
v -0.528358102 0.413083553 -0.20316276
v 0.221768573 0.642999053 0.293215185
v -0.410197228 0.505322874 -0.248601094
v -0.820691466 0.177119002 -0.0239244439
v -0.307751089 0.639885664 -0.399766207
v -0.497958392 0.455904931 -0.388746887
v 0.688476145 0.261318445 0.48440212
v -0.363764346 0.537114561 -0.244223937
v -0.807390571 0.189488828 -0.0289759282
v -0.633319199 0.224669889 0.569792092
v 0.515545845 0.411580741 0.0912072062
v -0.712536514 0.253525615 -0.460752696
v -0.70647198 0.238437876 0.14402312
v 0.295074433 0.670392811 -0.437300354
v -0.599982977 0.332921684 -0.549236596
v 0.620668709 0.314688444 -0.114725336
v 0.533256531 0.38288793 -0.22950761
v -0.639635146 0.288303375 0.206786051
v -0.81545037 0.261231124 -0.305864632
v 0.0228032209 0.769834816 -0.364787489
v -0.421934009 0.473630309 0.188296199
v 0.757383764 0.251164049 0.125752881
v 0.00830730796 0.62201333 -0.0703076646
v 0.135833398 0.808763266 -0.426745355
v -0.46794796 0.475609988 -0.335304111
v 0.53735882 0.415824741 0.324640214
v 0.195180103 0.660835683 0.301039249
v -0.713471174 0.294878721 -0.303727448
v -0.594538569 0.335763067 0.118817732
v -0.541602671 0.382959217 0.0380830951
v -0.380826592 0.507315576 -0.14620325
v 0.278542757 0.550242364 0.0141715538
v 0.208608016 0.677594125 -0.347581297
v 0.480645061 0.452288717 0.242370754
v -0.686294854 0.206476599 -0.571952522
v -0.330861449 0.526262939 0.101761706
v 0.591478109 0.329238713 0.596399605
v -0.441791415 0.523248255 0.501813948
v 0.555000782 0.361032218 -0.333742708
v -0.524065375 0.434539795 -0.451465815
v 0.877449751 0.257416785 0.288324654
v 0.760526836 0.241897091 0.423895627
v 0.652178347 0.308425546 0.0356987454
v -0.486721098 0.421336412 0.145966634
v 0.491463333 0.427636117 0.0840541795
v -0.233034343 0.604097784 0.225681692
v -0.648977876 0.332747132 -0.267617255
v -0.656179249 0.286585689 0.104813442
v -0.343328476 0.682270706 -0.520225942
v 0.629023314 0.311322927 0.508936405
v -0.758399427 0.275590926 -0.281899959
v -0.632547557 0.336900473 -0.387742043
v -0.518809497 0.404947758 0.429492027
v 0.753149569 0.219308719 0.466831982
v 0.223110572 0.62936151 0.265500605
v 0.504361928 0.43843016 0.278809607
v -0.454625756 0.446097314 0.148086205
v 0.716397226 0.0468170047 0.665186524
v -0.87451756 0.114714883 0.0351643339
v 0.726164281 0.185983032 0.537729502
v 0.0904061794 0.740749538 -0.352147639
v 0.477804601 0.434692919 -0.271663278
v -0.443706542 0.553204298 0.576792598
v 0.710318863 0.0759839788 0.652734995
v 0.6743806 0.289701551 0.0188086685
v -0.383985758 0.492211699 0.0644431487
v -0.655884206 0.280026734 0.157566696
v -0.600566864 0.250137478 -0.701883018
v -0.212930575 0.602563679 -0.177916393
v 0.217034385 0.578967571 0.0567984134
v -0.859470606 0.225115284 -0.412209421
v 0.657496929 0.321113408 0.166565508
v 0.371708155 0.550171673 0.312553585
v -0.837753356 0.152017012 0.0166470837
v -0.454172432 0.445464164 0.113744453
v 0.38712278 0.513024688 -0.269724756
v -0.825855911 0.159764409 0.0278161131
v 0.638828695 0.313658088 0.000176535788
v -0.637916923 0.273609459 0.335786194
v 0.486174762 0.437307 -0.374777585
v 0.245030507 0.792137444 -0.495857358
v 0.70028007 0.0276082568 -0.689850271
v 0.054290846 0.696011305 0.283611268
v 0.511460364 0.416036129 0.109086223
v 0.317786247 0.542158782 0.131155074
v -0.571831346 0.345928788 0.274668485
v -0.967376828 0.0408978015 -0.113757342
v 0.457006872 0.443199039 -0.0818180293
v 0.616967857 0.205777481 -0.666886449
v -0.328290999 0.537130296 -0.137151748
v 0.504525304 0.427233756 0.174408585
v 0.693237603 0.203170016 0.564576864
v -0.67361021 0.247353375 0.274078935
v 0.328905642 0.52997303 0.0858874694
v 0.220366746 0.575801492 0.0287071653
v -0.629589558 0.305812001 0.128577113
v -0.477047652 0.451925039 0.402646363
v -0.370757192 0.515742481 0.218411356
v 0.845314324 0.260403752 0.312876165
v 0.00327369221 0.654409587 -0.197275624
v 0.345910519 0.521279871 0.0933816209
v 0.465095639 0.487991542 0.391726077
v 0.5166502 0.415510744 0.142055407
v -0.245473444 0.59008795 -0.184813723
v 0.672418714 0.213312462 0.58680135
v -0.693666995 0.300761521 -0.350285351
v 0.148164764 0.772094905 -0.406674892
v -0.323983878 0.527592778 -0.0195904486
v -0.440464824 0.490200639 0.387896776
v 0.118560083 0.728708625 -0.350842476
v -0.400810152 0.501175523 0.265721917
v -0.255463302 0.771582365 0.491174638
v 0.132384583 0.730894864 -0.360169113
v -0.700642049 0.233126312 -0.513448298
v 0.762575209 0.178815156 -0.201721683
v 0.603085697 0.361283779 0.381198168
v -0.147392064 0.827179313 0.442619324
v 0.113067962 0.630708098 -0.170229241
v 0.664174616 0.313486129 0.384896606
v 0.00677562505 0.617695749 -0.0086062476
v -0.61733669 0.306834251 0.222715884
v -0.622253895 0.310604364 0.141619369
v -0.163896307 0.629099309 -0.203193828
v 0.0128961559 0.617471278 0.00455181068
v 0.756577194 0.244137913 0.0927805975
v -0.633232772 0.301249951 0.141945466
v 0.0756120533 0.787333488 -0.388224095
v -0.54425025 0.412464589 -0.385543674
v -0.308947921 0.54140687 -0.0934712216
v 0.556064606 0.362673342 -0.217670128
v -0.504122734 0.410250634 0.26758045
v -0.454240769 0.495174527 -0.376517981
v -0.255488306 0.579280496 -0.159971163
v 0.115740433 0.748615563 0.368036926
v -0.498490542 0.413102806 0.0778020471
v 0.0526774451 0.767240524 0.366034746
v -0.0148269124 0.835879922 -0.40949598
v 0.547446489 0.369164944 -0.299200147
v -0.655842841 0.271265715 0.225038081
v 0.1067577 0.62388593 0.134764418
v -0.209864512 0.578734457 -0.00393829681
v 0.0336847343 0.746183038 -0.343713433
v -0.324171603 0.564681292 0.278490245
v -0.680898249 0.243442714 0.255523413
v 0.30624035 0.536121726 -0.0030434134
v 0.787000239 0.169018 -0.143491596
v 0.135262951 0.708246231 -0.335008651
v 0.410998136 0.49354285 -0.271168292
v -0.575368345 0.352919906 0.0972195864
v -0.659039497 0.0422682837 -0.732638955
v 0.000932761584 0.617766738 0.014451202
v 0.691041946 0.194541007 0.577941
v 0.398890108 0.543918133 -0.414025187
v -0.405405998 0.496532202 -0.17933616
v 0.861356497 0.229820475 0.407738179
v -0.136725664 0.618480086 0.147943035
v -0.666970015 0.24868837 0.305478871
v -0.253374875 0.676724017 0.392407894
v 0.607524335 0.342194766 0.0471168458
v -0.590479136 0.331588894 0.219619468
v 0.917421877 0.0835702196 0.0106937708
v 0.851406515 0.112509519 -0.147781
v -0.21863392 0.623532355 -0.246961698
v 0.301311582 0.563447237 0.192533866
v 0.480537653 0.432527483 0.0519595109
v -0.113052636 0.647957146 0.217518717
v -0.666871309 0.260632098 0.22862035
v 0.586007357 0.327204198 -0.350358963
v 0.468411624 0.515883267 0.54340452
v -0.521640182 0.406630367 -0.0833572224
v -0.413696587 0.47351706 0.0940596163
v -0.284754157 0.765392244 -0.518659413
v 0.537535608 0.410787642 0.253967762
v -0.0154174482 0.734656513 0.329474479
v 0.479304612 0.457427561 0.273602694
v -0.851975024 0.134019285 0.0401106589
v -0.439299136 0.553151071 0.561473429
v 0.455216289 0.457926124 0.141009331
v -0.488300294 0.464100748 -0.380897611
v 0.122808553 0.671545029 -0.272446305
v 0.598446667 0.350195885 0.0608346201
v -0.916193306 0.12663132 -0.130706608
v -0.601916313 0.309006095 0.362010628
v 0.0837728605 0.755788624 0.363012433
v -0.731688321 0.284609556 -0.326303005
v -0.692663074 0.255600005 -0.488673985
v 0.801121056 0.197058231 0.455720901
v 0.230055869 0.577274561 -0.10410697
v -0.514077246 0.445623338 0.664855599
v 0.125665173 0.813698709 0.423465371
v -0.0599674582 0.70561105 -0.298856765
v 0.255052865 0.769412398 0.487276107
v 0.564253688 0.373049796 0.0444735736
v 0.69337821 0.0830617622 -0.644934177
v 0.463409275 0.453735322 0.153771117
v 0.769045532 0.179443046 0.497567832
v -0.309203029 0.74258399 0.532657743
v 0.525120854 0.39666307 -0.0145262973
v 0.505592763 0.473836899 0.6493963
v 0.129119098 0.602973402 0.000298839266
v -0.292887032 0.547276795 -0.072539784
v -0.610624552 0.253112435 0.595142007
v 0.383759171 0.491972953 -0.0434536524
v 0.518303692 0.417358577 0.173231483
v -0.880230129 0.165750057 -0.133125395
v 0.0612652004 0.687133491 0.270960003
v -0.673400819 0.252818555 0.240379751
v 0.65103209 0.292479694 -0.0917448848
v -0.446085125 0.487913311 0.404283822
v 0.125925452 0.850939274 -0.445180297
v 0.00129219703 0.7007972 -0.285316557
v -0.0286183562 0.751342475 -0.347905368
v 0.295557588 0.588180304 -0.287701637
v 0.190272287 0.623768568 -0.225142092
v -0.688199043 0.250531733 0.16801627
v 0.606322408 0.346380115 0.0775205567
v 0.0838441029 0.633562028 0.154906675
v 0.00531225046 0.751363456 -0.346413851
v -0.658993244 0.191161782 0.557089508
v -0.0551735684 0.689844549 0.275160521
v -0.23292169 0.573938906 0.0862252414
v -0.481522352 0.468266338 -0.365745306
v 0.572695851 0.352390289 -0.135708705
v 0.483680338 0.423575431 -0.110287219
v -0.457297355 0.443029076 0.0845133439
v -0.478235006 0.427746534 0.102183372
v -0.679876149 0.236413673 0.302395284
v 0.58606714 0.342029601 -0.126431867
v -0.59357518 0.330222547 0.199557215
v 0.617340446 0.13869369 0.746879578
v -0.604430437 0.318030983 0.229940638
v 0.542720377 0.374168038 -0.245941818
v 0.227073476 0.765054405 0.45616883
v 0.803433478 0.0784393549 0.538725793
v 0.53993386 0.400870711 0.160268828
v -0.587975025 0.346690029 0.0529677682
v 0.635787308 0.266666114 -0.394706428
v -0.873479307 0.127418831 -0.0144309737
v 0.591179729 0.352000087 0.0279739574
v 0.676180184 0.207355529 -0.449059635
v -0.54121083 0.384317875 0.0227267276
v 0.599373341 0.305159301 -0.425042182
v 0.0503050834 0.646213531 0.180890769
v 0.534739435 0.423297793 0.490535498
v -0.290061414 0.566641331 0.206103921
v -0.677192569 0.254726559 0.204881072
v 0.888760328 0.0988490507 -0.0494579114
v 0.346971512 0.578748763 0.339717954
v -0.501176536 0.425999939 0.421674252
v -0.327796876 0.605440974 -0.366671622
v 0.17941314 0.69255513 -0.34356162
v 0.661224544 0.119837016 0.688917994
v 0.38632074 0.552947342 -0.401883781
v -0.753547728 0.273353577 -0.341809005
v -0.36267522 0.504773438 0.0239514112
v 0.875863492 0.0961191058 -0.123597369
v 0.4079355 0.47748524 -0.0974743888
v -0.37976256 0.673339069 0.583826363
v 0.316917866 0.604368329 -0.36439693
v -0.501614571 0.445856541 -0.327278107
v 0.476601541 0.477096885 0.393667042
v 0.644280434 0.27373749 0.553396821
v 0.788542271 0.140256748 0.512929499
v 0.462684542 0.451357961 0.127234176
v 0.27660957 0.564927816 -0.163880438
v -0.663867474 0.0481381379 0.717841506
v -0.820268691 0.0439862534 -0.539956391
v -0.864251852 0.249212757 -0.266488314
v 0.415905595 0.606002986 0.57008487
v -0.435428739 0.563884199 0.569685996
v 0.893756509 0.0391919985 -0.32026577
v 0.192364067 0.586464465 0.0399221741
v 0.127365619 0.696429849 0.310839802
v -0.849515975 0.144319117 0.00556359207
v -0.556043088 0.375331968 -0.00253532524
v -0.937351286 0.157498911 -0.19713974
v -0.610025942 0.331104785 0.0383911617
v -0.119996391 0.608791411 -0.0650869682
v 0.0478337556 0.617125273 -0.0414966568
v 0.180790961 0.654870212 0.277206928
v -0.0740531608 0.612931252 0.013453084
v -0.335435897 0.529359996 -0.11141026
v 0.650653064 0.0614601597 -0.726498485
v 0.585679293 0.219245568 -0.763076782
v -0.616410136 0.31685999 0.128248155
v 0.50017035 0.486298025 0.659667194
v 0.330849886 0.522937179 -0.0231873635
v 0.581972957 0.37851271 0.261648029
v 0.0514165908 0.643915534 -0.176999316
v -0.575918734 0.268116683 -0.757749975
v 0.349582672 0.586054027 -0.390649885
v 0.845464408 0.127686977 -0.0974995419
v -0.927747846 0.0869001448 -0.072465919
v 0.636321425 0.337113738 0.190441117
v 0.821817994 0.145384073 -0.111447252
v 0.168413267 0.600834131 -0.108291984
v -0.689884961 0.160842463 -0.614049911
v -0.409209877 0.644628227 -0.614948094
v 0.375533491 0.521505237 -0.265681356
v 0.505152404 0.40763557 -0.223348022
v -0.382958651 0.50814563 0.226790071
v 0.73708111 0.260037661 0.411782116
v 0.892295063 0.0281355921 -0.364304781
v -0.859525621 0.129558071 -0.468426794
v -0.273648381 0.574290514 0.19909288
v -0.741276383 0.281862795 -0.31157428
v -0.273991585 0.557565928 0.108472966
v -0.124105625 0.65072912 0.231307417
v -0.236192703 0.56853044 -0.00140254351
v -0.340050936 0.521107614 -0.0568634123
v 0.156630382 0.688540339 0.316997737
v 0.0285510011 0.697863162 -0.283265859
v -0.707430184 0.296348691 -0.224906638
v 0.42672196 0.464244217 -0.0752813071
v -0.629880071 0.296219558 0.214800581
v -0.618555129 0.307502359 0.204584286
v 0.531968474 0.38422206 -0.197188616
v -0.206601292 0.618320823 -0.219135106
v -0.907754302 0.0857318491 0.0252894536
v 0.805343211 0.108975098 -0.337229908
v -0.899949431 0.147156641 -0.134245649
v -0.461629748 0.460626483 0.353341341
v -0.252219796 0.566161931 -0.0719489977
v 0.501318157 0.410412163 -0.0978390351
v -0.638984323 0.0811330751 0.731748641
v 0.858889222 0.117467403 -0.0899075568
v 0.00350561459 0.816301703 -0.397789091
v -0.169091985 0.607990861 0.145741105
v -0.481673181 0.431626797 0.276966333
v -0.0506377928 0.724714398 0.322335184
v 0.261312932 0.558825254 -0.0527706929
v 0.733699799 0.117606357 -0.509882033
v 0.331072897 0.544208527 0.183367416
v 0.477255315 0.44488588 0.160357773
v 0.602067947 0.357906759 0.422766447
v -0.643323243 0.263323933 0.365044087
v 0.559794068 0.357560635 -0.271557808
v 0.414328843 0.537085116 -0.443120122
v -0.715972602 0.227382943 0.161092639
v 0.758443117 0.166995823 0.519860506
v 0.812823415 0.252535939 0.366466314
v 0.621316671 0.236732095 -0.589315712
v 0.373046339 0.595275581 -0.460031152
v 0.113447666 0.736964643 0.355120063
v -0.471494794 0.447135895 -0.144220784
v 0.642333031 0.317012459 0.447124422
v -0.346992671 0.515482247 0.0834449306
v -0.430747151 0.461636126 0.0453131758
v -0.558043063 0.360142827 0.243057311
v -0.479315966 0.436806768 0.307622224
v 0.731188834 0.0676731914 -0.601460934
v 0.938132942 0.0303870719 -0.202200219
v -0.289214879 0.547898948 0.0902039483
v 0.295608491 0.613896668 -0.347189426
v 0.124830946 0.617118359 -0.129151806
v -0.790016234 0.21830824 -0.438596398
v 0.63833952 0.227272853 0.636488676
v 0.319711536 0.680041432 -0.485876113
v -0.714989245 0.138193771 0.512185574
v 0.0688590929 0.64167881 0.174054265
v -0.570480466 0.350528985 0.201059744
v -0.530994117 0.391723186 0.467374891
v -0.797786713 0.194895148 -0.019785326
v 0.560661554 0.363794535 -0.108679697
v -0.415691018 0.51534915 0.38209343
v 0.783153474 0.028290607 -0.577516556
v 0.542334557 0.396223009 0.128130078
v -0.178671762 0.630515695 0.229516029
v 0.799456716 0.0409605205 0.567640424
v 0.132650822 0.834457576 -0.440082818
v 0.849098325 0.0696131438 0.49695012
v 0.223992407 0.573441923 -0.00153845455
v 0.791542411 0.139922813 -0.263259381
v -0.591847897 0.209355429 0.750645339
v -0.376623482 0.579845607 0.438083142
v -0.309877425 0.673327148 0.462443799
v 0.396202832 0.504517138 -0.264213711
v 0.289021879 0.646568418 -0.395182103
v 0.348961443 0.698006332 0.549280941
v 0.425309926 0.465321511 -0.0350868553
v -0.496380836 0.445808947 -0.288960665
v 0.131510228 0.613080263 0.109598987
v -0.731286108 0.0163933262 -0.669069469
v -0.222116247 0.806393027 0.484306067
v -0.866014004 0.0790683925 -0.479186952
v 0.823156893 0.0240126345 -0.519821465
v 0.36011377 0.608928323 -0.45654735
v 0.856881082 0.17696099 0.448972464
v -0.526727259 0.432753861 -0.492279172
v 0.62227869 0.151091337 -0.71436733
v 0.970090926 0.0490738638 0.165960371
v -0.731566846 0.185307339 0.306529105
v 0.775025606 0.180398703 -0.138305947
v 0.524014592 0.406951934 0.105377823
v 0.906932533 0.0932268724 0.00646996126
v -0.332050025 0.58275497 0.345346808
v 0.0154083148 0.703172266 0.289083242
v -0.389706701 0.488352388 0.0470501296
v -0.799779058 0.0410616361 -0.567237556
v 0.390616298 0.612378538 -0.529329896
v -0.657036483 0.26652953 -0.537755072
v -0.121083178 0.65764153 -0.24026072
v 0.90498817 0.135013312 0.122269437
v 0.0810702816 0.744758248 0.35171926
v -0.689271271 0.218931556 0.343845308
v -0.64831233 0.0776087716 0.719850361
v -0.847371519 0.125198275 0.101468973
v 0.20765233 0.617887616 -0.230351627
v 0.680559337 0.153679833 0.634260058
v -0.746784687 0.102743797 0.510789335
v 0.619149387 0.233567595 -0.606500089
v 0.411334783 0.63120997 -0.606028914
v -0.419729084 0.629565954 -0.621940196
v 0.438657254 0.602311969 0.637518883
v -0.321585953 0.549904287 0.218603149
v 0.893360972 0.133978918 0.0943292156
v 0.700885594 0.288779557 0.387800336
v -0.241607726 0.596764624 -0.201606393
v -0.303293258 0.537561119 0.0104398634
v 0.599200726 0.171331495 -0.757794857
v -0.377160072 0.496915072 0.0795381889
v -0.770366609 0.263970822 -0.358998209
v 0.921025097 0.157427385 0.178975344
v 0.57218796 0.276704103 -0.752661824
v 0.703433335 0.278548419 0.416512072
v 0.560224891 0.356612295 -0.291456789
v -0.0142857749 0.864965379 0.422861755
v -0.706162035 0.19701089 0.364141464
v -0.349262029 0.696778357 -0.548217118
v 0.74012965 0.269279212 0.162325129
v 0.753271997 0.272218525 0.221131846
v 0.232329637 0.793898284 0.48362413
v 0.904277623 0.127747178 0.106426924
v -0.767940402 0.0476882234 -0.601964295
v 0.633541465 0.0318043008 0.762745619
v 0.698887408 0.114804722 -0.593010902
v -0.628037989 0.236340463 0.560638964
v -0.900061488 0.0290575605 0.339316398
v -0.0607848428 0.86774385 -0.430164754
v -0.390153915 0.507395327 -0.184346929
v 0.0295565221 0.618863881 -0.0473398007
v 0.905936718 0.25930357 0.28123495
v -0.681727648 0.170000046 0.53367275
v -0.277654111 0.576485991 0.216010675
v -0.666427374 0.0510201864 -0.720632493
v -0.614526749 0.0685362592 0.772210598
v 0.671361268 0.0586293638 0.710968316
v -0.675305426 0.0481808558 0.703320205
v -0.862496495 0.0496937744 -0.489371598
v -0.33396402 0.521215081 0.0224629696
v 0.578062117 0.257379949 -0.753399372
v 0.272520185 0.552588999 -0.00386187434
v -0.615771294 0.094439961 -0.766332328
v 0.184654236 0.676959753 0.320224881
v 0.421141505 0.467900604 -0.0600082204
v 0.842552602 0.0144159272 0.526314914
v -0.849621892 0.194707036 -0.141657129
v 0.315425813 0.651693106 0.430701494
v 0.621229589 0.0951110199 -0.752317786
v -0.688792109 0.131488234 -0.640674531
v -0.297167629 0.756746173 -0.527230322
v 0.81074065 0.0341475382 -0.521537483
v -0.317695558 0.603027403 -0.343160897
v -0.377907604 0.513524413 -0.174014747
v -0.129276574 0.618021548 -0.131752834
v 0.032974489 0.870491505 -0.426428676
v 0.678468347 0.037906196 -0.707126796
v 0.637570322 0.170559004 -0.655391812
v -0.605841935 0.121607602 0.768389761
v -0.261738092 0.686395407 0.41482985
v -0.494555563 0.485768318 0.65064019
v -0.280189335 0.78058213 -0.525397897
v 0.451272458 0.571285009 -0.635278642
v 0.905287504 0.00862053595 -0.396738976
v -0.400648624 0.647426367 0.599938989
v -0.292139888 0.741845489 -0.507136881
v -0.6046049 0.158708587 -0.760913908
v 0.857106447 0.194570646 0.437819928
v 0.705080748 0.0424488783 0.681290329
v 0.554824829 0.400622189 0.300483406
v -0.361957192 0.683835089 0.561163187
v -0.591294169 0.225708112 -0.749561191
v 0.0267401915 0.620559037 -0.0638730675
v -0.0310157072 0.862042725 -0.423194557
v 0.85037142 0.257337391 0.354462266
v -0.139633358 0.843519628 0.447056413
v -0.967950046 0.0430693142 -0.131753966
v -0.86243397 0.0321784094 -0.492959768
v 0.958862603 0.0271169785 -0.109919079
v 0.81204164 0.0393350981 0.552833855
v 0.379834771 0.686148226 -0.596723199
v 0.485020667 0.512383282 -0.663542926
v -0.610376358 0.101505712 0.768324554
v -0.979968488 0.0111533282 0.0912911519
v 0.398620665 0.64588511 0.587879658
v -0.742506206 0.0186973251 -0.654159665
v -0.296008885 0.752472758 0.523370624
v 0.967957497 0.0347274207 0.0627923608
v 0.04736517 0.859772623 -0.423788905
v 0.812722564 0.162035659 -0.0689160079
v -0.736271381 0.0840219855 0.567320228
v 0.577941775 0.360758752 0.55727458
v 0.238714471 0.679886103 -0.380990833
v 0.477573335 0.527771294 0.641779661
v -0.753448665 0.0190477446 -0.640663266
v -0.859329522 0.0190002397 -0.500576496
v 0.6583094 0.305430114 0.438777179
v -0.83352828 0.136189088 0.106711634
v 0.00530331861 0.865066707 0.422616988
v -0.91761446 0.107511714 -0.0962856263
v -0.53232646 0.400263816 -0.0958149508
v 0.577852011 0.292335868 -0.677594125
v -0.60509336 0.148236781 0.756614387
v 0.730841696 0.0461960547 0.648318172
v 0.355892807 0.7015751 0.566487253
v -0.826096654 0.145303875 0.0936517641
v 0.413218498 0.473296136 -0.0286257286
v 0.975610256 0.0254529119 0.0753993168
v 0.625611603 0.341148227 0.155863672
v 0.809369028 0.130469114 -0.235668719
v -0.84231174 0.126272589 0.118107915
v 0.900361657 0.267046213 0.297010094
v -0.595696449 0.207585126 -0.751774788
v 0.0173542388 0.712422073 -0.302062064
v -0.343826145 0.638034821 -0.456979275
v -0.370356888 0.682187319 -0.571670651
v -0.684477687 0.054483369 -0.697983623
v 0.891369998 0.274227351 0.328634292
v 0.833941281 0.134639814 -0.112659417
v -0.315513134 0.748182297 0.546123922
v -0.480573833 0.530956089 -0.671277642
v -0.353599906 0.625477314 -0.454298377
v 0.0235250238 0.722516716 -0.31563288
v -0.357223183 0.697996378 -0.564427018
v -0.0950733647 0.729888439 0.341523319
v 0.658874035 0.0416183397 0.732851505
v -0.0451832786 0.699190199 0.287291169
v 0.309202015 0.734371901 0.523415089
v 0.860458553 0.25576818 0.366008729
v -0.956243098 0.0718511343 -0.144702926
v 0.419869721 0.631890595 0.625948131
v 0.114910565 0.864926934 -0.445898116
v 0.548989117 0.380508065 0.686618507
v 0.643409073 0.0381800123 -0.747621596
v -0.334726036 0.723050714 0.553747416
v -0.0377252065 0.706823945 0.296942353
v 0.0132555002 0.868506789 -0.424850464
v -0.00789322332 0.723498702 0.316060275
v -0.619194508 0.0545456894 -0.772725165
v 0.426185787 0.602835715 -0.605924606
v 0.80121851 0.0271026399 -0.55082494
v -0.615830898 0.0747589543 -0.771946192
v -0.339957505 0.700543284 -0.536126316
v 0.25004977 0.786308527 0.495440871
v 0.251922399 0.800041199 0.506842077
v -0.00803434383 0.702967286 0.288769841
v 0.40269503 0.647184849 0.600653946
v -0.700435817 0.195081875 0.395516515
v 0.0477594845 0.705328524 0.29596293
v 0.859896243 0.0760521889 0.485754341
v -0.947252691 0.0284772888 0.170149639
v 0.934163511 0.0295195095 -0.223650619
v -0.344802976 0.711583376 -0.556641877
v -0.830393791 0.0318068489 -0.534018159
v -0.225959778 0.643576622 -0.299548954
v -0.472209007 0.546394169 -0.664935708
v 0.0655470267 0.864343882 -0.429739445
v -0.885220826 0.0337706991 0.363998979
v 0.0458215177 0.865665495 0.426535875
v -0.0287988335 0.724350274 0.318546474
v -0.600130379 0.168114781 0.75706768
v -0.20667851 0.815087914 0.476611793
v 0.978994966 0.02063521 0.0424786136
v -0.83746016 0.135505915 0.0932694599
v -0.787393928 0.0750940517 0.481316686
v 0.947263837 0.0211055204 -0.214671388
v 0.860287488 0.107779898 0.474401355
v -0.830191433 0.14799881 0.0639654994
v -0.357667357 0.697749913 0.568108797
v 0.410773247 0.618961751 0.578439116
v 0.510415554 0.454570562 -0.66703862
v -0.696951985 0.203301921 0.377769262
v -0.523203552 0.439154059 -0.707072794
v 0.928874612 0.226036817 0.245559901
v -0.0661759377 0.727493286 0.329280853
v -0.266296893 0.775426984 0.505554736
v -0.346620411 0.709778428 0.560883582
v 0.81416899 0.0225638077 -0.537780762
v 0.521756649 0.430276245 -0.677893877
v -0.557802439 0.348045379 -0.722079754
v 0.0208295248 0.881808817 -0.430481195
v 0.98489964 0.014154207 0.0109828189
v -0.155176848 0.836950481 0.452220142
v -0.607391894 0.0886477381 -0.77962178
v -0.704081297 0.203895912 0.343935251
v 0.201856822 0.835319936 -0.485914588
v -0.766369164 0.0168684442 -0.626483917
v -0.635637462 0.0328432098 -0.760514498
v -0.849941492 0.0194594674 -0.513790727
v 0.873909295 0.0262010153 -0.414832056
v -0.172867924 0.833545268 0.461495221
v -0.946072042 0.176228538 -0.217288256
v -0.828229845 0.0249988083 0.508564115
v 0.467869282 0.539437532 0.620990276
v 0.347884744 0.71781528 -0.570703447
v -0.140520573 0.846126616 -0.449574232
v -0.552319705 0.365785509 0.225486234
v 0.867404819 0.0243095625 -0.434089482
v 0.141152993 0.843896925 0.447963774
v -0.557832897 0.341388434 -0.737028658
v 0.194074228 0.813202679 -0.466089398
v -0.236311167 0.797520876 0.49112922
v 0.376225203 0.69168669 0.594394267
v 0.913986623 0.0395208411 -0.252039641
v -0.960558534 0.054666914 -0.121699497
v -0.097884357 0.857317924 -0.43652761
v -0.718783021 0.191242754 0.334849209
v 0.549322605 0.371646285 0.715478957
v -0.505922973 0.478723079 -0.694426954
v 0.40877834 0.645784557 0.615130126
v -0.85299021 0.0643059015 -0.494775385
v 0.630109489 0.0821884647 -0.744167864
v 0.767359793 0.0241203364 -0.606576085
v 0.61115402 0.141365409 -0.746919811
v 0.893816054 0.0177427772 -0.394325286
v -0.242930412 0.636663795 -0.305223942
v 0.783339679 0.0325164571 0.593956113
v 0.113519885 0.840598822 0.433480382
v 0.363847852 0.701981127 0.582255781
v -0.487884104 0.517413974 -0.679769039
v -0.982345223 0.0141966483 0.0334714428
v -0.0225673374 0.874003708 -0.427769184
v 0.603396237 0.151796684 -0.75890106
v -0.303752303 0.757655561 0.537773013
v 0.53976649 0.387817621 -0.719640493
v 0.876846373 0.26501742 0.35735184
v 0.933737218 0.170992091 0.205298513
v 0.931381822 0.2139045 0.236873314
v 0.615284562 0.0690958723 -0.771027386
v 0.873439014 0.260988384 0.300458491
v -0.867020071 0.016750019 -0.489795089
v -0.763132453 0.115694173 0.439925641
v -0.161278501 0.848455131 0.461685866
v -0.576835394 0.283802748 -0.738096595
v 0.364560783 0.68860805 -0.570824027
v 0.422235161 0.61805737 -0.616565943
v 0.0139237521 0.878542542 0.427942455
v -0.820239365 0.0308431052 -0.547729671
v 0.508809626 0.428910375 -0.522473991
v -0.50774312 0.461473525 0.668471694
v -0.463932723 0.561439455 -0.658881247
v -0.789922535 0.0386378504 -0.581270099
v -0.719009519 0.032241486 -0.672089994
v 0.725738883 0.0235646889 -0.662967443
v 0.519572437 0.43927756 -0.692970693
v -0.508759558 0.455875248 0.657036245
v -0.947682142 0.0253923107 0.187203109
v 0.557514966 0.336809665 -0.715910494
v -0.512491584 0.463953853 -0.699306369
v 0.756271124 0.0363267101 -0.60558176
v 0.0690118074 0.862156868 0.429725617
v 0.158427253 0.837662995 0.454314947
v -0.368666887 0.685650587 0.57577306
v 0.509506643 0.468936592 0.681421399
v -0.870416641 0.265804142 -0.330526322
v 0.87797159 0.266352654 0.31661287
v 0.107174829 0.854691684 0.437478393
v 0.790867865 0.0298895873 -0.562713861
v 0.92035073 0.23850438 0.2549721
v -0.609510899 0.0839291066 0.775592148
v -0.308925211 0.746712208 -0.534081519
v 0.407202125 0.645443201 -0.614189684
v -0.190425739 0.823112071 0.46814999
v 0.86422497 0.248060867 0.383260816
v -0.562906325 0.324136615 -0.740640521
v 0.922025621 0.0262121987 -0.283220083
v -0.364533752 0.699354947 0.582309425
v -0.440715402 0.598981917 -0.637943685
v -0.618017435 0.0838171542 0.762364149
v 0.397139996 0.659071803 -0.60627228
v 0.432556033 0.60156852 -0.62214905
v 0.925204694 0.0283887237 -0.26281932
v 0.775799215 0.0246280711 0.609133899
v 0.53777194 0.405824304 0.68847543
v -0.548931837 0.361572057 0.718428493
v 0.622805595 0.0762931183 -0.758047998
v 0.939841211 0.154224917 0.197119519
v 0.291546285 0.760054827 0.522833347
v 0.849749088 0.0538538583 0.501452208
v -0.686078727 0.0363868959 0.69897598
v 0.696271718 0.271793306 0.447819769
v 0.551931918 0.352329373 -0.722761452
v -0.456326663 0.576122642 -0.658286333
v -0.29073447 0.767979503 0.529120624
v -0.609265506 0.0623575114 -0.783167422
v -0.449462533 0.585192084 -0.647002161
v 0.359428346 0.704633057 -0.577808797
v -0.840114057 0.0192840323 -0.527447283
v 0.957279623 0.13015753 0.19871515
v 0.305274576 0.747483909 -0.531704545
v -0.881942153 0.270498425 -0.343587756
v 0.650252163 0.0394579992 0.743003368
v 0.175183609 0.830535948 0.461177558
v -0.375569671 0.687198281 0.590215206
v 0.218401998 0.808912754 -0.48335892
v 0.909018219 0.0340757556 -0.292922169
v -0.185570255 0.838548183 0.472721159
v -0.0824919567 0.611801505 -0.0143001489
v 0.69359684 0.0417596325 0.694788992
v 0.223389134 0.808654726 0.486199766
v 0.935068786 0.197463602 0.226500943
v -0.963587701 0.0218193922 0.120932639
v -0.958579659 0.0208565295 0.159997195
v -0.958300471 0.0765800104 -0.158517912
v 0.953968167 0.144644633 0.204109699
v -0.0662483126 0.613941371 -0.0166042112
v 0.400865167 0.644604087 -0.597509682
v -0.964578807 0.0656545609 -0.165287346
v -0.100872055 0.608769894 -0.0110903531
v -0.11965733 0.605088115 -0.0119001707
v -0.559287429 0.332010865 0.717415631
v 0.890622497 0.0371697508 -0.337053657
v -0.962359905 0.0792913139 -0.172845244
v -0.585506678 0.220315859 0.764693618
v 0.942779422 0.178395987 0.217624113
v -0.971011281 0.0663641319 -0.187817037
v 0.716782272 0.0176570285 0.684462249
v 0.563712358 0.311448932 -0.743127763
v 0.34331575 0.713301599 0.556407392
v -0.599581182 0.154439449 0.7662673
v 0.458043516 0.545020461 -0.613000333
v 0.480281323 0.527415812 0.658308625
v -0.979572117 0.0134935733 0.0724253953
v 0.459800929 0.554998338 0.62319839
v -0.240992561 0.78297466 0.485209852
v -0.522365272 0.430959731 0.688306928
v -0.50014931 0.478948623 0.667133331
v 0.416164398 0.633906543 -0.621956587
v -0.00611232361 0.880048573 0.428217441
v -0.582137585 0.244927824 0.748270988
v -0.592489898 0.183995649 0.767876983
v -0.893031895 0.0246448498 0.373985082
v 0.180572048 0.828482389 -0.464931607
v 0.264939487 0.789997876 -0.514763832
v 0.961450994 0.114694074 0.193180352
v 0.509131432 0.461261988 -0.679988027
v 0.149509907 0.830841184 -0.446754873
v 0.257804841 0.783412099 -0.502657354
v 0.532797217 0.385496527 -0.117611311
v 0.946910739 0.160708755 0.209200576
v 0.79640758 0.0292697698 0.579812646
v 0.229911074 0.816010237 0.497281313
v -0.772859514 0.0367905758 0.579680324
v 0.60532701 0.186379299 0.744014263
v 0.515012383 0.44701457 -0.67934823
v 0.836261868 0.0374889635 0.523620129
v 0.598579705 0.188433647 0.757063568
v -0.470139503 0.541334867 0.654348671
v 0.238185361 0.802594483 0.49553898
v 0.16522707 0.827752411 -0.45443207
v 0.848065972 0.0385911129 0.508570611
v -0.445310771 0.574475467 0.620332003
v -0.0409668796 0.880873144 0.431096375
v -0.44556281 0.590089142 0.644998431
v 0.526106179 0.421799272 -0.690511048
v -0.830269516 0.0188152511 -0.541394651
v 0.557032526 0.336281657 -0.729021668
v 0.124582388 0.849477649 0.44242847
v -0.820383132 0.0182552729 -0.555598438
v 0.860108376 0.0595409498 0.489434034
v -0.672416151 0.0356809981 -0.721312702
v 0.530019462 0.413779169 -0.704157054
v -0.983336151 0.0115462802 0.0528796576
v 0.294680387 0.758960485 -0.527452052
v 0.432971299 0.577041984 -0.585454047
v 0.681351781 0.0429355204 0.707740307
v -0.541267693 0.3832798 0.694687486
v 0.504734159 0.473386705 -0.684576929
v -0.760923564 0.0272384845 0.611218512
v 0.545510471 0.371029884 -0.721727848
v 0.772638857 0.0142614683 0.620747566
v 0.241685048 0.810507119 0.504217446
v -0.968035161 0.0470840782 -0.149693117
v -0.430777282 0.605588853 0.622857213
v -0.399076045 0.658997059 -0.607646704
v 0.0893260986 0.858875275 0.433968484
v 0.18071647 0.81516391 0.45588088
v -0.810059428 0.0297969263 -0.56175226
v 0.0865548849 0.835243523 0.420985907
v -0.777609348 0.0194944087 -0.610727787
v 0.118749715 0.863676608 0.445712119
v -0.554073811 0.345833838 0.727184415
v -0.547622085 0.366271108 0.701785862
v -0.926625013 0.0226491485 0.283066332
v -0.604605317 0.124126472 -0.774193287
v 0.102288909 0.871858358 0.442462176
v 0.745822906 0.0286935009 0.64280951
v 0.905854523 0.0317533761 -0.3121503
v 0.858977795 0.0913234428 0.482556134
v 0.934779823 0.0184441879 -0.274091333
v 0.902337015 0.0297686066 -0.3302854
v 0.329018176 0.724646211 -0.546093285
v -0.491967529 0.495951384 0.662534714
v -0.596596181 0.165401936 -0.773213804
v -0.506856203 0.468481213 0.684759915
v 0.317066133 0.739096165 0.539048612
v 0.972647548 0.0340656228 0.133596733
v 0.201257125 0.829898775 0.480661452
v -0.967752039 0.0540322922 -0.162944123
v 0.330128998 0.725996137 0.547331274
v 0.66948849 0.0430749021 0.72058773
v 0.298341483 0.763038337 0.534159601
v -0.706531167 0.0321399719 -0.686524689
v 0.281603754 0.780755997 0.527119517
v 0.197200537 0.825375378 -0.476345956
v 0.27078858 0.774749219 -0.510438919
v 0.612153828 0.110921264 -0.760789871
v 0.860719323 0.0415197238 0.49329111
v -0.200994074 0.830484867 0.480965108
v 0.304420471 0.750110447 0.53117305
v -0.215600222 0.820999503 0.488515973
v 0.963316798 0.0947562233 0.186195627
v -0.971198022 0.0252308659 0.0242797919
v -0.287746072 0.671483397 0.428593278
v 0.945914924 0.0184064396 -0.234536752
v -0.57107836 0.281582534 0.753330112
v -0.593181968 0.195424244 -0.766368091
v -0.86128819 0.013275167 0.473845333
v 0.621753871 0.0324588716 0.774200261
v -0.692066967 0.0385936238 -0.698464096
v -0.738887846 0.0149027724 0.655717075
v 0.753091753 0.0152949672 0.643790662
v -0.586861253 0.22777544 0.748632371
v 0.266337484 0.786741495 0.513132691
v 0.620506287 0.093712911 0.760070324
v 0.588584125 0.226467624 -0.742992818
v 0.605591536 0.170283526 0.752559245
v 0.554504395 0.355756909 0.722496033
v -0.678938329 0.0448812321 -0.709566057
v -0.514460206 0.449066311 0.681519747
v 0.958463848 0.0862033442 0.16993998
v -0.596050978 0.189857975 0.753181577
v 0.74153769 0.0189019255 0.655115366
v -0.230166405 0.813033164 0.496234089
v -0.94159019 0.0168545265 0.25723961
v 0.663972735 0.0317138545 -0.727922201
v 0.610832512 0.140375271 0.757332206
v -0.624988616 0.0352854095 0.768549144
v 0.495078862 0.499119669 0.66962117
v 0.387709081 0.672423124 -0.598997891
v 0.0855714977 0.859661758 -0.433435321
v 0.611492455 0.153883457 0.749893546
v 0.918672979 0.0239049941 -0.30384016
v 0.862685859 0.0142304534 0.49773851
v 0.549536824 0.376011223 0.699572563
v -0.832373738 0.0289720464 0.492738008
v -0.535870552 0.398307979 0.703347564
v 0.956778944 0.0266124345 -0.127715215
v 0.56807065 0.295178801 -0.746192455
v 0.914337218 0.0223294739 -0.323000014
v 0.809963226 0.0174869914 -0.553793013
v 0.846306801 0.103289641 0.486540586
v -0.250691235 0.787817717 0.498071611
v -0.74580425 0.0309156384 0.627708793
v -0.588475883 0.21593377 -0.763919592
v 0.430013925 0.614130855 -0.631982267
v 0.905000567 0.0198715143 -0.358664602
v 0.612913668 0.11168611 0.765044928
v -0.96045202 0.0219472088 0.1403763
v -0.0774915293 0.614601195 -0.0505874455
v 0.959661603 0.0177759007 -0.17572096
v -0.033498507 0.865398765 0.42455858
v -0.579935491 0.254616767 -0.757597983
v -0.869436264 0.0131130349 0.458522439
v -0.109242134 0.608232379 -0.0366664454
v -0.0199492704 0.85129863 0.417103231
v -0.719889879 0.0473938175 -0.660688639
v -0.420832187 0.620494783 0.615943968
v 0.231767327 0.80058378 -0.489403635
v -0.199186027 0.831285775 -0.481570631
v -0.811680555 0.0251940023 0.537102878
v 0.974592805 0.0322579667 0.151646838
v 0.438980877 0.599552035 -0.637866199
v 0.502424002 0.483912885 0.675826132
v 0.898936808 0.0194160547 -0.376306742
v -0.261405081 0.793661594 0.512297213
v -0.710584879 0.0247666258 0.680063128
v -0.711151421 0.0144573525 0.689447224
v 0.827288151 0.0133015756 -0.533583164
v -0.542423844 0.380230516 0.711234093
v -0.974667132 0.0279163737 -0.104743078
v -0.724356949 0.0237342939 0.664484084
v -0.276469767 0.779676259 0.520249188
v 0.856623352 0.0121145751 -0.48549521
v -0.479767799 0.524277985 0.663231611
v 0.910197973 0.0207900032 -0.340787113
v 0.031678725 0.878807366 0.429205328
v -0.281531513 0.763262153 0.513956249
v -0.390397906 0.660585463 0.591947556
v -0.836744547 0.013819512 0.516716838
v -0.983229399 0.0145763047 0.0159144569
v 0.930820107 0.0165620223 -0.29524079
v 0.582150638 0.238493681 -0.75742507
v 0.84565407 0.0140343942 -0.501754642
v 0.607156694 0.1319139 0.767044544
v -0.93590945 0.0235590618 0.246492609
v 0.897794366 0.010030116 -0.408795893
v -0.417511493 0.632914126 0.623550713
v -0.783573985 0.026048243 0.580147505
v -0.600790977 0.145415872 -0.77380383
v 0.0447677113 0.881094813 0.431915045
v -0.529209793 0.414954692 0.695179284
v 0.543444097 0.388202459 0.709908485
v 0.617203236 0.0322286189 -0.778058946
v -0.500496149 0.490792871 -0.693212986
v 0.910879731 0.0122761428 -0.369424999
v 0.625297248 0.0477093048 0.766941488
v 0.980600357 0.0146159707 -0.046175506
v 0.836217105 0.0138585735 -0.517826259
v 0.598497033 0.173673078 0.764831781
v 0.595540166 0.188855305 -0.75543642
v -0.186404601 0.838613033 -0.476077646
v 0.958812594 0.0207515955 -0.158970773
v 0.53773129 0.403421849 0.703775167
v 0.0961115956 0.844984174 0.429290414
v 0.675995171 0.0284270328 -0.71671921
v 0.594293177 0.186760575 0.767220616
v -0.313409388 0.733405769 -0.528080523
v 0.185939133 0.837263107 0.472572088
v 0.0496939793 0.871663094 -0.429282546
v 0.456811637 0.569515049 -0.652275205
v 0.502308309 0.430428594 -0.468488425
v 0.687910855 0.0278836377 -0.703830361
v 0.448019713 0.58450073 -0.644947708
v 0.210666955 0.823446631 -0.486388564
v -0.517596781 0.452257812 -0.70599556
v 0.0796913058 0.872866631 0.436466038
v -0.762176692 0.0146167139 0.626626968
v -0.157466382 0.838712096 -0.455353886
v 0.950355172 0.0355421007 -0.100694783
v -0.974356115 0.0309810918 -0.145682737
v 0.943535328 0.00950882584 -0.284618318
v 0.61638099 0.0501759574 -0.774713457
v -0.244297042 0.805601418 0.504127264
v 0.938279927 0.0202173851 -0.253886968
v -0.906920016 0.00661788788 0.398942083
v 0.616914034 0.0769307092 0.769684911
v -0.578139007 0.258519888 0.749222994
v -0.873262048 0.0329764113 0.396865934
v -0.803681135 0.0228263959 0.55408895
v -0.673986077 0.0360985994 0.713562787
v 0.422950685 0.626154482 -0.629384279
v 0.103867963 0.855390012 -0.437833577
v 0.592354476 0.206402928 -0.750704169
v -0.956026435 0.0174082164 0.196240112
v 0.982947826 0.0106044831 -0.0685095415
v -0.518490911 0.442907214 0.697782934
v -0.649266303 0.0347008817 0.742508292
v 0.791396677 0.0198029336 0.593125343
v 0.553992033 0.351155281 0.738496542
v -0.58260411 0.273714453 -0.729969442
v -0.40791449 0.647199571 0.617381573
v -0.876853824 0.0136421388 0.442793041
v 0.588412821 0.222467437 0.760528088
v -0.720179915 0.0383874699 0.654357791
v 0.584646821 0.243030518 0.755064964
v -0.589420378 0.202496767 0.76521349
v 0.059946306 0.876768827 0.433884591
v 0.713297486 0.0256554577 -0.676309705
v 0.880027831 0.0162735619 -0.428869843
v -0.58395189 0.235855147 -0.76174432
v -0.938801825 0.0247984752 0.22953251
v 0.886428177 0.01792657 -0.410394222
v 0.864509404 0.0133203976 -0.46770215
v -0.169577256 0.844844103 -0.466232598
v -0.570788085 0.294536948 -0.74822998
v -0.773812592 0.0247466918 0.596242726
v 0.953033328 0.0201295186 -0.194205269
v -0.574002862 0.279824585 -0.752656221
v -0.111137182 0.858156562 0.440938979
v 0.614146709 0.088766031 -0.766639113
v 0.568862975 0.300186992 0.748821199
v 0.594035506 0.238357395 0.732264519
v 0.491474271 0.50981915 0.679851532
v 0.295459569 0.745913625 0.515305102
v 0.859617114 0.0229795817 -0.453279853
v 0.278926909 0.771817684 0.51677376
v 0.498141438 0.495128691 0.683699608
v -0.97190237 0.0419820212 -0.163169965
v -0.629511595 0.0189790744 -0.770036101
v -0.958642364 0.111906156 -0.189836502
v -0.343424827 0.722758412 0.568210423
v -0.0239450056 0.879287839 0.428701431
v -0.861633301 0.254431605 -0.370387167
v -0.800017178 0.0285308287 -0.575724304
v -0.98361814 0.0149891069 -0.058534611
v -0.449889719 0.575337708 0.63713187
v 0.57352066 0.279846996 0.754728913
v 0.548540592 0.367689371 0.733914673
v -0.664659858 0.0274532065 -0.73318249
v -0.910466731 0.0184056237 0.34864077
v -0.685250103 0.0251425989 0.708575308
v 0.487558037 0.513901711 0.664556026
v -0.325501025 0.722584963 -0.535589337
v 0.605914533 0.100897834 -0.77622056
v -0.976154745 0.0272366181 -0.179892868
v -0.685264647 0.0288468152 -0.711116016
v -0.815721333 0.0138164889 0.551032364
v -0.809732556 0.0175860524 -0.570502996
v -0.793480814 0.0252071489 0.566352427
v 0.712579966 0.0155057069 -0.68712312
v 0.465494305 0.554710031 -0.660120487
v -0.92636776 0.0185437202 0.301158667
v 0.511931241 0.464760184 0.694760084
v -0.8762905 0.264386982 -0.360847712
v 0.974595428 0.0273094177 0.0937697813
v -0.888676107 0.263281554 -0.297693938
v -0.396059036 0.663426459 0.607285619
v -0.855683565 0.0104689971 0.491120011
v -0.0783909261 0.863552034 -0.433031648
v -0.897240281 0.0264906529 0.356488228
v 0.137609422 0.858751416 0.453435928
v 0.975800335 0.0307197664 0.17110385
v 0.458186418 0.570856035 0.654811561
v -0.698505104 0.0222262498 -0.700986445
v 0.6372177 0.0314316414 -0.757412016
v -0.459911317 0.560243189 0.647844195
v 0.704318166 0.0291866381 0.690309286
v 0.499474555 0.487608969 -0.687969744
v 0.491894841 0.500977993 -0.674910545
v -0.337062538 0.711047471 -0.542735577
v -0.606750309 0.105711587 -0.776161909
v 0.313355237 0.749963939 -0.545065343
v -0.332611829 0.72454834 -0.549108565
v -0.798828363 0.0171525944 -0.585495234
v -0.473556429 0.529359698 0.645722687
v -0.385499418 0.67525804 0.597393453
v 0.588947177 0.199139461 -0.768695951
v -0.658509314 0.0240733605 0.738066256
v -0.0827705115 0.849924505 -0.427847028
v -0.610974908 0.0448276326 -0.783710361
v -0.645373464 0.0234659631 0.751912177
v -0.91572392 0.241839632 -0.25927943
v -0.912825882 0.0215880461 0.330089599
v -0.609229743 0.144016311 -0.758968532
v 0.628414333 0.0215026941 -0.769554496
v 0.72785604 0.0438371263 -0.636988461
v -0.847762406 0.0103210248 0.505285859
v -0.632877529 0.023114305 0.76441747
v 0.609163463 0.0428574197 -0.78506279
v -0.2907691 0.752961934 -0.515558004
v -0.606630921 0.076042302 -0.783987224
v 0.469269454 0.541443408 -0.651393831
v -0.525631309 0.425791442 0.704549491
v 0.531693459 0.418704182 0.69803679
v 0.53225112 0.416048586 0.710885286
v 0.603284061 0.121419162 -0.773604929
v 0.140785083 0.842484415 -0.448425829
v -0.467548788 0.551151633 0.661521316
v -0.4540793 0.575591445 0.651452065
v 0.517247438 0.452122211 0.685811579
v 0.679626524 0.029808091 0.716433406
v -0.956987619 0.0309033263 0.0921288952
v 0.599793971 0.141616851 -0.7726686
v -0.78824234 0.0180929489 -0.598399818
v -0.620501459 0.0222294275 0.776836157
v -0.964554548 0.0922086984 -0.186679333
v 0.543054581 0.385432988 0.724619925
v 0.477182865 0.527722239 -0.65874064
v -0.894034445 0.270377427 -0.310332328
v -0.512806475 0.45651871 0.694480181
v -0.878524601 0.257404745 -0.286782622
v -0.609109163 0.0549771786 0.782561302
v -0.488941431 0.508258462 0.674034297
v -0.566132486 0.306571811 0.734784245
v 0.983168602 0.0151966773 0.0855846778
v 0.226974934 0.815196395 -0.494992256
v -0.315834433 0.749798238 -0.546749651
v 0.49792096 0.485658944 -0.672690272
v -0.365430236 0.698243439 -0.580494106
v -0.120622233 0.855130553 -0.444664568
v 0.252038568 0.567542017 0.0823450759
v 0.833795428 0.0252603125 0.532685995
v -0.609547615 0.0229216386 -0.787116587
v 0.668064058 0.0290872008 0.728781402
v -0.390329808 0.6533584 -0.578248382
v 0.96646136 0.0143284854 -0.161971807
v -0.886981666 0.271851033 -0.327040464
v -0.38860777 0.673599005 -0.600623786
v 0.780495763 0.0202684514 -0.593552887
v -0.4755041 0.537395477 0.669239163
v 0.595546663 0.163633987 -0.773160696
v 0.607317328 0.0802999213 -0.779890597
v 0.965008795 0.00810035411 -0.212056756
v 0.607961953 0.0609090626 -0.783032
v -0.672023356 0.024698101 0.723353982
v 0.736123979 0.0126490863 -0.661834896
v -0.6615839 0.035421703 0.728376091
v 0.977550149 0.0224277135 0.0581371561
v -0.108058698 0.871227741 -0.445787489
v 0.48233217 0.525385976 -0.676687002
v -0.649181426 0.0331119075 -0.746442318
v 0.483057559 0.527315319 0.676141381
v 0.821816564 0.0259803217 0.54844451
v -0.619109869 0.0513040163 0.770707846
v -0.959994972 0.125572994 -0.201485321
v -0.749704242 0.249438986 -0.095557183
v 0.81003195 0.0245412514 0.565188468
v -0.974489093 0.0289943758 -0.123773597
v 0.641380489 0.0175236035 0.759320557
v 0.960054219 0.0432513878 0.0496059507
v -0.741031706 0.248823106 -0.064028874
v 0.965104938 0.0177981462 -0.142999306
v 0.963522255 0.0615962185 0.154966459
v -0.566825807 0.298942149 0.749096274
v -0.697921872 0.0253232215 0.69411701
v -0.949823558 0.143479571 -0.200299934
v -0.320608616 0.736164033 -0.541476369
v 0.965301692 0.0681080818 0.169108793
v -0.147624344 0.852534652 0.455808163
v -0.823610783 0.0218191333 0.523011565
v 0.738239586 0.0210282709 -0.649706066
v 0.460595608 0.555987537 -0.642674565
v -0.618249536 0.017512273 -0.780008733
v -0.683368266 0.0145414826 0.717505932
v -0.697766304 0.0148671996 0.702893257
v 0.188420877 0.837785125 -0.475968957
v -0.606209934 0.0711535886 0.783496976
v 0.967196584 0.0189136826 -0.119489998
v -0.383388132 0.669396341 -0.583848715
v -0.732557833 0.0100966468 0.668945014
v 0.778245568 0.0128946519 -0.607431591
v -0.136977702 0.859917283 -0.454619259
v -0.982908726 0.0156495757 -0.0749806017
v -0.9504444 0.0183285046 0.215743333
v -0.968562543 0.0113459434 0.171233252
v 0.524256051 0.429115593 -0.70283103
v 0.283917487 0.765642047 -0.519114256
v 0.974879086 0.0280534811 0.113519244
v 0.512687981 0.456554383 -0.692841828
v -0.0718133375 0.876348734 -0.436556518
v -0.957795441 0.0188585874 0.178445727
v -0.12231946 0.847844779 0.440696657
v 0.986907363 0.0113795772 0.0501701906
v 0.642766833 0.0173929352 -0.757151961
v -0.804780662 0.0145679284 0.566595852
v -0.352467179 0.712414265 -0.571647584
v -0.825792193 0.0139950803 0.534446239
v 0.747357428 0.0100382334 -0.650791585
v -0.0904230922 0.873927772 -0.440989703
v 0.610684633 0.0959060192 0.773271382
v 0.617935359 0.0184069723 0.780231416
v 0.487631828 0.515472412 -0.682843387
v -0.603754103 0.0961201042 0.781394005
v 0.474847674 0.539263308 -0.670271575
v 0.691736281 0.029939726 0.703489363
v -0.965352714 0.0379108489 -0.0596754886
v 0.856260538 0.0265310034 0.502507985
v -0.591250181 0.181662187 -0.778345883
v -0.128935486 0.62263304 -0.149738356
v 0.629009962 0.0186570976 0.770300508
v -0.66879195 0.0141751776 0.732698977
v 0.604173124 0.116673402 0.77744627
v -0.654224277 0.0137469685 0.747210503
v -0.984009981 0.0146805597 -0.0220113918
v -0.293394238 0.768529356 -0.532338619
v -0.657342136 0.0175496712 -0.744512141
v -0.603514493 0.0834230036 0.784925997
v 0.604188442 0.15318045 0.763645172
v -0.974987626 0.0267399456 -0.0863386393
v -0.0932612568 0.854350328 0.432732642
v -0.304877281 0.759724975 -0.540064991
v 0.979367435 0.0146432705 0.182164982
v 0.658721089 0.0245814137 -0.737832665
v -0.947208345 0.00965967122 0.270892054
v 0.974385917 0.0424102321 0.181782573
v -0.936861157 0.00968130305 0.305177271
v 0.803376317 0.0172282755 0.579081774
v -0.946683586 0.0238057151 0.201467559
v 0.96693629 0.0767990053 0.182927236
v -0.32760781 0.738987386 -0.55411756
v -0.561901987 0.321256936 0.730362654
v 0.288904428 0.770650029 0.528466105
v -0.536335766 0.398038924 0.720263183
v -0.339914173 0.726192057 -0.562861264
v -0.904905796 0.0173150692 0.367761761
v -0.97900176 0.0158790275 -0.172640473
v 0.289220333 0.771980047 -0.530764818
v 0.32459572 0.73904103 -0.552577794
v -0.975966215 0.0294822603 -0.167004034
v 0.977766752 0.0111159412 -0.110019043
v 0.153615281 0.842084825 -0.455215782
v 0.970725417 0.0601039343 0.181294441
v 0.973000705 0.0102652861 -0.152034447
v 0.975059032 0.0111297304 -0.130678385
v 0.705624402 0.0172166992 0.696501732
v 0.610210896 0.0325032771 0.785747528
v 0.166400865 0.839049459 -0.461368293
v 0.301746249 0.761137903 -0.538228333
v -0.114627086 0.870187938 0.445585042
v -0.494427919 0.502176642 0.690072954
v -0.483619571 0.524662912 0.680404186
v -0.642747581 0.019466484 -0.757572711
v -0.549861372 0.357651234 0.735250592
v 0.559737384 0.339219183 0.728435755
v 0.517781973 0.451680481 0.703508079
v 0.920419395 0.0150960404 -0.332562089
v 0.518760324 0.445050448 -0.70735383
v 0.325296611 0.741311193 0.553787827
v -0.979214013 0.0198141132 -0.135454312
v -0.968948126 0.0582009256 -0.174036145
v -0.544209957 0.375124484 0.7279585
v 0.978105009 0.0129220709 -0.090619795
v -0.975520253 0.0129041281 0.112162426
v 0.599558175 0.141764194 0.776611507
v 0.799194038 0.0206182376 -0.565288663
v -0.336052507 0.73207438 0.564499497
v -0.326934248 0.738875687 0.555370867
v 0.648554742 0.0265839826 -0.747436225
v -0.972913086 0.0128179165 0.131836101
v -0.599114358 0.132959545 0.777763426
v -0.966272056 0.0217488892 0.102050915
v 0.657405913 0.0282363202 0.739886224
v 0.0401415117 0.883783221 -0.431701988
v -0.557752371 0.333613008 0.734244525
v 0.904779375 0.0123673277 -0.385076612
v 0.68360436 0.0187759511 -0.715066791
v -0.88745749 0.011543504 0.425900668
v -0.979407072 0.0168219209 -0.153540507
v -0.601282477 0.113924444 0.780776441
v -0.962887764 0.0102899866 0.208049059
v -0.60226506 0.139315218 0.767685235
v -0.957959294 0.0105742859 0.227669954
v 0.536171377 0.404660553 0.719301462
v -0.899976909 0.015667351 0.385721594
v 0.951042533 0.0112347975 -0.250321746
v -0.982149065 0.0149709471 -0.117055997
v -0.105907075 0.847532153 0.433970928
v 0.678191841 0.0188204683 0.723081768
v -0.0360490158 0.882806957 -0.432066858
v -0.672950387 0.0143809114 -0.73065114
v 0.981964111 0.0161356293 0.102537394
v -0.0542564541 0.87983346 -0.433460623
v 0.977826536 0.0257093366 0.185354203
v -0.095506072 0.868853331 0.439235479
v 0.794057608 0.0150991967 -0.581836581
v 0.614643216 0.048473984 0.778609633
v -0.917320192 0.231068656 -0.247786313
v 0.609036446 0.0300855841 -0.787354827
v -0.784560621 0.0138171492 0.597333312
v 0.697842062 0.0145176277 -0.703342378
v 0.554142535 0.344207466 -0.737913966
v 0.526274562 0.431177557 0.706778884
v -0.560706794 0.321633726 0.74448508
v 0.253026843 0.797995806 -0.507721722
v 0.152967542 0.849170923 0.457188457
v -0.594527841 0.166617557 0.772165596
v 0.548213065 0.362603128 -0.734286308
v -0.353179544 0.711825371 0.574497223
v 0.336366385 0.727995813 -0.56103009
v 0.831630707 0.014805573 0.541708112
v 0.917125463 0.0129466867 -0.349794805
v -0.748411834 0.0167432129 0.641601503
v 0.979749501 0.018331727 0.127987415
v 0.528489411 0.420366079 -0.717435479
v 0.133514017 0.863325119 -0.454341292
v 0.979448497 0.0180698037 0.1613262
v -0.498504281 0.48824805 0.682244718
v -0.0949785933 0.610255063 -0.0264762528
v 0.397040009 0.663120806 0.607412755
v -0.911287844 0.00923633482 0.379027277
v -0.504210353 0.478844076 0.695646405
v 0.35100022 0.7149598 0.572628677
v -0.0719552189 0.879625142 0.43761605
v 0.955417991 0.01338406 -0.222453922
v -0.711055756 0.0151039744 -0.692345917
v -0.946259379 0.0170558728 0.239062637
v -0.927290559 0.0136263436 0.318136573
v 0.655585647 0.0156092206 -0.74523139
v -0.67719382 0.0231132507 -0.722473562
v 0.945102394 0.0122346077 -0.266571701
v 0.602326989 0.0997778997 0.784626126
v 0.563928246 0.318007231 0.745407164
v 0.15982224 0.850511193 -0.462925464
v 0.542513192 0.38017717 -0.731270134
v 0.534094691 0.404224277 -0.716450095
v -0.531466424 0.410958648 0.709048688
v 0.610508323 0.0649921447 0.780433416
v -0.0633644983 0.87264204 0.432690978
v -0.521884739 0.437332779 0.712176383
v 0.845134795 0.0255954023 0.517390192
v 0.507433832 0.471661299 -0.700319588
v 0.925863624 0.0152034676 -0.316036969
v 0.609153152 0.0159169156 0.788073897
v 0.821819663 0.0137323523 0.556100905
v 0.654030561 0.0167686902 0.747738004
v -0.596418023 0.15016146 0.776246846
v -0.47134307 0.548760235 0.672395885
v 0.382721424 0.678370595 0.592995822
v -0.95296365 0.00989555568 0.249586254
v -0.939792871 0.011434745 0.288357735
v 0.59645921 0.16093801 0.774792671
v 0.474822223 0.541573107 0.666662991
v 0.670367718 0.0149868587 0.732783794
v 0.0599000528 0.87873596 -0.433790326
v -0.0164438374 0.885048568 -0.432093203
v -0.794319332 0.0144743752 0.58235538
v 0.85311842 0.0148233073 0.510835469
v 0.535272121 0.401878893 -0.72744143
v 0.501435399 0.486881673 -0.699131966
v 0.277066231 0.781532288 -0.522290826
v 0.0783702582 0.873991847 -0.437288105
v 0.937209725 0.00862808526 -0.309003294
v 0.33773461 0.728134215 0.562537074
v 0.593265414 0.175778672 0.774861395
v -0.970268011 0.0125271883 0.151819319
v 0.669558823 0.0176501609 -0.730080485
v 0.60605669 0.0790125057 0.783417404
v -0.966352999 0.0105213802 0.190115675
v 0.42278114 0.619071066 0.614221752
v -0.641222894 0.0133731691 0.759941101
v -0.12815918 0.859053671 0.448878795
v 0.605705738 0.0534216948 0.78775382
v 0.800168455 0.00969479512 0.589350045
v -0.488577068 0.516030133 0.687192798
v 0.169502571 0.844945371 0.465004176
v -0.515773773 0.451768011 0.70541805
v -0.60903883 0.0188231077 0.789107084
v -0.978490531 0.0160548892 -0.187118575
v 0.613276601 0.0176712666 -0.785590589
v -0.628940165 0.0111969262 0.771987677
v 0.808436513 0.0101641789 -0.568874359
v 0.88649267 0.00756615773 -0.438696265
v 0.241045117 0.806210101 -0.501283526
v 0.891088843 0.0103169978 -0.422133833
v 0.928142786 0.00856654346 -0.335155159
v 0.692078233 0.0156475864 0.710980356
v -0.612523913 0.036499016 0.78261584
v 0.558707476 0.335946381 0.742135465
v -0.719640255 0.0182257351 -0.681378961
v 0.786014676 0.0110872677 0.606658101
v -0.923067987 0.0113464464 0.339125633
v -0.937268078 0.0161630064 0.275585383
v 0.582440376 0.236627638 0.766918898
v 0.3101933 0.757290721 0.544477642
v -0.68922925 0.014074279 -0.714613438
v 0.959421039 0.00882936828 -0.231475338
v 0.4963094 0.501041949 0.693139434
v -0.702890813 0.0110471556 -0.703169048
v 0.590765417 0.203494027 0.766267598
v 0.959225774 0.0134625761 -0.205737799
v 0.789170563 0.0100726532 -0.596612096
v 0.494951636 0.500935376 -0.691808224
v 0.17522198 0.843867064 -0.468641222
v 0.522039592 0.44158721 0.714667141
v -0.917575538 0.00997231528 0.359332412
v -0.974325776 0.0426777303 -0.180162311
v -0.174000338 0.84634614 0.468173712
v -0.555002868 0.341156423 0.744767308
v 0.953806341 0.00552255521 -0.267289102
v 0.685634434 0.00953148492 0.720643163
v 0.97346437 0.00743553275 -0.172368288
v 0.00342745776 0.882194936 -0.430648744
v 0.503743529 0.483146459 0.691511989
v 0.527756333 0.426547766 0.719309092
v 0.296025425 0.772590578 0.538858473
v -0.463070869 0.561983943 0.662838757
v 0.761858821 0.014201358 0.633927047
v 0.912286043 0.00696742395 -0.384786248
v 0.58494997 0.220368966 0.771691084
v -0.510517895 0.464181334 0.70139116
v 0.812959254 0.0096691642 0.571364701
v 0.921363533 0.00588961132 -0.363878638
v -0.0196178909 0.888901591 0.431471109
v -0.529297411 0.418176889 0.718118191
v 0.820725083 0.0104528787 -0.549458444
v -0.499130726 0.491827399 0.694598794
v 0.979162991 0.0194114316 0.145516053
v 0.800109625 0.0067340848 -0.586365044
v 0.143888444 0.852807403 -0.455156803
v -0.927600086 0.231340528 -0.251216173
v 0.573313475 0.270843357 0.764864028
v -0.0550021678 0.88317132 0.434886277
v 0.982569039 0.014694321 0.115340501
v 0.869972467 0.0129301166 0.486220777
g 
f 9908 869 8631
f 10971 6378 1681
f 10391 1255 9985
f 8503 7594 5719
f 1998 9963 11254
f 6350 1712 6938
f 1333 1482 4891
f 9074 9432 9754
f 9337 11171 2576
f 3495 3469 9455
f 11586 1652 8092
f 10614 2277 1120
f 8315 1622 3963
f 11485 3386 8444
f 1350 11961 1343
f 11157 11325 23
f 10130 5151 5511
f 7022 921 1027
f 10474 3232 5265
f 3226 1589 11106
f 8081 1753 3488
f 7726 1963 6741
f 2605 884 6762
f 8363 1271 2143
f 11547 3611 11356
f 3237 1622 1987
f 11039 2920 11507
f 3159 824 1531
f 11325 10786 1763
f 11321 10227 1834
f 3637 3501 10841
f 6896 1884 3769
f 6059 5788 8410
f 2782 11919 10513
f 7333 1597 6724
f 1691 1063 3240
f 10263 1522 3498
f 11281 982 6474
f 854 11846 1677
f 2014 1157 10580
f 8040 3900 6621
f 3540 2822 1760
f 2795 1210 1723
f 1110 6540 8272
f 994 3088 8677
f 11522 8687 10021
f 8124 10975 3445
f 8374 2789 6042
f 10669 1146 8983
f 983 3050 3413
f 7933 3513 6077
f 8137 1860 1073
f 10514 8419 3427
f 9726 2322 1792
f 1379 10139 8785
f 9180 9960 3729
f 1212 1964 8494
f 11401 2377 10431
f 10945 1489 2815
f 11749 2582 2676
f 3182 819 9810
f 3299 846 9834
f 11525 7934 10947
f 3736 3653 6687
f 11877 7073 871
f 8787 9982 3409
f 7473 9391 7537
f 2395 3743 10572
f 5445 1195 11987
f 2067 1290 7989
f 7013 3433 1484
f 8196 3765 6063
f 9225 3417 5098
f 9278 1311 2001
f 7165 1297 1912
f 4836 1547 4605
f 9909 3978 1790
f 3466 1013 6810
f 6306 10643 5444
f 8019 2758 1124
f 2269 3763 11173
f 7541 2046 3791
f 2137 1160 5351
f 10157 2087 5896
f 3715 1591 6436
f 6158 7857 1484
f 7101 3255 5882
f 8094 3793 7095
f 3198 3154 11761
f 9638 580 1618
f 8574 2656 8178
f 7949 1647 10019
f 8620 1287 10076
f 1477 11539 1259
f 9530 8395 8295
f 9188 2095 7100
f 10635 2786 8925
f 3392 3171 1716
f 2817 3017 9694
f 6345 5291 6847
f 9417 7661 5294
f 8314 1483 2946
f 1173 3206 1045
f 11516 1145 9738
f 11125 2411 9015
f 3532 1315 1872
f 2628 1192 1582
f 2998 960 9769
f 11204 2868 10520
f 9663 1583 9534
f 2670 746 1626
f 6956 7922 1692
f 10736 10221 1546
f 9580 1526 6804
f 1988 5617 5936
f 2246 11939 9273
f 11762 1169 3451
f 8504 10173 3789
f 3413 1134 11028
f 11514 1813 3405
f 11143 2089 8038
f 10942 3581 10190
f 3484 1721 11422
f 7110 1048 5389
f 11195 7967 2163
f 10625 10576 8589
f 4356 2358 11206
f 10629 6875 6069
f 9979 4324 2358
f 8463 1358 2025
f 5094 1366 11827
f 3756 10078 1907
f 10292 1169 3450
f 8489 11498 6901
f 11913 11189 3486
f 11212 3307 8600
f 6128 917 1115
f 2068 1474 6333
f 7375 10845 3524
f 1214 1360 1911
f 5702 1348 1377
f 10608 1592 5929
f 1461 7445 11818
f 11782 10175 1981
f 2633 963 3007
f 1959 11744 9662
f 9643 1286 5315
f 8791 8053 871
f 1275 3690 6090
f 11754 3955 3692
f 3748 1310 902
f 11781 1765 11509
f 8881 7942 1196
f 8506 852 5189
f 10619 1945 3820
f 10755 1135 1923
f 1903 1181 1200
f 3919 1576 1797
f 5376 3932 1822
f 6937 11466 1096
f 2209 1222 6433
f 8435 10886 2967
f 8364 874 5626
f 8021 10319 6052
f 10660 921 1668
f 1838 3565 8154
f 1670 10401 10165
f 1006 2008 6471
f 10823 6494 1191
f 10373 2641 805
f 7898 2409 7424
f 8204 6152 9586
f 8991 1422 6012
f 8223 10787 3774
f 10537 3076 7086
f 8260 1396 7521
f 11510 10618 3784
f 11602 1732 3293
f 11050 1745 9006
f 7030 1931 7646
f 8679 1061 2083
f 8094 1335 9373
f 8530 8779 1239
f 10246 1354 10405
f 11866 10312 6344
f 10058 11714 3372
f 10161 3408 10293
f 6126 500 1613
f 7092 3266 1079
f 3779 10662 9096
f 8301 1252 3525
f 4982 5401 1960
f 11746 1236 1349
f 8924 6846 1273
f 11821 9364 3357
f 9552 11578 7057
f 10230 1995 11241
f 6326 3866 8381
f 2103 9395 3911
f 9793 1648 2199
f 6129 6504 1222
f 9381 3803 1856
f 10544 3871 4963
f 11468 7019 6931
f 1385 10451 11249
f 2146 1231 1428
f 9773 1304 9282
f 5248 3902 5197
f 11883 11972 3239
f 4670 1072 6600
f 9567 1697 4402
f 10531 2042 5089
f 3393 1644 9592
f 4472 1106 3321
f 9162 2943 4435
f 3625 1030 1756
f 9125 11965 1540
f 2234 1098 7563
f 3801 965 1851
f 7930 11339 9045
f 9512 3800 7883
f 11115 1294 10780
f 5910 1115 1767
f 11636 8975 8492
f 6624 3886 9568
f 8927 3772 9685
f 9767 1507 3126
f 10750 11833 3642
f 2455 3238 7816
f 7649 9583 7043
f 8884 1024 6366
f 10308 3216 2103
f 7392 1193 6390
f 8849 2849 1143
f 8842 9200 6671
f 7989 1513 2015
f 7511 2227 8478
f 1466 11371 873
f 9384 4730 5545
f 7789 1784 2167
f 9286 2773 1562
f 7046 842 4872
f 9323 7717 3362
f 7517 1300 5821
f 2144 3815 1454
f 8890 1577 2774
f 7353 3001 6045
f 9414 5240 5258
f 9341 2201 1645
f 5951 4764 8005
f 3169 1028 1719
f 6229 1161 6409
f 10589 9602 5202
f 8522 10677 6939
f 8670 10804 5779
f 10931 10656 3693
f 9656 3597 1539
f 11365 3247 8553
f 10401 3398 1005
f 9239 4921 5041
f 5939 11370 5223
f 10418 8413 1679
f 3759 10273 2183
f 7825 2382 7102
f 4337 4247 4331
f 8681 11905 1266
f 9973 2175 8939
f 5178 4136 4650
f 5434 5027 7115
f 8294 2842 7711
f 6942 5605 6721
f 11390 1105 5411
f 10372 7953 6771
f 9893 9882 3419
f 4978 7694 11099
f 8030 2606 10150
f 5976 6526 894
f 6680 10988 1636
f 3883 2202 6371
f 11852 10818 1728
f 8317 7872 4529
f 3229 1873 3622
f 4962 4720 8874
f 5419 12178 10707
f 10068 2333 943
f 9333 1262 11314
f 7690 4860 6172
f 11487 867 924
f 10203 1497 2648
f 7002 3754 6775
f 9946 1051 6769
f 10295 2249 8941
f 9640 10223 5400
f 8821 9603 6586
f 7984 3259 6723
f 1915 1375 10571
f 6129 1574 5092
f 10829 3145 7264
f 9026 7536 1167
f 7629 4814 5645
f 8213 1650 6364
f 8088 2506 1495
f 10400 1812 6623
f 10472 4145 6712
f 2583 1720 2194
f 11701 5230 4184
f 6927 11172 1443
f 6051 5164 5944
f 5765 4750 5222
f 9984 5004 5053
f 8792 10243 3120
f 11049 9541 9437
f 10471 10238 7825
f 11764 4816 4958
f 4394 4376 4358
f 11544 5429 4590
f 4545 1291 12094
f 6601 3776 6434
f 9442 7129 9139
f 8692 6848 6541
f 8978 11606 763
f 1954 2255 1273
f 5301 4748 6403
f 10824 10680 9859
f 10961 1643 5034
f 11022 5442 1982
f 6951 1384 5966
f 10705 1886 6559
f 7878 9000 6814
f 8339 1026 7214
f 6008 4355 4721
f 4572 10432 4213
f 10948 1499 8595
f 5938 1123 959
f 7577 973 4789
f 8340 1288 6544
f 7722 3358 6500
f 2374 8258 8098
f 8947 4382 4616
f 7467 1695 10294
f 8453 9149 7074
f 10873 10773 8163
f 7775 6841 4774
f 4496 2385 9056
f 2355 1087 11765
f 6260 6593 2161
f 5772 1417 8633
f 9472 9232 9968
f 5894 2800 10107
f 2435 1246 677
f 10025 8999 1534
f 10548 3592 6130
f 8486 9007 2140
f 9680 10839 7425
f 8337 5458 4357
f 9078 5157 816
f 8759 2554 7407
f 2882 3961 6314
f 5901 4745 9167
f 5339 4595 7208
f 8459 3892 8393
f 6835 5613 10896
f 8854 2478 7385
f 6284 1164 7880
f 7633 1755 9718
f 10649 8475 6802
f 7969 5224 5837
f 6109 1019 4479
f 8613 8938 5333
f 5864 10441 7935
f 7021 5686 8007
f 11131 9994 8856
f 7713 1542 6137
f 10304 1927 4619
f 9103 835 5228
f 10965 6764 3064
f 7675 2596 9529
f 5085 9965 4986
f 11042 838 5770
f 6357 11819 5907
f 5050 11735 12202
f 8367 1852 6483
f 10252 3079 6740
f 8604 10280 973
f 10863 2635 5860
f 9892 3177 6799
f 201 10432 221
f 8575 1626 6400
f 2215 1276 1525
f 8732 2807 5927
f 7602 2514 5321
f 10516 9326 10781
f 12927 289 5985
f 2825 3004 7183
f 7722 8710 1121
f 11931 208 207
f 10327 10055 11103
f 7054 6346 1452
f 9739 7588 7310
f 6181 12379 1615
f 8638 1481 6037
f 2387 3726 5757
f 5543 2261 7316
f 9731 10106 2746
f 4912 8691 799
f 5090 4755 9828
f 305 12291 12245
f 4952 11016 10969
f 7750 990 6948
f 7570 8756 7753
f 7707 3401 4837
f 6949 1490 8509
f 12561 266 281
f 4830 4811 10149
f 9091 10316 6763
f 9134 10105 4198
f 10691 6832 9796
f 9877 696 8218
f 4593 8372 3561
f 10266 2309 5709
f 8798 633 6083
f 9097 1459 8230
f 10757 1399 6807
f 3404 1916 2422
f 6973 4733 5281
f 11808 1711 2077
f 5646 3812 1573
f 12355 12329 10505
f 4899 3684 10032
f 5447 5355 5805
f 5715 10444 7905
f 5108 4788 5667
f 11232 2834 8321
f 8717 1657 3199
f 8501 1473 8700
f 9762 9949 3969
f 9198 3913 9351
f 2133 3796 11377
f 8155 1855 825
f 725 2425 7029
f 6530 11449 3573
f 10415 4033 8768
f 3560 940 11180
f 11600 2510 891
f 10889 10117 6865
f 7418 7899 2349
f 3858 9610 1661
f 642 11975 7694
f 9083 2657 7699
f 7398 8375 3863
f 5638 7364 5651
f 11671 8617 1887
f 8768 4133 5578
f 4927 4675 10624
f 11607 9370 1218
f 10881 2793 4935
f 10805 2142 5209
f 6355 2048 11425
f 10955 7482 3816
f 7336 909 7533
f 9092 6820 5567
f 9418 6493 7500
f 4985 4993 6264
f 8329 756 4546
f 7410 2039 1104
f 9770 1481 5476
f 10561 2699 6375
f 6006 1007 4455
f 6317 2272 10682
f 5564 2639 10507
f 6447 8203 7394
f 11342 2748 1521
f 6171 1511 10913
f 8780 1948 10397
f 10783 7079 1173
f 6393 2298 5784
f 11290 4016 4793
f 5349 11565 4538
f 6908 5320 8720
f 9237 10983 4987
f 10462 2326 6311
f 1445 10133 10590
f 4048 9276 675
f 11809 1506 7323
f 6589 10276 11387
f 8859 2375 8757
f 7010 2729 5310
f 8970 2654 5623
f 6003 3497 5039
f 5153 1229 4338
f 6194 4918 5642
f 8703 85 8486
f 12653 743 8898
f 8201 9650 9347
f 5362 6710 2760
f 1705 2965 745
f 7508 5644 6508
f 7329 1630 6948
f 4043 3065 7687
f 7887 9957 7836
f 3841 10500 6342
f 6144 851 10652
f 10944 1143 7003
f 8138 2005 2458
f 11947 1638 10237
f 10054 2464 5390
f 9158 2465 8357
f 4967 4796 9669
f 7324 11551 6110
f 7819 2478 6411
f 6750 2479 4388
f 5019 7432 2481
f 4996 2482 6562
f 8324 2904 8236
f 11252 2862 7166
f 10826 2485 3096
f 7001 2611 6707
f 7374 3074 2492
f 5374 4800 1684
f 11758 2145 5526
f 4485 2497 10062
f 7659 11742 7798
f 11606 8978 2861
f 7636 6356 7705
f 6811 777 6190
f 2809 5237 9632
f 9238 2698 5657
f 7221 1876 844
f 11436 8403 7318
f 773 2548 9904
f 6980 706 4127
f 7492 2532 8233
f 10074 2224 2534
f 7907 5022 6040
f 6219 3816 2538
f 9532 2736 5485
f 10951 1109 11126
f 9419 2540 6136
f 6967 771 1362
f 1515 11089 773
f 9289 10373 1202
f 11486 9674 775
f 6803 11553 4929
f 5569 776 2373
f 2552 8267 2480
f 8605 6811 7280
f 2555 11734 8636
f 7381 1725 7371
f 10160 6431 781
f 6470 790 5678
f 10811 1517 2563
f 7126 9443 6123
f 5993 4959 6925
f 8816 2571 2783
f 2577 11801 1022
f 7728 5758 7874
f 11749 3047 815
f 9868 10309 2584
f 6785 2450 6542
f 3523 2588 10522
f 9891 3085 7801
f 10320 4842 4469
f 8951 2592 5704
f 8336 10202 1577
f 8637 5067 793
f 2601 10778 796
f 10379 7522 3445
f 841 3262 10111
f 11675 3262 797
f 8905 6368 7261
f 11563 1677 1147
f 813 11778 2721
f 55 3577 5167
f 11148 8867 2992
f 2610 758 2485
f 6458 2612 5871
f 11255 6920 7215
f 4716 1828 6742
f 5548 4941 10918
f 10699 9285 1199
f 5414 1088 4133
f 8291 7204 2617
f 10990 2619 8437
f 9611 9584 6033
f 10136 10877 2621
f 2622 3173 8461
f 8239 5744 1089
f 8547 10282 2805
f 9729 2915 9228
f 10343 3514 8376
f 2789 8531 2629
f 11705 11469 3007
f 8838 1185 2635
f 9274 2550 2642
f 10108 2644 2909
f 11584 1497 7757
f 8678 10444 2645
f 5836 615 4368
f 9496 1043 9358
f 11977 5563 10279
f 6906 3818 5662
f 6604 4817 5244
f 11581 6043 5761
f 10769 941 6288
f 11264 3196 8161
f 1099 10871 11389
f 9399 2661 6125
f 11868 8180 10941
f 2663 811 11224
f 10679 7978 7612
f 2721 11778 1529
f 9811 2669 3239
f 814 1254 8150
f 11113 5783 5388
f 10205 2768 10333
f 9139 2325 1404
f 8449 817 8325
f 10086 58 1487
f 6424 5099 8361
f 8684 697 3666
f 7912 931 7099
f 5046 4221 4532
f 10082 9768 9186
f 9027 8041 5406
f 2695 6958 2747
f 19 3386 9523
f 2198 11475 2692
f 826 7475 3797
f 11337 5946 4938
f 7676 1593 6369
f 10866 6838 6131
f 3257 832 5530
f 3639 10296 7777
f 9603 9728 7516
f 9380 2877 2840
f 10555 10767 2716
f 11349 610 5593
f 8523 3572 2718
f 11684 9811 3239
f 2724 837 5778
f 8752 2741 6995
f 7513 2026 5379
f 9757 2558 11504
f 10665 2735 6073
f 9772 2379 1631
f 11376 2737 10111
f 2745 7891 2884
f 10123 845 1827
f 10481 890 9226
f 8718 7937 2446
f 8047 2747 7207
f 2811 846 2629
f 5493 12323 6666
f 7459 10797 612
f 11795 2929 924
f 11160 11657 9173
f 11542 8846 849
f 3925 12067 7748
f 5717 9922 3079
f 9179 2417 8014
f 10070 7925 2762
f 10603 3784 2752
f 11266 854 9317
f 7253 10447 6263
f 11775 2767 2851
f 3244 2803 11861
f 10894 10869 9876
f 9147 4283 4762
f 10240 8044 2773
f 11350 9450 7326
f 12121 2981 9666
f 10034 2779 6328
f 7322 9988 7056
f 10635 862 2781
f 7121 1436 10513
f 10195 2816 6255
f 2784 861 10168
f 3460 11625 2935
f 5298 11537 7935
f 11506 2389 1466
f 8068 864 2788
f 7984 1257 2797
f 10668 1452 4183
f 11472 8801 2803
f 10145 6561 8716
f 10900 3118 3721
f 2928 867 2684
f 11487 2929 10069
f 8732 868 7651
f 5253 9830 2518
f 10762 1489 2814
f 11403 7121 872
f 7741 7671 9235
f 10109 9985 1819
f 1910 11860 873
f 10605 1535 7607
f 12657 4795 4135
f 8160 4152 1852
f 9314 8501 2440
f 6048 3368 5777
f 7560 1713 2838
f 896 2877 9026
f 5217 9380 882
f 6893 2843 6299
f 2843 2157 9240
f 11284 2605 2575
f 1569 11762 11727
f 2849 887 2766
f 11262 2853 3748
f 8584 2148 4553
f 10609 7951 7638
f 6694 10554 8882
f 1238 2507 8978
f 2866 892 2802
f 11346 86 2869
f 11797 7625 5327
f 9592 3162 2873
f 11706 11470 2872
f 7469 2875 6238
f 2811 8636 2840
f 8791 9026 1653
f 627 5239 6303
f 4531 4468 8818
f 4879 2879 5095
f 5941 5484 1869
f 10090 2368 9742
f 581 11394 3288
f 11124 11907 2872
f 11793 2745 8717
f 8632 3059 9199
f 7198 10630 6796
f 8712 3348 5446
f 8401 9257 904
f 8637 793 2897
f 5991 2266 6084
f 11208 4557 8366
f 11656 11659 3757
f 6351 2335 4446
f 3667 2090 11004
f 7603 7380 7628
f 913 5630 11604
f 6026 2902 7869
f 10031 1543 7793
f 10176 2905 6824
f 575 10399 1584
f 2999 10920 960
f 6429 5915 2142
f 11275 918 2562
f 10017 861 1632
f 7169 919 5580
f 9568 1249 10828
f 11655 11755 920
f 10201 791 2590
f 10708 2924 8385
f 8065 7657 9649
f 10356 986 2926
f 11261 3058 1002
f 6204 998 5486
f 11688 2933 4816
f 5526 2498 5415
f 11069 1812 6902
f 1263 3460 927
f 5299 928 5108
f 11491 928 9267
f 9416 929 11048
f 9268 2648 6065
f 11263 9231 2985
f 9470 3184 7912
f 2947 2167 5058
f 8161 933 6534
f 8237 934 2761
f 9160 2961 938
f 2964 941 1705
f 2965 941 10729
f 11032 2967 1510
f 11579 1455 6540
f 10700 12081 4329
f 4424 2155 11151
f 5826 5335 8672
f 9127 2974 5137
f 10166 2975 9413
f 947 1728 6167
f 7301 2957 6307
f 1117 9615 948
f 9755 3286 2988
f 5736 5179 6685
f 11545 4244 5402
f 10788 10421 2578
f 11178 951 2925
f 7848 10264 7803
f 7078 3780 7296
f 11672 11214 3002
f 11613 10645 10299
f 10796 1535 8570
f 10243 10924 3120
f 10924 954 2990
f 2992 955 3670
f 3474 10 6690
f 9011 9727 6309
f 9402 3166 9653
f 10044 2995 971
f 6014 4877 4780
f 6142 3361 5568
f 7805 1460 1545
f 2999 960 2715
f 10740 10209 961
f 11668 3002 1618
f 11179 1177 3479
f 2693 10710 7357
f 8203 10323 1445
f 2981 4038 8089
f 4905 5592 4005
f 9320 914 11515
f 11739 9332 963
f 8299 7031 7310
f 7588 6716 7887
f 8455 6341 2462
f 3019 968 7845
f 7581 1297 3020
f 7142 1519 3021
f 7780 1058 11679
f 9956 3456 971
f 8121 9607 3028
f 11056 974 6709
f 7117 1848 3031
f 5846 11886 2694
f 10959 8247 8026
f 7441 4707 5416
f 2909 5580 6960
f 9843 979 6261
f 11024 11833 3298
f 7490 10875 10200
f 11082 2589 3044
f 3045 11810 1162
f 7301 10214 6850
f 6868 4154 2420
f 3413 1149 3049
f 11582 11098 3052
f 11451 986 3051
f 984 3055 7594
f 10701 2683 7592
f 3056 11045 1681
f 10442 3059 8632
f 8064 11243 3061
f 6909 9420 3065
f 6695 6764 988
f 5494 5468 6353
f 8537 7476 8071
f 8582 11201 3070
f 2356 2116 5372
f 11933 990 6879
f 3074 2977 7546
f 5025 4841 5183
f 8569 10674 8428
f 1553 2815 2796
f 8858 7786 992
f 9342 3078 9329
f 8078 7204 5059
f 10376 3082 3114
f 10344 3083 8952
f 11344 3641 3088
f 11541 3087 7885
f 11678 1030 3625
f 11571 3090 3174
f 10622 6832 7297
f 11462 1562 8911
f 9840 1475 9778
f 4539 4481 7641
f 4364 4024 4429
f 7458 1303 624
f 3099 2930 5752
f 3101 1362 7479
f 10639 999 7734
f 11076 11967 11305
f 11368 1022 3158
f 11101 10496 7461
f 10608 1002 7543
f 11284 2925 6647
f 5292 4643 11379
f 11848 2724 7267
f 9501 3112 8666
f 11922 6983 9485
f 5478 3115 7379
f 12593 7834 9302
f 6019 10900 3721
f 9938 10900 6471
f 9637 4965 1007
f 6711 1009 8795
f 7788 8167 4859
f 5906 3129 4546
f 4601 2479 1603
f 3124 11649 3264
f 11121 2602 7959
f 8334 1507 3128
f 5561 5558 11194
f 7345 1592 3140
f 7274 1070 3139
f 11213 1015 6715
f 8975 1076 1018
f 4674 4545 3152
f 1020 10015 9316
f 11559 1020 2921
f 5056 5870 1021
f 9856 3156 4790
f 9297 1023 10020
f 10403 3388 8091
f 7480 7800 1025
f 9839 3510 6473
f 7416 1026 6422
f 3150 9919 1076
f 9706 2010 5487
f 9061 4738 6124
f 9971 1053 8562
f 11480 87 3171
f 3170 1029 11006
f 8510 1756 1030
f 3178 1032 9893
f 10045 3557 8971
f 8767 6869 7627
f 11267 1033 9165
f 6074 5939 7083
f 10521 11150 7402
f 3486 1690 11913
f 8181 3188 5750
f 9600 3675 11500
f 10174 2359 2004
f 8658 1037 8326
f 11711 11272 1210
f 3546 11591 10495
f 1584 1654 575
f 3200 1041 8351
f 8002 11276 1042
f 8084 2324 10366
f 8997 11397 6669
f 3656 3240 3205
f 8063 1948 7079
f 9045 1837 5852
f 11741 3215 3439
f 7685 3295 10061
f 10473 3359 9348
f 8442 8389 10193
f 9941 1643 4872
f 7503 11144 3249
f 8769 2561 3004
f 10962 3622 1873
f 11676 3230 3256
f 3472 1058 4855
f 11461 11721 3235
f 8679 11466 1698
f 7915 1897 3236
f 3237 1062 2314
f 3240 1063 40
f 9865 1064 2814
f 9102 1987 7715
f 1192 10259 8683
f 10352 1813 1804
f 11524 1707 10661
f 10901 11200 3547
f 9792 956 2139
f 8958 2451 6147
f 3455 1070 8623
f 8020 5772 7451
f 4670 6708 3255
f 10542 7991 4561
f 11288 3205 10365
f 7566 2184 6727
f 8241 1999 9409
f 54 11649 1765
f 3266 7092 3455
f 3265 10594 1152
f 10905 2219 10932
f 10925 1080 3267
f 3 3312 8740
f 11894 8624 3330
f 9548 1000 3158
f 10075 1891 8130
f 8363 1083 3027
f 11676 1084 2608
f 3279 1087 10949
f 9062 8699 3280
f 10461 16 3283
f 10814 1092 2988
f 11223 885 8045
f 9958 9619 3504
f 8939 2399 11838
f 8537 8524 3346
f 7875 1096 536
f 11466 6937 3187
f 10061 1887 3296
f 10764 1097 11364
f 9190 2749 1616
f 7346 1488 3301
f 1551 1098 8097
f 9022 1100 6574
f 11396 11454 8931
f 9464 3124 3264
f 5937 6413 2753
f 10007 1102 2168
f 7992 5964 3039
f 8748 2441 7386
f 10940 11092 5899
f 6085 3317 1788
f 7652 4322 4323
f 3321 1106 4724
f 3224 3351 5449
f 1856 1108 7599
f 10713 9538 1668
f 9524 10586 3332
f 2906 6343 11864
f 4707 3397 1783
f 3341 1118 9790
f 9357 3114 1670
f 10956 2084 11740
f 1752 3345 9566
f 10919 9463 9148
f 10527 1605 6796
f 6397 1889 7198
f 10602 1664 7086
f 9448 2049 6753
f 9783 1859 3350
f 6976 3369 1125
f 9115 3354 6556
f 2173 6969 8466
f 11787 3694 502
f 11580 1060 7314
f 7829 2026 5277
f 7717 1124 2758
f 11328 1871 7576
f 11119 53 3613
f 7767 3513 6754
f 3008 10733 11518
f 8516 3429 1717
f 6381 3579 3606
f 3385 10648 3512
f 9829 1714 1789
f 11341 3668 11202
f 6353 8844 1759
f 9533 3390 1134
f 7308 9208 3504
f 9800 1771 7218
f 6657 5258 6032
f 10015 3399 7680
f 9928 2461 6971
f 9730 1143 2849
f 8397 3404 6332
f 8060 10758 3406
f 6757 4332 11873
f 9703 1145 3334
f 10669 10353 3409
f 5538 5381 7217
f 11187 11435 1147
f 3427 1294 3410
f 9549 3230 3411
f 3049 3235 10816
f 10482 3415 6418
f 11802 3414 10023
f 11687 7858 7252
f 8665 8465 5122
f 7254 9793 2199
f 6327 11942 1412
f 10568 1306 3426
f 8934 2543 2684
f 10196 11927 1158
f 8240 2138 1159
f 6954 1488 3432
f 6441 1871 3435
f 9531 10394 9574
f 3440 3219 3221
f 10233 11059 954
f 1908 11520 7906
f 7866 1898 6827
f 7536 2839 3705
f 3628 3269 1762
f 10292 2847 1169
f 3450 1169 1673
f 9060 1346 7667
f 10003 3531 8936
f 7730 3459 4617
f 11064 10875 9426
f 3875 3769 1884
f 3769 1171 10611
f 6486 11311 3208
f 12658 2258 10783
f 11794 2554 9929
f 6885 1174 1743
f 6224 1261 3467
f 10906 3471 10876
f 7065 1175 1737
f 7604 8673 6228
f 5544 11120 8
f 10641 2334 9108
f 11179 1735 11575
f 11126 2539 6257
f 4802 8781 3481
f 7356 11096 1941
f 8671 2065 3450
f 8081 1178 1791
f 10932 2219 3491
f 10932 1180 3492
f 9315 3352 9009
f 3493 7435 1788
f 5039 1182 5464
f 8308 2028 628
f 9791 576 9140
f 8140 9014 1187
f 10097 1805 9588
f 1841 1188 9504
f 7448 2464 5497
f 4373 4781 1190
f 3570 6494 10823
f 3242 1192 2628
f 7242 1353 6996
f 6556 3354 1194
f 5532 1195 1318
f 3707 11196 11842
f 9713 10116 1198
f 1199 3525 7716
f 3637 1200 3493
f 6179 11550 11555
f 10628 3527 9589
f 9289 1202 7633
f 11184 1755 1202
f 3394 3755 1872
f 11294 11583 5771
f 7521 2031 4945
f 5395 5140 10928
f 6608 6218 11867
f 8608 2073 11647
f 10607 3543 9014
f 11013 3544 11554
f 3548 1210 2621
f 11272 3248 11265
f 8402 7206 8252
f 11786 3551 5142
f 7206 3550 8409
f 10693 1839 562
f 11104 11156 1379
f 2055 1632 6041
f 9883 9977 5961
f 9721 1237 3555
f 11366 1217 5320
f 6689 4562 5898
f 4839 2239 3563
f 6896 3769 10611
f 11449 9798 1782
f 9798 9824 2508
f 7148 705 7843
f 8417 1572 8588
f 6930 1357 1220
f 11094 2246 9406
f 8889 3062 7954
f 6405 5776 7905
f 3585 1221 1427
f 11316 11464 2305
f 3586 616 7061
f 7378 1551 3587
f 3588 1223 2099
f 3589 1223 1789
f 10424 1224 3332
f 10119 10171 1350
f 8851 1751 5481
f 5459 8052 4498
f 10212 2784 3597
f 10336 1228 8248
f 10037 3603 5420
f 6361 10656 1239
f 9659 1570 541
f 11826 6894 3607
f 10879 3608 4984
f 10832 3335 3756
f 1907 3356 8307
f 3611 11547 11227
f 11248 1235 2032
f 2036 1467 3616
f 364 7337 11960
f 7831 2221 4815
f 9671 4150 10799
f 7362 3832 9242
f 3624 3174 11768
f 8971 11623 1242
f 10724 1588 6274
f 10463 1245 11123
f 7412 10810 5061
f 10317 3501 3426
f 5565 3257 3638
f 10450 9779 1247
f 2011 3298 10709
f 9423 9150 3644
f 9502 3718 7807
f 6205 3649 4742
f 11454 1251 12295
f 1975 11910 8335
f 8815 8880 1255
f 11982 8880 11138
f 3657 1256 9029
f 6467 9261 1312
f 11539 2112 1486
f 11100 11253 3662
f 7762 2363 8735
f 3665 11139 6453
f 10417 3568 8024
f 9681 10800 1260
f 6609 2330 5238
f 11625 3460 1263
f 8789 1330 3788
f 8223 3774 3672
f 7006 1264 3317
f 11315 3677 8676
f 11077 2768 9717
f 9959 8134 8422
f 10099 3682 1960
f 11561 9197 3272
f 2143 1271 5492
f 10458 3685 9836
f 1273 3686 9043
f 7515 2961 2427
f 8200 1635 7450
f 7496 1275 6163
f 3692 2215 2240
f 10056 9819 9585
f 10931 1277 8956
f 8154 1277 3564
f 9214 3356 1907
f 5681 4766 5176
f 10355 10328 8100
f 8824 9150 1566
f 3702 1281 6388
f 7177 2413 4885
f 7665 2744 6320
f 1318 9174 6089
f 6468 1352 3708
f 5618 5912 3824
f 8620 10398 1287
f 8742 10076 1287
f 9640 3808 6544
f 10627 1289 9269
f 10937 3715 4988
f 11521 10734 562
f 3792 1293 3799
f 8698 10780 1294
f 10751 3484 10714
f 9149 1678 3722
f 1912 1297 7586
f 9339 9960 1298
f 7260 3735 6191
f 10067 3640 8402
f 10067 1302 6816
f 9905 10326 10231
f 8015 2058 3716
f 5187 11976 2524
f 10512 1305 7855
f 9545 10426 9372
f 3740 2874 2754
f 3741 3629 1892
f 11644 3591 9601
f 7193 1307 3115
f 4981 1307 2101
f 11826 5869 1308
f 613 8438 2105
f 7844 11689 3746
f 2852 11381 1310
f 5480 2102 3751
f 3601 1312 6168
f 7545 2431 6808
f 8359 2419 5500
f 10078 3756 1315
f 4911 3563 2898
f 11372 5175 4893
f 6089 2066 11666
f 10560 3709 5081
f 10996 1319 6363
f 9989 3762 9396
f 11567 2129 8059
f 3763 2269 9500
f 9337 1321 11654
f 10121 6936 6772
f 6610 1912 3768
f 6242 7319 1332
f 8789 3788 10362
f 2064 8675 8228
f 10215 11772 3777
f 8126 1600 5589
f 8174 10506 3779
f 11657 10618 1694
f 6059 5594 7246
f 10083 3788 9864
f 3789 11834 2034
f 8785 3202 7572
f 4982 3683 3791
f 3827 10582 3868
f 11554 2035 5963
f 7958 3793 2210
f 8552 11046 3794
f 7761 1847 3796
f 9089 9116 6578
f 11355 2424 8412
f 11700 6007 8862
f 10247 1337 3437
f 6571 2221 6394
f 8668 10248 3802
f 9194 3631 3807
f 6478 1974 1345
f 7966 1347 4570
f 3815 9478 1348
f 2144 1617 3814
f 7482 10955 2139
f 11746 4870 3630
f 10466 2000 2074
f 10036 11772 3778
f 4519 6693 1284
f 8006 1590 3822
f 11789 1607 3776
f 10305 2012 8116
f 11001 10246 3865
f 6531 2973 4754
f 5138 4688 7971
f 3830 3831 1242
f 11824 6660 7034
f 5833 3029 9133
f 7932 1911 1360
f 8635 6475 7593
f 10089 3751 2102
f 7143 11881 7747
f 10687 10890 1363
f 10458 3717 1363
f 11489 2310 5209
f 7693 6916 7137
f 5037 12416 4704
f 10452 1367 9030
f 9389 1367 8398
f 2132 711 5528
f 8897 39 7768
f 10745 667 5886
f 9338 1370 11577
f 9338 10499 559
f 26 11990 11791
f 11851 3020 5647
f 11242 11677 1825
f 2150 11112 10285
f 4477 2141 1372
f 11245 1374 9148
f 10919 8907 8852
f 4300 11871 1915
f 10439 1376 8815
f 4639 2056 5850
f 1377 3981 10157
f 7136 9808 1984
f 5021 5002 11026
f 7569 8469 2059
f 11377 10721 2133
f 1379 11156 44
f 1380 532 11041
f 10470 3331 1380
f 10198 2975 9021
f 8268 69 5182
f 10937 6859 5360
f 8415 1048 9863
f 1887 8617 3296
f 11249 10451 3534
f 1576 61 1385
f 9132 621 4814
f 2367 5645 6679
f 8988 1388 618
f 9304 6080 1389
f 7254 1389 1985
f 11562 8381 3914
f 2262 41 10970
f 8963 665 1395
f 5412 10868 72
f 4876 9 1397
f 1398 691 7880
f 9570 7684 2232
f 5837 11294 6807
f 8423 4901 7398
f 8881 2174 3301
f 1401 599 10621
f 11073 1430 6383
f 9766 3090 16
f 10690 7879 6400
f 7906 56 1403
f 5495 1404 6488
f 11753 86 1405
f 11713 1405 11685
f 11845 8082 9048
f 1406 47 6621
f 6798 2776 6372
f 10158 9813 8656
f 6262 5908 9708
f 9627 6321 811
f 8548 7219 6833
f 7909 523 1412
f 3879 1413 1586
f 6492 5450 7738
f 7804 2050 6294
f 11234 542 2457
f 1416 11777 887
f 9869 6014 6207
f 1787 60 4620
f 11027 1418 8885
f 8067 1419 3972
f 3087 58 10774
f 8276 10352 644
f 9942 6012 1422
f 7532 1423 1560
f 8787 10777 5688
f 3666 697 1424
f 10800 1424 5855
f 1495 1425 7544
f 9382 8177 6992
f 7181 9 1426
f 9191 1426 3266
f 10797 3585 1427
f 9480 566 1428
f 11479 2146 1428
f 9284 70 7929
f 11571 3283 16
f 5756 5719 7733
f 10560 578 6637
f 6637 1434 4704
f 11438 2021 9642
f 11143 11007 9848
f 6889 10912 6547
f 11020 2980 6233
f 1441 3927 8963
f 7849 3907 7295
f 10560 1442 3709
f 3821 7518 5094
f 11296 2028 1443
f 9036 3005 10590
f 9734 66 1447
f 10024 1866 6612
f 9241 4983 5120
f 10300 11468 9867
f 1450 10835 3904
f 11015 10600 8656
f 7493 7928 11845
f 2858 2596 7675
f 8615 1453 6818
f 9084 11218 5816
f 8387 1454 3815
f 11579 1994 5096
f 3889 1457 1959
f 8986 57 815
f 2202 3883 5348
f 1658 3883 1458
f 9477 1713 8602
f 9097 11296 1443
f 3000 2769 10869
f 7623 34 2522
f 7424 10195 35
f 9624 1464 8217
f 11506 10431 2377
f 7616 3616 1467
f 494 2036 6966
f 10884 9395 78
f 5376 1468 5365
f 8189 2659 7813
f 9754 2162 3936
f 11434 9471 10744
f 10625 1471 5603
f 5835 76 1472
f 3966 3849 5373
f 3446 6333 1474
f 9927 1474 2068
f 9771 8346 5733
f 10355 3893 8696
f 9336 3092 572
f 6323 8515 1475
f 2187 2112 1477
f 10985 1477 3662
f 7396 3985 10468
f 5999 3839 8906
f 9104 10260 9486
f 11013 1482 3792
f 11554 3544 1998
f 10383 2684 2946
f 7857 6158 3616
f 11304 1484 3433
f 767 6249 9107
f 6364 1650 3069
f 7447 3661 1486
f 9810 1487 2679
f 8431 10173 2050
f 2153 553 6954
f 6336 3432 1488
f 3077 2815 1489
f 12066 7791 7039
f 11211 2783 10066
f 9902 3292 10763
f 11799 9751 9714
f 8985 2323 1758
f 10139 2033 9345
f 9736 6570 5291
f 9407 8926 6847
f 8556 9507 4637
f 9912 2016 7883
f 8404 10203 606
f 2648 1497 9794
f 11236 6991 1498
f 504 3518 1498
f 9752 10948 3296
f 6674 2172 5586
f 11380 11369 10016
f 10016 9814 620
f 8356 11030 1501
f 10830 8356 3105
f 9372 10426 1382
f 3672 3406 10758
f 9065 1503 6104
f 1504 7082 7393
f 8074 589 1883
f 7187 1505 12421
f 3128 11078 2813
f 10766 11249 567
f 11388 10982 3906
f 11770 11244 3979
f 2158 1510 10887
f 1510 10519 10887
f 3643 5576 5185
f 7080 667 6875
f 8823 2780 5822
f 8759 9293 8080
f 10187 569 3750
f 3610 2067 7913
f 9809 6002 5325
f 9318 1516 4104
f 9318 2344 7231
f 8627 2313 7868
f 8705 1890 7216
f 9131 579 7294
f 3367 10715 3021
f 7183 1520 822
f 7849 3921 10420
f 6159 3891 10420
f 7298 1521 670
f 10570 11440 8012
f 6536 5072 6324
f 8558 5554 5893
f 7249 2192 7145
f 38 10727 2215
f 3930 1526 9580
f 7870 511 11918
f 10504 8150 6985
f 1529 11883 2721
f 6862 9434 5665
f 10910 5574 7525
f 1531 25 11801
f 9068 8086 1532
f 8719 4322 4435
f 1536 505 3815
f 7541 5702 10140
f 6293 1537 5353
f 8387 2022 1537
f 3849 3966 6759
f 5680 1538 1395
f 9040 1539 10298
f 6329 3311 5461
f 10356 1540 8302
f 11090 1541 4931
f 6298 6137 1542
f 7713 10229 6196
f 9142 977 10893
f 3805 10736 1546
f 9690 7754 1546
f 11282 1794 11712
f 10542 75 7070
f 4833 11848 3109
f 5606 2326 4381
f 5815 1548 2854
f 6457 7070 75
f 11282 10468 1794
f 2209 3300 7378
f 9617 3587 1551
f 10684 11248 2032
f 7688 51 10945
f 1553 3048 7688
f 668 8261 10781
f 4026 3633 5173
f 10808 4672 4764
f 3945 3933 5525
f 9091 2993 6595
f 5467 5275 5407
f 7016 2400 6611
f 6038 1558 4537
f 11972 1559 11684
f 3327 1090 1559
f 5314 1561 3157
f 617 1010 8167
f 2773 8911 1562
f 2771 3093 1562
f 8727 9071 6581
f 9340 1563 7152
f 10488 7943 6297
f 7019 1450 3904
f 8824 1566 6673
f 9150 9423 1566
f 10949 6348 3279
f 7525 1530 11715
f 3007 963 11727
f 10867 50 1569
f 3762 541 1570
f 10562 2129 1570
f 7387 3121 7156
f 1572 799 9916
f 9336 3576 6287
f 6761 9182 4570
f 5646 7678 2398
f 10754 5927 7752
f 7944 2756 5779
f 12067 3925 2459
f 8690 3649 5092
f 11901 3521 8618
f 10248 10684 3802
f 11631 1576 1734
f 1640 3962 3919
f 5533 4631 8590
f 1577 10202 2774
f 5387 4177 8017
f 6456 712 1578
f 6548 1579 3586
f 6433 1579 3095
f 10913 5475 2573
f 7411 3813 6596
f 11431 2628 1582
f 6989 10419 6670
f 11861 9534 11564
f 10416 1584 1040
f 5336 1845 4582
f 1586 3947 3885
f 9195 2940 8162
f 5983 9525 10224
f 8893 10270 7672
f 8962 1587 10217
f 7764 1587 2996
f 8908 6004 3632
f 5741 1689 4657
f 9387 1589 3022
f 8015 3822 1300
f 5821 1590 3981
f 4648 5429 1730
f 11544 66 5110
f 3715 11697 1591
f 8079 3138 1014
f 7210 11875 1594
f 11896 11263 2985
f 10252 4612 4723
f 7648 7207 2345
f 7595 690 7269
f 10030 1596 5506
f 7820 6724 8046
f 1597 6152 8165
f 8923 11 1598
f 9300 1598 3104
f 9378 3810 2074
f 1599 3236 8471
f 7328 9891 993
f 3750 569 9278
f 8519 1603 3123
f 10287 2455 2428
f 9747 1605 3238
f 9495 1606 3519
f 6075 1606 7621
f 6702 3927 1441
f 6414 1607 11789
f 10716 1608 9550
f 604 1609 8739
f 9954 4000 7677
f 9737 2010 6306
f 11173 7615 3300
f 3764 1611 7601
f 7712 11828 8896
f 6126 2086 3768
f 10914 1613 6888
f 7033 1614 5100
f 9834 1616 2749
f 8861 4095 5935
f 3975 1617 5995
f 5680 3814 1617
f 1618 10020 3478
f 10081 10899 3870
f 11548 3745 5535
f 6923 6873 5074
f 11523 1622 3237
f 8315 3963 9288
f 8882 1623 3279
f 5030 2007 1624
f 10782 7686 7643
f 4011 9945 7258
f 6253 723 8697
f 2670 1626 8575
f 6598 701 8831
f 8551 1628 5156
f 7900 4689 5684
f 6499 1630 5502
f 7329 10485 6503
f 10525 2736 6117
f 8054 3211 5115
f 2055 10476 1632
f 9377 8487 7098
f 564 2159 10825
f 10862 24 5867
f 10396 1 3529
f 11207 3102 1050
f 10813 1050 3218
f 11106 9387 1634
f 9387 8714 1634
f 8200 7259 1635
f 9400 4948 5146
f 3539 53 1637
f 1638 11947 5962
f 7171 10584 9373
f 9695 1639 3794
f 10006 576 7828
f 11326 1576 3919
f 7785 5029 6851
f 11471 1878 10239
f 1613 500 8451
f 989 3223 5340
f 8072 2093 4717
f 10663 3663 3391
f 8297 2201 7568
f 3289 2885 1646
f 10423 11394 581
f 1801 519 4490
f 4739 4569 10412
f 9185 4099 5806
f 10084 1780 8004
f 11626 11067 5587
f 7818 649 3887
f 10085 10156 8101
f 10027 11593 3070
f 6058 1651 3255
f 12083 11766 5882
f 7475 11586 6273
f 9351 2496 8254
f 11626 8897 3887
f 10873 3976 11067
f 10322 10257 8209
f 7397 12065 8209
f 6011 39 5587
f 3976 5587 11067
f 7870 7673 3706
f 1654 11392 575
f 3155 3198 11761
f 8139 8950 3795
f 9516 1656 5989
f 7266 3199 1657
f 5109 616 3586
f 9457 1659 4923
f 8206 11335 7881
f 7916 1660 4875
f 9610 5422 8207
f 6186 2154 6682
f 4253 4606 11329
f 11004 1262 5238
f 8655 1741 8245
f 11102 3452 8345
f 11611 92 6606
f 11063 2968 4883
f 3598 2123 4862
f 12003 11021 6171
f 11257 9726 47
f 9083 3364 7324
f 8432 4747 3366
f 11049 1669 9042
f 9608 1670 3114
f 10165 10401 1005
f 9277 4714 5264
f 4426 4022 4113
f 3276 48 1672
f 6169 3277 5368
f 8137 3275 9476
f 2847 3451 1169
f 10649 2891 6940
f 9833 9374 919
f 2843 1675 2157
f 9716 1675 7890
f 11956 9115 2741
f 11484 3354 3722
f 8924 2255 8863
f 5690 945 1679
f 7516 2714 1680
f 2256 10971 1681
f 8660 4021 5612
f 10143 503 4742
f 3131 1683 983
f 9790 7559 3341
f 11815 598 4800
f 3307 11591 8600
f 11594 9953 10541
f 7683 10749 793
f 7721 11545 9032
f 6485 3855 5643
f 10619 513 6747
f 4576 663 1685
f 4529 4745 5901
f 9332 3111 6881
f 11524 11557 9501
f 5113 3603 10037
f 9141 8741 7049
f 7360 10463 6416
f 7191 2739 5311
f 8699 9062 1691
f 1692 927 3460
f 7057 1693 7751
f 9857 30 1694
f 10618 11510 1694
f 10294 588 9517
f 6524 3999 2007
f 11461 1060 11580
f 3360 1060 3412
f 2944 3142 6715
f 2942 3141 7027
f 6437 10162 6107
f 5698 636 4587
f 6634 555 5994
f 1701 5469 3095
f 9500 11835 62
f 8259 3848 5700
f 6298 6898 4439
f 10314 2560 8270
f 8270 1703 9020
f 7063 1704 7824
f 10022 8764 11102
f 5827 5683 7259
f 8085 517 9861
f 11203 5904 3370
f 7774 506 1708
f 9311 1709 1179
f 10482 7877 8739
f 10579 8739 7877
f 9403 4890 5534
f 6792 6301 9218
f 1024 1712 4973
f 11172 9097 1443
f 8513 21 7997
f 8444 2919 8029
f 9467 11716 1943
f 3171 11333 1716
f 1716 9046 3392
f 11202 3668 3061
f 11202 1045 8771
f 11227 9153 9559
f 1720 2790 10843
f 10138 10457 1720
f 9072 4047 8151
f 10381 1722 4635
f 11200 10953 1723
f 1962 64 10518
f 4064 6475 4863
f 7409 11130 6775
f 11145 1935 3265
f 7464 6570 2305
f 8794 10728 4783
f 8738 1125 498
f 7775 3309 5996
f 10818 11852 5739
f 11574 6625 6648
f 9250 1729 539
f 9391 7473 3131
f 3412 3293 1095
f 11271 10999 1732
f 11249 10766 1734
f 1795 11631 1734
f 11575 1023 3394
f 3357 11002 1736
f 11177 3357 1736
f 3912 10614 8470
f 11128 2401 595
f 11128 1740 7855
f 8963 1742 1441
f 9870 3849 4949
f 6267 3972 3468
f 12016 3466 8224
f 9442 816 5157
f 3284 10008 10461
f 7461 634 7000
f 1637 3440 3221
f 9391 535 1731
f 6258 9059 4711
f 6941 4961 5192
f 10268 2618 1748
f 8585 3566 8187
f 10775 5548 1750
f 11463 1111 28
f 11884 10596 2323
f 7850 6511 8442
f 12014 9718 1755
f 3174 3625 11768
f 11768 11725 551
f 7494 2874 1757
f 7470 5795 2352
f 5795 1758 8426
f 6531 11900 705
f 9744 7289 1759
f 8844 3067 1759
f 11521 562 1760
f 11803 789 3540
f 10690 1761 8069
f 11717 1762 9192
f 1082 3269 11612
f 10786 11325 10155
f 10661 11265 3248
f 1849 10235 8349
f 11750 11509 1765
f 1018 8219 8975
f 10474 1766 3456
f 3542 1064 9944
f 7485 1175 6766
f 11964 11650 6438
f 11151 3254 4836
f 3285 7256 9129
f 10497 3949 42
f 7462 1769 7759
f 8903 4536 5246
f 10293 1177 8806
f 2436 11314 9800
f 6372 1407 5210
f 9001 3941 5448
f 2443 2452 1776
f 10564 7327 6912
f 5084 1777 9367
f 3287 3504 9208
f 8869 1778 7662
f 11858 5250 5499
f 11129 1780 10329
f 9392 1781 5996
f 10057 8826 6671
f 2276 11193 3574
f 9858 1783 3397
f 9277 1784 5359
f 882 8901 5217
f 7554 647 6706
f 6706 2953 11137
f 7350 1785 7113
f 8425 1785 6839
f 11610 2728 5516
f 1788 3317 9455
f 11247 3493 1788
f 1223 1111 1789
f 5835 1790 3891
f 8745 607 7622
f 9726 10274 47
f 1795 4015 515
f 10973 10007 1796
f 7067 3984 6230
f 11631 2020 1797
f 10235 2020 1764
f 5083 519 1801
f 2212 512 4476
f 568 6844 9525
f 6794 525 9005
f 1802 10648 1132
f 7856 527 10692
f 10146 9576 9401
f 11271 9715 3678
f 8974 1807 8715
f 7597 1264 3724
f 7597 1808 3673
f 2372 10071 8629
f 9262 3804 7823
f 9939 1156 1810
f 1810 514 10789
f 7015 3923 6199
f 152 5219 177
f 11134 847 7607
f 9672 10605 8036
f 7646 2402 9323
f 10400 1359 6709
f 11069 9923 926
f 1813 10352 8436
f 10838 8441 3602
f 9682 3600 7933
f 11205 3809 5104
f 11087 1814 3322
f 9029 1815 9193
f 8394 4727 4079
f 9853 6597 2433
f 5126 4625 9691
f 5510 2881 4962
f 6285 5047 9103
f 9571 600 5228
f 11457 8231 5975
f 9163 3534 5579
f 1191 8594 3030
f 7755 62 7703
f 3216 9395 2103
f 3599 1921 4740
f 10543 5900 4611
f 11833 11024 3642
f 11310 9335 10709
f 10814 3286 11023
f 7442 2887 6668
f 845 9817 1827
f 11556 1827 11983
f 5314 669 1828
f 8652 5653 5658
f 6498 5529 6148
f 9035 1831 3606
f 9887 9746 8419
f 9206 7021 7900
f 9168 9817 796
f 9722 1833 2242
f 8153 1168 1834
f 5767 4505 5087
f 4154 4735 6182
f 10616 3958 6817
f 10118 3873 571
f 10559 11289 1457
f 8216 9861 517
f 11162 1216 8430
f 10693 3542 9944
f 11192 3611 10741
f 7639 1842 3659
f 9417 3099 6768
f 9393 3290 6362
f 6730 5628 8300
f 8053 8791 1846
f 3797 8846 10793
f 9976 2196 11733
f 975 939 7117
f 9412 3877 4702
f 5382 5281 6974
f 9201 3800 1851
f 11846 3801 11378
f 9451 4202 4787
f 7389 1006 6019
f 1830 3626 8393
f 5911 5278 9750
f 10145 9825 6837
f 9535 2031 7565
f 9535 1857 5285
f 8375 1858 7189
f 5973 5853 1859
f 5853 10223 537
f 9121 3509 6389
f 10628 8528 3559
f 6006 1863 5011
f 11732 6386 6145
f 11054 646 5764
f 10654 1866 5122
f 9786 3677 6425
f 9474 775 8141
f 11573 1869 5015
f 5617 660 4835
f 3532 3755 7667
f 1872 496 3394
f 1873 3229 1240
f 11010 11062 11624
f 11117 3539 7964
f 7974 7990 5956
f 1877 656 6633
f 3094 4429 4487
f 7772 4351 4364
f 11182 2681 8650
f 11881 6534 9354
f 10449 2355 9541
f 6870 4669 4298
f 8900 1882 11157
f 11771 1884 3771
f 11566 4550 4761
f 1885 4944 632
f 8500 1886 5215
f 8910 2504 7769
f 11356 3612 10464
f 15 1891 7924
f 1892 10227 541
f 8535 1834 1892
f 5912 3487 8266
f 10782 1895 7258
f 9252 579 9131
f 11452 10534 11769
f 7866 1166 7134
f 7564 8972 5823
f 10115 7 8347
f 4350 9366 10324
f 6032 5138 6560
f 8549 597 5134
f 9098 1903 3636
f 1904 11847 11644
f 5089 3978 75
f 4473 8265 4303
f 11365 7975 6473
f 9288 1905 7756
f 8825 704 4385
f 11218 92 7650
f 7914 858 1906
f 10885 10841 10425
f 5750 1909 3294
f 2389 571 11371
f 10361 11521 2822
f 9721 1214 9242
f 7454 3766 1324
f 9688 646 4928
f 8888 943 2333
f 9818 5369 4058
f 11196 3520 1920
f 8003 11196 1920
f 9328 10247 3799
f 10803 6370 5899
f 6860 9943 1371
f 11324 8916 3935
f 87 11480 11112
f 3391 3663 11100
f 9295 1924 9284
f 3785 10189 8773
f 7036 4708 3604
f 11221 7724 1925
f 6803 2261 6538
f 10450 1926 11323
f 3737 10450 1247
f 5565 1927 3639
f 7839 5743 7391
f 7673 7771 1928
f 6675 1322 1928
f 11963 3063 1929
f 5659 1929 3063
f 9711 501 1381
f 11528 1933 5721
f 7217 1146 5140
f 10928 1934 5688
f 11145 1079 1935
f 6234 3421 9511
f 10017 2908 918
f 10417 1937 3350
f 9506 1937 5535
f 10519 1939 3530
f 3356 888 11576
f 8897 10164 3887
f 11096 7356 3483
f 1941 503 3836
f 11081 4472 4861
f 9527 499 3859
f 11095 9467 1943
f 9795 1944 2374
f 3811 3820 1945
f 9622 9262 3585
f 8269 9626 45
f 10079 5570 10335
f 7873 7656 1172
f 5119 2731 4567
f 8196 10509 4870
f 6399 3806 6944
f 8782 1219 11139
f 11601 1409 6453
f 5093 4951 5222
f 6520 5069 6174
f 11289 11144 1054
f 9662 3889 1959
f 5652 2520 4659
f 599 1401 7105
f 7023 63 11616
f 11481 1293 8550
f 11156 11104 1964
f 7853 3946 6786
f 6903 3467 1174
f 3896 2033 44
f 1967 1435 9645
f 9599 6228 722
f 1968 11598 628
f 10827 8686 8046
f 10374 9837 8421
f 6235 5616 8111
f 8252 5967 6774
f 7704 2 7296
f 11769 10534 3650
f 10072 3231 6901
f 9720 4347 4444
f 8030 4211 4582
f 2294 11653 4360
f 9061 1973 7244
f 9631 1973 7212
f 501 9711 11216
f 7400 27 7072
f 9146 1976 9140
f 10040 10257 10322
f 11592 1983 3634
f 7586 1983 3635
f 11615 9077 5713
f 2907 917 6080
f 8042 10558 8018
f 6322 9955 4702
f 11071 8783 6318
f 3482 10951 11126
f 7460 1987 8315
f 8833 5574 6603
f 3830 12124 10902
f 11051 11127 1247
f 5648 1991 5152
f 2357 9049 1993
f 3580 2785 10172
f 10083 3879 11241
f 8025 11497 42
f 10232 8701 7644
f 9054 6936 7122
f 11465 2035 8169
f 9948 8593 7949
f 10019 7832 1476
f 532 2013 3746
f 9657 2001 9138
f 9624 1311 3751
f 7428 5753 8227
f 5932 4736 5831
f 728 11780 2458
f 10667 624 1303
f 6687 1303 2996
f 9702 4439 4521
f 7253 10107 6831
f 12054 7729 10817
f 11432 546 5030
f 8599 74 4596
f 11011 1969 9355
f 9261 1256 9771
f 8533 2923 7022
f 8677 3088 2011
f 1380 2013 532
f 10890 49 2014
f 9887 1157 2014
f 10306 1109 7053
f 6500 1109 10951
f 8932 2015 1513
f 8932 3750 1267
f 1671 718 4412
f 11025 11596 6683
f 11336 666 6882
f 7859 6493 3689
f 9284 2019 3615
f 2020 11631 515
f 8783 3974 6635
f 10169 1163 954
f 6352 3823 5353
f 4809 1442 4607
f 10035 1503 6480
f 11052 1336 7998
f 10499 9338 2024
f 8462 2024 6713
f 1237 2025 3618
f 7181 1358 7034
f 10064 11108 7513
f 7829 2729 5770
f 6567 2052 5721
f 6889 1437 5151
f 9999 2028 5010
f 2028 11296 628
f 7488 1236 2029
f 7689 69 2029
f 8368 4086 5682
f 10139 1493 1331
f 1379 44 2033
f 11465 7670 10092
f 7342 2037 4915
f 7024 5813 7878
f 6460 12416 67
f 10188 7693 7483
f 8085 9031 7635
f 9947 43 8559
f 10582 3791 2046
f 4672 2049 5161
f 3904 90 9635
f 9355 9837 522
f 8772 1417 5999
f 10777 9428 8127
f 1385 61 10451
f 6497 10249 1984
f 11147 1290 2053
f 1591 3708 5504
f 6731 2054 6900
f 5702 7541 1536
f 9708 2666 2057
f 10403 556 4792
f 10089 3998 8226
f 9491 569 7963
f 8929 9482 1427
f 10148 1151 3375
f 10167 4344 79
f 5773 9510 2062
f 4385 2062 9510
f 9294 9038 9871
f 10982 2063 3906
f 11153 6296 5866
f 9365 9813 7294
f 10274 8675 2186
f 8333 9807 1126
f 8741 2069 6455
f 8909 2069 5180
f 5214 4921 6575
f 10080 3132 6839
f 8857 836 7533
f 10260 3651 9998
f 10171 2074 11961
f 10280 8604 2075
f 8950 8139 2075
f 8242 10434 7071
f 8318 4495 5261
f 6107 703 4995
f 6001 1232 2078
f 3521 11901 3587
f 9930 2080 11634
f 4682 4671 8899
f 4445 2081 8899
f 9933 3040 8581
f 2082 1438 7762
f 3950 2414 5551
f 3236 1599 7453
f 8012 10467 6326
f 10411 7197 11770
f 7946 10465 1292
f 5654 3768 2086
f 8006 1352 2087
f 7770 553 2088
f 10685 3520 7942
f 10545 8038 9230
f 9848 3861 90
f 10879 1047 7691
f 6916 583 2090
f 7351 6916 2090
f 7157 2091 3363
f 1361 11662 2718
f 9188 1043 6814
f 5088 11659 3758
f 5892 9454 981
f 11595 642 4978
f 8220 8529 8212
f 10642 9673 7062
f 5037 2098 3744
f 2395 512 7681
f 6066 2723 4448
f 6672 1649 4450
f 10220 3987 5266
f 8498 2105 4573
f 9198 3795 3913
f 7961 3780 7113
f 11217 685 6623
f 5847 3991 4828
f 11447 3443 8215
f 2341 11780 6334
f 11689 3973 8661
f 7827 8170 536
f 10868 3981 8902
f 4464 3986 2111
f 2112 11539 1477
f 9495 543 7285
f 10785 1534 6800
f 8999 10001 619
f 1318 1195 5081
f 11501 10768 2115
f 7600 2115 3937
f 5552 2116 2356
f 5068 2116 3638
f 5880 5421 6108
f 10206 7631 2120
f 5319 774 5611
f 6999 5090 6975
f 3311 7264 2612
f 8126 1327 7367
f 2123 3598 5101
f 11141 5101 4459
f 7625 870 11208
f 1514 5024 8077
f 6638 2126 2418
f 10011 9479 5620
f 6724 1597 8165
f 9931 3861 11142
f 10100 2154 6866
f 12 13 3863
f 9171 8407 3688
f 6678 3222 10532
f 11034 2128 6682
f 9539 93 6272
f 11710 7395 8552
f 7395 2130 8384
f 5844 4687 5188
f 8766 1642 4692
f 6465 11400 4559
f 269 5345 4273
f 7438 7104 4906
f 6484 2759 4576
f 6867 5084 6178
f 5259 6957 3026
f 5532 68 2137
f 9053 1422 8797
f 2140 83 2459
f 9633 4401 4477
f 5915 6429 2906
f 10805 1364 9966
f 6983 3281 5359
f 6293 1478 5995
f 9659 1231 2146
f 11479 29 2146
f 9424 9503 2776
f 5943 31 5895
f 6385 2897 5464
f 4553 2855 5063
f 5577 10809 504
f 3874 2463 5787
f 11253 87 2150
f 11308 9943 8916
f 6083 2229 5455
f 10840 1740 8545
f 7857 553 2153
f 5701 7013 2153
f 7182 10100 4901
f 9614 1501 7163
f 9240 1094 8555
f 11957 2158 10887
f 11888 9915 3
f 4137 1491 6428
f 9651 2159 9049
f 11523 564 10825
f 5417 3848 4489
f 13 3852 9652
f 2163 3096 11195
f 9619 687 6918
f 2436 9740 11040
f 7978 8061 11445
f 11372 5870 5354
f 10968 9992 7283
f 1059 5166 5264
f 5058 2167 5166
f 10806 2168 2452
f 11460 10007 2168
f 6684 4676 7735
f 8617 2171 5856
f 8073 2171 5347
f 6606 92 6674
f 9084 1453 8595
f 8097 3301 2174
f 2746 2108 691
f 9105 2399 2175
f 4245 4102 4543
f 7089 1113 4685
f 5254 1500 4686
f 6403 11579 5096
f 8540 6641 5191
f 10143 4869 2841
f 7458 997 2178
f 6548 520 2178
f 4009 9335 8440
f 9925 2391 4512
f 9344 1499 6658
f 10917 714 7605
f 10996 10273 3759
f 8451 1642 6354
f 7566 9170 940
f 8481 2184 8912
f 6876 2185 3151
f 47 1406 3938
f 11231 10164 7066
f 513 2112 10371
f 11751 6479 6608
f 6993 3944 6515
f 6515 3944 7422
f 7548 10192 6777
f 7272 7152 7249
f 9272 1493 5994
f 10843 10740 2194
f 11635 2583 2194
f 10715 3367 2838
f 7943 1565 6297
f 2195 6804 6931
f 1578 712 10048
f 5598 765 4634
f 8151 6091 3915
f 5327 894 11797
f 6565 2197 6213
f 10784 2198 2692
f 9304 2199 5057
f 9793 7254 7433
f 10436 5206 732
f 8235 3594 6874
f 8829 1700 7568
f 10381 6371 4942
f 11132 10773 649
f 3945 2234 5799
f 4734 3933 3945
f 2583 6470 7534
f 10480 597 8960
f 4394 2205 4376
f 4376 2205 4474
f 10981 2338 3876
f 2235 508 9301
f 8261 10516 10781
f 9055 6593 2208
f 11447 11793 8695
f 8090 1222 2209
f 5469 3300 2209
f 7764 520 1658
f 10584 80 2210
f 8005 5509 6160
f 10412 3421 4876
f 10087 3970 11361
f 8507 5528 6619
f 10348 2388 2214
f 11294 1541 6807
f 10702 11443 38
f 2215 3692 1276
f 6079 2216 5705
f 249 5079 12354
f 11158 2217 9036
f 10327 7047 5204
f 10864 1882 7931
f 5184 3025 6703
f 11393 5397 4886
f 6584 1154 7587
f 7821 11715 1568
f 10547 1624 7172
f 5235 1624 2007
f 7520 3864 4819
f 8048 10248 7250
f 9616 2534 6239
f 10746 7528 2225
f 11268 1441 1742
f 6445 9459 2761
f 9806 10428 1777
f 10014 3947 8330
f 9709 3850 6489
f 10769 10729 941
f 9795 652 9321
f 7222 9618 5624
f 6418 9397 1150
f 5254 3905 6672
f 6910 6806 9736
f 9128 7682 6749
f 7346 1098 2234
f 10768 11501 508
f 7088 1744 5584
f 6819 2096 5088
f 5171 7683 8257
f 6111 5930 9884
f 8372 4593 2239
f 4575 3563 2239
f 7884 41 10570
f 7755 3902 3763
f 11646 1931 8357
f 10468 11282 3966
f 9449 3325 6192
f 6335 3846 1742
f 8871 1600 7450
f 9648 2380 1266
f 10300 1382 7382
f 5830 4788 7208
f 10295 9379 2945
f 10278 779 7709
f 7879 7313 2251
f 6734 625 7854
f 6802 6882 5543
f 11433 7649 7043
f 9902 658 6069
f 10732 11120 5492
f 4983 7698 651
f 7701 8863 2255
f 8668 5581 6291
f 10783 2258 2260
f 7411 2259 7008
f 8460 5646 2398
f 1576 1385 1734
f 41 11754 3692
f 7564 7490 1899
f 9886 3977 8657
f 12365 12367 242
f 10806 548 5790
f 8429 8039 6481
f 8959 12188 8977
f 11427 7824 8214
f 8823 5768 6719
f 9861 1635 1706
f 2020 515 8255
f 8487 3582 5588
f 3924 12651 11992
f 8900 2274 1715
f 1774 727 10682
f 1120 2277 2428
f 7939 3985 6354
f 6912 2279 5312
f 9774 2280 2337
f 3883 1658 6745
f 7069 2068 4638
f 11432 2282 4883
f 4887 5049 3599
f 11784 2337 10710
f 7170 543 5197
f 2286 3764 5248
f 11379 4652 4384
f 8322 2289 6196
f 8327 11260 6524
f 4822 9842 4379
f 10150 4554 4749
f 10806 11460 2168
f 11519 1796 7468
f 1849 11046 10235
f 7749 2296 7419
f 8758 3147 2297
f 6840 2297 3147
f 10038 4193 5997
f 8378 4991 5460
f 3176 9157 2300
f 9490 3132 6799
f 9671 10093 9154
f 2301 4063 9980
f 2322 577 7994
f 9468 2302 8108
f 10800 10315 1260
f 5257 10501 727
f 4383 2181 10624
f 6557 5916 9210
f 89 2305 6570
f 7464 11464 10695
f 6505 9737 1027
f 11471 6605 6533
f 8343 8115 6193
f 8343 900 5375
f 10347 2308 7574
f 10244 7547 6514
f 10177 3725 6284
f 4529 5901 11948
f 11669 5083 11489
f 11433 564 10997
f 10997 2314 3917
f 2530 588 3704
f 10046 2504 7486
f 9689 3560 8135
f 8912 2963 11360
f 11839 6539 10615
f 6483 8142 2318
f 8693 4009 2180
f 8001 9147 6891
f 10274 9726 11327
f 10596 11884 1751
f 8985 10672 640
f 10766 1508 1795
f 4946 2287 4902
f 6088 9175 4660
f 9237 774 5410
f 4925 4768 9669
f 7648 2005 7269
f 11859 2328 9333
f 11716 3859 1943
f 8128 4578 4878
f 5470 1864 4768
f 6477 2224 4850
f 10323 8203 5566
f 946 2333 10068
f 10043 2334 8106
f 2307 6374 9108
f 10501 5257 6351
f 8500 607 6801
f 1055 962 10710
f 2207 11347 2338
f 3491 3876 2338
f 7255 2339 7766
f 7510 659 7808
f 656 4107 6633
f 1724 12628 2365
f 10811 782 5693
f 9812 1225 6817
f 10574 4837 5121
f 10604 7231 2344
f 7004 2747 6958
f 9606 4695 12154
f 7595 11809 939
f 11295 3063 5888
f 9057 615 5433
f 6441 1161 5124
f 8593 9948 83
f 2350 4230 4881
f 8616 997 2351
f 4857 4578 5399
f 10393 5215 5934
f 7977 1326 5854
f 691 1398 11802
f 2362 635 5159
f 12116 5148 5323
f 6432 3161 7923
f 6062 5324 9494
f 10235 9124 1797
f 8148 2354 8034
f 11039 19 2920
f 11507 2393 7763
f 10934 9437 9541
f 11071 3877 8349
f 9979 10050 4574
f 7917 5653 5820
f 10070 853 8084
f 10228 8657 3977
f 9050 4344 4350
f 8751 602 5454
f 10174 8124 1037
f 6559 9595 5150
f 4874 8352 12280
f 11820 2280 9774
f 11943 1019 10892
f 4694 635 2362
f 1104 2363 5964
f 9832 2364 8987
f 9518 2364 5527
f 9023 2271 4646
f 6635 8194 2365
f 12075 1539 11838
f 9275 1226 2366
f 8311 1142 5286
f 7553 722 8212
f 7867 1888 6020
f 10294 1695 2562
f 2368 2884 7467
f 5610 2369 5695
f 6906 10933 6142
f 5857 5239 9678
f 4676 10533 3252
f 9381 2372 5917
f 10071 2372 8303
f 840 604 8000
f 6386 2373 776
f 6010 2551 5569
f 9795 11947 3711
f 7042 6153 7674
f 9447 1588 5311
f 11766 635 4610
f 10431 11506 2794
f 10620 10028 3993
f 5448 4002 64
f 10095 2379 6636
f 5907 899 6314
f 9832 594 2380
f 9648 1266 10664
f 7163 3939 7334
f 10009 7936 6794
f 8182 875 5952
f 12124 11312 3626
f 2384 7991 1072
f 11766 2384 5882
f 6071 8734 6185
f 6631 2386 4910
f 8919 1836 3889
f 2505 3882 6517
f 6576 10334 4677
f 11728 6865 10117
f 10620 571 2389
f 9136 2390 7560
f 9505 8257 4673
f 11530 2485 9558
f 6955 2392 5009
f 1313 2737 2393
f 7763 2393 8462
f 1498 2149 504
f 8574 742 5396
f 7766 1803 7162
f 8820 85 8051
f 2519 11897 6290
f 8557 5331 11045
f 2101 1307 7681
f 2395 6517 512
f 5520 2396 2534
f 11513 2535 7539
f 7008 2398 7678
f 4566 4422 2023
f 6880 2197 6236
f 9655 586 6104
f 11336 2018 6541
f 7024 5134 5280
f 11466 8679 2414
f 9105 2565 9019
f 11872 1093 8939
f 9540 626 7711
f 6299 883 5424
f 10512 9851 8746
f 6181 7124 686
f 4516 3081 5465
f 5044 4130 8232
f 8993 3882 4490
f 7687 1268 4534
f 9950 2095 7669
f 8039 5813 6365
f 9918 1615 5305
f 10960 5902 10051
f 10361 11634 2080
f 2407 8041 822
f 10810 1245 6465
f 2409 522 11142
f 11403 872 11142
f 619 2728 9450
f 9238 2521 6375
f 4403 4318 5845
f 10917 1858 6866
f 12286 5305 1615
f 5188 4849 4951
f 9975 2411 11125
f 1978 3056 1681
f 11388 1509 3873
f 4179 12247 12211
f 222 4572 202
f 7177 5533 6439
f 11060 1702 2004
f 6686 2415 7044
f 6580 6037 8102
f 4020 650 7247
f 8136 1993 6615
f 11383 9407 5775
f 7600 11821 2115
f 11347 11501 11177
f 11352 745 2965
f 1942 10651 4527
f 5385 2418 2126
f 6199 2435 3961
f 7219 2419 1411
f 8488 1626 5644
f 7305 1437 5817
f 8141 2549 1916
f 5659 1144 2422
f 1922 3935 8916
f 10938 7394 8203
f 10617 2424 8437
f 11904 11154 897
f 2242 1833 10056
f 11840 3948 8243
f 8930 2274 23
f 10527 1120 7816
f 6179 11555 1980
f 8279 8273 7545
f 11555 2432 1980
f 9802 4327 4370
f 7847 2109 2083
f 10285 11112 1371
f 9209 4369 4752
f 12499 12397 2434
f 4944 3923 632
f 7526 11859 11040
f 1940 7768 6178
f 7908 4084 5251
f 9957 8286 2596
f 1456 3508 5367
f 5235 74 2222
f 5755 1338 6533
f 9314 1875 748
f 9591 4381 4384
f 6746 4831 5421
f 6746 2442 5428
f 10269 548 2443
f 8418 2798 10308
f 7422 2444 7322
f 2103 2265 10269
f 2447 11259 11234
f 8711 2448 9213
f 9106 2448 9905
f 4605 1696 5829
f 6140 2586 2450
f 8955 750 6055
f 7205 1520 648
f 8414 4170 5028
f 2168 5937 2452
f 2452 2443 548
f 6633 9803 9415
f 11946 2453 5957
f 6123 5062 6999
f 8917 2454 6512
f 788 4755 5848
f 2314 1062 11455
f 8341 2288 8119
f 4751 2042 10029
f 10659 5864 7935
f 9260 2456 5379
f 11157 10155 11325
f 697 11665 11295
f 8022 6384 4533
f 357 11934 6092
f 6417 5367 3031
f 8974 3203 7100
f 6518 7817 6246
f 8173 11105 7003
f 11302 2513 9213
f 10502 2850 8944
f 4803 1190 5928
f 10800 9681 3666
f 8994 2408 7360
f 2222 74 8994
f 8411 850 8193
f 10131 1638 753
f 6295 8651 11952
f 7464 10695 5775
f 7599 10916 1856
f 2206 9017 6186
f 11395 3506 6232
f 667 2678 11018
f 3481 8156 7851
f 11209 3481 8781
f 9318 4257 1516
f 4802 3481 7851
f 2241 62 9158
f 6379 11858 1779
f 6840 1017 6409
f 633 2276 10262
f 11193 8798 1782
f 8395 9847 5943
f 2281 7184 11760
f 8035 582 5065
f 8990 4693 4885
f 7263 2636 8561
f 9948 7729 2459
f 10817 2470 8241
f 4288 6426 5206
f 10613 959 5053
f 7506 3818 6110
f 7904 2235 7088
f 10007 11460 1796
f 11015 10907 10253
f 11232 2476 6206
f 8399 4445 7772
f 10100 11319 4901
f 6372 2776 10963
f 8854 2777 6525
f 10102 2727 5218
f 2235 1560 10768
f 11347 1180 2338
f 7084 2553 4601
f 7062 10922 3710
f 9950 10623 7871
f 12422 12418 11973
f 3147 624 7432
f 9679 2484 6472
f 10985 2150 3952
f 7608 5279 7001
f 2485 6594 3096
f 8930 23 10287
f 10989 2697 7556
f 9156 2486 9353
f 11632 2486 2447
f 9166 759 8028
f 6275 11256 2120
f 8218 3697 7779
f 2338 10981 2207
f 6324 2495 1523
f 8577 2496 7924
f 11758 3407 4675
f 9183 2591 7059
f 4842 9183 2498
f 9435 3871 2101
f 6441 3435 7806
f 7948 1465 5895
f 8198 760 2513
f 2500 6797 565
f 9677 2501 2503
f 6632 6452 7739
f 5336 1585 4423
f 9552 9052 2180
f 10197 7754 2544
f 9690 3804 7479
f 10134 2503 10671
f 10736 2503 8895
f 10046 10476 681
f 6000 4693 6501
f 4335 4318 6853
f 3882 2505 5607
f 8088 9334 623
f 11353 8298 9212
f 9446 10801 675
f 11424 2117 6193
f 2694 763 5846
f 11606 2861 2483
f 6788 5097 712
f 1238 2694 7798
f 7151 757 6472
f 6982 2863 891
f 3013 11976 7038
f 764 3012 8753
f 7705 8879 4709
f 5299 1628 928
f 9896 11840 2213
f 8271 4934 6088
f 2196 2860 10048
f 5410 11303 2510
f 8883 736 5810
f 1263 927 2934
f 8282 802 8173
f 8664 10794 1263
f 8284 9632 5237
f 6512 2806 6617
f 9127 7457 4164
f 4659 10666 4847
f 2522 5041 6201
f 7623 6344 9551
f 11235 2524 8221
f 5629 2617 7443
f 9705 2525 4709
f 10338 8485 11568
f 10427 3012 5649
f 7299 9376 767
f 6030 8582 2528
f 6317 5739 10433
f 9735 10004 8477
f 11301 2547 9160
f 5790 9873 1775
f 6563 5673 8112
f 8980 3209 8947
f 6347 4127 706
f 11363 3583 6607
f 9742 2368 2530
f 2413 1121 8710
f 9341 2302 8298
f 7125 2531 6136
f 9928 3684 753
f 10922 2461 5962
f 7962 11561 3272
f 8360 2533 10237
f 7773 11352 2965
f 8189 676 8258
f 9616 4807 704
f 10074 2534 2396
f 10074 769 6024
f 8790 2330 6763
f 8903 6239 6477
f 8144 743 6595
f 9458 699 9093
f 11118 10790 2285
f 10176 703 3038
f 9419 1100 7962
f 7937 720 6373
f 8643 6106 7125
f 8360 768 6116
f 10529 10833 2804
f 9322 2488 2542
f 11086 10639 1362
f 8934 771 6967
f 7724 11221 666
f 773 11837 8468
f 8588 3576 10063
f 2547 9882 2427
f 10098 11301 8468
f 9904 2548 7843
f 5319 9024 11496
f 11971 6277 7267
f 12237 5611 6277
f 10686 9289 7201
f 11486 529 2891
f 7316 11486 2891
f 7725 3759 2183
f 5689 738 10575
f 11660 738 8098
f 5508 2551 5001
f 2480 11732 2552
f 10487 11219 6617
f 8605 7085 2983
f 7280 1512 5131
f 2271 11640 8774
f 9023 3974 4015
f 8636 9380 2840
f 2556 3127 9253
f 11358 6947 2630
f 7952 8979 6818
f 8323 2249 4943
f 10278 6055 2587
f 10711 779 8490
f 7002 1725 6808
f 11399 11550 6179
f 7409 3753 648
f 8769 8607 7371
f 10107 4521 7164
f 9850 10160 2584
f 9612 10294 2562
f 918 12046 10168
f 11798 782 10811
f 9326 7593 782
f 7620 668 6800
f 6393 4776 7366
f 9105 10023 11708
f 8262 7651 868
f 6883 1344 5993
f 9557 8412 6253
f 8761 2569 1988
f 11010 1240 9692
f 11760 5348 2281
f 10632 8839 8177
f 10026 8484 9551
f 2864 785 11919
f 7365 11357 35
f 7060 1581 6681
f 11404 11171 2574
f 7372 787 2575
f 11171 9337 2574
f 2575 787 11178
f 2578 951 11178
f 8917 7728 5457
f 5656 6580 8102
f 9486 1480 4009
f 5042 4320 5007
f 3541 1208 11088
f 789 1208 2581
f 6108 5678 7179
f 11334 2964 2956
f 7502 2585 7287
f 2588 3964 6626
f 8373 3044 9312
f 9438 1929 2422
f 10201 2916 8392
f 10201 2590 8010
f 9331 593 2591
f 3898 609 5786
f 7683 793 5067
f 8336 2772 7522
f 9010 11429 2602
f 5944 5317 6316
f 7815 7241 2502
f 8286 9529 2596
f 8637 908 4590
f 7508 6970 7063
f 11020 8626 8525
f 10778 3867 796
f 8325 2601 6056
f 9817 11748 796
f 6208 9010 2774
f 1165 9253 56
f 8326 2603 8168
f 7522 2603 3445
f 8937 3260 8896
f 9202 3260 2845
f 10911 841 2604
f 4554 4462 9080
f 8275 4461 4548
f 11257 577 2322
f 4452 4338 2181
f 9064 10132 5014
f 8429 2267 7669
f 3410 3230 2608
f 11563 11778 9508
f 1244 2336 4583
f 6919 4994 5803
f 8417 705 11900
f 5454 1446 5167
f 11148 6705 6163
f 9189 3667 6120
f 5403 912 9189
f 10289 4045 11161
f 7740 2646 6405
f 6594 758 5279
f 6714 2190 5006
f 10331 1656 6920
f 9707 573 4434
f 8383 2614 6776
f 11190 3092 9336
f 9339 2615 7018
f 10815 3228 10670
f 9705 707 5091
f 9266 2616 5091
f 9528 7876 5425
f 10427 2526 5187
f 8236 2911 2696
f 8864 2619 9164
f 10877 11074 3548
f 2795 2679 2621
f 9519 9920 2791
f 8796 8314 10069
f 8914 2624 7011
f 9099 2625 8664
f 11105 2625 8944
f 10725 2626 2868
f 8495 4478 4485
f 10343 9203 10333
f 9872 3242 2628
f 11186 2788 6042
f 11186 803 8729
f 8531 2811 2629
f 10234 2789 2629
f 6947 778 2630
f 11168 2631 2387
f 2615 1298 10670
f 11093 3727 11469
f 11159 2632 2733
f 8456 7744 10375
f 10496 1334 6769
f 9343 2170 5888
f 10507 8265 911
f 5566 727 4536
f 10354 7498 6778
f 7343 1564 8838
f 10373 11184 1202
f 8736 1627 2642
f 3160 9961 3343
f 10396 1633 7321
f 10268 9445 6410
f 10752 1748 9628
f 2644 653 10752
f 11651 9164 8277
f 8678 2645 7817
f 606 9268 11048
f 9268 10203 2648
f 5769 4540 6286
f 10696 6543 5595
f 8376 9358 3203
f 10279 807 6356
f 11164 2433 8879
f 10266 807 8493
f 8221 7257 9824
f 7213 3575 764
f 6427 8066 684
f 5485 1046 5852
f 8970 2369 5621
f 9456 4909 5396
f 9071 2051 4138
f 8703 850 8178
f 589 2658 6917
f 11334 2585 6288
f 6198 7653 3143
f 7501 3144 7233
f 10771 11264 810
f 2660 810 11264
f 7355 17 6244
f 8185 811 2663
f 772 11224 6321
f 8843 8619 7341
f 11911 5487 10647
f 9899 5333 2666
f 9390 713 4923
f 12162 12566 12696
f 7612 922 6831
f 7298 4088 9369
f 2608 1084 11563
f 11110 9508 813
f 11110 10992 7203
f 40 1529 9034
f 4030 10753 5557
f 11113 8502 7080
f 1528 10504 926
f 1265 11332 9717
f 8369 11322 12141
f 8427 9265 9013
f 3182 11107 8942
f 11057 3086 2675
f 9597 2581 9564
f 6197 2677 7448
f 2678 7080 8502
f 7527 9052 6729
f 6911 3017 672
f 9051 818 6421
f 9860 3318 7000
f 10136 2679 1487
f 2679 2795 9085
f 3182 52 2675
f 10086 819 1420
f 57 11057 815
f 11357 9938 35
f 10378 9303 7654
f 9629 3403 6332
f 9681 2691 2682
f 8650 3403 2682
f 10701 11878 984
f 8503 5844 5889
f 9248 8234 5955
f 5184 5046 9427
f 12511 11167 12438
f 8579 6341 8455
f 9821 4194 6426
f 4769 9454 2420
f 5986 6515 2191
f 9942 2690 6272
f 9452 9244 2691
f 11475 2198 10960
f 4008 12431 12171
f 11886 7659 2694
f 2694 1238 763
f 10738 1550 8830
f 2696 3545 8866
f 3386 19 11039
f 9523 824 2576
f 3387 25 2918
f 1531 824 2918
f 3159 10788 1321
f 7145 1276 9712
f 9819 2045 7419
f 721 10718 6891
f 10115 1899 8373
f 10347 700 6449
f 3795 9198 2700
f 7475 2701 3797
f 7577 5946 7573
f 5805 4614 5427
f 8010 2590 6131
f 6369 9553 8069
f 9831 9587 5707
f 12410 11167 6374
f 4119 2712 1991
f 6742 832 4434
f 9707 2713 3152
f 1828 669 5530
f 11358 2556 7356
f 2555 8636 8531
f 503 1941 3940
f 10520 802 8282
f 11639 11204 2869
f 11703 10612 10725
f 11204 833 11703
f 2715 11639 11690
f 8648 960 2998
f 10767 88 2716
f 2120 2334 10641
f 10218 3828 5047
f 11349 3828 5690
f 4628 4520 9582
f 7747 1361 2718
f 8523 1159 2138
f 7590 1747 7321
f 9251 680 7658
f 9908 836 8483
f 2721 2669 813
f 11473 10992 9811
f 5433 5282 9386
f 724 1929 9438
f 4448 837 2724
f 11905 8134 10207
f 2375 8175 4040
f 9926 2727 5329
f 9926 1800 5513
f 10593 2515 5909
f 11384 6771 619
f 6173 1123 5277
f 9260 2730 5864
f 8054 708 5695
f 7216 3988 5918
f 11504 886 3451
f 2632 11159 46
f 2847 10292 8705
f 8109 839 2847
f 8674 2734 8816
f 10377 1425 8177
f 5115 1631 2379
f 10120 2855 5748
f 7590 6598 8450
f 841 2737 1313
f 7712 3261 559
f 8587 657 5074
f 6652 1558 4917
f 7028 842 4778
f 9666 2740 11484
f 8752 11905 10207
f 9115 1296 2741
f 7739 6250 6726
f 7941 6051 6452
f 7014 843 2743
f 785 2572 7894
f 6577 11866 844
f 6825 7229 7974
f 8484 10026 2571
f 9874 2745 2884
f 8215 10242 2108
f 2885 11447 10106
f 8047 7269 690
f 5263 670 10456
f 7004 2568 2748
f 9190 10750 1097
f 9073 1936 8319
f 11877 9834 846
f 5671 5125 5199
f 8778 1878 6394
f 11599 7734 999
f 2928 7734 2751
f 11134 2752 3784
f 9368 2663 11224
f 2764 10460 847
f 848 2754 2874
f 3969 10638 849
f 8411 2756 7892
f 7639 3659 2757
f 2450 851 6856
f 6401 7535 6525
f 11780 9940 11012
f 6484 852 8019
f 8391 2758 8506
f 5815 663 5697
f 2134 6484 4576
f 9177 8723 8590
f 8522 6979 2762
f 8762 2763 7426
f 9857 2922 3331
f 11657 3782 9173
f 9176 854 1677
f 11846 854 3801
f 11266 965 3801
f 8425 671 6791
f 7796 855 10943
f 2766 8801 2849
f 2873 580 2767
f 11862 11667 2851
f 8648 11538 2715
f 9265 2673 11938
f 11462 9778 2771
f 857 8336 10240
f 9095 2614 8168
f 8044 10240 1577
f 857 3093 9095
f 8568 2774 9010
f 11350 2900 5263
f 9424 2776 6798
f 11589 2778 2558
f 11159 2558 2778
f 7650 92 7914
f 7320 10409 6680
f 10034 6050 6161
f 7352 2901 6696
f 2626 11625 10794
f 833 11773 11703
f 7791 12066 2782
f 10513 1436 2782
f 785 11133 10254
f 10172 861 2784
f 10298 3597 12046
f 9572 11478 10443
f 2781 862 11533
f 5981 2787 2630
f 3127 11811 7489
f 5981 1301 7363
f 2630 778 9900
f 10795 11957 2790
f 9141 680 7212
f 10459 2791 10475
f 10627 6767 1289
f 5095 11442 2792
f 708 2881 5298
f 10441 5864 2730
f 4713 4581 9691
f 10881 10659 5078
f 8877 11506 1466
f 11401 863 10559
f 2621 1210 2795
f 3126 8334 5774
f 11078 3128 1507
f 8068 2796 2815
f 7469 3259 9161
f 6338 5251 6582
f 11274 1452 5438
f 11861 2803 11667
f 10137 9534 11862
f 1583 2866 2802
f 8801 9730 2849
f 2803 3244 2867
f 9303 866 3118
f 8847 3117 6561
f 7571 7862 5413
f 11487 8314 2946
f 924 867 2928
f 2685 2804 7099
f 10833 10383 2804
f 2566 868 2806
f 9697 4801 5062
f 10754 904 2809
f 7658 2719 8631
f 869 1901 8631
f 9688 6392 6612
f 6310 5358 9109
f 7073 2840 896
f 7921 1527 7751
f 9854 8951 3128
f 11078 10762 3241
f 3276 3241 9827
f 9593 2814 1489
f 2815 3077 864
f 2816 2409 872
f 11403 11007 7121
f 872 860 2816
f 8817 2817 1533
f 11014 9694 8353
f 9235 11222 7135
f 6476 2819 7201
f 10109 2820 2084
f 11380 1819 9542
f 10956 3343 9820
f 873 2821 1466
f 12063 11057 2675
f 11521 10361 1556
f 11860 1910 2822
f 9597 8539 789
f 10796 8843 5626
f 9627 811 7341
f 11359 874 8364
f 11386 2986 7471
f 8479 10284 5742
f 7629 6020 8182
f 875 2824 8474
f 5767 11595 4978
f 7357 10710 962
f 7205 1206 3003
f 11728 10348 876
f 9134 2475 10753
f 8601 2317 748
f 11428 1852 4152
f 4993 12657 4135
f 6798 1069 6984
f 8625 2837 8461
f 8092 9136 5777
f 10715 7142 3021
f 9488 9129 7256
f 9380 5217 2839
f 6686 6305 4520
f 6565 5269 6236
f 5424 883 8294
f 1279 797 11747
f 11856 2574 2844
f 1001 884 9497
f 2995 3150 9492
f 1279 3104 8799
f 8045 885 9934
f 10128 3305 2846
f 11762 1569 1673
f 11705 886 2733
f 1569 50 1673
f 11785 3727 804
f 177 10267 11482
f 2849 8849 887
f 11234 11632 2447
f 11777 2851 11667
f 3748 888 2852
f 3059 502 2853
f 3694 3748 2853
f 8584 889 2854
f 8317 889 5063
f 6396 2208 6260
f 10554 10245 10123
f 9529 5834 1451
f 8882 3279 6348
f 9226 2439 6056
f 5749 6209 4023
f 6220 6628 4922
f 2860 2196 6311
f 7166 8324 2861
f 9679 11467 9024
f 10513 7894 860
f 2864 11133 785
f 11211 1492 8202
f 3197 11713 2870
f 11690 10935 2999
f 10772 10645 2866
f 1040 892 10708
f 2867 3244 11685
f 11472 2867 11346
f 8801 11472 2627
f 1405 86 11346
f 11685 3244 2802
f 2802 892 2870
f 11208 910 5327
f 6207 2252 4635
f 11907 10597 3393
f 11706 11777 1416
f 3162 580 2873
f 11775 3393 2873
f 11777 2766 887
f 9246 1757 2874
f 5051 3515 6444
f 9547 8542 2876
f 8542 2267 6998
f 7536 9026 2877
f 8743 9602 1281
f 6783 5857 4025
f 6880 11560 2960
f 2959 897 6258
f 9004 6111 4720
f 5283 4517 8406
f 7731 2126 7138
f 989 657 6183
f 8057 11275 1695
f 654 1621 7114
f 7891 2745 3289
f 10106 9731 1646
f 2885 3289 11793
f 5819 5457 5848
f 2873 3393 9592
f 12153 10663 11124
f 11470 11259 2886
f 3661 84 10528
f 10597 901 84
f 9874 654 1657
f 9764 3059 2853
f 2852 1310 3748
f 4456 4377 8818
f 6397 6244 9399
f 7243 6408 9033
f 7519 2912 6408
f 8712 904 9257
f 8401 7752 8164
f 8586 639 5514
f 8080 7020 5077
f 1447 66 6084
f 5858 2897 793
f 5991 908 6385
f 7049 2719 680
f 9075 909 6455
f 8857 2072 7350
f 5976 910 11693
f 1787 6526 5976
f 4555 730 4303
f 4807 9616 1770
f 9383 7833 7512
f 2609 1275 6090
f 7624 8867 3669
f 8216 517 7380
f 9369 1952 9236
f 11610 1951 7326
f 10888 1258 7352
f 8309 1883 5832
f 12104 12128 2903
f 11951 1571 8925
f 11188 862 1388
f 1663 1756 8510
f 7793 3173 1663
f 8324 7166 757
f 2077 10176 6824
f 6913 2484 1925
f 6824 915 11808
f 11792 2870 892
f 11398 1584 10399
f 11753 10935 11690
f 1115 11864 6343
f 11709 3336 2906
f 6080 9304 11669
f 11936 2119 10865
f 7097 918 2908
f 10476 2055 681
f 9628 7169 2909
f 7383 2904 7151
f 7176 2910 6913
f 7383 1674 8277
f 10489 8104 6624
f 17 8104 9440
f 9375 2624 8162
f 9729 11755 11655
f 2915 2664 2623
f 2665 6321 9627
f 10408 10551 8876
f 9461 791 7801
f 11047 993 8952
f 9829 3387 2918
f 2919 3386 11039
f 8176 24 2919
f 10255 3153 6886
f 11474 1668 9538
f 1027 921 32
f 1668 921 2923
f 7436 11559 3198
f 11230 3155 9310
f 6926 2801 6751
f 8061 3958 8954
f 9781 8536 498
f 7674 627 5699
f 8457 1323 10121
f 7248 8701 5200
f 7203 9743 3009
f 2751 924 2928
f 7449 3098 7011
f 8547 8400 5486
f 11487 2946 867
f 8984 2805 9306
f 2930 3099 9983
f 5019 2931 4851
f 7059 2932 2498
f 5293 2933 4562
f 10194 4508 4761
f 11217 10504 6985
f 6494 661 974
f 10054 9923 6232
f 5783 7236 9621
f 8646 11729 8198
f 11882 2935 11188
f 11491 2937 3732
f 11530 9267 2610
f 4615 4413 6134
f 8914 606 11048
f 9416 2941 5983
f 7744 9794 8561
f 9567 10385 7027
f 4327 2205 5555
f 4867 2570 4629
f 8086 9489 4370
f 11213 1697 4653
f 2684 10383 10833
f 2684 867 2946
f 6025 6857 7815
f 11264 10771 2948
f 11892 12053 8397
f 9354 1880 2094
f 6740 934 5890
f 8237 2952 5012
f 6878 1595 5948
f 11137 2953 7348
f 6578 2955 7761
f 10638 9949 3015
f 11857 2883 8587
f 7191 1689 4778
f 7342 5161 4705
f 10711 936 8941
f 11614 2945 9379
f 10644 2956 2964
f 8323 683 7709
f 8603 1612 6850
f 7056 2780 11239
f 8413 2960 1679
f 9160 2547 2427
f 9349 2529 8477
f 3032 690 7178
f 11180 940 9170
f 8601 2441 709
f 2965 1705 941
f 2231 652 10729
f 6939 1705 745
f 9179 853 5334
f 6043 2659 9321
f 10439 3175 9313
f 11032 2158 3
f 10024 600 5358
f 11054 6540 1455
f 10654 870 5764
f 11141 942 4592
f 8327 546 4424
f 4329 12131 547
f 10700 2969 4524
f 8128 5420 6040
f 10418 2972 938
f 11560 1679 2960
f 5585 8976 2973
f 7865 10569 4589
f 8888 2974 4908
f 7618 710 11377
f 6964 3857 6155
f 10288 563 9249
f 8246 9766 16
f 11597 7394 6167
f 8749 9740 6223
f 8320 3075 5204
f 11574 3075 7299
f 11731 6625 2977
f 7504 3006 6307
f 6259 4499 5087
f 9044 8453 6838
f 1704 2980 9615
f 9755 949 9822
f 9755 2988 8328
f 1820 950 11437
f 11219 8917 6512
f 10490 7737 5758
f 5449 7085 8605
f 2605 11284 10812
f 5237 904 8712
f 10602 8283 10747
f 10022 952 6222
f 10264 2889 6464
f 3082 524 9281
f 7961 2106 7209
f 6791 2106 10486
f 3461 9953 9649
f 11230 7657 7436
f 11642 3479 10541
f 9953 3461 953
f 11896 2986 1594
f 2986 2985 8570
f 7938 10523 1922
f 8180 9231 3184
f 7142 970 5290
f 1092 6787 2988
f 6787 3285 7802
f 2990 3120 10924
f 8795 9475 6728
f 11259 11470 542
f 9156 2447 2486
f 769 2993 6829
f 8144 8159 1573
f 8790 2994 6120
f 9962 2994 7886
f 7485 10 3474
f 5908 6690 956
f 6309 9727 7668
f 9422 9920 7668
f 9466 11747 884
f 3736 958 6005
f 8445 5316 4729
f 2178 520 6655
f 10112 5522 5602
f 1123 6173 5261
f 9984 4451 2327
f 10894 856 9769
f 2716 8648 2998
f 11690 2999 2715
f 10309 9868 961
f 10740 10843 10519
f 11635 9868 790
f 580 9638 10137
f 9638 3002 3245
f 3003 1206 876
f 3004 2825 962
f 6360 1077 2285
f 8749 7047 7526
f 10938 11103 10055
f 2981 8626 4038
f 12078 12071 5378
f 1883 589 11515
f 11785 2633 3007
f 11727 963 1569
f 1569 963 10867
f 3113 50 8544
f 6779 3008 8814
f 11739 3008 3111
f 6963 545 3069
f 5802 964 7828
f 10006 11278 9590
f 7965 5332 6082
f 11281 3009 982
f 8297 555 3010
f 1851 965 9201
f 11378 557 11846
f 5357 5005 12207
f 8146 5356 6506
f 8353 9739 7741
f 8332 7038 11976
f 10158 8534 7194
f 9579 3165 6590
f 5637 3015 5471
f 7893 1543 6050
f 10510 3969 6736
f 9430 9186 9499
f 10206 1602 638
f 8455 3016 7478
f 7567 6632 6857
f 9327 8449 2817
f 6911 9694 3017
f 2856 11052 6977
f 10386 7423 6977
f 9055 3018 7135
f 6480 3019 9101
f 1897 3634 6915
f 10831 5647 6701
f 6787 8328 2988
f 7251 949 5290
f 8612 5010 5179
f 3166 11 3232
f 3473 558 11650
f 9118 3022 1589
f 9653 971 2995
f 11558 5785 6145
f 10250 2553 5013
f 5112 3024 696
f 5508 645 5021
f 7795 4614 4789
f 10280 3026 6957
f 7573 3027 1083
f 11122 4117 2410
f 661 9797 974
f 11056 3029 7440
f 11228 9121 1191
f 5097 6788 3031
f 11742 6456 7798
f 939 975 7178
f 8149 690 3032
f 8501 748 8135
f 11428 6483 1852
f 6539 976 8747
f 7149 3033 4353
f 4861 3321 3033
f 9142 7805 6045
f 10259 10893 3713
f 3001 575 8247
f 10935 916 8312
f 8133 7441 5271
f 8037 1140 4719
f 9296 10113 7199
f 8050 978 4894
f 7992 5241 6823
f 806 7169 9628
f 10025 3931 9537
f 9421 10706 2563
f 10516 979 8635
f 9445 3041 6261
f 11024 8986 3047
f 11364 10515 9155
f 11082 3043 2589
f 9581 1198 10522
f 10698 11280 3219
f 11074 10877 554
f 10330 9597 2676
f 8986 11024 3641
f 7123 11749 2676
f 1553 2796 9155
f 10515 1097 3642
f 9641 5116 5876
f 4667 2420 4154
f 1996 42 8564
f 9533 3050 8760
f 3057 11351 3052
f 9897 3218 3051
f 11098 11582 10789
f 3052 11503 3057
f 3169 11619 3053
f 9271 10522 2588
f 7592 8155 3054
f 4997 4736 7733
f 10701 984 7594
f 11183 8676 8655
f 11899 10549 10065
f 3051 986 552
f 2926 986 9781
f 2925 951 11261
f 11965 10421 1540
f 10611 8293 1749
f 11002 3357 502
f 11262 902 9263
f 9875 9661 8948
f 10368 9780 9113
f 12000 5484 4504
f 9363 3195 10730
f 3061 12658 3207
f 3668 9625 8889
f 5282 9936 3063
f 11090 685 6695
f 9420 6909 3655
f 4130 316 315
f 10085 1650 9515
f 11436 3068 7343
f 2527 767 7318
f 6223 11201 6030
f 2738 657 7614
f 3071 11950 11730
f 11890 3223 5068
f 8802 6948 990
f 5807 2491 3072
f 11652 679 7546
f 7374 11800 3073
f 11293 7559 6180
f 11033 3676 985
f 8729 10764 11364
f 51 7688 6725
f 10762 11078 3077
f 9767 864 3077
f 2634 992 10002
f 8725 679 9342
f 8858 2284 5519
f 10338 2526 5948
f 7876 4516 5418
f 9528 2616 5338
f 10653 8190 5343
f 524 3341 7559
f 9216 587 7103
f 10408 8392 8422
f 11047 3084 10243
f 8792 3120 1009
f 11057 2582 815
f 1420 819 3086
f 1420 994 10774
f 10779 3089 6161
f 3090 9766 1430
f 8568 3091 7970
f 2592 9854 3091
f 574 3277 7493
f 5368 3277 8890
f 10240 8336 1577
f 10622 7547 6449
f 11534 4281 6300
f 10691 2699 5513
f 9778 11190 2771
f 3093 857 9286
f 3093 2771 6776
f 8669 4330 4656
f 8011 4330 4339
f 5469 1701 2269
f 2178 997 5346
f 758 2610 5984
f 7384 6289 11599
f 11795 6289 8400
f 8404 6707 2646
f 6113 998 5294
f 7404 8507 611
f 5752 2930 11908
f 9262 9622 3101
f 10639 6967 1362
f 11944 8989 1082
f 11869 8923 9300
f 9497 3103 3138
f 3104 1279 9466
f 9402 3104 1598
f 7461 8316 634
f 9392 10830 3105
f 9383 8887 6421
f 9051 8826 6412
f 6594 7661 3096
f 7967 6768 5324
f 5752 8885 3108
f 1411 2392 10826
f 7345 1014 3138
f 1708 506 7543
f 3370 498 1125
f 10225 5806 6066
f 2724 11848 4811
f 11518 3111 3008
f 9332 10867 963
f 9501 11557 3112
f 1004 3486 11189
f 3373 1004 8544
f 10950 1673 50
f 4400 4340 12784
f 9668 526 10113
f 9608 3340 3148
f 9357 7792 1118
f 11807 3082 11648
f 3362 3743 5478
f 9520 1434 7621
f 8716 7723 3721
f 35 1462 7424
f 8235 2200 5011
f 7055 6611 8642
f 8777 4794 4906
f 11974 6529 6767
f 6728 6663 5550
f 9758 3085 6202
f 7401 4457 4662
f 3078 7786 9329
f 9329 3123 1603
f 8329 2394 5102
f 9877 1603 2479
f 7553 2394 5519
f 9749 3045 9464
f 11637 11750 3499
f 10379 1403 6208
f 1403 56 11429
f 5774 1011 7489
f 8951 8334 3128
f 7786 3078 992
f 11050 11185 8428
f 9790 1683 7473
f 3413 3049 983
f 8909 718 6039
f 8322 671 6419
f 5411 3133 6810
f 11390 1013 5561
f 11194 4671 544
f 12016 81 9981
f 11704 6810 1743
f 6102 5152 6283
f 5929 3138 3103
f 11869 1001 8079
f 7799 3139 11869
f 3457 11 7227
f 7270 3140 1592
f 3488 1014 7530
f 6462 1010 4342
f 10918 2613 4357
f 3141 2942 4662
f 10775 1750 4653
f 7390 2944 4431
f 3142 2944 5342
f 3142 2943 4402
f 5871 2612 7215
f 1136 2586 7287
f 11444 3143 5761
f 11843 2757 7501
f 7557 676 10829
f 4826 3561 5250
f 5633 2482 5242
f 8634 624 3147
f 7059 593 12070
f 2297 3436 8758
f 11306 8140 9290
f 3226 1018 9919
f 10011 7295 4464
f 4674 4699 1074
f 10255 3712 9316
f 3154 3198 11559
f 11392 8247 575
f 8385 3155 11761
f 9941 7614 5340
f 10961 1021 4717
f 6270 4447 6114
f 11730 5056 3071
f 4790 1021 5870
f 11207 3217 1000
f 25 1531 2918
f 9897 11368 10813
f 2577 1022 11996
f 2576 824 3159
f 11831 11179 3479
f 10020 1618 3162
f 6366 9070 1175
f 9069 1737 4973
f 8714 9387 558
f 3570 10388 661
f 7416 9400 1636
f 1918 2755 5477
f 2957 3164 10530
f 8339 1612 2958
f 7131 5471 6328
f 9081 1056 3149
f 3166 9402 1598
f 1027 772 6505
f 6844 920 9525
f 7281 2203 4831
f 6124 4873 5180
f 8205 3168 1719
f 9929 3169 1719
f 11619 9786 3053
f 3170 1825 1029
f 11480 3171 11677
f 9353 1304 9046
f 274 12148 275
f 9762 8625 9299
f 11725 11768 1756
f 3174 11176 3625
f 3174 3624 11571
f 9718 3530 10680
f 9859 10680 1939
f 1755 11184 3529
f 9490 2300 6419
f 8856 3176 9143
f 7119 8721 6899
f 3178 1151 9714
f 10596 1032 9751
f 10216 1032 1751
f 11267 8125 7133
f 1487 58 9165
f 10877 10136 1033
f 2675 819 3182
f 6851 2223 5965
f 3864 10434 6074
f 6743 6464 9498
f 4378 11663 8511
f 1029 3392 2991
f 11875 6860 11242
f 10077 11896 1035
f 11043 2985 9231
f 10521 9436 6717
f 10241 3185 5338
f 10297 5321 2514
f 3186 2226 5717
f 11189 1721 11170
f 11940 1690 3486
f 11630 11557 3307
f 10598 1036 1909
f 7172 2222 10598
f 8658 7338 2359
f 8508 3191 1702
f 8124 10174 9058
f 9086 8968 3189
f 9002 11500 8822
f 9319 1709 10353
f 11711 3548 10994
f 10698 3045 9749
f 7630 9604 6646
f 9287 6127 4866
f 5977 4705 6923
f 5941 1308 2882
f 5484 5941 899
f 2950 6534 933
f 8475 2948 6683
f 11792 11398 3197
f 11398 916 3197
f 9704 11559 7436
f 10645 10772 10299
f 1654 1584 10416
f 3613 53 11117
f 3220 10552 3539
f 10966 9556 7964
f 8439 3181 9398
f 10820 3220 1637
f 9828 2117 6691
f 11707 1041 6980
f 6478 7266 11707
f 3200 9578 1041
f 1657 654 8351
f 9008 10494 5655
f 2651 10103 8256
f 10644 2762 7925
f 2763 8657 8014
f 2324 11299 10366
f 8405 5710 6862
f 10655 3206 8780
f 9625 3668 11341
f 8980 2415 4493
f 7930 3210 5662
f 8008 3210 5621
f 11055 3211 5623
f 5660 3213 6073
f 3490 10258 3215
f 3440 11119 11724
f 3216 10308 1047
f 9252 10676 3295
f 11568 8485 9863
f 9219 7038 5389
f 10473 9356 535
f 8389 3189 1049
f 11286 3190 9006
f 9159 1049 8968
f 3158 1000 3217
f 3217 10813 11368
f 3102 11893 1050
f 10591 6442 6065
f 11810 10698 3219
f 8125 10552 3220
f 10820 554 7133
f 10964 11280 3046
f 8938 6828 7619
f 7046 2093 4622
f 5034 11890 11680
f 657 989 7614
f 8072 3156 4537
f 9971 1857 4947
f 11511 3465 3168
f 3465 3224 5131
f 8205 1028 5285
f 11289 10559 11200
f 10710 2693 11784
f 7439 2337 2280
f 10710 2337 1055
f 7660 3004 2561
f 10044 1589 3226
f 9081 1018 3226
f 1634 9290 1056
f 11306 3227 8935
f 9404 1199 1938
f 10845 3228 10815
f 3229 11589 7914
f 11062 1938 7375
f 10467 518 8032
f 9030 3274 3231
f 9956 3166 3232
f 7617 11679 1058
f 8940 9077 4855
f 9994 4286 4731
f 7307 4848 5058
f 8639 4352 4471
f 59 10731 11297
f 11721 10473 10816
f 11461 11602 3293
f 11990 6915 11851
f 2083 1061 7453
f 2314 11523 3237
f 3238 2455 11891
f 2669 2721 3239
f 3327 11972 1063
f 3327 1063 1691
f 11883 1529 40
f 1085 3241 3276
f 9593 51 3541
f 11088 9944 9865
f 10440 48 3276
f 11273 10440 3542
f 8891 9747 11891
f 3237 9102 1062
f 10489 10828 10104
f 10076 1840 8026
f 2767 580 10137
f 1583 2802 11564
f 10772 1583 9663
f 2984 953 11214
f 8553 3572 644
f 7611 3246 1804
f 8964 3247 5127
f 10012 11032 3
f 8520 622 11127
f 11272 3547 1210
f 11074 3046 1038
f 11744 10199 5670
f 7482 10926 3816
f 7340 1068 6219
f 6690 5908 556
f 9792 1068 1919
f 10697 2139 956
f 6144 5931 1773
f 6785 851 2450
f 8860 6147 6662
f 1753 510 8623
f 3139 1070 7227
f 3140 1178 7530
f 6602 1071 5979
f 7916 4676 3252
f 5383 4368 5595
f 11114 2968 4524
f 2155 1072 4743
f 6708 4670 2969
f 7101 2384 1072
f 40 3205 3240
f 1073 8997 11288
f 3256 9849 11676
f 4387 5086 3151
f 5404 3639 1927
f 7777 832 3257
f 6247 73 6723
f 865 3870 7691
f 3149 1187 8219
f 3150 1076 9202
f 10126 797 3262
f 11605 2536 6727
f 9409 1999 7050
f 12062 10902 8702
f 10902 11373 3830
f 11630 3264 1690
f 11750 11637 10511
f 11649 54 1690
f 54 11781 11422
f 11145 7092 1079
f 10392 3266 3455
f 1935 1079 9511
f 5265 3457 5380
f 10442 10905 3492
f 3588 3268 8293
f 11058 664 7173
f 8083 1081 6932
f 3269 3628 11305
f 8989 3330 8624
f 25 9548 11801
f 9972 3770 9192
f 1762 1082 3270
f 8604 1083 3271
f 11337 3272 9197
f 11337 2540 3272
f 8139 1655 3026
f 5818 4567 7005
f 9476 3275 3256
f 11778 1084 1529
f 1529 1084 9849
f 2814 1064 9827
f 8002 1042 5843
f 5655 1085 1672
f 8794 7589 4532
f 9018 1086 4230
f 5834 6694 6469
f 10245 9226 11233
f 1087 10453 11765
f 11556 693 9898
f 11765 9855 9541
f 9519 7174 6309
f 6022 11536 2590
f 8614 8566 8699
f 8709 9967 3372
f 9384 8443 3282
f 3284 3305 9413
f 10008 11526 9074
f 551 10678 11768
f 8948 3430 3286
f 10018 11806 1241
f 1824 11517 11806
f 10027 9619 9958
f 9958 3287 9515
f 3288 9040 581
f 11872 11394 9731
f 10423 7891 3289
f 2411 1094 10980
f 10980 2157 8238
f 9094 2842 3954
f 6353 1759 7289
f 10369 3462 9744
f 9784 3291 7429
f 5495 1369 1404
f 10731 59 1958
f 3293 1060 11461
f 3235 11602 11461
f 7875 3294 1909
f 969 1698 6416
f 8615 579 7685
f 10948 10061 3296
f 3296 621 9752
f 10750 9190 3297
f 6653 8319 2750
f 11310 10709 3298
f 3299 803 10234
f 2629 846 3299
f 7615 11173 1611
f 7770 3301 1488
f 1098 1551 7615
f 10146 987 9113
f 9875 3302 7965
f 9822 5236 5332
f 10553 10104 3304
f 2661 3304 7519
f 10166 1099 9249
f 2541 2417 6106
f 10979 2063 8931
f 11280 10698 3192
f 6841 6122 3319
f 7789 3308 5359
f 9485 3308 5539
f 8110 528 5639
f 10007 3310 1102
f 10973 3807 6900
f 8418 1776 6444
f 1776 2452 5937
f 8835 2754 6731
f 7557 11660 8258
f 6010 2373 5590
f 8740 8819 1926
f 9112 1818 8680
f 7306 3041 653
f 7162 709 6151
f 8748 8210 6151
f 4541 3599 5227
f 7132 3316 5479
f 11767 8049 1808
f 3416 506 6545
f 10549 3353 8536
f 11853 3673 8458
f 10057 1781 7745
f 9860 6921 6412
f 4774 12370 1261
f 8842 8887 6122
f 9383 8443 6415
f 4608 4459 8592
f 10147 11081 1372
f 11063 6266 4592
f 10487 2518 8023
f 9670 1814 5104
f 8775 5577 6805
f 10291 3323 3441
f 5796 8895 2501
f 7746 717 11949
f 10306 3326 3325
f 9193 11288 8997
f 9062 1090 3327
f 10770 3656 1815
f 10365 3205 9034
f 9921 1994 11797
f 3215 10258 3439
f 11880 3439 8467
f 10258 3214 6511
f 28 1111 1223
f 3588 28 1223
f 3387 1111 10010
f 3330 3567 11894
f 3270 1082 8624
f 1112 7860 2013
f 10660 9368 32
f 11474 10603 10660
f 10526 3331 9538
f 10470 3590 30
f 10586 30 3590
f 3741 3762 9989
f 7598 3333 7511
f 8056 3833 7327
f 7598 9178 6132
f 5254 2176 3905
f 11453 4027 7089
f 6650 6643 8232
f 3477 1114 10204
f 10186 3960 11313
f 11575 496 10367
f 11964 6766 7065
f 11615 1985 5910
f 1767 6343 6766
f 11709 10697 3336
f 1985 1389 6128
f 8198 2513 9099
f 8242 1530 5665
f 10321 1783 7303
f 587 3337 7446
f 5706 4647 6603
f 9615 1117 1704
f 9044 1117 948
f 6428 6499 5430
f 3280 3372 9967
f 8709 3339 7776
f 7446 3340 11807
f 3341 524 3082
f 10376 1118 3341
f 7792 9357 3342
f 3342 526 8760
f 11292 3131 983
f 620 2084 2820
f 10614 1120 22
f 8470 22 3909
f 9747 17 7355
f 10747 3348 7848
f 8380 8345 11293
f 8027 10674 10537
f 5863 3809 3349
f 9783 10448 1243
f 1859 537 3350
f 11205 7085 5973
f 5597 3673 1808
f 7223 3317 1264
f 2740 3354 11484
f 5922 3355 2228
f 7554 1786 647
f 2852 888 9214
f 2853 502 3694
f 9364 11787 3357
f 6439 7053 3358
f 8710 7722 1621
f 10951 3200 7114
f 11448 10193 8389
f 3360 3412 9760
f 10688 11053 11880
f 5938 3361 5310
f 8391 3743 3362
f 7717 9323 2402
f 7576 3363 2091
f 5124 2348 9734
f 5697 2759 7157
f 7504 2978 6454
f 7091 3364 1667
f 8447 4499 4577
f 4747 8432 1667
f 9934 551 8855
f 11674 3285 8578
f 9012 2622 3368
f 7132 3825 3369
f 9125 2926 3370
f 5904 11203 1708
f 7774 3369 3825
f 11119 3490 3215
f 10258 3329 3439
f 8687 11457 11531
f 9347 2404 5650
f 2216 2243 8836
f 8943 744 5705
f 9291 2403 6717
f 9449 5682 4086
f 11714 8709 3372
f 9682 3511 8840
f 7463 10719 7767
f 6754 3372 3280
f 11265 3249 10901
f 8666 3373 6881
f 7094 5270 5495
f 6928 903 6125
f 10128 3431 9067
f 11023 3430 10694
f 10633 3380 10681
f 3579 11788 3606
f 1959 1457 1054
f 9662 11744 7555
f 10982 45 6296
f 11485 2918 824
f 25 10010 9548
f 1714 3589 1789
f 9986 3227 6659
f 10655 11084 8771
f 9744 3462 3389
f 1806 1149 11028
f 9715 11271 1806
f 11320 1134 3405
f 526 3342 10165
f 3391 3662 1259
f 1923 1135 11333
f 11895 9156 10755
f 3392 1029 11677
f 9046 2991 3392
f 9654 2587 6055
f 7287 9969 9676
f 11907 895 2872
f 7240 10857 444
f 7276 12593 3344
f 9590 3287 9208
f 10539 7308 7218
f 3504 1138 7308
f 10101 3712 5240
f 8848 1287 10101
f 8892 1078 8841
f 7702 10321 7226
f 9082 3337 9858
f 10401 3148 7626
f 7199 3398 5033
f 2921 1020 9316
f 9393 1141 7429
f 7035 5233 7128
f 8311 3401 4899
f 11561 2460 1271
f 8992 2850 8244
f 8684 2682 3403
f 1144 3404 2422
f 11665 697 9629
f 531 12026 3406
f 12026 6012 8060
f 5293 716 4550
f 4336 4319 6757
f 5242 925 2932
f 11245 1894 9703
f 11516 3408 10161
f 10153 1894 9463
f 6425 1868 5381
f 10353 540 3409
f 8736 10093 9325
f 2608 11863 3410
f 3411 3230 3410
f 11846 557 11187
f 9317 854 9176
f 10072 1971 8032
f 3866 1971 10704
f 1732 1095 3293
f 10816 11292 3049
f 11602 1149 1806
f 9761 10023 3414
f 11802 9973 691
f 7677 10840 9397
f 10436 2200 7574
f 3416 11855 506
f 3825 1893 6545
f 1893 3825 4868
f 9807 3418 2546
f 4360 11653 4404
f 6036 4663 4782
f 3266 1426 9511
f 9793 1152 4569
f 6234 1426 9
f 3265 1152 11477
f 10493 1153 5328
f 10490 2580 950
f 7706 523 5444
f 8021 3994 6584
f 9494 1418 6806
f 6345 5441 7972
f 3591 10318 10053
f 10110 1156 3629
f 2543 2928 2684
f 11435 3427 11863
f 1272 10514 10776
f 10631 1463 9841
f 8698 3427 8419
f 8516 9576 3429
f 11223 10814 1824
f 11806 11223 1824
f 11385 2690 8240
f 9452 1159 11662
f 6336 2234 3945
f 5701 3432 1555
f 7013 11825 1160
f 4684 1383 7689
f 9331 3434 11757
f 5110 2348 6229
f 3436 2297 7806
f 10281 3437 1337
f 11149 11013 3799
f 11280 10964 3221
f 3439 11880 11741
f 11741 1162 11724
f 3440 1637 53
f 11053 10688 3124
f 3045 1162 11053
f 6782 6013 6211
f 9667 10809 3441
f 9570 1398 5841
f 9818 655 6513
f 6978 8199 4793
f 2603 1037 3445
f 10379 3445 10975
f 7906 11520 1165
f 1166 3447 8662
f 7960 8662 9250
f 9026 8791 896
f 8003 3705 2839
f 7771 7673 1167
f 7673 7870 1653
f 6440 5875 7348
f 10949 1567 8354
f 3449 2743 7009
f 5435 5398 8274
f 11717 9480 3628
f 11612 11944 1082
f 1673 10950 3450
f 10257 1890 7397
f 2733 886 11504
f 3451 2847 839
f 11648 3452 7103
f 5798 4890 9216
f 5223 11370 4004
f 10469 1346 8491
f 5380 1070 3455
f 9118 971 3456
f 3232 11 3457
f 6215 4888 8940
f 7945 8775 6211
f 9475 1163 6078
f 6956 8988 5550
f 7922 3459 1692
f 11882 1692 3460
f 927 1692 11446
f 6292 5945 9784
f 11613 953 9310
f 10369 3346 9566
f 10211 10683 11594
f 1899 3044 8373
f 11064 11140 9481
f 10936 1172 10447
f 7209 1970 10634
f 7167 2397 10822
f 3206 1173 7079
f 5397 11902 2220
f 3464 2220 4455
f 639 9929 2554
f 3053 1028 3169
f 5558 1013 3466
f 8224 1174 3467
f 3308 81 12370
f 7105 3468 3972
f 6903 6885 8120
f 10571 10508 4039
f 8536 9781 10065
f 11098 514 3469
f 3469 3495 10350
f 11503 10065 11451
f 3218 3057 3051
f 3594 726 5657
f 10083 3471 3788
f 3472 11650 1058
f 7153 558 3473
f 7707 1176 8
f 1968 628 7604
f 2312 1176 6922
f 9233 9646 5685
f 9720 4392 4599
f 10832 1114 8806
f 10204 3334 10161
f 3478 11831 11668
f 496 11575 3394
f 717 11979 11949
f 7851 2344 6607
f 9555 778 9765
f 3836 2841 1680
f 9253 1165 3483
f 3446 1474 11520
f 11913 54 11422
f 11061 3485 10722
f 3486 1004 3112
f 1791 510 8081
f 7252 1178 3140
f 6141 1893 3487
f 7799 1014 3488
f 9600 3489 9319
f 9256 1179 8496
f 9385 540 9311
f 10932 3491 2338
f 1736 11002 3492
f 11247 3469 514
f 1200 1181 3493
f 7435 3493 1181
f 11899 3495 8458
f 6355 2735 5308
f 8763 1182 5308
f 9772 2048 6003
f 2854 1548 8584
f 11000 1183 3865
f 10452 518 8953
f 10727 11000 11440
f 11649 3124 3499
f 11297 7474 9760
f 10422 11512 3773
f 11375 11422 11781
f 10876 1995 3470
f 514 1810 11075
f 3425 11582 10410
f 1810 1156 10563
f 8642 10127 6773
f 12457 258 247
f 9999 970 6927
f 8103 2634 9307
f 11598 5860 2635
f 5232 5123 10354
f 9146 8869 8188
f 7662 7483 8558
f 9963 8935 11254
f 10748 3438 8492
f 10281 10394 3543
f 8188 5893 7072
f 9078 6197 4758
f 5497 3506 1739
f 6466 3507 1739
f 6789 4910 4655
f 810 3030 7440
f 9121 10823 1191
f 7300 2660 8123
f 7697 1025 4767
f 3510 1861 5127
f 11788 1132 10648
f 8683 1066 6081
f 8256 10610 1582
f 6670 10419 1582
f 2769 3000 9872
f 7877 4058 8807
f 7684 655 2232
f 10579 10210 604
f 10210 3987 7664
f 6390 1832 6238
f 6972 3258 5051
f 6247 1832 6996
f 11763 6972 8217
f 1991 2740 8089
f 3450 10950 8671
f 11434 693 8589
f 3518 504 9917
f 5351 11987 1195
f 4734 2286 9495
f 10685 1467 5432
f 9323 1197 7646
f 7379 2113 7170
f 7285 2113 6281
f 9481 11138 9713
f 3523 1198 10116
f 10897 622 9741
f 11093 46 3524
f 7632 1199 7716
f 11062 43 1938
f 6614 1381 6121
f 7632 10699 1199
f 11075 3637 3493
f 10885 3636 1903
f 3810 9801 11961
f 3494 1903 9098
f 2158 11957 11888
f 9683 10129 9631
f 11888 9968 9232
f 9725 10122 7173
f 6057 1862 5491
f 11909 2560 1201
f 550 10628 3559
f 10060 8279 10921
f 10209 10740 3530
f 11695 1315 3756
f 10003 11494 1816
f 1816 1644 3531
f 10469 10078 1315
f 3755 3532 1872
f 8692 1203 5791
f 4828 3533 6523
f 11025 625 6143
f 11879 5688 10743
f 567 3538 11647
f 8127 1205 10451
f 9385 3614 9428
f 3409 3535 8787
f 3536 11254 8935
f 7619 3222 4792
f 11034 10092 7670
f 6828 1052 3858
f 6479 3537 10913
f 11751 2189 6950
f 876 11867 6865
f 2189 1206 7112
f 9647 8685 11541
f 2581 1208 3541
f 1760 562 1839
f 10693 1212 3542
f 7245 9014 3543
f 10607 11298 3544
f 1209 11306 9963
f 8149 2695 2747
f 9557 6958 3798
f 825 2349 8347
f 825 10051 5902
f 10994 11591 3546
f 1723 1210 3547
f 11200 10901 11289
f 6744 7889 3564
f 10974 5613 5302
f 7980 6 3550
f 3551 8689 7889
f 8494 11273 3542
f 10734 11521 1292
f 7417 7347 8034
f 9883 3553 7825
f 5961 4835 3553
f 5807 3073 11800
f 3487 1360 6187
f 11687 3416 6141
f 1791 1178 7858
f 3618 510 3555
f 9721 3555 1791
f 8765 7537 8428
f 8305 3557 9589
f 10045 3831 5491
f 7035 6103 7987
f 11162 7812 3385
f 10692 3512 1802
f 1802 1132 3511
f 7051 3003 6189
f 11865 7566 940
f 10615 2318 8720
f 5669 5562 10836
f 6689 4317 4752
f 6562 3652 1218
f 4911 11607 1218
f 3549 3550 7206
f 10798 10380 8350
f 11262 9764 2853
f 3567 3330 28
f 8187 3060 6896
f 9041 1805 7087
f 10741 3611 10114
f 10915 1288 8782
f 6961 1552 6826
f 5297 11139 1219
f 7480 11285 3570
f 9296 7975 7611
f 7466 2718 3572
f 8797 644 3572
f 7213 8221 7434
f 9798 11193 1782
f 3575 4998 764
f 11384 2332 8697
f 1515 773 9904
f 8383 801 7455
f 11788 9035 3606
f 1230 3578 7591
f 10212 1226 3580
f 3581 10942 3596
f 10190 3581 11094
f 11279 3671 8064
f 7839 10673 9881
f 8852 8649 3389
f 5715 800 7431
f 11031 758 5776
f 10444 8678 7740
f 11930 12158 12390
f 8275 4345 4390
f 7417 1213 6041
f 6265 1221 3585
f 1658 520 7061
f 6504 3586 11664
f 11901 6129 8090
f 9617 2174 3521
f 3567 28 3588
f 2099 1223 3589
f 10862 3589 8029
f 1789 1111 3387
f 10586 9524 3782
f 10424 3590 2000
f 9945 2342 6130
f 7643 11884 2323
f 7339 5451 6096
f 4932 726 3594
f 10942 3580 1226
f 9656 2366 1226
f 9377 1632 861
f 11340 1227 4862
f 11092 1227 4740
f 10940 1105 4611
f 10336 8441 6077
f 7495 8390 3619
f 9505 2391 5930
f 9004 2879 5171
f 9723 4939 5529
f 10798 3645 7812
f 6381 3606 8386
f 9634 3511 1132
f 10227 1892 1834
f 11321 3628 9480
f 1409 3607 5198
f 6813 5371 8498
f 5144 10884 4984
f 9138 3679 8280
f 8920 1267 8784
f 2029 69 1325
f 3335 11695 3756
f 10175 507 1981
f 2032 1235 11192
f 11356 3611 1235
f 8231 10170 5579
f 1205 3614 5975
f 8439 10966 10552
f 7488 3615 1349
f 7616 2088 553
f 1237 3618 3555
f 10392 510 3618
f 11252 11303 6154
f 2863 7798 6456
f 2507 1238 6982
f 763 1550 5846
f 9120 8408 9562
f 3619 8390 3835
f 1239 1320 8530
f 10838 3602 8956
f 7968 9522 3621
f 3622 10962 2778
f 11589 3229 3622
f 11552 8855 551
f 8630 3624 10018
f 10272 3283 8630
f 10272 1241 2846
f 3089 1030 11678
f 3831 3830 8767
f 6587 3627 8828
f 9448 1243 10730
f 10448 9783 3350
f 9448 9783 1243
f 3665 8782 11139
f 1834 1168 11321
f 10110 3426 3501
f 3629 3741 10568
f 4974 7929 1429
f 10445 2336 6274
f 3634 1897 6340
f 7581 3634 1983
f 11123 6340 969
f 7412 3635 1983
f 4692 500 3635
f 10425 1343 10885
f 10317 10318 10425
f 10563 3501 3637
f 5060 3638 3257
f 4619 3638 2116
f 10304 1246 5766
f 7777 10296 2713
f 12105 5404 11629
f 3737 1247 8845
f 9779 11051 1247
f 11310 1823 11691
f 3641 11344 8986
f 3641 3298 2011
f 3642 11024 3042
f 11364 1097 10515
f 11476 4303 730
f 9867 3930 10329
f 11001 11443 9150
f 9423 3644 7548
f 8750 1987 7460
f 11291 2913 8563
f 3645 1850 6391
f 10974 7980 8680
f 1854 2127 5203
f 11196 8003 3648
f 8901 9441 6644
f 5109 2263 10142
f 10414 1975 8335
f 3411 1294 11115
f 11769 10704 1148
f 11238 10774 994
f 10709 9998 2011
f 3641 2011 3088
f 10233 2989 2021
f 9437 9645 10993
f 11546 10934 9855
f 6614 10144 1930
f 9947 9722 8301
f 11774 501 11216
f 1930 3914 9711
f 2996 1587 6654
f 4839 1218 3652
f 8372 3652 5633
f 3653 3736 5562
f 5316 4593 8172
f 6985 3064 8546
f 10965 8808 6537
f 9408 9420 3655
f 10757 988 6909
f 10629 6786 7236
f 11138 9481 9542
f 3523 10895 9741
f 10686 2819 9820
f 10770 1691 3240
f 3656 11288 9193
f 8614 10041 37
f 538 3657 6669
f 10561 3658 5218
f 10331 6099 3659
f 5385 1257 5100
f 3090 1430 11176
f 7320 9700 6585
f 6026 9710 5163
f 9350 1258 10888
f 9937 84 3661
f 3391 1259 10528
f 1477 1259 3662
f 11253 11100 1923
f 10663 84 901
f 11298 1998 3544
f 1998 2035 11554
f 3664 1843 6938
f 10477 3388 6678
f 9506 10303 5272
f 10417 3350 537
f 7926 6821 3843
f 7735 695 5855
f 2303 1260 10315
f 6497 8264 4972
f 5639 3309 5675
f 583 1771 8913
f 2934 927 8646
f 9677 2511 8365
f 2500 565 760
f 8867 2609 7369
f 9962 955 7624
f 10758 2034 9675
f 11423 3672 3774
f 9455 7223 11853
f 10831 3674 6085
f 7006 3674 3766
f 10384 3724 3767
f 8983 11500 3675
f 11619 3676 9815
f 8427 9013 10205
f 9876 2769 10163
f 10717 10551 8681
f 9042 2245 594
f 6569 9330 5423
f 9959 2916 5926
f 1813 11572 3405
f 11514 3390 9668
f 3609 1267 9138
f 8217 561 3679
f 9657 1267 3750
f 8927 3739 7993
f 3612 1235 11248
f 6566 5746 7090
f 6779 5284 3225
f 9643 1270 5618
f 1360 3487 10099
f 6047 8387 505
f 3271 1083 8130
f 7707 8 6988
f 11561 7962 2532
f 9673 1142 6971
f 10776 1341 10658
f 10890 3685 1363
f 10658 3685 10580
f 10631 10601 3979
f 7631 638 5398
f 1954 1273 9043
f 2255 1954 9039
f 8982 9043 7873
f 7403 3687 8413
f 9750 1901 3688
f 6148 4968 6337
f 8192 1230 6391
f 9171 11490 7742
f 2883 2356 6183
f 5372 3223 989
f 2883 11819 2356
f 7273 3690 8216
f 8871 1275 7496
f 9258 3669 5403
f 1525 1276 7145
f 2240 41 3692
f 3692 3955 1276
f 10000 1793 8430
f 10656 3620 1239
f 1907 1234 3756
f 3694 11576 888
f 11787 9364 7782
f 3937 507 5887
f 5267 3130 4783
f 5363 3072 5172
f 2605 10812 884
f 8799 2845 3260
f 10911 11856 2844
f 9586 1280 8116
f 9602 8743 6303
f 6246 11161 4045
f 7867 2367 7477
f 5432 494 1283
f 11035 1283 3705
f 3521 2174 1196
f 11133 9551 6320
f 7797 5099 6577
f 10254 9028 785
f 9028 10357 7365
f 2066 1284 11697
f 11003 7518 1284
f 10219 768 8233
f 10922 1285 3710
f 7773 652 3711
f 11277 2374 5689
f 6047 9643 5315
f 11874 2086 10914
f 5912 5618 3682
f 8848 3243 8742
f 11885 3035 11392
f 6886 5754 10255
f 8448 1066 8733
f 5853 5973 3351
f 10915 10417 537
f 5877 3808 4947
f 10151 10491 9269
f 10880 1289 6529
f 68 6859 2137
f 11147 3716 1513
f 3151 2185 4914
f 12092 12083 1651
f 5159 2353 4930
f 1964 1212 10465
f 10458 1966 44
f 10465 7946 3717
f 8478 2227 6699
f 7511 3333 10428
f 3792 11549 1293
f 3792 3799 11013
f 10039 1963 9021
f 11435 10776 10514
f 3410 1294 3411
f 9746 3428 7609
f 11452 11115 10780
f 2716 88 9658
f 11538 11639 2715
f 10443 2786 10612
f 3471 10906 11258
f 8671 3485 7596
f 3604 3693 5874
f 3720 3619 8408
f 5687 4844 3787
f 3118 866 3721
f 11956 9149 3722
f 7074 10207 5926
f 10207 3723 8752
f 7901 10342 6995
f 6035 3768 1912
f 3020 1297 6701
f 6610 1324 3766
f 10177 11168 5757
f 2834 7266 6478
f 11290 3725 6209
f 804 3729 8814
f 9960 9339 6739
f 7271 3730 4725
f 11237 11491 4680
f 4980 4413 5199
f 1395 665 5412
f 7963 2058 7517
f 9900 778 8374
f 11358 2630 2787
f 803 3299 2749
f 10721 2059 7048
f 3549 3640 9112
f 11051 1990 5392
f 3095 1579 5346
f 2996 1303 6655
f 6654 958 3736
f 9156 11895 2447
f 2058 10187 3716
f 8015 2053 3822
f 9119 1818 8819
f 11235 764 8753
f 10338 11568 6402
f 3738 9838 1305
f 3596 9275 11692
f 7913 2015 1233
f 8268 3739 9295
f 6413 8118 11686
f 8118 1757 8280
f 1892 541 3741
f 11116 1306 9989
f 3426 1306 10053
f 8535 3629 1156
f 6583 7552 3761
f 10556 8632 8129
f 9199 8585 3742
f 8293 3567 3588
f 10864 3267 8653
f 9509 2099 3589
f 3743 2395 7193
f 6304 11824 2041
f 3115 3982 6281
f 11548 6453 5198
f 11573 6894 5168
f 2882 1308 7138
f 10899 613 2105
f 11857 5484 899
f 3746 11689 532
f 9561 1412 5511
f 7909 9217 7846
f 10870 902 1310
f 3748 3694 888
f 11681 11381 3811
f 11681 9787 10870
f 11381 10842 3749
f 10842 11381 2852
f 1601 1311 9491
f 2001 1311 9624
f 9624 3679 2001
f 1256 9261 6467
f 7863 2040 5507
f 7381 780 5462
f 2573 5475 786
f 7112 648 3753
f 6950 11488 6681
f 7060 3754 6596
f 2920 2604 1313
f 11507 2920 1313
f 1336 1314 7998
f 11494 10003 3755
f 11695 496 1872
f 10175 1234 8307
f 5219 12156 12136
f 3420 3758 4557
f 6087 11693 910
f 5898 3562 4372
f 4825 1316 3757
f 8737 2898 3563
f 2165 617 6184
f 9856 1317 4447
f 11569 2114 5445
f 3708 1591 6693
f 7528 10746 1319
f 8688 3760 11551
f 7645 1228 3601
f 6361 1239 8779
f 11495 3761 6905
f 3762 3741 541
f 10819 9396 3762
f 7948 2147 5897
f 1611 3764 7563
f 6034 2079 1196
f 6644 8521 11842
f 787 2574 9337
f 11996 10421 10788
f 6675 1283 494
f 3705 1283 7771
f 7276 3344 1772
f 7122 10588 6827
f 11585 1559 7776
f 11473 8886 7606
f 7165 3766 3674
f 7454 3724 1264
f 6242 3767 3724
f 10844 14 4884
f 6035 3635 500
f 3769 9130 1171
f 566 1972 1428
f 3609 1757 9246
f 8835 70 9685
f 11258 10362 3788
f 11509 10984 3773
f 12182 12085 5128
f 8515 1126 8949
f 11459 8426 11799
f 11459 3374 7977
f 8228 11327 7361
f 11752 11629 1885
f 11405 2100 7354
f 11603 11479 10256
f 11772 3771 10874
f 8659 3770 10370
f 10558 1374 9117
f 9881 8042 1986
f 7859 719 7078
f 12195 3686 7704
f 1694 30 3782
f 8285 3783 5897
f 8285 6905 7552
f 10618 2764 847
f 10603 11474 2922
f 9507 3785 8773
f 10189 3785 8410
f 5326 4708 7719
f 7389 5687 6622
f 10173 1330 3789
f 2034 93 3789
f 8571 2104 7058
f 9211 3202 1331
f 8571 3860 2104
f 9639 48 7572
f 8785 11104 1379
f 1324 7319 6242
f 10079 1286 5098
f 9605 1332 4854
f 10939 8306 5075
f 7988 3791 3683
f 7932 1960 5401
f 10039 563 8550
f 6741 3792 1333
f 9652 3863 13
f 9425 3852 7726
f 8356 9614 2156
f 10009 9005 7235
f 10496 2637 7461
f 11710 1335 8094
f 3794 1335 8552
f 11046 1849 3794
f 10035 7998 6118
f 6396 7423 10386
f 7638 6977 7845
f 11052 9101 7845
f 2700 9116 3795
f 8950 8158 15
f 3797 11935 826
f 11955 10372 7882
f 10359 723 8412
f 10990 11317 2696
f 8830 3545 3798
f 6958 2695 3798
f 10247 9328 1337
f 12010 11986 8862
f 8563 10407 8434
f 7071 8778 10998
f 9201 3010 8222
f 3009 965 11266
f 6254 1340 3802
f 10684 7400 3802
f 8085 3908 517
f 10658 1341 9836
f 2016 1339 9512
f 9957 2596 8146
f 7836 7279 8299
f 2410 5851 6349
f 6758 1342 5917
f 1546 3804 9690
f 3630 10509 1322
f 7754 3805 1546
f 10671 10197 2500
f 6944 3806 7445
f 6933 3806 6063
f 7067 2248 3807
f 9733 1053 3714
f 9783 3349 7743
f 1350 10425 10318
f 10841 10885 1200
f 8471 26 3810
f 3636 1343 9801
f 7032 4272 6645
f 6765 2807 6883
f 8262 9697 6496
f 9443 5965 6269
f 11209 706 9578
f 4127 10455 5801
f 4795 4523 4191
f 8491 10536 3749
f 2071 3820 10536
f 11309 2071 8043
f 8825 9182 5520
f 4726 1511 11021
f 1377 1348 8902
f 5680 72 3814
f 505 1536 7988
f 7340 3213 4821
f 10120 1364 5063
f 11111 3817 2538
f 6429 11709 2906
f 5915 917 2907
f 11131 3177 7529
f 2019 1349 3615
f 5596 8370 2019
f 9378 3854 1599
f 8677 11238 994
f 8608 10592 2073
f 10746 2225 7091
f 7506 11197 7841
f 9390 3819 7528
f 6568 1837 6028
f 10256 3777 9135
f 3749 10536 3820
f 3820 3811 3749
f 5850 2087 1352
f 3708 1352 9362
f 3910 1614 11405
f 7033 3516 7666
f 7392 3517 11906
f 10305 3700 8398
f 10402 2012 8953
f 9225 8266 4868
f 10939 1953 4884
f 4639 3826 7026
f 7362 495 12266
f 6586 2841 4869
f 6226 5593 835
f 8976 7865 7910
f 6251 4688 5754
f 6869 7579 4775
f 11373 8767 3830
f 8478 1947 5426
f 9634 11068 539
f 9191 3618 2025
f 8463 3832 7187
f 9418 6132 6337
f 6493 7742 3689
f 9992 3835 7863
f 9562 8408 3619
f 2251 10623 10478
f 10739 1941 3836
f 8920 1233 2015
f 3630 1322 6966
f 5733 584 2009
f 7618 1847 8348
f 11011 3890 1969
f 7283 5609 7820
f 10979 1463 3906
f 10982 11388 1950
f 1196 2079 3521
f 6294 5130 8772
f 10451 61 8127
f 8431 7804 8330
f 11801 3158 1022
f 4987 736 4833
f 3841 2445 10500
f 8557 3056 6463
f 6450 1660 5130
f 5620 11268 3921
f 6702 3844 4405
f 9394 6547 7827
f 8170 7827 3845
f 6910 5924 9128
f 8473 1742 3846
f 1395 1538 6335
f 11073 6953 9038
f 7334 7985 525
f 6278 11921 2156
f 5643 11590 10371
f 2112 11309 1486
f 9444 5417 9087
f 1472 76 6759
f 4949 76 3846
f 8926 9709 5117
f 11383 3874 10735
f 10265 10571 4039
f 6861 1478 11702
f 7507 5637 2755
f 5507 7888 6168
f 6952 12348 5556
f 9487 9871 7189
f 11600 10048 5810
f 9458 1853 11620
f 10737 7171 6968
f 6282 3853 9695
f 7396 3943 6888
f 10646 2074 2000
f 7847 1599 3854
f 8875 9888 5985
f 11458 29 8105
f 10532 3858 1661
f 1052 5422 3858
f 3876 1943 3859
f 11694 9212 8663
f 10374 6297 9931
f 11505 1433 9951
f 9866 10768 1560
f 2223 1641 7520
f 11000 3865 3498
f 3650 1975 501
f 10778 817 7540
f 5141 3867 6661
f 4917 1865 3856
f 10320 3869 4648
f 5371 3608 3870
f 7130 2101 3871
f 7840 21 6922
f 8673 3475 5121
f 7288 4136 5111
f 6991 1727 5787
f 9130 3769 3875
f 3282 4143 4730
f 6968 10578 4797
f 3859 499 3876
f 3876 3491 1943
f 1807 7313 957
f 8756 6998 7630
f 11060 11402 9444
f 11402 602 5700
f 9785 3997 7818
f 10672 8985 1758
f 7244 10583 6780
f 8055 10457 8878
f 10187 1513 3716
f 8109 2847 8705
f 9412 516 6282
f 9167 1801 5607
f 12706 3882 8993
f 9246 3772 8784
f 1822 10884 5376
f 6371 10217 1458
f 6745 8660 5348
f 620 9814 1772
f 11181 3879 1586
f 9502 7460 6007
f 7901 1296 2228
f 6004 3856 2376
f 1795 1508 10437
f 2073 8774 11640
f 11231 582 8278
f 1597 7333 1280
f 10827 3888 8421
f 1836 8919 10028
f 9120 9562 3890
f 11003 9174 4809
f 4751 3891 1790
f 6159 3846 76
f 9771 1256 3893
f 3657 8696 3893
f 11570 11038 4566
f 6031 5353 4858
f 11520 3897 1165
f 11096 9927 3940
f 11386 3899 7210
f 10523 3899 10284
f 8597 1980 2432
f 9998 10709 1480
f 9272 1700 8184
f 4218 4167 6997
f 80 5365 3901
f 5804 3901 6001
f 7601 3763 3902
f 7030 1821 7703
f 7605 2183 7393
f 10289 800 7388
f 11682 2613 1561
f 11160 1328 5742
f 6652 2739 4622
f 3904 1565 7019
f 10835 90 3904
f 4832 2650 4099
f 7942 8881 2088
f 6619 2407 12056
f 3907 3918 6876
f 7380 517 6319
f 6676 5554 7427
f 8250 3612 8048
f 8470 10614 22
f 7015 1614 3910
f 11405 9804 3910
f 3911 9395 1822
f 9873 3911 4797
f 5504 2053 1290
f 1290 2067 6436
f 7781 9851 5560
f 9233 6969 3840
f 10395 8470 7302
f 11307 12057 11716
f 8910 1888 6820
f 7928 11923 11622
f 1252 2262 8904
f 6091 8151 637
f 11325 3917 23
f 11455 3917 2314
f 3918 3907 10420
f 61 1576 11326
f 9124 1640 3919
f 9161 865 7691
f 10548 5451 5481
f 9921 637 5096
f 11268 5620 3844
f 8473 10420 3921
f 10232 982 7606
f 11871 7376 6295
f 1260 6735 821
f 9804 632 3910
f 8193 7748 8452
f 8486 2140 3925
f 10411 49 10687
f 7260 3927 5480
f 7291 11181 8243
f 4832 3905 4685
f 7118 5498 5827
f 9301 508 2207
f 5354 5870 3157
f 1563 11129 6777
f 9450 2332 619
f 9547 2670 6895
f 8577 2312 11146
f 10785 2564 11798
f 11798 2563 10706
f 11569 3519 6075
f 4527 2061 4477
f 8479 3935 10523
f 3936 13 12
f 8788 10133 6024
f 3483 1165 3897
f 9244 2094 1880
f 41 2262 11754
f 4673 609 3898
f 7349 5243 7451
f 9951 507 3937
f 2115 9866 3937
f 11215 3616 6158
f 5163 3851 7082
f 10342 630 5423
f 6833 7219 1411
f 10478 10623 10222
f 731 3208 8273
f 9706 525 7985
f 1733 11191 9294
f 7869 5832 6585
f 8532 2016 3896
f 9927 11096 3897
f 3940 8809 503
f 7468 2295 5604
f 9001 1962 6230
f 6489 1727 5603
f 1160 2137 4684
f 2806 868 9388
f 9622 1949 11086
f 6816 5831 5884
f 10069 2623 8796
f 10064 2731 4543
f 3764 2286 5799
f 1555 3432 5525
f 9173 9524 11495
f 9964 3680 6537
f 10014 3839 9896
f 11618 11361 3970
f 8564 3949 6639
f 1933 3845 6547
f 5551 2083 2109
f 7938 9943 6860
f 7410 8805 6770
f 2187 1477 9530
f 11308 9847 10285
f 11041 2000 3590
f 5536 4715 8973
f 7093 710 5040
f 9007 3954 9975
f 9712 3955 6195
f 4988 2067 3610
f 3263 659 7551
f 7666 1353 6601
f 5032 7354 3957
f 9652 9425 8423
f 3958 2164 7642
f 10616 2342 7701
f 8174 1327 8018
f 3960 3779 10506
f 1433 11823 11362
f 3961 2435 6357
f 3961 2882 6638
f 9453 4297 4966
f 10825 9651 3963
f 9288 6713 1905
f 6175 3964 5392
f 5366 1604 10952
f 1549 1472 11282
f 6861 71 5373
f 6283 2712 4302
f 7195 4948 6719
f 10510 9762 3969
f 9949 10638 3969
f 4514 12562 5306
f 3942 1413 8431
f 8197 11148 2992
f 8779 2040 8390
f 7232 4064 4900
f 5579 1874 9163
f 10262 3970 10087
f 11618 10322 3948
f 6146 8469 3971
f 9100 5408 5734
f 6267 1743 3133
f 7305 2109 3973
f 8194 4646 7527
f 1472 1549 9909
f 5089 1790 3978
f 3738 1305 9545
f 2089 1502 9230
f 11870 1463 11244
f 2014 49 10601
f 10868 5412 2110
f 10157 3981 1590
f 9520 3116 3982
f 9520 3982 4981
f 1696 6945 10898
f 10973 1796 3984
f 3983 1794 7939
f 5032 2111 3986
f 4387 6490 3986
f 6053 1799 5330
f 11854 1547 6457
f 10220 3956 7544
f 9365 3988 8576
f 5716 3703 4631
f 9498 65 5849
f 9883 1213 3990
f 9977 3990 5718
f 11169 8344 5847
f 7399 5935 7809
f 10118 3993 1950
f 10028 10620 2377
f 8416 1952 5925
f 8269 1950 3993
f 10587 4001 10155
f 3268 2099 6240
f 7136 2052 6052
f 7706 1154 6327
f 9429 3997 6801
f 10497 1768 8108
f 9878 3995 9537
f 10960 721 4762
f 4036 4019 4882
f 6271 7044 9809
f 6002 7044 8980
f 9785 3878 5150
f 6414 3998 4405
f 3999 7927 2007
f 5921 5560 4000
f 9954 1609 7268
f 7649 11433 1763
f 12628 1724 10518
f 7347 4003 8034
f 9218 11370 5710
f 4896 3980 4004
f 4225 4100 7041
f 6233 7075 11020
f 11842 4007 3707
f 8690 4007 8521
f 12526 12868 12746
f 7784 4008 10976
f 8440 2180 4009
f 8745 9468 4010
f 7258 6325 6572
f 1625 6130 7686
f 6781 10141 6691
f 10807 4059 10340
f 9932 4432 4487
f 6246 4045 9598
f 4015 10437 9023
f 8255 515 4015
f 7036 5874 3787
f 4571 1666 4786
f 6086 4051 4922
f 6064 4502 6527
f 6153 650 9678
f 11527 6522 4661
f 8660 6745 616
f 6205 5612 4021
f 6620 4412 5183
f 11970 6591 5262
f 4378 4012 8704
f 9678 650 7830
f 1915 3924 4300
f 4471 4497 8639
f 8837 8493 5045
f 8394 2309 4486
f 5473 5696 1137
f 10651 4432 4574
f 11663 4398 4324
f 11816 4214 6017
f 8743 6017 6877
f 9421 6752 7052
f 6752 9315 11993
f 4036 6858 10127
f 9292 9540 6581
f 4607 4034 5303
f 5861 4621 5625
f 12420 8803 4049
f 4678 656 1877
f 9598 4045 6388
f 10760 5482 4279
f 10390 4162 6756
f 7385 1407 8757
f 4276 11813 6738
f 11174 729 5909
f 6160 8640 1244
f 10724 4041 4657
f 7477 2952 5808
f 8868 7867 6501
f 11174 1800 6300
f 7005 1955 5055
f 7613 4497 5007
f 8179 11723 4045
f 9408 3680 5517
f 9680 4084 7402
f 4624 10903 3065
f 6067 12511 12438
f 10765 4031 7465
f 6079 9563 8969
f 6649 4251 200
f 7185 5135 7418
f 12017 5830 4864
f 5064 4399 5667
f 9076 5823 6076
f 8793 2643 12073
f 9606 4075 823
f 4143 3282 7512
f 9072 1722 4489
f 3920 637 4047
f 7902 4661 4936
f 12146 2346 10976
f 11136 11318 4572
f 6604 3100 5276
f 10290 756 5785
f 11558 5505 5013
f 9032 6514 7721
f 6871 10454 6549
f 9056 8734 5460
f 9914 786 4057
f 2573 786 6924
f 4732 4621 8800
f 4050 737 7323
f 8138 3903 7420
f 12330 12424 4235
f 5556 7787 7778
f 357 356 11934
f 7487 6943 4895
f 9888 4167 4571
f 8517 4073 6513
f 11199 4727 4744
f 8965 4079 4727
f 5363 10792 2311
f 8730 5186 4006
f 8609 1516 5409
f 10438 5708 4957
f 6064 4703 4829
f 4815 3617 7679
f 5154 4057 786
f 5557 6924 9914
f 8179 1596 7413
f 4895 4813 8957
f 8831 1627 8355
f 9526 5496 4667
f 4055 12570 4805
f 6076 4718 5703
f 4584 4112 4946
f 9924 354 353
f 10286 3402 4067
f 5139 818 9145
f 7126 2494 4066
f 10236 2236 7505
f 9224 8945 8355
f 9964 8730 4006
f 6790 4087 10325
f 6435 4235 4784
f 6377 3292 4502
f 12097 4718 12134
f 6692 4069 4591
f 7758 4076 5872
f 6302 5337 8107
f 2381 6342 749
f 10978 5071 5129
f 10445 3632 5361
f 9980 4063 11829
f 10404 199 198
f 2388 11728 10117
f 8517 1956 7141
f 7124 6532 7115
f 7096 5305 5531
f 4130 5044 11988
f 6597 9853 4079
f 2272 2311 6665
f 5630 12025 11604
f 9606 4275 4075
f 9009 4059 6443
f 7040 10763 11745
f 10540 7524 4138
f 12408 9446 675
f 7700 3903 6210
f 10267 11483 2848
f 1517 9009 3352
f 12456 10958 147
f 2169 1119 4650
f 7186 7523 2442
f 5800 4856 5273
f 10094 4082 4214
f 9759 658 7040
f 6858 5452 6773
f 5622 4285 8160
f 3971 1008 6551
f 4846 642 11595
f 7694 4978 642
f 7640 4146 7753
f 6377 5865 4380
f 5501 10500 2445
f 10334 12086 9907
f 6704 11543 4256
f 9687 6515 6836
f 12751 12384 12506
f 9360 4093 8834
f 11979 717 10604
f 8368 2030 11949
f 5780 11246 12531
f 7982 732 5206
f 7580 4006 4053
f 10270 4066 6616
f 8957 4633 5105
f 11135 4737 4395
f 4908 4710 8682
f 9255 4129 5925
f 10059 4310 4957
f 4609 4955 9123
f 6027 11424 4979
f 4979 5145 4085
f 10726 4200 5674
f 4182 9513 4503
f 5369 4073 6871
f 4097 4143 4654
f 6395 4654 5229
f 7456 4467 11246
f 12613 12269 4188
f 7456 5431 7158
f 7309 4098 5361
f 9057 4099 6507
f 9361 1979 4897
f 11008 6443 4264
f 9292 1421 7524
f 6139 4228 4108
f 8358 12168 12005
f 342 12184 343
f 8722 9569 4765
f 8318 2076 6864
f 10307 6237 5598
f 6672 4103 4070
f 333 7414 4151
f 6664 12220 10286
f 10904 7075 5592
f 4030 9990 10753
f 10270 4106 10438
f 6975 10141 6616
f 7288 2273 5824
f 5824 8338 4410
f 4333 12041 4310
f 6630 4163 6993
f 12031 10213 4253
f 4522 4103 4643
f 12184 10096 6650
f 4426 3233 4022
f 3100 4268 8996
f 9852 4294 5386
f 5052 4115 8321
f 3028 762 11122
f 8062 5414 6643
f 5052 8321 1345
f 4123 4121 4144
f 7911 6210 4603
f 8804 4126 8450
f 7154 4284 4119
f 8251 4122 7386
f 7472 12369 12177
f 12271 345 12296
f 6346 4125 8596
f 8804 9360 8358
f 8291 2525 5425
f 9187 9266 4133
f 5044 7220 2278
f 8210 4966 5118
f 8803 12374 4880
f 8107 6459 5255
f 10124 4268 5244
f 5178 1119 11958
f 6009 1491 5591
f 4138 2656 10540
f 8996 4249 4081
f 10047 2945 4804
f 4438 362 11960
f 5257 4083 6351
f 4409 4698 4102
f 9886 9965 10726
f 10946 2335 5082
f 6018 197 196
f 7481 4156 4935
f 10650 169 4395
f 12400 7106 12931
f 5914 4218 4305
f 4155 4210 5631
f 10132 1491 6009
f 4763 4101 12495
f 4078 12495 4101
f 4602 4178 9901
f 12319 7408 7472
f 7778 5838 6200
f 4999 5205 7787
f 7108 5640 4071
f 4168 9088 6231
f 6176 8786 8793
f 6018 195 4052
f 5722 5661 5960
f 8132 4157 4307
f 2962 1848 737
f 10792 4518 4538
f 12523 12299 12455
f 4240 3956 5879
f 834 6374 12511
f 12635 12676 5553
f 5862 4898 4207
f 5792 4341 5147
f 10415 7220 5044
f 6060 5793 6054
f 8225 8870 4292
f 5838 4149 6009
f 11936 1747 7590
f 7376 11871 4300
f 5879 5234 4240
f 8388 6756 4162
f 10930 8117 1982
f 8096 8472 5600
f 9465 4171 4162
f 9247 10302 4203
f 9845 4299 6060
f 6185 4222 4060
f 10406 4347 4423
f 11499 1666 7330
f 6475 3040 4863
f 9451 10791 6642
f 10802 4121 12183
f 5923 729 9223
f 11382 4216 6312
f 4563 4465 4091
f 1951 11610 913
f 4613 11832 11745
f 6853 4510 4602
f 5998 4181 4343
f 12589 293 292
f 11374 650 6153
f 10446 4303 4393
f 7304 4087 4640
f 5205 2425 10653
f 12486 4016 5749
f 5559 7359 10455
f 11645 11199 4094
f 6582 2437 5437
f 5980 2962 8304
f 9924 355 354
f 6843 12291 12368
f 12596 135 5572
f 349 4223 12074
f 7558 4492 4845
f 8076 1982 5442
f 215 214 12652
f 6095 733 6021
f 4510 4366 7076
f 10865 9850 1747
f 10052 5722 4120
f 4542 12424 12454
f 4017 4120 5960
f 4518 4165 4799
f 6907 4335 4454
f 4713 4468 8406
f 10703 5255 12095
f 9543 4810 8099
f 8263 6822 4841
f 8263 991 5474
f 6502 4211 4852
f 7550 4184 5230
f 4503 9513 5634
f 9850 1 1747
f 4200 5085 5969
f 11614 8342 6177
f 7275 4678 10668
f 6387 5828 6667
f 5559 4135 4795
f 5712 12308 7192
f 9862 6809 5974
f 12652 216 215
f 11174 9223 729
f 4603 10358 6049
f 12091 5664 4208
f 10505 9907 12086
f 4555 10446 4189
f 4953 4189 4374
f 6589 4179 4681
f 8388 4190 5707
f 4898 5862 4115
f 5017 4207 9521
f 7695 4262 7414
f 197 6018 11617
f 6406 4240 12252
f 9782 734 5997
f 5923 11813 4276
f 7758 7225 4080
f 4626 4320 5155
f 4067 2287 9175
f 330 11701 4184
f 5735 4206 4525
f 4321 4346 12113
f 12652 272 216
f 7437 4325 4199
f 10194 4392 4460
f 10991 4336 4444
f 10038 2298 6115
f 5664 4907 5512
f 8367 976 5711
f 5436 3554 4681
f 5080 11570 7277
f 8388 4171 9247
f 11980 4190 9247
f 4155 5631 4249
f 5436 9569 8722
f 6115 12023 10038
f 7999 10364 12794
f 7225 3193 6368
f 9890 623 3965
f 10760 2039 6770
f 7864 2831 12680
f 4037 12529 4279
f 4354 12690 12645
f 4933 3894 4211
f 4313 5031 4037
f 4920 4222 2385
f 11543 6704 7225
f 344 12261 12296
f 5518 12157 5940
f 10265 12504 5672
f 5439 8707 4213
f 11609 7413 10094
f 5737 2520 694
f 9987 4217 9618
f 6177 4234 4668
f 7180 5578 7903
f 11604 8191 12060
f 4746 4396 4480
f 12502 11416 12759
f 9914 11198 5914
f 4167 4218 7330
f 5523 4636 3951
f 8755 4291 12127
f 10952 9763 5724
f 7041 5630 4225
f 9018 3278 6981
f 8744 4295 6981
f 8734 2385 4222
f 4251 201 200
f 12774 4919 10185
f 6359 4588 6200
f 9229 274 273
f 5322 12170 9264
f 4038 7154 4119
f 8358 8610 4126
f 4108 4038 8626
f 8609 8476 3502
f 4230 2350 10728
f 12074 7538 348
f 8832 11122 762
f 6188 4618 5028
f 4427 4361 12191
f 4679 4070 4522
f 10033 4256 6127
f 150 149 5136
f 8058 4618 5211
f 4422 5814 2023
f 4059 4632 6443
f 9446 12123 4151
f 12711 2830 11420
f 11968 5267 5172
f 4799 4236 4881
f 5345 293 12589
f 4964 4237 4437
f 8541 12369 6279
f 7064 4238 8700
f 4203 11980 9247
f 7852 4552 9799
f 11387 4142 6061
f 4422 2434 5814
f 5600 4104 1516
f 11966 4159 12179
f 6959 3996 4269
f 5814 1585 6502
f 6033 4291 5054
f 7286 9821 4288
f 11931 6645 4244
f 4760 4371 5252
f 7940 4140 4371
f 9453 7386 7822
f 7499 8707 6212
f 5149 236 237
f 12021 4542 12508
f 9911 2360 5974
f 12287 12117 12803
f 932 4217 762
f 12045 4166 4321
f 8145 2193 4668
f 8076 4651 4820
f 7721 4246 11545
f 10432 201 4251
f 4759 1992 6666
f 4252 6312 4771
f 12160 4161 6060
f 4052 12540 8966
f 9283 3194 5313
f 6704 4267 11529
f 10807 2313 3959
f 7231 10604 717
f 5953 11985 4579
f 6720 2687 7920
f 8304 7695 5980
f 5940 4046 6398
f 12074 350 349
f 12582 4186 7077
f 11022 4163 5959
f 11736 2423 4355
f 8672 9952 5022
f 12123 334 4151
f 10801 4262 8304
f 12064 5306 12562
f 7790 209 213
f 11044 9993 4549
f 12167 11995 7790
f 12039 4231 12225
f 11240 5283 4649
f 11240 4148 4315
f 12609 7727 4297
f 4856 10538 3996
f 9884 1229 4377
f 4531 4454 8195
f 12884 12651 12394
f 7286 9032 5402
f 8832 4217 6376
f 11135 4274 6986
f 11318 4194 11850
f 7364 4286 11072
f 4175 12291 6843
f 12368 12387 6843
f 1408 12620 12441
f 5031 6904 12529
f 11850 204 11318
f 9305 10546 8482
f 5923 9223 4644
f 260 262 12342
f 10213 7538 4173
f 5751 4282 5230
f 10462 765 4934
f 5885 4853 4728
f 2712 4119 4284
f 4829 12050 4018
f 4806 11973 12055
f 8755 8754 4847
f 4316 7108 11844
f 1671 3233 5208
f 12716 12680 9254
f 795 12879 10179
f 4288 2662 2308
f 8724 9484 4999
f 9546 1754 8965
f 11645 4594 4771
f 12502 878 11415
f 12303 12896 12473
f 4458 4294 11532
f 9852 8472 5147
f 4940 4530 8639
f 348 7538 319
f 6720 4295 6021
f 12100 4501 11738
f 4226 10761 8191
f 4267 12559 11529
f 5515 9371 4268
f 7826 10124 7727
f 6591 8263 5474
f 7146 12212 4223
f 7290 5289 7029
f 10033 4266 12340
f 4300 4231 6722
f 3924 1915 6382
f 4808 4363 6510
f 4551 4433 7788
f 4302 2712 9079
f 12669 12558 12477
f 10446 11814 4189
f 12831 12804 4515
f 8966 6018 4052
f 7920 11109 4230
f 12618 4765 9569
f 7186 5262 5474
f 12845 4110 12159
f 4210 5873 6280
f 12034 211 210
f 5782 12308 4269
f 8099 8928 12300
f 4305 11822 5914
f 5630 7041 12025
f 10761 4226 12273
f 12074 351 350
f 12331 164 163
f 5982 4307 4157
f 8211 4292 8870
f 11633 11391 6642
f 6248 2434 4346
f 4695 9606 823
f 12174 12471 12213
f 7192 12330 4235
f 7613 4940 4497
f 12916 12896 12510
f 8928 4313 12300
f 5336 10389 9209
f 11844 163 162
f 11673 4317 9789
f 11738 4897 4482
f 4403 1826 4318
f 4335 740 4318
f 4336 4201 4319
f 11683 6757 4319
f 5042 1580 4320
f 4626 4665 4320
f 10406 4196 4321
f 8719 3320 4322
f 9068 1532 7652
f 5640 4316 8454
f 4323 10147 7652
f 4322 3320 4323
f 4403 4199 4325
f 4332 5632 4325
f 5129 4032 11978
f 12126 4812 5405
f 5868 2493 4326
f 4753 4169 11745
f 11745 10763 4613
f 9802 4474 2205
f 10385 4370 4327
f 4309 4315 12627
f 12081 4777 4329
f 5599 7720 4691
f 8011 4487 3183
f 8669 2152 4330
f 7437 11873 4332
f 4332 11683 5632
f 11736 4334 4781
f 9901 12586 9970
f 6907 740 4335
f 10991 11456 4201
f 11683 4337 4331
f 4563 5304 4465
f 10759 9925 4338
f 4452 5153 4338
f 12676 12072 5553
f 4339 8399 8011
f 4330 2152 4339
f 11663 4324 8511
f 4482 5129 11978
f 5548 10775 4342
f 4457 6462 4342
f 9526 5998 4343
f 9489 79 9050
f 8922 2264 4345
f 4321 4196 4346
f 5803 12256 4032
f 9366 4350 4400
f 4376 1900 4358
f 4474 9050 4350
f 7772 4445 2477
f 7452 4024 4351
f 2218 8639 4530
f 7307 1059 4352
f 4539 7149 4353
f 5306 12064 12044
f 877 12690 11414
f 6008 4334 4355
f 9979 2358 4356
f 5458 10918 4357
f 4716 8337 4357
f 12342 261 12337
f 4250 4359 12028
f 4363 3122 5174
f 4955 4089 12129
f 7277 3894 4360
f 4822 11653 2294
f 12191 5231 4588
f 11804 4436 12445
f 5842 4174 12027
f 4808 3122 4363
f 5174 1184 4363
f 4429 3094 4364
f 4351 4024 4364
f 9162 1532 930
f 4331 4247 4366
f 4510 1826 4366
f 2434 4422 12499
f 5383 2371 4368
f 6507 2650 4368
f 9209 812 4369
f 2667 716 4369
f 9489 9802 4370
f 4370 10385 930
f 4760 7940 4371
f 4535 2237 4372
f 9370 11607 4372
f 7237 77 4373
f 4781 4373 11736
f 12618 12563 4172
f 11814 4374 4189
f 4737 4140 4375
f 2671 4375 4956
f 1900 10324 4349
f 4060 12205 5105
f 158 12461 4920
f 6256 4074 12230
f 4456 898 4377
f 5677 4271 4377
f 3142 4867 2943
f 4378 8511 4012
f 12147 12139 4378
f 9842 8665 4379
f 5865 12549 4380
f 9591 5003 11588
f 8271 698 4381
f 12281 4597 8922
f 8947 3209 4382
f 5008 4068 4382
f 4478 4199 4383
f 4452 2181 4383
f 4652 1003 4384
f 4381 698 4384
f 9510 8825 4385
f 5575 4840 4385
f 5050 1299 11735
f 4386 8086 9068
f 4386 9633 79
f 4770 6109 4387
f 4547 6750 4388
f 12052 7196 12145
f 4351 2477 4390
f 4345 2264 4390
f 4391 9620 10364
f 9720 3476 4392
f 4446 2899 4393
f 8265 10507 4393
f 4568 549 4394
f 4696 11135 4395
f 4396 4746 12112
f 4496 4396 12077
f 4340 2358 4398
f 4741 2319 4399
f 5064 3838 4399
f 4344 11206 4400
f 9068 2141 4401
f 9633 10167 79
f 4400 12717 9366
f 4402 9162 9567
f 12426 173 4506
f 4401 2141 4477
f 5632 1826 4403
f 12041 4333 12103
f 4683 11037 4404
f 9479 6414 4405
f 2102 6702 4405
f 12061 7505 11925
f 4102 4274 4409
f 4500 6864 4409
f 12321 4410 8338
f 4410 10923 2169
f 5287 4177 4411
f 12508 12564 12021
f 4873 2017 4412
f 6620 1671 4412
f 4615 3733 4413
f 4980 1299 4413
f 6248 4196 4423
f 4347 10389 4423
f 7315 11114 4424
f 11151 8327 4424
f 11442 9004 4720
f 4652 10595 4425
f 10923 4437 4237
f 1119 12096 12192
f 4426 12204 4312
f 4255 12191 4588
f 4760 4215 4428
f 5735 3922 4428
f 4430 12401 12089
f 5043 573 4431
f 2944 1015 4431
f 8511 4028 9932
f 4551 12335 4433
f 8424 7788 4433
f 832 2713 4434
f 4434 5043 6742
f 12108 12122 12371
f 4322 1532 4435
f 4344 10167 11206
f 5547 2416 4436
f 6420 4224 4437
f 10923 12321 4437
f 6898 694 4439
f 12518 9283 6914
f 4805 12570 7160
f 10059 10236 4333
f 4444 10406 4166
f 4336 3476 4444
f 4461 2477 4445
f 4453 2081 4445
f 10507 2639 4446
f 10946 2899 2335
f 6270 9856 4447
f 4893 2423 4447
f 4830 6066 4448
f 9386 837 4448
f 5977 2738 4449
f 9732 7028 4449
f 10595 4103 4450
f 10225 4425 4450
f 4495 2997 4451
f 4925 2327 4451
f 5845 740 4452
f 7641 2081 4453
f 8399 4339 4453
f 4531 4271 4454
f 4335 4147 4454
f 10339 6006 4712
f 6842 3464 4455
f 8874 898 4456
f 5472 5295 11991
f 7401 3122 4457
f 10775 3141 4457
f 5386 4294 4458
f 4514 4109 4458
f 5101 1106 4459
f 4608 11141 4459
f 11718 12007 12597
f 4392 11873 4460
f 8275 2477 4461
f 8899 3234 4461
f 4356 2061 10050
f 4554 2606 4462
f 4317 2237 4462
f 7295 3986 4464
f 6434 10011 4464
f 6029 4091 12362
f 4235 12424 8667
f 12454 365 385
f 7456 4098 4467
f 4531 4180 4468
f 4713 2880 4468
f 5786 609 4469
f 4469 3869 10320
f 4470 8704 4024
f 12118 4470 4483
f 4352 1059 4471
f 4511 1106 4472
f 8873 1248 4473
f 4303 11476 4473
f 10324 4376 4474
f 7811 5066 4818
f 6517 3882 4476
f 4476 12011 2212
f 4527 10050 2061
f 7437 4199 8495
f 10624 2497 4478
f 7017 11629 4479
f 4651 4248 4480
f 4396 2299 4480
f 4682 2081 4481
f 4539 3034 4481
f 5189 9167 5607
f 7452 2264 4483
f 4478 2497 4485
f 4508 8495 4485
f 4686 2517 11453
f 4429 9932 4487
f 4432 3183 4487
f 12058 4488 5025
f 7947 3167 4488
f 8694 9072 4489
f 5344 5417 4489
f 5607 1801 4490
f 5057 8993 4490
f 4088 4845 4492
f 7897 9369 4492
f 12774 7610 4919
f 7811 3209 4493
f 2415 4591 4493
f 4937 2537 4494
f 4558 2204 4494
f 8318 2997 4495
f 9984 959 4495
f 9056 2299 4496
f 4471 2467 4497
f 4498 1863 5459
f 8052 2043 4498
f 6259 3365 4499
f 8447 715 4499
f 12022 4500 8865
f 7765 2997 4500
f 4105 11738 4501
f 6064 4018 4502
f 5634 9513 7852
f 5074 6873 4504
f 6873 12000 4504
f 8572 2979 4505
f 5767 1835 4505
f 4956 10310 4506
f 10546 4229 4507
f 12045 12012 11456
f 10194 4460 4508
f 5301 3920 4509
f 8694 8259 4509
f 6463 3842 8557
f 6853 1826 4510
f 12091 4367 5664
f 10147 4323 4511
f 4511 4459 1106
f 4673 3898 4512
f 4927 9925 4512
f 5141 1629 4513
f 673 5117 9709
f 4514 5306 4109
f 11532 12685 4514
f 5362 5418 4516
f 5283 2887 4517
f 4691 605 4517
f 9997 4538 4518
f 10792 5363 4165
f 7518 3821 4519
f 4530 8922 4345
f 4628 4591 4520
f 6305 9582 4520
f 4521 7253 9702
f 4521 4889 7164
f 10335 3823 6352
f 4232 4112 11329
f 4070 4103 4522
f 4795 4241 4523
f 6600 11114 4524
f 5521 10700 4524
f 4178 12586 9901
f 4206 3273 4227
f 4691 4227 5599
f 11456 10991 4166
f 4477 1372 4527
f 5260 2370 4528
f 4528 7910 1355
f 7872 2310 4529
f 5987 692 6302
f 4532 972 5046
f 2316 2160 4533
f 6256 12089 4534
f 7902 4043 4534
f 9080 2237 4535
f 11607 1316 4535
f 10501 5246 4536
f 8903 2331 4536
f 8382 8072 4537
f 4537 77 6038
f 4538 9997 3554
f 11565 10792 4538
f 10543 4539 4353
f 8543 3253 4540
f 5769 2652 4540
f 4541 1921 3599
f 5227 8181 4541
f 4411 8667 4542
f 5119 4245 4543
f 10599 10064 4543
f 4544 12174 12314
f 11220 4781 4544
f 784 9707 4545
f 4545 4674 1291
f 2394 8329 4546
f 6162 5906 4546
f 10250 3023 4388
f 9427 972 4547
f 4461 3234 4548
f 4352 2218 4548
f 8493 807 5045
f 11566 4816 2933
f 5063 889 4553
f 2148 8763 4553
f 10150 2606 4554
f 9620 4391 4555
f 6897 4277 4556
f 8465 3420 4557
f 6101 2204 4558
f 6437 1699 4558
f 4559 11914 8766
f 11400 8599 4559
f 4560 10898 6945
f 7991 2384 4561
f 4562 4996 3562
f 6689 5293 4562
f 6870 4298 4563
f 4852 11570 4566
f 11038 11916 4566
f 5818 4215 4567
f 2731 1955 4567
f 7401 549 4568
f 10594 10412 4569
f 4739 1648 4569
f 9182 7966 4570
f 7678 1573 4570
f 5165 9888 4571
f 6934 6651 5405
f 5536 11579 6403
f 204 203 11318
f 8707 11136 4213
f 3607 1409 4573
f 5026 8498 4573
f 10050 9979 4356
f 4432 4028 4574
f 8737 3563 4575
f 5316 8445 4575
f 5901 2134 4576
f 2759 663 4576
f 2520 9410 694
f 4499 3365 4577
f 5522 2473 4577
f 8128 944 4578
f 4857 702 4578
f 4579 11985 4526
f 7076 4247 4579
f 6264 2835 4580
f 4580 6607 3583
f 12102 5148 1291
f 4713 605 4581
f 7720 2793 4581
f 4582 6502 1585
f 9789 8030 1845
f 5636 1153 4583
f 8031 7158 4583
f 4584 12031 4253
f 4112 4232 4522
f 5818 4156 4585
f 5599 3273 4585
f 4348 9366 12717
f 6613 2971 4586
f 5335 6101 4586
f 4031 3617 9047
f 4558 1699 4587
f 8344 636 5698
f 6359 4255 4588
f 10569 8981 4589
f 3953 1355 4589
f 908 2896 4590
f 11737 8637 4590
f 4669 4069 6692
f 6266 2123 4592
f 5521 11063 4592
f 5316 2239 4593
f 4826 1253 4593
f 11645 4173 4594
f 4223 349 311
f 5050 3734 4595
f 5339 2939 4595
f 4596 10898 5212
f 7927 5829 4596
f 4597 2264 8922
f 4759 4980 1992
f 4598 7778 7787
f 4598 10653 4149
f 4599 10194 2667
f 4369 812 4599
f 8265 4473 1248
f 4388 2479 4601
f 8519 7084 4601
f 4627 4147 4602
f 4510 4178 4602
f 4185 9940 2341
f 11260 4836 4605
f 4094 11329 4606
f 10557 4809 4607
f 1442 4034 4607
f 4608 10700 942
f 5501 2445 4609
f 12363 5322 8610
f 4694 2042 4610
f 4561 11766 4610
f 5307 3034 4611
f 5900 10940 4611
f 10252 1595 4612
f 6068 2760 4612
f 7795 2702 4614
f 5805 827 4614
f 5642 3733 4615
f 4382 4068 4616
f 5573 8947 4616
f 6013 3324 4617
f 7922 5723 4617
f 8058 3338 4618
f 6188 4255 4618
f 6228 2343 722
f 5552 10304 4619
f 4620 9869 2871
f 6526 1787 4620
f 11960 5663 4096
f 12251 6398 12425
f 5008 11627 4068
f 4732 4035 4621
f 5861 4005 4621
f 8518 7046 4622
f 8382 6652 4622
f 5755 2493 4623
f 9047 5755 4623
f 4857 2329 4624
f 3065 4043 4624
f 4456 2880 4625
f 5126 1817 4625
f 8195 4147 4627
f 9901 4148 4627
f 6692 4591 4628
f 8719 4867 4629
f 11876 6058 547
f 5533 3989 4631
f 9177 8590 4631
f 5703 5825 9076
f 5825 12214 11912
f 4264 6443 4632
f 4633 6185 4060
f 8957 3699 4633
f 9088 5598 4634
f 4634 11733 3508
f 5542 2871 4635
f 2252 10381 4635
f 5482 4636 12544
f 4849 2047 4637
f 7575 1496 4637
f 5612 1682 4638
f 7184 2281 4638
f 10140 2056 4639
f 3821 3826 4639
f 5186 4169 4640
f 4087 4053 4640
f 11363 9852 5386
f 2287 4946 11887
f 3292 4924 4502
f 12194 11813 4644
f 10290 7084 6162
f 4646 497 7527
f 5706 1116 4647
f 8405 1989 4647
f 9183 10320 2591
f 4627 4148 4649
f 5283 4180 4649
f 6315 2169 4650
f 12384 12751 6522
f 11588 8883 5606
f 4904 4233 4651
f 8076 4248 4651
f 4652 11379 10595
f 10149 1003 4652
f 7027 3141 4653
f 5458 11213 1750
f 6395 4097 4654
f 7512 4062 4654
f 7237 4803 4655
f 8967 6038 4655
f 4330 3183 4656
f 10651 1942 4656
f 5509 5741 4657
f 9137 10724 4657
f 6423 2523 4658
f 5274 766 4658
f 4296 4219 4659
f 12099 11975 642
f 5292 698 4660
f 9175 2287 4660
f 6597 1754 707
f 4661 6367 702
f 12401 11527 7902
f 4457 3141 4662
f 5555 549 4662
f 6036 11653 4379
f 8665 2125 4663
f 4664 4132 6651
f 4666 12166 12087
f 5374 8893 7672
f 4785 4132 12866
f 5496 2689 4667
f 4359 8145 4668
f 6870 4069 4669
f 6600 2969 4670
f 7101 1072 4670
f 4701 4206 4314
f 5553 181 12635
f 4502 4924 6527
f 4848 3234 4671
f 4682 544 4671
f 6535 2211 4672
f 8257 609 4673
f 7017 11943 1074
f 4927 11758 4675
f 6684 5979 4676
f 4676 695 7735
f 8509 6576 4677
f 12246 9484 5133
f 7275 603 4678
f 4522 4232 4679
f 1500 4070 4679
f 4680 2247 11237
f 9997 6589 4681
f 5900 3315 7025
f 12277 4827 8596
f 10349 544 4682
f 12012 12476 12770
f 6036 4209 4683
f 6859 1383 4684
f 3433 1160 4684
f 3905 2176 4685
f 10696 4832 4685
f 11453 2176 4686
f 11492 2517 4686
f 4992 2047 4687
f 5844 2131 4687
f 6251 3829 4688
f 5138 1139 4688
f 7900 8007 4689
f 4913 1629 4689
f 12021 4690 4411
f 4436 2416 4690
f 7442 4227 4691
f 7720 605 4691
f 5061 8766 4692
f 8451 500 4692
f 6000 3989 4693
f 8990 1282 4693
f 5287 2416 7042
f 4694 10029 2042
f 4610 635 4694
f 8865 4274 4696
f 7326 1951 4697
f 4697 4845 2900
f 4543 4102 4698
f 10296 3639 4699
f 4525 12468 12426
f 12468 4701 12521
f 9955 9412 4702
f 12150 4829 4703
f 6064 5270 4703
f 12416 4034 4704
f 4704 2098 5037
f 5161 3195 4705
f 5977 7342 4705
f 4428 4215 4706
f 4585 3273 4706
f 7441 3397 4707
f 7702 5416 4707
f 5326 3786 4708
f 7036 7719 4708
f 5629 2509 4709
f 8879 9705 4709
f 4991 2304 4710
f 4908 4233 4710
f 9059 1274 4711
f 12339 2161 12231
f 6703 645 4712
f 4455 2220 4712
f 9277 3281 4714
f 5042 2467 4714
f 5536 1914 4715
f 4357 11682 4716
f 8186 10961 4717
f 6076 4065 4718
f 6023 3037 4719
f 9885 8133 4719
f 4962 2792 4720
f 4720 6111 898
f 4355 4259 4721
f 4433 12335 4721
f 5968 11993 4722
f 7007 3079 4723
f 4612 2760 4723
f 3033 3321 4724
f 5101 3598 4724
f 7555 1917 4725
f 5746 1269 4725
f 5175 4259 4893
f 11021 2062 4726
f 8873 3643 4726
f 11199 4771 4290
f 4727 8394 2517
f 4728 4853 4283
f 8611 4916 4728
f 6005 958 4729
f 9384 3282 4730
f 5601 1580 4730
f 4731 4197 8721
f 4731 8856 9994
f 6053 4035 4732
f 6149 3313 4733
f 6973 3039 4733
f 3519 3933 4734
f 4735 6868 8572
f 4505 1835 4735
f 5932 2003 4736
f 4997 1444 4736
f 4737 11135 4140
f 10650 4395 4737
f 12058 2017 4738
f 9061 820 4738
f 4887 3599 4740
f 5899 11092 4740
f 6308 2319 4741
f 5800 10030 4741
f 11354 10143 4742
f 8809 6205 4742
f 7991 3254 4743
f 11151 2155 4743
f 4744 4950 4094
f 4727 2517 4744
f 1801 9167 4745
f 4745 4529 2310
f 9644 3366 12078
f 12071 4747 7699
f 5260 1914 4748
f 5301 2177 4748
f 10821 2096 4749
f 4822 2294 4749
f 2273 4107 5824
f 6315 7288 5824
f 4750 2692 2412
f 5765 2188 4750
f 3918 3891 4751
f 11673 9209 4752
f 4369 716 4752
f 7304 4169 4753
f 7910 4528 4754
f 788 900 4755
f 5090 751 4755
f 10433 3072 4756
f 4970 4250 4757
f 7634 3505 4758
f 6197 1189 4758
f 4508 10062 4761
f 4550 2667 4761
f 7185 10960 4762
f 6891 9147 4762
f 5549 5330 12495
f 4763 7753 4146
f 12422 4568 4394
f 4672 2211 4764
f 5951 1554 4764
f 7736 641 4766
f 5681 1278 4766
f 4373 1190 7237
f 5976 894 5327
f 7800 9839 4767
f 5033 3037 4767
f 4925 4277 4768
f 4545 9707 3152
f 6962 937 4769
f 8433 6962 4769
f 4387 3151 4770
f 10892 1019 4770
f 6312 4290 4771
f 4252 4594 12186
f 4766 8249 7736
f 12543 12573 12606
f 6841 3319 4774
f 9974 7775 4774
f 7579 3829 4775
f 5193 3180 4775
f 4943 1844 4776
f 12081 8592 3320
f 12131 11876 547
f 7976 7028 4778
f 8518 7191 4778
f 4729 958 4780
f 4781 11220 1190
f 5309 4209 4782
f 4663 2125 4782
f 3024 8794 4783
f 10728 2350 4783
f 8667 4177 4784
f 5387 2489 4784
f 4438 12866 12087
f 4326 4132 4785
f 4892 4205 4786
f 5576 3643 4786
f 711 9451 4787
f 8466 9233 1786
f 3355 2173 8466
f 9087 2160 2316
f 5830 2938 4788
f 5108 2247 4788
f 6957 2136 4789
f 4614 7577 4789
f 1317 9856 4790
f 4717 1021 4790
f 6262 7619 4792
f 3388 10403 4792
f 11930 4483 4597
f 8199 11290 4793
f 8777 2092 4794
f 6138 678 4794
f 153 4609 9123
f 4795 12657 4241
f 5740 4100 4225
f 5004 2327 4796
f 4967 2473 4796
f 1822 3932 4797
f 10578 9873 4797
f 4615 2939 4798
f 5177 741 4798
f 4165 4236 4799
f 10276 4518 4799
f 5755 598 2493
f 5374 4812 4800
f 9697 2566 4801
f 5819 751 4801
f 4008 12171 10976
f 6607 4580 4802
f 4580 2835 4802
f 5307 11390 5561
f 2945 2193 4804
f 4804 1844 10047
f 6370 10940 5899
f 11984 7758 4080
f 4805 4834 4260
f 5564 911 4807
f 5575 704 4807
f 6462 3122 4808
f 4809 10557 11003
f 4809 3709 1442
f 4473 11476 4892
f 4810 8735 2725
f 4830 2724 4811
f 5003 1003 4811
f 4812 5374 7672
f 4326 11815 12126
f 5213 3699 4813
f 4895 1278 4813
f 7629 2823 4814
f 5856 1387 4814
f 4430 12089 6256
f 4816 11566 4958
f 11764 5415 925
f 6604 808 4817
f 5118 4114 4817
f 4818 6029 5008
f 4382 3209 4818
f 9279 7520 4819
f 7083 1034 4819
f 4164 8076 4820
f 9532 8066 4821
f 4821 12111 7340
f 4749 2096 4822
f 4535 1316 4825
f 4593 3561 4826
f 10836 1253 4826
f 7275 4183 4827
f 4827 12277 4224
f 4522 11887 4112
f 6523 5847 4828
f 1203 9575 4828
f 4829 12150 4260
f 4018 12050 5865
f 6182 1835 11099
f 4448 2724 4830
f 6746 7281 4831
f 7534 530 4831
f 9185 3905 4832
f 4832 10696 2650
f 3109 4987 4833
f 4833 11588 5003
f 5961 1870 4835
f 6737 660 5617
f 4836 11260 11151
f 7070 1547 4836
f 6793 2343 4837
f 10574 7707 4837
f 4838 6510 1184
f 8372 2239 4839
f 4911 1218 4839
f 4726 2062 4840
f 4840 5575 1248
f 4841 4113 4022
f 5025 8263 4841
f 5526 2145 4842
f 5407 1932 4843
f 8905 682 4843
f 5687 1295 4844
f 8087 12099 4846
f 10666 8755 4847
f 7307 3234 4848
f 11194 2947 4848
f 5188 2047 4849
f 6174 1957 4849
f 10323 2331 4850
f 10133 1445 4850
f 11858 6379 4851
f 2466 1017 4851
f 4566 2023 4852
f 4211 3894 4852
f 5135 4283 4853
f 11932 12465 12435
f 7319 2086 4854
f 4858 9605 4854
f 9077 3472 4855
f 4269 3996 10538
f 5800 3838 4856
f 4936 702 4857
f 5353 3823 4858
f 11874 6031 4858
f 4808 4301 4859
f 8167 1010 4859
f 10062 2497 4958
f 5523 6172 4860
f 12829 12528 4860
f 4472 3321 4861
f 7025 3598 4862
f 6266 11340 4862
f 9543 8099 4863
f 6330 6475 4064
f 12246 4465 9484
f 5830 3734 4864
f 4044 12236 11994
f 6127 1932 4866
f 7055 3119 4866
f 5342 2570 4867
f 8266 1893 4868
f 5479 9225 4868
f 9441 6586 4869
f 8370 3765 4870
f 10509 3630 4870
f 5767 715 4871
f 5902 7418 2349
f 8186 7046 4872
f 9732 9941 4872
f 6124 2017 4873
f 4412 718 4873
f 12280 12150 4874
f 7094 7679 4874
f 6732 2303 4875
f 10315 695 4875
f 4876 12011 10412
f 6234 9 4876
f 4620 60 4877
f 9869 4620 4877
f 282 4791 283
f 4578 702 4878
f 5113 10037 4878
f 10749 2879 4879
f 2378 3496 4879
f 4905 8803 4880
f 11109 4142 4881
f 4236 2350 4881
f 5139 4062 818
f 6914 4212 6280
f 4882 5631 4210
f 7139 11063 4883
f 7315 11432 4883
f 14 10939 4884
f 4884 3417 10844
f 4693 7177 4885
f 7514 3704 4885
f 5942 4128 4886
f 5397 3464 4886
f 7139 2282 4887
f 1726 11145 4888
f 11477 8940 4888
f 4889 4439 694
f 4890 6845 1710
f 9403 9216 4890
f 5963 1400 4891
f 11476 4205 4892
f 4447 1317 4893
f 4259 2423 4893
f 6960 3038 4894
f 10162 8050 4894
f 6943 1278 4895
f 6743 3980 4896
f 6301 1710 4896
f 4897 7309 9361
f 5463 4191 4898
f 6988 2253 4899
f 10032 8311 4899
f 11776 7232 4900
f 6576 9259 12086
f 9063 10100 7182
f 7523 5428 2442
f 3402 4195 4902
f 2287 4067 4902
f 4710 4233 4904
f 4480 2299 4904
f 5861 8803 4905
f 4880 12402 9699
f 4794 678 4906
f 5664 4192 4907
f 6863 4233 4908
f 4817 808 4909
f 9456 2655 4909
f 6789 6631 4910
f 4969 11065 4912
f 11900 9724 4912
f 5619 1629 4913
f 8007 1155 4913
f 4770 3151 4914
f 7976 1689 4915
f 6535 7342 4915
f 11330 12440 4916
f 9910 6652 4917
f 12308 6959 4269
f 5671 3733 4918
f 6194 1314 4918
f 12781 4919 4078
f 6873 9363 1620
f 9239 2506 4921
f 5214 766 4921
f 6628 2859 4922
f 1956 6220 4922
f 9457 12009 5422
f 10712 9390 4923
f 4967 1864 8447
f 4871 715 8447
f 4924 3292 9902
f 7765 4277 4925
f 12532 12154 4926
f 4512 11758 4927
f 5958 12049 4928
f 9674 6803 4929
f 3916 11553 5319
f 12102 10892 4930
f 5771 2107 4931
f 8514 11090 4931
f 4498 2043 4932
f 10150 2294 4933
f 4360 3894 4933
f 8271 10462 4934
f 6237 6088 4934
f 7655 10881 4935
f 7720 7481 4935
f 4661 702 4936
f 4624 4043 4936
f 5020 3314 4937
f 4494 2204 4937
f 9433 2540 4938
f 5946 827 4938
f 5203 3646 4939
f 9723 8192 4939
f 8529 7553 8212
f 1010 617 4941
f 1722 10381 4942
f 10047 1844 4943
f 9776 8323 4943
f 6133 1355 3953
f 2435 3923 4944
f 5538 1204 4945
f 4945 9535 1384
f 4902 4195 4946
f 4947 3808 9971
f 4947 643 5877
f 10599 2076 6173
f 7195 3014 4948
f 9400 3163 4948
f 11492 1500 4950
f 4232 4094 4950
f 4950 1500 4679
f 4849 1957 4951
f 5093 592 4951
f 10969 8788 4952
f 4465 12684 4091
f 2214 611 8507
f 9620 4189 4953
f 4953 4374 4172
f 12776 12767 12015
f 12129 12482 5759
f 7940 10310 4956
f 6934 4013 4957
f 5708 10059 4957
f 4675 3407 4958
f 4958 11566 10062
f 4819 1034 4959
f 5993 783 4959
f 4889 9410 4960
f 5894 7164 4960
f 6929 2702 4961
f 6941 3698 4961
f 2881 2792 4962
f 3871 2212 4963
f 4876 1397 4963
f 4437 4224 4964
f 4237 4964 5221
f 6842 1007 4965
f 7727 4114 4966
f 8210 9453 4966
f 6148 3646 4968
f 8751 11065 4969
f 9724 2370 4969
f 8145 4250 4970
f 7366 1844 4970
f 5812 4971 12341
f 8264 1965 4972
f 11528 6497 4972
f 6102 2173 3355
f 9986 9069 4973
f 9070 1024 4973
f 6699 570 7895
f 9594 5596 4974
f 1429 3631 4974
f 4540 2652 4976
f 6530 3573 4976
f 6899 4197 4977
f 4871 11595 5767
f 5145 4979 6331
f 11424 4095 4979
f 4254 1299 4980
f 7130 2098 4981
f 3982 1307 4981
f 6964 946 3857
f 1270 3683 4982
f 10582 5401 4982
f 8851 2254 4983
f 9241 10485 4983
f 4984 10884 78
f 6813 5144 4984
f 6264 4109 4985
f 12657 4985 12044
f 9965 11175 4986
f 2121 9237 4987
f 10983 736 4987
f 5182 10937 4988
f 10613 5938 959
f 4904 2299 4991
f 8378 2304 4991
f 8556 2047 4992
f 6347 6264 4993
f 10455 4127 4993
f 6919 12333 4994
f 703 2077 4995
f 6994 6107 4995
f 4996 4562 2933
f 11688 5242 2482
f 5394 1444 4997
f 7443 3012 4998
f 7636 2509 4998
f 4999 9484 5304
f 7290 5205 4999
f 7634 3036 5000
f 5706 601 5000
f 2551 3595 5001
f 10339 5508 5001
f 4547 3023 5002
f 5021 3025 5002
f 11848 4833 5003
f 5003 9591 1003
f 9984 2327 5004
f 10112 755 5004
f 4551 4301 5005
f 2190 7415 5006
f 5093 2412 5006
f 4497 2467 5007
f 4320 4665 5007
f 5177 3732 5009
f 11005 8359 5009
f 6946 3503 5010
f 8612 9999 5010
f 9172 8235 5011
f 6679 1387 5012
f 10313 8237 5012
f 5505 10250 5013
f 2959 2607 5014
f 10132 5343 5014
f 7444 11573 5015
f 6395 5229 5016
f 5017 2826 11409
f 5674 4234 6177
f 5018 4668 4234
f 5669 2931 5019
f 4851 1017 5019
f 6973 3314 5020
f 5826 770 5020
f 4554 10821 4749
f 5735 3273 4206
f 9952 944 5022
f 7907 770 5022
f 5913 1044 5023
f 4647 1116 5023
f 4683 4209 5024
f 5428 991 4488
f 4573 1409 5026
f 2078 1232 5026
f 5434 3011 5027
f 8183 686 5027
f 4170 8414 5178
f 4618 3338 5028
f 1641 2223 5029
f 7785 1684 5029
f 7344 11432 5030
f 12529 4037 5031
f 2725 6904 5031
f 3957 2111 5032
f 6490 1386 5032
f 3571 7199 5033
f 8037 3037 5033
f 5340 3223 5034
f 6606 1665 5035
f 7064 5809 4238
f 5036 5809 4285
f 2098 4704 1434
f 6304 67 5037
f 8921 2296 5038
f 5936 1870 5038
f 3496 2378 5039
f 3497 1182 5039
f 8998 3857 5040
f 8348 5477 5040
f 5041 9382 9239
f 4921 6201 5041
f 5545 1580 5042
f 5314 1828 11682
f 11932 12008 4853
f 4718 4065 12008
f 4434 573 5043
f 7710 2652 5563
f 5184 4221 5046
f 972 4532 7589
f 6285 10218 5047
f 6226 9103 5047
f 5383 2649 5048
f 7349 1071 5048
f 5227 3599 5049
f 7344 10547 5049
f 6134 1299 5050
f 3258 3515 5051
f 11686 6972 5051
f 7359 5463 5052
f 5004 755 5053
f 6898 4243 5054
f 10666 5737 5054
f 4946 4195 4584
f 2456 10659 5055
f 7655 7005 5055
f 5314 3157 11730
f 4930 2362 5159
f 2199 1648 5057
f 4490 519 5057
f 4848 2947 5058
f 7204 4131 5059
f 6068 8078 5059
f 5530 669 11950
f 4692 3635 5061
f 10810 8766 5061
f 6123 2808 5062
f 4801 751 5062
f 4686 2176 5254
f 9966 1364 10120
f 3838 5881 7077
f 7066 9367 5065
f 5312 2279 5065
f 5066 7811 4069
f 4563 4091 5066
f 5067 11737 3869
f 4469 609 5067
f 2155 4424 11114
f 5060 11890 5068
f 5372 2116 5068
f 5765 1957 5069
f 6520 585 5069
f 5070 9503 2495
f 5070 12073 2643
f 5542 9072 8151
f 5664 4367 4192
f 6919 4032 5071
f 10978 2386 5071
f 6536 3627 5072
f 5337 692 5072
f 4504 8587 5074
f 657 2738 5074
f 5570 1953 5075
f 5075 1332 9605
f 4898 6358 4207
f 11408 5226 12690
f 5531 4061 5076
f 5077 5253 5927
f 5077 2809 8080
f 5126 10881 5078
f 5803 12354 5079
f 11037 7718 5080
f 5972 12306 4389
f 5084 9806 1777
f 5445 2114 5081
f 3709 1318 5081
f 8722 4765 5082
f 2335 4083 5082
f 6867 9806 5084
f 5629 8291 2617
f 6563 2732 5085
f 6876 3151 5086
f 5086 3907 6876
f 10325 4074 6790
f 4505 2979 5087
f 4499 715 5087
f 4825 3757 5088
f 10821 4825 5088
f 4751 1790 5089
f 6999 751 5090
f 7903 9266 5091
f 9126 9705 5091
f 1574 8690 5092
f 5092 2263 6129
f 7415 592 5093
f 11827 7026 3826
f 10557 1366 5094
f 739 2378 5095
f 5367 11733 5097
f 2196 712 5097
f 5618 3824 1286
f 7797 2680 5099
f 6424 10312 5099
f 5100 7015 2418
f 1257 73 5100
f 5101 11141 2123
f 4724 1106 5101
f 5102 2097 10642
f 8267 8329 5102
f 12310 5103 12543
f 11087 1107 1814
f 5546 9670 5104
f 12129 4089 5105
f 4633 4060 5105
f 5958 11054 1455
f 6668 12485 4314
f 11237 2247 5108
f 616 4021 8660
f 11342 9236 7012
f 66 2348 5110
f 3434 1730 5110
f 6312 4216 9546
f 8362 7288 5111
f 8414 3338 5111
f 7589 3024 5112
f 5112 9877 2479
f 6367 1687 5113
f 12277 5114 6461
f 7111 10546 5114
f 10525 1631 5115
f 10095 8054 5115
f 9641 3006 5116
f 6259 2979 5116
f 5619 2230 5117
f 5117 673 4513
f 4909 2655 5118
f 4966 4114 5118
f 4567 4215 5119
f 4983 2254 5120
f 5811 1449 5120
f 4837 8673 5121
f 8230 3872 5121
f 6310 2125 5122
f 8465 10654 5122
f 5232 3503 5123
f 1161 2348 5124
f 3363 1871 5124
f 5493 1992 5125
f 5671 2856 5125
f 11537 1817 5126
f 3247 3510 5127
f 6389 8964 5127
f 12220 12085 3402
f 4482 1979 5129
f 5071 4032 5129
f 6798 1773 1069
f 8958 1069 5931
f 8633 1417 5130
f 6294 1415 5130
f 5131 5449 7280
f 5131 10967 3465
f 5482 12512 4279
f 7024 2038 5134
f 6893 1902 5134
f 7185 4283 5135
f 9826 2444 5137
f 7238 5443 5137
f 6032 1139 5138
f 5971 4062 5139
f 9982 1934 5140
f 5395 7217 5140
f 7140 9168 5141
f 6661 1629 5141
f 6744 3786 5142
f 6235 11786 5142
f 5143 5851 3011
f 8872 2438 5143
f 6001 1468 5144
f 5144 6813 1232
f 4948 3014 5146
f 6105 9400 5146
f 10538 4856 7077
f 4856 3838 7077
f 5147 4341 4294
f 8472 7714 5147
f 5148 12102 2353
f 12116 11720 12094
f 9595 9785 5150
f 6325 6559 5150
f 10130 6889 5151
f 7373 1309 5151
f 11246 4105 9991
f 7908 2030 8368
f 1991 2712 5152
f 6102 1194 5152
f 5677 1229 5153
f 5153 4452 740
f 5576 11499 5154
f 4320 1580 5155
f 4907 4192 5155
f 5715 2647 5156
f 7188 9846 5156
f 6830 10910 5157
f 5157 9078 3505
f 7861 1829 5158
f 6941 1746 5158
f 12092 5148 2353
f 6733 4188 5160
f 9259 1490 5160
f 10730 3195 5161
f 5162 6082 3303
f 9573 964 5162
f 4867 3142 5342
f 11720 2570 5342
f 9710 9487 5163
f 7082 2902 5163
f 5170 2594 5164
f 6051 792 5164
f 10705 1895 640
f 1625 10782 7258
f 4703 5270 7094
f 5165 4571 4205
f 5165 730 4391
f 2167 1784 5166
f 8691 11065 5167
f 1446 55 5167
f 5168 11826 1308
f 4871 1864 5470
f 4606 4173 11645
f 5201 2594 5170
f 8554 1451 5170
f 8257 2238 5171
f 10749 7683 5171
f 9315 11008 11993
f 5968 6752 11993
f 4236 4165 5172
f 3072 2491 5172
f 12396 4427 6546
f 6188 4170 6546
f 5951 4026 5173
f 1820 629 5173
f 5174 4568 4806
f 4838 12055 12193
f 5175 11372 2165
f 8424 4259 5175
f 4961 3698 5176
f 4766 641 5176
f 5666 3732 5177
f 8359 741 5177
f 12284 11958 12192
f 5010 3503 5179
f 5736 2987 5179
f 1688 6243 5180
f 4873 8909 5180
f 1408 5881 5181
f 5181 2938 12017
f 4988 3610 5182
f 1383 69 7689
f 4841 4022 5183
f 4412 2017 5183
f 4221 11902 8744
f 9510 6592 7966
f 4726 3643 5185
f 5475 1511 5185
f 7040 4169 5186
f 4053 4006 4640
f 6402 8332 5187
f 8753 10427 5187
f 4687 2047 5188
f 5082 4765 10946
f 1900 12418 4358
f 11970 8810 2471
f 5607 2505 5189
f 852 2134 5189
f 7926 11385 6821
f 9952 4261 5190
f 5224 2329 5190
f 4969 2370 5191
f 6641 8751 5191
f 4961 2702 5192
f 5352 1746 5192
f 7262 3558 5193
f 6688 3180 5193
f 10454 4182 11898
f 8543 3573 5196
f 8798 1479 5196
f 543 2286 5197
f 3902 1821 5197
f 3745 11548 5198
f 6453 1409 5198
f 5125 1992 5199
f 4413 3733 5199
f 5483 2927 5200
f 8701 923 5200
f 7009 2594 5201
f 6469 2857 5201
f 6987 2468 5202
f 5202 9602 752
f 4968 3646 5203
f 8407 2127 1854
f 7047 2976 5204
f 9613 10327 5204
f 10653 4598 5205
f 5206 10436 2662
f 6426 7982 5206
f 2070 5724 9763
f 4658 766 5207
f 7529 1671 5208
f 4286 9994 5208
f 2907 11489 5209
f 7872 10805 5209
f 9935 7819 5210
f 5591 4137 5211
f 4618 4255 5211
f 7917 3699 5213
f 5681 3698 5213
f 5207 766 5214
f 784 12094 11720
f 5215 2352 5934
f 10393 8500 5215
f 5217 8003 2839
f 10301 10102 5218
f 7421 10561 5218
f 4077 12136 10872
f 643 7958 8728
f 9895 11083 5220
f 4750 2412 5222
f 4951 1957 5222
f 4004 3980 5223
f 4261 2971 5224
f 7969 2329 5224
f 9521 6358 12138
f 10547 3188 5227
f 6305 9571 5228
f 4654 5971 5229
f 5230 11701 5751
f 10307 7550 5230
f 6952 4158 5231
f 6685 3503 5232
f 7035 3400 5233
f 5468 3066 5233
f 7927 74 5235
f 5781 3303 5236
f 9822 949 5236
f 5237 2809 904
f 5954 6609 5238
f 8647 11004 5238
f 7696 2346 7200
f 5857 752 5239
f 627 7674 5239
f 6164 1139 5240
f 9414 10101 5240
f 5329 4190 2516
f 7992 3039 5241
f 7907 2970 5241
f 12079 12070 3146
f 5242 11688 925
f 6519 2151 5243
f 7349 3253 5243
f 4817 4114 5244
f 4268 3100 5244
f 7995 1798 5245
f 6929 641 5245
f 5246 10501 2639
f 5564 1770 5246
f 7895 570 9196
f 5197 2286 5248
f 12206 12169 5473
f 3561 3146 5250
f 11858 2931 5250
f 9596 6582 5251
f 6338 2030 5251
f 5119 4215 5252
f 4371 4245 5252
f 9388 8732 5253
f 4070 1500 5254
f 12607 4087 7304
f 6657 3395 5258
f 5240 1139 5258
f 5352 2136 5259
f 6241 678 5259
f 8540 2370 5260
f 6133 1914 5260
f 6173 2076 5261
f 4495 959 5261
f 11997 11970 5262
f 4714 2467 5264
f 743 8144 3812
f 6215 10474 5265
f 12084 12366 12352
f 6046 4153 5266
f 7542 10220 5266
f 2350 4236 5267
f 11968 3130 5267
f 7239 2579 5268
f 5636 3422 5268
f 11887 4522 4643
f 6565 1881 5269
f 4628 2717 5269
f 7265 3507 5271
f 7441 3036 5271
f 10448 9506 5272
f 4856 3996 5273
f 7413 10030 5273
f 7584 1876 5274
f 6201 766 5274
f 7958 643 5220
f 4866 1932 5275
f 5467 1557 5275
f 10540 2656 5276
f 8574 808 5276
f 10909 7829 5277
f 11108 6173 5277
f 5911 3647 5278
f 9753 664 5278
f 11031 7001 5279
f 7608 3107 5279
f 5467 3880 5280
f 5134 1902 5280
f 5382 3314 5281
f 4733 3313 5281
f 5283 11240 2887
f 12914 829 10852
f 9291 744 6710
f 6779 3729 5284
f 9960 1917 5284
f 1028 1384 5285
f 8562 8205 5285
f 6793 8311 5286
f 8017 4177 5287
f 4690 2416 5287
f 5549 7610 5288
f 7290 4298 5289
f 8328 1519 5290
f 8612 7251 970
f 6345 3424 5291
f 6570 1494 5291
f 4660 2287 5292
f 5293 11566 2933
f 5293 6689 716
f 9983 9417 5294
f 7661 3107 5294
f 4438 11960 4096
f 6324 692 5295
f 5166 1059 5058
f 4886 3464 5296
f 2078 11601 5297
f 10441 708 5298
f 7188 1628 5299
f 5213 3698 5300
f 5158 1829 5300
f 8259 2177 5301
f 7835 1850 5302
f 5302 3647 6097
f 12262 4607 5303
f 12416 6460 5303
f 4563 4298 5304
f 5026 11601 2078
f 9485 5539 3319
f 7096 9918 5305
f 4985 4109 5306
f 10349 3034 5307
f 4611 1105 5307
f 1182 3497 5308
f 7354 5032 1386
f 8077 4209 5309
f 9109 2810 5309
f 10933 7010 5310
f 10909 5938 5310
f 8641 5438 10668
f 5836 2170 9343
f 9910 9447 5311
f 9137 7191 5311
f 12478 2279 6912
f 9367 1777 5312
f 5452 4212 5313
f 3194 4266 10033
f 4371 6986 4245
f 10335 2022 5315
f 3683 9643 6047
f 4575 2239 5316
f 5944 2594 5317
f 2743 843 5317
f 11496 774 5319
f 11180 11366 5320
f 4619 2116 5552
f 677 10304 5552
f 5321 10297 3185
f 8062 7602 5321
f 5323 11876 12116
f 5323 12092 1651
f 12425 6398 4068
f 6029 12362 12294
f 6062 1439 5324
f 3108 1418 9494
f 6392 10024 6612
f 5309 2810 5325
f 5325 5573 4124
f 5992 3786 5326
f 1110 7625 11797
f 5328 11338 3633
f 5328 7737 11338
f 8776 9926 5329
f 6070 1799 6053
f 5330 5549 4035
f 7983 2519 5331
f 8557 12206 5331
f 5236 3303 5332
f 7965 3302 5332
f 8938 2057 5333
f 6979 2966 5334
f 9144 9179 5334
f 7284 8067 10803
f 4669 5289 4298
f 4586 4261 5335
f 5826 2204 5335
f 11198 11499 7330
f 4582 1585 5336
f 5072 10640 5337
f 6302 692 5337
f 3081 9528 5338
f 8628 3569 8340
f 5297 1219 8340
f 5666 2939 5339
f 7614 989 5340
f 9305 8482 5341
f 5763 9410 5341
f 8120 1401 4972
f 11876 4629 2570
f 5323 1651 6058
f 7390 11720 5342
f 5014 8190 2959
f 5343 10132 4149
f 8022 2160 5344
f 4489 1722 5344
f 5345 4172 4273
f 7999 5985 9888
f 3959 2383 12414
f 8616 3095 5346
f 5012 8073 5347
f 7760 2951 5347
f 6384 2202 5348
f 5348 8660 2281
f 4538 3554 5349
f 5082 4083 5349
f 5162 3303 5350
f 5736 2982 5350
f 5532 2137 5351
f 7795 2136 5352
f 6138 1746 5352
f 1537 6352 5353
f 8379 2165 5354
f 4938 827 5355
f 5143 3011 5356
f 8146 2858 5356
f 6271 2810 5358
f 6310 10024 5358
f 5360 68 11670
f 9361 7309 5361
f 8031 10445 5361
f 4516 2403 5362
f 11099 1835 4978
f 5172 4165 5363
f 4756 3072 5363
f 747 2607 4711
f 1468 3901 5365
f 10737 5376 5365
f 5097 3031 5367
f 5368 3201 6169
f 6054 4058 5369
f 5369 9818 4073
f 5243 3253 5370
f 5196 1479 5370
f 5371 10899 2105
f 6813 3608 5371
f 9870 3975 5373
f 71 3966 5373
f 5289 1881 725
f 5375 662 8343
f 5376 10737 3932
f 10884 1468 5376
f 4794 2092 5377
f 5158 1746 5377
f 5116 3006 5378
f 12071 3365 5378
f 10503 7513 5379
f 11367 9260 5379
f 7092 1726 5380
f 5159 11766 12083
f 5538 533 5381
f 11066 7217 5381
f 4937 3314 5382
f 6602 2371 5383
f 5385 2797 1257
f 5100 2418 5385
f 5524 3583 5386
f 6877 2489 5387
f 8933 11113 5388
f 5783 5390 5388
f 8972 7899 5823
f 10676 9219 5389
f 8332 7110 5389
f 1528 10054 5390
f 6580 2188 5391
f 6825 1414 5391
f 8520 11051 5392
f 5884 6175 5392
f 7200 590 5393
f 6423 2070 5393
f 11948 8317 4529
f 889 11948 2854
f 10967 3168 3465
f 6175 1444 5394
f 8260 1204 5395
f 7255 9456 5396
f 4909 808 5396
f 5397 11393 8744
f 5435 935 5398
f 638 2593 5398
f 5190 2329 5399
f 4578 944 5399
f 5400 9971 3808
f 10223 3714 5400
f 3827 495 5401
f 6645 4272 5402
f 7369 6579 5403
f 9189 9258 5403
f 4699 3639 12105
f 8723 9025 8201
f 4812 7672 5405
f 8720 1217 5406
f 8041 2407 5406
f 6365 3880 5407
f 5275 1932 5407
f 9100 2765 5408
f 7861 2092 5408
f 1516 4257 5409
f 6338 4054 5409
f 11629 11752 4479
f 5839 6109 4479
f 891 2510 11303
f 11496 6154 5410
f 6370 3133 5411
f 6191 2110 5412
f 7297 2515 10593
f 12300 9906 8099
f 7862 2680 5413
f 6520 1496 5413
f 8768 4033 5414
f 8062 1088 5414
f 4512 2391 4673
f 11898 4503 12524
f 5415 11764 3407
f 2498 2932 5415
f 5879 4161 12160
f 5416 7702 1116
f 5000 3036 5416
f 4793 4016 7430
f 5417 9444 3848
f 5417 5344 2160
f 5059 4131 5418
f 5418 5362 2760
f 8128 10037 5420
f 8805 2970 5420
f 4831 530 5421
f 5880 2442 5421
f 9610 3858 5422
f 9330 10342 5423
f 5423 2006 6569
f 5745 1902 5424
f 7876 4131 5425
f 9126 9528 5425
f 9178 8478 5426
f 6930 1220 5426
f 4614 2702 5427
f 5245 1798 5427
f 4488 3167 5428
f 5428 7523 991
f 4648 3869 5429
f 5429 11544 1730
f 2273 5957 9803
f 6499 4 5430
f 8058 4137 5430
f 7399 3422 5431
f 11035 10685 5432
f 8192 1250 4939
f 12652 12537 10105
f 9386 9057 5433
f 9343 9936 5433
f 6506 3011 5434
f 6721 935 5435
f 5436 12211 4293
f 5436 8722 3554
f 9673 2097 8220
f 5437 4054 6582
f 9664 4175 5437
f 4881 4142 4799
f 5438 8641 688
f 4213 4251 5439
f 5942 6212 5439
f 4610 10531 4561
f 4996 2933 11688
f 8990 3704 5440
f 9612 2315 5440
f 6345 2230 5441
f 4913 1155 5441
f 5225 4248 5442
f 5443 7238 946
f 8533 1610 5444
f 10643 7706 5444
f 8283 10413 5446
f 5514 5237 5446
f 64 9001 5448
f 6322 4702 5448
f 5450 6037 7738
f 6492 2523 5450
f 7339 2254 5451
f 10548 1225 5451
f 6858 4212 5452
f 9287 3119 5452
f 8293 3268 5453
f 3857 946 10068
f 5167 11065 5454
f 7338 1446 5454
f 10346 7794 5455
f 6519 1479 5455
f 7272 3691 5456
f 5456 5718 2354
f 5819 2454 5457
f 7728 788 5457
f 4653 1750 11213
f 5458 8337 1015
f 1820 3633 11338
f 629 1820 9670
f 5001 3595 5459
f 1863 4498 9172
f 5460 5747 8378
f 4991 9056 5460
f 3311 2612 5461
f 4932 2043 5461
f 3752 10921 5462
f 1951 913 11604
f 4898 4115 5463
f 2897 3496 5464
f 1182 2148 5464
f 3081 3185 5465
f 5465 2403 4516
f 6498 5 5466
f 5426 1220 5466
f 5745 1557 5467
f 9207 956 9792
f 10955 9792 2139
f 5494 3066 5468
f 2269 3300 5469
f 4846 11595 5470
f 4768 2668 5470
f 7131 3014 5471
f 3015 967 5471
f 5472 12073 5070
f 5331 12206 7983
f 5474 5262 6591
f 10913 1511 5475
f 5185 5154 5475
f 6795 823 5476
f 5476 2321 9770
f 7195 3968 2755
f 5477 8348 1918
f 5108 2319 5299
f 1197 3362 5478
f 7193 3115 5478
f 7897 4090 4630
f 10844 3417 5479
f 4868 7132 5479
f 5480 6702 2102
f 1311 1601 5480
f 5451 2254 5481
f 11884 3592 5481
f 12085 12182 10213
f 5482 10760 3951
f 7116 2927 5483
f 923 1811 5200
f 5015 1869 12000
f 10657 9532 5485
f 8400 3097 5486
f 9844 8547 5486
f 6844 2306 11911
f 6505 10647 5487
f 8253 6033 9584
f 5527 2006 5488
f 6942 2954 5488
f 3557 10045 5491
f 7627 6057 5491
f 11120 2143 5492
f 6044 10732 5492
f 8731 4975 5493
f 6268 3066 5494
f 4730 4143 5601
f 5270 1369 5495
f 4263 2689 5496
f 5496 12632 4071
f 6232 3506 5497
f 7265 1189 5497
f 5990 2257 5498
f 7118 3929 5498
f 593 1779 12070
f 12070 5499 3146
f 12229 10261 12327
f 6194 741 5500
f 9655 9215 5500
f 4299 12160 6060
f 11946 5949 4
f 2699 10691 9796
f 9362 2053 5504
f 11026 3023 5505
f 5505 11558 776
f 7388 9846 5506
f 4741 10030 5506
f 2009 584 5507
f 5508 11026 2551
f 5508 10339 645
f 4657 4041 5509
f 8005 2211 5509
f 5298 2881 5510
f 4962 1817 5510
f 5151 1309 5511
f 5016 4208 5512
f 4907 4097 5512
f 8497 10691 5513
f 7421 9926 5513
f 11079 8008 7010
f 8284 5237 5514
f 10413 8586 5514
f 10793 11542 1847
f 7507 1918 11542
f 417 8621 423
f 6256 1268 4074
f 7580 6790 5517
f 2394 3129 5519
f 8075 7553 5519
f 9182 2396 5520
f 5520 704 8825
f 4524 2968 5521
f 4592 942 5521
f 11091 6906 6142
f 8331 2657 5522
f 10112 2473 5522
f 4914 2185 2362
f 4636 4860 12528
f 4458 4109 5524
f 4580 3583 5524
f 11987 1555 12029
f 5415 3407 5526
f 12402 12149 4228
f 5475 5154 786
f 6573 2006 5527
f 9748 9518 5527
f 5528 7404 2132
f 4939 3646 5529
f 6498 1831 5529
f 6742 1828 5530
f 7068 1431 5531
f 5305 4061 5531
f 7177 3989 5533
f 5913 10321 5534
f 4890 1710 5534
f 7444 9506 5535
f 5842 5229 5537
f 5971 7247 5537
f 6951 533 5538
f 4774 3319 5539
f 10689 1261 12370
f 3915 2871 5542
f 4635 1722 5542
f 9493 10075 5544
f 8 1176 5544
f 4730 1580 5545
f 4714 3281 5545
f 5104 3809 5546
f 8713 629 5546
f 6156 2416 5547
f 4362 4174 5547
f 4342 1010 5548
f 5625 4035 5549
f 12495 5330 4763
f 8988 618 5550
f 6663 1170 5550
f 9507 7575 4637
f 5094 3826 3821
f 5225 12197 4746
f 5817 3950 5551
f 11819 6357 677
f 12080 12072 9560
f 8558 2044 5554
f 6676 1524 5554
f 4662 2942 5555
f 8884 10403 8091
f 1796 11519 3984
f 5556 12348 8724
f 7778 4158 5556
f 10753 11210 5557
f 9914 4030 5557
f 4552 4239 12404
f 9981 2947 5558
f 5561 1013 5558
f 4795 4191 5559
f 10455 4135 5559
f 8746 9851 7781
f 2481 3653 5669
f 6005 1253 5562
f 5045 10279 5563
f 7810 7710 5563
f 4807 1770 5564
f 4619 1927 5565
f 4536 2331 5566
f 6447 727 5566
f 5440 2315 5567
f 6820 1282 5567
f 12418 12422 4358
f 11019 6142 5568
f 10613 755 5568
f 5505 776 5569
f 9052 8693 2180
f 5669 3653 5562
f 9605 3823 5570
f 5570 10079 1953
f 5573 6002 8947
f 8833 7525 5574
f 6830 601 5574
f 5569 2373 6010
f 911 1248 5575
f 4385 704 5575
f 6969 12299 3840
f 4786 1666 5576
f 8775 10291 5577
f 504 2149 5577
f 7180 4216 5578
f 5578 9266 7903
f 9374 3038 5580
f 919 9374 5580
f 5683 2257 5581
f 8668 1340 5581
f 5582 9761 2232
f 9835 10482 5582
f 5271 3036 5583
f 4758 1189 5583
f 8715 1807 957
f 7118 1744 7088
f 11924 8976 5585
f 8253 6892 4291
f 5947 1665 5586
f 1499 9344 5586
f 7582 6011 5587
f 10084 7347 5588
f 7496 493 5589
f 9309 8126 5589
f 8052 3595 5590
f 5590 6784 1103
f 1491 4137 5591
f 6359 6009 5591
f 5592 4905 9699
f 6226 11349 5593
f 6236 2717 610
f 5756 2003 5594
f 6059 1432 5594
f 4368 2650 5595
f 6543 2649 5595
f 7929 4974 5596
f 5596 9594 3765
f 4306 12248 4264
f 12463 4306 9469
f 8049 3353 5597
f 6237 765 5598
f 5598 9088 4072
f 7834 1137 12668
f 5363 2311 4756
f 7481 7720 5599
f 5573 4046 4124
f 8472 4104 5600
f 5600 8609 3502
f 5155 1580 5601
f 5522 2657 5602
f 5568 755 5602
f 11236 10625 5603
f 6322 3941 5604
f 5604 9955 6322
f 6942 3448 5605
f 6275 935 5605
f 5606 8883 2326
f 5606 9591 11588
f 10249 7136 1984
f 4490 3882 5607
f 9100 3971 5608
f 8682 2304 5608
f 5733 2166 5609
f 5609 9992 584
f 11999 12098 6459
f 838 11042 5610
f 774 2121 5611
f 3916 12237 8141
f 4638 2281 5612
f 5612 6205 1682
f 5613 5720 3647
f 6235 1373 5616
f 5932 521 5616
f 4835 1870 5617
f 1270 3682 5618
f 5441 2230 5619
f 4513 1629 5619
f 9479 3844 5620
f 7849 10011 5620
f 11152 8970 5621
f 11042 8008 5621
f 7732 5622 4287
f 4160 4287 5622
f 10987 8970 5623
f 5623 1046 11055
f 6112 1718 5624
f 5624 932 8560
f 2362 2185 4694
f 4621 4035 5625
f 5288 4049 5625
f 1535 10796 5626
f 7081 5584 2244
f 5627 5957 2453
f 9241 1449 5627
f 5250 2931 4826
f 2054 11928 1102
f 6251 6886 5628
f 6730 3558 5628
f 4709 2525 5629
f 5516 4225 913
f 5630 913 4225
f 4935 2793 7720
f 11959 5950 4316
f 4366 1826 5632
f 7484 11232 8321
f 4450 4103 6672
f 3652 2482 5633
f 3146 3561 5633
f 4220 3965 5635
f 7158 3422 5636
f 6812 1153 5636
f 5471 3014 5637
f 5637 10638 3015
f 3751 1311 5480
f 4731 4286 5638
f 9003 4197 5638
f 9808 8110 5639
f 5640 8454 4263
f 5496 4071 5640
f 5947 2182 5641
f 7168 660 5641
f 4918 3733 5642
f 4798 741 5642
f 8295 6485 5643
f 7508 2421 5644
f 1626 746 5644
f 4814 1387 5645
f 1952 8122 5925
f 6346 2799 4125
f 11311 3812 5646
f 5648 2740 1991
f 5152 1194 5648
f 7443 2617 5649
f 8281 10427 5649
f 5650 5533 8590
f 8201 9347 5650
f 1865 2376 3856
f 5366 12268 4265
f 5651 7364 4278
f 9305 5341 5652
f 4219 9305 5652
f 12386 12282 12503
f 7917 1829 5653
f 8652 689 5653
f 7319 1324 5654
f 9024 596 9679
f 5843 9008 5655
f 2692 4750 5656
f 10363 9238 5657
f 6874 3594 5657
f 5653 1829 5658
f 5408 2765 5658
f 2422 1929 5659
f 11665 1144 5659
f 5661 781 6431
f 10865 2119 5661
f 11079 6906 5662
f 11166 7930 5662
f 7337 4055 5663
f 8833 1989 5665
f 9434 8242 5665
f 8836 2243 9025
f 4798 2939 5666
f 4680 3732 5666
f 4399 2319 5667
f 4788 2938 5667
f 5747 2765 5668
f 5608 2304 5668
f 4056 2117 6027
f 6027 4085 11925
f 5019 2481 5669
f 5284 1917 5670
f 1336 2856 5671
f 5194 10265 5672
f 6815 8112 5673
f 5674 12507 4234
f 8264 1984 5675
f 9974 6224 5675
f 8091 10477 5676
f 6907 4271 5677
f 4377 1229 5677
f 10160 781 790
f 6108 530 5678
f 5679 416 7368
f 5412 72 5680
f 4813 1278 5681
f 8969 8368 5682
f 5827 2257 5683
f 9031 1706 5683
f 7540 9995 5684
f 4689 1629 5684
f 9646 2307 5685
f 6482 1155 5686
f 7021 1503 5686
f 7389 1295 5687
f 7045 4201 12093
f 5223 6925 1034
f 8384 10928 5688
f 10575 1285 5689
f 11535 945 5690
f 11560 11349 5690
f 9346 10811 5693
f 722 2343 5694
f 10441 2730 5695
f 10987 8054 5695
f 10546 9305 4229
f 12668 1137 5696
f 663 2759 5697
f 1447 2266 5697
f 9611 4243 1542
f 4587 1699 5698
f 5791 3991 5698
f 5387 8017 5699
f 9444 11402 5700
f 2177 8259 5700
f 5351 1160 11825
f 5896 2056 5702
f 1536 1348 5702
f 8255 8783 1764
f 9010 2602 5704
f 5704 1011 8951
f 10926 10805 11111
f 3371 6079 5705
f 8836 8943 5705
f 5416 1116 5706
f 9587 6756 5707
f 5329 9831 5707
f 6781 2236 5708
f 5708 10438 4106
f 4486 2309 10266
f 11370 3204 5710
f 8405 1044 5710
f 8475 1039 2948
f 4287 4160 12703
f 7311 4082 5712
f 7192 6435 5712
f 7254 1985 5713
f 9077 7433 5713
f 5714 3726 2476
f 7905 2647 5715
f 4631 3989 5716
f 5808 3703 5716
f 8723 2226 3186
f 7007 8943 5717
f 5038 9977 5718
f 7594 3055 5719
f 5756 2131 5719
f 5278 3647 5720
f 10912 6567 5721
f 10249 11528 5721
f 10052 4116 5722
f 6078 3458 5723
f 5723 7922 1170
f 5214 4220 5724
f 5724 2070 5207
f 5955 9690 9411
f 12496 9079 12427
f 8346 2166 5733
f 6146 3971 5734
f 5408 2092 5734
f 5415 2932 925
f 4706 3273 5735
f 5781 2987 5736
f 5737 10666 2520
f 9701 3928 7596
f 7397 2065 5738
f 11852 11731 3073
f 4154 6868 4735
f 7052 4100 5740
f 5740 3995 9878
f 4915 1689 5741
f 5741 5509 2211
f 6905 534 1328
f 1986 7839 9881
f 5589 493 5743
f 9553 6369 5744
f 4492 9369 4088
f 5280 1902 5745
f 7016 1557 5745
f 6566 1269 5746
f 6739 3728 5746
f 8652 2765 5747
f 5748 2735 10665
f 5748 3817 10120
f 3726 4023 6209
f 4239 4016 12486
f 10598 1909 5750
f 9431 8181 5750
f 9175 4282 5751
f 5751 11701 10286
f 4933 8030 10150
f 3108 3099 5752
f 1701 3095 8616
f 5346 997 8616
f 7428 2002 5753
f 9243 1476 5753
f 4634 3508 9088
f 4688 1139 5754
f 7692 2131 5756
f 5757 3725 10177
f 11168 2387 5757
f 7728 2580 5758
f 7737 2579 5758
f 12609 5760 12768
f 12279 5760 7408
f 7653 11581 5761
f 6043 809 5761
f 5763 4960 9410
f 8482 4125 5763
f 8272 11054 5764
f 6612 10654 5764
f 6872 2188 5765
f 5404 1927 5766
f 4944 1885 5766
f 11282 6759 3966
f 12337 12213 12342
f 8998 3968 5768
f 8823 2268 5768
f 8837 2652 5769
f 5166 1784 9277
f 8008 11042 5770
f 11367 7829 5770
f 11169 2107 5771
f 4931 1541 5771
f 10533 7451 5772
f 5773 3813 6592
f 11021 12003 5773
f 6271 9571 7044
f 80 3901 6826
f 5297 3569 5804
f 10695 11383 5775
f 5775 1494 7464
f 5984 2647 5776
f 6405 11031 5776
f 5777 2837 8092
f 9136 6048 5777
f 7267 2724 5778
f 11963 724 5778
f 10804 7944 5779
f 5780 12531 12084
f 8861 8131 5780
f 7251 2987 5781
f 5350 3303 5781
f 10538 4186 5782
f 5782 12543 12308
f 4509 3920 4047
f 9621 5390 5783
f 5783 11113 2672
f 6135 6393 5784
f 6887 9630 5784
f 5785 11558 10290
f 8267 2552 5785
f 11354 8690 8521
f 2145 3898 5786
f 4469 4842 5786
f 10735 3874 5787
f 8013 6991 5787
f 5326 1329 5788
f 6059 1373 5788
f 5035 1665 5789
f 5641 660 5789
f 1775 2295 5790
f 548 2265 5790
f 1203 3991 5791
f 6994 8692 5791
f 11532 4294 4341
f 4449 2738 7614
f 7797 7974 7229
f 6825 585 7229
f 5266 4153 5793
f 6060 4161 5793
f 5245 641 5794
f 6677 1378 5794
f 7730 3324 5796
f 1856 3803 6782
f 6732 6450 3843
f 11341 6268 5797
f 5494 1133 5797
f 6845 4890 5798
f 10557 12262 1366
f 4734 3945 5799
f 7563 3764 5799
f 4399 3838 5800
f 1345 1974 5801
f 6082 5162 5802
f 6826 3901 5804
f 6001 2078 5804
f 2483 2696 8866
f 5355 827 5805
f 2723 4099 9057
f 10225 1649 5806
f 5739 3073 5807
f 6000 4042 5716
f 9459 3703 5808
f 12369 4238 5809
f 10048 2860 5810
f 10983 11600 5810
f 8466 1786 7554
f 7339 3593 5811
f 9415 1449 5811
f 10472 4193 5812
f 5812 4145 10472
f 8039 2405 5813
f 7024 3880 5813
f 2266 1548 5815
f 5815 1685 663
f 12294 11627 5008
f 7650 1906 5816
f 8622 9084 5816
f 9394 3950 5817
f 5551 7305 5817
f 4706 4215 5818
f 5933 2454 5819
f 9005 525 2306
f 4633 3699 5820
f 5653 689 5820
f 5821 10868 2110
f 1300 1590 5821
f 6217 12523 12796
f 9646 12325 12410
f 6964 2268 5822
f 9988 5443 5822
f 2161 6593 12267
f 4410 6315 5824
f 4937 2204 5826
f 5498 2257 5827
f 5829 7927 3999
f 10898 4596 5829
f 5830 12017 2938
f 4736 1444 5831
f 6816 521 5831
f 7869 2902 5832
f 1883 914 5832
f 6523 3533 5833
f 9133 7562 5833
f 6694 5834 10481
f 9529 890 5834
f 6159 76 5835
f 5836 9343 615
f 4368 2371 5836
f 5224 2971 5837
f 5013 7084 10290
f 7778 4598 5838
f 9804 7354 5839
f 7648 3992 5840
f 5840 2005 7648
f 6628 3442 5841
f 5842 5016 5229
f 8310 3201 5843
f 5655 8002 5843
f 8503 2131 5844
f 4383 4199 5845
f 4318 740 5845
f 10738 3032 5846
f 5847 6523 2107
f 8344 3991 5847
f 4755 751 5848
f 5457 788 5848
f 5223 3980 5849
f 6765 2567 5849
f 12012 12093 11456
f 5850 6468 3821
f 2056 2087 5850
f 5027 3011 5851
f 2654 9045 5852
f 5852 10657 5485
f 5878 3714 5853
f 537 1859 5853
f 8423 1400 4901
f 8313 2352 5854
f 10315 10800 5855
f 9609 7735 5855
f 8073 1387 5856
f 4814 621 5856
f 6783 752 5857
f 3496 2897 5858
f 1617 1538 5680
f 8075 10863 5860
f 1968 9599 5860
f 4905 4005 5861
f 7484 4115 5862
f 5546 3809 5863
f 6753 1554 5863
f 838 2730 9260
f 5865 6377 4018
f 6296 1269 5866
f 8335 1101 3306
f 8136 7043 5867
f 5867 1608 10862
f 4623 2493 5868
f 8438 613 5869
f 7138 1308 5869
f 6613 11583 10135
f 5870 5056 3157
f 5870 11372 1317
f 10363 6458 5871
f 6646 3193 5872
f 6280 4903 6914
f 4210 4155 5873
f 7036 3604 5874
f 8377 3787 5874
f 6440 2006 5875
f 5423 630 5875
f 5116 2979 5876
f 8728 8628 5877
f 643 4947 7565
f 9733 3714 5878
f 5853 3351 5878
f 11942 7037 6567
f 1895 10782 640
f 7542 4161 5879
f 6487 2442 5880
f 1320 1228 7645
f 3601 6168 7645
f 435 12748 12871
f 5881 3838 5064
f 2341 6334 6640
f 3255 1651 5882
f 5547 4174 5883
f 5392 1990 5884
f 5831 1444 5884
f 4853 5885 11932
f 12440 12450 4916
f 11018 1369 5886
f 4924 10745 5886
f 5887 9364 7600
f 507 3695 5887
f 9936 9343 5888
f 9609 11295 5888
f 7415 2683 5889
f 5844 592 5889
f 10313 2951 5890
f 1595 6740 5890
f 4708 3786 5891
f 5891 8850 3604
f 10214 5876 5892
f 8558 8188 8869
f 5554 1524 5893
f 4960 2799 5894
f 8171 5943 5895
f 11324 2147 5895
f 2087 2056 5896
f 5702 1377 5896
f 11152 7930 9045
f 11567 7948 5897
f 5970 8285 5897
f 4372 2237 5898
f 4562 3562 5898
f 4740 1921 5899
f 4480 4248 4746
f 8613 1659 9457
f 5900 10543 3315
f 7025 11092 5900
f 4576 1685 5901
f 5904 9125 3370
f 7543 1002 1708
f 8433 2689 6962
f 6630 9687 5905
f 7786 3129 5906
f 11166 7506 7841
f 6262 556 5908
f 9207 9708 5908
f 9862 10593 729
f 8497 11174 5909
f 4553 889 8584
f 6097 3647 5911
f 8266 3824 5912
f 10099 3487 5912
f 10712 8206 7881
f 12426 4506 3922
f 3922 4506 10310
f 7226 10321 5913
f 6792 1044 5913
f 11198 4218 5914
f 4030 9914 5914
f 2907 2142 5915
f 6557 1877 5916
f 5811 3593 5916
f 11165 9381 5917
f 8629 6758 5917
f 6700 3881 5918
f 1518 7952 5918
f 4063 4270 9544
f 11920 6181 9554
f 5922 6556 1194
f 9862 729 5923
f 4276 9862 5923
f 6910 3424 5924
f 6482 9065 5924
f 7012 1952 8416
f 8853 8416 5925
f 10207 9959 5926
f 8010 2703 5926
f 5250 3146 5499
f 5253 5077 7020
f 5927 10754 5077
f 421 12270 12513
f 12155 11220 4544
f 7237 1190 4803
f 6647 10608 5929
f 8805 7410 6823
f 6111 2238 5930
f 10759 9884 5930
f 6144 10652 5931
f 4918 1336 5671
f 7246 2003 5932
f 11735 1299 4254
f 5933 2806 6512
f 4506 173 172
f 2352 5215 7470
f 7361 10393 5934
f 8115 662 5935
f 7399 8861 5935
f 11017 9516 2521
f 6375 2521 9516
f 7749 8761 5936
f 5617 1870 5936
f 2753 1776 5937
f 5937 2168 1102
f 5938 10613 3361
f 5938 10909 1123
f 6785 750 6656
f 8955 2451 6656
f 6074 3204 5939
f 5223 1034 5939
f 6314 899 5941
f 5168 1308 5941
f 9686 4128 5942
f 5296 6212 5942
f 5943 8171 8295
f 9847 31 5943
f 1338 1878 6533
f 5164 2594 5944
f 8527 9784 5945
f 5946 11337 3027
f 7577 827 5946
f 9344 2182 5947
f 5789 1665 5947
f 1595 3080 5948
f 8281 6878 5948
f 5111 3338 5949
f 5430 4 5949
f 6182 11099 5998
f 6630 8454 4163
f 8713 1554 5951
f 7377 2823 5952
f 8474 8208 5952
f 3414 9570 2232
f 4579 12030 5953
f 5238 1262 5954
f 8234 2544 5955
f 9411 9248 5955
f 7990 1876 5956
f 6492 1414 5956
f 5502 2453 11946
f 8973 12049 5958
f 4928 646 5958
f 5960 5661 2119
f 9977 1870 5961
f 11277 1285 5962
f 2461 1638 5962
f 4891 1482 5963
f 11070 1400 5963
f 1438 7127 5964
f 7992 1104 5964
f 9279 783 5965
f 10485 9241 6503
f 2453 7329 6503
f 12178 12030 10707
f 11812 4039 10508
f 9786 533 5966
f 1028 3053 5966
f 6795 8638 590
f 5690 3828 11535
f 5967 1211 8689
f 5085 2732 5969
f 5897 2147 5970
f 8479 534 5970
f 5971 4654 4062
f 7718 1514 5972
f 8505 12157 5972
f 7085 3351 5973
f 7743 11205 5973
f 6809 9911 5974
f 10593 9862 5974
f 8231 5579 5975
f 8737 1787 11693
f 5977 4449 2037
f 6509 1415 5978
f 3789 93 5978
f 10533 4676 5979
f 5979 6684 2371
f 6539 711 4787
f 4787 5711 976
f 5774 2787 5981
f 5982 12464 4307
f 5862 4207 5982
f 9268 2941 9416
f 9195 9416 5983
f 8551 2647 5984
f 5776 758 5984
f 8875 289 288
f 5985 7999 12794
f 4842 2498 5526
f 6962 6836 937
f 859 7120 5986
f 7128 3066 5988
f 550 3559 5988
f 11426 10301 5989
f 6157 2257 5990
f 9880 499 5990
f 1548 2266 5991
f 2896 908 5991
f 5142 3786 5992
f 5788 1373 5992
f 8669 11081 4861
f 1344 783 5993
f 10550 9272 5994
f 1478 3975 5995
f 2144 1454 5995
f 9200 7775 5996
f 528 9392 5996
f 10472 9782 5997
f 6887 10038 5997
f 7853 9759 8730
f 5998 9526 4154
f 8020 2151 5999
f 8906 8772 5999
f 5716 3989 6000
f 6001 3901 1468
f 2048 3497 6003
f 2378 739 6003
f 9361 3632 11779
f 10978 1979 11779
f 5562 3736 6005
f 8172 1253 6005
f 5011 9637 1007
f 6006 10339 1863
f 7460 560 6007
f 4334 4544 4781
f 4598 4149 5838
f 5590 3595 6010
f 6011 7582 2927
f 7224 39 6011
f 6012 9577 8991
f 6782 3324 6013
f 5723 3458 6013
f 11726 6207 6014
f 9869 4877 6014
f 8743 3702 6017
f 7311 2489 6017
f 12499 12088 5149
f 2687 11617 6018
f 195 6018 196
f 6019 1006 10900
f 7723 1295 6019
f 2310 11489 5083
f 6587 9782 3627
f 7629 2367 6020
f 9221 8182 6020
f 5088 3758 6819
f 11393 4128 6021
f 733 6720 6021
f 6022 1089 1593
f 2590 791 6022
f 8133 3507 6023
f 7697 3037 6023
f 9469 4306 4632
f 9563 7908 8969
f 10226 8788 6024
f 2224 10074 6024
f 6295 1718 6025
f 5163 2902 6026
f 6026 7509 1733
f 7505 4056 11925
f 7580 9964 4006
f 11269 1659 8613
f 11335 6568 6028
f 11339 7841 6028
f 5066 4091 6029
f 11201 8582 6030
f 8320 2976 6030
f 509 11702 6031
f 1478 3895 11702
f 5258 1139 6032
f 6033 8253 4291
f 5054 4243 6033
f 6034 7942 3520
f 3707 2079 6034
f 6126 3768 6035
f 7586 3635 6035
f 6580 7738 6037
f 6038 8967 1558
f 77 4537 6270
f 3177 9892 6039
f 8166 8909 6039
f 12645 12064 4354
f 5022 944 6040
f 5420 2970 6040
f 10238 2055 6041
f 7098 7417 6041
f 2788 1301 6042
f 6042 10234 11186
f 12340 4266 12889
f 6002 9809 7044
f 6043 11581 2659
f 10769 809 2231
f 6044 2253 10732
f 5492 1271 6044
f 7805 1545 6045
f 10959 9142 6045
f 5266 3987 6046
f 8807 4153 6046
f 6047 7988 3683
f 2022 8387 6047
f 10034 7893 6050
f 10031 10779 6050
f 5203 1250 1854
f 7941 792 6051
f 6052 3994 8021
f 10319 7136 6052
f 6508 746 6053
f 5330 4035 6053
f 5793 4153 6054
f 6656 750 8955
f 11233 9226 6056
f 6716 8325 6056
f 6057 7627 3180
f 8528 1862 6057
f 6708 547 6058
f 8112 12136 4475
f 11109 4304 6061
f 8548 1439 6062
f 9594 6933 6063
f 6442 2941 6065
f 6065 754 10591
f 5806 2723 6066
f 6066 4830 10225
f 9879 11951 12141
f 5418 2760 5059
f 6878 8078 6068
f 7853 10629 6069
f 9016 1799 6070
f 5747 5460 6071
f 6185 689 6071
f 8976 11924 6072
f 11924 9349 945
f 11348 10665 6073
f 9434 3204 6074
f 578 2114 6075
f 3519 1606 6075
f 7899 4065 6076
f 9955 1775 516
f 10719 10336 6077
f 8567 3458 6078
f 6663 9475 6078
f 6974 11903 10108
f 653 2644 11903
f 7973 7570 7753
f 11669 2907 6080
f 8448 3837 6081
f 5753 2002 6081
f 12532 11330 4275
f 5332 3303 6082
f 10087 2229 6083
f 5455 1479 6083
f 6084 11544 2896
f 2266 1447 6084
f 7006 3317 6085
f 7435 10831 6085
f 7908 9563 4084
f 5251 2030 7908
f 4922 2859 6086
f 7852 4051 6086
f 11659 11656 6087
f 4911 2898 11656
f 4660 8271 6088
f 6088 6237 4282
f 1284 2066 6089
f 8585 1749 5453
f 10191 6499 2426
f 3690 1275 8871
f 7273 6579 6090
f 6526 3915 6091
f 11797 894 9921
f 358 6092 7414
f 7578 7695 6092
f 11197 3819 7881
f 6021 4128 6095
f 6095 10404 733
f 8702 1830 8670
f 6216 3593 6096
f 5451 1225 6096
f 3647 5302 5613
f 1854 1250 6097
f 8159 2993 6098
f 2396 6761 6098
f 7501 2757 6099
f 6099 10331 3144
f 6101 5335 2204
f 4587 636 6101
f 5922 1194 6102
f 5193 3558 6103
f 7035 1215 6103
f 7682 9065 6104
f 7175 9655 6104
f 7131 3165 6105
f 9579 1636 6105
f 9144 2531 6106
f 8643 2541 6106
f 6107 6994 1699
f 10162 703 6107
f 5421 530 6108
f 6563 4986 5673
f 6109 4770 1019
f 1386 5839 7354
f 11551 3760 6110
f 11091 7324 6110
f 6111 9004 2238
f 6025 1718 6112
f 5294 3107 6113
f 6113 9844 998
f 4447 2423 6114
f 4373 77 6114
f 12591 4193 10038
f 4242 4204 6115
f 11352 8360 6116
f 6117 9772 1631
f 11425 2048 6117
f 9632 8759 8080
f 7998 1314 6118
f 7175 10035 6118
f 9425 1333 4891
f 9003 12318 12311
f 4997 3055 6119
f 9258 9189 6120
f 8647 8790 6120
f 7018 3526 7090
f 10414 3306 6121
f 6841 8842 6122
f 8887 6415 6122
f 9443 2808 6123
f 4738 2017 6124
f 6125 7519 2888
f 9153 903 6928
f 10914 2086 6126
f 6127 9287 3194
f 10013 1932 6127
f 5910 1985 6128
f 6080 917 6128
f 2263 5092 10142
f 6129 11901 1574
f 6990 10548 6130
f 6130 1625 9945
f 6838 2703 6131
f 12188 10866 6131
f 9178 5 6132
f 4715 1914 6133
f 4528 1355 6133
f 4595 2939 6134
f 4413 1299 6134
f 8915 5987 6302
f 5295 692 5987
f 9630 3251 6135
f 9776 6393 6135
f 9719 9419 6136
f 9433 7125 6136
f 10337 7713 6137
f 5377 1746 6138
f 5259 678 6138
f 5592 9699 6139
f 6140 9280 2586
f 6856 11843 2450
f 6142 10933 3361
f 6142 11019 2474
f 9575 11025 6143
f 4273 12563 4791
f 8777 7048 6146
f 6521 3251 6147
f 8860 8958 6147
f 4655 4910 8967
f 5529 3646 6148
f 7306 3313 6149
f 7127 6564 6149
f 4977 2620 6899
f 2441 8748 6151
f 6151 2655 7162
f 8204 3701 6152
f 1280 9586 1597
f 6153 6156 11374
f 11467 11252 6154
f 5768 2268 6155
f 7042 2416 6156
f 9527 1738 6157
f 6291 2257 6157
f 11304 1236 6158
f 2036 3616 11215
f 4897 1979 4482
f 684 3212 2653
f 9777 8831 701
f 5509 4041 6160
f 10493 4026 6160
f 10888 2779 6161
f 6050 10779 6161
f 4546 756 6162
f 6705 493 6163
f 1275 2609 6163
f 5240 3712 6164
f 5754 1139 6164
f 12845 380 383
f 6166 363 12087
f 10818 11597 6167
f 10055 947 6167
f 11756 12812 12088
f 9261 2009 6168
f 7058 7493 6169
f 3201 5368 7970
f 6330 4064 6170
f 3537 6171 10913
f 6171 11021 1511
f 6171 3537 1581
f 4884 1953 5098
f 5113 1687 6172
f 6172 5523 3603
f 6173 11108 10599
f 5069 1957 6174
f 4637 1496 6174
f 6626 3964 6175
f 6175 5884 1444
f 12886 451 11929
f 12423 8175 2375
f 8342 5674 6177
f 5084 2135 6178
f 7768 1368 6178
f 10060 3752 6179
f 7559 3556 6180
f 1662 11293 6180
f 8183 9554 6181
f 6181 11920 12379
f 5998 4154 6182
f 5372 989 6183
f 8167 7788 6184
f 5175 2165 6184
f 6185 8734 4222
f 9610 2206 6186
f 6141 3487 6187
f 1214 7858 6187
f 4427 4255 6188
f 2407 822 12056
f 10348 2214 6189
f 7012 3992 2345
f 9830 7020 6190
f 5412 665 6191
f 3735 2110 6191
f 5633 12079 3146
f 3326 9347 6192
f 9650 9449 6192
f 9828 900 6193
f 8115 11424 6193
f 9215 1314 6194
f 5456 3691 8921
f 9585 2296 6195
f 4719 3037 8037
f 6196 1542 7713
f 10229 8322 6196
f 6197 5388 2677
f 6396 8731 7423
f 9280 6140 6198
f 3923 2435 6199
f 5838 6009 6200
f 4588 4158 6200
f 7221 2522 6201
f 6201 4921 766
f 10627 9758 6202
f 7328 12104 6202
f 7549 2557 6203
f 5816 1906 6203
f 5486 3097 6204
f 9983 998 6204
f 10142 3649 6205
f 6205 8809 1682
f 9270 11232 6206
f 4635 2871 6207
f 6207 11726 2252
f 5461 2043 6329
f 1103 3311 6329
f 11429 9010 6208
f 5749 11290 6209
f 7911 7700 6210
f 11012 9940 6210
f 6013 3458 6211
f 8775 1108 6211
f 6212 5296 4965
f 8707 5439 6212
f 5907 11857 899
f 11154 11904 6213
f 12525 11836 6214
f 5133 12579 12246
f 5265 1726 6215
f 8117 11022 1982
f 3682 1270 1960
f 3816 11111 2538
f 6751 9210 6216
f 6924 11210 6218
f 11348 7340 6219
f 7684 3442 6220
f 9745 7684 6220
f 12565 4880 12374
f 7803 3453 6222
f 5798 10022 6222
f 6030 2976 6223
f 9740 687 6223
f 6903 1965 6224
f 6224 9974 1261
f 8654 4187 6225
f 5047 3828 6226
f 6227 12382 6487
f 5880 4116 6227
f 8673 2343 6228
f 6228 9599 1968
f 2466 3434 6229
f 2348 1161 6229
f 11519 9001 6230
f 1962 63 6230
f 9923 11395 6232
f 3024 3130 696
f 7075 6233 8800
f 6970 1440 6233
f 5992 1373 6235
f 5593 610 2717
f 6237 10307 4282
f 4934 765 6237
f 2875 3515 6238
f 1832 1075 6238
f 2534 2224 6239
f 8903 1770 6239
f 6599 3268 6240
f 10716 6599 6240
f 3026 1655 6241
f 7438 678 6241
f 8306 3767 6242
f 8420 9061 6243
f 6397 3347 6244
f 9440 9399 6244
f 7140 673 6245
f 5603 1471 6245
f 4306 4264 4632
f 7817 2645 6246
f 1075 1832 6247
f 3516 73 6247
f 4423 1585 6248
f 9054 6827 5247
f 6867 1368 5247
f 6249 9376 2528
f 8582 1485 6249
f 5693 782 7593
f 8274 2593 6250
f 7739 2742 6250
f 7262 3829 6251
f 5241 3039 6252
f 5020 770 6252
f 11493 2568 6253
f 7400 1524 6254
f 7635 1340 6254
f 7894 2572 6255
f 2816 860 6255
f 6414 9479 1607
f 6790 4074 5517
f 4534 1268 6256
f 6257 11209 3482
f 6257 8156 3481
f 8446 3687 6258
f 4711 2959 6258
f 5378 3365 6259
f 6260 2161 12339
f 653 3041 9445
f 8261 6410 6261
f 124 123 11830
f 4735 1835 6182
f 4792 556 6262
f 6504 6129 2263
f 5109 3586 6504
f 5524 4109 6264
f 6264 6347 2835
f 3456 1766 7780
f 4855 1058 7780
f 7823 1809 6265
f 11316 1221 7950
f 4862 2123 6266
f 6266 7139 11340
f 8067 3972 6267
f 6885 1743 6267
f 5988 3066 6268
f 6496 2808 6269
f 5965 783 6269
f 4537 3156 6270
f 5358 600 6271
f 9462 9942 6272
f 7926 9539 6272
f 10510 2701 6273
f 8640 10724 6274
f 7631 935 6275
f 8843 10796 6276
f 5693 7593 6330
f 11971 2549 6277
f 2121 3109 6277
f 9614 3847 6278
f 8499 1334 6278
f 4724 3315 3033
f 5018 12028 4359
f 12319 11407 880
f 8251 8541 6279
f 4882 4210 6280
f 3982 3116 6281
f 2113 3115 6281
f 10578 3853 6282
f 11441 9412 6282
f 5152 2712 6283
f 10242 10177 6284
f 12049 8981 6285
f 4540 3253 6286
f 5048 2649 6286
f 9916 801 6287
f 3576 1572 6287
f 941 11334 6288
f 11444 809 6288
f 7384 3097 6289
f 924 2751 11795
f 11045 5331 6290
f 5331 2519 6290
f 5581 2257 6291
f 4759 4254 4980
f 9704 5945 6292
f 1454 1537 6293
f 3895 1478 6293
f 8504 1415 6294
f 4829 4260 12050
f 6296 11153 2063
f 7271 1269 6296
f 10374 10488 6297
f 1542 4243 6298
f 6298 9702 6137
f 11968 6495 3697
f 5424 1902 6299
f 6299 2843 883
f 6300 2516 11534
f 6170 4064 7232
f 4896 4004 6301
f 6792 1710 6301
f 5124 1871 6441
f 5239 752 6303
f 5305 12494 4061
f 5037 3744 6304
f 67 2041 6460
f 6305 6686 9571
f 5228 835 6305
f 7985 3939 6306
f 5444 1610 6306
f 3292 6377 4613
f 10530 7504 6307
f 9641 7301 6307
f 5299 2319 6308
f 5506 9846 6308
f 6309 7668 9920
f 5122 1866 6310
f 8883 2860 6311
f 9976 10462 6311
f 6312 9546 4290
f 6313 9719 2531
f 5334 2966 6313
f 9450 11610 7326
f 6487 4118 7186
f 5262 4118 11997
f 6357 5907 6314
f 6315 4410 2169
f 4650 4136 6315
f 5317 843 6316
f 6250 2742 6316
f 10433 2272 6317
f 11597 10818 6317
f 6892 12301 12127
f 6318 6635 4002
f 3877 11071 6318
f 517 3908 6319
f 7137 1365 6319
f 10254 11133 6320
f 6344 7665 6320
f 11224 811 6321
f 10647 772 6321
f 8675 2064 6323
f 9840 2186 6323
f 5072 692 6324
f 11732 2480 10575
f 3710 1285 10575
f 5150 6572 6325
f 6325 7258 1895
f 10467 9996 6326
f 8381 1390 6326
f 6459 10640 4145
f 5327 910 5976
f 1154 3994 6327
f 523 7706 6327
f 6696 3165 6328
f 5471 967 6328
f 12402 6139 9699
f 4880 6221 12402
f 5590 1103 6329
f 6331 5780 12084
f 4979 4095 6331
f 3403 2681 6332
f 3404 1144 6332
f 6323 1475 9840
f 7184 2068 6333
f 11954 7184 6333
f 9940 11780 2341
f 4949 3846 6335
f 8963 1395 6335
f 5525 3432 6336
f 4968 3834 6337
f 6132 5 6337
f 207 206 6645
f 7746 2030 6338
f 12042 12051 6339
f 10302 4171 6339
f 6340 11592 3634
f 7915 969 6340
f 2462 11812 10508
f 6341 4044 11994
f 6342 4077 10872
f 6342 2381 3841
f 5915 2906 11864
f 6343 1767 1115
f 4698 6864 2076
f 10312 7665 6344
f 6320 9551 6344
f 6346 7054 2799
f 8781 2835 6347
f 818 4062 7833
f 5201 2857 6348
f 6348 10949 3449
f 4973 1712 9986
f 5851 5143 6349
f 2438 3028 6349
f 6350 3227 9986
f 4446 2639 6351
f 6351 4083 2335
f 3823 10335 5570
f 6352 1537 2022
f 5468 8844 6353
f 3985 1619 6354
f 1642 4560 6354
f 10484 6521 8955
f 6073 2735 6355
f 3497 2048 6355
f 5709 11164 6356
f 7636 10279 6356
f 5226 11408 2827
f 6358 4898 4191
f 5211 4255 6359
f 2285 2693 6360
f 9170 1077 6360
f 8377 3693 6361
f 3290 3400 6362
f 6730 1141 6362
f 1319 10996 3759
f 10746 2658 6363
f 9107 1485 6778
f 3069 545 6364
f 5813 3880 6365
f 4843 682 6365
f 6522 1687 6367
f 4878 702 6367
f 8905 11543 6368
f 9604 7261 6368
f 11536 1593 7676
f 5411 1105 6370
f 6370 10803 3133
f 1458 3883 6371
f 5210 1773 6372
f 720 2541 6373
f 7995 1378 6373
f 9844 6113 7449
f 9796 9238 6375
f 6376 9987 5318
f 4502 4018 6377
f 4380 4613 6377
f 6378 7564 3463
f 6378 10971 7490
f 3434 2466 6379
f 1779 11757 6379
f 5447 1798 6380
f 6373 2541 6380
f 11068 3579 6381
f 6382 5194 3924
f 11080 11073 6383
f 6384 8022 2202
f 908 2897 6385
f 6385 8584 1548
f 6784 2373 6386
f 6387 6667 4185
f 2341 6640 6387
f 11723 11816 3702
f 6484 2134 852
f 5127 1861 6389
f 7143 8964 6389
f 3515 3258 6390
f 1193 1832 6390
f 7591 3645 6391
f 7835 8192 6391
f 6392 9688 1448
f 5228 600 6392
f 4790 3156 4717
f 10998 8778 6394
f 1338 6571 6394
f 5512 4097 6395
f 8640 2336 1244
f 4583 1153 1244
f 4616 4068 6398
f 6399 8196 6063
f 3706 10509 6399
f 6400 8488 1761
f 7879 1402 6400
f 10102 10301 6401
f 1300 2058 8015
f 8015 11147 2053
f 11094 3582 2785
f 4740 1227 4887
f 5187 2526 6402
f 11568 7110 6402
f 12776 12700 424
f 5096 3920 6403
f 4748 1914 6403
f 7819 6144 5210
f 7282 6430 6404
f 4844 1295 6404
f 2646 2611 6405
f 6406 9334 4240
f 11269 9899 6407
f 7243 2888 6408
f 1017 2466 6409
f 1161 3934 6409
f 10479 10268 6410
f 9439 7639 6411
f 6856 12006 6411
f 8826 9860 6412
f 9145 9051 6412
f 4847 4296 4659
f 11928 2054 848
f 11789 3998 6414
f 5555 2942 4327
f 1698 3187 6416
f 11123 969 6416
f 3031 1848 6417
f 5980 1456 6417
f 9761 5582 6418
f 9913 9490 6419
f 9157 8322 6419
f 4827 4224 6420
f 603 12321 8338
f 8887 3106 6421
f 7833 9383 6421
f 6422 3163 7416
f 11239 2780 6422
f 7317 2523 6423
f 5207 2070 6423
f 5381 533 6425
f 381 380 12159
f 11136 7982 6426
f 12172 8066 6427
f 6427 9899 2666
f 5430 4137 6428
f 9064 2426 6428
f 10926 7482 6429
f 6430 8773 10189
f 10189 1329 6430
f 5469 2209 6433
f 4464 2111 6434
f 3776 1607 6434
f 6435 7192 4235
f 4784 2489 6435
f 5504 1290 6436
f 4988 3715 6436
f 5632 4331 4366
f 4494 2537 6437
f 6107 1699 6437
f 1767 11964 6438
f 7617 1058 11650
f 1121 2413 6439
f 5533 2404 6439
f 5488 2006 6440
f 3934 1161 6441
f 8598 2941 6442
f 6442 10591 2638
f 4397 4632 4059
f 3515 2875 6444
f 1776 2753 6444
f 2761 2226 6445
f 9177 3703 6445
f 5566 8203 6447
f 6447 10682 727
f 4897 11738 7309
f 2800 2865 10679
f 10107 7164 5894
f 2698 5503 6449
f 7547 10347 6449
f 5089 2042 4751
f 6450 6732 1660
f 5130 1415 6450
f 6386 11732 738
f 7108 6451 12331
f 6632 2595 6452
f 6051 2742 6452
f 11139 11601 6453
f 4427 12396 12037
f 9644 7504 6454
f 9220 8741 6455
f 8166 9075 6455
f 891 2863 1578
f 3978 1549 6457
f 11854 3983 6945
f 5461 2612 6458
f 6458 10363 726
f 2041 67 6304
f 1505 2027 12421
f 4964 4224 6461
f 12669 12019 6461
f 6462 4457 3122
f 4859 1010 6462
f 1978 5825 6463
f 8164 65 6464
f 6743 10264 6464
f 10463 2408 6465
f 4559 10810 6465
f 6023 3507 6466
f 6466 11285 1025
f 7463 37 6467
f 10041 1256 6467
f 6468 5850 1352
f 10004 9160 938
f 6469 6694 2857
f 5170 1451 6469
f 5678 530 6470
f 6470 11635 790
f 9245 1462 6471
f 10900 1006 6471
f 757 2862 6472
f 596 2484 9679
f 7975 3571 6473
f 3247 11365 6473
f 7644 1961 6474
f 11608 11281 6474
f 8635 3040 6475
f 7201 608 6476
f 9665 10391 6476
f 6239 2224 6477
f 4850 2331 6477
f 8321 2834 6478
f 6479 10913 2573
f 9101 10035 6480
f 7021 9206 6480
f 9222 8429 6481
f 6481 682 7261
f 7972 1155 6482
f 8747 8367 6483
f 11839 2407 6619
f 6189 2214 12056
f 2091 2759 6484
f 8105 11603 6485
f 6550 2260 6486
f 8898 11311 6486
f 7186 2442 6487
f 6487 12382 4118
f 1404 2325 6488
f 7831 798 6488
f 10735 1727 6489
f 5603 6245 6489
f 11572 8436 9577
f 5032 3986 6490
f 6109 1386 6490
f 6755 792 6491
f 6516 2438 6491
f 7584 2523 6492
f 9418 3834 6493
f 8316 6987 634
f 8594 1191 6494
f 6494 3570 661
f 2491 11800 6495
f 9697 2808 6496
f 6497 11528 10249
f 10952 4220 5635
f 9890 3965 4220
f 8386 1831 6498
f 6499 10191 1630
f 5502 4 6499
f 3358 1109 6500
f 6501 7867 4042
f 4693 1282 6501
f 12199 12886 11929
f 5068 3638 5060
f 4852 2023 6502
f 6502 4582 4211
f 5627 2453 6503
f 6433 1222 11664
f 5487 2010 6505
f 9047 3617 6571
f 4815 2221 6571
f 5356 3011 6506
f 7279 8146 6506
f 4099 2650 6507
f 4368 615 6507
f 4732 1440 6508
f 5644 746 6508
f 9539 3843 6509
f 6450 1415 6509
f 5005 4301 6510
f 4363 1184 6510
f 7850 3329 6511
f 8464 8442 6511
f 2580 8917 12004
f 9745 8517 6513
f 4073 9818 6513
f 6514 2360 9911
f 7941 2595 6516
f 10572 2505 6517
f 6518 9598 8480
f 7794 2151 6519
f 5370 1479 6519
f 5367 6417 1456
f 7229 585 6520
f 6135 3251 683
f 6521 10484 683
f 5867 24 8136
f 6367 4661 6522
f 3533 4828 9575
f 7562 2107 6523
f 11260 3999 6524
f 5030 546 6524
f 9439 8854 6525
f 4620 3915 6526
f 6091 894 6526
f 5510 11537 5298
f 5886 1369 6527
f 5395 6528 8260
f 7095 1396 6528
f 12163 10880 6529
f 6530 7810 7434
f 11449 6530 7434
f 7148 2973 6531
f 4754 9724 6531
f 7124 9918 6532
f 7031 2179 6532
f 5755 9047 1338
f 6533 6605 598
f 11881 7143 2949
f 11182 9354 6534
f 5741 2211 6535
f 4672 5161 6535
f 7986 9945 4011
f 8828 3627 6536
f 9116 2700 6578
f 9987 6376 4217
f 8808 3946 6537
f 8995 10965 6537
f 11221 1925 6538
f 711 11839 6619
f 9210 3593 6216
f 9625 1133 3062
f 5797 1133 9625
f 4839 3563 4911
f 11797 1994 1110
f 6848 11336 6541
f 6541 1203 8692
f 9654 750 6542
f 2450 2586 6542
f 6543 10696 1113
f 5769 2649 6543
f 5975 3534 1205
f 6544 5877 8628
f 1219 1288 8340
f 6141 3416 6545
f 7774 3825 6545
f 12037 132 133
f 7168 2382 3553
f 10912 1933 6547
f 9394 6889 6547
f 5346 1579 6548
f 7061 520 6548
f 8063 2260 6550
f 6486 3208 6550
f 9623 7492 3684
f 4899 2253 9623
f 4626 4192 11743
f 8850 5891 3564
f 2228 1296 6556
f 8641 1877 6557
f 4129 9255 6558
f 6559 6325 1895
f 9409 6032 6560
f 7575 8847 6561
f 9370 3562 6562
f 2482 3652 6562
f 6564 3041 7306
f 6564 7127 1438
f 6565 6236 2197
f 6213 2425 725
f 5866 1269 6566
f 7224 1997 1368
f 9054 1368 1997
f 6567 7037 2052
f 3212 6568 2653
f 6931 1565 2195
f 285 12616 286
f 2006 5423 5875
f 6570 7464 1494
f 6570 9736 89
f 10430 4011 6572
f 6572 3878 10430
f 8365 3459 7730
f 4617 3324 7730
f 5527 2364 6573
f 6569 2006 6573
f 8565 9022 6574
f 9719 6313 6574
f 4921 2506 6575
f 6576 8509 1490
f 7990 7797 6577
f 5099 10312 6577
f 7603 912 6579
f 7763 18 9049
f 9071 1421 6581
f 4036 9540 9292
f 4054 5437 8476
f 6582 11969 2437
f 6583 11116 9298
f 11030 8021 6584
f 10756 7320 6585
f 9603 2841 6586
f 9630 734 6662
f 7981 10375 6588
f 6589 11387 4179
f 6589 9997 10276
f 5390 2464 2677
f 6105 3165 9579
f 9415 1877 6633
f 6591 12405 4289
f 12003 6596 3813
f 6592 9510 5773
f 9055 614 6593
f 5279 3107 6594
f 6594 2485 758
f 2535 9091 6595
f 2993 8144 6595
f 1581 7060 6596
f 11508 7411 6596
f 707 2433 6597
f 6598 7321 701
f 5453 3268 6599
f 6599 10716 10208
f 4524 2969 6600
f 6600 1072 2155
f 8110 3423 10830
f 2111 3957 6601
f 1353 3776 6601
f 5979 2371 6602
f 5048 1071 6602
f 4647 1989 6603
f 5574 601 6603
f 11680 3071 5056
f 5276 808 6604
f 5029 1684 6605
f 4800 598 6605
f 12388 11920 9554
f 5035 2288 6606
f 8050 2537 5382
f 6479 2573 6608
f 1206 2189 11867
f 6609 10226 8726
f 6609 5954 4952
f 5654 1324 6610
f 10434 3864 10239
f 7055 1557 6611
f 626 8642 6611
f 7228 8805 5420
f 4993 4127 6347
f 5764 646 6612
f 10135 2971 6613
f 6101 636 6613
f 6121 3526 6614
f 1930 1381 6614
f 9049 2159 1993
f 7043 8136 6615
f 4066 2494 6616
f 5850 3821 4639
f 11219 6512 6617
f 6617 2518 10487
f 7714 8096 6618
f 5528 711 6619
f 10274 2186 6621
f 3900 1406 6621
f 5687 3787 6622
f 7495 3720 6622
f 10351 11217 6623
f 8514 10400 6623
f 9525 5983 8598
f 5983 2941 8598
f 10500 10267 4077
f 9568 10489 6624
f 8104 1065 6624
f 6625 11574 2977
f 9606 12532 4275
f 3964 2588 10837
f 5394 6119 6626
f 6628 6220 3442
f 6978 2859 6628
f 7105 3972 6629
f 8170 599 6629
f 5905 4263 6630
f 5071 2386 6631
f 11019 9083 2474
f 1667 3364 9083
f 7567 2595 6632
f 5627 1449 9803
f 12205 156 155
f 64 4002 12628
f 2792 2881 6636
f 2379 739 6636
f 9235 1431 11222
f 11222 1431 7068
f 12866 4096 4785
f 4864 3734 12202
f 4034 1442 6637
f 578 1434 6637
f 6199 3961 6638
f 7138 2126 6638
f 42 3949 8564
f 8580 1961 6639
f 5700 602 6641
f 6641 8540 2177
f 11391 4202 6642
f 5414 4033 6643
f 6650 1676 6643
f 11842 3648 6644
f 9441 8521 6644
f 5402 4244 6645
f 9604 3193 6646
f 7640 8756 6646
f 5929 3103 6647
f 11261 10608 6647
f 9613 11574 6648
f 9686 4251 6649
f 10404 6095 6649
f 12184 6650 12130
f 6651 6934 12041
f 4132 4664 4666
f 6652 9910 2739
f 6652 8382 1558
f 1823 3297 6653
f 11691 1823 6653
f 6654 11726 958
f 7764 2996 6655
f 3435 11328 7234
f 2402 7234 11328
f 8958 10652 6656
f 12815 5303 6460
f 10777 10743 5688
f 6609 8726 2330
f 8918 3395 6657
f 7377 2182 6658
f 9752 9132 6658
f 8714 9069 6659
f 9290 1634 6659
f 11824 7187 2041
f 6660 10544 1397
f 3867 5141 9168
f 5684 1629 6661
f 6147 3251 6662
f 6587 2836 6662
f 7826 5515 10124
f 5723 1170 6078
f 9596 9680 7425
f 6930 1947 7895
f 9565 6930 1898
f 6605 1641 5029
f 10275 328 327
f 11565 4083 6665
f 6665 5257 1774
f 4603 4185 6667
f 12307 10358 12302
f 2887 4309 6668
f 9029 9193 6669
f 11397 538 6669
f 6590 2901 3660
f 9700 6590 3660
f 3120 8795 1009
f 8826 3106 6671
f 9200 10057 6671
f 3905 1649 6672
f 8827 3701 6673
f 1566 2195 6673
f 11218 2172 6674
f 5586 1665 6674
f 6254 1524 6676
f 7736 2381 6677
f 2446 1378 6677
f 5142 3551 6744
f 10498 10477 6678
f 3388 3222 6678
f 5012 2952 6679
f 5645 1387 6679
f 5539 3308 12370
f 3467 1261 10689
f 9579 7320 6680
f 11488 7060 6681
f 1581 3537 6681
f 10532 1661 2128
f 9063 11034 6682
f 11596 8475 6683
f 4704 4034 6637
f 5836 2371 6684
f 5179 3503 6685
f 6963 2982 6685
f 4520 2415 6686
f 6654 3736 6687
f 6103 1215 6688
f 6057 3180 6688
f 8884 3474 556
f 2117 4056 6691
f 10141 4029 6691
f 5269 1881 6692
f 11670 2066 11697
f 6694 10481 10554
f 8882 2857 6694
f 8546 3064 6695
f 8512 11090 6695
f 6590 3165 6696
f 6328 2779 6696
f 5259 3026 6241
f 11949 2030 7746
f 4257 717 7746
f 12060 8191 12343
f 6697 4697 12060
f 781 5661 7179
f 7596 3719 9701
f 7291 3928 9701
f 3827 3868 6698
f 12265 3827 6698
f 7895 1947 6699
f 9806 570 6699
f 7159 3881 6700
f 7952 2557 6700
f 5647 3020 6701
f 6702 5480 3927
f 1441 3844 6702
f 4712 2220 6703
f 3025 645 6703
f 4267 4256 10033
f 6705 11148 3671
f 7391 493 6705
f 2228 3355 12047
f 10606 2953 6706
f 10005 3098 6707
f 6707 8404 10005
f 6547 3845 7827
f 6058 3255 6708
f 4329 547 6708
f 9133 11056 6709
f 9797 10400 6709
f 4651 4480 4904
f 4723 2760 6710
f 744 9291 3371
f 9485 3319 11922
f 5267 4236 5172
f 12128 9879 11974
f 12104 7328 1009
f 2054 1102 3310
f 10041 1815 9029
f 581 10492 10423
f 3627 9782 6712
f 6713 9288 3963
f 9651 18 6713
f 5006 2412 6714
f 11475 1855 6714
f 2687 8966 4304
f 1015 2944 6715
f 4402 1697 6715
f 5558 12016 9981
f 2167 2947 9981
f 6056 2439 6716
f 7588 672 6716
f 9436 3371 6717
f 9823 10521 6717
f 6140 2450 11843
f 7885 3651 6718
f 10592 1351 6718
f 5768 3968 6719
f 4948 3163 6719
f 1086 4295 6720
f 7014 2954 6721
f 5605 935 6721
f 6722 7376 4300
f 674 7222 6722
f 73 1257 6723
f 3259 1075 6723
f 7820 7333 6724
f 7688 980 6725
f 3541 51 6725
f 1523 2495 9503
f 6250 2593 6726
f 7241 761 6726
f 2184 3263 6727
f 11118 7566 6727
f 618 3121 6728
f 6728 5550 618
f 6479 11751 3537
f 12805 12538 12133
f 2365 7527 6729
f 6815 2446 749
f 7987 3558 6730
f 2754 2054 6731
f 3631 1429 6731
f 6821 2303 6732
f 4875 1660 6732
f 6733 11226 2475
f 5160 1490 6733
f 1260 2303 6735
f 11385 821 6735
f 8846 2701 6736
f 3969 849 6736
f 5789 660 6737
f 6809 4276 8654
f 4280 4187 6738
f 4725 1917 6739
f 6740 1595 10252
f 9922 934 6740
f 11549 3792 6741
f 6845 3453 4896
f 5891 3786 6744
f 8715 9324 7325
f 7061 616 6745
f 4057 5154 11499
f 11590 9135 6747
f 10036 1945 6747
f 10530 3164 6748
f 8995 9408 3655
f 12224 4176 5959
f 6062 2233 6749
f 7682 586 6749
f 5112 2479 6750
f 6750 4547 972
f 2801 688 6751
f 6751 7642 2164
f 6752 3352 9315
f 6752 5968 7052
f 5863 3349 6753
f 10808 1554 6753
f 11450 3372 6754
f 8566 7767 6754
f 8872 2858 6755
f 8554 792 6755
f 10049 10390 2777
f 6757 11683 4332
f 10221 1342 6758
f 11814 10946 4765
f 4949 3849 6759
f 6759 11282 1472
f 6536 1523 6760
f 6984 2836 6760
f 4570 1573 6761
f 6762 7372 2605
f 8726 6829 6763
f 10316 8790 6763
f 5849 65 6765
f 6766 11964 1767
f 12141 6529 11974
f 3108 5324 6768
f 8499 9946 1334
f 2039 7410 6770
f 1719 3168 11794
f 10988 7416 1636
f 6771 10429 10372
f 7953 8999 6771
f 6772 1811 10121
f 6936 1997 6772
f 5452 3119 6773
f 10127 6858 6773
f 5967 11786 6774
f 6890 1302 6774
f 11488 3753 6775
f 11130 7002 6775
f 6776 9095 3093
f 11190 8383 6776
f 6777 11129 3930
f 9580 7548 6777
f 7498 9107 6778
f 6364 545 6778
f 5409 4054 8609
f 8609 5600 1516
f 6780 2203 7281
f 7947 820 6780
f 5708 4106 6781
f 6691 4056 6781
f 6417 1848 2962
f 2962 7783 8304
f 5675 1984 5639
f 5639 528 3309
f 5796 3324 3803
f 5202 752 6987
f 6740 3079 9922
f 2761 934 9922
f 2960 3687 8446
f 6258 897 8446
f 203 4572 11318
f 11660 7557 6784
f 6784 5590 2373
f 4077 6342 10500
f 8808 814 6786
f 7802 1519 6787
f 6787 7256 3285
f 7117 3031 6788
f 6456 11742 6788
f 12333 6919 6789
f 6790 7580 4053
f 10229 7996 6791
f 10486 8425 6791
f 5534 1710 6792
f 7531 6783 4025
f 5694 2343 6793
f 4837 3401 6793
f 7936 8499 6794
f 4624 2329 7969
f 10903 4624 7969
f 7200 823 6795
f 5476 1481 6795
f 7355 3347 6796
f 10630 10527 6796
f 10197 2544 6797
f 9143 9490 6799
f 9075 9892 6799
f 6800 2564 10785
f 10311 9429 6801
f 9595 8500 6801
f 8475 11596 6802
f 905 10649 6802
f 6538 2484 596
f 6803 9674 2261
f 6804 2195 1566
f 5577 2149 6805
f 7599 1108 6805
f 6806 7896 89
f 6910 2233 6806
f 8512 10757 6807
f 10921 7545 6808
f 11508 7002 6808
f 8654 4246 6809
f 6809 9862 4276
f 9293 1512 6811
f 747 4711 1274
f 5268 2579 6812
f 6812 5328 1153
f 4984 3608 6813
f 5160 12269 12260
f 9000 9188 6814
f 6814 2038 7878
f 8718 2446 6815
f 6677 749 2446
f 6890 521 6816
f 6990 10616 6817
f 7642 9812 6817
f 8622 2557 6818
f 8979 8615 6818
f 9842 2096 6819
f 6820 9092 8910
f 8868 1282 6820
f 6821 6735 2303
f 4113 4841 6822
f 6822 8263 4289
f 10337 7796 7996
f 1104 7992 7410
f 5241 2970 6823
f 11808 2077 6824
f 2905 915 6824
f 6872 585 6825
f 6620 4022 3233
f 1552 80 6826
f 10588 7866 6827
f 6715 3142 4402
f 6828 10532 3222
f 8938 1052 6828
f 10226 769 6829
f 10351 11069 926
f 5000 601 6830
f 10107 2800 6831
f 7253 10936 10447
f 6832 10691 2515
f 6832 10622 5503
f 11659 8366 3758
f 910 11208 8366
f 4544 4334 12174
f 7967 1439 6833
f 1411 2163 6833
f 3796 2133 6834
f 11542 1918 1847
f 6495 11968 2491
f 5720 5613 6835
f 6836 6962 5905
f 6836 6515 5986
f 7862 7571 6837
f 6837 10378 8361
f 6838 10866 9044
f 8453 2703 6838
f 11682 1561 5314
f 5744 6369 1593
f 6959 4082 10094
f 2072 10080 6839
f 9913 8425 6839
f 7432 1017 6840
f 3934 2297 6840
f 6841 7775 9200
f 4455 1007 6842
f 5296 3464 6842
f 8096 12387 6618
f 8476 4175 6843
f 11911 2665 6844
f 6844 568 2306
f 6222 3453 6845
f 4896 1710 6845
f 5320 6908 8070
f 1217 11366 7335
f 7230 12478 6846
f 8926 2230 6847
f 5291 1494 6847
f 11988 2278 12068
f 11808 2545 6848
f 8312 1545 6849
f 10920 2999 6849
f 10891 7301 6850
f 6850 981 8603
f 1620 10303 5015
f 5354 1561 8379
f 8379 4941 617
f 5965 9443 6851
f 5029 2223 6851
f 11962 9449 4086
f 7936 2638 6852
f 1051 9946 6852
f 7059 12079 2932
f 4318 1826 6853
f 7639 2757 6856
f 2962 737 7783
f 6025 6112 6857
f 6632 761 6857
f 4882 4212 6858
f 6859 10937 1383
f 4684 2137 6859
f 6860 11875 7210
f 3975 1478 6861
f 3943 71 6861
f 5665 1989 6862
f 5710 3204 6862
f 5799 2286 4734
f 4908 2974 6863
f 4820 4233 6863
f 4155 12107 12203
f 6864 4698 4409
f 6864 4500 2997
f 4857 4624 4936
f 11210 10889 6865
f 6214 12190 12525
f 11319 10100 6866
f 9017 10917 6866
f 5247 570 6867
f 11737 5429 3869
f 5892 8572 6868
f 9454 5892 6868
f 4775 3180 6869
f 8767 1356 6869
f 5066 4069 6870
f 9845 5369 6871
f 5391 2188 6872
f 5069 585 6872
f 4436 4362 5547
f 6873 6923 3195
f 10303 1620 9363
f 10720 8235 6874
f 6875 10629 2672
f 10745 6069 6875
f 10029 2185 6876
f 5298 7935 10441
f 6017 2489 6877
f 5699 627 6877
f 4612 1595 6878
f 6878 8281 8078
f 990 11933 11889
f 1412 9561 7909
f 6880 11154 2197
f 6236 610 6880
f 6882 2018 11336
f 5993 2567 6883
f 7651 1344 6883
f 6903 1174 6885
f 5068 3223 5372
f 5784 2298 6887
f 5997 734 6887
f 3943 509 6888
f 1613 1619 6888
f 6889 10130 10912
f 6889 9394 1437
f 8111 521 6890
f 6816 1302 6890
f 6891 2321 8001
f 6892 8253 2620
f 6680 10409 3164
f 5134 597 6893
f 6894 11573 3745
f 5198 3607 6894
f 1005 7199 10113
f 9296 94 10113
f 8575 1402 6895
f 6895 10478 9547
f 3060 1884 6896
f 2668 4277 6897
f 6898 6298 4243
f 5737 694 6898
f 8721 4197 6899
f 6150 7119 6899
f 12427 9079 4284
f 2054 3310 6900
f 3807 3631 6900
f 11498 10072 6901
f 3231 1057 6901
f 7439 1703 11399
f 6179 3752 11399
f 10388 11395 6902
f 9797 661 6902
f 6224 3467 6903
f 6904 2725 8735
f 8285 534 6905
f 5742 1328 534
f 7951 9055 2208
f 6906 11091 3818
f 6906 11079 10933
f 5744 1593 1089
f 5153 740 6907
f 6764 3655 988
f 10903 10757 6909
f 4998 3575 7636
f 10244 7286 4288
f 2248 9194 3807
f 7588 9739 6911
f 5312 10564 6912
f 7327 2 6912
f 1925 7176 6913
f 7020 9830 5253
f 6914 5313 4212
f 3236 1897 11990
f 7581 3020 6915
f 1184 4806 12055
f 7628 1365 6916
f 7693 583 6916
f 8432 3366 6917
f 11515 589 6917
f 9800 1138 6918
f 9740 2436 6918
f 6631 6789 6919
f 11017 7215 6920
f 7830 4020 6921
f 4877 60 8445
f 9053 9942 1422
f 10574 3872 6922
f 11146 2312 6922
f 1254 10965 3064
f 4705 3195 6923
f 6923 5074 2738
f 4991 4710 4904
f 6218 6608 2573
f 786 9914 6924
f 5849 2567 6925
f 4959 1034 6925
f 6926 11274 2801
f 6751 2164 6926
f 7142 10715 6927
f 1443 9999 6927
f 8516 1717 7243
f 6125 2888 6928
f 5427 2702 6929
f 5176 641 6929
f 6381 1220 1357
f 6930 9565 1357
f 6835 8083 6932
f 6932 9753 5720
f 11818 6933 2248
f 11818 7445 3806
f 4957 4310 6934
f 5405 4013 6934
f 6840 3147 7432
f 7432 5019 1017
f 7144 3837 6935
f 7211 3395 6935
f 5647 10831 3494
f 6488 798 5495
f 9054 1997 6936
f 6936 10121 1323
f 1036 3187 6937
f 5676 3664 6938
f 3536 6350 6938
f 8565 2966 6939
f 10677 1705 6939
f 3534 5975 5579
f 10621 1933 11528
f 2891 529 6940
f 10756 9320 6748
f 8695 11168 3443
f 5300 3698 6941
f 5180 2069 1688
f 6440 3448 6942
f 6943 7487 2445
f 8249 1278 6943
f 6063 3806 6399
f 12219 4470 12118
f 11712 1794 3983
f 1696 11854 6945
f 10345 8056 7500
f 5010 2028 6946
f 6946 5123 3503
f 6947 11358 2714
f 6947 9765 778
f 6948 8802 7329
f 10191 7750 6948
f 11226 1490 6949
f 6681 11751 6950
f 6976 3353 8049
f 5597 1808 8049
f 5714 4157 8132
f 4023 5714 8132
f 4945 1384 6951
f 5966 533 6951
f 122 12151 9110
f 5556 4158 6952
f 9871 9038 6953
f 5701 2153 6954
f 6954 7770 1488
f 5009 3732 6955
f 9558 2392 6955
f 1692 11882 6956
f 5550 1170 6956
f 11842 8521 4007
f 6957 5259 2136
f 4789 973 6957
f 7004 7207 2747
f 6958 9557 2568
f 11937 12428 8095
f 8284 639 2554
f 10094 3996 6959
f 6960 5580 3038
f 4894 978 6960
f 12426 3922 4525
f 6826 3569 6961
f 8728 7958 1552
f 7120 937 5986
f 9573 2982 6963
f 5232 545 6963
f 5443 946 6964
f 6965 12009 713
f 6675 494 6966
f 7837 12170 4159
f 6967 10639 2543
f 11036 771 8934
f 4797 3932 6968
f 7171 3853 6968
f 6969 2173 9514
f 6969 9233 8466
f 7508 1440 6970
f 6233 2980 6970
f 10032 9928 6971
f 2461 7062 6971
f 4780 958 6014
f 11763 7392 3258
f 6252 3039 6973
f 10108 978 6974
f 5281 3313 6974
f 5090 4029 6975
f 6616 2494 6975
f 7132 3369 6976
f 6977 11052 7845
f 7423 2856 6977
f 4793 7430 2859
f 6978 5841 1164
f 8522 2966 6979
f 5334 853 6979
f 8626 11020 10904
f 9578 706 6980
f 5801 1974 6980
f 3278 4221 6981
f 1086 9018 6981
f 11303 2507 6982
f 7798 2863 6982
f 9384 3281 6983
f 3233 11072 5208
f 8860 2836 6984
f 8546 11217 6985
f 6986 4371 4140
f 4102 4245 6986
f 6783 634 6987
f 8316 2468 6987
f 4899 3401 6988
f 10732 2253 6988
f 6989 10387 2651
f 6670 2002 6989
f 6130 2342 6990
f 6817 1225 6990
f 6991 11236 1727
f 6991 8013 2149
f 6992 1425 1495
f 5969 2732 5136
f 8117 3944 6993
f 6515 9687 6993
f 4995 1711 6994
f 5698 1699 5791
f 10342 2726 6995
f 2741 1296 6995
f 1353 3516 6996
f 1832 1193 6996
f 4875 2303 10315
f 5997 4193 10472
f 6997 4305 4218
f 6998 2876 8542
f 9222 7630 6998
f 5062 751 6999
f 11101 7461 7000
f 7531 9860 7000
f 7001 11031 2611
f 6707 3098 7001
f 7002 11130 1725
f 7002 11508 3754
f 1550 763 11606
f 9730 2627 7003
f 11105 10944 7003
f 8370 5596 3765
f 4870 11746 8370
f 11342 2345 7004
f 6958 2568 7004
f 7005 7655 4156
f 4567 1955 7005
f 6710 744 7007
f 5717 3079 7007
f 6592 3813 7008
f 2431 2259 7411
f 5317 2594 7009
f 6348 3449 7009
f 7010 8008 2729
f 10282 7449 7011
f 10005 8914 7011
f 7012 9236 1952
f 10055 10327 947
f 1160 3433 7013
f 1484 2153 7013
f 9748 2954 7014
f 5435 843 7014
f 3737 10972 1067
f 8435 1067 10972
f 9352 9252 9131
f 3910 3923 7015
f 7015 5100 1614
f 6611 1557 7016
f 7016 5424 2400
f 4674 1074 11943
f 4479 1019 7017
f 7090 3728 7018
f 7632 3526 7018
f 1565 3904 9635
f 7019 11468 1450
f 12669 6461 5114
f 6304 3744 6660
f 6480 1503 7021
f 9737 1610 7022
f 2923 921 7022
f 1769 1461 11616
f 7025 3315 3598
f 4862 1227 7025
f 3868 2046 7026
f 7026 11827 3868
f 10581 1100 9022
f 10385 2942 7027
f 7028 9732 842
f 7028 7976 2037
f 5289 725 7029
f 2241 1931 7030
f 3522 1821 7030
f 5118 4817 4909
f 8296 1879 7031
f 8299 2179 7031
f 205 7032 206
f 11387 6061 12540
f 11387 10276 4142
f 73 3516 7033
f 2100 1614 7033
f 2025 1358 7181
f 1397 9 7034
f 6327 3994 7037
f 11942 5511 1412
f 6757 3476 4336
f 8841 3396 7971
f 7579 1356 7971
f 5921 1492 7039
f 5186 9759 7040
f 6615 11433 7043
f 4319 4201 7045
f 4680 11491 3732
f 7046 8186 2093
f 7046 8518 842
f 8749 2976 7047
f 7047 10327 2217
f 7048 8777 7104
f 8469 6146 7048
f 8741 9220 7049
f 680 9141 7049
f 5635 5366 10952
f 6657 9409 7050
f 7949 10019 7050
f 6379 2466 4851
f 7205 3003 7051
f 6189 822 7051
f 5740 9878 7052
f 7052 5968 4100
f 2404 3326 7053
f 7053 6439 2404
f 5894 2799 7054
f 7054 2865 5894
f 5275 1557 7055
f 9988 2780 7056
f 11502 9552 7057
f 11578 1693 7057
f 7928 7493 7058
f 8310 8571 7058
f 2591 593 7059
f 7060 11488 3754
f 3710 10642 7062
f 6970 2980 7063
f 5809 7064 4285
f 7064 8160 4285
f 81 3308 7789
f 1940 2135 10164
f 5065 582 7066
f 4200 10726 9965
f 7023 2248 7067
f 3807 3984 7067
f 7068 12621 3967
f 8809 3940 7069
f 7070 6457 1547
f 4836 3254 7070
f 10434 8778 7071
f 1568 8242 7071
f 9504 1976 7072
f 5893 1524 7072
f 896 871 7073
f 9149 3723 7074
f 5926 2703 7074
f 4038 4108 7154
f 7075 10904 11020
f 7317 590 8638
f 4366 4247 7076
f 4526 4178 7076
f 10345 7859 7078
f 7079 10783 2260
f 1948 3206 7079
f 6875 2672 7080
f 7080 2678 667
f 7367 2122 7081
f 7081 7904 5584
f 3851 5163 9487
f 8309 2902 7082
f 4819 3864 7083
f 5939 1034 7083
f 7084 5013 2553
f 7084 8519 6162
f 6287 801 9336
f 5449 3351 7085
f 7085 11205 1107
f 7086 1662 10537
f 7637 10602 7086
f 5802 9041 7087
f 4981 2101 7130
f 3744 2098 7130
f 4452 4383 5845
f 9301 3929 2235
f 4685 2176 7089
f 8493 1113 7089
f 5746 3728 7090
f 6121 3306 7090
f 3364 2225 11551
f 2658 10746 7091
f 2865 2800 5894
f 5380 3455 7092
f 7092 11145 1726
f 6465 1245 10463
f 5040 3857 7093
f 7093 2059 710
f 11363 5386 3583
f 6607 2344 11363
f 7095 6528 2130
f 11083 1396 7095
f 8296 9918 7096
f 7486 2315 7097
f 2562 918 7097
f 8487 5588 7098
f 6041 1632 7098
f 931 2685 7099
f 10383 1483 7099
f 8961 8974 7100
f 6687 2996 6654
f 5882 2384 7101
f 8474 2824 7102
f 8764 9216 7103
f 7104 7438 2133
f 10943 855 10447
f 8120 3468 7105
f 12704 12364 12307
f 6834 2133 7109
f 6241 1655 7109
f 11568 1048 7110
f 8596 4125 7111
f 9995 9206 7900
f 6950 2189 7112
f 7205 648 7112
f 10486 7961 7113
f 719 7350 7113
f 6532 2179 7115
f 5027 686 7115
f 6011 2927 7116
f 6772 1997 7116
f 7370 1848 7117
f 6210 9940 4603
f 5649 3012 7443
f 9157 3176 7119
f 7120 8603 937
f 6562 3562 4996
f 11007 1436 7121
f 6936 1323 7122
f 3042 3047 7123
f 9564 980 7123
f 7684 9570 3442
f 6106 2531 7125
f 7125 9433 5447
f 7126 6851 9443
f 6123 2494 7126
f 6853 4147 4335
f 4733 3039 7127
f 5233 3066 7128
f 8528 1215 3559
f 11715 1530 1568
f 10544 3744 7130
f 5146 3014 7131
f 7132 4868 3825
f 8125 3220 7133
f 1033 11267 7133
f 11693 2898 8737
f 60 1787 8737
f 9565 7866 7134
f 11014 2818 3018
f 7135 11222 614
f 7136 10249 2052
f 7136 10319 9808
f 7427 2044 7137
f 6916 1365 7137
f 4883 2282 7139
f 4887 11340 7139
f 347 328 6664
f 347 11701 330
f 7979 9168 7140
f 4513 673 7140
f 8102 9770 10784
f 1956 4051 7141
f 11155 8517 7141
f 5290 1519 7142
f 7747 8964 7143
f 8123 2949 7143
f 9243 3837 7144
f 8918 10019 7144
f 10702 1525 7145
f 12703 7147 9254
f 11391 12716 7147
f 9963 11306 8935
f 5585 2973 7148
f 6531 705 7148
f 7112 3753 6950
f 4861 3033 7149
f 7149 4539 2152
f 3959 2313 7150
f 12393 11776 12398
f 7442 4314 4227
f 6913 2910 7151
f 2904 757 7151
f 10192 2192 7152
f 7272 9340 7152
f 7065 1737 7153
f 8714 7153 9069
f 12427 4284 7647
f 7752 2807 7155
f 618 1388 7156
f 2759 2091 7157
f 7157 9734 1447
f 7158 8031 4098
f 5431 3422 7158
f 8109 3881 7159
f 4446 2335 2899
f 728 5840 8416
f 5840 3992 8416
f 2655 6151 8210
f 7162 11360 709
f 7587 3939 7163
f 4889 4521 4439
f 5157 3505 6830
f 6610 3766 7165
f 6701 1297 7165
f 2862 757 7166
f 11243 3670 7167
f 11513 2397 7167
f 9470 8314 8796
f 8208 2382 7168
f 5580 2909 7169
f 11651 919 7169
f 1821 3522 7170
f 2113 543 7170
f 1639 3853 7171
f 7171 10737 10584
f 7172 10598 3188
f 5235 2222 7172
f 2027 12266 12265
f 5110 1730 11544
f 11544 6084 66
f 9753 9725 7173
f 7173 9251 11058
f 4876 3421 6234
f 7174 9519 9359
f 6118 9215 7175
f 6104 1503 7175
f 915 2905 7176
f 7177 4693 3989
f 5678 781 7179
f 5722 4116 7179
f 9546 4216 7180
f 6422 2780 8823
f 5822 2268 8823
f 6897 12550 8087
f 4987 3109 2121
f 7034 9 7181
f 7182 4901 1400
f 10092 9063 7182
f 8041 2825 7183
f 4638 2068 7184
f 7184 11954 11760
f 4762 4283 7185
f 75 10531 5089
f 3832 1505 7187
f 7187 11824 1358
f 9016 9547 2876
f 6075 2114 11569
f 3933 3519 11569
f 6308 9846 7188
f 5156 1628 7188
f 9536 9487 7189
f 12039 12015 7190
f 7191 8518 2739
f 7191 9137 1689
f 5103 12330 7192
f 7192 12308 5103
f 5078 10659 7935
f 6810 3133 1743
f 5426 1947 6930
f 9710 1733 9294
f 2441 8601 1875
f 4951 592 5188
f 7194 7038 9219
f 9352 10158 7194
f 5637 3014 7195
f 7196 4187 4280
f 6398 4046 4616
f 2080 3926 7197
f 10687 2085 10411
f 6796 3347 7198
f 10464 10630 7198
f 7199 1005 3398
f 4695 823 7200
f 2819 6476 10391
f 9289 608 7201
f 6660 1397 7034
f 3660 2901 7202
f 7202 7869 3660
f 10992 9743 7203
f 9317 11110 7203
f 10311 8745 4010
f 7204 8291 4131
f 7204 5649 2617
f 7207 7004 2345
f 8567 10169 3323
f 4595 3734 7208
f 4788 2247 7208
f 10634 7961 7209
f 7796 10943 7209
f 1594 11386 7210
f 7211 3243 8848
f 9414 3395 7211
f 9683 9631 7212
f 8420 9141 7212
f 7213 11235 8221
f 7213 11977 3575
f 10988 3164 7214
f 10891 8339 7214
f 4337 4319 7045
f 7264 1016 7215
f 7215 11017 5871
f 5095 2378 4879
f 5918 3881 7216
f 10040 3988 7216
f 11444 2585 7502
f 7217 5395 1204
f 7217 11066 1146
f 6511 3329 10258
f 3214 10088 9256
f 10188 10539 7218
f 7218 1138 9800
f 9655 2419 7219
f 7219 8548 586
f 6474 1961 11608
f 7220 10415 11382
f 6361 3605 8377
f 12321 6420 4437
f 5274 1876 7221
f 10154 2522 7221
f 5624 1718 7222
f 7567 6112 8560
f 9607 8147 8560
f 7597 3673 7223
f 9455 3317 7223
f 7116 1997 7224
f 6880 2960 8446
f 11154 6880 8446
f 7225 6704 4080
f 5023 1116 7226
f 5380 3457 7227
f 6770 8805 7228
f 5420 3603 7228
f 4846 12099 642
f 6654 1587 8962
f 11726 6654 8962
f 5413 2680 7229
f 7230 8924 2697
f 8035 12478 7230
f 5785 2552 6145
f 10773 11132 9429
f 5375 900 788
f 717 4257 7231
f 8627 6170 7232
f 7653 6198 7233
f 7646 1931 7234
f 7806 3435 11646
f 6442 2638 7235
f 9005 568 7235
f 7174 9359 8715
f 5783 2672 7236
f 6038 77 7237
f 5137 2974 7238
f 1307 3982 3115
f 7874 2579 7239
f 7809 662 7239
f 441 7240 444
f 7815 761 7241
f 7241 8143 2502
f 7242 11906 11789
f 3776 1353 7242
f 6928 2888 7243
f 8878 10583 7244
f 6780 820 7244
f 10394 3438 7245
f 10748 1187 7245
f 5080 11038 11570
f 7718 4389 5080
f 5594 2003 7246
f 5616 1373 7246
f 5139 4020 7247
f 8025 1996 7248
f 5200 2927 7248
f 7152 2192 7249
f 7249 9712 3691
f 10248 1575 7250
f 7302 3909 7250
f 7251 8612 2987
f 5236 949 7251
f 7858 1178 7252
f 8300 3153 7680
f 10936 7253 6831
f 2199 1389 7254
f 7766 9456 7255
f 5396 742 7255
f 7256 6787 1092
f 8045 9488 7256
f 8221 2524 7257
f 7259 8157 1744
f 5683 1706 7259
f 7742 6493 3834
f 665 3927 7260
f 1601 3735 7260
f 7261 9604 6481
f 682 6481 8039
f 5628 3558 7262
f 4775 3829 7262
f 6518 2878 2469
f 1404 1369 11018
f 5886 667 11018
f 4403 4325 5632
f 5135 4853 12008
f 7215 2612 7264
f 3145 1016 7264
f 1739 3507 7265
f 5583 1189 7265
f 7266 2834 3199
f 8351 1041 11941
f 6277 3109 7267
f 6473 3510 3247
f 5921 9954 7268
f 7269 8047 7207
f 7252 3140 7270
f 7543 506 11855
f 9626 3730 7271
f 4725 1269 7271
f 5456 8148 7272
f 6551 1008 943
f 8087 12550 12577
f 8623 1070 7274
f 6420 603 7275
f 9814 2519 7276
f 11570 3894 7277
f 7233 3144 7278
f 1016 7331 7278
f 7836 8146 7279
f 5434 2179 7279
f 5449 5131 3224
f 6811 1512 7280
f 8033 10482 8739
f 7281 6746 3167
f 2203 6780 10583
f 8773 6430 7282
f 7723 3117 7282
f 5778 11971 7267
f 9992 5609 7283
f 10803 1921 7284
f 8181 1419 7284
f 543 2113 7285
f 3116 1606 7285
f 5402 4272 7286
f 7286 10244 9032
f 9280 7502 7287
f 10960 7185 5902
f 7288 6315 4136
f 7288 8362 2273
f 7289 9744 3389
f 8649 1133 7289
f 7091 1667 8432
f 5304 4298 7290
f 8243 3928 7291
f 12443 12457 12115
f 8979 1518 7294
f 9813 9131 7294
f 5086 3986 7295
f 10634 7704 7296
f 3833 7078 7296
f 2750 11998 10283
f 5974 2360 7297
f 9236 1521 7298
f 2748 670 1521
f 7546 2977 2527
f 11228 3030 7300
f 810 2660 7300
f 7301 10891 2957
f 7301 9641 10214
f 612 8885 5752
f 8470 3909 7302
f 1575 1738 7302
f 7303 9858 3337
f 9403 10321 7303
f 5256 4087 12607
f 4640 4169 7304
f 5909 729 10593
f 7305 5551 2109
f 7373 1437 7305
f 9990 4030 11822
f 5359 3308 9485
f 11903 6974 3313
f 3041 6564 9843
f 4548 3234 7307
f 7308 10539 1778
f 1138 3504 9619
f 4467 4098 7309
f 7310 1879 9739
f 7588 966 7310
f 6263 10447 855
f 6435 2489 7311
f 4214 4082 7311
f 6638 2418 6199
f 7759 1769 7312
f 63 1962 11616
f 9011 957 7313
f 3360 7934 7314
f 8480 2878 6518
f 7263 2469 2878
f 4883 2968 7315
f 4424 546 7315
f 2891 905 7316
f 9674 11486 7316
f 5450 2523 7317
f 5393 590 7317
f 9107 3068 767
f 5654 2086 7319
f 4854 1332 7319
f 6796 1605 7355
f 6762 797 10126
f 7372 6762 10126
f 7320 10756 10409
f 7320 9579 9700
f 1747 10396 7321
f 1633 701 7321
f 7322 9826 9988
f 7056 2958 859
f 11809 7370 939
f 737 4050 7783
f 7324 11091 2474
f 3203 8974 7325
f 7325 9324 9203
f 4697 2900 7326
f 7327 10564 3333
f 3833 2 7327
f 8792 1009 7328
f 6202 3085 7328
f 4601 2553 4388
f 6636 739 5095
f 7329 8802 10485
f 7329 2453 1630
f 4571 4167 7330
f 8717 3199 7332
f 2631 8695 7332
f 8499 3847 6794
f 525 6794 7334
f 7335 6360 2693
f 9027 1217 7335
f 10637 9220 7336
f 5454 602 7338
f 7338 8658 1446
f 5120 2254 7339
f 6318 4702 3877
f 7340 11348 3213
f 7340 12111 1068
f 4863 8099 9906
f 8610 8358 12005
f 5183 12058 5025
f 8619 1410 7341
f 7342 5977 2037
f 7342 6535 5161
f 9307 11436 7343
f 5049 2282 7344
f 5030 1624 7344
f 5929 1592 7345
f 6979 10070 2762
f 12115 12207 5005
f 6336 1488 7346
f 7346 8097 1098
f 7417 5588 7347
f 2490 3448 2953
f 7348 630 11137
f 6286 3253 7349
f 10742 8857 7350
f 2090 3667 7351
f 9189 912 7351
f 7509 2901 7352
f 6696 2779 7352
f 10742 7859 3689
f 10399 3001 7353
f 6045 1545 7353
f 2100 3957 7354
f 6244 3347 7355
f 5982 4157 5862
f 10739 2714 7356
f 2556 3483 7356
f 962 2825 7357
f 7335 2693 7357
f 6453 11548 3665
f 7338 11402 2359
f 5801 10455 7359
f 5052 1345 7359
f 2051 8051 8703
f 2408 10463 7360
f 3187 1036 7360
f 11327 1792 7361
f 8313 8228 7361
f 10131 8360 10237
f 1505 3832 7362
f 1911 495 7362
f 6656 2451 8958
f 8958 8860 1069
f 5406 10615 8720
f 2788 864 7363
f 11072 4312 7364
f 10357 11357 7365
f 10195 2572 7365
f 11994 12497 11812
f 4776 1844 7366
f 4757 4242 7366
f 9152 8126 7367
f 5222 2412 5093
f 5076 4061 12372
f 4047 637 8151
f 7009 2743 5317
f 6090 6579 7369
f 5403 3669 7369
f 7117 939 7370
f 737 1848 7370
f 11130 2561 7371
f 8607 7381 7371
f 7305 3973 7373
f 11731 3074 7374
f 7779 11800 7374
f 11624 11062 7375
f 6335 1538 4949
f 7376 1718 6295
f 11274 6926 10679
f 9132 2823 7377
f 8208 2182 7377
f 9460 2468 6588
f 2636 6588 10375
f 8090 2209 7378
f 7615 1551 7378
f 3115 2113 7379
f 3522 1197 7379
f 7603 8216 7380
f 5462 6808 1725
f 7381 8607 780
f 7091 2225 3364
f 9273 1382 91
f 11638 2904 7383
f 9833 1674 2910
f 6204 3097 7384
f 10049 8854 7385
f 12128 12104 6711
f 7323 737 7370
f 5537 5883 4174
f 11070 11465 10092
f 5506 1596 7388
f 6019 1295 7389
f 5342 2944 7390
f 573 784 7390
f 7391 9234 7954
f 5743 493 7391
f 7392 11763 3517
f 11906 7242 1193
f 7082 3851 7393
f 10273 1504 7393
f 6700 2557 7549
f 8157 7259 8200
f 11597 6447 7394
f 3962 1640 7395
f 1619 3985 7396
f 71 3943 7396
f 10292 2065 1890
f 9652 8423 7398
f 7398 4901 11319
f 5431 8131 7399
f 7072 1524 7400
f 7400 10684 27
f 5174 3122 7401
f 11150 9680 7402
f 9382 5041 34
f 6238 3515 6390
f 938 2961 7403
f 9059 3687 7403
f 4677 2132 7404
f 611 2214 2388
f 7719 4844 7406
f 6404 6430 7406
f 11794 10967 7407
f 12319 880 11417
f 7822 4122 7408
f 7660 7409 648
f 6775 3753 7409
f 7411 11508 2431
f 7008 3813 7411
f 5061 3635 7412
f 11592 1245 7412
f 5273 10094 7413
f 4262 4151 7414
f 12138 4523 5226
f 5889 592 7415
f 3163 6422 8823
f 7416 10988 1026
f 7417 7098 5588
f 5135 4065 7418
f 6723 1075 6247
f 8591 10840 4000
f 9585 9819 7419
f 8894 7749 7419
f 5218 2727 7421
f 5513 2699 7421
f 7457 2444 7422
f 7322 2191 7422
f 8731 2856 7423
f 2409 2816 7424
f 1462 35 9938
f 7425 10839 4121
f 10802 2437 11969
f 5060 3257 11950
f 720 8762 7426
f 4426 11072 3233
f 6319 3908 7427
f 5554 2044 7427
f 6989 2002 7890
f 7680 3399 7429
f 8071 9393 7429
f 6086 4552 7852
f 7430 4239 4552
f 11161 2645 7431
f 10444 5715 7431
f 10667 2481 7432
f 11477 1152 7433
f 9824 11449 7434
f 6094 2340 12674
f 1181 3494 7435
f 6085 1788 7435
f 7657 5945 7436
f 3198 11230 7436
f 4332 4325 7437
f 7109 2133 7438
f 4906 678 7438
f 2280 1703 7439
f 11399 780 7439
f 8594 11056 7440
f 7441 8133 3397
f 4314 7442 6668
f 4517 2887 7442
f 4998 2509 7443
f 8338 4107 656
f 9803 6633 4107
f 5015 10303 7444
f 5535 3745 7444
f 7445 1461 11641
f 1527 511 11641
f 7103 587 7446
f 10382 3661 7447
f 8043 3454 7447
f 7448 2677 2464
f 5497 1189 7448
f 7449 7608 3098
f 8433 2420 4667
f 9152 8200 7450
f 9978 8871 7450
f 4668 2193 6177
f 5243 2151 7451
f 7451 10533 1071
f 11742 975 7117
f 4470 4024 7452
f 4390 2264 7452
f 7196 4258 4187
f 7915 3236 7453
f 7847 2083 7453
f 3845 1933 10621
f 10621 11528 1401
f 7006 3766 7454
f 6242 3724 7454
f 9916 3577 7455
f 2614 8383 7455
f 7457 9127 2444
f 7422 3944 7457
f 6150 8253 9584
f 2539 10306 3325
f 6655 1303 7458
f 8634 997 7458
f 9482 612 1427
f 10360 1949 7459
f 7460 9502 8750
f 7751 1527 7462
f 1461 1769 11641
f 6467 1312 7463
f 1494 5775 9407
f 11464 7464 2305
f 7465 4785 4096
f 5663 10765 7465
f 8553 3247 7466
f 7747 2718 7466
f 9517 2368 7467
f 7891 10492 7467
f 5604 3941 7468
f 7468 11460 2295
f 1075 3259 7469
f 2798 2875 7469
f 5215 1886 7470
f 8016 7704 3686
f 3875 11771 10370
f 10215 8659 11771
f 9672 11386 7471
f 7408 4122 7472
f 7537 3556 7473
f 1683 3131 7473
f 10 7485 3336
f 11297 10954 7474
f 328 10275 6664
f 6273 2701 7475
f 7475 826 1652
f 1685 5815 2854
f 3290 9393 7476
f 8844 3290 7476
f 5808 4042 7477
f 7477 6679 2952
f 6412 6921 9145
f 5432 1467 2036
f 9290 8140 3149
f 3804 3101 7479
f 11116 6583 9601
f 6583 1904 9601
f 7934 3360 7474
f 10823 1861 7480
f 4585 4156 7481
f 11111 3816 10926
f 11709 6429 7482
f 12299 9514 4302
f 7693 2044 7483
f 8321 4115 7484
f 7484 5714 2476
f 6366 1175 7485
f 7097 2908 7486
f 9092 2315 7486
f 4895 4089 7487
f 4609 2445 7487
f 1325 3615 7488
f 1349 1236 7488
f 11121 3127 7489
f 11358 2787 11811
f 7564 6378 7490
f 6339 7491 12042
f 12359 12822 12886
f 7492 9623 2460
f 7493 11845 574
f 848 2874 7494
f 8118 6413 7494
f 9501 1686 1707
f 11518 10723 1686
f 3619 3720 7495
f 561 11686 8118
f 7494 1757 8118
f 5589 1600 7496
f 5790 2295 10806
f 7343 3068 7498
f 7498 10354 1564
f 4965 732 7499
f 7500 8056 3781
f 6099 3144 7501
f 7502 9280 3143
f 2585 11444 6288
f 6779 3225 7503
f 10733 3008 7503
f 7504 9644 3006
f 7504 10530 2978
f 6781 4056 2236
f 6110 3760 7506
f 7506 11166 3818
f 9314 8541 8251
f 11542 849 7507
f 7202 2901 7509
f 7509 1258 1733
f 10675 7944 7510
f 8056 3333 3781
f 7833 4062 7512
f 4654 4143 7512
f 2731 10064 1955
f 11108 2026 7513
f 4885 2413 7514
f 7403 2961 7515
f 6879 1274 7515
f 6947 2714 7516
f 2110 3735 7517
f 2058 1300 7517
f 4519 1284 7518
f 6408 2888 7519
f 10239 3864 7520
f 7520 9279 2223
f 9895 2031 7521
f 4945 1204 7521
f 2772 2603 7522
f 7522 10379 10202
f 5711 4787 4202
f 7523 7186 5474
f 5474 991 7523
f 6101 4558 4587
f 7524 10540 4081
f 7525 8833 1530
f 7129 10910 7525
f 7120 859 2958
f 7047 2217 7526
f 11040 8749 7526
f 497 4646 4014
f 8688 2225 7528
f 11796 9390 7528
f 6039 718 7529
f 8081 3488 7530
f 7345 3140 7530
f 8701 1996 7644
f 7000 634 7531
f 4025 6921 7531
f 7532 10662 1423
f 7904 7081 7532
f 10080 2072 7533
f 836 7336 7533
f 6573 9832 2380
f 10122 9472 9683
f 4831 2203 7534
f 6470 530 7534
f 3659 1842 7535
f 2877 2839 7536
f 7536 7771 1167
f 8765 3556 7537
f 7537 9391 1731
f 12212 4594 4173
f 6560 8241 9409
f 2397 11513 7539
f 7539 743 12653
f 6661 10778 7540
f 9327 9995 7540
f 10140 2046 7541
f 7541 7988 1536
f 4783 2350 5267
f 5879 3956 7542
f 5793 4161 7542
f 4653 1697 7027
f 7955 10220 7544
f 7544 8088 1495
f 7545 10921 8279
f 7561 2431 7545
f 8725 3074 7546
f 7547 10622 2360
f 7547 10244 2308
f 6471 2008 9245
f 10702 2192 3644
f 7548 9580 9423
f 6203 1906 7549
f 7550 9924 4184
f 7550 10307 4072
f 11605 3263 7551
f 3892 8459 7551
f 9298 3783 7552
f 6905 3761 7552
f 7553 8529 2394
f 7553 9599 722
f 7554 12047 3355
f 5685 647 1786
f 4725 3730 7555
f 5670 1917 7555
f 5244 4114 10124
f 10124 5515 4268
f 7144 10019 1476
f 10430 10989 7556
f 8863 7986 7556
f 8258 676 7557
f 3311 1103 10829
f 7559 9790 3556
f 7559 11293 524
f 7997 1713 7560
f 11815 4326 2493
f 2259 2431 7561
f 7545 8273 7561
f 4931 2107 12048
f 7562 9133 1359
f 1098 1611 7563
f 5823 3463 7564
f 4947 1857 7565
f 5220 643 7565
f 7566 11865 2184
f 7566 11118 1077
f 8147 2595 7567
f 2201 8829 7568
f 10550 8297 7568
f 7093 10068 7569
f 7570 7973 1799
f 5413 1496 7571
f 11273 3552 7572
f 1331 3202 8785
f 11298 1209 9963
f 3653 2481 10667
f 7432 624 10667
f 6390 3258 7392
f 5946 3027 7573
f 8604 973 7573
f 10720 10347 7574
f 5208 9994 7529
f 7571 1496 7575
f 7575 9507 8847
f 1871 3363 7576
f 7576 8019 1124
f 7577 4614 827
f 7579 6869 1356
f 10594 3265 1935
f 4118 5262 7186
f 5517 3680 7580
f 747 2426 2607
f 6428 1491 9064
f 5385 2126 7731
f 2797 5385 7731
f 7214 3164 2957
f 5587 3976 7582
f 7248 2927 7582
f 5956 1876 7584
f 4658 2523 7584
f 7230 7585 8035
f 8278 582 7585
f 7581 1983 7586
f 10643 3939 7587
f 7163 1501 7587
f 6911 672 7588
f 8396 10170 8231
f 7589 8794 3024
f 6750 972 7589
f 3578 3385 7591
f 5707 4190 5329
f 7 3054 8155
f 7415 2190 7592
f 6475 6330 7593
f 3055 984 6119
f 7594 8503 2683
f 7269 2005 1506
f 7178 690 7595
f 2376 1865 2386
f 4917 8967 1865
f 8740 10012 3
f 11061 3719 3485
f 5738 8671 7596
f 10384 1808 7597
f 6132 9418 3781
f 8013 2463 7599
f 1108 1856 6782
f 6548 2178 5346
f 5544 1176 2312
f 11501 2115 11821
f 5248 3764 7601
f 11173 3763 7601
f 7602 8062 1676
f 7602 7842 2514
f 7273 8216 7603
f 11296 3475 7604
f 6228 1968 7604
f 9536 10917 7605
f 9743 11473 7606
f 10460 10605 7607
f 874 11134 7607
f 6113 3107 7608
f 7513 10503 1955
f 10780 1896 1251
f 12295 1251 7609
f 12495 4078 7610
f 7611 11365 3246
f 1804 94 7611
f 80 1552 2210
f 7612 11445 922
f 6831 2800 7612
f 9404 1938 43
f 11062 9522 43
f 11246 5780 8131
f 7225 7758 3193
f 6368 11543 7225
f 1611 1098 7615
f 10679 6926 7978
f 7616 7857 3616
f 1467 2088 7616
f 6020 2367 7867
f 7867 8868 1888
f 9387 3022 7617
f 3796 1847 7618
f 6828 3222 7619
f 7619 6262 2057
f 6800 1534 7620
f 7620 10479 668
f 6460 2041 12421
f 1606 3116 7621
f 1434 578 7621
f 2322 2275 7622
f 10393 1792 7622
f 11928 6413 5937
f 8484 34 7623
f 9258 9962 7624
f 8272 7625 1110
f 8037 3398 7626
f 1140 8037 7626
f 5491 3831 7627
f 6869 3180 7627
f 7380 1365 7628
f 7628 7351 912
f 6646 8756 7630
f 7630 9222 9604
f 7631 10206 638
f 5398 935 7631
f 7018 2615 7632
f 3175 608 1031
f 7634 5000 3505
f 5583 3036 7634
f 6676 3908 7635
f 9031 1340 7635
f 7452 4351 4390
f 7086 3076 7637
f 10413 8283 7637
f 7951 10386 7638
f 3482 9578 3200
f 7639 9439 1842
f 4339 2152 7641
f 4481 2081 7641
f 6817 3958 7642
f 12165 4060 4222
f 7686 3592 7643
f 6474 10232 7644
f 8530 1320 7645
f 6797 2544 2487
f 1197 3522 7646
f 7154 4228 7647
f 7269 7207 7648
f 2005 5840 2458
f 5867 7043 9583
f 10786 9583 7649
f 7490 10200 1899
f 4355 2423 4259
f 5816 11218 7650
f 6883 2807 7651
f 7651 6496 1344
f 1532 4322 7652
f 7652 10147 2141
f 5761 3143 7653
f 7233 7331 7653
f 6614 3526 7716
f 7716 10144 6614
f 10357 2744 7654
f 6424 10378 7654
f 4935 4156 7655
f 5055 10659 7655
f 1970 1172 7656
f 7657 11230 3461
f 8065 5945 7657
f 11058 9251 7658
f 7178 975 11886
f 7661 6594 3107
f 7661 9417 11195
f 11527 12384 6522
f 10539 7483 7662
f 5070 2643 7663
f 9503 5070 7663
f 7955 10377 7664
f 11445 7612 7978
f 7654 2744 7665
f 6340 1897 7915
f 1061 969 7915
f 6122 6415 11922
f 3957 2100 7666
f 3516 1353 7666
f 1346 3532 7667
f 8936 3454 7667
f 4722 4100 5968
f 9553 9422 7668
f 10222 9950 7669
f 2402 1124 7717
f 7670 11465 1843
f 10498 11034 7670
f 2490 2953 10606
f 5605 3448 2490
f 8245 10537 10674
f 7741 1879 7671
f 7096 1431 7671
f 5405 7672 4013
f 7672 10438 4013
f 10348 3003 876
f 1928 3706 7673
f 1653 1167 7673
f 8061 2164 3958
f 5699 7042 7674
f 10282 9375 2805
f 11172 10715 9477
f 6755 2858 7675
f 6369 8977 7676
f 7676 12188 11536
f 5231 4158 4588
f 5565 3638 4619
f 5922 2228 6556
f 8033 9954 7677
f 7678 5646 1573
f 4570 1347 7678
f 7679 7094 798
f 8352 4874 7679
f 7429 1141 7680
f 7193 2395 7681
f 9435 2101 7681
f 7682 9128 9065
f 6104 586 7682
f 5858 793 10749
f 5067 609 7683
f 5582 2232 655
f 7684 9745 655
f 10524 8615 7685
f 6130 3592 7686
f 7686 10782 1625
f 4534 4043 7687
f 9420 1268 7687
f 7688 10945 1553
f 3042 980 3048
f 7689 11304 3433
f 69 1383 5182
f 7691 3870 3608
f 3216 1047 10879
f 4687 2131 7692
f 5594 1432 7692
f 7693 10188 583
f 4181 11099 7694
f 7695 8304 4262
f 10483 9392 3105
f 7784 7696 9763
f 5393 2070 7696
f 4767 3037 7697
f 6466 1025 7697
f 3179 651 7698
f 4747 1667 7699
f 8331 12071 7699
f 9039 10616 7701
f 7986 8863 7701
f 7226 1116 7702
f 4707 1783 7702
f 8185 2663 8364
f 1821 3902 7703
f 62 2241 7703
f 7704 8016 2
f 7704 10634 12195
f 8706 10602 10747
f 6356 11164 7705
f 4709 2509 7705
f 7706 10643 1154
f 7707 10574 1176
f 10091 8946 9758
f 7837 11936 7708
f 10484 10278 7709
f 11287 8323 7709
f 4976 2652 7710
f 7710 7810 6530
f 626 2400 7711
f 10878 9540 7711
f 10499 11376 559
f 11636 3261 7712
f 7713 7996 10229
f 1542 6196 9611
f 2541 7426 2417
f 7609 1251 1896
f 12660 7714 6618
f 8750 3886 7715
f 6624 1065 7715
f 3525 1199 9404
f 7717 8391 3362
f 1124 2402 11328
f 5024 1514 7718
f 7719 7036 4844
f 6430 1329 7406
f 4581 605 7720
f 7721 9911 4246
f 7114 1621 7722
f 7104 2133 10721
f 5842 12027 5364
f 6404 1295 7723
f 7723 8716 3117
f 8706 10022 11102
f 7306 653 11903
f 10800 3666 1424
f 915 1925 7724
f 7724 2545 11808
f 8508 1702 2316
f 6965 3759 7725
f 714 2206 7725
f 11225 1963 7726
f 6741 1333 7726
f 4966 4297 7727
f 7727 10124 4114
f 7549 1906 858
f 7914 11589 858
f 5497 1739 7265
f 2149 1498 6991
f 4404 11037 7277
f 7379 1197 5478
f 7728 8917 2580
f 7729 9948 2470
f 11953 8452 7748
f 5796 2501 7730
f 10899 2797 7731
f 12711 5036 4285
f 4736 2003 7733
f 5719 3055 7733
f 2928 2543 7734
f 7557 1103 6784
f 7735 9609 2170
f 695 4676 7916
f 5794 641 7736
f 7095 2130 8094
f 7737 10490 11338
f 6812 2579 7737
f 6296 45 7271
f 5391 1414 7738
f 6452 2742 7739
f 7757 2646 7740
f 9739 1879 7741
f 11490 3689 7742
f 3834 2127 7742
f 3349 3809 7743
f 5973 1859 7743
f 754 9794 7744
f 11101 3318 7745
f 10483 11101 7745
f 5409 4257 7746
f 1042 11276 9211
f 7747 11881 1361
f 8193 3925 7748
f 5038 2296 7749
f 7749 8894 8761
f 6879 990 7750
f 7750 10191 747
f 6433 3095 5469
f 2812 7921 1693
f 5927 2807 7752
f 7640 5872 4076
f 7754 10197 3805
f 7754 9690 5955
f 7458 2178 6655
f 7703 3902 7755
f 10426 1502 7382
f 6748 9320 2978
f 6007 560 7756
f 1534 10785 10025
f 7637 3076 985
f 860 872 7121
f 11283 2646 7757
f 7740 8678 7757
f 11502 7462 7759
f 7703 2241 7030
f 5347 2171 7760
f 7760 8485 2951
f 2950 2681 11182
f 10793 1847 7761
f 6834 6578 7761
f 1438 2363 7762
f 7762 9933 2082
f 5399 2329 4857
f 9049 2357 7763
f 1458 1587 7764
f 4556 4277 7765
f 4451 2997 7765
f 1617 2144 5995
f 7162 9456 7766
f 7808 1803 7766
f 7767 8566 37
f 10719 3513 7767
f 7224 1368 7768
f 681 2824 7769
f 9221 8910 7769
f 4002 5448 4702
f 7770 8881 3301
f 7770 6954 553
f 6675 1928 7771
f 7771 7536 3705
f 4364 3094 7772
f 2477 4351 7772
f 6849 1545 1460
f 7805 10869 1460
f 6738 12110 4280
f 10237 2533 3711
f 10729 652 7773
f 11203 3369 7774
f 7775 9974 3309
f 3339 3447 7776
f 1559 1090 7776
f 5565 3639 7777
f 2713 832 7777
f 6184 617 8167
f 7787 5556 8724
f 3697 6495 7779
f 7374 2492 7779
f 9118 3456 11679
f 9763 1604 7784
f 10976 2346 7784
f 8893 1684 7785
f 7786 8858 3129
f 5906 3123 7786
f 8580 8297 3010
f 6035 1912 7586
f 4859 4301 7788
f 7789 5359 1784
f 11331 9341 1645
f 4803 12333 6789
f 209 7790 11995
f 7790 11931 4244
f 5818 4585 4706
f 2782 1436 7791
f 7781 7039 7791
f 8760 3050 7792
f 1683 1118 7792
f 9299 3173 7793
f 8510 10031 7793
f 7794 10346 3839
f 5999 2151 7794
f 5388 5390 2677
f 5192 2702 7795
f 5642 4615 4798
f 7323 1506 7420
f 7796 10337 855
f 7229 2680 7797
f 8850 10931 3693
f 11382 6312 4252
f 11382 10415 4216
f 7274 7799 3488
f 7800 1861 3510
f 4767 1025 7800
f 10344 9891 7801
f 8946 9461 7801
f 11674 3367 7802
f 3021 1519 7802
f 7066 10164 2135
f 10264 3453 7803
f 6222 952 7803
f 5282 5433 9936
f 8431 2050 7804
f 2963 8601 709
f 6524 2007 5030
f 12589 4953 5345
f 5757 3726 6209
f 9708 12172 2666
f 5333 2057 2666
f 7805 9142 3000
f 2297 3934 7806
f 9568 3886 7807
f 1249 9568 7807
f 7766 2339 7808
f 8481 1803 7808
f 5268 3422 7809
f 5935 662 7809
f 7333 7820 2166
f 3660 6585 9700
f 5832 914 6585
f 7367 9096 2122
f 11977 7213 7810
f 7810 7213 7434
f 4818 3209 7811
f 4591 4069 7811
f 7331 1016 3145
f 11581 7331 7813
f 11790 3506 7814
f 10388 3570 7814
f 8718 11175 8762
f 6857 761 7815
f 1120 2428 7816
f 7816 3238 1605
f 7595 939 7178
f 7783 4050 4048
f 5552 2356 11819
f 9698 9785 7818
f 11132 649 7818
f 674 4231 7190
f 5657 2698 6874
f 7819 9935 2478
f 12006 7819 6411
f 5609 2166 7820
f 10998 7831 7821
f 6488 2325 7821
f 7822 12609 4297
f 7386 4122 7822
f 5845 4199 4403
f 6758 1809 7823
f 6265 9262 7823
f 9969 11334 2956
f 7465 4031 5868
f 4785 7465 5868
f 5340 1643 9941
f 1704 8959 7824
f 8488 2421 11427
f 10238 9883 7825
f 5070 2495 5472
f 536 3950 7827
f 6601 3957 7666
f 10156 10006 7828
f 7829 10909 2729
f 7829 11367 2026
f 6921 4025 7830
f 650 4020 7830
f 7831 10998 2221
f 4815 798 7831
f 7832 10019 1647
f 8227 1476 7832
f 9119 6835 10896
f 6421 818 7833
f 12593 7983 1137
f 6627 9302 7834
f 6391 1850 7835
f 6097 1250 7835
f 6034 3520 11196
f 6637 1442 10560
f 9957 8146 7836
f 5904 1708 1002
f 4159 2119 7837
f 10121 1811 7838
f 10251 2722 7838
f 7839 1986 5743
f 6397 9483 1889
f 7198 3347 6397
f 6017 4214 7311
f 4558 4494 6437
f 6760 1523 9424
f 7840 8602 21
f 6922 3872 7840
f 7842 7602 4144
f 10839 2514 7842
f 2548 2529 7843
f 7373 3973 7844
f 7860 1309 7844
f 6663 6728 9475
f 6035 500 6126
f 5715 9846 800
f 7846 10713 2923
f 8533 7909 7846
f 1375 11952 10508
f 9636 9519 2791
f 9920 10151 2791
f 8661 2109 7847
f 9257 2889 7848
f 7803 10747 7848
f 8467 7850 11525
f 6886 3153 8300
f 7852 9513 4051
f 6069 658 7853
f 10771 810 7854
f 7854 810 7440
f 7039 5560 5921
f 4881 4230 11109
f 8591 10512 7855
f 7855 2401 11128
f 7078 719 3780
f 9682 10341 7856
f 1802 3511 7856
f 2153 1484 7857
f 7857 7616 553
f 4138 2051 2656
f 9721 1791 7858
f 7268 1609 840
f 7859 10345 6493
f 7859 10742 719
f 3746 2013 7860
f 9561 1309 7860
f 6782 3803 3324
f 507 10175 3695
f 5377 2092 7861
f 5658 1829 7861
f 8361 2680 7862
f 8390 2040 7863
f 5507 584 7863
f 2831 7864 11412
f 12716 9254 7147
f 7120 1612 8603
f 981 6850 10214
f 7865 6072 10569
f 4589 1355 7865
f 7866 10588 1166
f 7866 9565 1898
f 10340 1517 7868
f 9346 8627 7868
f 1846 1653 11918
f 6944 511 7870
f 7871 2251 7313
f 8961 9950 7871
f 5209 2310 7872
f 7872 8317 1364
f 8829 11694 9756
f 2750 1936 11998
f 11998 2812 1693
f 7112 1206 7205
f 10936 922 7873
f 7656 7873 9043
f 5361 3632 9361
f 5758 2579 7874
f 5375 788 7874
f 7129 2325 9139
f 8170 3294 7875
f 6937 1096 7875
f 4944 1246 2435
f 7044 9571 6686
f 7876 9528 3081
f 5813 2405 7878
f 2038 6814 8549
f 6900 3631 6731
f 2251 1402 7879
f 691 2108 7880
f 5841 1398 1164
f 4659 4219 5652
f 2054 2754 848
f 7881 11335 7841
f 3819 11197 8688
f 2424 10617 7882
f 10617 2618 7882
f 3896 2016 9912
f 6634 9912 7883
f 5807 10433 5739
f 6672 4070 5254
f 10970 41 7884
f 11238 3651 7885
f 6718 1351 7885
f 10316 2535 7886
f 11513 9962 7886
f 6716 2439 7887
f 7836 966 7887
f 5507 2040 7888
f 7645 6168 7888
f 7889 8689 1793
f 7889 6744 3551
f 10387 6989 7890
f 7428 9716 7890
f 5287 4411 4690
f 6099 2757 3659
f 7467 2884 7891
f 7334 3847 7163
f 10995 8411 7892
f 1638 9928 753
f 9949 1543 7893
f 7893 10034 967
f 11338 10490 950
f 11919 785 7894
f 2572 785 9028
f 7895 9196 1898
f 3907 5086 7295
f 7896 3584 89
f 1418 11027 7896
f 7897 7558 4090
f 4630 8122 7897
f 7424 1462 7898
f 2911 10990 2696
f 7899 7418 4065
f 6076 5823 7899
f 6995 1296 7901
f 11137 630 7901
f 8832 12117 4117
f 9266 5578 4133
f 707 1754 7903
f 1560 2235 7904
f 7088 5584 7904
f 5776 2647 7905
f 10975 1908 7906
f 1165 56 7906
f 6252 770 7907
f 7908 8368 8969
f 6972 561 8217
f 6860 1371 11242
f 7909 9561 9217
f 7909 8533 523
f 4754 2973 7910
f 7865 1355 7910
f 7099 1483 7912
f 7912 11263 931
f 7993 3610 7913
f 7989 2015 7913
f 7914 11611 3229
f 8633 1660 7916
f 4875 695 7916
f 5300 1829 7917
f 4304 11109 7920
f 4230 1086 7920
f 6444 2753 5051
f 2812 1846 7921
f 4617 3459 7922
f 7922 6956 1170
f 5407 3880 5467
f 2496 3913 7924
f 9493 8577 7924
f 6904 2363 1104
f 7372 2575 2605
f 10332 10644 7925
f 6272 2690 7926
f 6984 9424 6798
f 5931 1069 1773
f 6655 520 7764
f 4476 512 6517
f 4978 1835 5767
f 5235 2007 7927
f 4596 74 7927
f 11622 11845 7928
f 5596 2019 7929
f 70 1429 7929
f 7930 11152 3210
f 7930 11166 11339
f 10925 3267 7931
f 495 1911 7932
f 7932 10099 1960
f 11450 3513 7933
f 7934 11525 1122
f 7936 10009 2638
f 6852 9946 7936
f 6373 1378 7937
f 8762 720 7937
f 7210 3899 7938
f 1794 3985 7939
f 7940 4760 10310
f 4375 4140 7940
f 6491 792 7941
f 9227 9875 7965
f 1467 10685 2088
f 7942 6034 1196
f 6673 2195 7943
f 7944 10675 2756
f 7944 10804 3892
f 6211 3458 7945
f 1556 2085 1292
f 1363 3717 7946
f 7281 3167 7947
f 4738 820 7947
f 5895 2147 7948
f 8059 1465 7948
f 7050 1999 7949
f 11886 3032 7178
f 6265 1809 7950
f 2208 10386 7951
f 7951 10609 3018
f 6818 2557 7952
f 4099 2723 5806
f 6507 615 9057
f 7953 11955 7620
f 7620 1534 7953
f 10673 7839 7954
f 7664 3987 7955
f 7544 1425 7955
f 7958 11083 3793
f 2210 1552 7958
f 7959 9253 3127
f 11429 56 7959
f 539 11068 7960
f 11068 9169 7960
f 7961 10634 3780
f 7961 10486 2106
f 10219 2532 7962
f 3272 9419 7962
f 4483 4470 7452
f 7387 6711 3121
f 7156 10435 1571
f 569 2058 7963
f 3735 1601 7963
f 1874 11117 7964
f 10552 10966 7964
f 7966 6592 1347
f 7505 2236 4056
f 7967 11195 6768
f 9692 2569 7968
f 10845 7375 9285
f 7375 1938 9285
f 7633 1031 608
f 6476 608 3175
f 8606 2593 638
f 9008 3201 7970
f 5368 996 7970
f 12242 5225 4176
f 4688 3829 7971
f 5924 3424 7972
f 5441 1155 7972
f 9096 8174 3779
f 5330 1799 7973
f 5611 2121 6277
f 5956 1414 7974
f 7975 9296 3571
f 7975 11365 7611
f 4915 2037 7976
f 4778 1689 7976
f 8689 3551 5967
f 1211 5967 8252
f 2064 1326 7977
f 10103 9496 9358
f 9817 9168 7979
f 7980 10974 1850
f 3645 6 1850
f 4431 573 7390
f 6769 1051 7981
f 5792 12660 8095
f 3676 11033 1741
f 8586 985 3676
f 7499 732 7982
f 7276 2519 7983
f 5473 1137 7983
f 7984 865 3259
f 6723 1257 7984
f 7985 7334 3939
f 6306 2010 7985
f 7701 2342 7986
f 6103 3558 7987
f 6362 3400 7987
f 7988 7541 3791
f 7988 6047 505
f 5199 3733 5671
f 8839 10377 8177
f 11147 1513 7989
f 844 1876 7990
f 11827 1366 6698
f 7991 10542 3254
f 4743 1072 7991
f 4672 10808 2049
f 7913 1233 7993
f 3739 3610 7993
f 9468 2275 7994
f 6380 1798 7995
f 5794 1378 7995
f 11902 5184 6703
f 5020 4937 5826
f 5724 5207 5214
f 7996 7796 2106
f 7560 2390 7997
f 8602 1713 7997
f 7998 10035 9101
f 1314 1336 4918
f 4391 10364 7999
f 7664 2734 8000
f 8674 840 8000
f 4075 4275 8001
f 8611 9147 8001
f 8002 5655 1672
f 6996 3516 6247
f 1920 3705 8003
f 8003 5217 3648
f 8004 11129 1563
f 4003 10084 8004
f 4764 2211 8005
f 8006 10157 1590
f 8006 9362 1352
f 8007 7900 7021
f 5686 1155 8007
f 8008 11079 3210
f 12063 11926 8009
f 5926 2916 8010
f 8011 8399 3094
f 3183 4330 8011
f 11440 1522 8012
f 6326 1390 8012
f 5787 2463 8013
f 6805 2149 8013
f 7426 2763 8014
f 9693 9179 8014
f 4172 5345 4953
f 1960 1270 4982
f 12478 8016 6846
f 9076 5825 1978
f 4784 4177 5387
f 10558 8174 8018
f 9309 1986 8018
f 2758 852 8506
f 8019 7576 2091
f 5999 1417 8020
f 3994 6052 7037
f 8021 11030 3423
f 4533 2160 8022
f 4942 2202 8022
f 8023 11087 10487
f 777 2983 8023
f 7374 3073 11731
f 5535 1937 8024
f 3568 3665 8024
f 7582 3976 8025
f 42 1996 8025
f 7892 10675 2339
f 7255 742 7892
f 8247 3035 8026
f 8026 977 10959
f 6180 8765 8027
f 8234 2686 8028
f 11029 2487 8028
f 4782 4209 6036
f 3589 1714 8029
f 2919 24 8029
f 8030 9789 2606
f 8030 4933 4211
f 5361 4098 8031
f 4583 2336 8031
f 9996 10467 8032
f 10577 10072 8032
f 8739 1609 8033
f 7677 3415 8033
f 3990 1213 8034
f 5065 2279 8035
f 7585 582 8035
f 10284 3899 8036
f 5033 3398 8037
f 6409 2466 6229
f 7791 11143 8038
f 5016 5842 5364
f 8039 8429 2405
f 8911 3900 8040
f 6621 2186 8040
f 8041 9027 2825
f 7183 822 8041
f 8018 1986 8042
f 8907 1374 8042
f 9060 3454 8043
f 7447 1486 8043
f 1637 3220 3539
f 8044 8890 3277
f 574 2773 8044
f 7256 1092 8045
f 8686 7283 8046
f 8046 3888 10827
f 7250 3909 8048
f 11248 10248 8048
f 3836 10143 2841
f 8050 10162 2537
f 8050 6974 978
f 5322 9264 8610
f 8051 2051 9071
f 9071 8727 8051
f 10677 10644 2964
f 8052 5459 3595
f 6329 2043 8052
f 2624 8914 929
f 4810 2725 8928
f 7264 3311 10829
f 8641 4678 1877
f 5705 744 3371
f 1846 2812 8053
f 8053 9073 871
f 8054 10987 3211
f 8054 10095 708
f 8878 9631 8055
f 10129 10795 8055
f 7327 3333 8056
f 8056 10345 3833
f 5042 4714 5545
f 10492 581 8057
f 5949 3338 8058
f 11458 1465 8059
f 7978 2164 8061
f 10241 1088 8062
f 7079 2260 8063
f 8597 1948 8063
f 3061 11279 8064
f 8197 3670 8064
f 12111 4821 8066
f 6267 3133 8067
f 2815 864 8068
f 8770 6369 8069
f 9727 10690 8069
f 735 3560 8070
f 7429 3291 8071
f 7476 9393 8071
f 8072 8382 2093
f 8072 4717 3156
f 5856 2171 8073
f 8073 5012 1387
f 8074 6363 589
f 8074 8309 1504
f 5519 2284 8075
f 9599 7553 8075
f 5442 4248 8076
f 5024 4209 8077
f 5325 4124 8077
f 5365 80 10584
f 5649 7204 8078
f 9497 3138 8079
f 7799 11869 8079
f 4902 4067 3402
f 2809 5077 10754
f 8080 9293 7020
f 7873 1172 10936
f 5601 4907 5155
f 8081 510 1753
f 1406 3900 8082
f 8129 3742 5453
f 4829 4018 6064
f 9119 3312 8083
f 1081 8083 9915
f 9693 10228 8084
f 10366 10070 8084
f 7635 3908 8085
f 8086 4386 9489
f 4370 930 8086
f 5500 2419 9655
f 5470 2668 4846
f 7698 4983 10485
f 6378 3463 1978
f 9890 2506 8088
f 9666 2981 8089
f 4119 1991 8089
f 2855 4553 8763
f 6002 8980 8947
f 5676 1024 8091
f 6835 9119 8083
f 2837 5777 8461
f 8254 2390 8092
f 3196 1039 8093
f 11892 933 8093
f 11922 8443 6983
f 2210 3793 9373
f 5600 3502 8096
f 6846 8924 7230
f 7556 4011 10430
f 8097 7346 3301
f 8097 9617 1551
f 5689 2374 8098
f 8099 4810 8928
f 7537 1731 8428
f 8346 10355 8100
f 1280 7333 8100
f 10156 964 8101
f 10718 10784 9770
f 6037 1481 8102
f 11691 10283 8440
f 4486 10266 4027
f 10863 2284 8103
f 992 2634 8103
f 8891 1065 8104
f 8171 1465 8105
f 4139 4549 9993
f 11256 10606 8106
f 8106 647 10043
f 5516 2728 3995
f 11497 3976 10873
f 5337 10640 8107
f 11163 6302 8107
f 1768 4010 8108
f 11331 10497 8108
f 8109 7159 839
f 4262 10801 9446
f 8110 10830 528
f 5616 521 8111
f 6774 11786 8111
f 8112 6815 10872
f 6563 4475 2732
f 6458 726 4932
f 4017 12467 4120
f 7466 8964 7747
f 5123 6946 1185
f 8114 567 9163
f 1207 3538 8114
f 5935 4095 8115
f 8115 8343 662
f 10328 10305 8116
f 10405 9586 8116
f 6993 4163 8117
f 8117 10930 3944
f 8280 561 8118
f 1988 2569 8119
f 8119 6737 1988
f 7105 1401 8120
f 762 3028 9607
f 6516 8147 8121
f 9572 88 8369
f 8122 1952 9369
f 8123 7143 3509
f 2660 2949 8123
f 7458 624 8634
f 2351 997 8634
f 9058 1908 8124
f 3445 1037 8124
f 8125 11267 3181
f 8126 9152 1600
f 8126 9309 1327
f 10743 10777 8127
f 9428 1205 8127
f 8632 3742 8129
f 6599 10208 8129
f 8158 3271 8130
f 5431 7456 8131
f 8132 8225 4023
f 5271 3507 8133
f 8133 9885 3397
f 8121 3028 2438
f 8513 8577 11146
f 10245 10481 9226
f 748 2317 8135
f 3560 735 8135
f 8137 9476 3274
f 10365 3275 8137
f 11012 3903 8138
f 7420 1506 8138
f 3026 2075 8139
f 9116 1655 8139
f 6865 11867 6218
f 12266 2027 1505
f 7070 3254 10542
f 10531 75 10542
f 10545 10512 8746
f 12237 2549 8141
f 1473 735 8142
f 8143 8579 2502
f 8145 4359 4250
f 4804 2193 8145
f 6705 3671 9234
f 5091 707 7903
f 6346 4183 1452
f 5941 1869 5168
f 6545 506 7774
f 2218 4345 8275
f 4390 2477 8275
f 2596 2858 8146
f 6516 2595 8147
f 7714 5792 5147
f 5456 2354 8148
f 9550 1608 4001
f 10738 2695 8149
f 8047 690 8149
f 8150 1528 9621
f 11585 3447 8152
f 8152 1323 8457
f 4835 660 7168
f 1834 8535 8153
f 20 1168 8153
f 5885 4728 4916
f 10000 1838 8154
f 8155 7592 2190
f 7524 1421 4138
f 2539 11962 3480
f 8156 6257 2539
f 5584 1744 8157
f 8158 8950 3271
f 8130 1891 8158
f 8159 8144 2993
f 6761 1573 8159
f 8160 7064 4152
f 1852 4160 8160
f 2949 2660 8161
f 3196 933 8161
f 2940 2914 8162
f 929 9195 8162
f 1768 10873 8163
f 6464 2889 8164
f 7155 65 8164
f 10488 3888 8165
f 6455 2069 8166
f 6039 9892 8166
f 8087 2668 6897
f 2603 2772 8168
f 2614 11759 8168
f 3491 2219 11095
f 7931 11095 10925
f 3536 1843 8169
f 11254 3536 8169
f 3845 599 8170
f 9522 11062 3621
f 4036 9292 4019
f 4882 6858 4036
f 8469 7569 1008
f 6485 8295 8171
f 5895 1465 8171
f 4593 1253 8172
f 7003 2627 8173
f 802 2512 8173
f 8174 10558 10506
f 8174 9096 1327
f 8176 2357 1993
f 8136 24 8176
f 8177 9382 10632
f 2656 2051 8178
f 10995 8574 8178
f 10289 1596 8179
f 7413 11609 8179
f 8180 11868 6276
f 8181 5227 3188
f 8181 9431 1419
f 5952 2823 8182
f 8182 9221 875
f 2029 1325 7488
f 5440 3704 588
f 9517 588 2530
f 5851 2410 8183
f 6181 686 8183
f 10878 9094 8727
f 9756 3860 8184
f 11345 9272 8184
f 8364 5626 8185
f 811 8185 7341
f 4717 2093 8186
f 4872 1643 8186
f 9263 3060 8187
f 6896 1749 8187
f 8188 8558 5893
f 1944 2659 8189
f 3145 676 7813
f 8190 10653 11904
f 8190 5014 5343
f 8191 11604 4226
f 8192 7835 1250
f 8192 9723 1230
f 2838 3367 881
f 6048 881 8578
f 11525 3328 8467
f 8486 3925 8193
f 5197 1821 7170
f 6635 3974 8194
f 4649 4180 8195
f 4454 4147 8195
f 5707 6756 8388
f 6527 5270 6064
f 4569 1648 9793
f 4870 3765 8196
f 8064 3671 8197
f 8197 2992 3670
f 11729 760 8198
f 8199 6978 1164
f 6284 3725 8199
f 6548 3586 7061
f 7022 1610 8533
f 7846 2923 8533
f 8200 9152 2244
f 7761 2955 10793
f 5650 8590 8201
f 5921 7268 1492
f 8674 11211 8202
f 1445 3005 8203
f 8824 3701 8204
f 7761 3796 6834
f 8205 11511 3168
f 1719 1028 8205
f 8206 10712 1659
f 6965 7725 8207
f 8208 8474 2382
f 5641 2182 8208
f 2476 3726 2387
f 5738 12065 7397
f 7187 1358 8463
f 878 12502 12464
f 8870 12759 8211
f 5694 5286 8212
f 8213 11593 1650
f 11120 5544 10075
f 10075 9493 1891
f 8098 738 5689
f 7824 8959 8214
f 8770 11427 8214
f 6976 3316 7132
f 10333 9203 10205
f 9978 9861 8216
f 1464 3517 8217
f 6409 3934 6840
f 696 3697 8218
f 2492 1012 8218
f 9081 3149 8219
f 8220 8212 5286
f 8222 7883 3800
f 555 6634 8222
f 1958 3774 10787
f 6364 1485 8213
f 4227 3273 5599
f 12486 12035 4239
f 5749 4023 8225
f 4337 7045 10707
f 4247 4337 12030
f 6767 6529 1289
f 4613 10763 3292
f 6267 3468 6885
f 3998 11789 8226
f 3517 1464 8226
f 8238 7428 8227
f 8675 11327 8228
f 8228 8313 1326
f 4159 4017 5960
f 8229 12170 5322
f 7840 3872 8230
f 5121 3475 8230
f 11988 5044 2278
f 6643 4033 8232
f 5667 2319 5108
f 10131 753 8233
f 2460 2532 7492
f 2487 2544 8234
f 8234 9248 2686
f 12265 12815 2027
f 7515 11933 6879
f 7743 1859 9783
f 8235 9172 3594
f 8235 10720 2200
f 7916 3252 8633
f 11638 2911 8236
f 2696 2483 8236
f 9459 2952 8237
f 8237 10313 934
f 5464 3496 5039
f 5780 6331 8861
f 8227 9015 8238
f 10491 9422 8239
f 9053 2138 2690
f 8240 821 11385
f 4810 9933 8735
f 7949 1999 2470
f 8241 1078 10817
f 8242 1568 1530
f 8242 9434 10434
f 12065 5738 3928
f 3885 11840 8243
f 8244 11234 2457
f 2850 9106 8244
f 10674 8655 8245
f 11033 3076 8245
f 8246 9754 9766
f 8247 10959 3001
f 8247 11392 3035
f 3602 10336 8248
f 1320 3620 8248
f 6943 3841 8249
f 8249 4766 1278
f 22 10630 8250
f 7234 2402 7646
f 5881 5064 5181
f 5648 3354 2740
f 7369 2609 6090
f 7592 2683 7415
f 8541 9314 2440
f 7206 1211 8252
f 12127 4291 6892
f 8253 6150 2620
f 8513 2390 8254
f 8092 1652 8254
f 4923 713 12009
f 12550 6897 12474
f 2415 4520 4591
f 4015 3974 8255
f 1764 2020 8255
f 6790 4053 4087
f 10419 2651 8256
f 8180 3184 10941
f 8257 9505 2238
f 8257 7683 609
f 7135 3018 2818
f 8258 2374 1944
f 8259 8694 3848
f 12148 9229 4305
f 6996 1193 7242
f 6528 1396 8260
f 7521 1204 8260
f 8261 668 6410
f 6261 979 8261
f 6496 7651 8262
f 4579 4526 7076
f 8263 5025 991
f 8263 6591 4289
f 8264 6497 1984
f 6224 1965 8264
f 4393 4303 8265
f 1248 911 8265
f 8266 9225 3824
f 8266 3487 1893
f 4905 4880 9699
f 10642 2480 8267
f 5785 756 8267
f 1325 69 8268
f 3610 3739 8268
f 8919 3889 8269
f 45 1950 8269
f 2361 10314 8270
f 11550 1703 8270
f 11439 10228 3977
f 4381 2326 8271
f 7350 2072 1785
f 3528 731 8273
f 11374 6156 5883
f 5398 2593 8274
f 6316 843 8274
f 8797 1422 8276
f 8436 10352 8276
f 9803 4107 2273
f 1674 11651 8277
f 11945 9223 4281
f 9698 11231 8278
f 8279 10060 3528
f 8280 1757 3609
f 3679 561 8280
f 5948 2526 8281
f 5649 8078 8281
f 6931 7019 1565
f 8282 11472 893
f 7838 8457 10121
f 696 3130 3697
f 6457 75 3978
f 5446 3348 8283
f 5514 639 8284
f 5766 1885 5404
f 8285 5970 534
f 6070 746 2670
f 8286 9957 2439
f 9226 890 8286
f 6692 1881 4669
f 4270 12090 9544
f 8291 5629 2525
f 5425 4131 8291
f 10460 2764 8292
f 8293 10611 3567
f 8555 2842 8294
f 7711 2400 8294
f 5643 2187 8295
f 6532 9918 8296
f 7671 1879 8296
f 8297 8580 1645
f 8297 10550 555
f 6195 3955 9585
f 11353 9341 8298
f 7934 1122 7314
f 8185 8843 7341
f 6449 700 2698
f 7279 2179 8299
f 9330 9648 10664
f 8300 7680 1141
f 5628 6886 8300
f 9404 9947 8301
f 4160 1852 8367
f 8367 8747 976
f 10517 552 8302
f 5897 3783 11567
f 6356 807 5709
f 6462 4808 4859
f 10916 2463 8303
f 12035 12486 4292
f 1201 2560 8305
f 8305 8971 3557
f 8306 10939 3767
f 6242 1332 8306
f 1234 1907 8307
f 7782 3695 8307
f 6946 2028 8308
f 11598 1185 8308
f 8309 8074 1883
f 5832 2902 8309
f 5843 1042 8310
f 6169 3201 8310
f 7371 2561 8769
f 8311 6793 3401
f 8311 10032 1142
f 7353 1545 8312
f 6849 2999 8312
f 6157 1738 6291
f 5934 2352 8313
f 5854 1326 8313
f 8314 9470 1483
f 1987 1622 8315
f 7461 2637 8316
f 5063 1364 8317
f 1936 2750 8319
f 3297 1616 8319
f 5204 2976 8320
f 9376 3075 8320
f 6115 2298 4242
f 1258 7509 7352
f 5549 5288 5625
f 6478 1345 8321
f 6418 3415 9397
f 8322 9157 2289
f 8322 10229 671
f 8323 9776 683
f 8323 11287 2249
f 757 2904 8324
f 2483 2861 8324
f 8325 6716 672
f 10778 2601 817
f 55 1446 11759
f 1037 2603 8326
f 11369 2256 11897
f 6290 11897 2256
f 8327 11151 11260
f 6524 546 8327
f 8328 6787 1519
f 5290 949 8328
f 8329 8267 756
f 4750 2188 5656
f 8906 10014 8330
f 3947 3942 8330
f 7699 2657 8331
f 4577 3365 8331
f 8332 6402 7110
f 8515 2064 8333
f 7977 3374 8333
f 7051 1520 7205
f 7032 9821 4272
f 8334 3126 1507
f 8334 8951 1011
f 6212 4965 7499
f 6566 3306 1101
f 11396 1101 8335
f 7510 7551 659
f 7808 2339 7510
f 8336 857 2772
f 7522 10202 8336
f 8337 4716 5043
f 4431 1015 8337
f 656 603 8338
f 8338 5824 4107
f 7601 3902 5248
f 11239 1026 8339
f 8339 10891 1612
f 6544 8628 8340
f 9562 3835 10968
f 1686 10723 1707
f 8119 2569 8341
f 11611 2288 8341
f 10726 5674 8342
f 6610 3768 5654
f 6193 900 8343
f 662 5375 7239
f 5805 1798 5447
f 8344 5698 3991
f 11583 636 8344
f 8380 11102 8345
f 524 11293 8345
f 7333 2166 8100
f 8346 9771 3893
f 7 825 8347
f 8972 10115 8347
f 5040 710 8348
f 1847 1918 8348
f 7756 1905 11577
f 11441 1849 8349
f 1764 11071 8349
f 10380 1793 8350
f 8409 10798 8350
f 5680 1395 5412
f 5696 10847 831
f 7114 3200 8351
f 7679 3617 8352
f 6545 1893 6141
f 7741 2818 8353
f 8353 6911 9739
f 4602 4147 6853
f 2743 3449 8354
f 5177 4798 5666
f 9325 9224 8355
f 8355 4092 8831
f 2156 3105 8356
f 2465 3436 8357
f 1931 2241 8357
f 8945 9360 8804
f 7689 3433 4684
f 8359 11005 2419
f 5500 741 8359
f 5467 5280 5745
f 7318 767 3068
f 8360 11352 2533
f 8360 10131 768
f 5099 2680 8361
f 10378 6837 9825
f 7924 3913 15
f 8158 1891 15
f 5949 11946 8362
f 9180 3729 804
f 2633 804 8814
f 9197 1271 8363
f 8130 1083 8363
f 874 11359 11134
f 8365 11446 3459
f 4557 3758 8366
f 8367 12703 4160
f 11949 11979 4086
f 12141 11951 8369
f 1349 2019 8370
f 7938 3899 10523
f 6807 1399 5837
f 4646 2271 4014
f 9271 6119 8371
f 8371 2589 3043
f 6988 3401 7707
f 5633 3561 8372
f 7 10115 8373
f 10366 11299 936
f 9555 2789 8374
f 6042 1301 8374
f 8375 7398 11319
f 3203 10343 8376
f 10610 9696 8376
f 5874 3693 8377
f 6622 3787 8377
f 11669 9304 519
f 6980 4127 5801
f 5668 2304 8378
f 6281 3116 7285
f 7086 1664 8380
f 12410 6374 2307
f 7884 1390 11562
f 4622 2093 8382
f 4537 1558 8382
f 5963 2035 11070
f 7182 1400 11070
f 2104 3860 9660
f 8383 11190 801
f 11879 7395 8384
f 2924 3155 8385
f 10416 1040 8385
f 3606 1831 8386
f 5466 1220 8386
f 1537 1454 8387
f 3815 505 8387
f 4162 4171 8388
f 8388 9247 4190
f 6786 814 7236
f 7863 3835 8390
f 10144 7716 3525
f 8391 7717 2758
f 8391 10572 3743
f 10344 10201 8392
f 10804 1830 8393
f 11722 8459 8393
f 9853 2309 8394
f 4486 2517 8394
f 5943 8295 8395
f 8395 9530 3952
f 11522 3613 8396
f 8396 8687 11522
f 8397 12053 3404
f 2681 2950 8397
f 10977 10305 8398
f 538 9389 8398
f 4453 4445 8399
f 8400 8547 8984
f 8164 2889 8401
f 10754 7752 8401
f 7183 3004 7660
f 5178 8414 4136
f 4650 1119 5178
f 3549 7206 8402
f 10002 11652 8403
f 4281 9223 11174
f 4543 2731 5119
f 5252 4245 5119
f 4769 937 8603
f 9454 4769 8603
f 5023 1044 8405
f 4468 4180 8406
f 4517 605 8406
f 6238 1075 7469
f 8407 9171 2127
f 1006 3720 8408
f 2008 1006 8408
f 1096 2414 536
f 3550 6 8409
f 8689 1211 8350
f 4992 1432 8410
f 5788 10189 8410
f 4849 4637 6174
f 11036 2686 9248
f 8411 8452 2756
f 8411 10995 850
f 10753 2475 10889
f 2424 10359 8412
f 5890 2951 3080
f 3687 2960 8413
f 8413 10418 938
f 5176 3698 5681
f 5111 4136 8414
f 5100 73 7033
f 8000 10210 7664
f 2734 7664 10377
f 8415 10061 3295
f 10676 1048 8415
f 7372 2844 787
f 7548 3644 2192
f 8416 8853 728
f 799 1572 8417
f 7843 705 11805
f 2443 1776 8418
f 2875 2798 8418
f 8419 10514 1157
f 9746 8698 8419
f 11593 8213 3070
f 4623 5868 4031
f 7212 1973 8420
f 6243 1688 8420
f 5213 4813 5681
f 10488 10374 8421
f 11567 3783 10819
f 4891 1400 8423
f 4721 4259 8424
f 6184 7788 8424
f 8425 10486 1785
f 8425 9913 671
f 8426 11459 5854
f 9636 10459 8427
f 10662 7532 2122
f 7197 10411 2085
f 10456 11350 5263
f 10674 8765 8428
f 7669 9000 2405
f 8429 9222 2267
f 10380 11162 8430
f 1838 10000 8430
f 1586 1413 3942
f 6917 2658 8432
f 5081 1195 5445
f 8434 11986 1337
f 8435 10972 10886
f 10012 1067 8435
f 8436 11572 1813
f 8991 9577 8436
f 2424 11355 8437
f 2619 10617 8437
f 1718 7376 7222
f 4573 2105 8438
f 8438 11826 3607
f 5252 4215 4760
f 8440 11578 2180
f 8441 10336 3602
f 10341 6077 8441
f 8442 8464 8389
f 10193 1122 8442
f 594 2245 1266
f 8149 2747 8047
f 9383 3282 8443
f 3386 2919 8444
f 8029 1714 8444
f 4780 4877 8445
f 5735 4428 4706
f 7211 3837 8448
f 6081 1066 8448
f 5286 1142 8220
f 2948 1039 3196
f 7813 676 8189
f 8325 672 8449
f 8449 9327 817
f 6598 4092 8450
f 11813 5923 4644
f 1619 1613 8451
f 5779 2756 8452
f 5779 11953 8670
f 4048 4050 9276
f 7420 9276 4050
f 8453 9044 1678
f 7074 2703 8453
f 2953 3448 7348
f 10606 11256 2490
f 8454 4316 5950
f 8454 6630 4263
f 10508 3016 2462
f 8455 2502 8579
f 10591 754 8456
f 8457 7838 2722
f 1323 8152 10588
f 6048 9012 3368
f 10350 3495 11899
f 5597 10549 8458
f 8460 8273 3208
f 2259 7561 2398
f 7314 1060 3360
f 11450 3600 10058
f 7641 2152 4539
f 8461 9299 8625
f 9889 2024 8462
f 6713 18 8462
f 1237 3832 8463
f 4557 870 8465
f 8465 8665 3420
f 7657 3461 9649
f 8466 7554 3355
f 3439 3329 8467
f 8468 11837 3375
f 11301 9735 8468
f 6134 2939 4615
f 7048 2059 8469
f 10068 1008 7569
f 8470 10395 3912
f 9378 1599 8471
f 7039 7781 5560
f 8472 9852 4104
f 8472 8096 7714
f 8473 11268 1742
f 6159 10420 8473
f 7102 2382 8474
f 5952 875 8474
f 6920 11255 3144
f 7646 3522 7030
f 8475 10649 1039
f 5437 4175 8476
f 8476 8609 4054
f 2529 2548 8477
f 8477 2972 9349
f 8478 9178 7511
f 6753 3349 9448
f 3953 4715 6133
f 5742 534 8479
f 10589 2878 8480
f 3263 2184 8481
f 7111 4125 8482
f 11490 9908 8483
f 8024 1937 10417
f 11843 6198 6140
f 7623 9551 8484
f 10632 34 8484
f 8485 10338 3080
f 8485 7760 9863
f 8487 9377 2785
f 8488 6400 1626
f 5644 2421 8488
f 4454 4271 6907
f 11115 1148 8489
f 6901 1057 8489
f 2587 2559 8490
f 10332 10711 8490
f 10842 3696 8491
f 3532 1346 10469
f 2124 3798 3545
f 11317 11355 2124
f 8975 10748 8492
f 7089 4027 8493
f 8493 8837 1113
f 11104 3552 8494
f 3542 1212 8494
f 4943 2249 10047
f 8495 4508 4460
f 4199 4478 8495
f 11080 3936 12
f 3189 8464 8496
f 8464 3214 8496
f 5513 1800 8497
f 5909 2515 8497
f 10203 8404 11283
f 5371 2105 8498
f 8498 5026 1232
f 5750 3188 10598
f 6278 3847 8499
f 8499 7936 9946
f 8500 9595 1886
f 8500 10393 607
f 8501 9314 748
f 735 1473 8501
f 8502 9442 2678
f 5719 2131 8503
f 7587 1501 6584
f 5821 2110 7517
f 6294 2050 8504
f 5978 1415 8504
f 5962 1285 10922
f 4124 4046 8505
f 4801 2566 5933
f 2454 5933 6512
f 9475 2990 1163
f 6995 2726 8752
f 7170 3522 7379
f 5189 2505 8506
f 7687 3065 9420
f 8507 7404 5528
f 2004 1702 3191
f 7404 611 8509
f 6733 1490 11226
f 7793 1663 8510
f 1030 10779 8510
f 1901 9750 664
f 4324 4028 8511
f 9335 4009 1480
f 6807 1541 8512
f 6695 988 8512
f 11873 4392 3476
f 7997 2390 8513
f 8513 11146 21
f 5706 5000 5416
f 6623 685 8514
f 8515 6323 2064
f 8333 1126 8515
f 7585 10989 8278
f 7243 1127 8516
f 7397 1890 2065
f 8517 11155 4073
f 8517 9745 1956
f 4778 842 8518
f 4622 2739 8518
f 7111 8482 10546
f 4601 1603 8519
f 3123 5906 8519
f 6939 2966 8522
f 8527 10683 8524
f 4019 4081 5631
f 9615 2980 8525
f 8525 2981 12121
f 6085 3674 7006
f 6483 11428 8142
f 6908 2318 8142
f 4203 7497 11980
f 8524 3291 8527
f 5945 8065 8527
f 4461 4445 8899
f 10869 7805 3000
f 6688 1215 8528
f 8528 10628 1862
f 5102 2394 8529
f 8529 8220 2097
f 7888 2040 8530
f 1320 1239 3620
f 8531 9555 2555
f 8636 2811 8531
f 1339 2016 8532
f 3896 1966 8532
f 5444 523 8533
f 2508 3013 8534
f 1892 3629 8535
f 8738 498 8536
f 8495 4460 7437
f 5218 3658 10301
f 8071 3291 8537
f 9744 3067 3346
f 8538 10431 2794
f 8538 9085 10834
f 3263 8481 659
f 6205 4021 10142
f 3540 789 8539
f 12001 11860 8539
f 5191 2370 8540
f 4748 2177 8540
f 2440 4238 8541
f 8541 4238 12369
f 10569 11535 10218
f 11535 3828 10218
f 11427 1761 8488
f 7696 7784 2346
f 6712 4145 10640
f 8542 10222 2267
f 2876 6998 8756
f 7913 2067 7989
f 5370 3253 8543
f 4976 3573 8543
f 5619 4913 5441
f 11170 3113 8544
f 10867 8544 50
f 11708 1150 8545
f 9397 10840 8545
f 3064 6985 1254
f 6695 685 8546
f 10893 977 3713
f 8547 9844 10282
f 6749 586 8548
f 6814 1043 8549
f 11291 11481 8550
f 11549 10039 8550
f 11562 10970 7884
f 5156 2647 8551
f 9267 1628 8551
f 7395 1640 8552
f 1335 3794 1639
f 8243 11181 3885
f 10352 3246 644
f 7675 1451 8554
f 5164 792 8554
f 9090 2842 8555
f 8294 883 8555
f 8556 4637 2047
f 8556 4992 3785
f 7483 2044 8558
f 9522 2045 8559
f 1833 9947 8559
f 7923 6627 6432
f 8344 11169 11583
f 932 5624 9618
f 4631 3703 9177
f 7621 3116 9520
f 8561 2469 7263
f 5285 1857 8562
f 11511 8205 8562
f 11481 11291 8563
f 2913 1249 8563
f 7644 1996 8564
f 745 6116 8565
f 6313 2966 6574
f 6754 3280 8566
f 8614 37 8566
f 11382 4252 11587
f 7945 3458 8567
f 6078 1163 8567
f 2592 3091 8568
f 7970 996 8568
f 8569 11183 8655
f 8428 11185 8569
f 7471 2986 8570
f 7779 2492 8218
f 8571 8310 1042
f 5876 2979 8572
f 8573 7965 7087
f 7087 1805 8573
f 5396 808 8574
f 6895 2670 8575
f 1518 3988 9365
f 10907 9365 8576
f 8577 8513 2496
f 8577 9493 2312
f 4882 4019 5631
f 6542 750 6785
f 9129 9012 8578
f 881 11674 8578
f 5273 10030 5800
f 9788 9066 8579
f 5495 798 7094
f 11608 1961 8580
f 6639 1645 8580
f 9843 2082 8581
f 12381 10807 3959
f 8213 1485 8582
f 6249 2528 8582
f 9088 4168 4072
f 3322 12004 11219
f 11183 8569 8583
f 8583 11185 3190
f 8202 1492 7268
f 8584 6385 2148
f 8585 9199 3566
f 8187 1749 8585
f 8708 639 8586
f 8586 10413 985
f 8587 4504 11857
f 6183 657 8587
f 7289 1133 6353
f 1680 2841 9603
f 9603 8821 9728
f 1572 3576 8588
f 11805 8417 8588
f 9805 1471 8589
f 10576 11434 8589
f 5039 2378 6003
f 4000 9851 8591
f 7855 1740 8591
f 4323 3320 8592
f 4459 4511 8592
f 11125 1647 8593
f 9531 1370 3261
f 8492 9531 3261
f 2900 4845 4088
f 7440 3030 8594
f 6494 974 8594
f 1499 2172 8595
f 10524 10948 8595
f 2432 1948 8597
f 731 8063 6550
f 7235 568 8598
f 4596 5212 8599
f 8599 11400 74
f 9749 11212 8600
f 8601 2963 2317
f 4942 6371 2202
f 1085 3276 1672
f 8602 7840 1459
f 8048 3909 8250
f 8950 2075 3271
f 5422 1052 9457
f 6199 2418 7015
f 9996 1971 3866
f 5008 4382 4818
f 5352 5259 6138
f 6726 2593 8606
f 8143 7241 8606
f 7439 1055 2337
f 7439 780 8607
f 1351 10592 8608
f 6843 3502 8476
f 10875 10927 10200
f 8001 4275 8611
f 4728 9147 8611
f 5290 970 7251
f 5222 1957 5765
f 8613 9457 1052
f 7765 12022 4556
f 6467 37 10041
f 8615 10524 1453
f 8615 8979 579
f 11835 1701 8616
f 2492 3074 8725
f 7546 679 8725
f 8617 11671 2171
f 5856 621 8617
f 3521 2079 8618
f 4007 1574 8618
f 8619 11868 2664
f 2915 1410 8619
f 7299 2527 2977
f 11885 11559 2921
f 6031 11874 509
f 6203 2557 8622
f 6818 1453 8622
f 7497 11534 11980
f 3330 8989 11463
f 9130 3270 8624
f 6273 11586 2837
f 11097 1354 10246
f 8204 1354 11097
f 8627 9346 6170
f 7150 2313 8627
f 6961 3569 8628
f 6314 3961 6357
f 5199 1992 4980
f 7228 5523 3951
f 5917 2372 8629
f 7950 1809 8629
f 8630 11571 3624
f 1901 869 3688
f 10637 9908 8631
f 8632 10556 1080
f 6333 3446 8508
f 1172 1970 10943
f 9043 3686 7656
f 5130 1660 8633
f 8758 2351 8634
f 5276 2656 8574
f 8581 3040 8635
f 2897 908 8637
f 5025 4488 991
f 6037 5450 8638
f 8638 6795 1481
f 8639 2218 4352
f 8640 6160 4041
f 6274 2336 8640
f 8641 10668 4678
f 6773 3119 8642
f 8024 11548 5535
f 6380 2541 8643
f 412 12528 12829
f 12027 4174 4362
f 5764 870 8272
f 11446 2511 8646
f 8198 2934 8646
f 7494 11928 848
f 5338 3185 3081
f 6120 3667 8647
f 5238 2330 8647
f 2715 960 8648
f 6129 1222 8090
f 2748 2568 11493
f 7289 3389 8649
f 10673 3062 8649
f 2681 3403 8650
f 9671 3161 4150
f 7478 3016 8651
f 8651 7815 7478
f 6071 689 8652
f 6257 3482 11126
f 9550 10587 8653
f 10556 10208 8653
f 7573 1083 8604
f 7806 3934 6441
f 6225 4246 8654
f 6738 4187 8654
f 6079 9436 9563
f 8676 1741 8655
f 8656 9365 10907
f 10600 10158 8656
f 11175 9886 2763
f 8326 1446 8658
f 11621 1972 8659
f 6425 3677 1868
f 10828 1249 2913
f 4021 616 5109
f 5612 2281 8660
f 5736 5350 5781
f 5182 3610 8268
f 7847 3854 8661
f 3973 2109 8661
f 3447 3339 8662
f 8662 7134 1166
f 3938 1406 8663
f 11652 2527 7318
f 12105 1074 4699
f 8664 9151 10794
f 1263 2934 8664
f 5122 2125 8665
f 8665 9842 3420
f 6881 1686 8666
f 3112 1004 8666
f 4784 4235 8667
f 3802 1340 8668
f 1920 3520 11035
f 5432 1283 11035
f 7149 2152 8669
f 5400 3714 1053
f 9733 11511 1053
f 6090 3690 7273
f 12120 11953 12054
f 5954 2328 4952
f 4952 8788 6609
f 647 8106 10606
f 8671 10950 3485
f 8671 5738 2065
f 7167 3670 955
f 2992 7624 955
f 5335 4261 8672
f 5022 770 8672
f 8673 4837 2343
f 8673 7604 3475
f 8202 840 8674
f 7218 1771 10188
f 5201 5170 6469
f 7328 3085 9891
f 8675 10274 11327
f 8676 9815 1741
f 3088 10626 11344
f 9998 3651 8677
f 4697 6697 4845
f 4697 1951 12060
f 7431 2645 10444
f 5551 2414 8679
f 1698 1061 8679
f 10896 10974 8680
f 3550 3549 8680
f 8134 10551 8422
f 6551 943 8682
f 4710 2304 8682
f 6081 2002 8683
f 4254 4759 12282
f 8684 9629 697
f 1207 10966 8685
f 8686 10827 1969
f 11552 3173 2622
f 8461 3368 2622
f 8688 11197 3760
f 11551 2225 8688
f 8350 1793 8689
f 8690 1574 4007
f 8690 11354 3649
f 5167 3577 8691
f 8692 6994 1711
f 1203 6541 9575
f 8693 9486 4009
f 8693 9052 497
f 6804 1526 6931
f 4509 4047 8694
f 4489 3848 8694
f 538 3700 8696
f 8697 11493 6253
f 10429 11384 723
f 8698 9746 1896
f 1294 3427 8698
f 8566 3280 8699
f 5942 4886 5296
f 4238 2440 8700
f 1473 4152 8700
f 8701 7248 1996
f 8701 10232 923
f 4126 8804 8358
f 3626 1830 12124
f 8702 12120 12062
f 7550 4072 12024
f 11906 3517 8226
f 7954 3062 10673
f 6436 2067 4988
f 5098 1286 3824
f 8178 2051 8703
f 8703 8486 850
f 8704 12147 4378
f 4429 4024 4012
f 5512 4208 5664
f 5947 5641 5789
f 7216 3881 8705
f 8705 10292 1890
f 11102 1664 8706
f 10747 952 8706
f 8707 7499 7982
f 4572 4213 11136
f 8586 3676 8708
f 8708 9929 639
f 8709 11714 3339
f 7776 1090 8709
f 9742 7514 8710
f 7514 2413 8710
f 8711 11029 10326
f 7165 3674 6701
f 5446 5237 8712
f 5863 1554 8713
f 5173 629 8713
f 6659 1634 8714
f 10097 10368 8573
f 8573 1805 10097
f 6561 3117 8716
f 3721 866 8716
f 7123 980 3042
f 7412 1983 11592
f 11123 1245 11592
f 5796 3803 11165
f 8895 5796 11165
f 9874 1657 8717
f 5673 4986 8718
f 4777 3320 8719
f 5320 1217 8720
f 8721 7119 3176
f 4197 4731 5638
f 5349 3554 8722
f 8723 9177 2226
f 9342 2492 8725
f 5180 6243 6124
f 8727 9094 8820
f 6581 10878 8727
f 5877 643 8728
f 803 10764 8729
f 8068 11186 8729
f 3887 649 11626
f 8730 9964 3946
f 5125 2856 8731
f 8731 6396 4975
f 5927 5253 8732
f 1066 3713 8733
f 3243 8448 8733
f 2385 4496 12176
f 8734 6071 5460
f 6976 1125 8738
f 3312 3 9915
f 1926 1067 8740
f 6289 3097 8400
f 8741 9141 1688
f 8742 8733 1840
f 1287 8848 8742
f 4850 1445 10323
f 4300 3924 12225
f 4231 12039 7190
f 1716 1135 3172
f 1281 3702 8743
f 8224 3466 11704
f 8744 11393 4295
f 11902 5397 8744
f 7622 2275 8745
f 8745 10311 607
f 6002 5573 5325
f 7076 4178 4510
f 8746 7781 8038
f 3352 2563 1517
f 6483 2318 8747
f 4787 976 6539
f 5537 5229 5971
f 8748 9453 8210
f 6568 11335 6407
f 6223 2976 8749
f 8750 9502 3886
f 7715 1987 8750
f 5454 11065 8751
f 8751 6641 602
f 3814 72 9478
f 3981 1377 8902
f 3723 2741 8752
f 4262 9446 4151
f 3012 764 4998
f 5187 2524 8753
f 6769 1334 9946
f 12647 12038 12699
f 8754 8755 12127
f 8755 5054 4291
f 5808 5716 4042
f 11835 9158 62
f 3175 1031 10824
f 5959 4163 5950
f 8756 7570 2876
f 8849 2457 1416
f 4040 7385 8757
f 10963 8859 8757
f 8634 3147 8758
f 2465 2351 8758
f 8759 9632 2554
f 7407 1512 8759
f 7968 2569 8761
f 7937 8718 8762
f 8763 5308 2855
f 8763 2148 1182
f 6871 6549 9845
f 7103 3452 8764
f 6180 3556 8765
f 5151 1437 7373
f 7844 1309 7373
f 11914 4560 1642
f 6183 2356 5372
f 8767 11373 1356
f 5578 4216 8768
f 7729 2470 10817
f 12062 12054 10817
f 12511 9499 834
f 9768 834 9499
f 962 1055 8769
f 7141 4051 9513
f 8214 8977 8770
f 8069 1761 8770
f 11084 6268 8771
f 1045 10655 8771
f 5130 1417 8772
f 8772 8906 7804
f 7282 8847 8773
f 8381 11216 3914
f 4014 2271 8774
f 7772 3094 8399
f 8775 7945 10291
f 5329 2516 8776
f 6300 1800 8776
f 5734 2092 8777
f 8778 10239 1878
f 8390 3605 8779
f 8779 8530 2040
f 3206 1948 8780
f 3527 550 8780
f 6347 706 8781
f 8781 4802 2835
f 5113 4878 6367
f 8782 3665 3568
f 1288 1219 8782
f 6229 3434 5110
f 6635 6318 8783
f 8783 8255 3974
f 9158 11835 2351
f 3772 1233 8784
f 1267 3609 8784
f 5188 592 5844
f 7572 3552 8785
f 8785 10139 1331
f 8859 2643 8786
f 5848 751 5819
f 6022 1593 11536
f 5688 1934 8787
f 3535 3409 540
f 7285 1606 9495
f 8421 3888 10488
f 4516 7876 3081
f 2403 5465 9823
f 8788 10226 6609
f 8788 10969 10133
f 11834 3789 1330
f 8790 10316 2994
f 8790 8647 2330
f 1653 1846 8791
f 871 896 8791
f 8363 2143 8130
f 7328 993 8792
f 4815 6571 3617
f 7679 798 4815
f 9779 3640 10067
f 8402 1302 10067
f 7850 1122 11525
f 4532 4221 3278
f 6728 3121 8795
f 8795 3120 2990
f 2623 2664 8796
f 2138 9053 8797
f 8798 11193 633
f 6083 1479 8798
f 9402 2845 8799
f 5941 2882 6314
f 4621 4005 8800
f 6233 1440 8800
f 8282 2627 11472
f 8801 2766 2803
f 7621 578 6075
f 11889 9893 3179
f 7698 10485 8802
f 12509 5288 12774
f 8803 5861 4049
f 8450 4092 8804
f 5044 4033 10415
f 6823 2970 8805
f 1114 3477 8806
f 10367 3335 8806
f 4058 6054 4153
f 6046 10579 8807
f 8808 10965 1254
f 6786 3946 8808
f 7069 1682 8809
f 4742 503 8809
f 3778 3811 1945
f 11739 2633 8814
f 8653 3267 10556
f 9665 10439 8815
f 10895 8880 8815
f 8769 3004 962
f 3709 4809 9174
f 8839 2571 8816
f 11211 8674 8816
f 10819 2129 11567
f 8059 7948 11567
f 8817 9327 2817
f 10609 968 1533
f 7896 6806 1418
f 4377 4271 8818
f 4468 2880 8818
f 11464 7950 10071
f 6388 1281 8480
f 8819 8740 3312
f 11323 1926 8819
f 8051 8727 8820
f 9007 85 8820
f 11315 9002 8822
f 11500 8983 8822
f 8204 11097 8824
f 4874 4703 7094
f 8825 7966 9182
f 704 5520 9616
f 8826 9051 3106
f 8826 10057 3318
f 6152 3701 8827
f 6673 7943 8827
f 7726 3852 11225
f 5144 1232 6001
f 6760 2836 8828
f 8829 9756 1700
f 6638 2882 7138
f 3798 2695 8830
f 8866 3545 8830
f 4092 8355 8945
f 8831 9777 1627
f 10080 9075 3132
f 762 4217 8832
f 5802 7828 9041
f 5162 964 5802
f 5665 1530 8833
f 12168 9360 8834
f 3740 2754 8835
f 1429 70 8835
f 9025 3186 8836
f 5705 2216 8836
f 8837 5045 2652
f 6543 1113 8837
f 11808 6848 1711
f 4995 2077 1711
f 5462 780 3752
f 2635 2640 8838
f 5123 1185 8838
f 8816 2734 8839
f 8839 10632 2571
f 9754 3936 6383
f 1729 3600 8840
f 8840 9634 539
f 6358 4191 4523
f 6560 3396 1078
f 8841 1356 11373
f 8842 6841 9200
f 6671 3106 8842
f 8843 8185 5626
f 11868 8619 8843
f 8844 7476 3067
f 8844 5468 3290
f 10565 10972 8845
f 11127 10897 8845
f 3797 2701 8846
f 7282 3117 8847
f 6353 1133 5494
f 8992 2457 8849
f 1416 887 8849
f 3693 3604 8850
f 3564 1277 8850
f 4983 651 8851
f 8907 9881 8852
f 3389 10919 8852
f 5925 4129 8853
f 6334 728 8853
f 9476 1057 3274
f 7453 1599 7847
f 1567 2364 9518
f 4683 4404 6036
f 8854 9439 2478
f 8854 10049 2777
f 7750 747 1274
f 6068 5059 2760
f 7270 1592 11855
f 6019 3721 7723
f 8855 11552 2622
f 9488 9934 8855
f 8721 3176 8856
f 9143 11131 8856
f 8857 10742 8483
f 7533 2072 8857
f 5519 3129 8858
f 8103 2284 8858
f 5272 10303 9363
f 8152 3447 1166
f 7663 2643 8859
f 9503 7663 2776
f 10402 10246 10405
f 8195 4180 4531
f 7694 11975 9560
f 11975 12577 12109
f 7363 1301 2788
f 6283 9514 2173
f 6984 1069 8860
f 6331 4095 8861
f 8861 7399 8131
f 11606 8866 1550
f 8807 4058 4153
f 6007 7756 8862
f 4741 4399 5800
f 7556 2697 8863
f 806 1748 8864
f 10617 2619 8864
f 5339 4680 5666
f 4409 4274 8865
f 12007 11718 12712
f 8830 1550 8866
f 8867 11148 2609
f 7369 3669 8867
f 7000 3318 11101
f 6820 1888 8868
f 6556 1296 9115
f 7662 8558 8869
f 9208 1778 1186
f 8132 4307 8870
f 8870 8225 8132
f 10809 10291 3441
f 8871 9978 3690
f 5356 2858 8872
f 6491 2438 8872
f 6119 984 8371
f 4892 3643 8873
f 4840 1248 8873
f 6319 1365 7380
f 4625 1817 8874
f 4720 898 8874
f 10125 3274 9030
f 11757 1779 593
f 7489 1011 11121
f 289 8875 5985
f 6673 3701 8824
f 10551 2917 8876
f 10636 10408 8876
f 1466 2821 8877
f 52 12063 2675
f 7843 2529 7148
f 2410 4117 9554
f 7244 1973 8878
f 8879 7705 11164
f 2433 9705 8879
f 8881 7770 2088
f 1196 2174 8881
f 7844 3746 7860
f 8882 10554 1623
f 6311 2326 8883
f 6690 556 3474
f 5324 3108 9494
f 8732 9388 868
f 8886 1811 923
f 8886 11473 10251
f 8887 8842 3106
f 8887 9383 6415
f 8888 8682 943
f 7238 2974 8888
f 8889 11279 3668
f 11014 3018 10609
f 8890 8044 1577
f 2774 996 8890
f 1055 7439 8607
f 9102 1065 8891
f 8104 17 8891
f 865 7984 10081
f 7984 2797 10081
f 4453 4339 7641
f 5134 2038 8549
f 8549 9496 597
f 3425 8153 9939
f 8535 1156 9939
f 8841 11373 8892
f 8409 1211 7206
f 8893 5374 1684
f 7785 4066 8893
f 7419 2045 8894
f 7968 8761 8894
f 2503 2501 8895
f 8895 11165 1342
f 11144 7503 10199
f 7503 3225 10199
f 1076 11636 9202
f 7768 1940 8897
f 10941 9470 8796
f 10817 8892 12062
f 7552 6583 9298
f 743 3812 8898
f 6486 2258 8898
f 7824 2421 7063
f 5497 2464 6232
f 7395 11879 3962
f 4671 3234 8899
f 11157 2274 8900
f 9467 7931 8900
f 8901 8821 6586
f 6644 3648 8901
f 9478 72 8902
f 10970 3914 8904
f 10144 1252 8904
f 8280 3609 9138
f 6938 1712 5676
f 3664 5676 10477
f 10013 11543 8905
f 6259 5116 5378
f 3839 5999 7794
f 8330 7804 8906
f 6669 3657 9029
f 5712 4082 6959
f 6959 12308 5712
f 8907 9148 1374
f 3856 6004 9447
f 6274 1588 8908
f 8909 8166 2069
f 8909 4873 718
f 6048 8578 9012
f 6048 9136 881
f 11580 10193 11448
f 8910 9221 1888
f 8910 9092 2504
f 8911 9048 3900
f 9689 2963 11865
f 2090 583 8913
f 11314 1262 8913
f 8914 10005 606
f 9943 1922 8916
f 8916 11324 31
f 5457 2454 8917
f 6935 3395 8918
f 7050 10019 8918
f 8269 3993 8919
f 8932 1267 8920
f 8784 1233 8920
f 6195 2296 8921
f 5718 5456 8921
f 8149 3032 10738
f 7227 11 8923
f 8863 2697 8924
f 1273 2255 8924
f 10435 10635 8925
f 11478 11951 8925
f 12225 11992 12216
f 8926 9407 3850
f 5117 2230 8926
f 1924 3739 8927
f 1233 3772 8927
f 6564 1438 2082
f 8928 5031 4313
f 11027 9482 8929
f 1427 1221 8929
f 2277 2274 8930
f 12295 10979 8931
f 11153 11396 8931
f 6292 3399 10015
f 10015 1020 6292
f 10187 3750 8932
f 5388 6197 8933
f 816 8502 8933
f 6967 2543 8934
f 7345 3138 5929
f 6076 5703 9076
f 6350 3536 8935
f 7667 3755 8936
f 7447 3454 10382
f 8799 3260 11675
f 8937 3262 11675
f 8938 8613 1052
f 8939 2175 2399
f 9040 3288 11838
f 4855 7780 1766
f 8940 11477 9077
f 8561 2636 7744
f 11299 10295 8941
f 11287 10711 8941
f 9085 8538 8942
f 8943 8836 3186
f 8943 7007 744
f 11302 10502 8944
f 10944 11105 8944
f 8945 9224 4093
f 8945 8804 4092
f 2216 5682 2243
f 7801 3085 8946
f 2926 498 3370
f 5394 4997 6119
f 7165 1912 6610
f 9822 3302 8948
f 9661 3430 8948
f 5766 1246 4944
f 1126 572 8949
f 3092 1475 8949
f 15 3795 8950
f 11951 9879 1571
f 8951 9854 2592
f 1011 5704 11121
f 9891 10344 8952
f 10636 11047 8952
f 595 2401 2366
f 10263 3498 8953
f 10977 10452 8953
f 9039 1954 8954
f 11759 8326 8168
f 8955 6521 2451
f 3602 3620 8956
f 3565 10838 8956
f 4813 3699 8957
f 5931 10652 8958
f 1704 1117 8959
f 6712 10640 5072
f 7736 8249 2381
f 9496 10103 8960
f 10387 10480 8960
f 7871 1807 8961
f 7100 2095 8961
f 10217 2252 8962
f 8963 3927 665
f 7466 3247 8964
f 5448 3941 6322
f 9639 8002 1672
f 1672 48 9639
f 4727 4290 8965
f 6597 4079 8965
f 4304 8966 6061
f 4917 1558 8967
f 8967 4910 1865
f 11286 9159 8968
f 8968 9086 3489
f 5264 4471 1059
f 5682 2216 8969
f 8307 3356 7782
f 10302 9247 4171
f 10846 830 12051
f 8970 11152 2654
f 8970 10987 2369
f 10314 2361 8971
f 1242 10045 8971
f 8347 2349 8972
f 8972 7564 10115
f 4715 3953 8973
f 8974 8961 1807
f 6072 7865 8976
f 912 5403 6579
f 7166 2861 8978
f 763 1238 8978
f 8979 7952 1518
f 7294 579 8979
f 5530 832 6742
f 8195 4627 4649
f 4493 3209 8980
f 8980 7044 2415
f 12049 8973 3953
f 8954 1954 8982
f 7873 922 8982
f 5936 8761 1988
f 11066 8822 8983
f 8984 8547 2805
f 2929 11795 8984
f 8426 1758 11699
f 7811 4493 4591
f 11168 10177 3443
f 815 3047 8986
f 8986 11344 57
f 10449 9832 8987
f 11188 1388 8988
f 9548 10010 11944
f 5567 1282 8990
f 9577 6012 12026
f 8276 1422 8991
f 3911 2265 2103
f 8244 2457 8992
f 10944 2850 8992
f 4476 3882 12706
f 8993 5057 1648
f 11400 2408 8994
f 1036 2222 8994
f 6537 3680 8995
f 3655 6764 8995
f 5351 1195 5532
f 10540 3100 8996
f 9371 4249 8996
f 8413 938 7403
f 8997 1073 1860
f 6669 9193 8997
f 7666 2100 7033
f 6519 5243 5370
f 5477 3968 8998
f 6155 3857 8998
f 4361 4427 12037
f 9111 12037 133
f 8999 7953 1534
f 7669 2095 9000
f 9000 7878 2405
f 9001 11519 3941
f 9001 64 1962
f 7823 10221 6758
f 1809 6758 8629
f 7788 4301 4551
f 9255 4630 6558
f 8583 3190 9002
f 9002 11315 11183
f 7347 10084 4003
f 9003 4977 4197
f 5171 2238 9004
f 9004 11442 2879
f 2306 568 9005
f 9005 10009 6794
f 5155 4192 4626
f 9159 11286 9006
f 11185 11050 9006
f 8820 3954 9007
f 9007 8486 85
f 965 3009 11281
f 1006 7389 3720
f 7164 4889 4960
f 12515 12200 7240
f 9008 5843 3201
f 7970 3091 9008
f 11773 11538 9658
f 9009 10340 4059
f 996 2774 8568
f 5611 3916 5319
f 7313 7879 9011
f 6731 1429 8835
f 8855 2622 9012
f 5028 4170 6188
f 5804 2078 5297
f 5297 8340 3569
f 8279 3528 8273
f 8140 1209 9014
f 9014 7245 1187
f 7832 1647 9015
f 6070 2670 9016
f 7570 1799 9016
f 6866 2154 9017
f 9017 2206 714
f 6581 1421 9292
f 8806 3335 10832
f 11782 1114 10832
f 10728 3278 9018
f 11620 2361 9020
f 2280 11820 9020
f 11225 10198 9021
f 11270 10039 9021
f 5888 3063 9936
f 5255 10703 11163
f 9022 8565 6116
f 1100 10581 10219
f 4646 8194 9023
f 9023 10437 2271
f 6916 7351 7628
f 8858 992 8103
f 743 7539 6595
f 9025 8723 3186
f 9025 9650 8201
f 6939 745 8565
f 1167 1653 9026
f 2877 896 2840
f 5406 1217 9027
f 7357 2825 9027
f 9028 10254 2744
f 7365 2572 9028
f 5761 809 11444
f 6097 5911 1854
f 7466 3572 8553
f 5117 4513 5619
f 10577 10452 9030
f 9031 8085 1706
f 5581 1340 9031
f 5402 9032 11545
f 6408 10871 9033
f 7561 8273 8460
f 9849 3275 9034
f 3205 40 9034
f 5992 5326 5788
f 8619 2664 2915
f 9035 11788 3578
f 9723 1831 9035
f 11103 3005 9036
f 11016 11158 9036
f 10758 8060 9037
f 93 2034 9037
f 5998 11099 4181
f 4620 2871 3915
f 7701 2255 9039
f 8954 3958 9039
f 9041 9791 1805
f 4548 2218 8275
f 11989 9832 10449
f 3686 1273 6846
f 9043 8982 1954
f 9044 10866 1117
f 11484 1678 948
f 8818 2880 4456
f 9045 11339 1837
f 9046 1716 3172
f 1304 2991 9046
f 6571 1338 9047
f 3617 4031 8352
f 8741 1688 2069
f 2773 574 9048
f 9048 8911 2773
f 11286 9600 3190
f 6615 1993 2159
f 79 4344 9050
f 9050 4474 9802
f 6421 3106 9051
f 9051 9145 818
f 11229 10391 9985
f 9052 9552 6729
f 9052 7527 497
f 8240 2690 2138
f 7135 614 9055
f 9056 2385 8734
f 9056 4991 2299
f 9807 3374 591
f 2170 5836 6684
f 9057 9386 2723
f 9058 10174 3191
f 9058 11520 1908
f 7515 1274 9059
f 9059 6258 3687
f 10536 1346 9060
f 7667 3454 9060
f 8758 3436 2465
f 7649 1763 10786
f 5233 3400 3290
f 9061 8420 1973
f 7244 820 9061
f 3327 1691 9062
f 9967 1090 9062
f 6682 2154 9063
f 5014 2607 9064
f 5686 1503 9065
f 9066 9186 9430
f 9430 4865 4044
f 9033 10871 9067
f 10360 11599 999
f 4401 4386 9068
f 9961 2642 2550
f 9777 9274 2642
f 7153 1737 9069
f 4973 1737 9070
f 6366 1024 9070
f 10764 803 2749
f 6054 9845 6060
f 9102 3237 1987
f 7715 1065 9102
f 9015 2411 10980
f 9071 4138 1421
f 11313 3960 10506
f 6434 2111 6601
f 9072 8694 4047
f 9072 5542 1722
f 9073 8053 1936
f 4287 9254 12542
f 11526 10198 9074
f 8246 10008 9074
f 9075 8166 9892
f 9075 10080 909
f 6191 665 7260
f 3463 5823 9076
f 6710 5362 9291
f 7234 1931 11646
f 9077 11615 3472
f 4758 3505 9078
f 8933 6197 9078
f 5364 4208 5016
f 4159 5960 2119
f 10880 10459 10475
f 5543 666 11221
f 4462 2237 9080
f 4825 10821 9080
f 6747 1945 10619
f 11309 513 10619
f 9076 1978 3463
f 11106 1056 9081
f 1140 3148 9082
f 9083 11019 2657
f 7699 1667 9083
f 7993 1233 8927
f 8595 2172 9084
f 9084 8622 1453
f 11107 2679 9085
f 2795 10834 9085
f 9086 8496 1179
f 5417 2160 9087
f 2316 1702 9087
f 7109 1655 9089
f 9356 1745 11050
f 8954 11445 8061
f 8784 3609 9246
f 6763 6829 9091
f 7486 2504 9092
f 5567 2315 9092
f 699 2536 9093
f 11605 8459 9093
f 3954 2842 9090
f 9094 10878 2842
f 9095 6776 2614
f 2772 857 9095
f 9096 10662 2122
f 7367 1327 9096
f 8230 3475 9097
f 9097 11172 1459
f 9801 26 11791
f 11302 2625 9099
f 8664 2934 9099
f 8119 2288 5035
f 5035 6737 8119
f 5668 2765 9100
f 7231 4257 9318
f 6575 4220 5214
f 5050 4595 6134
f 7223 1264 7597
f 3019 6480 9206
f 7845 9101 3019
f 8258 1944 8189
f 10562 29 11458
f 8105 1465 11458
f 11891 2455 1062
f 5329 2727 9831
f 5228 6392 1448
f 9103 6226 835
f 8774 2073 9104
f 10592 10260 9104
f 9033 3431 1127
f 9019 2399 9105
f 2850 10502 9106
f 10502 2448 9106
f 9107 7498 3068
f 6249 1485 9107
f 9108 834 10641
f 10043 2307 9108
f 4782 2125 9109
f 5358 2810 9109
f 8818 4271 4531
f 8680 3549 9112
f 11323 1818 9112
f 9227 10368 9113
f 9780 10146 9113
f 4756 2311 2272
f 3722 3354 9115
f 8139 3795 9116
f 9116 9089 1655
f 5480 1601 7260
f 10333 3514 10343
f 9118 10044 971
f 8819 3312 9119
f 9119 10896 1818
f 9245 2008 9120
f 9121 11228 3509
f 6389 1861 9121
f 6156 5547 5883
f 4779 5651 12181
f 11046 1640 9124
f 3919 1797 9124
f 6616 10141 4106
f 9125 5904 3058
f 9125 10356 2926
f 12366 12084 12531
f 9882 9893 11889
f 8802 990 11889
f 5091 2616 9126
f 5425 2525 9126
f 6863 2974 9127
f 5137 2444 9127
f 2785 3582 8487
f 5924 9065 9128
f 6749 2233 9128
f 5980 6231 1456
f 9129 9488 9012
f 8578 3285 9129
f 9972 3270 9130
f 11894 1171 9130
f 8838 1564 5123
f 4814 2823 9132
f 9132 9752 621
f 8269 3889 9626
f 9626 3889 9662
f 3029 5833 6734
f 6709 1359 9133
f 6733 2475 4198
f 6927 970 7142
f 11590 3855 9135
f 7520 11471 10239
f 6227 4116 10052
f 3373 8666 1004
f 3512 11162 3385
f 9136 8092 2390
f 7560 881 9136
f 4657 1689 9137
f 5311 1588 9137
f 6788 712 6456
f 2001 3679 9138
f 9576 8516 1127
f 2325 7129 11715
f 9139 11018 2678
f 1188 9791 9140
f 10277 9146 9140
f 681 10471 2824
f 9141 8420 1688
f 9142 10959 977
f 9142 10893 3000
f 6799 3177 9143
f 6313 2531 9144
f 6106 2417 9144
f 1760 1839 11803
f 11088 1208 11803
f 6921 4020 9145
f 12206 8557 3842
f 3416 11687 7270
f 8441 10838 527
f 11783 527 10838
f 8188 1976 9146
f 9146 10277 1186
f 4797 3911 1822
f 4728 4283 9147
f 9148 8907 10919
f 3723 11956 2741
f 9149 8453 1678
f 6763 2330 8726
f 11443 3644 9150
f 9150 8824 11097
f 8667 4411 4177
f 11105 2512 9151
f 2625 11105 9151
f 8920 2015 8932
f 6268 5494 5797
f 7367 2244 9152
f 7450 1600 9152
f 10681 3161 9154
f 8393 3626 11722
f 9155 10515 3048
f 3553 2382 7825
f 7825 7102 10471
f 6419 2300 9157
f 9157 7119 2289
f 3732 2937 6955
f 8357 2241 9158
f 6190 9293 6811
f 6811 8605 777
f 9348 1049 9159
f 2427 2961 9160
f 7455 3577 55
f 2351 2465 9158
f 6248 5814 2434
f 4346 4196 6248
f 1047 2798 9161
f 3259 865 9161
f 6161 3089 10888
f 6866 1858 11319
f 9162 4402 2943
f 4435 1532 9162
f 8949 1475 8515
f 8630 1241 10272
f 7565 1857 9535
f 9535 4945 2031
f 6108 4116 5880
f 11249 3534 9163
f 2619 11698 9164
f 11651 806 9164
f 58 3181 9165
f 10136 1487 9165
f 4577 2473 8447
f 10529 2542 9166
f 10170 3613 11117
f 9167 5189 2134
f 796 3867 9168
f 9169 7134 7960
f 9169 11068 1357
f 6360 11366 9170
f 9170 7566 1077
f 7742 2127 9171
f 3688 869 9171
f 8241 2470 1999
f 4932 3594 9172
f 5011 1863 9172
f 8292 2764 11160
f 5887 7600 3937
f 8948 9755 9822
f 1318 3709 9174
f 9175 6088 4282
f 5751 4067 9175
f 9508 9317 9176
f 6445 2226 9177
f 8590 8723 8201
f 725 1881 6565
f 5087 715 5767
f 9178 7598 7511
f 5466 5 9178
f 6318 4002 4702
f 6915 3634 7581
f 3190 9600 11500
f 905 2891 10649
f 10649 6940 1039
f 9179 9144 2417
f 9179 9693 853
f 10188 1771 583
f 10534 11454 11910
f 11396 11153 1101
f 7454 1264 7006
f 7156 3121 618
f 10325 4087 5256
f 6799 3132 9075
f 11981 12375 12707
f 9182 6761 2396
f 7059 2498 9183
f 10662 3779 9184
f 11505 9184 3960
f 11904 10653 2425
f 4832 4099 9185
f 1649 3905 9185
f 3645 7591 7812
f 6391 1230 7591
f 9788 10082 9186
f 5338 2616 9187
f 7100 9358 1043
f 9188 9000 2095
f 10904 4108 8626
f 7351 3667 9189
f 9190 10764 2749
f 1616 3297 9190
f 9191 10392 3618
f 7181 1426 9191
f 1762 3270 9192
f 3770 566 9192
f 9134 4198 2475
f 9193 1815 3656
f 4974 3631 9194
f 9194 2248 6933
f 11755 9729 2940
f 5247 6827 9196
f 6827 1898 9196
f 8335 3306 10414
f 501 1975 10414
f 4223 310 309
f 8363 3027 9197
f 9197 11561 1271
f 11935 3797 2955
f 15 3913 3795
f 5453 3742 8585
f 9764 3566 9199
f 5996 1781 9200
f 8222 3800 9201
f 11608 3010 9201
f 9492 3150 2845
f 631 2917 9642
f 11755 9195 10224
f 3893 1256 3657
f 9205 12087 363
f 9206 8817 3019
f 2306 525 9706
f 9792 1919 9207
f 5908 956 9207
f 9208 7308 1778
f 9208 1186 9590
f 10389 812 9209
f 5916 3593 9210
f 9210 6751 688
f 4100 4722 7041
f 11345 9473 9211
f 9211 11276 3202
f 9516 3658 6375
f 11694 9660 9756
f 10502 11302 9213
f 2513 565 9213
f 5626 874 1535
f 3601 7463 1312
f 6254 3802 7400
f 10078 3696 9214
f 9214 888 3356
f 6118 1314 9215
f 9807 8333 3374
f 591 3418 9807
f 8452 11953 5779
f 805 701 1633
f 9216 9403 587
f 7860 1112 9217
f 5591 5211 6359
f 8160 4160 5622
f 6301 4004 9218
f 5710 1044 9218
f 9220 10637 2719
f 6020 1888 9221
f 7769 875 9221
f 6998 2267 9222
f 6481 9604 9222
f 8908 10445 6274
f 10159 4093 9224
f 9224 9325 1544
f 5098 3824 9225
f 9225 5479 3417
f 9227 7965 8573
f 2914 2940 9228
f 2915 2623 9228
f 12148 274 9229
f 9229 11822 4305
f 9230 9545 10545
f 5964 2363 1438
f 7912 3184 9231
f 9231 11263 7912
f 8736 9325 1627
f 1081 9915 9232
f 9233 5685 1786
f 6929 4961 5176
f 9234 11279 8889
f 8889 7954 9234
f 1544 10159 9224
f 8582 3070 8213
f 6941 5158 5300
f 7671 1431 9235
f 4500 4409 8865
f 7298 9369 9236
f 9237 2121 774
f 5410 2510 9237
f 7929 2019 9284
f 9238 5503 2698
f 9238 10363 2521
f 1495 2506 9239
f 8555 883 9240
f 10980 1094 9240
f 8912 11360 1803
f 1214 1911 9242
f 3832 1237 9242
f 6081 3837 9243
f 8325 817 2601
f 8834 11829 9544
f 9245 11011 7898
f 7898 1462 9245
f 3740 3772 9246
f 2516 4190 11980
f 6550 3208 731
f 2686 11036 10529
f 9248 9411 771
f 11389 10288 9249
f 11270 10166 9249
f 8822 11066 1868
f 11714 1729 9250
f 2404 9347 3326
f 2813 3241 1085
f 6909 988 3655
f 6138 4794 5377
f 9251 9683 680
f 8415 3295 10676
f 9252 9352 9219
f 3483 2556 9253
f 9253 7959 56
f 4557 11208 870
f 6722 4231 674
f 7828 576 9041
f 5925 8122 9255
f 8496 3214 9256
f 11531 1179 9256
f 7848 3348 9257
f 9257 8401 2889
f 4691 4517 7442
f 6120 2994 9258
f 5383 5048 6602
f 10437 1508 11640
f 9259 6576 1490
f 5864 10659 2456
f 9260 11367 838
f 9261 9771 2009
f 6168 1312 9261
f 9262 6265 3585
f 9263 10870 3060
f 8187 3566 9263
f 2345 3992 7648
f 7708 4126 9264
f 7124 6181 1615
f 4820 4651 4233
f 6863 4164 4820
f 9187 2616 9266
f 9267 11530 2937
f 928 1628 9267
f 9268 9416 11048
f 10491 10091 9269
f 10475 10151 9269
f 11517 2846 1241
f 10554 10481 10245
f 7495 3605 8390
f 3199 2834 9270
f 6206 2631 9270
f 8371 3043 9271
f 6626 6119 9271
f 9272 10550 1700
f 9272 11345 1493
f 1121 3358 7722
f 6500 7114 7722
f 10329 2246 9273
f 9372 1382 9273
f 10686 2550 2641
f 9274 9777 805
f 9838 11692 9275
f 9276 7700 675
f 5359 3281 9277
f 5965 2223 9279
f 4959 783 9279
f 6198 3143 9280
f 7287 2586 9280
f 9256 10021 11531
f 9282 10231 10326
f 759 9773 9282
f 5313 6914 9283
f 5280 3880 7024
f 6639 3949 1645
f 7336 9220 909
f 1924 70 9284
f 9285 10699 3228
f 9286 10240 2773
f 1562 3093 9286
f 78 3216 10879
f 7691 3608 10879
f 5313 3194 9287
f 4866 3119 9287
f 9217 1112 10713
f 10713 7846 9217
f 7756 560 9288
f 12119 4523 4241
f 5192 1746 6941
f 9289 10686 2641
f 6659 3227 9290
f 3149 1056 9290
f 6717 3371 9291
f 9291 5362 2403
f 7524 4019 9292
f 6079 8969 2216
f 6561 10145 7571
f 9293 8759 1512
f 9293 6190 7020
f 9088 3508 6231
f 7560 2838 881
f 9294 11191 9038
f 3739 1924 9295
f 3615 1325 9295
f 9113 987 9227
f 7611 94 9296
f 10020 3162 9297
f 11494 1023 9297
f 10819 3783 9298
f 9299 8461 3173
f 7793 1543 9299
f 8923 1598 9300
f 9466 1001 9300
f 7088 2235 3929
f 3884 3344 3380
f 9302 6627 7923
f 9825 866 9303
f 1389 2199 9304
f 5057 519 9304
f 11643 2929 9306
f 9375 2914 9306
f 2634 8403 9307
f 7343 2640 9307
f 11733 5367 3508
f 11670 3715 5360
f 8018 1327 9309
f 5743 1986 9309
f 3461 11230 9310
f 2924 11613 9310
f 656 4678 603
f 5093 5006 7415
f 540 1709 9311
f 11531 11457 9311
f 6974 8050 5382
f 6768 3099 3108
f 7321 6598 7590
f 6534 2949 8161
f 614 12267 6593
f 6881 11518 1686
f 7716 3526 7632
f 8315 560 7460
f 8303 2463 3874
f 9312 10701 3054
f 11878 10701 9312
f 6330 6170 5693
f 10358 4603 6667
f 10824 9859 9313
f 10565 10439 9313
f 9078 816 8933
f 9314 8251 1875
f 5904 1002 3058
f 9575 6143 3533
f 3352 6752 9421
f 2305 3584 11316
f 9112 3640 11323
f 5348 3883 6745
f 10398 2921 9316
f 7203 11266 9317
f 11363 2344 9318
f 7363 3126 5981
f 5981 9900 1301
f 3675 9600 9319
f 9320 10756 914
f 11515 6454 9320
f 652 2231 9321
f 2659 1944 9321
f 1374 11245 9117
f 9359 2674 9324
f 10205 9203 2674
f 9325 10093 1544
f 8355 1627 9325
f 782 2564 9326
f 3017 2817 8449
f 11481 8434 9328
f 3799 1293 9328
f 11164 9853 2433
f 9329 7786 3123
f 1603 1012 9329
f 9330 6569 9648
f 10664 2726 9330
f 8239 1089 8946
f 1730 3434 9331
f 3938 577 11257
f 9332 11739 3111
f 6881 3373 9332
f 7798 2694 7659
f 2328 11859 11016
f 11314 2436 9333
f 9120 3890 11011
f 7544 3956 9334
f 9334 8088 7544
f 7195 2755 5637
f 11691 8440 9335
f 572 3576 9336
f 6438 11615 5910
f 11178 787 11654
f 1321 2576 3159
f 9211 1331 11345
f 1905 2024 9338
f 5244 3100 6604
f 7126 4066 7785
f 7018 3728 9339
f 1298 2615 9339
f 8004 1563 9340
f 9340 7272 8148
f 9341 11353 2201
f 9341 11331 2302
f 9321 2231 6043
f 9307 2640 8103
f 1012 2492 9342
f 9342 679 3078
f 8312 916 7353
f 6098 2993 769
f 5433 615 9343
f 4828 3991 1203
f 6395 5016 5512
f 6658 2182 9344
f 6341 8579 9066
f 9345 6634 5994
f 5994 1493 9345
f 5693 6170 9346
f 7868 1517 9346
f 6639 1961 8564
f 11448 1049 9348
f 9348 9159 1745
f 1679 945 10418
f 11678 995 9350
f 11191 1258 9350
f 6833 1439 8548
f 7773 3711 2533
f 3913 2496 9351
f 1652 826 9351
f 7194 9219 9352
f 9131 9813 9352
f 9046 3172 9353
f 10231 1304 9353
f 8676 11183 11315
f 1868 3677 11315
f 9191 2025 7181
f 9354 11182 1880
f 9354 2094 1361
f 11050 1731 9356
f 9356 10473 1745
f 8936 10382 3454
f 9357 10376 3114
f 1670 3342 9357
f 7100 3203 9358
f 2674 9636 8427
f 9360 12168 8358
f 9360 8945 4093
f 9361 11779 1979
f 3822 2053 9362
f 5504 3708 9362
f 9363 10730 5272
f 9363 6873 3195
f 7792 3342 8760
f 5975 3614 11457
f 11457 8687 8231
f 9364 11821 7600
f 7294 1518 9365
f 9366 4348 4349
f 10324 1900 4376
f 9367 7066 2135
f 2752 10660 10603
f 11224 32 9368
f 9251 7173 10122
f 1901 664 11058
f 9369 7897 8122
f 9794 1497 11584
f 7757 8678 11584
f 1644 3393 10597
f 9297 3162 9592
f 8965 1754 6597
f 12006 851 6144
f 9374 2905 10176
f 4372 3562 9370
f 6562 1218 9370
f 6842 4965 5296
f 10610 11431 1582
f 8996 4268 9371
f 11692 3738 9372
f 9373 10584 2210
f 7574 2308 2662
f 10176 3038 9374
f 9374 9833 2905
f 6734 3533 6143
f 8262 868 2566
f 5525 3933 12029
f 8162 2914 9375
f 9375 10282 2624
f 7299 3075 9376
f 9376 6249 767
f 7133 3220 10820
f 10964 554 10820
f 10172 2785 9377
f 7098 1632 9377
f 10646 3854 9378
f 11439 11614 9379
f 2839 2877 9380
f 9380 8636 882
f 4970 4757 7366
f 6929 5245 5427
f 7307 4352 4548
f 9381 11165 3803
f 10916 2372 9381
f 5954 1262 2328
f 11696 11991 5987
f 6992 9239 9382
f 2522 34 5041
f 7901 12047 11137
f 11457 3614 9385
f 3535 540 9385
f 8449 672 3017
f 8142 735 8070
f 4662 549 7401
f 4448 2723 9386
f 9386 5282 837
f 9184 3779 3960
f 9387 11106 1589
f 6617 2806 9388
f 5253 2518 9388
f 9334 3956 4240
f 11397 1860 9389
f 7622 1792 2322
f 9390 10712 3819
f 9390 11796 713
f 9356 1731 535
f 11292 535 9391
f 4623 4031 9047
f 4397 4059 10807
f 9392 10483 1781
f 6362 1141 9393
f 5695 2730 5610
f 5610 11042 2369
f 5918 3988 1518
f 5817 1437 9394
f 6053 746 6070
f 3216 78 9395
f 10819 9298 9396
f 8545 1150 9397
f 5829 3999 4605
f 4605 1547 1696
f 9649 11594 10683
f 1836 1457 3889
f 58 3087 9398
f 5427 1798 5805
f 9399 9440 2661
f 6125 903 9399
f 10556 3267 1080
f 10905 1080 10925
f 5058 1059 7307
f 9400 7416 3163
f 9661 987 9401
f 9576 10196 9401
f 8089 4038 4119
f 7303 587 9403
f 8301 3525 9404
f 2777 6756 9587
f 8996 4081 10540
f 5959 5950 9405
f 10084 3582 9406
f 2246 1780 9406
f 9407 11383 3850
f 6847 1494 9407
f 6403 3920 5301
f 9408 8995 3680
f 5517 1268 9408
f 11389 10871 2912
f 5944 2742 6051
f 9410 5652 5341
f 1362 771 9411
f 11055 10525 3211
f 1046 5623 2654
f 9412 11441 3877
f 9412 9955 516
f 11526 3284 9413
f 11343 10166 9413
f 6981 4221 8744
f 7356 1941 10739
f 1680 2714 10739
f 7211 8848 9414
f 5407 4843 6365
f 5916 1877 9415
f 9415 9803 1449
f 9416 9195 929
f 6139 10904 5592
f 9417 9983 3099
f 9419 9719 1100
f 9419 3272 2540
f 8410 3785 4992
f 1432 4992 7692
f 9420 9408 1268
f 7787 8724 4999
f 2563 3352 9421
f 711 2132 9451
f 9422 5744 8239
f 4789 2136 7795
f 6804 1566 9423
f 4839 3652 8372
f 9425 9652 3852
f 7726 1333 9425
f 11369 11140 9426
f 9426 10875 10971
f 9242 1237 9721
f 5046 972 9427
f 5002 3025 9427
f 8899 2081 4682
f 9428 10777 3535
f 3614 1205 9428
f 9429 11132 3997
f 9429 10311 8163
f 6629 1419 9431
f 5750 3294 9431
f 2162 3852 13
f 6136 2540 9433
f 5355 5447 9433
f 6542 2586 1136
f 5031 8928 2725
f 1671 7529 718
f 9434 6862 3204
f 6074 10434 9434
f 2212 3871 9435
f 9436 10521 7402
f 6079 3371 9436
f 7886 2535 11513
f 11971 724 9438
f 2422 1916 9438
f 6525 1842 9439
f 6411 2478 9439
f 11829 8834 4093
f 9873 5790 2265
f 10553 2661 9440
f 6244 17 9440
f 5881 12582 7077
f 12304 12441 12637
f 951 3058 11261
f 6455 909 9220
f 2264 4597 4483
f 9441 8901 6586
f 9441 11354 8521
f 7586 1297 7581
f 4495 4451 9984
f 9442 8502 816
f 5157 10910 9442
f 5700 3848 9444
f 9020 2361 8270
f 9445 10268 10752
f 7216 10257 10040
f 5884 1990 6816
f 9236 11342 1521
f 9398 3087 11541
f 7885 1351 11541
f 7700 12408 675
f 9447 9910 3856
f 8908 1588 9447
f 10730 2049 9448
f 7382 1382 10426
f 11962 2539 3325
f 9449 9650 2243
f 9450 11350 2332
f 2728 619 10001
f 7937 1378 2446
f 6642 4202 9451
f 9451 2132 10791
f 7822 4297 9453
f 6868 2420 9454
f 8603 981 9454
f 12149 12402 6221
f 11247 1788 9455
f 5642 741 6194
f 9187 10241 5338
f 4757 12069 4204
f 4204 4242 4757
f 11059 10169 954
f 7883 8222 6634
f 12009 8207 5422
f 7777 3257 5565
f 11722 1853 9458
f 9990 9134 10753
f 9459 6445 3703
f 5808 2952 9459
f 4436 11804 4362
f 4668 5018 4359
f 5202 2468 9460
f 7263 2878 9460
f 9461 8946 1089
f 6022 791 9461
f 9462 8060 6012
f 6272 93 9462
f 10369 10153 9463
f 9464 11053 3124
f 3264 11212 9464
f 6339 4171 9465
f 6762 884 11747
f 12154 12146 12516
f 8900 1715 9467
f 8108 4010 9468
f 9468 7994 2302
f 10787 8223 10362
f 7845 968 7638
f 9321 1944 9795
f 2205 4394 549
f 6463 3056 1978
f 12877 12612 12595
f 9470 10941 3184
f 7912 1483 9470
f 9472 10122 1081
f 9472 10129 9683
f 8447 1864 4871
f 8184 3860 9473
f 8141 1916 9474
f 12053 11892 529
f 9475 8795 2990
f 3231 3274 1057
f 9549 1057 9476
f 9477 2838 1713
f 8602 1459 9477
f 2144 3814 9478
f 8902 1348 9478
f 6423 4658 5207
f 1617 3975 9870
f 5373 3849 9870
f 4405 3844 9479
f 9479 10011 1607
f 6260 4975 6396
f 1428 1231 9480
f 9480 11717 566
f 10986 11064 9481
f 11547 1889 9483
f 6397 903 9483
f 9484 4465 5304
f 9486 8693 4014
f 9487 9536 3851
f 9487 9710 9871
f 8855 9012 9488
f 4386 79 9489
f 9490 9913 3132
f 9490 9143 2300
f 7963 1601 9491
f 9278 569 9491
f 5544 2312 9493
f 7924 1891 9493
f 7194 8534 3013
f 6806 2233 9494
f 1418 3108 8885
f 2286 543 9495
f 9496 8549 1043
f 10812 3103 9497
f 5849 3980 9498
f 6464 65 9498
f 8593 83 11125
f 7755 3763 9500
f 2269 1701 9500
f 9524 3332 11847
f 11644 11847 3332
f 7807 3886 9502
f 9502 6007 3718
f 8034 4003 8148
f 9340 8148 4003
f 7663 10963 2776
f 9503 9424 1523
f 6335 1742 8963
f 11008 9315 6443
f 6588 2468 7981
f 7981 8316 2637
f 10929 1841 9504
f 5930 2238 9505
f 9505 4673 2391
f 9506 10448 1937
f 9506 7444 10303
f 9507 8556 3785
f 8773 8847 9507
f 2520 5652 9410
f 8960 10103 2651
f 9508 11110 9317
f 9509 6240 2099
f 10862 1608 9509
f 2062 4385 4840
f 7966 8825 9510
f 6316 2742 5944
f 9511 3421 1935
f 1079 3266 9511
f 6679 7477 2367
f 6363 2658 589
f 9512 1851 3800
f 7883 2016 9512
f 7201 2819 10686
f 11650 11964 3473
f 9044 948 1678
f 4721 12335 6008
f 9514 6283 4302
f 11278 10085 9515
f 11593 9958 9515
f 1804 1813 11514
f 5989 10301 3658
f 9516 11017 1656
f 9018 4230 10728
f 6044 1271 2460
f 8086 930 1532
f 2364 1567 8987
f 6487 5880 6227
f 6309 9920 9519
f 9519 9636 9359
f 2098 1434 9520
f 8403 2634 10002
f 3078 679 10002
f 4207 5017 5982
f 7197 2085 1556
f 9522 7968 2045
f 8559 43 9522
f 8570 1535 7471
f 7532 1560 7904
f 11171 19 9523
f 9523 11485 824
f 9525 8598 568
f 3084 8876 631
f 631 2989 3084
f 4667 4154 9526
f 12632 12676 6451
f 10395 1738 9527
f 5990 499 9527
f 1183 11001 3865
f 9080 10821 4554
f 9528 9126 2616
f 2190 6714 1855
f 9529 8286 890
f 10985 3952 9530
f 8295 2187 9530
f 5660 11425 2736
f 9532 10657 8066
f 5401 495 7932
f 4446 4393 10507
f 1125 3369 11203
f 7774 1708 11203
f 9533 8760 3390
f 9533 3413 3050
f 12001 10330 8009
f 8539 9597 10330
f 11580 11448 3359
f 10173 8431 9864
f 8431 1413 9864
f 5285 1384 9535
f 7605 3851 9536
f 7189 1858 9536
f 10001 10025 9537
f 10706 9878 9537
f 3331 2922 9538
f 9538 10713 1112
f 2411 9090 1094
f 9539 7926 3843
f 5978 93 9539
f 10127 626 9540
f 10902 12062 8892
f 6696 2901 6590
f 9542 11982 11138
f 11140 11380 9542
f 2938 5181 5064
f 4810 9543 9933
f 4863 3040 9543
f 9372 3738 9545
f 4487 8011 3094
f 6354 4560 7939
f 9546 7180 1754
f 8965 4290 9546
f 9547 9016 2670
f 9547 10478 8542
f 11944 1000 9548
f 3256 3230 9549
f 8489 1057 9549
f 8653 10208 9550
f 4001 10587 9550
f 4423 4196 10406
f 10406 4444 4347
f 4792 3222 3388
f 2783 2571 10026
f 9552 11502 6729
f 3050 983 1683
f 1134 3413 9533
f 5744 9422 9553
f 9554 8183 2410
f 5419 10707 7045
f 9504 1188 1976
f 7072 27 9504
f 9555 8531 2789
f 8374 778 9555
f 8076 4164 1982
f 8114 1874 9556
f 9556 10966 1207
f 3798 2124 9557
f 6253 2568 9557
f 6955 2937 9558
f 9558 10826 2392
f 9153 1717 9559
f 5463 7359 5559
f 5559 4191 5463
f 4181 7694 9560
f 7860 9217 9561
f 5511 1309 9561
f 3619 3835 9562
f 10968 3890 9562
f 5791 1699 6994
f 9563 9436 7402
f 7402 4084 9563
f 7123 2676 9564
f 6725 980 9564
f 7895 1898 6930
f 9169 1357 9565
f 8524 1752 9566
f 10153 10369 9566
f 7027 1697 9567
f 9567 9162 930
f 3886 6624 7715
f 5980 7695 7578
f 5841 3442 9570
f 9570 3414 1398
f 9571 6271 600
f 8369 11478 9572
f 2626 2512 802
f 5350 2982 9573
f 8101 964 9573
f 10394 12010 9574
f 1370 9531 9574
f 7535 1842 6525
f 6541 2018 9575
f 8463 2025 1237
f 9576 10146 3429
f 1127 10196 9576
f 12026 531 3678
f 10194 4599 4392
f 6980 1041 9578
f 8562 1857 9971
f 9971 5400 1053
f 5670 3225 5284
f 5636 5268 6812
f 6804 9423 9580
f 1526 3930 9867
f 5996 3309 528
f 11440 11000 1522
f 11082 10986 9581
f 5593 2717 9582
f 9582 6305 835
f 9500 62 7755
f 9583 10786 4001
f 4001 1608 9583
f 9428 3535 9385
f 9584 9611 2289
f 7419 2296 9585
f 9586 10405 1354
f 6943 2445 3841
f 9587 6401 6525
f 10766 567 11647
f 9791 1188 9588
f 3557 1862 9589
f 3527 1201 9589
f 10277 10006 9590
f 4384 1003 9591
f 9591 5606 4381
f 12561 267 266
f 6666 1992 5493
f 3393 11775 895
f 10457 10795 2790
f 10945 51 9593
f 6063 3765 9594
f 9194 6933 9594
f 6801 3997 9595
f 9595 6559 1886
f 9348 1745 10473
f 7643 2323 8985
f 11009 10934 10744
f 5251 4084 9596
f 9596 11969 6582
f 9564 2676 9597
f 789 2581 9597
f 6388 8480 9598
f 722 5694 8212
f 9600 11286 3489
f 7430 6086 2859
f 7489 2787 5774
f 5774 8334 1011
f 6303 752 9602
f 9602 10589 1281
f 6368 3193 9604
f 9605 4858 3823
f 1332 5075 8306
f 5476 823 4075
f 9240 2157 10980
f 6394 1878 1338
f 5531 1431 7096
f 9607 8121 8147
f 9607 8560 932
f 9608 10401 1670
f 5888 2170 9609
f 5855 1424 9609
f 8544 10867 3373
f 4568 5174 7401
f 6186 1661 9610
f 6877 5387 5699
f 6629 599 7105
f 6196 2289 9611
f 7097 2315 9612
f 5440 588 9612
f 5204 3075 9613
f 6648 947 9613
f 7217 1204 5538
f 7624 3669 9258
f 6278 2156 9614
f 11546 11434 10744
f 2980 1704 7063
f 12121 948 9615
f 6239 1770 9616
f 9067 10871 1099
f 3521 3587 9617
f 9617 8097 2174
f 2259 2398 7008
f 7678 1347 7008
f 1266 2380 594
f 9618 7222 674
f 6918 1138 9619
f 9619 10027 687
f 5414 4133 8768
f 4555 4189 9620
f 9621 7236 814
f 10797 1949 9622
f 11086 3101 9622
f 6044 2460 9623
f 8217 3679 9624
f 3062 1133 8649
f 9662 3730 9626
f 7271 45 9626
f 9804 11405 7354
f 11752 632 9804
f 812 4347 9720
f 4444 3476 9720
f 6163 493 7496
f 920 2665 11655
f 2909 2644 9628
f 1748 806 9628
f 6560 5138 3396
f 8841 1078 3396
f 7195 6719 3968
f 5477 2755 3968
f 6332 1144 9629
f 9629 8684 3403
f 9630 6887 734
f 6662 3251 9630
f 6605 1684 4800
f 9631 8878 1973
f 8080 2809 9632
f 9632 8284 2554
f 9633 4386 4401
f 9633 4477 2061
f 8254 1652 9351
f 6871 4073 11155
f 10454 6871 11155
f 9634 8840 3511
f 1132 3579 9634
f 6860 7210 7938
f 7069 9927 2068
f 4638 1682 7069
f 9635 90 3861
f 9635 6297 1565
f 6793 5286 5694
f 9636 2674 9359
f 5011 2200 9637
f 4965 9637 732
f 1618 3002 9638
f 9663 10137 9638
f 11128 9019 2565
f 8545 1740 2565
f 5428 3167 6746
f 7572 3202 9639
f 5400 3808 9640
f 6544 1288 9640
f 6078 1170 6663
f 6307 3006 9641
f 10993 11438 9642
f 9642 2917 1669
f 5883 7247 11374
f 9643 5618 1286
f 9643 3683 1270
f 6527 1369 5270
f 7303 3337 587
f 6454 3366 9644
f 11275 8057 10298
f 8057 9040 10298
f 11009 1967 9645
f 3538 1207 9647
f 9648 6569 2380
f 10683 8065 9649
f 5502 1630 2453
f 3462 10919 3389
f 9025 2243 9650
f 6192 9347 9650
f 9651 10825 2159
f 9049 18 9651
f 3852 2162 9432
f 4891 8423 9425
f 9653 9956 971
f 9492 9402 9653
f 6542 1136 9654
f 9517 2530 2368
f 9655 7175 9215
f 7219 586 9655
f 9564 2581 6725
f 9242 1911 7362
f 7290 4999 5304
f 10212 3597 9656
f 595 2366 11841
f 9278 2001 9657
f 9138 1267 9657
f 9658 88 9572
f 3903 9276 7420
f 8988 11882 11188
f 8621 417 5679
f 3931 11798 10706
f 8743 627 6303
f 9659 10562 1570
f 10227 1231 9659
f 2104 11923 7928
f 11923 2104 9660
f 9661 10694 3430
f 9661 9875 987
f 9662 7555 3730
f 9638 3245 9663
f 5814 6248 1585
f 6502 2023 5814
f 5437 2437 9664
f 7425 10802 11969
f 7055 4866 5275
f 9621 1528 5390
f 6476 3175 9665
f 8815 1255 9665
f 6917 3366 6454
f 2981 8525 8626
f 8089 2740 9666
f 11059 2021 9667
f 8760 526 9668
f 1804 11514 94
f 7045 12093 5419
f 5485 11055 1046
f 6211 1108 6782
f 7540 817 9327
f 4796 2327 9669
f 4768 1864 9669
f 6102 3355 5922
f 11437 1814 9670
f 9670 5546 629
f 9154 3161 9671
f 8036 3899 9672
f 10605 9672 7471
f 12574 4226 12025
f 6971 7062 9673
f 9673 8220 1142
f 9093 11722 9458
f 7266 1657 11941
f 6499 6428 2426
f 7316 2261 9674
f 3916 775 4929
f 8223 3672 9675
f 8789 8223 9675
f 9676 2559 2587
f 9654 1136 9676
f 10134 2511 9677
f 2501 8365 7730
f 5239 7674 9678
f 6472 2862 9679
f 596 9024 11553
f 7446 11648 7103
f 9680 11150 10839
f 9680 9596 4084
f 8684 3666 9681
f 1260 2691 9681
f 7933 10341 9682
f 5913 5534 6792
f 7212 680 9683
f 7459 11908 9684
f 3990 8034 2354
f 6235 5142 5992
f 6685 2982 5736
f 5701 1555 11825
f 3772 3740 9685
f 70 1924 9685
f 6095 4128 9686
f 5439 4251 9686
f 11935 2700 9198
f 4928 6285 1448
f 9688 6612 646
f 6114 11736 4373
f 2495 6324 5295
f 940 3560 9689
f 2317 2963 9689
f 7479 9411 9690
f 3804 1546 10221
f 8135 735 8501
f 5771 1541 11294
f 4581 2793 9691
f 4625 2880 9691
f 8341 2569 9692
f 7968 3621 9692
f 8014 8657 9693
f 8084 853 9693
f 9694 11014 1533
f 9694 6911 8353
f 3794 1849 9695
f 3853 1639 9695
f 9692 3621 11010
f 1873 1240 11010
f 6148 5 6498
f 9696 9358 8376
f 9697 8262 2566
f 10430 3878 8278
f 7818 3887 9698
f 4005 5592 7075
f 10230 7291 9701
f 9702 7253 6263
f 9702 6298 4439
f 11313 9117 9703
f 1894 1145 9703
f 12136 4077 5219
f 7764 1658 1458
f 9704 7436 5945
f 6292 1020 9704
f 9705 9126 2525
f 9705 2433 707
f 1027 32 772
f 5487 2306 9706
f 6904 1104 2039
f 4434 2713 9707
f 9707 784 573
f 9708 9207 1919
f 1978 1681 6378
f 9559 1717 3429
f 6727 3263 11605
f 9093 2536 11605
f 6949 2388 10117
f 9463 1894 9148
f 9709 8926 3850
f 6489 673 9709
f 9294 9871 9710
f 9710 6026 1733
f 6895 1402 10478
f 12018 4696 4395
f 6935 3837 7211
f 8448 3243 7211
f 1276 3955 9712
f 6195 3691 9712
f 5667 2938 5064
f 9751 3178 9714
f 591 11799 9714
f 11572 3678 9715
f 11028 11320 9715
f 8417 11805 705
f 7530 1014 7345
f 2157 1675 9716
f 8447 2473 4967
f 11332 11077 9717
f 11938 1265 9717
f 5745 5424 7016
f 10209 3530 9718
f 5543 11221 2261
f 7316 905 5543
f 9228 2940 9729
f 6308 4741 5506
f 6136 2531 9719
f 6574 1100 9719
f 8592 12081 4608
f 7111 12277 8596
f 2242 2262 9722
f 9722 9947 1833
f 9035 1230 9723
f 4528 2370 4754
f 8113 12584 12467
f 9685 1924 8927
f 7455 801 9916
f 8618 2079 3707
f 6932 1081 9725
f 5315 2022 6047
f 9726 11257 2322
f 9727 9011 10690
f 7453 1061 7915
f 3044 1899 10200
f 5386 4458 5524
f 7733 3055 4997
f 6167 1728 10818
f 9765 7516 9728
f 6699 1947 8478
f 1410 2915 9729
f 4972 1965 8120
f 6885 3468 8120
f 7946 1292 2085
f 7842 4144 4121
f 4692 1642 8451
f 9730 8801 2627
f 7003 1143 9730
f 11394 1646 9731
f 2746 1093 9731
f 4449 7614 9732
f 4872 842 9732
f 9734 7157 3363
f 2348 66 9734
f 5604 2295 1775
f 5625 4049 5861
f 8477 2548 9735
f 9735 11301 10004
f 7517 3735 7963
f 5291 3424 9736
f 6806 89 9736
f 6691 4029 9828
f 3588 2099 3268
f 4008 7784 1604
f 5087 2979 6259
f 9714 1151 10148
f 3418 591 10148
f 9737 6505 2010
f 6306 1610 9737
f 10153 3345 9738
f 1894 10153 9738
f 1879 7310 7031
f 9244 1880 2682
f 8029 24 10862
f 8930 2428 2277
f 7871 7313 1807
f 8351 654 7114
f 7994 2275 2322
f 6918 687 9740
f 10837 3523 9741
f 9741 1376 10897
f 2884 2368 10090
f 7606 982 9743
f 9744 1759 3067
f 8537 3346 3067
f 9201 11281 11608
f 10015 3153 9316
f 9491 1311 9278
f 11734 2555 9728
f 4913 4689 8007
f 8079 1001 9497
f 6513 655 9745
f 6220 1956 9745
f 7609 1896 9746
f 9746 9887 3428
f 7115 2179 5434
f 6578 6834 9089
f 3441 3323 10169
f 7355 1605 9747
f 9747 8891 17
f 2685 2542 2804
f 12126 4132 4326
f 5488 2954 9748
f 8354 9518 9748
f 8600 3192 9749
f 5421 2442 6746
f 8407 9750 3688
f 5278 664 9750
f 11484 948 9666
f 1032 3178 9751
f 6658 1499 9752
f 621 3296 8617
f 8800 1440 4732
f 9744 3346 10369
f 9753 6932 9725
f 7173 664 9753
f 2874 3740 9246
f 13 3936 2162
f 9288 560 8315
f 11011 9245 9120
f 9755 8948 3286
f 8219 1187 10748
f 9660 3860 9756
f 858 2558 9757
f 7159 7549 9757
f 9758 10627 10091
f 9758 8946 3085
f 4044 6341 9066
f 9759 7853 658
f 9759 5186 8730
f 4970 4804 8145
f 10979 12295 9841
f 9760 7474 3360
f 3412 1095 59
f 6418 1150 9761
f 6874 2698 700
f 7325 10343 3203
f 11828 11376 10111
f 3262 8937 10111
f 7516 1680 9603
f 9299 1543 9762
f 9762 10510 8625
f 7153 8714 558
f 7696 2070 9763
f 8063 731 8597
f 9764 11262 3566
f 9199 3059 9764
f 8797 3572 8523
f 5822 5443 6964
f 9765 6947 7516
f 9728 2555 9765
f 6383 1430 9766
f 9766 9754 6383
f 9767 11078 1507
f 7363 864 9767
f 5831 521 5932
f 10641 834 9768
f 9499 9186 9768
f 7968 8894 2045
f 10920 10894 9769
f 9769 10555 2998
f 9464 11212 9749
f 2321 5476 4075
f 9770 8102 1481
f 4992 4687 7692
f 8786 2643 8793
f 9772 6117 2048
f 739 2379 9772
f 1886 10705 7470
f 2488 11006 9773
f 8869 9146 1186
f 9435 512 2212
f 7385 9935 1407
f 6509 3843 6450
f 10790 699 9774
f 9140 1976 1188
f 10733 3249 9775
f 4827 4183 8596
f 6521 683 3251
f 4776 6393 9776
f 11163 8915 6302
f 2642 1627 9777
f 701 805 9777
f 12004 950 2580
f 1475 3092 9778
f 9778 11462 9840
f 9779 10450 3640
f 10067 1990 9779
f 9559 3429 9780
f 9781 11451 10065
f 498 2926 9781
f 2846 3305 1091
f 4879 3496 5858
f 9782 6587 734
f 9783 9448 3349
f 9899 11269 5333
f 5353 3895 6293
f 10888 3089 9350
f 7917 5213 5300
f 6160 1244 10493
f 7259 1744 5827
f 9784 8527 3291
f 7429 3399 9784
f 9785 9595 3997
f 9785 9698 3878
f 6425 533 9786
f 9786 9815 3677
f 3423 8110 10319
f 8356 10830 3423
f 8238 9015 10980
f 6263 6137 9702
f 8504 3789 5978
f 10751 3719 11061
f 9787 10874 3771
f 3060 10870 9787
f 9186 9066 9788
f 8143 1602 9788
f 4462 2606 9789
f 4582 1845 8030
f 2386 1865 4910
f 7473 3556 9790
f 9790 1118 1683
f 9588 1805 9791
f 12172 9708 1919
f 9792 10955 1068
f 7083 3864 6074
f 7433 1152 9793
f 3555 510 1791
f 5531 5076 7068
f 11584 8561 9794
f 3711 652 9795
f 5601 4143 4097
f 6375 2699 9796
f 5503 9238 9796
f 6902 1812 9797
f 6709 974 9797
f 3574 2508 8534
f 9798 11449 9824
f 9800 11314 1771
f 1138 7218 7308
f 3645 10798 6
f 2972 8477 10004
f 9349 5585 2529
f 2205 4327 9802
f 6883 2567 6765
f 6765 7155 2807
f 3923 3910 632
f 7979 1471 9805
f 8589 11983 9805
f 6699 2227 9806
f 9806 6867 570
f 5193 4775 7262
f 5677 5153 6907
f 6336 3945 5525
f 2546 1126 9807
f 5353 6031 3895
f 5639 1984 9808
f 5325 2810 9809
f 2215 1525 38
f 7265 5271 5583
f 6611 2400 626
f 11107 3182 9810
f 7696 7200 5393
f 10992 2669 9811
f 9812 7642 6216
f 6096 1225 9812
f 9813 9365 8656
f 6707 2611 2646
f 9295 1325 8268
f 3676 11619 8708
f 9815 8676 3677
f 8173 2627 8282
f 7769 2824 875
f 5260 4528 6133
f 4552 6086 7430
f 9817 9805 1827
f 9835 655 9818
f 11996 1022 10517
f 10517 9897 552
f 6283 2173 6102
f 4768 4277 2668
f 6147 2451 6521
f 7487 4089 4955
f 10925 2219 10905
f 10905 10442 1080
f 8719 4629 4777
f 11671 9863 7760
f 8559 2045 9819
f 2550 10686 9820
f 11229 10956 9820
f 8817 1533 968
f 5827 1744 7118
f 9573 3069 8101
f 1663 3173 11552
f 9821 7286 4272
f 4936 4043 7902
f 1556 1292 11521
f 4865 9430 6067
f 6717 2403 9823
f 5465 10297 9823
f 7300 3030 810
f 5281 3314 6973
f 7434 8221 9824
f 9825 10145 866
f 9303 10378 9825
f 7322 2444 9826
f 5443 9988 9826
f 10440 3276 9827
f 10762 2814 9827
f 4755 900 9828
f 2806 5933 2566
f 9829 8444 1714
f 1789 3387 9829
f 8077 5309 5325
f 8023 2518 9830
f 6190 777 9830
f 9831 6401 9587
f 9832 6573 2364
f 9832 11989 594
f 6745 1658 7061
f 11 3166 1598
f 5352 5192 7795
f 6870 4563 5066
f 7176 2905 9833
f 9833 919 1674
f 8873 4726 4840
f 6845 5798 6222
f 7454 1324 6242
f 7880 1164 1398
f 9834 2749 3299
f 5209 2142 2907
f 9231 8180 11043
f 8570 2985 11043
f 5582 655 9835
f 4058 7877 9835
f 8532 1966 9836
f 1363 3685 10458
f 6225 4187 4258
f 2914 9228 11643
f 8966 12540 6061
f 9355 1969 9837
f 9837 10374 522
f 5799 2234 7563
f 2366 2401 9275
f 7855 1305 9838
f 9839 7800 3510
f 6473 3571 9839
f 9840 11462 8040
f 8043 2071 9060
f 7609 3428 9841
f 9841 1463 10979
f 9842 4822 2096
f 6819 3420 9842
f 6564 2082 9843
f 7449 10282 9844
f 5486 998 9844
f 9845 6054 5369
f 6549 4299 9845
f 7388 800 9846
f 4982 3791 10582
f 10582 3827 5401
f 8176 2919 11039
f 2357 8176 11039
f 9847 8395 3952
f 9847 11308 31
f 1502 2089 11661
f 11007 11403 9848
f 5085 4986 6563
f 6164 10255 5754
f 9849 3256 3275
f 9034 1529 9849
f 9850 10865 6431
f 10309 1 2584
f 5147 4294 9852
f 9852 11363 4104
f 9853 11164 2309
f 8394 4079 9853
f 10494 3091 9854
f 3128 2813 9854
f 10934 9541 9855
f 9855 9898 11546
f 9791 9041 576
f 9856 6270 3156
f 11510 2922 9857
f 10470 30 9857
f 9858 7303 1783
f 9885 9082 9858
f 9860 8826 3318
f 9860 7531 6921
f 7259 1706 1635
f 9861 9978 1635
f 6004 2376 11779
f 4845 6697 7558
f 9566 3346 8524
f 1752 8524 10683
f 7054 1452 11274
f 5024 11037 4683
f 3788 1330 9864
f 9593 3541 9865
f 9944 1064 9865
f 8123 11228 7300
f 9302 3380 3344
f 8816 2783 11211
f 1560 1423 9866
f 3862 3937 9866
f 6692 4628 5269
f 11468 1526 9867
f 2194 961 11635
f 10160 790 9868
f 8604 3271 2075
f 4398 2358 4324
f 4028 4324 9979
f 6269 783 1344
f 1538 1617 9870
f 6535 4915 5741
f 6393 4242 2298
f 863 8538 10834
f 3751 1464 9624
f 8960 597 9496
f 6953 7189 9871
f 10893 3242 9872
f 10163 2769 9872
f 7947 12058 4738
f 9873 2265 3911
f 9873 10578 516
f 10090 654 9874
f 12382 6227 10052
f 5118 2655 8210
f 8948 3302 9875
f 9875 9227 987
f 856 10894 9876
f 9877 5112 696
f 1012 1603 9877
f 8044 3277 574
f 3995 5740 5516
f 7387 1571 9879
f 9879 12128 7387
f 5498 3929 9880
f 10981 499 9880
f 8237 2761 9459
f 8042 9881 8907
f 6082 5802 7087
f 9882 2547 3419
f 9883 10238 1213
f 9884 10759 1229
f 4377 898 9884
f 11212 11630 3307
f 9676 1136 7287
f 10467 10263 518
f 5538 4945 6951
f 4719 1140 9885
f 9858 3397 9885
f 8889 9625 3062
f 4188 4198 12537
f 9886 11175 9965
f 9886 10726 3977
f 8733 3713 1840
f 10601 3428 9887
f 8419 1157 9887
f 9888 5165 7999
f 9888 8875 4167
f 2589 8371 11878
f 8462 2393 9889
f 6575 2506 9890
f 9816 3160 9154
f 9154 10093 9816
f 8114 3538 567
f 9274 2641 2550
f 3419 3178 9893
f 10216 3179 9893
f 9895 5220 2031
f 7521 1396 9895
f 2213 10014 9896
f 3051 552 9897
f 1623 10123 11556
f 7931 9467 11095
f 2653 6407 9899
f 5981 2630 9900
f 4627 4602 9901
f 9902 10763 658
f 7509 6026 7202
f 82 3408 9903
f 11701 347 6664
f 11805 1515 9904
f 2548 773 9735
f 2448 10326 9905
f 11632 9106 9905
f 7163 3847 9614
f 9738 1145 1894
f 8975 11636 1076
f 9906 4900 4863
f 651 3179 10216
f 9893 1032 10216
f 8679 2083 5551
f 9908 11490 869
f 9908 10637 836
f 7426 2541 720
f 1549 3978 9909
f 5835 1472 9909
f 4186 12573 5782
f 4917 3856 9910
f 5311 2739 9910
f 9911 6809 4246
f 2360 6514 7547
f 2033 3896 9912
f 9912 6634 9345
f 9086 1179 1709
f 6839 3132 9913
f 6419 671 9913
f 8736 9816 10093
f 6175 5394 6626
f 8083 3312 9915
f 8691 3577 9916
f 6287 1572 9916
f 2459 3925 2140
f 9471 3518 9917
f 1435 1967 9917
f 7124 1615 9918
f 9896 10346 2229
f 9284 3615 9295
f 9161 2798 7469
f 9920 9422 10491
f 5096 1994 9921
f 3236 26 8471
f 2226 2761 9922
f 9923 11069 11395
f 9923 10054 926
f 8028 2686 9166
f 9166 2488 759
f 9924 7550 12024
f 329 9924 353
f 9925 10759 2391
f 9925 4927 2181
f 8445 60 4575
f 9135 3855 10256
f 11985 12789 12687
f 6032 9409 6657
f 9926 8776 1800
f 9926 7421 2727
f 7069 3940 9927
f 3897 1474 9927
f 2794 52 8942
f 4530 12281 8922
f 9928 10032 3684
f 9928 1638 2461
f 9929 8708 3169
f 3437 3543 10607
f 9014 1209 10607
f 11634 11371 571
f 9931 9635 3861
f 11142 522 9931
f 9932 4429 4012
f 4028 4432 9932
f 8581 2082 9933
f 5609 584 5733
f 6348 2857 8882
f 9184 11505 3862
f 9866 1423 3862
f 10678 551 9934
f 5932 5616 7246
f 5210 1407 9935
f 7385 2478 9935
f 837 11963 5778
f 8471 3810 9378
f 10382 3531 9937
f 10597 84 9937
f 9938 11357 3118
f 6471 1462 9938
f 10789 3425 9939
f 6737 5035 5789
f 1676 10096 4144
f 9940 4185 4603
f 1643 5340 5034
f 9941 9732 7614
f 1675 2843 10480
f 9942 9462 6012
f 9942 9053 2690
f 10123 1827 11556
f 11983 8589 693
f 4906 7104 8777
f 2719 7049 9220
f 8227 5753 1476
f 7832 9015 8227
f 8330 3942 8431
f 2993 9091 6829
f 9943 7938 1922
f 9944 11088 1839
f 1064 3542 10440
f 8154 3565 1277
f 6363 1319 10746
f 9703 3334 11313
f 9945 7986 2342
f 9945 1625 7258
f 7949 2470 9948
f 2459 83 9948
f 10942 1226 9275
f 7931 3267 10864
f 10155 1882 10587
f 7893 3015 9949
f 9949 9762 1543
f 9950 10222 10623
f 9950 8961 2095
f 3937 3862 9951
f 9951 1981 507
f 9952 8672 4261
f 5399 944 9952
f 6309 7174 9011
f 5256 12601 10325
f 1427 612 10797
f 9545 1305 10545
f 7899 8972 2349
f 11455 2455 10287
f 7816 2428 2455
f 5170 5164 8554
f 9954 5921 4000
f 9954 8033 1609
f 5869 613 7138
f 9955 5604 1775
f 9873 516 1775
f 9956 9653 3166
f 9956 10474 3456
f 9957 7887 2439
f 8957 4089 4895
f 11201 687 10027
f 9345 2033 9912
f 6925 5223 5849
f 9983 6204 2930
f 6231 5980 7578
f 11043 10796 8570
f 9959 10207 8134
f 8422 8392 2916
f 8915 11163 4134
f 6739 1917 9960
f 9960 9180 1298
f 9961 8736 2642
f 9961 3160 9816
f 5765 5069 6872
f 9962 9258 2994
f 9962 11513 955
f 6537 3946 9964
f 9964 7580 3680
f 9965 5085 4200
f 7861 5158 5377
f 7733 2003 5756
f 9966 10120 3817
f 9062 3280 9967
f 9967 8709 1090
f 9968 11888 11957
f 9969 7287 2585
f 2956 2559 9969
f 9970 4148 9901
f 4315 9970 12162
f 10370 3770 9972
f 9192 3270 9972
f 9973 11802 2175
f 2785 3580 10190
f 9377 861 10172
f 5988 3559 7128
f 3564 5891 6744
f 4774 1261 9974
f 5675 3309 9974
f 9090 2411 9975
f 83 2140 9975
f 6898 5054 5737
f 7232 11776 7150
f 9735 773 8468
f 4634 765 9976
f 9977 9883 3990
f 9977 5038 1870
f 7200 2346 4695
f 8298 7994 577
f 7725 2183 714
f 8216 3690 9978
f 7450 1635 9978
f 1851 9512 11378
f 9512 1339 11378
f 5842 5537 4174
f 9364 5887 7782
f 7026 10140 4639
f 9302 7923 3380
f 7923 10681 3380
f 4550 716 2667
f 11596 11025 2018
f 12129 154 4955
f 9815 3676 1741
f 2301 10799 12013
f 7789 2167 9981
f 9982 8787 1934
f 5140 1146 9982
f 5294 998 9983
f 4960 5763 2799
f 9774 11784 10790
f 2536 699 10790
f 7838 1811 8886
f 11982 1819 9985
f 9820 2819 11229
f 6659 9069 9986
f 9987 7190 5318
f 9987 9618 674
f 5822 2780 9988
f 10105 12537 4198
f 5810 2860 8883
f 8883 11588 736
f 7801 791 10344
f 5835 3891 6159
f 8729 2796 8068
f 5203 2127 4968
f 8874 4456 4625
f 9992 10968 3835
f 7863 584 9992
f 6538 1925 2484
f 11044 9544 9993
f 9544 12090 9993
f 10097 10741 10114
f 10368 10097 10114
f 8817 9206 9995
f 8753 2524 11235
f 11235 7213 764
f 4518 10276 9997
f 4681 3554 9997
f 10013 4256 11543
f 4757 4250 12069
f 9980 10159 1544
f 9999 1443 2028
f 9999 8612 970
f 8154 3564 10000
f 3995 2728 10001
f 992 3078 10002
f 1816 3531 10003
f 8936 3755 10003
f 938 2972 10004
f 9975 2140 9007
f 7011 3098 10005
f 10005 8404 606
f 10006 10156 11278
f 10006 10277 576
f 10007 10973 3310
f 7235 2638 10009
f 25 3387 10010
f 7792 3050 1683
f 8779 3605 6361
f 10011 6434 1607
f 10011 7849 7295
f 9668 94 11514
f 10384 11767 1808
f 7597 3724 10384
f 9582 2717 4628
f 8435 11032 10012
f 5617 1988 6737
f 10013 4843 1932
f 6127 4256 10013
f 9127 4164 6863
f 11767 14 10844
f 3417 4884 5098
f 10014 2213 3947
f 10014 8906 3839
f 4074 1268 5517
f 7602 1676 4144
f 7680 3153 10015
f 10168 861 10017
f 10476 2908 10017
f 7983 12206 5473
f 10678 885 10018
f 1647 7949 8593
f 580 3162 1618
f 10020 1735 3478
f 579 9252 3295
f 10088 3490 10021
f 5756 5594 7692
f 10022 5798 8764
f 10022 8706 952
f 3086 819 2675
f 9105 2175 10023
f 10023 9761 1150
f 10024 6392 600
f 10024 6310 1866
f 10025 10001 8999
f 10025 10785 3931
f 10026 2864 2783
f 9958 11593 10027
f 8919 3993 10028
f 6876 3918 10029
f 10029 4694 2185
f 7413 1596 10030
f 8142 11428 1473
f 6527 4924 5886
f 8662 3339 9250
f 10600 2276 3574
f 5177 5009 8359
f 6525 2777 9587
f 6050 1543 10031
f 10031 8510 10779
f 3684 4899 9623
f 6971 1142 10032
f 7467 10294 9517
f 11748 11233 2601
f 4256 4267 6704
f 6127 3194 10033
f 6328 967 10034
f 6013 4617 5723
f 10035 7175 1503
f 6747 9135 10036
f 8631 1901 7658
f 7658 680 2719
f 11847 1904 3761
f 7179 4116 6108
f 3603 5113 6172
f 10082 1602 10206
f 1602 8606 638
f 4971 4193 12591
f 10038 6887 2298
f 5981 3126 5774
f 10039 11270 563
f 10039 11549 1963
f 8576 3988 10040
f 10041 8614 1815
f 9029 1256 10041
f 9355 2409 7898
f 7898 11011 9355
f 10042 12274 98
f 4148 9970 4315
f 5685 2307 10043
f 7227 1070 5380
f 5890 3080 1595
f 9919 2995 10044
f 10044 9118 1589
f 4805 12280 4055
f 10045 1242 3831
f 10046 681 2504
f 7486 2908 10046
f 10047 10295 2945
f 1844 4804 4970
f 712 2196 10048
f 7385 4040 10049
f 6756 2777 10390
f 8682 8888 4908
f 4574 10050 4527
f 2061 4356 10167
f 10051 11475 10960
f 12382 12500 11830
f 7364 4312 4278
f 3332 1224 11644
f 9601 3591 10053
f 10317 3426 10053
f 6656 10652 6785
f 9685 3740 8835
f 10054 6232 2464
f 10054 1528 926
f 6167 7394 10055
f 7398 3863 9652
f 1833 9819 10056
f 11754 2242 10056
f 7920 2687 4304
f 7745 3318 10057
f 10057 9200 1781
f 3600 1729 10058
f 3372 11450 10058
f 10059 5708 2236
f 4333 4310 10059
f 1980 3528 10060
f 10921 3752 10060
f 10061 8415 1887
f 11125 83 9975
f 9814 10016 11897
f 8038 2089 9230
f 8277 11638 7383
f 4508 4485 10062
f 7014 2743 9748
f 8082 3900 9048
f 3576 572 10063
f 10063 11089 1515
f 4525 3922 5735
f 8274 843 5435
f 7274 1753 8623
f 8536 10065 10549
f 2783 2864 10066
f 12066 11211 10066
f 6816 1990 10067
f 7093 3857 10068
f 11643 2623 10069
f 5781 5236 7251
f 3473 11964 7065
f 8069 9553 9727
f 10070 10366 7925
f 10070 6979 853
f 3873 1509 3926
f 5754 6886 6251
f 7530 1178 8081
f 10072 10577 3231
f 10072 11498 1971
f 12100 4482 11978
f 10074 6098 769
f 8885 9482 11027
f 8130 2143 10075
f 572 1126 2546
f 8202 7268 840
f 6938 1843 3536
f 8026 3035 10076
f 10076 8742 1840
f 5263 4088 7298
f 7298 670 5263
f 4546 3129 2394
f 6688 5193 6103
f 2685 931 9322
f 1035 1825 3170
f 4878 10037 8128
f 11458 2129 10562
f 2146 29 10562
f 9214 1907 10078
f 10078 10469 3696
f 10079 5098 1953
f 10079 5315 1286
f 7533 909 10080
f 3870 865 10081
f 8849 1143 8992
f 7246 1373 6059
f 10206 2688 10082
f 10082 9788 1602
f 7640 12114 4146
f 4478 4383 10624
f 11241 3471 10083
f 9406 1780 10084
f 7479 1362 9411
f 8101 3069 1650
f 9810 819 10086
f 6083 633 10087
f 10088 3214 10258
f 2102 3998 10089
f 1464 3751 10089
f 9925 2181 4338
f 9874 2884 10090
f 1621 654 10090
f 11531 10021 8687
f 5464 2148 6385
f 10092 11034 9063
f 8320 2528 9376
f 9082 9885 1140
f 10093 9671 1544
f 5273 3996 10094
f 5115 2379 10095
f 2881 708 10095
f 6056 2601 11233
f 9588 10741 10097
f 3419 2547 10098
f 3375 1151 10098
f 8219 1018 9081
f 10099 7932 1360
f 10978 2376 2386
f 9537 3995 10001
f 10100 9063 2154
f 10398 3712 10101
f 10101 9414 8848
f 6401 9831 10102
f 9358 9696 10103
f 9541 2355 11765
f 1567 1087 8987
f 6577 844 7990
f 7549 858 9757
f 10104 9894 3304
f 10104 10553 10489
f 4198 4188 6733
f 12663 12652 10105
f 8458 3673 5597
f 200 199 6649
f 1646 2885 10106
f 8215 2746 10106
f 9673 10642 2097
f 10107 7253 4521
f 6960 978 10108
f 1819 2820 10109
f 10563 1156 10110
f 7146 12068 2278
f 3262 841 10911
f 1368 9054 5247
f 7768 39 7224
f 6337 5 6148
f 4796 2473 10112
f 9821 6426 4288
f 9821 11850 4194
f 526 1005 10113
f 8276 644 8797
f 11227 9780 10114
f 7360 1036 8994
f 10115 7564 1899
f 4435 2943 8719
f 2321 6891 10718
f 6444 2875 8418
f 8233 753 7492
f 11388 3873 10118
f 10111 2737 841
f 6187 11687 6141
f 10318 3591 10119
f 9271 2588 6626
f 9818 4058 9835
f 3817 5748 10665
f 10120 5063 2855
f 1811 6772 5483
f 6822 10271 4113
f 10122 9725 1081
f 9683 9251 10122
f 3044 10200 10927
f 10245 845 10123
f 4630 9255 8122
f 6321 11911 10647
f 10911 2844 10126
f 9742 1621 10090
f 10127 8642 626
f 11927 10196 3431
f 9067 11343 10128
f 8055 9631 10129
f 9472 9968 10129
f 3815 2144 9478
f 6567 10912 10130
f 10131 10237 1638
f 11440 10570 2240
f 10132 9064 1491
f 6009 4149 10132
f 4850 2224 10133
f 2244 5584 8157
f 9108 2334 10043
f 11729 2511 10134
f 9677 2503 10134
f 7414 6092 7695
f 10135 11294 5837
f 5837 2971 10135
f 4226 12574 12273
f 2621 2679 10136
f 789 11803 1208
f 8014 2417 7426
f 4527 1372 1942
f 10137 11862 2767
f 1089 6022 9461
f 5660 4821 3213
f 10138 7534 2203
f 10139 1379 2033
f 9345 1493 10139
f 10140 7026 2046
f 10140 5702 2056
f 10141 6781 4106
f 10141 6975 4029
f 5092 3649 10142
f 10143 11354 4869
f 10143 3836 503
f 8904 1930 10144
f 3525 1252 10144
f 6837 7571 10145
f 8716 866 10145
f 10146 9780 3429
f 9401 987 10146
f 4511 4472 10147
f 6174 1496 6520
f 8572 4505 4735
f 11089 3418 11837
f 4425 10225 10149
f 4811 1003 10149
f 10151 10475 2791
f 10151 9920 10491
f 5803 4032 6919
f 9566 3345 10153
f 7623 2522 10154
f 8240 1159 9452
f 7861 5408 5658
f 6261 3041 9843
f 9843 8581 979
f 10156 10085 11278
f 7828 964 10156
f 6264 4580 5524
f 5896 1377 10157
f 10158 9352 9813
f 10158 10600 8534
f 10778 6661 3867
f 5678 790 781
f 5104 1814 1107
f 2983 1107 11087
f 7485 3474 6366
f 3334 1145 10161
f 10162 6437 2537
f 4894 703 10162
f 7998 9101 11052
f 11052 2856 1336
f 8904 3914 1930
f 11211 12066 1492
f 7296 2 3833
f 10164 11231 3887
f 10164 8897 1940
f 4885 3704 8990
f 7443 2509 5629
f 5007 2467 5042
f 3342 1670 10165
f 1005 526 10165
f 10166 11270 2975
f 10166 11343 1099
f 6582 4054 6338
f 8445 4729 4780
f 9306 2929 8984
f 1980 8597 3528
f 10167 9633 2061
f 4356 11206 10167
f 9903 3408 11516
f 10161 1145 11516
f 6052 2052 7037
f 6584 3994 1154
f 10169 11059 3441
f 10169 8567 1163
f 11012 2458 11780
f 11117 1874 10170
f 10170 8396 3613
f 10466 2074 10171
f 9801 1343 11961
f 6018 8966 2687
f 8896 3260 9202
f 10173 8504 2050
f 9864 1330 10173
f 8658 2359 10174
f 2004 3191 10174
f 9313 3175 10824
f 6510 4301 4808
f 8783 11071 1764
f 8307 3695 10175
f 10175 11782 1234
f 4894 3038 703
f 10176 2077 703
f 3725 5757 6209
f 10177 10242 3443
f 12881 12453 10184
f 12440 445 12450
f 12374 10181 2597
f 10976 12519 12146
f 5179 2987 8612
f 5586 2172 1499
f 6327 1412 523
f 11505 3960 10186
f 11313 3334 10186
f 9592 1644 1816
f 8406 605 4713
f 5308 3497 6355
f 7176 1925 915
f 10187 2058 569
f 4818 5066 6029
f 10036 3778 1945
f 6640 8853 4129
f 10189 5788 1329
f 11094 2785 10190
f 6300 4281 11174
f 2426 747 10191
f 6948 1630 10191
f 8079 1014 7799
f 10192 7548 2192
f 7152 1563 10192
f 7448 1189 6197
f 9398 3181 58
f 10195 7424 2816
f 6255 2572 10195
f 12560 12210 12910
f 5284 3729 9960
f 1127 3431 10196
f 10197 10671 3805
f 5955 2544 7754
f 10198 11526 2975
f 10198 11225 9432
f 12047 6706 11137
f 6766 1175 7065
f 7386 9453 8748
f 11744 1959 1054
f 9327 8817 9995
f 4122 6279 7472
f 7386 2441 1875
f 1091 3305 3284
f 1382 10300 91
f 10201 10344 791
f 6208 2774 10202
f 9701 11085 10230
f 10203 9268 606
f 10203 11283 1497
f 2865 7054 11274
f 6783 7531 634
f 10161 3477 10204
f 11823 3334 10204
f 10205 9013 2768
f 2674 9203 9324
f 9850 2584 1
f 3529 1 10309
f 2120 2688 10206
f 10309 961 10209
f 9438 1916 2549
f 10210 8000 604
f 10210 6046 3987
f 9903 1752 10211
f 10172 2784 10212
f 5820 3699 7917
f 4173 4253 10213
f 5892 981 10214
f 11771 3771 10215
f 8851 651 10216
f 10217 10381 2252
f 10217 1587 1458
f 7897 4492 7558
f 10218 6285 8981
f 6511 3214 8464
f 8233 2532 10219
f 10219 10581 768
f 9880 3929 9301
f 9657 3750 9278
f 10220 7542 3956
f 10220 7955 3987
f 9543 3040 9933
f 10221 7823 3804
f 10221 10736 1342
f 7669 2267 10222
f 10223 5853 3714
f 10223 9640 10915
f 5711 4202 7147
f 11689 7844 3973
f 8294 2400 5424
f 8226 1464 10089
f 920 6844 2665
f 4450 1649 10225
f 2380 6569 6573
f 9406 3582 11094
f 6024 769 10226
f 6829 8726 10226
f 5833 3533 6734
f 6369 8770 8977
f 9659 541 10227
f 10227 11321 1231
f 7556 7986 4011
f 10228 11439 2324
f 10228 9693 8657
f 6732 3843 6821
f 11905 10664 1266
f 10551 8134 8681
f 6791 671 10229
f 8942 11107 9085
f 10236 12845 4333
f 9353 2486 10231
f 10231 9282 1304
f 10232 6474 982
f 7606 8886 923
f 9765 2555 9555
f 8932 1513 10187
f 6966 1322 6675
f 10243 2989 10924
f 1151 3178 3419
f 10234 6042 2789
f 2629 3299 10234
f 1797 2020 10235
f 10236 10059 2236
f 9310 953 3461
f 10238 10471 2055
f 6041 1213 10238
f 6628 5841 6978
f 10240 9286 857
f 7306 6149 6564
f 3713 977 1840
f 5321 3185 10241
f 10241 9187 1088
f 8215 3443 10242
f 10242 7880 2108
f 3084 2989 10243
f 10243 8792 11047
f 6514 9032 10244
f 4288 2308 10244
f 5806 1649 9185
f 10246 10402 3865
f 10247 11149 3799
f 1337 9328 8434
f 10248 8668 1575
f 3029 7854 7440
f 1853 3626 11312
f 11623 1853 11312
f 5721 2052 10249
f 8888 2333 7238
f 10250 5505 3023
f 10250 4388 2553
f 9811 11684 10251
f 11585 2722 1559
f 10907 1977 10253
f 10262 11015 10253
f 6417 2962 5980
f 11133 2864 10026
f 6320 2744 10254
f 10645 2924 10708
f 8385 1040 10708
f 2613 10918 4941
f 10255 9316 3153
f 10255 6164 3712
f 7542 5266 5793
f 11621 3777 10256
f 5344 4942 8022
f 10257 7216 1890
f 7397 8209 10257
f 7971 3396 5138
f 8523 2718 11662
f 10258 3490 10088
f 9367 2135 5084
f 1192 3242 10259
f 6718 3651 10260
f 6389 3509 7143
f 6251 5628 7262
f 4630 4090 12173
f 10087 633 10262
f 6439 3358 1121
f 9099 2934 8198
f 6275 2120 7631
f 10263 10467 1522
f 4286 7364 5638
f 10264 6743 3453
f 10264 7848 2889
f 2546 3418 11089
f 10148 3375 11837
f 10265 5194 6382
f 10266 8493 4027
f 10266 5709 807
f 5219 4077 10267
f 11483 10267 5501
f 2618 10479 11955
f 8864 1748 2618
f 10269 10308 2103
f 2265 548 10269
f 10270 8893 4066
f 9691 2880 4713
f 10271 6822 4289
f 2352 5795 5854
f 7393 2183 10273
f 10273 10996 1504
f 6323 2186 8675
f 10275 327 326
f 4799 4142 10276
f 6388 4045 11723
f 11816 11723 11609
f 9140 576 10277
f 9590 1186 10277
f 6636 2881 10095
f 10278 10484 6055
f 10278 2587 779
f 9868 2584 10160
f 8874 1817 4962
f 10279 7636 3575
f 10279 5045 807
f 7022 1027 9737
f 2075 3026 10280
f 6957 973 10280
f 3543 3437 10281
f 7596 3485 3719
f 11553 3916 4929
f 3916 8141 775
f 8373 3054 7
f 7011 2624 10282
f 6653 2750 10283
f 11578 8440 10283
f 11921 11300 2156
f 10496 11101 11300
f 8036 8292 10284
f 5742 8292 11160
f 3952 2150 10285
f 9239 6992 1495
f 11689 3854 10646
f 9378 2074 10646
f 10286 12220 3402
f 23 3917 10287
f 9916 799 8691
f 10288 11389 9894
f 10288 11291 563
f 10289 7388 1596
f 8179 4045 10289
f 10290 6162 756
f 10291 7945 3323
f 10291 10809 5577
f 3450 2065 10292
f 8806 3477 10293
f 10585 1177 10293
f 10294 9612 588
f 1695 7467 10492
f 6324 1523 6536
f 10295 11299 9379
f 10047 2249 10295
f 12167 11545 6225
f 5811 5120 7339
f 4699 3152 10296
f 3152 2713 10296
f 5465 3185 10297
f 5563 2652 5045
f 6128 1115 5910
f 6178 2135 1940
f 6546 4427 6188
f 5868 4326 4785
f 8543 5196 5370
f 10299 10772 3245
f 11214 11613 10299
f 7382 10835 1450
f 10301 11426 7535
f 8597 731 3528
f 7332 11793 8717
f 6651 12126 5405
f 5766 1927 10304
f 10304 677 1246
f 9761 3414 2232
f 10305 10977 2012
f 10305 10328 3700
f 6096 3593 7339
f 7053 3326 10306
f 10306 11126 1109
f 9279 4819 4959
f 5230 4282 10307
f 5598 4072 10307
f 10308 10269 2443
f 2798 1047 10308
f 4428 3922 10310
f 8168 2772 9095
f 3212 684 10657
f 2653 6568 6407
f 4010 8163 10311
f 6801 607 10311
f 10312 6424 7665
f 11866 10154 844
f 5347 2951 10313
f 5890 934 10313
f 8305 2560 10314
f 6387 4185 2341
f 5855 695 10315
f 7886 2994 10316
f 10316 9091 2535
f 8077 4124 1514
f 10841 3501 10317
f 11834 8789 9675
f 7449 6113 7608
f 10319 8021 3423
f 8110 9808 10319
f 10108 2909 6960
f 604 840 1609
f 8536 3353 8738
f 3869 4469 5067
f 10320 9183 4842
f 10321 7702 1783
f 10253 1977 11618
f 7190 9987 674
f 8532 1341 1339
f 6942 5488 6440
f 5566 2331 10323
f 6900 3310 10973
f 12186 11587 4252
f 4594 4252 4771
f 8663 8082 11622
f 4474 4350 10324
f 10325 12601 12230
f 7457 3944 10930
f 10930 4164 7457
f 10149 10225 4830
f 10327 11103 2217
f 10327 9613 947
f 10328 10355 3700
f 8116 1280 10328
f 7249 3691 7272
f 7348 3448 6440
f 4422 11916 11756
f 1780 2246 10329
f 9273 91 10329
f 6403 1914 5536
f 2676 2582 10330
f 10102 9831 2727
f 11426 1656 10331
f 8490 2956 10332
f 7925 936 10332
f 8032 1971 9996
f 12154 4695 12146
f 5036 12711 11420
f 5809 5036 12447
f 10334 10791 4677
f 6642 12161 11633
f 6352 2022 10335
f 5315 10079 10335
f 10336 10719 1228
f 7090 3306 6566
f 11516 3345 9903
f 7996 7713 10337
f 10337 6263 855
f 5948 3080 10338
f 4712 645 10339
f 7868 2313 10340
f 10340 9009 1517
f 10341 7933 6077
f 8441 527 10341
f 10029 3918 4751
f 10342 7901 630
f 10342 9330 2726
f 3514 10333 11077
f 10343 7325 9203
f 7818 3997 11132
f 7490 10971 10875
f 6847 2230 6345
f 8751 4969 5191
f 9820 3343 2550
f 10344 8392 3083
f 6186 9017 2154
f 6682 1661 6186
f 7078 3833 10345
f 7500 6493 10345
f 10053 1306 9601
f 9896 3839 10346
f 5455 2229 10346
f 10347 7547 2308
f 10347 10720 700
f 6888 1619 7396
f 6189 3003 10348
f 8736 9961 9816
f 4481 3034 10349
f 5561 544 10349
f 11246 8131 7456
f 10063 1515 8588
f 5697 2266 5815
f 926 10504 10351
f 6623 1812 10351
f 1804 3246 10352
f 8553 644 3246
f 10353 10669 3675
f 1709 540 10353
f 10354 5123 1564
f 6778 545 10354
f 8040 2186 9840
f 5269 2717 6236
f 8696 3700 10355
f 10355 8346 3893
f 10356 9125 1540
f 552 986 10356
f 10357 9028 2744
f 7654 9303 10357
f 7882 10372 10359
f 999 1949 10360
f 7459 9684 10360
f 2822 1910 10361
f 1556 2080 7197
f 9934 9488 8045
f 9588 1188 1841
f 6725 2581 3541
f 10362 11258 10787
f 1424 697 11295
f 5871 2521 10363
f 5657 726 10363
f 5747 5668 8378
f 9389 10125 1367
f 11541 8685 9398
f 10899 10081 2797
f 7731 613 10899
f 4953 10364 9620
f 3971 6551 5608
f 3971 8469 1008
f 8137 1073 10365
f 2324 8084 10228
f 936 7925 10366
f 496 3335 10367
f 10368 9227 8573
f 10114 9780 10368
f 6328 3165 7131
f 9627 1410 11655
f 9035 3578 1230
f 8762 11175 2763
f 6674 1665 6606
f 9373 3793 8094
f 11927 2846 11517
f 10128 2846 11927
f 9463 3462 10369
f 7119 6150 2289
f 10174 1037 8658
f 8135 2317 9689
f 9972 3875 10370
f 3770 8659 1972
f 8386 1220 6381
f 6402 2526 10338
f 11590 513 10371
f 2112 2187 10371
f 10372 11955 7953
f 10373 9289 2641
f 805 1633 10373
f 10375 7744 2636
f 10375 7981 1051
f 3341 3082 10376
f 10376 9357 1118
f 10377 8839 2734
f 10377 7955 1425
f 9432 2162 9754
f 7115 686 7124
f 4969 4912 9724
f 11684 1559 2722
f 5746 4725 6739
f 6208 10202 10379
f 9483 903 9153
f 10380 10798 7812
f 8430 1793 10380
f 10381 10217 6371
f 8952 993 9891
f 9937 3661 10382
f 10382 8936 3531
f 7099 2804 10383
f 2946 1483 10383
f 8156 2539 3480
f 8405 4647 5023
f 5887 3695 7782
f 5373 3975 6861
f 8256 10103 9696
f 6154 11496 11467
f 6154 11303 5410
f 3767 14 10384
f 11291 10288 2913
f 5966 3053 9786
f 11225 3852 9432
f 4327 2942 10385
f 10385 9567 930
f 6977 7638 10386
f 8960 2651 10387
f 7890 1675 10387
f 7814 11395 10388
f 6902 661 10388
f 10389 4347 812
f 10389 5336 4423
f 8218 1012 9877
f 11908 7459 612
f 4162 8175 9465
f 10390 10049 4040
f 7311 5712 6435
f 10391 11229 2819
f 10391 9665 1255
f 10392 9191 3266
f 8623 510 10392
f 7622 607 10393
f 3990 2354 5718
f 7245 3543 10394
f 7830 5857 9678
f 9527 12057 10395
f 9277 5264 5166
f 11184 1633 10396
f 10396 1747 1
f 7776 3447 11585
f 1201 3527 10397
f 1948 2432 10397
f 8715 957 7174
f 9316 3712 10398
f 10398 8620 2921
f 5392 3964 8520
f 5120 1449 9241
f 9019 11128 595
f 5971 5139 7247
f 10399 575 3001
f 7353 916 10399
f 4696 11718 8865
f 10400 9797 1812
f 10400 12048 1359
f 8693 497 4014
f 7626 3398 10401
f 10401 9608 3148
f 8953 3498 10402
f 10402 10405 2012
f 4514 4458 11532
f 10403 8884 556
f 6124 6243 9061
f 5274 4658 7584
f 5658 2765 8652
f 6200 4158 7778
f 733 11617 2687
f 6649 199 10404
f 8116 2012 10405
f 4321 4166 10406
f 7807 3718 10407
f 10407 8563 1249
f 10408 10636 3083
f 8392 10408 3083
f 6178 1368 6867
f 2545 7724 666
f 6748 3164 10409
f 7880 10242 6284
f 6284 8199 1164
f 11702 509 3943
f 3443 11447 8695
f 10601 49 3979
f 9329 1012 9342
f 7312 1769 11616
f 1736 3492 1180
f 6693 1591 11697
f 12011 4876 4963
f 10412 10594 3421
f 7637 985 10413
f 8214 8959 8977
f 8757 2375 4040
f 6121 1381 10414
f 8424 4433 4721
f 4033 5044 8232
f 8768 4216 10415
f 8286 2439 9226
f 8505 1514 4124
f 5141 4513 7140
f 11761 1654 10416
f 10417 10915 3568
f 7063 2421 7508
f 9312 3044 2589
f 9349 2972 10418
f 10419 6989 2651
f 8256 1582 10419
f 10298 1539 3597
f 7995 6373 6380
f 3891 3918 10420
f 10421 11996 8302
f 3058 951 11965
f 6925 2567 5993
f 8161 2660 11264
f 6839 1785 2072
f 2692 5656 10784
f 6714 2412 2692
f 9042 10717 2245
f 6439 2413 7177
f 3289 1646 10423
f 10425 1350 1343
f 9836 3685 10658
f 10426 9545 9230
f 9230 1502 10426
f 6603 601 5706
f 6857 6112 7567
f 7739 761 6632
f 10427 8753 3012
f 10427 8281 2526
f 7923 3161 10681
f 6721 2954 6942
f 8462 18 7763
f 10428 9806 2227
f 10564 1777 10428
f 6940 529 11892
f 10359 10372 10429
f 8697 723 11384
f 5416 3036 7441
f 3333 7598 3781
f 9285 3228 10845
f 3878 6572 5150
f 10430 8278 10989
f 9734 3363 5124
f 7719 1329 5326
f 10028 2377 11401
f 10431 8538 863
f 222 221 10432
f 4251 4213 10432
f 8786 2375 8859
f 6932 5720 6835
f 4756 2272 10433
f 4802 7851 6607
f 10239 8778 10434
f 8925 1571 10435
f 7156 1388 10435
f 6795 590 7200
f 7574 2662 10436
f 9637 2200 10436
f 9656 1539 11841
f 10437 4015 1795
f 4957 4013 10438
f 10439 9665 3175
f 10439 10565 1376
f 10440 11273 48
f 7090 3526 6121
f 5913 5023 7226
f 6516 6491 7941
f 5695 708 10441
f 10285 9847 3952
f 9889 2393 2737
f 6372 1773 6798
f 7591 3385 7812
f 11002 3059 10442
f 8632 1080 10442
f 11478 2786 10443
f 11773 9572 10443
f 6447 11597 10682
f 7740 7905 10444
f 10445 8908 3632
f 10445 8031 2336
f 8248 1228 1320
f 5289 4669 1881
f 10446 4555 4303
f 4393 2899 10446
f 3350 1937 10448
f 5272 1243 10448
f 11989 11049 9042
f 11323 3640 10450
f 10450 3737 1926
f 8648 2716 9658
f 6105 5146 7131
f 9334 6406 623
f 9501 1707 11524
f 1205 3534 10451
f 6492 5956 7584
f 6354 1619 8451
f 4990 12610 12603
f 10452 10977 1367
f 10452 10577 518
f 3279 1623 10453
f 11155 4182 10454
f 4993 4135 10455
f 1339 1341 557
f 8697 2332 10456
f 10583 8878 10457
f 2790 1720 10457
f 11156 3717 10458
f 4723 3079 10252
f 9589 1201 8305
f 5532 1318 11666
f 10459 9636 2791
f 10459 9265 8427
f 10635 10435 1388
f 8292 8036 10460
f 7607 847 10460
f 20 3425 10410
f 10272 1091 10461
f 10008 8246 16
f 10021 3490 11522
f 10462 8271 2326
f 10462 9976 765
f 10359 10429 723
f 7697 6023 6466
f 7685 579 3295
f 8468 3375 10098
f 8722 5082 5349
f 8956 1277 3565
f 5258 3395 9414
f 6201 5274 7221
f 8250 10630 10464
f 7198 1889 10464
f 4096 5663 7465
f 7759 1724 6729
f 9544 11044 8834
f 3717 1964 10465
f 10465 10734 1292
f 7853 8730 3946
f 10424 2000 10466
f 6999 2494 6123
f 10467 8012 1522
f 3985 1794 10468
f 3966 71 10468
f 1315 3532 10469
f 8491 3696 10469
f 10471 681 2055
f 4145 5812 11999
f 10472 6712 9782
f 10098 1151 3419
f 9733 3224 3465
f 3465 11511 9733
f 5889 2683 8503
f 3033 3315 4353
f 11721 11461 3359
f 10601 10631 3428
f 9887 2014 10601
f 4457 4342 10775
f 10474 9956 3232
f 10474 6215 1766
f 9269 1289 10475
f 5265 3232 3457
f 5380 1726 5265
f 10476 10046 2908
f 10017 1632 10476
f 10477 10498 3664
f 10477 8091 3388
f 7973 4763 5330
f 10083 1413 3879
f 10222 8542 10478
f 7635 6254 6676
f 10479 2618 10268
f 6410 668 10479
f 10480 10387 1675
f 6893 597 10480
f 9669 2327 4925
f 6311 2196 9976
f 8872 5143 5356
f 9351 826 9198
f 5834 890 10481
f 10482 8033 3415
f 10482 9835 7877
f 9711 1381 1930
f 7179 5661 5722
f 2824 10471 7102
f 7208 2247 5339
f 5203 4939 1250
f 6489 3850 10735
f 6128 1389 6080
f 8127 61 10743
f 7745 1781 10483
f 9590 11278 3287
f 1186 1778 8869
f 8635 979 8581
f 8955 6055 10484
f 7709 683 10484
f 10113 94 9668
f 7159 6700 7549
f 2106 6791 7996
f 7113 1785 10486
f 10487 11087 3322
f 2518 6617 9388
f 9442 10910 7129
f 10488 8827 7943
f 937 6836 5986
f 7263 6588 2636
f 2469 11584 7817
f 5892 5876 8572
f 10489 9568 10828
f 10489 10553 8104
f 5758 2580 10490
f 8239 10091 10491
f 8057 1695 10492
f 10492 7891 10423
f 5328 3633 10493
f 6533 598 5755
f 1570 2129 10819
f 9768 10082 2688
f 5961 3553 9883
f 10494 9008 3091
f 2813 10494 9854
f 11524 3546 10495
f 11591 3307 10495
f 6769 7981 2637
f 11921 1334 10496
f 8993 1648 4739
f 8704 4012 4024
f 6091 637 9921
f 10157 8006 2087
f 11497 1768 10497
f 10497 11331 3949
f 6678 2128 10498
f 7670 3664 10498
f 9889 2737 10499
f 7712 559 11376
f 9145 4020 5139
f 4536 727 10501
f 3808 5877 6544
f 5379 2456 10503
f 5055 1955 10503
f 7376 6722 7222
f 4568 12422 4806
f 7681 512 9435
f 5007 4665 7613
f 2339 7255 7892
f 10504 1528 8150
f 7642 6751 6216
f 4266 3194 9283
f 10033 12340 4267
f 12010 10394 10281
f 5246 2639 5564
f 11952 8651 3016
f 7009 5201 6348
f 1928 1322 10509
f 10509 8196 6399
f 8319 6653 3297
f 9311 11457 9385
f 6273 8625 10510
f 5972 1514 8505
f 10947 10954 10511
f 10512 10545 1305
f 10512 8591 9851
f 11919 2782 10066
f 6255 860 7894
f 7188 5299 6308
f 10580 1157 1272
f 7312 1962 10518
f 2955 6578 2700
f 9722 1252 8301
f 3042 3048 10515
f 3642 3042 10515
f 6053 4732 6508
f 10516 7593 9326
f 10516 8261 979
f 10517 11368 9897
f 6899 2620 6150
f 1510 1939 10519
f 10740 10519 3530
f 893 2869 10520
f 10521 9823 10297
f 10522 9271 3043
f 9713 1198 9581
f 3935 1922 10523
f 7995 5245 5794
f 9064 2607 2426
f 8595 1453 10524
f 7685 10061 10524
f 10525 11055 2736
f 6117 1631 10525
f 1112 2013 10526
f 1380 3331 10526
f 8890 996 5368
f 7816 1605 10527
f 10527 22 1120
f 11539 3661 10528
f 9669 1864 4967
f 2804 2542 10529
f 10529 11036 10833
f 6523 5833 7562
f 1024 5676 1712
f 5196 1782 8798
f 6748 2978 10530
f 6307 2957 10530
f 7113 3780 719
f 4610 2042 10531
f 10532 6828 3858
f 5772 3252 10533
f 5979 1071 10533
f 11910 3650 10534
f 10534 11452 1251
f 10716 9550 10208
f 9509 1608 10716
f 2251 10478 1402
f 9060 2071 10536
f 10536 8491 1346
f 10537 8245 3076
f 1662 7086 8380
f 7077 4186 10538
f 5782 4269 10538
f 10539 10188 7483
f 7662 1778 10539
f 8398 3700 538
f 5276 3100 10540
f 9305 4219 4229
f 10864 10587 1882
f 82 11594 10541
f 4561 10531 10542
f 6540 1110 1994
f 7869 7202 6026
f 10543 4353 3315
f 4611 3034 10543
f 9178 5426 5466
f 9427 3025 5184
f 10544 6660 3744
f 7130 3871 10544
f 10545 8746 8038
f 6131 2703 8010
f 4547 4388 3023
f 2508 3574 9798
f 4507 5114 10546
f 10547 7344 1624
f 7172 3188 10547
f 10513 860 7121
f 10548 6990 1225
f 9080 4535 4825
f 6501 4042 6000
f 5597 3353 10549
f 10619 2071 11309
f 11309 2112 513
f 7568 1700 10550
f 5994 555 10550
f 6856 6411 7639
f 10551 10717 2917
f 10551 10408 8422
f 7964 3539 10552
f 10552 8125 8439
f 3304 2661 10553
f 9440 8104 10553
f 9898 1623 11556
f 7378 3587 8090
f 1265 2770 10555
f 10555 9769 856
f 8129 10208 10556
f 6802 5543 905
f 5094 7518 10557
f 12262 12254 1366
f 9400 6105 1636
f 9117 10506 10558
f 10558 8042 1374
f 2381 8249 3841
f 11900 6531 9724
f 1836 11401 10559
f 10559 10953 11200
f 12236 4044 4865
f 2114 578 10560
f 3046 3192 1038
f 10561 6375 3658
f 10561 7421 2699
f 9265 10459 10880
f 7914 1906 7650
f 4943 4776 9776
f 9863 1887 8415
f 10562 9659 2146
f 3408 82 10585
f 3479 1177 10585
f 11075 1810 10563
f 5287 7042 8017
f 2039 10760 12529
f 10428 3333 10564
f 10564 5312 1777
f 9313 10886 10565
f 10897 1376 10565
f 1425 6992 8177
f 8274 6250 6316
f 4375 2671 10566
f 10110 3629 10568
f 9989 1306 10568
f 10569 6072 11535
f 10218 8981 10569
f 5595 2649 5383
f 41 2240 10570
f 8012 1390 10570
f 11577 1905 9338
f 9338 559 1370
f 6155 2268 6964
f 8537 3291 8524
f 5324 1439 7967
f 1375 10508 10571
f 6382 1915 10571
f 6517 2395 10572
f 8506 2505 10572
f 9397 3415 7677
f 7677 4000 10840
f 4306 11981 9181
f 8058 5430 5949
f 9592 1816 9297
f 6648 6625 1728
f 11181 7291 10230
f 5186 4640 4006
f 6922 1176 10574
f 2480 3710 10575
f 10576 10625 3518
f 10576 3518 9471
f 8339 2958 11239
f 9030 3231 10577
f 8032 518 10577
f 7815 8651 6025
f 10578 6968 3853
f 6282 516 10578
f 7503 3008 6779
f 10579 6046 10210
f 10579 604 8739
f 9022 6116 10581
f 6116 768 10581
f 8990 5440 5567
f 9476 3256 9549
f 6682 2128 1661
f 6726 761 7739
f 2046 3868 10582
f 10138 2203 10583
f 9350 995 11191
f 6452 2595 7941
f 7393 3851 7605
f 7605 714 2183
f 7647 4284 7154
f 8817 968 3019
f 6865 11728 876
f 6622 3720 7389
f 9262 3101 3804
f 11219 10487 3322
f 5053 959 9984
f 7137 2044 7693
f 3782 30 10586
f 10424 3332 10586
f 7889 1793 10000
f 9909 1790 5835
f 10588 7122 1323
f 8152 1166 10588
f 10589 9460 2878
f 8480 1281 10589
f 7969 5837 1399
f 3005 1445 10590
f 3965 12268 5635
f 8239 8946 10091
f 7209 2106 7796
f 8999 619 6771
f 754 6065 2648
f 6852 2638 10591
f 9104 2073 10592
f 6718 10260 10592
f 8175 4162 10390
f 2515 7297 6832
f 1935 3421 10594
f 4569 1152 10594
f 4450 4425 10595
f 10595 4643 4103
f 1751 1032 10596
f 10353 3675 9319
f 10597 11907 901
f 9087 11060 9444
f 1255 11982 9985
f 6937 1909 1036
f 10598 2222 1036
f 6721 5435 7014
f 4698 2076 10599
f 5205 4598 7787
f 10600 11015 2276
f 3574 8534 10600
f 10602 8706 1664
f 10602 7637 8283
f 6400 1402 8575
f 11134 11359 2752
f 9646 9233 3840
f 11580 3359 11461
f 9067 3431 9033
f 11510 3784 10603
f 10660 2752 9368
f 8683 2002 6670
f 6520 5413 7229
f 7365 35 10195
f 10605 7471 1535
f 10605 10460 8036
f 6706 647 10606
f 11149 3437 10607
f 536 2414 3950
f 6506 5434 7279
f 7543 1592 10608
f 10608 11261 1002
f 10944 8992 1143
f 1584 11792 1040
f 10609 7638 968
f 538 8696 3657
f 8376 3514 10610
f 10610 8256 9696
f 10611 1171 3567
f 5453 1749 8293
f 4769 2420 8433
f 2786 2781 10612
f 4284 9079 2712
f 8164 7752 7155
f 7155 6765 65
f 6508 1440 7508
f 2029 1236 11304
f 6158 1484 11304
f 7238 2333 946
f 6291 1738 1575
f 8559 9819 1833
f 8155 825 7
f 6423 5393 7317
f 5568 3361 10613
f 10614 11307 2277
f 10615 5406 11839
f 10615 8747 2318
f 10616 9039 3958
f 10616 6990 2342
f 9585 3955 10056
f 5588 3582 10084
f 6825 5391 6872
f 6230 63 7067
f 6299 1902 6893
f 3784 847 11134
f 10618 11657 2764
f 3820 2071 10619
f 10286 4067 5751
f 7501 7233 6198
f 2377 2389 11506
f 10118 571 10620
f 7302 1738 10395
f 599 3845 10621
f 10040 1977 8576
f 10622 7297 2360
f 6449 5503 10622
f 10623 2251 7871
f 9196 570 5247
f 4675 2497 10624
f 6973 5020 6252
f 9538 1112 10526
f 10625 11236 3518
f 8589 1471 10625
f 10520 2868 802
f 8282 893 10520
f 3086 57 10626
f 994 1420 10626
f 6202 2903 10627
f 10628 550 3527
f 9589 1862 10628
f 7496 1600 8871
f 7236 2672 10629
f 10629 7853 6786
f 22 10527 10630
f 6343 3336 6766
f 3183 4432 10651
f 4574 4527 10651
f 9472 1081 9232
f 10186 1433 11505
f 9841 3428 10631
f 6622 3605 7495
f 8484 2571 10632
f 10632 9382 34
f 10681 3160 10633
f 2502 7478 7815
f 1970 7209 10943
f 7296 3780 10634
f 6650 12215 12130
f 1018 1076 9919
f 9529 1451 7675
f 9373 1335 1639
f 2781 2786 10635
f 8981 3953 4589
f 6003 739 9772
f 8876 3084 10636
f 8952 3083 10636
f 8631 2719 10637
f 7336 836 10637
f 8222 3010 555
f 11515 914 1883
f 7507 849 10638
f 10638 5637 7507
f 7734 2543 10639
f 10639 11086 999
f 8087 4846 2668
f 9466 1279 11747
f 7137 6319 7427
f 6459 8107 10640
f 6646 5872 7640
f 6187 1360 1214
f 9768 2688 10641
f 10642 3710 2480
f 2097 5102 8529
f 8677 2011 9998
f 8410 1432 6059
f 9100 5608 5668
f 10643 6306 3939
f 7587 1154 10643
f 11829 10159 9980
f 4667 2689 8433
f 7224 6011 7116
f 5493 5125 8731
f 3224 5878 3351
f 5683 5581 9031
f 5468 5233 3290
f 10644 10677 2762
f 10644 10332 2956
f 1921 4541 7284
f 10708 2866 10645
f 6997 4167 8875
f 8733 8742 3243
f 10647 6505 772
f 6089 11003 1284
f 10648 1802 3512
f 3385 3578 10648
f 9922 5717 2226
f 10566 4737 4375
f 295 12245 296
f 2120 11256 2334
f 10641 2688 2120
f 4656 3183 10651
f 10514 1272 1157
f 10652 851 6785
f 7116 5483 6772
f 5343 4149 10653
f 2425 5205 7029
f 11798 2564 782
f 10654 6612 1866
f 10654 8465 870
f 10436 732 9637
f 9173 3782 9524
f 5763 5341 8482
f 10655 1045 3206
f 8780 550 10655
f 4754 2370 9724
f 6472 6913 7151
f 6595 7539 2535
f 6055 750 9654
f 10656 10931 3620
f 10656 6361 3693
f 10657 5852 3212
f 684 8066 10657
f 557 1341 10776
f 9827 1064 10440
f 10119 1350 10318
f 5804 3569 6826
f 32 921 10660
f 9775 11265 10661
f 3248 3546 10661
f 8806 1177 10367
f 3792 1482 1333
f 9184 1423 10662
f 8401 904 10754
f 10663 12153 3663
f 10528 84 10663
f 8238 2157 9716
f 7535 6401 10301
f 4925 4451 7765
f 2735 5748 5308
f 10665 11348 2538
f 7821 1568 10998
f 5054 8755 10666
f 10666 4659 2520
f 6687 3653 10667
f 6151 709 2441
f 12438 6446 12433
f 5438 1452 10668
f 6286 2649 5769
f 8983 3675 10669
f 9982 1146 10669
f 1298 9180 10670
f 10699 2615 10670
f 2503 3805 10671
f 2500 760 10671
f 6730 6362 7987
f 7438 6241 7109
f 6665 4083 5257
f 805 2641 9274
f 5795 7470 10672
f 10705 640 10672
f 8852 9881 10673
f 8649 8852 10673
f 10674 8027 8765
f 10674 8569 8655
f 9509 3589 10862
f 5452 5313 9287
f 4599 812 9720
f 11922 3319 6122
f 7462 11502 7751
f 8243 3948 12065
f 3362 1197 9323
f 2381 749 6677
f 3600 11450 7933
f 7892 2756 10675
f 7510 2339 10675
f 10676 9252 9219
f 5389 1048 10676
f 8520 10837 622
f 10677 8522 2762
f 2964 1705 10677
f 10018 3624 10678
f 9934 885 10678
f 2359 11060 2004
f 7612 2800 10679
f 10680 3530 1939
f 10680 10824 1031
f 3380 10633 3884
f 10681 9154 3160
f 2272 1774 10682
f 10683 10211 1752
f 10683 8527 8065
f 10929 27 2032
f 6482 5924 7972
f 9042 1669 10717
f 5260 4748 8540
f 10685 11035 3520
f 7946 2085 10687
f 5211 4137 8058
f 11880 3328 10688
f 3499 3124 10688
f 8224 3467 10689
f 9495 3519 4734
f 6400 1761 10690
f 10690 9011 7879
f 11939 11692 9372
f 9865 2814 9593
f 749 6342 10872
f 10691 8497 2515
f 5645 2367 7629
f 1216 3512 10692
f 527 7856 10341
f 10734 1212 10693
f 7875 536 8170
f 7905 7740 6405
f 2201 8297 1645
f 9401 10196 10694
f 10196 1158 10694
f 10695 10071 8303
f 7208 3734 5830
f 5595 2650 10696
f 4685 1113 10696
f 11864 1115 917
f 11709 2139 10697
f 6690 10 10697
f 5957 2273 8362
f 9749 3192 10698
f 10698 11810 3045
f 10371 2187 5643
f 10670 3228 10699
f 10699 7632 2615
f 10700 4329 2969
f 10700 5521 942
f 10018 1241 8630
f 7592 3054 10701
f 6365 682 8039
f 10334 6576 12086
f 7628 912 7603
f 7145 2192 10702
f 10251 11473 9811
f 10703 12144 4134
f 11498 1148 10704
f 11774 3866 10704
f 2734 8674 8000
f 10705 10672 7470
f 6559 1895 10705
f 6160 4026 8005
f 9537 3931 10706
f 10706 9421 9878
f 12030 4579 4247
f 892 2866 10708
f 7634 4758 5583
f 9335 1480 10709
f 7422 2191 6515
f 11784 2285 10790
f 7565 2031 5220
f 10711 10332 936
f 10711 11287 779
f 10017 918 10168
f 7881 3819 10712
f 4923 1659 10712
f 5312 5065 9367
f 1668 2923 10713
f 11085 10751 10714
f 3470 1995 10714
f 8700 2440 8501
f 7151 2910 7383
f 6240 9509 10716
f 10717 8681 2245
f 10717 1669 2917
f 7540 5684 6661
f 10718 721 2198
f 9770 2321 10718
f 6077 3513 10719
f 3601 1228 10719
f 10645 11613 2924
f 12202 3734 5050
f 7574 2200 10720
f 6874 700 10720
f 10721 11377 2059
f 7048 7104 10721
f 10950 3113 10722
f 7278 7331 7233
f 6890 6774 8111
f 6040 944 8128
f 10723 9775 1707
f 10724 8640 4041
f 10724 9137 1588
f 7652 2141 9068
f 6007 11700 3718
f 802 2868 2626
f 10725 11533 2626
f 8342 3977 10726
f 2240 2215 10727
f 38 1183 10727
f 10728 8794 3278
f 10729 10769 2231
f 10730 1243 5272
f 5161 2049 10730
f 20 3102 11076
f 1168 20 11076
f 9300 3104 9466
f 10697 956 6690
f 10207 7074 3723
f 10787 1867 1958
f 10461 3283 10272
f 6988 8 10732
f 2253 6044 9623
f 6685 5232 6963
f 5905 2689 4263
f 7503 3249 10733
f 9775 10723 10733
f 12452 4266 9283
f 5264 2467 4471
f 4475 6563 8112
f 7651 2807 8732
f 10693 562 10734
f 10734 10465 1212
f 5787 1727 10735
f 10736 3805 2503
f 8895 1342 10736
f 6968 3932 10737
f 5365 10584 10737
f 8830 2695 10738
f 10738 5846 1550
f 7835 5302 6097
f 11577 9574 8862
f 6918 2436 9800
f 3836 1680 10739
f 8873 4473 4892
f 6645 206 7032
f 961 2194 10740
f 9588 1841 10741
f 3689 8483 10742
f 7350 719 10742
f 11326 11879 10743
f 9750 8407 5911
f 4663 4379 8665
f 7427 3908 6676
f 10745 9902 6069
f 6875 667 10745
f 8543 4540 4976
f 10747 8283 3348
f 10747 7803 952
f 8248 3620 3602
f 3787 4844 7036
f 7245 3438 10748
f 10748 8975 8219
f 5171 2879 10749
f 4879 5858 10749
f 3297 1823 10750
f 3642 1097 10750
f 5643 3855 11590
f 7603 6579 7273
f 6461 12019 4964
f 6620 3233 1671
f 9362 8006 3822
f 9628 2644 10752
f 10752 10268 1748
f 8111 11786 6235
f 7596 3928 5738
f 10063 572 2546
f 6748 10409 10756
f 6585 914 10756
f 8713 5546 5863
f 10757 10903 1399
f 10757 8512 988
f 9675 3672 10758
f 8114 9163 1874
f 5579 10170 1874
f 6848 8692 1711
f 7817 6518 2469
f 5930 2391 10759
f 4338 1229 10759
f 10036 9135 3777
f 11772 10036 3777
f 4279 12512 4037
f 10760 6770 3951
f 8375 12 3863
f 12706 4739 12011
f 6082 7087 7965
f 10761 2711 12389
f 3077 1489 10762
f 7040 658 10763
f 10764 9190 1097
f 10765 5663 4055
f 10765 8352 4031
f 1795 1734 10766
f 5062 2808 9697
f 10767 10555 2770
f 11322 88 10767
f 10768 9866 2115
f 508 2235 10768
f 5183 4022 6620
f 8574 10995 742
f 6043 2231 809
f 5206 2662 4288
f 3240 3656 10770
f 8699 1691 10770
f 4933 2294 4360
f 6683 2948 10771
f 7854 625 10771
f 2866 1583 10772
f 9663 3245 10772
f 9429 8163 10773
f 10774 11238 3087
f 10086 1420 10774
f 2551 6010 3595
f 4511 4323 8592
f 8752 2726 10664
f 6797 2500 10197
f 4653 3141 10775
f 5936 5038 7749
f 5638 4779 9003
f 6448 6115 4204
f 10658 1272 10776
f 11187 557 10776
f 10777 8787 3535
f 1030 3089 10779
f 9339 3728 6739
f 10780 8698 1896
f 10781 9326 2564
f 6800 668 10781
f 4556 12474 6897
f 9165 1033 10136
f 7643 8985 640
f 10822 12653 2258
f 6486 2260 2258
f 7476 8537 3067
f 10718 2198 10784
f 4616 4046 5573
f 4889 694 9410
f 9460 10589 5202
f 11798 3931 10785
f 2564 6800 10781
f 10155 4001 10786
f 9549 3411 8489
f 2604 2920 11404
f 2920 19 11404
f 11163 8107 5255
f 2900 4088 5263
f 10787 11258 1867
f 10788 3159 2577
f 10788 2578 1321
f 4922 4051 1956
f 9799 5634 7852
f 9166 2542 2488
f 6332 2681 8397
f 10077 3170 9322
f 6677 5794 7736
f 10790 11118 2536
f 2132 4677 10791
f 6642 10791 12161
f 4165 4518 10792
f 10792 11565 2311
f 9573 5162 5350
f 2512 2626 10794
f 8375 11319 1858
f 7189 6953 12
f 10795 10457 8055
f 10795 10129 9968
f 8799 3104 9402
f 6280 4212 4882
f 5891 3604 4708
f 8264 5675 6224
f 8711 10326 2448
f 9213 565 8711
f 6468 6693 4519
f 4519 3821 6468
f 6986 4274 4102
f 10796 11043 6276
f 9622 3585 10797
f 10797 7459 1949
f 8659 10370 11771
f 10798 8409 6
f 8473 3846 6159
f 6338 5409 7746
f 11479 11603 29
f 9980 1544 10799
f 10799 2301 9980
f 10466 1224 10424
f 6349 11122 2410
f 6193 2117 9828
f 5332 3302 9822
f 7783 4048 10801
f 345 344 12296
f 10803 8067 3133
f 10803 5899 1921
f 9396 11116 9989
f 10804 8670 1830
f 8393 3892 10804
f 11663 4378 12139
f 12577 12099 8087
f 10805 10926 2142
f 10805 7872 1364
f 2452 548 10806
f 10807 12381 4397
f 4764 1554 10808
f 5481 2254 8851
f 10809 9667 1435
f 9917 504 10809
f 10810 4559 8766
f 10810 7412 1245
f 6919 5071 6631
f 10811 9346 1517
f 10812 11284 3103
f 9497 884 10812
f 7088 3929 7118
f 7042 5699 8017
f 8034 1213 7417
f 11207 1050 3217
f 2988 3286 10814
f 10814 11223 1092
f 8052 5590 6329
f 8652 5747 6071
f 9310 3155 2924
f 804 3727 10815
f 3235 3049 1149
f 10473 535 10816
f 1078 8241 6560
f 10397 3527 8780
f 5739 6317 10818
f 3762 1570 10819
f 11926 8877 2821
f 10330 2582 8009
f 1637 3221 10820
f 5088 2096 10821
f 10526 2013 1380
f 10586 3590 10424
f 7594 2683 10701
f 1173 3207 10783
f 7480 3570 10823
f 10823 9121 1861
f 6261 6410 9445
f 2159 564 6615
f 3963 1622 10825
f 10826 9558 2485
f 3096 2163 10826
f 6987 752 6783
f 3888 8046 6724
f 8421 9837 10827
f 9894 10104 10828
f 676 3145 10829
f 10830 9392 528
f 10599 4543 4698
f 6923 2738 5977
f 6701 3674 10831
f 10831 7435 3494
f 5033 4767 9839
f 3756 1234 10832
f 8934 2684 10833
f 2795 1723 10834
f 11793 11447 2885
f 10835 7382 1502
f 10571 10265 6382
f 5562 1253 10836
f 4826 2931 10836
f 10837 8520 3964
f 9618 4217 932
f 6432 4150 3161
f 7842 4121 10839
f 10840 8591 1740
f 1200 3637 10841
f 9214 3696 10842
f 8491 3749 10842
f 9155 3048 1553
f 10053 10318 10317
f 2194 1720 10843
f 10887 10519 10843
f 8998 5040 5477
f 5479 3316 10844
f 873 12001 2821
f 10815 3727 10845
f 2708 11929 10854
f 12695 12668 5696
f 12336 7497 4203
f 6217 12325 12523
f 448 12886 12822
f 12297 6558 12173
f 12643 2709 10857
f 1608 5867 9583
f 5987 8915 11696
f 11938 9013 9265
f 2640 2635 10863
f 10863 8075 2284
f 7856 10692 1802
f 8653 10587 10864
f 5661 6431 10865
f 2119 11936 7837
f 10259 3713 1066
f 8959 1117 10866
f 12188 7676 8977
f 6700 5918 7952
f 943 1008 10068
f 5004 4796 10112
f 8621 12286 12379
f 4821 5660 9532
f 10867 9332 3373
f 10868 5821 3981
f 8902 72 10868
f 10869 10894 1460
f 10870 9263 902
f 6408 2912 10871
f 10012 8740 1067
f 10872 6815 749
f 8088 623 9890
f 9309 5589 5743
f 3811 3778 10874
f 10874 9787 11681
f 10875 11064 10927
f 11540 10906 10876
f 1033 554 10877
f 3548 2621 10877
f 9257 3348 8712
f 7711 2842 10878
f 10878 6581 9540
f 9953 2984 10541
f 11077 10333 2768
f 4984 78 10879
f 1153 10493 1244
f 12163 11322 2673
f 10880 10475 1289
f 9656 1226 10212
f 9937 1644 10597
f 6219 10955 3816
f 10881 5126 2793
f 10881 7655 10659
f 10884 1822 9395
f 10884 5144 1468
f 7349 5048 6286
f 5105 4089 8957
f 9312 3054 8373
f 6295 6025 8651
f 7228 3951 6770
f 1903 1200 10885
f 9199 3742 8632
f 7890 2002 7428
f 11783 1838 1216
f 9313 9859 10886
f 1510 2158 11032
f 1134 3390 3405
f 7352 2779 10888
f 8672 770 5826
f 7738 1414 6492
f 10889 11226 10117
f 10580 3685 10890
f 10890 10687 49
f 7214 2957 10891
f 6850 1612 10891
f 9932 4012 8511
f 4914 4930 10892
f 1019 11943 7017
f 10893 10259 3242
f 9872 3000 10893
f 5527 5488 9748
f 10894 10920 1460
f 9836 1966 10458
f 1819 11380 2820
f 8508 3446 3191
f 10612 11703 10443
f 10895 3523 10116
f 8815 1376 10895
f 8680 1818 10896
f 1376 9741 10895
f 10897 11127 622
f 8622 5816 6203
f 10898 4560 5212
f 5829 1696 10898
f 9212 577 3938
f 8010 2916 10201
f 10844 3316 11767
f 5734 3971 9100
f 9646 12410 2307
f 6030 2528 8320
f 10899 5371 3870
f 10900 9938 3118
f 7978 6926 2164
f 7947 6780 7281
f 11144 11289 10901
f 3547 11265 10901
f 7282 6404 7723
f 11637 3328 10947
f 6112 5624 8560
f 12124 8702 10902
f 6909 3065 10903
f 7969 1399 10903
f 10904 6139 4108
f 10086 1487 9810
f 10428 2227 7511
f 10932 3492 10905
f 9951 3862 11505
f 11048 929 8914
f 2375 8786 6176
f 12423 12199 7491
f 8576 1977 10907
f 8771 11341 11202
f 6580 5656 2188
f 6574 2966 8565
f 5740 4225 5516
f 5310 2729 10909
f 5277 1123 10909
f 1061 1698 969
f 6830 5574 10910
f 9944 1839 10693
f 7972 3424 6345
f 5777 3368 8461
f 6944 3706 6399
f 10126 3262 10911
f 5021 645 3025
f 7157 1447 5697
f 10110 3501 10563
f 11209 6257 3481
f 8781 706 11209
f 7688 3048 980
f 5721 1933 10912
f 8159 6098 6761
f 9717 2768 9013
f 2086 11874 4854
f 6126 1613 10914
f 8782 3568 10915
f 10915 9640 1288
f 8840 539 1729
f 8303 2372 10916
f 10916 7599 2463
f 10917 9536 1858
f 10917 9017 714
f 10918 5458 1750
f 9836 1341 8532
f 9767 3126 7363
f 9902 10745 4924
f 8341 1240 11611
f 3189 8389 8464
f 7058 2104 7928
f 10212 3580 10172
f 8571 1042 9473
f 9211 9473 1042
f 7814 3570 11285
f 11790 6466 1739
f 8864 2618 10617
f 10919 3462 9463
f 6849 1460 10920
f 9769 960 10920
f 6808 5462 10921
f 5995 1454 6293
f 7062 2461 10922
f 4682 4481 10349
f 9722 2262 1252
f 5748 2855 5308
f 10815 9180 804
f 5542 8151 3915
f 5053 755 10613
f 8038 7781 7791
f 8354 1567 9518
f 9130 3875 9972
f 4163 8454 5950
f 6993 9687 6630
f 6098 10074 2396
f 6519 5455 7794
f 10924 10233 954
f 7551 7510 3892
f 10925 11095 2219
f 12200 12515 6627
f 6429 2142 10926
f 9966 11111 10805
f 10719 7463 3601
f 9757 839 7159
f 6084 2896 5991
f 10928 8384 6528
f 5140 1934 10928
f 11192 1841 10929
f 9504 27 10929
f 5442 11022 4176
f 748 1875 8601
f 6605 11471 1641
f 8956 3620 10931
f 10931 8850 1277
f 2338 1180 10932
f 5310 3361 10933
f 8312 2999 10935
f 12316 11917 12235
f 6831 922 10936
f 5360 3715 10937
f 10937 5182 1383
f 8203 3005 10938
f 10938 10055 7394
f 5075 1953 10939
f 10939 14 3767
f 6385 1548 5991
f 10940 5900 11092
f 10940 6370 1105
f 8796 2664 10941
f 954 1163 2990
f 7302 7250 1575
f 7221 844 10154
f 7691 1047 9161
f 10190 3580 10942
f 8971 2361 11623
f 10447 1172 10943
f 3304 9894 2912
f 8944 2850 10944
f 2815 1553 10945
f 10946 11814 2899
f 9353 3172 9156
f 2064 7977 8333
f 8228 1326 2064
f 10947 7474 10954
f 10948 9752 1499
f 10948 10524 10061
f 7575 6561 7571
f 8354 3449 10949
f 10949 1087 1567
f 10722 3485 10950
f 50 3113 10950
f 8717 2745 9874
f 9098 11851 5647
f 5470 11595 4871
f 631 8876 2917
f 8880 10116 11138
f 8953 518 10263
f 5724 4220 10952
f 10952 1604 9763
f 8183 5027 5851
f 10834 1723 10953
f 10953 10559 863
f 10954 11297 10422
f 9581 3043 11082
f 9542 9481 11140
f 6219 1068 10955
f 10109 2084 10956
f 10667 1303 6687
f 7004 2748 11342
f 12023 6448 12350
f 6045 3001 10959
f 977 8026 1840
f 721 10960 2198
f 10961 8186 1643
f 11680 5056 1021
f 10962 11624 3524
f 46 2778 10962
f 10963 7663 8859
f 8757 1407 10963
f 10820 3221 10964
f 10964 11074 554
f 7462 1527 11641
f 9857 3331 10470
f 10965 8995 6764
f 3277 6169 7493
f 10048 11600 1578
f 10966 8439 8685
f 1719 11794 9929
f 8686 3890 10968
f 10590 10133 10969
f 7406 1329 7719
f 10970 11562 3914
f 8904 2262 10970
f 5636 4583 7158
f 8025 7248 7582
f 6146 5734 8777
f 10972 10565 10886
f 3984 3807 10973
f 5302 1850 10974
f 10974 10896 5613
f 10975 8124 1908
f 7906 1403 10975
f 8654 4276 6738
f 8820 9094 3954
f 4695 2346 12146
f 8840 3600 9682
f 7856 3511 9682
f 9534 10137 9663
f 10793 2955 3797
f 6864 2997 8318
f 11783 3565 1838
f 8953 2012 10977
f 8398 1367 10977
f 11540 3500 3773
f 3906 2063 10979
f 9301 2207 10981
f 3876 499 10981
f 7585 7230 2697
f 6296 2063 10982
f 10982 1950 45
f 5620 3921 7849
f 10983 9237 2510
f 5810 736 10983
f 10954 10422 10984
f 3834 4968 2127
f 7907 5241 6252
f 10986 11082 10927
f 9481 9713 10986
f 836 8857 8483
f 10633 3160 11740
f 5623 3211 10987
f 5695 2369 10987
f 7257 2524 11976
f 10988 6680 3164
f 7214 1026 10988
f 9664 12245 4175
f 7585 2697 10989
f 8827 10488 8165
f 11698 2619 10990
f 8437 11317 10990
f 4444 4166 10991
f 4201 4336 10991
f 6200 6009 6359
f 10992 11110 2669
f 9642 1669 10993
f 3546 3248 10994
f 10994 11074 1038
f 8178 850 10995
f 7892 742 10995
f 6363 8074 10996
f 10997 11523 2314
f 3917 1763 10997
f 6394 2221 10998
f 10590 10969 11016
f 5966 1384 1028
f 6566 1101 5866
f 10999 11423 11719
f 10999 11271 531
f 9828 4029 5090
f 11823 1433 10186
f 11362 11782 1981
f 11000 10727 1183
f 7858 1214 9721
f 4603 6049 7911
f 9150 11097 11001
f 11001 1183 11443
f 2840 7073 2811
f 10442 3492 11002
f 502 3059 11002
f 11003 6089 9174
f 11003 10557 7518
f 11957 10795 9968
f 5984 2610 8551
f 6436 1591 5504
f 11004 8647 3667
f 8913 1262 11004
f 1411 2419 11005
f 5009 2392 11005
f 9415 5811 5916
f 5902 2349 825
f 9322 3170 11006
f 1029 2991 11006
f 9859 2967 10886
f 11007 11143 1436
f 10744 1967 11009
f 9645 9437 11009
f 11624 10962 1873
f 6580 5391 7738
f 7971 3829 7579
f 12195 1970 7656
f 8184 1700 9756
f 38 1525 10702
f 7310 966 8299
f 6210 3903 11012
f 11013 11149 3544
f 11013 11554 1482
f 8353 2818 11014
f 11014 10609 1533
f 8555 1094 9090
f 3947 2213 3885
f 2208 6593 6260
f 11015 10262 2276
f 8656 10907 11015
f 11016 4952 2328
f 5309 4782 9109
f 6920 1656 11017
f 11018 9139 1404
f 8509 611 6949
f 5602 2657 11019
f 7324 2474 9083
f 10354 545 5232
f 8525 2980 11020
f 5773 2062 11021
f 1511 4726 5185
f 7031 6532 8296
f 6443 9315 9009
f 7172 1624 5235
f 2559 9676 9969
f 8490 779 2587
f 6040 2970 7907
f 7356 2714 11358
f 4670 3255 7101
f 9939 1810 10789
f 10051 825 1855
f 8155 2190 1855
f 3082 11807 3114
f 7154 4108 4228
f 11022 8117 4163
f 11022 5959 4176
f 1158 1824 11023
f 3286 3430 11023
f 3298 3641 11024
f 3047 3042 11024
f 10199 3225 5670
f 11025 9575 2018
f 6683 10771 625
f 4097 4907 5601
f 5569 2551 11026
f 5002 3023 11026
f 9433 4938 5355
f 9098 3636 11791
f 8929 3584 11027
f 6350 9986 1712
f 5852 1046 2654
f 5028 3338 8414
f 11026 5508 5021
f 7507 2755 1918
f 7987 3400 7035
f 7128 3559 1215
f 7140 6245 7979
f 1149 3413 11028
f 11029 8711 2487
f 8028 759 11029
f 8356 3423 11030
f 6584 1501 11030
f 10069 8314 11487
f 4101 4763 4146
f 11031 6405 2611
f 5279 758 11031
f 3686 6846 8016
f 2530 3704 7514
f 7514 9742 2530
f 2237 4317 5898
f 4761 2667 10194
f 6477 2331 8903
f 11032 8435 2967
f 985 3076 11033
f 8245 1741 11033
f 11034 10498 2128
f 5052 5463 4115
f 5575 4807 911
f 4539 10543 3034
f 9328 1293 11481
f 7700 9276 3903
f 3705 1920 11035
f 9381 1856 10916
f 4292 8211 12035
f 8172 4729 5316
f 11036 8934 10833
f 9248 771 11036
f 10770 8614 8699
f 11037 5024 7718
f 5080 7277 11037
f 11038 5080 4389
f 9861 1706 8085
f 7567 8560 8147
f 9952 5190 5399
f 10646 2000 11041
f 10470 1380 11041
f 7974 1414 6825
f 5621 2369 11042
f 8180 6276 11043
f 12168 8834 11044
f 7773 2965 10729
f 6290 2256 11045
f 11046 8552 1640
f 9124 10235 11046
f 2462 3016 8455
f 11047 10636 3084
f 11047 8792 993
f 6830 3505 5000
f 12267 614 3967
f 7617 558 9387
f 7753 8756 7640
f 11049 10449 9541
f 9437 10993 11049
f 6774 1302 8252
f 8428 1731 11050
f 9480 1231 11321
f 5972 4389 7718
f 11051 8520 11127
f 11051 9779 1990
f 8867 7624 2992
f 4574 4028 9979
f 4572 203 202
f 11053 9464 3045
f 1162 11880 11053
f 11054 8272 6540
f 11054 5958 646
f 9166 2686 10529
f 5485 2736 11055
f 4963 1397 10544
f 8720 2318 6908
f 11056 9133 3029
f 11056 8594 974
f 11057 57 3086
f 8362 5111 5949
f 7658 1901 11058
f 8998 5768 6155
f 10751 11085 3719
f 9667 3441 11059
f 11059 10233 2021
f 11060 9087 1702
f 11061 3484 10751
f 10541 3479 10585
f 10449 8987 2355
f 8638 5450 7317
f 11062 11010 3621
f 11063 5521 2968
f 11063 7139 6266
f 11064 10986 10927
f 9426 11140 11064
f 8691 4912 11065
f 5381 1868 11066
f 8983 1146 11066
f 4652 4425 10149
f 10418 945 9349
f 11068 9634 3579
f 6381 1357 11068
f 11069 10351 1812
f 6902 11395 11069
f 10092 7182 11070
f 4932 5461 6458
f 10890 2014 10580
f 10892 4770 4914
f 6033 4243 9611
f 675 10801 4048
f 4981 2098 9520
f 6753 2049 10808
f 4426 4312 11072
f 9684 6204 7384
f 11073 11080 6953
f 9038 995 11073
f 11074 10994 3548
f 11074 10964 3046
f 9930 3926 2080
f 5872 3193 7758
f 7148 2529 5585
f 11075 11247 514
f 5871 11017 2521
f 11305 1168 11076
f 11077 11332 10163
f 11431 3514 11077
f 6743 4896 3453
f 3241 2813 11078
f 11078 9767 3077
f 5320 8070 11180
f 5662 3210 11079
f 7010 10933 11079
f 6882 6802 11596
f 6383 3936 11080
f 11080 12 6953
f 11081 8669 1942
f 11081 10147 4472
f 3044 10927 11082
f 7095 3793 11083
f 11083 9895 1396
f 5988 6268 11084
f 11084 10655 550
f 10714 1995 11085
f 11085 9701 3719
f 6982 1238 7798
f 7346 2234 6336
f 1362 3101 11086
f 11086 1949 999
f 8662 7960 7134
f 9511 1426 6234
f 7734 11599 2751
f 11087 8023 2983
f 9484 8724 5133
f 11803 1839 11088
f 9865 3541 11088
f 9151 2512 10794
f 11089 10063 2546
f 11090 8512 1541
f 11090 8514 685
f 8412 9557 2124
f 6142 2474 11091
f 6110 3818 11091
f 11092 7025 1227
f 7887 966 7588
f 10845 3727 11093
f 2632 46 11093
f 3581 2246 11094
f 1773 5210 6144
f 6149 4733 7127
f 5472 2495 5295
f 1943 3491 11095
f 3483 3897 11096
f 3940 1941 11096
f 10246 11001 11097
f 10464 3612 8250
f 10626 1420 3086
f 10350 3052 11098
f 11098 10789 514
f 8828 6536 6760
f 3662 3391 11100
f 11101 10483 11300
f 7128 1215 7035
f 10661 3546 11524
f 9164 806 8864
f 11102 8764 3452
f 11102 8380 1664
f 10962 3524 46
f 11103 10938 3005
f 9036 2217 11103
f 8494 1964 11104
f 11104 8785 3552
f 11995 12167 4258
f 7232 7150 8627
f 7391 6705 9234
f 10930 1982 4164
f 9876 10869 2769
f 6713 3963 9651
f 11105 8173 2512
f 9645 1435 11438
f 9081 3226 11106
f 1634 1056 11106
f 7665 6424 7654
f 6596 12003 1581
f 9034 3275 10365
f 9810 2679 11107
f 11108 10064 10599
f 5277 2026 11108
f 8528 6057 6688
f 6061 4142 11109
f 813 2669 11110
f 12507 5674 4200
f 11111 9966 3817
f 10780 1251 11452
f 6613 4586 6101
f 11112 11480 1371
f 11112 2150 87
f 5713 7433 7254
f 7080 2672 11113
f 11113 8933 8502
f 557 11378 1339
f 2667 4369 4599
f 5770 2729 8008
f 11114 6600 2155
f 11114 7315 2968
f 12311 4977 9003
f 8489 3411 11115
f 8735 9933 7762
f 7985 2010 9706
f 11116 9396 9298
f 9601 1306 11116
f 11117 53 3539
f 6727 2536 11118
f 2285 1077 11118
f 11119 3440 53
f 11522 3490 11119
f 9692 1240 8341
f 10075 2143 11120
f 11120 10732 8
f 5704 2602 11121
f 7959 3127 11121
f 9306 2805 9375
f 11122 8832 4117
f 11122 6349 3028
f 1715 2274 2277
f 1590 1300 3822
f 10348 11728 2388
f 8093 1039 6940
f 7878 2038 7024
f 8596 4183 6346
f 8019 2091 6484
f 2872 2886 11124
f 9015 1647 11125
f 7276 1772 9814
f 7243 1717 6928
f 1181 1903 3494
f 5647 3494 9098
f 6366 3474 8884
f 8884 8091 1024
f 11126 10306 2539
f 2576 1321 9337
f 7446 3337 3340
f 11807 11648 7446
f 10972 3737 8845
f 2401 7855 9838
f 11128 2565 1740
f 11129 8004 1780
f 10329 3930 11129
f 7599 6805 8013
f 6975 2494 6999
f 11130 7409 2561
f 7371 1725 11130
f 11131 9143 3177
f 11131 7529 9994
f 10076 3035 8620
f 11067 649 10773
f 5682 9449 2243
f 5599 4585 7481
f 11133 10026 9551
f 847 3784 10618
f 11135 4696 4274
f 6986 4140 11135
f 6426 4194 11136
f 11136 8707 7982
f 7893 967 3015
f 6755 6491 8872
f 9826 5137 5443
f 5288 12509 4049
f 10661 1707 9775
f 8831 4092 6598
f 630 7348 5875
f 4711 2607 2959
f 11138 10116 9713
f 11139 5297 11601
f 8384 2130 6528
f 8747 10615 6539
f 5081 2114 10560
f 9243 5753 6081
f 11302 9099 2513
f 6456 1578 2863
f 11369 11380 11140
f 5947 5586 9344
f 5648 1194 3354
f 4592 2123 11141
f 11141 4608 942
f 7705 2509 7636
f 8049 3316 6976
f 6976 8738 3353
f 7633 608 9289
f 3498 3865 10402
f 872 2409 11142
f 9848 2089 11143
f 11143 7791 1436
f 5684 9995 7900
f 10199 1054 11144
f 5878 3224 9733
f 9712 7249 7145
f 6759 76 4949
f 6922 21 11146
f 9474 529 11486
f 11147 8015 3716
f 8142 8070 6908
f 11148 8197 3671
f 6163 2609 11148
f 9540 4036 10127
f 10607 3544 11149
f 11149 10247 3437
f 8490 2559 2956
f 2514 10839 11150
f 11150 10521 10297
f 11041 532 10646
f 8988 6956 11882
f 10297 2514 11150
f 8548 6062 6749
f 8711 565 6797
f 4743 3254 11151
f 11060 2359 11402
f 10694 1158 11023
f 7029 5205 7290
f 5621 3210 11152
f 9045 2654 11152
f 8931 2063 11153
f 5866 1101 11153
f 8687 8396 8231
f 7519 6125 2661
f 2538 3817 10665
f 6291 1575 8668
f 6179 1980 10060
f 6213 2197 11154
f 8446 897 11154
f 7141 4182 11155
f 1964 3717 11156
f 10458 44 11156
f 23 2274 11157
f 1882 8900 7931
f 7526 2217 11158
f 11859 7526 11158
f 11159 11504 2558
f 2778 46 11159
f 8292 5742 10284
f 9173 1328 11160
f 11161 6246 2645
f 7431 800 11161
f 9981 81 7789
f 6065 2941 9268
f 11162 10380 7812
f 11162 3512 1216
f 9593 1489 10945
f 9172 4498 4932
f 5610 2730 838
f 5709 2309 11164
f 2009 9771 5733
f 5917 1342 11165
f 10499 2024 9889
f 3064 6764 6695
f 5602 755 10112
f 5662 3818 11166
f 7841 11339 11166
f 12677 12438 12377
f 4863 4900 4064
f 5109 6504 2263
f 10142 4021 5109
f 11168 8695 2631
f 6206 2476 2387
f 5847 2107 11169
f 5771 11583 11169
f 10722 3113 11170
f 8544 11189 11170
f 9523 2576 11171
f 11171 11404 19
f 7005 4156 5818
f 11172 6927 10715
f 11172 9477 1459
f 5912 3682 10099
f 7127 3039 5964
f 8921 5038 5718
f 8646 927 11446
f 44 1966 3896
f 7962 1100 10219
f 9389 1860 10125
f 5914 11822 4030
f 3300 2269 11173
f 11174 8497 1800
f 8657 2763 9886
f 11176 3174 3090
f 1430 995 11176
f 1736 1180 11177
f 1038 3192 8600
f 2925 2575 11178
f 951 2578 11965
f 11831 3478 1735
f 10367 1177 11179
f 5129 1979 10978
f 834 9108 6374
f 4249 5631 4081
f 8070 3560 11180
f 7480 1861 7800
f 10230 3879 11181
f 1586 3885 11181
f 10687 1363 7946
f 11628 4150 6432
f 6534 2950 11182
f 6954 3432 5701
f 10624 2181 4927
f 6068 4612 6878
f 4848 4671 11194
f 5951 5173 8713
f 11183 8583 9002
f 10396 3529 11184
f 11184 10373 1633
f 9006 3190 11185
f 8569 11185 8583
f 11186 10234 803
f 11186 8068 2788
f 1147 1677 11187
f 5154 5185 5576
f 11188 2935 862
f 7058 6169 8310
f 11189 11913 1721
f 11189 8544 1004
f 11190 9778 3092
f 9336 801 11190
f 8828 2836 6587
f 11191 1733 1258
f 11191 995 9038
f 8045 1092 11223
f 6501 1282 8868
f 11192 1235 3611
f 10741 1841 11192
f 8642 3119 7055
f 9667 11438 1435
f 11193 9798 3574
f 11193 2276 633
f 5483 5200 1811
f 5558 2947 11194
f 6833 2163 7967
f 11195 9417 6768
f 5072 3627 6712
f 11196 3707 6034
f 6662 2836 8860
f 8814 3729 6779
f 5227 5049 10547
f 4937 5382 2537
f 4949 1538 9870
f 6157 5990 9527
f 7881 7841 11197
f 11197 7506 3760
f 5763 4125 2799
f 9827 3241 10762
f 9789 4317 4462
f 7330 4218 11198
f 11198 9914 4057
f 4744 4094 11199
f 4290 4727 11199
f 1723 3547 11200
f 11201 10027 3070
f 11201 6223 687
f 11161 800 10289
f 3207 1045 11202
f 8233 768 10131
f 7552 3783 8285
f 9668 3390 8760
f 7601 1611 11173
f 6629 3972 1419
f 8067 7284 1419
f 11203 3370 1125
f 9695 11441 6282
f 6643 1676 8062
f 9281 8345 3452
f 8028 2487 8234
f 6777 3930 9580
f 8564 1961 7644
f 7532 7081 2122
f 11703 2868 11204
f 11639 11538 833
f 9931 522 10374
f 11205 7743 3809
f 5104 1107 11205
f 2358 4340 11206
f 9864 1413 10083
f 4892 4786 3643
f 7528 3819 8688
f 11967 3102 11207
f 8102 10784 5656
f 8296 7096 7671
f 9894 2913 10288
f 3191 3446 9058
f 7158 4098 7456
f 11208 5327 7625
f 9578 3482 11209
f 10826 2163 1411
f 5438 688 2801
f 11210 10753 10889
f 11210 6924 5557
f 7334 6794 3847
f 3264 11630 11212
f 11213 5458 1015
f 6715 1697 11213
f 11642 2984 11672
f 6966 2036 11215
f 1236 11746 11215
f 8599 11914 4559
f 1319 3759 11796
f 8381 3866 11216
f 11217 10351 10504
f 11217 8546 685
f 10394 9531 3438
f 4712 6006 4455
f 11218 9084 2172
f 6674 92 11218
f 3080 2951 8485
f 6760 9424 6984
f 12004 3322 11437
f 7573 973 7577
f 9263 3566 11262
f 5928 1190 11220
f 8700 4152 7064
f 6538 2261 11221
f 1093 2746 9973
f 9399 903 6397
f 10414 1381 501
f 7068 3967 11222
f 3967 614 11222
f 5514 5446 10413
f 852 2758 8019
f 11806 10018 885
f 8496 9086 3189
f 2663 9368 11359
f 11224 772 32
f 7670 1843 3664
f 4786 4205 4571
f 1666 4571 7330
f 9021 1963 11225
f 6498 5466 8386
f 6949 10117 11226
f 10889 2475 11226
f 11227 11547 9153
f 9559 9780 11227
f 1191 3030 11228
f 11228 8123 3509
f 9427 4547 5002
f 11229 9985 10109
f 10684 2032 27
f 7237 4655 6038
f 6355 11425 6073
f 11230 3198 3155
f 11231 9698 3887
f 11231 7066 582
f 6337 3834 9418
f 9795 2374 11277
f 7280 5449 8605
f 7081 2244 7367
f 11232 9270 2834
f 11232 7484 2476
f 11294 10135 11583
f 11748 9817 845
f 1416 2457 542
f 11234 11259 542
f 10838 3565 11783
f 8328 949 9755
f 8377 3605 6622
f 5603 1727 11236
f 1498 3518 11236
f 2247 4680 5339
f 5108 928 11237
f 5261 959 1123
f 8300 1141 6730
f 11947 9795 11277
f 11967 11612 3269
f 11207 1000 11612
f 7241 6726 8606
f 11238 8677 3651
f 7885 3087 11238
f 6422 1026 11239
f 4649 4148 11240
f 11240 4309 2887
f 6172 1687 7690
f 9718 12014 10209
f 5481 3592 10548
f 11241 10876 3471
f 6431 10160 9850
f 9030 1367 10125
f 11875 1035 1594
f 11611 1240 3229
f 11243 8064 3670
f 12658 3061 11243
f 10555 856 1265
f 10631 3979 11244
f 11245 9148 1894
f 9703 9117 11245
f 7809 3422 7399
f 4105 11246 4467
f 8299 966 7836
f 11247 11075 3493
f 7144 6935 8918
f 11041 3590 10470
f 9426 2256 11369
f 10088 10021 9256
f 8048 3612 11248
f 11248 10684 10248
f 1734 1385 11249
f 3860 8571 9473
f 753 3684 7492
f 7275 4827 6420
f 5570 5075 9605
f 11252 11467 2862
f 7166 2507 11252
f 8424 5175 6184
f 5051 2753 11686
f 8250 3909 22
f 1677 11563 9176
f 1241 11806 11517
f 10495 3307 11557
f 3774 1958 11719
f 11719 59 1095
f 9170 11366 11180
f 10985 3662 11253
f 11253 11333 87
f 10774 58 10086
f 8169 2035 11254
f 7278 3144 11255
f 8106 2334 11256
f 11256 6275 2490
f 9468 8745 2275
f 10915 537 10223
f 8921 3691 6195
f 47 3938 11257
f 3788 3471 11258
f 11258 10906 1867
f 6708 2969 4329
f 6192 3325 3326
f 11895 12153 2886
f 11259 2447 11895
f 9104 4014 8774
f 85 8703 8051
f 4605 3999 11260
f 3504 3287 9958
f 6647 2925 11261
f 3748 902 11262
f 10077 931 11263
f 11263 11896 10077
f 2948 3196 11264
f 9775 3249 11265
f 11266 7203 3009
f 3801 854 11266
f 9165 3181 11267
f 11268 8473 3921
f 3844 1441 11268
f 8206 1659 11269
f 8613 5333 11269
f 10043 647 5685
f 11216 9711 3914
f 9021 2975 11270
f 9249 563 11270
f 5491 1862 3557
f 6269 2808 9443
f 7831 6488 7821
f 9391 3131 11292
f 11292 10816 535
f 9037 2034 10758
f 10340 2313 10807
f 1372 2141 10147
f 11493 8697 10456
f 6253 8412 723
f 1732 1806 11271
f 7072 1976 8188
f 9455 3469 11247
f 3248 11711 10994
f 11272 11265 3547
f 11004 2090 8913
f 11273 8494 3552
f 7572 48 11273
f 9398 8685 8439
f 8439 8125 3181
f 10731 11512 10422
f 8236 2483 8324
f 5478 3743 7193
f 10679 2865 11274
f 11274 5438 2801
f 2562 1695 11275
f 9639 3202 11276
f 11276 8002 9639
f 10663 3391 10528
f 10755 3172 1135
f 10776 11435 11187
f 9727 9553 7668
f 5049 4887 2282
f 6454 2978 9320
f 6231 3508 1456
f 8680 7980 3550
f 3726 5714 4023
f 5689 1285 11277
f 10362 8223 8789
f 2193 2945 11614
f 11614 11439 8342
f 11061 11170 1721
f 9055 7951 3018
f 9515 3287 11278
f 6349 5143 2438
f 8557 11045 3056
f 11279 3061 3668
f 9234 3671 11279
f 3192 3046 11280
f 3221 3219 11280
f 11796 3759 6965
f 982 3009 9743
f 11281 9201 965
f 7589 5112 6750
f 2080 1556 10361
f 7122 6827 9054
f 10193 7314 1122
f 2497 4675 4958
f 8735 2363 6904
f 11282 11712 1549
f 8530 7645 7888
f 8046 7283 7820
f 8905 4843 10013
f 8404 2646 11283
f 7757 1497 11283
f 6962 2689 5905
f 8918 6657 7050
f 11662 2094 9244
f 11284 2575 2925
f 6647 3103 11284
f 10620 3993 10118
f 11285 6466 11790
f 8968 3489 11286
f 11914 8599 5212
f 8348 710 7618
f 6778 1485 6364
f 8643 5447 6380
f 8941 2249 11287
f 7709 779 11287
f 11288 3656 3205
f 10365 1073 11288
f 11170 11061 10722
f 1054 1457 11289
f 9037 8060 9462
f 6162 8519 5906
f 11290 5749 4016
f 11290 8199 3725
f 7406 4844 6404
f 8550 563 11291
f 983 3049 11292
f 11891 9102 8891
f 8009 2582 12063
f 8837 5769 6543
f 932 762 9607
f 5121 3872 10574
f 9642 2021 631
f 10568 3426 10110
f 11241 3879 10230
f 10230 11085 1995
f 10350 11899 11503
f 9163 567 11249
f 10876 11241 1995
f 9027 7335 7357
f 11295 5659 3063
f 11295 9609 1424
f 11296 9097 3475
f 7604 628 11296
f 10731 10422 11297
f 9963 1998 11298
f 11298 10607 1209
f 11299 2324 9379
f 8941 936 11299
f 3105 2156 11300
f 10114 3611 11227
f 10420 3907 7849
f 11301 10098 2547
f 9160 10004 11301
f 7797 7990 7974
f 8971 8305 10314
f 6549 11898 12108
f 8944 2625 11302
f 9917 1967 9471
f 11303 11252 2507
f 6982 891 11303
f 11304 7689 2029
f 11305 11967 3269
f 11305 11321 1168
f 2036 494 5432
f 5852 1837 3212
f 11306 1209 8140
f 11306 9290 3227
f 11307 10614 3912
f 11308 1371 9943
f 8916 31 11308
f 8043 1486 11309
f 11833 1823 11310
f 11311 8898 3812
f 5646 8460 11311
f 3830 1242 11312
f 9653 2995 9492
f 10506 9117 11313
f 9691 2793 5126
f 6204 9684 2930
f 8913 1771 11314
f 1262 9333 2328
f 8822 1868 11315
f 6265 7950 1221
f 11316 8929 1221
f 9753 5278 5720
f 9297 1816 11494
f 3394 1023 11494
f 6668 12152 12485
f 4227 4314 4206
f 6888 509 10914
f 9486 10260 1480
f 9598 6518 6246
f 11317 3545 2696
f 11317 8437 11355
f 7827 3950 9394
f 11318 11136 4194
f 7032 205 11850
f 10532 2128 6678
f 11320 11028 1134
f 3500 11540 3470
f 10714 11375 3470
f 11445 8954 8982
f 11321 11305 3628
f 10767 2673 11322
f 11322 8369 88
f 7133 554 1033
f 8819 1818 11323
f 8103 2640 10863
f 10317 10425 10841
f 5534 10321 9403
f 9465 12423 7491
f 7001 3098 7608
f 8682 5608 6551
f 5970 2147 11324
f 5895 31 11324
f 6468 3708 6693
f 1763 3917 11325
f 10155 11157 1882
f 3919 3962 11326
f 10743 61 11326
f 9726 1792 11327
f 10313 5012 5347
f 9082 3148 3340
f 8416 3992 7012
f 11328 3435 1871
f 7576 1124 11328
f 4112 4584 11329
f 11329 4094 4232
f 11330 8611 4275
f 1645 3949 11331
f 8108 2302 11331
f 6135 5784 9630
f 8095 4341 5792
f 8193 850 8486
f 9876 10163 11332
f 11332 1265 856
f 5115 3211 10525
f 8598 6442 7235
f 1135 1716 11333
f 11333 11253 1923
f 6981 4295 1086
f 7989 1290 11147
f 7168 3553 4835
f 7477 4042 7867
f 8053 2812 1936
f 10028 11401 1836
f 11334 941 2964
f 11334 9969 2585
f 6028 7841 11335
f 11335 8206 6407
f 7958 5220 11083
f 11336 2545 666
f 2018 6882 11596
f 4938 2540 11337
f 9265 12163 2673
f 10767 2770 2673
f 3633 1820 5173
f 6028 1837 11339
f 9269 10091 10627
f 8200 2244 8157
f 11340 4887 1227
f 5797 9625 11341
f 11341 8771 6268
f 8507 12056 2214
f 7012 2345 11342
f 9413 3305 11343
f 9067 1099 11343
f 10626 57 11344
f 8184 9473 11345
f 2867 1405 11346
f 2869 893 11346
f 11177 1180 11347
f 11347 2207 508
f 12408 2449 12345
f 6073 3213 11348
f 6219 2538 11348
f 6862 1989 8405
f 11349 6226 3828
f 11349 11560 610
f 9787 1884 3060
f 11350 7326 2900
f 11350 10456 2332
f 10611 1749 6896
f 5511 11942 10130
f 9089 6834 7109
f 20 10410 11893
f 11351 3057 3218
f 11352 7773 2533
f 6116 745 11352
f 8829 2201 11353
f 11354 9441 4869
f 4742 3649 11354
f 11900 4912 799
f 9074 10198 9432
f 8412 2124 11355
f 4716 11682 1828
f 6742 5043 4716
f 10386 2208 6396
f 1235 3612 11356
f 10464 1889 11356
f 3584 2305 89
f 12046 918 11275
f 9303 3118 11357
f 11357 10357 9303
f 10669 3409 9982
f 8005 4026 5951
f 9805 9817 7979
f 7979 6245 1471
f 9939 8153 8535
f 20 8153 3425
f 6530 4976 7710
f 3584 7896 11027
f 10822 11243 7167
f 1531 2577 3159
f 7408 5760 7822
f 10253 3970 10262
f 6279 4122 8251
f 8364 2663 11359
f 9368 2752 11359
f 9884 898 6111
f 11740 2084 3884
f 6877 627 8743
f 7162 1803 11360
f 11360 2963 709
f 11840 9896 11361
f 8374 1301 9900
f 8271 4660 698
f 7391 7954 7839
f 9318 4104 11363
f 7366 4242 6393
f 8628 8728 6961
f 9155 2796 11364
f 8553 3246 11365
f 10694 9661 9401
f 9197 3027 11337
f 9006 1745 9159
f 8892 11373 10902
f 8923 3139 7227
f 4309 12152 6668
f 6360 7335 11366
f 7633 1202 1755
f 9718 10680 1031
f 5555 2205 549
f 5379 2026 11367
f 5770 838 11367
f 8302 552 10356
f 3158 3217 11368
f 11368 10517 1022
f 9848 90 11661
f 7283 8686 10968
f 6194 5500 9215
f 4762 721 6891
f 8633 3252 5772
f 5772 8020 1417
f 5397 2220 3464
f 7903 1754 7180
f 814 8808 1254
f 11370 9218 4004
f 11370 5939 3204
f 11371 1466 2389
f 9851 4000 5560
f 5354 2165 11372
f 11372 4893 1317
f 5958 1455 8973
f 7971 1356 8841
f 6156 6153 7042
f 11374 7247 650
f 11781 3500 11375
f 11375 10714 3484
f 8749 11040 9740
f 8606 1602 8143
f 6662 734 6587
f 8452 8411 8193
f 10231 2486 9905
f 11376 10499 2737
f 11828 8937 8896
f 7569 2059 7093
f 8587 2883 6183
f 6621 47 10274
f 8365 2511 11446
f 3926 1509 11770
f 11378 3801 1851
f 6819 3758 3420
f 4643 10595 11379
f 4384 698 11379
f 5418 4131 7876
f 10016 620 2820
f 11195 3096 7661
f 3749 3811 11381
f 11587 7220 11382
f 11383 10695 3874
f 10735 3850 11383
f 7008 1347 6592
f 3010 11608 8580
f 619 2332 11384
f 11384 10429 6771
f 10688 3328 11637
f 11385 7926 2690
f 821 8240 9452
f 6482 5686 9065
f 11386 9672 3899
f 11386 1594 2986
f 8309 7082 1504
f 5043 4431 8337
f 6823 7410 7992
f 8100 2166 8346
f 11870 1509 11388
f 9218 1044 6792
f 10752 653 9445
f 9059 7403 7515
f 5942 5439 9686
f 2912 9894 11389
f 9249 1099 11389
f 6207 2871 9869
f 8705 3881 8109
f 6185 4633 689
f 11390 5307 1105
f 5411 6810 1013
f 9210 688 6557
f 1512 7407 10967
f 7147 4202 11391
f 11392 1654 3154
f 8620 3035 11885
f 6021 4295 11393
f 4886 4128 11393
f 10668 4183 7275
f 10934 11009 9437
f 11394 11872 3288
f 11394 10423 1646
f 3336 10697 10
f 10522 3043 9581
f 9581 10986 9713
f 10935 3197 916
f 10523 10284 8479
f 7814 3506 11395
f 11910 11396 8335
f 9389 538 11397
f 11397 8997 1860
f 11398 11792 1584
f 10399 916 11398
f 1586 3942 3947
f 3752 780 11399
f 11239 2958 7056
f 11400 6465 2408
f 8994 74 11400
f 6288 809 10769
f 10431 863 11401
f 11175 8718 4986
f 11402 7338 602
f 11005 2392 1411
f 9708 2057 6262
f 3861 9848 11403
f 5529 1831 9723
f 11856 2604 11404
f 1614 2100 11405
f 5017 11418 2826
f 12040 2832 11413
f 12464 5982 5017
f 12319 12279 7408
f 11418 5017 9521
f 12690 877 11408
f 7732 2830 12711
f 8074 1504 10996
f 11061 1721 3484
f 11422 11375 3484
f 5819 4801 5933
f 6161 2779 10034
f 10453 1087 3279
f 3406 3672 11423
f 11423 10999 531
f 11424 6027 2117
f 11424 8115 4095
f 11377 3796 7618
f 6117 2736 11425
f 5660 6073 11425
f 8406 4180 5283
f 7414 333 352
f 4636 5482 3951
f 8800 4005 7075
f 6719 3163 8823
f 3659 7535 11426
f 5989 1656 11426
f 3482 3200 10951
f 11427 2421 7824
f 11427 8770 1761
f 10106 11447 8215
f 4152 1473 11428
f 7959 2602 11429
f 6208 1403 11429
f 8450 7708 7590
f 9213 2448 10502
f 7337 364 11430
f 11431 10163 2628
f 11431 10610 3514
f 8973 1455 5536
f 5301 4509 8259
f 11432 7344 2282
f 11432 7315 546
f 10997 1763 11433
f 11433 6615 564
f 9010 2592 8568
f 3227 6350 8935
f 5722 5960 4120
f 1573 3812 8144
f 9275 3596 10942
f 9498 3980 6743
f 11434 10576 9471
f 11434 11546 693
f 10392 3455 8623
f 11863 2608 1147
f 7125 5447 8643
f 7318 3068 11436
f 11436 9307 8403
f 9670 1820 11437
f 9667 2021 11438
f 11438 10993 9645
f 3977 8342 11439
f 9379 2324 11439
f 7737 5328 6812
f 3498 1522 11000
f 8349 3877 11441
f 11441 9695 1849
f 11811 3127 2556
f 7920 1086 6720
f 6720 733 2687
f 4720 2792 11442
f 5095 2879 11442
f 11443 10702 3644
f 11443 1183 38
f 4648 2591 10320
f 7377 5952 8208
f 7502 3143 11444
f 9240 883 2843
f 8982 922 11445
f 12593 7276 7983
f 5261 2076 8318
f 7512 3282 9383
f 1692 3459 11446
f 10663 901 11124
f 9348 3359 11448
f 8389 1049 11448
f 5196 3573 1782
f 6776 2771 11190
f 6754 3513 11450
f 10671 760 10134
f 3051 3057 11451
f 11451 9781 986
f 6848 2545 11336
f 1148 11115 11452
f 6344 7623 10154
f 7862 6837 8361
f 9903 3345 1752
f 4655 4803 6789
f 11453 4486 4027
f 7089 2176 11453
f 9569 5436 4293
f 10956 11229 10109
f 11454 10534 1251
f 10287 3917 11455
f 11455 1062 2455
f 7910 2973 8976
f 11456 12093 4201
f 4166 12045 11456
f 11023 1824 10814
f 8059 2129 11458
f 7977 5854 11459
f 591 3374 11459
f 11460 10806 2295
f 7468 1796 11460
f 6603 1989 8833
f 9975 3954 9090
f 1060 3293 3412
f 2771 1562 11462
f 8911 8040 11462
f 28 3330 11463
f 11244 1463 10631
f 2124 3545 11317
f 11464 11316 7950
f 10071 10695 11464
f 9678 7674 6153
f 11740 3160 3343
f 11465 11070 2035
f 8169 1843 11465
f 7258 6572 4011
f 5378 3006 9644
f 10813 3217 1050
f 3187 1698 11466
f 2414 1096 11466
f 11316 3584 8929
f 7183 7660 1520
f 7051 822 1520
f 9082 3340 3337
f 11467 9679 2862
f 11467 11496 9024
f 10216 1751 8851
f 7418 5902 7185
f 11453 2517 4486
f 11468 6931 1526
f 11468 10300 1450
f 11469 11705 2632
f 3727 11785 11469
f 2886 2872 11470
f 1416 542 11470
f 8409 8350 1211
f 6533 1878 11471
f 11471 7520 1641
f 2803 2867 11472
f 11346 893 11472
f 11473 9743 10992
f 11474 10660 1668
f 9538 2922 11474
f 6714 2692 11475
f 11475 10051 1855
f 5523 7228 3603
f 7007 4723 6710
f 730 4205 11476
f 7753 4763 7973
f 11449 1782 3573
f 5533 5650 2404
f 4888 3265 11477
f 7433 9077 11477
f 9784 3399 6292
f 8365 2501 9677
f 8925 2786 11478
f 1428 1972 11479
f 5715 5156 9846
f 11242 1371 11480
f 8563 8434 11481
f 10287 2428 8930
f 11482 10267 2848
f 5501 10267 10500
f 10929 2032 11192
f 9608 3114 11807
f 3722 1678 11484
f 8567 3323 7945
f 12387 8096 3502
f 7960 9250 539
f 8554 6755 7675
f 11485 9523 3386
f 4656 1942 8669
f 5857 7830 4025
f 9530 1477 10985
f 9016 2876 7570
f 6912 2 8016
f 10670 9180 10815
f 775 9474 11486
f 924 2929 11487
f 10672 1758 5795
f 6775 3754 11488
f 11488 6950 3753
f 7199 3571 9296
f 3245 3002 11214
f 5957 5627 9803
f 6509 5978 9539
f 8230 1459 7840
f 8483 3689 11490
f 11490 9171 869
f 9474 1916 12053
f 10572 8391 8506
f 9267 2937 11491
f 11491 11237 928
f 7451 1071 7349
f 11253 2150 10985
f 5983 10224 9195
f 7361 5934 8313
f 7771 1283 6675
f 10951 7114 6500
f 10901 3249 11144
f 7451 2151 8020
f 4686 1500 11492
f 4744 2517 11492
f 670 2748 11493
f 8254 2496 8513
f 7168 5641 8208
f 11379 698 5292
f 4405 3998 2102
f 7758 11984 4076
f 9890 4220 6575
f 8607 8769 1055
f 3755 3394 11494
f 4575 60 8737
f 4150 12013 10799
f 7708 8450 4126
f 11495 11847 3761
f 11495 6905 1328
f 9579 6680 1636
f 5410 774 11496
f 7854 3029 6734
f 6734 6143 625
f 2502 8455 7478
f 11497 8025 3976
f 11497 10873 1768
f 10704 1971 11498
f 11498 8489 1148
f 11499 11198 4057
f 11499 5576 1666
f 11500 9002 3190
f 10829 1103 7557
f 6590 9700 9579
f 3218 1050 11893
f 11501 11347 508
f 6815 5673 8718
f 8361 10378 6424
f 7759 6729 11502
f 7057 7751 11502
f 4205 730 5165
f 4555 4391 730
f 6496 6269 1344
f 4950 4744 11492
f 11504 11159 2733
f 3451 839 11504
f 1185 6946 8308
f 7767 37 7463
f 10612 2781 10725
f 6516 8121 2438
f 11377 710 2059
f 7627 3831 8767
f 5522 4577 8331
f 10744 9471 1967
f 4123 10096 12257
f 11506 8877 2794
f 2389 2377 10620
f 9829 2918 11485
f 5970 3935 8479
f 1313 2393 11507
f 7763 2357 11507
f 10493 3633 4026
f 5096 637 3920
f 4239 7430 4016
f 5655 10494 1085
f 9582 835 5593
f 6596 3754 11508
f 6808 2431 11508
f 11750 10984 11509
f 9857 1694 11510
f 8562 1053 11511
f 11512 11540 3773
f 11512 10731 1867
f 5990 5498 9880
f 5883 5537 7247
f 7052 9878 9421
f 7135 2818 9235
f 4263 5496 5640
f 8460 3208 11311
f 7167 955 11513
f 8614 10770 1815
f 12014 3529 10309
f 11647 1508 10766
f 7769 2504 681
f 11514 3405 3390
f 8426 5854 5795
f 7378 3300 7615
f 6917 6454 11515
f 9738 3345 11516
f 11517 1824 1158
f 5453 6599 8129
f 10497 42 11497
f 6713 2024 1905
f 5246 1770 8903
f 950 1820 11338
f 8669 4861 7149
f 4956 4375 7940
f 11518 6881 3111
f 11518 10733 10723
f 6230 3984 11519
f 11519 7468 3941
f 1474 3897 11520
f 11520 9058 3446
f 7261 682 8905
f 1760 2822 11521
f 11119 3613 11522
f 9482 8885 612
f 10825 1622 11523
f 11523 10997 564
f 10495 11557 11524
f 10947 3328 11525
f 7850 8467 3329
f 11504 839 9757
f 10842 2852 9214
f 11526 10008 3284
f 9413 2975 11526
f 7808 659 8481
f 10507 911 5564
f 8666 1686 9501
f 10101 1287 10398
f 12401 12459 12164
f 4972 1401 11528
f 11529 4080 6704
f 3315 4724 3598
f 6469 1451 5834
f 8444 9829 11485
f 9558 2937 11530
f 2610 2485 11530
f 9109 2125 6310
f 9494 2233 6062
f 9209 11673 1845
f 9311 1179 11531
f 9776 6135 683
f 5459 1863 10339
f 862 2935 11533
f 11533 10725 2781
f 8298 2302 7994
f 2516 6300 8776
f 11534 12198 4281
f 11240 4315 4309
f 190 12646 191
f 9748 2743 8354
f 11324 3935 5970
f 9020 1703 2280
f 11535 11924 945
f 5911 8407 1854
f 6131 2590 11536
f 8989 10010 11463
f 11537 5510 1817
f 5126 5078 11537
f 11538 11773 833
f 11538 8648 9658
f 1486 3661 11539
f 10528 1259 11539
f 11540 11512 10906
f 10876 3470 11540
f 10453 1623 9898
f 9898 693 11546
f 6736 849 8846
f 11542 10793 8846
f 7162 2655 9456
f 12563 4273 4172
f 10843 2790 10887
f 4590 2896 11544
f 9681 2682 8684
f 11545 12167 4244
f 11545 4246 6225
f 4760 4428 10310
f 6928 1717 9153
f 9235 2818 7741
f 8182 2823 7629
f 7943 2195 1565
f 9736 3424 6910
f 8795 3121 6711
f 7239 5375 7874
f 10744 10934 11546
f 9898 9855 10453
f 6114 77 6270
f 8838 2640 7343
f 7343 7498 1564
f 10836 2931 5669
f 9241 5627 6503
f 6557 688 8641
f 10885 1343 3636
f 689 4633 5820
f 8402 3640 3549
f 9483 9153 11547
f 11547 11356 1889
f 11548 8024 3665
f 6741 1963 11549
f 8550 1293 11549
f 8252 1302 8402
f 8270 2560 11550
f 11550 11399 1703
f 11551 7324 3364
f 10520 2869 11204
f 9033 1127 7243
f 10570 1390 7884
f 11019 5568 5602
f 10755 1923 3663
f 471 12565 10183
f 11725 1663 11552
f 8624 1082 8989
f 10568 3741 9989
f 10126 2844 7372
f 9809 2810 6271
f 10963 1407 6372
f 10799 1544 9671
f 4749 2294 10150
f 9024 5319 11553
f 11553 6803 596
f 6416 10463 11123
f 8807 10579 7877
f 2035 1998 11254
f 5963 1482 11554
f 10010 1111 11463
f 10397 2432 11909
f 11555 2560 11909
f 10123 1623 10554
f 3773 3500 11509
f 6145 6386 776
f 11026 5505 5569
f 1942 1372 11081
f 6588 7263 9460
f 7826 7727 12609
f 9741 622 10837
f 6005 4729 8172
f 7921 1846 11918
f 11559 11885 3154
f 11559 9704 1020
f 7073 846 2811
f 11560 6880 610
f 5690 1679 11560
f 1304 9773 2991
f 2532 2460 11561
f 7053 1109 3358
f 9331 2591 4648
f 10603 2922 11510
f 5307 5561 10349
f 7681 1307 7193
f 11562 1390 8381
f 11364 2796 8729
f 9508 9176 11563
f 11563 1147 2608
f 6836 5905 9687
f 2802 3244 11564
f 9534 1583 11564
f 11163 10703 4134
f 10928 6528 5395
f 6665 2311 11565
f 11565 5349 4083
f 3322 1814 11437
f 9612 2562 7097
f 7593 10516 8635
f 10308 2443 8418
f 11566 5293 4550
f 4761 10062 11566
f 10480 2843 6893
f 11568 9863 1048
f 9216 8764 5798
f 11569 12029 3933
f 7934 7474 10947
f 11570 4852 3894
f 11571 8630 3283
f 16 3090 11571
f 11307 1715 2277
f 11469 2632 11093
f 6023 4719 8133
f 11320 3405 11572
f 9577 3678 11572
f 11573 7444 3745
f 5168 1869 11573
f 6805 1108 8775
f 7299 2977 11574
f 11574 9613 3075
f 9676 2587 9654
f 1735 10020 1023
f 9144 5334 6313
f 9209 1845 5336
f 7782 3356 11576
f 11576 11787 7782
f 1772 3344 3884
f 8772 7804 6294
f 5224 5190 4261
f 4261 4586 2971
f 10044 3226 9919
f 11578 9552 2180
f 6540 1994 11579
f 11579 5536 1455
f 7314 10193 11580
f 10514 3427 11435
f 6851 7126 7785
f 7813 2659 11581
f 11581 7653 7331
f 6585 3660 7869
f 11351 10410 11582
f 11582 3425 10789
f 4752 716 6689
f 6216 6096 9812
f 9937 3531 1644
f 9834 9073 1616
f 6416 3187 7360
f 8120 1965 6903
f 11583 6613 636
f 11194 544 5561
f 11584 8678 7817
f 8457 2722 11585
f 8092 2837 11586
f 11586 7475 1652
f 10627 2903 6767
f 9911 7721 6514
f 11587 2278 7220
f 1348 1536 3815
f 5520 2534 9616
f 7874 788 7728
f 5605 2490 6275
f 4833 736 11588
f 10975 1403 10379
f 4632 4397 9469
f 3622 2778 11589
f 2558 858 11589
f 10689 12016 8224
f 8498 1232 6813
f 6747 513 11590
f 5876 10214 9641
f 6649 6095 9686
f 9872 2628 10163
f 1038 8600 11591
f 11591 10994 1038
f 7428 8238 9716
f 11592 6340 11123
f 7875 1909 6937
f 9515 1650 11593
f 11594 9649 9953
f 7619 2057 8938
f 10731 1958 1867
f 7377 6658 9132
f 5543 6882 666
f 6317 10682 11597
f 3069 9573 6963
f 9715 1806 11028
f 8308 628 11598
f 2635 1185 11598
f 6289 2751 11599
f 11599 10360 7384
f 11600 10983 2510
f 891 1578 11600
f 11601 5026 1409
f 11954 8508 2316
f 4533 6384 11760
f 7837 7708 9264
f 6736 2701 10510
f 10559 1457 1836
f 1806 1732 11602
f 11602 3235 1149
f 8105 6485 8171
f 11440 2240 10727
f 9243 7144 1476
f 8442 1122 7850
f 10256 3855 11603
f 8105 29 11603
f 2468 8316 7981
f 7997 21 8602
f 6158 1236 11215
f 11604 12060 1951
f 11604 12025 4226
f 10563 3637 11075
f 12030 12178 5953
f 1274 6879 7750
f 7551 8459 11605
f 8176 1993 8136
f 4679 4232 4950
f 10468 71 7396
f 4930 4914 2362
f 10998 1568 7071
f 5545 3281 9384
f 7239 5268 7809
f 11607 4911 1316
f 4535 4372 11607
f 11609 10094 4214
f 8190 897 2959
f 11610 5516 913
f 11610 9450 2728
f 2021 2989 631
f 8551 2610 9267
f 9050 9802 9489
f 8137 3274 10125
f 10125 1860 8137
f 6606 2288 11611
f 11611 7914 92
f 3269 1082 1762
f 11179 11575 10367
f 10813 3218 9897
f 12333 5928 12249
f 11613 11214 953
f 11614 6177 2193
f 9128 2233 6910
f 11615 6438 3472
f 5713 1985 11615
f 8436 8276 8991
f 8163 4010 1768
f 10118 1950 11388
f 4482 12100 11738
f 2691 821 9452
f 11617 733 10404
f 198 197 11617
f 11618 1977 10322
f 3948 11361 11618
f 3938 8663 9212
f 1450 10300 7382
f 9815 9786 11619
f 11619 3169 8708
f 7744 8456 754
f 699 9458 11820
f 11623 2361 11620
f 10215 3777 11621
f 11479 1972 11621
f 8456 6852 10591
f 10411 11770 3979
f 11040 9333 2436
f 8408 9120 2008
f 59 9760 3412
f 577 9212 8298
f 11411 879 12542
f 9794 754 2648
f 9754 8246 9074
f 10358 12235 6049
f 91 10300 9867
f 10438 7672 10270
f 1406 8082 8663
f 3072 10433 5807
f 6024 10133 2224
f 10999 1095 1732
f 11093 3524 10845
f 10233 10924 2989
f 11312 1242 11623
f 1873 11010 11624
f 7375 3524 11624
f 1724 7312 10518
f 2637 10496 6769
f 11735 12196 12202
f 11533 2935 11625
f 1263 10794 11625
f 5860 11598 1968
f 3892 7510 7944
f 8608 9647 1351
f 8968 1049 3189
f 5198 6894 3745
f 2653 6427 684
f 11820 9458 11620
f 11626 649 11067
f 39 8897 11626
f 12632 5496 9526
f 4942 5344 1722
f 8001 2321 4075
f 9223 11945 4644
f 9773 759 2488
f 8940 1766 6215
f 1433 11362 1981
f 11293 1662 8380
f 6351 2639 10501
f 559 3261 1370
f 2513 760 565
f 5404 1885 11629
f 11629 7017 12105
f 6427 2653 9899
f 6913 6472 2484
f 4133 1088 9187
f 3112 11557 11940
f 11630 1690 11940
f 2560 11555 11550
f 2229 11361 9896
f 1797 1576 11631
f 11631 1795 515
f 8304 7783 10801
f 5622 12711 4285
f 4941 8379 2613
f 9905 2486 11632
f 8244 9106 11632
f 7309 4105 4467
f 10585 10293 3408
f 915 7724 11808
f 8023 9830 777
f 571 3873 9930
f 1910 873 11371
f 3265 4888 11145
f 9903 10211 82
f 11635 6470 2583
f 11635 961 9868
f 10069 2929 11643
f 360 4141 336
f 10947 10511 11637
f 3499 10688 11637
f 11638 11698 2911
f 8236 2904 11638
f 8093 933 3196
f 2869 86 11639
f 833 11204 11639
f 4696 12018 11718
f 7882 10359 2424
f 2812 11998 1936
f 3157 5056 11730
f 669 5314 11730
f 11640 11647 2073
f 11640 2271 10437
f 11641 1769 7462
f 11641 511 7445
f 11621 8659 10215
f 7527 2365 8194
f 10773 10873 11067
f 8156 3480 10604
f 2344 7851 10604
f 11642 11831 3479
f 10541 2984 11642
f 9228 2623 11643
f 7607 1535 874
f 1552 6961 8728
f 11594 82 10211
f 1772 3884 620
f 10119 3591 1224
f 9601 1904 11644
f 4094 4606 11645
f 8357 3436 11646
f 3435 7234 11646
f 11647 11640 1508
f 3082 9281 11648
f 1720 2583 10138
f 4106 10270 6616
f 10535 12544 12528
f 4556 4111 12474
f 9037 9462 93
f 6039 7529 3177
f 8345 9281 524
f 3499 1765 11649
f 1690 3264 11649
f 10259 1066 8683
f 11650 3472 6438
f 11650 558 7617
f 4745 5083 1801
f 1853 11623 11620
f 7500 3781 9418
f 8814 3008 11739
f 2483 8866 11606
f 7169 806 11651
f 11865 2963 8912
f 6357 2435 677
f 11621 10256 11479
f 7546 2527 11652
f 11652 10002 679
f 6036 4404 11653
f 11653 4822 4379
f 1321 2578 11654
f 787 9337 11654
f 1410 9729 11655
f 3207 1173 1045
f 11202 3061 3207
f 2898 6087 11656
f 1316 4911 11656
f 11269 6407 8206
f 11657 11160 2764
f 1694 3782 11657
f 8303 3874 10695
f 11978 4032 12256
f 4308 12152 12679
f 11659 5088 3757
f 6087 8366 11659
f 8098 8258 11660
f 6386 738 11660
f 12676 12632 4343
f 2089 9848 11661
f 90 10835 11661
f 1159 8523 11662
f 11662 1361 2094
f 7312 1724 7759
f 2665 9627 11655
f 1035 11875 1825
f 691 9973 2746
f 1758 2323 11699
f 11699 11799 8426
f 1222 6504 11664
f 1579 6433 11664
f 9629 1144 11665
f 5659 11295 11665
f 5078 7935 11537
f 6784 6386 11660
f 6924 6218 2573
f 68 5532 11666
f 1318 6089 11666
f 11362 10204 1114
f 11667 2803 2766
f 8901 3648 5217
f 12000 1620 5015
f 7838 8886 10251
f 11668 11672 3002
f 1618 3478 11668
f 11670 68 11666
f 11489 2907 11669
f 7807 10407 1249
f 7889 10000 3564
f 6152 1597 9586
f 11998 1693 11578
f 640 10782 7643
f 68 5360 6859
f 11666 2066 11670
f 7760 2171 11671
f 1887 9863 11671
f 3773 10984 10422
f 2984 11214 11672
f 4752 4317 11673
f 9789 1845 11673
f 11674 881 3367
f 7802 3285 11674
f 3260 8937 11675
f 1279 8799 11675
f 11214 10299 3245
f 2608 3230 11676
f 11676 9849 1084
f 1029 1825 11677
f 3171 3392 11677
f 9350 3089 11678
f 11176 995 11678
f 3456 7780 11679
f 3022 9118 11679
f 9204 4311 366
f 7322 859 2191
f 11890 3071 11680
f 1310 11381 11681
f 3811 10874 11681
f 10918 1750 5548
f 11682 4357 2613
f 8379 1561 2613
f 4331 5632 11683
f 4319 4337 11683
f 4081 4019 7524
f 1025 11285 7480
f 2258 12658 10822
f 11972 11883 1063
f 11684 2722 10251
f 49 10411 3979
f 2802 2870 11685
f 1405 2867 11685
f 11686 561 6972
f 11686 2753 6413
f 11651 1674 919
f 6852 8456 1051
f 4050 7323 7420
f 11687 6187 7858
f 4391 7999 5165
f 7851 8156 10604
f 4816 925 11688
f 2482 4996 11688
f 2838 9477 10715
f 11689 8661 3854
f 10646 532 11689
f 3697 3130 11968
f 3197 10935 11753
f 6653 10283 11691
f 11692 9838 3738
f 11939 2246 3581
f 11016 9036 10590
f 1725 7381 5462
f 620 3884 2084
f 11693 6087 2898
f 11661 10835 1502
f 11923 11694 8663
f 10537 1662 8027
f 2983 777 8605
f 9919 3150 2995
f 1872 1315 11695
f 11695 3335 496
f 7735 2170 6684
f 9586 1354 8204
f 617 2165 8379
f 6729 1724 2365
f 10293 3477 10161
f 3658 9516 5989
f 6689 5898 4317
f 11697 1284 6693
f 11697 3715 11670
f 10961 5034 11680
f 10375 1051 8456
f 11698 11638 8277
f 4940 11658 4530
f 9594 4974 9194
f 10596 9751 11699
f 11986 8434 11700
f 8434 10407 11700
f 10828 2913 9894
f 4867 8719 2943
f 859 7322 7056
f 11702 3895 6031
f 3943 6861 11702
f 87 11333 3171
f 1174 8224 11704
f 3466 6810 11704
f 2733 2632 11705
f 11727 886 11705
f 1416 11470 11706
f 2872 895 11706
f 2365 12628 6635
f 4003 8004 9340
f 8302 1540 10421
f 11707 11941 1041
f 6980 1974 11707
f 10023 1150 11708
f 7482 2139 11709
f 1007 6006 5011
f 4783 3130 3024
f 8552 1335 11710
f 2130 7395 11710
f 1650 10085 8101
f 2682 2691 9244
f 1880 11182 8650
f 6735 6821 11385
f 7067 63 7023
f 9991 4105 4501
f 1685 2854 11948
f 1210 3548 11711
f 11711 3248 11272
f 6457 1549 11712
f 3983 11854 11712
f 11685 2870 11713
f 11713 11753 1405
f 9250 3339 11714
f 11714 10058 1729
f 11715 7821 2325
f 7129 7525 11715
f 11783 1216 10692
f 1766 8940 4855
f 12057 9527 3859
f 1715 11307 11716
f 7626 3148 1140
f 10990 2911 11698
f 1386 6109 5839
f 8165 3888 6724
f 3628 1762 11717
f 9192 566 11717
f 11719 11423 3774
f 1958 59 11719
f 2570 12116 11876
f 11720 7390 784
f 10816 3235 11721
f 3359 10473 11721
f 1013 11390 5411
f 9867 10329 91
f 10461 1091 3284
f 11722 9093 8459
f 11722 3626 1853
f 7318 8403 11652
f 3702 6388 11723
f 11723 8179 11609
f 11810 3440 11724
f 11119 3215 11724
f 1756 1663 11725
f 11552 551 11725
f 8114 9556 1207
f 8962 2252 11726
f 6014 958 11726
f 7215 1016 11255
f 7341 1410 9627
f 11361 2229 10087
f 11233 845 10245
f 11705 3007 11727
f 11727 11762 886
f 4626 12043 4665
f 1639 7171 9373
f 1730 9331 4648
f 3770 1972 566
f 11729 8646 2511
f 10134 760 11729
f 4771 11199 11645
f 5839 4479 11752
f 11730 11950 669
f 2977 3074 11731
f 10575 738 11732
f 6145 2552 11732
f 2196 5097 11733
f 11733 4634 9976
f 8683 6670 1192
f 882 8636 11734
f 7138 613 7731
f 4340 4398 12689
f 11731 11852 6625
f 7120 2958 1612
f 9447 6004 8908
f 11736 4355 4334
f 11736 6114 2423
f 11541 1351 9647
f 10393 7361 1792
f 11737 5067 8637
f 4590 5429 11737
f 4501 12100 12380
f 11646 3436 7806
f 8460 2398 7561
f 10541 10585 82
f 963 2633 11739
f 3343 10956 11740
f 1582 1192 6670
f 767 2527 7299
f 3157 1561 5354
f 5801 7359 1345
f 2846 1091 10272
f 10457 10138 10583
f 11006 2488 9322
f 12057 11307 3912
f 11724 3215 11741
f 11741 11880 1162
f 10906 11512 1867
f 2574 787 2844
f 11742 7659 975
f 7117 6788 11742
f 11743 4192 4367
f 9486 4014 9104
f 5670 7555 11744
f 1054 10199 11744
f 11745 4169 7040
f 2820 11380 10016
f 1349 8370 11746
f 3630 11215 11746
f 7712 8896 11636
f 3866 6326 9996
f 8856 4731 8721
f 727 1774 5257
f 8062 5321 10241
f 11029 9282 10326
f 11747 797 6762
f 1774 2272 6665
f 776 11558 6145
f 8797 8523 2138
f 11654 2578 11178
f 12653 10822 2397
f 845 11233 11748
f 2601 796 11748
f 815 2582 11749
f 11749 7123 3047
f 11507 2357 11039
f 11271 3678 531
f 3406 11423 531
f 3586 1579 11664
f 10511 10984 11750
f 11751 6681 3537
f 6608 2189 11751
f 3757 1316 11656
f 1885 632 11752
f 9804 5839 11752
f 11690 11639 86
f 519 5083 11669
f 920 10224 9525
f 4470 12219 8704
f 11930 12118 4483
f 1787 5976 11693
f 1021 10961 11680
f 1728 947 6648
f 6664 10286 11701
f 11707 1974 6478
f 522 2409 9355
f 8685 9647 1207
f 953 2984 9953
f 11644 1224 3591
f 1095 10999 11719
f 9760 59 11297
f 12153 11895 10755
f 1923 11100 3663
f 11753 11713 3197
f 11690 86 11753
f 11754 2262 2242
f 10056 3955 11754
f 957 9011 7174
f 7939 4560 6945
f 6945 3983 7939
f 11681 10870 1310
f 10224 920 11755
f 2940 9195 11755
f 1571 7387 7156
f 10580 1272 10658
f 3434 6379 11757
f 593 9331 11757
f 12052 12187 12034
f 2736 9532 5660
f 10339 5001 5459
f 8545 2565 11708
f 4941 5548 1010
f 11426 10331 3659
f 9244 9452 11662
f 1875 8251 7386
f 9694 1533 2817
f 11758 4512 2145
f 5526 3407 11758
f 1446 8326 11759
f 11759 2614 55
f 7484 5862 4157
f 11760 11954 4533
f 6384 5348 11760
f 9040 8057 581
f 11658 12281 4530
f 11761 3154 1654
f 10416 8385 11761
f 5714 7484 4157
f 1501 9614 8356
f 9335 11310 11691
f 1673 1169 11762
f 3451 886 11762
f 10322 1977 10040
f 8217 3517 11763
f 3258 6972 11763
f 9282 11029 759
f 5083 4745 2310
f 6629 9431 3294
f 12087 9205 4438
f 2108 2746 8215
f 4958 3407 11764
f 925 4816 11764
f 11677 11242 11480
f 1087 2355 8987
f 10453 9855 11765
f 11766 4561 2384
f 11766 5159 635
f 2967 1939 1510
f 1423 9184 3862
f 11708 2565 9105
f 3781 7598 6132
f 11767 10384 14
f 11767 3316 8049
f 11768 10678 3624
f 11768 3625 1756
f 11353 11694 8829
f 1148 11452 11769
f 11774 10704 11769
f 3861 11403 11142
f 9167 2134 5901
f 11643 9306 2914
f 8639 4497 4940
f 16 10461 10008
f 11770 7197 3926
f 11770 1509 11244
f 11572 9715 11320
f 7038 7194 3013
f 9787 3771 1884
f 11771 3875 1884
f 9647 8608 3538
f 10874 3778 11772
f 11772 10215 3771
f 9658 9572 11773
f 10443 11703 11773
f 8094 2130 11710
f 11098 3469 10350
f 596 6803 6538
f 11584 2469 8561
f 1461 7023 11616
f 11585 8152 8457
f 1107 2983 7085
f 8366 6087 910
f 1709 9319 3489
f 2873 2767 11775
f 11706 895 11775
f 11632 11234 8244
f 821 2691 1260
f 3761 1904 6583
f 11777 11706 2851
f 11667 2766 11777
f 11778 11563 1084
f 11778 813 9508
f 11779 3632 6004
f 2376 10978 11779
f 8349 10235 1764
f 9674 4929 775
f 7028 2037 4449
f 2456 9260 5864
f 7091 8432 2658
f 994 10626 3088
f 673 6489 6245
f 1743 1174 11704
f 2458 11012 8138
f 728 6334 11780
f 9998 1480 10260
f 11781 54 1765
f 11509 3500 11781
f 1371 11308 10285
f 11626 5587 39
f 11345 1331 1493
f 11694 11353 9212
f 10984 10511 10954
f 9086 1709 3489
f 1962 7312 11616
f 10832 1234 11782
f 11782 11362 1114
f 10725 2868 11703
f 10635 1388 862
f 7964 9556 1874
f 10692 527 11783
f 11784 2693 2285
f 11784 9774 2337
f 804 2633 11785
f 3007 11469 11785
f 3884 10633 11740
f 5967 3551 11786
f 11647 3538 8608
f 1939 2967 9859
f 11787 11576 3694
f 502 3357 11787
f 10290 11558 5013
f 3021 7802 3367
f 7455 55 2614
f 10648 3578 11788
f 11788 3579 1132
f 5704 2592 9010
f 3776 7242 11789
f 11678 3625 11176
f 2859 6978 4793
f 5988 11084 550
f 7814 11285 11790
f 1739 3506 11790
f 797 1279 11675
f 725 6565 6213
f 3855 6485 11603
f 11791 11851 9098
f 3636 9801 11791
f 2561 7409 7660
f 648 1520 7660
f 3974 9023 8194
f 892 1040 11792
f 3197 2870 11792
f 11618 3970 10253
f 9151 8664 2625
f 11672 11668 11642
f 11329 4584 4253
f 4253 4173 4606
f 11793 3289 2745
f 11793 7332 8695
f 6777 10192 1563
f 4597 12281 12158
f 7407 2554 11794
f 11794 3168 10967
f 11582 3052 11351
f 11699 2323 10596
f 8400 8984 11795
f 11795 2751 6289
f 8862 7756 11577
f 6965 713 11796
f 7528 1319 11796
f 3452 11648 9281
f 6091 9921 894
f 11716 9467 1715
f 3176 2300 9143
f 8853 6640 6334
f 10811 2563 11798
f 2912 7519 3304
f 3145 7813 7331
f 10483 3105 11300
f 4888 6215 1726
f 5974 7297 10593
f 3986 5086 4387
f 8162 2624 929
f 10494 2813 1085
f 11799 11699 9751
f 11800 7779 6495
f 11800 2491 5807
f 11801 9548 3158
f 11801 2577 1531
f 6490 4387 6109
f 4790 5870 1317
f 11072 4286 5208
f 7534 10138 2583
f 11802 1398 3414
f 10023 2175 11802
f 3523 10837 2588
f 10522 1198 3523
f 8430 1216 1838
f 3540 1760 11803
f 12027 4362 12209
f 1737 1175 9070
f 2458 5840 728
f 12046 3597 2784
f 8588 1515 11805
f 9904 7843 11805
f 885 11223 11806
f 3340 9608 11807
f 11679 7617 3022
f 2387 2631 6206
f 11006 2991 9773
f 1430 11073 995
f 7323 7370 11809
f 11809 7595 1506
f 6168 2009 5507
f 3219 3440 11810
f 11724 1162 11810
f 12183 4121 4123
f 2787 7489 11811
f 2556 11358 11811
f 9635 9931 6297
f 933 11892 2950
f 11700 10407 3718
f 10981 9880 9301
f 12145 7196 4280
f 9574 11577 1370
f 4374 4765 12618
f 11814 10446 2899
f 1031 7633 9718
f 3278 8794 4532
f 8711 6797 2487
f 4699 4674 3152
f 4800 4812 11815
f 2493 598 11815
f 2145 4512 3898
f 5786 4842 2145
f 11609 4214 11816
f 6017 3702 11816
f 1981 9951 1433
f 923 10232 7606
f 1187 3149 8140
f 3092 8949 572
f 8827 8165 6152
f 7023 1461 11818
f 3806 6933 11818
f 677 5552 11819
f 11819 2883 5907
f 7384 10360 9684
f 9774 699 11820
f 11620 9020 11820
f 11177 11501 11821
f 3357 11177 11821
f 1803 8481 8912
f 12663 9229 273
f 10186 3334 11823
f 10204 11362 11823
f 7034 1358 11824
f 11824 6304 6660
f 11825 7013 5701
f 11825 11987 5351
f 2792 6636 5095
f 11826 5168 6894
f 11826 8438 5869
f 7950 8629 10071
f 8978 2507 7166
f 3826 5094 11827
f 6698 3868 11827
f 11828 7712 11376
f 10111 8937 11828
f 2716 2998 10555
f 11829 4063 9544
f 4093 10159 11829
f 3261 11636 8492
f 3438 9531 8492
f 3144 10331 6920
f 11831 11642 11668
f 1735 11179 11831
f 11832 4380 12395
f 11832 4613 4380
f 7278 11255 1016
f 11310 3298 11833
f 11833 10750 1823
f 1330 8789 11834
f 9675 2034 11834
f 5700 6641 2177
f 8075 5860 9599
f 1765 3499 11750
f 4572 222 10432
f 4573 8438 3607
f 10967 5131 1512
f 11215 3630 6966
f 7942 2088 10685
f 4007 8618 3707
f 8616 2351 11835
f 11835 9500 1701
f 1969 10827 9837
f 2837 8625 6273
f 8710 1621 9742
f 2248 7023 11818
f 6180 8027 1662
f 6049 11917 7911
f 12180 9308 377
f 11769 3650 11774
f 11391 12437 12716
f 12235 12307 12364
f 2508 9824 7257
f 3926 9930 3873
f 8901 882 8821
f 3418 10148 11837
f 11837 773 11089
f 2910 7176 9833
f 2206 8207 7725
f 3052 10350 11503
f 11625 2626 11533
f 11838 11872 8939
f 1539 9040 11838
f 11839 5406 2407
f 11839 711 6539
f 11973 12539 12285
f 11361 3948 11840
f 11840 3885 2213
f 4292 12486 8225
f 2366 9656 11841
f 9019 12075 2399
f 11196 3648 11842
f 12136 8112 10872
f 8207 2206 9610
f 9930 11634 571
f 11917 12316 12106
f 9728 8821 11734
f 7501 6198 11843
f 11843 6856 2757
f 5640 7108 4316
f 9048 574 11845
f 11845 11622 8082
f 11451 3057 11503
f 11775 2851 11706
f 8880 10895 10116
f 882 11734 8821
f 1067 1926 3737
f 3170 10077 1035
f 9973 8939 1093
f 9621 814 8150
f 8896 9202 11636
f 11187 1677 11846
f 11847 11495 9524
f 7267 3109 11848
f 5003 4811 11848
f 1023 11575 1735
f 8267 5102 10642
f 501 11774 3650
f 1604 11849 4008
f 9788 8579 8143
f 11850 9821 7032
f 204 11850 205
f 11371 11634 1910
f 11844 11959 4316
f 6915 3020 11851
f 11851 11791 11990
f 8509 4677 7404
f 1728 6625 11852
f 3073 5739 11852
f 12185 12641 12639
f 3150 9202 2845
f 2845 9402 9492
f 6418 5582 10482
f 7223 3673 11853
f 8458 3495 11853
f 11959 162 4491
f 11854 1696 1547
f 6457 11712 11854
f 1313 2604 841
f 12024 4072 4168
f 11855 3416 7270
f 1592 7543 11855
f 8100 10328 1280
f 12525 8812 2472
f 3596 11939 3581
f 11856 10911 2604
f 11404 2574 11856
f 11857 5907 2883
f 11857 4504 5484
f 11698 8277 9164
f 9270 7332 3199
f 9565 7134 9169
f 4851 2931 11858
f 9333 11040 11859
f 11158 11016 11859
f 5359 9485 6983
f 52 3182 8942
f 2822 3540 11860
f 11860 12001 873
f 11861 11862 9534
f 11564 3244 11861
f 11862 11861 11667
f 2851 2767 11862
f 3427 3410 11863
f 1147 11435 11863
f 6343 2906 3336
f 917 5915 11864
f 3890 8686 1969
f 940 9689 11865
f 8912 2184 11865
f 43 9947 9404
f 9961 2550 3343
f 6344 10154 11866
f 11866 6577 10312
f 12540 4179 11387
f 2189 6608 11867
f 11867 876 1206
f 6629 3294 8170
f 2388 6949 611
f 10941 2664 11868
f 8843 6276 11868
f 11869 3139 8923
f 9300 1001 11869
f 8650 2682 1880
f 3305 10128 11343
f 11244 1509 11870
f 3906 1463 11870
f 884 1001 9466
f 1375 1915 11871
f 11952 1375 11871
f 625 11025 6683
f 11872 11838 3288
f 9731 1093 11872
f 670 11493 10456
f 11873 7437 4460
f 3476 6757 11873
f 12075 595 11841
f 4864 12202 12196
f 7383 2910 1674
f 9139 2678 9442
f 10914 509 11874
f 4858 4854 11874
f 11242 1825 11875
f 12131 4777 4629
f 11876 5323 6058
f 7513 1955 10064
f 9698 8278 3878
f 846 7073 11877
f 871 9073 11877
f 5986 2191 859
f 12160 4299 4700
f 2405 8429 7669
f 8371 984 11878
f 9312 2589 11878
f 11879 11326 3962
f 8384 5688 11879
f 8467 3328 11880
f 9354 1361 11881
f 2949 6534 11881
f 3460 2935 11882
f 3239 2721 11883
f 40 1063 11883
f 11884 7643 3592
f 5481 1751 11884
f 11898 6549 10454
f 3470 11375 3500
f 6 7980 1850
f 7332 9270 2631
f 11392 3154 11885
f 2921 8620 11885
f 2916 9959 8422
f 11886 5846 3032
f 11886 975 7659
f 4946 4112 11887
f 4643 5292 11887
f 12489 4549 4139
f 1448 9688 4928
f 7252 7270 11687
f 9232 9915 11888
f 3 2158 11888
f 4379 4663 6036
f 11887 5292 2287
f 4404 7277 4360
f 316 4130 11988
f 3179 7698 8802
f 11933 2427 9882
f 10509 3706 1928
f 11890 5034 3223
f 11890 5060 3071
f 1062 9102 11891
f 11891 9747 3238
f 11077 10163 11431
f 8397 2950 11892
f 8093 6940 11892
f 8943 3186 5717
f 11893 3102 20
f 9876 11332 856
f 6231 7578 4168
f 11894 3567 1171
f 9130 8624 11894
f 1506 7595 7269
f 2886 11259 11895
f 3172 10755 9156
f 1594 1035 11896
f 2985 2986 11896
f 10834 10953 863
f 11388 3906 11870
f 11897 2519 9814
f 11897 10016 11369
f 1837 6568 3212
f 2005 8138 1506
f 1266 2245 8681
f 8458 10549 11899
f 10065 11503 11899
f 799 8417 11900
f 8090 3587 11901
f 8618 1574 11901
f 5033 9839 3571
f 9103 1448 6285
f 11902 4221 5184
f 6703 2220 11902
f 3313 7306 11903
f 11903 2644 10108
f 897 8190 11904
f 2425 6213 11904
f 11127 8845 1247
f 11905 8752 10664
f 11905 8681 8134
f 1193 7392 11906
f 8226 11789 11906
f 9714 10148 591
f 870 7625 8272
f 11907 11124 901
f 3393 895 11907
f 2930 9684 11908
f 11908 612 5752
f 1201 10397 11909
f 2432 11555 11909
f 9322 2542 2685
f 931 10077 9322
f 5055 10503 2456
f 11634 10361 1910
f 8150 1254 6985
f 11910 11454 11396
f 11910 1975 3650
f 9584 2289 6150
f 1199 9285 1938
f 11799 591 11459
f 12013 4150 12479
f 6263 10337 6137
f 8209 3948 10322
f 7284 4541 8181
f 11911 6321 2665
f 11911 2306 5487
f 8610 9264 4126
f 11853 3495 9455
f 52 8877 11926
f 8942 8538 2794
f 5389 7038 8332
f 11422 1721 11913
f 11913 1690 54
f 3013 2508 7257
f 5499 1779 11858
f 1642 8766 11914
f 5212 4560 11914
f 9838 9275 2401
f 12133 12091 4208
f 7578 6092 11934
f 5634 12417 4503
f 5036 11421 12447
f 4396 4496 2299
f 12234 9991 12533
f 2462 6341 11994
f 11812 2462 11994
f 163 11844 12331
f 7911 2449 7700
f 11992 12619 12674
f 1527 7921 11918
f 11918 1653 7870
f 10267 177 5219
f 10066 2864 11919
f 7894 10513 11919
f 7751 1693 7921
f 12388 12117 12287
f 11921 6278 1334
f 10496 11300 11921
f 5959 9405 12224
f 11922 6415 8443
f 9384 6983 8443
f 12041 6934 4310
f 8663 11622 11923
f 9660 11694 11923
f 11924 11535 6072
f 5585 9349 11924
f 8715 7325 8974
f 4085 6027 4979
f 4110 10236 7505
f 5472 12385 12073
f 8802 11889 3179
f 9324 8715 9359
f 8877 52 2794
f 2821 8009 11926
f 11517 1158 11927
f 3431 10128 11927
f 11928 7494 6413
f 5937 1102 11928
f 10466 10171 10119
f 10119 1224 10466
f 7491 6339 9465
f 11929 2708 12042
f 11925 4056 6027
f 12118 12367 12365
f 11931 223 208
f 207 6645 11931
f 5729 12450 445
f 3063 11963 5282
f 4340 4400 11206
f 11933 7515 2427
f 9882 11889 11933
f 12447 11421 2833
f 4168 7578 11934
f 12138 11419 36
f 9198 826 11935
f 2955 2700 11935
f 12 8375 7189
f 10865 1747 11936
f 7590 7708 11936
f 10390 4040 8175
f 10205 2674 8427
f 12660 11937 8095
f 1669 11049 10993
f 12106 2449 11917
f 9917 10809 1435
f 11893 11351 3218
f 595 12075 9019
f 1681 11045 2256
f 2256 9426 10971
f 11938 2770 1265
f 9717 9013 11938
f 11939 3596 11692
f 9372 9273 11939
f 8539 11860 3540
f 11918 511 1527
f 3486 3112 11940
f 11557 11630 11940
f 11941 11707 7266
f 1657 8351 11941
f 11942 6327 7037
f 6567 10130 11942
f 3139 7799 7274
f 3488 1753 7274
f 4129 6558 11915
f 11929 451 10854
f 1291 4674 11943
f 10892 12102 11943
f 11944 11612 1000
f 11944 10010 8989
f 4 5502 11946
f 5957 8362 11946
f 10237 3711 11947
f 11277 5962 11947
f 11948 889 8317
f 11948 5901 1685
f 11216 3866 11774
f 6766 3336 7485
f 7870 3706 6944
f 6944 7445 511
f 4086 8368 11949
f 5503 9796 6832
f 6865 6218 11210
f 11950 3071 5060
f 3257 5530 11950
f 2673 2770 11938
f 11351 11893 10410
f 11478 8369 11951
f 11871 6295 11952
f 3016 10508 11952
f 12067 12054 11953
f 12120 8702 8670
f 12283 12017 4864
f 436 12871 437
f 2316 4533 11954
f 6333 8508 11954
f 12389 2711 10851
f 7882 2618 11955
f 10479 7620 11955
f 9066 9430 4044
f 9834 11877 9073
f 8319 1616 9073
f 3722 9115 11956
f 11956 3723 9149
f 10887 2790 11957
f 310 4223 311
f 12135 6892 2620
f 12395 12530 12534
f 4170 5178 12263
f 7790 213 223
f 11995 210 209
f 12098 12598 12241
f 4701 4525 4206
f 11959 11844 162
f 11959 9405 5950
f 481 6446 484
f 12187 12052 7107
f 4503 11898 4182
f 12197 5225 12239
f 12259 12107 9371
f 12108 11898 12122
f 7337 5663 11960
f 11961 1350 10171
f 9801 3810 26
f 3325 9449 11962
f 11979 3480 11962
f 1929 724 11963
f 11963 837 5282
f 11965 9125 3058
f 11965 2578 10421
f 11967 11076 3102
f 11207 11612 11967
f 9924 329 4184
f 4920 2385 12176
f 12176 179 178
f 5172 2491 11968
f 11969 9596 7425
f 2437 12233 9664
f 6697 12343 10261
f 9438 2549 11971
f 10565 8845 10897
f 11972 3327 1559
f 11684 3239 11972
f 12418 12309 12539
f 6767 2903 11974
f 9879 12141 11974
f 11817 3965 623
f 11976 3013 7257
f 11976 5187 8332
f 10279 3575 11977
f 7810 5563 11977
f 10604 3480 11979
f 11962 4086 11979
f 9991 12234 12531
f 11971 5778 724
f 11980 11534 2516
f 7497 12611 8526
f 11920 12270 12379
f 11982 9542 1819
f 11982 1255 8880
f 1827 9805 11983
f 693 11556 11983
f 10281 1337 11986
f 11700 8862 11986
f 11987 11825 1555
f 12029 5445 11987
f 1448 9103 5228
f 4184 329 330
f 4237 12096 10923
f 2278 11587 7146
f 10449 11049 11989
f 9042 594 11989
f 4737 10566 170
f 11495 1328 9173
f 1897 6915 11990
f 11990 26 3236
f 4017 4159 11966
f 12099 12577 11975
f 12170 8229 12179
f 4258 12034 11995
f 179 12176 12077
f 9405 11959 4491
f 210 11995 12034
f 223 11931 7790
f 12350 10957 2720
f 10517 8302 11996
f 10788 2577 11996
f 6438 5910 1767
f 12224 5169 12242
f 12578 11999 5812
f 8810 11970 11997
f 11997 4118 12449
f 7065 7153 3473
f 11578 10283 11998
f 11999 6459 4145
f 125 8810 11997
f 4345 2218 4530
f 12000 1869 5484
f 12000 6873 1620
f 8009 2821 12001
f 8539 10330 12001
f 146 12578 12341
f 12647 131 130
f 1043 9188 7100
f 3813 5773 12003
f 6171 1581 12003
f 12238 4312 12204
f 7196 12034 4258
f 12004 11437 950
f 12004 8917 11219
f 5322 12363 8229
f 362 364 11960
f 12204 4426 4113
f 12006 6856 851
f 6144 7819 12006
f 8865 12597 12022
f 12008 4065 5135
f 12008 11932 12134
f 12138 36 9521
f 12009 9457 4923
f 12009 6965 8207
f 8862 9574 12010
f 10281 11986 12010
f 4963 2212 12011
f 4739 10412 12011
f 12909 12137 233
f 5881 1408 12582
f 2074 3810 11961
f 12048 10400 8514
f 1755 3529 12014
f 10309 10209 12014
f 4753 12210 7304
f 5318 7190 12015
f 12607 12560 12752
f 12016 5558 3466
f 12016 10689 81
f 12230 4074 10325
f 12601 5256 12799
f 12349 5181 12017
f 12017 12283 12349
f 6640 11915 12036
f 12359 12199 6176
f 4956 10567 2671
f 5366 4265 11849
f 12789 2429 12687
f 12239 160 159
f 12524 12122 11898
f 12718 12217 12007
f 5221 4964 12019
f 4208 5364 12133
f 6092 358 357
f 12601 12470 12230
f 456 12020 457
f 6697 10261 7558
f 12512 5482 5132
f 4690 12445 4436
f 11915 6640 4129
f 12712 11718 12018
f 12597 4111 12022
f 12022 7765 4500
f 12689 12784 4340
f 6448 12023 6115
f 12456 12023 12350
f 12249 5928 12208
f 12182 7538 10213
f 3402 12085 4195
f 355 9924 12024
f 4168 11934 12024
f 12025 7041 12255
f 8060 3406 12026
f 3678 9577 12026
f 12890 396 12916
f 4229 4219 12038
f 12373 12069 12411
f 12028 5018 12517
f 12029 1555 5525
f 12029 11569 5445
f 12032 4398 11663
f 12030 4337 10707
f 4900 12398 11776
f 12048 2107 7562
f 4865 6067 12433
f 4737 170 10650
f 12031 4584 4195
f 12032 12139 12666
f 2430 12508 7957
f 4313 4037 12510
f 12095 12098 12241
f 12052 12034 7196
f 212 211 12187
f 6387 6640 12036
f 12037 9111 4361
f 12161 10334 9907
f 2832 12040 12279
f 343 12130 312
f 10846 12042 2708
f 7491 11929 12042
f 12252 4240 5234
f 12307 12235 10358
f 12444 12132 7613
f 4985 5306 12044
f 12044 12645 4241
f 12045 4321 12113
f 4111 4556 12022
f 12261 344 297
f 11275 10298 12046
f 2784 10168 12046
f 12047 7554 6706
f 12047 7901 2228
f 8514 4931 12048
f 7562 1359 12048
f 3953 8981 12049
f 6285 4928 12049
f 5318 12059 6376
f 11832 4753 11745
f 12616 12563 4293
f 12622 2828 4354
f 4155 4249 12107
f 12203 5873 4155
f 351 12074 348
f 12359 6176 8793
f 5987 11991 5295
f 12050 4260 4834
f 4430 6256 12230
f 12043 4626 11743
f 10302 6339 12051
f 12051 12143 10302
f 267 4365 268
f 5515 7826 12258
f 12161 9907 12033
f 12085 12031 4195
f 4765 4374 11814
f 7497 12198 11534
f 12531 11246 9991
f 529 9474 12053
f 1916 3404 12053
f 12067 2459 7729
f 7414 352 358
f 4806 1184 5174
f 12258 12415 5515
f 12056 822 6189
f 12056 8507 6619
f 3859 11716 12057
f 3912 10395 12057
f 4977 12135 2620
f 12058 5183 2017
f 12058 7947 4488
f 12032 12689 4398
f 12518 12452 9283
f 12430 12395 12534
f 8832 6376 12059
f 12117 12388 4117
f 11038 4389 12293
f 4400 4350 4344
f 4681 12211 5436
f 11925 12275 12061
f 12062 12120 12054
f 8892 10817 1078
f 12832 4779 12181
f 12063 52 11926
f 12063 2582 11057
f 11414 4354 2828
f 3928 8243 12065
f 3948 8209 12065
f 10066 2782 12066
f 7039 1492 12066
f 12389 8191 10761
f 11953 7748 12067
f 7729 12054 12067
f 12068 308 318
f 12070 1779 5499
f 12079 5242 2932
f 12078 3366 4747
f 12071 8331 3365
f 5005 5357 4551
f 12392 4270 4063
f 12061 4110 7505
f 12114 4101 4146
f 9560 12072 4181
f 285 4791 12616
f 12158 11930 4597
f 12248 4306 9181
f 12790 339 12719
f 12253 12365 5540
f 4239 12035 12404
f 6100 12411 175
f 4430 12470 12459
f 11841 1539 12075
f 11838 2399 12075
f 389 9308 12076
f 11743 4367 12076
f 12459 12401 4430
f 5378 9644 12078
f 4747 12071 12078
f 12301 6892 12135
f 362 4438 9205
f 12320 4465 12246
f 12079 5633 5242
f 12079 7059 12070
f 12068 309 308
f 12751 7690 1687
f 12080 9560 11975
f 5318 12015 12778
f 12081 10700 4608
f 3320 4777 12081
f 12082 4264 12248
f 12200 12668 12643
f 5882 1651 12083
f 2353 5159 12083
f 11008 4264 12082
f 12068 7146 4223
f 12227 12192 12096
f 11743 12180 12043
f 7613 12132 11658
f 12085 10213 12031
f 12220 10275 5128
f 12264 12355 10505
f 12260 12086 9259
f 12036 5828 6387
f 12866 4666 12087
f 236 5149 12088
f 11916 4422 4566
f 12275 11925 4085
f 7902 4534 12089
f 12622 4354 12064
f 4367 12091 12764
f 12164 12545 12384
f 12092 5323 5148
f 2353 12083 12092
f 12137 12093 12012
f 1291 5148 12094
f 12094 784 4545
f 12587 7583 12095
f 12180 12076 9308
f 12096 4237 12227
f 12097 5703 4718
f 5255 6459 12098
f 12505 12229 12887
f 4090 10261 12229
f 12097 12214 5703
f 11617 10404 198
f 361 12106 12316
f 1687 6522 12751
f 12770 12137 12012
f 12156 4475 12136
f 12531 12234 12366
f 1291 11943 12102
f 4930 2353 12102
f 12334 12194 4644
f 12922 12134 12435
f 12770 234 12137
f 12929 246 12309
f 10761 477 10860
f 12390 12367 11930
f 12816 12103 4333
f 6651 12041 4664
f 7538 320 319
f 2903 6202 12104
f 1009 6711 12104
f 12115 5005 6510
f 12105 7017 1074
f 12105 3639 5404
f 11917 2449 7911
f 6358 4523 12138
f 11419 5226 2827
f 11738 4105 7309
f 12367 12118 11930
f 12134 4718 12008
f 12786 12789 5953
f 154 9123 4955
f 4700 12228 12160
f 12491 12346 12228
f 4296 12038 4219
f 12484 12325 6217
f 12110 6738 11813
f 12244 5731 12145
f 1919 1068 12111
f 8066 12172 12111
f 12112 2270 5615
f 11849 1604 5366
f 12166 4666 12103
f 2270 12197 5614
f 12112 12077 4396
f 11804 12209 4362
f 12194 12110 11813
f 12325 12484 12410
f 2292 5725 12435
f 12114 7640 4076
f 194 4052 195
f 12094 5148 12116
f 12116 2570 11720
f 12117 8832 12059
f 12816 6165 2347
f 12119 5226 4523
f 4241 12645 12119
f 8670 11953 12120
f 12103 4664 12041
f 12059 12778 12276
f 12059 5318 12778
f 9666 948 12121
f 9615 8525 12121
f 12215 8232 4130
f 317 316 11988
f 238 12490 378
f 9907 12329 12033
f 7610 12774 5288
f 12443 12115 4838
f 12257 12184 341
f 5635 12268 5366
f 12212 12074 4223
f 12312 2290 12244
f 12123 12408 12345
f 12749 12144 12536
f 12124 3830 11312
f 12124 1830 8702
f 2705 12484 6217
f 12125 5364 12027
f 9371 12107 4249
f 12126 6651 4132
f 12126 11815 4812
f 12687 12696 12566
f 12127 12292 8754
f 11974 2903 12128
f 6711 7387 12128
f 12700 12714 6093
f 9513 4182 7141
f 12130 343 12184
f 12131 4329 4777
f 4629 11876 12131
f 12444 4665 12043
f 12107 12688 12203
f 12180 11743 12076
f 12084 5145 6331
f 12235 11917 6049
f 12407 12097 12134
f 4308 12521 12485
f 12133 12538 12091
f 12435 12134 11932
f 7107 12052 452
f 211 12034 12187
f 12215 6650 8232
f 12201 12135 12311
f 2499 4361 9111
f 12689 12032 12868
f 12471 6008 12335
f 151 12221 12156
f 12108 4700 4299
f 4299 6549 12108
f 12090 12572 9993
f 5419 12093 12909
f 6358 9521 4207
f 11418 9521 36
f 12140 12098 11999
f 12690 5226 12119
f 12141 12163 6529
f 11912 6463 5825
f 3842 12636 12169
f 12110 12312 12244
f 9469 12493 10573
f 12476 12012 12045
f 12182 320 7538
f 12198 11945 4281
f 11958 12284 12218
f 4203 10302 12143
f 12221 4475 12156
f 4306 12463 11981
f 320 12182 321
f 4346 2434 12397
f 12144 10703 7583
f 12145 4280 12244
f 452 12052 12145
f 12190 5969 12522
f 12171 12772 12020
f 4170 12263 6546
f 132 12037 12396
f 12598 143 12241
f 431 12776 424
f 2347 12166 12816
f 108 4645 12480
f 4644 11945 12334
f 4305 6997 12148
f 276 275 12148
f 4328 190 193
f 4703 4874 12150
f 4805 4260 12280
f 12143 830 10849
f 6952 12151 12806
f 12805 4407 370
f 12091 12763 12764
f 830 12143 12051
f 12152 4309 12627
f 12914 12343 12378
f 11124 2886 12153
f 10755 3663 12153
f 12257 341 340
f 341 12184 342
f 12142 112 111
f 6451 7108 4071
f 4121 10802 7425
f 4971 5812 4193
f 12341 12578 5812
f 4139 9993 12572
f 12171 12453 12519
f 11220 12155 12208
f 315 12215 4130
f 12764 12076 4367
f 5219 152 12156
f 4475 12221 2732
f 5249 10847 5696
f 12281 12409 12158
f 12694 12554 12427
f 334 12123 335
f 12161 10791 10334
f 12566 4526 11985
f 12163 9265 10880
f 12163 12141 11322
f 12106 361 332
f 12089 12401 7902
f 12164 12384 11527
f 4955 4609 7487
f 10882 12165 12461
f 4664 12103 4666
f 7790 4244 12167
f 6225 4258 12167
f 12505 12297 12173
f 12232 4549 12185
f 12169 12206 3842
f 334 333 4151
f 12179 4159 12170
f 12170 7837 9264
f 12125 12133 5364
f 12453 12171 12020
f 12827 12346 12491
f 5079 12298 12256
f 12803 12843 5920
f 12352 5145 12084
f 6427 2666 12172
f 1919 12111 12172
f 2710 12678 10858
f 12173 6558 4630
f 4334 6008 12174
f 4110 12061 12175
f 12117 12276 12803
f 12176 4496 12077
f 12479 4150 11628
f 4564 12240 377
f 11658 12132 12409
f 12369 7472 6279
f 12177 12319 7472
f 5105 12482 12129
f 4060 12165 12205
f 186 7405 12852
f 12178 12852 12786
f 8113 11966 12638
f 313 12130 12215
f 12311 12683 12201
f 323 5128 324
f 4080 12590 11984
f 12183 12233 10802
f 12109 12080 11975
f 12728 12621 12800
f 11044 12232 12168
f 12140 145 12598
f 12184 12257 10096
f 10096 1676 6650
f 4549 12232 11044
f 12446 6221 12594
f 234 12770 235
f 309 12068 4223
f 12186 7146 11587
f 7107 212 12187
f 4123 12271 12183
f 12186 12212 7146
f 12188 8959 10866
f 6131 11536 12188
f 12209 12125 12027
f 160 12239 12242
f 10923 12096 2169
f 6448 12373 12705
f 12139 12147 12189
f 12522 5969 5136
f 12191 4255 4427
f 12191 12243 5231
f 12192 12227 12412
f 12055 4838 1184
f 12133 12125 12805
f 12326 4278 12238
f 12471 12174 6008
f 4311 4466 12330
f 7656 3686 12195
f 12195 10634 1970
f 12215 314 313
f 11817 12268 3965
f 12348 5133 8724
f 12315 12312 12194
f 11776 12393 2383
f 12517 10152 175
f 11658 4940 7613
f 12151 5231 12243
f 12145 5731 452
f 12233 12183 12296
f 2375 6176 12423
f 11929 7491 12199
f 12200 6627 7834
f 10857 7240 12643
f 12904 12253 241
f 12243 4361 2499
f 12252 12399 12344
f 12165 10882 156
f 12482 12205 155
f 5473 5249 5696
f 12207 12115 12514
f 12214 5825 5703
f 5357 12207 12332
f 12315 12194 12334
f 12668 12200 7834
f 12444 12240 12439
f 11220 12208 5928
f 11776 2383 7150
f 12209 11804 12250
f 12240 12043 12180
f 12210 4753 12430
f 226 12272 12613
f 12061 12819 12175
f 12125 12209 12223
f 281 12247 12561
f 12211 4681 4179
f 4173 7538 12212
f 12212 12186 4594
f 153 5501 4609
f 5234 12228 12222
f 12130 313 312
f 5615 179 12077
f 12239 5614 12197
f 160 12242 5169
f 12571 12359 12376
f 12197 12112 4746
f 2270 12112 12197
f 12363 8610 12005
f 12179 12610 12638
f 12069 12028 12411
f 11633 12033 12655
f 276 12148 6997
f 12294 12801 11627
f 12861 1946 4824
f 12489 12596 12641
f 12460 12489 4139
f 12215 315 314
f 4248 5225 4746
f 12329 9907 10505
f 12718 167 12624
f 12192 11958 1119
f 12365 12219 12118
f 12220 6664 10275
f 5128 12085 12220
f 5136 2732 12221
f 151 150 12221
f 5501 153 11483
f 12228 12346 12222
f 4759 12458 12282
f 12097 12762 12214
f 12156 152 151
f 12223 12805 12125
f 445 12440 10180
f 9405 4491 161
f 5169 12224 161
f 12143 10849 2707
f 12598 12098 12140
f 4300 12225 4231
f 12218 109 106
f 12263 5178 11958
f 12050 4834 12278
f 2301 12472 12392
f 12227 4237 5221
f 12226 6546 12263
f 12228 5234 12160
f 12403 6666 12323
f 12100 12305 12101
f 12527 12232 12185
f 12256 5803 5079
f 12074 12212 7538
f 12323 4975 12339
f 161 12224 9405
f 12232 12005 12168
f 374 4565 12360
f 12533 9991 4501
f 12715 12451 12393
f 9906 12398 4900
f 12364 12704 4141
f 12497 12236 12548
f 12274 10042 5859
f 2383 12451 12414
f 6277 2549 12237
f 12237 3916 5611
f 12666 12139 12189
f 12451 2383 12393
f 5614 12239 159
f 12240 12444 12043
f 12240 4564 12439
f 12098 12095 5255
f 12033 11633 12161
f 12396 12226 105
f 322 5128 323
f 12238 4278 4312
f 4176 12224 12242
f 12242 12239 5225
f 5442 4176 5225
f 11984 12590 12547
f 12243 12191 4361
f 12243 9110 12151
f 2290 5731 12244
f 12244 4280 12110
f 7293 12193 2406
f 4838 12115 6510
f 12051 12042 10846
f 12274 5859 10271
f 12313 12204 10271
f 12233 2437 10802
f 11849 12431 4008
f 12229 12173 4090
f 12576 4296 12625
f 12576 12038 4296
f 12498 110 12284
f 12096 1119 2169
f 12280 10765 4055
f 12139 12032 11663
f 12189 10908 12666
f 12583 384 386
f 12270 419 8621
f 5515 12415 9371
f 12417 12524 4503
f 12336 12143 2707
f 12219 12147 8704
f 5540 241 12253
f 12815 12265 12254
f 6698 1366 12254
f 12371 12122 12821
f 5079 253 12298
f 10096 4123 4144
f 12297 11915 6558
f 12305 12298 12328
f 12236 4865 12662
f 12270 421 420
f 7826 12768 12258
f 12405 6591 11970
f 12260 10505 12086
f 9259 5160 12260
f 12227 5221 12429
f 9664 12233 12261
f 322 321 12182
f 5303 12254 12262
f 12262 10557 4607
f 7160 4834 4805
f 11958 12218 12263
f 10505 12260 12264
f 12265 12266 3827
f 6698 12254 12265
f 12570 4055 7337
f 12033 12487 12655
f 12621 12728 3967
f 12911 405 413
f 495 3827 12266
f 1505 7362 12266
f 12572 12765 12691
f 12240 12180 377
f 10275 326 325
f 12323 5493 4975
f 4110 12845 10236
f 369 382 12159
f 227 12537 214
f 12245 9664 12261
f 107 12412 12429
f 6406 11817 623
f 12270 420 419
f 6463 11912 3842
f 12267 12338 2161
f 12108 12371 4700
f 8793 12376 12359
f 12610 4990 2060
f 12077 12112 5615
f 12356 12275 4085
f 12764 4600 389
f 12298 12305 12256
f 12470 12601 12602
f 5128 322 12182
f 12271 12257 340
f 12271 4123 12257
f 12260 12269 12264
f 6666 12458 4759
f 12470 4430 12230
f 12470 12602 12780
f 12405 8811 98
f 10271 4289 12274
f 8505 4046 5940
f 12157 8505 5940
f 12688 12107 12259
f 4229 12615 4507
f 12225 12216 12039
f 173 12426 174
f 12218 12226 12263
f 253 5079 263
f 12231 12436 12339
f 6461 4224 12277
f 12277 7111 5114
f 5571 12587 12241
f 12095 7583 10703
f 12276 12117 12059
f 12040 5760 12279
f 11417 2832 12279
f 12252 12344 6406
f 12757 12269 12272
f 12248 9181 12769
f 12280 8352 10765
f 12280 4260 12150
f 12238 12204 12313
f 4113 10271 12204
f 4864 12196 12283
f 12428 11937 12569
f 12192 12498 12284
f 106 12226 12218
f 345 12271 346
f 12299 6969 9514
f 106 105 12226
f 2406 12285 7292
f 340 346 12271
f 12241 143 5571
f 12617 12351 12386
f 12379 12286 1615
f 12494 5305 12286
f 12302 6667 5828
f 12678 5249 12169
f 12781 4078 12288
f 12361 12142 12673
f 12072 4343 4181
f 167 12718 184
f 12556 4302 9079
f 12292 12127 12301
f 12625 4296 4847
f 12425 11627 12880
f 2301 12392 4063
f 4838 12193 12443
f 7609 9841 12295
f 8931 11454 12295
f 8811 11970 2471
f 12157 12289 5972
f 12183 12271 12296
f 12296 12261 12233
f 12473 12466 12303
f 4278 12326 5651
f 12264 12757 12355
f 12283 12196 12351
f 11978 12256 12305
f 6260 12339 4975
f 12704 12307 12837
f 12796 10856 6217
f 12018 4395 169
f 3924 11992 12225
f 12714 12700 12216
f 11658 12409 12281
f 296 12245 12261
f 109 12218 12284
f 12300 12303 12383
f 12490 12432 379
f 12305 12100 11978
f 12303 12300 4313
f 10567 4506 171
f 12072 12626 5553
f 6667 12302 10358
f 12837 12307 12302
f 426 12748 434
f 12020 456 12453
f 12660 12665 11937
f 12463 9469 10573
f 12539 257 12920
f 12920 12285 12539
f 12294 5008 6029
f 12807 5727 2293
f 12109 12693 12080
f 5103 12310 4311
f 4779 5638 5651
f 12311 12135 4977
f 8754 12625 4847
f 5216 1900 4349
f 4506 10567 4956
f 5728 2290 12312
f 12312 12110 12194
f 11916 12293 12604
f 12855 12831 127
f 5728 12312 12315
f 6997 277 276
f 12309 12418 5216
f 12811 12683 12318
f 4779 12832 12318
f 12313 10271 5859
f 12555 3135 453
f 7497 8526 12198
f 12147 12219 12253
f 12626 12072 12080
f 4341 12353 11532
f 11407 12319 12177
f 12321 603 6420
f 12321 10923 4410
f 12238 12313 12798
f 4772 1913 12913
f 367 4311 12310
f 12073 12376 8793
f 12222 12252 5234
f 5234 5879 12160
f 7647 4228 12149
f 12318 9003 4779
f 12541 12198 8526
f 12019 12669 12477
f 359 361 12316
f 11966 12467 4017
f 408 6553 12840
f 12356 4085 5145
f 4544 12314 12155
f 12082 12357 11008
f 12325 9646 3840
f 12794 10364 12589
f 289 12927 290
f 12804 12831 12326
f 12326 12181 5651
f 171 4506 172
f 12385 5472 11991
f 10261 4090 7558
f 12381 3959 12414
f 12343 12914 10261
f 12177 2833 11407
f 12344 11817 6406
f 11849 4265 12413
f 453 5728 12315
f 12101 12305 12328
f 12757 12535 12355
f 12273 477 10761
f 12261 297 296
f 12330 5103 4311
f 365 4466 9204
f 12728 12267 3967
f 12291 4175 12245
f 12331 11844 7108
f 4141 12931 336
f 12207 12483 12332
f 12333 12249 4994
f 12333 4803 5928
f 12490 238 12390
f 12390 12158 12490
f 12581 12555 12541
f 12198 12541 11945
f 12344 12347 11817
f 12471 12332 12213
f 12298 252 12328
f 12268 11817 12347
f 12428 12353 8095
f 12500 12382 10052
f 12335 4551 5357
f 4203 12143 12336
f 12483 12342 12332
f 12735 5133 12348
f 12437 11391 11633
f 12337 12314 12213
f 12291 305 304
f 2707 10859 12336
f 12339 12436 12323
f 336 12931 337
f 5357 12332 12471
f 261 12342 262
f 12769 9181 12842
f 12354 5803 4994
f 12353 12685 11532
f 12843 12767 422
f 12791 12746 254
f 4722 12255 7041
f 12487 12033 12329
f 12343 6697 12060
f 10261 12914 12327
f 12322 11993 12357
f 12456 12341 4971
f 12357 11993 11008
f 12356 12352 12755
f 2449 12106 12345
f 331 12123 12345
f 12488 12448 12346
f 12267 12771 12338
f 4265 12442 12413
f 12458 12600 12282
f 12493 9469 4397
f 12364 360 359
f 12349 12814 12620
f 12151 6952 5231
f 12352 12356 5145
f 4994 12475 12354
f 5865 12278 12549
f 268 4365 264
f 372 10073 12101
f 12357 12631 12608
f 148 12705 12373
f 4254 12386 11735
f 12347 12344 12406
f 5079 249 263
f 257 12309 246
f 12381 12493 4397
f 12223 12250 371
f 12250 12223 12209
f 12610 12179 8229
f 4791 285 284
f 12328 252 372
f 5518 12361 12157
f 12123 331 335
f 477 12273 474
f 7864 455 11412
f 12234 12729 12358
f 12320 12745 12734
f 12551 12603 12363
f 4141 360 12364
f 12364 12316 12235
f 12365 12253 12219
f 12316 12364 359
f 12366 12891 12352
f 12337 12568 12314
f 12546 11696 12648
f 12399 12252 12222
f 12704 12854 12400
f 7106 12400 478
f 4389 12306 12293
f 12729 12360 12912
f 303 12368 12291
f 246 12929 244
f 12447 12369 5809
f 2833 12177 12447
f 12370 4774 5539
f 12370 81 10689
f 12835 5216 4349
f 4700 12491 12228
f 12088 12499 11756
f 12551 12639 4463
f 302 12726 12368
f 12251 5940 6398
f 12494 5679 7368
f 5076 12621 7068
f 12386 12196 11735
f 12481 5518 12251
f 10152 12517 176
f 252 12298 253
f 12345 332 331
f 4302 12455 12299
f 12462 12431 12413
f 12413 12431 11849
f 12377 2704 12677
f 12362 4091 12684
f 10851 829 12378
f 12378 12343 12389
f 12388 12513 11920
f 12286 5679 12494
f 12101 10073 12380
f 12380 12360 12533
f 7368 12372 4061
f 12380 12100 12101
f 12599 5114 4507
f 12384 12545 12506
f 12382 12449 4118
f 12466 12383 12303
f 12383 9906 12300
f 4380 12549 12395
f 12394 12612 12884
f 8287 12877 12867
f 12616 4293 12634
f 12073 12385 12376
f 12386 12351 12196
f 10861 12677 2704
f 12367 239 242
f 12665 12660 6618
f 3502 6843 12387
f 12291 304 303
f 9554 4117 12388
f 12513 12388 12287
f 8191 12389 12343
f 2775 12570 11250
f 12472 2301 12013
f 12588 12595 5672
f 6016 12568 12337
f 12449 126 125
f 332 12345 12106
f 12545 400 12506
f 12327 12887 12229
f 4270 12720 12765
f 12392 12863 12720
f 12379 12270 8621
f 12351 12814 12283
f 489 12875 218
f 7337 11430 407
f 12545 5490 401
f 12396 6546 12226
f 105 132 12396
f 282 4273 4791
f 12394 12651 5194
f 12255 4722 12322
f 12479 12472 12013
f 12275 12860 12819
f 12397 12113 4346
f 5149 12397 12499
f 12739 11937 12665
f 12406 12344 12399
f 12432 12490 12409
f 12567 12114 4076
f 12460 4139 12592
f 12222 12448 12399
f 12374 8803 12420
f 12437 11633 12655
f 12217 4111 12007
f 12400 4141 12704
f 12164 11527 12401
f 4661 7902 11527
f 4880 12565 6221
f 12402 4228 6139
f 12398 9906 12383
f 12403 12323 12436
f 9799 12404 12659
f 11970 8811 12405
f 4289 12405 12274
f 12878 12762 12407
f 12425 12880 12623
f 9079 12496 12556
f 12762 12097 12407
f 4552 12404 9799
f 12659 12404 12675
f 131 12647 12699
f 9799 12469 5634
f 5634 12469 12417
f 11167 12809 12377
f 12665 12387 12726
f 411 412 12829
f 435 12871 436
f 12408 7700 2449
f 12408 12123 9446
f 12863 12392 12472
f 12409 12132 12432
f 379 12432 375
f 12809 11167 12410
f 2704 12377 10853
f 12028 12069 4250
f 12677 484 6446
f 12347 4265 12268
f 12819 12061 12275
f 12649 414 12530
f 2383 3959 7150
f 99 12804 12798
f 12415 12259 9371
f 5303 4034 12416
f 12416 5037 67
f 12386 12503 12617
f 112 12142 113
f 12418 1900 5216
f 12418 12539 11973
f 12038 12615 4229
f 12285 12055 11973
f 4806 12422 11973
f 4349 4348 12835
f 12411 12028 12517
f 12293 11916 11038
f 12306 5972 12289
f 109 12284 110
f 2041 7187 12421
f 12420 794 10181
f 6446 12438 12677
f 4394 4358 12422
f 12421 12815 6460
f 12423 9465 8175
f 12423 6176 12199
f 12795 12596 12460
f 12406 12839 12753
f 12469 12633 12417
f 12285 12193 12055
f 4466 12454 12424
f 416 5679 417
f 12795 12460 12876
f 12424 12330 4466
f 4466 365 12454
f 2499 9110 12243
f 176 12419 8813
f 12801 116 115
f 12833 12458 12403
f 95 8113 134
f 10052 4120 12500
f 10324 9366 4349
f 12442 4265 12347
f 12430 4753 11832
f 4293 12563 9569
f 12439 12132 12444
f 11993 12322 4722
f 11945 12541 12334
f 12449 12382 11830
f 12454 12508 4542
f 4078 4919 7610
f 12443 12193 7293
f 12432 12132 12439
f 12432 12439 376
f 12858 232 3125
f 5762 12412 107
f 12583 12250 11804
f 12353 4341 8095
f 6446 481 12434
f 12438 12433 6067
f 12134 12922 12407
f 455 7864 12783
f 12480 12429 5221
f 12433 6446 12434
f 9499 6067 9430
f 4564 376 12439
f 12737 463 4418
f 12615 12701 12599
f 12440 2599 10180
f 12440 11330 12520
f 1408 12441 12582
f 12559 4267 12340
f 12406 12442 12347
f 376 375 12432
f 4645 107 12429
f 12245 295 305
f 7293 258 12443
f 12552 12736 12903
f 12565 471 12594
f 7613 4665 12444
f 4311 9204 4466
f 12445 4690 12021
f 7647 12149 12667
f 12594 471 5732
f 11421 5036 33
f 12447 12177 12369
f 12431 12772 12171
f 125 11997 12449
f 126 12449 11830
f 242 5540 12365
f 5859 10042 97
f 12450 5729 12465
f 5885 4916 12450
f 12709 12451 12761
f 12355 12535 12329
f 12903 220 12552
f 12891 12755 12352
f 12516 12146 12519
f 12424 4542 8667
f 12282 12386 4254
f 8289 12592 12691
f 12429 12412 12227
f 147 12341 12456
f 12023 12456 12591
f 12567 12547 12732
f 258 12457 12443
f 12514 247 248
f 5018 6214 12419
f 12808 12462 12413
f 12413 12442 12808
f 12040 11413 464
f 12035 12675 12404
f 12375 12743 12698
f 12155 12314 12568
f 12458 6666 12403
f 12251 12425 12623
f 12522 149 8812
f 158 10882 12461
f 4222 4920 12461
f 10573 12493 12834
f 12082 12769 12631
f 12381 12697 12493
f 12683 12311 12318
f 11409 12464 5017
f 4307 12502 8870
f 157 4920 12176
f 113 12142 12481
f 5729 2292 12465
f 5885 12450 12465
f 12383 12715 12398
f 12879 2600 10179
f 12190 4200 5969
f 12465 11932 5885
f 12802 12208 12155
f 12502 4307 12464
f 12673 12289 12361
f 4903 6280 5873
f 12468 4525 4701
f 5107 188 12521
f 11981 12463 12375
f 12289 12157 12361
f 5018 4234 6214
f 12762 11912 12214
f 12457 247 12514
f 12861 12466 12473
f 12872 12475 12249
f 5692 12477 12558
f 12872 12249 12208
f 12314 12174 12213
f 12912 4565 373
f 12335 5357 12471
f 12342 12213 12332
f 12715 12383 12466
f 2472 11836 12525
f 8645 7368 416
f 794 12420 12509
f 10182 2599 12520
f 4823 1946 12896
f 12664 12217 12624
f 12475 4994 12249
f 11812 12497 12644
f 10851 12378 12389
f 4266 12452 12391
f 12045 12113 12476
f 12477 12480 12019
f 12709 12697 12414
f 12478 8035 2279
f 6912 8016 12478
f 12515 11628 6432
f 12176 178 157
f 12642 12585 12644
f 4919 12781 12492
f 12208 12802 12872
f 5221 12019 12480
f 4311 367 366
f 394 12848 4824
f 5518 12481 12361
f 12482 5105 12205
f 155 5759 12482
f 4920 157 158
f 12327 10852 2706
f 5136 12221 150
f 12709 12414 12451
f 12278 5865 12050
f 12483 12207 12514
f 3654 12483 248
f 12498 12412 5762
f 12461 12165 4222
f 12809 12484 828
f 4701 4314 12485
f 5749 8225 12486
f 12500 4120 12467
f 12346 12448 12222
f 12489 12185 4549
f 12809 10853 12377
f 2118 5107 4308
f 12741 12737 4418
f 12490 12158 12409
f 379 378 12490
f 12491 4700 12371
f 12782 12491 12371
f 12448 12839 12399
f 10573 12793 12463
f 12236 12497 11994
f 12429 12480 4645
f 12349 1408 5181
f 4078 4101 12288
f 4101 12114 12288
f 11836 12419 6214
f 12567 12288 12114
f 156 12205 12165
f 7368 4061 12494
f 5679 12286 8621
f 12893 12371 12821
f 12488 12827 12906
f 5759 154 12129
f 7610 5549 12495
f 12520 12532 4926
f 12554 12496 12427
f 374 12360 12380
f 372 12101 12328
f 423 8621 419
f 8915 12648 11696
f 12753 12882 12808
f 12480 12477 108
f 12798 12313 5859
f 12556 12455 4302
f 176 12517 12419
f 12697 12381 12414
f 12498 12192 12412
f 5762 110 12498
f 12860 12755 3790
f 12499 4422 11756
f 12584 12500 12467
f 12501 12681 12725
f 4903 12518 6914
f 12317 11991 11696
f 12759 8870 12502
f 12502 11415 2829
f 12580 12109 12577
f 12109 12580 12731
f 12380 10073 374
f 12646 190 4328
f 12504 10265 4039
f 12545 12164 12614
f 4200 12190 12507
f 6214 4234 12507
f 2430 7956 12564
f 4542 12021 4411
f 10178 794 12509
f 12420 4049 12509
f 12896 12303 4313
f 11981 12656 9181
f 12828 392 391
f 12890 12510 12512
f 12753 12808 12442
f 12504 12644 12585
f 8813 12419 11836
f 12860 12275 12356
f 12916 395 4823
f 12511 6374 11167
f 12511 6067 9499
f 5132 397 399
f 12512 12510 4037
f 10178 12774 2598
f 12152 4308 12485
f 12270 11920 12513
f 12513 5919 421
f 12514 12115 12457
f 248 12483 12514
f 4926 12516 12879
f 12879 795 4926
f 175 12411 12517
f 12517 5018 12419
f 98 12274 12405
f 12892 1131 3384
f 12269 5160 4188
f 398 12928 12544
f 5541 249 12354
f 12435 12465 2292
f 2599 12440 12520
f 12518 4903 12681
f 12870 476 3137
f 12519 10976 12171
f 6432 6627 12515
f 10182 4926 795
f 12203 12725 5873
f 4701 12485 12521
f 188 6855 12468
f 12890 5132 399
f 5136 149 12522
f 12525 12190 12522
f 3840 12299 12523
f 12523 12325 3840
f 12897 12122 12524
f 12821 12897 12640
f 12190 6214 12507
f 11836 2472 8813
f 12717 12791 4348
f 12746 12791 12526
f 12334 12555 12315
f 12555 12581 3135
f 12527 12005 12232
f 12641 12185 12489
f 12472 12479 12773
f 4860 4636 5523
f 12528 12544 4636
f 10760 4279 12529
f 12529 6904 2039
f 12819 12860 368
f 11984 12567 4076
f 12621 5076 12661
f 12530 12395 12549
f 414 12649 415
f 12354 12475 5541
f 12639 12527 12185
f 12358 12366 12234
f 12634 12211 12247
f 12532 9606 12154
f 12532 12520 11330
f 12873 12617 12503
f 12600 12503 12282
f 4501 12380 12533
f 12533 12729 12234
f 265 4052 194
f 8611 11330 4916
f 12522 8812 12525
f 12648 4134 12144
f 12217 12664 12474
f 12814 12349 12283
f 12395 12430 11832
f 12287 2320 5919
f 12521 4308 5107
f 12329 12535 12487
f 12791 12717 12526
f 265 264 4365
f 12468 12521 188
f 12590 12888 12547
f 12535 12903 12736
f 12285 2406 12193
f 12630 7583 12587
f 12542 879 7732
f 12519 12881 12516
f 12584 95 96
f 12920 256 7292
f 257 12539 12309
f 12524 12417 5195
f 4039 12644 12504
f 12540 4052 4365
f 12561 12247 4179
f 12322 12702 12255
f 12742 12574 12702
f 12542 7732 4287
f 12680 12542 9254
f 12637 426 12844
f 12543 5103 12308
f 12930 12788 12685
f 12272 12903 12757
f 12229 12505 12173
f 12484 2705 10850
f 12634 278 287
f 12604 11756 11916
f 10850 828 12484
f 12928 398 8644
f 12544 5132 5482
f 12599 12558 12669
f 11991 12317 12385
f 12385 12317 12553
f 12005 12527 12363
f 4463 137 12551
f 12557 11628 12515
f 12474 12664 12550
f 12430 12534 12910
f 12210 12430 12910
f 12363 12527 12551
f 12903 12272 217
f 262 260 259
f 12777 12681 12501
f 12611 10859 450
f 12555 12334 12541
f 12547 12567 11984
f 12634 286 12616
f 12247 278 12634
f 12662 12434 12672
f 12372 8645 418
f 12881 12879 12516
f 7240 12557 12515
f 12788 12562 12685
f 12477 5692 108
f 5903 12752 12560
f 12560 12607 12210
f 12849 4834 7160
f 4179 12540 12561
f 12562 4514 12685
f 4791 284 283
f 7368 8645 12372
f 12487 12775 12756
f 12445 12021 12564
f 12661 418 3775
f 12692 12554 485
f 12611 7497 12336
f 12573 12304 12605
f 12615 12599 4507
f 12445 12564 12583
f 12752 5903 403
f 12149 6221 12446
f 12892 12571 12553
f 12385 12553 12376
f 4526 12566 12586
f 7918 12786 185
f 450 3135 12581
f 12631 12357 12082
f 407 11250 12570
f 12359 12886 12199
f 447 8289 12691
f 12489 12460 12596
f 12768 12040 12760
f 12702 12574 12255
f 12650 5828 12036
f 12887 2706 10855
f 280 279 12247
f 12433 12662 4865
f 4834 12849 12278
f 12573 4186 12304
f 12606 12310 12543
f 12574 12025 12255
f 8754 12324 12625
f 12699 12038 12576
f 9114 12140 12578
f 11999 12578 12140
f 12787 12546 12713
f 12579 5133 12735
f 12734 12684 12320
f 12766 12415 12258
f 12760 464 4417
f 12536 7583 12670
f 12684 4465 12320
f 12742 12273 12574
f 12608 12883 12702
f 12541 8526 12581
f 10183 12565 2597
f 12850 12842 3377
f 12823 12681 12779
f 12341 147 146
f 11529 12590 4080
f 12646 192 191
f 12553 12571 12376
f 4953 12589 10364
f 12725 4903 5873
f 12582 12441 12304
f 12582 12304 4186
f 384 12564 7956
f 11804 12445 12583
f 12584 11830 12500
f 12710 12708 3381
f 12564 384 12583
f 5345 271 294
f 12871 12748 12620
f 12748 12441 12620
f 4052 265 4365
f 12688 12501 12203
f 12586 4178 4526
f 12586 12162 9970
f 12459 12614 12164
f 12567 12732 12288
f 12624 12727 12664
f 12587 5571 142
f 7583 12536 12144
f 143 12598 145
f 12241 12587 12095
f 472 12492 469
f 12504 12585 12588
f 293 5345 294
f 12588 5672 12504
f 10038 12023 12591
f 12456 4971 12591
f 12876 12460 12592
f 4139 12572 12592
f 12862 12415 12766
f 9302 3344 12593
f 1137 7834 12593
f 12594 6221 12565
f 12446 12667 12149
f 12630 142 5073
f 12701 5691 2283
f 5194 5672 12394
f 12651 12884 12619
f 12561 12540 4365
f 4365 267 12561
f 12795 135 12596
f 12597 8865 11718
f 4111 12217 12474
f 145 12140 9114
f 12780 12911 5489
f 12558 12599 12701
f 12503 12600 12836
f 12626 12080 12693
f 12247 281 280
f 12691 12592 12572
f 12683 12754 12201
f 12201 12301 12135
f 12603 12551 137
f 8229 12363 12603
f 12605 12637 12844
f 12721 12847 12889
f 12573 12543 5782
f 1913 4773 12606
f 12614 12459 12780
f 12913 12606 12573
f 400 12545 401
f 12374 2597 12565
f 137 4990 12603
f 12752 5256 12607
f 7304 12210 12607
f 12322 12357 12608
f 12850 3377 1128
f 11966 8113 12467
f 12856 104 10883
f 10181 12374 12420
f 12324 12575 12625
f 12544 10535 398
f 12768 7826 12609
f 12609 7822 5760
f 8229 12603 12610
f 12611 12581 8526
f 12336 10859 12611
f 4111 12597 12007
f 12595 12394 5672
f 286 12634 287
f 453 12315 12555
f 12250 386 371
f 12578 146 9114
f 306 12719 307
f 269 4273 270
f 12613 12272 12269
f 12780 12459 12470
f 386 12250 12583
f 2283 12558 12701
f 12910 12894 404
f 301 12739 12726
f 1470 4441 12721
f 4172 4374 12618
f 9569 12563 12618
f 12584 96 124
f 12620 1408 12349
f 12562 12622 12064
f 12425 4068 11627
f 12623 12481 12251
f 12624 12217 12718
f 12324 8754 12292
f 12575 12576 12625
f 4791 12563 12616
f 5732 2291 12446
f 4273 282 270
f 12812 11756 12926
f 12679 2118 4308
f 12627 12162 12646
f 8113 95 12584
f 12726 12387 12368
f 10518 64 12628
f 4002 6635 12628
f 124 11830 12584
f 12878 446 3134
f 12638 2060 4989
f 12925 12898 12792
f 12799 5256 12752
f 6884 12018 168
f 2060 12638 12610
f 12302 5828 12629
f 12587 142 12630
f 12649 12530 12549
f 12162 12627 4315
f 12863 12773 1129
f 12797 11628 12557
f 11830 123 126
f 6451 4071 12632
f 9526 4343 12632
f 1393 12908 12740
f 5195 12417 12908
f 907 12902 12888
f 12748 435 434
f 12756 1394 12783
f 12556 12692 12853
f 12857 12684 12734
f 278 12247 279
f 12634 4293 12211
f 12581 12611 450
f 11912 12792 12636
f 181 5553 182
f 12331 6451 12635
f 12144 12749 12648
f 12696 192 12646
f 12434 482 12672
f 12636 3842 11912
f 12637 12748 426
f 12844 12913 12605
f 12635 181 180
f 11966 12179 12638
f 12639 12551 12527
f 12641 5572 136
f 12269 12757 12264
f 2892 12882 12859
f 5195 462 461
f 12897 12821 12122
f 12642 12644 12497
f 12839 12406 12399
f 454 12713 12749
f 12846 12391 12823
f 12692 12556 12496
f 136 4463 12639
f 473 11410 12788
f 12142 12361 12481
f 12643 7240 12200
f 2709 12643 12695
f 2828 12622 11410
f 12708 12671 1130
f 12908 4420 462
f 114 5384 12623
f 12442 12406 12753
f 4354 11414 12690
f 12064 12645 12044
f 4204 12069 12373
f 12696 12646 12162
f 12549 12278 12649
f 12036 12654 12650
f 12436 12730 12403
f 12590 11529 12824
f 272 12652 12663
f 12537 227 12613
f 8898 2258 12653
f 2397 7539 12653
f 12864 12697 12828
f 11915 12297 12654
f 12713 12546 12648
f 12648 8915 4134
f 12756 12655 12487
f 12568 12802 12155
f 12568 6016 251
f 11628 12797 12479
f 2711 10761 10860
f 488 12536 12670
f 12654 12036 11915
f 6854 12673 12142
f 12793 12834 12869
f 12619 11992 12651
f 12661 5076 12372
f 4328 193 189
f 12629 12837 12302
f 7240 441 12557
f 12657 4993 4985
f 12044 4241 12657
f 11243 10822 12658
f 10783 3207 12658
f 12741 12740 12659
f 12740 12633 12659
f 12774 10178 12509
f 12660 5792 7714
f 12884 12874 432
f 12908 12417 12633
f 273 272 12663
f 11822 9229 12663
f 371 4407 12223
f 12372 418 12661
f 12797 1129 12773
f 5553 12626 183
f 12434 12662 12433
f 12670 7583 12630
f 5828 12650 12629
f 12807 12002 12629
f 12705 141 10957
f 12705 148 140
f 12231 12338 12750
f 9990 11822 12663
f 12570 2775 7160
f 12324 12292 12686
f 12902 12732 12547
f 12550 12580 12577
f 12667 12427 7647
f 12338 12231 2161
f 5114 12599 12669
f 488 8288 12536
f 4773 367 12310
f 228 12088 12812
f 12671 12642 12548
f 12671 12548 12672
f 3681 183 12626
f 7160 2775 11251
f 482 12434 481
f 12672 12548 12662
f 10883 12899 12856
f 12039 12776 12015
f 12900 12289 12673
f 12290 117 116
f 12362 12290 12294
f 12651 3924 5194
f 10105 9134 9990
f 9799 12659 12469
f 12663 10105 9990
f 5730 12002 2293
f 4343 12072 12676
f 12676 12635 6451
f 12828 12697 12709
f 4188 12537 12613
f 11167 12377 12438
f 484 12677 10861
f 240 10908 12189
f 12253 12904 12147
f 8211 12675 12035
f 165 3681 12693
f 12640 461 459
f 3383 12671 12672
f 12727 12580 12664
f 12554 5726 485
f 12733 12775 12736
f 12864 12834 12493
f 12744 12306 12289
f 12925 3134 443
f 12898 12678 12636
f 12627 12679 12152
f 5106 2118 12679
f 12463 12793 12375
f 12626 12693 3681
f 12680 11411 12542
f 12169 12636 12678
f 12725 12681 4903
f 12090 4270 12765
f 12682 12688 12259
f 4328 12627 12646
f 12832 12811 12318
f 12688 12682 12865
f 12681 12777 12779
f 3747 118 12734
f 12672 482 3383
f 12872 3110 250
f 12585 12642 12708
f 12930 12810 4416
f 12696 7919 187
f 12856 12575 12838
f 12251 5518 5940
f 12868 12032 12666
f 6093 12714 2340
f 12566 11985 12687
f 7919 12696 12687
f 243 6015 12868
f 12749 8288 454
f 12119 12645 12690
f 12446 12694 12667
f 12351 12917 12818
f 3136 12853 12692
f 12692 12496 12554
f 12654 12297 12724
f 12889 4266 12391
f 12810 12685 12353
f 6100 148 12373
f 120 12579 12735
f 11529 12559 12824
f 12301 12686 12292
f 12750 430 429
f 12833 12600 12458
f 428 12873 12836
f 12647 130 129
f 5726 12554 12694
f 12427 12667 12694
f 2291 5726 12694
f 831 12695 5696
f 12643 12668 12695
f 12769 12082 12248
f 12553 12826 12892
f 12699 128 131
f 12665 6618 12387
f 12695 10848 2709
f 12236 12662 12548
f 12566 12162 12586
f 192 12696 187
f 12666 10908 243
f 12828 409 392
f 12497 12548 12642
f 12874 433 7358
f 12375 12698 12707
f 12901 405 12911
f 12038 12647 12615
f 12576 12899 12699
f 11912 12762 12792
f 12671 3383 1130
f 4406 12869 12864
f 2291 12694 12446
f 12375 12793 12743
f 12600 12921 12836
f 12039 12216 12700
f 6093 424 12700
f 166 12624 167
f 10847 5249 2710
f 12695 831 10848
f 5249 5473 12169
f 12731 12693 12109
f 12570 7337 407
f 12701 12615 12647
f 12558 2283 5692
f 9254 4287 12703
f 5711 7147 12703
f 12702 12322 12608
f 12765 12720 12825
f 12703 8367 5711
f 5730 478 12854
f 12705 12350 6448
f 12705 140 141
f 2830 7732 11406
f 12151 121 12806
f 12011 4476 12706
f 8993 4739 12706
f 12698 6553 491
f 1130 3381 12708
f 12731 3731 165
f 12783 1394 4419
f 12800 12905 12771
f 12802 12568 3110
f 3381 486 12710
f 12585 12708 12710
f 12710 12588 12585
f 12538 390 12763
f 4600 12764 12763
f 12656 480 12842
f 11981 12707 12656
f 12373 6448 4204
f 12687 2429 7919
f 339 12790 298
f 12569 12813 12428
f 10957 12350 12705
f 410 12761 394
f 12446 12594 5732
f 12711 5622 7732
f 12850 12785 12631
f 439 3623 12730
f 11406 7732 879
f 12739 301 300
f 12642 12671 12708
f 184 12712 6884
f 12018 6884 12712
f 12905 12338 12771
f 12337 261 6016
f 12373 12411 6100
f 3444 12820 12791
f 12765 12572 12090
f 11992 12674 12216
f 220 12903 217
f 12803 5920 2320
f 492 6554 12877
f 6952 12806 12348
f 12216 12674 12714
f 12678 2710 5249
f 11411 12680 2831
f 12715 12393 12398
f 12761 12715 12848
f 12680 12716 7864
f 7864 12437 12783
f 12664 12580 12550
f 3731 12731 12727
f 12784 12526 12717
f 6015 255 12746
f 12712 184 12718
f 12718 12007 12712
f 11420 33 5036
f 12883 12742 12702
f 12201 12686 12301
f 12754 12811 102
f 12719 306 490
f 12719 12569 12790
f 12673 6854 230
f 12720 4270 12392
f 12707 8290 12656
f 12317 11696 12546
f 12880 114 12623
f 12763 12091 12538
f 183 182 5553
f 12569 12719 12813
f 12842 480 3377
f 11937 12739 12722
f 300 299 12722
f 12559 12847 12723
f 12877 8287 492
f 12754 102 2890
f 12686 12201 12754
f 4348 12820 12835
f 12650 12654 12841
f 12921 3623 438
f 12726 302 301
f 12725 12203 12501
f 491 8290 12707
f 12391 12846 12721
f 12726 12739 12665
f 12926 229 12812
f 12644 4039 11812
f 12518 12823 12452
f 12826 12546 12787
f 166 3731 12727
f 12727 12731 12580
f 12338 12905 12750
f 12639 12641 136
f 4641 12894 414
f 12923 12747 12814
f 12912 12358 12729
f 12729 12533 12360
f 11937 12722 12569
f 12368 303 302
f 12857 118 117
f 12492 470 469
f 165 12693 12731
f 12733 489 4421
f 164 12331 12635
f 12246 12745 12320
f 475 474 12742
f 12088 228 236
f 491 12707 12698
f 12455 12556 12853
f 12505 12724 12297
f 12758 12750 429
f 12859 12448 12488
f 12692 485 3136
f 12293 12306 12738
f 250 12475 12872
f 442 12797 12557
f 300 12722 12739
f 12469 12659 12633
f 12740 12908 12633
f 12891 12366 12358
f 12912 388 12891
f 338 337 12931
f 12684 12857 12362
f 12675 12737 12741
f 4418 1393 12741
f 5572 12641 12596
f 12675 8211 12737
f 12741 12659 12675
f 12907 12850 1128
f 12840 12743 4484
f 6553 12698 12840
f 10856 2705 6217
f 12744 12738 12306
f 12289 12900 12744
f 12766 4417 1391
f 12437 7864 12716
f 277 6997 8875
f 12745 12246 12579
f 12689 12526 12784
f 427 4642 12923
f 12620 12814 12747
f 12740 12741 1393
f 12441 12748 12637
f 12749 12713 12648
f 12536 8288 12749
f 393 4484 12743
f 12619 425 6094
f 12674 2340 12714
f 12436 12231 12758
f 12661 12800 12621
f 12878 12925 12792
f 12506 402 12885
f 12885 402 411
f 12752 403 12901
f 12679 12627 4328
f 12744 12830 12738
f 12907 3378 12883
f 12745 12579 119
f 12713 454 3382
f 12761 12451 12715
f 12811 9122 102
f 12755 12891 387
f 12756 12783 12655
f 12817 12781 12732
f 12888 12902 12547
f 12775 12487 12736
f 12588 12710 12867
f 7690 12885 12829
f 12142 111 6854
f 12799 12602 12601
f 7161 12876 139
f 429 439 12758
f 12231 12750 12758
f 4328 5106 12679
f 11416 12502 2829
f 12759 12737 8211
f 12760 12766 12258
f 12040 464 12760
f 12635 180 164
f 5106 4328 189
f 5149 12858 12397
f 12492 10185 4919
f 390 12538 370
f 389 12076 12764
f 12825 12863 3376
f 12827 12488 12346
f 12415 12862 12259
f 12766 12760 4417
f 12882 2892 906
f 12464 11409 878
f 12719 339 307
f 431 4954 12776
f 12778 12015 12767
f 12768 5760 12040
f 12760 12258 12768
f 12842 9181 12656
f 12771 12267 12728
f 12833 12403 12730
f 12905 440 430
f 12674 12619 6094
f 12604 12738 12926
f 12772 12462 12915
f 12915 457 12020
f 10185 12492 472
f 12730 12758 439
f 12902 907 2894
f 12781 12817 12492
f 10185 2598 12774
f 3747 12734 12745
f 12535 12736 12487
f 1394 12756 12775
f 12776 12039 12700
f 12776 4954 12767
f 7161 138 12876
f 12455 12853 12796
f 12853 3136 483
f 12501 12865 12777
f 12777 468 12779
f 12843 12803 12276
f 6554 433 12874
f 12371 12893 12782
f 5489 2250 12780
f 12758 12730 12436
f 489 12733 12875
f 12810 1392 4416
f 12288 12732 12781
f 12763 390 4600
f 12612 12394 12595
f 12884 425 12619
f 5226 11419 12138
f 12437 12655 12783
f 4419 455 12783
f 12717 4400 12784
f 12608 12631 12785
f 12579 120 119
f 12786 7918 12789
f 5953 12178 12786
f 12546 12826 12317
f 12713 3382 12787
f 473 12930 4416
f 12562 12788 12622
f 12789 11985 5953
f 7918 2429 12789
f 5149 232 12858
f 12862 1391 4415
f 299 298 12790
f 12790 12569 12722
f 254 12746 255
f 10858 12898 443
f 12927 292 291
f 12800 3775 440
f 487 12876 12592
f 12796 12523 12455
f 12797 12773 12479
f 5859 97 12798
f 12911 12780 12602
f 12779 12846 12823
f 12800 12661 3775
f 12800 12771 12728
f 12880 12801 115
f 12801 12294 12290
f 5216 12929 12309
f 3378 475 12883
f 251 3110 12568
f 5920 12843 422
f 2320 12287 12803
f 4604 12735 12806
f 12238 12798 12804
f 99 4515 12804
f 6855 174 12468
f 12650 12807 12629
f 456 10184 12453
f 5490 12545 12614
f 5919 12513 12287
f 12822 12571 12895
f 12826 12553 12317
f 12805 12223 4407
f 370 12538 12805
f 121 12151 122
f 12806 12735 12348
f 12902 12817 12732
f 12807 12650 12841
f 12858 12113 12397
f 12670 6555 488
f 828 10853 12809
f 12809 12410 12484
f 12733 12736 12552
f 12901 12799 12752
f 12855 12811 12832
f 12811 12754 12683
f 12353 12428 12924
f 226 225 12272
f 12604 12293 12738
f 229 12926 12830
f 12770 12851 231
f 12888 12590 12824
f 12326 12238 12804
f 466 465 12865
f 2936 228 12812
f 12813 4414 12924
f 12924 12428 12813
f 476 12887 10855
f 12254 5303 12815
f 12815 12421 2027
f 12810 12353 12924
f 12845 383 12816
f 12816 12166 12103
f 2894 470 12817
f 12917 428 3250
f 12919 12882 906
f 12900 230 12830
f 12613 227 226
f 4408 369 12175
f 12820 12929 12835
f 12780 2250 12614
f 12798 97 99
f 460 12859 12488
f 12818 12814 12351
f 4440 460 12488
f 12614 2250 5490
f 12918 479 12841
f 12885 12751 12506
f 12113 12858 12851
f 12823 12391 12452
f 12681 12823 12518
f 4604 120 12735
f 388 12912 373
f 12166 2347 6166
f 4642 437 12747
f 6555 12630 144
f 468 12777 465
f 271 5345 269
f 3376 447 12825
f 12691 12765 12825
f 12839 12448 12859
f 12787 3382 1131
f 12491 12782 12827
f 12697 12864 12493
f 409 12828 12709
f 12838 12686 12754
f 135 12795 138
f 9122 12811 12855
f 12528 412 10535
f 4860 7690 12829
f 12830 230 229
f 12926 11756 12604
f 12820 4348 12791
f 4515 127 12831
f 12181 12326 12831
f 2720 12456 12350
f 12921 12833 12730
f 12723 4441 467
f 100 128 12699
f 12787 12892 12826
f 3654 260 12342
f 12869 12743 12793
f 12929 12820 244
f 119 3747 12745
f 12851 12770 12476
f 12875 220 219
f 12481 12623 5384
f 4414 12813 490
f 2293 12002 12807
f 12791 254 3444
f 12832 12181 12855
f 12837 12629 12002
f 12838 12754 2890
f 4484 408 12840
f 12806 121 4604
f 12709 12761 410
f 12564 12508 2430
f 12356 12755 12860
f 12778 12767 12843
f 12841 12654 12918
f 12841 5727 12807
f 449 448 12822
f 7957 12508 385
f 7405 185 12852
f 12159 382 381
f 480 12656 8290
f 12276 12778 12843
f 4954 422 12767
f 12087 12166 6166
f 426 4772 12844
f 12637 12605 12304
f 380 12845 12159
f 12845 12816 4333
f 356 355 12024
f 12698 12743 12840
f 12847 4441 12723
f 12279 12319 11417
f 12715 12466 12848
f 12848 394 12761
f 12456 2720 10958
f 12863 12825 12720
f 12472 12773 12863
f 7160 11251 12849
f 12849 12649 12278
f 4441 12847 12721
f 12769 12842 12850
f 12631 12769 12850
f 12797 442 3379
f 12915 12919 458
f 12824 467 2895
f 12723 467 12824
f 12837 12002 12854
f 1129 12797 3379
f 3125 231 12851
f 12476 12113 12851
f 12557 441 442
f 12719 490 12813
f 233 186 12909
f 12909 12852 5419
f 4443 12846 12779
f 483 10856 12796
f 5384 113 12481
f 12782 12906 12827
f 12820 3444 245
f 12924 4414 1392
f 12704 12837 12854
f 12895 449 12822
f 12727 12624 166
f 12721 12846 1470
f 127 103 12855
f 12181 12831 12855
f 4421 1394 12775
f 12324 12838 12575
f 12856 12899 12575
f 118 12857 12734
f 12829 12885 411
f 12724 12870 12918
f 117 12290 12857
f 12290 12362 12857
f 487 6552 12876
f 12691 12825 447
f 239 12367 12390
f 232 5149 237
f 12849 11251 406
f 12859 12882 12839
f 3790 368 12860
f 12686 12838 12324
f 104 12856 12838
f 12917 12351 12617
f 12473 1946 12861
f 12848 12466 12861
f 12766 1391 12862
f 12862 12682 12259
f 4824 12848 12861
f 6165 12816 383
f 1129 3376 12863
f 12682 466 12865
f 465 12777 12865
f 12866 4438 4096
f 12866 4132 4666
f 12454 385 12508
f 169 168 12018
f 12847 12559 12340
f 12159 4110 12175
f 12595 12588 12867
f 12867 12710 486
f 12868 12526 12689
f 12666 243 12868
f 463 12737 12759
f 12852 12178 5419
f 12834 12793 10573
f 4406 393 12869
f 12887 476 12870
f 12870 12724 12505
f 9122 12855 103
f 12921 12600 12833
f 12923 12818 427
f 4421 12775 12733
f 12755 387 3790
f 12872 12802 3110
f 12475 250 5541
f 12426 12468 174
f 12918 12870 3137
f 479 5727 12841
f 12893 459 4442
f 12530 12894 12534
f 4415 466 12682
f 428 12917 12873
f 12884 12612 12874
f 7358 432 12874
f 12733 12552 12875
f 220 12875 12552
f 4989 134 12638
f 12746 12868 6015
f 12790 12722 299
f 12819 4408 12175
f 12915 12020 12772
f 6554 12874 12612
f 12854 12002 5730
f 12895 12892 3384
f 12595 12867 12877
f 12877 6554 12612
f 486 8287 12867
f 12878 12792 12762
f 116 12801 12290
f 12906 1469 4440
f 3125 12851 12858
f 2600 12879 12881
f 12516 4926 12154
f 12620 12747 12871
f 12137 234 233
f 478 12400 12854
f 317 11988 318
f 12503 12836 12873
f 115 114 12880
f 12880 11627 12801
f 219 218 12875
f 10184 2600 12881
f 12881 12519 12453
f 457 12915 458
f 12753 12839 12882
f 12883 475 12742
f 12883 12608 12785
f 432 425 12884
f 402 12506 400
f 12885 7690 12751
f 12822 12359 12571
f 12886 448 451
f 12870 12505 12887
f 2706 12887 12327
f 2895 907 12888
f 231 235 12770
f 12928 397 5132
f 12537 12652 214
f 3250 427 12818
f 4408 12819 368
f 12846 4443 1470
f 4415 12682 12862
f 12779 468 4443
f 12919 12915 12462
f 12859 460 2892
f 446 12878 12922
f 410 409 12709
f 12391 12721 12889
f 12890 399 396
f 12890 12916 12510
f 12795 12876 138
f 12273 12742 474
f 12796 12853 483
f 388 387 12891
f 406 415 12649
f 12892 12787 1131
f 12640 459 12893
f 4442 12782 12893
f 12821 12640 12893
f 12910 12534 12894
f 4641 404 12894
f 325 324 10275
f 12723 12824 12559
f 5691 12701 129
f 12589 292 12927
f 12630 6555 12670
f 12882 12919 12808
f 12895 12571 12892
f 3384 449 12895
f 12592 8289 487
f 12896 1946 12473
f 4313 12510 12896
f 12889 12847 12340
f 12759 11416 463
f 12524 5195 12897
f 461 12640 5195
f 12898 10858 12678
f 12636 12792 12898
f 12899 10883 101
f 12899 12576 12575
f 12673 230 12900
f 12900 12830 12744
f 12865 12501 12688
f 5132 12890 12512
f 12159 12175 369
f 12901 12911 12799
f 12901 403 405
f 2894 12817 12902
f 470 12492 12817
f 224 217 12272
f 12903 12535 12757
f 241 240 12904
f 12189 12147 12904
f 12864 391 4406
f 12530 414 12894
f 12310 12606 4773
f 2890 104 12838
f 438 12836 12921
f 12905 12800 440
f 430 12750 12905
f 12906 4442 1469
f 4440 12488 12906
f 12782 4442 12906
f 12342 12483 3654
f 12836 438 428
f 12743 12869 393
f 12883 12785 12907
f 1128 3378 12907
f 12922 5725 446
f 12520 4926 10182
f 2895 12888 12824
f 462 5195 12908
f 12908 1393 4420
f 101 100 12899
f 12909 186 12852
f 12909 12093 12137
f 12871 12747 437
f 391 12864 12828
f 8113 12638 134
f 12786 12852 185
f 5903 12560 12910
f 413 5489 12911
f 12602 12799 12911
f 12912 12360 4565
f 12912 12891 12358
f 5128 10275 324
f 1913 12606 12913
f 12573 12605 12913
f 12647 129 12701
f 12649 12849 406
f 12378 829 12914
f 10852 12327 12914
f 12462 12772 12431
f 2893 458 12919
f 12589 12927 12794
f 12390 238 239
f 12916 396 395
f 4823 12896 12916
f 12617 12873 12917
f 3250 12818 12917
f 12272 225 224
f 5195 12640 12897
f 12918 12654 12724
f 3137 479 12918
f 404 5903 12910
f 906 2893 12919
f 12462 12808 12919
f 12920 257 256
f 7292 12285 12920
f 12850 12907 12785
f 12068 318 11988
f 8875 288 277
f 12189 12904 240
f 12864 12869 12834
f 12730 3623 12921
f 5073 144 12630
f 12024 11934 356
f 12922 12878 12407
f 12435 5725 12922
f 12699 12899 100
f 12622 12788 11410
f 6552 139 12876
f 12814 12818 12923
f 12923 4642 12747
f 1392 12810 12924
f 12925 12878 3134
f 443 12898 12925
f 2936 12812 229
f 12926 12738 12830
f 291 290 12927
f 5985 12794 12927
f 8644 397 12928
f 5132 12544 12928
f 245 244 12820
f 12929 5216 12835
f 12913 12844 4772
f 12930 473 12788
f 12685 12810 12930
f 7106 338 12931
f 12931 4141 12400
