# File exported by Houdini 20.5.613 (www.sidefx.com)
# 5495 points
# 32364 vertices
# 10788 primitives
# Bounds: [-2.55674887, -2.55674887, -2.8900001] to [2.55674863, 2.55674863, 2.8900001]
g 
v 0.0623332262 0 2.8900001
v 0.0879862309 0.413612068 2.86721158
v 0.163931012 0.815931797 2.79920554
v 0.287160397 1.1960541 2.68705416
v 0.452783704 1.54383302 2.53252625
v 0.654199719 1.85022926 2.33805919
v 0.88333559 2.10761714 2.10671926
v 1.13093495 2.31004143 1.84215546
v 1.38689184 2.45341611 1.54853892
v 1.64061224 2.53565979 1.23050237
v 1.8813957 2.55674815 0.893059015
v 2.09882474 2.5187192 0.541531742
v 2.2831347 2.42557335 0.18146418
v 2.4255743 2.28313446 -0.181465149
v 2.5187192 2.09882402 -0.541532695
v 2.55674815 1.88139534 -0.893059194
v 2.53565884 1.64061117 -1.23050249
v 2.45341635 1.38689089 -1.54853988
v 2.31004047 1.13093424 -1.84215581
v 2.10761714 0.883335352 -2.10671949
v 1.85022914 0.654199541 -2.33805943
v 1.54383254 0.452783465 -2.53252649
v 1.1960535 0.287160277 -2.6870544
v 0.815931201 0.163930655 -2.79920554
v 0.413611174 0.0879861116 -2.86721158
v -9.38383451e-08 0.0623332262 -2.8900001
v -0.413612306 0.0879862309 -2.86721158
v -0.815932035 0.163931251 -2.79920506
v -1.19605446 0.287160754 -2.68705392
v -1.54383349 0.452783942 -2.53252602
v -1.85022926 0.654200256 -2.33805895
v -2.10761714 0.883336067 -2.10671878
v -2.3100419 1.13093567 -1.84215486
v -2.45341682 1.38689232 -1.5485388
v -2.53565884 1.64061272 -1.23050141
v -2.55674863 1.88139689 -0.893058121
v -2.51871896 2.09882569 -0.541530848
v -2.42557287 2.28313541 -0.181463256
v -2.28313446 2.42557383 0.181464702
v -2.0988245 2.5187192 0.541532278
v -1.88139558 2.55674863 0.893059492
v -1.64061117 2.53565884 1.23050272
v -1.38689077 2.45341587 1.54853988
v -1.13093424 2.31004047 1.84215593
v -0.883334756 2.10761642 2.10671997
v -0.654199064 1.85022831 2.3380599
v -0.452782989 1.54383171 2.53252697
v -0.287160277 1.19605231 2.6870544
v -0.163930416 0.815930188 2.79920578
v -0.0879862309 0.413612038 2.86721158
v -0.0623332262 -2.1763492e-07 2.8900001
v -0.0879862309 -0.413612455 2.86721158
v -0.163930893 -0.815932393 2.79920506
v -0.287160754 -1.1960547 2.68705368
v -0.452783823 -1.54383373 2.53252554
v -0.654200077 -1.85022998 2.33805823
v -0.883335948 -2.10761786 2.1067183
v -1.13093555 -2.31004214 1.84215391
v -1.38689291 -2.45341706 1.54853785
v -1.6406126 -2.53565884 1.23050153
v -1.88139677 -2.55674839 0.89305824
v -2.09882569 -2.51871872 0.541530907
v -2.28313589 -2.42557335 0.181463346
v -2.42557454 -2.28313351 -0.181466013
v -2.51871967 -2.09882331 -0.541533589
v -2.55674887 -1.88139439 -0.893060803
v -2.53565812 -1.64060974 -1.2305038
v -2.45341587 -1.38688958 -1.54854119
v -2.31004024 -1.13093305 -1.84215713
v -2.10761547 -0.883333504 -2.10672092
v -1.85022736 -0.654198587 -2.33806014
v -1.54383028 -0.452782154 -2.53252769
v -1.19605184 -0.287159562 -2.68705487
v -0.815929353 -0.163930178 -2.79920602
v -0.413609117 -0.0879861116 -2.86721158
v -9.38383451e-08 -0.0623332262 -2.8900001
v 0.413612098 -0.0879862309 -2.86721158
v 0.815932155 -0.163931012 -2.79920554
v 1.19605434 -0.287160754 -2.68705416
v 1.54383349 -0.452784419 -2.53252578
v 1.85022974 -0.654200077 -2.33805895
v 2.10761762 -0.883335948 -2.10671902
v 2.3100419 -1.13093567 -1.84215474
v 2.45341682 -1.38689232 -1.54853868
v 2.53565907 -1.64061248 -1.23050117
v 2.55674863 -1.88139677 -0.893057644
v 2.5187192 -2.09882545 -0.541530311
v 2.42557287 -2.28313541 -0.181462377
v 2.28313398 -2.42557478 0.181466609
v 2.09882355 -2.51871967 0.541534126
v 1.88139439 -2.55674887 0.89306134
v 1.64060998 -2.5356586 1.23050439
v 1.3868897 -2.45341587 1.54854178
v 1.13093293 -2.31004 1.84215748
v 0.883333623 -2.10761547 2.1067214
v 0.654197812 -1.85022688 2.33806086
v 0.452782035 -1.54383004 2.53252792
v 0.287160277 -1.1960535 2.6870544
v 0.163930655 -0.815931201 2.79920554
v 0.0879861116 -0.413611114 2.86721158
v 0.105813265 -0.112915501 -0.00157856569
v 0.159832582 -0.215031281 -0.0217241161
v -0.682379663 0.306279004 0.773769736
v 0.95277518 0.754110098 -1.50210893
v -0.61592859 -0.603289187 1.70028448
v -0.390374422 0.649568558 -0.467920601
v -0.730038106 -0.76747936 -0.16914472
v 0.749294281 0.649449766 0.37103039
v 0.70525378 0.487094045 0.564660013
v -0.733798981 -0.785824597 -0.260920644
v 0.713951528 0.537005246 0.495943606
v 0.62463522 0.451324105 -2.16440725
v -1.11392343 -0.625508845 -1.97135437
v -0.781161249 -1.32421279 1.7455014
v 0.916970909 -0.918784022 -0.0733675212
v 0.329779088 0.561283886 -0.293117523
v -0.96328938 -1.05847681 0.779863358
v -1.21952724 1.17452824 -0.20423694
v 1.30565143 0.561431825 -2.21556449
v 1.41714525 -1.01834679 -1.2239399
v 0.634546995 -0.303467751 0.510946035
v -1.24077177 -2.09763074 1.47367823
v -2.19683218 1.97609711 -0.320673317
v 0.362646937 0.909515023 2.44976974
v -0.388411641 0.0371862538 0.168044731
v -0.401403576 0.485502183 -2.01314092
v 1.79937744 1.5154562 -0.558641434
v -0.610917985 0.914557815 1.89141536
v 0.126468927 -0.602095068 -0.516026437
v 1.25401545 -1.74418902 1.0590744
v 0.600239694 0.88267839 1.90135777
v -1.44360685 -2.28481483 1.30014861
v -0.191819191 -0.209548235 -2.61724424
v 0.921038032 0.921010137 -0.431414247
v -0.997564256 0.864812016 -1.1395961
v -0.0899948403 0.296605885 -0.0855327994
v -0.641201437 -0.381743491 0.4491539
v -0.932309389 1.17419338 1.15457225
v 0.116897263 0.669944286 -1.01742065
v -0.235124379 -0.386301726 -0.108842589
v -0.629557371 0.570156693 0.128420323
v -1.39481163 -1.32881951 -0.198959649
v 1.21359706 1.41267788 0.619590402
v 0.427532881 0.189785063 0.173235193
v 2.31421375 -1.39566612 -1.40879977
v 0.508550644 1.41092849 2.37049961
v 1.06448972 1.27786052 0.853462577
v 0.632865667 -0.771810591 -0.864378572
v 0.885815263 -0.900273085 0.773059845
v 0.44830814 0.0499346592 0.234280169
v -0.206084222 -0.44836688 -0.19116202
v -1.4699136 -1.37138414 -0.266731858
v 1.00391853 1.25704038 1.03391528
v 0.430756032 0.133006409 0.196662247
v -0.207942486 -0.414732248 -0.151098967
v 1.04193997 1.29000759 0.958262563
v -0.732730508 0.407575965 -2.29866052
v 1.75636339 0.95676887 -1.71307862
v 0.0936183035 -0.308674335 -2.40440917
v -2.02261782 -1.3277446 -1.23605013
v -0.323206067 -0.233666539 2.38189769
v -1.51856017 -2.03770065 0.891531289
v -2.32412481 -1.46262395 -1.30708802
v 2.02336907 1.03524661 -1.78172898
v -1.46176064 1.72392225 0.551296234
v 0.66375041 0.0944612175 1.14264655
v -0.499705613 -0.731343508 -0.89831394
v 1.54123557 -1.48574018 -0.132119402
v 0.479375243 -0.511394441 -0.0458093211
v 1.13010359 1.13171113 0.00963599142
v -0.693561912 -0.326957226 0.911422312
v -0.880319953 0.857569933 0.410974592
v -0.487364084 -0.385322362 0.118566319
v -1.52984524 -1.73234177 0.4138363
v -1.65070987 1.2130878 -1.02960753
v 2.42281747 -1.59211016 -1.19494224
v -2.42897558 1.5985415 -1.19092476
v 1.79497778 -2.46027756 0.918486118
v -1.84337425 -2.4653039 0.85077709
v 2.07202554 1.13765121 -1.63728619
v 0.300155729 0.230897546 -2.58362794
v 0.633468866 -0.506166875 -2.03135705
v 1.16261458 -1.26380897 0.418924481
v 0.445582479 -0.24273327 0.169485167
v -0.741794229 -0.707722127 -1.47045505
v 2.00028396 -1.53705263 -0.808195889
v -2.01047039 -1.55733371 -0.78320998
v 0.712440491 -0.447995186 1.05728376
v 0.710644007 -0.69790417 -1.48080862
v 0.536007702 -0.69067049 -0.385902017
v -0.295476705 -0.62800324 -0.495471239
v -1.12471533 1.23279786 0.488155931
v -0.667029679 -1.62563515 2.18702579
v -2.23732162 1.45720053 -1.2290113
v -1.82411838 -2.29190922 0.680345595
v -0.655553818 -0.0622161999 1.2258476
v 0.197395086 -0.0541418679 2.63569617
v 0.816694319 1.93272948 2.10591125
v 2.25727654 2.29437733 0.0490420349
v 1.94180179 0.806448162 -2.12972236
v -0.123720527 0.155546695 2.78087783
v -1.93514776 2.45170641 0.698841572
v 0.538557053 -0.171206474 -2.73176169
v 0.788613379 -1.8216387 2.08363891
v 0.432454228 0.101252407 2.10898924
v 1.87761593 -2.33949518 0.654214501
v -0.914740503 -0.908572197 0.272706956
v -0.571260333 0.146904677 0.425428569
v -0.148026809 -0.0470220037 0.020025149
v -1.20077169 0.585298538 -2.11053777
v 1.94507766 2.01224899 0.104594357
v -0.00772141153 0.562110424 -0.430748075
v 0.327456057 0.539738119 -1.83569586
v 1.46594119 1.0917244 -1.08517861
v -1.82770371 -2.10824299 0.436022252
v -0.901277244 1.69585395 1.77631128
v -0.517797351 0.1002241 1.86549377
v -0.820190907 0.855233312 -0.375644714
v -1.03860343 -0.967491746 -0.686757982
v 0.0810195953 -0.667847991 -0.954010427
v 1.14187312 -1.04684734 -0.575164974
v 0.627633631 0.0718972087 0.623963475
v 0.143584162 -0.433974683 -0.197337821
v 1.77278352 -2.08757806 0.500012696
v 0.869472504 -1.2210021 1.4174161
v 0.87010628 1.65311718 1.80648172
v 0.734761834 -0.653514802 0.281264782
v -1.90986705 -2.32359195 0.58538568
v -0.933903873 -2.01522398 1.95624328
v 0.706437111 -0.244523406 -2.62536216
v -1.06188464 -0.325206876 -2.57278752
v 0.834049106 0.834521294 -0.00400794297
v 0.242393374 0.646107793 -0.613918722
v 0.362186253 0.396146297 -0.0315839611
v -0.631929338 -0.0689008906 0.643567443
v -1.48048115 0.902628064 -1.58928835
v -0.67614764 -0.612863183 0.166782618
v -0.21213837 0.486179888 -0.239632398
v 0.0144700957 0.0923269093 -0.00836375821
v -0.863173246 0.862521827 0.0076783644
v -0.475194782 0.289610267 0.179529607
v -0.300680667 -0.204185411 0.0533855148
v 1.5067364 1.53809309 0.0738830417
v -1.18597996 -1.26483059 0.321669459
v 0.97375834 0.896866202 -0.931358099
v -0.649443865 0.779934108 -0.765509784
v -0.0850040466 0.614811718 -1.49382293
v -0.0391300619 0.255553007 -2.51702428
v 1.29536486 1.80485678 1.04571033
v -1.6514864 1.53428102 -0.252047777
v -0.618805468 0.358428597 1.56289554
v -1.12363601 1.72584581 1.33025515
v 1.51132298 -0.812034428 -1.81988466
v -2.46682048 1.8245846 -0.880734742
v 2.35145879 -1.32368052 -1.56128335
v -1.41037607 0.451072097 -2.47625995
v 0.289798886 -0.045187436 0.0871494114
v -0.785356462 -0.671485186 0.600850523
v -0.179874167 0.659573495 -0.745768189
v 0.967454135 0.997236609 0.477744132
v 0.592345238 0.713568747 -0.355042547
v 0.0963089094 0.418244958 -0.191239893
v -0.539156973 0.625114679 -0.174589247
v -1.02439451 -1.01061916 -0.185000807
v 0.893695831 0.888696015 0.607605994
v 1.31411934 1.1841681 -0.480996668
v -0.755869985 0.672358871 -1.60955131
v -0.236889467 0.173247546 0.0276785381
v -0.504442155 -0.15158692 0.292741209
v 0.506611824 0.698782563 -1.27266073
v -0.0515318103 -0.243961275 -0.0593879297
v -0.673751771 0.468975842 0.443585247
v -0.435740709 -0.544121742 -0.154294223
v -1.83972597 -1.73877382 -0.180230811
v 1.51623559 1.9366076 0.76236546
v 0.575335979 0.405250341 0.248905614
v 0.25127241 0.0250193961 0.0653818697
v -1.14823711 1.03284383 -0.671466112
v 1.09109306 -0.753274918 -1.62815559
v 1.97520852 -0.892099559 -2.00164986
v 2.43862033 -1.8666935 -0.786029756
v -0.496522069 -0.597635031 -1.70706749
v 0.211192369 0.730216146 2.69378996
v 0.918222606 2.02671432 1.99190557
v 0.9468081 0.978296399 0.574716747
v -0.0518319383 -0.307164729 -0.0983234569
v 0.578587055 0.364227802 0.298399985
v 1.25311184 1.84324419 1.18351638
v 1.43279397 -1.62991405 0.449384511
v 0.825896621 -0.861640036 -0.484438598
v 0.773185253 -0.780987263 1.22804236
v 0.936384976 -0.938970566 0.332714975
v 0.359127074 -0.681851149 -1.21641541
v 0.859722018 0.849077225 0.800435424
v -0.011180032 -0.352692425 -0.136410072
v -1.91439247 -1.78764391 -0.215342745
v -0.908041239 -0.849147439 -1.05013764
v 0.641488373 0.465238631 1.52517831
v 0.581019521 -0.434238493 0.227335453
v 0.327588201 -0.559509993 -0.291364402
v 0.584990621 0.250611961 0.40571779
v 0.317073256 -0.0874707773 0.100424379
v -0.452966601 -0.597058713 -0.238931268
v 0.582507193 0.292212278 0.369973421
v -0.150159419 -0.653265357 -0.724494457
v -1.05377591 -1.02601314 -0.281600982
v 1.17098224 1.76976967 1.2751174
v 0.665645301 -0.153580517 0.825465322
v 1.53301966 -1.27845812 -0.668899119
v 0.272832721 -0.00780018792 0.0784300044
v 0.893709779 0.905817389 0.721540213
v -0.47172004 -0.580397606 -0.177872151
v 0.576673985 0.324231803 0.330624193
v 1.17053151 0.64243716 -1.96580994
v -1.46190131 0.589406788 -2.24268293
v 2.18981743 1.38034678 -1.31419754
v -1.10170436 -1.78244662 1.43733692
v -0.102034047 0.371497869 -2.26091814
v -0.578890741 -0.423362136 -2.21699095
v -0.499426544 -0.852251112 2.13476253
v -1.63517261 -0.93844521 -1.64746308
v -2.2767458 -1.77995241 -0.732602656
v 0.804784298 -0.320545912 -2.50180483
v -0.24635005 0.421129763 2.56775355
v -1.92373574 -2.21842766 0.430391401
v -0.843549132 -1.86732507 2.01409245
v -0.681820095 -0.39449656 -2.31192708
v -2.4226737 -1.8679136 -0.766158938
v 2.33231115 1.41548979 -1.39296901
v 1.67251885 0.617725432 -2.30406356
v -2.13432479 -1.0642122 -1.81816626
v -1.96040154 -1.01941228 -1.76002336
v -0.47665906 -1.10836887 2.2942512
v -1.35637283 1.40674698 0.146891639
v -0.92721045 0.982231796 0.761013985
v -1.93024111 1.54035604 -0.705760777
v -1.47192407 2.07290411 1.02157176
v -0.689070344 -0.450683653 1.26985657
v 0.494213581 -0.899374127 2.16655397
v 1.0410583 -1.25315642 0.891379237
v -1.45132577 -1.20193088 -0.736291766
v -0.27686882 -0.670215607 -1.22603631
v 0.54164952 -0.119617999 0.369736791
v 0.819527507 1.10737467 1.44689274
v -0.630203009 -0.766459525 -0.592531681
v 0.63243407 -0.20754227 1.43417072
v 1.20818782 -1.18897808 -0.0877345502
v 1.94453716 -1.85307312 -0.150251791
v -0.0555311814 -0.529686213 -0.359621614
v 0.693579435 0.332044005 0.875170231
v 0.974185467 -0.878575802 -1.03148282
v 0.34506309 -0.681474149 -0.692973793
v 0.749700963 -0.580355644 0.643257618
v 0.31987226 -0.359379739 -0.0315526128
v 0.679323733 -0.698465288 -0.0610759594
v 1.18231809 1.03509557 -0.755942225
v -1.02911091 1.04096293 0.134001821
v 0.715281188 0.757716477 -0.178600237
v -0.0553774014 0.45625928 -0.243976921
v 0.0355450511 0.637233317 -0.675238192
v 0.468842089 0.389531821 0.0893480629
v -1.16182137 1.47398376 0.89715451
v 1.45448291 1.36446214 -0.248537809
v 0.769416988 0.785423398 -1.14261532
v 0.138242781 0.072019659 0.0141538363
v -0.787229419 -0.681247532 0.883736134
v -0.662967205 0.00612366293 0.880698681
v -0.408098578 -0.163311332 0.161775246
v -0.408917725 0.706211269 -0.793392003
v -1.86990929 1.10239196 -1.52144051
v -1.79966116 1.8827455 0.142438889
v 0.926172733 0.923456073 0.218513712
v -0.760520697 0.610603094 0.625523865
v -1.1852684 -1.38666129 0.656246305
v -0.577531755 -0.0929768905 0.457303315
v 0.434613109 0.678145289 -0.52122581
v -0.569756866 -0.573101521 -0.00638083881
v -1.93571424 -2.04942298 0.175321624
v -1.10981202 0.755906165 -1.63652098
v -0.411089242 0.617812514 -1.59208095
v -1.43295991 1.23505747 -0.595040441
v 0.435287476 -0.445361316 2.1538043
v 0.175595999 0.578809679 2.73031998
v 2.43656349 -1.95697784 -0.649273038
v 2.28983307 -1.2464819 -1.63555825
v 1.48455262 -2.38316011 1.32840526
v -2.44903946 1.91320801 -0.728263378
v -1.50821137 -2.41350317 1.3194288
v 2.16361618 1.48965883 -1.09336197
v 1.36641872 0.894345403 -1.50050485
v -0.669797957 1.41212332 2.05369997
v 2.07224607 1.89234853 -0.278565347
v -0.329469562 0.70886302 2.45747519
v -0.470084071 -0.229003266 2.02082062
v 1.7009275 0.820537269 -1.9414103
v 0.786095858 0.378170848 -2.37848163
v -0.00159604102 -0.497959793 -1.92262137
v 1.81280684 -1.16459191 -1.33624268
v -0.243141368 -0.447945178 -2.08259106
v 0.300793558 -0.557374179 -1.77112091
v -1.30453753 -0.848017454 -1.56130254
v 1.04587483 -0.475925326 -2.2687757
v 1.69103217 -1.79425526 0.191693932
v 1.21080196 -1.44398904 0.694399297
v 1.06271529 -1.0794121 0.139546782
v 0.565432787 0.0746983662 0.431658953
v 0.66281414 0.0791992322 0.853099942
v -1.22909093 -1.122908 -0.484510392
v -0.758350432 -0.820316374 -0.815343797
v 0.347936481 -0.697473884 -0.945728958
v 0.307088107 -0.464284062 -0.152764276
v 0.984757185 1.46571422 1.37207544
v 1.92284083 -1.05552602 -1.66071939
v 1.08982301 -0.633357525 -1.93838537
v -0.375774652 -0.629129887 -1.52731502
v 1.76826155 -1.27886462 -1.03459275
v -1.04577649 -0.811872005 -1.40516198
v -1.70019722 -1.24223948 -1.02768552
v 1.08004057 -0.837281108 -1.35884666
v 0.767307997 0.62199223 0.887024522
v 0.715396464 0.798154473 1.49282515
v 0.37443006 -0.634223521 -1.50402927
v 0.756360233 -0.801857829 -0.260731757
v -0.522245288 -0.683669925 -0.385474712
v -0.0950767845 -0.598765731 -0.515540957
v 0.345600516 -0.639517069 -0.485254377
v -1.03684747 1.21522331 0.827468812
v -0.671913743 0.144652337 0.989057064
v -1.30409181 1.75108719 0.954472065
v -0.831677973 0.771337867 0.690590739
v -1.5688169 1.63700998 0.145597875
v -0.744176865 -0.587891102 1.06616783
v -1.17736638 1.20880342 0.145601481
v -0.384181738 -1.24268508 2.52892613
v -2.1936307 1.19372153 -1.64297962
v 0.548131704 1.33646107 2.25784898
v 0.493740082 0.514397204 2.02307439
v -1.66184139 1.3775866 -0.642842412
v -0.909385502 -1.85073805 1.8801496
v -1.65619111 2.40568662 1.07585931
v -2.05884218 2.15379286 0.136881918
v -2.21282959 1.71131694 -0.767683148
v -1.52189887 -2.20009065 1.07722759
v 1.11505699 2.08766723 1.69116735
v 0.25898993 0.351075679 2.5323813
v 0.197184324 -0.631838858 2.6996088
v 1.05120313 -1.77783418 1.5385766
v 1.54106128 -2.04646826 0.86054796
v -0.633562148 -0.283825874 1.46098125
v -0.777133167 1.0512495 1.52226818
v -1.09765387 -1.36048329 0.896934032
v 1.42020166 -2.40637231 1.45382321
v -0.677532315 -0.951114178 1.73411024
v -0.479951918 0.61026144 2.08973551
v 1.82973337 1.36865771 -0.919790685
v 0.531155705 1.56129217 2.40202045
v 1.53277242 0.530002594 -2.39004874
v 2.40763474 2.08172941 -0.434519738
v 2.16226411 1.08289325 -1.80786729
v -0.278305382 0.148752332 -2.74180841
v 0.692641497 0.186297417 -2.73201513
v 1.72725463 0.760315418 -2.07457829
v -2.16145921 -2.36460972 0.269541264
v -0.189208746 0.684699059 2.72500253
v -2.34434557 1.79538667 -0.788043559
v 0.136485904 -0.103604436 -2.8174262
v 1.0364697 -0.294185996 -2.62212944
v -0.673364699 0.681475878 1.5502528
v -0.718350053 0.45217824 0.959579647
v -0.951372385 1.42335153 1.41164112
v -0.936604142 -1.13450551 1.07429695
v 0.688416898 1.36415339 1.98429549
v 1.03000736 -1.99761105 1.77058852
v 0.532500744 -1.53327549 2.38576031
v 0.381845355 0.467397749 2.28575277
v 0.501040697 -0.242286235 1.93487287
v 2.13021231 -2.34376907 0.286841482
v 0.334289432 -0.564014554 2.41192245
v 0.65583688 -1.13459921 1.91205883
v -0.477045417 1.04494882 2.26602578
v 2.13740015 1.68335176 -0.720843077
v -1.50305223 -1.56032705 0.133161947
v 1.85975468 1.75014806 -0.193134665
v -0.845780849 -0.841275454 0.0422197878
v -0.477962017 0.0800831094 0.270399928
v -1.65520132 0.687413335 -2.16634202
v 0.3815732 0.703759432 -0.900187433
v -0.682908535 -0.371087849 0.657037973
v -0.496561438 0.475311667 0.0293319635
v -0.78742516 0.827792048 1.22706199
v -0.955736697 -0.986618757 0.533160686
v -0.270150006 -0.00939560123 0.0767810643
v -0.0196695197 -0.0828830972 -0.00651431549
v 0.166159898 0.548095822 -0.366903335
v 0.66649431 0.614124 0.134581149
v 1.63531375 1.29007053 -0.815729856
v -0.598654687 0.733018875 -0.437810838
v 0.301539749 0.208605707 0.0520350598
v -0.571476877 -0.382283688 0.26520735
v -0.371800005 -0.390589893 -0.0175988022
v -0.750734568 0.684453368 0.257468224
v -0.633638263 0.215958118 0.580591619
v -0.193100423 0.593964994 -0.463148177
v 0.0044884244 0.497296274 -1.92462051
v 0.689633131 0.635963559 -1.68525338
v 1.23520458 0.908207655 -1.31712937
v -1.5576762 -1.97526026 0.734963059
v -1.12555122 2.05234575 1.64218163
v -0.546498895 0.520149589 1.87816775
v -0.542993307 -0.22229439 1.80075884
v -0.864768744 -0.884455502 -0.494615346
v 0.0853836164 -0.647398949 -0.720143735
v -0.182651833 0.67184186 -1.0991801
v -0.23656626 0.347179502 -0.0730994642
v 1.77637291 -1.55167258 -0.443378985
v 0.0556312017 0.262193441 -0.069059819
v -1.07545829 -1.52748942 1.21194625
v -0.722827852 -0.935786366 1.58775806
v 0.729744434 -0.956410646 1.58360386
v 0.751003265 0.823031306 -0.625323653
v -0.690823078 0.761644602 -1.14670122
v -1.32327628 1.01732576 -1.09547842
v 0.864029944 0.977355897 1.10826814
v 1.18906105 1.24990129 0.255373389
v 0.442276835 -0.10175889 0.21835199
v -0.382263005 -0.687424719 -0.66816467
v 0.784078002 -0.678618252 0.917106032
v -1.21487713 -1.01827431 -0.902059078
v 1.02199757 -0.999433994 -0.304093987
v 0.621505499 -0.125948563 0.582270086
v 0.652148485 0.268790483 0.618109763
v 0.142162204 -0.529809535 -0.340010405
v 2.06717396 -2.21365666 0.207050115
v 1.49899769 -1.92621243 0.78221941
v 1.02622521 -1.46715403 1.26555669
v 0.547737837 -0.27051726 1.79550576
v 0.540578127 0.556171238 1.90908539
v 0.815422058 -0.79809916 0.116341226
v 0.679275811 -0.499979079 0.41051355
v 1.32258582 -1.37225389 0.154411435
v 1.01190078 -1.09219372 0.599215388
v 0.44611463 -0.376584023 0.0731960312
v 0.671642065 -0.183835834 1.10453987
v 0.684619546 -0.761867166 -1.13366199
v 0.692857027 0.395177364 1.16841805
v -0.260620534 -0.557960033 -0.337884337
v -2.15072227 2.30402422 0.207170993
v 1.54258192 2.14543772 0.978539944
v -1.19755268 -2.14058709 1.59025216
v -0.721426904 -1.84975696 2.22131228
v -1.73717511 -2.35557556 0.892947435
v -0.604050636 -0.243159175 -2.60605955
v 0.249224514 -0.195550323 -2.64919782
v -1.3996954 -0.460917354 -2.45356536
v 0.762702703 0.24969399 -2.62871838
v -1.43501997 -0.639920294 -2.12834287
v -0.98390466 -0.98529309 0.0340903923
v 0.877286434 0.889176786 -0.21121873
v 1.22963738 1.17822766 -0.227387115
v 0.186961114 0.667321861 -0.806275487
v 0.96963048 0.842027187 -1.19366014
v 0.597120166 0.669385672 -0.181888595
v 0.535661459 0.735099912 -1.01847827
v -1.21489406 0.885166526 -1.36347878
v 1.36379933 1.12249744 -0.820454299
v -1.70060968 -1.7627089 0.116652854
v 0.385934591 0.299710482 0.070009768
v 0.0360254869 0.493469656 -0.299386233
v -0.488837123 -0.273838162 0.209199309
v 0.207395658 0.132913679 0.0264128633
v -0.300870657 0.689378977 -0.922684252
v -0.626999319 -0.226814032 0.547334492
v -0.654306114 -0.505193651 0.313598454
v -0.294441283 0.571673274 -0.343482256
v -0.0326081403 0.196435809 -0.0385613069
v 0.060012877 -0.013765485 0.00342071499
v -0.539807439 -0.00795122981 0.382818699
v -0.735640407 0.715433359 0.0782608911
v -0.420427382 0.158831596 0.17677927
v -0.54455936 0.427909464 0.164186403
v -0.273799121 -0.304530919 -0.0199504979
v -0.344936132 -0.0874099359 0.122200303
v 1.63369954 1.53025794 -0.225503489
v -1.07020521 -1.1726526 0.555952132
v -1.30474234 -1.32508636 0.0679339617
v -0.500930309 0.717082679 -0.612958372
v -0.0837976262 0.618540049 -0.584784508
v -0.446190417 0.514753401 -0.0932728052
v -0.289151698 0.286036044 0.0020079962
v -0.189416245 0.0630954206 0.0327780992
v -0.478354633 -0.481381595 -0.00408331165
v 0.573127747 0.498577625 0.125263497
v 0.138685167 0.329594493 -0.0979706794
v -0.735275149 -0.521269143 0.747641981
v 0.79096806 0.757013321 0.181516647
v 0.284669727 0.607398152 -0.440526783
v 0.344295084 0.47983104 -0.144875199
v -0.648420274 0.11016988 0.716211319
v -0.700332999 -0.69987148 0.00155386701
v -0.139080375 0.396529198 -0.15748775
v -1.00447166 1.00123525 -0.0558438636
v 1.35948622 1.48545194 0.337898821
v -0.813503563 0.829720914 -0.943012118
v -0.652826011 0.732353032 -0.272121787
v -0.0997100547 -0.155840412 -0.0146785928
v -0.754127204 0.641973853 0.428328276
v -0.961677551 0.941575825 -0.520327866
v -0.84343642 -0.797402024 0.43326202
v -0.61060524 0.301957577 0.435360372
v -1.76481628 0.894710004 -1.84331298
v -0.977909803 0.653865814 -1.816957
v 0.569857597 0.7394889 -0.578092456
v -0.603771567 0.69983387 -1.37248123
v 1.0428102 1.06800199 0.230165228
v 0.949947 0.920330822 -0.680879653
v 0.0403101966 0.652542472 -1.24970496
v -0.226797968 0.5644449 -1.72827077
v 0.421436369 0.633362174 -1.5337621
v 1.70297146 1.96098685 0.440828949
v -1.36520219 1.12047005 -0.829986989
v -1.73382127 -0.818559766 -1.9683882
v 0.276145041 0.340810299 -2.34717751
v -0.391765535 0.204225183 -2.64723349
v 1.54166985 0.775015235 -1.92051673
v -1.11249864 0.422752023 -2.40424442
v 0.832856178 0.772077441 0.555843413
v 1.030478 1.12449086 0.606423378
v 0.0512112528 -0.234908178 -0.054718405
v 0.638772309 0.457401574 0.341035962
v 1.37650347 2.11206245 1.24096525
v 0.247038111 -0.12212877 0.0485913865
v -0.989740193 1.02684081 0.448464066
v -1.66461003 2.00561714 0.576542556
v -0.675530076 -0.206416398 1.06645501
v -0.884728312 -0.976937175 1.00552368
v -0.998182714 -1.31432056 1.1426636
v -1.01119852 1.41097617 1.23595285
v -0.741430998 0.816527724 1.41198516
v -0.635899067 0.141054824 1.39206684
v -0.726734042 0.481295049 0.876170278
v -1.91221499 1.74548721 -0.287478536
v -1.41088486 1.33676469 -0.218229741
v -1.27939224 1.46001458 0.516746402
v -1.93490028 1.33325374 -1.12629819
v -1.38547003 -1.73702848 0.747426033
v -0.69750905 -0.722920179 1.49306154
v -0.681277156 0.322634697 1.17541695
v -0.608008623 0.644581556 1.74841332
v 1.53594041 -0.656922698 -2.15371537
v 0.696713269 -0.623936892 -1.72792101
v 1.46006656 -0.931344509 -1.50042117
v -0.899806976 -0.684865296 -1.67591226
v 2.13682413 -1.46702647 -1.10390937
v 2.22487879 -1.14310575 -1.75518286
v -0.354032397 -0.828801036 2.44152164
v 0.157947317 -0.15773797 -2.71659732
v -2.02262926 2.46894741 0.591523886
v 0.978205085 0.505256057 -2.1760149
v -0.433054328 0.323615432 -2.40859365
v -1.10122228 0.30525887 -2.62279415
v -1.72032762 0.640547395 -2.28955984
v 1.57184279 -2.32159662 1.1238482
v 1.97968054 1.5172987 -0.818795264
v 2.28998184 1.90568638 -0.550228655
v -0.465940595 1.27753925 2.38984799
v -0.478467345 0.821342289 2.1706636
v 0.202259213 -0.108531475 0.0301930569
v 0.784829736 0.663938403 0.67382884
v 0.515776336 0.157417893 0.309652835
v 0.385739267 0.00390224531 0.166819021
v -0.576008677 -0.676480472 -0.250234365
v 1.19052911 0.973873258 -1.028229
v -1.5131824 1.02662945 -1.31944001
v -0.707372367 -0.516885698 0.507396221
v 0.791561604 0.694798112 0.520383894
v 1.22629595 1.59273791 0.911590636
v -0.780090392 -0.743351102 0.180806667
v -0.136020973 0.527542889 -0.337804526
v -0.862443089 0.845011652 0.194054678
v -0.432613522 0.352980047 0.0783019364
v 1.32159138 1.34159887 0.0644747838
v -1.34665728 -1.46977198 0.337934315
v -1.04551363 -1.08208776 0.304302365
v -0.29549551 0.655994177 -0.608754754
v -0.0514045171 0.663871348 -0.883382976
v 0.857538283 0.821795523 0.408441991
v -0.865398169 -0.87856096 -0.188702375
v -0.569128752 0.748347223 -0.949744403
v 0.711772621 0.71120584 0.00202435697
v 0.280525476 0.312892795 -0.0216983892
v -0.659780979 -0.205681622 0.723545015
v 0.0837817118 0.16440016 -0.0204739012
v -0.37970981 -0.288424551 0.0716310218
v -0.512052774 0.214917213 0.278720737
v -0.120413244 -0.359662384 -0.127675295
v -0.87008214 -0.849227846 0.662238479
v 0.452827156 0.630352139 -0.323172718
v -0.00662586093 0.357315481 -0.140487373
v 0.17678754 0.483731598 -0.251460165
v -0.463396072 0.635192037 -0.321887672
v -0.587389529 0.599112153 -0.0244101286
v -0.156122983 0.233232498 -0.0316792913
v -0.116996333 -0.297203779 -0.0802259967
v -0.650746524 0.518910348 0.27923888
v -0.344415396 -0.472255737 -0.134477317
v 0.48949331 0.29163605 0.198414296
v 0.45656383 0.488957494 -0.0426242985
v -0.603745699 0.0467418544 0.540663838
v 0.122455686 0.603907168 -0.523057997
v 0.962872982 0.962373853 -0.0254396107
v 0.377686381 0.690892816 -0.705120504
v -0.267232805 0.436119616 -0.144114643
v -0.043857839 0.017075995 0.0016343348
v -0.855311871 0.869852185 -0.180419728
v -0.242319897 -0.119833298 0.0466481894
v 0.767744422 0.82030201 -0.865180254
v -0.694964528 0.795425177 -0.584472835
v -0.246094406 0.656068087 -1.31073451
v 0.104144275 0.570797205 -1.68404758
v 1.07897341 1.18270528 0.544735789
v 0.751895785 0.813061833 -0.391252488
v 1.0016402 1.11308193 0.729682803
v 1.1001941 1.03472471 -0.482673824
v 1.52890921 1.32641733 -0.526723921
v -0.898111939 0.776679754 -1.36446428
v -0.287910372 0.0972329453 0.0783960149
v -0.574824095 -0.25846985 0.376199454
v -0.448440075 -0.0523140654 0.234189972
v 0.294391096 0.680001378 -1.14959848
v 0.724413514 0.721572518 -1.39732456
v 0.0294555426 -0.183508426 -0.0335934386
v -0.670929253 0.378210425 0.575807929
v -0.569708288 -0.640921116 -0.158357456
v -1.60434318 -1.51818347 -0.192721218
v -2.08213377 -1.9711833 -0.167501524
v 1.65750623 2.20467949 0.848732114
v 1.33045101 1.63029766 0.705632508
v 0.661183476 0.518285513 0.31272459
v 0.333421528 0.100791812 0.110317595
v 0.195358053 -0.0540445223 0.0362508744
v -1.08827651 0.95452261 -0.904565096
v -1.16411567 1.08720291 -0.432358056
v 1.14410865 1.5702548 1.09135509
v -0.589290977 -0.497057706 0.160428539
v -0.598982871 0.578960836 -1.81487763
v 0.505176187 0.231865376 0.258762777
v 1.70588613 1.72322297 0.0331097841
v -1.3497591 0.754707873 -1.82697129
v 1.31156635 -0.640692115 -2.05430865
v 0.498640418 -0.613517165 -1.6524868
v 0.899794102 -0.624847651 -1.84596491
v 1.27990961 -0.882383585 -1.4437449
v 1.80630612 -0.707919061 -2.21920371
v 0.389933467 -0.401749134 -2.22343874
v 1.66619062 -0.980692863 -1.58391643
v -0.997754574 -0.761821747 -1.51963389
v -1.66693616 -1.15205562 -1.19704199
v 2.34801674 -1.60101354 -1.10388267
v -0.771293759 -0.598232031 -1.84589541
v 1.92051911 -1.34825826 -1.07888305
v 0.35641408 1.14130425 2.54223013
v 0.141444325 0.330841959 2.76039529
v 0.717677414 1.79244041 2.1934855
v 0.826316118 0.764756322 0.476035088
v 0.656783223 0.444321036 0.418704927
v -0.348764956 -0.502265334 -0.173576817
v -0.143778771 -0.337185234 -0.102447517
v 0.0800920278 -0.252588898 -0.0602689721
v 0.950244427 1.04732573 0.822175801
v 1.30624604 2.12022018 1.37688112
v 0.498108506 0.264938533 0.228654429
v 1.18121529 1.57488108 1.00189841
v 1.87117279 -1.98003888 0.17544049
v 1.52381444 -1.59196424 0.15327467
v 0.78961122 0.888687909 1.30112553
v 1.18804479 -1.21904314 0.13873601
v 0.879598618 -0.802512288 -1.23278022
v -1.7081449 -1.36284757 -0.754676938
v -0.797671735 -0.845789731 -0.624142647
v 0.499715358 -0.726204515 -1.02167737
v -1.67985499 -1.56381202 -0.241865918
v -1.14420485 -0.924288511 -1.1374588
v 0.655264616 0.266126901 1.32893622
v 0.239459246 -0.676339507 -0.834043503
v 0.73470825 -0.511484444 0.829438925
v 0.628913403 -0.703211665 -0.21915336
v 0.697485805 -0.699843168 1.47293282
v 0.611290693 -0.380815029 0.360305607
v 0.676012993 -0.328035712 1.22934604
v 0.237093285 -0.406095743 -0.127729014
v 0.713506758 -0.681760252 0.106425941
v 0.49607271 -0.181950971 0.268009424
v 1.36476254 -1.69702387 0.732389033
v 0.741271734 -0.81834656 -0.675687373
v 0.866482675 -0.883723617 -0.286962509
v 0.837658107 -0.855342031 0.999885738
v 0.929911733 -0.928449154 0.122409992
v 0.905044734 -0.902712703 0.543041587
v 0.944836855 1.07066417 0.910829008
v -0.105769053 -0.382052094 -0.151688322
v 0.535600543 -0.479784995 0.0838766471
v 0.405997515 -0.535036862 -0.171785995
v 0.234703571 -0.582594514 -0.409915537
v 0.382600129 -0.0470864922 0.161495835
v -0.00891514495 -0.627284944 -0.630907476
v -0.887290001 -0.898767829 -0.273885757
v 1.09823453 1.50543714 1.12289882
v 1.5432812 -1.38310695 -0.40155834
v 0.963819027 -1.2562933 1.16861069
v 1.11855388 -1.28131747 0.6524176
v 0.723745465 0.486910164 1.01381516
v 0.382598281 -0.308277696 0.0608905926
v 0.0954321623 -0.277698547 -0.0722651482
v -0.319885552 -0.510351837 -0.209622949
v 0.509283662 0.198947325 0.281760156
v 1.98204243 -1.71722817 -0.44635734
v 0.355261207 0.0342015326 0.137554258
v -0.181263238 -0.572422206 -0.413934201
v 0.75600785 -0.638640881 0.454252481
v 0.636392117 0.329588383 0.491365492
v 0.238508031 -0.147398219 0.0371016264
v -0.306750774 -0.685703218 -0.813017726
v 0.666738749 -0.0260575861 0.979949117
v 0.654711425 -0.235266536 0.664136827
v -0.0835466832 -0.666946411 -1.07416832
v 0.582799077 -0.0235269666 0.481497824
v -0.46969375 -0.695891619 -0.547118247
v 0.661305845 0.19555524 0.744279504
v -0.473748922 -0.683367848 -1.32897329
v 0.221382946 -0.64795655 -1.35021961
v -2.17433214 -2.02542639 -0.215195447
v -0.684992194 -0.779878736 -0.989454687
v -1.2414757 -1.18150043 -0.257833719
v 1.47743177 -1.15499353 -0.922687888
v -1.24005365 -1.07879663 -0.711365938
v 1.18557644 -1.12179995 -0.330165774
v 1.07819176 -0.969893217 -0.800152957
v 0.622293234 0.658309877 1.71069038
v 1.22403002 2.02196383 1.43197954
v 0.577801108 -0.0440007821 1.65204608
v 0.461479187 -0.691483736 -0.539445162
v 0.847686708 1.37137747 1.62317801
v 0.655191064 0.397254109 0.479933232
v 0.810300946 0.724288225 0.617616534
v -0.577138186 -0.661206961 -0.200101122
v -1.04451954 0.469324708 -2.28202319
v -0.926456451 -1.55045795 1.59816766
v 0.88621819 0.526049316 -2.08718395
v 1.94231975 1.14794719 -1.5005343
v -1.39213538 -0.77453804 -1.81307447
v -2.37058258 -2.02371359 -0.472821504
v -0.401822686 -0.549889743 2.25922799
v -0.243426323 -0.526218832 -1.85879409
v 1.49057412 0.802658916 -1.82454133
v -1.80235863 0.713716567 -2.20653296
v 0.2921772 0.399954081 -2.21108651
v -0.380896538 0.376615047 -2.28088593
v -0.23212558 -0.351695061 -2.31741929
v -0.8190974 -0.521644413 -2.0678761
v 0.449790776 -0.299785495 -2.46234179
v -0.270251393 0.0949094668 2.48750496
v 0.317555219 -0.479768872 -2.0096457
v -1.29166234 -1.92367268 1.19690835
v -0.613301575 -1.09699297 1.99010873
v -1.72883689 -2.19886827 0.721027315
v 1.16386366 -0.379516959 -2.5073123
v -0.240038037 0.831927299 2.66417265
v -2.18535113 -2.28704548 0.136949182
v -1.81627512 -1.11454618 -1.4445262
v -2.15818739 -1.53910303 -0.999564171
v -0.253396988 -0.51387167 2.56872773
v -2.10815096 -1.22819483 -1.50625944
v -1.10661733 -0.49382925 -2.25799441
v -0.7121315 -0.205330372 -2.70077538
v -1.61680186 -2.28742576 1.01254785
v -1.00618887 -1.97248316 1.79408169
v -2.43119001 -1.68521357 -1.05687845
v -2.22987032 -1.23828244 -1.59781921
v -0.478416681 -0.283469558 -2.50135922
v -0.965272367 -0.51146847 -2.15638328
v 2.43780398 1.64285946 -1.13005114
v 1.41247773 0.456094503 -2.46806121
v 0.357755303 -0.256609559 -2.53812456
v 2.2382257 1.19197237 -1.68358052
v -1.5626235 -0.79857415 -1.88651752
v -0.370021492 -0.31718421 -2.41222644
v -1.91548061 -0.844614446 -2.04499626
v -2.30807686 -1.62557924 -1.02076375
v -1.97627306 -1.17706263 -1.47689176
v -1.35201609 -2.06142545 1.23215139
v -0.342211008 -0.974502921 2.51137352
v -0.219501495 -0.0299548879 2.59105301
v -0.636989892 -1.24004662 2.01989484
v -1.15427148 1.35089183 0.683743834
v -0.805330515 -0.78274852 1.04327393
v -0.666332841 -0.0217412449 1.04259205
v -2.04729605 1.26538205 -1.37946391
v -1.85562134 2.08796978 0.361283451
v -0.775728941 0.638640285 0.791466415
v -1.53753042 1.3712014 -0.421438187
v -1.14635181 1.60869527 1.13714302
v -1.72911215 1.69678879 -0.0618093722
v -1.29583979 1.28710485 -0.0307917316
v -1.43386853 1.56920421 0.324023217
v -0.905175447 0.90674758 0.581870258
v -0.935162127 1.07117128 0.958784699
v -1.78853726 1.36104071 -0.879148364
v -2.06210041 1.74006844 -0.521108568
v -1.47335279 1.88680363 0.778999329
v -0.701360941 -0.396142781 1.07353175
v -1.07820702 1.12407124 0.304067105
v -1.23789704 -1.54939985 0.810423553
v -1.43941224 2.25310087 1.27558029
v -0.656538188 -0.504103661 1.48634744
v -1.27898133 -0.567958176 -2.18844676
v 0.500204563 0.903826237 2.15484667
v 0.552274525 -0.681065142 1.92856801
v 0.814441621 -1.5747261 1.86231244
v 1.29207361 -1.92895651 1.20207286
v 0.395419359 -1.04522026 2.43218327
v 0.822567701 -1.01268256 1.32923329
v 1.57002187 -1.7888937 0.426025331
v 1.12600625 -1.43351173 0.935238779
v 2.21644258 -2.05347514 -0.230935782
v 0.70565021 0.599492192 1.33926129
v 0.909084439 1.18556762 1.25081408
v 0.64599824 -0.031261377 1.30217659
v 0.373068631 -0.153559074 0.130272567
v -0.0347572155 -0.656109095 -0.798396945
v 1.33400822 -1.15858436 -0.629008651
v -0.373717695 -0.599046588 -0.336463094
v -1.04669023 -1.00255919 -0.453380883
v 0.851402938 -0.823678195 0.268236041
v 0.0661647394 -0.379302472 -0.156102732
v -1.92545557 -1.66086483 -0.46530807
v -0.805021763 -0.784331441 -1.2079128
v -0.234253317 -0.643591583 -0.609235942
v 1.75895119 -1.4231118 -0.696264744
v -1.47102022 -1.28963172 -0.510119736
v -1.4421289 -1.12978995 -0.938272357
v -0.386171937 -0.700816154 -1.05417967
v -0.149991781 -0.64070791 -1.36561978
v 0.502533913 -0.0282556806 0.314468056
v -0.562008739 -0.748759329 -0.752236187
v 1.04392731 -1.03398812 -0.108859807
v -0.135332406 -0.481179535 -0.262057334
v 1.18415141 -0.949435413 -1.10837102
v 0.790384054 -0.803531885 -0.0810435116
v 0.604494095 0.171041757 0.504788458
v 0.809993386 0.769482791 0.97294873
v 0.683164239 -0.256782174 0.941613674
v 0.216739655 -0.674931049 -1.09886909
v 0.651016295 -0.525539517 0.268448502
v 0.429036885 -0.623148441 -0.335049152
v 0.646210551 -0.0420887321 0.724441826
v 0.592883527 -0.200570762 0.456224561
v 0.706903398 0.426192284 0.739829183
v 0.494078279 -0.72839731 -0.780016184
v 0.814689875 -0.733993173 0.707079887
v 0.231005132 -0.279363155 -0.0270065777
v 1.04363418 -1.09081745 0.371226847
v 0.964732409 -0.943206787 -0.523331344
v 1.31680453 -1.46340203 0.411270082
v 0.695481658 -0.784532428 -0.437455982
v 0.966181636 -1.08413696 0.835997581
v -0.695431709 -0.782078505 -0.415601194
v 1.35620642 -1.3230325 -0.105012253
v 0.0301001053 -0.550813496 -0.404623836
v 0.678285718 0.219833076 1.02310777
v 0.519464314 -0.352665842 0.197285563
v 0.230684116 -0.510738134 -0.268405735
v 0.736481845 1.0956701 1.67860818
v 0.613897681 -0.374318033 1.59030044
v 0.241125315 -0.644093573 -0.605751038
v 0.694004714 -0.452710748 0.571226418
v 0.394801259 -0.430878818 -0.0380677693
v 0.572245717 -0.59718889 -0.0502480119
v -0.97492218 -0.905428708 -0.883295953
v 0.740502357 -0.603635788 1.13225603
v 0.555774152 -0.698263645 -1.33082592
v 0.585447013 0.332814455 1.68269014
v 1.07814252 1.80951428 1.5130533
v 1.72053838 -1.64926052 -0.139798969
v 0.793662548 -0.821680546 -0.948115051
v 0.656187534 0.774347782 -0.949241102
v -1.66032505 2.18309093 0.817767918
v -1.39437103 0.978840649 -1.30509436
v -2.00190067 1.00579989 -1.81795645
v 0.1324687 0.495240688 -0.284160703
v -1.25459361 -1.23558414 -0.0753834844
v -0.748987317 0.792942047 -0.234901756
v -1.30186987 1.6003058 0.727298856
v 1.27937615 1.25360167 -0.0964369252
v -0.86136955 -0.861777663 0.838649631
v -0.843247533 0.871157289 -0.548606098
v -1.63764751 1.82773221 0.353866935
v -1.33673823 -1.55379617 0.54848361
v -0.644000351 -0.674015641 -0.0832579359
v -0.367029786 0.475804776 -0.119692028
v -1.72070765 -1.88855743 0.294901848
v 1.73983765 1.68658566 -0.101755589
v 0.950786352 0.949804127 -0.110769033
v -0.621247172 0.761148334 -0.575448036
v -0.415942699 -0.469174892 -0.062790215
v -1.01953018 1.11304748 0.629529178
v -1.23238051 1.32253098 0.320954651
v -0.847426116 0.836232126 0.867690802
v -0.943206429 0.946858346 0.296041489
v -1.12650788 1.12218094 -0.0267654024
v 0.0719076544 0.660394251 -0.828441858
v 0.523595273 0.495154381 0.0428539589
v 1.62169766 1.44030356 -0.41502893
v 0.124211192 -0.0324042067 0.0145390257
v 0.274521142 0.481713235 -0.198496148
v -0.670580983 -0.154355004 0.898120046
v -0.667107224 0.157333985 0.838770747
v -0.440168679 -0.279982626 0.141005695
v -0.364126801 0.127569094 0.129784226
v -0.359810829 0.314513624 0.0358376056
v -0.566515326 0.255387932 0.359535456
v -0.126658708 0.0400272794 0.01461301
v -0.163038492 -0.136771575 0.00811863691
v 0.373487711 0.623007357 -0.401168674
v 1.16300678 1.10421717 -0.330602437
v -0.652571738 -0.231010169 0.656354725
v -0.506230354 0.539945006 -0.0535157397
v 0.277445197 0.118134022 0.0671601444
v -0.532732904 -0.27778846 0.277816564
v 0.424677134 0.707642794 -1.05951619
v -0.730510235 -0.651866436 1.2711128
v -0.66565907 -0.257695854 1.24727631
v 0.4369452 0.296354026 0.126418039
v -0.672097087 0.666741848 0.0155173903
v -1.03478968 1.32210064 1.0373379
v 0.208091795 0.322645634 -0.0673963577
v -0.731994152 -0.502404213 0.901716352
v -0.820666194 -0.775269985 0.309890002
v -0.714962721 0.461654782 0.716175258
v -0.809719026 0.729895234 0.52226311
v -0.561935306 0.0286890641 0.429407358
v -0.252325058 0.0717966855 0.0613975748
v 0.622467697 0.516041875 0.207098469
v -0.646720648 0.331556052 0.527898252
v -0.22071977 0.410339534 -0.140410885
v -0.209462479 -0.310228437 -0.0577217713
v -0.606736064 -0.48286131 0.220090747
v -0.00665931311 -0.00522254221 1.70723179e-05
v 0.0770644844 0.332316458 -0.11376819
v -0.277625263 -0.0934871063 0.0725934878
v -0.0338595435 -0.164497957 -0.0264155716
v -1.76559448 1.17052388 -1.27139366
v -0.950678706 0.891909659 -0.900085449
v -1.97899795 1.92861342 -0.0797626674
v -1.07344282 -1.23508906 0.721487582
v 0.266975254 0.588405192 -1.6502707
v 1.37095523 1.58093095 0.510823369
v -0.403748751 0.664633274 -1.3724016
v -1.54445457 1.24041092 -0.795060217
v -1.31855631 1.21065521 -0.391637117
v 1.48367262 1.23811066 -0.690250695
v 0.584134579 0.663948238 -1.51332009
v -2.08914709 1.51966667 -0.952956855
v 1.71290481 2.10534811 0.627564132
v 0.854276359 0.866296291 -0.752608716
v -0.703901768 0.726888657 -1.35180664
v -1.49820912 1.4797039 -0.0456374846
v -1.79699039 1.55434096 -0.472467154
v -1.28501451 1.91393745 1.19925189
v -0.577787697 0.695103228 -0.312804878
v 0.662976027 0.774788737 -0.510603309
v 1.32607377 1.06959832 -0.928182781
v -1.66833115 -1.64960146 -0.0377470069
v -2.1771102 -2.18781042 0.0148158539
v 1.48948586 2.29325652 1.2314918
v 0.940091908 -2.06849408 1.9835248
v -0.325776696 -0.536109805 2.42395425
v 0.596916795 -0.911489785 1.92581081
v 0.311816812 -0.23155959 2.40682578
v 0.53008616 -0.541232646 1.93309021
v 1.45320284 -2.12627363 1.11707258
v 0.734312475 -1.37329054 1.88989663
v 1.15997398 -1.77820027 1.30841541
v 0.343553185 -0.724312961 2.43260765
v -1.28627288 -2.26936007 1.55112994
v -0.556686461 -0.71914351 1.93386745
v 1.08485889 0.715602458 -1.72680736
v 0.450940609 0.330942988 -2.39594483
v 0.332646906 -0.140853167 -2.76168156
v -1.80322802 -2.50889277 0.957917452
v -2.0236783 2.34140134 0.436823964
v -2.32653475 -1.31846619 -1.5479809
v -0.632022917 -1.69852316 2.29268694
v -1.63665843 -2.40524077 1.10636449
v 2.17501116 -1.05987751 -1.85697627
v 0.236530304 0.881072879 2.68342614
v 0.609840691 1.67651069 2.32037663
v 2.29420948 2.2126236 -0.108975932
v -2.4400816 -2.14632845 -0.383329481
v -0.487481892 0.149433851 -2.76452422
v 0.119531155 -0.255752563 2.79474187
v 0.420942664 1.1463486 2.4213078
v -0.112610102 0.303731799 2.81141758
v 1.67280567 -2.42904329 1.07406425
v -2.14623022 1.04588473 -1.85887563
v 1.32486284 -2.34590816 1.55449283
v -2.43586612 2.09311271 -0.452448845
v 2.42987418 -1.76255286 -0.935253918
v 1.26893234 0.431149483 -2.45214176
v 0.562140226 0.547516227 -1.89159143
v 0.346137673 0.450927198 -2.09251785
v 1.98285377 1.32627618 -1.19509256
v 1.57466912 1.04319537 -1.34852588
v 2.18826723 2.08795834 -0.142087981
v -1.13410389 -1.64856243 1.21702278
v 2.37339044 1.69147205 -0.985363603
v -0.325829029 0.917704999 2.52497697
v -0.612161279 1.13528681 2.01464558
v 1.67098272 1.22228086 -1.03527772
v -0.70041275 1.64209032 2.13393784
v 1.96984851 1.70461559 -0.451116532
v -0.950385094 1.94854903 1.87764287
v -0.490230978 0.308039427 1.97852552
v -0.371984839 0.434002161 2.30144429
v -0.420751214 -0.0387888029 2.13683987
v -0.773588061 -1.10871696 1.58559537
v -1.65683067 -2.08560944 0.700143814
v 2.0330472 2.22994709 0.279272854
v -0.767053962 0.28983593 -2.55222607
v 1.89139199 0.979904294 -1.77840233
v 2.19618797 1.3175863 -1.43031442
v 0.042508103 0.195470929 -2.63932371
v 1.03881478 0.460285783 -2.29846501
v 1.52168286 0.67078048 -2.11817813
v 0.5823493 0.29470551 -2.49855781
v -0.804305553 -1.5871489 1.89242792
v 0.704273939 -0.416737556 -2.26940727
v 0.00633210596 -0.558830917 -1.72270215
v 0.0430621691 -0.407428265 -2.17081976
v -0.543649793 -0.516236842 -1.97225523
v -1.52951121 -1.0050261 -1.39157951
v -0.958490849 0.29575336 -2.59501004
v 0.915055335 -0.724270463 -1.56554341
v 2.03284502 -1.26403916 -1.36745787
v 1.61568141 -1.08786082 -1.28803098
v -0.390100241 -0.520786226 -1.91055048
v -0.098972097 -0.380422354 -2.23937774
v -0.122328497 -0.541533589 -1.79031396
v 0.409821749 -0.533064246 -1.87995505
v -1.22963536 -0.749953091 -1.7482239
v 0.809761405 -0.48698163 -2.14637423
v 0.117802978 -0.575956285 -1.6660248
v 0.175198063 -0.445428312 -2.08081031
v 0.5742172 -0.356170893 -2.36720181
v -0.609695256 -0.635195792 -1.63839173
v 1.73413086 -0.853457034 -1.90101206
v 2.21164179 -1.67860627 -0.821313858
v -1.37851 -0.950505733 -1.36411238
v 1.23051238 -0.469579577 -2.36202455
v 1.29013216 -0.77414304 -1.73564017
v -2.01176357 -1.45387673 -0.982016861
v -1.68267655 -1.0629313 -1.41913772
v 0.147431731 0.208253741 2.73910427
v 0.840551972 1.02473712 1.27810299
v 0.872550726 -1.12102866 1.28937423
v 1.25623155 -1.60493529 0.85330677
v 1.02489316 -1.02899265 0.0513999537
v 0.942027926 1.57731342 1.58749175
v 2.14226389 -1.71518898 -0.672162533
v -2.13459516 -1.72362089 -0.647697985
v 0.648522198 -0.532517493 1.53933513
v 0.666813791 0.85148263 1.6956408
v 0.744819641 -0.830136359 1.41301954
v 2.04258275 -2.05638003 0.0205701459
v 0.882409871 -0.86856091 0.214725599
v 0.654837608 -0.493507981 0.334818184
v 0.669833183 0.398795098 1.33869255
v 0.663723826 -0.1766074 1.19999337
v 0.589820802 -0.565689385 0.0472719893
v 0.378032535 -0.234936625 0.10107711
v 0.52494061 -0.278914452 0.263321102
v -0.328377783 -0.564778864 -0.30149138
v -0.418983817 -0.652326226 -0.439452291
v -0.276389152 -0.669916689 -0.714201093
v 1.74430108 -0.771248937 -2.06517887
v 1.30054641 -0.553759336 -2.22841334
v 0.486585379 -0.577644169 -1.76901269
v 1.27391601 -0.827288628 -1.58732557
v 1.65118575 -1.04355776 -1.42999482
v -1.10522699 -0.756861448 -1.62999249
v 2.30532408 -1.65532255 -0.96882385
v 1.98118448 -1.31230676 -1.22045887
v 0.590351045 -0.653341413 -0.149869949
v 0.901901126 -1.01268959 0.994655788
v 0.704777181 -0.633495808 0.21292682
v 0.237562567 -0.21969609 0.00877217855
v 0.618482709 -0.310635507 0.451049417
v 0.641844332 0.0800228566 0.689762294
v -0.709138632 -0.623787045 -1.73570693
v -0.28739053 -0.687562823 -0.951384604
v -1.1079917 -1.01743889 -0.623946726
v -1.31435692 -1.19618499 -0.435157031
v -0.680521548 -0.789615154 -0.83380115
v 1.40187919 -1.30634665 -0.289967567
v 0.0909770206 -0.438852787 -0.216356322
v 1.71361971 -0.925572455 -1.74107122
v 2.09742785 -1.21521604 -1.51978397
v 1.30475426 -0.714019775 -1.8882128
v 0.871249735 -0.556692541 -2.00611877
v -0.174553767 -0.603700459 -1.56253386
v -0.561095655 -0.659699142 -1.51376021
v 1.86882901 -1.3858248 -0.935942113
v 1.58005667 -1.12770152 -1.14629138
v -0.929278851 -0.771970153 -1.41673553
v -1.25223517 -0.926409006 -1.28218138
v -1.86416006 -1.39972794 -0.900528193
v -1.56695557 -1.12857699 -1.1267252
v 1.25956082 -0.918160319 -1.31654656
v 0.913829327 -0.759474039 -1.44531751
v 0.586077809 -0.659823954 -1.5312475
v 0.181162894 -0.607634306 -1.5467515
v 0.790453792 -0.819155991 -0.194744289
v 0.652716994 -0.74377048 -0.32903555
v 0.0150204469 -0.597596169 -0.52416116
v -0.159751296 -0.606900573 -0.517558634
v -0.747443795 -0.819325805 -0.531903565
v 0.69435358 0.362118721 1.09074056
v 0.022360472 -0.649859369 -0.751220286
v 0.861120462 0.91520673 0.997751772
v -1.31734216 -1.09592605 -0.819582999
v 1.202034 -1.00209236 -0.940345585
v 0.970273495 -0.956720531 -0.376498431
v 0.0719978064 -0.533949375 -0.365322948
v 0.986569405 -1.02784085 0.485100538
v 0.417241842 -0.378990382 0.0382130779
v -0.704249263 -0.763547182 -1.15864754
v -0.482699424 -0.708852649 -1.16775966
v 0.671984196 -0.14732337 0.966627657
v 0.593119323 -0.730536222 -1.18594909
v 0.840014219 -0.815593719 -1.10085452
v 0.655984998 -0.775355279 -0.556326985
v 0.889380157 -0.673304617 -1.7028271
v 0.781033099 -0.772218943 0.0466321744
v 0.405260473 -0.648300469 -0.443849325
v 0.515049696 -0.726296544 -0.651206195
v 0.468794256 -0.60518831 -0.236406967
v 0.781107068 -0.69516921 1.00843918
v 0.98611176 1.38583255 1.27442825
v 2.36300874 -2.08359504 -0.377039582
v 1.14797485 1.9344728 1.49300396
v 0.698139787 -0.493955404 1.26150727
v 0.732973576 0.711526036 1.33232617
v 0.57720387 -0.228537336 1.68225777
v 1.79969001 -1.62698936 -0.327565134
v -0.655579388 0.448927343 1.45179474
v -1.57124054 2.0393095 0.795155644
v -1.30513132 1.41478038 0.327821881
v -1.08546579 1.22762167 0.650034249
v -1.38536179 1.73589945 0.745914161
v -1.2276082 1.47459364 0.703807771
v -1.54589701 1.71536601 0.348016709
v -1.15248704 1.22012925 0.312292814
v -0.527491331 -1.37182283 2.31565094
v -1.51507139 2.39850283 1.29397857
v -1.00810766 1.03239107 0.295515805
v -0.886573255 0.948949575 0.92863965
v -0.836206198 -0.829067945 0.938704014
v -0.746161878 0.55426687 0.751916051
v 0.440531611 -0.620949864 2.1889112
v -0.983170688 1.19508862 1.00091577
v -0.664289713 0.0564919412 1.11324847
v -0.678166866 0.232866526 0.879745424
v -0.810076416 0.734478652 0.828808725
v -0.853677332 0.811351776 0.550783217
v -0.770781398 -0.734378099 1.16710424
v -0.717957735 -0.45535776 0.988832295
v 0.644989312 -0.74473387 1.69127893
v -0.620815814 -0.428222716 1.5887773
v -0.683438659 -0.328287721 1.16116786
v -0.685641825 0.946297824 1.70756197
v -0.668738484 -0.0939708427 0.972077847
v -1.93276811 1.65011597 -0.496798724
v -1.85307288 1.81254363 -0.0700013563
v -1.39411151 1.38099766 -0.0379581116
v -1.93978 1.4420166 -0.914294243
v -1.90315413 1.21580672 -1.32716751
v 0.49506253 -0.0943895876 1.93454981
v -1.21954489 1.76478982 1.16244817
v -1.60941267 1.5848248 -0.0529326536
v -1.20653844 1.20095551 -0.0251244903
v -0.286358356 -1.02034044 2.63151217
v -2.19479275 1.31668437 -1.43056309
v 0.45297128 0.253420562 2.07079649
v 0.529548764 0.65180558 1.97726893
v -1.66643226 1.46179938 -0.448673159
v -1.65231919 1.29268527 -0.836149514
v -1.96216524 2.22579288 0.380701959
v -2.10825443 2.05019093 -0.085044615
v -2.22862101 1.5895083 -0.99265933
v -2.20098495 1.82981896 -0.557021499
v -0.961986184 1.00961626 0.604070604
v -1.18235159 -1.54946113 0.960850835
v -1.42051363 1.28597236 -0.403422087
v -1.74808621 1.96268892 0.361616999
v -1.09234989 1.4623822 1.07826555
v 0.654286444 -1.5374527 2.15970922
v 0.428914428 -0.199909598 2.12665129
v 0.660328329 1.53414857 2.14604592
v 0.782814801 -1.20650971 1.6452204
v -2.2632041 -2.28184128 0.0246764049
v 0.875552595 1.88732171 1.9695915
v 0.204366446 0.114173144 2.62353778
v 0.752460003 1.46462357 1.91402876
v 1.97519398 -2.24483323 0.385867119
v -1.3678627 -2.14856195 1.29452467
v 0.932792544 -1.56321621 1.59543574
v 1.4269402 -1.91168952 0.907857537
v 0.522522032 -1.07579112 2.18297434
v -1.75956368 2.31984091 0.816404283
v -1.04332244 1.75970626 1.53787148
v -0.649306357 -0.187588751 1.32461619
v -0.848947883 1.11512971 1.36131191
v -0.568311691 0.225215867 1.71408057
v -0.694239795 -0.585881233 1.38173616
v -0.816187143 -1.00278556 1.3403672
v -1.36605537 2.08461165 1.23093593
v -1.65778065 -1.90421247 0.438335925
v -1.02711356 -1.20112729 0.836291254
v -1.29332519 -1.5593462 0.677006245
v -1.10428607 -2.07147503 1.69686043
v -0.732922435 -1.47745645 1.96410751
v 0.663555741 1.64247584 2.20334268
v 0.281443 0.674923182 2.54601192
v 0.154778481 -0.385937244 2.74129367
v -2.25688767 2.1955018 -0.0831117705
v -1.38608909 -1.8786087 0.948310614
v -0.939773977 2.06078339 1.97859597
v -0.416366458 0.369110793 2.18409801
v 2.09258413 0.976985157 -1.93724787
v 2.08428645 1.76295519 -0.512313187
v -0.942868829 -1.42517161 1.43557322
v -1.17750621 2.27270365 1.73614204
v -0.529987574 0.682413101 1.98864079
v -0.577566624 1.21252203 2.13339329
v -0.110812739 0.118741632 -2.78841639
v -2.09400654 -2.38484669 0.389251202
v -0.373071551 0.842706919 2.40693784
v 0.442154288 1.41755474 2.49554515
v 1.78003311 1.25298011 -1.10724962
v -0.135036826 0.44888261 2.78587294
v -0.866390646 -1.56436086 1.74372995
v 2.30591488 1.3056221 -1.55107081
v -2.20921373 2.26381397 0.0735505745
v -1.61453402 -2.11857939 0.817898571
v -0.139439061 -0.128873467 -2.7705152
v 0.872775316 -0.233101606 -2.6875689
v -0.663896501 0.829895973 1.68952107
v -0.647729099 0.282217503 1.38465059
v -0.766283154 -0.931469679 1.43934405
v -0.908395231 -1.20553875 1.27929199
v -1.51775539 -1.84836268 0.630831778
v -0.579231322 -0.250560075 1.68033171
v -0.790735364 0.763419628 1.09849
v -0.67463541 0.226393104 1.11909533
v -0.707243562 0.634890318 1.36890221
v -0.708184242 0.453101873 1.12005961
v -0.917663336 1.2453419 1.30052257
v -0.62796092 -0.0294323862 1.41877949
v -0.806457996 0.972257853 1.33920157
v -1.11893773 1.91719353 1.53325331
v -0.597086132 0.439602852 1.68296993
v -0.747454941 1.15883219 1.69936419
v 0.512941957 -1.25116324 2.28591585
v 0.256296515 -0.325846642 2.53480792
v 0.498948455 1.03950858 2.21710515
v 0.506665826 0.303190768 1.93027461
v 0.477811337 -0.538111389 2.07192826
v 0.272562981 0.182236373 2.4872663
v 0.376823902 -0.195142001 2.25495744
v 0.709501684 1.5010252 2.02788377
v 0.645231247 1.1150887 1.92529714
v 1.17736328 -1.7102375 1.19116795
v 1.19136918 -2.10879087 1.57301331
v 0.622783124 -1.64302015 2.27872515
v 0.397603989 0.716238797 2.31539011
v 0.396678209 0.204614505 2.20799017
v 1.46454501 -2.25766563 1.23734248
v 1.70290947 -2.27027988 0.850500524
v 0.558508456 -0.484336883 1.82842338
v 0.461661994 -0.151248112 2.03457952
v 2.06855774 -2.38793707 0.429292202
v 2.28331637 -2.24644709 -0.048991885
v 0.387061834 -0.64642626 2.31820154
v 0.551322997 -0.962949157 2.06393695
v 1.21187341 -1.91853869 1.35122228
v 0.296094775 -0.817515075 2.55350423
v -0.817642748 1.79800677 2.01440215
v -0.458296537 0.197096258 2.04876614
v -0.428164482 -0.277348816 2.13886142
v -0.830140412 -1.3038168 1.60696912
v -0.38863802 0.56012404 2.2918582
v -0.590587318 1.48251915 2.25147128
v 2.3478899 1.77511549 -0.824100018
v 1.51250017 0.928342819 -1.55851722
v 0.47736457 0.50012517 -1.99450552
v -1.65215921 -1.2613889 -0.913201034
v -1.01329994 1.55477071 1.39880824
v -1.50777948 -1.61811638 0.245714799
v -0.424641669 0.0494249687 0.205665275
v -1.42668235 0.65492034 -2.09308028
v -1.64621782 -2.01867223 0.628665864
v -0.968013048 1.85213685 1.7695576
v -1.47728491 -1.4514432 -0.0660059601
v 1.85709894 1.64447737 -0.38892746
v -0.871168017 -0.862136722 0.114692986
v -0.933097005 -0.935162425 0.352666646
v 0.436932117 0.392437369 0.0473012626
v 0.823207378 0.817306161 -1.0559504
v -0.379191458 -0.185989618 0.124349944
v 0.748909712 -0.779427767 -0.151293904
v 1.21411288 1.07764316 -0.647565663
v 0.459864855 0.721143007 -0.858190298
v -0.546235919 0.510118425 0.0584623553
v 0.634559095 0.607527196 0.0633065403
v 1.56790161 1.1935364 -0.959222794
v -0.520664752 -0.388958156 0.165327802
v 0.372535676 0.554928303 -0.241807759
v 1.71807826 -1.58541846 -0.267717779
v -0.541481435 -0.578917265 -0.0685597658
v -0.591457903 0.189152479 1.61750162
v -0.715997756 0.86900425 1.55316091
v -0.609752476 -0.0790517181 1.51751506
v 1.09864485 1.08823013 -0.0759814531
v -0.849889755 1.00054502 1.20750475
v 0.026134368 -0.0979102775 -0.00896500796
v -0.528870165 0.701331496 -0.448635429
v -0.896229506 0.90589577 -0.346317351
v -0.939133167 -1.33843422 1.34940457
v -0.773684859 -1.03767097 1.52004433
v 0.746022046 0.910535693 1.48907673
v -0.328652978 0.685110569 -0.755850494
v -0.119403556 -0.234146208 -0.0425373986
v 0.337987185 0.663341761 -1.32842183
v -0.0250651073 0.645806134 -0.724347889
v -0.0740476176 -0.468155801 -0.257484466
v 0.725060999 0.478397965 0.812009215
v -0.688977957 0.301331401 1.00749171
v -0.694431186 -0.36278069 0.778252959
v -0.748149037 0.730541825 1.28294182
v 0.706337929 0.620641589 0.252496928
v 0.342991084 0.198161185 0.0875905082
v -0.592558324 -0.377809972 0.316530824
v -0.330430031 -0.391956925 -0.0535305552
v -0.688710809 0.422205687 1.23907578
v -0.65025115 0.10560222 1.28444195
v -0.715183854 0.64721483 0.215338364
v -0.59755522 0.169695258 0.484806806
v -0.264116377 0.61325568 -0.473936528
v -0.18148604 0.483300388 -1.97727537
v -0.279466599 0.68052876 -1.11951673
v -0.287393123 0.367703706 -0.0613205917
v -0.642746389 1.05880094 1.89658344
v 0.800475955 0.813080788 1.13549531
v 0.521848083 0.391921699 0.164287537
v -0.741801143 0.557721496 1.00390375
v 0.931078851 0.930654764 0.298977077
v 0.476926267 0.680279374 -0.456820071
v -0.991219699 0.736100972 -1.5937376
v 1.51028836 1.80100441 0.572285771
v -0.562450528 0.638766468 -1.5962832
v 0.653023422 -0.398647249 1.42955875
v 1.45581222 1.40427446 -0.138478592
v -0.8209396 1.2143079 1.54913259
v -1.8681761 0.780749321 -2.1278336
v -0.958260536 -1.00738966 0.6245296
v -0.808392286 0.753013968 0.335433334
v 0.514436185 0.574637592 -0.104218438
v 0.520973086 0.581771672 -1.77060425
v 1.36271429 0.998498976 -1.20913577
v -1.10273576 1.06948709 -0.244823545
v 0.00861188304 0.27576381 -0.0802106783
v -1 0.550440669 -2.08423305
v 1.8954761 2.40181828 0.700564682
v 1.90747881 2.13692188 0.345882833
v -0.781274259 1.44510388 1.8374474
v 0.808898747 0.852288008 -0.566733003
v -1.20419133 0.959618032 -1.10377872
v 1.16966248 1.20408762 0.162601098
v 1.19477785 1.31979084 0.456022739
v 0.744107246 -0.558218598 0.971319735
v 0.679617524 0.265901893 1.10903525
v 1.17243838 -1.44698358 0.818203449
v 0.656187892 -0.00174030755 0.802464843
v 1.12688231 -1.13120914 0.0261607654
v 0.531541944 0.000599994848 0.36670658
v 0.61069423 -0.530589342 0.154786989
v 0.292887807 -0.272250891 0.0130177727
v 0.540620089 -0.327359706 0.25526306
v 0.670157552 0.167379498 0.868568897
v -0.280006796 -0.684810638 -1.04425454
v 0.318192959 -0.429548979 -0.102384374
v -0.338217974 -0.648058593 -1.4160682
v -0.98785913 -0.840393782 -1.22765386
v 0.786644816 0.671540976 0.827067256
v 0.420576453 -0.661286056 -1.40316284
v 0.38131246 -0.620927334 -0.386380821
v -1.84477282 -1.50410199 -0.653755844
v -1.20583475 2.19621611 1.62431657
v -0.93514806 -0.92339474 -0.551934838
v 0.0905403718 -0.664558172 -0.869507194
v 0.53592515 -0.671528339 -0.314511031
v 0.152245387 -0.398743212 -0.155703783
v -0.639411509 0.562451124 1.59387767
v 0.910174608 1.07554078 1.0787915
v 0.445106685 -0.0472013801 0.230510861
v -0.476168752 -0.721543372 -0.748236835
v 0.810655892 -0.743699253 0.871075809
v -1.30407357 -1.01266015 -1.08084452
v -1.075387 -0.971494734 -0.783322215
v 0.0378183164 -0.632333815 -1.39385247
v 0.0608949922 -0.664138556 -1.11805856
v 1.34333467 -1.04301155 -1.04496348
v 1.22194564 -1.06456614 -0.726324201
v 1.09570634 -1.03223145 -0.479086399
v 0.985333562 -0.975762486 -0.226271912
v 0.628450155 -0.238265932 0.544342935
v 0.620814979 -0.0533246845 0.59996593
v 0.639655173 0.194860816 0.621039689
v 0.129690781 -0.578647077 -0.449638814
v 0.141939566 -0.499581933 -0.28810358
v 1.6628412 -2.01353836 0.590996981
v 1.16791391 -1.62386549 1.10389876
v 0.566738725 -0.401424646 1.77156639
v 0.524684727 -0.0723171383 1.84159207
v 0.976593733 1.85762191 1.75747538
v 1.19423819 2.17479706 1.625916
v 0.655628681 -0.404987752 0.471034646
v 0.964346111 -1.02760375 0.665881932
v -0.652695477 -0.722039342 -1.3163805
v 0.7082026 -0.740728617 -1.29086304
v 0.57390362 -0.727906466 -0.479768813
v -0.285483837 -0.589601219 -0.392389029
v -0.188629329 -0.501301587 -0.273418605
v 1.6781317 -1.30540776 -0.845044315
v 1.05300891 -0.856590509 -1.25613499
v -2.093256 -1.84276509 -0.390032053
v 0.684708953 -0.300635397 0.814566851
v -0.0584276989 -0.576348424 -0.460987449
v -0.486408859 -0.652687669 -0.339547455
v 0.629759133 0.00899259187 1.40764964
v 0.921495914 1.28999352 1.34316468
v 0.886073589 -0.868051291 -0.870474756
v -0.622528195 -0.907000721 1.85645056
v 0.908163905 0.604189932 -1.90526223
v -0.539607584 -0.506534755 1.89322257
v -2.40834093 1.99908054 -0.554391265
v -1.84341168 2.42302227 0.803707898
v -2.29391932 1.69596267 -0.88932246
v 1.02132392 0.343697548 -2.5241487
v 0.168633521 -0.132421285 0.0112445485
v 1.11976874 1.26916265 0.61597693
v 1.72567344 2.35188794 0.907114685
v 1.38408041 1.74650335 0.765277445
v 1.17180824 1.48062229 0.879352033
v 0.0727897361 -0.190971017 -0.0320728868
v 1.45064569 2.04883313 1.03284621
v -1.05728376 -2.12785149 1.82510519
v -0.819024026 -1.9362483 2.10411763
v -1.83438468 -2.3702426 0.757250249
v -0.957271576 -0.451036692 -2.28482985
v -0.446017087 -0.219447732 -2.624928
v -0.757796407 -0.273185611 -2.5823369
v 0.885664344 -0.282345057 -2.59897923
v 0.0973118842 -0.192389965 -2.64669776
v 0.408581734 -0.196113467 -2.6651926
v 1.33572316 -0.423827648 -2.49378896
v -1.22595942 -0.391520858 -2.50879717
v -1.55189955 -0.541092277 -2.37942052
v -2.22783303 -1.33733594 -1.426072
v 1.0995121 0.412432313 -2.41940093
v 0.056921009 0.131119728 -2.76385808
v 0.497334838 0.230875015 -2.61054397
v 1.8030386 0.898844302 -1.86433411
v 1.0355891 0.286855936 -2.63535094
v -0.735836685 -1.61501622 2.04879189
v 0.37035048 1.27508545 2.56675959
v -0.8670578 -0.362824559 -2.43565297
v -1.27177191 -0.488958478 -2.34279966
v -1.3282131 -0.649087727 -2.04632354
v -1.71420825 -0.670563996 -2.23210549
v -0.071703136 -0.259927988 -2.50853729
v -1.8008343 -0.980645895 -1.70255017
v -2.16414022 -1.39472699 -1.26262295
v 0.538489938 0.179775834 -2.71566629
v 1.48497462 0.593616128 -2.24700117
v 1.13737643 1.0453738 -0.567341566
v -2.00751591 -1.97863746 -0.0445737056
v -1.42193687 -1.51896644 0.243884742
v -0.996391952 -1.02678645 0.379571736
v 0.729340613 0.750835061 -0.0906213745
v -1.56045866 0.739921272 -2.00502992
v 1.05858946 1.02042365 -0.368495882
v -0.941395283 -0.941454649 0.125552773
v 0.903625071 0.911159873 -0.322705835
v 1.28103304 1.18968213 -0.359805346
v 1.70472503 1.53636754 -0.349386483
v 0.281184614 0.273209661 0.00491301576
v 0.442280024 0.598278344 -0.255527675
v -0.560266912 0.555418849 0.00877059624
v 0.468889177 0.433558047 0.0429535992
v 0.71952045 0.749534965 -1.26124346
v 1.01090002 0.803181767 -1.39593685
v 0.580971599 0.630189359 -0.108601868
v 0.528905392 0.720632195 -1.15028501
v 0.37684235 0.349112302 0.0242393799
v -0.448835373 0.686375499 -0.536713421
v -1.10039723 0.601145983 -2.02024627
v -0.166202039 0.563587606 -0.400103122
v -0.0716791674 0.667847157 -0.97698921
v -0.0107437465 0.39794296 -0.178986937
v 0.21137467 0.436367869 -0.174118653
v 0.0975695997 0.625431061 -0.607706726
v 0.380323678 0.700191915 -0.805083334
v -0.566886783 -0.192177668 0.395957917
v 0.281359017 0.666255832 -1.26241958
v -0.264921457 0.634361982 -0.545201957
v 0.171067476 0.519364119 -0.310714722
v 0.168199807 0.61790663 -1.49554765
v 0.159041196 0.671642244 -0.913734138
v 0.211372197 0.657676041 -0.704195797
v 0.0253983568 0.524080098 -0.351991922
v -0.345350683 0.694953322 -1.03242767
v -0.340276033 0.611664414 -0.403236449
v -0.0712421909 0.595156193 -0.510200799
v 0.0709162951 0.663824439 -1.12834954
v -0.297342837 0.508643746 -1.92320132
v 0.402631223 0.600606143 -1.65404904
v 1.19091201 0.931870341 -1.18100762
v -1.41281116 1.02457249 -1.20078015
v -0.729667544 -0.583464801 0.462735355
v 1.83108854 1.79048681 -0.0713557303
v -0.819742441 0.784331977 0.239838719
v 1.25406921 1.30012536 0.167028412
v -1.26996541 -1.44061852 0.502080679
v -0.635267615 0.758559644 -1.0513916
v -0.683419764 0.586497188 0.250768036
v -0.335683405 -0.433667451 -0.0936794207
v 1.01803374 1.01160383 -0.0925852209
v -0.911967397 0.917209625 -0.246091902
v -0.76906836 0.791231036 -0.121610522
v 0.75376606 0.821064115 -0.768609405
v -0.643730879 0.764829636 -0.505936742
v -0.297451019 0.641748846 -1.42590773
v 0.723594368 0.787002146 -0.317865998
v -1.16942251 -1.15588725 -0.0705484822
v 1.61762571 1.3427124 -0.652408481
v -0.973711073 0.771154165 -1.46571255
v -0.458709508 0.0151788695 0.250256121
v -1.00538385 0.930401504 -0.816966891
v -0.566386878 -0.438852787 0.191967607
v -0.501697958 0.60513407 -1.68370628
v 1.60130167 1.72310567 0.243492603
v -1.25240016 0.770738959 -1.71410406
v -0.836489081 -0.848875344 -0.116916843
v -0.755133688 -0.682865322 0.286421508
v -0.326240987 0.500936508 -0.1900388
v -0.381991148 -0.236498088 0.104005478
v 0.433582067 0.645898759 -0.397100717
v -0.829768836 -0.775690377 0.777775526
v 0.773407459 0.812123418 -0.966727257
v -0.807365656 0.849059999 -0.674115002
v 0.888282835 0.870688677 0.35239926
v -0.570244551 -0.619682193 -0.104377359
v -1.01218176 -1.00683439 -0.0829724893
v 0.85078311 0.860400617 -0.10511072
v 1.177881 1.15740621 -0.104402237
v 1.0116514 0.886446774 -1.06698561
v 0.591742873 0.693644106 -0.275227934
v 0.534070849 0.740301728 -0.910037756
v -1.11308968 0.88128686 -1.24834371
v -1.3494463 0.896640897 -1.47733235
v 1.40592217 1.10292923 -0.959363043
v 1.38546991 1.19986176 -0.604161978
v -1.79238451 -1.77707827 -0.0274858642
v -0.632936776 -0.313144505 0.495843381
v -0.644453228 -0.443056971 0.379068136
v -0.514665544 -0.0962639675 0.325408608
v -0.795860529 0.789325476 0.0387633517
v -1.0063535 -1.10116601 0.665449321
v -1.3621664 -1.34209323 -0.0620574355
v 0.816424906 0.802791297 0.0932709053
v 0.269859701 0.630720139 -0.52746594
v -0.684138119 -0.654639363 0.0858942419
v -1.10692513 1.08821511 -0.132235005
v 1.2966435 1.45333624 0.448860914
v -0.902614236 0.847760081 -1.04644239
v -0.597552061 0.679730713 -0.213588893
v -1.04871178 0.98566705 -0.599222004
v -1.62748218 0.907903612 -1.70650232
v -0.490476966 0.705392718 -1.20692766
v -1.46096861 1.13931203 -0.941225231
v 0.067981191 0.215734273 -0.0434239209
v -0.211409628 -0.184888482 0.0110865468
v 0.180251688 -0.00114321173 0.033221107
v -1.59601164 -1.73147345 0.270074397
v 0.255956888 0.0700095519 0.0636778399
v -0.491828918 0.144046456 0.275311351
v -0.145829245 0.186365217 -0.0139843691
v -0.0813498124 0.0847617909 -0.000572021236
v -0.327163786 0.173010007 0.0849473774
v -0.435993344 -0.119996898 0.206386805
v -0.236025706 -0.0683442503 0.053223215
v -0.0335039198 -0.0346401669 -7.75488807e-05
v 0.103420481 0.108920537 -0.0011856528
v 0.306841612 0.161647409 0.0740133151
v 0.0701978654 0.456368983 -0.242132783
v -0.493078887 -0.209689498 0.25112009
v -0.487400115 -0.333881557 0.16401732
v 0.205406651 0.185607582 0.00815346837
v -0.0114111342 0.142245501 -0.0203830767
v -0.0566737354 0.247729361 -0.0608465075
v 0.0818655714 -0.0657184795 0.00240066554
v 0.039927531 0.0419800989 -0.000168497718
v -0.444024116 0.224794045 0.176898867
v -0.509453893 0.356029332 0.178336337
v -0.286082506 -0.251703829 0.0204251893
v -0.317854404 -0.157091975 0.0834499002
v -0.487457126 0.570784748 -0.136768833
v -0.419346064 0.463726848 -0.0521044247
v -0.26651755 0.229249746 0.0201043133
v -0.209927395 0.119176343 0.0310752783
v -0.174713045 0.0151718659 0.030938508
v -0.461344332 -0.432485402 0.0345171839
v 0.585094869 0.551945567 0.0626832545
v 0.123372741 0.378493875 -0.144093871
v 0.339186549 0.514811635 -0.201256201
v -0.0845853835 -0.208294511 -0.0375081077
v -0.406965464 0.293414414 0.0952664763
v -0.675441444 -0.278140515 0.75650245
v -0.173110783 0.282889962 -0.0540180318
v -0.250185877 0.390529722 -0.104945391
v -0.276424974 0.0411009453 0.0789912865
v -0.00550573226 -0.130264267 -0.0171343125
v -0.7159881 0.495579034 0.619463444
v 0.661988556 0.574870944 0.207099512
v -0.59369427 -0.0396816842 0.510661662
v 0.69029057 0.665295601 0.0756587908
v -0.661318839 -0.104843862 0.819630802
v -0.536513448 0.286993831 0.278351665
v -0.57084316 -0.309908152 0.329597145
v -0.649701238 0.294050694 0.580868721
v 0.401300341 0.257891327 0.111409068
v -0.627693355 -0.147654831 0.597028434
v -0.668114543 -0.56609261 0.243846923
v -0.5385589 0.0610038638 0.376043707
v -0.681012154 0.642669916 0.108109757
v -0.403481096 0.093017444 0.17588684
v -0.584623873 0.498640627 0.148309663
v -0.260018289 -0.351628006 -0.0640740246
v -0.346243769 -0.0337988771 0.129927978
v -0.314470172 0.339495599 -0.0189949628
v -0.441810608 -0.514772892 -0.0985360891
v 0.564700067 0.442520291 0.18421562
v 0.146033436 0.283407539 -0.0633225292
v -0.760433376 -0.601908624 0.683919013
v -0.716825008 -0.447090745 0.815277576
v 0.351422906 0.437446237 -0.085184738
v -0.639108777 0.0147486189 0.686915576
v -0.662521243 0.215905473 0.732801259
v -0.110829383 0.342792928 -0.115663558
v -0.173738167 0.443045676 -0.197988585
v -0.714162171 0.557344735 0.446076423
v -0.80140388 0.727744401 0.422341019
v -0.811235189 -0.733403325 0.516040504
v -0.638985872 0.385348976 0.437302351
v -0.434249222 0.598635614 -0.266458303
v -1.10289109 -1.12866545 0.164137214
v 1.46856129 1.32675302 -0.393673688
v -1.13229108 -1.22982955 0.443275332
v -1.23939252 -1.29212606 0.196239442
v -0.881856143 -0.861298561 0.351970226
v -0.615012527 0.13238591 0.556125998
v -0.108790956 -0.102821447 0.00128230872
v -0.450254887 0.398651302 0.0569183379
v -0.32719323 0.674745202 -0.674512148
v -0.381803751 -0.330440462 0.0437847599
v -0.147161201 -0.273281842 -0.0566885211
v 0.47481361 0.347166955 0.135623604
v -0.688911557 -0.444889635 0.557665467
v -0.498987615 0.731383622 -0.849467099
v 0.299132466 0.687511563 -1.04204714
v -0.23064746 0.675219655 -0.835387886
v -0.254344702 0.528572023 -0.285367489
v 0.290244192 0.576467514 -0.357426196
v -0.589038372 0.219751284 0.435207546
v -0.811348081 -0.794026852 0.112417549
v -0.103000797 0.486226201 -0.278021753
v -0.91116482 -0.919993162 0.602477312
v -0.498191535 0.671457231 -0.383801699
v -0.623904943 0.454248726 0.303490371
v 0.462106258 0.530148685 -0.0981313735
v 0.930875957 0.929513931 0.125961736
v 1.14264131 1.23559737 0.414791465
v 0.778289676 0.834178627 -0.480997741
v 1.85833454 2.2884438 0.622101665
v 1.44829869 1.68926048 0.521886826
v -1.2933588 1.16373801 -0.503241003
v -1.10129559 1.05303502 -0.358822256
v -0.586412966 -0.55513835 0.0596503317
v 0.119775742 0.577873945 -0.450860739
v 0.273523211 0.359818667 -0.0630856231
v -0.922434449 0.919434428 0.156032741
v -0.000168155617 0.65663904 -0.806614041
v 0.389372468 0.679632902 -0.605050147
v 0.0192496516 0.320272654 -0.110200472
v 1.3880403 1.37264419 -0.0451417789
v -0.624463975 0.652595162 -0.0710923672
v 1.57692099 1.54142439 -0.0798541754
v -0.574700177 0.750588775 -0.690355659
v -0.131346449 0.639971972 -0.659620285
v 0.774748862 0.718224823 0.260275215
v -0.717639685 -0.739600062 -0.0866259113
v -0.933580399 0.933815598 -0.0258634035
v 1.43721938 1.52051783 0.207303986
v -0.731246352 0.807823598 -0.844961107
v -0.697341681 0.772854745 -0.337006003
v -0.88707149 0.899016619 -0.439341575
v 0.616043806 0.742198586 -0.439606875
v 0.592589736 0.755891323 -0.665366709
v 0.994023383 1.0244242 0.387046993
v 1.09617019 1.11525154 0.128891379
v 0.932640076 0.921589434 -0.556867599
v 0.970469475 0.914215147 -0.812334895
v 1.63542902 1.96248174 0.568707585
v 1.85004783 1.9974215 0.237480193
v -1.55801868 -1.52264547 -0.0814461783
v -1.9151082 0.91722542 -1.91336286
v -0.658126831 0.549395025 -1.9263618
v -0.214591831 0.666292667 -1.20493245
v 0.0976143777 0.530839443 -1.82343495
v 0.719081402 0.693608701 -1.50465214
v -0.0211461484 0.635308206 -1.37457776
v -0.150271565 0.589483559 -1.61748922
v 0.468207121 0.667496026 -1.4085176
v -1.7282809 1.06503153 -1.46108711
v 1.15996826 0.993741035 -0.887203097
v -0.830991447 0.781794548 -1.25819123
v -1.16209197 0.970716059 -0.988191485
v -0.857263327 0.659525216 -1.72139418
v -0.701341152 0.698701203 -1.46942687
v -1.25699353 1.0797112 -0.748782694
v -1.41078424 -0.716426909 -1.95449769
v -1.68530583 -0.886187136 -1.79872775
v -0.208870754 -0.279674172 -2.4742043
v -1.89895463 -1.0767175 -1.59883249
v -1.81619549 -0.746541321 -2.15626383
v -2.24366617 -1.50794399 -1.14863718
v -2.32125807 2.13650846 -0.249314368
v 2.07096529 1.23278546 -1.46297204
v 1.0632143 0.575589061 -2.05878258
v 1.45349193 0.697826922 -2.02147818
v 0.411914438 0.376091361 -2.28777933
v -0.544791937 0.206754446 -2.66546512
v -0.919678211 0.408455729 -2.35997963
v -0.241867483 0.336918354 -2.35206294
v 0.117754593 0.307258248 -2.40859199
v -0.224314421 0.222806454 -2.59299994
v 1.63685107 0.864999175 -1.80435383
v -1.27426386 0.453929186 -2.41134024
v -1.60144877 0.60967952 -2.2799561
v 1.66456354 2.41606808 1.07348871
v 1.34430766 1.78836548 0.91597867
v 1.06313455 1.20172799 0.6793046
v 0.872105956 0.843884349 0.504786968
v 0.863636613 0.830426216 0.575743437
v 0.790060341 0.707011878 0.428284973
v 0.692412555 0.517432809 0.431726277
v -0.29566747 -0.439448386 -0.129833415
v 0.367328584 0.101491936 0.138857067
v -0.183559015 -0.372275382 -0.118862942
v -0.0904647708 -0.321279436 -0.103005543
v 2.13740768e-05 -0.241823196 -0.0609281547
v 0.101872839 -0.219726995 -0.0394565798
v -0.809342742 -0.839953482 -0.256737977
v 1.00105143 1.15143657 0.834905148
v 0.465466082 0.213576719 0.209830597
v 1.56874764 2.0638566 0.831460297
v 1.25812614 1.69123745 0.977744579
v 1.1210264 1.46403325 0.999118507
v 1.26128042 1.51257122 0.678610027
v 0.604881585 0.424974799 0.292817205
v 1.40512502 2.23702264 1.31826723
v 0.523517132 0.321594745 0.229841605
v 0.995762646 1.05390429 0.547330022
v 1.38069379 2.02626538 1.13915098
v 0.352070093 -0.0215506908 0.135532185
v 0.751694202 0.586257994 0.639042437
v 0.489557624 0.105572306 0.282481223
v 0.20661445 -0.16246061 0.0170759708
v 0.684267879 0.471436441 0.484594285
v 0.392701 0.0547445305 0.170664564
v -0.617187977 -0.713450253 -0.290202826
v -0.953173161 1.53848982 1.52512336
v -1.60583043 -1.9268589 0.572798789
v -1.09920561 1.12073159 0.141820163
v -1.05420339 1.12513757 0.466104895
v -1.56243062 1.86315036 0.562025249
v -0.891810298 -1.10268784 1.19528925
v -0.878094077 0.873816133 0.721418619
v -0.896018982 1.0624876 1.11546659
v -0.841126561 -0.924035311 1.12254345
v -0.717508078 -0.526362121 1.17086923
v -0.666751266 0.0711295307 0.929458141
v -0.665567279 -0.133619025 1.14446759
v -0.685230851 -0.272154212 0.987688184
v -0.609437525 -0.211821541 1.54716086
v -0.544979751 0.0323199928 1.77217937
v -0.624798238 0.271093309 1.49780345
v -0.658100307 0.356437504 1.3733474
v -0.663173795 0.135426417 1.17651308
v -0.755726397 0.58790791 0.91033566
v -2.04777765 1.85614085 -0.302442074
v -1.77998352 1.63883114 -0.269396544
v -1.52708197 1.43098438 -0.238680825
v -1.31028664 1.25294769 -0.204989284
v -0.865323782 1.55173945 1.73576951
v -1.36792123 1.58518386 0.52705276
v -1.20178485 1.34580016 0.500288486
v -2.09277058 1.40137017 -1.17463672
v -1.78191292 1.26721406 -1.07816947
v -1.3192935 -1.71640253 0.869677067
v -0.61334306 0.786521614 1.81161177
v -1.31227517 2.29194641 1.52756929
v -2.02711821 1.13982046 -1.59388602
v -0.729102254 0.532975018 1.08119857
v -1.04737222 1.88493478 1.64350712
v -0.874138117 1.22014761 1.40265715
v -0.55816561 0.416720152 1.80470586
v -0.772970557 0.757532477 1.19304872
v -0.981306374 -1.16865528 0.957871616
v -1.23277819 1.61155725 0.923754156
v -0.979558706 1.09596133 0.797898114
v -1.0980593 1.33962286 0.856399357
v -1.3872422 1.90419626 0.979133546
v -0.793514132 0.685121775 0.660743892
v -1.45804369 1.51954079 0.151306331
v -1.26387799 1.30498767 0.14667581
v -1.79194617 1.45679903 -0.67337507
v -1.92106819 2.0118053 0.142351389
v -2.07178187 1.62562191 -0.737988412
v -1.54218221 1.30470276 -0.613472223
v -1.68242335 1.75887513 0.144973502
v -0.931715131 0.937609076 0.43366614
v -1.7697823 2.15580273 0.597139716
v -0.923708379 -1.01704526 0.889612675
v -1.04708397 -1.3375864 1.02262402
v -0.767840385 -0.641248345 0.972618341
v -0.755846441 0.918202758 1.46252584
v -0.690453053 0.307518452 0.922860742
v -1.47501671 -1.73815727 0.545620203
v -1.5641253 2.23631382 1.04462218
v -0.758221626 -0.823017478 1.35127008
v -0.661693335 -0.375131369 1.36675251
v -0.59004432 -0.364614069 1.67745507
v -1.18375969 1.92431962 1.41291201
v -0.668966413 0.583456516 1.49223924
v -0.702093542 1.13422859 1.79797649
v -1.11435115 -1.50577283 1.07983577
v -1.14593053 -1.38108981 0.776370704
v 1.55333436 -0.567415237 -2.33213067
v 0.712329268 -0.666428447 -1.59804952
v 1.08069444 -0.563970149 -2.09418321
v 2.32947516 -1.86125231 -0.667488456
v 1.51999402 -0.739533901 -1.97890389
v 0.674705207 -0.568633497 -1.88037717
v 1.48659754 -0.872520506 -1.66496658
v -0.812867761 -0.696929157 -1.5705117
v -0.982753038 -0.667082548 -1.78471863
v 2.06974363 -1.50678957 -0.953160465
v 2.23284149 -1.43652642 -1.26000035
v 1.86218452 -1.11345744 -1.49188006
v 1.77860212 -1.21366215 -1.19203115
v -1.19230819 -0.843803763 -1.46230686
v 0.349115878 -0.59938544 -1.63656974
v 1.08917904 -0.697593272 -1.77752757
v 1.9510386 -0.976741612 -1.83131051
v -0.416416883 -0.606851518 -1.63688076
v -1.82650113 -1.28623021 -1.09283745
v 2.08728027 -0.97959888 -1.92885816
v 1.95096564 -0.805573106 -2.13713002
v 2.43262577 -1.67704737 -1.07115018
v 0.714955866 0.414206266 -2.27840996
v 1.56228292 -2.41068268 1.23029876
v 1.97567606 -2.44835567 0.635547221
v -1.74170756 -2.46417046 1.00401175
v -2.55093193 1.7620616 -1.06282938
v 1.99203444 2.54218006 0.718004525
v 2.38651371 1.25815475 -1.69702387
v 1.25815535 2.38651419 1.69702339
v 2.55093193 1.76206028 -1.06283057
v -1.99203515 -2.54218006 0.718003631
v 2.55093193 -1.76206148 -1.06282926
v -0.766300678 1.98309231 2.22458696
v -1.51390314 2.49937963 1.39089489
v -2.1937027 2.47615361 0.361855835
v 2.19370174 -2.47615409 0.361857742
v -2.19370365 -2.47615314 0.361854464
v -1.70066357 -0.550286531 -2.43770123
v -0.550288081 -1.70066595 2.43769932
v 2.35778046 2.35777998 -4.70376222e-07
v 1.37291241 0.366143823 -2.61237025
v -2.54218054 -1.99203277 -0.718006253
v 1.37291312 -0.36614418 -2.61237001
v 2.54218006 -1.99203539 -0.718002737
v 2.47615337 -2.19370365 -0.361853898
v -1.37291348 0.3661443 -2.61236978
v -2.47615314 2.19370389 -0.361854434
v 0.121305585 -0.616122901 2.83600974
v -2.38651323 -1.25815344 -1.69702506
v -0.550287127 1.70066416 2.43770099
v -1.0054934 2.21338749 1.97639036
v -0.0703363419 0.20726186 2.88145161
v -0.221228719 -1.00819325 2.7458415
v 1.70066488 0.550287604 -2.43770027
v 1.00549209 -2.21338654 1.97639167
v -2.3865149 1.25815606 -1.69702315
v -2.21338677 -1.00549269 -1.97639036
v 1.25815344 -2.38651323 1.69702542
v 2.38651538 -1.25815618 -1.69702327
v -1.25815582 -2.38651466 1.69702184
v 0.550286055 -1.70066237 2.43770194
v -0.22122848 1.00819087 2.74584198
v 0.766299665 -1.98309112 2.22458816
v -2.49937963 -1.51390195 -1.3908962
v 2.49938011 -1.51390445 -1.39089358
v -0.0703363419 -0.207262263 2.88145161
v 0.20726195 -0.0703363419 -2.88145161
v -1.37291074 -0.366143107 -2.61237097
v -0.616123915 0.121306181 -2.83600926
v 1.98309302 0.766301215 -2.22458649
v 1.00819182 0.221228719 -2.74584174
v -1.00819004 -0.221228242 -2.74584198
v 0.221228719 -1.00819182 2.74584174
v 1.98309374 -0.766302347 -2.22458529
v 0.766301215 1.98309302 2.22458625
v -0.616120875 -0.121305585 -2.83600974
v -0.121306181 -0.616124094 2.83600903
v -0.207262143 0.0703363419 -2.88145161
v -0.366144061 -1.37291348 2.61236954
v -0.766301811 -1.98309398 2.22458529
v 1.00819302 -0.221228838 -2.74584174
v -1.9830935 0.76630193 -2.22458577
v 1.51390207 -2.49938011 1.39089692
v 0.616123915 -0.121305943 -2.83600974
v 0.616122961 0.121305585 -2.83600974
v 1.76205897 -2.55093169 1.06283247
v -2.55093193 -1.76205885 -1.062832
v -1.00819314 0.221228719 -2.74584174
v -1.76206148 -2.55093193 1.06282949
v 1.992033 -2.54218054 0.718006849
v 0.221228719 1.00819278 2.74584198
v 1.70066583 -0.550288558 -2.43769956
v -2.54218006 1.99203515 -0.718003571
v 0.366143942 1.37291288 2.61237025
v 2.47615385 2.19370246 -0.361856282
v 0.0703363419 0.20726198 2.88145161
v -1.25815463 2.38651347 1.69702387
v -2.21338797 1.00549483 -1.97638881
v -1.98309135 -0.766299546 -2.22458768
v 0.121305823 0.616123796 2.83600974
v 2.21338797 -1.00549471 -1.97638881
v -1.00549436 -2.21338844 1.97638786
v 2.35777926 -2.35778093 1.59467334e-06
v -2.49938083 1.51390481 -1.39089406
v 2.49938011 1.51390314 -1.39089477
v -2.47615385 -2.19370151 -0.361857116
v -2.35778093 -2.35777926 -1.34227082e-06
v -0.366143227 1.37291169 2.61237073
v 0.550287724 1.70066547 2.43770051
v 2.19370317 2.47615337 0.36185503
v -1.9920342 2.54218006 0.718005002
v -1.76206028 2.55093193 1.06283069
v 1.51390398 2.49938011 1.39089429
v 1.00549388 2.21338749 1.97638917
v 1.76206076 2.55093241 1.06283045
v -1.70066547 0.5502882 -2.43769956
v 2.5421803 1.99203396 -0.718004763
v 0.207260966 0.0703363419 -2.88145161
v 2.21338701 1.0054934 -1.97638965
v 0.0703363419 -0.207261488 2.88145161
v -1.51390457 -2.49938011 1.39089382
v -2.35778022 2.35778022 3.44289042e-08
v -0.121305943 0.616123796 2.83600974
v -0.207260951 -0.0703363419 -2.88145161
v 0.366142988 -1.37291121 2.61237144
v -1.33016264 -2.19389462 1.40615332
v 2.38667917 -1.50145447 -1.30446613
v 1.99975908 0.883921921 -2.03302002
v -2.46202064 1.69910824 -1.06734812
v -0.73844713 -1.75300646 2.1315701
v 1.15705431 1.3526845 0.677935481
v 1.45825326 2.16127658 1.14657819
v 0.136509538 -0.151224166 -0.0043535782
v 1.43190324 1.86817837 0.838672519
v 0.728036582 0.589582145 0.435493261
v -0.267391324 -0.844416618 2.61597443
v -0.427858353 -0.844165146 2.29192591
v -0.556607425 -1.13199401 2.13664222
v -0.196003914 0.141514614 2.64131641
v 1.34042728 -0.372374773 -2.58858538
v 0.00778799597 -0.137875438 -2.75061035
v 0.144953519 0.243390679 -2.54586768
v 1.12904155 0.536041915 -2.17947888
v 0.797581613 0.46841228 -2.18458676
v -0.550767183 0.381814718 -2.30491209
v 1.37154591 0.735871792 -1.88520515
v 1.90002406 1.05695975 -1.63812315
v 0.637022734 0.356526852 -2.38200879
v -0.98338604 0.367740989 -2.46454072
v -0.633532882 0.262944102 -2.57334566
v -0.177415758 0.282228947 -2.46639228
v 0.160559371 0.370225072 -2.26765347
v -2.16172838 2.40058994 0.313946217
v -1.21636808 0.506800771 -2.28181934
v 1.88651896 1.52232492 -0.6786502
v 2.44858003 1.8878417 -0.765518844
v 2.2477181 1.68219447 -0.858317077
v 2.05351233 1.69419181 -0.590159476
v -0.408863902 0.766846001 2.30676889
v -0.374073386 -0.121761441 2.25585103
v -0.446639776 0.305070966 2.09593916
v -0.431089163 0.515222311 2.18142366
v -0.463197708 0.0101435725 2.02304745
v -0.593827903 1.34959483 2.17332029
v -0.824089944 1.67666459 1.91708314
v -0.616528451 1.60686207 2.2702992
v -0.848771393 1.93024874 2.04757953
v -0.770662844 -1.19015634 1.66359961
v -0.882354856 -1.31585979 1.48119211
v 2.05884933 2.04786634 -0.0163366944
v 2.16517782 2.26827526 0.140181929
v 0.343172044 0.49853605 -1.96273375
v 1.530177 1.07582569 -1.21439457
v 2.0745213 1.50786746 -0.956966102
v 2.1792841 1.90341401 -0.410231471
v 1.88319159 1.33826923 -1.05354667
v 0.621182799 0.508779526 -2.02004123
v 1.72591209 1.01859391 -1.55816698
v 1.69495869 1.18726921 -1.1494441
v -0.388005018 1.24857676 2.52418566
v -0.546254456 0.87004751 2.03118801
v -0.400262594 0.983077884 2.39965081
v -0.549022913 1.08982635 2.1319983
v 0.607349873 0.29997021 0.427782774
v 1.05962181 1.37736332 1.04660189
v 0.46480608 0.174130231 0.225860685
v 0.769279361 0.637124538 0.589532077
v 0.24602133 -0.052411668 0.0603951998
v 0.485554695 0.147574201 0.264686584
v 0.819659114 0.745475292 0.70851028
v 0.402820081 0.0985566229 0.174084529
v 0.625361562 0.35897094 0.424089819
v 0.548101187 0.216677904 0.343551278
v -0.521197379 -0.640637755 -0.246251389
v -0.161176026 -0.415376574 -0.17037864
v 0.418157429 0.0309415497 0.199850842
v -0.636073887 -0.70554167 -0.20891358
v -1.3259201 -1.25654054 -0.241561666
v 0.939562321 1.09594941 0.990286231
v -1.79518676 -1.88989782 0.162146255
v -1.85696685 0.974993587 -1.76002443
v -1.40841329 -1.45607436 0.127666786
v 1.05282104 0.976769745 -0.677656591
v -0.797735572 -0.727790713 0.384857327
v -0.460360467 0.126731128 0.235447347
v -0.673645258 -0.445122004 0.4833031
v -0.853795409 -0.829496145 0.241484642
v -0.448574305 0.319863617 0.123541415
v -1.26456034 -1.36907554 0.339797676
v -0.181103468 0.635840356 -1.40557492
v 0.800105393 0.830509961 -0.229793549
v -0.711918771 -0.57905376 0.380919963
v -0.402880549 0.521468997 -0.152454242
v 1.08631539 0.937842429 -0.978366852
v 1.35528934 1.04655504 -1.0526588
v -1.53353274 0.975484014 -1.4673568
v -1.67643142 1.17186236 -1.16223311
v -0.0532573685 0.539518178 -0.378989518
v -0.884156406 0.865577936 0.323860228
v 1.23274994 1.23487818 0.00872877985
v -0.961945951 -0.967427373 0.20784612
v -0.329843462 0.646681905 -0.52965045
v 0.0182809867 0.666276574 -0.956619084
v 0.899109304 0.887054801 0.432624608
v -0.936798215 -0.937077641 -0.193873093
v -0.43398422 0.710861683 -1.03806937
v 0.517627656 0.669418037 -0.341486841
v 0.658177257 0.781080067 -0.84791553
v 0.0126911681 0.595522523 -1.57771254
v 1.68183613 1.44195426 -0.523545384
v -0.799896717 0.713639557 -1.50081408
v 0.375377595 0.683073521 -1.2258693
v 0.623635828 0.713644743 -1.32531548
v -1.73318994 -1.64728785 -0.167503998
v -1.99547529 -1.88172817 -0.181668714
v -1.10449886 0.985379457 -0.790950119
v -0.681993365 0.625329912 -1.71483839
v -0.639599383 -0.647315264 -0.0198642723
v -0.229146391 0.579522312 -0.405759543
v 0.845682561 0.820271134 0.227737159
v -1.36005807 1.0766468 -0.964712381
v -1.00370932 -1.05096722 0.468181461
v -0.978102565 0.970553398 -0.211300686
v 1.79230165 1.66437101 -0.240255997
v -0.728499413 0.786910772 -1.04790497
v 1.13771892 0.884550214 -1.27002573
v -0.136079326 0.604966104 -0.521405756
v 0.120658681 0.52233243 -0.332888544
v -0.103343226 0.513947785 -1.87780046
v -0.900672555 -0.900982797 -0.00717214169
v 0.647201657 0.762295961 -1.04824769
v -1.30004382 0.969973564 -1.21041059
v -0.163484395 0.673300624 -1.00387907
v -0.571608007 0.731954515 -0.513131082
v 0.356915653 0.63561511 -0.459181696
v 1.26609063 1.34736967 0.272329569
v -0.692983568 0.743111312 -0.190728292
v -0.915386796 0.907815456 -0.613562167
v -0.653979182 0.734156847 -1.25389528
v -0.107409559 0.661690116 -1.17706335
v 0.572356641 0.629643381 -1.63551641
v -0.74504137 -0.591672003 0.545235813
v 0.617532909 0.63916564 -0.0522228889
v 0.220254332 0.282046169 -0.0338903479
v -0.346873194 -0.245795488 0.0680030361
v -0.50108695 0.257241279 0.237927407
v -0.0626006797 -0.345692039 -0.126636475
v -0.827078402 -0.759566903 0.640785873
v 0.0392667428 0.39002648 -0.169486031
v 0.144438729 0.445022762 -0.21050702
v -0.435946703 0.645343065 -0.391974539
v -0.598886788 0.574977398 0.0485901125
v -0.185778975 -0.342452615 -0.0921901315
v -0.645208418 0.548905611 0.209603354
v -0.423886389 -0.435988963 -0.0135886846
v 0.0230502896 0.227829143 -0.0532868132
v 0.49278304 0.606186986 -0.204223514
v -0.857496977 0.579129279 -1.94263983
v -0.0976138562 0.409022748 -0.180863693
v -0.467956573 0.493244737 -0.034233477
v -0.766056776 0.681978106 0.35502556
v -0.514145792 0.448552072 0.0894775391
v -0.146110877 0.0870335102 0.0140442858
v 0.5233199 0.453245491 0.0981763229
v 0.286786377 0.44787249 -0.145919651
v -0.146259904 -0.181799397 -0.0120949596
v -0.59077388 0.323080271 0.364541233
v -0.646669626 -0.120448858 0.700836539
v -0.683364093 -0.286387801 0.830947578
v 0.162507623 0.193198979 -0.0113970721
v -0.550380111 0.186766654 0.362810194
v -0.126287237 0.267592072 -0.0591487512
v -0.192859948 0.201644763 -0.00365292514
v 0.426072627 0.239330471 0.148304075
v -0.0225582216 0.0637306646 -0.00356359477
v -0.385394335 0.181594178 0.132002711
v -0.541688979 -0.198496506 0.339971423
v -0.336363375 0.266458422 0.047902815
v -0.463190854 0.711486101 -0.674106061
v 0.104507253 0.0114345914 0.0108715417
v -0.708611965 -0.438008726 0.72164011
v 0.271400541 0.168454543 0.0485810079
v 0.46031332 0.720192432 -0.959811866
v -0.447379559 -0.235238343 0.175693855
v 0.178044289 0.0984116495 0.0226403847
v -0.658560157 -0.299518764 0.617046237
v -0.373975217 -0.130659282 0.137924731
v -0.239669785 0.0279009603 0.0590203963
v -0.660831809 0.0716920197 0.833351791
v 0.0577096641 0.126939282 -0.0129514821
v 0.0299621895 0.583723247 -0.48353377
v 0.10121417 0.295782149 -0.0827908814
v -0.201912165 0.371089488 -0.110237271
v 0.334209889 0.251726985 0.0545996726
v 1.30624247 1.98519361 1.23666549
v 0.844828188 0.796218634 0.636015475
v -0.730269253 -0.679085732 0.180786595
v -0.163844556 0.504968882 -0.289224476
v -0.870941997 0.862321854 0.109205157
v -0.385852456 0.364274055 0.0197483171
v 1.40505612 1.42502141 0.055104401
v -1.42542708 -1.57184672 0.351164103
v -1.11122954 -1.16603124 0.303871572
v -0.258204907 0.662435412 -0.686075091
v -0.117688373 0.662167311 -0.819463372
v 0.787443995 0.721116841 0.333219588
v -0.785249591 -0.814161777 -0.187612057
v -0.594349504 0.759473503 -0.860106707
v 0.763546288 0.766289473 -0.0133930165
v 0.315587401 0.353327394 -0.0295280404
v -0.435522854 -0.326479465 0.102992907
v -0.158267915 -0.391272426 -0.146180525
v -0.91162622 -0.935933709 0.694273233
v -0.0584099367 0.335435838 -0.118812777
v 0.262554616 0.508578598 -0.246549487
v -0.497279584 0.627547979 -0.249996871
v -0.571439028 0.618491769 -0.0992741808
v -0.660227895 0.491378963 0.356036305
v -0.390434027 -0.509067535 -0.145537913
v 0.414372295 0.442941338 -0.0319471173
v 0.53440845 0.540699899 -0.0105287554
v -0.614059091 -0.0114457868 0.578789592
v -0.575397253 0.0800078064 0.454778284
v 0.167806521 0.62351644 -0.570706725
v 0.896443784 0.896118045 0.00676827505
v 1.06387997 1.06891131 0.044101093
v 0.321496844 0.670542836 -0.655918062
v 0.518921316 0.732830226 -0.71671474
v -0.251583368 0.470601439 -0.196885496
v -0.339512616 0.435299158 -0.0925009623
v -0.114134401 -0.00795904826 0.0130781839
v -0.855183959 0.863206863 -0.0913815498
v -0.799454451 0.83488816 -0.281045079
v -0.266610324 -0.168354139 0.0457640812
v -0.174803406 -0.0864059702 0.0236928649
v -0.693198323 0.797306836 -0.684816599
v -0.786855102 0.838793516 -0.47365129
v 1.16810668 1.32332206 0.56702435
v 0.826701641 0.860941112 -0.419172049
v 0.66933316 0.761797786 -0.376710683
v -1.15084136 -1.1253463 -0.146343738
v -1.27206564 -1.22546089 -0.181610927
v 1.05225885 1.21589875 0.76418525
v 0.939989924 1.00157142 0.740160406
v 1.01167035 0.979389489 -0.450624347
v 1.20252275 1.09915757 -0.510210097
v -0.270936102 0.145752415 0.0556971319
v -0.352262497 0.0715823323 0.13093473
v -0.609443247 -0.307434976 0.427289188
v -0.469543487 -0.100595377 0.254400373
v -0.386524379 -0.0196678545 0.167207643
v 0.044958517 -0.14631018 -0.0196951684
v -0.00654822169 -0.201420307 -0.0416796319
v -0.680374503 0.442686558 0.517958343
v -0.692170799 0.375346452 0.721869111
v -0.519952118 -0.597197652 -0.142033085
v -0.626507938 -0.682800174 -0.154889166
v 1.84832156 2.44227648 0.817840159
v 1.64602208 2.1068573 0.747072637
v 1.46486962 1.82270384 0.703129292
v 1.3157742 1.55572128 0.60918808
v 0.716304481 0.611119747 0.318507582
v 0.625959635 0.479226947 0.273257077
v 0.377453059 0.161373869 0.131769493
v 0.298135668 0.0795408934 0.0883716419
v 0.224566072 -0.00850978494 0.0521603227
v 0.156810388 -0.081190072 0.0183805171
v -1.16648221 1.06736147 -0.549730003
v -1.17586088 1.11770737 -0.311055511
v 1.2055819 1.69793963 1.11057281
v -0.629435658 -0.559467196 0.148513749
v 0.537579894 0.29583329 0.2740013
v 1.59283292 1.63231826 0.0835206285
v 0.291577101 0.0385037325 0.088884972
v 1.1186434 1.08296657 -0.241617948
v -0.30472517 -0.051134482 0.0966808796
v -1.04040456 -1.04454041 0.0442691371
v -0.903892815 -0.897911429 0.505153
v 0.63143903 0.55542028 0.161102861
v -1.19972241 -1.20246494 0.0124528958
v -0.535873532 -0.328334749 0.245888859
v -0.351451635 0.696528435 -0.854415178
v -0.710658491 0.71341306 -0.00986820739
v -0.58427304 0.415689081 0.256251335
v -0.491732776 0.0293724705 0.297153115
v 1.64501572 1.86947584 0.407907933
v -0.628960788 0.265191466 0.525028646
v -0.634903908 0.157223463 0.622638941
v 1.12729979 1.19320476 0.332459837
v 0.65856564 0.779431403 -0.598922253
v 0.104717478 0.6551736 -0.765149355
v 1.04289508 1.11812282 0.507423401
v 0.441021353 0.345141619 0.0946041942
v 0.962590933 0.958278179 -0.197677791
v 1.3197974 1.26214921 -0.201634407
v 0.305751175 0.687572718 -0.845796764
v 0.652231097 0.711415589 -0.18652375
v -0.00618890766 0.473273754 -0.270562649
v -0.605652094 -0.190788895 0.49826324
v -0.0980597138 0.168992504 -0.0194375478
v 0.0085164234 -0.0504242964 -0.00247439882
v -0.554716647 -0.064964883 0.409081668
v -0.754550695 0.711095393 0.179049447
v -0.329865992 -0.346901596 -0.0135276532
v 1.53869975 1.44535923 -0.227812842
v -0.0252959877 0.62855351 -0.635479987
v 0.195764512 0.360208243 -0.1031278
v -0.769246638 -0.621743917 0.826061189
v -1.02111101 1.02362466 0.0332915001
v -0.756826222 0.617347538 0.548126638
v 0.502991498 0.707123935 -0.538738251
v 0.980962873 0.992421567 0.236148462
v 0.835377336 0.863492131 -0.656049192
v -0.270493984 0.320176303 -0.0331394449
v 0.391728431 0.591185689 -0.298541367
v -0.222241893 -0.272394627 -0.0269974507
v -0.0463114493 -0.119889669 -0.0123654138
v -0.519004464 -0.438827395 0.10869132
v 0.419591904 0.525826514 -0.141605705
v -0.523520231 -0.530226588 -0.0107777296
v 0.72025013 0.678313315 0.142727748
v 0.608268142 0.391093016 0.340992421
v 0.853747964 0.84731698 -0.927539587
v -0.313692451 0.674991012 -1.22249901
v 0.213735372 0.555400848 -1.75715971
v 1.42662692 1.25893974 -0.504616916
v -0.935771465 0.816729069 -1.25119352
v 0.214710981 0.6759938 -1.07434618
v 0.821794152 0.723311841 -1.48561168
v -1.51796651 -1.45126987 -0.164970949
v -2.25931931 -2.14448857 -0.157278702
v -1.07698321 0.921976328 -1.03065038
v 1.86475348 1.92992389 0.107235186
v -1.40335548 0.819136083 -1.71897125
v 1.45008302 1.63697577 0.420892239
v 1.53668976 1.22914517 -0.812733293
v -0.501371264 0.669403374 -1.42577076
v -1.17196298 0.838202715 -1.45767176
v 0.111791857 0.647690177 -1.30586922
v -0.632593095 0.736116886 -0.352384478
v -1.02336514 0.993089974 -0.389060318
v -0.604175389 -0.435597181 0.277911842
v 0.8644225 0.809803247 -1.17490363
v 1.26768184 1.08563113 -0.750185788
v -1.13185644 -1.28893352 0.618879318
v 0.206110761 0.576722026 -0.411926121
v -0.781693995 -0.77427727 0.03958828
v -0.904245853 0.882111847 -0.821671963
v -1.0445807 0.702425659 -1.73241687
v -0.322003424 0.588937223 -1.66605985
v 0.333297372 0.632888019 -1.48852777
v -1.39695787 1.17662823 -0.707181156
v 0.975664973 1.0432862 0.648357987
v -0.531034708 0.523832083 -1.94688988
v -0.369662225 0.570372462 -0.275516123
v -1.29541433 0.648541689 -2.02776527
v -1.60338545 -1.63603175 0.0685336143
v -1.70076203 0.8108477 -1.96019626
v 1.39869952 -0.50285542 -2.37536788
v 2.23852062 -1.77468288 -0.694434464
v 1.0399884 -0.784475923 -1.48839867
v 1.16472852 -0.526664138 -2.21658516
v 1.39105594 -0.701299548 -1.97396636
v 0.972971916 -0.67098552 -1.76746213
v 1.16584718 -0.81358552 -1.52360666
v 0.823360503 -0.684751093 -1.61911571
v 0.948363304 -0.517721117 -2.13463449
v 1.19369674 -0.700013936 -1.84469652
v 1.86477304 -0.798303843 -2.09425282
v 1.68692505 -1.19837689 -1.11324656
v 1.76833177 -1.09528184 -1.43664706
v -1.86456168 -1.25003195 -1.21464825
v 1.88690305 -1.28345847 -1.1712997
v -1.46227813 -0.894965887 -1.59073973
v 1.96639013 -1.13185 -1.5539254
v 1.80817437 -0.926715314 -1.81446636
v -1.25177813 -0.893263817 -1.38164783
v -1.8860817 -1.36142206 -1.00919151
v -1.09813595 -0.715035975 -1.73825657
v 0.92509228 -0.391982794 -2.3957603
v 0.544728577 -0.557328105 -1.85591662
v 1.3810035 -0.851795137 -1.62163568
v 0.395974964 -0.57579571 -1.73930275
v 0.744795978 -0.528326988 -2.01919699
v 1.39246118 -0.96134603 -1.35066175
v 0.520057559 -0.456732392 -2.11988068
v 0.239183262 -0.361982465 -2.29441714
v -0.867816687 -0.732996821 -1.49389434
v -1.21349025 -0.802406132 -1.59898245
v -0.998735189 -0.622502148 -1.91073072
v -0.353192002 -0.581512392 -1.70399642
v 0.297446728 0.993328094 2.60253692
v -0.375285149 -0.444763899 -2.114362
v -0.108866148 -0.470321894 -2.00697756
v -0.500555098 -0.628912389 -1.59649575
v 0.1298538 -0.514731348 -1.87779891
v 0.234327793 -0.587069452 -1.64617717
v -0.796428204 -0.663964152 -1.66603136
v 0.798680425 1.81270051 2.05934882
v 0.42605257 1.27728641 2.4651897
v 0.587667406 1.49963903 2.26618099
v 1.62680614 -0.722931623 -2.08138728
v 1.59588552 -0.894790173 -1.70819807
v -1.55817795 -1.09030914 -1.21266735
v 2.16382194 -1.17309833 -1.65327787
v 1.9577117 -1.46746731 -0.887158275
v -2.16500378 -1.67550814 -0.769326806
v 2.09455538 -1.36223054 -1.24856579
v 1.52261996 -1.00886524 -1.37456894
v 2.1785624 -1.57388949 -0.962068021
v 1.03645015 2.10894585 1.84660935
v -1.10266447 -1.07457626 -0.206025377
v 0.123779766 -0.246923462 -0.0481144227
v -0.514025688 -0.61688447 -0.196653634
v -1.54472995 -1.43841898 -0.25914976
v 0.819248617 0.761881351 0.391788095
v 1.29262149 -1.40163064 0.333699703
v 0.719087481 0.901758432 1.5709331
v -1.58126307 -1.27973676 -0.752523482
v 0.526634037 -0.589477658 -0.114784047
v -1.56540561 -1.19031227 -0.96394664
v 0.777611256 0.792538524 1.22289157
v 0.658786178 0.194147214 1.25730324
v 0.692933559 -0.375285596 1.13474488
v 0.176933303 -0.644484878 -0.656302452
v 0.59806186 0.147051528 1.5810281
v 0.791738391 -0.763988018 -1.28742135
v 0.583578348 -0.753006577 -0.939642668
v -1.26254976 -0.966699064 -1.16825521
v -0.775314689 -0.8317011 -0.462606758
v -1.06690764 -0.946009696 -0.896013975
v 0.625641346 -0.720997572 -1.2891649
v 0.76085484 -0.797073364 -1.0500282
v 1.90681958 -1.90367413 -0.00514976168
v 1.81323647 -2.02435541 0.340286314
v 0.898578763 0.937334657 0.811938167
v 0.734550476 -0.739619851 1.35732424
v 1.4057951 -1.6669724 0.583352745
v 1.00636923 -1.25376964 1.0196805
v 0.782430887 -1.01550508 1.47050714
v 1.55811012 -1.91281247 0.645508587
v 1.09384704 -1.50328887 1.13174224
v 0.809143603 -0.768437088 0.249310404
v 1.07326257 -1.06982768 -0.0290231891
v 0.80662787 -0.719900012 0.783875048
v 0.679187953 -0.547094226 0.319325984
v 1.02603889 1.59743512 1.41407287
v 1.71988153 -1.71470201 -0.00986750051
v -2.110291 -1.79035807 -0.501442552
v 1.52648199 -1.52513909 -0.00315221795
v 1.19746149 -1.25693345 0.244403139
v 0.849795461 -0.874828219 -0.382623106
v 0.897904098 -0.903529763 0.660464942
v 1.13493431 -1.25563407 0.513489187
v 1.03559172 -1.09411621 0.447831392
v 0.998464942 -1.10346222 0.717762172
v 0.928683758 -0.915955663 -0.602968633
v 0.74677211 -0.55802536 0.734137535
v 0.59840399 -0.413101643 0.291410744
v 0.864561617 -0.882406592 0.885492086
v 0.551616549 -0.462176085 0.135046721
v 0.0581199154 -0.624150991 -0.61240083
v 0.0908762291 -0.479077339 -0.270011365
v 0.712636113 0.425412416 0.952973068
v 0.350167036 -0.334260672 0.0128226224
v 1.96346736 -1.77090716 -0.322161555
v 2.13479328 -1.93179393 -0.304345161
v 0.343349963 -0.218367875 0.0788925588
v -1.57601619 -1.36703515 -0.511439741
v 0.0773802549 -0.561972618 -0.423149288
v 0.418707788 -0.415760607 0.00315703847
v 0.700535834 -0.437001646 0.649407208
v 0.541836321 0.257522106 0.307804286
v -0.727219701 -0.811457753 -0.606259346
v -0.927714467 -0.908668637 -0.681146741
v 0.291231275 -0.677388847 -0.752548814
v 0.166993201 -0.672297478 -0.912428558
v 0.652930558 -0.701550961 -0.148500517
v 0.579983771 -0.683739901 -0.266263872
v 0.520739079 -0.146882236 0.321987838
v 0.77877605 -0.836580813 -0.581530094
v 0.441046774 -0.52111274 -0.109419703
v 0.189206779 -0.597740948 -0.475759804
v 0.565713942 0.191748962 0.39350909
v 0.66021055 -0.191394627 0.740067959
v 0.582430184 0.12506786 0.460882783
v 0.196253583 -0.302978128 -0.0583271123
v 0.434388578 -0.714225888 -0.833147109
v 0.715262055 -0.782099068 -0.321724147
v -0.642058849 -0.777205527 -0.761852801
v 0.728577614 -0.490549922 0.919841647
v 0.194750816 -0.425726116 -0.169098973
v 0.667244554 -0.0948830992 0.914599299
v 0.569755256 -0.061886251 0.444125742
v 0.672234595 0.226616248 0.805402458
v 0.193993077 -0.522815883 -0.307071209
v 0.304791749 -0.689786851 -0.994592309
v 0.569026351 -0.251034111 0.367885202
v 0.673637152 0.169498414 0.954349279
v 1.48444498 -1.60081756 0.265339941
v 1.18632078 -1.19105494 0.0224256851
v -1.78354001 -1.63743091 -0.278474778
v 0.626900494 -0.363722116 0.423645794
v -0.379648268 -0.535806656 -0.199931592
v 0.284673274 -0.386927545 -0.0809071437
v 0.681821287 -0.672454357 0.028164912
v 0.739462554 -0.693638861 0.172029361
v 0.921872675 -0.921509027 0.016987646
v 0.931841731 -0.930528402 0.218242988
v -0.972102761 -0.963380396 -0.268599242
v 1.54261577 -1.33068311 -0.542726398
v 0.75176394 -0.656534731 0.361060321
v -2.0684886 -1.90662694 -0.249979928
v -1.14712906 -1.10153794 -0.271829456
v 1.49083388 -1.20351374 -0.805085897
v -1.33750641 -1.13192892 -0.733526826
v 1.18351901 -1.13470531 -0.251960546
v 1.05350983 -0.94039917 -0.892047167
v 1.11816633 -0.905032277 -1.16907513
v 1.36502659 -1.20606565 -0.533894002
v -0.317594558 -0.584497333 -0.354191542
v 1.32646346 -1.26325107 -0.218761012
v 0.485215515 -0.341701984 0.15454492
v 0.368820816 -0.448541731 -0.0832062364
v -1.13246894 -1.0644182 -0.434126854
v -1.37835264 -1.2168597 -0.52908659
v 0.997745454 1.1901238 0.933958113
v 1.55132985 -1.43955827 -0.270822853
v 0.318609834 0.00276796892 0.109328911
v -0.249907255 -0.602540374 -0.452690184
v -0.231589407 -0.668408692 -0.761338294
v -0.396806955 -0.668100059 -0.534557998
v 1.35101342 2.28082323 1.4524014
v 0.114903279 -0.371611416 -0.139763877
v -0.308454037 -0.667032957 -0.65253371
v 0.826280117 0.842138171 1.04168153
v 1.09172392 1.94211292 1.60849428
v 1.35973752 -1.35388041 -0.0179547183
v 0.469104469 -0.207752049 0.217490554
v -0.0733320415 -0.63757515 -0.669403911
v -0.00862556696 -0.502855659 -0.315800369
v 0.419820845 -0.296144366 0.107159555
v 0.0338037387 -0.280752152 -0.0822422132
v 0.205016479 -0.198619828 0.00272821612
v -0.220368847 -0.6714257 -1.15456104
v -0.00041089562 -0.666625023 -1.01294184
v 0.407369465 -0.162457168 0.161296412
v 0.024768481 -0.658983588 -0.827989161
v -0.0581056178 -0.649626136 -1.277421
v -0.139163911 -0.669086993 -0.892832041
v 0.594422817 -0.593693018 0.00152398332
v -0.179133147 -0.625182629 -0.570842743
v 0.479865789 -0.0549919978 0.276866049
v 0.918004215 -0.836771011 -1.13319528
v 0.461433649 -0.711828947 -1.09877264
v -1.02291107 -0.885584056 -1.09157503
v 0.701695919 -0.799909532 -0.769612193
v 0.51044929 -0.500089049 0.0153564885
v 0.376609117 -0.551443577 -0.231217474
v 0.282602966 -0.571370423 -0.351599038
v -0.263777316 -0.480577916 -0.203554124
v -0.126260847 -0.550598621 -0.386124879
v -0.371437818 -0.700546741 -0.852938116
v -0.546521366 -0.727792084 -0.560532331
v -0.382002831 -0.676647067 -1.28017688
v -0.628322661 -0.695394814 -1.41676712
v 0.276521206 -0.66244483 -1.28696537
v 0.112526551 -0.622794867 -1.45789516
v -0.582075477 -0.75284189 -0.934591472
v -0.785588145 -0.809377551 -1.02147245
v 0.51536113 -0.699295938 -0.46830368
v -0.731123269 -0.75261116 -1.26138544
v 0.143169001 -0.664996862 -1.15976524
v 0.63693732 -0.758383453 -0.479300946
v -0.624976516 -0.746952116 -0.440466046
v -0.462756515 -0.658524811 -0.396577686
v -0.95759964 -0.806840777 -1.31969857
v -0.24885425 -0.630367696 -1.46141183
v 0.560052156 0.398797989 1.79246926
v 0.289375931 -0.488377303 -0.198325828
v 0.810498118 1.00284934 1.36096954
v 0.65461117 -0.6648072 1.60593748
v 0.803841472 -0.814563692 1.11918175
v 0.733445644 0.555463552 1.09121442
v 0.750394344 -0.602815449 0.548963666
v 0.634276807 0.545955598 1.60290599
v 0.608871281 0.763460159 1.81138504
v 0.609031558 -0.125895888 1.52812505
v 0.547806561 0.00116796617 1.76189125
v 0.837697148 1.26666951 1.55296659
v 0.844728768 -0.801406384 0.407301605
v 0.825383544 -0.755941272 0.619629562
v 0.758268476 -0.631526947 1.0442704
v 0.851811409 -1.01272821 1.21770287
v 0.653372824 -0.585691154 0.159784719
v 0.72164166 -0.574346423 1.21651483
v 0.652996361 0.33884114 1.38982618
v 0.653757751 -0.25625059 1.33255458
v 0.68040818 0.433000237 0.53494823
v 0.665838122 0.0380224213 1.06907725
v 0.646555543 -0.27147004 0.589411676
v 0.604472756 -0.016420735 0.545738578
v 0.64651227 0.155225337 0.680825949
v 0.418102443 -0.687251627 -0.598826885
v 0.656472564 -0.0797230378 1.22179008
v 0.707496166 0.53536433 1.25370014
v 0.631899178 0.230954349 0.562821269
v 0.677753091 -0.212728739 1.01233315
v 0.608024359 -0.193184078 0.504275203
v 0.584129632 -0.335079432 1.68827152
v 0.705385983 0.682600081 1.42465031
v 0.685851276 0.373511314 0.673417687
v 0.636326075 -0.065096505 0.665272236
v -1.84276009 -1.44857454 -0.767489851
v 1.31437218 -1.69620252 0.851063728
v 0.888529181 -0.89804554 -0.208275542
v 0.92929399 -0.934133589 0.437093496
v 0.917301774 -1.23290086 1.28599036
v 1.08516896 -1.27479649 0.768275559
v 1.94176459 -1.62229884 -0.56321913
v 1.44530058 -1.09730613 -1.03874099
v -1.14399266 -1.01883757 -0.730311334
v 1.13664591 -1.07253253 -0.402209371
v 1.0908339 -0.998248458 -0.678088665
v 1.24270225 1.94076049 1.31337178
v 0.830310524 1.49158049 1.76448715
v 0.881794572 1.07321596 1.18943715
v 2.13473129 -2.16580129 0.0437542722
v 1.30633616 -1.11263132 -0.73490417
v -0.973623395 -0.950529575 -0.500360012
v -1.87350857 -1.58028066 -0.542131722
v 1.74548185 -1.46723199 -0.575394213
v -1.31596351 -1.06772637 -0.916046023
v 1.24580252 -1.00022149 -1.02782595
v 0.817891836 -0.819315374 -0.0104241595
v 0.472453237 -0.62896663 -0.291292459
v 1.00183129 -0.973545492 -0.442662328
v 1.63778949 -1.79686403 0.30100131
v 0.694207013 1.11515462 1.80455399
v 0.694603324 -0.490451336 0.497405261
v 1.04733574 -1.07210779 0.219813406
v 1.13804889 1.63600254 1.19217122
v 1.04286456 -1.02435231 -0.206618086
v 1.3067944 -1.50309062 0.528698504
v -0.833531737 -0.848714292 -0.844722569
v 0.938151598 -1.06620944 0.933434904
v 0.604318619 0.351637483 0.372254282
v -0.253801346 -0.448965043 -0.167500868
v 1.36491108 0.510988116 -2.34391975
v -2.37365437 -2.10755587 -0.35623619
v -0.848119676 -1.43997931 1.68165135
v 0.739222169 0.493927896 -2.10211754
v -0.597756922 -0.776234329 1.84988916
v -0.878799796 0.448183298 -2.26055455
v 0.995721102 0.65980798 -1.81279254
v -1.52785182 -0.856643736 -1.73534167
v -1.26237059 -0.698924959 -1.89406753
v 1.52342117 0.868567884 -1.70519674
v 2.24567556 1.46481502 -1.22456443
v 0.452561855 0.423095822 -2.18531871
v -1.861022 -0.918950021 -1.86987102
v -0.98990941 -0.569214761 -2.03541636
v -1.33192384 -0.892665744 -1.46993494
v -0.416878939 -0.975382924 2.36302972
v -0.350137711 -0.392665744 2.34323692
v -0.445645452 -0.706979215 2.20460558
v -0.301389217 -0.680988073 2.50753427
v -0.136302948 -0.506130397 -1.90489209
v -0.34005329 -0.548741639 -1.81050074
v -0.414837271 -0.376654863 -2.28703833
v -0.0951154083 -0.31735003 -2.38523579
v 0.278579324 -0.305927277 -2.42458701
v 0.627018213 -0.302224398 -2.49307132
v -0.240275979 0.266094238 2.56122208
v -0.286804676 -0.0781047419 2.45155764
v 0.213517427 -0.486131132 -1.97349811
v 0.535846591 -0.516889215 -1.96775103
v 0.53783524 -0.404484272 -2.25003004
v 0.870717168 -0.440430284 -2.27437162
v -0.0926597193 -0.578468621 -1.65325308
v -0.0939484388 -0.426612377 -2.1237824
v 0.175274149 -0.402408719 -2.19100595
v -0.715789139 -0.54450351 -1.96477664
v -0.383084863 -0.479265571 -2.02554131
v 0.191672146 -0.55130893 -1.76705253
v -1.00736475 -1.66125226 1.52095222
v -1.20244133 -1.86677623 1.31548822
v -1.39277864 -2.02276444 1.11208379
v -0.549208522 -0.982015908 2.07822585
v -0.678926051 -1.17630553 1.88369429
v -1.83957767 -2.21427059 0.558425486
v -0.281269908 1.00158119 2.6351285
v -0.708363831 -0.455423832 -2.18237376
v 1.00379324 -0.350255132 -2.50560498
v -1.59330595 -0.7276811 -2.05077529
v -1.9601717 -1.24739861 -1.32460618
v -2.09597301 -1.43672216 -1.11317003
v -0.254042625 0.669522464 2.59866428
v -0.524623454 -0.614269137 1.9755733
v -2.31940413 -1.89649749 -0.600786567
v -1.73771501 -1.02937508 -1.54643726
v -2.23485303 -1.66067839 -0.879210055
v -1.61758065 -1.07865572 -1.31212938
v -0.583905518 -1.52573168 2.28712773
v -0.598170221 -1.3933804 2.18845344
v -0.285936475 -0.373592228 2.47944212
v -0.21425581 -0.665999293 2.67425394
v -0.189724684 -0.154232726 2.65432143
v -0.484315753 -0.982504129 2.22379112
v -0.180274248 0.322179496 2.68569803
v -0.377339125 -0.690237224 2.35171223
v -1.17753291 -1.92694294 1.42780769
v -2.07432342 -1.28731227 -1.36579502
v -1.07148588 -0.415376544 -2.40269542
v -0.643102407 -0.31705904 -2.46641707
v -2.03085804 -0.951155961 -1.93721175
v -2.06904864 -1.13009584 -1.64835799
v -2.35344124 -1.73525238 -0.893605292
v 0.1841968 -0.255129218 -2.523947
v -1.42089951 -0.554189563 -2.28891587
v -0.531381309 -0.353948355 -2.36217666
v -0.884010553 -0.244580865 -2.66933036
v -1.53109312 -2.28337979 1.15143359
v -0.51263392 -0.167491436 -2.73461318
v -2.46798944 -1.79290259 -0.929949701
v -2.22148967 -1.16057134 -1.72290397
v -0.326333046 -0.246877193 -2.55414343
v 2.39304829 1.53461123 -1.25722408
v -2.37786746 -1.57984495 -1.16912496
v -2.36689734 -1.40926909 -1.43541086
v 0.521400332 -0.246213078 -2.58437943
v -0.828332067 -0.4631809 -2.20815349
v 1.80936348 0.721648932 -2.19661283
v -2.44000626 -1.98107266 -0.617980421
v -1.50568461 -0.721518576 -2.00637627
v -1.67637849 -0.72096318 -2.11626577
v -1.47956181 -2.09587812 1.03443313
v -1.02608061 -1.78736377 1.59914565
v -0.198342323 0.519105911 2.6772511
v -0.170647621 -0.474442303 2.72296715
v -0.408234119 -1.10996652 2.4316771
v -0.154752493 0.00701638963 2.71842861
v -0.255191207 -0.206343845 2.52542019
v -0.717954099 -1.33245301 1.89827704
v -0.595703304 -1.26326084 2.12230372
v -2.07865334 1.09079528 -1.72693503
v -1.15292943 1.30806661 0.585695386
v -1.46385312 1.67024469 0.450912565
v -1.48316598 1.82220232 0.663378537
v -1.6598115 2.08419323 0.692957759
v -1.29430223 1.52850664 0.615827858
v -1.25532579 1.3855381 0.415510237
v -1.30269265 1.66747653 0.835194409
v -2.00418997 2.02528739 0.0321250148
v -1.17018938 1.42825389 0.790228724
v -0.799921036 -0.735603929 0.95710063
v -0.809951186 -0.833037972 1.11932552
v -0.662810922 -0.0376269594 1.13184357
v -0.666195393 -0.00846418273 0.956055403
v -1.9604187 1.17984891 -1.45622134
v -2.15566778 1.36587393 -1.30532014
v -1.83788216 1.99419904 0.253127635
v -1.90792322 2.26595998 0.516488731
v -0.768880963 0.62146759 0.711409271
v -0.781584918 0.663560629 0.876241863
v -1.48424256 1.30080783 -0.505817056
v -1.61166215 1.46155274 -0.343077451
v -1.16803098 1.5615207 1.01684129
v -1.15629351 1.70815873 1.23677039
v -1.02991152 1.16157854 0.72495383
v -1.75833201 1.77986336 0.0391753651
v -1.69820964 1.61891246 -0.159549698
v -1.25840068 1.22975445 -0.113691501
v -1.3276782 1.3453697 0.0564435273
v -1.36972427 1.45522094 0.235109344
v -0.892278373 0.877943277 0.495093703
v -0.926806092 0.960640669 0.673410535
v -0.937295139 1.12729657 1.05893159
v -0.923507333 1.00407183 0.855496109
v -1.69045031 1.26961482 -0.949280798
v -1.85757399 1.44586289 -0.794528365
v -1.99815631 1.63826883 -0.614587069
v -2.13473463 1.85662234 -0.424945146
v -1.48961091 2.00085139 0.899762273
v -0.699487209 -0.362901896 0.988543689
v -0.698855281 -0.428940177 1.16649449
v -1.04615045 1.07061589 0.21934855
v -1.10665035 1.18124139 0.393893033
v -1.25990534 -1.6280694 0.880279422
v -1.4126519 2.34137392 1.40616679
v -0.637913048 -0.55306232 1.59365189
v -1.61263204 1.73824072 0.247798204
v -0.840670109 0.801358581 0.778630018
v -0.879379034 -0.925021589 0.909084916
v -1.65745568 1.91915059 0.462098986
v -1.00222194 1.06155634 0.534846127
v -1.20289922 1.25949025 0.230331853
v -0.844912589 0.856728673 0.953885913
v -0.972545266 0.991973639 0.36811614
v -1.15222788 1.16369808 0.0609576441
v -0.674970746 -0.181830019 0.980609477
v -0.670077324 0.145907775 0.902389705
v -0.746491313 -0.63691026 1.1507436
v -2.02645445 1.43049908 -1.04443598
v -0.672561407 -0.231931895 1.15437567
v -1.03873134 1.26915991 0.931192458
v -1.02690589 1.3737123 1.14030743
v -0.740351319 -0.546755314 0.982872128
v -0.727779984 0.489857137 0.796396554
v -0.817524672 0.740020096 0.60222584
v -1.83633709 1.24396944 -1.19475794
v -1.95371866 1.84072065 -0.185713753
v -1.5951916 1.30202925 -0.71800065
v -1.35679531 1.265661 -0.301336944
v -2.14720726 1.61043835 -0.86057198
v -1.46374726 1.4123137 -0.136475399
v -1.73331726 1.46514249 -0.559632182
v -1.29867077 1.83027983 1.07088053
v -1.52765262 1.54960227 0.0506698154
v -1.85965061 1.65087461 -0.380604297
v -1.21479726 -1.46902359 0.731422424
v -1.47252727 2.18552828 1.14766264
v -0.672972262 -0.472309858 1.38409245
v -0.652308881 -0.275357187 1.35342991
v -1.66446519 2.29108071 0.937781811
v -1.38162911 -1.65201545 0.615815699
v -0.717553735 -0.698895454 1.38831472
v -1.08359563 -1.29037571 0.808368981
v -1.2693119 2.0042057 1.32814121
v -1.75984502 -1.98357487 0.372337043
v -2.33481574 2.05562854 -0.382001221
v -1.16534078 -0.449140787 -2.3739593
v 0.0474696085 -0.247519851 -2.53389311
v -0.77630204 -0.345918059 -2.44242764
v -0.949851692 -0.38040328 -2.42779207
v -1.56450224 -0.629852295 -2.22191286
v -1.21892428 -0.623338282 -2.0376606
v 0.42890811 0.873395205 2.30018997
v 0.575049758 -0.606515884 1.83009136
v 0.383370876 -0.50500983 2.29058695
v 0.443855166 0.486563146 2.14281106
v 0.568581522 -1.42435396 2.26300311
v 0.849440455 -1.29059148 1.54434323
v 0.553684294 0.896218777 2.02565837
v 0.27803719 -0.088727355 2.4707222
v 1.26061594 -1.82116401 1.14125586
v 0.624601722 1.37117565 2.12264109
v 0.46734041 -0.312404394 2.04248738
v 0.836646855 1.73300505 1.9329021
v 0.79898715 -1.68024015 1.96904123
v 1.30562592 -2.03480339 1.2910291
v 1.05935121 -1.68844628 1.4330709
v 0.636305988 -1.21763587 2.00807953
v 0.273692131 -0.618678331 2.54881144
v 0.683335423 -0.583612382 1.43033612
v 1.30120695 -1.60922301 0.744306862
v 2.07627344 -1.74124098 -0.53877449
v 0.829345942 0.956464291 1.22780478
v 0.831792235 -1.10274625 1.40296733
v 1.71617234 -1.97986209 0.445027053
v 1.23644185 -1.64982486 0.971173167
v 2.07491636 -1.95764256 -0.17814818
v 0.670644641 0.336829633 1.27885592
v 0.593632519 0.0447005294 1.58709371
v 0.677692831 0.543574214 1.42164254
v 0.626486242 -0.1059018 1.43689442
v 0.675154209 -0.263826698 1.16345036
v 0.921655536 -1.17592275 1.1946677
v 0.66778791 0.741239309 1.61431479
v 0.877511024 1.18543673 1.35258508
v 0.436483026 -0.715432703 -0.933905244
v -1.75173318 -1.34491158 -0.862432957
v 0.637292922 -0.44278127 0.357313991
v 0.883023262 -0.874068081 0.138227507
v 0.0292854309 -0.472474635 -0.268541247
v 0.749530077 0.57087028 0.936532617
v 1.55146003 -1.16388655 -1.0130465
v -1.23237205 -1.10422814 -0.579968154
v 1.25886714 -1.16735268 -0.382227063
v 0.910419106 1.4356761 1.52806187
v 1.42392492 -1.2181046 -0.629507422
v -1.05322075 -1.0154295 -0.378557354
v 0.780593991 -0.716123044 0.307287812
v -1.89376152 -1.70401144 -0.334388465
v 1.66237414 -1.34217501 -0.730380714
v -1.45398605 -1.24429595 -0.611348569
v -1.51676488 -1.20337427 -0.850567937
v 1.13810706 -1.126122 -0.0712628588
v 1.09041584 -0.917271316 -1.07543755
v 0.732489109 -0.750784159 -0.077701129
v 0.833609343 0.805423915 0.880710065
v 0.692654014 -0.592100501 0.270755112
v 0.842453837 -0.807823658 0.792386532
v 1.28106475 -1.24693346 -0.128295407
v 0.754586518 -0.580739975 0.883542418
v 1.00889647 -1.01961839 0.152253926
v -1.23035491 -1.14241147 -0.397732377
v 1.47935891 -1.35174119 -0.345863581
v 1.63168049 -1.68526542 0.107951276
v 0.667476594 0.0596151501 0.980481744
v 0.676157594 -0.324144453 0.689012408
v 0.575755298 0.0322135836 0.462512612
v -0.354184091 -0.616343439 -0.40251562
v 0.524110675 -0.0551000275 0.349314779
v 0.594868302 0.214428008 0.453886777
v 0.655531526 -0.0799267441 0.779602647
v 0.702949584 0.392421246 0.804965377
v 0.536213398 0.0720608234 0.369707108
v 0.120847978 -0.302336693 -0.0827932805
v -0.306588292 -0.689182401 -0.878318608
v 0.963891864 -0.82976377 -1.23677933
v -0.810190558 -0.846088409 -0.755613089
v -1.15916502 -0.905175447 -1.2280817
v 0.688219726 -0.754585743 -0.264029562
v 0.505662262 -0.229475677 0.260814726
v 0.857618392 -0.818675935 0.554500043
v 0.39241749 -0.498456985 -0.12758939
v -0.0483977236 -0.608951211 -0.55763483
v 0.350570887 -0.255131394 0.0659563467
v -0.329248667 -0.683263302 -0.73695308
v -0.0139337163 -0.658980131 -1.18083727
v -0.487965405 -0.683153272 -0.448919386
v 0.663776278 0.153837547 0.805312395
v -0.448236793 -0.659378111 -1.43315983
v 0.207170874 -0.629605651 -1.44896674
v -0.6929214 -0.773774505 -1.06458032
v 0.348564327 -0.123869985 0.117284261
v -0.100484356 -0.659847975 -0.807599306
v 0.0149154272 -0.665092111 -0.920235157
v -0.419228762 -0.602012217 -0.292802006
v 0.0331021249 -0.359934032 -0.141709566
v 0.107390687 -0.406002998 -0.17553784
v -0.874199212 -0.818599761 -1.14732337
v -0.835011661 -0.769377947 -1.3185941
v -0.151231244 -0.637883127 -0.639424503
v -0.445201695 -0.715898395 -0.984954476
v -0.321881056 -0.685433388 -1.12833476
v -0.239647523 -0.651800454 -1.33542776
v -0.12233372 -0.621416867 -1.46703899
v -0.608164787 -0.762465119 -0.675841153
v -0.516273141 -0.735778809 -0.808986187
v -0.171468601 -0.46762526 -0.230700076
v -0.0581369661 -0.501907825 -0.310574979
v 0.678467035 -0.240337163 0.866023362
v -0.426406533 -0.689760864 -0.598164737
v 0.381263435 -0.597660244 -0.325124949
v 0.569672108 -0.179096401 0.408462554
v -0.285888284 -0.537686706 -0.281273842
v 0.567619801 -0.751508594 -0.799753964
v 0.275449812 -0.339903355 -0.0453165546
v 0.61805886 -0.738449633 -0.410260409
v -0.64918524 -0.76840502 -0.514716744
v -0.0207264218 -0.553168654 -0.410277694
v 0.685024977 0.270158857 0.943598449
v 0.280169815 -0.520002007 -0.254046172
v -0.93276602 -0.873718441 -0.965147555
v 0.457285047 -0.685877919 -1.29739189
v 0.8946293 -0.85897696 -0.960300922
v 0.559034646 -0.522806346 0.0615631379
v 0.699874043 -0.798849523 -0.613555491
v 0.754635215 0.577369928 0.792606831
v -0.541734219 -0.672841609 -0.307778448
v -0.0691959262 -0.429886013 -0.209304705
v 0.0224707164 -0.637532711 -0.678166389
v -0.547970891 -0.715327024 -1.21998751
v -0.181674019 -0.549183488 -0.362624407
v 0.537606955 -0.727837384 -0.589027822
v -0.132679269 -0.670816541 -1.02382815
v 0.299660861 -0.687804818 -0.872890174
v 0.258907378 -0.606011629 -0.45623973
v -0.12923266 -0.588573396 -0.475892752
v 0.384013146 -0.657787144 -0.50809586
v 0.409240156 -0.214228779 0.142313719
v 0.479943305 0.0512141623 0.27741611
v 0.295783877 -0.680728316 -1.14312994
v 0.140033305 -0.671580672 -0.993278086
v 0.421400547 -0.705781996 -0.741754889
v 0.456607312 -0.292614967 0.152945682
v 0.297128528 -0.66084224 -0.631780744
v 0.468266368 -0.150309652 0.239047572
v 0.256745517 -0.187547624 0.0329442061
v 0.414400995 -0.0660755187 0.192117855
v 1.77666092 -1.87513328 0.170742318
v 1.43314135 -1.51284325 0.200099722
v 1.13049912 -1.14953136 0.108796619
v 0.959466338 -0.952387512 -0.30307737
v 0.831685543 -0.855276585 -0.239031672
v 0.513686299 -0.435899764 0.103788681
v 1.68079066 -1.46089756 -0.477195203
v 1.17485178 -1.35246348 0.61419183
v -1.23786545 -1.05384123 -0.808971763
v 1.02050316 -0.950426221 -0.736332238
v 0.802181602 -0.905758917 1.2709986
v 2.33634543 -2.16871667 -0.223707989
v 0.945633352 1.19183755 1.13416827
v 1.24045992 -1.1008569 -0.617986381
v -1.02222598 -0.971537709 -0.586293638
v 0.871397078 -0.8461501 0.34700793
v -1.9391458 -1.55735016 -0.685049653
v 1.88023674 -1.46589375 -0.785054088
v -1.47572649 -1.33050823 -0.399245948
v 1.88672972 -1.6555872 -0.415020734
v -1.48331678 -1.07834589 -1.14642346
v 0.989553332 -0.984235704 -0.120006792
v 1.28251171 -0.989194155 -1.1243521
v 0.848998368 -0.855964482 -0.0726572797
v 0.488101065 -0.656722486 -0.349827707
v 0.204591841 -0.238452777 -0.0160431322
v 0.987209439 -1.00910246 0.336783141
v 1.09953845 -1.17558312 0.409907222
v 0.89384526 -0.900877118 -0.52064383
v 1.07540572 -1.00542164 -0.574030936
v 1.36860955 -1.53595543 0.425128162
v 1.22016966 -1.31825423 0.354347199
v 0.938231111 -1.00654995 0.769873977
v 0.985127807 -1.16432202 0.933277845
v 0.680922508 0.985042691 1.74848986
v 0.668793559 -0.391008556 0.546374738
v 0.452587128 -0.462447941 -0.0122529697
v 0.632805407 -0.644377053 -0.029167816
v 1.09108615 1.73184133 1.40820181
v 1.82821894 -1.78253722 -0.0806261376
v 0.19795759 -0.341412753 -0.086394161
v 0.762320459 -0.736305118 0.116437614
v 1.47839832 -1.83831978 0.697926283
v 0.868369758 -0.928176641 0.985690653
v -1.68179715 -1.41563177 -0.585798919
v 0.972578406 -1.020455 0.56861949
v 1.11090624 -1.07077765 -0.283651322
v 0.793816745 1.34400439 1.73090196
v 0.71955508 -0.559551537 0.469866037
v 0.435179204 -0.572282374 -0.208132491
v -2.16995096 -1.9437356 -0.33416447
v 1.13322198 -0.983323872 -0.87324965
v 0.713570654 -0.787623882 1.48999882
v 1.04581118 -1.15487909 0.624750376
v -0.874661684 -0.891075552 -0.358293653
v -1.71329546 -1.53884757 -0.359691381
v 1.03522146 -1.40932798 1.16577899
v 2.03004813 -2.11623549 0.126634747
v 0.604408979 -0.0848316252 0.535683155
v 0.726586699 0.629121542 1.262833
v 0.654420137 0.0234445296 1.23031437
v 0.613951504 0.117272645 0.558041394
v 0.708566666 -0.40759176 0.967451513
v 0.634050548 0.00719553605 0.661708832
v 0.612619698 -0.253687859 0.479768932
v 0.7216717 0.504239976 0.642733932
v 0.61185962 -0.456220746 1.637115
v 0.55438906 -0.136415407 1.74777102
v 0.647216141 0.307574004 0.555955589
v 0.656148672 0.226455897 0.680701673
v 0.638301134 -0.200443655 0.611139119
v 0.669689536 -0.113901794 1.02382433
v 0.712555945 -0.434108049 0.794069231
v 0.559937894 -0.651508033 -0.206353754
v 0.587290823 -0.341694534 0.339504927
v 0.276708394 -0.427943766 -0.128860921
v 0.665981889 -0.628257036 0.0993603319
v 0.781027317 -0.833689451 -0.748199046
v 0.804156423 -0.746238351 0.951996326
v 0.794197381 -0.706659436 0.474763244
v 0.761455953 0.654970348 1.07459354
v 0.613894105 -0.486240327 0.232263401
v 0.784891546 -0.66783905 0.625733256
v 0.749162912 -0.816351533 -0.456002325
v -0.705915272 -0.779478252 -0.345684856
v 0.0741529465 -0.585733473 -0.482948065
v 0.672300577 0.184306145 1.09312308
v 0.542277515 -0.39327684 0.197732702
v 0.754260957 1.02375054 1.56693745
v 0.628015816 -0.316597521 1.50298834
v 0.170095026 -0.615567625 -0.541072667
v 0.720106959 -0.506901205 0.620342374
v 0.337825954 -0.399461657 -0.0551831163
v 0.522627831 -0.558249235 -0.0604149848
v 0.748523593 -0.6704216 1.19454408
v 0.612725735 0.374333441 1.59500396
v 0.55407089 0.182066917 1.75584078
v -0.80322051 -0.849290431 -0.547612011
v 0.901948631 1.01389515 0.996994197
v 0.098399736 -0.508338928 -0.314160585
v 0.418223083 -0.340132207 0.0729114562
v 0.711089015 0.455167174 1.09284031
v 0.571093142 0.507586062 1.79865444
v -0.753509641 -0.813006699 -0.887187362
v 0.194358036 -0.458190054 -0.208880186
v 0.206296012 -0.55333519 -0.359578401
v 0.166809469 -0.655242682 -0.725803673
v 1.25762379 -1.29973936 0.152315348
v 1.44630957 -1.42343986 -0.061115101
v 0.949956656 1.722054 1.69809139
v 1.61108208 -1.57065701 -0.0876039192
v 1.16586792 2.05548072 1.5713824
v 0.562262118 -0.733855844 -1.10263598
v -0.987518668 -0.931776702 -0.747247279
v 0.624447823 -0.697270572 -1.40468717
v 0.722606301 -0.803587019 -0.860018849
v 0.798310995 -0.78908217 -1.1723038
v -1.13294148 -0.96084547 -0.972093999
v 0.739074945 0.804978132 1.40919435
v 1.03496194 1.5134995 1.29866779
v 0.631971538 0.126332626 1.41088462
v 0.687766671 -0.410179287 1.23147047
v -0.817632198 0.816293836 -1.05002809
v 1.03116333 0.838528395 -1.29407442
v -0.892651975 0.742314875 -1.48478889
v -0.594745338 0.619014561 -1.68520951
v 0.482222229 0.61314559 -1.64541745
v -1.20320177 0.921744704 -1.23259938
v -1.73232496 0.957509518 -1.69128549
v 0.722184777 0.786311865 -1.03694415
v -1.43328953 0.9511621 -1.42289305
v -1.93393278 1.05463934 -1.67194235
v 1.63130999 1.384009 -0.57279712
v -0.570974946 0.713355422 -1.26358247
v -1.56744516 1.9490037 0.679408669
v -0.0173485707 0.660965681 -1.15562892
v -0.9816643 0.601958513 -1.95201945
v 0.102944486 0.599176824 -1.56881595
v -0.213677928 0.531307876 -1.8371551
v -0.247668564 0.68155086 -1.01828086
v 0.836017966 0.816614211 0.157117978
v -1.22790301 1.11735797 -0.50641191
v 1.01876378 0.947476387 -0.750008762
v -1.39656615 -1.40288639 0.0179104395
v 0.453074574 0.715566158 -0.758066058
v -0.750388682 0.749219954 0.00518705137
v 0.188067228 0.452895224 -0.204681665
v 1.02693927 1.02549314 -0.0183350481
v -0.507870078 0.707168937 -0.527469456
v -0.836528301 -0.783727646 0.712742448
v -0.978300929 0.942604184 -0.616464376
v 0.480721354 0.664619505 -0.389061004
v 0.0715233982 0.525603294 -0.349672586
v -0.851976216 0.823076129 0.282726049
v -0.10721685 0.551136971 -0.392608136
v -1.03966141 1.0257858 -0.159250572
v 1.79726291 2.03665018 0.385666817
v 0.698838949 0.797990859 -0.794954002
v 1.23882687 1.25895548 0.078975074
v 1.27062964 1.39087057 0.377914339
v 0.31870389 0.634154081 -0.494604141
v -0.65936482 -0.647527039 0.0318833143
v -0.647884667 0.710638106 -0.195813954
v -0.288211942 0.596221387 -0.407190055
v -1.22031808 1.41510928 0.603072822
v -0.842839003 -0.879762292 1.02501416
v -1.32747459 1.48557961 0.430600852
v -0.894181192 1.01144242 1.02999532
v -1.03609419 1.08187103 0.379048467
v -1.55395842 2.35047126 1.18314874
v -0.91367048 -0.911976218 0.0560167134
v -0.860531509 -0.864304602 -0.044358965
v -0.971276522 -0.967766106 -0.125503853
v 0.548796058 0.673978508 -0.297771484
v -1.57304621 2.14411473 0.922862053
v -1.74717534 2.21621323 0.712054849
v 1.12285876 1.01903975 -0.665345609
v 0.980311632 0.952744722 -0.523448408
v 0.752452433 0.796938181 -0.245143458
v -0.904552579 0.907330573 -0.074775897
v -0.758165777 0.809737027 -0.316186816
v -1.36724603 1.64177883 0.633345127
v 1.37021244 1.32353771 -0.145335823
v -0.840968132 0.870455503 -0.471471399
v -1.5524801 1.78390026 0.454438031
v -1.00890005 -1.07784998 0.560533822
v -1.42471361 -1.63281345 0.474743396
v -0.676768303 -0.718184292 -0.139568254
v -1.62287712 -1.81015801 0.353727877
v -1.26816428 -1.34332013 0.252905369
v 1.63142729 1.61949527 -0.024902679
v 1.00476956 0.995369375 -0.162579447
v -0.633824944 0.771711707 -0.654432654
v -0.824499011 0.813055873 0.0846119747
v -1.06037509 1.15701461 0.554143965
v -0.672421932 0.784796596 -0.873170137
v 1.40636325 1.46180272 0.147951528
v -1.17930901 1.28217697 0.406398147
v -0.972821236 0.980639577 0.20684503
v -1.08167911 1.08837414 0.0515662804
v 0.683902383 0.721225202 -0.128827274
v -0.053216666 0.485952735 -0.286138058
v 0.0347175859 0.621690631 -0.605990708
v 0.0453032702 0.649971902 -0.748444378
v 1.53347921 1.39981675 -0.335515201
v -0.427867234 0.713573992 -0.874524593
v -0.397141695 0.695080221 -0.697924256
v 0.349406302 0.593210578 -0.346430361
v 1.09976482 1.05739665 -0.317998499
v -0.212741837 0.523657918 -0.299648911
v -0.191974878 0.647348464 -0.660595298
v -0.174377486 0.669130445 -0.84344548
v 0.375828803 0.701507449 -0.99906522
v -1.07100284 -1.08392918 0.10403572
v -1.12245703 1.16302681 0.225150004
v 0.535648584 0.615998745 -0.158594474
v -0.515473664 0.518765211 -0.00509900786
v -0.978953958 -0.993746579 0.289246202
v 0.115639403 0.20439668 -0.0294912104
v -1.11008573 -1.18361402 0.38491261
v 0.247610882 0.269145489 -0.0121938568
v -0.691293418 -0.572506011 0.310096741
v -0.647252858 -0.302603394 0.561327815
v -0.801478028 -0.724250674 0.445978999
v -0.441653073 0.546235919 -0.15099743
v 0.407990068 0.347449213 0.0561063141
v -0.344955891 -0.144134492 0.108647972
v -0.412089974 0.205209017 0.149465516
v -0.489803195 -0.529260218 -0.0595579334
v -0.15631327 0.359120786 -0.116847903
v -0.738169372 0.590032101 0.497857779
v -0.468627125 -0.219817191 0.211080849
v -0.305621326 0.243514121 0.0378956757
v -0.522382796 0.16524753 0.318289161
v 0.541233361 0.445597738 0.137436181
v 0.314873099 0.43926689 -0.116065279
v -0.613826811 0.355898947 0.393650532
v -0.859722376 0.82585001 0.631352842
v -0.720591307 -0.492811739 1.07447743
v -0.513348281 -0.332307994 0.204560563
v -0.908599198 -0.955128908 0.799953163
v -0.819207966 -0.765464544 0.867716372
v -0.374083787 0.441578269 -0.0701080784
v -0.366717309 0.512160718 -0.172977716
v -0.376784235 -0.43078649 -0.0551721863
v -0.721492231 0.626763165 0.298985422
v -0.690326393 0.532232523 0.392304659
v -0.882494688 0.904316425 0.81876415
v -0.813181639 0.76181674 0.91842103
v 0.612306535 0.558105469 0.110102765
v -0.0565847419 0.417977571 -0.197306216
v -0.802627981 0.706923723 0.743572116
v 0.496359348 0.443628788 0.0688276142
v 0.250484228 0.440728366 -0.159322172
v -0.35593152 0.358950973 -0.00258229417
v -0.567454457 0.312583625 0.320151091
v 0.377350509 0.523083508 -0.180601373
v -0.642547965 -0.162546009 0.655605555
v 0.300180286 0.25065884 0.0303080194
v -0.55765146 -0.325542688 0.289333194
v -0.749166727 -0.584670365 0.615196645
v -0.754224777 -0.749715865 1.27839196
v -0.218558401 0.298989356 -0.0457626358
v -0.648045063 0.621246517 0.0665566921
v -0.97854203 1.24565458 1.10330808
v 0.188285246 0.277136385 -0.0446752012
v -0.709753573 -0.40982607 0.906358659
v -0.77708602 -0.703889191 0.337722659
v -0.610215664 0.512312174 0.183542043
v -0.739192307 0.546983242 0.669487715
v -0.78581959 0.67565763 0.574545264
v -0.48283267 0.349445105 0.144718498
v -0.827942789 -0.762089372 0.570001841
v -0.22072351 -0.348826647 -0.0822928846
v 0.0800532252 0.374322444 -0.14930971
v -0.643667519 -0.400415957 1.47575688
v -0.657578707 -0.137185752 0.764160275
v -0.0582946017 0.0598205253 -0.000181075899
v -0.66751945 0.0618515946 1.01857889
v -0.651039004 0.0386654101 0.757267773
v -0.430881411 0.109606557 0.202843159
v -0.303929448 0.144170299 0.0775262713
v 0.212574959 0.0815721825 0.0399299376
v -0.231941745 -0.161332667 0.0293199737
v -0.0752709135 -0.0194861665 0.00530743459
v -0.119430311 -0.196139261 -0.0250883065
v -0.0191379301 0.239102423 -0.059139654
v 0.0745985508 0.0289090741 0.00474950159
v -0.668706656 -0.110933393 1.05921984
v -0.132806629 0.433989167 -0.200538456
v 0.445100665 0.439916372 0.00609579962
v 0.340963513 0.143221676 0.105655216
v 0.117125891 0.463469982 -0.242159799
v 0.555442691 0.537900031 0.0304150637
v 0.140281454 0.0154338768 0.0197048206
v 0.117059141 -0.0749328956 0.00819332711
v 0.308529764 0.523424089 -0.239720508
v -0.679457068 -0.234204665 0.907717228
v -0.66462332 -0.065381445 0.888292611
v -0.672072589 0.224994868 0.806074262
v -0.460955113 -0.333257794 0.128718913
v -0.404107451 -0.112865537 0.172270358
v -0.377203882 0.0903844088 0.150196031
v -0.35791555 0.178784817 0.107876614
v -0.148221016 -0.0018056574 0.0222964957
v -0.115097955 0.0872079283 0.00572166871
v -0.177880049 -0.184451222 -0.00248875632
v 0.346413851 0.342188239 0.00343388692
v 0.0218227338 0.144618675 -0.0207369141
v -0.675535202 -0.353282511 1.25932765
v -0.658485293 -0.159957826 1.23927379
v -0.469885349 0.227737933 0.208819732
v -0.584940612 -0.164968252 0.452325195
v -0.267289251 -0.0527907945 0.0723553151
v -0.318019181 -0.258720607 0.0384183489
v -0.174463928 0.105485708 0.0198604409
v -0.686397672 -0.300854355 1.0706445
v 0.502340555 0.337359369 0.183241785
v -0.314954042 0.0588917211 0.103128165
v -0.534770072 -0.0725897551 0.366809726
v -0.20491232 0.0158944987 0.0429725759
v -0.614240944 -0.152831584 0.544797957
v 0.36592856 0.24774459 0.0832824036
v -0.625179112 -0.439843744 0.326480538
v -0.670656741 0.331557691 0.642326593
v -0.648653448 0.170491159 0.682878196
v -0.593151033 0.105822735 0.496065587
v -0.518852651 0.0324464999 0.342076063
v 0.236843437 0.167615294 0.0296530854
v -0.414646059 -0.224420518 0.143242493
v -0.371195197 0.274085373 0.0728276893
v -0.570575178 0.212741807 0.393908888
v -0.142254621 -0.096156396 0.0112102134
v -0.667938292 -0.288175642 0.684797764
v -0.520857155 -0.218843043 0.291674525
v -0.701047838 -0.446933925 0.629896939
v -0.702959299 -0.541922629 1.28921628
v -0.228689671 0.221885458 0.00328462827
v -0.558131993 0.0877648816 0.412388146
v -0.570292354 -0.0297387876 0.449122638
v -0.245932683 0.115626462 0.0495772958
v -0.657185912 0.391799182 0.495150864
v -0.628086805 0.0181650817 0.633961499
v -0.0892782286 0.248583287 -0.0564980954
v -0.582286 -0.430543482 0.234488666
v -0.249995366 -0.258253843 -0.00458440976
v -0.0541899987 0.155238628 -0.0215536002
v -0.208576649 -0.0883838758 0.0369684696
v -0.609422803 0.244189233 0.476792455
v 0.0474217273 -0.0592262521 -0.00126377516
v 0.142372146 0.11312858 0.00763945561
v -0.422442198 -0.00429995079 0.20567891
v 0.00209027668 0.036645256 -0.0013397095
v -0.287338287 -0.141857922 0.0670839623
v -0.0427518971 -0.207011402 -0.0423098654
v -2.16941261 1.49588859 -1.08878136
v -0.28904739 0.683559358 -0.827117205
v 0.822598934 0.841867447 -0.165999874
v -1.28260612 -1.42249978 0.419076324
v -0.973532557 0.97412324 0.0194295943
v 0.165173203 0.372491181 -0.125844777
v -0.810651362 0.827634931 -0.12732695
v -2.11868358 1.22874129 -1.51500356
v -1.94608355 2.11455297 0.253354758
v -0.76629734 -0.612157583 0.758624852
v -1.08509874 1.26570606 0.747694671
v -0.294832706 -0.351066381 -0.0420615673
v -2.12986183 1.71997714 -0.647758007
v 0.552763462 0.719734967 -0.488957196
v -0.717186511 0.801435411 -0.495802641
v 0.0278354287 0.457726121 -0.248365149
v 0.935033381 0.934637487 0.0513982624
v -0.547054052 0.38454017 0.21521835
v -1.80972314 -1.84416294 0.059761513
v 1.30803859 1.23079515 -0.281986177
v -1.57367849 1.21164739 -0.920347691
v 0.944083869 0.942000866 -0.259054422
v -1.13561845 -1.26324213 0.533052504
v 1.74676776 1.59661269 -0.296669006
v -0.833211601 -0.809850395 0.182704791
v -1.22225595 -1.24703836 0.101097643
v -0.694161594 0.44857955 0.58061868
v 0.153930306 0.655078888 -0.734099627
v 0.921703875 0.844618678 -1.1009239
v -1.25790727 0.856371641 -1.49352133
v -0.076443024 0.637120128 -0.666283071
v 1.3255825 1.13719296 -0.687757254
v 0.233694494 0.678300858 -0.880294621
v -0.550445259 0.474124819 0.117208719
v 0.252441108 0.581931174 -0.397003531
v 0.655105114 0.651752114 0.00902417861
v -1.04525828 -1.04271734 -0.0268504079
v 1.44530654 1.57833195 0.314423352
v 1.63243628 1.70705509 0.148508877
v 0.632554293 0.711257815 -0.240314469
v -0.311155617 0.548105955 -0.282195657
v -0.293053091 0.475027591 -0.17696774
v -0.418113559 0.388753772 0.0299027991
v -0.84862864 0.870180786 -0.275979191
v -0.74963963 0.822374701 -0.648363769
v 0.59545964 0.742001295 -1.10345089
v -0.0561335906 0.655860543 -0.790918291
v 0.681771159 0.568520606 0.284144759
v -0.514393091 0.730194151 -0.699725688
v 0.989541352 1.00993073 0.314009964
v 1.41631687 1.71730399 0.644518495
v 1.27756441 0.991673172 -1.10868096
v -1.54110622 1.09233725 -1.18581712
v -1.61418414 1.033499 -1.41436827
v -0.537650347 0.733647823 -1.04321969
v -1.80815959 1.13652205 -1.39040971
v -0.773622513 -0.688728571 1.05574179
v -1.99338448 1.3028841 -1.25208902
v -1.75247264 2.04428101 0.474263668
v -0.751743495 0.568396807 0.835912526
v -1.45151722 1.33896542 -0.316393971
v -1.06830573 1.49920154 1.19442737
v -1.63937449 1.66118002 0.0443342328
v -1.23814583 1.25313354 0.0593781695
v -0.945173681 0.967081189 0.516671896
v -1.71747637 1.3681072 -0.757049978
v 1.59799767 1.87765932 0.513277352
v -1.9945302 1.75171256 -0.403146356
v -1.37550843 1.79615545 0.858044207
v -1.31688976 -1.64000714 0.756072879
v -1.33036792 2.16168427 1.37450826
v -0.676120818 -0.620298505 1.49178338
v -0.754783511 -0.696469903 0.23487629
v -1.16542268 -1.46013355 0.862811744
v 1.15024114 1.12024057 -0.173720196
v -0.0175740421 0.315238029 -0.106538393
v 1.79782534 1.82811189 0.0531415306
v 0.600301266 0.761236608 -0.864482284
v -0.594102085 -0.327191561 0.369127125
v -0.750801206 -0.756440103 -0.0256341882
v 1.54227948 1.48366129 -0.139616162
v 0.74376744 0.687223434 0.213690653
v -1.32687449 -1.28894198 -0.128320262
v 0.857831836 0.879583478 -0.35575816
v -0.729160666 0.764394462 -0.1567204
v -1.23142052 1.54220724 0.815901399
v -0.081869334 -0.11868567 -0.00748729752
v 1.20395529 1.19525456 -0.0396848395
v -0.865110695 0.879021764 -0.646286488
v -1.72101164 1.86174679 0.250321001
v -0.59636718 -0.537226856 0.111711673
v 0.882307529 0.865422487 0.26913476
v -1.25072658 -1.46325111 0.611138821
v -0.598017991 -0.621946156 -0.0534517989
v -1.82621932 -1.96390986 0.226433337
v 0.0785973519 0.584353209 -0.478324056
v 0.896561623 0.899488389 -0.0639957264
v -0.783992827 0.740091443 0.219510853
v -0.976340294 1.05867267 0.701482594
v -1.2880249 1.36109948 0.23653248
v -0.717199564 0.674401104 0.143108755
v -0.919771791 0.916432381 0.362663984
v -1.17711973 1.15450764 -0.116004355
v -0.00571442489 0.53987515 -0.38299036
v 1.46764612 1.16847289 -0.866846561
v -0.0185637083 0.584602296 -0.486638933
v 0.0867133141 0.666860044 -0.915067315
v 0.22019811 0.514262795 -0.27974391
v -0.388807774 0.668021083 -0.5460096
v 0.498426288 0.533023417 -0.0534194373
v 0.409704924 0.654001057 -0.458414257
v 0.884917915 0.891578376 -0.608970761
v 0.267339051 0.666103065 -0.699140847
v -0.524473071 0.582350969 -0.103663906
v -0.954587102 0.943855703 -0.415391892
v -0.204364747 0.618204117 -0.530971885
v 0.446785688 0.702486753 -1.16306019
v -0.669901669 0.685815394 -0.0480680689
v -1.0874002 1.37830305 0.961399972
v 0.235942632 0.364231288 -0.0880049095
v -0.75594002 -0.586986661 0.898616433
v -0.6630162 -0.456695229 0.422264129
v -0.861205339 -0.834367633 0.301502317
v -0.845144928 0.798316836 0.465009332
v 0.78437227 0.774507523 0.0532549731
v -0.479832619 0.432637274 0.0585117303
v -1.57676625 1.51181984 -0.148548707
v 0.596807778 0.458658278 0.230842784
v -0.217408419 0.444085181 -0.180581599
v 1.11307621 1.15386045 0.235258982
v -0.184240282 -0.269623488 -0.0416976251
v -0.63597858 -0.540032625 0.200819552
v 1.12797809 1.24226725 0.503305614
v 0.0528699271 0.30387181 -0.0959022641
v -0.493753433 -0.0806249455 0.294094533
v -0.365109235 -0.351374865 0.0117837973
v 0.810554743 0.777902722 -1.24772513
v -0.979155719 0.884829462 -1.00977659
v -1.88011003 1.90046144 0.0336759239
v -2.07780027 1.95028138 -0.193925306
v 0.972889602 0.97842741 0.158799574
v -1.12337863 -1.31320691 0.710427225
v -1.01709902 -1.1468749 0.746982396
v 0.452980578 0.69719851 -0.590185761
v -0.548716187 -0.525824368 0.0383029915
v -1.07601571 0.792773366 -1.4980067
v -1.02206862 0.842901826 -1.26563144
v -1.15663636 0.722468495 -1.76243436
v 1.62949944 1.79930067 0.321843833
v 0.193616331 0.653651476 -1.29691827
v 0.153035879 0.668720961 -1.1148566
v 0.322832197 0.573940039 -1.72063875
v 0.254918128 0.616463721 -1.52993011
v 1.28322375 1.48161745 0.552191079
v -0.41243583 0.525885403 -1.90206683
v -0.41430974 0.587234199 -1.70697451
v -0.397376418 0.642789781 -1.47799015
v -0.407941341 0.683720231 -1.25836694
v -1.48979831 1.23817492 -0.701915085
v -1.26597571 1.19216001 -0.299168468
v -1.38223588 1.22859526 -0.498301029
v 0.161355481 0.573323309 -0.424735308
v 0.21945712 0.621930838 -0.534217894
v -0.714800954 -0.677909195 0.123224102
v 0.387097716 0.448547482 -0.066202186
v 1.57380056 1.28634489 -0.721882403
v -0.0207621679 0.534035861 -1.8089422
v -0.0612938032 0.585016191 -1.62421679
v 0.647568166 0.661049068 -1.57066143
v 0.555768549 0.686090827 -1.3925643
v -2.00563812 1.53085995 -0.827046514
v -1.09736776 1.0218339 -0.556077898
v -0.774063528 0.63481015 -1.74128461
v 1.81399322 2.19978118 0.581222057
v 1.61156344 2.01111436 0.682315171
v 0.783759356 0.836677134 -0.709427536
v 0.898834825 0.876729548 -0.845726907
v -0.744387984 0.75708437 -1.25700152
v -1.2566216 1.01721323 -0.985961914
v -1.18689668 1.03044689 -0.788374126
v 1.0219034 1.07164061 0.434080482
v -1.42300248 1.44344056 0.054765895
v -1.51209474 1.62344456 0.246548504
v -1.86335337 1.55001009 -0.587557673
v -1.72909307 1.55139041 -0.36103636
v -1.36620092 1.96853137 1.10041797
v -1.20048678 1.84884787 1.30009794
v -0.0973087698 0.638220191 -1.3664788
v -0.561224997 0.700812936 -0.373686284
v -0.55218792 0.660564005 -0.247968733
v 0.727285504 0.809288383 -0.541007161
v 1.25055873 1.05088747 -0.848332405
v -1.74831605 -1.70571518 -0.0804035068
v -1.5131371 0.848864555 -1.74059212
v -2.03674793 -2.06965065 0.0489420816
v -0.818395138 0.843100905 -0.83744669
v -1.35628533 1.31751895 -0.123298891
v -0.89252454 -0.876639128 0.427788824
v -0.297895551 0.412711948 -0.0982975215
v -1.22823441 1.69058585 1.04770112
v -1.60319793 1.38047814 -0.529268026
v -1.82280767 1.72738409 -0.172410801
v -1.88652074 1.36430454 -1.00377989
v -0.991532326 1.16253376 0.902349889
v -0.413323879 -0.337734699 0.0695809647
v 0.89695096 0.763476729 -1.41314375
v -0.488829136 -0.426413745 0.0779289082
v -0.383180261 0.622027338 -0.387427896
v -1.19110489 0.643226802 -1.9764874
v -0.773633718 0.539601266 -2.00323176
v -1.09216976 -1.12820399 0.232704699
v -0.549458504 -0.451072514 0.145232514
v -1.39948535 0.710802257 -1.95908606
v -2.06971884 0.952519536 -1.96293771
v 1.70766926 1.49608874 -0.444886714
v 1.22634363 1.13665533 -0.410791546
v -1.57273448 -1.57623613 0.00773891713
v -1.59513807 -1.67203355 0.158757642
v 1.7714535 2.30432463 0.779191732
v -0.943920255 0.687040925 -1.70180011
v -0.245191902 0.595433474 -1.61615872
v -0.58929497 0.670804977 -1.48913085
v -1.32323527 1.1307205 -0.706156433
v 0.377827525 0.652676582 -1.41734684
v 0.058029294 0.638267159 -1.35910726
v -1.83353639 0.839959443 -1.99738538
v 1.09902656 1.28805614 0.744946539
v 0.761838615 0.648714066 0.458858877
v 1.19663835 1.45122647 0.75230521
v 1.56061304 2.27958322 1.09783423
v 1.44396591 2.37100744 1.3827306
v 0.122236446 -0.187752187 -0.0210104827
v 1.48027444 1.99226236 0.906786084
v 0.167998597 -0.173852801 -0.00208162656
v 1.71830845 -2.36278796 0.930998445
v 0.857075393 -1.95348239 2.04859567
v 0.416843653 0.348179162 2.17902613
v 0.339174867 0.590692401 2.4076457
v 1.34673929 -1.88801479 1.04201734
v 0.714091599 -1.15642679 1.78355193
v 0.464042306 -1.10847878 2.32005548
v 0.880734742 -1.57951427 1.72502816
v 0.662744582 -1.0195992 1.82075822
v 0.372853398 -0.348067552 2.2840414
v 0.48652786 -0.435973525 2.01942778
v 0.379110694 -1.2591064 2.54462957
v 0.563183129 1.19562542 2.15513086
v 0.308368325 0.296469033 2.4213798
v 0.873042405 -1.81982327 1.92588365
v 1.38760412 -2.12445927 1.23390567
v 0.474544942 0.626911998 2.1087606
v 0.602423489 -0.726082504 1.80946064
v 0.510176003 0.769499481 2.07472467
v 0.808562994 -1.14556146 1.51854527
v 0.91505903 1.79979217 1.83055353
v 0.280254602 -0.470690012 2.50663495
v 0.904430866 -1.35672426 1.46419382
v 1.97143054 -2.36744738 0.545970917
v 0.999967575 -1.63438797 1.51130235
v 0.589840233 -1.11561692 2.05442119
v 0.504191577 -0.656709075 2.04509234
v 1.11185539 -2.0159626 1.6357044
v 0.24232316 -0.195301101 2.55117035
v 0.600929976 0.986428261 1.95720911
v 1.0403223 -1.87804711 1.65121853
v 1.50915956 -2.10859323 0.995323479
v 0.669935763 -1.34688997 2.0131495
v 1.12169302 -1.79611349 1.40913379
v 0.422152281 -0.79738611 2.28798747
v 0.255174398 0.0369271114 2.5177846
v 0.46358484 0.00693440344 2.02195287
v 0.346667767 -0.0897908807 2.31856513
v -1.55500054 -2.38911819 1.22051537
v -1.40602398 -2.35170484 1.42667997
v -1.93430805 -2.43722582 0.683481216
v -1.16795182 -2.22869492 1.71631145
v -0.320477903 -0.15319407 -2.737257
v -0.447997451 -1.36980045 2.46406078
v 1.12425768 -2.15162659 1.7279973
v 0.130066037 -0.103191018 2.76695609
v -0.119767666 -0.12086235 2.78684497
v -0.441584945 -0.475588441 2.14561868
v -0.652430832 -1.04106688 1.86119401
v -0.338209271 0.143432647 2.34077096
v -0.579200923 -0.635634243 1.83145368
v 1.13348818 0.685402095 -1.83927906
v 1.38664985 0.80434072 -1.74011338
v -1.27006578 -1.80074072 1.09567928
v -0.510412872 -0.731867135 2.05877185
v 1.83991861 1.15077162 -1.3936255
v 1.01776886 0.738055527 -1.61036909
v -0.375648052 0.435710549 -2.1373806
v 0.285261512 0.830141902 2.57795048
v 0.88229835 0.43373847 -2.29309273
v -0.104773998 0.180298805 -2.67069912
v 0.546872914 0.389893174 -2.28571916
v 0.983252108 2.1479845 1.96665657
v -2.01267052 -2.43031621 0.560696363
v -0.540983081 -1.59159982 2.39943719
v -1.69999146 -2.39319205 0.993291914
v 0.218844891 0.596386909 2.65164876
v 0.482506156 1.2804265 2.35926676
v 2.23921657 -1.28029191 -1.53439093
v -2.3662982 1.505301 -1.2783556
v 1.21396053 -2.25361609 1.65937984
v -2.23297715 1.1472975 -1.75463009
v 1.88279235 -2.45355201 0.778652012
v 1.38783133 -2.30503082 1.41323209
v 0.257693648 0.129465103 -2.77639723
v 0.748272657 0.311875463 -2.50359869
v 1.19458926 0.486101985 -2.31335711
v 1.17938876 0.357602358 -2.55395651
v 1.64414287 0.681290448 -2.17120981
v -1.00406754 -1.4745841 1.33243406
v -0.514604926 1.21075976 2.2633996
v -1.20372379 -1.69920015 1.11652422
v -0.34760654 1.0768795 2.53581905
v -0.575048268 -0.511036038 1.78766
v -0.46714288 -0.362714648 2.05337906
v -0.506905615 -0.157274216 1.9048667
v -0.448982716 0.907570839 2.26981735
v -0.709820211 1.35596466 1.93229198
v -0.582975209 1.00356197 2.00995541
v 1.93291306 1.42888176 -0.931687474
v 1.97685528 2.39324331 0.568992376
v 0.118461259 0.484241307 -1.96807253
v 1.41412854 0.863398731 -1.62290478
v 2.3628068 1.99265373 -0.508886218
v -0.634570718 0.444806933 -2.18302822
v -1.53476036 0.654700279 -2.15733433
v -0.264455318 0.452828825 -2.07288551
v -0.117972478 0.430417657 -2.11535835
v 0.503497124 0.464858353 -2.09475851
v 1.88115311 1.26766753 -1.19717336
v 2.10319829 1.39561784 -1.19655859
v 1.4771173 0.967942357 -1.42709053
v 1.70267987 1.08508623 -1.39080334
v 2.19193935 2.00176334 -0.274974048
v 2.21917582 1.58656311 -0.986956954
v -1.09440637 0.534432709 -2.16610074
v 1.27223301 0.887625217 -1.42069888
v 1.75368488 1.29261422 -0.984114885
v 2.05867052 1.81311584 -0.3904863
v 2.06055617 2.14654636 0.124173447
v 0.45262897 0.539243758 -1.87532306
v 0.169488668 0.429558635 -2.12181282
v 2.18418455 1.77855241 -0.619427919
v 1.95031953 1.85501528 -0.156115592
v 2.01403308 1.60346401 -0.701406479
v 0.810159504 0.65739578 -1.69594479
v 2.45961046 1.79907835 -0.911530375
v 1.08820581 0.79309684 -1.50893998
v -1.10304523 2.1667645 1.77685046
v -0.518091619 0.553654373 1.97072816
v -1.06633878 -1.59709334 1.31814873
v -0.642259181 1.27964711 2.03194261
v -0.748929858 1.81830859 2.15329027
v -0.659507334 1.51104105 2.13400197
v -1.00948322 2.08399487 1.87452292
v -0.891806901 1.8228364 1.89259315
v -0.732140064 -1.0405097 1.64640152
v -0.903622389 -1.43861532 1.54762971
v -0.430239797 0.0874527022 2.11401987
v -0.30133462 0.780890942 2.53327394
v -0.510188043 -0.29392907 1.91790783
v -0.472590029 0.444608808 2.05875444
v -0.504933655 0.209893346 1.91801322
v -0.35783565 0.290877968 2.3102982
v -0.325184703 0.498970449 2.41758513
v -0.464214504 -0.102424078 2.02357745
v -0.675154328 -0.826873124 1.652403
v 1.7304101 1.33529496 -0.853161514
v 1.36108851 0.948561668 -1.34941006
v 1.57482958 1.14352179 -1.09911394
v -0.821886063 -1.18717599 1.52049541
v 1.91396677 1.61116791 -0.543128729
v -1.45685124 -1.91910028 0.85713309
v -1.74263406 -2.11399508 0.587746322
v 2.06293082 2.37133598 0.416963637
v -1.08669841 0.354397058 -2.52643204
v -0.332634211 0.270739317 -2.505759
v 0.290577292 0.286544204 -2.46753812
v -0.0557091683 0.315567851 -2.38793969
v 1.22584343 0.601109207 -2.09012818
v -0.764976561 0.36151278 -2.40692306
v -0.849528849 0.237301111 -2.67377734
v -1.52776372 0.53106451 -2.38565111
v 0.887150884 0.296401858 -2.57259107
v 2.1739912 1.23327291 -1.55716527
v 1.38873625 0.62587899 -2.13006711
v 0.426171958 0.275023937 -2.51005936
v 0.184877172 0.185963273 -2.66340637
v -0.686180115 0.202341437 -2.70085692
v 0.927079082 0.375119209 -2.43060255
v 1.6017189 0.737396121 -2.03711033
v -1.05629945 -1.91136932 1.64930046
v -0.883699417 -1.70111251 1.81611574
v -0.467815399 -1.24889255 2.37357235
v -0.793465197 -1.4572587 1.81959713
v -1.57091141 -2.15649438 0.941372812
v 1.08963275 -0.415545702 -2.40942311
v -0.520870745 -0.548254728 -1.8732847
v -1.35331202 -0.818822205 -1.67823172
v -0.249536008 -0.489730656 -1.96890461
v -0.194400162 -0.401994228 -2.1938765
v -0.847136557 -0.573484957 -1.95183218
v 0.403355181 -0.355100274 -2.33395886
v -2.08852148 -1.56658125 -0.866544425
v -0.243986487 -0.555934489 -1.76180351
v 0.385811746 -0.44713819 -2.11054468
v 0.744916737 -0.366189599 -2.39124012
v 0.665797114 -0.464006543 -2.14751816
v 0.0205145609 -0.52998513 -1.82231963
v 0.0146804014 -0.582827926 -1.63096035
v 0.106916934 -0.363750458 -2.27951813
v 0.0287258402 -0.457468331 -2.03911591
v -0.505957246 -0.468239665 -2.08685279
v -1.5898993 -0.979488134 -1.51424396
v -1.74840832 -1.14942765 -1.29831529
v -1.47294784 -1.02607763 -1.27303839
v 1.28920996 -2.21700859 1.4989624
v -0.493835568 0.265699625 -2.54041791
v -0.862553596 0.340801835 -2.47849917
v 0.0386380404 0.351023078 -2.30697012
v 1.3069309 0.665867269 -1.99711215
v -1.37318158 0.519660234 -2.33132887
v -1.24476218 0.382602811 -2.53264236
v -0.61033088 0.324797869 -2.44257689
v 0.359368384 0.182735324 -2.68498611
v -2.21794415 -1.82503057 -0.586637259
v 2.07921219 -1.06186986 -1.778759
v 1.78983057 -1.01541185 -1.62310076
v 1.9097116 -1.1936506 -1.37843823
v 1.72517538 -1.14850414 -1.27409935
v 1.84690928 -0.846165717 -1.99519837
v 2.32318091 -1.7567724 -0.824743927
v 0.811924994 -0.711722314 -1.51837718
v -0.650633276 -0.493411362 -2.07009935
v 1.17457736 -0.615662456 -2.02918339
v 0.0979927182 -0.546910584 -1.76952231
v -0.322456151 -0.40603435 -2.20103645
v 0.455041558 -0.629406333 -1.56888139
v 1.16180897 -0.84986186 -1.41149366
v 0.272920787 -0.520232618 -1.88326037
v -0.297734588 -0.605477393 -1.59283376
v 0.439256608 -0.488236368 -2.01571703
v -0.650234878 -0.573242724 -1.85575044
v -0.847607672 -0.644800603 -1.75813961
v 1.37051916 -0.915289402 -1.44983995
v 0.61552006 -0.634769738 -1.64345479
v -0.920510054 -0.719795406 -1.58448875
v 0.10383147 -0.480731428 -1.97706306
v 0.00316245831 -0.355638742 -2.2958653
v 0.793548226 -0.62058723 -1.79491031
v 1.00415266 -0.74420619 -1.58024287
v -0.446980417 -0.561746895 -1.80421674
v -0.216451943 -0.579879761 -1.66928029
v -1.12445128 -0.680900872 -1.8443445
v 0.0678438172 -0.602140903 -1.55148435
v 0.281816781 -0.424227953 -2.14950252
v -0.667381883 -0.676471293 -1.52769244
v 1.39613569 -0.789165437 -1.78271496
v 2.35036135 -1.97176456 -0.524652243
v 1.65335298 -0.668719947 -2.20008731
v 1.54984164 -0.941840649 -1.56232619
v 2.24192095 -1.53161383 -1.10629833
v 2.04076958 -1.43230259 -1.05792034
v 2.16812944 -1.29387259 -1.44531882
v 1.50368106 -1.04757953 -1.25441682
v 1.59735954 -0.806891859 -1.89450979
v -1.45475829 -0.939339161 -1.47525668
v 2.10576606 -1.60994005 -0.809966981
v -1.95809984 -1.49271512 -0.837972999
v -1.74669349 -1.21493053 -1.15058649
v -1.95335424 -1.35676813 -1.10113728
v 1.4373126 -0.666120708 -2.07661867
v 1.00595403 -0.643003404 -1.86312103
v 1.18782878 -0.760469675 -1.688465
v -1.86730051 -1.18409419 -1.35366726
v -1.35712552 -0.979667366 -1.25662124
v -1.97161341 2.37923694 0.559941709
v -2.32397795 1.89313006 -0.611553907
v 0.270983577 0.524853945 2.53534746
v 0.155068636 -0.49585253 2.75527239
v 0.207200527 0.278051794 2.62875748
v 0.657079518 -0.332904309 0.57036674
v 1.98037338 -1.18921614 -1.45758855
v 0.867316484 -0.878082693 -0.152393103
v -0.91173923 -0.915100694 -0.427425772
v 0.607815623 -0.140392169 0.528781891
v 0.635189056 -0.124577619 0.639822185
v 0.978077412 -1.00478375 0.4127976
v 1.01873684 -1.17384005 0.808803201
v 1.8347137 -1.28355491 -1.1087023
v 1.31134117 -1.33129597 0.0657168776
v 0.549793601 -0.432145536 0.168671235
v 0.734055161 -0.546924114 1.0642103
v 2.24773622 -1.97083211 -0.396292686
v 1.16219008 1.86370242 1.39466512
v -2.22240353 -1.91273725 -0.452793509
v 0.600489497 0.45072028 1.67585289
v 0.609305739 -0.219857365 1.5501579
v 0.796606362 1.15243065 1.5595156
v 0.7329849 -0.668475866 1.27949274
v 0.803673983 0.867235303 1.2089591
v 1.74382043 -1.04387939 -1.52156198
v 2.06252432 -1.81977081 -0.384768099
v 0.726541042 0.482577026 0.921711683
v -1.27799392 -1.11871898 -0.643308461
v 0.608833075 -0.0417103991 1.51843011
v -1.63740396 -1.28881967 -0.822211504
v 0.661529064 -0.00895592943 1.14696455
v 1.25263381 -1.1858902 -0.279274285
v 0.792976856 0.751229167 1.05688655
v 0.632096469 -0.566938698 1.62349403
v 1.48136961 -1.72273254 0.504805803
v 0.609544516 0.265368611 1.56409788
v 1.9392736 -2.10731435 0.253788263
v 0.668167591 0.258571684 1.22674501
v 0.524608314 -0.198994279 0.307953119
v 0.966304898 -0.971021891 0.165809974
v 0.577410161 -0.506534636 0.121825241
v 0.339612514 -0.290985346 0.0352413952
v 0.707668781 -0.649241626 1.38166952
v 0.788895965 0.672706485 0.752284944
v 0.797446251 0.714046717 0.901691675
v 1.66593504 -1.14934981 -1.20218098
v 2.21274877 -2.13789392 -0.103992566
v 0.972920954 -1.34228206 1.25725245
v 0.892011285 -0.888202429 0.0703861937
v 1.83207536 -1.86686134 0.0593215078
v 1.46116531 -1.48963439 0.0715475604
v 1.0911082 -1.21703911 0.594370246
v 0.796759129 -0.836465895 -0.323086381
v 0.54010886 0.148224771 0.357621253
v 1.57839596 -1.22700477 -0.887277186
v -1.99791837 -1.73825729 -0.432097048
v 0.638817489 -0.0758844912 1.35835767
v 0.654110134 0.652786851 1.59947586
v 0.956846178 -1.17741275 1.06983459
v 0.989706397 -0.919025302 -0.84117341
v 0.936504543 -0.966764688 0.612240791
v 0.561473191 -0.0190734155 0.428908736
v 0.680801809 -0.747942924 1.57459009
v 0.664134979 0.00307489932 0.901031435
v 1.47887683 -1.31442285 -0.45379281
v 1.87621415 -0.908098996 -1.90152228
v 1.60935771 -1.89285231 0.514427245
v 0.830891609 -0.808058858 0.915527105
v 1.26176858 2.16095853 1.49526227
v 1.14835429 -1.52847815 1.02071559
v 1.40030348 -1.80049455 0.809851289
v 0.57684654 0.645823479 1.84321225
v 0.640720963 -0.413323283 0.407680422
v 0.690025389 -0.305934578 0.991182745
v 0.885058522 1.32762158 1.48589766
v 0.67159611 -0.270256639 0.735601962
v 1.341254 -1.60243583 0.628832638
v 0.562625229 -0.383205384 0.246273354
v 0.334853142 -0.168965325 0.0923745781
v -1.1904248 -1.12309122 -0.343248278
v 0.728436053 -0.6022349 0.401555806
v 0.858510494 1.10178697 1.31304967
v 1.72694182 -1.89879584 0.29990989
v 0.901384294 -1.0978992 1.1516099
v 1.23606861 -1.52680659 0.776230514
v 0.966791868 -0.966247737 -0.0232679863
v 0.532155752 0.108652428 1.82010114
v 0.897560596 1.58383346 1.69201899
v 0.962917686 1.51534891 1.47903705
v 2.22013044 -1.84672499 -0.554480374
v -2.06340384 -1.63452852 -0.710808218
v 2.03515339 -1.6322751 -0.676926851
v 0.667421818 -0.499611676 1.43374801
v 0.637412846 0.863619685 1.78935874
v 0.690852821 0.816589534 1.5938704
v 0.739349067 -0.89276123 1.49518728
v 0.76809144 -0.834420681 1.32335484
v 0.778577566 -0.646086097 0.725229919
v 0.781709611 -0.658441842 0.8341344
v 1.99767685 -1.96136785 -0.0565278307
v 1.06372619 -1.34180164 0.975497603
v 0.838538289 -0.815842092 0.187796533
v 0.895824552 -0.88327229 0.276470095
v 0.620618522 -0.462377518 0.283510685
v 1.35343623 -1.43005979 0.218499318
v 1.43285942 -1.57330406 0.335274696
v 0.689656019 0.436671972 1.24963927
v 0.659001768 0.433381736 1.42417049
v 0.648333371 -0.151075184 1.31529653
v 0.505770028 -0.0865585878 0.312336326
v 0.35369733 -0.074618876 0.131707415
v -0.383494884 -0.571414113 -0.263838679
v 1.57934773 -0.989288449 -1.48118353
v 2.03261232 -1.37944269 -1.14872122
v -1.76857007 -1.53475833 -0.466196984
v 0.670331895 0.303717017 0.679501295
v 1.23919392 -1.43144894 0.57857573
v 1.12180257 -1.16024923 0.215369895
v 0.608215749 0.0521470904 0.554601431
v 0.581972182 0.164893657 0.444689214
v 0.670202732 0.128054768 1.04016805
v -1.38894749 -1.28347373 -0.330001712
v 1.1885922 -1.09046662 -0.506199896
v 1.47986555 -1.40180373 -0.205545038
v 0.812101543 -0.745462179 0.426446229
v 1.63477647 -0.860898793 -1.81123614
v 1.48294902 -1.08194447 -1.13612735
v 1.32214272 -0.971310496 -1.23589885
v -0.29354167 -0.648328602 -0.57533884
v -0.238286674 -0.67616111 -0.833851278
v -0.362652779 -0.641302705 -0.472235829
v -0.222314104 -0.655473232 -0.680594623
v -0.0695614293 -0.624664545 -0.612138689
v 0.149358928 -0.280831695 -0.0606794432
v -0.176158458 -0.671953321 -1.08668101
v 0.118030816 -0.334633857 -0.107395433
v 0.0314385034 -0.322615325 -0.111334503
v 0.351819664 -0.507268488 -0.178616151
v 0.473744571 -0.652469575 -1.48316288
v 0.279827505 -0.618356943 -1.53092051
v 0.588919163 -0.708961964 -0.343196601
v -0.58120805 -0.710178256 -0.367608786
v -0.674012244 -0.750837803 -0.294715226
v 0.0681629628 -0.607369304 -0.548985124
v -0.0356403664 -0.592293978 -0.506993234
v -0.232733533 -0.622407436 -0.526768446
v -0.0592160933 -0.648472726 -0.735111475
v 0.248991907 -0.661210597 -0.688616633
v -1.02175617 -0.907280147 -0.987301886
v -0.168656945 -0.65722692 -1.25512445
v 0.0065998137 -0.529060185 -0.361943573
v 0.254487038 -0.540687084 -0.307508856
v 0.370924771 -0.378168315 -0.00661414117
v -0.796450138 -0.800512314 -1.10381949
v -0.383215338 -0.687468886 -1.19950199
v 0.791944861 -0.582042098 -1.90118337
v 0.468616366 -0.703622103 -1.18811321
v 0.866702914 -0.836780071 -1.03216851
v 0.74269259 -0.81687218 -0.532657802
v 0.992601633 -0.711157143 -1.66871619
v 0.245268255 -0.449267983 -0.172656268
v 0.48081401 -0.672929168 -0.419897825
v 0.407940716 -0.588102758 -0.273569345
v 0.810913026 -0.851346016 -0.658818603
v 0.566208184 -0.748762488 -0.714647889
v -0.0242340472 -0.482138902 -0.282873124
v 0.600238204 -0.751732349 -1.02202392
v -0.0162709951 -0.664464951 -1.09660983
v -0.585380197 -0.591599405 -1.76947844
v -0.592568159 -0.748814106 -1.03119266
v -0.497712135 -0.722099423 -1.06953692
v 0.395360351 -0.703887582 -1.0285213
v -0.761451364 -0.827353954 -0.68344593
v 0.678656459 -0.733316779 -0.195191175
v 1.21997106 -0.663145483 -1.94876266
v 0.735497594 -0.802227855 -0.382864445
v -0.436153889 -0.629306436 -0.342961252
v -0.0506806858 -0.385940671 -0.164386615
v -0.105400696 -0.499438703 -0.297979087
v 0.419226766 -0.477915466 -0.0708282068
v 0.268150836 -0.293380231 -0.01579207
v -1.10469913 -0.797010183 -1.51313674
v -0.275698066 -0.510198891 -0.240829244
v 0.977322936 -0.588105142 -1.98355567
v -0.8972826 -0.805754781 -1.24382687
v -0.406321853 -0.667232275 -1.35997772
v -1.06060076 -0.879913807 -1.17763484
v -0.711704969 -0.660290182 -1.61876225
v -0.387717634 -0.700881422 -0.788983047
v -1.2016201 -0.969073355 -1.06532812
v -1.00524807 -0.930307031 -0.817144334
v -0.052060049 -0.634733617 -1.38066149
v -0.518272281 -0.707181513 -0.503068089
v 0.179563254 -0.573716164 -0.417793095
v -0.567235649 -0.703356028 -1.31590629
v 1.38900757 -0.821490824 -1.70162642
v -0.204693213 -0.529640913 -0.31431061
v 1.1846714 -0.788532317 -1.61101949
v 0.00943334773 -0.388877392 -0.169839904
v -0.89832294 -0.623198748 -1.84951687
v -0.11697004 -0.525549233 -0.339721113
v -0.582705259 -0.756135404 -0.843919456
v 0.284196287 -0.152915791 0.0616960414
v -0.121951327 -0.57152009 -0.434510827
v -0.75920248 -0.817003131 -0.384599417
v -0.232656121 -0.574535131 -0.391803265
v 0.187306374 -0.631166935 -0.589494765
v -0.874828219 -0.886945903 -0.593429446
v 1.20861697 -0.583426714 -2.11878133
v 0.146639913 -0.670672774 -1.06485963
v 0.334348291 -0.588137507 -0.348195881
v -0.694925725 -0.79363364 -0.550891817
v 0.414860308 -0.0178378187 0.196845204
v 0.162833601 -0.665659249 -0.815859318
v 0.195226982 -0.384372473 -0.1255337
v 0.473993868 -0.00542049576 0.271601081
v 1.19006801 -0.730477393 -1.76700962
v 0.126137227 -0.639273763 -1.36716354
v 0.685998201 -0.783194661 -0.957900584
v 0.316482425 -0.647789419 -1.40435958
v 0.520452023 -0.713151813 -0.532919109
v -0.902127981 -0.873520911 -0.881336749
v -0.748760641 -0.805221915 -0.950300097
v 0.19189474 -0.271405846 -0.0397403911
v 0.651858449 -0.780337393 -0.693345726
v 0.47149843 -0.0960244536 0.25811249
v 0.543937624 -0.54682976 -0.00498657906
v 0.415909439 -0.255992293 0.127883673
v 0.484257072 -0.258589268 0.211925015
v 0.416742295 -0.11595431 0.185177162
v 1.42031074 -0.593331635 -2.21265936
v 0.594049931 -0.600855827 -1.74445796
v 1.34866095 -0.878210187 -1.52485323
v -1.00580239 -0.718080103 -1.65904915
v 0.551862776 -0.623496115 -0.147921607
v 0.630764842 -0.668892026 -0.101679608
v -0.457825482 -0.709152699 -0.667919219
v -0.56799829 -0.743415177 -0.624980986
v 0.239273965 -0.669345498 -1.19752204
v 0.278952837 -0.229985088 0.0272572488
v -0.120702513 -0.669970274 -0.955584705
v -0.395153224 -0.706644893 -0.912411392
v 0.520246923 -0.737266302 -0.867190778
v 0.852278709 -0.862156451 -0.789569199
v 0.0225827154 -0.433195084 -0.217725784
v 0.78009212 -0.651305854 -1.69462717
v -0.152692497 -0.438196003 -0.199499264
v 0.347328365 -0.471878469 -0.131545261
v 0.302652985 -0.597310364 -0.398383617
v 1.42756045 -0.753837645 -1.88500035
v -0.0552014783 -0.601734281 -1.55221438
v -0.445559144 -0.64410907 -1.50166976
v -0.809538484 -0.738412976 -1.41655779
v 0.990953803 -0.807823658 -1.3565731
v 0.807040095 -0.739925504 -1.4079808
v 0.252130151 -0.682265639 -0.92510891
v 0.295778275 -0.685971618 -1.06545866
v 0.291815639 -0.625954866 -0.491834283
v 0.308896542 -0.686342597 -0.81653744
v 0.308623552 -0.648313999 -0.559464157
v 0.392021835 -0.670985222 -0.555301428
v 0.425707757 -0.698863208 -0.662875235
v 0.188782185 -0.490368187 -0.256426424
v 0.699377656 -0.370900571 0.828297496
v 2.1642158 -1.34638202 -1.34858489
v 0.697495937 0.348113239 0.947772086
v -1.53313828 -1.27786851 -0.670771241
v -0.998707652 -0.979787827 -0.333743542
v 1.64777303 -1.38179123 -0.607921064
v 0.864928484 0.882479966 0.882898271
v -1.40132904 -1.13940811 -0.836799026
v 1.07540941 -0.934946716 -0.968864501
v 1.41553497 -1.18050611 -0.732693911
v 0.910077691 -0.913746297 -0.437023193
v 0.650058627 -0.12062785 0.721297979
v 0.609416544 0.269288778 0.458442569
v 1.01208925 -1.07459569 0.523440361
v 0.724649906 -0.727888823 -0.0125361774
v 1.27309775 -1.26516712 -0.02953499
v 0.468876898 -0.563821793 -0.148893028
v 0.578388989 -0.362025559 0.300101429
v 1.62524545 -1.53057146 -0.207522437
v 0.778067589 -0.665287554 0.534906089
v -1.37936497 -1.06590939 -1.03036094
v -1.6347928 -1.18502271 -1.07649314
v 2.32402062 -1.51655507 -1.21767128
v -1.62472951 -1.47921097 -0.326780826
v -0.822205782 -0.854322731 -0.33051461
v 1.62586093 -1.46889305 -0.353773504
v 0.880343497 -0.857347608 0.458370745
v 1.03066206 -1.06191015 0.297681063
v 1.97206855 -1.42495751 -0.989121795
v 0.928464413 -0.93003124 -0.247996733
v 0.623456359 0.171205163 0.568687916
v 0.703703761 0.437902808 0.673265934
v 0.492658049 -0.459647536 0.0439853296
v 1.70431519 -1.10062826 -1.35794723
v 0.721858501 -0.535228014 0.55077374
v 1.88262582 -1.74457979 -0.241251111
v 0.481789649 -0.389020681 0.107211575
v 0.566876233 -0.113581657 0.425944269
v 1.89944446 -1.23992014 -1.27443528
v 1.85177684 -1.51410258 -0.643604815
v 1.76304209 -1.32720399 -0.918791115
v 0.725459695 -0.488405287 0.753384292
v 0.85544163 -0.821087241 0.678752422
v 0.654837549 0.0691231415 0.778124928
v 0.666998565 0.0932780504 0.910807312
v 1.157812 -1.01967764 -0.763943076
v 0.67718029 -0.438016534 0.510948539
v 1.02717662 -0.982263982 -0.520363271
v 1.83972907 -0.983596444 -1.72923374
v 1.65774083 -0.784703732 -1.98152208
v -1.75336993 -1.42723143 -0.678154647
v 1.56109869 -1.68745577 0.26243338
v 0.689396143 -0.38090536 0.685922921
v 1.69938314 -0.619793177 -2.31501889
v 1.3950398 -1.09868979 -0.954236209
v 0.663356662 0.37474221 0.544630527
v 1.58280706 -0.927231669 -1.62566316
v 0.674101591 -0.185172439 0.914265394
v 0.632709801 -0.533059716 0.204531342
v 0.905350804 -0.971544147 0.87419647
v 0.686662078 0.314383805 0.806707144
v 1.1955024 -1.33551109 0.496275276
v 1.14873052 -1.21600461 0.314640135
v 1.15610898 -1.12547135 -0.17308712
v 0.593772709 -0.311918348 0.38157323
v -1.15798163 -1.06405234 -0.537540436
v 1.3242873 -1.20370007 -0.434681416
v 0.953579545 -0.920731187 -0.694823742
v 2.03154683 -1.11712599 -1.63955081
v 1.6522994 -1.20900083 -1.04175794
v -1.14744568 -0.870815277 -1.32835746
v -1.77025294 -1.31389713 -0.958752632
v 1.14675713 -0.881286621 -1.29282653
v 0.774423957 -0.716601729 1.11123598
v 0.656178832 0.121001944 1.24033964
v 1.00422609 1.31907177 1.13061988
v -2.36132836 -2.17781711 -0.242838576
v 0.713009834 -0.492465377 1.14914477
v 0.752165079 0.709229648 1.23281097
v 0.749620438 1.23875082 1.75603306
v 1.08001053 1.55238414 1.23145914
v 0.770408988 0.905911684 1.39709496
v 0.635384738 0.245761111 1.43419707
v 0.840764165 -0.900895357 1.08118582
v 1.14602852 -1.3584249 0.729111373
v 1.02293074 1.81585169 1.63101983
v 0.665890217 -0.0453315862 1.07169294
v 0.665300608 -0.357780039 1.33194256
v 0.550735414 0.286222637 1.78944266
v -1.10559046 1.23075044 0.569036901
v -1.42365515 1.7302506 0.648933768
v -0.583557487 0.535217404 1.77129519
v -0.793132901 -0.847119927 1.22844625
v -0.699362516 0.38135004 1.0641048
v -0.818789542 0.801304936 0.993000805
v -0.697267413 0.528086662 1.30629504
v -0.657150269 0.0369708687 1.20433104
v -0.611463666 -0.315261096 1.57486939
v -0.648499846 0.197061509 1.33459842
v -1.45918417 -1.84393895 0.746790648
v -0.708277047 -0.824588895 1.54140604
v -1.20973527 2.05550861 1.49077654
v -0.73505038 1.0167259 1.61837804
v -2.19190502 2.06541634 -0.180007741
v -1.10972643 -1.43769491 0.990610957
v -1.12830091 1.4700222 0.987587154
v -0.97336632 1.29535246 1.19343615
v -0.7246176 -0.589556217 1.21959746
v -0.645562589 0.676496983 1.64503407
v 0.431113482 1.02212024 2.35180616
v 0.617201626 -0.640853167 1.71711481
v 0.454228759 0.751978636 2.20040107
v -1.67241657 -2.24227643 0.868243575
v 0.477805257 -0.746080399 2.1433208
v -0.342860818 -1.11427426 2.55784249
v -0.815885484 -1.72684431 1.9686625
v -1.44497752 -2.16632485 1.17563403
v -2.01405215 -2.32618833 0.431955278
v 0.581957817 -0.802970171 1.90708125
v -0.679328918 0.225169361 0.953221023
v 0.506069243 0.0345917717 1.89845431
v -0.688965142 0.313499719 0.846090734
v 0.339762568 0.168257818 2.33895731
v 2.20699787 -2.29131842 0.112858377
v -1.52943659 1.39871895 -0.329507411
v -2.28747392 1.29972506 -1.54459417
v 0.561501861 0.765755057 1.94290674
v -2.29913998 1.55283713 -1.13167119
v 0.639183581 -1.4127655 2.116889
v 0.412819505 -0.0618062541 2.15773439
v 0.740728915 1.66782689 2.07335424
v 0.347845912 0.757826805 2.4331491
v 1.1408217 -1.93900561 1.51120019
v 0.232790709 -0.74369967 2.65628076
v 1.65798151 -2.15274239 0.784309924
v 0.79461354 1.59031653 1.91459548
v 0.922544956 -1.3158462 1.37017345
v 0.368859291 -0.887325943 2.42998815
v -1.43267822 1.53592253 0.254297972
v 1.27089977 2.30248547 1.60577559
v 0.825212479 -1.34543908 1.65589213
v -2.3225894 1.40560734 -1.40016425
v 0.770025253 -1.47494864 1.88368511
v -1.78886759 1.3174473 -0.976140976
v -0.787236571 0.696135283 0.950015903
v -0.704582512 0.401844323 0.794767141
v 1.53087783 -2.2137351 1.07674408
v 0.525215089 0.436648577 1.91144526
v 0.566582382 1.0608387 2.07806969
v 0.326249242 -0.393266648 2.39614415
v 0.957290947 -1.8462739 1.78549135
v 1.22557521 -1.83587027 1.2330848
v -0.892591298 0.892169595 0.652582884
v -1.40013611 1.57106936 0.414811164
v 0.186835289 -0.247883931 2.66614985
v 0.524113417 -0.164959028 1.85248637
v -0.947618246 1.63598537 1.62829745
v -1.75992954 2.43047762 0.939960301
v 0.214755654 -0.451053768 2.63486862
v 0.471429527 0.383565485 2.0466795
v 0.49246192 1.17311227 2.29083848
v 0.695947349 -1.25123382 1.89347482
v 0.966026425 1.97118163 1.86631501
v 1.02596211 -1.55327535 1.36650431
v 0.627379298 1.2115829 2.02442336
v 0.417391181 -0.304043889 2.17010546
v 0.87215668 -1.47804499 1.65840685
v 1.24775064 -2.06319165 1.42790949
v 0.36099112 0.325915873 2.30796981
v 1.10175419 -1.59132075 1.22524655
v 0.306290865 -0.990056753 2.58492899
v 1.78143358 -2.24992752 0.697511435
v 0.581647635 -1.25636113 2.14812446
v 0.721066535 -1.0877831 1.71433818
v 0.693343043 -0.957493424 1.69355869
v 0.415493846 0.597248137 2.2404089
v 0.75799185 -1.06460512 1.59186733
v 1.03662753 1.97234154 1.73789024
v 0.693932533 1.23367321 1.88637972
v 1.60809565 -2.03381562 0.719596624
v 0.522937 -0.379786849 1.90131629
v 1.10535204 -1.67432714 1.31417072
v 0.613079727 -1.03129125 1.95292437
v 1.87465072 -2.14219379 0.405887455
v 0.721345127 -1.66734183 2.10990596
v -0.855069101 0.910382271 1.02189529
v -0.885567069 1.13642955 1.2648263
v -0.708846927 0.770494103 1.49212074
v -0.648266494 0.895527601 1.77905107
v -0.596792281 -0.463358879 1.69464707
v -0.630470395 -0.169958889 1.43167567
v -0.590005219 0.271959901 1.64562023
v -0.735243917 0.596976995 1.15927315
v -0.578968823 -0.0226759352 1.64660323
v -0.669906616 0.142067507 1.07670248
v -0.566294968 -0.149050385 1.70683205
v -0.64440316 -0.0976117551 1.32546127
v -2.31729198 -2.23911595 -0.103193358
v 1.36826801 -2.01187539 1.1465739
v -0.62101239 0.082977891 1.46213162
v 0.431498289 -1.1953814 2.42084813
v 0.884765446 -1.70787811 1.81921613
v -1.27632594 -2.02333832 1.33455479
v -0.541773617 0.167526588 1.79537976
v -0.762386322 0.802341998 1.3082968
v -1.43139219 1.89682841 0.878941476
v -1.8469739 -2.0383203 0.303845376
v -0.973107219 -1.10890043 0.86370647
v -0.818966627 -1.08199561 1.42153668
v -0.850686073 1.35212076 1.59840989
v -2.12498784 2.13928294 0.0203308892
v -1.03687835 -1.26335716 0.926937401
v -0.764712632 0.656196475 1.04983318
v -1.41915202 2.07906556 1.12656188
v -1.70859408 -2.00363708 0.493677139
v -1.12668037 1.34539843 0.768898427
v -0.957107008 1.08230853 0.877622366
v -1.24144614 -1.67885208 1.000193
v -0.745916009 1.28398263 1.79905534
v -0.944506049 -1.21006763 1.16566885
v -1.08503652 1.60632694 1.28389418
v -2.04982042 2.23437643 0.260375828
v -0.885023594 -1.0278914 1.1028769
v -1.85032701 2.31070709 0.661872327
v -0.821599603 0.886657417 1.15365911
v -2.24455452 1.78976727 -0.677334666
v -1.00478208 -1.40140533 1.24166679
v -0.793698907 -0.915734887 1.31879616
v -1.56353688 -1.82173753 0.494029462
v -0.813490748 1.08456135 1.44184089
v -2.05852318 -2.17175627 0.162385777
v -1.75481594 -2.30376577 0.805253625
v 0.370800138 1.03068447 2.47510743
v -0.665730834 -1.49840879 2.11420012
v -0.966123104 -1.80539513 1.73513687
v -0.142477155 -0.298389971 2.75539351
v -1.09797752 -1.87242627 1.53261197
v 0.244253755 -0.885375619 2.67030168
v 0.200505376 0.436592817 2.66050363
v -2.43659997 -1.5478344 -1.27863407
v 0.709705055 -1.79526389 2.20943761
v 1.80545676 -2.35479498 0.784356833
v 1.64427948 1.25745463 -0.911122084
v -0.677698374 1.21558833 1.91233575
v -1.32424879 0.579528451 -2.1886816
v -1.05798483 -1.66661847 1.41347575
v -0.28118217 0.572733581 2.52408147
v 2.33297825 1.85445023 -0.682253003
v -0.556730568 -0.376900256 1.79594624
v -1.3165381 -1.78689313 0.975494027
v -1.21085119 -1.78709066 1.20819914
v -0.492538571 -0.492632866 2.01957107
v -0.41067493 -0.379722804 2.19999743
v -0.821792424 1.58058167 1.85131764
v -0.732483864 -1.22594619 1.78862476
v -0.399393082 0.197586611 2.20060658
v -0.506008506 -0.021625055 1.89836073
v -0.302283168 0.229177937 2.42740583
v -0.628945887 -0.721680284 1.7271806
v -0.568118274 0.781028271 1.93281972
v 1.43398213 1.04240894 -1.17888081
v -0.423725367 -0.160894006 2.13602781
v -0.530409098 1.37715435 2.31265879
v 1.13952923 0.846118808 -1.39839387
v 1.74875975 1.43223262 -0.659489334
v -0.597426355 -0.985125899 1.96507776
v -0.335468411 -0.0928996727 2.34435439
v -0.706390917 -1.1008184 1.76296318
v -0.440164089 0.673770905 2.20636177
v -1.43192017 -1.98007751 0.98542285
v -1.03573954 1.99992144 1.76199245
v 0.882974029 0.704808533 -1.60128999
v -1.14812577 -2.00508118 1.55858529
v -0.765217721 1.68962836 2.04070473
v -0.981836796 -1.54608202 1.46501446
v 1.94865584 0.931313455 -1.91239488
v 1.8524828 0.833776057 -2.02177954
v -2.08069706 2.31782222 0.324265629
v 0.422093183 0.138469815 -2.77611637
v 0.217478782 0.51298821 -1.89494383
v 0.0275325235 0.403830767 -2.17955399
v -0.0815962106 0.473890603 -1.9951849
v -0.515816987 0.954107523 2.14155483
v 0.626373589 0.596573114 -1.77445328
v 0.793946743 0.586377084 -1.8905338
v 0.878777266 0.228224039 -2.69810104
v -0.431628108 1.14068496 2.3981576
v -0.641702354 -0.848701954 1.76777792
v -0.523008466 0.471336305 -2.08391523
v -0.557602823 -0.850030422 1.99352908
v 1.60896969 0.99919641 -1.48798692
v 1.24403822 0.692220986 -1.89730847
v 2.01102591 1.40811408 -1.06900513
v 1.64648128 1.1198163 -1.24834204
v 2.17322183 2.17551517 0.00318896701
v 1.93672228 2.25552654 0.458602041
v 1.78356123 1.18385458 -1.26275635
v 1.9334085 1.91859555 -0.0239030551
v -0.949749947 0.500285625 -2.17453432
v 2.29686165 2.01112318 -0.399173498
v -0.519607604 0.424744904 1.92405915
v 1.27345324 0.783879817 -1.69820011
v 1.9136399 1.72715592 -0.323229373
v -0.532233119 -1.24469721 2.24399233
v -0.665173829 -1.368608 2.0366962
v -0.215239167 -0.337201357 2.61896133
v -2.35514069 1.65046287 -1.03134477
v -2.05596495 -2.2654624 0.292452872
v -0.940108895 -1.67370534 1.67738557
v -2.26970768 1.93471694 -0.479877412
v 0.707970798 -0.185589552 -2.73648906
v 1.18787122 -0.321131825 -2.62358475
v -0.239306837 0.398709536 -2.20696664
v 0.945475996 0.576891959 -1.99396849
v 1.16191912 0.773830712 -1.63131177
v -0.701629758 0.91521728 1.63679278
v -0.659299016 0.266836286 1.30220389
v -0.873562932 -1.21072316 1.39384103
v -0.917379498 1.31283522 1.38135612
v -0.690867901 0.655943036 1.46111333
v -0.960158587 -1.29828203 1.23815227
v -0.637963951 0.350969583 1.47391117
v -0.791514397 0.806627274 1.17317164
v -0.789126873 0.728854001 1.03152752
v -0.66932857 0.246975124 1.20519948
v -0.710672379 0.516360223 1.20625532
v -0.90770185 1.42781734 1.52714849
v -0.607197106 0.00304074516 1.52484918
v -0.595909059 0.0866441578 1.58094454
v -0.788079262 0.993991971 1.42937803
v -0.771511078 1.12045431 1.6018703
v -1.26804423 2.17349625 1.49579728
v -0.84281826 1.18027568 1.45264935
v -1.00626242 1.64139581 1.50406742
v -0.589569926 -0.145046979 1.61619067
v -0.730421782 0.845557272 1.48213196
v -0.64558351 -0.00135897729 1.30390215
v -0.54006958 -0.092767328 1.79238284
v -0.749122739 0.677005351 1.20137882
v -0.668845594 1.01842833 1.80396605
v -0.744313359 0.592478991 1.07617104
v -0.787169099 0.879705191 1.2997545
v -1.12048471 1.81017983 1.42603672
v -0.817196906 1.39604342 1.71754968
v -0.7127285 0.445136368 1.04448175
v -0.737456083 0.52795893 0.943671584
v -0.845640898 1.04868591 1.29074597
v -0.988324404 -1.23363948 1.04958081
v -0.85750103 0.965408921 1.11751378
v -1.01410985 1.48540616 1.31908751
v -0.730423212 0.707712352 1.33980322
v -0.675072789 0.437897205 1.34260452
v -0.985104084 1.76665246 1.66436684
v -0.536303699 0.304072708 1.84051204
v -1.38634062 -1.80887115 0.852441609
v -0.570378244 0.653093755 1.86532259
v -1.15858114 -1.60042727 1.09567666
v -0.618026257 0.551706553 1.66474926
v -0.660381556 -0.692895412 1.60522509
v -0.617323041 0.171025038 1.49912822
v -0.598886192 0.348713875 1.63832319
v -0.650322616 0.517524898 1.52198386
v -0.926154137 1.21788383 1.23801994
v -1.93797159 -2.13892078 0.300374508
v 0.358891845 -1.1390202 2.53677154
v 0.752467453 1.36516964 1.84332609
v 0.973652124 -1.43000805 1.36073196
v 0.443917394 -0.955542803 2.2992239
v 1.43971121 -2.01019263 1.00728488
v 0.965325713 -1.71432376 1.65964234
v 1.85644865 -2.2201128 0.538878143
v 0.320065856 0.436235189 2.41680956
v 0.961944699 -1.50565004 1.47154164
v 0.640330136 -0.868842959 1.78439701
v 1.34976935 -2.18232822 1.36050868
v 0.689104378 -0.848049283 1.62396097
v 1.16088045 2.23319173 1.73192418
v 0.766253889 -1.29771602 1.76069307
v 0.3761338 0.0571697429 2.24808288
v 0.892706275 -1.42425799 1.56079125
v 1.63495314 -2.2974782 0.993620098
v 1.72378182 -2.12892771 0.639984488
v 0.46970439 -1.37513757 2.42634988
v 0.806889534 -1.44012094 1.77646339
v 0.486284316 0.153509572 1.96547532
v 0.533980429 -0.810553789 2.03389025
v 0.950466931 -1.96273828 1.88815057
v 1.60818493 -2.18418741 0.909013212
v 0.723446906 -1.51448238 2.00818157
v 0.59342581 -0.520876408 1.73265994
v 0.313823342 0.0450855047 2.39159226
v -0.308694959 0.35995537 2.42908621
v 2.43029785 1.97295928 -0.618518472
v 1.83466005 1.43179476 -0.79139632
v -0.481587589 0.108029559 1.97490764
v -0.364243865 0.63767457 2.36559081
v -0.53641355 1.53263152 2.37832475
v -0.651713312 1.72700882 2.27336287
v -0.378911138 -0.2658315 2.25789309
v -0.7445876 1.53760123 1.98035276
v -0.376906633 0.035395097 2.24572778
v 1.6223886 0.937225342 -1.63883984
v 1.46259117 1.01212668 -1.29730701
v 0.678366899 0.562711298 -1.89864576
v 2.25000429 1.75196993 -0.745689869
v 0.736560524 0.610910892 -1.79036593
v -0.785343051 0.482273936 -2.14777398
v 2.32539511 2.12480927 -0.271082997
v 1.21525478 0.833285213 -1.51563036
v 0.240504622 0.472924113 -2.01470923
v 0.0226668268 0.448248208 -2.06413245
v 2.06082773 1.96762657 -0.141836375
v 2.15271568 2.35821724 0.273630768
v 2.17340684 1.84352708 -0.498528272
v 2.07378149 1.31104481 -1.32135689
v 2.11164427 1.59154654 -0.850274265
v -0.458358765 1.40438914 2.46033692
v -0.512043774 -0.410372227 1.94159853
v -0.504537404 0.743220329 2.07783914
v -1.13284945 -1.72834241 1.31257451
v 1.9711386 1.80563259 -0.273124605
v -2.14093399 -2.08114409 -0.0860064998
v -1.50562477 -1.12680209 -1.04567659
v 1.79498589 -1.68057394 -0.213254049
v -1.55643487 -1.40242445 -0.378246009
v 0.51271224 -0.733444571 -0.944906831
v 2.03763366 -1.86997187 -0.264568597
v -1.9180181 -1.95737457 0.0629901439
v -1.53400159 -1.30947626 -0.584214091
v -1.70338416 -1.81870341 0.210647821
v 1.36746871 1.24670231 -0.397405773
v 1.80307055 1.57313144 -0.443412513
v 0.843036652 0.86540693 -0.263888389
v -1.34133315 -1.4256047 0.243376523
v -1.05155683 -1.10451913 0.386545897
v 0.975613236 0.961906493 -0.351539403
v -0.732982039 -0.633855402 0.332545877
v -0.53721565 -0.139663592 0.354885757
v -0.675792098 -0.516267896 0.36682868
v -0.448941886 0.170549214 0.206519097
v -0.59347254 -0.234332442 0.438054562
v -0.797023177 -0.75072062 0.254836142
v 0.76571703 0.794646859 -0.160441503
v -1.2027607 -1.32463336 0.439222932
v -0.75713861 -0.65184772 0.412169188
v -0.657939672 -0.376446962 0.518826842
v -0.405786097 0.609719157 -0.327909231
v -0.963245034 1.3594507 1.30639899
v 0.672845602 0.692483187 -0.0607702807
v -1.4804213 -1.49213612 0.0290042479
v -0.834201872 -0.787979603 0.371870726
v -0.693980098 -0.51775372 0.438099384
v -0.478157699 -0.0325785354 0.276498914
v 1.13963246 1.07476962 -0.401782215
v -0.897976041 -0.889163136 0.190264687
v -1.16454029 -1.20811737 0.205084085
v 0.882757425 -0.868286669 0.607269466
v 0.583943486 -0.627893448 -0.096958898
v -0.847328007 -0.867727518 -0.686729968
v 0.120065838 -0.622832358 -0.589611828
v 0.487414837 -0.547524691 -0.0938018635
v 0.731539309 -0.776713192 -0.214169875
v -0.762358665 -0.81226927 -0.313495606
v -0.721150041 -0.808123231 -0.755480111
v 0.630422533 -0.718840182 -0.277274549
v 0.373252451 -0.701311827 -0.864532173
v -0.69979167 -0.791256905 -0.48343727
v 0.0575749651 -0.454526126 -0.241435081
v -0.429249465 0.692980766 -0.612802923
v 1.57178044 1.38454235 -0.45698595
v -1.03186655 -1.05185533 0.206486285
v 0.807318926 0.75293088 -1.35519671
v 0.607453883 0.729303479 -1.21631324
v -1.32945442 -1.3757236 0.142485216
v 0.482216567 0.719057918 -1.06512213
v -0.519535661 0.319138855 0.225103498
v 0.489989102 0.483728349 0.0086666448
v 0.778881669 1.00106263 1.46756673
v 0.405421764 0.395318687 0.0101664718
v -0.840466738 -0.985350847 1.22371471
v 0.770472646 0.721523285 1.14628792
v 0.704124629 0.94776988 1.65457475
v 0.251071602 0.674234807 -0.788453758
v 0.31572175 0.301145554 0.0102568651
v -0.449386537 0.0717964321 0.232826933
v -0.716632426 0.725340843 1.41905248
v -0.483340919 0.538269401 -0.083503142
v 0.767312646 0.675719738 -1.60670984
v -0.38466996 0.704326749 -0.949843287
v -0.411650062 -0.27855432 0.109811246
v -0.888235092 1.08784103 1.18668544
v -0.861610293 -1.10318935 1.30416334
v -0.683879256 0.797527313 1.60225952
v -0.462275267 0.674436927 -0.457844496
v -0.407098323 0.557773411 -0.211768433
v -0.512819171 0.408143073 0.133206099
v -0.343977898 -0.196959764 0.088900663
v 0.216543317 0.678466678 -0.980438054
v -0.105725832 -0.413599283 -0.184100509
v -0.0859131813 0.666970134 -1.07600701
v -0.471658438 0.589887202 -0.19796364
v 0.165733516 0.641315281 -0.647588551
v 0.593372941 0.592743874 0.00130824058
v -0.130902529 0.669342756 -0.911744475
v 0.132881403 0.663858652 -0.825358212
v 0.184304535 0.590669751 -1.61959815
v -0.431394637 0.263700962 0.140725642
v 0.159193158 0.413048893 -0.168514267
v -0.445463479 0.441917002 0.00418808591
v -0.472210109 0.383215398 0.0998725146
v -0.0179608762 0.508839726 -0.325504243
v -0.00960320979 0.607008934 -0.554356992
v -0.229632109 0.641024709 -0.601494133
v -0.450883508 -0.381350279 0.0745109096
v -0.347195596 -0.30032137 0.035154622
v 0.211912632 0.668029547 -1.18465197
v -0.205267653 0.615911126 -1.51571631
v -0.40695855 0.495033294 -0.107772462
v 0.226764306 0.475898504 -0.217629284
v -0.87097007 0.701530755 -1.60214138
v -1.25334215 0.704809248 -1.87426984
v -1.46751225 1.1859616 -0.814811647
v -1.33013666 0.841306508 -1.60217595
v -0.793857217 0.822400808 -0.199581534
v 0.646919787 0.175872222 1.33540905
v -0.728593588 0.746655166 -0.0748996586
v -0.206983685 -0.227191776 -0.00935454201
v -0.189130515 -0.0349266827 0.0354384296
v 0.63036859 0.674585223 -0.119664393
v 1.19973028 1.14122629 -0.287135392
v -0.0703597143 0.201977015 -0.0369856358
v 0.166454196 -0.248471379 -0.0361777991
v 0.428985119 0.563947976 -0.198966563
v -0.335397005 0.664257407 -1.32057989
v 1.50215423 1.14133 -1.00045729
v -0.331647992 0.552424431 -1.7961508
v 0.915617824 0.858210027 -1.01558304
v -0.853181481 0.866332829 -0.745931566
v -1.19819641 -1.36167574 0.55341655
v -0.786988854 0.789226174 -1.15208018
v -1.0987047 0.662906408 -1.87194335
v -1.00022006 0.807131529 -1.36991346
v -1.43955302 1.08241677 -1.07312226
v -1.61570644 0.830150902 -1.86020672
v 1.70173132 1.79813492 0.177953124
v -1.28003502 -1.27985322 -0.0006583457
v 1.04310751 1.43871546 1.1832701
v 0.129581213 0.659166336 -1.21618187
v -0.657447338 0.49905467 -2.05838847
v -0.499498129 0.688434243 -1.32600927
v -1.20054078 0.806749701 -1.57544219
v -1.0716238 -1.20043421 0.63621974
v 1.52628863 1.68331516 0.331796348
v -1.24754572 1.10417593 -0.623185813
v 0.532941818 0.740685701 -0.804134011
v 1.36898637 1.53449512 0.42098543
v 0.0419365652 0.618991792 -1.4681623
v 1.49817646 1.27521312 -0.61008215
v 0.236259282 -0.318678558 -0.0510159358
v 0.913717866 0.799154639 -1.2941736
v 0.835246205 -0.779994369 0.483751148
v -0.653213859 0.6590904 -1.58183587
v -0.34545657 0.534840226 -0.22966224
v -0.588895321 0.734198689 -1.15251637
v 0.761280179 0.803564847 1.31473529
v 0.596415877 0.754078984 -0.980233192
v 0.173851445 0.0466288216 0.0286764484
v 0.256089509 0.220292464 0.0184330847
v -1.1032114 0.843135476 -1.36649239
v 0.224483371 0.549603343 -0.342384279
v -0.808347523 -0.81346941 -0.0351357348
v -0.022677388 -0.450720489 -0.239472717
v -0.475039601 0.563118398 -1.81054056
v -0.219156742 0.0695626512 0.0447946675
v 0.420893908 0.675300002 -1.32581055
v -1.34891891 -1.5192132 0.443532825
v 1.11984098 0.927792072 -1.08394313
v 1.05724788 0.995526135 -0.564720213
v -0.0270247851 -0.418227792 -0.200166509
v -0.910088778 0.914523125 -0.158095583
v 0.840427399 0.802952766 0.319500744
v -0.606415629 -0.651053131 -0.108600311
v -0.65689075 0.773700118 -0.960089445
v 0.765955567 0.737254083 0.130673975
v 1.2917819 0.95728755 -1.23833966
v -0.0537350327 0.378351897 -0.156733081
v 1.62411237 1.48024845 -0.323064327
v -0.159190014 0.0509112217 0.023184726
v -0.191573367 0.54429847 -0.34833622
v -0.229533061 -0.0225422475 0.0541491844
v -1.97610903 0.855057061 -2.06739378
v -1.00163448 -1.00955939 0.12812534
v 0.235876307 0.603141844 -0.46387884
v -1.68637061 -1.70513678 0.0364765972
v -0.114845961 0.217250362 -0.0354400873
v -1.06498301 1.05960429 -0.0486218445
v 1.25083971 1.21227932 -0.158044994
v -1.01700056 0.915836334 -0.932494164
v -1.02079284 0.981744766 -0.487472951
v -0.732285738 -0.719285131 0.0502780713
v 0.794318616 0.807294607 -0.0824525133
v -0.88037765 0.858533442 -0.92399472
v 0.341875345 0.610804021 -1.58857465
v -0.816049695 0.791904807 0.160589516
v -1.08496928 -1.07105553 -0.11144416
v 0.398411453 0.615312576 -0.351226121
v 0.81969893 0.845626116 -0.815589964
v 1.42326736 1.18181252 -0.74396801
v -1.48031533 0.782426894 -1.86083484
v 0.242687017 0.121352382 0.0464671105
v 1.32879066 1.38020551 0.157613322
v 0.908838212 0.913588226 -0.164119303
v 0.0370039307 0.425577998 -0.207870096
v -0.966453671 0.957056165 -0.315570801
v -0.607027352 0.704499841 -0.27986744
v 0.648288965 0.736497343 -0.305877119
v -0.185586467 0.15512915 0.0107949208
v -1.89938426 -1.85378957 -0.0761841312
v 0.206516922 0.231978312 -0.0119203944
v -0.778141737 0.836240828 -0.578441083
v 1.28432083 1.1373229 -0.584853053
v -0.6737293 0.7704615 -0.42077747
v -0.17809467 0.402763844 -0.150780201
v -0.889898658 0.536793172 -2.06335616
v -0.723475456 0.61700356 1.2644521
v 0.873553276 -0.992727339 1.09175336
v 0.00561355427 -0.165465504 -0.0278636385
v -0.470821917 0.720285594 -0.753123939
v -0.634990752 -0.497880638 0.269014329
v -0.545741439 -0.383877426 0.213478535
v -0.796543539 -0.691187739 0.705062509
v 0.0633025542 0.079318881 -0.00230004149
v 0.597091794 0.50421828 0.166455299
v 0.840354502 0.844519198 0.952537954
v -0.0884769261 0.125318572 -0.00800185464
v -0.108543113 -0.05833143 0.00846479088
v -0.0674232617 -0.162272051 -0.0222467687
v -0.136974797 0.312213242 -0.0854769573
v -0.18855907 0.328742385 -0.0802415237
v -0.608884752 0.260638833 1.56527424
v 0.381320447 0.484304547 -0.11811582
v -0.0686571896 -0.0712355599 -0.000363061088
v 0.0685323179 -0.108576126 -0.00717085321
v -0.39386791 0.328698516 0.0567382053
v -0.678237677 0.222658187 1.03645313
v -0.285292029 -0.399281561 -0.0927048996
v -0.585397243 0.530671656 0.0997334644
v 0.272213846 0.543142676 -0.300802171
v 0.059337467 0.604947865 -0.54264915
v -0.689688146 0.562900066 0.325041711
v 0.678526938 -0.374318361 0.623575747
v -0.870036125 -0.862387359 0.752864838
v -0.635880888 0.0563469492 1.37405992
v 0.155174673 0.238516614 -0.0346764065
v 0.106638066 0.340922326 -0.115075871
v -0.51150316 -0.272224516 0.245189101
v 0.0290009659 -0.00800364558 0.000777466979
v 0.0999668539 0.643327534 -0.690909028
v 0.156223625 -0.0298742019 0.023921106
v 0.354996175 0.298070878 0.0432005934
v -0.568924487 0.104228862 1.69110584
v -0.696500421 0.407585084 1.15352917
v 0.699303865 0.633500218 0.192941353
v 0.725085258 -0.488161832 0.99557811
v 0.172135279 0.147211999 0.00823886972
v -0.51240021 -0.479737163 0.0468521751
v -0.321424514 0.46157831 -0.138684899
v -0.130491927 -0.145725176 -0.00431715976
v -0.384307116 -0.474379241 -0.101717524
v -0.247576728 0.270425826 -0.012975622
v -0.657674193 0.180369139 1.25811481
v -0.736662626 0.563248158 0.577095509
v 0.727383316 0.499295592 0.729704916
v -0.0393146276 0.105313234 -0.00962655898
v -0.674262524 0.607729733 0.172875479
v -0.776589155 0.669906437 0.493060321
v 0.666464925 0.186349809 1.17838657
v -0.094238773 -0.256778032 -0.0601082966
v -0.308893293 0.0040114047 0.10225258
v 0.128796875 0.155145064 -0.00768858101
v -0.647689939 -0.053459283 0.731455147
v -0.0118918885 0.435803145 -0.221247405
v -0.393423766 0.142338306 0.153382003
v -0.615769386 0.20094347 0.524811625
v -0.657139063 -0.0199905261 0.810155451
v -0.559532464 -0.124369986 0.406015575
v -0.377958179 -0.0729796886 0.153846756
v -0.653918624 0.245804429 0.649748027
v 0.104096323 0.057362821 0.00761731621
v -0.635761797 0.231896073 1.42613554
v -0.104065157 0.650682032 -0.733478844
v 0.742877722 0.539870262 0.864888608
v -0.670714498 0.287013113 0.705359221
v -0.672584176 0.334053814 1.26219809
v -0.541293502 0.122151107 0.368302554
v 0.300554156 0.689504743 -0.938533425
v 0.709506989 0.409505725 0.883105278
v -0.290174574 0.191221192 0.0517842956
v -0.32897982 0.119793028 0.102540538
v -0.136937916 0.135991067 0.000264964357
v -0.160676688 -0.229153037 -0.0281555392
v 0.413188785 0.305121392 0.0938174129
v -0.339600623 0.220304549 0.0749485344
v -0.614617705 -0.254571438 0.485327691
v -0.469985545 -0.159842953 0.238178998
v -0.385403633 0.235293373 0.107889436
v -0.25460279 -0.210027665 0.0223081559
v -0.584036767 0.0273845699 0.484574109
v -0.628967702 0.318983018 0.476597726
v -0.201607287 -0.134397879 0.0234993268
v -0.613752425 -0.0842723101 0.567249417
v 0.216141164 0.0346941724 0.0470496155
v 0.312562525 0.121237747 0.0899167806
v 0.0435652174 0.17991139 -0.0311919395
v -0.621747375 0.0754205063 0.599131465
v -0.596853793 -0.118068472 0.503094852
v -0.479970664 0.187114596 0.241804719
v -0.344448209 0.585550785 -0.33289507
v -0.684857965 -0.349218756 0.712177515
v 0.107327849 0.249951854 -0.0536368005
v -0.669275224 -0.197600782 0.813974977
v -0.31508714 -0.108709283 0.094706513
v 0.0913634151 -0.0235672798 0.00783852302
v -0.440692693 -0.181476831 0.192129776
v -0.511164665 -0.0257838201 0.329080045
v -0.413701057 -0.0635447949 0.191690072
v 0.38977468 0.21039705 0.124179736
v -0.658422768 0.128564611 0.776890874
v -0.0659146532 0.570038438 -0.444165766
v -0.349505275 0.0171884038 0.133526623
v -0.0876481831 0.0354759395 0.00646224152
v -0.636710703 0.0933284461 0.659085095
v -0.672390163 -0.373806506 0.589964628
v -0.510534704 0.0982249156 0.3179003
v 0.447525024 0.706171334 -0.669551551
v -0.705570281 0.390705824 0.893108726
v -0.488802195 -0.56063211 -0.115538836
v 0.316322595 0.653999686 -0.575875998
v 1.40992451 -1.34916162 -0.177534983
v 0.0859924629 0.492593586 -0.291298956
v -1.11167204 -1.1117835 0.00073521107
v -0.726344466 0.501337349 1.0251894
v 0.174812794 0.325782627 -0.0832361877
v 1.21497619 -0.934139132 -1.20771956
v -0.952007949 -1.01743686 0.714274704
v 0.862650156 0.883038282 -0.504359961
v -0.450865984 -0.487234861 -0.0472206287
v -0.615010619 -0.603622675 0.0253311433
v -0.880856752 1.17617106 1.33089352
v 1.00701451 1.67908621 1.53883159
v -0.77211237 -0.659149885 0.502663612
v 1.38831115 1.2953707 -0.288926601
v 0.317555606 0.397509485 -0.0687132701
v -0.0969384536 0.447114468 -0.225418031
v -0.930059731 -1.07210326 0.98457855
v 0.610524774 0.765698373 -0.757225692
v 0.737708449 0.612283707 1.16846073
v -1.04493499 0.968801498 -0.701331198
v 1.73905993 2.2043395 0.710759342
v -0.640656114 -0.229693741 0.599826872
v -0.698866367 -0.36437735 0.847467899
v -1.50104189 -1.66395056 0.352402449
v -0.252139956 0.671928525 -0.764456987
v -0.150519371 0.470074922 -0.24147673
v -0.72135365 0.51903075 1.12532544
v -0.743636131 -0.541909337 0.826473415
v 0.603830993 -0.290311813 1.59686053
v -0.246321142 0.55886966 -0.348813623
v -0.768252909 -0.789097786 -0.112980708
v 0.468126953 0.295554906 0.165928453
v -0.935368478 -0.933462441 -0.345017374
v 0.884187698 0.873425722 0.170374617
v 0.498554319 0.636747658 -0.272796273
v -0.70266211 0.688444555 0.0468466356
v -1.08476615 -1.01896095 -0.52121973
v -1.15527475 1.11940193 -0.204655737
v -0.603779793 0.66231972 -0.146046951
v 0.778740525 -0.92196548 1.38386428
v 0.372556597 0.657795608 -0.523362935
v 0.557481408 0.125807613 0.401045024
v -0.701676369 0.374046624 0.982303381
v 1.3637352 -1.48214197 0.317982525
v -0.97386229 0.977437019 0.107152358
v -0.556490839 -0.494697005 0.0994912013
v -0.867292225 -0.837524056 0.581711352
v -0.858756483 -0.820706487 0.498718053
v -0.165479988 -0.308501273 -0.0738769397
v 0.806016028 -0.779245257 1.03003275
v 0.794118285 0.834677517 -0.323185474
v -1.14906001 -1.16634607 0.0917789787
v -0.589541376 0.27761957 0.398159325
v 1.10458779 -1.3505218 0.855137169
v -0.241927892 -0.306961328 -0.0396672525
v 1.43473077 -1.75265849 0.660128951
v 0.738380849 0.721008301 0.0687935129
v -0.906470656 -0.910065472 -0.105743885
v -0.818968296 1.05882692 1.3959626
v 1.73468471 1.91320443 0.308744639
v 0.51494354 0.723850608 -0.627942085
v 0.697920322 -0.366748095 1.04526281
v -0.637312889 0.426477581 0.379559636
v -0.919318497 0.91790539 0.0583987571
v 0.775619388 0.667339563 0.975796878
v -0.820735097 0.843017817 1.07714748
v 1.52756608 1.61596632 0.195262536
v 0.042294018 0.349024743 -0.131599069
v 1.23355937 1.39291453 0.507663131
v 1.08009291 -1.42377782 1.05632687
v 1.37708676 1.63305092 0.59325099
v -0.638475776 -0.597999156 0.093978174
v 0.257072866 0.642605066 -1.4002111
v 1.5223341 -1.81732273 0.572859824
v 1.2027458 1.295717 0.353285015
v 1.9572804 -2.01741195 0.093122147
v -0.341744155 0.393922418 -0.0465337262
v -0.561183333 0.352924824 0.272546142
v 0.311662257 -0.125020698 0.0883101225
v -0.20228976 0.252802491 -0.0246916078
v -0.669781089 0.706997395 -0.119359575
v 1.27753806 -1.14944136 -0.516395867
v -0.32578522 0.626104474 -0.460573673
v -0.599732399 0.385384679 0.325772315
v 0.475332052 0.569367707 -0.150876358
v 0.513339996 -0.388501823 0.154095829
v -0.761251688 0.621751308 0.982015073
v -0.630482256 0.453014255 1.563416
v -0.543367505 0.241492748 0.320447177
v 1.27149618 -1.3444823 0.244602159
v 0.902601004 0.891997337 -0.722864032
v 0.502770662 0.404511362 0.121691592
v 1.01324868 -1.32885504 1.11676204
v -0.039989572 0.287092 -0.0858323351
v 0.691765845 -0.63980037 0.150377035
v 0.699371457 0.788182616 -0.45215404
v -0.795465887 -0.692499816 0.797920227
v 1.16904533 1.18317521 0.069935523
v 0.822799742 -0.901463747 1.17247868
v 1.74594092 -1.78354859 0.0686662123
v 0.213837072 0.40130648 -0.134199932
v 0.648550093 -0.175727472 0.678699434
v 0.671728969 -0.22854355 0.797041416
v 0.590876162 -0.253024191 0.419007301
v -0.707452118 0.51187849 0.519655406
v -0.760575294 -0.734009624 0.117469847
v 0.7886976 -0.754867256 0.177907065
v -0.466120869 -0.280689478 0.173164144
v 0.747873902 0.66907239 0.296055585
v 1.54228199 1.76495504 0.44386977
v -0.576133847 0.447658718 0.200601086
v -0.617533565 -0.377409071 0.381116897
v 0.646803558 0.527808547 0.252185285
v -2.28237295 -2.04839683 -0.325572282
v 0.960249722 1.1641953 1.03373015
v 0.690876067 0.753527343 -0.248842865
v -0.123381004 0.579688847 -0.454345614
v -0.413028747 -0.385161519 0.0279249586
v 1.55252588 1.89910841 0.636430264
v 0.311095387 0.48246479 -0.174528092
v 0.782105684 -0.700025916 0.393408954
v -0.878929615 1.31124425 1.48573065
v 1.47960854 1.46543169 -0.0357947126
v -1.40117288 -1.26233447 -0.43196243
v 0.42063266 0.488310486 -0.0835858434
v 0.732178032 -0.717306435 0.0572150089
v 0.00326923421 0.189831063 -0.0369292311
v 0.111016989 0.551651597 -0.392702609
v -1.06752455 1.67778623 1.40373981
v 0.177880868 0.599440455 -0.486366749
v -0.946663558 -0.961155295 0.442257106
v -0.79799974 0.804874659 -0.0436800718
v 0.052382648 0.555857956 -0.413374037
v -1.09382117 1.03376055 -0.459415793
v -0.744098783 0.809167802 -0.400943935
v 1.79844546 -1.94409966 0.243575022
v -0.807189107 1.11081481 1.48842418
v 1.07578373 -1.08389521 0.0645648241
v -0.0944822282 0.37320438 -0.145667613
v 0.694353104 -0.333306253 0.894320846
v 0.94276756 0.95162046 0.397281229
v 1.00987101 -0.960328817 -0.619192243
v -0.710655928 -0.628938198 0.247641131
v 0.679142952 -0.457649589 1.33758807
v 0.580523312 0.220079705 1.66770589
v 0.687530041 0.794980228 -0.69387579
v -0.767493725 0.776356578 1.24979198
v 1.09114981 1.64722061 1.31641555
v -1.03534031 1.01187348 -0.2787157
v -0.307568818 -0.303424776 0.00288047898
v -0.523630679 0.664529085 -0.314009458
v 0.541502833 0.700416505 -0.416292876
v 1.05611086 1.10065842 0.332663834
v -0.61516118 0.482790679 0.240449429
v 0.320275366 0.682924986 -0.751306474
v 0.907945275 -0.914103448 -0.344642431
v 0.550300002 0.497832805 0.0838267803
v 1.38075995 -1.12522233 -0.84402746
v 0.639094412 -0.438717961 1.51927173
v 0.872595847 0.866377056 0.0812998414
v 1.01616216 -1.01364863 -0.0365377478
v 1.08341706 1.15671277 0.4237324
v -1.43689632 -1.38983166 -0.129986078
v 1.608459 -1.40608883 -0.474331558
v -0.631876349 0.632686079 -0.00198447122
v 0.902520239 0.97575891 0.903270304
v -0.15336968 0.65254724 -1.28511858
v 0.267854035 0.403495461 -0.107833557
v -0.746826172 0.971030295 1.54269075
v 1.37566078 -1.59346294 0.522977352
v 1.02762914 1.04032171 0.144562989
v -0.71863097 -0.513833404 0.588112235
v -0.949358881 -0.949152589 -0.0315890312
v -0.771622419 0.747514725 0.11501871
v -0.549047053 -0.262043417 0.318909943
v -0.556769133 0.74762404 -0.774958909
v -0.546512604 0.571859121 -0.0461575873
v 0.695339561 -0.547918677 0.380009383
v -0.792409837 1.25980031 1.66533804
v -1.62758827 -1.34964585 -0.652444959
v 0.610474885 0.751047552 -0.524073899
v -2.01222897 -1.66484606 -0.585479975
v -0.78493154 0.727711856 0.283559471
v 0.545990646 0.648395419 -0.223923132
v 0.725722909 -0.505071998 0.682163298
v -0.327594906 0.301077187 0.01912353
v 0.559130788 0.587458313 -0.0545473695
v -0.770285487 0.891397655 1.38142204
v 0.592568278 0.0881944671 0.499008656
v -0.752377748 0.82130444 -0.749877691
v 1.02861154 1.00838327 -0.257530838
v -0.280636251 0.506987691 -0.23244758
v -0.727817833 -0.514627576 0.669181764
v 0.706054807 0.403517783 1.01548243
v -1.21680558 -1.18710446 -0.133684561
v -0.762163758 0.682992816 1.12852132
v 0.634079993 0.355069548 1.49430156
v 1.77526975 -1.37862945 -0.820843101
v 0.58777988 -0.075132668 0.488369882
v 0.991320491 0.994368732 0.062514469
v -0.573698878 0.34640485 1.729123
v -0.895642996 1.4995234 1.62293148
v 0.672281682 0.27050212 0.740835249
v 0.619579494 0.177176714 1.48986959
v 0.807362795 -0.825284719 -0.131166011
v 1.07127571 1.05300033 -0.162138894
v -0.843266249 0.801670194 0.376131892
v -0.815293908 0.926886678 1.24472213
v 1.65867591 -1.64752102 -0.0226173326
v 0.648179591 0.0238264427 0.739656687
v -0.392028898 0.4118554 -0.0200731512
v 0.243439347 0.320913523 -0.0489330515
v 0.671470702 -0.618576407 1.50917995
v 1.24275577 -1.26046371 0.0689922348
v -1.05610704 -1.41872382 1.11879289
v -1.24185169 1.14966571 -0.403887838
v -0.945041418 0.913706839 -0.718411148
v 0.544066072 0.380495369 0.213780731
v 1.49719596 -1.67535281 0.382922858
v 0.510482371 0.648270249 -1.52577877
v 1.7182374 2.04412961 0.534320533
v -0.693499327 0.416840255 0.642075539
v -0.725181699 0.605311155 0.375978798
v -0.842202187 -0.839826763 -0.94981128
v 0.594257593 -0.746910155 -0.551630139
v -0.109223172 -0.662221551 -1.17164087
v 0.619517684 0.0149534242 0.599033117
v 1.06698334 -1.15782928 0.520887554
v 0.689806581 0.309610486 1.02101147
v 0.876039445 -0.876487732 -0.00641342672
v 0.499693036 -0.602926791 -0.186355069
v 0.0670742095 -0.667372704 -1.03902173
v 1.3976177 -1.26506448 -0.413911432
v 0.69062674 0.42439419 0.607475877
v -0.115362018 -0.616739035 -0.568585634
v -0.960938632 -0.932160437 -0.623164475
v 0.559237897 -0.298823416 0.313704133
v -0.4451949 -0.716949403 -0.834114075
v 1.16876411 -1.04575384 -0.667907894
v 0.714379668 -0.726047993 -1.36717367
v -0.242602944 -0.521566927 -0.280024618
v -0.168609157 -0.666066468 -0.814004838
v 0.448512703 0.00804159604 0.237117231
v -0.186395153 -0.594671369 -0.468544245
v 0.644085288 -0.355694771 0.490353376
v 1.58993149 -1.27177632 -0.78829062
v -0.0541797504 -0.663946748 -0.883262813
v 0.667850852 0.340646863 0.613724887
v -0.526771188 -0.732995152 -0.681427836
v 0.440031439 -0.158418879 0.199805751
v 0.374088943 -0.192444488 0.116979867
v 0.695023417 -0.789911449 -0.497389823
v -1.66253591 -1.45460546 -0.458442509
v -0.494090617 -0.714017093 -0.607999623
v -1.11249363 -1.06397963 -0.340622038
v -0.664000392 -0.779783547 -0.908838332
v 0.820841849 0.757179499 0.799197674
v 0.47335127 -0.70518589 -0.596792817
v 0.675913334 -0.767309487 -0.388140291
v -0.417227983 -0.70092988 -1.12558258
v 0.131703615 -0.553067267 -0.389656663
v 1.37917352 -1.03279078 -1.13057542
v 0.624126077 -0.770649135 -0.768231869
v -0.44166857 -0.674255431 -0.491673738
v 0.935959339 -0.936526477 -0.160465747
v 0.610944092 -0.561071217 0.101514414
v 1.58545876 -1.60128331 0.0342173688
v 0.681172848 0.323169976 1.17717385
v 0.357416123 -0.67282021 -0.616990566
v 0.587559342 -0.478334576 0.183726877
v 0.841815114 -0.835031152 0.0603582561
v -1.98726082 -1.80008435 -0.307385087
v 0.606737196 -0.678694427 -0.189159542
v 0.696264029 -0.731699586 -0.129922882
v 0.43719095 -0.644806266 -0.388490409
v -0.34096998 -0.651417196 -0.536135435
v 1.84299755 -1.56815374 -0.518741548
v 0.00874730852 -0.613559127 -0.577069879
v 0.621937037 -0.183031335 0.55661869
v -0.637217522 -0.736732483 -1.2148596
v 0.445316553 -0.674637973 -0.487285733
v 0.549106598 -0.0605528504 0.39769268
v 0.631950617 0.125521451 0.624881923
v -0.588155687 -0.738976657 -0.509852767
v 0.873804331 -0.88019067 -0.694645286
v 0.657405138 -0.763876677 -1.06012499
v 0.532086492 -0.707523704 -1.24928141
v 0.701205015 -0.753421664 -1.21386468
v 0.758814096 -0.589895487 0.801784039
v 0.81189543 -0.731869996 0.54725188
v 1.23876154 -1.19480634 -0.187703267
v 0.714006722 -0.429554045 0.877811491
v 0.890200973 -0.782576799 -1.33179212
v 0.238081366 -0.36260888 -0.0854711905
v 0.0569761768 -0.409723222 -0.188179061
v 0.501039684 -0.305501431 0.20589669
v 0.541025162 -0.243447378 0.314804375
v 0.51844877 -0.638593793 -0.245273873
v -0.642876029 -0.744349182 -0.364513814
v 0.138144508 -0.466933101 -0.241048709
v -0.725578666 -0.728793383 -1.36721766
v 0.760867774 -0.70587486 0.231278941
v -1.37591052 -1.02260375 -1.15619791
v 0.217963457 -0.678400993 -1.00638366
v 1.02133214 -0.873908401 -1.13976133
v 1.25071764 -1.05409276 -0.836193264
v -0.0031133804 -0.618354976 -1.46994233
v -0.555010796 -0.712651014 -0.444013923
v 0.435460836 -0.201181069 0.177642688
v 0.484503567 -0.721238911 -0.708052635
v -0.215329796 0.677751422 -0.92795223
v -1.76324177 -1.48839891 -0.558000863
v 1.94296825 -1.55662477 -0.691902459
v -0.406492859 -0.631016493 -0.386161387
v 0.506754518 0.0302712098 0.321329594
v -0.317295462 -0.662925363 -1.31501234
v -0.226077229 -0.485478938 -0.231690228
v 0.384638727 -0.106804624 0.153961241
v 0.058236707 -0.65709126 -1.20936966
v 0.511351049 0.0944190696 0.320114315
v -0.830507994 -0.86301285 -0.407579809
v 1.05917394 -1.01952291 -0.38030383
v 0.68062079 0.253385007 0.872578204
v -1.06066155 -0.853350639 -1.27836204
v 0.309320807 -0.314448982 -0.00365978805
v 1.332515 -1.23857272 -0.327814668
v -0.155386537 -0.514598191 -0.308359414
v 0.705550075 -0.4268879 0.721917033
v 0.373453796 -0.693401217 -1.12613118
v 0.075869441 -0.345251262 -0.124391899
v 0.317697436 -0.247647583 0.0443134084
v -0.0528953969 0.651918292 -1.25724709
v 0.00814089924 0.562677026 -1.70863712
v 0.450579941 -0.336915076 0.112791717
v 1.66516137 -1.25275338 -0.953457773
v 1.45726264 -1.26678276 -0.549243569
v -0.589425623 -0.737542987 -1.12767935
v 0.795416355 -0.840880334 -0.404853523
v 0.36695236 -0.69512558 -0.775200486
v -0.0741856098 -0.554974198 -0.408093452
v -0.206599995 -0.677405 -0.978996158
v 0.665633917 -0.452442884 0.438878208
v -0.113549136 -0.451359868 -0.227083117
v -0.35680002 -0.698354006 -0.990537465
v 0.661558628 -0.0707924813 0.84215343
v 0.092469275 -0.656904757 -0.78534013
v -0.52076602 -0.733654737 -0.983426094
v 0.603178263 -0.75775367 -0.629355252
v -0.0604838058 -0.667516589 -0.982060552
v 0.646248162 -0.305575669 1.40633917
v 0.968082726 -0.970123649 0.0770774409
v 0.104018882 -0.638374507 -0.663441718
v 0.0124020427 0.666141152 -1.04779756
v -1.15469575 -1.0001018 -0.846976221
v 0.154421419 -0.655278325 -1.26383793
v 0.0777305216 -0.310181916 -0.0970614627
v 0.55266118 0.0312108025 0.408521324
v 1.39709783 -1.42848551 0.0868945792
v 0.517475843 -0.674881518 -1.41282737
v 0.974206626 -0.89730221 -0.929967463
v 0.323855191 -0.52617979 -0.232572451
v -0.468777418 -0.694122672 -1.25743687
v -0.400946647 -0.699313343 -0.729015768
v 0.690717816 -0.354164869 0.757068932
v 0.157292426 -0.359746695 -0.117073156
v -0.474227786 -0.628999352 -0.288777828
v -0.217675745 -0.677023768 -0.896939456
v 0.0486698002 -0.500592709 -0.309559286
v 0.923630536 -0.961748004 0.706763327
v 0.567687035 -0.715084016 -0.424792975
v -1.10525393 -0.929058433 -1.05305958
v -1.25204253 -1.01299179 -0.992976904
v 0.52276665 0.219872832 1.86522865
v 1.7121613 -1.53384805 -0.368635476
v 0.302843571 -0.199969023 0.0566767044
v -0.360338777 -0.669237852 -0.593320072
v -0.95661819 -0.84783411 -1.14708042
v 0.463769823 -0.422521025 0.0487016886
v 0.852785349 -0.875536919 -0.580399632
v -0.308957249 -0.616893172 -0.44774437
v 0.493295878 -0.133333802 0.280879796
v 0.0264259875 0.663096309 -0.879785478
v 0.984118879 -0.997485638 0.251611948
v -0.679875731 -0.79156065 -0.67624408
v 1.29858136 -1.05411124 -0.931267083
v 0.714875042 -0.602543831 0.334675729
v 0.0117466906 -0.575783134 -0.46372962
v 0.234589979 -0.624486208 -0.532726169
v 0.384795487 -0.344590008 0.0353983492
v 0.381961465 -0.27244392 0.0837987512
v -1.30098939 -1.15902913 -0.543147326
v 0.903740048 -0.893345833 0.38621825
v 0.0474763922 -0.646107078 -1.30318499
v -1.37160921 -1.18148637 -0.635421216
v 0.158505142 -0.319069862 -0.0838828906
v 0.223068714 -0.667336106 -0.762764275
v 0.367703736 -0.669759035 -1.31231678
v 0.425264269 0.570559859 -1.76769364
v 0.330085218 -0.620584071 -0.43912822
v -0.521069705 -0.678484261 -1.39843154
v -0.335388094 -0.54032433 -0.248070285
v -0.968372405 0.965348661 -0.11973682
v -0.10793519 0.553883493 -1.7461797
v 0.819810748 -0.769832969 0.339289099
v 0.678188682 0.758160949 -1.14652991
v -0.674393713 -0.688965082 -0.0448231623
v 0.957776725 1.28260958 1.22459114
v 1.69937861 1.35848975 -0.751058161
v -1.11331379 0.910506606 -1.14077079
v 0.764881849 -0.628727198 0.962053478
v 1.19514406 -1.52925086 0.894201517
v 0.653414428 0.127042174 0.739975095
v 0.688633561 0.353075802 0.738190234
v -1.82670832 -1.61136436 -0.404660851
v -1.27488089 1.05749083 -0.87343049
v -0.980822265 -0.961695433 -0.413091421
v -1.64917517 1.09726381 -1.30439138
v 0.665201068 -0.10140118 1.12484396
v 1.95942497 2.1036315 0.216876313
v 2.11878633 -2.0581429 -0.0883507803
v 1.10190821 0.986903071 -0.775765121
v -0.740894556 0.801941812 -0.955307066
v 1.65302229 -1.87703228 0.404506743
v 0.593833923 0.0309422016 0.511908889
v 0.698139668 -0.553085089 1.32862306
v -0.0775086731 0.515333295 -0.330259651
v 1.16034079 -0.961528301 -1.02171075
v 1.25694013 -1.40512967 0.459620118
v 0.622557819 0.256687462 0.509559453
v 1.33959126 1.43086767 0.26237613
v 0.663152933 -0.240941167 1.25430572
v 1.21472967 -1.12334239 -0.433853239
v 1.08367014 -1.13105679 0.304106414
v -0.903494716 0.905975699 -0.533338964
v 0.546417832 -0.184832141 0.355617255
v -1.17709041 1.00189626 -0.889617264
v 0.604088247 0.568853974 1.72105181
v -0.700432301 0.761196673 -0.254033327
v 0.568853676 0.0933542848 1.69022036
v 0.665361643 -0.572987378 0.221178308
v 0.64264816 0.998976827 1.85968339
v -0.362887353 0.673422098 -0.612110615
v 1.08044386 0.887186766 -1.17953873
v -1.72890639 0.759248912 -2.07764697
v 0.811033905 0.771498203 0.246450424
v -0.729149282 -0.802410901 1.44529843
v 0.683206558 -0.280196726 1.07880425
v 1.62649596 -1.73648262 0.21596317
v -0.736223519 0.589599609 -1.85161722
v 0.686124682 0.495028406 1.33443785
v 1.2540735 1.01985359 -0.971808851
v -0.389767051 0.695016146 -1.13792956
v 0.745694399 0.574003577 1.0093286
v 0.684781611 0.70327884 1.5248673
v 0.666704595 0.590897858 1.50720572
v -1.18555391 -1.06105793 -0.642808378
v -1.54949594 1.14762056 -1.05317867
v 0.791536629 1.24398899 1.65423083
v -0.488800526 0.640956223 -1.5419631
v 1.09575808 -1.07611728 -0.148440272
v 0.755585551 0.586186767 0.707047939
v 1.33006144 -1.78843427 0.947631657
v 2.15064955 -1.8657465 -0.431851596
v -1.34408903 1.17254674 -0.602395535
v 0.711315393 0.496415943 1.17023146
v -1.06039131 -1.13675213 0.476997644
v 0.588705122 -0.141404197 0.471880645
v -0.476873308 0.724389076 -0.949991524
v -0.713361025 1.04861617 1.70550978
v 0.366725922 0.693282843 -1.11462712
v 1.06007171 -1.2030561 0.696896017
v -0.487631947 0.714823604 -1.12339032
v 0.768050313 -0.77347827 -0.0275587477
v -0.881360054 0.82055378 -1.14981735
v -1.64480126 -1.58670878 -0.122362435
v -1.28554857 -1.19865549 -0.337438136
v 0.712614536 0.796048164 -0.912819862
v -1.78569245 1.02543914 -1.59894443
v 0.642756283 0.0653698817 1.33012462
v -0.680962801 0.541118264 1.40404272
v -0.317324787 0.619925022 -1.53961933
v -1.63484049 0.977104902 -1.56262159
v 0.947145641 -0.969530106 0.51086235
v -0.657872021 0.618620753 1.56194425
v 0.663571 -0.303110272 0.639462948
v 1.05216646 0.944514394 -0.86691016
v 0.640943587 0.749837935 1.70727468
v -0.907294989 0.899264455 0.241246909
v -0.864845216 0.616520107 -1.84789097
v 1.27993417 -1.52738011 0.654030323
v 0.613255262 0.0711940601 1.49972963
v -1.44639218 -1.76363969 0.65162617
v 0.145064995 0.635078251 -1.39808369
v -0.634196997 0.731849194 1.71704602
v 0.584738672 -0.144839123 1.63566756
v 0.832270741 0.899137735 1.12206936
v 0.325177222 0.610717893 -0.414931238
v 0.640906096 0.692210495 -1.44215477
v -0.561158478 0.738013208 -0.597019374
v 0.997219682 0.951981306 -0.628632784
v 0.942111015 1.39610457 1.40628242
v 1.68300426 1.60417151 -0.16105555
v 1.30804825 1.29899991 -0.0310167372
v -0.159992546 0.627120018 -0.588630736
v -0.800024271 0.744324446 -1.38271582
v -1.30512285 0.929470658 -1.33786774
v 0.251641572 -0.252925068 -0.000706383435
v 0.633342624 -0.612446964 0.0492701121
v 0.240522042 -0.483055919 -0.220511898
v 0.925660133 -1.08807611 1.03568649
v 0.857455492 1.22323298 1.45486474
v 0.931780457 -0.900551081 -0.775276124
v 0.885356903 1.49045181 1.63870227
v 0.805127859 -0.836801827 -0.846461892
v -0.908887744 -0.888603091 -0.784507692
v 0.872439086 0.632251561 -1.80923676
v 1.2401495 0.741766512 -1.77642918
v -0.46514678 -0.60509032 2.12471104
v -0.315906167 0.026476182 2.38667488
v 0.785631418 0.546064913 -1.9922334
v 0.947004795 0.686283529 -1.70622742
v 1.31261086 0.83246094 -1.60891581
v 1.93909383 1.23144531 -1.33386803
v 1.04588413 0.628013134 -1.92503357
v 1.82607436 1.09137642 -1.50183702
v -0.500468135 0.421488762 -2.2006886
v 2.30918932 1.56824827 -1.11668968
v -1.3466022 -1.9081769 1.06722438
v -2.38311982 1.74228227 -0.915601492
v 0.63454926 0.244308591 -2.6100688
v 0.230410576 -0.0835565478 0.0480609275
v 0.734894156 0.557630002 0.581569374
v 0.466179311 0.092433013 0.251449674
v 0.13821955 -0.112772532 0.0065248278
v 0.427897185 0.0786456615 0.205505833
v 0.325113565 -0.0438252389 0.112284474
v 0.274603546 -0.0929606706 0.0708309859
v -0.677328348 -0.739649534 -0.227887169
v 1.7705555 2.46313167 0.958765507
v 1.56002557 2.41179252 1.23499894
v 0.551152229 0.353265107 0.252631247
v -0.258847773 -0.420982271 -0.131803229
v -0.018372234 -0.274612635 -0.0792381018
v -0.0728970841 -0.281479269 -0.0784842893
v 0.398506582 0.136095896 0.160373449
v 0.670033753 0.50138247 0.372941643
v 1.13275707 1.37630963 0.810661077
v 1.32221186 1.91579318 1.12603128
v 1.24473703 1.55312872 0.798150837
v 0.701438606 0.567570686 0.361824095
v 0.75146544 0.614329934 0.512494266
v 0.919830382 0.924230337 0.503717124
v 1.38779712 1.91358805 0.989977896
v 0.0283099078 -0.213257268 -0.0461321957
v 0.0904911608 -0.152350962 -0.015343274
v 1.09992135 1.38134944 0.926845074
v 0.92645061 0.958225012 0.664657176
v 1.62368786 2.27440906 0.986595988
v 1.29806721 1.67244041 0.854116023
v 0.135756016 0.0609099492 2.75517654
v 1.03470385 -2.12516427 1.86203349
v -0.510367393 -1.48610544 2.4031136
v -2.0921185 2.44084263 0.459795684
v -0.302833527 -0.47667709 -0.172430411
v -0.059180364 -0.190545797 -2.64934611
v -0.903086424 -0.320502162 -2.53082895
v -0.832244575 -0.401314378 -2.34457636
v -0.00711308885 -0.312413067 -0.104744285
v -0.695878565 0.756663203 1.52789676
v 0.856388628 0.826717854 0.711383522
v -0.750390053 0.785089016 1.34013605
v -0.686164021 0.305179864 1.08518207
v -1.19555163 -1.15388107 -0.204446062
v -1.10998654 -0.566216946 -2.10427976
v 1.8271234 2.13634872 0.475600243
v 1.78481698 1.88778949 0.17708309
v 0.631634414 0.4101955 0.38338843
v 0.141572237 0.479657531 2.77796745
v -1.67678797 -0.605662763 -2.32799482
v -1.37642515 1.50494242 0.335214436
v -1.46636927 1.62517691 0.358490527
v 0.453460217 0.124036483 0.227112383
v 0.332743078 0.0591684952 0.11659012
v -1.85246229 2.15805078 0.463439792
v -0.447104275 -0.423417449 -2.18328357
v 0.459377378 0.242826268 0.186852351
v -0.422805607 -0.56507349 -0.208341599
g 
f 179 2000 61
f 3659 5461 2103
f 2013 281 384
f 1398 394 3745
f 3719 283 1332
f 3932 1980 3858
f 48 2781 2031
f 2021 50 1102
f 2086 15 4563
f 88 1391 2072
f 1244 5166 3056
f 11 2347 1996
f 2811 74 2041
f 2098 254 1995
f 5438 1581 1593
f 2070 82 1988
f 1087 622 3808
f 64 4247 1098
f 4368 64 2076
f 459 1338 2088
f 51 2021 201
f 2048 434 3704
f 30 3813 2085
f 39 2122 2004
f 1564 5462 731
f 2370 1028 4826
f 4190 5198 3151
f 2344 103 4316
f 4680 3552 1783
f 1198 4095 1154
f 5132 4129 2734
f 3762 390 1403
f 4360 105 3744
f 5040 3433 1649
f 5075 2229 1838
f 1776 4626 3637
f 5454 629 738
f 3466 5024 2386
f 5358 4014 2695
f 2749 3722 112
f 2751 113 2479
f 2809 556 915
f 4590 1114 4421
f 4475 4404 2794
f 4952 4012 2506
f 1609 1416 3362
f 1048 4825 2281
f 3312 117 1954
f 3295 4615 2173
f 3222 5125 2227
f 882 2738 1108
f 395 1582 1867
f 2455 1142 1241
f 3967 5420 3081
f 4994 4207 2612
f 1314 132 2095
f 3489 1951 2860
f 1857 123 4274
f 4302 3719 1332
f 3661 4551 1103
f 4558 3692 4317
f 3387 4870 2252
f 4877 3355 1702
f 2228 1065 613
f 2364 1024 4700
f 1348 1118 2148
f 4444 1396 2134
f 5096 4512 4375
f 5269 3044 2669
f 4322 1082 1394
f 1379 1312 4306
f 3700 2095 132
f 2095 3700 1084
f 886 879 2810
f 4777 3602 1650
f 3458 1420 2433
f 3646 1467 2438
f 3442 4852 2387
f 3236 894 1259
f 3650 4981 2440
f 2272 1029 4645
f 4685 3562 1785
f 3308 4992 2256
f 152 5071 142
f 2446 1072 4764
f 1872 627 720
f 4781 2225 1642
f 5453 1878 2353
f 4654 3330 1606
f 2499 1156 1190
f 4193 176 2096
f 1331 4301 763
f 3655 5457 1563
f 147 1884 2332
f 2586 4079 4164
f 4244 1246 2682
f 3966 3991 2957
f 3969 5265 2991
f 814 5472 2650
f 4073 4742 2964
f 3935 5299 2967
f 799 2616 2168
f 3982 5409 2969
f 2165 1900 5443
f 817 5491 1878
f 767 695 1879
f 772 743 1888
f 771 746 1885
f 3806 660 1141
f 4572 1867 158
f 1867 4572 2747
f 1152 862 3886
f 2922 5473 1590
f 2785 160 2461
f 2754 161 4569
f 852 2800 1076
f 1578 872 878
f 4410 163 2033
f 1582 395 4447
f 1940 2857 3626
f 3485 898 1303
f 3936 5399 2953
f 2956 1177 5339
f 4042 5249 3057
f 3054 1236 5270
f 3957 5008 3072
f 1495 4229 2684
f 4070 1245 2725
f 2378 5070 5061
f 5068 3443 1801
f 2379 1070 5089
f 5063 2385 1622
f 2271 1027 4780
f 1278 1031 2894
f 691 3405 1738
f 1300 1005 2885
f 4774 3524 1641
f 3428 1440 2371
f 2244 1004 4917
f 4980 3517 1808
f 3296 4665 2182
f 3258 174 1959
f 4604 2171 1597
f 3484 897 1285
f 145 84 255
f 176 4193 758
f 2098 177 4477
f 5437 254 2098
f 2055 178 1103
f 3726 179 1994
f 4585 1111 5431
f 459 180 164
f 1130 4585 1858
f 3817 181 1581
f 3817 3808 181
f 1984 4124 2457
f 2767 1136 1153
f 3074 1493 5046
f 5291 4198 2730
f 3949 5239 3008
f 4089 1982 417
f 936 1235 2661
f 760 4021 1191
f 4176 3078 2721
f 2496 322 1169
f 1545 3963 2538
f 750 1983 3868
f 5195 1238 2521
f 3934 4862 2965
f 1503 3952 420
f 3145 1192 5181
f 4100 5216 3011
f 1548 4084 2665
f 3526 1946 2886
f 3240 911 1264
f 1135 4286 1584
f 4286 326 2099
f 986 2839 1255
f 1062 2893 1284
f 4298 3730 194
f 195 228 1568
f 1357 1918 4487
f 3360 896 1280
f 3910 4329 1333
f 4543 4537 3683
f 92 1103 1992
f 4578 14 1097
f 2822 330 21
f 1344 3721 460
f 1344 2047 26
f 51 201 2831
f 3907 202 657
f 1088 203 77
f 4511 4912 1934
f 3675 204 3662
f 1378 4300 3698
f 1389 1286 3697
f 1390 1313 3684
f 5014 2436 1795
f 4966 5081 2219
f 3391 4856 2391
f 1050 4807 2406
f 1662 4693 2423
f 1661 4975 3465
f 1042 4803 2368
f 1627 4727 3209
f 3772 4580 3752
f 4385 215 3804
f 3779 4441 3785
f 1069 4785 2429
f 2639 5150 3017
f 4166 4636 3058
f 4181 1231 2726
f 2727 4222 922
f 2683 5007 3082
f 1308 2932 3680
f 2536 5056 3110
f 4348 2500 4333
f 933 4009 2532
f 2595 5416 3148
f 1568 228 3701
f 57 2049 1567
f 860 2762 2820
f 1572 467 1355
f 2923 5474 1586
f 2811 231 5474
f 1647 1002 3263
f 2435 5038 4763
f 3307 5076 2254
f 2408 5033 4811
f 4851 3348 1747
f 2377 4885 4902
f 5390 3480 1844
f 5051 3499 1664
f 1659 1046 3416
f 5100 3468 1665
f 4844 3349 1708
f 2212 4750 5310
f 3299 4876 2265
f 3298 1418 2276
f 2365 1049 4892
f 3507 1471 2394
f 747 1001 1640
f 4614 3430 1643
f 2211 4605 5374
f 3455 1417 2432
f 5098 3471 1670
f 3647 5389 2439
f 5241 3593 1839
f 1866 248 2120
f 1866 460 3721
f 5461 5456 249
f 1362 5104 4493
f 3319 1908 2882
f 3487 900 1302
f 1283 1066 2905
f 4278 1911 2892
f 1370 5109 1937
f 4279 1512 4528
f 3612 1943 2907
f 1184 4220 1155
f 4116 1971 3865
f 1345 463 2006
f 202 1556 41
f 198 7 2044
f 3852 256 1868
f 2157 257 5445
f 2618 5444 257
f 4955 2367 1797
f 1668 4801 3221
f 4674 5219 2222
f 3457 1443 2395
f 5460 1873 2193
f 3476 1465 2401
f 4943 2246 1607
f 3440 1466 2400
f 1620 4678 3218
f 1026 4657 2249
f 3234 4989 2226
f 2501 4775 264
f 3463 4911 2366
f 2285 265 5478
f 1874 265 2285
f 4728 3592 1655
f 5357 3636 1837
f 1660 1469 3197
f 1709 4868 3353
f 4623 4895 2374
f 5406 3595 1840
f 1610 4643 2202
f 5452 1880 703
f 3357 4871 2255
f 1743 5013 3453
f 312 4907 273
f 3300 1428 2409
f 296 4788 274
f 3493 5018 2375
f 3306 5000 2253
f 2355 277 310
f 3354 4737 2274
f 5042 2430 1807
f 1806 4724 3213
f 752 4140 1187
f 1985 3973 2465
f 2494 654 3857
f 384 1972 3889
f 2480 1986 3871
f 2757 2483 3830
f 3719 1095 283
f 1095 3719 2481
f 2500 4348 444
f 260 1893 285
f 271 1881 5451
f 276 1890 287
f 2361 287 313
f 5456 5461 1894
f 2359 288 307
f 3984 5398 2945
f 5160 1240 2663
f 3950 5333 2944
f 4948 4003 2529
f 4197 3087 2680
f 2544 1233 4184
f 4804 1228 2625
f 5238 4043 2623
f 274 2973 296
f 5322 4022 2720
f 1502 4092 2666
f 3189 4056 5279
f 3965 5362 2958
f 3927 3174 2668
f 4188 5145 3146
f 4156 5307 3059
f 1895 670 804
f 5226 4137 2636
f 931 1181 2610
f 4040 5143 3007
f 929 1227 2637
f 5324 3915 2719
f 982 1249 2626
f 257 2157 310
f 301 2162 304
f 294 311 2525
f 5495 4019 303
f 304 2736 2161
f 295 5476 4044
f 288 2284 2714
f 1409 315 4415
f 3813 1869 2085
f 4585 1130 316
f 2776 317 4590
f 2776 4373 2801
f 4483 318 3758
f 2482 3843 2773
f 2810 319 2759
f 4436 1552 3709
f 2463 3897 2752
f 850 1851 885
f 2791 322 2496
f 230 323 1572
f 2763 324 4562
f 2780 325 228
f 229 1567 326
f 2803 1569 2924
f 2821 859 2782
f 2814 328 2807
f 1351 329 1130
f 2822 462 3739
f 332 331 2806
f 69 331 2026
f 2750 1591 1852
f 1256 1006 2841
f 1265 1007 2887
f 3630 1941 4387
f 3494 908 1281
f 1325 1068 2918
f 3246 1960 2914
f 1323 1030 2916
f 3347 1962 2912
f 478 2943 1083
f 4343 2942 3686
f 2510 1405 2976
f 2667 1501 3027
f 5375 3916 2698
f 2587 5343 3036
f 972 4250 2728
f 2507 1439 3160
f 4080 4634 3001
f 4937 1252 2699
f 3939 5234 2968
f 5328 1173 2717
f 968 1232 2559
f 1226 5102 3173
f 2584 1498 3012
f 5335 1230 2723
f 4212 5236 3144
f 1234 5297 3172
f 2594 1500 3147
f 1242 5034 3113
f 4081 4632 3003
f 4748 3248 1595
f 4748 5408 2172
f 3431 4953 2398
f 1654 4775 2330
f 990 4716 2369
f 4959 3250 1653
f 3429 4613 2180
f 4756 3322 1619
f 4756 5047 2248
f 1812 1443 3473
f 1010 4675 2380
f 1787 1463 3389
f 1032 4872 2382
f 1033 4944 2372
f 3545 1942 2895
f 1034 2896 1304
f 3446 4922 2384
f 1669 1417 2412
f 3472 5313 2220
f 1013 4893 2269
f 3432 5009 2396
f 3436 5005 2397
f 1912 2848 3350
f 3351 4855 2278
f 3303 4894 2273
f 5350 3278 1784
f 3304 4873 2267
f 3200 5386 2170
f 4622 2181 1639
f 3293 4607 2181
f 5062 2373 1799
f 5062 5019 2373
f 1658 1052 2437
f 3622 4708 2437
f 1053 2901 1282
f 4751 5353 2209
f 1944 2853 3323
f 3302 4842 2399
f 1968 2910 3500
f 3449 4709 2434
f 4611 3384 1623
f 4611 4874 2388
f 4765 2389 1707
f 3418 4805 2389
f 1045 4963 2405
f 1667 1466 3223
f 3232 4949 2224
f 998 5314 2207
f 4617 2444 1775
f 3467 4733 2444
f 3521 378 4377
f 3445 4598 2169
f 4712 3572 1656
f 1805 1468 3477
f 1056 4726 2424
f 4686 3576 1624
f 3648 5367 2426
f 1950 2855 3627
f 3649 5372 2441
f 917 1079 3687
f 1306 2937 1389
f 1372 1317 3667
f 37 2062 1555
f 2050 4482 79
f 4568 2019 46
f 84 2028 255
f 66 2011 328
f 14 4578 2064
f 100 3910 1333
f 281 2013 86
f 34 2025 4296
f 1992 386 2052
f 2005 1390 90
f 132 388 3700
f 3799 390 3762
f 3748 4414 3782
f 2152 1343 1117
f 392 4582 3774
f 2127 1339 1120
f 2128 1346 3747
f 3796 394 4432
f 3746 394 3796
f 4445 847 3788
f 3721 1344 1580
f 3737 1132 1579
f 1132 658 3720
f 1147 853 3835
f 2774 2485 3866
f 2498 1144 1188
f 3920 1981 416
f 2770 1138 1146
f 3867 399 3831
f 1186 750 4139
f 3870 400 1148
f 1189 756 4141
f 1185 749 4138
f 2783 2469 3827
f 5117 2988 2537
f 4230 1193 2735
f 5069 1166 2533
f 1166 5259 2985
f 5223 2997 1494
f 4134 1178 2640
f 5415 4147 1496
f 3946 5205 3004
f 2588 5231 3043
f 5252 1199 1499
f 5032 1201 2615
f 1201 5384 2986
f 2579 5292 3029
f 1202 5164 3175
f 4150 2960 2577
f 5422 4151 1551
f 4071 5193 3149
f 5251 3052 1444
f 5251 4669 3052
f 2613 1500 3164
f 5387 3192 1549
f 5387 4695 3192
f 5315 1247 1550
f 1247 4717 3191
f 4213 3005 2681
f 4197 4731 3005
f 1206 3913 1143
f 2456 1150 1208
f 1208 751 4091
f 4093 1501 3013
f 2459 1981 3953
f 3962 5243 2966
f 3933 5371 2946
f 2466 1157 1214
f 4094 5232 3002
f 2467 1160 1215
f 3937 1405 2961
f 3926 2789 851
f 4258 5052 3193
f 3983 5272 2990
f 4843 3050 1445
f 2700 5363 2954
f 4252 1439 3190
f 2486 1151 1220
f 5207 4049 2664
f 5207 1901 4049
f 3437 1942 4386
f 3525 1941 2859
f 1446 5480 4264
f 2278 1912 2891
f 3495 909 1258
f 1258 992 2842
f 3309 905 1273
f 3609 1945 4309
f 1260 996 2881
f 3310 910 1275
f 3547 1956 2897
f 3490 903 1289
f 3271 1904 2889
f 3704 434 3824
f 2025 435 4296
f 146 3728 436
f 1276 3678 4544
f 437 4330 4318
f 1293 3679 3677
f 3492 907 1295
f 3585 1950 2902
f 876 4405 3822
f 3241 1960 2911
f 3435 1948 2851
f 441 4392 547
f 4478 868 463
f 875 443 3826
f 4308 1083 1395
f 4372 4321 4540
f 1316 3665 4539
f 1431 4505 4364
f 4486 4663 1356
f 1966 1371 5377
f 3568 1968 2917
f 445 4409 3911
f 2059 3733 91
f 2020 3779 3785
f 386 3734 452
f 452 1105 93
f 4433 4567 1401
f 2742 1552 4460
f 453 518 3787
f 4439 2131 1400
f 3780 4471 3792
f 455 4564 3798
f 1347 456 5
f 146 456 1347
f 22 457 882
f 1338 459 164
f 2054 461 1593
f 3739 3821 1133
f 4405 3823 4479
f 440 3241 42
f 2092 464 2828
f 3707 4406 2035
f 442 4396 465
f 2110 466 76
f 1355 467 2050
f 4358 1430 4506
f 4532 5392 1965
f 4290 1446 1958
f 4618 4489 470
f 1366 4919 4489
f 4823 1367 4370
f 4361 1431 1367
f 4382 4518 1939
f 4335 2936 3673
f 4352 3694 1082
f 3705 3731 1382
f 1382 4303 3688
f 1383 474 2030
f 1305 2931 1383
f 4339 4542 3674
f 1385 1292 3663
f 4351 2937 3671
f 4320 1078 1373
f 1373 4329 3682
f 4332 1081 4548
f 4548 1308 3666
f 2151 1346 1116
f 2126 4586 3765
f 3215 4620 2171
f 1412 2419 1835
f 2213 1001 5410
f 4591 4473 3769
f 2383 1002 4782
f 3506 4741 2436
f 2174 4887 4610
f 3459 4866 2385
f 4668 2417 1790
f 3294 4903 2275
f 3460 1422 2251
f 5085 3288 1608
f 3127 4022 5322
f 4595 3090 2558
f 4517 5116 1368
f 4974 1362 4395
f 2367 4955 4956
f 4605 2211 1598
f 2277 1041 4744
f 1711 1049 3385
f 3421 1434 2390
f 1434 2341 1742
f 2217 989 4910
f 5038 3588 1809
f 3508 4833 2410
f 1449 3474 1744
f 2425 1060 4778
f 3798 4413 3768
f 3220 1435 2223
f 3394 1450 2283
f 1450 3363 1714
f 2431 1046 4799
f 1451 3505 1749
f 3438 1452 2393
f 4267 1454 1919
f 1454 639 4269
f 3527 1455 2392
f 2376 1043 4879
f 2208 4759 4938
f 1457 2191 1625
f 2246 4943 5092
f 1458 3758 4452
f 2230 1061 5128
f 4576 4454 4574
f 162 4440 3803
f 5400 1360 4270
f 3779 1341 1507
f 2430 5042 4769
f 4750 2212 1648
f 4055 3178 2514
f 3207 4670 2229
f 4674 2222 1618
f 3301 4809 2282
f 4196 5282 3078
f 4187 5139 3121
f 2245 4884 5035
f 1480 3502 1814
f 2247 5357 5397
f 391 4570 3748
f 5087 1371 4389
f 453 4458 3797
f 5354 1358 4271
f 4041 4131 2576
f 3538 1485 2402
f 2214 4753 5330
f 5382 2416 1846
f 3199 1486 2221
f 1486 2421 1847
f 3170 1228 5074
f 1513 3084 2716
f 3231 4983 2225
f 1488 3559 1802
f 3071 5226 804
f 1514 4123 2642
f 4096 5271 3009
f 5157 4144 1515
f 3975 1516 3150
f 1516 2982 2534
f 4056 3189 2520
f 4146 5263 2662
f 4180 5066 2718
f 4200 1524 3075
f 1524 3093 2732
f 3130 5375 5107
f 4182 3917 2702
f 3140 5337 820
f 5142 4202 2701
f 3171 1232 5276
f 3129 1173 4984
f 3114 4982 4964
f 3128 4978 5001
f 3139 1252 5403
f 476 536 4326
f 3174 3927 5345
f 437 537 1293
f 472 4536 1312
f 3183 1249 839
f 3956 5179 2963
f 5381 1242 2724
f 953 1175 2535
f 3958 5266 3073
f 4186 3921 2627
f 3117 1233 5391
f 1537 3104 2545
f 4203 5286 3077
f 4060 1234 2560
f 4077 5245 3015
f 4257 5326 3143
f 4074 5194 3184
f 3945 5176 2952
f 5137 1226 1490
f 3037 1181 5309
f 5425 4472 4485
f 4588 4419 1554
f 5448 3656 1870
f 4478 463 1345
f 3702 1329 549
f 1329 3702 1566
f 179 3726 551
f 4402 551 4283
f 1570 552 879
f 2813 552 1570
f 467 866 4482
f 1574 553 883
f 1088 553 1574
f 2921 1576 1587
f 2037 554 1576
f 4456 3814 555
f 3814 3820 3736
f 2925 5487 1589
f 2784 621 885
f 4762 2190 1602
f 1602 1414 3242
f 4959 4603 2180
f 3448 5099 2383
f 993 4767 2384
f 1675 1432 3501
f 5063 4653 2385
f 3454 4828 2380
f 4730 3632 1611
f 3195 4434 2215
f 4699 2232 1612
f 3287 4993 2246
f 985 4736 2220
f 1678 1421 2272
f 987 5414 2221
f 3456 4721 2427
f 3531 1424 2425
f 1000 4600 2169
f 1704 1407 3644
f 4654 4830 2283
f 3297 1416 2382
f 4681 3530 1630
f 3224 5036 2217
f 1017 5016 2273
f 1717 1425 3311
f 4835 2259 1718
f 1718 4738 3400
f 4659 2195 1631
f 1631 1459 3211
f 1025 4930 2275
f 3393 4886 2388
f 4622 4609 2181
f 3395 1451 2431
f 4617 4888 2444
f 3235 1457 2208
f 4765 4701 2389
f 3358 1480 2245
f 1047 4827 2390
f 3359 4859 2269
f 1754 1040 3410
f 1754 4904 3399
f 4774 5082 2392
f 3217 4696 2372
f 4853 3374 1756
f 3352 4655 2174
f 4680 4666 2251
f 3444 4986 2373
f 4685 5058 2393
f 3417 4697 2405
f 4857 2340 1759
f 1759 4849 2365
f 4757 3641 1605
f 3450 1413 2213
f 1054 4722 2434
f 1688 1474 3257
f 4604 4644 2171
f 3452 4960 2369
f 1003 5407 2223
f 3475 4798 2268
f 4682 3532 1633
f 1633 5025 2216
f 4688 3314 1728
f 1728 4679 2249
f 1019 5094 2267
f 1760 1460 2403
f 4758 3376 1731
f 3392 4760 2277
f 4836 3633 1732
f 1732 5026 2244
f 5065 3365 1733
f 1733 1423 3321
f 1035 4913 2396
f 1763 4890 2281
f 1036 4936 3547
f 1765 1447 2270
f 4965 4754 2410
f 3212 4942 2209
f 1023 5405 2224
f 1793 4740 3461
f 5028 3368 1735
f 1735 1426 3328
f 1016 4898 2278
f 1768 4858 3397
f 5014 4770 2436
f 3233 4918 2207
f 1044 4793 2282
f 3361 4924 2248
f 1009 4766 3271
f 1693 1479 3227
f 4781 5338 2225
f 3464 4723 2424
f 1052 4772 2437
f 3194 4710 2214
f 5346 3252 1825
f 1825 4792 2429
f 4838 3404 1782
f 1782 4812 3513
f 1039 4846 3342
f 1772 1475 2250
f 5342 3255 1826
f 3541 4784 2430
f 4621 3549 1780
f 3624 5039 2367
f 4961 3403 1794
f 3420 4854 2376
f 3652 5352 2447
f 4711 3635 1616
f 3208 4794 2247
f 4969 2317 1828
f 1828 5054 2379
f 1057 4720 2426
f 1699 4734 3205
f 1830 1487 3556
f 1064 4999 2402
f 3214 5329 2172
f 5075 5240 2229
f 3651 5401 2428
f 4706 3581 1635
f 3210 1458 2218
f 4773 3578 1636
f 3198 1477 2230
f 3228 1483 5483
f 1058 4692 3585
f 1700 4713 2210
f 1589 2825 2925
f 2750 621 887
f 1865 622 2121
f 3808 622 1865
f 1128 2119 3854
f 623 1862 1099
f 1860 624 2115
f 624 1860 3821
f 3849 1863 2118
f 625 1863 846
f 675 764 626
f 764 675 1875
f 2442 627 722
f 1882 628 1564
f 2632 628 768
f 5454 765 629
f 2411 629 5485
f 1074 1891 2101
f 2284 630 770
f 821 667 631
f 667 821 1898
f 3528 1952 2888
f 1952 2865 3491
f 3256 1906 2884
f 1906 2838 3206
f 3369 1914 2890
f 1914 2874 3388
f 1433 4519 4395
f 3239 906 1265
f 3237 895 1266
f 1437 4491 4397
f 1406 4520 470
f 3488 901 1304
f 4521 4795 1364
f 4656 4490 4358
f 1429 4530 4499
f 4860 1357 4269
f 1464 4516 469
f 3486 899 1267
f 1067 2909 1281
f 3628 902 1282
f 3586 1924 2903
f 1924 2862 3623
f 1484 4514 4389
f 3253 1926 2840
f 5488 1256 3238
f 2186 1929 2900
f 1929 4314 3629
f 3496 912 1328
f 3498 914 1323
f 4832 4496 1365
f 5402 1931 1356
f 1507 4502 4272
f 3497 913 1325
f 4224 1969 3890
f 2448 1158 1185
f 4063 1974 3880
f 2470 1148 1186
f 755 4020 1188
f 2471 1159 1187
f 4107 1977 3874
f 2468 1149 1189
f 4193 1979 3892
f 1979 4172 2497
f 56 2008 1092
f 2015 29 3853
f 2079 12 3805
f 24 2040 4456
f 54 2022 1290
f 4406 2829 52
f 2074 17 2817
f 33 2067 1104
f 2043 753 1989
f 83 2070 1094
f 65 2075 1098
f 2020 44 3779
f 2019 4567 47
f 383 283 2069
f 19 1997 884
f 891 655 2753
f 2756 871 1076
f 387 1555 2062
f 72 2007 1577
f 2110 656 466
f 656 2110 1573
f 2053 77 203
f 85 1990 2001
f 2028 654 385
f 2018 68 1091
f 177 35 2073
f 452 93 2052
f 3723 8 2083
f 2080 657 202
f 42 1263 2003
f 763 2044 6
f 848 658 1859
f 2113 1991 3720
f 857 659 1864
f 3807 659 3848
f 3853 256 2015
f 855 661 486
f 31 855 2051
f 2094 97 4553
f 1992 662 1386
f 3662 2032 95
f 1402 4418 4575
f 4589 1342 454
f 765 1899 843
f 631 667 5439
f 740 5439 667
f 2156 668 1896
f 2159 668 844
f 2158 669 1897
f 2162 669 815
f 670 1895 817
f 2166 671 1901
f 2163 671 845
f 3478 1478 2184
f 2184 1071 5359
f 3479 5365 2186
f 2186 1051 5325
f 4921 2231 1639
f 5080 3407 1788
f 2156 675 844
f 1563 676 772
f 5457 5467 676
f 3451 4625 2176
f 2176 1037 4612
f 3226 4899 2187
f 2187 4681 5334
f 3225 5115 2188
f 2188 1008 5396
f 3469 5119 2289
f 4814 3402 1737
f 3230 5006 2189
f 5411 3254 1815
f 4746 3258 997
f 1415 3289 1598
f 2190 4762 4641
f 1440 2293 1784
f 4683 3542 1625
f 5261 2192 1618
f 2505 4751 686
f 4751 3518 1671
f 2194 687 806
f 4966 3243 1663
f 3481 5380 2195
f 2195 4659 5376
f 3462 4673 2232
f 2232 4699 4619
f 3292 4789 2233
f 5120 3546 1810
f 2258 1447 4931
f 4891 3369 1015
f 3290 4824 2259
f 2259 4835 4850
f 3631 4684 2300
f 4660 3401 1666
f 3305 4865 2260
f 2260 1020 4997
f 2301 695 800
f 1879 695 2301
f 4822 3312 994
f 4783 2238 1619
f 4976 3560 1814
f 3534 4818 2304
f 2304 1014 4689
f 4671 2305 1775
f 5059 3615 1798
f 1422 2241 1608
f 5073 3544 1816
f 4787 2262 1707
f 4988 3334 1739
f 767 4957 703
f 4957 3557 1786
f 4971 2307 1799
f 4820 3317 1645
f 2308 705 766
f 4839 3316 1646
f 1476 3536 1800
f 2310 1011 4647
f 1456 3398 1781
f 2312 1040 4878
f 5041 3522 1809
f 2280 4682 4819
f 3219 1432 2315
f 2315 5079 5108
f 3216 4725 2317
f 2317 4969 4905
f 3625 4985 2319
f 2319 999 4837
f 3356 4806 2320
f 2320 1021 4901
f 1436 3470 1648
f 2322 991 4694
f 4698 3419 1711
f 2324 1022 4880
f 3229 4926 2197
f 5385 3201 1669
f 3441 5043 2326
f 2326 995 4790
f 1057 3583 1652
f 2414 1055 4676
f 627 1893 2381
f 5070 2378 1802
f 4786 2329 1653
f 5004 3617 1803
f 2331 5481 833
f 1654 990 2369
f 2333 722 769
f 2442 722 2333
f 1420 2335 1595
f 4624 3280 1601
f 3204 4435 2199
f 2199 1012 4640
f 1467 3196 1656
f 5413 3604 1846
f 3390 4900 2337
f 2337 1018 4869
f 4608 2266 1623
f 5083 3331 1749
f 1408 3423 1657
f 2340 4857 4896
f 1442 2201 1624
f 5378 3284 1790
f 4642 3632 4730
f 5462 1881 2342
f 3396 4863 2344
f 5130 2344 1038
f 733 2346 4752
f 4752 3520 1672
f 781 5383 734
f 5383 3643 1835
f 831 4592 735
f 2420 1073 4592
f 548 1886 736
f 4929 3600 1804
f 737 1889 2350
f 1805 1056 2424
f 629 1890 2352
f 2354 739 5491
f 4829 3366 1703
f 4928 2205 1658
f 5344 3605 1847
f 5124 3586 1059
f 1888 807 2154
f 3638 1425 2407
f 2407 4836 4954
f 4743 3581 4706
f 1885 746 2155
f 3503 4468 2422
f 2422 5484 3503
f 3639 1409 2445
f 4691 3635 4711
f 2452 749 1207
f 2452 1973 3902
f 1219 1970 3876
f 1241 751 3880
f 2474 752 1217
f 1184 753 3890
f 81 753 2043
f 2014 87 1248
f 2761 2476 3833
f 2492 755 1205
f 4227 1975 3891
f 2477 756 1213
f 2477 1976 3877
f 2493 757 1216
f 2792 1140 1161
f 1190 758 3892
f 1206 2494 4239
f 1198 759 3874
f 2772 1139 3864
f 2769 3883 1209
f 2769 1137 1147
f 1211 4199 760
f 2495 1978 4199
f 2489 761 1101
f 761 2489 1585
f 5486 762 4409
f 2488 763 4301
f 198 763 2488
f 686 1873 764
f 626 764 1873
f 627 1872 722
f 765 5454 1876
f 5485 2736 2411
f 705 5472 766
f 687 1883 806
f 703 1880 767
f 628 1882 768
f 739 1878 5491
f 722 1884 769
f 630 1891 770
f 706 1892 771
f 771 1892 2361
f 676 1887 772
f 4222 5356 2988
f 1251 4735 3190
f 2511 1462 3931
f 4025 4233 2540
f 2540 4998 3179
f 1218 5201 4161
f 2703 1506 4221
f 4115 5144 1508
f 4194 5161 3127
f 2518 1517 4097
f 4253 5112 3192
f 2566 1509 4121
f 5200 3134 2580
f 2580 1489 2984
f 4635 4048 2568
f 5121 3941 2671
f 3970 4546 3124
f 4235 1196 2592
f 2592 1536 3980
f 2513 5355 2956
f 2581 1511 4122
f 5003 1194 2596
f 2596 5015 3113
f 2628 5158 3069
f 2945 1165 2704
f 4132 5256 3049
f 1231 5064 3075
f 1246 4958 3150
f 4254 4796 3115
f 3968 1537 3117
f 2168 1513 3170
f 3951 1503 3050
f 4085 4749 3052
f 3948 5174 3048
f 2572 1528 4101
f 2162 3961 669
f 3961 4950 2997
f 4120 1514 3071
f 5186 4051 2551
f 2551 5260 3053
f 4195 5229 3126
f 4176 5072 3078
f 3972 5141 2987
f 2957 1164 2707
f 2543 5136 3959
f 4638 1204 2552
f 2552 1529 3171
f 5361 3152 2673
f 2673 5373 3173
f 5298 4135 2631
f 2631 5242 3172
f 768 813 2632
f 4041 5303 2998
f 4090 5149 3037
f 2162 815 2562
f 670 817 1900
f 1224 5152 3060
f 2619 1541 4113
f 3988 5086 3120
f 843 4226 820
f 4226 5156 3140
f 631 4110 821
f 4110 5283 3070
f 4037 5275 2999
f 4821 5393 2990
f 2690 1525 3142
f 3010 1520 5227
f 5332 4026 2691
f 2691 1526 3130
f 5172 4038 2621
f 2621 5284 3034
f 5320 1197 2692
f 2692 1527 3141
f 1210 5308 3013
f 2655 1538 4102
f 1220 3014 4047
f 2657 1519 4125
f 2602 831 735
f 2710 1521 4225
f 5364 1200 2711
f 2711 5262 3080
f 5340 4030 2712
f 4216 5214 3123
f 5395 4001 2676
f 770 839 2714
f 3976 1535 3183
f 5347 3994 2678
f 1243 5189 3061
f 2660 1540 4128
f 5421 3995 2715
f 765 843 2161
f 807 1888 743
f 815 2155 746
f 667 2356 740
f 669 2158 815
f 815 2158 2155
f 668 2156 844
f 671 2166 845
f 844 626 2285
f 734 4194 781
f 5481 2603 833
f 815 746 2562
f 813 768 2502
f 695 2236 800
f 733 2503 845
f 807 743 2731
f 839 770 3976
f 2123 846 3766
f 625 846 2123
f 2775 847 4445
f 4479 847 2775
f 5428 2146 2741
f 658 848 2113
f 180 849 2116
f 1149 850 3829
f 2823 851 2789
f 2755 2106 2800
f 2758 853 1145
f 624 854 2115
f 661 855 31
f 2817 5435 2748
f 2121 856 3772
f 622 856 2121
f 659 857 2114
f 1146 858 3831
f 3864 859 2772
f 1153 860 3833
f 2108 861 892
f 2766 2475 3872
f 5436 4440 2777
f 863 2777 890
f 864 2779 893
f 2780 865 3804
f 195 865 2780
f 1158 866 3827
f 2787 867 3790
f 464 867 2787
f 1161 869 3845
f 2790 1591 1854
f 1160 870 3834
f 2786 1592 1856
f 2105 2796 2756
f 2802 872 1578
f 872 2802 889
f 915 873 1587
f 1569 873 880
f 2045 874 2813
f 875 3726 1093
f 443 875 2812
f 193 1092 2793
f 439 876 229
f 439 4405 876
f 888 877 2807
f 67 877 2818
f 2815 878 2806
f 2018 878 2815
f 552 2804 879
f 873 5482 880
f 2823 65 851
f 200 2097 4447
f 553 2808 883
f 887 70 2805
f 2745 885 1852
f 858 1853 886
f 621 1855 887
f 70 887 2068
f 870 1856 888
f 877 888 2818
f 869 1854 889
f 872 889 2806
f 863 890 4373
f 1290 2105 891
f 655 891 2105
f 861 2764 892
f 864 893 2107
f 3437 894 1257
f 895 2846 1274
f 3360 1913 2847
f 896 2847 1270
f 3434 897 1291
f 3485 1953 5492
f 3435 898 1296
f 899 2854 1272
f 4295 1923 2856
f 900 2856 1294
f 901 2858 1287
f 1922 2861 3628
f 902 2861 1288
f 3623 903 1283
f 1926 4324 3238
f 5489 1260 3609
f 1908 4323 3309
f 3491 905 1300
f 906 2867 1269
f 1947 2870 3492
f 3629 907 1284
f 3494 1921 2872
f 3439 908 1299
f 1943 4376 3495
f 3206 909 1255
f 1911 2875 3310
f 3388 910 1278
f 3240 1905 2877
f 911 2877 1261
f 1930 2878 3496
f 912 2878 1301
f 1932 2879 3497
f 3241 913 1263
f 914 2880 1277
f 2926 915 1588
f 4282 4346 3677
f 1268 3687 1376
f 4289 1077 4544
f 1311 3696 1377
f 2934 1078 3698
f 1315 3668 4540
f 4338 2940 1394
f 4369 1080 4539
f 4408 4341 1395
f 2948 1164 921
f 3974 1530 2949
f 2949 3990 5331
f 3977 1531 2950
f 2950 1165 5319
f 3954 1391 3083
f 924 3083 1248
f 2695 4927 3131
f 4016 1177 2694
f 2636 5217 3062
f 3062 1179 5159
f 2637 1509 3018
f 3018 5257 5155
f 1522 3085 2718
f 2992 1182 5222
f 3086 1508 5144
f 3086 1200 4945
f 2532 5210 2972
f 2972 5029 5312
f 3021 1204 5203
f 5090 3998 1169
f 2661 5209 3023
f 4036 5184 191
f 4053 1224 2641
f 4210 5221 3089
f 5106 3089 1211
f 4191 5211 3092
f 4593 3092 1216
f 5168 1236 4078
f 4099 5215 3028
f 4017 4133 2642
f 4109 1202 2579
f 5235 4104 1542
f 3094 1521 5170
f 4914 4035 1217
f 5113 1221 1419
f 4201 5191 3133
f 3940 4651 3152
f 3981 4970 3134
f 3134 5200 5048
f 1520 4117 2662
f 5294 2981 2535
f 2981 1194 5348
f 5183 1243 1505
f 1526 3135 2702
f 3135 1197 5118
f 3136 1196 5012
f 5321 4023 2701
f 2577 5247 3066
f 5218 1244 4072
f 4005 4006 2534
f 4729 3112 2576
f 4218 1523 3101
f 5336 4024 2733
f 3040 1540 5278
f 3040 1222 5167
f 4909 1203 2611
f 2559 1528 3157
f 3157 1223 5295
f 2588 2989 4215
f 5204 1180 1497
f 1529 4170 2585
f 3176 4068 5417
f 3106 1171 4652
f 2699 1532 3138
f 3138 1170 5067
f 4630 4114 2514
f 3107 1536 5153
f 4821 4223 2561
f 2613 3006 4155
f 4628 4142 2509
f 1518 4098 2520
f 3923 4834 188
f 4248 1250 2685
f 2521 5148 3186
f 5267 3186 1219
f 4259 5281 3168
f 3168 5347 5053
f 3181 1167 4920
f 4594 1253 1427
f 2197 985 5385
f 4736 3504 1678
f 4966 3244 5081
f 3245 4943 2196
f 4943 3245 5092
f 1676 4747 2183
f 3247 986 1318
f 3202 673 2185
f 5414 3202 1680
f 3249 4748 2334
f 4748 3249 5408
f 3640 988 1104
f 2170 988 1836
f 3364 699 2239
f 989 3364 4910
f 2331 990 5103
f 990 3509 4716
f 3510 4959 2328
f 4603 3510 1603
f 3251 4750 2321
f 4750 3251 5310
f 2226 991 5346
f 4694 3511 1649
f 1259 992 2840
f 2189 993 5411
f 4767 3514 1675
f 1266 994 2883
f 4822 994 1668
f 2227 995 5342
f 4790 3515 1670
f 1303 996 2884
f 4751 2295 5353
f 1328 997 2915
f 4746 997 1643
f 2346 998 4752
f 998 3259 5314
f 2182 999 4688
f 4837 3315 1665
f 1326 1000 2919
f 4600 3260 1704
f 3261 4604 2178
f 4644 3261 1779
f 3262 747 2362
f 1001 3262 5410
f 3523 710 2314
f 1002 3523 4782
f 3264 717 2325
f 5407 3264 1818
f 4839 1761 1004
f 1004 1761 4917
f 3265 4774 2288
f 5082 3265 1687
f 4820 3318 5131
f 1257 1005 2859
f 3267 4753 2297
f 4753 3267 5330
f 3268 4781 2290
f 5338 3268 1823
f 3269 1006 1261
f 3269 1927 2841
f 3320 1007 1272
f 1264 1008 2888
f 5396 3270 1811
f 1289 1009 2889
f 4766 1009 1693
f 4619 3272 1599
f 5334 3273 1796
f 4756 2303 5047
f 4819 3274 1621
f 5290 3533 1010
f 1010 3533 4675
f 2253 1011 5065
f 4647 3324 1609
f 4757 3276 1012
f 4640 3276 1777
f 4850 3422 1713
f 2356 1013 4829
f 1013 3367 4893
f 2254 1014 5028
f 4689 3325 1620
f 1280 1015 2890
f 4891 1015 1747
f 1271 1016 2891
f 4898 3371 1768
f 2300 1017 4660
f 5016 3372 1717
f 4896 3373 1710
f 5376 3277 1789
f 3535 5350 2191
f 2265 1018 4853
f 4869 3375 1709
f 2289 1019 4814
f 5094 3326 1760
f 2256 1020 4961
f 4997 3327 1748
f 2252 1021 4758
f 4901 3377 1708
f 2255 1022 4838
f 4880 3378 1702
f 4776 3279 1023
f 5405 3279 1793
f 4624 3642 1024
f 1024 3642 4700
f 3291 4605 2292
f 4605 3291 5374
f 3539 5063 2316
f 4653 3539 1629
f 3329 691 2257
f 4930 3329 1752
f 3540 5085 2306
f 1026 3540 4657
f 3379 4654 2299
f 4830 3379 1614
f 2354 1027 4883
f 1027 1705 4780
f 5083 3406 1028
f 1028 3406 4826
f 3281 4759 2287
f 4759 3281 4938
f 4683 3282 5412
f 3283 4674 2294
f 4674 3283 5219
f 3380 4884 2279
f 4884 3380 5035
f 5080 3332 5101
f 5378 3543 1029
f 1029 3543 4645
f 3333 1030 1274
f 1320 1031 2913
f 4988 3409 4840
f 4641 3285 1776
f 2263 1032 4940
f 1032 1751 4872
f 5073 3335 1033
f 1033 3335 4944
f 3336 1034 1269
f 2233 1035 5120
f 4913 3337 1763
f 1275 1036 2897
f 4936 1036 1765
f 3548 4622 2175
f 4609 3548 1685
f 2173 1037 4621
f 4612 3339 1664
f 3340 5062 2243
f 5062 3340 5019
f 1267 1038 2898
f 5130 1038 1743
f 1273 1039 2899
f 4846 1039 1772
f 577 3411 1040
f 4878 3411 1745
f 3551 4965 2298
f 4754 3551 1690
f 3383 4887 2235
f 4887 3383 4610
f 3343 4680 2177
f 4666 3343 1724
f 3344 4955 2237
f 4955 3344 4956
f 3412 726 2336
f 1041 3412 4744
f 2352 1042 5021
f 1042 3554 4803
f 3413 732 2343
f 1043 3413 4879
f 3414 4885 2311
f 4885 3414 4902
f 3555 712 2318
f 4793 3555 1770
f 4611 2338 4874
f 3415 4765 2261
f 4701 3415 1720
f 2242 1045 4957
f 1045 3345 4963
f 3558 744 2360
f 1046 3558 4799
f 3424 713 2264
f 4827 3424 1722
f 4976 3346 1048
f 1048 3346 4825
f 3561 4623 2339
f 4623 3561 4895
f 3425 715 2323
f 1049 3425 4892
f 2342 1050 4797
f 1050 3426 4807
f 3386 4685 2234
f 5058 3386 1725
f 4642 3563 1610
f 1285 1051 2900
f 5325 3482 1844
f 3564 4768 2421
f 4772 3564 1695
f 3566 1053 1297
f 3566 1921 2901
f 5108 3567 1801
f 1327 1054 2917
f 4722 3569 1688
f 4905 3570 1813
f 4954 3571 1808
f 3634 4617 2240
f 4888 3634 1632
f 3573 4712 2416
f 4691 3574 1662
f 4715 3575 1661
f 3577 4686 2417
f 4773 3579 1055
f 4676 3579 1627
f 2350 1056 4979
f 1056 3580 4726
f 4743 3582 1660
f 4704 3584 1057
f 4720 3584 1699
f 1295 1058 2902
f 4692 3447 1700
f 1302 1059 2903
f 5124 1059 1806
f 3589 5038 2313
f 5038 3589 4763
f 3590 5014 2286
f 4770 3590 1692
f 3591 5033 2309
f 5033 3591 4811
f 1682 4728 2415
f 1060 1682 4778
f 3594 5241 2198
f 3596 5406 2202
f 1061 3596 5128
f 3427 1062 1298
f 3427 1928 2893
f 3598 5042 2357
f 5042 3598 4769
f 3599 5357 2206
f 5357 3599 5397
f 2348 1063 4929
f 1063 3601 5129
f 3603 4777 2412
f 4999 3603 1832
f 5413 1849 1065
f 1065 1849 613
f 5344 3606 5323
f 5070 3607 5061
f 3553 1066 1288
f 3553 1923 2905
f 3611 1067 1294
f 3611 1922 2909
f 3613 1068 1287
f 3614 5075 2179
f 5240 3614 1841
f 5059 3616 1069
f 1069 3616 4785
f 5004 1827 1070
f 1070 1827 5089
f 565 3618 1071
f 5359 3618 1845
f 2203 1072 5383
f 1072 3619 4764
f 3620 4779 2423
f 3621 1073 4401
f 4592 3621 1596
f 3657 5448 2082
f 5469 1075 2024
f 5469 4557 1075
f 2754 1076 2795
f 3698 1078 1378
f 1079 2928 1388
f 4351 1079 1388
f 4371 3672 4553
f 4319 2933 3690
f 4335 4319 1380
f 4339 4293 1385
f 4321 3675 4557
f 2940 3676 4369
f 1080 3676 1386
f 2942 3693 4332
f 4313 1081 4559
f 4352 1082 1381
f 1083 3695 1392
f 549 1084 3702
f 1554 3711 2788
f 1991 3722 2117
f 1087 3722 1861
f 466 1088 2036
f 6 2078 1096
f 456 1096 2078
f 2016 37 1106
f 36 1995 254
f 4482 2109 79
f 66 2814 2056
f 229 1566 2071
f 2039 2822 21
f 47 4587 2077
f 2819 1091 68
f 56 1092 550
f 83 1094 654
f 1095 2481 2060
f 2490 1096 456
f 199 1097 2009
f 3735 1580 2087
f 460 1099 27
f 3706 1100 4325
f 100 1100 2089
f 458 4563 15
f 4280 1101 4403
f 1102 50 1349
f 1992 1103 662
f 89 4294 477
f 654 1094 3857
f 33 1104 3732
f 3729 145 255
f 4312 3730 2073
f 3731 1105 3847
f 254 5437 465
f 1990 1107 2001
f 3701 3724 2000
f 228 3724 3701
f 3699 1093 60
f 206 1993 3684
f 1993 206 3733
f 1558 3738 1579
f 1108 3738 2010
f 1477 1109 4454
f 3771 1404 1109
f 3759 1110 2749
f 1110 1404 2141
f 3761 1111 4585
f 3764 4470 4578
f 3781 1114 4590
f 517 1114 3781
f 3777 1115 1999
f 1115 1402 2126
f 2781 3743 1116
f 3743 4457 2151
f 3791 4419 4588
f 4434 4579 3767
f 3749 1117 1461
f 1424 1118 4413
f 3800 4464 2148
f 3784 1401 2135
f 1413 1120 4473
f 3786 1121 1411
f 3793 1122 4524
f 3793 1397 1122
f 3795 1123 4562
f 1123 1400 2131
f 3789 4565 2132
f 3801 1125 1438
f 2137 3801 1399
f 507 1126 1353
f 3788 1399 2138
f 1483 1127 4466
f 1141 3849 2118
f 3819 1862 2119
f 1129 164 2116
f 316 1130 329
f 248 1131 2111
f 623 1099 460
f 1132 3737 2112
f 3821 3739 462
f 3821 1860 1133
f 3736 1134 5438
f 1087 1134 2117
f 1330 1135 1584
f 3823 1135 1350
f 1136 3838 1150
f 1137 3840 1151
f 2483 3842 2770
f 2771 1138 1152
f 1139 3828 1145
f 2493 3846 2792
f 1140 3846 1157
f 659 2114 3854
f 1128 1141 3812
f 2450 1142 1218
f 1980 3913 2464
f 2497 1143 1191
f 1212 3953 1144
f 853 3830 1145
f 1139 1145 2773
f 3879 1138 3841
f 858 1146 2760
f 397 1147 3839
f 1147 397 2757
f 1974 2766 2470
f 862 1148 3872
f 1977 3884 2468
f 850 1149 2746
f 1136 1150 2768
f 859 3864 2782
f 1137 1151 3866
f 1138 3842 1152
f 1152 3878 2765
f 860 1153 2762
f 4095 1976 3887
f 2484 1154 1210
f 4220 1973 3896
f 1155 4033 1205
f 2449 1156 1168
f 1982 2752 2466
f 1140 1157 3897
f 866 1158 1575
f 1975 4103 2471
f 1159 3888 1207
f 1987 3901 2467
f 870 1160 2786
f 869 1161 2790
f 1163 2670 2947
f 5331 3990 2727
f 2957 3991 1164
f 921 1164 2683
f 5319 3992 1491
f 3993 5069 3093
f 1166 3993 5259
f 2969 1167 5421
f 4920 3996 2536
f 1156 3898 1168
f 2946 3999 2709
f 5090 1169 2538
f 2944 1170 5121
f 5067 4000 1470
f 2958 1171 5395
f 4652 4002 2507
f 4004 4948 3082
f 1172 2526 3124
f 4007 5328 2951
f 1173 4007 4984
f 3942 4982 922
f 4982 3942 4964
f 4008 4978 923
f 4978 4008 5001
f 4010 933 3087
f 2598 1174 4010
f 4011 953 3153
f 1175 4011 2962
f 4013 4952 3102
f 3073 4013 2589
f 4015 5358 2954
f 2686 1176 4015
f 1177 4016 5339
f 5228 3063 1897
f 1178 4134 3048
f 3008 1179 5298
f 5204 4136 1180
f 3004 4136 2628
f 4018 5226 3016
f 5226 4018 804
f 4019 931 3019
f 1181 4019 5309
f 3011 1182 5172
f 4044 5238 3020
f 2620 1183 4039
f 2458 1184 3861
f 753 1184 2458
f 1185 1158 2451
f 1186 1148 2472
f 4105 1187 3904
f 1187 4105 2454
f 4204 1144 3860
f 1188 4204 2460
f 1107 1190 3862
f 758 1190 1990
f 1143 4209 1191
f 1191 4209 2462
f 5322 2973 2591
f 4628 4143 1192
f 1192 4143 5181
f 4145 5157 3029
f 1193 4230 3115
f 5321 4231 5111
f 3079 4232 2543
f 5341 4025 2730
f 2991 5097 5332
f 5097 406 2575
f 5003 2684 1194
f 5368 4234 3118
f 3097 1195 5415
f 5012 4235 2587
f 5320 4214 1197
f 5118 4214 1492
f 4076 1198 1154
f 759 1198 3873
f 5155 4148 2639
f 4149 5252 3025
f 1199 4149 2999
f 5364 4236 1200
f 4945 4236 2614
f 4029 5032 3090
f 1201 4029 5384
f 3001 5423 4629
f 5423 3001 2734
f 1202 4109 5164
f 2968 4990 5340
f 4990 4237 2609
f 4909 4031 1203
f 1203 4031 2987
f 5050 4238 2546
f 3149 3187 2646
f 4638 4152 1204
f 5203 4152 4106
f 4154 5251 3031
f 5251 4154 4669
f 5312 4032 2680
f 4627 4213 2542
f 755 3858 1205
f 1155 1205 2465
f 3729 1206 3894
f 749 4082 1207
f 1159 1207 2457
f 3883 3871 1209
f 1154 3887 1210
f 760 416 1211
f 5106 4211 1543
f 1144 3895 1212
f 2966 4034 2710
f 756 417 1213
f 3002 1214 2518
f 2961 1215 2703
f 757 4192 1216
f 4593 4192 2510
f 752 3869 1217
f 4914 4243 2608
f 1142 3863 1218
f 5201 4162 2516
f 5393 3912 2690
f 5048 4171 1546
f 2965 4973 5361
f 5369 3137 1896
f 750 3868 1219
f 5267 4046 1504
f 3014 1220 2657
f 5113 3914 1221
f 1221 3914 3076
f 3003 1222 4635
f 4050 5207 3156
f 5207 4050 1901
f 3007 1223 5186
f 5295 4052 1547
f 5152 4053 2619
f 4637 4119 1225
f 1225 2563 3169
f 4173 5137 3043
f 5102 5137 4173
f 4599 4174 5088
f 4175 5324 2971
f 4054 929 3017
f 1227 4054 3053
f 5072 4176 2600
f 4177 4804 2980
f 1228 4177 5074
f 1229 2605 3080
f 4179 5335 2978
f 1230 4179 3123
f 5064 4181 2541
f 4208 5375 3036
f 5375 4208 5107
f 4183 5337 2994
f 5337 4183 820
f 4058 968 3042
f 1232 4058 5276
f 1233 3918 5391
f 1234 4060 5297
f 4061 936 3022
f 3015 4061 2659
f 5168 4062 1236
f 1236 4062 5270
f 2582 1237 4228
f 4064 5195 3046
f 3184 4064 2644
f 1239 2643 3188
f 4066 5160 3155
f 1240 4066 3049
f 4067 1142 3881
f 751 1241 2453
f 4185 5381 2979
f 1242 4185 5034
f 5235 4108 3055
f 4729 3039 5202
f 3922 4994 3159
f 3077 3922 2550
f 5212 4163 2586
f 5417 4068 2669
f 5296 4165 4167
f 5183 4069 1243
f 5189 4069 2660
f 5218 4169 1244
f 1244 4169 5166
f 3121 4070 2648
f 4958 4244 2672
f 4245 5387 3132
f 5387 4245 4695
f 4246 5315 3084
f 1247 4246 4717
f 87 3889 1248
f 924 3924 2556
f 3925 982 3110
f 1249 3925 839
f 4247 5022 2739
f 5022 4247 2420
f 3193 4248 2513
f 3131 1251 925
f 4735 4249 2511
f 3928 4937 3161
f 1252 3928 5403
f 3929 972 3160
f 4594 4206 1253
f 1253 4206 3091
f 1364 5388 4490
f 4266 1453 4522
f 909 2873 1255
f 1255 2873 3246
f 1256 2864 3526
f 894 2836 1257
f 1005 1257 3266
f 4261 1258 2838
f 1258 4261 3253
f 992 1259 3512
f 2837 1260 5489
f 1260 2837 3256
f 1006 2886 1261
f 911 1261 3286
f 1262 2793 5470
f 988 2835 1104
f 913 2879 1263
f 1008 1264 3270
f 1265 2868 3319
f 3313 1266 2845
f 994 1266 3313
f 3341 1267 2853
f 1038 1267 3341
f 4284 1268 3695
f 1034 2895 1269
f 906 1269 3630
f 1363 4365 1919
f 896 1270 3350
f 4906 4292 1958
f 1016 1271 3371
f 1007 2882 1272
f 899 1272 3323
f 3550 1273 2865
f 1039 1273 3550
f 1030 2892 1274
f 895 1274 3483
f 3338 1275 2874
f 1036 1275 3338
f 4280 2927 1374
f 1361 4268 1963
f 914 1277 3347
f 910 2875 1278
f 4510 128 1461
f 3370 1280 2848
f 1015 1280 3370
f 1281 2871 3610
f 3565 1282 2860
f 903 2863 1283
f 907 2870 1284
f 1051 1285 3482
f 1533 1286 4326
f 4291 4555 3697
f 1068 2907 1287
f 901 1287 3626
f 1066 2908 1288
f 902 1288 3489
f 3529 1289 2862
f 1009 1289 3529
f 4285 1290 891
f 54 1290 4285
f 897 2850 1291
f 4330 1292 1375
f 4330 2930 3663
f 1067 2906 1294
f 900 1294 3627
f 1058 1295 3447
f 1296 5492 2852
f 1296 2852 1090
f 1053 2843 1297
f 1297 4381 1334
f 1062 2904 1298
f 908 2872 1299
f 905 2866 1300
f 1300 2866 3525
f 5123 4275 1967
f 912 1301 3500
f 3587 1302 2855
f 1059 1302 3587
f 3516 1303 2851
f 996 1303 3516
f 4276 1304 2857
f 1304 4276 3545
f 4355 2939 4559
f 4300 1306 1389
f 4344 1308 4347
f 4344 3669 3666
f 1309 4368 2076
f 4547 1998 8
f 2488 2938 1310
f 1162 5468 1311
f 4329 2943 3682
f 4303 3691 3688
f 4341 4408 2042
f 2715 1312 4536
f 3683 225 2932
f 3944 1313 533
f 4287 1314 890
f 132 1314 4287
f 4337 1315 4550
f 339 1317 1393
f 986 2914 1318
f 1318 4328 1556
f 1031 1320 3382
f 4503 5030 1936
f 3408 1323 2912
f 4662 4488 4379
f 4379 3801 1438
f 4384 1325 2911
f 1325 4384 3612
f 1360 4399 1903
f 1000 1326 3260
f 4935 4496 4363
f 4509 4795 1448
f 4925 4378 1939
f 1054 1327 3569
f 3519 1328 2910
f 997 1328 3519
f 2832 4476 2797
f 4476 2832 2795
f 1135 1330 3825
f 1307 1331 2490
f 5468 1162 2065
f 3664 1332 3909
f 1100 1333 4325
f 2056 2814 877
f 5426 3715 2755
f 5436 4420 1335
f 3803 1335 4525
f 3765 4586 2143
f 3748 4570 1484
f 2136 1336 1121
f 3709 4438 2779
f 2131 1337 1123
f 1337 2131 3792
f 20 1338 2097
f 3769 4584 2144
f 5427 4437 2764
f 2132 4427 3796
f 3746 4427 4508
f 2138 1340 3788
f 3740 1340 1437
f 2023 21 330
f 44 1341 3779
f 3711 4429 2742
f 3797 4429 4529
f 4589 4430 1342
f 3780 1342 4526
f 3782 1343 2133
f 4573 4431 1478
f 284 3723 7
f 2047 1344 460
f 3724 1345 62
f 393 1346 2128
f 1346 393 3790
f 146 1347 2489
f 3739 1133 1594
f 5428 4455 4574
f 2145 1348 3760
f 1348 2145 3768
f 2799 1349 2828
f 4462 5425 3712
f 3713 5425 2115
f 2147 5433 3763
f 5433 2147 2116
f 1135 3825 1350
f 1350 3825 2740
f 49 2031 867
f 2797 3707 2831
f 52 2829 2046
f 884 1351 3815
f 2794 4474 2834
f 1299 2872 4480
f 3908 4480 1555
f 4283 3826 1353
f 3703 1354 2093
f 133 1354 3703
f 4481 1355 78
f 230 1355 4481
f 5402 1356 4279
f 4860 4492 1357
f 1357 4492 1918
f 4398 1358 1961
f 1907 1359 4662
f 4399 1360 1959
f 4275 5123 1955
f 4268 1361 1915
f 4494 4974 4265
f 1362 4494 4383
f 5388 1364 4266
f 4292 4906 4316
f 4935 4515 1365
f 4832 1365 4264
f 1902 5110 4327
f 4533 4618 4277
f 1366 4533 4357
f 4507 4823 1454
f 4378 4925 1954
f 4500 5096 1957
f 4967 4500 4400
f 4513 1369 1964
f 1369 4513 1319
f 1370 4531 5109
f 4501 5087 1472
f 1371 4501 4273
f 1373 3689 4325
f 4331 1374 3673
f 1308 3680 4347
f 4347 3680 2529
f 1292 4555 1375
f 1310 3681 4333
f 4333 3681 1534
f 3671 382 1376
f 445 1377 3674
f 1377 445 3911
f 1078 3670 1378
f 1307 2936 1379
f 1379 472 1312
f 4319 3690 1380
f 1315 3685 4543
f 4557 5469 473
f 1382 3847 4338
f 96 4411 1383
f 1305 1383 4355
f 1080 1386 4317
f 1387 4412 4342
f 1388 4560 1532
f 1389 476 1286
f 477 1390 2005
f 1268 2929 1392
f 1083 1392 478
f 1317 3686 1393
f 1077 1393 4353
f 4303 1394 3694
f 1081 3693 4559
f 2136 1396 3783
f 3786 1396 2136
f 1122 1397 2130
f 4569 1398 4423
f 4432 4569 2129
f 2740 1399 3788
f 3795 1400 1123
f 1400 4566 4439
f 3749 4453 2152
f 1401 3784 2133
f 4463 389 2143
f 4470 3764 2144
f 3777 1402 1115
f 4418 1402 2125
f 4572 1403 2747
f 4461 4572 2147
f 3759 1404 1110
f 1109 1404 2146
f 3802 3775 2127
f 3770 4465 2140
f 4788 3445 1683
f 2976 3937 2508
f 4597 3933 2555
f 4608 3391 1686
f 5051 3293 1753
f 4601 3446 1604
f 4771 3429 1674
f 4504 1319 5037
f 4391 1406 5037
f 1597 1407 2291
f 3644 482 2446
f 1756 1408 3352
f 3423 125 2340
f 1600 1409 3639
f 4616 3294 1684
f 1126 507 1410
f 325 215 4534
f 1121 4441 1411
f 4523 1411 1935
f 4614 3449 1778
f 4921 3295 1773
f 4671 3296 1727
f 5247 4166 2565
f 5071 3215 1689
f 1412 5071 2419
f 3450 4602 1413
f 1120 1413 3802
f 1795 1414 3451
f 3242 484 2219
f 1780 1415 3624
f 3289 207 2190
f 3297 4649 1416
f 1416 4649 3362
f 4631 4187 2571
f 4707 3455 1676
f 1417 4707 2412
f 4667 3298 1726
f 1418 4667 1666
f 4677 3299 1723
f 4787 3387 1730
f 4079 5237 4164
f 5292 4080 2563
f 5182 4081 2567
f 1419 5182 2979
f 4791 3458 1682
f 1640 4468 3503
f 4582 4468 3774
f 1622 1421 3216
f 4668 3459 1628
f 4817 3460 1757
f 1731 4698 3392
f 3419 4698 2324
f 1626 4740 3534
f 3461 4740 2435
f 1746 1423 3462
f 3321 495 2368
f 3531 4705 1424
f 1118 1424 3800
f 1606 4738 3292
f 3400 4738 2271
f 1659 1425 3638
f 3311 4800 2370
f 1607 1426 2404
f 3328 4703 2408
f 4195 4633 4112
f 4114 4630 3162
f 4189 4196 2617
f 4775 3463 1673
f 4882 3354 1705
f 4678 3432 1734
f 4783 3442 1715
f 4907 3300 1761
f 1428 4907 2345
f 4810 1429 4362
f 4530 4810 1917
f 4786 3466 1677
f 5100 3467 1792
f 5077 1430 4273
f 1430 5077 4506
f 1431 4361 1915
f 4393 4650 1910
f 1647 1432 3219
f 3501 5114 2364
f 4939 3506 1821
f 1783 4679 3469
f 4661 1433 4357
f 4519 4661 1909
f 1712 4812 3356
f 3513 4812 2406
f 4813 3421 1721
f 1434 4813 2341
f 4664 3220 1615
f 1435 4664 1798
f 1651 4792 3441
f 1785 5026 3631
f 1611 4434 3195
f 1826 1436 3541
f 3470 218 2322
f 4808 3301 1769
f 1340 2138 1437
f 4491 1437 1359
f 1125 3787 1438
f 4379 1438 1358
f 5098 3622 1824
f 4643 3472 1613
f 4844 3418 1719
f 4648 4252 2670
f 1439 4648 3160
f 4801 3436 1764
f 4933 3428 1791
f 5013 3302 1771
f 1736 1441 3357
f 1441 4848 1786
f 4745 3650 1843
f 4861 3457 1819
f 1443 4861 3473
f 4875 3303 1716
f 4868 3304 1729
f 5300 4197 2706
f 4197 5300 3087
f 4851 3351 1767
f 4085 295 4106
f 3032 4073 2630
f 4867 3934 2553
f 4815 1446 4290
f 1446 4815 5480
f 1706 4904 3305
f 3399 4904 2374
f 4375 1448 5479
f 4509 5055 1938
f 1741 4849 3390
f 5017 3508 1820
f 1449 5017 2351
f 4897 3394 1751
f 1450 4897 2353
f 3395 5020 1451
f 1451 5020 3505
f 4816 3438 1758
f 1452 4816 1646
f 4522 4864 1918
f 4845 3527 1755
f 1455 4845 1645
f 1750 4858 3396
f 3397 4858 2377
f 1794 1456 3420
f 3398 208 2312
f 3235 4991 1457
f 1457 4991 2191
f 1839 4450 2414
f 4580 4450 3752
f 1635 1458 3210
f 2418 4658 4442
f 5429 4442 3776
f 1122 4471 4524
f 1342 4430 4526
f 4360 4419 1963
f 1838 1459 2413
f 3211 513 2222
f 5261 3207 1634
f 1740 1460 3625
f 1701 4890 3290
f 2443 4719 4459
f 5434 4459 3755
f 1117 4414 1461
f 4510 1461 1966
f 4041 4702 4131
f 2671 1276 3970
f 2625 1462 3940
f 3931 5404 2947
f 1762 1463 3306
f 1463 5126 3389
f 4923 3307 1766
f 4971 3308 1774
f 4928 3222 1697
f 4995 1464 4383
f 4516 4995 1920
f 5049 3476 1829
f 1465 5049 1671
f 5060 3440 1827
f 1466 5060 3223
f 4518 4382 1955
f 4690 3646 1848
f 3196 4690 2200
f 5027 3493 1833
f 1468 5027 2349
f 4687 3647 1842
f 4732 3648 1849
f 1469 4732 3197
f 3111 3957 2523
f 4253 5105 3943
f 5258 4258 2687
f 1470 5258 3161
f 4724 3649 1850
f 5031 3507 1817
f 1471 5031 1815
f 4503 5045 1472
f 3652 4761 1473
f 855 1473 2051
f 1797 1474 2302
f 3257 491 2211
f 1630 5041 3224
f 3522 5041 2280
f 1655 4435 3204
f 4564 5316 3798
f 1641 1475 3225
f 1617 5025 3226
f 1612 1476 3287
f 3536 5095 2310
f 3198 5306 1477
f 1109 1477 3771
f 3478 4755 1478
f 4573 1478 3799
f 1807 1479 2358
f 3227 5057 2212
f 3358 5002 1480
f 1480 5002 3502
f 1616 1481 3208
f 1804 1482 3645
f 1996 1482 3751
f 1834 1483 3228
f 1127 5327 3770
f 4570 4424 1484
f 4514 1484 1925
f 1650 5054 3229
f 4916 3538 1831
f 1485 4916 1803
f 1644 4734 3481
f 3205 4734 2228
f 1638 4713 3479
f 5317 3199 1679
f 1486 5317 2421
f 1642 1487 3230
f 3556 524 2378
f 4977 3231 1694
f 1488 4977 2327
f 2682 1489 3923
f 1313 3944 4354
f 2668 1375 4259
f 4908 3232 1691
f 4847 3945 2512
f 4972 3431 1822
f 4947 3234 1696
f 5177 4168 2693
f 5343 3946 2569
f 4110 4987 3986
f 4962 4255 2708
f 1491 4962 923
f 3987 5163 2614
f 3971 5253 1492
f 5078 3984 2527
f 5190 3969 2583
f 3948 5178 1495
f 1495 5178 4229
f 5233 3949 2554
f 4088 5233 3039
f 3985 4188 2548
f 1498 5231 2588
f 5302 3935 2605
f 2615 5302 2975
f 5199 3939 2606
f 5287 4071 2570
f 3154 4190 2674
f 5224 4093 2654
f 1501 5224 3027
f 5285 4094 2645
f 1502 5285 4092
f 3930 3950 2526
f 5093 4212 2547
f 3951 5165 1503
f 1503 5165 3952
f 5305 4127 2656
f 1504 5305 3046
f 5192 4100 2653
f 2664 5192 3041
f 3024 4040 2629
f 4118 4156 2649
f 4221 5220 3116
f 1335 4420 4525
f 1073 1309 868
f 4502 1507 1932
f 4115 511 3169
f 4121 5254 3178
f 2709 5185 3091
f 2725 1510 3096
f 2568 5206 3145
f 1114 517 4527
f 2623 1511 3021
f 4122 5273 3112
f 4996 4532 1254
f 1512 4996 4528
f 2168 5023 1513
f 1513 5023 3084
f 4120 5151 1514
f 1514 5151 4123
f 2624 5284 4036
f 5146 4096 2652
f 2982 3975 2549
f 4191 5280 1517
f 4097 5280 3189
f 3185 1518 219
f 4099 5301 1519
f 4125 5301 5263
f 4075 5140 1520
f 4117 5140 3065
f 4225 5293 5066
f 4216 5147 1522
f 2726 1523 4218
f 2712 5230 3118
f 5173 4200 2705
f 1524 5173 3093
f 2698 1525 3136
f 2696 1527 4201
f 4101 5169 3177
f 4170 5208 3176
f 2717 1391 3954
f 2530 1530 3974
f 4552 1530 4350
f 1316 5370 3665
f 2531 1531 3977
f 1381 1531 4340
f 4537 3955 4307
f 1388 1532 4351
f 1286 1533 4291
f 1293 3979 4297
f 2728 5349 3106
f 1312 2715 4306
f 4256 4348 1534
f 4333 1534 4348
f 3976 4310 1535
f 5138 3956 2597
f 2724 5138 3095
f 4217 5250 1536
f 3980 5250 2962
f 2601 5294 3988
f 3180 3958 2539
f 2544 5136 3099
f 3959 5136 3125
f 3968 5277 1537
f 1537 5277 3104
f 3108 4203 2647
f 4102 5188 3054
f 5255 4077 2658
f 2697 5355 3981
f 3938 4257 2689
f 2516 5196 3188
f 4126 4074 2517
f 4128 5133 3056
f 4132 5171 4072
f 2610 1541 2992
f 4113 546 3055
f 4090 5225 5149
f 2573 4950 3961
f 4222 5127 922
f 5154 3962 2604
f 1543 5154 2974
f 5213 3000 2643
f 1544 5213 2608
f 2602 1545 3122
f 1545 5180 3963
f 5011 3983 2574
f 1546 5011 3033
f 5248 4111 2651
f 1547 5248 3042
f 3960 5246 4083
f 3051 5274 1548
f 1548 5274 4084
f 5390 3200 1698
f 2955 3936 2677
f 5363 3965 2675
f 3105 3966 2528
f 5419 3982 2679
f 5268 3967 2607
f 4460 4436 2778
f 1398 3745 4423
f 4428 3794 3710
f 5432 4484 1859
f 1553 5432 2744
f 1403 3753 2747
f 3718 4483 3757
f 1106 1555 2920
f 1334 1352 2091
f 1298 1557 4477
f 1296 4448 4392
f 1583 1558 3814
f 1559 2102 5442
f 667 1559 2356
f 2100 1560 2327
f 675 5459 3654
f 5447 1561 2347
f 1870 5447 2084
f 2103 1562 2349
f 1562 2103 1871
f 1563 5455 3655
f 5463 1564 2341
f 3658 5463 2102
f 548 3659 1886
f 4478 1345 4288
f 868 2076 63
f 1309 2076 868
f 122 1084 549
f 1566 229 876
f 2049 550 1567
f 1567 550 2099
f 179 551 1568
f 1568 551 4402
f 875 1093 2812
f 5475 1569 2821
f 1569 5475 2924
f 3703 1570 2816
f 2804 552 1571
f 874 1571 552
f 2783 467 1572
f 2808 553 1573
f 656 1573 553
f 2820 203 1574
f 203 2820 230
f 2803 231 1576
f 73 1576 231
f 2809 1577 2925
f 72 1577 554
f 2819 163 1578
f 1578 163 1592
f 3820 1558 1579
f 1131 1580 3818
f 1581 1134 3817
f 4446 1129 1582
f 1129 4446 164
f 2040 23 1583
f 1584 193 4404
f 1347 2063 1585
f 761 1585 4
f 5474 2924 1586
f 2924 5475 1586
f 1576 554 1587
f 1587 554 2809
f 915 556 1588
f 2746 1588 1851
f 5487 2007 71
f 2825 1589 1855
f 5473 133 1590
f 2760 1590 1853
f 1591 321 1852
f 1578 1592 2802
f 1581 3855 1593
f 4449 1593 3855
f 1133 3816 1594
f 457 1594 2738
f 3248 1420 1595
f 1420 3248 356
f 1073 3621 4592
f 4598 3621 378
f 2171 482 1597
f 1407 1597 482
f 2211 5039 1598
f 5039 2211 491
f 4699 3272 4619
f 1599 358 4613
f 1409 1600 3756
f 3280 5099 1601
f 2190 4625 1602
f 4625 2190 207
f 4959 3510 4603
f 4606 3448 1603
f 4700 3642 1604
f 3641 4602 1605
f 4602 3450 1605
f 3330 4738 1606
f 2246 4703 1607
f 1426 1607 4703
f 3288 1422 1608
f 1422 3288 489
f 1011 3324 4647
f 1609 361 1416
f 4730 3563 4642
f 1610 364 5313
f 3632 104 1611
f 4434 1611 3778
f 2232 5095 1612
f 1476 1612 5095
f 4645 3543 1613
f 4654 3379 4830
f 4649 3297 1614
f 1435 3220 4664
f 4639 3535 1615
f 3635 210 1616
f 1481 1616 3766
f 2222 4670 1618
f 4670 2222 513
f 3322 4852 1619
f 4852 3322 359
f 1014 3325 4689
f 4682 3274 4819
f 1621 360 4828
f 2385 487 1622
f 1421 1622 487
f 3384 4856 1623
f 4856 3384 375
f 3576 4981 1624
f 3542 1457 1625
f 1457 3542 503
f 1055 3579 4676
f 1627 4981 5401
f 4675 3533 1628
f 5063 3539 4653
f 4672 3454 1629
f 3530 5041 1630
f 2195 5360 1631
f 4617 3634 4888
f 4991 3235 1632
f 3532 4899 1633
f 4899 3532 212
f 4718 3577 1634
f 3581 126 1635
f 1458 1635 3757
f 3578 5306 1636
f 5306 3198 1636
f 4755 3478 1637
f 2181 4615 1639
f 4615 2181 4607
f 1001 483 1640
f 4468 1640 3774
f 3524 5091 1641
f 1475 1641 5091
f 2225 524 1642
f 1487 1642 524
f 997 3519 1643
f 4709 3519 374
f 3317 1455 1645
f 1455 3317 501
f 3316 1452 1646
f 1452 3316 500
f 3263 5114 1647
f 1432 1647 5114
f 2212 4784 1648
f 991 3511 4694
f 3602 5054 1650
f 3583 5389 1652
f 5389 3583 380
f 3250 5024 1653
f 5024 3250 358
f 2369 4911 1654
f 4911 2369 4960
f 3592 5316 1655
f 4435 1655 5316
f 3572 1467 1656
f 1467 3572 379
f 4655 1657 485
f 2437 5125 1658
f 5125 2437 4708
f 3416 4800 1659
f 1425 1659 4800
f 4706 3582 4743
f 1660 380 5367
f 4968 3575 4715
f 4711 3574 4691
f 1662 379 4721
f 3243 4741 1663
f 4741 3243 484
f 1037 3339 4612
f 999 3315 4837
f 3401 1418 1666
f 1418 3401 368
f 3537 1466 1667
f 1466 3537 376
f 994 3313 1668
f 5005 3313 366
f 3201 1417 1669
f 1417 3201 364
f 995 3515 4790
f 3518 1465 1671
f 1465 3518 372
f 3520 1428 1672
f 1428 3520 377
f 5081 3244 1673
f 4782 3523 1674
f 993 3514 4767
f 1675 170 1432
f 1417 3455 4707
f 5092 3245 1677
f 985 3504 4736
f 1486 3199 5317
f 4739 3573 1679
f 987 3202 5414
f 4693 3456 1680
f 4705 3531 1681
f 1420 3458 4791
f 4764 3619 1683
f 4874 2338 1684
f 4622 3548 4609
f 5020 3395 1685
f 4895 3561 1686
f 4774 3265 5082
f 5040 3217 1687
f 1054 3569 4722
f 1688 117 4915
f 1412 3215 5071
f 4716 3509 1689
f 4965 3551 4754
f 5068 3212 1690
f 4763 3589 1691
f 5014 3590 4770
f 4980 3233 1692
f 1009 3529 1693
f 4946 3529 118
f 1488 3231 4977
f 4726 3580 1694
f 1052 3564 4772
f 5382 3194 1695
f 4785 3616 1696
f 4769 3598 1697
f 4714 3620 1698
f 1057 3584 4720
f 1699 5360 5380
f 1058 3447 4692
f 5365 3447 175
f 1022 3378 4880
f 3366 4737 1703
f 4737 3366 365
f 1000 3260 4600
f 1704 174 4932
f 2389 4870 1707
f 4870 2389 4805
f 1021 3377 4901
f 1018 3375 4869
f 4857 3373 4896
f 1710 368 4894
f 3385 4760 1711
f 4760 3385 492
f 4835 3422 4850
f 1713 365 4859
f 1450 1714 498
f 4910 3364 1715
f 4826 3406 1716
f 1017 3372 5016
f 1717 173 1425
f 2259 4789 1718
f 4789 2259 4824
f 5035 3380 1719
f 4765 3415 4701
f 5002 3358 1720
f 1434 3421 4813
f 4893 3367 1721
f 1047 3424 4827
f 4802 3359 1722
f 4610 3383 1723
f 4680 3343 4666
f 4646 3444 1724
f 4685 3386 5058
f 4877 3417 1725
f 1418 3298 4667
f 4892 3425 1726
f 4657 3540 1727
f 3314 5119 1728
f 5119 3314 4985
f 4840 3409 1729
f 4744 3412 1730
f 3376 4698 1731
f 3633 4684 1732
f 4684 3633 173
f 3365 4673 1733
f 4825 3346 1734
f 3368 1426 1735
f 1426 3368 116
f 1441 1736 4848
f 4807 3426 1736
f 3402 4876 1737
f 4876 3402 4873
f 3405 4889 1738
f 1447 1738 4889
f 3334 4809 1739
f 4809 3334 514
f 1460 1740 514
f 1434 1742 493
f 1038 3341 1743
f 4842 3341 373
f 4833 1744 495
f 1040 3411 4878
f 1745 375 4886
f 1423 1746 495
f 1015 3370 1747
f 4855 3370 367
f 1020 3327 4997
f 3331 1451 1749
f 1451 3331 499
f 1450 3394 4897
f 1751 1032 2263
f 1025 3329 4930
f 4881 3393 1752
f 4799 3558 1753
f 3410 4865 1754
f 4865 3410 208
f 1455 3527 4845
f 4944 3335 1755
f 3374 125 1756
f 1408 1756 125
f 1422 3460 4817
f 5019 3340 1757
f 1452 3438 4816
f 4963 3345 1758
f 2340 4900 1759
f 4900 2340 125
f 1019 3326 5094
f 1428 3300 4907
f 1463 1762 5126
f 4803 3554 1762
f 1035 3337 4913
f 5101 3332 1764
f 1036 3338 1765
f 4931 3338 171
f 4811 3591 1766
f 4902 3414 1767
f 1016 3371 4898
f 1768 103 4863
f 5047 2303 1769
f 1044 3555 4793
f 4934 3361 1770
f 5131 3318 1771
f 1039 3550 1772
f 5115 3550 172
f 4956 3344 1773
f 4879 3413 1774
f 2444 4665 1775
f 4665 2444 4733
f 4762 3285 4641
f 1012 3276 4640
f 1777 363 4922
f 5374 3291 1778
f 4604 3261 4644
f 4626 3452 1779
f 3549 207 1780
f 1415 1780 207
f 4854 1781 502
f 3404 4806 1782
f 4806 3404 209
f 3552 4679 1783
f 3278 1440 1784
f 1440 3278 369
f 3562 5026 1785
f 3557 4871 1786
f 4871 3557 4697
f 5000 1787 361
f 3407 4903 1788
f 4903 3407 488
f 4659 3277 5376
f 1789 369 4798
f 3284 4866 1790
f 4866 3284 487
f 1440 3428 4933
f 5219 3283 1791
f 4938 3281 1792
f 1023 3279 5405
f 1793 116 4818
f 3403 208 1794
f 1456 1794 208
f 2436 484 1795
f 1414 1795 484
f 4681 3273 5334
f 1796 359 4924
f 2367 491 1797
f 1474 1797 491
f 3615 1435 1798
f 1435 3615 497
f 2373 4992 1799
f 4992 2373 4986
f 5079 3567 5108
f 1801 372 4942
f 2378 4983 1802
f 4983 2378 524
f 3617 1485 1803
f 1485 3617 520
f 3600 4466 1804
f 1482 1804 3751
f 2424 5018 1805
f 5018 2424 4723
f 1059 3587 1806
f 5372 3587 381
f 2430 5057 1807
f 1479 1807 5057
f 4836 3571 4954
f 1808 377 4918
f 3588 5036 1809
f 5036 3588 494
f 3546 5076 1810
f 5076 3546 5009
f 1008 3270 5396
f 4953 3270 357
f 3275 1443 1812
f 1443 3275 360
f 4969 3570 4905
f 1813 376 4949
f 3560 1480 1814
f 1480 3560 516
f 3254 1471 1815
f 1471 3254 363
f 3544 4989 1816
f 4989 3544 4696
f 1471 3507 5031
f 5410 3262 1817
f 1003 3264 5407
f 5084 3475 1818
f 1443 3457 4861
f 5412 3282 1819
f 1449 3508 5017
f 5353 2295 1820
f 5314 3259 1821
f 5310 3251 1822
f 4781 3268 5338
f 4975 3464 1823
f 5330 3267 1824
f 3252 5043 1825
f 5043 3252 218
f 3255 218 1826
f 1436 1826 218
f 1466 3440 5060
f 2317 4926 1828
f 4926 2317 4725
f 1465 3476 5049
f 5061 3607 1829
f 5006 1830 170
f 1485 3538 4916
f 5408 3249 1831
f 1064 3603 4999
f 5394 3214 1832
f 1468 3493 5027
f 5129 3601 1833
f 1483 1834 5327
f 3643 4620 1835
f 4620 3643 482
f 988 3640 1836
f 4761 3652 1836
f 3636 4719 1837
f 4719 2443 1837
f 2229 513 1838
f 1459 1838 513
f 3593 504 1839
f 4450 1839 3752
f 3595 4658 1840
f 4658 2418 1840
f 5075 3614 5240
f 4727 3651 1841
f 5311 3594 1842
f 1442 3650 4745
f 5128 3596 1843
f 1051 3482 5325
f 1844 370 5386
f 1071 3618 5359
f 1845 356 5329
f 3604 4710 1846
f 4710 3604 521
f 3605 1486 1847
f 1486 3605 522
f 1467 3646 4690
f 5397 3599 1848
f 1469 3648 4732
f 5323 3606 1850
f 1588 556 1851
f 1851 556 2824
f 885 621 1852
f 1590 133 1853
f 886 1853 2816
f 1591 332 1854
f 889 1854 2806
f 1589 71 1855
f 887 1855 2068
f 1592 163 1856
f 888 1856 2818
f 1334 1857 4274
f 2920 1857 2016
f 849 180 1858
f 1858 180 3815
f 3810 314 1859
f 3851 3816 1860
f 3816 3810 119
f 856 622 1861
f 1087 1861 622
f 3819 3812 28
f 3811 157 1863
f 1863 157 2743
f 3809 318 1864
f 1864 318 4483
f 3809 1865 3850
f 1865 248 2111
f 460 1866 623
f 854 624 1867
f 395 1867 624
f 3853 625 1868
f 1868 625 2123
f 3813 315 1869
f 1869 3756 486
f 3656 5466 1870
f 5466 3656 548
f 1871 249 1887
f 1560 3653 1872
f 722 1872 2332
f 5460 265 1873
f 5465 285 2442
f 1874 626 1873
f 675 3654 1875
f 1875 2295 2505
f 5458 2104 1876
f 765 1876 1899
f 5450 2737 1877
f 5453 2160 1878
f 140 1879 155
f 286 1880 5452
f 628 1881 5462
f 1881 628 2632
f 768 1882 2502
f 110 1883 2296
f 147 2616 1884
f 144 5494 1885
f 1565 3659 548
f 736 1886 2348
f 249 2359 1887
f 772 1887 2359
f 5464 1563 1888
f 1563 5464 5455
f 5457 1889 737
f 1890 629 2411
f 1074 3657 1891
f 770 1891 2622
f 5449 2361 1892
f 1893 627 2442
f 1565 2101 1894
f 1894 630 2284
f 5444 4018 302
f 5440 3137 109
f 5441 3063 150
f 5439 5445 631
f 2633 3660 1898
f 1559 1898 3660
f 109 1899 111
f 5443 2160 154
f 5446 4050 110
f 4312 2073 34
f 1107 86 2001
f 4663 4279 1356
f 5110 1902 4497
f 1410 507 1903
f 1903 507 1360
f 3271 357 1904
f 1904 357 2876
f 3266 1905 2885
f 3256 165 1906
f 1906 165 2838
f 1438 518 1358
f 4393 471 1907
f 1359 1907 4390
f 3319 335 1908
f 4323 1908 2866
f 1433 4661 4519
f 3239 1909 2867
f 3237 1910 2846
f 1437 4488 1359
f 1366 4618 4533
f 4795 4266 1364
f 3408 338 1911
f 2278 367 1912
f 1912 367 2848
f 3382 1913 2894
f 3369 171 1914
f 1914 171 2874
f 1361 4505 1915
f 1431 1915 4505
f 4508 4427 1916
f 1916 217 4374
f 1367 4823 4507
f 1429 4810 4530
f 4492 4860 1917
f 1453 4864 4522
f 1919 4841 4495
f 1431 4498 1367
f 4499 4370 4498
f 4499 4831 1429
f 1464 4995 4516
f 3486 1920 2854
f 3487 1923 4295
f 3586 118 1924
f 1924 118 2862
f 1371 5087 4501
f 1484 4424 1925
f 1925 4424 216
f 3253 165 1926
f 4324 1926 2837
f 3236 1927 2836
f 3484 1928 2850
f 2186 175 1929
f 1929 175 2869
f 4525 4420 1930
f 5480 4815 1363
f 4526 4430 1931
f 1507 2066 1932
f 3203 370 1933
f 1933 370 2849
f 4912 4515 1934
f 4515 4935 1934
f 1411 4441 1935
f 1935 508 1369
f 5116 4512 1368
f 4512 5116 490
f 5030 4489 1936
f 4489 5030 470
f 4524 4471 1937
f 1937 509 4262
f 1448 5055 4509
f 1938 490 4493
f 4518 471 1939
f 1939 471 4925
f 3512 1940 2842
f 1940 362 2857
f 3525 335 1941
f 1941 335 2868
f 3545 362 1942
f 1942 362 2844
f 3612 337 1943
f 4376 1943 2873
f 3342 373 1944
f 1944 373 2853
f 3608 334 1945
f 1945 334 2864
f 3526 334 1946
f 3490 1946 2863
f 3610 336 1947
f 3565 371 1948
f 1948 371 2851
f 3597 336 1949
f 1949 336 2871
f 3585 381 1950
f 1950 381 2855
f 3516 1951 2881
f 1951 371 2860
f 3528 172 1952
f 1952 172 2865
f 3247 1953 2839
f 1362 4974 4494
f 3547 366 1956
f 1956 366 2845
f 1406 4391 4520
f 1368 5096 4500
f 4506 5077 1957
f 1360 5400 1959
f 4534 215 4377
f 3246 337 1960
f 1960 337 2911
f 1358 5354 1961
f 3333 1961 2916
f 1453 4266 4496
f 4528 4996 1370
f 3381 338 1962
f 1962 338 2912
f 1369 4272 1964
f 3613 1964 2918
f 5392 468 1965
f 1965 468 4490
f 1461 4414 1966
f 4527 517 1967
f 1967 517 5123
f 3568 374 1968
f 1968 374 2910
f 2061 80 1969
f 2455 1970 3863
f 2451 402 1971
f 2454 279 2450
f 2450 279 3881
f 1972 384 281
f 1972 281 3862
f 2491 1973 4220
f 2473 182 1974
f 2498 2474 3895
f 2492 1975 4227
f 4103 1975 3888
f 2487 1976 4095
f 3884 1977 2479
f 2499 1978 3898
f 4199 1978 3893
f 2096 145 1979
f 1979 145 4172
f 2460 398 1980
f 3913 1980 3859
f 1981 4209 398
f 1981 398 3860
f 2478 401 1982
f 2472 400 1983
f 2453 1984 3903
f 1984 279 3904
f 1988 280 1985
f 1985 280 3973
f 2480 282 1986
f 1986 282 2484
f 3901 1987 2461
f 280 1988 82
f 753 2458 1989
f 82 1989 280
f 758 1990 176
f 654 2494 385
f 1995 35 2098
f 176 85 2096
f 657 2080 40
f 661 31 2085
f 1103 92 2055
f 2059 90 1993
f 3684 1993 90
f 2058 1093 1994
f 1093 2058 60
f 40 2004 5471
f 1084 59 2029
f 1347 5 2063
f 4294 89 2072
f 1580 26 2087
f 388 60 2090
f 1352 39 2091
f 1354 76 2093
f 1996 3751 12
f 1989 82 2043
f 2008 55 3725
f 1341 44 2066
f 2067 32 3640
f 434 2048 54
f 1084 122 2095
f 2095 122 4373
f 384 87 2013
f 461 2054 24
f 1099 2038 27
f 4406 52 2035
f 329 18 2074
f 881 17 1999
f 4408 99 2042
f 1338 4446 2097
f 1102 1349 2799
f 46 2002 3783
f 2075 64 1098
f 35 177 2098
f 1095 2060 3
f 1092 193 2099
f 2099 193 1584
f 383 2069 5486
f 753 81 4224
f 1097 14 2009
f 1560 2100 3653
f 3655 5455 2100
f 1565 548 2101
f 2101 548 3656
f 459 2088 19
f 1561 5447 1870
f 1564 5463 3658
f 2102 1559 3660
f 5461 1871 2103
f 3654 5459 2104
f 1074 5448 3657
f 2105 1290 2022
f 2753 655 2106
f 893 2834 2107
f 2107 333 2798
f 2831 201 2108
f 2763 2108 2799
f 1089 61 2058
f 2819 68 2033
f 37 1555 1106
f 1575 80 2109
f 79 2109 2012
f 1105 2027 93
f 202 41 2080
f 1577 2007 5487
f 553 1088 656
f 231 2041 73
f 198 2044 763
f 5473 1354 133
f 1572 1355 230
f 874 2045 74
f 2028 385 255
f 2053 4481 78
f 554 2037 72
f 1088 77 2036
f 467 4482 2050
f 2000 3724 62
f 1131 3818 2111
f 1865 2111 3808
f 1859 658 2112
f 1132 2112 658
f 848 2741 2113
f 1991 2113 112
f 1868 256 3853
f 1869 661 2085
f 1860 2115 3851
f 1129 2116 158
f 1134 3736 2117
f 1991 2117 396
f 1863 625 2118
f 2118 625 3806
f 1862 3848 2119
f 3848 1862 623
f 1864 3807 2120
f 1866 2120 3807
f 1865 2121 3850
f 2805 70 2026
f 2057 1141 660
f 5471 2122 1090
f 2004 2122 5471
f 463 63 2006
f 1868 2123 3852
f 474 97 2030
f 4551 662 1103
f 3672 98 2094
f 386 1386 3734
f 1075 95 2024
f 4411 96 2032
f 3802 127 2124
f 4564 2124 4435
f 1402 3777 2125
f 4563 2125 2086
f 4575 481 2126
f 2126 481 4586
f 2127 481 3773
f 4439 4566 2128
f 1398 4569 4432
f 4571 2129 4437
f 1397 4426 2130
f 4565 4427 2132
f 1343 3741 2133
f 1401 2133 4433
f 3786 216 2134
f 4570 2134 4424
f 4568 2135 2019
f 1336 2136 45
f 1399 114 2137
f 2137 114 4425
f 3801 4488 2138
f 3770 211 2139
f 4582 2139 4468
f 4583 2140 13
f 3771 213 2141
f 4580 2141 4450
f 3800 214 2142
f 4573 2142 4431
f 4463 2143 3750
f 1339 4584 3769
f 1404 3759 2146
f 1403 4572 4461
f 4470 458 4578
f 4464 4467 2148
f 4457 3743 2149
f 4587 2149 2077
f 3749 128 2150
f 4430 4589 2150
f 4457 480 2151
f 2152 480 3741
f 301 304 2153
f 153 156 2154
f 1896 5440 2156
f 5445 5439 2157
f 1899 109 2688
f 1559 5442 2356
f 1897 5441 2158
f 2160 5443 1900
f 257 310 2618
f 155 151 2737
f 151 155 2164
f 804 670 4120
f 1900 2165 670
f 1901 5446 2166
f 152 142 4029
f 156 153 2616
f 4598 3521 2169
f 3521 4598 378
f 5386 3203 2170
f 3203 5386 370
f 4620 482 2171
f 5329 3248 2172
f 3248 5329 356
f 675 2156 5459
f 4615 3339 2173
f 1037 2173 3339
f 4655 485 2174
f 2174 485 1706
f 1788 4616 2175
f 4625 207 2176
f 2176 207 3549
f 1737 4677 2177
f 3430 4614 2178
f 1652 4687 2179
f 4613 3250 2180
f 3250 4613 358
f 4665 3315 2182
f 999 2182 3315
f 5351 4747 1676
f 1845 5394 2183
f 4431 214 2184
f 2184 214 1681
f 987 673 3202
f 3480 5390 2185
f 5365 175 2186
f 1871 1887 5467
f 4899 212 2187
f 2187 212 3530
f 5115 172 2188
f 2188 172 3528
f 5006 3514 2189
f 993 2189 3514
f 1415 207 3289
f 4639 5350 3535
f 3533 5290 2192
f 1873 686 2193
f 1671 5049 2193
f 2599 264 2194
f 3244 4966 2194
f 2195 5380 5360
f 3223 5060 2196
f 4926 3504 2197
f 985 2197 3504
f 5311 5241 3594
f 3209 4727 2198
f 4435 127 2199
f 2199 127 3641
f 1467 4690 3196
f 1849 5413 2200
f 1442 4745 2201
f 3543 5378 2201
f 1061 5406 3596
f 2591 274 2203
f 1072 2203 3619
f 2602 735 2204
f 4788 2204 1596
f 3606 5344 2205
f 3197 4732 2206
f 4918 3520 2207
f 3520 4918 377
f 1457 503 2208
f 2208 503 1617
f 4942 3518 2209
f 3518 4942 372
f 2210 522 3605
f 1474 491 3257
f 1479 5057 3227
f 4473 483 2213
f 2213 483 1001
f 4710 521 2214
f 2214 521 1644
f 4434 506 2215
f 2215 506 1637
f 2216 503 3542
f 5036 494 2217
f 2217 494 1626
f 4452 504 2218
f 2218 504 3593
f 1414 484 3242
f 2219 484 3243
f 5313 3201 2220
f 3201 5313 364
f 1486 522 2221
f 2221 522 1638
f 1459 513 3211
f 1435 497 2223
f 2223 497 1651
f 4949 3537 2224
f 3537 4949 376
f 4983 524 2225
f 4989 3511 2226
f 991 2226 3511
f 5125 3515 2227
f 995 2227 3515
f 2228 521 3604
f 4670 513 2229
f 4454 505 2230
f 2230 505 3595
f 1890 2411 287
f 3332 5080 2231
f 4789 3337 2233
f 1035 2233 3337
f 1666 4667 2234
f 1748 4646 2235
f 1880 2236 695
f 3221 4801 2237
f 3346 4976 2238
f 989 699 3364
f 3218 4678 2239
f 1798 4664 2240
f 1422 4817 2241
f 3335 5073 2241
f 1879 3345 2242
f 1045 2242 3345
f 1645 4845 2243
f 1646 4816 1877
f 2244 500 3316
f 5476 5451 2632
f 1480 516 2245
f 2245 516 1701
f 4794 3636 2247
f 3636 4794 4577
f 4924 3322 2248
f 3322 4924 359
f 2249 489 3288
f 1475 5091 2250
f 2250 501 3317
f 1422 489 2251
f 2251 489 3552
f 4870 3377 2252
f 1021 2252 3377
f 5000 3324 2253
f 1011 2253 3324
f 5076 3325 2254
f 1014 2254 3325
f 4871 3378 2255
f 1022 2255 3378
f 4992 3327 2256
f 1020 2256 3327
f 1025 691 3329
f 3348 4851 2257
f 4931 171 2258
f 2258 171 3369
f 4865 208 2260
f 2260 208 3403
f 1739 4808 2261
f 3409 4988 2262
f 3389 5126 1892
f 1047 713 3424
f 3349 4844 2264
f 4876 3375 2265
f 1018 2265 3375
f 3406 5083 2266
f 2267 4873 3402
f 4798 3278 2268
f 3278 4798 369
f 4859 3366 2269
f 3366 4859 365
f 1447 4889 2270
f 2270 488 3407
f 1881 2632 5451
f 2271 498 1714
f 1421 487 2272
f 2272 487 3284
f 4894 3401 2273
f 3401 4894 368
f 4737 365 2274
f 3422 4835 2274
f 4903 488 2275
f 2275 488 3405
f 1418 368 2276
f 3373 4857 2276
f 4760 492 2277
f 2277 492 1741
f 4855 367 2278
f 1713 4802 2279
f 2280 212 3532
f 2281 516 3560
f 4809 514 2282
f 2282 514 1740
f 1450 498 2283
f 2283 498 3330
f 1894 2284 5456
f 1874 2285 626
f 3499 5051 2286
f 1796 4934 2287
f 1811 4972 2288
f 5119 3326 2289
f 1019 2289 3326
f 1815 5031 2290
f 4932 3258 2291
f 3258 4932 174
f 3637 4626 2292
f 1440 4933 2293
f 3282 4683 2293
f 3473 4861 2294
f 1883 687 2296
f 1663 4939 2296
f 1789 5084 2297
f 1599 4771 2298
f 1810 4923 2299
f 4684 3372 2300
f 1017 2300 3372
f 1879 2301 155
f 4915 3312 2302
f 3312 4915 117
f 3502 5002 2303
f 4818 3368 2304
f 3368 4818 116
f 3616 5059 2305
f 1026 5085 3540
f 1816 4947 2306
f 1786 4848 703
f 3318 4820 2307
f 2593 273 2308
f 1761 4839 2308
f 3362 4649 2309
f 1476 5095 3536
f 2310 4673 3365
f 1745 4881 2311
f 1456 208 3398
f 2312 208 3410
f 1621 4672 2313
f 1002 710 3523
f 3443 5068 2314
f 1432 170 2315
f 2315 170 1830
f 1813 4908 2316
f 1044 712 3555
f 3468 5100 2318
f 2319 4985 3314
f 4806 209 2320
f 2320 209 3376
f 3433 5040 2321
f 1436 218 3470
f 2322 218 3252
f 1049 715 3425
f 3355 4877 2323
f 2324 209 3404
f 1003 717 3264
f 3471 5098 2325
f 5043 218 2326
f 2326 218 3255
f 1560 3559 2327
f 1488 2327 3559
f 1803 4916 2328
f 1827 5004 2329
f 2167 3509 2331
f 990 2331 3509
f 1884 722 2332
f 2442 2333 5465
f 1874 1873 265
f 1601 4606 2334
f 1420 4791 2335
f 3642 4624 2335
f 1041 726 3412
f 3353 4868 2336
f 4900 125 2337
f 2337 125 3374
f 3505 5020 2338
f 1710 4875 2339
f 1408 125 3423
f 1881 3426 2342
f 1050 2342 3426
f 1043 732 3413
f 3453 5013 2343
f 2344 4863 103
f 2503 733 2345
f 1428 2345 1672
f 2166 3259 2346
f 998 2346 3259
f 1561 3645 2347
f 1886 3601 2348
f 1063 2348 3601
f 1562 3477 2349
f 1468 2349 3477
f 1889 3580 2350
f 1056 2350 3580
f 5458 3474 2351
f 1449 2351 3474
f 1890 3554 2352
f 1042 2352 3554
f 1878 3363 2353
f 1450 2353 3363
f 2363 1705 2354
f 1027 2354 1705
f 2157 740 2355
f 1703 4882 2355
f 1013 2356 3367
f 3213 4724 2357
f 4946 118 2358
f 2358 118 3586
f 772 2359 743
f 1888 2154 5464
f 1046 744 3558
f 3517 4980 2360
f 2562 746 2361
f 771 2361 746
f 1001 747 3262
f 3465 4975 2362
f 277 2363 310
f 1432 5114 3501
f 2364 5099 3280
f 2365 492 3385
f 4911 3285 2366
f 4762 2366 3285
f 5039 491 2367
f 1423 495 3321
f 2368 495 1744
f 1425 4800 3311
f 2370 499 3331
f 1440 369 2371
f 3277 4659 2371
f 2372 4696 3544
f 2374 485 1657
f 5018 3575 2375
f 4968 2375 3575
f 4854 502 2376
f 2376 502 1750
f 2377 502 1781
f 1487 524 3556
f 2379 520 3617
f 4828 3275 2380
f 3275 4828 360
f 1893 3607 2381
f 5070 2381 3607
f 1416 361 2382
f 2382 361 1787
f 311 5465 2333
f 273 5495 312
f 2383 5099 3263
f 4922 3254 2384
f 3254 4922 363
f 4866 487 2385
f 5024 358 2386
f 3272 4699 2386
f 4852 359 2387
f 3273 4681 2387
f 4886 3384 2388
f 3384 4886 375
f 1434 493 2390
f 2390 493 1712
f 4856 375 2391
f 3411 577 2391
f 1455 501 2392
f 2392 501 3524
f 1452 500 2393
f 2393 500 3562
f 1471 363 2394
f 3276 4757 2394
f 1443 360 2395
f 3274 4682 2395
f 2396 5009 3546
f 5005 366 2397
f 2397 366 3547
f 4953 357 2398
f 2398 357 3271
f 2399 373 3342
f 373 2399 4842
f 1466 376 2400
f 3570 4969 2400
f 1465 372 2401
f 3567 5079 2401
f 1485 520 2402
f 2402 520 3602
f 1460 514 2403
f 2403 514 3334
f 5483 4466 3600
f 288 2714 307
f 1426 116 2404
f 3279 4776 2404
f 1885 2155 144
f 2405 4697 3557
f 2406 493 1742
f 1425 173 2407
f 2407 173 3633
f 1426 4703 3328
f 2408 4993 1800
f 1428 377 2409
f 3571 4836 2409
f 4833 495 2410
f 2410 495 1746
f 2736 313 2411
f 287 2411 313
f 1064 4777 3603
f 3584 4704 2413
f 4450 213 2414
f 2414 213 3578
f 1060 4728 1682
f 1777 4601 2415
f 4739 4712 3573
f 4718 4686 3577
f 4442 104 2418
f 2418 104 3632
f 2420 4368 1073
f 1052 4768 3564
f 4468 211 2422
f 2422 211 1834
f 4714 4779 3620
f 4413 496 2425
f 2425 496 3592
f 5367 3583 2426
f 3583 5367 380
f 4721 3572 2427
f 3572 4721 379
f 5401 3576 2428
f 3576 5401 4981
f 2429 497 3615
f 1451 499 2431
f 2431 499 3416
f 1417 364 2432
f 3563 4730 2432
f 1420 356 2433
f 3618 565 2433
f 4709 374 2434
f 2434 374 3568
f 2435 494 3588
f 4741 484 2436
f 264 2599 306
f 1467 379 2438
f 3574 4711 2438
f 5389 380 2439
f 3582 4706 2439
f 3579 4773 2440
f 5372 381 2441
f 2441 381 3585
f 1893 2442 285
f 4459 126 2443
f 2443 126 3581
f 4415 210 2445
f 2445 210 3635
f 1407 482 3644
f 2446 482 3643
f 5352 1600 2447
f 1600 5352 486
f 4138 1969 2448
f 1969 4138 649
f 1972 2449 3997
f 4161 419 2450
f 1971 4116 2451
f 1185 4116 749
f 4157 1973 2452
f 1973 4157 253
f 3186 189 1219
f 1970 1219 189
f 1241 4067 2453
f 1984 4067 279
f 2450 3869 2454
f 1187 2454 752
f 4153 1970 2455
f 1970 4153 650
f 4091 1971 2456
f 1971 4091 414
f 1207 4082 2457
f 1984 2457 414
f 1969 4224 2061
f 3083 88 2014
f 4240 416 2459
f 1981 2459 416
f 1980 3932 2460
f 1188 3932 755
f 1987 3900 2461
f 3905 2461 3845
f 1190 1107 1990
f 1985 3857 1988
f 1981 3920 2462
f 1191 2462 760
f 2745 321 2463
f 2463 321 3844
f 4239 413 2464
f 1980 2464 413
f 1205 4219 2465
f 1985 4219 413
f 4241 1982 2466
f 1982 4241 417
f 4242 1987 2467
f 1987 4242 418
f 4310 9 1998
f 4141 1977 2468
f 1977 4141 652
f 2783 323 2469
f 2469 323 3837
f 4139 1974 2470
f 1974 4139 650
f 4140 651 2471
f 1975 2471 651
f 1983 750 2472
f 1974 4063 2473
f 1208 4063 751
f 4035 120 2474
f 2767 2475 3838
f 3872 2475 3836
f 2761 159 2476
f 2476 159 3841
f 4160 185 2477
f 1976 2477 185
f 1982 4089 2478
f 1189 4089 756
f 1977 4107 2479
f 2751 2479 3832
f 1198 4076 3873
f 2758 2480 3835
f 2769 4158 3840
f 4403 761 2481
f 5493 3867 2759
f 2482 5493 3843
f 2757 397 2483
f 4159 415 2484
f 1986 2484 415
f 2485 3878 397
f 2485 3839 3866
f 4047 1983 2486
f 1983 4047 422
f 3874 652 2487
f 1976 2487 652
f 2488 1310 198
f 198 1310 284
f 1162 762 2065
f 2 2065 762
f 3728 146 2489
f 1585 2489 1347
f 1331 1096 2490
f 1096 1331 763
f 4409 3727 383
f 3890 649 2491
f 1973 2491 649
f 4033 253 2492
f 1975 2492 253
f 3092 3846 2493
f 1979 4193 2096
f 1206 3729 2494
f 3089 186 2495
f 1978 2495 186
f 3998 3834 2496
f 4021 653 2497
f 1979 2497 653
f 4020 651 2498
f 2474 2498 651
f 3892 653 2499
f 1978 2499 653
f 2500 4547 8
f 3723 2500 8
f 2361 313 2562
f 1876 111 1899
f 2501 264 306
f 5472 705 1877
f 2160 5453 154
f 2242 767 1879
f 1882 102 2502
f 2236 1880 286
f 2345 312 2503
f 2419 152 2504
f 2355 310 2157
f 743 2359 2731
f 2505 686 764
f 1875 2505 764
f 2308 766 2593
f 2194 806 2599
f 1884 799 769
f 2714 2284 770
f 2622 3657 9
f 1885 5494 771
f 2359 249 288
f 2361 5449 287
f 844 2285 2159
f 2332 3653 147
f 1888 1563 772
f 4012 4998 2506
f 5478 311 294
f 1171 4002 4652
f 2507 421 1439
f 1405 3937 2976
f 5088 4174 2508
f 4142 5139 2509
f 1216 4192 4593
f 2510 418 1405
f 1251 4249 4735
f 1490 3945 4847
f 4695 4245 2512
f 1250 4248 3193
f 2513 188 4970
f 3178 5260 2514
f 5260 3178 512
f 5347 2515 5053
f 1170 4000 5067
f 1218 4162 5201
f 5148 4162 189
f 4596 4150 2517
f 1214 3906 2518
f 5229 2519 511
f 3189 5262 2520
f 5262 3189 528
f 1238 5196 2521
f 1539 2521 5196
f 5194 2522 544
f 4984 4007 2523
f 4354 3944 2524
f 769 5074 2525
f 2526 1172 4004
f 2733 3984 5078
f 4964 3942 2527
f 4717 4246 2154
f 5001 4008 2528
f 4003 519 2529
f 3114 534 2530
f 1530 2530 4350
f 3128 535 2531
f 1531 2531 4340
f 4009 5015 2532
f 1166 5046 2533
f 5046 1166 405
f 4006 1516 2534
f 1516 4006 527
f 1175 5086 2535
f 5086 1175 539
f 1167 3996 4920
f 2536 412 3191
f 2988 5008 2537
f 5008 2988 403
f 1169 3856 2538
f 5175 3182 2539
f 4233 3103 2540
f 3103 4233 183
f 1231 4181 5064
f 5246 3960 2541
f 5277 3968 2542
f 2543 183 3099
f 1221 4632 1419
f 4632 1221 423
f 4184 5136 2544
f 1537 2545 541
f 3050 4862 1445
f 4862 3050 420
f 1253 5282 1427
f 5282 1253 515
f 4595 4194 2504
f 5197 4005 2547
f 1497 4188 3985
f 2962 4011 2548
f 1516 3975 2982
f 3115 4230 2549
f 5074 4177 2525
f 5165 3951 2159
f 4994 3922 3077
f 5178 3948 2550
f 4051 4630 2551
f 1204 5208 2552
f 1529 2552 5208
f 1445 3934 4867
f 5102 4173 2553
f 1496 3949 5233
f 5297 4060 2554
f 2556 3933 4597
f 3091 4206 2555
f 1248 3924 924
f 5371 3924 3997
f 1179 2557 5159
f 1232 5169 2559
f 1528 2559 5169
f 1234 5286 2560
f 5286 1234 542
f 4223 5236 2561
f 5236 4223 5272
f 5200 4171 5048
f 843 820 2161
f 304 2562 313
f 1180 5145 1497
f 2563 1225 4119
f 5144 2564 219
f 5304 4055 2565
f 1509 2566 220
f 1419 4081 5182
f 5181 4143 2567
f 4048 1510 2568
f 1510 4048 190
f 766 5472 814
f 5289 4017 2569
f 3049 4066 2570
f 2509 4187 4631
f 3006 4087 2571
f 1528 2572 129
f 2162 301 2573
f 1546 3983 5011
f 5010 4182 2574
f 2575 406 4950
f 3112 5303 2576
f 2960 4636 2577
f 4636 2960 410
f 1222 2578 5167
f 2578 423 3960
f 1202 4634 2579
f 4634 1202 409
f 3134 4834 2580
f 4834 3134 188
f 1511 2581 223
f 804 4018 1895
f 820 4183 2153
f 1237 2582 3143
f 5253 3971 2582
f 1494 3969 5190
f 5107 4208 2583
f 1498 2584 5231
f 5111 4231 2584
f 2997 5265 1494
f 5265 2997 406
f 1197 4214 5118
f 1492 407 3971
f 1529 2585 532
f 2586 410 4079
f 1196 4235 5012
f 2587 5145 5205
f 4215 1498 2588
f 1498 4215 407
f 4952 4013 3073
f 5127 4222 2589
f 1493 2590 2977
f 5122 4186 2590
f 5322 2591 3127
f 1196 5153 2592
f 5153 1196 121
f 814 2593 766
f 1500 2594 3164
f 5202 3039 2594
f 5034 4185 2595
f 1194 5210 2596
f 5210 1194 227
f 5259 3993 2597
f 1174 2598 2963
f 5291 3947 2598
f 4669 4154 2164
f 295 4085 2236
f 4941 4175 2599
f 5244 3972 2600
f 4702 4041 2502
f 5309 4019 2593
f 1545 2602 5180
f 5163 3987 2603
f 1543 3962 5154
f 5066 4180 2604
f 2605 1229 4178
f 2611 3939 5199
f 3118 4234 2606
f 1551 3967 5268
f 3123 4179 2607
f 1217 4243 4914
f 1544 4243 419
f 1181 546 2610
f 1541 2610 546
f 3052 4742 1444
f 4742 3052 4749
f 1203 5234 2611
f 5234 1203 5141
f 4207 5242 2612
f 4155 1500 2613
f 1500 4155 411
f 1204 4152 5203
f 1200 4236 4945
f 2614 408 2986
f 1201 5299 2615
f 5299 1201 408
f 1211 4211 5106
f 5243 4211 416
f 2168 2616 5023
f 4633 4195 1883
f 1427 4196 4189
f 2987 4031 2617
f 817 2618 5491
f 1224 4053 5152
f 2619 191 5288
f 4987 4110 5445
f 1183 2620 3009
f 5150 4037 2620
f 4038 5184 2621
f 5184 4038 191
f 4310 3976 2622
f 4043 5273 2623
f 1511 2623 5273
f 1228 5404 2625
f 1462 2625 5404
f 3183 444 2626
f 4348 4256 2626
f 3921 5266 2627
f 5266 3921 540
f 1243 5307 1505
f 5307 1243 426
f 1223 4052 5295
f 1547 425 3060
f 1180 4136 3004
f 2628 184 5217
f 5151 4120 2165
f 3053 4054 2629
f 1444 4073 3032
f 5276 4058 2630
f 4135 3067 2631
f 3067 4135 184
f 5264 4044 2632
f 2618 817 1895
f 1898 3070 2633
f 1195 2633 3070
f 1499 4042 2634
f 5134 4057 2634
f 5140 4075 2635
f 4137 5158 2636
f 1227 5254 2637
f 1509 2637 5254
f 1199 5249 1499
f 5301 4099 2638
f 5257 4148 5155
f 2639 5249 5275
f 1178 5416 2640
f 5416 1178 5174
f 1224 5143 2641
f 5143 1224 425
f 4133 1514 2642
f 1514 4133 525
f 1544 3000 5213
f 2643 1239 4065
f 1238 4064 3184
f 5237 4079 2644
f 1502 4094 5285
f 5279 4056 2645
f 5171 4132 2646
f 3048 4134 2647
f 1245 4070 3121
f 5269 4045 2648
f 1505 4156 4118
f 3177 4059 2649
f 5274 3051 2163
f 5225 4090 2650
f 1547 4111 5248
f 3055 4108 2651
f 1515 4096 5146
f 2999 4149 2652
f 5162 4145 2653
f 1501 4093 5224
f 5270 4062 2654
f 1210 2655 5308
f 5209 2655 185
f 1504 4127 5305
f 5263 4146 2656
f 1220 3885 2657
f 5215 3885 4158
f 4078 4077 5255
f 5164 4109 2658
f 1235 4061 3015
f 5132 4130 2659
f 1243 4069 5189
f 2660 190 5278
f 303 2503 312
f 2503 303 2163
f 1235 5188 2661
f 1538 2661 5188
f 4144 5271 1515
f 5271 4144 526
f 5263 5227 2662
f 1244 5256 4072
f 4147 5239 1496
f 5239 4147 5283
f 1240 5133 2663
f 1540 2663 5133
f 4049 5216 2664
f 5216 4049 424
f 1226 5176 1490
f 5176 1226 545
f 1182 2665 5222
f 2665 424 1548
f 4104 5149 1542
f 5149 4104 546
f 1213 2666 3023
f 2666 417 5232
f 1236 5245 4078
f 1209 2667 3028
f 1501 2667 415
f 3174 4318 2668
f 1375 2668 4318
f 2669 411 4045
f 1219 4046 5267
f 1504 422 4127
f 1439 4252 4648
f 2670 1163 3989
f 3941 4281 2671
f 1276 2671 4281
f 1246 4244 4958
f 5007 4254 2672
f 3152 4927 2673
f 4927 3152 4651
f 3120 4205 2674
f 5345 3927 2675
f 4001 131 2676
f 3979 2676 4297
f 1549 3936 2955
f 5403 3928 2677
f 1533 2678 4291
f 1550 3982 5419
f 5366 3929 2679
f 3192 5399 1549
f 5399 3192 5112
f 5029 4032 5312
f 3005 5198 2681
f 5198 3005 4731
f 1246 5318 2682
f 1489 2682 5318
f 1164 3991 2683
f 1194 2684 5348
f 1250 5333 2685
f 5333 1250 5052
f 1176 2686 2952
f 5105 4253 2686
f 1470 4258 5258
f 5339 4016 2687
f 2162 2562 304
f 2161 5485 765
f 5142 4226 2688
f 2989 4028 2689
f 4821 3912 5393
f 2690 121 1525
f 4026 5135 2691
f 1526 2691 5135
f 1197 5191 2692
f 5191 1197 222
f 4167 4168 5177
f 5166 4169 2693
f 1177 5326 2694
f 5326 1177 543
f 4014 5373 2695
f 1527 2696 531
f 3916 5187 2698
f 1525 2698 5187
f 1252 536 2699
f 1532 2699 536
f 5362 2700 421
f 4167 426 3061
f 4023 5156 2701
f 5156 4023 531
f 3917 1526 2702
f 1526 3917 530
f 1215 3899 2703
f 3088 3899 187
f 2950 5370 2704
f 5370 3978 2704
f 1524 4200 5173
f 3076 3914 2705
f 5391 3918 2706
f 5056 4251 2731
f 1164 225 2707
f 4307 3955 2707
f 1491 4255 4962
f 5379 3919 2708
f 1168 3999 2946
f 5221 3999 186
f 5384 4029 2167
f 1212 4034 2966
f 5170 4034 120
f 1200 219 2711
f 1518 2711 219
f 4030 1523 2712
f 1523 4030 221
f 5147 4216 2713
f 839 3925 2714
f 3995 226 2715
f 1513 2716 523
f 3129 533 2717
f 1391 2717 4294
f 1247 5409 1550
f 5409 1247 412
f 5066 5214 2718
f 3915 511 2719
f 1508 2719 511
f 4022 5220 2720
f 1506 2720 5220
f 2721 515 5185
f 4210 2721 5185
f 5280 4191 2722
f 1230 5293 2723
f 1521 2723 5293
f 1242 5179 2724
f 5179 1242 538
f 1245 5206 2725
f 1510 2725 5206
f 1231 5230 2726
f 1523 2726 5230
f 2727 403 5356
f 4250 4349 2728
f 1380 2728 4349
f 5250 4217 2729
f 2730 405 2985
f 1165 3992 5319
f 1491 404 4255
f 1524 2732 529
f 4024 5398 2733
f 5398 4024 404
f 4151 5420 1551
f 5420 4151 5193
f 2734 409 3175
f 1193 5418 2735
f 5418 1193 4796
f 1899 2688 843
f 2618 310 2363
f 2164 155 2301
f 2161 2153 304
f 2525 311 2333
f 2163 845 2503
f 5490 154 2155
f 2736 304 313
f 5478 265 311
f 2616 147 156
f 2204 5180 2602
f 2203 781 2591
f 2331 833 2167
f 2501 306 2603
f 2164 2301 800
f 2737 5450 155
f 2650 2737 151
f 2736 5485 2161
f 2346 845 2166
f 2525 2333 769
f 2359 307 2731
f 1594 119 2738
f 2738 119 3737
f 5022 851 2739
f 851 1098 2739
f 3788 847 2740
f 1350 2740 847
f 2146 112 2741
f 2113 2741 112
f 4458 1552 2742
f 1552 4458 453
f 4469 846 2743
f 1863 2743 846
f 4415 3852 2123
f 2463 3829 2745
f 885 2745 850
f 1149 3884 2746
f 2746 113 2926
f 1867 2747 854
f 486 5352 855
f 1869 486 661
f 389 2748 5435
f 2817 2748 329
f 1110 856 2749
f 1861 2749 856
f 3755 157 2114
f 2805 332 2750
f 1591 2750 332
f 880 2751 859
f 2463 2752 401
f 2106 2798 2753
f 2753 333 2830
f 1076 2754 852
f 2106 2755 320
f 2105 2756 655
f 1147 2757 853
f 3882 2480 2758
f 2480 3882 282
f 3772 4451 2121
f 1864 4483 857
f 2482 3867 5493
f 886 2759 858
f 1146 3879 2760
f 1590 2760 159
f 883 2761 860
f 1153 3837 2762
f 230 2762 323
f 4562 4428 2763
f 2108 2763 861
f 4571 4437 5427
f 892 2764 2832
f 2485 3870 2765
f 1152 2765 862
f 2475 2766 182
f 2475 2767 754
f 1150 2456 2768
f 2469 2768 402
f 3831 399 2770
f 2483 2770 399
f 3886 2476 2771
f 2476 3886 754
f 3873 2772 759
f 2482 2773 399
f 1151 2486 2774
f 2485 2774 3870
f 4445 4416 2775
f 4479 2775 2827
f 1553 4484 5432
f 5425 4462 2115
f 1115 881 1999
f 881 1115 5435
f 4373 2776 863
f 4440 2826 2777
f 2826 4440 162
f 1552 4436 4460
f 2107 2778 864
f 4425 2833 2779
f 2833 4425 114
f 1126 865 1353
f 215 325 2780
f 1116 867 2781
f 2031 2781 867
f 4472 5430 4485
f 1473 4761 2051
f 327 2782 319
f 467 2783 866
f 2824 556 2784
f 2784 556 2925
f 1158 2448 1575
f 1575 2448 80
f 2461 3905 2785
f 889 3905 869
f 1160 3901 2786
f 1592 2786 160
f 393 4417 2787
f 464 2787 2828
f 3926 3856 2789
f 328 2789 322
f 1161 3844 2790
f 1591 2790 321
f 2496 3834 2791
f 888 2791 870
f 4401 868 4478
f 2493 2792 757
f 1092 3725 2793
f 1857 1334 38
f 4404 2793 2794
f 1262 2794 2793
f 1076 871 2795
f 2105 53 2796
f 2829 2796 2046
f 2106 320 2798
f 2107 2798 2778
f 2108 201 2799
f 2106 655 2800
f 2800 655 2756
f 4373 122 2801
f 2801 122 4443
f 2802 160 2785
f 1576 2921 2803
f 1569 2803 873
f 1571 2923 2804
f 879 2804 2810
f 331 332 2805
f 878 872 2806
f 880 5482 2751
f 328 322 2807
f 2807 322 2791
f 1573 2922 2808
f 883 2808 2761
f 1577 2809 554
f 327 319 2810
f 1576 73 2037
f 552 2813 874
f 1574 203 1088
f 1571 874 2811
f 74 2811 874
f 1345 3724 4288
f 2793 3725 5470
f 443 2812 4287
f 229 326 439
f 551 875 4283
f 550 1092 2099
f 1329 876 3822
f 1570 3703 2813
f 2045 2813 75
f 2811 2041 231
f 1354 5473 2110
f 5482 113 2751
f 2807 877 2814
f 2806 331 2815
f 69 2815 331
f 1570 879 2816
f 886 2816 879
f 1098 851 65
f 17 881 2817
f 1108 2010 882
f 18 329 1351
f 4446 1338 164
f 2818 163 4410
f 1578 1091 2819
f 1091 1578 878
f 1574 883 2820
f 860 2820 883
f 2808 159 2761
f 2804 327 2810
f 1569 880 2821
f 859 2821 880
f 200 4447 2822
f 462 2822 4447
f 1594 457 330
f 180 459 884
f 2011 2823 328
f 1572 323 2783
f 3706 197 5468
f 1311 5468 197
f 2750 1852 621
f 2784 885 2824
f 1851 2824 885
f 1856 163 2818
f 1852 321 2745
f 2759 886 2810
f 2750 887 2805
f 2802 2785 889
f 1855 621 2825
f 2784 2825 621
f 1851 850 2746
f 1853 858 2760
f 1855 71 2068
f 1853 133 2816
f 2821 2782 327
f 1854 869 2790
f 1856 870 2786
f 1854 332 2806
f 2807 2791 888
f 2820 2762 230
f 2789 328 2823
f 228 195 2780
f 2777 2826 4287
f 2775 317 2827
f 2105 2022 53
f 2828 4417 324
f 4373 890 1314
f 4285 891 2830
f 2753 2830 891
f 2108 892 2831
f 2764 161 2832
f 1330 4475 2833
f 2779 2833 893
f 4474 2107 2834
f 2107 4474 333
f 1933 435 2835
f 1104 2835 3732
f 1927 192 2836
f 1257 2836 4260
f 1926 165 2837
f 1258 909 2838
f 1953 633 2839
f 1926 643 2840
f 2840 643 3236
f 1927 643 2841
f 2841 643 3238
f 1940 429 2842
f 2842 429 3495
f 1948 441 2843
f 1297 2843 4381
f 1259 894 2844
f 1942 2844 4386
f 1266 895 2845
f 1956 2845 3483
f 1910 4263 2846
f 1913 196 2847
f 2847 196 4267
f 1280 896 2848
f 1285 897 2849
f 1933 2849 3434
f 1928 194 2850
f 1291 2850 4312
f 1303 898 2851
f 1953 4394 2852
f 1267 899 2853
f 1920 4315 2854
f 1302 900 2855
f 1923 250 2856
f 1304 901 2857
f 4391 252 2858
f 1941 427 2859
f 2859 427 3437
f 1282 902 2860
f 1922 250 2861
f 2861 250 3553
f 1289 903 2862
f 1946 334 2863
f 1283 2863 3608
f 1256 5488 2864
f 1945 2864 4309
f 1273 905 2865
f 1908 335 2866
f 1909 138 2867
f 1265 906 2868
f 1941 2868 4387
f 1295 907 2869
f 1929 2869 4314
f 1947 336 2870
f 1284 2870 3597
f 1281 908 2871
f 1949 2871 3439
f 1921 123 2872
f 1943 337 2873
f 1275 910 2874
f 1911 338 2875
f 1278 2875 3381
f 1264 911 2876
f 1904 2876 3286
f 1905 192 2877
f 1930 4388 2878
f 1932 43 2879
f 1263 2879 2003
f 4529 105 2880
f 2880 105 4360
f 1951 431 2881
f 2881 431 3609
f 1908 430 2882
f 1954 635 2883
f 2883 635 3237
f 1906 633 2884
f 1905 632 2885
f 1946 433 2886
f 4265 4356 2887
f 1952 632 2888
f 1904 433 2889
f 1914 634 2890
f 1912 428 2891
f 2891 428 4290
f 1911 432 2892
f 1928 644 2893
f 2893 644 3629
f 1913 634 2894
f 1942 427 2895
f 1269 2895 3630
f 4277 637 2896
f 2896 637 3488
f 1956 432 2897
f 4316 640 2898
f 1944 430 2899
f 2899 430 3309
f 1929 644 2900
f 2900 644 3484
f 1921 641 2901
f 2901 641 3628
f 1950 438 2902
f 2902 438 3492
f 1924 642 2903
f 2903 642 3487
f 1949 442 2904
f 1298 2904 1557
f 1923 642 2905
f 2905 642 3623
f 1947 438 2906
f 1294 2906 3627
f 1943 429 2907
f 1287 2907 3626
f 1945 431 2908
f 1288 2908 3489
f 1922 641 2909
f 1328 912 2910
f 1325 913 2911
f 1323 914 2912
f 1962 449 2913
f 2913 449 4361
f 1960 440 2914
f 1318 2914 4328
f 2915 5400 645
f 2915 645 3496
f 2916 5354 646
f 1968 451 2917
f 2917 451 4382
f 1964 4272 2918
f 4377 215 2919
f 2919 215 4385
f 1555 4480 2920
f 1857 2920 123
f 1587 873 2921
f 2803 2921 873
f 1590 159 2922
f 2808 2922 159
f 2923 5475 327
f 2804 2923 327
f 1587 2809 915
f 2924 5474 231
f 2803 2924 231
f 2809 2925 556
f 1592 160 2802
f 5482 2926 113
f 4282 2927 1384
f 917 2928 1079
f 4281 2928 3678
f 4284 4556 3687
f 4320 2929 3670
f 2930 437 3677
f 4299 4343 2931
f 2931 4343 1372
f 4297 2933 3679
f 4300 4549 3698
f 197 2934 3696
f 2934 197 3689
f 4337 4554 3668
f 4322 2935 1381
f 4308 4538 3695
f 2936 436 3673
f 4542 445 3674
f 4336 382 2937
f 2937 382 3671
f 4558 448 3692
f 4372 2939 3675
f 4338 4545 2940
f 3685 447 2941
f 2941 447 3694
f 4329 446 2943
f 2943 4304 1395
f 4342 206 4541
f 5333 4000 2944
f 1170 2944 4000
f 5398 3992 2945
f 1165 2945 3992
f 5371 3997 2946
f 1462 5404 3931
f 2947 523 2716
f 3680 225 2948
f 2948 225 1164
f 1530 224 2949
f 2949 224 2524
f 1531 130 2950
f 1173 5328 4007
f 2556 4597 2951
f 5176 545 2952
f 2952 545 4014
f 5399 2515 2953
f 5347 2953 2515
f 1176 5358 4015
f 1549 2955 3964
f 2956 543 1177
f 5418 3991 3966
f 5362 4002 2958
f 1171 2958 4002
f 1550 5419 2959
f 2960 4079 410
f 1405 4242 2961
f 4242 1405 418
f 1536 5250 3980
f 2962 539 1175
f 5179 538 2963
f 2963 538 4009
f 4742 4152 2964
f 4152 4638 2964
f 4862 420 2965
f 4973 2965 420
f 5243 4240 2966
f 4240 5243 416
f 2967 408 4236
f 4236 5364 2967
f 5234 4237 2968
f 4990 2968 4237
f 5409 3996 2969
f 1167 2969 3996
f 2609 5244 2970
f 4941 5324 4175
f 2614 5163 2971
f 5210 227 2972
f 2972 227 2601
f 3963 5180 2973
f 4174 4599 2975
f 1493 2977 2533
f 4234 5368 2977
f 1230 5335 4179
f 2608 5213 2978
f 1242 5381 4185
f 1228 4804 4177
f 3952 5165 2980
f 2981 227 1194
f 2611 5199 2983
f 1489 5318 2984
f 2984 527 4006
f 1166 2985 405
f 2986 408 1201
f 2987 5141 1203
f 2988 5356 403
f 3971 4215 2989
f 4215 3971 407
f 5272 4223 2990
f 5265 406 2991
f 5097 2991 406
f 5288 4038 2992
f 4038 5288 191
f 1494 5190 2993
f 4027 2573 2994
f 1492 5253 2995
f 1445 4867 2996
f 4231 5321 2996
f 4950 406 2997
f 2998 5303 4043
f 5275 1199 2999
f 1199 5275 5249
f 1544 4161 3000
f 4161 1544 419
f 5232 4241 3002
f 4241 5232 417
f 3003 423 2578
f 1222 3003 2578
f 5205 1180 3004
f 1180 5205 5145
f 4045 4155 3006
f 4155 4045 411
f 3007 425 4052
f 1223 3007 4052
f 5239 2557 3008
f 1179 3008 2557
f 5271 526 3009
f 3009 526 2624
f 3010 5227 2638
f 3011 424 2665
f 1182 3011 2665
f 1498 407 3012
f 4214 5320 3012
f 1501 4159 3013
f 4159 1501 415
f 4127 4047 3014
f 4047 4127 422
f 3015 5245 1235
f 3986 4987 3016
f 1227 929 4054
f 1509 220 3018
f 3018 220 2635
f 1181 931 4019
f 4084 5274 3019
f 5264 5238 4044
f 4106 295 3020
f 1511 223 3021
f 3021 223 1204
f 1235 936 4061
f 4092 5285 3022
f 5209 4160 3023
f 4160 5209 185
f 1199 5252 4149
f 4078 5255 3025
f 1499 2634 3026
f 4062 5168 3026
f 5215 4158 3028
f 5162 5157 4145
f 1515 5146 3030
f 1542 5225 3031
f 1444 3032 4086
f 4108 4086 3032
f 3034 526 4144
f 5149 546 3037
f 3037 546 1181
f 4072 5171 3038
f 1496 5233 4088
f 5278 4048 3040
f 4048 5278 190
f 4119 4637 3041
f 1232 968 4058
f 1226 5137 5102
f 4129 5132 3045
f 1238 5195 4064
f 1551 5268 3047
f 5174 1178 3048
f 3049 5256 1240
f 1503 420 3050
f 1548 424 3051
f 3051 424 4049
f 5260 512 3053
f 3053 512 1227
f 1538 5188 4102
f 3054 5245 1236
f 1541 546 4113
f 3055 546 4104
f 1540 5133 4128
f 3056 5256 1244
f 4148 5257 3057
f 4636 410 3058
f 5307 4165 3059
f 5296 3059 4165
f 3060 425 1224
f 3061 426 1243
f 3062 184 4135
f 184 3062 5217
f 5228 5223 3063
f 4123 5151 3063
f 4164 5237 3064
f 1520 5140 4117
f 3065 220 2566
f 4166 5247 4636
f 4169 5218 3066
f 4136 5204 3067
f 4167 5177 3068
f 3069 525 4133
f 1519 5301 4125
f 3070 5283 4147
f 1514 525 3071
f 3071 525 4137
f 5008 403 3072
f 3990 5044 3072
f 5266 4012 3073
f 4012 5266 540
f 5046 405 3074
f 1524 529 3075
f 3075 529 1231
f 3960 423 3076
f 3076 423 1221
f 5286 4207 3077
f 4207 5286 542
f 5282 515 3078
f 4255 404 3079
f 3079 404 4024
f 5262 528 3080
f 3080 528 2722
f 5420 4238 3081
f 5050 3081 4238
f 1172 4948 4004
f 1391 88 3083
f 1247 5315 4246
f 1522 5147 3085
f 3085 221 4030
f 5144 219 3086
f 3086 219 1200
f 1174 933 4010
f 3088 187 3998
f 3089 5221 186
f 1201 5032 4029
f 4210 5185 2709
f 3091 515 1253
f 1166 5069 3993
f 5170 4035 3094
f 4035 5170 120
f 3914 5113 3095
f 1510 190 3096
f 4069 5183 3096
f 1195 3097 2633
f 4131 4702 3097
f 4198 5291 3098
f 4233 3099 183
f 2546 5287 3100
f 1523 221 3101
f 3101 221 2713
f 2733 5078 3102
f 4232 5336 3103
f 5349 4001 3106
f 4001 5349 131
f 5153 3912 3107
f 4821 3107 3912
f 4143 4628 3109
f 1249 982 3925
f 4206 4594 3111
f 1511 5273 4122
f 3113 538 1242
f 3978 534 3114
f 3115 4796 1193
f 1506 5220 4221
f 3116 5161 2558
f 1537 541 3117
f 3117 541 4184
f 1523 5230 2712
f 3118 529 2732
f 4536 4250 3119
f 4250 4536 4349
f 5086 539 3120
f 3120 539 2729
f 3121 5139 1245
f 3123 5214 1230
f 4546 4003 3124
f 4003 4546 519
f 3125 541 2545
f 5229 3915 3126
f 3915 5229 511
f 3127 5161 4022
f 3955 535 3128
f 1521 5293 4225
f 3944 533 3129
f 1526 530 3130
f 3130 530 3916
f 4927 4249 3131
f 1251 3131 4249
f 5191 222 3133
f 3133 222 4026
f 3134 4970 188
f 1526 5135 3135
f 3135 222 1197
f 1525 121 3136
f 3136 121 1196
f 5369 4843 3137
f 4202 5142 3137
f 4560 3941 3138
f 3941 4560 4281
f 1252 3139 536
f 5156 531 3140
f 3140 531 2696
f 1527 531 3141
f 3141 531 4023
f 1525 5187 3142
f 3142 530 3917
f 5326 543 3143
f 3143 543 2697
f 5236 5272 3144
f 4171 5200 3144
f 1510 5206 2568
f 3145 5139 4142
f 1500 411 3147
f 5416 5174 3148
f 2684 5003 3148
f 3149 5193 4151
f 1516 527 3150
f 3150 527 1246
f 5198 4731 3151
f 4032 5029 3151
f 1175 953 4011
f 4229 5178 3153
f 1240 5160 4066
f 4083 5246 3155
f 4112 4633 3156
f 1528 129 3157
f 3157 129 4051
f 1490 4847 3158
f 5366 972 3929
f 1252 4937 3928
f 3162 129 2572
f 2561 5093 3163
f 2509 4631 3165
f 3943 5105 3167
f 5281 3994 3168
f 1508 511 4115
f 3169 511 2519
f 1513 523 3170
f 3170 523 1228
f 1529 532 3171
f 3171 532 1232
f 3172 542 1234
f 3173 545 1226
f 3979 537 3174
f 3175 409 1202
f 1529 5208 4170
f 3176 223 2581
f 1528 5169 4101
f 3177 532 2585
f 1509 5254 4121
f 3179 540 3921
f 4031 4909 3180
f 3995 3181 226
f 5175 5117 3182
f 1535 444 3183
f 5194 544 3184
f 3184 544 1238
f 1518 3185 4098
f 3185 219 2564
f 3186 5148 189
f 3149 5422 3187
f 1539 5196 2516
f 3188 544 2522
f 1517 5280 4097
f 1439 421 3190
f 3190 421 2700
f 3191 412 1247
f 3193 5052 1250
f 2179 718 1652
f 3194 5330 603
f 1695 3194 603
f 3195 5351 561
f 1611 3195 4730
f 2201 5378 729
f 1624 2201 729
f 3196 5413 725
f 1656 3196 725
f 2206 745 3197
f 1660 3197 745
f 3198 5128 618
f 1636 3198 618
f 3199 5414 564
f 1679 3199 564
f 3200 2170 610
f 1698 3200 610
f 2204 735 1596
f 3201 5385 985
f 2220 3201 985
f 2183 245 1676
f 2185 236 3202
f 1680 3202 236
f 1933 2835 3203
f 2170 3203 988
f 3204 4640 724
f 1655 3204 724
f 2210 5323 620
f 1700 2210 620
f 1699 3205 4720
f 2839 633 3206
f 1906 3206 633
f 1610 2202 730
f 3207 5240 616
f 1634 3207 616
f 3208 5397 611
f 2198 719 3209
f 1627 3209 4676
f 3210 5311 617
f 1635 3210 4706
f 3211 5219 571
f 1631 3211 571
f 3212 5353 595
f 1690 3212 595
f 1654 2330 5103
f 2357 742 3213
f 1806 3213 5124
f 2313 709 1621
f 2193 686 1671
f 3214 5408 615
f 1832 3214 615
f 2298 689 1599
f 3215 4644 585
f 1689 3215 585
f 3216 4905 711
f 1622 3216 711
f 3217 4944 578
f 1687 3217 578
f 2239 699 3218
f 1620 3218 4689
f 2238 4976 698
f 1619 2238 698
f 3219 5108 710
f 1647 3219 710
f 3220 5407 586
f 1615 3220 586
f 2237 696 3221
f 1668 3221 4822
f 1877 705 1646
f 2243 704 1645
f 3222 5342 607
f 1697 3222 607
f 2205 5344 741
f 1658 2205 741
f 2196 697 3223
f 1667 3223 697
f 3224 4910 568
f 1630 3224 568
f 3225 5396 679
f 1641 3225 679
f 3226 5334 678
f 1617 3226 678
f 2216 5412 587
f 1633 2216 587
f 3227 5310 601
f 1693 3227 4766
f 3228 5129 619
f 1834 3228 4968
f 3229 5385 716
f 1650 3229 716
f 3230 5411 681
f 1642 3230 681
f 3231 5338 602
f 1694 3231 602
f 3232 5405 596
f 1691 3232 596
f 3233 5314 599
f 1692 3233 599
f 3234 5346 604
f 1696 3234 604
f 3235 4938 574
f 1632 3235 574
f 1927 3236 643
f 1910 3237 635
f 1926 3238 643
f 1909 3239 4519
f 2888 632 3240
f 1905 3240 632
f 1960 3241 440
f 2329 5004 721
f 1653 2329 721
f 3242 5081 557
f 1602 3242 557
f 2241 5073 701
f 1608 2241 701
f 2335 4624 723
f 1595 2335 723
f 2219 3243 4966
f 2194 264 3244
f 1673 3244 264
f 2196 261 3245
f 1677 3245 261
f 1255 3246 986
f 1953 3247 4394
f 2172 3248 4748
f 2334 134 3249
f 1831 3249 134
f 1626 699 989
f 2217 1626 989
f 990 1654 5103
f 2180 3250 4959
f 2321 240 3251
f 1822 3251 240
f 3252 5346 991
f 2322 3252 991
f 1258 3253 992
f 3254 5411 993
f 2384 3254 993
f 1625 2191 684
f 3255 5342 995
f 2326 3255 995
f 1260 3256 996
f 3257 5374 584
f 1688 3257 584
f 2295 1875 108
f 1820 2295 5017
f 1959 2915 3258
f 2291 3258 4746
f 3259 5446 107
f 1821 3259 107
f 1326 4399 3260
f 1704 3260 174
f 2178 244 3261
f 1779 3261 244
f 2362 243 3262
f 1817 3262 243
f 1002 1647 710
f 2383 3263 1002
f 2325 246 3264
f 1818 3264 246
f 2288 240 3265
f 1687 3265 240
f 1257 4260 3266
f 1905 3266 192
f 2297 246 3267
f 1824 3267 246
f 2290 243 3268
f 1823 3268 243
f 2877 192 3269
f 1927 3269 192
f 1264 2876 3270
f 1811 3270 4953
f 2398 3271 4766
f 2386 358 3272
f 1599 3272 358
f 2387 359 3273
f 1796 3273 359
f 2395 360 3274
f 1621 3274 360
f 3275 1812 1010
f 2380 3275 1010
f 2394 363 3276
f 1777 3276 363
f 2371 369 3277
f 1789 3277 369
f 3278 5350 4639
f 2268 3278 4639
f 2404 116 3279
f 1793 3279 116
f 3280 4624 1024
f 2364 3280 1024
f 2287 238 3281
f 1792 3281 238
f 2293 259 3282
f 1819 3282 259
f 2294 259 3283
f 1791 3283 259
f 3284 5378 1029
f 2272 3284 1029
f 3285 4911 4960
f 1776 3285 4960
f 1261 2886 3286
f 1904 3286 433
f 3287 5092 562
f 1612 3287 562
f 3288 5085 1026
f 2249 3288 1026
f 2334 723 1601
f 3289 4641 683
f 1598 3289 683
f 3290 4850 692
f 1701 3290 692
f 2292 244 3291
f 1778 3291 244
f 3292 5120 690
f 1606 3292 690
f 2235 694 1748
f 3293 4609 573
f 1753 3293 573
f 3294 4930 572
f 1684 3294 572
f 3295 4621 608
f 1773 3295 608
f 3296 4688 588
f 1727 3296 588
f 3297 4872 567
f 1614 3297 567
f 2276 582 3298
f 1726 3298 4892
f 3299 4853 579
f 1723 3299 579
f 2409 591 3300
f 1761 3300 4917
f 2177 680 1737
f 2244 4917 591
f 1732 2244 591
f 3301 4793 600
f 1769 3301 600
f 3302 4846 606
f 1771 3302 606
f 3303 5016 569
f 1716 3303 569
f 3304 5094 589
f 1729 3304 589
f 3305 4997 694
f 1706 3305 694
f 2403 4840 589
f 1760 2403 589
f 3306 5065 592
f 1762 3306 592
f 3307 5028 597
f 1766 3307 597
f 3308 4961 609
f 1774 3308 609
f 2231 5080 674
f 1639 2231 674
f 1908 3309 430
f 2897 432 3310
f 1911 3310 432
f 3311 4826 569
f 1717 3311 569
f 2270 5101 594
f 1765 2270 594
f 1954 2883 3312
f 2302 3312 4822
f 1668 3313 5005
f 3314 4688 999
f 2319 3314 999
f 3315 4665 4733
f 1665 3315 4733
f 3316 4839 1004
f 2244 3316 1004
f 2308 273 1761
f 3317 4820 5131
f 2250 3317 5131
f 2307 272 3318
f 1771 3318 272
f 1265 3319 1007
f 4265 3320 4315
f 3321 4803 592
f 1733 3321 592
f 2248 3322 4756
f 1272 2882 3323
f 1944 3323 430
f 3324 5000 361
f 1609 3324 361
f 3325 5076 5009
f 1620 3325 5009
f 2250 5131 606
f 1772 2250 606
f 3326 5119 4985
f 1760 3326 4985
f 3327 4992 4986
f 1748 3327 4986
f 3328 4811 597
f 1735 3328 597
f 2257 235 3329
f 1752 3329 235
f 2283 3330 4654
f 3331 5083 1028
f 2370 3331 1028
f 2231 258 3332
f 1764 3332 258
f 1961 3333 4263
f 3334 4988 4840
f 2403 3334 4840
f 2241 141 3335
f 1755 3335 141
f 2867 138 3336
f 4277 3336 138
f 3337 4789 4824
f 1763 3337 4824
f 1765 3338 4931
f 3339 4615 4607
f 1664 3339 4607
f 2243 141 3340
f 1757 3340 141
f 1743 3341 4842
f 1944 2899 3342
f 2399 3342 4846
f 2410 1746 4965
f 2177 241 3343
f 1724 3343 241
f 2237 258 3344
f 1773 3344 258
f 1744 5021 1042
f 2368 1744 1042
f 1740 712 1044
f 2282 1740 1044
f 3345 1879 140
f 1758 3345 140
f 2238 262 3346
f 1734 3346 262
f 1277 4268 3347
f 1962 3347 449
f 2257 691 3348
f 1747 3348 4891
f 2264 713 3349
f 1708 3349 4901
f 1270 4365 3350
f 1912 3350 428
f 3351 4898 598
f 1767 3351 598
f 3352 4610 579
f 1756 3352 579
f 2262 4988 702
f 1707 2262 702
f 2336 726 3353
f 1709 3353 4869
f 2274 570 3354
f 1705 3354 4780
f 2355 740 1703
f 2323 715 3355
f 1702 3355 4880
f 2234 693 1666
f 2249 4657 588
f 1728 2249 588
f 3356 4901 713
f 1712 3356 713
f 3357 4838 605
f 1736 3357 605
f 2279 692 1713
f 2339 728 1710
f 3358 5035 575
f 1720 3358 575
f 3359 4893 576
f 1722 3359 576
f 2890 634 3360
f 1913 3360 634
f 2248 600 3361
f 1770 3361 600
f 2309 707 3362
f 1609 3362 4647
f 3363 1878 739
f 1714 3363 4883
f 2239 262 3364
f 1715 3364 262
f 1769 2303 136
f 3365 5065 1011
f 2310 3365 1011
f 3366 4829 1013
f 2269 3366 1013
f 3367 5442 101
f 1721 3367 101
f 3368 5028 1014
f 2304 3368 1014
f 2258 3369 4891
f 1747 3370 4855
f 1271 4292 3371
f 1768 3371 103
f 3372 4684 173
f 1717 3372 173
f 2276 368 3373
f 1710 3373 368
f 3374 4853 1018
f 2337 3374 1018
f 3375 4876 4873
f 1709 3375 4873
f 3376 4758 1021
f 2320 3376 1021
f 3377 4870 4805
f 1708 3377 4805
f 3378 4871 4697
f 1702 3378 4697
f 2299 234 3379
f 1614 3379 234
f 1714 4883 1027
f 2271 1714 1027
f 1705 2363 277
f 2245 1701 4884
f 2279 239 3380
f 1719 3380 239
f 1962 2913 3381
f 1278 3381 1031
f 1320 4367 3382
f 1913 3382 196
f 2174 1706 4887
f 2235 241 3383
f 1723 3383 241
f 1741 726 1041
f 2277 1741 1041
f 2388 3384 4611
f 1049 1711 715
f 2365 3385 1049
f 2234 242 3386
f 1725 3386 242
f 3387 4758 590
f 1730 3387 590
f 2894 634 3388
f 1914 3388 634
f 1892 706 3389
f 1787 3389 4940
f 2311 708 1745
f 3390 4869 726
f 1741 3390 726
f 2391 577 3391
f 1686 3391 4895
f 2266 5083 727
f 1623 2266 727
f 3392 4744 590
f 1731 3392 590
f 2388 572 3393
f 1752 3393 572
f 1738 4891 691
f 2365 4892 582
f 1759 2365 582
f 3394 4830 567
f 1751 3394 567
f 3395 4799 573
f 1685 3395 573
f 3396 5130 732
f 1750 3396 732
f 3397 4902 598
f 1768 3397 598
f 3398 4878 708
f 1781 3398 708
f 3399 4895 577
f 1754 3399 577
f 3400 4780 570
f 1718 3400 570
f 3401 4660 1017
f 2273 3401 1017
f 3402 4814 1019
f 2267 3402 1019
f 3403 4961 1020
f 2260 3403 1020
f 3404 4838 1022
f 2324 3404 1022
f 3405 691 1025
f 2275 3405 1025
f 2266 269 3406
f 1716 3406 269
f 3407 5080 5101
f 2270 3407 5101
f 1911 4278 3408
f 1323 3408 1030
f 2262 268 3409
f 1729 3409 268
f 1787 4940 1032
f 2382 1787 1032
f 2263 5494 144
f 1751 2263 4897
f 1040 1754 577
f 2312 3410 1040
f 2391 375 3411
f 1745 3411 375
f 2336 268 3412
f 1730 3412 268
f 1750 732 1043
f 2376 1750 1043
f 2343 272 3413
f 1774 3413 272
f 2377 1781 4885
f 2311 235 3414
f 1767 3414 235
f 2261 136 3415
f 1720 3415 136
f 1046 1659 744
f 2431 3416 1046
f 2374 1657 4623
f 3417 4963 581
f 1725 3417 581
f 2341 1564 731
f 1742 2341 4797
f 3418 4701 575
f 1719 3418 575
f 3419 4880 715
f 1711 3419 715
f 3420 4879 609
f 1794 3420 609
f 3421 4827 576
f 1721 3421 576
f 2274 365 3422
f 1713 3422 365
f 3423 4896 728
f 1657 3423 728
f 1712 713 1047
f 2390 1712 1047
f 2264 239 3424
f 1722 3424 239
f 2323 242 3425
f 1726 3425 242
f 1742 4797 1050
f 2406 1742 1050
f 3426 1881 271
f 1736 3426 271
f 4298 194 3427
f 1928 3427 194
f 2371 571 3428
f 1791 3428 571
f 3429 4603 558
f 1674 3429 558
f 2178 682 3430
f 1643 3430 4746
f 2398 601 3431
f 1822 3431 601
f 2302 4822 696
f 1797 2302 696
f 2307 4820 704
f 1799 2307 704
f 3432 4913 593
f 1734 3432 593
f 2321 714 3433
f 1649 3433 4694
f 4296 435 3434
f 1933 3434 435
f 2299 690 1810
f 4392 441 3435
f 1948 3435 441
f 3436 4936 594
f 1764 3436 594
f 1942 3437 427
f 3438 5058 581
f 1758 3438 581
f 4396 442 3439
f 1949 3439 442
f 2400 612 3440
f 1827 3440 5089
f 3441 4790 717
f 1651 3441 717
f 2387 568 3442
f 1715 3442 568
f 2314 710 3443
f 1801 3443 5108
f 3444 5019 580
f 1724 3444 580
f 3445 4600 566
f 1683 3445 566
f 3446 4767 559
f 1604 3446 559
f 2291 4746 682
f 1597 2291 682
f 1295 2869 3447
f 1700 3447 5365
f 3448 4782 558
f 1603 3448 558
f 3449 4722 584
f 1778 3449 584
f 3450 5410 583
f 1605 3450 583
f 3451 4612 677
f 1795 3451 677
f 3452 4716 585
f 1779 3452 585
f 2343 732 3453
f 1743 3453 5130
f 3454 4675 560
f 1629 3454 560
f 2432 561 3455
f 1676 3455 561
f 1669 2412 716
f 2427 564 3456
f 1680 3456 564
f 1662 2423 748
f 2395 587 3457
f 1819 3457 587
f 2433 565 3458
f 1682 3458 4778
f 3459 4653 560
f 1628 3459 560
f 3460 4666 580
f 1757 3460 580
f 3461 4763 596
f 1793 3461 596
f 3462 4619 689
f 1746 3462 689
f 2366 557 3463
f 1673 3463 557
f 2345 733 1672
f 3464 4726 602
f 1823 3464 602
f 2362 747 3465
f 1661 3465 4715
f 2386 562 3466
f 1677 3466 562
f 3467 4888 574
f 1792 3467 574
f 2318 712 3468
f 1665 3468 4837
f 2296 687 1663
f 3469 4814 680
f 1783 3469 680
f 3470 4694 714
f 1648 3470 714
f 2325 717 3471
f 1670 3471 4790
f 3472 4736 563
f 1613 3472 563
f 2293 4683 684
f 1784 2293 684
f 2294 685 3473
f 1812 3473 685
f 3474 5458 738
f 1744 3474 5021
f 2192 5290 685
f 1618 2192 685
f 2268 586 3475
f 1818 3475 586
f 2401 614 3476
f 1829 3476 5061
f 3477 1562 737
f 1805 3477 4979
f 2287 678 1796
f 2290 681 1815
f 3478 5359 672
f 1637 3478 672
f 2358 5124 742
f 1807 2358 742
f 2328 721 1803
f 3479 5325 673
f 1638 3479 673
f 2306 701 1816
f 2185 673 3480
f 1844 3480 5325
f 3481 5376 688
f 1644 3481 688
f 2183 672 1845
f 1285 2849 3482
f 1844 3482 370
f 1274 2892 3483
f 1956 3483 432
f 1928 3484 644
f 2884 633 3485
f 1953 3485 633
f 2898 640 3486
f 1920 3486 640
f 1923 3487 642
f 4391 3488 4520
f 1951 3489 431
f 2889 433 3490
f 1946 3490 433
f 2885 632 3491
f 1952 3491 632
f 1947 3492 438
f 2375 619 3493
f 1833 3493 619
f 2909 641 3494
f 1921 3494 641
f 1943 3495 429
f 1930 3496 645
f 1932 3497 4502
f 2916 646 3498
f 4529 3498 646
f 2286 677 3499
f 1664 3499 4612
f 2175 674 1788
f 1301 4275 3500
f 1968 3500 451
f 2297 688 1789
f 2272 4645 563
f 1678 2272 563
f 3501 4700 559
f 1675 3501 559
f 2303 698 3502
f 1814 3502 698
f 3503 4715 747
f 1640 3503 747
f 3504 4926 4725
f 1678 3504 4725
f 2338 727 3505
f 1749 3505 727
f 1637 4747 5351
f 2215 1637 5351
f 3506 4770 599
f 1821 3506 599
f 1790 2417 729
f 1638 673 987
f 2221 1638 987
f 2394 583 3507
f 1817 3507 583
f 3508 4754 595
f 1820 3508 595
f 3509 2167 142
f 1689 3509 142
f 2328 134 3510
f 1603 3510 134
f 3511 4989 4696
f 1649 3511 4696
f 1259 2844 3512
f 1940 3512 362
f 3513 4807 605
f 1782 3513 605
f 3514 5006 170
f 1675 3514 170
f 3515 5125 4708
f 1670 3515 4708
f 1951 3516 371
f 2360 744 3517
f 1808 3517 4954
f 2209 3518 4751
f 1643 3519 4709
f 2429 4785 604
f 1825 2429 604
f 3520 4752 998
f 2207 3520 998
f 2169 3521 1000
f 3522 4819 709
f 1809 3522 709
f 2314 232 3523
f 1674 3523 232
f 1651 717 1003
f 2223 1651 1003
f 2392 3524 4774
f 1300 3525 1005
f 2214 1644 4753
f 1256 3526 1006
f 3527 5082 578
f 1755 3527 578
f 2188 3528 1008
f 1693 3529 4946
f 2187 3530 4681
f 3531 4778 565
f 1681 3531 565
f 2280 3532 4682
f 2240 700 1798
f 2192 139 3533
f 1628 3533 139
f 3534 4689 699
f 1626 3534 699
f 2191 106 3535
f 1615 3535 106
f 3536 4647 707
f 1800 3536 707
f 3537 1667 1023
f 2224 3537 1023
f 3538 4999 615
f 1831 3538 615
f 2316 233 3539
f 1629 3539 233
f 2281 4825 593
f 1763 2281 593
f 2306 263 3540
f 1727 3540 263
f 3541 4769 607
f 1826 3541 607
f 2261 702 1739
f 2208 1617 4759
f 3542 4683 5412
f 2216 3542 5412
f 2379 5089 612
f 1828 2379 612
f 2201 270 3543
f 1613 3543 270
f 3544 5073 1033
f 2372 3544 1033
f 1304 3545 1034
f 3546 5120 1035
f 2396 3546 1035
f 2397 3547 4936
f 2175 137 3548
f 1685 3548 137
f 3549 4621 1037
f 2176 3549 1037
f 1772 3550 5115
f 2298 232 3551
f 1690 3551 232
f 2251 3552 4680
f 1923 3553 250
f 3554 1890 276
f 1762 3554 276
f 2318 238 3555
f 1770 3555 238
f 1684 2338 137
f 3556 5061 614
f 1830 3556 614
f 3557 4957 1045
f 2405 3557 1045
f 2360 237 3558
f 1753 3558 237
f 3559 1560 720
f 1802 3559 5070
f 3560 4976 1048
f 2281 3560 1048
f 2339 269 3561
f 1686 3561 269
f 2393 3562 4685
f 2432 364 3563
f 1610 3563 364
f 1052 1658 4768
f 2421 135 3564
f 1695 3564 135
f 1948 2843 3565
f 1282 3565 1053
f 4274 123 3566
f 1921 3566 123
f 2315 1830 5079
f 2401 372 3567
f 1801 3567 372
f 2434 3568 1054
f 1327 4378 3569
f 1688 3569 117
f 2400 376 3570
f 1813 3570 376
f 2409 377 3571
f 1808 3571 377
f 3572 4712 4739
f 2427 3572 4739
f 2416 135 3573
f 1679 3573 135
f 2438 379 3574
f 1662 3574 379
f 2422 1834 5484
f 3575 5018 4723
f 1661 3575 4723
f 3576 4686 4718
f 2428 3576 4718
f 2417 139 3577
f 1634 3577 139
f 3578 4773 1055
f 2414 3578 1055
f 2440 4981 3579
f 1627 3579 4981
f 1056 1805 4979
f 3580 1889 143
f 1694 3580 4977
f 2443 3581 4743
f 2439 380 3582
f 1660 3582 380
f 2426 3583 1057
f 2413 5360 3584
f 1699 3584 5360
f 2441 3585 4692
f 2358 3586 5124
f 1806 3587 5372
f 2435 3588 5038
f 2313 233 3589
f 1691 3589 233
f 2286 237 3590
f 1692 3590 237
f 2309 234 3591
f 1766 3591 234
f 2408 1800 5033
f 3592 4728 1060
f 2425 3592 1060
f 2415 266 1682
f 3593 5241 5311
f 2218 3593 5311
f 2198 247 3594
f 1842 3594 247
f 3595 5406 1061
f 2230 3595 1061
f 2202 270 3596
f 1843 3596 270
f 1949 2904 3597
f 1284 3597 1062
f 2357 278 3598
f 1697 3598 278
f 2206 267 3599
f 1848 3599 267
f 3600 4929 1063
f 3601 1886 275
f 1833 3601 5027
f 3602 4777 1064
f 2402 3602 1064
f 2412 245 3603
f 1832 3603 245
f 3604 5413 1065
f 2228 3604 1065
f 2200 267 1849
f 3605 5344 5323
f 2210 3605 5323
f 2205 278 3606
f 1850 3606 278
f 3607 1893 260
f 1829 3607 260
f 1945 2908 3608
f 1283 3608 1066
f 1945 3609 431
f 1947 2906 3610
f 1281 3610 1067
f 2856 250 3611
f 1922 3611 250
f 1325 3612 1068
f 2858 252 3613
f 1964 3613 4513
f 2179 247 3614
f 1841 3614 247
f 3615 5059 1069
f 2429 3615 1069
f 2305 263 3616
f 1696 3616 263
f 3617 5004 1070
f 2379 3617 1070
f 2329 261 1827
f 2433 356 3618
f 1845 3618 356
f 1681 565 1071
f 2184 1681 1071
f 2203 274 3619
f 1683 3619 274
f 2423 236 3620
f 1698 3620 236
f 1596 3621 4598
f 3622 4772 603
f 1824 3622 603
f 1924 3623 642
f 3624 4956 608
f 1780 3624 608
f 2288 679 1811
f 3625 4837 712
f 1740 3625 712
f 2316 711 1813
f 1940 3626 429
f 1950 3627 438
f 1922 3628 641
f 1929 3629 644
f 1941 3630 427
f 2404 4776 697
f 1607 2404 697
f 3631 4660 693
f 1785 3631 693
f 2418 3632 4642
f 2407 3633 4836
f 2240 106 3634
f 1632 3634 106
f 2445 3635 4691
f 2247 3636 5357
f 2305 5059 700
f 1775 2305 700
f 2292 683 3637
f 1776 3637 4641
f 3638 4954 744
f 1659 3638 744
f 1600 4779 4714
f 2447 1600 4714
f 2415 724 1777
f 3639 4691 748
f 1600 3639 4779
f 1836 3640 4761
f 3641 4757 1012
f 2199 3641 1012
f 2335 266 3642
f 1604 3642 266
f 3643 5383 1072
f 2446 3643 1072
f 3644 4764 566
f 1704 3644 566
f 1073 4368 1309
f 2419 2504 734
f 1835 2419 734
f 3645 1561 736
f 1804 3645 4929
f 2438 611 3646
f 1848 3646 611
f 2418 4642 730
f 1840 2418 730
f 2413 4704 718
f 1838 2413 718
f 1847 2421 741
f 2439 617 3647
f 1842 3647 617
f 2426 613 3648
f 1849 3648 613
f 2441 620 3649
f 1850 3649 620
f 1846 2416 725
f 2414 4676 719
f 1839 2414 719
f 2440 618 3650
f 1843 3650 618
f 2443 4743 745
f 1837 2443 745
f 2428 616 3651
f 1841 3651 616
f 2447 610 3652
f 1836 3652 610
f 3653 5455 147
f 1872 3653 2332
f 2084 10 1870
f 1871 5461 249
f 2101 1891 630
f 1894 2101 630
f 2104 108 3654
f 1875 3654 108
f 2104 5459 111
f 1876 2104 111
f 2100 143 3655
f 1889 3655 143
f 3656 5448 1074
f 2101 3656 1074
f 2082 9 3657
f 1891 3657 2622
f 3658 3660 102
f 1882 3658 102
f 2103 275 3659
f 1886 3659 275
f 3660 2633 102
f 2102 3660 3658
f 1103 178 3661
f 1387 3661 4412
f 1383 2030 96
f 3688 473 3705
f 95 1075 3662
f 4557 3662 1075
f 2024 94 5469
f 2755 2800 852
f 2800 2756 1076
f 2798 320 2778
f 2776 2801 317
f 2799 324 2763
f 2795 161 2754
f 2756 2796 871
f 2753 2798 333
f 2930 475 3663
f 2937 476 1389
f 1379 2936 472
f 4542 475 3664
f 2935 919 3665
f 3665 919 4369
f 3669 479 3666
f 3666 479 4332
f 4538 920 3667
f 4554 918 3668
f 4544 1077 3669
f 2929 382 3670
f 1378 3670 4336
f 1376 1079 3671
f 4535 98 3672
f 1374 4319 3673
f 1377 4293 3674
f 2939 204 3675
f 2940 4545 3676
f 2930 3677 4346
f 2928 917 3678
f 3678 917 4289
f 4558 4551 1387
f 2927 916 1374
f 2933 916 3679
f 2931 474 1383
f 2932 225 3680
f 2938 226 3681
f 2943 478 3682
f 2940 919 1394
f 4535 920 4341
f 4541 224 4552
f 2938 4301 4306
f 2932 4550 3683
f 4550 2932 4311
f 4541 206 3684
f 2941 4334 3685
f 2942 479 3686
f 1393 3686 4353
f 2939 918 4559
f 4559 918 4313
f 4556 917 3687
f 3691 473 3688
f 4556 339 1393
f 1373 1078 3689
f 2934 3689 1078
f 2928 4560 1388
f 2931 1372 4553
f 2933 131 3690
f 4549 205 1385
f 4540 4321 3691
f 4539 1080 3692
f 2927 4302 1384
f 4302 2927 124
f 2942 4343 3693
f 4548 1081 4554
f 1394 1082 3694
f 2941 3694 4352
f 2935 130 1381
f 2943 1395 1083
f 4538 339 3695
f 2934 4561 3696
f 4555 205 3697
f 4549 4561 3698
f 132 3699 388
f 1567 229 57
f 2071 57 229
f 1568 3701 179
f 1084 2029 3702
f 1262 5470 3704
f 2048 3704 55
f 5469 94 3705
f 1100 3706 2089
f 2035 51 3707
f 4583 13 2079
f 4449 25 2054
f 1336 45 2020
f 2088 1338 20
f 2074 2817 329
f 884 1997 1351
f 2822 2039 200
f 4423 3745 3708
f 1552 453 3709
f 4562 3794 4428
f 3710 4426 4571
f 1554 3744 3711
f 2744 5432 3712
f 2747 3753 3713
f 3713 5430 4472
f 4421 3742 3714
f 4420 5436 3714
f 5426 2788 3715
f 4455 5428 1553
f 5429 3717 4442
f 5434 3718 4459
f 3719 4302 124
f 2481 3719 124
f 3706 4325 197
f 1129 158 1582
f 1867 1582 158
f 1991 396 3720
f 3720 396 3820
f 1131 248 3721
f 1866 3721 248
f 1991 112 3722
f 1861 3722 2749
f 91 3733 178
f 1089 1994 179
f 1355 2050 78
f 2036 76 466
f 61 1089 179
f 3907 5471 1090
f 2006 62 1345
f 4328 2081 41
f 456 2078 5
f 2083 7 3723
f 6 1096 763
f 457 22 2023
f 2096 85 2034
f 47 4567 4587
f 3700 2090 59
f 2071 1566 58
f 2008 3725 1092
f 1093 3699 2812
f 36 387 2062
f 2109 80 2012
f 456 146 2490
f 200 2039 20
f 762 5486 2
f 2481 761 4
f 2060 2481 4
f 654 2028 83
f 84 145 2034
f 2009 13 199
f 30 2015 256
f 551 3726 875
f 550 2049 56
f 283 1095 3
f 878 2018 1091
f 3735 2087 25
f 2500 3723 284
f 27 2047 460
f 29 2057 660
f 1332 283 3727
f 383 3727 283
f 3706 1 2089
f 1333 1100 100
f 2489 1101 3728
f 3728 1101 4331
f 761 4403 1101
f 446 2017 99
f 1349 50 2092
f 2026 331 2805
f 201 2021 1102
f 464 2092 49
f 458 15 2064
f 2067 3640 1104
f 477 2005 89
f 2000 179 3701
f 2072 1391 4294
f 3847 1105 3734
f 452 3734 1105
f 255 385 3729
f 1990 85 176
f 3730 4298 177
f 2073 3730 177
f 465 387 254
f 254 387 36
f 86 1107 281
f 1105 3731 2027
f 60 388 3699
f 3700 59 1084
f 435 2025 3732
f 33 3732 2025
f 1857 38 2016
f 90 1390 3684
f 3702 2029 58
f 1994 1093 3726
f 206 4412 3733
f 1993 3733 2059
f 2032 3662 204
f 1386 4545 3734
f 4449 3855 3735
f 2738 3737 1108
f 1558 1583 3738
f 2010 3738 23
f 2738 882 457
f 2822 3739 330
f 4397 517 3740
f 3741 480 4457
f 4421 1114 3742
f 4527 3742 1114
f 2781 48 3743
f 1554 4419 3744
f 4508 510 3746
f 2151 480 3747
f 1484 4389 3748
f 1461 128 3749
f 4564 455 3750
f 3751 4466 3805
f 3752 504 4581
f 390 5430 3753
f 4563 458 3754
f 3754 458 4470
f 4459 4719 3755
f 3756 1869 315
f 1409 3756 315
f 4454 1109 4574
f 4483 3758 3757
f 1458 3757 3758
f 4451 4581 3758
f 4581 4452 3758
f 2749 112 3759
f 5431 1111 3760
f 2748 389 3761
f 4463 3761 389
f 1403 4461 3762
f 3716 4467 3763
f 4464 3763 4467
f 4582 392 3764
f 5435 1115 3765
f 846 4469 3766
f 1481 3766 4469
f 5430 390 4579
f 506 3767 3799
f 4413 1118 3768
f 1348 3768 1118
f 4473 1120 3769
f 1339 3769 1120
f 1483 5327 1127
f 1477 5306 3771
f 856 1110 3772
f 4575 3773 481
f 3774 483 4591
f 4586 481 3775
f 4442 4658 3776
f 3776 505 4576
f 1999 16 3777
f 4577 4469 2743
f 4485 4579 3778
f 4434 3778 4579
f 1507 508 3779
f 4526 509 3780
f 4416 4445 3781
f 517 3781 3740
f 4414 1117 3782
f 1343 3782 1117
f 1396 4444 3783
f 4570 391 3784
f 4441 1121 3785
f 1336 3785 1121
f 1411 216 3786
f 4438 3787 2137
f 507 1353 162
f 4571 4426 3789
f 1397 3789 4426
f 867 1116 3790
f 1346 3790 1116
f 4422 3745 4588
f 510 3791 3746
f 4471 1122 3792
f 1337 3792 2130
f 3793 217 4565
f 4562 1123 3794
f 1337 3794 1123
f 4417 4566 3795
f 1400 3795 4566
f 1398 4432 394
f 3797 518 453
f 4435 5316 4564
f 1478 4755 3799
f 1424 4705 3800
f 1413 4602 3802
f 3803 507 162
f 865 1126 3804
f 1410 3804 1126
f 1399 2740 114
f 4466 1127 3805
f 625 3853 3806
f 3848 623 3807
f 1866 3807 623
f 1087 3808 3817
f 1864 2120 3809
f 1865 3809 248
f 1859 2112 3810
f 3816 3851 3810
f 1863 3849 3811
f 3854 3811 1128
f 1141 2057 3812
f 256 3852 3813
f 3736 555 3814
f 1583 3814 4456
f 2116 164 180
f 1351 1130 3815
f 1858 3815 1130
f 3720 658 2113
f 2112 3737 119
f 1860 3816 1133
f 5435 2817 881
f 1134 1581 5438
f 1087 3817 1134
f 1580 1131 3721
f 3818 3855 181
f 2111 3818 181
f 2117 3722 1087
f 2038 1099 3819
f 1862 3819 1099
f 1579 1132 3820
f 3720 3820 1132
f 3736 3820 396
f 2117 3736 396
f 316 329 2748
f 462 395 3821
f 624 3821 395
f 1579 3738 1108
f 4405 2827 3822
f 4407 3822 2827
f 4286 1135 3823
f 434 2830 3824
f 3824 333 4474
f 1330 2833 3825
f 443 2826 3826
f 3870 2774 400
f 2469 402 3827
f 3827 402 1158
f 3828 4076 3882
f 3882 4076 282
f 2463 401 3829
f 3829 401 2478
f 2483 399 3830
f 1145 3830 2773
f 2482 399 3867
f 3832 4107 759
f 3832 759 2772
f 2476 754 3833
f 3833 754 2767
f 3834 3998 187
f 3834 187 3899
f 3835 2480 3883
f 2475 754 3836
f 3836 754 3886
f 1153 1136 3837
f 2469 3837 2768
f 2475 182 3838
f 3838 182 2473
f 1147 1137 3839
f 3839 2485 397
f 3840 4158 3885
f 1146 1138 3879
f 2476 3841 2771
f 2483 397 3842
f 1152 3842 3878
f 3864 1139 3843
f 1161 1140 3844
f 2463 3844 3897
f 3845 3900 757
f 3845 757 2792
f 3846 3092 5211
f 3846 5211 3906
f 1997 18 1351
f 2119 1128 3819
f 3812 3819 1128
f 3848 659 3854
f 2119 3848 3854
f 2118 3806 1141
f 3849 1141 1128
f 3811 3849 1128
f 3850 4451 318
f 3809 3850 318
f 3851 4462 314
f 3810 3851 314
f 3852 4415 315
f 3813 3852 315
f 3810 2112 119
f 3853 29 660
f 3806 3853 660
f 2111 181 3808
f 3813 30 256
f 3809 2120 248
f 3812 2057 28
f 2114 157 3854
f 3811 3854 157
f 3807 1864 659
f 3855 1581 181
f 3735 3855 3818
f 1594 330 3739
f 1169 322 3856
f 2789 3856 322
f 3832 859 2751
f 2745 3829 850
f 1211 416 4211
f 1985 413 3857
f 3857 413 4239
f 1980 413 3858
f 1205 3858 4219
f 1980 398 3859
f 4209 1143 3859
f 1188 1144 4204
f 1981 3860 3953
f 1184 1155 3861
f 3973 280 3861
f 1190 1156 3862
f 1972 3862 2449
f 1982 401 2752
f 3837 1136 2768
f 2762 3837 323
f 1970 189 3863
f 1218 3863 4162
f 3843 319 3864
f 2782 3864 319
f 1971 414 3865
f 4082 749 3865
f 3839 1137 3866
f 2774 3866 1151
f 3831 858 3867
f 2759 3867 858
f 1983 422 3868
f 1219 3868 4046
f 2450 419 3869
f 1217 3869 4243
f 1213 417 2666
f 1148 862 3870
f 2765 3870 862
f 3833 860 2761
f 1986 415 3871
f 1209 3871 2667
f 3836 862 3872
f 2766 3872 1148
f 3828 1139 3873
f 2772 3873 1139
f 2767 3838 1136
f 3835 853 2758
f 2484 282 1154
f 3840 1137 2769
f 1983 400 2486
f 2774 2486 400
f 3830 399 2773
f 1977 652 3874
f 1971 402 2456
f 2768 2456 402
f 2474 651 3875
f 3875 651 4140
f 1970 650 3876
f 3876 650 4139
f 1976 652 3877
f 3877 652 4141
f 2770 3842 1138
f 3842 397 3878
f 2765 3878 2485
f 3841 159 3879
f 2760 3879 159
f 1974 650 3880
f 3880 650 4153
f 3830 853 2757
f 1241 1142 4067
f 2758 1145 3882
f 3828 3882 1145
f 2770 1146 3831
f 2769 1147 3883
f 3835 3883 1147
f 1974 182 2766
f 1189 1149 2478
f 3829 2478 1149
f 2746 3884 113
f 1208 1150 2473
f 3838 2473 1150
f 3832 2772 859
f 1220 1151 3885
f 3840 3885 1151
f 2771 1152 3886
f 3836 3886 862
f 2773 3843 1139
f 3833 2767 1153
f 1976 185 3887
f 1210 3887 2655
f 1975 253 3888
f 3888 253 4157
f 3841 1138 2771
f 1972 3997 3889
f 1248 3889 3924
f 2790 3844 321
f 2791 3834 870
f 1969 649 3890
f 3827 866 2783
f 1975 651 3891
f 3891 651 4020
f 1979 653 3892
f 1978 653 3893
f 3893 653 4021
f 1206 1143 3894
f 4172 145 3894
f 2474 120 3895
f 1212 3895 4034
f 1973 253 3896
f 3896 253 4033
f 3844 1140 3897
f 2752 3897 1157
f 1978 186 3898
f 1168 3898 3999
f 1215 1160 3899
f 3834 3899 1160
f 1987 418 3900
f 4192 757 3900
f 2786 3901 160
f 1973 649 3902
f 3902 649 4138
f 1984 414 3903
f 3903 414 4091
f 1969 80 2448
f 1187 1159 3904
f 1984 3904 4124
f 2792 3846 1140
f 3845 869 3905
f 2785 3905 889
f 3845 2792 1161
f 1214 1157 3906
f 3846 3906 1157
f 1090 2852 3907
f 202 3907 4394
f 1555 387 3908
f 465 3908 387
f 436 2490 146
f 1332 3727 3909
f 445 3909 4409
f 3910 100 2017
f 446 3910 2017
f 1311 3911 1162
f 3912 5153 121
f 2690 3912 121
f 3859 1143 3913
f 2464 3913 1206
f 3152 5361 4973
f 1896 3137 5440
f 3095 115 3914
f 2705 3914 5173
f 2558 4599 5088
f 3116 2558 5088
f 3915 5324 4941
f 3126 3915 4941
f 2722 4178 1229
f 3080 2722 1229
f 3130 3916 5375
f 3917 4182 5010
f 3142 3917 5010
f 3140 2696 5337
f 3098 292 3918
f 2706 3918 292
f 3105 340 3919
f 2708 3919 340
f 2697 4228 1237
f 3143 2697 1237
f 416 760 3920
f 2462 3920 760
f 3862 1156 2449
f 3921 4186 5122
f 3179 3921 5122
f 3159 299 3922
f 2550 3922 5178
f 3923 4248 979
f 2682 3923 979
f 3889 87 384
f 3889 3997 3924
f 2556 3924 5371
f 3110 307 3925
f 2714 3925 307
f 851 5022 3926
f 3122 3926 5022
f 2700 925 1251
f 3190 2700 1251
f 3167 298 3927
f 2675 3927 298
f 3161 346 3928
f 2677 3928 346
f 3160 344 3929
f 2679 3929 5419
f 1419 2979 948
f 3166 2685 3930
f 2685 3166 979
f 3931 2947 775
f 2511 3931 775
f 3858 755 3932
f 2460 3932 1188
f 3933 2946 816
f 2555 3933 816
f 3148 791 2595
f 3934 5361 811
f 2553 3934 811
f 3935 5364 835
f 2605 3935 835
f 2953 840 3936
f 2677 3936 840
f 2507 3160 4652
f 2467 3901 1160
f 3937 2961 778
f 2508 3937 778
f 2951 924 2556
f 3132 2694 3938
f 2694 3132 927
f 2506 5336 963
f 3165 977 2509
f 3113 5034 791
f 2596 3113 791
f 2995 955 1492
f 2971 932 2614
f 2587 3036 5012
f 2545 3104 965
f 2981 5348 953
f 2535 2981 953
f 2533 5368 945
f 836 2968 5340
f 2606 3939 836
f 2970 930 2609
f 2700 2954 925
f 3940 4973 950
f 2625 3940 950
f 2683 3082 921
f 3941 5121 1170
f 3138 3941 1170
f 3942 5127 289
f 2527 3942 289
f 3167 981 3943
f 2515 3943 5053
f 2510 2976 940
f 3111 4594 983
f 2537 3111 983
f 1470 3161 5067
f 3894 145 3729
f 2494 3729 385
f 3099 5341 961
f 2544 3099 961
f 3944 4984 773
f 2524 3944 773
f 3945 2952 783
f 2512 3945 783
f 3158 4028 969
f 1490 3158 969
f 3946 3004 792
f 2569 3946 792
f 2983 967 2611
f 3100 962 2546
f 3102 963 2733
f 3074 776 2590
f 3947 5259 797
f 2598 3947 797
f 2993 4017 943
f 1494 2993 943
f 3948 3048 801
f 2550 3948 801
f 3949 5298 812
f 2554 3949 812
f 3012 828 2584
f 2588 3043 969
f 939 2975 4599
f 3950 5121 787
f 2526 3950 787
f 3163 975 2561
f 3951 5369 668
f 2159 3951 668
f 2980 950 3952
f 420 3952 4973
f 3860 1144 3953
f 2459 3953 1212
f 2466 2752 1157
f 2948 921 2529
f 2534 2982 959
f 2717 3954 5328
f 3955 5001 809
f 2707 3955 809
f 3119 842 2715
f 2532 5312 933
f 3956 2963 797
f 2597 3956 797
f 3072 773 3957
f 2523 3957 773
f 3179 5122 776
f 2540 3179 776
f 3958 3073 774
f 2539 3958 774
f 3959 5379 810
f 2543 3959 810
f 3108 4087 976
f 2560 3108 976
f 2956 5339 789
f 2513 2956 789
f 3960 3076 795
f 2541 3960 795
f 3961 5228 669
f 2573 3961 2162
f 3962 2966 834
f 2604 3962 834
f 1543 2974 5106
f 2602 3122 831
f 2973 935 3963
f 2538 3963 5090
f 1546 3033 5048
f 3964 4016 927
f 1549 3964 927
f 3965 5395 838
f 2675 3965 838
f 2612 5204 970
f 2957 809 3966
f 2528 3966 809
f 3105 3919 965
f 2735 3105 965
f 2959 3989 926
f 1550 2959 926
f 3967 3081 837
f 2607 3967 837
f 3968 5391 798
f 2542 3968 798
f 2536 3110 4920
f 1988 3857 1094
f 826 2991 5332
f 2583 3969 826
f 2539 3182 168
f 2996 5321 957
f 1445 2996 957
f 3970 3124 787
f 2671 3970 787
f 3971 2989 823
f 2582 3971 823
f 3972 2987 808
f 2600 3972 808
f 3861 1155 3973
f 2465 3973 1155
f 3974 5331 922
f 2530 3974 4982
f 2716 3084 926
f 3975 4958 796
f 2549 3975 796
f 2992 5222 931
f 2610 2992 931
f 3183 839 3976
f 2622 3976 770
f 3977 5319 923
f 2531 3977 4978
f 3978 4964 793
f 2704 3978 793
f 3139 840 2678
f 3979 5345 838
f 2676 3979 838
f 3980 2962 788
f 2592 3980 788
f 3981 5048 951
f 2697 3981 951
f 2461 3900 3845
f 2969 842 3982
f 2679 3982 842
f 3983 5393 824
f 2574 3983 824
f 3984 2945 793
f 2527 3984 793
f 3159 970 3985
f 1497 3985 970
f 3016 928 3986
f 2557 3986 5159
f 3987 5384 833
f 2603 3987 833
f 3988 3120 819
f 2601 3988 819
f 2716 3989 1163
f 2947 2716 1163
f 2959 344 3989
f 2670 3989 344
f 2988 5117 5175
f 2524 5044 3990
f 2949 2524 3990
f 3072 403 3990
f 2727 3990 403
f 3991 5418 4796
f 2683 3991 4796
f 2704 1165 2950
f 3992 5398 404
f 1491 3992 404
f 3093 115 3993
f 2597 3993 115
f 3168 3994 5347
f 2515 5399 5112
f 3995 5421 1167
f 3181 3995 1167
f 3996 5409 412
f 2536 3996 412
f 2449 1168 3997
f 2946 3997 1168
f 2496 1169 3998
f 3088 3998 5090
f 3898 186 3999
f 2709 3999 5221
f 2538 3856 3926
f 4000 5333 5052
f 1470 4000 5052
f 4001 5395 1171
f 3106 4001 1171
f 4002 5362 421
f 2507 4002 421
f 4003 4948 1172
f 3124 4003 1172
f 3082 291 4004
f 2526 4004 291
f 3154 353 4005
f 2547 4005 353
f 4006 4005 5197
f 2984 4006 5197
f 2717 1173 3129
f 2951 348 4007
f 2523 4007 348
f 2530 4982 3114
f 2531 4978 3128
f 4008 4962 340
f 2528 4008 340
f 4009 933 1174
f 2963 4009 1174
f 3087 292 4010
f 2598 4010 292
f 3153 299 4011
f 2548 4011 299
f 3073 4012 4952
f 3102 289 4013
f 2589 4013 5127
f 4014 5358 1176
f 2952 4014 1176
f 2954 298 4015
f 2686 4015 5105
f 2955 346 4016
f 2687 4016 346
f 2993 343 4017
f 2569 4017 343
f 2997 5223 5228
f 2557 5239 5283
f 3016 302 4018
f 1895 4018 5444
f 3019 303 4019
f 2593 4019 5495
f 2491 1184 3890
f 2498 1188 4020
f 3891 4020 755
f 2499 1190 3892
f 2497 1191 4021
f 3893 4021 760
f 4023 5321 5111
f 3141 4023 5111
f 4024 5336 4232
f 3079 4024 4232
f 3074 405 4025
f 2730 4025 405
f 4026 5332 5097
f 3133 4026 5097
f 3148 5174 2684
f 2732 5368 3118
f 2994 949 4027
f 2575 4027 949
f 3158 166 4028
f 2689 4028 166
f 2978 947 2608
f 3090 152 4029
f 2167 4029 142
f 4030 5340 4990
f 3085 4030 4990
f 3180 168 4031
f 2617 4031 168
f 2713 3081 5050
f 3101 2713 5050
f 3151 4731 4032
f 2680 4032 4731
f 3005 4213 4627
f 2492 1205 4033
f 3896 4033 1155
f 2495 1211 3089
f 3895 120 4034
f 2710 4034 5170
f 2518 3906 5211
f 2703 3899 3088
f 2493 1216 3092
f 2474 1217 4035
f 3094 4035 4914
f 3021 5203 934
f 2623 3021 934
f 4036 4053 937
f 2624 4036 937
f 4037 2999 822
f 2620 4037 822
f 4038 5172 1182
f 2992 4038 1182
f 3024 305 4039
f 2620 4039 305
f 4040 5186 805
f 2629 4040 805
f 2551 3053 805
f 2998 813 4041
f 2502 4041 813
f 3057 825 4042
f 2634 4042 5134
f 2552 5276 2964
f 4043 5238 5264
f 2998 4043 5264
f 3020 295 4044
f 2632 4044 5476
f 4045 3006 802
f 2648 4045 802
f 3868 422 4046
f 1504 4046 422
f 2486 1220 4047
f 2657 3885 5215
f 2472 1148 400
f 423 3003 4632
f 4048 4635 1222
f 3040 4048 1222
f 3051 4049 1901
f 3156 110 4050
f 1901 4050 5446
f 4051 5186 1223
f 3157 4051 1223
f 425 3007 5143
f 1547 4052 425
f 2451 1158 402
f 2619 4053 191
f 2519 4637 1225
f 3169 2519 1225
f 3017 305 4054
f 2629 4054 305
f 3068 352 4055
f 2565 4055 352
f 3045 297 4056
f 2645 4056 297
f 3027 342 4057
f 2634 4057 342
f 3042 349 4058
f 2630 4058 349
f 3044 300 4059
f 2649 4059 300
f 3164 354 4060
f 2554 4060 354
f 3031 946 1542
f 3022 297 4061
f 2659 4061 297
f 3026 342 4062
f 2654 4062 342
f 3880 751 4063
f 2473 4063 1208
f 3881 1142 2450
f 1219 3876 750
f 3046 293 4064
f 2644 4064 5237
f 3047 351 4065
f 2643 4065 351
f 2522 4065 1239
f 3188 2522 1239
f 3155 290 4066
f 2570 4066 290
f 3881 279 4067
f 2453 4067 1984
f 3875 752 2474
f 3112 4729 5202
f 2594 3039 354
f 2477 3877 756
f 3066 5218 958
f 2577 3066 958
f 3147 411 4068
f 2669 4068 411
f 2572 3059 5296
f 3162 2572 5296
f 3096 190 4069
f 2660 4069 190
f 3035 300 4070
f 2648 4070 300
f 4071 3149 794
f 2570 4071 794
f 3038 958 4072
f 2664 4637 966
f 2630 4073 2964
f 4074 3184 780
f 2517 4074 780
f 4075 5134 825
f 2635 4075 825
f 1154 282 4076
f 3873 4076 3828
f 4077 3015 832
f 2658 4077 832
f 3025 941 4078
f 2960 780 4079
f 2644 4079 780
f 4080 4629 779
f 2563 4080 779
f 4081 4635 786
f 2567 4081 786
f 3865 414 4082
f 2457 4082 414
f 3155 964 4083
f 2578 4083 5167
f 2669 3044 5417
f 2452 3902 749
f 3019 931 4084
f 2665 4084 5222
f 4085 4669 800
f 2236 4085 800
f 4086 5235 946
f 1444 4086 946
f 3108 169 4087
f 2571 4087 169
f 4088 4729 960
f 1496 4088 5415
f 417 756 4089
f 2478 4089 1189
f 4090 5309 814
f 2650 4090 814
f 2468 3884 1149
f 2456 1208 4091
f 3903 4091 751
f 3022 936 4092
f 2666 4092 3023
f 3026 5168 941
f 1499 3026 941
f 3147 790 2594
f 4093 5308 829
f 2654 4093 829
f 2667 3027 942
f 4094 3002 782
f 2645 4094 782
f 1504 3046 5267
f 2470 2766 1148
f 3887 1154 4095
f 2487 4095 1198
f 2636 5159 928
f 4096 3009 822
f 2652 4096 822
f 4097 5279 782
f 2518 4097 782
f 4098 5423 978
f 2520 4098 978
f 4099 3028 942
f 2638 4099 942
f 4100 5172 827
f 2653 4100 827
f 4101 3177 803
f 2572 4101 803
f 4102 5270 829
f 2655 4102 5308
f 2516 3188 777
f 2663 5167 964
f 1547 3042 5295
f 2163 3051 671
f 3888 1159 4103
f 2471 4103 1159
f 4104 5235 3055
f 3871 3883 2480
f 3904 279 4105
f 2454 4105 279
f 2638 4057 5134
f 3010 2638 5134
f 2579 3029 944
f 3020 934 4106
f 3874 759 4107
f 2479 4107 3832
f 2453 3903 751
f 3032 349 4108
f 2651 4108 349
f 3030 167 4109
f 2658 4109 167
f 3070 821 4110
f 5445 4110 631
f 4111 5152 818
f 2651 4111 818
f 3018 2635 5257
f 3156 966 4112
f 2519 4112 966
f 2455 3863 1142
f 4113 3055 818
f 2619 4113 818
f 3097 102 2633
f 4114 5296 974
f 2514 4114 974
f 1897 3063 5441
f 4115 3169 779
f 2564 4115 4629
f 3865 749 4116
f 2451 4116 1185
f 4117 5212 952
f 2662 4117 952
f 2472 750 1186
f 2641 3024 937
f 3035 1505 4118
f 1505 3035 954
f 3041 345 4119
f 2563 4119 345
f 2454 3869 752
f 2643 3000 777
f 3071 804 4120
f 2165 4120 670
f 4121 5304 784
f 2566 4121 784
f 4122 5202 790
f 2581 4122 790
f 2639 3017 5155
f 2568 5181 786
f 3069 5289 792
f 2628 3069 792
f 4123 5223 943
f 2642 4123 943
f 3904 1159 4124
f 2457 4124 1159
f 3034 5162 827
f 2621 3034 827
f 3030 4109 944
f 1515 3030 944
f 4125 5263 830
f 2657 4125 3014
f 3187 984 4126
f 2522 4126 984
f 2661 3023 936
f 3014 830 4127
f 2656 4127 830
f 3186 980 2521
f 4128 5166 841
f 2660 4128 841
f 3047 4065 984
f 1551 3047 984
f 3045 978 4129
f 2734 4129 5423
f 4130 5164 832
f 2659 4130 832
f 2637 5155 929
f 2559 5295 968
f 3097 960 4131
f 2576 4131 960
f 4132 3049 794
f 2646 4132 794
f 4133 4017 5289
f 3069 4133 5289
f 3165 169 4134
f 2647 4134 169
f 4135 5298 1179
f 3062 4135 1179
f 3067 184 4136
f 2628 4136 184
f 3071 4137 5226
f 424 3011 5216
f 2624 4039 1183
f 3009 2624 1183
f 2448 1185 4138
f 3902 4138 749
f 2470 1186 4139
f 3876 4139 750
f 2471 1187 4140
f 3875 4140 752
f 2468 1189 4141
f 3877 4141 756
f 4142 4628 1192
f 3145 4142 1192
f 3109 355 4143
f 2567 4143 355
f 4144 5157 5162
f 3034 4144 5162
f 3029 345 4145
f 2653 4145 345
f 3064 293 4146
f 2656 4146 293
f 4147 5415 1195
f 3070 4147 1195
f 2487 1198 3874
f 3057 5249 4148
f 2639 4148 5249
f 3025 167 4149
f 2652 4149 5146
f 2564 4629 5423
f 3185 2564 5423
f 3001 4634 409
f 2734 3001 409
f 2960 4150 4596
f 3038 148 4150
f 2517 4150 148
f 4151 5422 3149
f 2646 3187 148
f 4152 4742 4749
f 4106 4152 4749
f 2455 1241 4153
f 3880 4153 1241
f 3031 151 4154
f 2164 4154 151
f 3006 2613 4087
f 3059 803 4156
f 2649 4156 803
f 2452 1207 4157
f 3888 4157 1207
f 2769 1209 4158
f 3028 4158 1209
f 3871 415 2667
f 2484 1210 4159
f 3013 4159 1210
f 3887 185 2655
f 2477 1213 4160
f 3023 4160 1213
f 2450 1218 4161
f 3000 4161 5201
f 3863 189 4162
f 2516 4162 5148
f 3178 4055 5304
f 3177 2585 4059
f 2566 4163 5212
f 3065 2566 5212
f 3058 410 4163
f 2586 4163 410
f 3064 952 4164
f 2586 4164 5212
f 3176 2581 4068
f 4165 5307 426
f 4167 4165 426
f 3058 784 4166
f 2565 4166 784
f 3068 974 4167
f 4168 5189 841
f 2693 4168 841
f 3066 352 4169
f 2693 4169 5177
f 4170 5417 971
f 2585 4170 971
f 3144 5272 4171
f 1546 4171 5272
f 3050 4843 5369
f 3894 1143 4172
f 2497 4172 1143
f 3043 350 4173
f 2553 4173 4867
f 2975 341 4174
f 2508 4174 341
f 2971 306 4175
f 2599 4175 306
f 2974 309 4176
f 2600 4176 309
f 2980 294 4177
f 2525 4177 294
f 2976 341 4178
f 2605 4178 341
f 2978 351 4179
f 2607 4179 5268
f 2970 309 4180
f 2604 4180 309
f 3100 290 4181
f 2541 4181 290
f 3861 280 2458
f 2995 308 4182
f 2574 4182 308
f 2994 301 4183
f 2153 4183 301
f 1233 2544 3918
f 3117 4184 1233
f 2545 3919 5379
f 3125 2545 5379
f 2979 355 4185
f 2595 4185 355
f 2983 347 4186
f 2590 4186 347
f 4187 3121 802
f 2571 4187 802
f 2729 4205 3120
f 3146 788 4188
f 2548 4188 788
f 3182 983 4189
f 1427 4189 983
f 3151 819 4190
f 2674 4190 819
f 4191 4593 940
f 2722 4191 940
f 2720 5090 935
f 3900 418 4192
f 2510 4192 418
f 3892 758 4193
f 3109 4628 977
f 2640 3109 977
f 3127 781 4194
f 2504 4194 734
f 2558 3090 939
f 3126 806 4195
f 1883 4195 806
f 4196 5072 808
f 2617 4196 808
f 3862 281 1107
f 3180 4909 967
f 2627 3180 967
f 3005 798 4197
f 2706 4197 798
f 2680 3087 5312
f 3098 961 4198
f 2730 4198 5341
f 3893 760 4199
f 2495 4199 1211
f 4200 5064 795
f 2705 4200 795
f 948 3095 5113
f 2984 5197 785
f 2580 2984 785
f 3154 4005 959
f 2681 3154 959
f 2613 3164 976
f 2719 4945 932
f 3094 947 2723
f 3136 5012 956
f 2698 3136 956
f 3142 5010 824
f 2690 3142 824
f 949 3133 5097
f 2696 4201 949
f 3141 5111 828
f 2692 3141 828
f 4202 4843 957
f 2701 4202 957
f 4203 3077 801
f 2647 4203 801
f 2498 3895 1144
f 3860 398 4204
f 2460 4204 398
f 3163 353 4205
f 2674 4205 353
f 3111 348 4206
f 2555 4206 348
f 3077 4207 4994
f 3172 5297 812
f 2631 3172 812
f 3036 343 4208
f 2583 4208 5190
f 3859 398 4209
f 2462 4209 1981
f 2499 3898 1156
f 3089 938 4210
f 2721 4210 938
f 1543 4211 5243
f 3144 785 4212
f 2547 4212 785
f 2691 5107 826
f 2982 149 4213
f 2542 4213 149
f 3012 407 4214
f 1492 4214 407
f 2989 2588 4028
f 4216 3123 837
f 2713 4216 837
f 975 3107 4821
f 2729 4217 975
f 4218 5050 962
f 2726 4218 962
f 3858 413 4219
f 2465 4219 1985
f 3896 1155 4220
f 2491 4220 1184
f 4221 5088 778
f 2703 4221 778
f 2988 774 4222
f 2589 4222 774
f 2990 4223 4821
f 2709 3091 816
f 2711 3080 835
f 3890 753 4224
f 2061 4224 81
f 3085 4990 930
f 2718 3085 930
f 4225 5066 834
f 2710 4225 834
f 2732 3093 945
f 2712 3118 836
f 3140 820 4226
f 2688 4226 843
f 3135 5118 955
f 2702 3135 955
f 3891 755 4227
f 2492 4227 755
f 3033 308 4228
f 2582 4228 308
f 3096 5183 954
f 2725 3096 954
f 3153 953 4229
f 2684 4229 5348
f 2591 2973 274
f 3104 149 4230
f 2549 4230 149
f 2996 350 4231
f 2584 4231 5231
f 3103 183 4232
f 2543 4232 183
f 4233 4025 5341
f 3099 4233 5341
f 2977 347 4234
f 2606 4234 5199
f 3146 5145 4235
f 2587 4235 5145
f 408 2967 5299
f 2614 4236 408
f 4237 5234 5141
f 2609 4237 5141
f 4238 5420 5193
f 2546 4238 5193
f 2972 2601 5029
f 2464 1206 4239
f 3857 4239 2494
f 2459 1212 4240
f 2966 4240 1212
f 4241 1214 3002
f 1214 4241 2466
f 4242 1215 2961
f 1215 4242 2467
f 3869 419 4243
f 2608 4243 1544
f 3166 291 4244
f 2672 4244 291
f 3132 166 4245
f 2512 4245 4847
f 3084 153 4246
f 2154 4246 153
f 2014 1248 3083
f 2626 1249 3183
f 2420 4247 4368
f 2513 4248 188
f 4249 4927 4651
f 2511 4249 4651
f 4250 972 5366
f 3119 4250 5366
f 4251 4717 807
f 2731 4251 807
f 4252 4735 775
f 2670 4252 775
f 4253 4695 783
f 2686 4253 783
f 3173 5102 811
f 2673 3173 811
f 4254 3115 796
f 2672 4254 796
f 4255 3079 810
f 2708 4255 810
f 3138 973 2699
f 4256 4920 982
f 2626 4256 982
f 4257 3143 823
f 2689 4257 823
f 3106 4652 972
f 2728 3106 972
f 3170 799 2168
f 4258 3193 789
f 2687 4258 789
f 4259 5053 981
f 2668 4259 981
f 2836 192 4260
f 3266 4260 192
f 3256 2837 165
f 3241 1263 42
f 2839 986 3247
f 2840 992 3253
f 3246 2873 337
f 3269 2841 1006
f 2838 165 4261
f 3253 4261 165
f 3203 2835 988
f 4262 509 4526
f 3336 1269 2867
f 3333 1274 4263
f 2846 4263 1274
f 2845 366 3313
f 1365 4515 4264
f 4951 4515 469
f 3319 2868 335
f 3312 2883 994
f 2887 3320 4265
f 3320 2887 1007
f 1512 4532 4996
f 1918 4492 1254
f 2894 1031 3382
f 2847 4267 1270
f 3347 4268 449
f 2875 338 3381
f 2874 171 3338
f 4487 4841 4269
f 2884 996 3256
f 1360 507 4270
f 4270 507 3803
f 4271 518 3797
f 1369 508 4272
f 4272 508 1507
f 3516 2881 996
f 1430 4486 4273
f 1371 4273 5377
f 2860 371 3565
f 3613 1287 2858
f 3566 1297 4274
f 3500 4275 451
f 2851 371 3516
f 3497 2879 913
f 2880 3498 4529
f 3498 2880 914
f 3512 2842 992
f 2859 1005 3525
f 2857 362 4276
f 3545 4276 362
f 3512 2844 362
f 2896 3336 4277
f 3336 2896 1034
f 3496 2878 912
f 3565 2843 1053
f 2897 1036 3547
f 3566 2901 1053
f 2892 1030 4278
f 3408 4278 1030
f 2895 1034 3545
f 2907 1068 3612
f 5392 4279 468
f 2841 3238 1256
f 3269 1261 2877
f 2877 911 3240
f 3270 2876 357
f 2876 911 3286
f 4280 4403 124
f 2927 4280 124
f 3206 2838 909
f 3679 916 4282
f 2927 4282 916
f 2890 1015 3369
f 228 325 4288
f 3826 4283 875
f 865 4402 4283
f 3695 339 4284
f 4556 4284 339
f 2899 3309 1273
f 54 4285 434
f 3342 2899 1039
f 2099 1584 4286
f 3823 439 4286
f 326 4286 439
f 3323 2853 899
f 3824 1262 3704
f 2882 1007 3319
f 132 4287 2812
f 4288 325 4478
f 4556 4289 917
f 3323 2882 430
f 2853 373 3341
f 2891 4290 1271
f 3360 1280 2890
f 4291 2678 3994
f 4555 4291 3994
f 1385 205 1292
f 2891 1016 2278
f 3371 4292 103
f 2934 3698 4561
f 2848 367 3370
f 4549 4293 4561
f 3350 2848 896
f 477 4294 533
f 2856 900 4295
f 3487 4295 900
f 2861 3553 1288
f 3434 1291 4296
f 3240 1264 2888
f 3486 1267 2898
f 2865 172 3550
f 3494 1281 2909
f 3388 2874 910
f 2905 3623 1283
f 3490 1289 2889
f 2902 1058 3585
f 2933 4297 131
f 3447 2869 175
f 3427 1298 4298
f 4298 1298 4477
f 3491 1300 2885
f 2931 1305 4299
f 4559 4299 1305
f 3697 205 4300
f 4549 4300 205
f 1331 1307 4301
f 1379 4301 1307
f 1332 3664 4302
f 1384 4302 3664
f 3691 4303 447
f 1395 4304 4408
f 4350 448 4305
f 4558 4305 448
f 4306 2715 226
f 2938 4306 226
f 225 3683 4307
f 3492 2870 907
f 3484 2850 897
f 2900 1051 2186
f 2849 897 3434
f 3610 2871 336
f 2870 336 3597
f 3286 2886 433
f 2908 431 3489
f 4341 920 4308
f 4538 4308 920
f 2855 381 3587
f 2893 3629 1284
f 3597 2904 1062
f 2863 903 3490
f 3526 2864 334
f 4309 5488 904
f 3609 4309 904
f 1998 4547 4310
f 1535 4310 4547
f 2902 3492 1295
f 2932 1308 4311
f 4548 4311 1308
f 2850 194 4312
f 4554 4313 918
f 2888 1008 3528
f 2869 907 4314
f 3629 4314 907
f 2863 334 3608
f 3623 2862 903
f 2903 1059 3586
f 3628 2861 902
f 3320 2854 4315
f 2854 3320 1272
f 3553 2905 1066
f 2898 1038 4316
f 2344 4316 1038
f 1386 662 4317
f 4558 4317 4551
f 3627 2855 900
f 437 4318 537
f 3491 2865 905
f 1374 916 4319
f 2933 4319 916
f 3525 2866 335
f 2938 2488 4301
f 2871 908 3439
f 2889 1009 3271
f 2909 1067 3611
f 2906 438 3627
f 2900 3484 1285
f 3611 1294 2856
f 2886 1006 3526
f 2885 1005 3266
f 3682 478 4320
f 2929 4320 478
f 2862 118 3529
f 3691 4321 473
f 3482 2849 370
f 2931 4553 474
f 2904 442 1557
f 3427 2893 1062
f 1394 919 4322
f 2935 4322 919
f 2903 3487 1302
f 3610 2906 1067
f 3608 2908 1066
f 2866 905 4323
f 3309 4323 905
f 4324 5489 904
f 3238 4324 5488
f 2840 3236 1259
f 3236 2836 894
f 1333 4329 4325
f 1373 4325 4329
f 1286 476 4326
f 2867 906 3239
f 3206 1255 2839
f 4542 3909 445
f 382 2929 1268
f 1376 382 1268
f 1925 216 4327
f 4327 216 4523
f 2914 440 4328
f 1532 536 4351
f 476 4351 536
f 2914 986 3246
f 3910 446 4329
f 2930 4330 437
f 2846 895 3237
f 1101 4280 4331
f 1374 4331 4280
f 2942 4332 479
f 284 1310 4333
f 4543 4334 4537
f 4349 472 4335
f 2936 4335 472
f 2937 1306 4336
f 1378 4336 1306
f 4547 2500 444
f 1377 3911 1311
f 533 1313 477
f 1390 477 1313
f 4550 4311 4337
f 4554 4337 4311
f 1382 4338 4303
f 3663 475 4339
f 4542 4339 475
f 4334 4340 535
f 2042 98 4341
f 4535 4341 98
f 4541 4552 4342
f 1387 4342 4305
f 1372 4343 1317
f 4347 4345 4344
f 3669 4344 4345
f 2936 2490 436
f 4546 4544 4345
f 4544 4546 1276
f 1384 3664 4346
f 2930 4346 475
f 2529 519 4347
f 4345 4347 519
f 448 4350 534
f 3978 5370 1316
f 2935 3665 130
f 2937 4351 476
f 1392 2929 478
f 4540 3685 1315
f 4340 4334 4352
f 2941 4352 4334
f 3669 4353 479
f 4541 4354 224
f 2939 4355 204
f 2883 3237 1266
f 3239 1265 4356
f 2887 4356 1265
f 1433 4517 4357
f 1366 4357 4919
f 3310 2875 910
f 5477 1430 4358
f 4663 5477 468
f 3347 2912 914
f 1931 128 4359
f 4359 128 4510
f 2880 4360 1277
f 2913 4361 1320
f 5109 4531 4362
f 4496 4795 4363
f 4795 4496 4266
f 4831 4499 4364
f 4364 4498 1431
f 2912 338 3408
f 2847 896 3360
f 3388 1278 2894
f 3310 1275 2897
f 3350 4365 428
f 1361 510 4366
f 4366 510 4508
f 1367 4507 4367
f 3382 4367 196
f 1329 3822 4443
f 4368 4247 64
f 2940 4369 919
f 3667 920 4371
f 4535 4371 920
f 3668 918 4372
f 2939 4372 918
f 2095 4373 1314
f 4374 217 3793
f 4512 5055 4375
f 1448 4375 5055
f 2873 909 4376
f 3495 4376 909
f 2919 3521 4377
f 3521 2919 1000
f 3626 2857 901
f 3258 2915 997
f 2859 3437 1257
f 3498 1323 2916
f 3497 2918 4272
f 2918 3497 1325
f 3569 4378 117
f 4379 4488 3801
f 5110 4497 4380
f 5030 4497 470
f 2896 3488 1304
f 441 547 1352
f 3485 1303 2884
f 2901 3628 1282
f 2872 908 3494
f 2843 441 4381
f 4381 441 1352
f 2879 43 2003
f 2917 4382 1327
f 1464 4511 4383
f 1362 4383 5104
f 2911 337 4384
f 3612 4384 337
f 1410 1903 4385
f 2919 4385 1326
f 3483 2892 432
f 2844 894 4386
f 3437 4386 894
f 2868 906 4387
f 3630 4387 906
f 2878 4388 1301
f 2916 1030 3333
f 2881 3609 1260
f 2842 3495 1258
f 4390 471 4518
f 2858 901 4391
f 3488 4391 901
f 3381 2913 1031
f 4495 4864 647
f 1453 647 4864
f 3435 1296 4392
f 2918 1068 3613
f 3489 2860 902
f 2854 899 3486
f 4925 471 4393
f 3247 1318 4394
f 4394 1318 1556
f 2917 1054 3568
f 3241 2911 913
f 3500 2910 912
f 4493 5116 4395
f 5116 4493 490
f 2895 427 3630
f 2907 429 3626
f 3439 1299 4396
f 4396 1299 3908
f 2835 435 3732
f 2845 895 3483
f 5123 517 4397
f 2910 374 3519
f 898 3485 5492
f 2915 3496 1328
f 3260 4399 174
f 1368 4500 4967
f 5045 4503 4400
f 3435 2851 898
f 3621 4401 378
f 549 4443 122
f 4402 865 195
f 1568 4402 195
f 1567 2099 326
f 1566 876 1329
f 2481 124 4403
f 2795 2832 161
f 3825 2833 114
f 3824 2830 333
f 4404 4475 1330
f 1584 4404 1330
f 2799 2828 324
f 3823 4405 439
f 2794 2834 4475
f 2796 2829 871
f 2797 2831 892
f 2797 4476 4406
f 2829 4406 4476
f 2827 317 4407
f 2801 4407 317
f 2065 1 5468
f 4304 99 4408
f 99 4304 446
f 3728 4331 436
f 2500 284 4333
f 3909 3727 4409
f 762 3911 4409
f 3911 762 1162
f 2815 69 2018
f 877 67 2056
f 4298 4477 177
f 1334 2091 38
f 4394 1556 202
f 4381 1352 1334
f 1334 4274 1297
f 2813 3703 75
f 2033 67 4410
f 2818 4410 67
f 1386 386 1992
f 2032 204 4411
f 1383 4411 4355
f 4412 3661 178
f 3733 4412 178
f 1382 3731 3847
f 4413 3798 496
f 4414 3748 4389
f 2123 210 4415
f 4416 4590 317
f 2775 4416 317
f 2788 3711 1085
f 3795 324 4417
f 2787 4417 2828
f 2143 389 3765
f 91 178 2055
f 92 1992 2052
f 2144 392 3769
f 3731 94 2027
f 4418 4563 664
f 3773 4418 664
f 3712 1086 2744
f 3751 3805 12
f 3713 854 2747
f 2140 1127 3770
f 2127 1120 3802
f 2124 663 3775
f 3714 4388 4420
f 3785 1336 2020
f 2135 4567 2019
f 3714 863 4421
f 2776 4421 863
f 2136 1121 3786
f 2097 200 20
f 2788 5426 4422
f 3708 4422 5426
f 3708 852 4423
f 2754 4423 852
f 2134 216 4424
f 4425 2779 4438
f 2137 4425 4438
f 3794 1337 4426
f 2130 4426 1337
f 3710 4571 5427
f 3796 4427 3746
f 4427 4565 217
f 3710 861 4428
f 2763 4428 861
f 2149 48 2077
f 3711 105 4429
f 4529 4429 105
f 2150 128 4430
f 2152 3741 1343
f 2142 214 4431
f 3747 1346 2151
f 2129 1124 4432
f 3796 4432 1124
f 4433 3741 665
f 4587 4433 665
f 3767 506 4434
f 1437 2138 4488
f 2124 127 4435
f 3709 864 4436
f 2778 4436 864
f 2129 161 4437
f 2764 4437 161
f 330 457 2023
f 2132 1124 3789
f 2135 1119 3784
f 3709 453 4438
f 3787 4438 453
f 2755 3715 320
f 2128 666 4439
f 454 4439 4589
f 3792 2131 454
f 4440 5436 1335
f 3803 4440 1335
f 4441 3779 508
f 1438 3787 518
f 1593 4449 2054
f 3717 104 4442
f 3822 4407 4443
f 2801 4443 4407
f 1299 4480 3908
f 547 2122 39
f 4444 4570 1119
f 3783 4444 1119
f 46 3783 4568
f 1507 1341 2066
f 1583 4456 2040
f 2136 2002 45
f 3788 1340 4445
f 3740 4445 1340
f 1582 4447 4446
f 2097 4446 4447
f 1994 1089 2058
f 395 462 4447
f 284 7 198
f 2740 3825 114
f 884 3815 180
f 3801 2137 1125
f 1585 2063 4
f 2122 547 4448
f 1090 4448 1296
f 1580 1344 26
f 25 4449 3735
f 2052 386 452
f 2114 5434 3755
f 2141 213 4450
f 2146 5428 4574
f 3791 3745 394
f 3758 318 4451
f 2121 4451 3850
f 4452 4581 504
f 2150 666 4453
f 3747 4453 666
f 4454 4576 505
f 1553 5424 4455
f 4574 4455 4576
f 882 2010 22
f 555 461 4456
f 24 4456 461
f 454 1342 3780
f 2149 665 4457
f 3741 4457 665
f 2133 391 3782
f 3819 28 2038
f 4458 2742 4429
f 3797 4458 4429
f 3718 126 4459
f 3715 1085 4460
f 2742 4460 1085
f 2151 1116 3743
f 2744 5429 5424
f 3776 5424 5429
f 4461 3763 1112
f 3762 4461 1112
f 2832 2797 892
f 3773 4584 1339
f 2127 3773 1339
f 2145 3750 455
f 3768 2145 455
f 4578 458 2064
f 3712 314 4462
f 2115 4462 3851
f 3716 3763 5433
f 2143 663 3750
f 2145 1111 4463
f 3761 4463 1111
f 4578 1113 3764
f 2140 199 13
f 2142 1112 4464
f 3763 4464 1112
f 2139 1113 4465
f 1097 4465 1113
f 2828 1349 2092
f 3760 1348 4467
f 2148 4467 1348
f 3805 4583 2079
f 2139 211 4468
f 3762 4573 3799
f 3716 849 5431
f 1858 5431 849
f 3800 2148 1118
f 4469 4577 4794
f 2116 2147 158
f 2144 664 4470
f 3754 4470 664
f 2125 16 2086
f 4471 3780 509
f 3713 4472 5425
f 4473 4591 483
f 2797 4406 3707
f 2796 53 2046
f 4474 2794 1262
f 3824 4474 1262
f 440 42 2081
f 4475 2834 893
f 2833 4475 893
f 2793 4404 193
f 1594 3816 119
f 2831 3707 51
f 2795 871 4476
f 2829 4476 871
f 49 867 464
f 1291 4312 4296
f 34 4296 4312
f 1557 5437 4477
f 2098 4477 5437
f 2152 1117 3749
f 884 459 19
f 442 465 1557
f 2090 3700 388
f 4283 1353 865
f 3823 1350 4479
f 847 4479 1350
f 3826 2826 162
f 1353 3826 162
f 2826 443 4287
f 2830 434 4285
f 2827 4405 4479
f 2109 4482 1575
f 41 1556 4328
f 2872 123 4480
f 2093 75 3703
f 4481 2053 203
f 230 4481 203
f 656 1088 466
f 2110 76 1354
f 3718 857 4483
f 3761 316 2748
f 4484 5428 848
f 1859 4484 848
f 3717 1086 4485
f 4359 1356 1931
f 1356 1279 4486
f 4273 4486 5377
f 4269 1357 4487
f 4269 639 4860
f 1958 1271 4290
f 1959 174 4399
f 4385 1903 1326
f 1961 4263 4398
f 4488 4662 1359
f 1358 1324 4379
f 4650 4662 1324
f 4398 4650 1324
f 1954 117 4378
f 4489 4618 1366
f 1936 4489 4919
f 4490 4656 1364
f 1965 4490 5388
f 4365 4815 428
f 4271 1358 518
f 1907 471 4390
f 4491 4390 636
f 4397 4491 636
f 1917 251 4492
f 1254 4492 4996
f 1955 451 4275
f 4395 1362 4493
f 1938 4493 5104
f 4265 4315 4494
f 4383 4494 4995
f 647 1363 4495
f 1919 4495 1363
f 4496 4935 1365
f 1453 4496 4832
f 4327 5110 1925
f 1902 470 4497
f 4380 4497 5030
f 4370 1367 4498
f 1916 4374 4831
f 4364 4499 4498
f 1957 450 4500
f 4400 4500 5045
f 1937 4262 1370
f 1966 4389 1371
f 1472 450 4501
f 4273 4501 5077
f 4502 3497 4272
f 1936 1321 4503
f 4400 4503 4967
f 4504 4327 1319
f 4505 4366 4364
f 1957 638 4506
f 4358 4506 4656
f 4507 4267 196
f 4367 4507 196
f 1916 4364 4508
f 4366 4508 4364
f 1363 647 5480
f 4509 5104 4363
f 1963 1277 4360
f 1429 1322 4362
f 4510 5377 1279
f 1934 4363 4511
f 4383 4511 5104
f 1939 1327 4382
f 4279 4663 468
f 4512 5096 1368
f 1915 449 4268
f 4513 3613 252
f 1319 4513 5037
f 4514 5110 4380
f 4389 4514 5087
f 4515 4912 469
f 4264 4515 4951
f 1920 640 4516
f 469 4516 640
f 4361 4367 1320
f 1919 1270 4267
f 1368 1321 4517
f 4357 4517 4919
f 1955 636 4518
f 4390 4518 636
f 4316 103 4292
f 4519 3239 4356
f 4395 4519 4974
f 4520 3488 637
f 470 4520 4618
f 1910 635 4393
f 4521 4656 638
f 5479 1448 4521
f 1918 1254 4522
f 4266 4522 5388
f 1935 1319 4523
f 4327 4523 1319
f 4524 5109 1322
f 4374 4524 1322
f 1930 645 4525
f 4270 4525 645
f 1931 648 4526
f 4262 4526 648
f 1967 1301 4527
f 4388 4527 1301
f 4528 4262 648
f 4279 4528 648
f 4271 4529 646
f 1958 4951 4906
f 4530 4860 639
f 4370 4530 639
f 1370 251 4531
f 4362 4531 4810
f 1965 1254 4532
f 4277 138 4533
f 4357 4533 4661
f 4377 378 4534
f 4401 4534 378
f 3847 3734 4545
f 3672 4371 4535
f 4369 3676 1080
f 4372 3675 4321
f 1293 3677 437
f 4326 536 3139
f 1293 537 3979
f 4536 472 4349
f 3665 4369 4539
f 4318 4330 1375
f 4335 1380 4349
f 3662 4557 3675
f 4411 204 4355
f 3666 4332 4548
f 4334 535 4537
f 4537 535 3955
f 3670 1078 4320
f 3667 1317 4538
f 339 4538 1317
f 2936 1307 2490
f 4337 3668 1315
f 3666 1308 4344
f 3692 448 4539
f 1316 4539 448
f 3691 447 4540
f 3685 4540 447
f 4335 3673 4319
f 3684 1313 4541
f 4354 4541 1313
f 3686 1317 4343
f 3670 382 4336
f 3909 4542 3664
f 4353 3669 1077
f 3685 4334 4543
f 4338 3847 4545
f 4346 3664 475
f 4342 4412 206
f 3669 4345 4544
f 4351 3671 1079
f 4339 3674 4293
f 3673 436 4331
f 3676 4545 1386
f 4345 519 4546
f 4547 444 1535
f 4371 1372 3667
f 4372 4540 3668
f 3686 479 4353
f 4339 1385 3663
f 4320 1373 3682
f 4352 1381 4340
f 2094 4553 3672
f 3663 1292 4330
f 3678 1276 4281
f 1384 4346 4282
f 4284 3687 1268
f 3678 4289 4544
f 4325 3689 197
f 4308 3695 1083
f 4554 4311 4548
f 1385 4293 4549
f 3695 1268 1392
f 3687 1079 1376
f 4304 2943 446
f 4282 3677 3679
f 3694 447 4303
f 4550 1315 4543
f 3683 4550 4543
f 3681 226 3181
f 3661 1387 4551
f 4552 224 1530
f 4305 4552 4350
f 197 3696 1311
f 97 474 4553
f 1316 448 534
f 1316 534 3978
f 4301 1379 4306
f 4317 3692 1080
f 4355 4559 1305
f 4313 4554 1081
f 1372 4371 4553
f 3679 1293 4297
f 1381 130 1531
f 4300 1378 1306
f 205 4555 1292
f 4332 3693 1081
f 4322 1381 1082
f 4300 1389 3697
f 3705 1382 3688
f 4317 662 4551
f 1393 1077 4556
f 4289 4556 1077
f 4321 4557 473
f 1387 4305 4558
f 4307 3683 4537
f 4291 3697 1286
f 4342 4552 4305
f 3681 1310 2938
f 3693 4299 4559
f 4299 3693 4343
f 4308 1395 4341
f 4560 2928 4281
f 1394 4303 4338
f 3690 131 5349
f 4293 1377 4561
f 3696 4561 1377
f 4555 3994 5281
f 3747 666 2128
f 3795 4562 324
f 3791 394 3746
f 3782 391 3748
f 3781 4445 3740
f 2133 3741 4433
f 2126 3765 1115
f 3754 664 4563
f 2125 4563 4418
f 3750 663 4564
f 2124 4564 663
f 3768 455 3798
f 4565 3789 1397
f 3793 4565 1397
f 4566 4417 393
f 2128 4566 393
f 2135 1401 4567
f 4587 4567 4433
f 454 2131 4439
f 2132 3796 1124
f 3783 1119 4568
f 2135 4568 1119
f 2129 4569 161
f 3747 480 4453
f 2152 4453 480
f 2149 3743 48
f 3783 2002 2136
f 2134 1396 3786
f 3784 1119 4570
f 2134 4570 4444
f 3792 1122 2130
f 3787 1125 2137
f 3789 1124 4571
f 2129 4571 1124
f 2133 3784 391
f 2150 4453 3749
f 2138 1399 3801
f 2144 3764 392
f 1097 199 4465
f 2140 4465 199
f 2146 3759 112
f 2147 4572 158
f 2125 3777 16
f 3762 1112 4573
f 2142 4573 1112
f 2146 4574 1109
f 2145 3760 1111
f 2147 3763 4461
f 2126 1402 4575
f 3773 4575 4418
f 4576 4455 5424
f 3776 4576 5424
f 2743 157 4577
f 3755 4577 157
f 1097 1113 4578
f 3767 4579 390
f 2145 4463 3750
f 2127 3775 481
f 2141 1404 3771
f 3772 1110 4580
f 2141 4580 1110
f 4581 4451 3772
f 3752 4581 3772
f 2142 4464 3800
f 2124 3775 3802
f 3767 390 3799
f 2139 4465 3770
f 3764 1113 4582
f 2139 4582 1113
f 3805 1127 4583
f 2140 4583 1127
f 3773 664 4584
f 2144 4584 664
f 3761 4585 316
f 3775 663 4586
f 2143 4586 663
f 3792 454 3780
f 2149 4587 665
f 3791 4588 3745
f 4589 4439 666
f 2150 4589 666
f 3781 4590 4416
f 4591 3769 392
f 3774 4591 392
f 1596 735 4592
f 2420 4592 831
f 2510 940 4593
f 3092 4593 4191
f 1427 983 4594
f 2508 341 2976
f 2504 152 4595
f 3090 4595 152
f 2517 780 4596
f 2960 4596 780
f 2555 348 4597
f 2951 4597 348
f 3083 924 3954
f 4598 3445 4788
f 1596 4598 4788
f 2558 939 4599
f 2975 939 2615
f 1704 566 4600
f 2169 4600 3445
f 1604 266 4601
f 2415 4601 266
f 4602 3641 127
f 3802 4602 127
f 1603 558 4603
f 2180 4603 3429
f 1597 682 4604
f 2178 4604 682
f 1598 683 4605
f 2292 4605 683
f 1603 134 4606
f 2334 4606 134
f 4607 3293 5051
f 1664 4607 5051
f 1686 269 4608
f 2266 4608 269
f 1685 573 4609
f 2181 4609 3293
f 1723 579 4610
f 2174 4610 3352
f 1623 727 4611
f 2338 4611 727
f 4612 3499 677
f 2176 4612 3451
f 4613 3429 4771
f 1599 4613 4771
f 1902 4504 1406
f 470 1902 1406
f 4385 3804 1410
f 1778 244 4614
f 2178 4614 244
f 4615 3295 4921
f 1639 4615 4921
f 1684 137 4616
f 2175 4616 137
f 1775 700 4617
f 2240 4617 700
f 1902 4327 4504
f 4618 4520 637
f 4277 4618 637
f 4619 1599 689
f 2232 4619 3462
f 4620 3215 1412
f 1835 4620 1412
f 1780 608 4621
f 2173 4621 3295
f 1639 674 4622
f 2175 4622 674
f 1657 728 4623
f 2339 4623 728
f 1601 723 4624
f 1903 4399 1326
f 4625 3451 1414
f 1602 4625 1414
f 1779 244 4626
f 2292 4626 244
f 2542 798 4627
f 3005 4627 798
f 2514 974 4055
f 3068 4055 974
f 2509 977 4628
f 4629 4115 779
f 3001 4629 4080
f 4630 4051 129
f 3162 4630 129
f 2571 169 4631
f 3165 4631 169
f 4632 4081 1419
f 2617 168 4189
f 3182 4189 168
f 1883 110 4633
f 3156 4633 110
f 4634 4080 5292
f 2579 4634 5292
f 4359 4510 1279
f 1356 4359 1279
f 2566 784 4163
f 3058 4163 784
f 2568 786 4635
f 3003 4635 4081
f 2577 4636 5247
f 2519 966 4637
f 3041 4637 2664
f 2552 2964 4638
f 1615 586 4639
f 2268 4639 586
f 4640 1777 724
f 2199 4640 3204
f 4641 3637 683
f 2190 4641 3289
f 1610 730 4642
f 1613 270 4643
f 2202 4643 270
f 1779 585 4644
f 2171 4644 3215
f 2445 1409 4415
f 1613 563 4645
f 4398 1324 1358
f 1724 241 4646
f 2235 4646 241
f 4647 3362 707
f 2310 4647 3536
f 2670 344 4648
f 3160 4648 344
f 1614 234 4649
f 2309 4649 234
f 4398 4263 4650
f 1910 4650 4263
f 4651 3940 1462
f 2511 4651 1462
f 4652 3160 972
f 2549 796 3115
f 1629 560 4653
f 2385 4653 3459
f 1606 690 4654
f 2299 4654 690
f 4655 3352 1408
f 1657 4655 1408
f 4656 4506 638
f 1364 4656 4521
f 1727 588 4657
f 4658 3595 505
f 3776 4658 505
f 1631 571 4659
f 2371 4659 571
f 1666 693 4660
f 2300 4660 3631
f 4661 4533 138
f 1909 4661 138
f 4379 1324 4662
f 1907 4662 4650
f 4663 4486 1430
f 1430 5477 4663
f 1615 106 4664
f 2240 4664 106
f 4665 3296 4671
f 1775 4665 4671
f 1724 580 4666
f 2251 4666 3460
f 1726 242 4667
f 2234 4667 242
f 1628 139 4668
f 2417 4668 139
f 2164 800 4669
f 3052 4669 4085
f 4670 3207 5261
f 1618 4670 5261
f 1727 263 4671
f 2305 4671 263
f 1629 233 4672
f 2313 4672 233
f 4673 3462 1423
f 1733 4673 1423
f 1618 685 4674
f 2294 4674 685
f 1628 560 4675
f 2380 4675 3454
f 4676 3209 719
f 1723 241 4677
f 2177 4677 241
f 1734 262 4678
f 2239 4678 262
f 4679 3552 489
f 2249 4679 489
f 1783 680 4680
f 2177 4680 680
f 1630 568 4681
f 2387 4681 568
f 1633 587 4682
f 2395 4682 587
f 1625 684 4683
f 4684 3631 5026
f 1732 4684 5026
f 1785 693 4685
f 2234 4685 693
f 1624 729 4686
f 2417 4686 729
f 1842 247 4687
f 2179 4687 247
f 1728 588 4688
f 2182 4688 3296
f 4689 3218 699
f 2304 4689 3534
f 1848 267 4690
f 2200 4690 267
f 2513 789 3193
f 1662 748 4691
f 2445 4691 3639
f 1700 620 4692
f 2441 4692 620
f 1680 236 4693
f 2423 4693 236
f 4694 3433 714
f 2322 4694 3470
f 2512 783 4695
f 3192 4695 4253
f 4696 3217 5040
f 1649 4696 5040
f 4697 3417 4877
f 1702 4697 4877
f 4698 3376 209
f 2324 4698 209
f 1612 562 4699
f 2386 4699 562
f 1604 559 4700
f 2364 4700 3501
f 1720 575 4701
f 2389 4701 3418
f 2502 102 4702
f 3097 4702 102
f 4703 2246 4993
f 2408 4703 4993
f 1652 718 4704
f 4705 1681 214
f 3800 4705 214
f 4706 3210 617
f 2439 4706 617
f 1676 245 4707
f 2412 4707 245
f 4708 3622 5098
f 1670 4708 5098
f 4709 3449 4614
f 1643 4709 4614
f 4710 3194 5382
f 1846 4710 5382
f 3208 611 4711
f 2438 4711 611
f 1656 725 4712
f 2416 4712 725
f 4713 1638 522
f 2210 4713 522
f 1839 504 3752
f 1698 610 4714
f 2447 4714 610
f 4715 3465 747
f 3503 5484 4715
f 2218 1458 4452
f 1689 585 4716
f 2369 4716 3452
f 2154 807 4717
f 3191 4717 4251
f 1634 616 4718
f 2428 4718 616
f 4719 3636 4577
f 3755 4719 4577
f 4720 3205 613
f 2426 4720 613
f 4721 3456 4693
f 1662 4721 4693
f 1688 584 4722
f 2434 4722 3449
f 4723 3464 4975
f 1661 4723 4975
f 1850 278 4724
f 2357 4724 278
f 1640 483 3774
f 4725 3216 1421
f 1678 4725 1421
f 1694 602 4726
f 2424 4726 3464
f 1841 247 4727
f 2198 4727 247
f 1655 724 4728
f 2415 4728 724
f 2576 960 4729
f 3039 4729 4088
f 2571 802 3006
f 4730 3195 561
f 2432 4730 561
f 2680 4731 4197
f 1849 267 4732
f 2206 4732 267
f 4733 3467 5100
f 1665 4733 5100
f 4734 1644 521
f 2228 4734 521
f 2511 775 4735
f 3190 4735 4252
f 1678 563 4736
f 2220 4736 3472
f 4737 3354 4882
f 1703 4737 4882
f 4738 3330 498
f 2271 4738 498
f 1679 564 4739
f 2427 4739 564
f 4740 1626 494
f 2435 4740 494
f 4741 3506 4939
f 1663 4741 4939
f 4742 4073 1444
f 1660 745 4743
f 1730 590 4744
f 2277 4744 3392
f 1843 270 4745
f 2201 4745 270
f 4746 3430 682
f 1637 672 4747
f 2183 4747 672
f 1595 723 4748
f 2334 4748 723
f 4749 4085 4106
f 1648 714 4750
f 2321 4750 714
f 1600 486 3756
f 1671 686 4751
f 2295 4751 2505
f 1672 733 4752
f 2346 733 845
f 1644 688 4753
f 2297 4753 688
f 1690 595 4754
f 2410 4754 3508
f 4755 1637 506
f 3799 4755 506
f 1619 698 4756
f 2303 4756 698
f 1605 583 4757
f 2394 4757 583
f 1731 590 4758
f 2252 4758 3387
f 1617 678 4759
f 2287 4759 678
f 4760 3392 4698
f 1711 4760 4698
f 4761 3640 32
f 2051 4761 32
f 1602 557 4762
f 2366 4762 557
f 1691 596 4763
f 2435 4763 3461
f 1683 566 4764
f 2446 4764 3644
f 1707 702 4765
f 2261 4765 702
f 4766 3227 601
f 2398 4766 601
f 2425 1424 4413
f 1675 559 4767
f 2384 4767 3446
f 1658 741 4768
f 2421 4768 741
f 1697 607 4769
f 2430 4769 3541
f 1692 599 4770
f 2436 4770 3506
f 1674 232 4771
f 2298 4771 232
f 1695 603 4772
f 2437 4772 3622
f 1636 618 4773
f 2440 4773 618
f 1641 679 4774
f 2288 4774 679
f 1673 264 4775
f 2330 4775 2501
f 1667 697 4776
f 1650 716 4777
f 2412 4777 716
f 4778 3458 565
f 2425 4778 3531
f 4779 3639 748
f 2423 4779 748
f 4780 3354 570
f 2271 4780 3400
f 1642 681 4781
f 2290 4781 681
f 1674 558 4782
f 2383 4782 3448
f 1715 262 4783
f 2238 4783 262
f 4784 3541 1436
f 1648 4784 1436
f 1696 604 4785
f 1677 261 4786
f 2329 4786 261
f 1730 268 4787
f 2262 4787 268
f 1683 274 4788
f 2204 4788 296
f 2230 1477 4454
f 4789 3292 4738
f 1718 4789 4738
f 4790 3471 717
f 2326 4790 3441
f 1682 266 4791
f 2335 4791 266
f 1804 4466 3751
f 4792 1651 497
f 2429 4792 497
f 1770 600 4793
f 2282 4793 3301
f 5483 1483 4466
f 4794 3208 1481
f 4469 4794 1481
f 4795 4521 1448
f 4363 4795 4509
f 4796 4254 5007
f 2683 4796 5007
f 4797 2341 731
f 2342 4797 731
f 4798 3475 5084
f 1789 4798 5084
f 1753 573 4799
f 2431 4799 3395
f 1611 104 3778
f 4800 3416 499
f 2370 4800 499
f 1764 258 4801
f 2237 4801 258
f 1722 239 4802
f 2279 4802 239
f 1762 592 4803
f 2368 4803 3321
f 3744 4419 4360
f 2625 950 4804
f 2980 4804 950
f 4805 3418 4844
f 1708 4805 4844
f 4806 3356 4812
f 1782 4806 4812
f 1736 605 4807
f 2406 4807 3513
f 1915 4361 449
f 1769 136 4808
f 2261 4808 136
f 4809 3301 4808
f 1739 4809 4808
f 4810 4531 251
f 1917 4810 251
f 1766 597 4811
f 2408 4811 3328
f 4812 1712 493
f 2406 4812 493
f 1721 101 4813
f 2341 4813 5463
f 1737 680 4814
f 2289 4814 3469
f 4290 428 4815
f 1363 4815 4365
f 1758 140 4816
f 1877 4816 5450
f 1757 141 4817
f 2241 4817 141
f 4818 3534 4740
f 1793 4818 4740
f 4819 1621 709
f 2280 4819 3522
f 1645 704 4820
f 2561 975 4821
f 3107 975 4217
f 4822 3221 696
f 1454 4823 639
f 4824 3290 4890
f 1763 4824 4890
f 1734 593 4825
f 1916 4831 4364
f 1716 569 4826
f 2370 4826 3311
f 1722 576 4827
f 2390 4827 3421
f 4828 3454 4672
f 1621 4828 4672
f 1703 740 4829
f 2356 4829 740
f 1614 567 4830
f 2283 4830 3394
f 4374 1322 4831
f 1429 4831 1322
f 1453 4832 647
f 4833 3508 1449
f 1744 4833 1449
f 4834 3923 1489
f 2580 4834 1489
f 1718 570 4835
f 2274 4835 570
f 1732 591 4836
f 2409 4836 591
f 4837 3468 712
f 2319 4837 3625
f 1931 4430 128
f 1782 605 4838
f 2255 4838 3357
f 1370 4262 4528
f 1646 705 4839
f 2308 4839 705
f 1729 589 4840
f 1919 1454 4841
f 4269 4841 1454
f 1919 4365 1270
f 1367 4367 4361
f 1916 4427 217
f 4842 3302 5013
f 1743 4842 5013
f 1445 957 4843
f 3137 4843 4202
f 1719 239 4844
f 2264 4844 239
f 1755 141 4845
f 2243 4845 141
f 1772 606 4846
f 2399 4846 3302
f 4847 4245 166
f 3158 4847 166
f 1736 271 4848
f 703 4848 5452
f 1937 4471 509
f 4370 4499 4530
f 4849 1741 492
f 2365 4849 492
f 4850 1713 692
f 2259 4850 3290
f 1767 235 4851
f 2257 4851 235
f 4852 3442 4783
f 1619 4852 4783
f 1756 579 4853
f 2265 4853 3299
f 4854 3420 1456
f 1781 4854 1456
f 4855 3351 4851
f 1747 4855 4851
f 4856 3391 4608
f 1623 4856 4608
f 2668 981 3927
f 3167 3927 981
f 1759 582 4857
f 2276 4857 582
f 4858 1750 502
f 2377 4858 502
f 4859 3359 4802
f 1713 4859 4802
f 1917 4860 4530
f 1819 259 4861
f 2294 4861 259
f 4862 3934 1445
f 4863 3396 4858
f 1768 4863 4858
f 4864 4495 4487
f 1918 4864 4487
f 4865 3305 4904
f 1754 4865 4904
f 4866 3459 4668
f 1790 4866 4668
f 4867 4173 350
f 2996 4867 350
f 1729 268 4868
f 2336 4868 268
f 4869 3353 726
f 2337 4869 3390
f 4870 3387 4787
f 1707 4870 4787
f 4871 3357 1441
f 1786 4871 1441
f 1958 4292 1271
f 1751 567 4872
f 2382 4872 3297
f 4873 3304 4868
f 1709 4873 4868
f 1684 572 4874
f 2388 4874 572
f 1716 269 4875
f 2339 4875 269
f 4876 3299 4677
f 1737 4876 4677
f 1725 242 4877
f 2323 4877 242
f 4878 1745 708
f 2312 4878 3398
f 1774 609 4879
f 2376 4879 3420
f 4880 3355 715
f 2324 4880 3419
f 1752 235 4881
f 2311 4881 235
f 1705 277 4882
f 2355 4882 277
f 4883 3363 739
f 2354 4883 739
f 1701 692 4884
f 2279 4884 692
f 4374 3793 4524
f 1781 708 4885
f 2311 4885 708
f 4886 3393 4881
f 1745 4886 4881
f 1706 694 4887
f 2235 4887 694
f 1632 574 4888
f 2444 4888 3467
f 4889 3405 488
f 2270 4889 488
f 4890 1701 516
f 2281 4890 516
f 4891 3348 691
f 2258 4891 1738
f 4892 3298 582
f 1721 576 4893
f 2269 4893 3359
f 4894 3303 4875
f 1710 4894 4875
f 4895 3391 577
f 2374 4895 3399
f 4318 3174 537
f 4896 1710 728
f 2340 4896 3423
f 4897 2263 144
f 2353 4897 144
f 1768 598 4898
f 2278 4898 3351
f 4899 3226 5025
f 1633 4899 5025
f 4505 1361 4366
f 4900 3390 4849
f 1759 4900 4849
f 4901 3349 713
f 2320 4901 3356
f 1767 598 4902
f 2377 4902 3397
f 4903 3294 4616
f 1788 4903 4616
f 4904 1706 485
f 2374 4904 485
f 4905 1813 711
f 2317 4905 3216
f 469 640 4906
f 4316 4906 640
f 1761 273 4907
f 2345 4907 312
f 1691 233 4908
f 2316 4908 233
f 2611 967 4909
f 4478 325 4534
f 4401 4478 4534
f 1715 568 4910
f 2217 4910 3224
f 4911 3463 4775
f 1654 4911 4775
f 4912 4511 1464
f 469 4912 1464
f 1763 593 4913
f 2396 4913 3432
f 4914 2608 947
f 3094 4914 947
f 4915 2302 1474
f 1688 4915 1474
f 1359 4390 4491
f 1831 134 4916
f 2328 4916 134
f 4917 3300 591
f 1935 4441 508
f 4918 3233 4980
f 1808 4918 4980
f 4919 4517 1321
f 1936 4919 1321
f 4920 3110 982
f 3181 4920 4256
f 1773 258 4921
f 2231 4921 258
f 4922 3446 4601
f 1777 4922 4601
f 1766 234 4923
f 2299 4923 234
f 1907 4650 4393
f 3191 4251 5056
f 2536 3191 5056
f 4924 3361 4934
f 1796 4924 4934
f 4393 635 4925
f 1954 4925 635
f 4926 3229 5054
f 1828 4926 5054
f 4927 2695 5373
f 2673 4927 5373
f 1697 278 4928
f 2205 4928 278
f 4929 3645 736
f 2348 4929 736
f 1752 572 4930
f 2275 4930 3294
f 1454 4267 4507
f 1447 2258 1738
f 1765 4931 1447
f 4932 2291 1407
f 1704 4932 1407
f 1791 259 4933
f 2293 4933 259
f 1770 238 4934
f 2287 4934 238
f 1934 4935 4363
f 1765 594 4936
f 2397 4936 3436
f 2699 973 4937
f 3161 4937 973
f 1792 574 4938
f 2208 4938 3235
f 1821 107 4939
f 4940 3389 706
f 2263 4940 5494
f 2599 806 4941
f 3126 4941 806
f 4942 3212 5068
f 1801 4942 5068
f 4388 3742 4527
f 1607 697 4943
f 2196 4943 697
f 1755 578 4944
f 2372 4944 3217
f 4945 2614 932
f 3086 4945 2719
f 2591 781 3127
f 4946 2358 1479
f 1693 4946 1479
f 1696 263 4947
f 2306 4947 263
f 2529 921 4948
f 3082 4948 921
f 4949 3232 4908
f 1813 4949 4908
f 4950 2573 4027
f 2575 4950 4027
f 2530 534 4350
f 1932 2066 43
f 2548 299 3985
f 3159 3985 299
f 1958 1446 4951
f 4264 4951 1446
f 2506 963 4952
f 3102 4952 963
f 4953 3431 4972
f 1811 4953 4972
f 4954 3517 744
f 2407 4954 3638
f 1797 696 4955
f 2237 4955 696
f 1773 608 4956
f 2367 4956 3624
f 1786 703 4957
f 2242 4957 767
f 2672 796 4958
f 3150 4958 3975
f 1653 721 4959
f 2328 4959 721
f 4960 3452 4626
f 1776 4960 4626
f 1794 609 4961
f 2256 4961 3308
f 2708 340 4962
f 923 4962 4008
f 1758 581 4963
f 2405 4963 3417
f 2527 793 4964
f 3114 4964 3978
f 1746 689 4965
f 2298 4965 689
f 2543 810 3079
f 1663 687 4966
f 2194 4966 687
f 4967 4503 1321
f 1368 4967 1321
f 4968 3228 619
f 2375 4968 619
f 1828 612 4969
f 2400 4969 612
f 4970 3981 5355
f 2513 4970 5355
f 1774 272 4971
f 2307 4971 272
f 3139 2678 1533
f 4326 3139 1533
f 1822 240 4972
f 2288 4972 240
f 2588 969 4028
f 4973 3952 950
f 3152 4973 3940
f 4974 4519 4356
f 4265 4974 4356
f 1823 243 4975
f 2362 4975 243
f 1814 698 4976
f 4977 3580 143
f 2327 4977 143
f 4978 3977 923
f 4979 3477 737
f 2350 4979 737
f 1692 237 4980
f 2360 4980 237
f 4981 3650 1442
f 1624 4981 1442
f 4982 3974 922
f 4983 3231 1488
f 1802 4983 1488
f 2523 773 4984
f 3129 4984 3944
f 4985 3625 1460
f 1760 4985 1460
f 4986 3444 4646
f 1748 4986 4646
f 4987 5445 302
f 3016 4987 302
f 1739 702 4988
f 4989 3234 4947
f 1816 4989 4947
f 4990 2609 930
f 1632 106 4991
f 2191 4991 106
f 4992 3308 4971
f 1799 4992 4971
f 4993 3287 1476
f 1800 4993 1476
f 2612 970 4994
f 3159 4994 970
f 4995 4494 4315
f 1920 4995 4315
f 4996 4492 251
f 1370 4996 251
f 4997 1748 694
f 2260 4997 3305
f 4998 4012 540
f 3179 4998 540
f 1832 615 4999
f 2402 4999 3538
f 5000 3306 1463
f 1787 5000 1463
f 2528 809 5001
f 3128 5001 3955
f 1720 136 5002
f 2303 5002 136
f 2596 791 5003
f 3148 5003 791
f 1803 721 5004
f 5005 3436 4801
f 1668 5005 4801
f 5006 3230 1487
f 1830 5006 1487
f 2672 291 5007
f 3082 5007 291
f 5008 3957 3111
f 2537 5008 3111
f 5009 3432 4678
f 1620 5009 4678
f 2574 824 5010
f 2574 308 5011
f 3033 5011 308
f 5012 3036 956
f 3131 925 2695
f 1771 272 5013
f 2343 5013 272
f 1795 677 5014
f 2286 5014 677
f 5015 4009 538
f 3113 5015 538
f 1717 569 5016
f 2273 5016 3303
f 5017 2295 108
f 2351 5017 108
f 1963 4268 1277
f 5018 3493 1468
f 1805 5018 1468
f 4354 2524 224
f 1757 580 5019
f 2373 5019 3444
f 1685 137 5020
f 2338 5020 137
f 1955 4382 451
f 5021 3474 738
f 2352 5021 738
f 4546 3970 1276
f 2420 831 5022
f 3122 5022 831
f 5023 2616 153
f 3084 5023 153
f 5024 3466 4786
f 1653 5024 4786
f 5025 1617 503
f 2216 5025 503
f 5026 3562 500
f 2244 5026 500
f 5027 3601 275
f 2349 5027 275
f 2526 787 3124
f 1735 597 5028
f 2254 5028 3307
f 2601 819 5029
f 3151 5029 819
f 5030 4503 1472
f 4380 5030 1472
f 1817 243 5031
f 2290 5031 243
f 2615 939 5032
f 3090 5032 939
f 1800 707 5033
f 2309 5033 707
f 5034 2595 791
f 1719 575 5035
f 2245 5035 3358
f 5036 3224 5041
f 1809 5036 5041
f 5037 4513 252
f 4391 5037 252
f 3740 1437 4397
f 1809 709 5038
f 2313 5038 709
f 5039 3624 1415
f 1598 5039 1415
f 1687 240 5040
f 2321 5040 240
f 5041 3530 212
f 2280 5041 212
f 1807 742 5042
f 2357 5042 742
f 2545 965 3919
f 5043 3441 4792
f 1825 5043 4792
f 2524 773 5044
f 3072 5044 773
f 5045 4500 450
f 1472 5045 450
f 1493 3074 2590
f 2533 5046 1493
f 1939 4378 1327
f 1769 600 5047
f 2248 5047 600
f 5048 3033 951
f 3134 5048 3981
f 1829 260 5049
f 2193 5049 5460
f 5050 2546 962
f 3101 5050 4218
f 1753 237 5051
f 2286 5051 237
f 5052 4258 1470
f 5053 3943 981
f 3168 5053 4259
f 5054 3602 520
f 2379 5054 520
f 1935 1369 1319
f 5055 4512 490
f 1938 5055 490
f 2731 307 5056
f 3110 5056 307
f 5057 2430 4784
f 2212 5057 4784
f 1725 581 5058
f 2393 5058 3438
f 2607 837 3123
f 1798 700 5059
f 1827 261 5060
f 2196 5060 261
f 5061 3476 614
f 2378 5061 3556
f 1799 704 5062
f 2243 5062 704
f 2531 535 4340
f 1622 711 5063
f 2316 5063 711
f 3119 2715 4536
f 2541 795 5064
f 3075 5064 4200
f 1733 592 5065
f 2253 5065 3306
f 2604 834 5066
f 5067 3161 973
f 3138 5067 973
f 1690 232 5068
f 2314 5068 232
f 2533 945 5069
f 3093 5069 945
f 5070 3559 720
f 2381 5070 720
f 1689 142 5071
f 2419 5071 152
f 2600 808 5072
f 3078 5072 4196
f 1816 701 5073
f 5074 769 799
f 3170 5074 799
f 1838 718 5075
f 2179 5075 718
f 5076 3307 4923
f 1810 5076 4923
f 5077 4501 450
f 1957 5077 450
f 2527 289 5078
f 3102 5078 289
f 1830 614 5079
f 2401 5079 614
f 1788 674 5080
f 1673 557 5081
f 2219 5081 3242
f 1687 578 5082
f 2392 5082 3527
f 1749 727 5083
f 1818 246 5084
f 2297 5084 246
f 1608 701 5085
f 2306 5085 701
f 5086 3988 5294
f 2535 5086 5294
f 5087 4514 4380
f 1472 5087 4380
f 2534 959 4005
f 2508 778 5088
f 3116 5088 4221
f 2605 835 3080
f 5089 3440 612
f 5090 3963 935
f 3088 5090 2720
f 5091 3524 501
f 2250 5091 501
f 1677 562 5092
f 2246 5092 3287
f 2547 353 5093
f 3163 5093 353
f 1760 589 5094
f 2267 5094 3304
f 5095 2232 4673
f 2310 5095 4673
f 5479 4521 638
f 1957 5096 638
f 2575 949 5097
f 3133 949 4201
f 1824 246 5098
f 2325 5098 246
f 5099 3448 4606
f 1601 5099 4606
f 1792 238 5100
f 2318 5100 238
f 1764 594 5101
f 2553 811 5102
f 5103 2330 5481
f 2331 5103 5481
f 2528 340 3105
f 5104 4511 4363
f 1938 5104 4509
f 5105 4015 298
f 3167 5105 298
f 5106 2974 938
f 3089 5106 938
f 2583 826 5107
f 3130 5107 2691
f 5108 3443 710
f 2315 5108 3219
f 5109 4362 1322
f 1937 5109 4524
f 1925 5110 4514
f 5111 2584 828
f 2606 836 3118
f 2582 823 3143
f 2544 961 3918
f 3098 3918 961
f 5112 4253 3943
f 2515 5112 3943
f 3122 1545 3926
f 2538 3926 1545
f 2526 291 3930
f 3166 3930 291
f 1419 948 5113
f 3095 948 2724
f 5114 3263 5099
f 2364 5114 5099
f 5115 3225 1475
f 1772 5115 1475
f 2523 348 3111
f 5116 4517 1433
f 4395 5116 1433
f 2537 983 5117
f 3182 5117 983
f 5118 1492 955
f 1930 4420 4388
f 5119 3469 4679
f 1728 5119 4679
f 1810 690 5120
f 2233 5120 3292
f 2671 787 5121
f 2944 5121 3950
f 5122 2590 776
f 4397 636 5123
f 1955 5123 636
f 5124 3213 742
f 5125 3222 4928
f 1658 5125 4928
f 1762 276 5126
f 1892 5126 5449
f 5127 4013 289
f 922 5127 3942
f 2540 776 4025
f 3074 4025 776
f 2626 444 4348
f 1843 618 5128
f 2230 5128 3198
f 1833 619 5129
f 5483 5129 3228
f 5130 3453 732
f 2344 5130 3396
f 1771 606 5131
f 2689 166 3938
f 3132 3938 166
f 2659 297 5132
f 3045 5132 297
f 5133 1240 5256
f 3056 5133 5256
f 2577 958 4150
f 3038 4150 958
f 5134 4042 825
f 3010 5134 4075
f 5135 4026 222
f 3135 5135 222
f 5136 4184 541
f 3125 5136 541
f 1490 969 5137
f 3043 5137 969
f 2570 794 3049
f 2597 115 5138
f 3095 5138 115
f 2986 3987 2614
f 2674 353 3154
f 5139 4187 2509
f 5140 2635 220
f 3065 5140 220
f 2674 819 3120
f 5141 3972 5244
f 2609 5141 5244
f 2688 109 5142
f 3137 5142 109
f 2669 4045 5269
f 2579 944 4109
f 5143 4040 3024
f 2641 5143 3024
f 1508 3086 2719
f 2564 5144 4115
f 3051 1901 671
f 5145 4188 1497
f 5146 4149 167
f 3030 5146 167
f 5147 2713 221
f 3085 5147 221
f 5148 2521 1539
f 2516 5148 1539
f 2539 168 3180
f 5149 5225 1542
f 2620 305 5150
f 3017 5150 305
f 2165 150 5151
f 3063 5151 150
f 2619 818 5152
f 3060 5152 4111
f 1536 3107 4217
f 2592 5153 1536
f 2604 309 5154
f 2974 5154 309
f 5155 3017 929
f 3018 5155 2637
f 5156 4226 5142
f 2701 5156 5142
f 2555 816 3091
f 1515 944 5157
f 3029 5157 944
f 3023 4092 936
f 5158 4137 525
f 3069 5158 525
f 5159 3986 928
f 3062 5159 2636
f 2663 964 5160
f 3155 5160 964
f 5161 4194 4595
f 2558 5161 4595
f 2653 827 5162
f 2603 306 5163
f 2971 5163 306
f 2658 832 5164
f 3175 5164 4130
f 5165 5478 294
f 2980 5165 294
f 2693 841 5166
f 3056 5166 4128
f 5167 4083 964
f 3040 5167 2663
f 4078 941 5168
f 5169 1232 532
f 3177 5169 532
f 2985 3947 5291
f 2730 2985 5291
f 1521 3094 2723
f 2710 5170 1521
f 2644 780 3184
f 2590 347 2977
f 2646 148 5171
f 3038 5171 148
f 2621 827 5172
f 3011 5172 4100
f 5173 3914 115
f 3093 5173 115
f 2647 169 3108
f 5174 3948 1495
f 2684 5174 1495
f 2539 774 5175
f 2988 5175 774
f 5176 3945 1490
f 5177 4169 352
f 3068 5177 352
f 5178 3922 299
f 3153 5178 299
f 2649 803 3177
f 5179 3956 5138
f 2724 5179 5138
f 5180 2204 296
f 2973 5180 296
f 2567 786 5181
f 3145 5181 2568
f 2629 305 3024
f 2567 355 5182
f 2979 5182 355
f 1505 954 5183
f 2585 971 4059
f 3044 4059 971
f 5184 4036 5284
f 2621 5184 5284
f 515 2721 3078
f 3091 5185 515
f 2551 805 5186
f 3007 5186 4040
f 2629 805 3053
f 5187 3916 530
f 3142 5187 530
f 5188 1235 5245
f 3054 5188 5245
f 2660 841 5189
f 3061 5189 4168
f 5190 4208 343
f 2993 5190 343
f 5191 4201 1527
f 2692 5191 1527
f 2624 937 4039
f 3024 4039 937
f 2653 345 5192
f 3041 5192 345
f 5193 4071 5287
f 2546 5193 5287
f 2643 777 3188
f 2646 794 3149
f 2725 954 4070
f 3035 4070 954
f 5194 4074 4126
f 2522 5194 4126
f 5195 2521 980
f 3046 5195 980
f 5196 1238 544
f 3188 5196 544
f 2547 785 5197
f 5198 4190 3154
f 2681 5198 3154
f 5199 4234 347
f 2983 5199 347
f 2580 785 5200
f 3144 5200 785
f 2522 984 4065
f 2516 777 5201
f 3000 5201 777
f 5202 2594 790
f 3112 5202 4122
f 3026 2634 342
f 5203 4106 934
f 1497 970 5204
f 3067 5204 2612
f 5205 3946 5343
f 2587 5205 5343
f 5206 1245 5139
f 3145 5206 5139
f 2641 937 4053
f 191 4053 4036
f 2664 966 5207
f 3156 5207 966
f 2595 355 3109
f 2729 975 4205
f 3163 4205 975
f 2662 952 4146
f 3064 4146 952
f 5208 1204 223
f 3176 5208 223
f 5209 2661 1538
f 2655 5209 1538
f 2549 149 2982
f 2517 148 4126
f 3187 4126 148
f 2581 790 4068
f 3147 4068 790
f 5210 2532 5015
f 2596 5210 5015
f 5211 4191 1517
f 2518 5211 1517
f 2594 354 3164
f 5212 4164 952
f 3065 5212 4117
f 2643 351 5213
f 2978 5213 351
f 2648 802 3121
f 5214 4216 1522
f 2718 5214 1522
f 5215 4099 1519
f 2657 5215 1519
f 2667 942 3028
f 5216 4100 5192
f 2664 5216 5192
f 5217 2636 5158
f 2628 5217 5158
f 2659 832 3015
f 2548 788 2962
f 4072 958 5218
f 1791 571 5219
f 2222 5219 3211
f 5220 4022 5161
f 3116 5220 5161
f 2709 5221 4210
f 5222 4084 931
f 1494 943 5223
f 3063 5223 4123
f 2654 342 5224
f 3027 5224 342
f 2650 151 5225
f 3031 5225 151
f 2636 928 5226
f 3016 5226 928
f 1520 3010 4075
f 2662 5227 1520
f 1897 669 5228
f 2997 5228 3961
f 5229 4195 4112
f 2519 5229 4112
f 3060 4111 1547
f 5230 1231 529
f 3118 5230 529
f 5231 4231 350
f 3043 5231 350
f 2649 300 4118
f 3035 4118 300
f 5232 4094 1502
f 2666 5232 1502
f 3103 2506 4998
f 2540 3103 4998
f 2554 354 5233
f 3039 5233 354
f 5234 3939 2611
f 1542 946 5235
f 4086 4108 5235
f 5236 4212 5093
f 2561 5236 5093
f 3070 1898 821
f 2578 3960 4083
f 5237 4064 293
f 3064 5237 293
f 2623 934 5238
f 3020 5238 934
f 2630 349 3032
f 5239 3949 1496
f 1841 616 5240
f 2229 5240 3207
f 1839 719 5241
f 2198 5241 719
f 5242 4207 542
f 3172 5242 542
f 5243 3962 1543
f 2600 309 5244
f 2970 5244 309
f 2543 3099 5136
f 2628 792 3004
f 5245 4077 4078
f 2647 801 3048
f 2541 290 5246
f 3155 5246 290
f 2565 352 5247
f 3066 5247 352
f 1635 126 3757
f 2651 349 5248
f 3042 5248 349
f 5249 4042 1499
f 5250 2729 539
f 2962 5250 539
f 1444 946 5251
f 3031 5251 946
f 1499 941 5252
f 3025 5252 941
f 2582 308 5253
f 2995 5253 308
f 5254 1227 512
f 3178 5254 512
f 2658 167 5255
f 3025 5255 167
f 5256 4132 4072
f 2550 801 3077
f 2635 825 5257
f 3057 5257 825
f 2687 346 5258
f 3161 5258 346
f 2597 797 5259
f 2985 5259 3947
f 2563 779 3169
f 5260 2551 4630
f 2514 5260 4630
f 3061 4168 4167
f 1634 139 5261
f 2192 5261 139
f 5262 2711 1518
f 2520 5262 1518
f 3088 2720 1506
f 2703 3088 1506
f 2656 830 5263
f 2632 813 5264
f 2998 5264 813
f 5265 3969 1494
f 5266 3958 3180
f 2627 5266 3180
f 5267 3046 980
f 3186 5267 980
f 5268 4179 351
f 3047 5268 351
f 2648 300 5269
f 3044 5269 300
f 2654 829 5270
f 3054 5270 4102
f 2651 818 3055
f 5271 4096 1515
f 3014 4125 830
f 5272 3983 1546
f 5273 4043 5303
f 3112 5273 5303
f 2163 303 5274
f 3019 5274 303
f 2560 976 4060
f 3164 4060 976
f 5275 4037 5150
f 2639 5275 5150
f 2652 822 2999
f 2589 774 3073
f 2630 2964 5276
f 3171 5276 2552
f 2994 2573 301
f 2542 149 5277
f 3104 5277 149
f 1540 3040 2663
f 2660 5278 1540
f 2645 782 5279
f 3189 5279 4097
f 5280 2722 528
f 3189 5280 528
f 5281 4259 1375
f 4555 5281 1375
f 2620 822 3009
f 5282 4196 1427
f 5283 4110 3986
f 2557 5283 3986
f 5284 2624 526
f 3034 5284 526
f 2645 297 5285
f 3022 5285 297
f 5286 4203 3108
f 2560 5286 3108
f 2570 290 5287
f 3100 5287 290
f 5288 2992 1541
f 2619 5288 1541
f 2569 792 5289
f 1812 685 5290
f 2598 292 5291
f 3098 5291 292
f 2563 345 5292
f 3029 5292 345
f 5293 1230 5214
f 5066 5293 5214
f 5294 2601 227
f 2981 5294 227
f 2598 797 2963
f 5295 3042 968
f 3157 5295 2559
f 2642 943 4017
f 5296 4167 974
f 3162 5296 4114
f 2554 812 5297
f 2638 942 4057
f 3027 4057 942
f 2631 812 5298
f 3008 5298 3949
f 2613 976 4087
f 5299 3935 5302
f 2615 5299 5302
f 2706 292 5300
f 3087 5300 292
f 5301 2638 5227
f 5263 5301 5227
f 2605 341 5302
f 2975 5302 341
f 2686 783 2952
f 2576 5303 4041
f 2565 784 5304
f 3178 5304 4121
f 2656 293 5305
f 3046 5305 293
f 2572 803 3059
f 4419 3791 510
f 1963 4419 1361
f 5306 3578 213
f 3771 5306 213
f 5307 4156 1505
f 5308 4102 829
f 3013 5308 4093
f 2593 814 5309
f 3037 5309 4090
f 2520 978 4056
f 3045 4056 978
f 2726 962 4181
f 3100 4181 962
f 1616 210 3766
f 2703 778 2961
f 1822 601 5310
f 2212 5310 3227
f 1842 617 5311
f 2218 5311 3210
f 5312 3087 933
f 2972 5312 2532
f 5313 3472 4643
f 1610 5313 4643
f 1821 599 5314
f 2207 5314 3233
f 1550 926 5315
f 3084 5315 926
f 5316 3592 496
f 3798 5316 496
f 1679 135 5317
f 2421 5317 135
f 5318 1246 527
f 2984 5318 527
f 1491 923 5319
f 2950 5319 3977
f 2692 828 5320
f 3012 5320 828
f 2701 957 5321
f 2720 935 5322
f 2973 5322 935
f 1850 620 5323
f 2719 932 5324
f 2971 5324 932
f 5325 3480 673
f 2186 5325 3479
f 2676 131 4297
f 2702 955 4182
f 2995 4182 955
f 2518 782 3002
f 5326 4257 3938
f 2694 5326 3938
f 868 4401 1073
f 2627 967 4186
f 2983 4186 967
f 5327 1834 211
f 3770 5327 211
f 5328 3954 924
f 2951 5328 924
f 5329 3214 5394
f 1845 5329 5394
f 1824 603 5330
f 2214 5330 3194
f 2727 922 5331
f 2949 5331 3974
f 2691 826 5332
f 2991 826 3969
f 5333 3950 3930
f 2685 5333 3930
f 2948 2529 3680
f 5334 1796 678
f 2187 5334 3226
f 2723 947 5335
f 2978 5335 947
f 2347 3645 1482
f 1996 2347 1482
f 2733 963 5336
f 3103 5336 2506
f 2716 926 3989
f 2682 979 4244
f 3166 4244 979
f 2696 949 5337
f 2994 5337 949
f 3181 4256 1534
f 3681 3181 1534
f 1823 602 5338
f 2225 5338 3231
f 2687 789 5339
f 2712 836 5340
f 2968 836 3939
f 5341 4198 961
f 1826 607 5342
f 2227 5342 3222
f 2569 343 5343
f 3036 5343 343
f 1847 741 5344
f 2675 838 5345
f 3174 5345 3979
f 1825 604 5346
f 2226 5346 3234
f 2617 808 2987
f 2678 840 5347
f 2953 5347 840
f 5348 4229 953
f 5349 2728 1380
f 3690 5349 1380
f 1784 684 5350
f 2191 5350 684
f 1676 561 5351
f 2215 5351 3195
f 2704 793 2945
f 5352 3652 1473
f 855 5352 1473
f 1820 595 5353
f 2209 5353 3212
f 4271 646 5354
f 1961 5354 2916
f 5355 2697 543
f 2956 5355 543
f 2727 5356 4222
f 1837 745 5357
f 2206 5357 745
f 2695 925 5358
f 2954 5358 925
f 2685 979 4248
f 188 4248 3923
f 5359 1845 672
f 2184 5359 3478
f 5360 2413 1459
f 1631 5360 1459
f 2673 811 5361
f 2965 5361 3934
f 5362 3965 5363
f 2700 5362 5363
f 2675 298 5363
f 2954 5363 298
f 2711 835 5364
f 2967 5364 3935
f 2213 1413 4473
f 5365 3479 4713
f 1700 5365 4713
f 2679 842 5366
f 3119 5366 842
f 2694 927 4016
f 2955 4016 3964
f 5367 3648 1469
f 1660 5367 1469
f 2681 959 4213
f 2982 4213 959
f 2732 945 5368
f 2977 5368 2533
f 1896 668 5369
f 3050 5369 3951
f 5370 2950 130
f 3665 5370 130
f 5371 3933 2556
f 5372 3649 4724
f 1806 5372 4724
f 2228 613 3205
f 5373 4014 545
f 3173 5373 545
f 1778 584 5374
f 2211 5374 3257
f 2698 956 5375
f 3036 5375 956
f 5376 1789 688
f 2195 5376 3481
f 2709 816 2946
f 2707 225 4307
f 5377 4486 1279
f 1966 5377 4510
f 1790 729 5378
f 3138 1532 4560
f 2708 810 5379
f 3125 5379 3959
f 5380 3481 4734
f 1699 5380 4734
f 2721 938 4176
f 2974 4176 938
f 2724 948 5381
f 2979 5381 948
f 2705 795 3076
f 1695 135 5382
f 2416 5382 135
f 1835 734 5383
f 2203 5383 781
f 2167 833 5384
f 2986 5384 3987
f 1669 716 5385
f 2197 5385 3229
f 2710 834 2966
f 5386 3200 5390
f 1844 5386 5390
f 1836 610 2170
f 2722 940 4178
f 2976 4178 940
f 1549 927 5387
f 3132 5387 927
f 5388 4522 1254
f 1965 5388 1254
f 5389 3647 4687
f 1652 5389 4687
f 1698 236 5390
f 2185 5390 236
f 2718 930 4180
f 2970 4180 930
f 2706 798 5391
f 3117 5391 3968
f 5392 4532 1512
f 4279 5392 1512
f 2690 824 5393
f 2990 5393 3983
f 1832 245 5394
f 2183 5394 245
f 2676 838 5395
f 2958 5395 3965
f 1811 679 5396
f 2188 5396 3225
f 2707 809 2957
f 1848 611 5397
f 2247 5397 3208
f 5398 3984 2733
f 5399 3936 1549
f 4270 645 5400
f 1959 5400 2915
f 1966 4414 4389
f 4271 3797 4529
f 5401 3651 4727
f 1627 5401 4727
f 4270 3803 4525
f 2670 775 2947
f 4279 648 5402
f 1931 5402 648
f 2677 840 5403
f 3139 5403 840
f 2677 346 2955
f 2622 9 4310
f 2713 837 3081
f 5404 1228 523
f 2947 5404 523
f 1793 596 5405
f 2224 5405 3232
f 1840 730 5406
f 2202 5406 730
f 1967 4275 1301
f 1818 586 5407
f 2223 5407 3220
f 2689 823 2989
f 1831 615 5408
f 2172 5408 3214
f 2717 533 4294
f 5409 3982 1550
f 1817 583 5410
f 2213 5410 3450
f 1815 681 5411
f 2189 5411 3230
f 1819 587 5412
f 2184 1478 4431
f 1846 725 5413
f 2200 5413 3196
f 2697 951 4228
f 3033 4228 951
f 1680 564 5414
f 2221 5414 3199
f 5415 4088 960
f 3097 5415 960
f 2592 788 4235
f 3146 4235 788
f 3067 2612 5242
f 2631 3067 5242
f 5416 2595 3109
f 2640 5416 3109
f 5417 3044 971
f 3176 5417 4170
f 5418 3966 3105
f 2735 5418 3105
f 5419 3929 344
f 2959 5419 344
f 2640 977 4134
f 3165 4134 977
f 3175 4130 5132
f 2734 3175 5132
f 5420 3967 1551
f 2715 842 5421
f 2969 5421 842
f 2735 965 4230
f 3104 4230 965
f 1551 984 5422
f 3187 5422 984
f 5423 4129 978
f 3185 5423 4098
f 2115 854 3713
f 2744 5424 1553
f 4485 1086 5425
f 3712 5425 1086
f 2787 3790 393
f 2755 852 5426
f 3708 5426 852
f 3757 126 3718
f 4588 1554 4422
f 2788 4422 1554
f 3708 3745 4422
f 2778 320 4460
f 3715 4460 320
f 2754 4569 4423
f 2764 861 5427
f 3710 5427 861
f 3709 2779 864
f 3711 2742 1085
f 3710 3794 4426
f 2123 3766 210
f 3778 3717 4485
f 3717 3778 104
f 2776 4590 4421
f 2741 848 5428
f 1553 5428 4484
f 2744 1086 5429
f 3717 5429 1086
f 1858 4585 5431
f 4579 4485 5430
f 3760 4467 5431
f 3716 5431 4467
f 3713 3753 5430
f 1859 314 5432
f 3712 5432 314
f 2116 849 5433
f 3716 5433 849
f 2114 857 5434
f 3718 5434 857
f 3715 2788 1085
f 3711 3744 105
f 3765 389 5435
f 2780 3804 215
f 2777 863 5436
f 3714 5436 863
f 3714 3742 4388
f 2081 4328 440
f 1352 547 39
f 2122 4448 1090
f 3730 4312 194
f 1557 465 5437
f 2016 1106 2920
f 2920 4480 123
f 3907 2852 4394
f 4396 3908 465
f 4448 547 4392
f 1579 1108 3737
f 1593 461 5438
f 555 5438 461
f 1580 3735 3818
f 3738 1583 23
f 3736 5438 555
f 3820 3814 1558
f 2157 5439 740
f 5440 109 111
f 5440 111 5459
f 5441 5443 5490
f 5490 5443 154
f 1898 1559 667
f 2102 101 5442
f 2356 5442 3367
f 5443 5441 150
f 2165 5443 150
f 302 257 5444
f 1895 5444 2618
f 257 302 5445
f 110 107 5446
f 2166 5446 3259
f 2349 275 2103
f 2327 143 2100
f 5447 2347 11
f 2084 5447 11
f 5448 1870 10
f 2082 5448 10
f 5449 5126 276
f 2381 720 627
f 276 287 5449
f 5450 4816 140
f 5451 5476 286
f 271 5451 5452
f 140 155 5450
f 5452 4848 271
f 286 5452 5451
f 2353 144 5453
f 154 5453 144
f 1882 1564 3658
f 720 1560 1872
f 738 5458 5454
f 1876 5454 5458
f 5455 5464 147
f 2100 5455 3653
f 2284 288 5456
f 676 1563 5457
f 1889 5457 3655
f 265 5460 285
f 2351 108 5458
f 2104 5458 108
f 288 249 5456
f 2155 154 144
f 1887 676 5467
f 5460 5049 260
f 285 5460 260
f 5461 3659 1565
f 1894 5461 1565
f 2352 738 629
f 2342 731 5462
f 628 5462 1564
f 5463 4813 101
f 2102 5463 101
f 626 844 675
f 2296 4939 107
f 110 2296 107
f 2154 156 5464
f 147 5464 156
f 5465 311 265
f 285 5465 265
f 548 736 5466
f 736 1561 5466
f 1870 5466 1561
f 5457 737 5467
f 737 1562 5467
f 1871 5467 1562
f 3706 5468 1
f 1566 3702 58
f 3731 3705 94
f 3705 473 5469
f 2033 163 2819
f 2814 66 328
f 5470 3725 55
f 5471 3907 657
f 4288 3724 228
f 799 1884 2616
f 1102 2799 201
f 5440 5459 2156
f 63 463 868
f 1877 2737 5472
f 2650 5472 2737
f 4482 866 1575
f 2784 2925 2825
f 5473 2922 1573
f 2110 5473 1573
f 4906 4951 469
f 5474 2923 1571
f 2811 5474 1571
f 2821 327 5475
f 1586 5475 2923
f 1098 4247 2739
f 4711 1616 3208
f 2070 1988 1094
f 3699 132 2812
f 295 2236 5476
f 286 5476 2236
f 145 2096 2034
f 1878 2160 1900
f 695 767 1880
f 4358 4490 5477
f 468 5477 4490
f 4370 639 4823
f 5478 5165 2159
f 2285 5478 2159
f 638 5096 5479
f 4375 5479 5096
f 4443 549 1329
f 647 4832 5480
f 4264 5480 4832
f 55 3704 5470
f 4419 510 1361
f 2330 2501 5481
f 2603 5481 2501
f 2823 2011 65
f 1023 1667 4776
f 1652 4704 1057
f 1010 1812 5290
f 873 915 5482
f 2926 5482 915
f 1989 2458 280
f 3600 1063 5483
f 5129 5483 1063
f 1834 4968 5484
f 4715 5484 4968
f 2816 133 3703
f 5485 629 765
f 2746 2926 1588
f 5037 1406 4504
f 4495 4841 4487
f 40 5471 657
f 4409 383 5486
f 2 5486 2069
f 71 1589 5487
f 1577 5487 2925
f 1878 1900 817
f 5488 4324 904
f 2864 5488 4309
f 3609 904 5489
f 2837 5489 4324
f 2155 2158 5490
f 5441 5490 2158
f 390 3753 1403
f 2618 2363 5491
f 2354 5491 2363
f 2069 283 3
f 216 1411 4523
f 2461 160 3901
f 2161 820 2153
f 1953 2852 5492
f 898 5492 1296
f 2759 319 5493
f 3843 5493 319
f 2479 113 3884
f 4287 890 2777
f 4940 706 5494
f 771 5494 706
f 303 312 5495
f 2593 5495 273
