# File exported by Houdini 20.5.613 (www.sidefx.com)
# 4000 points
# 23400 vertices
# 7800 primitives
# Bounds: [-2.62220669, -2.62220645, -2.95646] to [2.62220669, 2.62220693, 2.95646]
g 
v 0.0249546766 0 2.95646 0.97647059 1 0.827450991
v 0.0515756607 -0.425478429 2.93314767 0.97647059 1 0.827450991
v 0.130388737 -0.839282632 2.8635776 0.97647059 1 0.827450991
v 0.258282185 -1.23013878 2.74884701 0.97647059 1 0.827450991
v 0.430193186 -1.58755863 2.59076548 0.97647059 1 0.827450991
v 0.639289558 -1.90219927 2.39182663 0.97647059 1 0.827450991
v 0.87721628 -2.16617918 2.15516639 0.97647059 1 0.827450991
v 1.13439202 -2.37334657 1.88451815 0.97647059 1 0.827450991
v 1.40035594 -2.51948214 1.58415031 0.97647059 1 0.827450991
v 1.66414309 -2.60243988 1.25879931 0.97647059 1 0.827450991
v 1.91467643 -2.62220645 0.913596332 0.97647059 1 0.827450991
v 2.14117122 -2.58089471 0.553984761 0.97647059 1 0.827450991
v 2.33351803 -2.48265505 0.185637251 0.97647059 1 0.827450991
v 2.48265505 -2.33351779 -0.185637861 0.97647059 1 0.827450991
v 2.58089495 -2.1411705 -0.553985715 0.97647059 1 0.827450991
v 2.62220669 -1.91467643 -0.913596213 0.97647059 1 0.827450991
v 2.60243964 -1.66414213 -1.25879967 0.97647059 1 0.827450991
v 2.51948237 -1.40035534 -1.58415103 0.97647059 1 0.827450991
v 2.37334585 -1.13439119 -1.8845191 0.97647059 1 0.827450991
v 2.16617918 -0.877216041 -2.15516663 0.97647059 1 0.827450991
v 1.90219927 -0.639289379 -2.39182687 0.97647059 1 0.827450991
v 1.58755815 -0.430192828 -2.59076571 0.97647059 1 0.827450991
v 1.2301383 -0.258281946 -2.74884748 0.97647059 1 0.827450991
v 0.839281976 -0.130388379 -2.86357784 0.97647059 1 0.827450991
v 0.425477535 -0.0515753031 -2.93314767 0.97647059 1 0.827450991
v -9.53654151e-08 -0.0249546766 -2.95646 0.97647059 1 0.827450991
v -0.425478727 -0.0515756607 -2.93314767 0.97647059 1 0.827450991
v -0.83928299 -0.130388856 -2.86357713 0.97647059 1 0.827450991
v -1.23013914 -0.258282423 -2.74884653 0.97647059 1 0.827450991
v -1.58755922 -0.430193424 -2.59076524 0.97647059 1 0.827450991
v -1.90219951 -0.639290214 -2.39182615 0.97647059 1 0.827450991
v -2.16617942 -0.877216756 -2.15516615 0.97647059 1 0.827450991
v -2.37334657 -1.13439262 -1.88451803 0.97647059 1 0.827450991
v -2.51948237 -1.40035677 -1.58414984 0.97647059 1 0.827450991
v -2.60243964 -1.66414368 -1.2587986 0.97647059 1 0.827450991
v -2.62220621 -1.9146775 -0.913595378 0.97647059 1 0.827450991
v -2.58089495 -2.14117193 -0.553984225 0.97647059 1 0.827450991
v -2.48265409 -2.33351874 -0.185636297 0.97647059 1 0.827450991
v -2.33351755 -2.48265505 0.185637772 0.97647059 1 0.827450991
v -2.1411705 -2.58089495 0.553985596 0.97647059 1 0.827450991
v -1.91467619 -2.62220645 0.913596749 0.97647059 1 0.827450991
v -1.66414225 -2.60243988 1.25880003 0.97647059 1 0.827450991
v -1.40035522 -2.5194819 1.58415103 0.97647059 1 0.827450991
v -1.13439119 -2.37334585 1.88451922 0.97647059 1 0.827450991
v -0.877215385 -2.16617846 2.15516734 0.97647059 1 0.827450991
v -0.639288962 -1.90219808 2.39182711 0.97647059 1 0.827450991
v -0.430192471 -1.58755732 2.59076619 0.97647059 1 0.827450991
v -0.258281589 -1.23013711 2.74884748 0.97647059 1 0.827450991
v -0.13038826 -0.839280903 2.86357784 0.97647059 1 0.827450991
v -0.0515756607 -0.425478458 2.93314767 0.97647059 1 0.827450991
v -0.0249546766 2.19214627e-07 2.95646 0.97647059 1 0.827450991
v -0.0515756607 0.425478876 2.93314767 0.97647059 1 0.827450991
v -0.130388856 0.839283109 2.86357713 0.97647059 1 0.827450991
v -0.258282423 1.23013926 2.74884653 0.97647059 1 0.827450991
v -0.430193305 1.58755922 2.59076476 0.97647059 1 0.827450991
v -0.639290094 1.90219975 2.39182544 0.97647059 1 0.827450991
v -0.877216518 2.1661799 2.15516543 0.97647059 1 0.827450991
v -1.1343925 2.37334681 1.88451695 0.97647059 1 0.827450991
v -1.40035737 2.51948285 1.58414876 0.97647059 1 0.827450991
v -1.66414356 2.60243964 1.25879872 0.97647059 1 0.827450991
v -1.91467762 2.62220669 0.913595498 0.97647059 1 0.827450991
v -2.14117169 2.58089447 0.553984225 0.97647059 1 0.827450991
v -2.33351898 2.48265457 0.185636356 0.97647059 1 0.827450991
v -2.48265505 2.33351803 -0.185637712 0.97647059 1 0.827450991
v -2.58089542 2.14116931 -0.553986967 0.97647059 1 0.827450991
v -2.62220669 1.91467488 -0.913598061 0.97647059 1 0.827450991
v -2.60243869 1.6641407 -1.25880098 0.97647059 1 0.827450991
v -2.51948142 1.40035391 -1.58415222 0.97647059 1 0.827450991
v -2.3733449 1.13438988 -1.88452029 0.97647059 1 0.827450991
v -2.16617727 0.877214134 -2.15516806 0.97647059 1 0.827450991
v -1.90219748 0.639288366 -2.39182734 0.97647059 1 0.827450991
v -1.587556 0.430191398 -2.59076715 0.97647059 1 0.827450991
v -1.23013651 0.258280993 -2.74884796 0.97647059 1 0.827450991
v -0.83927995 0.130388021 -2.86357784 0.97647059 1 0.827450991
v -0.425475448 0.0515751839 -2.93314767 0.97647059 1 0.827450991
v -9.53654151e-08 0.0249546766 -2.95646 0.97647059 1 0.827450991
v 0.425478518 0.0515756607 -2.93314767 0.97647059 1 0.827450991
v 0.83928299 0.130388737 -2.8635776 0.97647059 1 0.827450991
v 1.23013902 0.258282423 -2.74884701 0.97647059 1 0.827450991
v 1.58755946 0.430193543 -2.59076524 0.97647059 1 0.827450991
v 1.90219975 0.639290094 -2.39182615 0.97647059 1 0.827450991
v 2.16617966 0.877216637 -2.15516615 0.97647059 1 0.827450991
v 2.37334681 1.13439262 -1.88451803 0.97647059 1 0.827450991
v 2.51948285 1.40035689 -1.58414972 0.97647059 1 0.827450991
v 2.60243964 1.66414356 -1.25879848 0.97647059 1 0.827450991
v 2.62220645 1.91467738 -0.913594842 0.97647059 1 0.827450991
v 2.58089447 2.14117193 -0.553983271 0.97647059 1 0.827450991
v 2.48265433 2.33351898 -0.185635388 0.97647059 1 0.827450991
v 2.3335166 2.48265529 0.185639679 0.97647059 1 0.827450991
v 2.14116931 2.58089542 0.553987861 0.97647059 1 0.827450991
v 1.91467476 2.62220693 0.913599014 0.97647059 1 0.827450991
v 1.66414094 2.60243917 1.2588017 0.97647059 1 0.827450991
v 1.40035403 2.51948142 1.58415282 0.97647059 1 0.827450991
v 1.13439012 2.37334514 1.88452053 0.97647059 1 0.827450991
v 0.877214253 2.16617727 2.15516853 0.97647059 1 0.827450991
v 0.639287829 1.90219665 2.39182806 0.97647059 1 0.827450991
v 0.430191398 1.58755553 2.59076715 0.97647059 1 0.827450991
v 0.258281827 1.2301383 2.74884748 0.97647059 1 0.827450991
v 0.130388379 0.839281917 2.86357784 0.97647059 1 0.827450991
v 0.0515753031 0.425477505 2.93314767 0.97647059 1 0.827450991
v 0.378793955 0 2.24087048 0.97647059 1 0.827450991
v 0.395645618 -0.303516805 2.2232008 0.97647059 1 0.827450991
v 0.445510983 -0.599240184 2.17046976 0.97647059 1 0.827450991
v 0.526345134 -0.879641116 2.08350825 0.97647059 1 0.827450991
v 0.634820998 -1.13771033 1.96368933 0.97647059 1 0.827450991
v 0.76644963 -1.36719465 1.81290245 0.97647059 1 0.827450991
v 0.915742993 -1.56280661 1.6335243 0.97647059 1 0.827450991
v 1.07640934 -1.72040272 1.4283843 0.97647059 1 0.827450991
v 1.24158072 -1.837116 1.20071805 0.97647059 1 0.827450991
v 1.40406263 -1.91145062 0.954116046 0.97647059 1 0.827450991
v 1.55659139 -1.94332027 0.692467034 0.97647059 1 0.827450991
v 1.69210029 -1.93404484 0.41989696 0.97647059 1 0.827450991
v 1.80397391 -1.88629198 0.140705079 0.97647059 1 0.827450991
v 1.88629198 -1.80397391 -0.140705541 0.97647059 1 0.827450991
v 1.93404508 -1.69210017 -0.419897527 0.97647059 1 0.827450991
v 1.94332051 -1.55659139 -0.692466915 0.97647059 1 0.827450991
v 1.91145051 -1.40406215 -0.954116404 0.97647059 1 0.827450991
v 1.83711624 -1.24158037 -1.20071876 0.97647059 1 0.827450991
v 1.72040236 -1.07640886 -1.42838502 0.97647059 1 0.827450991
v 1.56280661 -0.915742993 -1.6335243 0.97647059 1 0.827450991
v 1.36719465 -0.766449571 -1.81290269 0.97647059 1 0.827450991
v 1.13770986 -0.634820759 -1.96368945 0.97647059 1 0.827450991
v 0.879640698 -0.526344955 -2.08350873 0.97647059 1 0.827450991
v 0.599239588 -0.445510983 -2.17046952 0.97647059 1 0.827450991
v 0.30351609 -0.395645618 -2.22320056 0.97647059 1 0.827450991
v -7.87678474e-08 -0.378793955 -2.24087048 0.97647059 1 0.827450991
v -0.303517014 -0.395645618 -2.2232008 0.97647059 1 0.827450991
v -0.599240303 -0.445511222 -2.17046881 0.97647059 1 0.827450991
v -0.879641354 -0.526345193 -2.08350801 0.97647059 1 0.827450991
v -1.13771057 -0.634820998 -1.96368897 0.97647059 1 0.827450991
v -1.36719453 -0.766450107 -1.81290185 0.97647059 1 0.827450991
v -1.56280661 -0.915743589 -1.6335237 0.97647059 1 0.827450991
v -1.72040284 -1.07640982 -1.42838418 0.97647059 1 0.827450991
v -1.83711648 -1.24158132 -1.20071793 0.97647059 1 0.827450991
v -1.91145086 -1.40406311 -0.954115629 0.97647059 1 0.827450991
v -1.94332075 -1.55659223 -0.692466378 0.97647059 1 0.827450991
v -1.93404496 -1.69210088 -0.419896334 0.97647059 1 0.827450991
v -1.8862915 -1.80397439 -0.140704364 0.97647059 1 0.827450991
v -1.80397379 -1.88629198 0.140705481 0.97647059 1 0.827450991
v -1.69210017 -1.93404508 0.419897437 0.97647059 1 0.827450991
v -1.55659127 -1.94332051 0.692467332 0.97647059 1 0.827450991
v -1.40406239 -1.91145098 0.954116702 0.97647059 1 0.827450991
v -1.24158037 -1.83711612 1.20071888 0.97647059 1 0.827450991
v -1.07640886 -1.72040224 1.42838514 0.97647059 1 0.827450991
v -0.915742636 -1.56280613 1.63352478 0.97647059 1 0.827450991
v -0.766449332 -1.3671937 1.81290281 0.97647059 1 0.827450991
v -0.634820282 -1.13770938 1.96369028 0.97647059 1 0.827450991
v -0.526344597 -0.879640102 2.08350897 0.97647059 1 0.827450991
v -0.445510864 -0.599238873 2.17046976 0.97647059 1 0.827450991
v -0.395645738 -0.303516716 2.22320056 0.97647059 1 0.827450991
v -0.378793955 1.99365886e-07 2.24087048 0.97647059 1 0.827450991
v -0.395645618 0.303517163 2.2232008 0.97647059 1 0.827450991
v -0.445511222 0.599240422 2.17046881 0.97647059 1 0.827450991
v -0.526345193 0.879641533 2.08350778 0.97647059 1 0.827450991
v -0.634820998 1.13771069 1.96368873 0.97647059 1 0.827450991
v -0.766449988 1.36719477 1.81290114 0.97647059 1 0.827450991
v -0.915743351 1.56280696 1.63352299 0.97647059 1 0.827450991
v -1.07640958 1.72040319 1.42838335 0.97647059 1 0.827450991
v -1.24158168 1.83711672 1.20071709 0.97647059 1 0.827450991
v -1.40406299 1.91145086 0.954115689 0.97647059 1 0.827450991
v -1.55659211 1.94332075 0.692466438 0.97647059 1 0.827450991
v -1.69210076 1.93404484 0.419896424 0.97647059 1 0.827450991
v -1.80397463 1.88629186 0.140704438 0.97647059 1 0.827450991
v -1.88629222 1.80397415 -0.140705451 0.97647059 1 0.827450991
v -1.93404531 1.69209957 -0.41989845 0.97647059 1 0.827450991
v -1.94332051 1.55659044 -0.692468345 0.97647059 1 0.827450991
v -1.91145015 1.4040612 -0.954117358 0.97647059 1 0.827450991
v -1.83711553 1.24157941 -1.20071959 0.97647059 1 0.827450991
v -1.72040176 1.07640803 -1.42838597 0.97647059 1 0.827450991
v -1.56280589 0.915742397 -1.63352525 0.97647059 1 0.827450991
v -1.3671931 0.766448975 -1.81290269 0.97647059 1 0.827450991
v -1.13770831 0.634819806 -1.96369076 0.97647059 1 0.827450991
v -0.879639506 0.526344478 -2.08350921 0.97647059 1 0.827450991
v -0.599238217 0.445510626 -2.17046976 0.97647059 1 0.827450991
v -0.303514659 0.39564538 -2.2232008 0.97647059 1 0.827450991
v -7.87678474e-08 0.378793955 -2.24087048 0.97647059 1 0.827450991
v 0.303516835 0.395645618 -2.2232008 0.97647059 1 0.827450991
v 0.599240363 0.445511103 -2.17046976 0.97647059 1 0.827450991
v 0.879641414 0.526345193 -2.08350801 0.97647059 1 0.827450991
v 1.13771081 0.634821177 -1.96368897 0.97647059 1 0.827450991
v 1.36719489 0.766450107 -1.81290209 0.97647059 1 0.827450991
v 1.56280673 0.91574347 -1.6335237 0.97647059 1 0.827450991
v 1.72040331 1.0764097 -1.42838418 0.97647059 1 0.827450991
v 1.83711648 1.24158132 -1.20071781 0.97647059 1 0.827450991
v 1.91145062 1.40406287 -0.954115272 0.97647059 1 0.827450991
v 1.94332051 1.55659199 -0.692465901 0.97647059 1 0.827450991
v 1.93404496 1.692101 -0.419895679 0.97647059 1 0.827450991
v 1.88629198 1.80397463 -0.140703976 0.97647059 1 0.827450991
v 1.80397367 1.8862927 0.140706971 0.97647059 1 0.827450991
v 1.69209933 1.93404531 0.419899166 0.97647059 1 0.827450991
v 1.55659068 1.94332075 0.692468822 0.97647059 1 0.827450991
v 1.40406144 1.91145039 0.954117954 0.97647059 1 0.827450991
v 1.24157953 1.83711576 1.20072019 0.97647059 1 0.827450991
v 1.07640791 1.720402 1.42838633 0.97647059 1 0.827450991
v 0.91574192 1.56280506 1.63352537 0.97647059 1 0.827450991
v 0.766448557 1.36719239 1.81290329 0.97647059 1 0.827450991
v 0.634819686 1.13770807 1.96369088 0.97647059 1 0.827450991
v 0.526344895 0.879640698 2.08350873 0.97647059 1 0.827450991
v 0.445510983 0.599239528 2.17046952 0.97647059 1 0.827450991
v 0.395645618 0.30351606 2.22320056 0.97647059 1 0.827450991
v 0.565403998 0 1.69848442 0.97647059 1 0.827450991
v 0.575901806 -0.220092595 1.68509138 0.97647059 1 0.827450991
v 0.606942236 -0.43496424 1.64512336 0.97647059 1 0.827450991
v 0.65718329 -0.639568925 1.57921052 0.97647059 1 0.827450991
v 0.724441826 -0.829203784 1.48839283 0.97647059 1 0.827450991
v 0.805772781 -0.999666572 1.37410283 0.97647059 1 0.827450991
v 0.897576213 -1.14739299 1.23814189 0.97647059 1 0.827450991
v 0.995727003 -1.26957464 1.08265424 0.97647059 1 0.827450991
v 1.09572446 -1.36424899 0.910093367 0.97647059 1 0.827450991
v 1.19285595 -1.43035817 0.72317934 0.97647059 1 0.827450991
v 1.28236842 -1.46777809 0.524860382 0.97647059 1 0.827450991
v 1.35964274 -1.47731602 0.318264276 0.97647059 1 0.827450991
v 1.4203614 -1.46066904 0.10664846 0.97647059 1 0.827450991
v 1.46066904 -1.42036128 -0.10664881 0.97647059 1 0.827450991
v 1.47731578 -1.35964251 -0.318264186 0.97647059 1 0.827450991
v 1.46777821 -1.28236842 -0.524860382 0.97647059 1 0.827450991
v 1.43035769 -1.1928556 -0.72317946 0.97647059 1 0.827450991
v 1.36424899 -1.09572411 -0.910093665 0.97647059 1 0.827450991
v 1.2695744 -0.995726764 -1.08265483 0.97647059 1 0.827450991
v 1.14739275 -0.897576213 -1.23814154 0.97647059 1 0.827450991
v 0.999666452 -0.805772662 -1.37410283 0.97647059 1 0.827450991
v 0.829203606 -0.724441648 -1.48839295 0.97647059 1 0.827450991
v 0.639568686 -0.657183111 -1.579211 0.97647059 1 0.827450991
v 0.434963882 -0.606942177 -1.64512348 0.97647059 1 0.827450991
v 0.220092088 -0.575901687 -1.68509138 0.97647059 1 0.827450991
v -6.57661019e-08 -0.565403998 -1.69848442 0.97647059 1 0.827450991
v -0.220092729 -0.575901806 -1.68509126 0.97647059 1 0.827450991
v -0.434964389 -0.606942236 -1.645123 0.97647059 1 0.827450991
v -0.639569044 -0.657183349 -1.5792104 0.97647059 1 0.827450991
v -0.829204142 -0.724441826 -1.48839271 0.97647059 1 0.827450991
v -0.999666572 -0.80577302 -1.37410235 0.97647059 1 0.827450991
v -1.14739299 -0.897576571 -1.23814142 0.97647059 1 0.827450991
v -1.26957476 -0.995727241 -1.08265424 0.97647059 1 0.827450991
v -1.36424923 -1.0957247 -0.910093069 0.97647059 1 0.827450991
v -1.43035817 -1.19285631 -0.723179042 0.97647059 1 0.827450991
v -1.46777821 -1.2823689 -0.524859846 0.97647059 1 0.827450991
v -1.4773159 -1.35964322 -0.318263561 0.97647059 1 0.827450991
v -1.4606688 -1.42036164 -0.106647916 0.97647059 1 0.827450991
v -1.42036128 -1.46066904 0.106648758 0.97647059 1 0.827450991
v -1.35964262 -1.47731566 0.318264335 0.97647059 1 0.827450991
v -1.28236842 -1.46777844 0.52486074 0.97647059 1 0.827450991
v -1.19285572 -1.43035793 0.723179758 0.97647059 1 0.827450991
v -1.09572411 -1.36424851 0.910093606 0.97647059 1 0.827450991
v -0.995726764 -1.26957428 1.08265495 0.97647059 1 0.827450991
v -0.897575974 -1.14739251 1.23814225 0.97647059 1 0.827450991
v -0.805772543 -0.999665797 1.37410295 0.97647059 1 0.827450991
v -0.72444135 -0.829203248 1.48839355 0.97647059 1 0.827450991
v -0.657182872 -0.63956815 1.57921124 0.97647059 1 0.827450991
v -0.606941998 -0.434963346 1.6451236 0.97647059 1 0.827450991
v -0.575901806 -0.22009255 1.68509138 0.97647059 1 0.827450991
v -0.565403998 1.79188987e-07 1.69848442 0.97647059 1 0.827450991
v -0.575901806 0.220092863 1.68509126 0.97647059 1 0.827450991
v -0.606942236 0.434964478 1.64512289 0.97647059 1 0.827450991
v -0.657183349 0.639569223 1.57921028 0.97647059 1 0.827450991
v -0.724441767 0.829204202 1.48839247 0.97647059 1 0.827450991
v -0.805772901 0.999667048 1.37410212 0.97647059 1 0.827450991
v -0.897576451 1.14739347 1.23814118 0.97647059 1 0.827450991
v -0.995727301 1.26957536 1.08265376 0.97647059 1 0.827450991
v -1.09572494 1.36424923 0.910092294 0.97647059 1 0.827450991
v -1.19285631 1.43035817 0.723179102 0.97647059 1 0.827450991
v -1.2823689 1.46777844 0.524860024 0.97647059 1 0.827450991
v -1.35964322 1.4773159 0.31826362 0.97647059 1 0.827450991
v -1.420362 1.46066928 0.106647976 0.97647059 1 0.827450991
v -1.4606694 1.42036104 -0.106649533 0.97647059 1 0.827450991
v -1.47731578 1.35964215 -0.31826508 0.97647059 1 0.827450991
v -1.46777833 1.28236806 -0.524861515 0.97647059 1 0.827450991
v -1.43035746 1.192855 -0.723180354 0.97647059 1 0.827450991
v -1.36424828 1.09572351 -0.910094321 0.97647059 1 0.827450991
v -1.26957405 0.995726287 -1.08265579 0.97647059 1 0.827450991
v -1.14739203 0.897575498 -1.23814273 0.97647059 1 0.827450991
v -0.999665499 0.805772305 -1.37410307 0.97647059 1 0.827450991
v -0.829202652 0.724440992 -1.48839426 0.97647059 1 0.827450991
v -0.639567316 0.657182634 -1.57921147 0.97647059 1 0.827450991
v -0.434962928 0.606941879 -1.64512372 0.97647059 1 0.827450991
v -0.220091075 0.575901568 -1.6850915 0.97647059 1 0.827450991
v -6.57661019e-08 0.565403998 -1.69848442 0.97647059 1 0.827450991
v 0.220092595 0.575901806 -1.68509138 0.97647059 1 0.827450991
v 0.434964448 0.606942236 -1.6451236 0.97647059 1 0.827450991
v 0.639569104 0.657183349 -1.5792104 0.97647059 1 0.827450991
v 0.829204321 0.724441886 -1.48839271 0.97647059 1 0.827450991
v 0.99966681 0.805773139 -1.37410212 0.97647059 1 0.827450991
v 1.14739299 0.897576511 -1.23814142 0.97647059 1 0.827450991
v 1.26957524 0.995727479 -1.082654 0.97647059 1 0.827450991
v 1.36424923 1.0957247 -0.91009295 0.97647059 1 0.827450991
v 1.43035817 1.19285619 -0.723178923 0.97647059 1 0.827450991
v 1.46777856 1.2823689 -0.524859667 0.97647059 1 0.827450991
v 1.47731602 1.3596431 -0.318263263 0.97647059 1 0.827450991
v 1.46066904 1.42036164 -0.106647395 0.97647059 1 0.827450991
v 1.42036128 1.46066952 0.106649898 0.97647059 1 0.827450991
v 1.35964227 1.47731566 0.318265617 0.97647059 1 0.827450991
v 1.28236806 1.46777821 0.524861813 0.97647059 1 0.827450991
v 1.19285524 1.43035769 0.723180771 0.97647059 1 0.827450991
v 1.09572363 1.36424828 0.910094619 0.97647059 1 0.827450991
v 0.995726287 1.26957393 1.08265591 0.97647059 1 0.827450991
v 0.897575498 1.14739203 1.23814297 0.97647059 1 0.827450991
v 0.805772066 0.999664903 1.37410355 0.97647059 1 0.827450991
v 0.724440992 0.829202294 1.48839414 0.97647059 1 0.827450991
v 0.657183051 0.639568627 1.579211 0.97647059 1 0.827450991
v 0.606942177 0.434963822 1.64512348 0.97647059 1 0.827450991
v 0.575901687 0.220092073 1.68509138 0.97647059 1 0.827450991
v 0.64772892 0 1.28737843 0.97647059 1 0.827450991
v 0.654114366 -0.16247946 1.27722728 0.97647059 1 0.827450991
v 0.672973633 -0.321445644 1.24693334 0.97647059 1 0.827450991
v 0.703427911 -0.473500967 1.19697416 0.97647059 1 0.827450991
v 0.744047165 -0.615475059 1.12813854 0.97647059 1 0.827450991
v 0.792902946 -0.744527936 1.04151118 0.97647059 1 0.827450991
v 0.847638428 -0.85824275 0.938458681 0.97647059 1 0.827450991
v 0.905554593 -0.954702139 0.820605993 0.97647059 1 0.827450991
v 0.963708758 -1.03254831 0.689811945 0.97647059 1 0.827450991
v 1.01902187 -1.09102249 0.548139215 0.97647059 1 0.827450991
v 1.06839228 -1.12998462 0.397821784 0.97647059 1 0.827450991
v 1.10881031 -1.14991069 0.241230592 0.97647059 1 0.827450991
v 1.1374681 -1.15186703 0.0808349773 0.97647059 1 0.827450991
v 1.15186715 -1.13746798 -0.080835402 0.97647059 1 0.827450991
v 1.14991069 -1.10881019 -0.241230711 0.97647059 1 0.827450991
v 1.12998474 -1.06839228 -0.397821754 0.97647059 1 0.827450991
v 1.09102249 -1.01902175 -0.548139274 0.97647059 1 0.827450991
v 1.03254819 -0.96370858 -0.689812124 0.97647059 1 0.827450991
v 0.954701781 -0.905554414 -0.820606112 0.97647059 1 0.827450991
v 0.858242631 -0.847638369 -0.938458502 0.97647059 1 0.827450991
v 0.744527936 -0.792902887 -1.0415113 0.97647059 1 0.827450991
v 0.615474939 -0.744047046 -1.12813854 0.97647059 1 0.827450991
v 0.473500848 -0.703427911 -1.19697452 0.97647059 1 0.827450991
v 0.321445405 -0.672973633 -1.24693334 0.97647059 1 0.827450991
v 0.162479103 -0.654114246 -1.27722728 0.97647059 1 0.827450991
v -5.54023245e-08 -0.64772892 -1.28737843 0.97647059 1 0.827450991
v -0.162479579 -0.654114366 -1.27722728 0.97647059 1 0.827450991
v -0.321445763 -0.672973752 -1.24693298 0.97647059 1 0.827450991
v -0.473501146 -0.70342803 -1.19697404 0.97647059 1 0.827450991
v -0.615475237 -0.744047165 -1.12813818 0.97647059 1 0.827450991
v -0.744528174 -0.792902946 -1.04151118 0.97647059 1 0.827450991
v -0.85824281 -0.847638488 -0.938458323 0.97647059 1 0.827450991
v -0.954702258 -0.905554831 -0.820605814 0.97647059 1 0.827450991
v -1.03254819 -0.963708818 -0.689811587 0.97647059 1 0.827450991
v -1.09102261 -1.01902211 -0.548138797 0.97647059 1 0.827450991
v -1.12998486 -1.06839275 -0.397821426 0.97647059 1 0.827450991
v -1.14991069 -1.10881042 -0.24123019 0.97647059 1 0.827450991
v -1.15186691 -1.1374681 -0.0808345675 0.97647059 1 0.827450991
v -1.13746798 -1.15186703 0.0808352083 0.97647059 1 0.827450991
v -1.10881019 -1.14991069 0.241230816 0.97647059 1 0.827450991
v -1.0683924 -1.12998486 0.397822052 0.97647059 1 0.827450991
v -1.01902187 -1.09102249 0.548139393 0.97647059 1 0.827450991
v -0.96370846 -1.03254795 0.689812124 0.97647059 1 0.827450991
v -0.905554414 -0.954701781 0.820606232 0.97647059 1 0.827450991
v -0.847638249 -0.858242512 0.938458979 0.97647059 1 0.827450991
v -0.792902827 -0.744527578 1.04151154 0.97647059 1 0.827450991
v -0.744047046 -0.615474463 1.12813854 0.97647059 1 0.827450991
v -0.703427792 -0.47350046 1.19697464 0.97647059 1 0.827450991
v -0.672973514 -0.321444929 1.24693322 0.97647059 1 0.827450991
v -0.654114366 -0.162479416 1.27722728 0.97647059 1 0.827450991
v -0.64772892 1.59711519e-07 1.28737843 0.97647059 1 0.827450991
v -0.654114366 0.162479699 1.27722728 0.97647059 1 0.827450991
v -0.672973752 0.321445882 1.24693286 0.97647059 1 0.827450991
v -0.70342803 0.473501384 1.19697416 0.97647059 1 0.827450991
v -0.744047165 0.615475297 1.12813795 0.97647059 1 0.827450991
v -0.792902946 0.744528294 1.04151058 0.97647059 1 0.827450991
v -0.847638488 0.858243048 0.938457966 0.97647059 1 0.827450991
v -0.905554712 0.954702497 0.820605338 0.97647059 1 0.827450991
v -0.963708997 1.03254843 0.68981111 0.97647059 1 0.827450991
v -1.01902199 1.09102237 0.548138738 0.97647059 1 0.827450991
v -1.06839263 1.12998486 0.397821486 0.97647059 1 0.827450991
v -1.10881042 1.14991069 0.24123022 0.97647059 1 0.827450991
v -1.13746834 1.15186715 0.0808346123 0.97647059 1 0.827450991
v -1.15186715 1.13746786 -0.0808357969 0.97647059 1 0.827450991
v -1.14991045 1.10880983 -0.241231352 0.97647059 1 0.827450991
v -1.12998462 1.06839216 -0.397822618 0.97647059 1 0.827450991
v -1.09102201 1.01902139 -0.548139811 0.97647059 1 0.827450991
v -1.03254783 0.963708282 -0.689812779 0.97647059 1 0.827450991
v -0.954701602 0.905554175 -0.820606828 0.97647059 1 0.827450991
v -0.858242095 0.847637951 -0.938459337 0.97647059 1 0.827450991
v -0.744526982 0.79290235 -1.04151165 0.97647059 1 0.827450991
v -0.615473986 0.744046807 -1.12813914 0.97647059 1 0.827450991
v -0.473500073 0.703427792 -1.19697452 0.97647059 1 0.827450991
v -0.321444601 0.672973394 -1.24693334 0.97647059 1 0.827450991
v -0.162478328 0.654114127 -1.27722716 0.97647059 1 0.827450991
v -5.54023245e-08 0.64772892 -1.28737843 0.97647059 1 0.827450991
v 0.16247946 0.654114366 -1.27722728 0.97647059 1 0.827450991
v 0.321445763 0.672973752 -1.24693334 0.97647059 1 0.827450991
v 0.473501205 0.70342803 -1.19697404 0.97647059 1 0.827450991
v 0.615475118 0.744047165 -1.1281383 0.97647059 1 0.827450991
v 0.744528174 0.792902946 -1.04151106 0.97647059 1 0.827450991
v 0.858242989 0.847638607 -0.938458085 0.97647059 1 0.827450991
v 0.954702377 0.905554831 -0.820605755 0.97647059 1 0.827450991
v 1.03254843 0.963708937 -0.689811587 0.97647059 1 0.827450991
v 1.09102261 1.01902211 -0.548138738 0.97647059 1 0.827450991
v 1.12998497 1.06839252 -0.397821218 0.97647059 1 0.827450991
v 1.14991081 1.10881031 -0.241229951 0.97647059 1 0.827450991
v 1.15186703 1.1374681 -0.0808341727 0.97647059 1 0.827450991
v 1.1374681 1.15186727 0.0808360651 0.97647059 1 0.827450991
v 1.10880995 1.14991057 0.241231799 0.97647059 1 0.827450991
v 1.06839216 1.12998462 0.397822857 0.97647059 1 0.827450991
v 1.01902151 1.09102213 0.548140168 0.97647059 1 0.827450991
v 0.963708282 1.03254771 0.689813018 0.97647059 1 0.827450991
v 0.905554175 0.954701543 0.820606947 0.97647059 1 0.827450991
v 0.847637951 0.858241975 0.938459575 0.97647059 1 0.827450991
v 0.79290235 0.744526863 1.04151177 0.97647059 1 0.827450991
v 0.744046807 0.615473866 1.12813914 0.97647059 1 0.827450991
v 0.703427911 0.473500818 1.19697452 0.97647059 1 0.827450991
v 0.672973633 0.321445346 1.24693334 0.97647059 1 0.827450991
v 0.654114246 0.162479088 1.27722728 0.97647059 1 0.827450991
v 0.666518807 0 0.975778043 0.97647059 1 0.827450991
v 0.670260549 -0.122230262 0.96808362 0.97647059 1 0.827450991
v 0.681292117 -0.242082939 0.945122182 0.97647059 1 0.827450991
v 0.699038625 -0.357256979 0.907255292 0.97647059 1 0.827450991
v 0.722566068 -0.465601742 0.855080664 0.97647059 1 0.827450991
v 0.750614643 -0.565185428 0.789421022 0.97647059 1 0.827450991
v 0.781645775 -0.654356182 0.711311579 0.97647059 1 0.827450991
v 0.813898504 -0.731792927 0.621984184 0.97647059 1 0.827450991
v 0.845454335 -0.796545386 0.52284795 0.97647059 1 0.827450991
v 0.874308825 -0.84806025 0.41546604 0.97647059 1 0.827450991
v 0.898444891 -0.886193633 0.301531971 0.97647059 1 0.827450991
v 0.915909827 -0.911210597 0.182842463 0.97647059 1 0.827450991
v 0.924887657 -0.923768461 0.0612694658 0.97647059 1 0.827450991
v 0.923768461 -0.924887717 -0.0612696707 0.97647059 1 0.827450991
v 0.911210537 -0.915909827 -0.182842657 0.97647059 1 0.827450991
v 0.886193633 -0.898444891 -0.301531941 0.97647059 1 0.827450991
v 0.848059952 -0.874308527 -0.4154661 0.97647059 1 0.827450991
v 0.796545267 -0.845454216 -0.52284807 0.97647059 1 0.827450991
v 0.731792748 -0.813898385 -0.621984422 0.97647059 1 0.827450991
v 0.654356182 -0.781645775 -0.711311579 0.97647059 1 0.827450991
v 0.565185428 -0.750614643 -0.789421082 0.97647059 1 0.827450991
v 0.465601623 -0.722566009 -0.855080724 0.97647059 1 0.827450991
v 0.357256889 -0.699038684 -0.90725553 0.97647059 1 0.827450991
v 0.242082745 -0.681292057 -0.945122242 0.97647059 1 0.827450991
v 0.122229986 -0.670260549 -0.96808362 0.97647059 1 0.827450991
v -4.70101718e-08 -0.666518807 -0.975778043 0.97647059 1 0.827450991
v -0.122230366 -0.670260549 -0.96808368 0.97647059 1 0.827450991
v -0.242083073 -0.681292057 -0.945122004 0.97647059 1 0.827450991
v -0.357257187 -0.699038684 -0.907255232 0.97647059 1 0.827450991
v -0.465601951 -0.722566068 -0.855080545 0.97647059 1 0.827450991
v -0.565185547 -0.750614703 -0.789420903 0.97647059 1 0.827450991
v -0.654356182 -0.781645775 -0.711311281 0.97647059 1 0.827450991
v -0.731793046 -0.813898623 -0.621984184 0.97647059 1 0.827450991
v -0.796545386 -0.845454395 -0.522847712 0.97647059 1 0.827450991
v -0.848060131 -0.874308765 -0.415465772 0.97647059 1 0.827450991
v -0.886193633 -0.898444951 -0.301531613 0.97647059 1 0.827450991
v -0.911210775 -0.915910006 -0.18284218 0.97647059 1 0.827450991
v -0.923768342 -0.924887657 -0.0612691455 0.97647059 1 0.827450991
v -0.924887657 -0.923768461 0.0612696409 0.97647059 1 0.827450991
v -0.915909827 -0.911210537 0.182842642 0.97647059 1 0.827450991
v -0.898444831 -0.886193514 0.30153209 0.97647059 1 0.827450991
v -0.874308646 -0.848060071 0.415466249 0.97647059 1 0.827450991
v -0.845454216 -0.796545148 0.522848129 0.97647059 1 0.827450991
v -0.813898385 -0.731792688 0.621984482 0.97647059 1 0.827450991
v -0.781645656 -0.654355884 0.711311698 0.97647059 1 0.827450991
v -0.750614583 -0.56518507 0.789421141 0.97647059 1 0.827450991
v -0.722566009 -0.465601355 0.855080903 0.97647059 1 0.827450991
v -0.699038565 -0.357256532 0.90725553 0.97647059 1 0.827450991
v -0.681292057 -0.242082462 0.945122302 0.97647059 1 0.827450991
v -0.670260549 -0.122230217 0.96808362 0.97647059 1 0.827450991
v -0.666518807 1.41493047e-07 0.975778043 0.97647059 1 0.827450991
v -0.670260549 0.122230463 0.96808368 0.97647059 1 0.827450991
v -0.681292057 0.242083192 0.945122063 0.97647059 1 0.827450991
v -0.699038684 0.357257277 0.907255173 0.97647059 1 0.827450991
v -0.722566068 0.46560204 0.855080426 0.97647059 1 0.827450991
v -0.750614643 0.565185726 0.789420605 0.97647059 1 0.827450991
v -0.781645715 0.65435636 0.711310983 0.97647059 1 0.827450991
v -0.813898504 0.731793225 0.621983707 0.97647059 1 0.827450991
v -0.845454454 0.796545506 0.522847295 0.97647059 1 0.827450991
v -0.874308765 0.848060131 0.415465802 0.97647059 1 0.827450991
v -0.89844501 0.886193752 0.301531732 0.97647059 1 0.827450991
v -0.915910006 0.911210656 0.18284221 0.97647059 1 0.827450991
v -0.924887776 0.923768461 0.0612691753 0.97647059 1 0.827450991
v -0.92376852 0.924887657 -0.0612696186 0.97647059 1 0.827450991
v -0.911210418 0.915909588 -0.182843044 0.97647059 1 0.827450991
v -0.886193395 0.898444653 -0.301532507 0.97647059 1 0.827450991
v -0.848059773 0.874308407 -0.415466607 0.97647059 1 0.827450991
v -0.796545029 0.845454037 -0.522848547 0.97647059 1 0.827450991
v -0.73179245 0.813898206 -0.621984839 0.97647059 1 0.827450991
v -0.654355526 0.781645417 -0.711311996 0.97647059 1 0.827450991
v -0.565184832 0.750614405 -0.789421201 0.97647059 1 0.827450991
v -0.465600997 0.722565889 -0.85508126 0.97647059 1 0.827450991
v -0.357256114 0.699038506 -0.907255828 0.97647059 1 0.827450991
v -0.242082179 0.681291938 -0.945122242 0.97647059 1 0.827450991
v -0.122229427 0.670260489 -0.96808368 0.97647059 1 0.827450991
v -4.70101718e-08 0.666518807 -0.975778043 0.97647059 1 0.827450991
v 0.122230262 0.670260549 -0.968083739 0.97647059 1 0.827450991
v 0.242083013 0.681292176 -0.945122182 0.97647059 1 0.827450991
v 0.357257158 0.699038684 -0.907255173 0.97647059 1 0.827450991
v 0.46560204 0.722566128 -0.855080545 0.97647059 1 0.827450991
v 0.565185666 0.750614703 -0.789420903 0.97647059 1 0.827450991
v 0.654356301 0.781645834 -0.7113114 0.97647059 1 0.827450991
v 0.731793106 0.813898623 -0.621984124 0.97647059 1 0.827450991
v 0.796545506 0.845454454 -0.522847712 0.97647059 1 0.827450991
v 0.848060131 0.874308705 -0.415465713 0.97647059 1 0.827450991
v 0.886193633 0.898444891 -0.301531434 0.97647059 1 0.827450991
v 0.911210775 0.915909946 -0.182842001 0.97647059 1 0.827450991
v 0.92376852 0.924887717 -0.0612688549 0.97647059 1 0.827450991
v 0.924887657 0.923768461 0.0612702817 0.97647059 1 0.827450991
v 0.915909767 0.911210418 0.182843372 0.97647059 1 0.827450991
v 0.898444653 0.886193395 0.301532835 0.97647059 1 0.827450991
v 0.874308407 0.848059654 0.415466905 0.97647059 1 0.827450991
v 0.845454097 0.796544909 0.522848725 0.97647059 1 0.827450991
v 0.813898206 0.73179239 0.621984959 0.97647059 1 0.827450991
v 0.781645536 0.654355466 0.711312175 0.97647059 1 0.827450991
v 0.750614405 0.565184653 0.789421499 0.97647059 1 0.827450991
v 0.72256583 0.465600818 0.855081201 0.97647059 1 0.827450991
v 0.699038625 0.357256889 0.90725553 0.97647059 1 0.827450991
v 0.681292057 0.242082715 0.945122242 0.97647059 1 0.827450991
v 0.670260549 0.122229971 0.96808362 0.97647059 1 0.827450991
v 0.647981048 0 0.739598095 0.97647059 1 0.827450991
v 0.650039494 -0.0937279612 0.733766139 0.97647059 1 0.827450991
v 0.656088352 -0.185835421 0.716362298 0.97647059 1 0.827450991
v 0.665753305 -0.274752587 0.687660933 0.97647059 1 0.827450991
v 0.678426147 -0.359009236 0.648114741 0.97647059 1 0.827450991
v 0.693286657 -0.437280357 0.598347485 0.97647059 1 0.827450991
v 0.709333956 -0.508426189 0.539143741 0.97647059 1 0.827450991
v 0.725423574 -0.571526647 0.471437484 0.97647059 1 0.827450991
v 0.740310073 -0.625907123 0.396296442 0.97647059 1 0.827450991
v 0.752694011 -0.671156526 0.314905494 0.97647059 1 0.827450991
v 0.761270821 -0.707135618 0.228548363 0.97647059 1 0.827450991
v 0.764780998 -0.733976722 0.138586804 0.97647059 1 0.827450991
v 0.762057483 -0.752072275 0.0464396439 0.97647059 1 0.827450991
v 0.752072275 -0.762057483 -0.0464398004 0.97647059 1 0.827450991
v 0.733976483 -0.764780879 -0.138587043 0.97647059 1 0.827450991
v 0.707135677 -0.761270821 -0.228548348 0.97647059 1 0.827450991
v 0.671156406 -0.752693892 -0.314905614 0.97647059 1 0.827450991
v 0.625907123 -0.740310073 -0.396296591 0.97647059 1 0.827450991
v 0.571526587 -0.725423574 -0.471437752 0.97647059 1 0.827450991
v 0.508426189 -0.709333956 -0.539143801 0.97647059 1 0.827450991
v 0.437280267 -0.693286598 -0.598347485 0.97647059 1 0.827450991
v 0.359009147 -0.678426087 -0.6481148 0.97647059 1 0.827450991
v 0.274752438 -0.665753365 -0.687660992 0.97647059 1 0.827450991
v 0.185835272 -0.656088352 -0.716362357 0.97647059 1 0.827450991
v 0.0937277526 -0.650039434 -0.733766139 0.97647059 1 0.827450991
v -4.01200353e-08 -0.647981048 -0.739598095 0.97647059 1 0.827450991
v -0.0937280357 -0.650039494 -0.733766139 0.97647059 1 0.827450991
v -0.18583554 -0.656088293 -0.716362298 0.97647059 1 0.827450991
v -0.274752676 -0.665753365 -0.687660813 0.97647059 1 0.827450991
v -0.359009355 -0.678426087 -0.648114562 0.97647059 1 0.827450991
v -0.437280387 -0.693286598 -0.598347366 0.97647059 1 0.827450991
v -0.508426309 -0.709333956 -0.539143741 0.97647059 1 0.827450991
v -0.571526706 -0.725423634 -0.471437424 0.97647059 1 0.827450991
v -0.625907183 -0.740310133 -0.396296293 0.97647059 1 0.827450991
v -0.671156526 -0.752694011 -0.314905345 0.97647059 1 0.827450991
v -0.707135737 -0.761270881 -0.228548124 0.97647059 1 0.827450991
v -0.733976722 -0.764780998 -0.138586581 0.97647059 1 0.827450991
v -0.752072334 -0.762057483 -0.0464394093 0.97647059 1 0.827450991
v -0.762057424 -0.752072275 0.0464397781 0.97647059 1 0.827450991
v -0.764780939 -0.733976543 0.138586923 0.97647059 1 0.827450991
v -0.761270821 -0.707135558 0.228548482 0.97647059 1 0.827450991
v -0.752694011 -0.671156466 0.314905703 0.97647059 1 0.827450991
v -0.740309954 -0.625907004 0.39629662 0.97647059 1 0.827450991
v -0.725423574 -0.571526527 0.471437782 0.97647059 1 0.827450991
v -0.709333897 -0.508425951 0.53914398 0.97647059 1 0.827450991
v -0.693286598 -0.437280059 0.598347604 0.97647059 1 0.827450991
v -0.678426087 -0.359008968 0.648114979 0.97647059 1 0.827450991
v -0.665753305 -0.2747522 0.687661052 0.97647059 1 0.827450991
v -0.656088293 -0.185835019 0.716362357 0.97647059 1 0.827450991
v -0.650039494 -0.0937279165 0.733766139 0.97647059 1 0.827450991
v -0.647981048 1.24799641e-07 0.739598095 0.97647059 1 0.827450991
v -0.650039494 0.0937281251 0.733766139 0.97647059 1 0.827450991
v -0.656088293 0.18583563 0.716362238 0.97647059 1 0.827450991
v -0.665753365 0.274752796 0.687660813 0.97647059 1 0.827450991
v -0.678426027 0.359009445 0.648114443 0.97647059 1 0.827450991
v -0.693286538 0.437280595 0.598347187 0.97647059 1 0.827450991
v -0.709333897 0.508426428 0.539143503 0.97647059 1 0.827450991
v -0.725423574 0.571526885 0.471437186 0.97647059 1 0.827450991
v -0.740310192 0.625907362 0.396296054 0.97647059 1 0.827450991
v -0.752694011 0.671156526 0.314905375 0.97647059 1 0.827450991
v -0.761270881 0.707135737 0.228548169 0.97647059 1 0.827450991
v -0.764780998 0.733976662 0.138586596 0.97647059 1 0.827450991
v -0.762057543 0.752072334 0.0464394279 0.97647059 1 0.827450991
v -0.752072275 0.762057424 -0.0464401133 0.97647059 1 0.827450991
v -0.733976483 0.764780879 -0.138587251 0.97647059 1 0.827450991
v -0.707135499 0.761270761 -0.22854881 0.97647059 1 0.827450991
v -0.671156168 0.752693832 -0.314905941 0.97647059 1 0.827450991
v -0.625906825 0.740309894 -0.396296918 0.97647059 1 0.827450991
v -0.571526349 0.725423455 -0.47143805 0.97647059 1 0.827450991
v -0.508425772 0.709333837 -0.539144218 0.97647059 1 0.827450991
v -0.43727988 0.693286479 -0.598347604 0.97647059 1 0.827450991
v -0.35900864 0.678425968 -0.648115158 0.97647059 1 0.827450991
v -0.274751872 0.665753245 -0.687661171 0.97647059 1 0.827450991
v -0.185834825 0.656088233 -0.716362417 0.97647059 1 0.827450991
v -0.0937273204 0.650039375 -0.733766198 0.97647059 1 0.827450991
v -4.01200353e-08 0.647981048 -0.739598095 0.97647059 1 0.827450991
v 0.0937279463 0.650039494 -0.733766139 0.97647059 1 0.827450991
v 0.185835451 0.656088352 -0.716362298 0.97647059 1 0.827450991
v 0.274752736 0.665753365 -0.687660813 0.97647059 1 0.827450991
v 0.359009385 0.678426087 -0.648114562 0.97647059 1 0.827450991
v 0.437280416 0.693286598 -0.598347366 0.97647059 1 0.827450991
v 0.508426309 0.709333956 -0.539143741 0.97647059 1 0.827450991
v 0.571526885 0.725423634 -0.471437305 0.97647059 1 0.827450991
v 0.625907302 0.740310192 -0.396296293 0.97647059 1 0.827450991
v 0.671156585 0.752693951 -0.314905316 0.97647059 1 0.827450991
v 0.707135737 0.761270821 -0.22854799 0.97647059 1 0.827450991
v 0.733976781 0.764780939 -0.138586447 0.97647059 1 0.827450991
v 0.752072334 0.762057364 -0.0464391746 0.97647059 1 0.827450991
v 0.762057483 0.752072215 0.0464402623 0.97647059 1 0.827450991
v 0.764780879 0.733976424 0.13858749 0.97647059 1 0.827450991
v 0.761270821 0.707135439 0.228548944 0.97647059 1 0.827450991
v 0.752693951 0.671156168 0.31490612 0.97647059 1 0.827450991
v 0.740309954 0.625906765 0.396297067 0.97647059 1 0.827450991
v 0.725423455 0.57152617 0.47143811 0.97647059 1 0.827450991
v 0.709333837 0.508425713 0.539144278 0.97647059 1 0.827450991
v 0.693286479 0.437279671 0.598347902 0.97647059 1 0.827450991
v 0.678425968 0.359008551 0.648115158 0.97647059 1 0.827450991
v 0.665753365 0.274752408 0.687660992 0.97647059 1 0.827450991
v 0.656088352 0.185835242 0.716362357 0.97647059 1 0.827450991
v 0.650039434 0.0937277377 0.733766139 0.97647059 1 0.827450991
v 0.608814418 0 0.56058383 0.97647059 1 0.827450991
v 0.609815121 -0.0732285827 0.55616349 0.97647059 1 0.827450991
v 0.612735271 -0.145342901 0.542972088 0.97647059 1 0.827450991
v 0.617332101 -0.215262383 0.521217644 0.97647059 1 0.827450991
v 0.623211205 -0.281972468 0.491243333 0.97647059 1 0.827450991
v 0.629841208 -0.344554842 0.453521848 0.97647059 1 0.827450991
v 0.63657409 -0.402214468 0.408647984 0.97647059 1 0.827450991
v 0.642670035 -0.454301715 0.357329547 0.97647059 1 0.827450991
v 0.6473248 -0.500330329 0.300375819 0.97647059 1 0.827450991
v 0.649701536 -0.539988995 0.238684982 0.97647059 1 0.827450991
v 0.648962021 -0.573146939 0.173229918 0.97647059 1 0.827450991
v 0.64430064 -0.599854589 0.105042905 0.97647059 1 0.827450991
v 0.634974599 -0.6203354 0.0351992697 0.97647059 1 0.827450991
v 0.62033534 -0.634974599 -0.0351993889 0.97647059 1 0.827450991
v 0.599854529 -0.64430058 -0.105042934 0.97647059 1 0.827450991
v 0.573146999 -0.648962021 -0.173229903 0.97647059 1 0.827450991
v 0.539988875 -0.649701416 -0.238685027 0.97647059 1 0.827450991
v 0.500330269 -0.647324741 -0.300375909 0.97647059 1 0.827450991
v 0.454301625 -0.642669916 -0.357329696 0.97647059 1 0.827450991
v 0.402214468 -0.63657409 -0.408648014 0.97647059 1 0.827450991
v 0.344554842 -0.629841149 -0.453521878 0.97647059 1 0.827450991
v 0.281972349 -0.623211145 -0.491243362 0.97647059 1 0.827450991
v 0.215262294 -0.61733216 -0.521217823 0.97647059 1 0.827450991
v 0.145342767 -0.612735271 -0.542972088 0.97647059 1 0.827450991
v 0.0732284188 -0.609815121 -0.55616349 0.97647059 1 0.827450991
v -3.43960309e-08 -0.608814418 -0.56058383 0.97647059 1 0.827450991
v -0.0732286423 -0.609815121 -0.55616343 0.97647059 1 0.827450991
v -0.145342991 -0.612735271 -0.542972028 0.97647059 1 0.827450991
v -0.215262473 -0.61733216 -0.521217585 0.97647059 1 0.827450991
v -0.281972587 -0.623211145 -0.491243273 0.97647059 1 0.827450991
v -0.344554901 -0.629841149 -0.453521818 0.97647059 1 0.827450991
v -0.402214527 -0.63657409 -0.408647954 0.97647059 1 0.827450991
v -0.454301864 -0.642670095 -0.357329547 0.97647059 1 0.827450991
v -0.500330389 -0.6473248 -0.3003757 0.97647059 1 0.827450991
v -0.539988995 -0.649701536 -0.238684878 0.97647059 1 0.827450991
v -0.573147058 -0.64896208 -0.173229739 0.97647059 1 0.827450991
v -0.599854648 -0.64430064 -0.105042733 0.97647059 1 0.827450991
v -0.62033534 -0.634974539 -0.0351990908 0.97647059 1 0.827450991
v -0.634974599 -0.62033534 0.0351993702 0.97647059 1 0.827450991
v -0.64430058 -0.599854469 0.105042987 0.97647059 1 0.827450991
v -0.64896208 -0.573146939 0.173230007 0.97647059 1 0.827450991
v -0.649701536 -0.539988935 0.238685131 0.97647059 1 0.827450991
v -0.647324741 -0.50033021 0.300375938 0.97647059 1 0.827450991
v -0.642669916 -0.454301625 0.357329726 0.97647059 1 0.827450991
v -0.63657409 -0.402214289 0.408648163 0.97647059 1 0.827450991
v -0.629841089 -0.344554663 0.453521997 0.97647059 1 0.827450991
v -0.623211145 -0.2819722 0.491243482 0.97647059 1 0.827450991
v -0.617332101 -0.21526213 0.521217883 0.97647059 1 0.827450991
v -0.612735271 -0.145342603 0.542972147 0.97647059 1 0.827450991
v -0.609815121 -0.0732285455 0.55616349 0.97647059 1 0.827450991
v -0.608814418 1.0971705e-07 0.56058383 0.97647059 1 0.827450991
v -0.609815121 0.0732287243 0.55616343 0.97647059 1 0.827450991
v -0.612735271 0.145343065 0.542971969 0.97647059 1 0.827450991
v -0.61733216 0.215262562 0.521217585 0.97647059 1 0.827450991
v -0.623211145 0.281972647 0.491243213 0.97647059 1 0.827450991
v -0.629841089 0.34455508 0.453521639 0.97647059 1 0.827450991
v -0.63657403 0.402214646 0.408647746 0.97647059 1 0.827450991
v -0.642669976 0.454302013 0.357329369 0.97647059 1 0.827450991
v -0.6473248 0.500330567 0.300375521 0.97647059 1 0.827450991
v -0.649701476 0.539988995 0.238684848 0.97647059 1 0.827450991
v -0.64896214 0.573147058 0.173229784 0.97647059 1 0.827450991
v -0.64430064 0.599854648 0.105042748 0.97647059 1 0.827450991
v -0.634974658 0.62033546 0.0351991132 0.97647059 1 0.827450991
v -0.62033534 0.634974599 -0.0351996273 0.97647059 1 0.827450991
v -0.599854469 0.64430058 -0.105043232 0.97647059 1 0.827450991
v -0.57314682 0.64896208 -0.173230246 0.97647059 1 0.827450991
v -0.539988697 0.649701416 -0.23868531 0.97647059 1 0.827450991
v -0.500330091 0.647324741 -0.300376177 0.97647059 1 0.827450991
v -0.454301417 0.642669916 -0.357329905 0.97647059 1 0.827450991
v -0.402214229 0.63657409 -0.408648252 0.97647059 1 0.827450991
v -0.344554484 0.62984103 -0.453521997 0.97647059 1 0.827450991
v -0.281971991 0.623211145 -0.49124372 0.97647059 1 0.827450991
v -0.215261847 0.617332101 -0.521218002 0.97647059 1 0.827450991
v -0.145342454 0.612735212 -0.542972147 0.97647059 1 0.827450991
v -0.073228091 0.609815121 -0.55616349 0.97647059 1 0.827450991
v -3.43960309e-08 0.608814418 -0.56058383 0.97647059 1 0.827450991
v 0.0732285678 0.609815121 -0.55616349 0.97647059 1 0.827450991
v 0.145342931 0.612735271 -0.542972088 0.97647059 1 0.827450991
v 0.215262502 0.61733216 -0.521217585 0.97647059 1 0.827450991
v 0.281972617 0.623211145 -0.491243273 0.97647059 1 0.827450991
v 0.344554931 0.629841149 -0.453521788 0.97647059 1 0.827450991
v 0.402214587 0.63657409 -0.408647954 0.97647059 1 0.827450991
v 0.454301864 0.642670035 -0.357329518 0.97647059 1 0.827450991
v 0.500330448 0.6473248 -0.30037567 0.97647059 1 0.827450991
v 0.539988995 0.649701476 -0.238684803 0.97647059 1 0.827450991
v 0.573147118 0.648962021 -0.173229635 0.97647059 1 0.827450991
v 0.599854648 0.644300461 -0.105042607 0.97647059 1 0.827450991
v 0.62033546 0.634974539 -0.0351988524 0.97647059 1 0.827450991
v 0.634974658 0.620335221 0.035199739 0.97647059 1 0.827450991
v 0.64430064 0.59985435 0.105043344 0.97647059 1 0.827450991
v 0.64896214 0.57314682 0.173230454 0.97647059 1 0.827450991
v 0.649701476 0.539988637 0.238685414 0.97647059 1 0.827450991
v 0.6473248 0.500330031 0.300376266 0.97647059 1 0.827450991
v 0.642669976 0.454301417 0.357329965 0.97647059 1 0.827450991
v 0.63657403 0.40221405 0.408648401 0.97647059 1 0.827450991
v 0.62984103 0.344554335 0.453522176 0.97647059 1 0.827450991
v 0.623211145 0.281971902 0.49124375 0.97647059 1 0.827450991
v 0.61733216 0.215262294 0.521217823 0.97647059 1 0.827450991
v 0.612735271 0.145342752 0.542972088 0.97647059 1 0.827450991
v 0.609815121 0.0732284114 0.55616349 0.97647059 1 0.827450991
v 0.559520125 0 0.424898624 0.97647059 1 0.827450991
v 0.55986917 -0.0582290068 0.421548247 0.97647059 1 0.827450991
v 0.560863495 -0.115683645 0.411549807 0.97647059 1 0.827450991
v 0.56234622 -0.171611905 0.395060748 0.97647059 1 0.827450991
v 0.564063609 -0.225305662 0.372341543 0.97647059 1 0.827450991
v 0.565673351 -0.276120782 0.343750268 0.97647059 1 0.827450991
v 0.566758871 -0.323495001 0.309737802 0.97647059 1 0.827450991
v 0.566845119 -0.36696294 0.270840555 0.97647059 1 0.827450991
v 0.565416932 -0.406167686 0.227671996 0.97647059 1 0.827450991
v 0.561939895 -0.440869123 0.180913016 0.97647059 1 0.827450991
v 0.555880785 -0.470947146 0.131300837 0.97647059 1 0.827450991
v 0.546729863 -0.49640274 0.0796180218 0.97647059 1 0.827450991
v 0.534021139 -0.517352462 0.0266795456 0.97647059 1 0.827450991
v 0.517352402 -0.534021199 -0.026679635 0.97647059 1 0.827450991
v 0.496402651 -0.546729922 -0.0796181113 0.97647059 1 0.827450991
v 0.470947146 -0.555880785 -0.131300822 0.97647059 1 0.827450991
v 0.440869033 -0.561939895 -0.180913091 0.97647059 1 0.827450991
v 0.406167656 -0.565416932 -0.22767216 0.97647059 1 0.827450991
v 0.36696285 -0.566845179 -0.270840704 0.97647059 1 0.827450991
v 0.323495001 -0.566758871 -0.309737802 0.97647059 1 0.827450991
v 0.276120752 -0.565673351 -0.343750298 0.97647059 1 0.827450991
v 0.225305587 -0.564063609 -0.372341573 0.97647059 1 0.827450991
v 0.171611786 -0.56234628 -0.395060778 0.97647059 1 0.827450991
v 0.115683556 -0.560863435 -0.411549747 0.97647059 1 0.827450991
v 0.0582288876 -0.55986917 -0.421548247 0.97647059 1 0.827450991
v -2.95938722e-08 -0.559520125 -0.424898624 0.97647059 1 0.827450991
v -0.0582290664 -0.55986917 -0.421548218 0.97647059 1 0.827450991
v -0.115683727 -0.560863376 -0.411549687 0.97647059 1 0.827450991
v -0.171611965 -0.56234622 -0.395060688 0.97647059 1 0.827450991
v -0.225305721 -0.564063549 -0.372341454 0.97647059 1 0.827450991
v -0.276120782 -0.565673351 -0.343750179 0.97647059 1 0.827450991
v -0.32349503 -0.566758871 -0.309737712 0.97647059 1 0.827450991
v -0.366962999 -0.566845119 -0.270840526 0.97647059 1 0.827450991
v -0.406167775 -0.565416992 -0.227671996 0.97647059 1 0.827450991
v -0.440869123 -0.561939955 -0.180912942 0.97647059 1 0.827450991
v -0.470947295 -0.555880845 -0.131300762 0.97647059 1 0.827450991
v -0.4964028 -0.546729863 -0.0796178877 0.97647059 1 0.827450991
v -0.517352462 -0.534021139 -0.0266794097 0.97647059 1 0.827450991
v -0.534021139 -0.517352402 0.026679622 0.97647059 1 0.827450991
v -0.546729922 -0.496402651 0.0796180964 0.97647059 1 0.827450991
v -0.555880845 -0.470947087 0.131300956 0.97647059 1 0.827450991
v -0.561939955 -0.440869033 0.180913135 0.97647059 1 0.827450991
v -0.565416932 -0.406167567 0.227672145 0.97647059 1 0.827450991
v -0.566845179 -0.36696285 0.270840704 0.97647059 1 0.827450991
v -0.566758931 -0.323494881 0.309737921 0.97647059 1 0.827450991
v -0.565673351 -0.276120573 0.343750298 0.97647059 1 0.827450991
v -0.564063549 -0.225305408 0.372341603 0.97647059 1 0.827450991
v -0.56234622 -0.171611652 0.395060837 0.97647059 1 0.827450991
v -0.560863376 -0.115683414 0.411549777 0.97647059 1 0.827450991
v -0.55986917 -0.0582289807 0.421548247 0.97647059 1 0.827450991
v -0.559520125 9.62236157e-08 0.424898624 0.97647059 1 0.827450991
v -0.55986917 0.0582291372 0.421548218 0.97647059 1 0.827450991
v -0.560863376 0.115683794 0.411549658 0.97647059 1 0.827450991
v -0.56234622 0.171612039 0.395060688 0.97647059 1 0.827450991
v -0.564063549 0.225305766 0.372341394 0.97647059 1 0.827450991
v -0.565673232 0.276120901 0.34375 0.97647059 1 0.827450991
v -0.566758752 0.32349512 0.309737533 0.97647059 1 0.827450991
v -0.566845059 0.366963089 0.270840347 0.97647059 1 0.827450991
v -0.565416992 0.406167835 0.227671817 0.97647059 1 0.827450991
v -0.561939895 0.440869063 0.180912927 0.97647059 1 0.827450991
v -0.555880785 0.470947176 0.131300762 0.97647059 1 0.827450991
v -0.546729863 0.49640274 0.0796179026 0.97647059 1 0.827450991
v -0.534021199 0.517352521 0.0266794227 0.97647059 1 0.827450991
v -0.517352402 0.534021199 -0.0266798139 0.97647059 1 0.827450991
v -0.496402562 0.546729863 -0.0796182901 0.97647059 1 0.827450991
v -0.470947087 0.555880904 -0.131301165 0.97647059 1 0.827450991
v -0.440868825 0.561939836 -0.180913284 0.97647059 1 0.827450991
v -0.406167448 0.565416932 -0.227672324 0.97647059 1 0.827450991
v -0.366962671 0.566845119 -0.270840883 0.97647059 1 0.827450991
v -0.323494762 0.566758871 -0.309737951 0.97647059 1 0.827450991
v -0.276120454 0.565673292 -0.343750298 0.97647059 1 0.827450991
v -0.225305259 0.564063609 -0.372341752 0.97647059 1 0.827450991
v -0.171611458 0.56234628 -0.395060956 0.97647059 1 0.827450991
v -0.115683287 0.560863376 -0.411549777 0.97647059 1 0.827450991
v -0.0582286268 0.55986917 -0.421548277 0.97647059 1 0.827450991
v -2.95938722e-08 0.559520125 -0.424898624 0.97647059 1 0.827450991
v 0.0582290068 0.55986917 -0.421548247 0.97647059 1 0.827450991
v 0.115683682 0.560863495 -0.411549807 0.97647059 1 0.827450991
v 0.17161198 0.56234622 -0.395060688 0.97647059 1 0.827450991
v 0.225305676 0.564063549 -0.372341484 0.97647059 1 0.827450991
v 0.276120842 0.565673411 -0.343750209 0.97647059 1 0.827450991
v 0.32349503 0.566758871 -0.309737712 0.97647059 1 0.827450991
v 0.366963029 0.566845119 -0.270840526 0.97647059 1 0.827450991
v 0.406167805 0.565416992 -0.227671981 0.97647059 1 0.827450991
v 0.440869093 0.561939836 -0.180912897 0.97647059 1 0.827450991
v 0.470947266 0.555880785 -0.131300673 0.97647059 1 0.827450991
v 0.496402889 0.546729863 -0.0796178281 0.97647059 1 0.827450991
v 0.517352581 0.53402108 -0.0266792793 0.97647059 1 0.827450991
v 0.534021258 0.517352343 0.0266798995 0.97647059 1 0.827450991
v 0.546729922 0.496402562 0.079618372 0.97647059 1 0.827450991
v 0.555880904 0.470946997 0.131301284 0.97647059 1 0.827450991
v 0.561939895 0.440868765 0.180913359 0.97647059 1 0.827450991
v 0.565416992 0.406167448 0.227672428 0.97647059 1 0.827450991
v 0.566845059 0.366962612 0.270840853 0.97647059 1 0.827450991
v 0.566758871 0.323494613 0.30973804 0.97647059 1 0.827450991
v 0.565673351 0.276120305 0.343750477 0.97647059 1 0.827450991
v 0.564063549 0.225305155 0.372341722 0.97647059 1 0.827450991
v 0.56234628 0.171611786 0.395060778 0.97647059 1 0.827450991
v 0.560863435 0.115683541 0.411549747 0.97647059 1 0.827450991
v 0.55986917 0.0582288727 0.421548247 0.97647059 1 0.827450991
v 0.506576955 0 0.322055012 0.97647059 1 0.827450991
v 0.506536245 -0.0470491946 0.319515616 0.97647059 1 0.827450991
v 0.50638026 -0.0935533345 0.311937064 0.97647059 1 0.827450991
v 0.506008863 -0.138982326 0.299439192 0.97647059 1 0.827450991
v 0.505259693 -0.182835191 0.282218903 0.97647059 1 0.827450991
v 0.503914595 -0.224653736 0.260548055 0.97647059 1 0.827450991
v 0.501707852 -0.264034152 0.234767973 0.97647059 1 0.827450991
v 0.498337686 -0.300637305 0.205285549 0.97647059 1 0.827450991
v 0.493477762 -0.334196448 0.172565684 0.97647059 1 0.827450991
v 0.486790746 -0.364522755 0.13712433 0.97647059 1 0.827450991
v 0.477942199 -0.391507715 0.0995204672 0.97647059 1 0.827450991
v 0.466614783 -0.415123761 0.0603470281 0.97647059 1 0.827450991
v 0.45252195 -0.435420871 0.0202219523 0.97647059 1 0.827450991
v 0.435420901 -0.452522039 -0.0202220231 0.97647059 1 0.827450991
v 0.415123731 -0.466614842 -0.0603471287 0.97647059 1 0.827450991
v 0.391507745 -0.477942199 -0.0995204523 0.97647059 1 0.827450991
v 0.364522696 -0.486790717 -0.137124375 0.97647059 1 0.827450991
v 0.334196389 -0.493477792 -0.172565743 0.97647059 1 0.827450991
v 0.300637215 -0.498337716 -0.205285653 0.97647059 1 0.827450991
v 0.264034122 -0.501707852 -0.234768003 0.97647059 1 0.827450991
v 0.224653736 -0.503914595 -0.260548085 0.97647059 1 0.827450991
v 0.182835117 -0.505259693 -0.282218903 0.97647059 1 0.827450991
v 0.138982251 -0.506008863 -0.299439192 0.97647059 1 0.827450991
v 0.09355326 -0.5063802 -0.311937094 0.97647059 1 0.827450991
v 0.0470490903 -0.506536245 -0.319515616 0.97647059 1 0.827450991
v -2.55326533e-08 -0.506576955 -0.322055012 0.97647059 1 0.827450991
v -0.0470492393 -0.506536245 -0.319515586 0.97647059 1 0.827450991
v -0.0935533941 -0.506380141 -0.311936975 0.97647059 1 0.827450991
v -0.138982385 -0.506008863 -0.299439132 0.97647059 1 0.827450991
v -0.182835296 -0.505259693 -0.282218903 0.97647059 1 0.827450991
v -0.224653721 -0.503914475 -0.260547906 0.97647059 1 0.827450991
v -0.264034182 -0.501707852 -0.234767959 0.97647059 1 0.827450991
v -0.300637335 -0.498337716 -0.205285534 0.97647059 1 0.827450991
v -0.334196508 -0.493477762 -0.172565624 0.97647059 1 0.827450991
v -0.364522755 -0.486790746 -0.13712427 0.97647059 1 0.827450991
v -0.391507804 -0.477942199 -0.0995203629 0.97647059 1 0.827450991
v -0.41512382 -0.466614783 -0.060346961 0.97647059 1 0.827450991
v -0.435420901 -0.45252189 -0.0202218499 0.97647059 1 0.827450991
v -0.45252201 -0.435420901 0.0202220138 0.97647059 1 0.827450991
v -0.466614842 -0.415123731 0.0603471212 0.97647059 1 0.827450991
v -0.477942228 -0.391507715 0.0995205119 0.97647059 1 0.827450991
v -0.486790806 -0.364522725 0.137124449 0.97647059 1 0.827450991
v -0.493477792 -0.334196359 0.172565758 0.97647059 1 0.827450991
v -0.498337716 -0.300637186 0.205285668 0.97647059 1 0.827450991
v -0.501707852 -0.264034033 0.234768078 0.97647059 1 0.827450991
v -0.503914535 -0.224653587 0.260548055 0.97647059 1 0.827450991
v -0.505259693 -0.182835042 0.282219023 0.97647059 1 0.827450991
v -0.506008804 -0.138982147 0.299439222 0.97647059 1 0.827450991
v -0.5063802 -0.0935531482 0.311937094 0.97647059 1 0.827450991
v -0.506536245 -0.0470491685 0.319515616 0.97647059 1 0.827450991
v -0.506576955 8.42369801e-08 0.322055012 0.97647059 1 0.827450991
v -0.506536245 0.0470493026 0.319515586 0.97647059 1 0.827450991
v -0.506380141 0.0935534462 0.311936975 0.97647059 1 0.827450991
v -0.506008863 0.138982445 0.299439132 0.97647059 1 0.827450991
v -0.505259693 0.182835355 0.282218874 0.97647059 1 0.827450991
v -0.503914475 0.224653885 0.260547876 0.97647059 1 0.827450991
v -0.501707792 0.264034301 0.234767869 0.97647059 1 0.827450991
v -0.498337656 0.300637454 0.205285415 0.97647059 1 0.827450991
v -0.493477762 0.334196597 0.17256552 0.97647059 1 0.827450991
v -0.486790746 0.364522755 0.13712427 0.97647059 1 0.827450991
v -0.477942199 0.391507775 0.0995203704 0.97647059 1 0.827450991
v -0.466614783 0.415123791 0.0603469722 0.97647059 1 0.827450991
v -0.45252201 0.43542099 0.0202218611 0.97647059 1 0.827450991
v -0.435420871 0.452522099 -0.020222161 0.97647059 1 0.827450991
v -0.415123582 0.466614783 -0.0603472516 0.97647059 1 0.827450991
v -0.391507596 0.477942228 -0.0995206535 0.97647059 1 0.827450991
v -0.364522487 0.486790717 -0.137124524 0.97647059 1 0.827450991
v -0.33419627 0.493477792 -0.172565892 0.97647059 1 0.827450991
v -0.300637066 0.498337716 -0.205285788 0.97647059 1 0.827450991
v -0.264033914 0.501707852 -0.234768242 0.97647059 1 0.827450991
v -0.224653482 0.503914475 -0.260548055 0.97647059 1 0.827450991
v -0.182834879 0.505259693 -0.282219112 0.97647059 1 0.827450991
v -0.138981968 0.506008863 -0.299439281 0.97647059 1 0.827450991
v -0.0935530514 0.5063802 -0.311937124 0.97647059 1 0.827450991
v -0.0470488779 0.506536186 -0.319515526 0.97647059 1 0.827450991
v -2.55326533e-08 0.506576955 -0.322055012 0.97647059 1 0.827450991
v 0.0470491908 0.506536245 -0.319515616 0.97647059 1 0.827450991
v 0.0935533568 0.50638026 -0.311937064 0.97647059 1 0.827450991
v 0.138982415 0.506008863 -0.299439132 0.97647059 1 0.827450991
v 0.182835311 0.505259693 -0.282218903 0.97647059 1 0.827450991
v 0.224653766 0.503914475 -0.260547936 0.97647059 1 0.827450991
v 0.264034212 0.501707852 -0.234767959 0.97647059 1 0.827450991
v 0.300637335 0.498337716 -0.205285519 0.97647059 1 0.827450991
v 0.334196508 0.493477762 -0.172565609 0.97647059 1 0.827450991
v 0.364522815 0.486790717 -0.13712424 0.97647059 1 0.827450991
v 0.391507834 0.477942139 -0.0995203033 0.97647059 1 0.827450991
v 0.41512385 0.466614753 -0.0603469051 0.97647059 1 0.827450991
v 0.43542099 0.45252189 -0.0202217512 0.97647059 1 0.827450991
v 0.452522129 0.435420811 0.0202222243 0.97647059 1 0.827450991
v 0.466614902 0.415123612 0.0603473261 0.97647059 1 0.827450991
v 0.477942258 0.391507566 0.0995207131 0.97647059 1 0.827450991
v 0.486790776 0.364522487 0.137124643 0.97647059 1 0.827450991
v 0.493477821 0.33419621 0.172565952 0.97647059 1 0.827450991
v 0.498337716 0.300637037 0.205285817 0.97647059 1 0.827450991
v 0.501707852 0.264033854 0.234768212 0.97647059 1 0.827450991
v 0.503914535 0.224653378 0.260548174 0.97647059 1 0.827450991
v 0.505259693 0.182834819 0.282219112 0.97647059 1 0.827450991
v 0.506008863 0.138982251 0.299439192 0.97647059 1 0.827450991
v 0.5063802 0.09355326 0.311937094 0.97647059 1 0.827450991
v 0.506536245 0.0470490791 0.319515616 0.97647059 1 0.827450991
v 0.453867406 0 0.244103983 0.97647059 1 0.827450991
v 0.453604579 -0.0385558307 0.242179185 0.97647059 1 0.827450991
v 0.452794641 -0.0767223537 0.236435041 0.97647059 1 0.827450991
v 0.451374322 -0.114120252 0.226962149 0.97647059 1 0.827450991
v 0.449241191 -0.150389671 0.213909969 0.97647059 1 0.827450991
v 0.446257621 -0.185199291 0.1974843 0.97647059 1 0.827450991
v 0.442256659 -0.218254179 0.177944168 0.97647059 1 0.827450991
v 0.43704915 -0.24930267 0.155597717 0.97647059 1 0.827450991
v 0.430431545 -0.278141558 0.130797461 0.97647059 1 0.827450991
v 0.422194719 -0.304619759 0.103934422 0.97647059 1 0.827450991
v 0.412133008 -0.328640163 0.0754322857 0.97647059 1 0.827450991
v 0.40005374 -0.350160122 0.0457405075 0.97647059 1 0.827450991
v 0.385785997 -0.369189084 0.0153273838 0.97647059 1 0.827450991
v 0.369189054 -0.385785997 -0.0153274322 0.97647059 1 0.827450991
v 0.350160062 -0.400053769 -0.0457405597 0.97647059 1 0.827450991
v 0.328640193 -0.412133008 -0.0754322782 0.97647059 1 0.827450991
v 0.30461967 -0.42219466 -0.103934437 0.97647059 1 0.827450991
v 0.278141528 -0.430431545 -0.130797505 0.97647059 1 0.827450991
v 0.249302596 -0.43704915 -0.155597776 0.97647059 1 0.827450991
v 0.218254179 -0.442256659 -0.177944168 0.97647059 1 0.827450991
v 0.185199261 -0.446257621 -0.197484314 0.97647059 1 0.827450991
v 0.150389627 -0.449241191 -0.213909954 0.97647059 1 0.827450991
v 0.114120185 -0.451374352 -0.226962164 0.97647059 1 0.827450991
v 0.0767222941 -0.452794641 -0.236435056 0.97647059 1 0.827450991
v 0.0385557376 -0.453604579 -0.242179155 0.97647059 1 0.827450991
v -2.20758292e-08 -0.453867406 -0.244103983 0.97647059 1 0.827450991
v -0.038555868 -0.453604579 -0.24217917 0.97647059 1 0.827450991
v -0.0767224133 -0.452794611 -0.236435026 0.97647059 1 0.827450991
v -0.114120305 -0.451374322 -0.226962119 0.97647059 1 0.827450991
v -0.150389731 -0.449241161 -0.213909909 0.97647059 1 0.827450991
v -0.185199291 -0.446257591 -0.197484255 0.97647059 1 0.827450991
v -0.218254209 -0.442256629 -0.177944109 0.97647059 1 0.827450991
v -0.249302715 -0.43704915 -0.155597717 0.97647059 1 0.827450991
v -0.278141588 -0.430431515 -0.130797401 0.97647059 1 0.827450991
v -0.304619759 -0.42219466 -0.103934363 0.97647059 1 0.827450991
v -0.328640252 -0.412132978 -0.0754322037 0.97647059 1 0.827450991
v -0.350160152 -0.40005371 -0.045740433 0.97647059 1 0.827450991
v -0.369189084 -0.385785878 -0.0153273018 0.97647059 1 0.827450991
v -0.385785967 -0.369189054 0.0153274257 0.97647059 1 0.827450991
v -0.400053769 -0.350160062 0.0457405522 0.97647059 1 0.827450991
v -0.412132978 -0.328640103 0.075432308 0.97647059 1 0.827450991
v -0.42219469 -0.30461967 0.103934474 0.97647059 1 0.827450991
v -0.430431545 -0.278141499 0.13079752 0.97647059 1 0.827450991
v -0.43704915 -0.249302596 0.155597791 0.97647059 1 0.827450991
v -0.442256689 -0.218254089 0.177944228 0.97647059 1 0.827450991
v -0.446257591 -0.185199142 0.197484329 0.97647059 1 0.827450991
v -0.449241191 -0.150389537 0.213910028 0.97647059 1 0.827450991
v -0.451374322 -0.114120096 0.226962194 0.97647059 1 0.827450991
v -0.452794641 -0.0767222047 0.236435071 0.97647059 1 0.827450991
v -0.453604579 -0.0385558009 0.242179185 0.97647059 1 0.827450991
v -0.453867406 7.36435197e-08 0.244103983 0.97647059 1 0.827450991
v -0.453604579 0.0385559201 0.24217917 0.97647059 1 0.827450991
v -0.452794611 0.0767224655 0.236435011 0.97647059 1 0.827450991
v -0.451374322 0.114120357 0.226962104 0.97647059 1 0.827450991
v -0.449241161 0.150389791 0.213909879 0.97647059 1 0.827450991
v -0.446257532 0.18519941 0.19748418 0.97647059 1 0.827450991
v -0.4422566 0.218254313 0.177944049 0.97647059 1 0.827450991
v -0.437049121 0.249302819 0.155597627 0.97647059 1 0.827450991
v -0.430431485 0.278141677 0.130797312 0.97647059 1 0.827450991
v -0.42219466 0.304619759 0.10393437 0.97647059 1 0.827450991
v -0.412132978 0.328640223 0.0754322112 0.97647059 1 0.827450991
v -0.40005374 0.350160122 0.0457404442 0.97647059 1 0.827450991
v -0.385785937 0.369189113 0.0153273093 0.97647059 1 0.827450991
v -0.369189084 0.385785997 -0.0153274219 0.97647059 1 0.827450991
v -0.350159943 0.400053769 -0.0457406566 0.97647059 1 0.827450991
v -0.328640074 0.412133038 -0.0754324272 0.97647059 1 0.827450991
v -0.304619521 0.42219469 -0.103934549 0.97647059 1 0.827450991
v -0.278141379 0.430431575 -0.130797625 0.97647059 1 0.827450991
v -0.249302477 0.43704918 -0.15559788 0.97647059 1 0.827450991
v -0.21825394 0.442256659 -0.177944273 0.97647059 1 0.827450991
v -0.185199082 0.446257561 -0.197484329 0.97647059 1 0.827450991
v -0.150389478 0.449241191 -0.213910058 0.97647059 1 0.827450991
v -0.114119962 0.451374352 -0.226962253 0.97647059 1 0.827450991
v -0.0767221153 0.452794611 -0.236435056 0.97647059 1 0.827450991
v -0.0385555699 0.453604549 -0.24217917 0.97647059 1 0.827450991
v -2.20758292e-08 0.453867406 -0.244103983 0.97647059 1 0.827450991
v 0.0385558195 0.453604579 -0.242179185 0.97647059 1 0.827450991
v 0.0767223686 0.452794641 -0.236435041 0.97647059 1 0.827450991
v 0.114120319 0.451374322 -0.226962119 0.97647059 1 0.827450991
v 0.150389761 0.449241161 -0.213909909 0.97647059 1 0.827450991
v 0.185199305 0.446257591 -0.19748424 0.97647059 1 0.827450991
v 0.218254238 0.442256659 -0.177944139 0.97647059 1 0.827450991
v 0.249302745 0.43704918 -0.155597717 0.97647059 1 0.827450991
v 0.278141588 0.430431515 -0.130797386 0.97647059 1 0.827450991
v 0.304619789 0.42219463 -0.103934355 0.97647059 1 0.827450991
v 0.328640252 0.412132919 -0.0754321516 0.97647059 1 0.827450991
v 0.350160211 0.40005368 -0.0457403585 0.97647059 1 0.827450991
v 0.369189173 0.385785878 -0.0153272292 0.97647059 1 0.827450991
v 0.385786057 0.369188964 0.0153275849 0.97647059 1 0.827450991
v 0.400053859 0.350159943 0.0457407385 0.97647059 1 0.827450991
v 0.412133068 0.328640014 0.0754325017 0.97647059 1 0.827450991
v 0.422194749 0.304619521 0.103934623 0.97647059 1 0.827450991
v 0.430431575 0.27814132 0.130797639 0.97647059 1 0.827450991
v 0.43704921 0.249302462 0.155597925 0.97647059 1 0.827450991
v 0.442256689 0.218253911 0.177944303 0.97647059 1 0.827450991
v 0.446257591 0.185198992 0.197484419 0.97647059 1 0.827450991
v 0.449241161 0.150389344 0.213910073 0.97647059 1 0.827450991
v 0.451374352 0.114120185 0.226962164 0.97647059 1 0.827450991
v 0.452794641 0.0767222866 0.236435056 0.97647059 1 0.827450991
v 0.453604579 0.0385557339 0.242179155 0.97647059 1 0.827450991
v 0.403611749 0 0.185020417 0.97647059 1 0.827450991
v 0.403232872 -0.0319796093 0.183561474 0.97647059 1 0.827450991
v 0.40208292 -0.0636765286 0.179207683 0.97647059 1 0.827450991
v 0.400122494 -0.0948147401 0.172027633 0.97647059 1 0.827450991
v 0.397288114 -0.125131294 0.162134618 0.97647059 1 0.827450991
v 0.393494546 -0.154382348 0.149684668 0.97647059 1 0.827450991
v 0.388638884 -0.182348549 0.134874076 0.97647059 1 0.827450991
v 0.382604957 -0.208839506 0.117936432 0.97647059 1 0.827450991
v 0.375268817 -0.233697414 0.0991388857 0.97647059 1 0.827450991
v 0.366504073 -0.256799608 0.0787778422 0.97647059 1 0.827450991
v 0.356188208 -0.278059751 0.0571744405 0.97647059 1 0.827450991
v 0.344208598 -0.297428429 0.0346693322 0.97647059 1 0.827450991
v 0.330468237 -0.314891398 0.0116175003 0.97647059 1 0.827450991
v 0.314891398 -0.330468297 -0.0116175627 0.97647059 1 0.827450991
v 0.297428399 -0.344208628 -0.0346693695 0.97647059 1 0.827450991
v 0.278059781 -0.356188208 -0.057174433 0.97647059 1 0.827450991
v 0.256799549 -0.366504073 -0.0787778795 0.97647059 1 0.827450991
v 0.23369737 -0.375268817 -0.099138923 0.97647059 1 0.827450991
v 0.208839446 -0.382605016 -0.117936485 0.97647059 1 0.827450991
v 0.182348549 -0.388638884 -0.134874076 0.97647059 1 0.827450991
v 0.154382348 -0.393494546 -0.149684668 0.97647059 1 0.827450991
v 0.125131249 -0.397288084 -0.162134603 0.97647059 1 0.827450991
v 0.0948146954 -0.400122553 -0.172027662 0.97647059 1 0.827450991
v 0.0636764765 -0.40208292 -0.179207683 0.97647059 1 0.827450991
v 0.0319795348 -0.403232872 -0.183561474 0.97647059 1 0.827450991
v -1.9118362e-08 -0.403611749 -0.185020417 0.97647059 1 0.827450991
v -0.0319796391 -0.403232872 -0.183561474 0.97647059 1 0.827450991
v -0.0636765659 -0.40208286 -0.179207653 0.97647059 1 0.827450991
v -0.0948147848 -0.400122494 -0.172027618 0.97647059 1 0.827450991
v -0.125131339 -0.397288084 -0.162134573 0.97647059 1 0.827450991
v -0.154382363 -0.393494487 -0.149684623 0.97647059 1 0.827450991
v -0.182348594 -0.388638854 -0.134874061 0.97647059 1 0.827450991
v -0.208839536 -0.382604986 -0.117936417 0.97647059 1 0.827450991
v -0.233697444 -0.375268787 -0.0991388559 0.97647059 1 0.827450991
v -0.256799638 -0.366504073 -0.0787778124 0.97647059 1 0.827450991
v -0.27805987 -0.356188208 -0.0571743883 0.97647059 1 0.827450991
v -0.297428489 -0.344208598 -0.034669295 0.97647059 1 0.827450991
v -0.314891458 -0.330468208 -0.0116174407 0.97647059 1 0.827450991
v -0.330468267 -0.314891398 0.0116175348 0.97647059 1 0.827450991
v -0.344208658 -0.29742837 0.0346693844 0.97647059 1 0.827450991
v -0.356188267 -0.278059751 0.0571744777 0.97647059 1 0.827450991
v -0.366504133 -0.256799579 0.0787779018 0.97647059 1 0.827450991
v -0.375268817 -0.23369734 0.0991389304 0.97647059 1 0.827450991
v -0.382605016 -0.208839431 0.117936499 0.97647059 1 0.827450991
v -0.388638914 -0.182348475 0.13487412 0.97647059 1 0.827450991
v -0.393494546 -0.154382244 0.149684682 0.97647059 1 0.827450991
v -0.397288114 -0.125131175 0.162134662 0.97647059 1 0.827450991
v -0.400122523 -0.094814606 0.172027662 0.97647059 1 0.827450991
v -0.40208292 -0.063676402 0.179207698 0.97647059 1 0.827450991
v -0.403232872 -0.0319795832 0.183561474 0.97647059 1 0.827450991
v -0.403611749 6.43166445e-08 0.185020417 0.97647059 1 0.827450991
v -0.403232872 0.0319796875 0.183561474 0.97647059 1 0.827450991
v -0.40208286 0.0636766106 0.179207638 0.97647059 1 0.827450991
v -0.400122494 0.0948148295 0.172027603 0.97647059 1 0.827450991
v -0.397288084 0.125131384 0.162134558 0.97647059 1 0.827450991
v -0.393494487 0.154382467 0.149684593 0.97647059 1 0.827450991
v -0.388638824 0.182348683 0.134874001 0.97647059 1 0.827450991
v -0.382604957 0.208839625 0.11793635 0.97647059 1 0.827450991
v -0.375268787 0.233697519 0.099138774 0.97647059 1 0.827450991
v -0.366504073 0.256799638 0.0787778199 0.97647059 1 0.827450991
v -0.356188208 0.27805984 0.0571743958 0.97647059 1 0.827450991
v -0.344208598 0.297428459 0.0346692987 0.97647059 1 0.827450991
v -0.330468237 0.314891487 0.0116174472 0.97647059 1 0.827450991
v -0.314891398 0.330468357 -0.0116176195 0.97647059 1 0.827450991
v -0.29742834 0.344208658 -0.0346694663 0.97647059 1 0.827450991
v -0.278059721 0.356188297 -0.0571745634 0.97647059 1 0.827450991
v -0.25679943 0.366504103 -0.0787779614 0.97647059 1 0.827450991
v -0.233697265 0.375268877 -0.0991390049 0.97647059 1 0.827450991
v -0.208839342 0.382605046 -0.117936566 0.97647059 1 0.827450991
v -0.182348385 0.388638914 -0.13487418 0.97647059 1 0.827450991
v -0.154382199 0.393494546 -0.149684712 0.97647059 1 0.827450991
v -0.125131086 0.397288144 -0.162134722 0.97647059 1 0.827450991
v -0.0948145017 0.400122523 -0.172027707 0.97647059 1 0.827450991
v -0.0636763275 0.40208289 -0.179207698 0.97647059 1 0.827450991
v -0.0319793969 0.403232872 -0.183561489 0.97647059 1 0.827450991
v -1.9118362e-08 0.403611749 -0.185020417 0.97647059 1 0.827450991
v 0.0319796018 0.403232872 -0.183561474 0.97647059 1 0.827450991
v 0.0636765361 0.40208292 -0.179207683 0.97647059 1 0.827450991
v 0.0948147476 0.400122494 -0.172027633 0.97647059 1 0.827450991
v 0.125131354 0.397288084 -0.162134573 0.97647059 1 0.827450991
v 0.154382378 0.393494517 -0.149684638 0.97647059 1 0.827450991
v 0.182348594 0.388638854 -0.134874061 0.97647059 1 0.827450991
v 0.208839566 0.382605016 -0.117936417 0.97647059 1 0.827450991
v 0.233697459 0.375268787 -0.099138841 0.97647059 1 0.827450991
v 0.256799638 0.366504043 -0.0787777975 0.97647059 1 0.827450991
v 0.27805987 0.356188178 -0.0571743548 0.97647059 1 0.827450991
v 0.297428519 0.344208539 -0.0346692391 0.97647059 1 0.827450991
v 0.314891517 0.330468178 -0.0116173849 0.97647059 1 0.827450991
v 0.330468386 0.314891338 0.0116176568 0.97647059 1 0.827450991
v 0.344208717 0.29742828 0.0346695259 0.97647059 1 0.827450991
v 0.356188297 0.278059632 0.0571746156 0.97647059 1 0.827450991
v 0.366504133 0.25679943 0.0787780061 0.97647059 1 0.827450991
v 0.375268906 0.23369725 0.0991390198 0.97647059 1 0.827450991
v 0.382605046 0.208839312 0.117936589 0.97647059 1 0.827450991
v 0.388638914 0.182348356 0.134874195 0.97647059 1 0.827450991
v 0.393494576 0.15438211 0.149684772 0.97647059 1 0.827450991
v 0.397288114 0.125131026 0.162134722 0.97647059 1 0.827450991
v 0.400122553 0.094814688 0.172027662 0.97647059 1 0.827450991
v 0.40208292 0.0636764616 0.179207683 0.97647059 1 0.827450991
v 0.403232872 0.031979531 0.183561474 0.97647059 1 0.827450991
v 0.356977552 0 0.14023757 0.97647059 1 0.827450991
v 0.356548667 -0.026794197 0.139131755 0.97647059 1 0.827450991
v 0.355253965 -0.0533793941 0.135831773 0.97647059 1 0.827450991
v 0.353069544 -0.0795510709 0.130389601 0.97647059 1 0.827450991
v 0.349957019 -0.105113529 0.122891113 0.97647059 1 0.827450991
v 0.345865101 -0.129883915 0.11345458 0.97647059 1 0.827450991
v 0.340732068 -0.153695881 0.102228791 0.97647059 1 0.827450991
v 0.334488958 -0.176402733 0.0893907771 0.97647059 1 0.827450991
v 0.327062845 -0.197879598 0.0751430392 0.97647059 1 0.827450991
v 0.318380564 -0.21802558 0.0597102679 0.97647059 1 0.827450991
v 0.308372676 -0.236764401 0.0433357731 0.97647059 1 0.827450991
v 0.29697752 -0.254044741 0.0262778867 0.97647059 1 0.827450991
v 0.284144819 -0.269839555 0.00880557019 0.97647059 1 0.827450991
v 0.269839525 -0.284144878 -0.00880561583 0.97647059 1 0.827450991
v 0.254044682 -0.29697752 -0.0262779165 0.97647059 1 0.827450991
v 0.236764401 -0.308372676 -0.0433357842 0.97647059 1 0.827450991
v 0.21802555 -0.318380535 -0.0597102642 0.97647059 1 0.827450991
v 0.197879568 -0.327062845 -0.075143069 0.97647059 1 0.827450991
v 0.176402658 -0.334488988 -0.0893908143 0.97647059 1 0.827450991
v 0.153695881 -0.340732068 -0.102228791 0.97647059 1 0.827450991
v 0.1298839 -0.345865101 -0.113454588 0.97647059 1 0.827450991
v 0.105113491 -0.349957019 -0.122891121 0.97647059 1 0.827450991
v 0.0795510262 -0.353069574 -0.130389601 0.97647059 1 0.827450991
v 0.0533793457 -0.355253965 -0.135831788 0.97647059 1 0.827450991
v 0.0267941356 -0.356548667 -0.139131755 0.97647059 1 0.827450991
v -1.65779266e-08 -0.356977552 -0.14023757 0.97647059 1 0.827450991
v -0.0267942231 -0.356548667 -0.139131755 0.97647059 1 0.827450991
v -0.0533794276 -0.355253905 -0.135831743 0.97647059 1 0.827450991
v -0.0795511156 -0.353069544 -0.130389586 0.97647059 1 0.827450991
v -0.105113573 -0.349957019 -0.122891098 0.97647059 1 0.827450991
v -0.12988393 -0.345865071 -0.113454573 0.97647059 1 0.827450991
v -0.153695941 -0.340732068 -0.102228768 0.97647059 1 0.827450991
v -0.176402733 -0.334488958 -0.0893907696 0.97647059 1 0.827450991
v -0.197879627 -0.327062815 -0.0751430169 0.97647059 1 0.827450991
v -0.218025625 -0.318380564 -0.059710227 0.97647059 1 0.827450991
v -0.236764431 -0.308372647 -0.0433357432 0.97647059 1 0.827450991
v -0.254044801 -0.29697752 -0.0262778495 0.97647059 1 0.827450991
v -0.269839585 -0.284144819 -0.00880552549 0.97647059 1 0.827450991
v -0.284144849 -0.269839525 0.00880559534 0.97647059 1 0.827450991
v -0.29697752 -0.254044682 0.0262779128 0.97647059 1 0.827450991
v -0.308372706 -0.236764356 0.0433358103 0.97647059 1 0.827450991
v -0.318380594 -0.218025565 0.0597102903 0.97647059 1 0.827450991
v -0.327062845 -0.197879538 0.0751430765 0.97647059 1 0.827450991
v -0.334488988 -0.176402658 0.0893908218 0.97647059 1 0.827450991
v -0.340732098 -0.153695837 0.10222882 0.97647059 1 0.827450991
v -0.345865101 -0.129883826 0.11345461 0.97647059 1 0.827450991
v -0.349957019 -0.105113424 0.12289115 0.97647059 1 0.827450991
v -0.353069544 -0.0795509666 0.130389616 0.97647059 1 0.827450991
v -0.355253935 -0.0533792786 0.135831773 0.97647059 1 0.827450991
v -0.356548667 -0.0267941765 0.139131755 0.97647059 1 0.827450991
v -0.356977552 5.61278704e-08 0.14023757 0.97647059 1 0.827450991
v -0.356548667 0.026794266 0.139131755 0.97647059 1 0.827450991
v -0.355253905 0.0533794686 0.135831729 0.97647059 1 0.827450991
v -0.353069544 0.0795511529 0.130389571 0.97647059 1 0.827450991
v -0.349957019 0.105113611 0.122891083 0.97647059 1 0.827450991
v -0.345865041 0.129884019 0.113454528 0.97647059 1 0.827450991
v -0.340732038 0.153696015 0.102228731 0.97647059 1 0.827450991
v -0.334488958 0.176402822 0.0893907174 0.97647059 1 0.827450991
v -0.327062786 0.197879702 0.0751429647 0.97647059 1 0.827450991
v -0.318380535 0.21802561 0.0597102195 0.97647059 1 0.827450991
v -0.308372676 0.236764446 0.0433357581 0.97647059 1 0.827450991
v -0.29697752 0.254044771 0.0262778532 0.97647059 1 0.827450991
v -0.284144849 0.269839615 0.00880553015 0.97647059 1 0.827450991
v -0.269839525 0.284144908 -0.00880565867 0.97647059 1 0.827450991
v -0.254044652 0.29697758 -0.0262779742 0.97647059 1 0.827450991
v -0.236764297 0.308372736 -0.0433358736 0.97647059 1 0.827450991
v -0.218025461 0.318380594 -0.059710335 0.97647059 1 0.827450991
v -0.197879478 0.327062875 -0.0751431286 0.97647059 1 0.827450991
v -0.176402569 0.334489018 -0.0893908739 0.97647059 1 0.827450991
v -0.153695762 0.340732098 -0.102228887 0.97647059 1 0.827450991
v -0.129883781 0.345865041 -0.113454618 0.97647059 1 0.827450991
v -0.105113357 0.349957108 -0.122891225 0.97647059 1 0.827450991
v -0.0795509219 0.353069574 -0.130389661 0.97647059 1 0.827450991
v -0.0533792265 0.355253935 -0.135831773 0.97647059 1 0.827450991
v -0.0267940201 0.356548667 -0.13913177 0.97647059 1 0.827450991
v -1.65779266e-08 0.356977552 -0.14023757 0.97647059 1 0.827450991
v 0.0267941896 0.356548667 -0.139131755 0.97647059 1 0.827450991
v 0.0533793978 0.355253965 -0.135831773 0.97647059 1 0.827450991
v 0.0795511231 0.353069544 -0.130389586 0.97647059 1 0.827450991
v 0.105113581 0.349957019 -0.122891098 0.97647059 1 0.827450991
v 0.12988393 0.345865071 -0.113454558 0.97647059 1 0.827450991
v 0.153695941 0.340732038 -0.102228768 0.97647059 1 0.827450991
v 0.176402763 0.334488988 -0.0893907771 0.97647059 1 0.827450991
v 0.197879642 0.327062815 -0.0751430094 0.97647059 1 0.827450991
v 0.21802564 0.318380535 -0.0597102046 0.97647059 1 0.827450991
v 0.236764476 0.308372617 -0.043335706 0.97647059 1 0.827450991
v 0.254044831 0.29697749 -0.0262778234 0.97647059 1 0.827450991
v 0.269839644 0.284144789 -0.00880548265 0.97647059 1 0.827450991
v 0.284144938 0.269839466 0.00880568754 0.97647059 1 0.827450991
v 0.296977609 0.254044592 0.0262780022 0.97647059 1 0.827450991
v 0.308372736 0.236764267 0.0433358997 0.97647059 1 0.827450991
v 0.318380624 0.218025431 0.0597103611 0.97647059 1 0.827450991
v 0.327062905 0.197879434 0.0751431584 0.97647059 1 0.827450991
v 0.334489018 0.176402539 0.0893908888 0.97647059 1 0.827450991
v 0.340732098 0.153695717 0.102228887 0.97647059 1 0.827450991
v 0.345865101 0.129883721 0.113454662 0.97647059 1 0.827450991
v 0.349957079 0.105113305 0.122891217 0.97647059 1 0.827450991
v 0.353069574 0.0795510188 0.130389601 0.97647059 1 0.827450991
v 0.355253965 0.053379342 0.135831788 0.97647059 1 0.827450991
v 0.356548667 0.0267941337 0.139131755 0.97647059 1 0.827450991
v 0.314476132 0 0.106294096 0.97647059 1 0.827450991
v 0.314037412 -0.0226360075 0.105455935 0.97647059 1 0.827450991
v 0.312716544 -0.0451145396 0.102954671 0.97647059 1 0.827450991
v 0.310499549 -0.0672811717 0.0988297537 0.97647059 1 0.827450991
v 0.307364225 -0.0889874324 0.0931462198 0.97647059 1 0.827450991
v 0.303280979 -0.110093564 0.0859937444 0.97647059 1 0.827450991
v 0.298214525 -0.130471036 0.0774850547 0.97647059 1 0.827450991
v 0.292125911 -0.150004566 0.0677543804 0.97647059 1 0.827450991
v 0.284974962 -0.168593898 0.0569552183 0.97647059 1 0.827450991
v 0.276722133 -0.186154932 0.0452578254 0.97647059 1 0.827450991
v 0.2673316 -0.202620506 0.0328466743 0.97647059 1 0.827450991
v 0.25677371 -0.217940673 0.0199175179 0.97647059 1 0.827450991
v 0.245027229 -0.232081994 0.006674245 0.97647059 1 0.827450991
v 0.232082009 -0.245027289 -0.00667426875 0.97647059 1 0.827450991
v 0.217940643 -0.25677368 -0.0199175235 0.97647059 1 0.827450991
v 0.202620521 -0.2673316 -0.0328466706 0.97647059 1 0.827450991
v 0.186154917 -0.276722133 -0.0452578329 0.97647059 1 0.827450991
v 0.168593869 -0.284974992 -0.0569552369 0.97647059 1 0.827450991
v 0.150004521 -0.292126 -0.0677544251 0.97647059 1 0.827450991
v 0.130471021 -0.298214495 -0.0774850473 0.97647059 1 0.827450991
v 0.110093556 -0.30328095 -0.085993737 0.97647059 1 0.827450991
v 0.0889874101 -0.307364225 -0.0931462273 0.97647059 1 0.827450991
v 0.067281127 -0.310499549 -0.0988297388 0.97647059 1 0.827450991
v 0.0451144986 -0.312716514 -0.102954678 0.97647059 1 0.827450991
v 0.0226359554 -0.314037412 -0.105455935 0.97647059 1 0.827450991
v -1.43888768e-08 -0.314476132 -0.106294096 0.97647059 1 0.827450991
v -0.0226360299 -0.314037412 -0.105455928 0.97647059 1 0.827450991
v -0.0451145768 -0.312716514 -0.102954663 0.97647059 1 0.827450991
v -0.0672812089 -0.310499549 -0.0988297388 0.97647059 1 0.827450991
v -0.0889874622 -0.307364166 -0.09314619 0.97647059 1 0.827450991
v -0.110093579 -0.30328095 -0.0859937221 0.97647059 1 0.827450991
v -0.130471051 -0.298214495 -0.0774850473 0.97647059 1 0.827450991
v -0.150004566 -0.292125911 -0.067754373 0.97647059 1 0.827450991
v -0.168593928 -0.284974933 -0.0569551997 0.97647059 1 0.827450991
v -0.186154962 -0.276722103 -0.0452577956 0.97647059 1 0.827450991
v -0.202620581 -0.26733163 -0.0328466445 0.97647059 1 0.827450991
v -0.217940718 -0.25677371 -0.0199174844 0.97647059 1 0.827450991
v -0.232082039 -0.245027199 -0.00667421101 0.97647059 1 0.827450991
v -0.245027274 -0.232082009 0.00667426549 0.97647059 1 0.827450991
v -0.25677371 -0.217940614 0.0199175328 0.97647059 1 0.827450991
v -0.26733166 -0.202620521 0.0328466967 0.97647059 1 0.827450991
v -0.276722163 -0.186154917 0.045257844 0.97647059 1 0.827450991
v -0.284974992 -0.168593854 0.0569552444 0.97647059 1 0.827450991
v -0.292126 -0.150004506 0.0677544326 0.97647059 1 0.827450991
v -0.298214495 -0.130470976 0.0774850845 0.97647059 1 0.827450991
v -0.303280979 -0.110093489 0.0859937593 0.97647059 1 0.827450991
v -0.307364225 -0.088987343 0.0931462273 0.97647059 1 0.827450991
v -0.310499549 -0.0672810748 0.0988297462 0.97647059 1 0.827450991
v -0.312716514 -0.0451144464 0.102954686 0.97647059 1 0.827450991
v -0.314037412 -0.0226359889 0.105455935 0.97647059 1 0.827450991
v -0.314476132 4.89533178e-08 0.106294096 0.97647059 1 0.827450991
v -0.314037412 0.0226360653 0.105455928 0.97647059 1 0.827450991
v -0.312716514 0.0451146066 0.102954656 0.97647059 1 0.827450991
v -0.310499549 0.0672812462 0.0988297313 0.97647059 1 0.827450991
v -0.307364196 0.0889875069 0.0931461975 0.97647059 1 0.827450991
v -0.30328092 0.110093653 0.0859936923 0.97647059 1 0.827450991
v -0.298214465 0.130471125 0.0774850175 0.97647059 1 0.827450991
v -0.29212594 0.150004655 0.0677543506 0.97647059 1 0.827450991
v -0.284974903 0.168593958 0.0569551513 0.97647059 1 0.827450991
v -0.276722074 0.186154947 0.0452577882 0.97647059 1 0.827450991
v -0.26733163 0.202620566 0.0328466482 0.97647059 1 0.827450991
v -0.25677371 0.217940703 0.0199174881 0.97647059 1 0.827450991
v -0.245027229 0.232082054 0.00667421473 0.97647059 1 0.827450991
v -0.23208195 0.245027289 -0.00667431252 0.97647059 1 0.827450991
v -0.217940569 0.25677374 -0.0199175794 0.97647059 1 0.827450991
v -0.202620462 0.26733169 -0.0328467414 0.97647059 1 0.827450991
v -0.186154813 0.276722163 -0.0452578776 0.97647059 1 0.827450991
v -0.168593764 0.284974962 -0.0569552779 0.97647059 1 0.827450991
v -0.150004447 0.292126 -0.0677544698 0.97647059 1 0.827450991
v -0.130470902 0.298214525 -0.0774851143 0.97647059 1 0.827450991
v -0.110093445 0.30328095 -0.0859937519 0.97647059 1 0.827450991
v -0.0889873132 0.307364255 -0.0931462646 0.97647059 1 0.827450991
v -0.067281045 0.310499579 -0.098829776 0.97647059 1 0.827450991
v -0.0451144055 0.312716514 -0.102954693 0.97647059 1 0.827450991
v -0.0226358585 0.314037412 -0.105455942 0.97647059 1 0.827450991
v -1.43888768e-08 0.314476132 -0.106294096 0.97647059 1 0.827450991
v 0.0226360001 0.314037412 -0.105455935 0.97647059 1 0.827450991
v 0.045114547 0.312716544 -0.102954671 0.97647059 1 0.827450991
v 0.0672812238 0.310499549 -0.0988297388 0.97647059 1 0.827450991
v 0.0889874697 0.307364166 -0.09314619 0.97647059 1 0.827450991
v 0.110093586 0.30328095 -0.0859937146 0.97647059 1 0.827450991
v 0.130471066 0.298214495 -0.0774850473 0.97647059 1 0.827450991
v 0.15000464 0.29212594 -0.0677543655 0.97647059 1 0.827450991
v 0.168593943 0.284974933 -0.0569551922 0.97647059 1 0.827450991
v 0.186154962 0.276722074 -0.0452577807 0.97647059 1 0.827450991
v 0.202620596 0.2673316 -0.0328466259 0.97647059 1 0.827450991
v 0.217940733 0.25677368 -0.0199174657 0.97647059 1 0.827450991
v 0.232082069 0.24502717 -0.00667417841 0.97647059 1 0.827450991
v 0.245027333 0.232081935 0.00667433534 0.97647059 1 0.827450991
v 0.2567738 0.217940554 0.0199176166 0.97647059 1 0.827450991
v 0.26733169 0.202620417 0.0328467749 0.97647059 1 0.827450991
v 0.276722223 0.186154813 0.0452579074 0.97647059 1 0.827450991
v 0.284974992 0.168593764 0.0569552965 0.97647059 1 0.827450991
v 0.292126 0.150004417 0.0677544847 0.97647059 1 0.827450991
v 0.298214555 0.130470887 0.0774851292 0.97647059 1 0.827450991
v 0.303280979 0.110093385 0.0859937742 0.97647059 1 0.827450991
v 0.307364255 0.0889872387 0.0931462795 0.97647059 1 0.827450991
v 0.310499549 0.067281127 0.0988297388 0.97647059 1 0.827450991
v 0.312716514 0.0451144949 0.102954678 0.97647059 1 0.827450991
v 0.314037412 0.0226359535 0.105455935 0.97647059 1 0.827450991
v 0.276219457 0 0.0805663839 0.97647059 1 0.827450991
v 0.275794417 -0.0192509536 0.0799311101 0.97647059 1 0.827450991
v 0.274516612 -0.0383809656 0.0780352578 0.97647059 1 0.827450991
v 0.272378474 -0.0572711751 0.0749087259 0.97647059 1 0.827450991
v 0.269368023 -0.0758067891 0.0706008598 0.97647059 1 0.827450991
v 0.265469462 -0.0938789696 0.0651795864 0.97647059 1 0.827450991
v 0.260664225 -0.111386523 0.058730375 0.97647059 1 0.827450991
v 0.254932374 -0.128237367 0.0513549373 0.97647059 1 0.827450991
v 0.24825415 -0.144349694 0.0431696214 0.97647059 1 0.827450991
v 0.240611285 -0.159652889 0.0343034975 0.97647059 1 0.827450991
v 0.231988713 -0.174087897 0.0248963851 0.97647059 1 0.827450991
v 0.222376421 -0.187607661 0.0150966272 0.97647059 1 0.827450991
v 0.211770922 -0.200176746 0.00505879382 0.97647059 1 0.827450991
v 0.200176731 -0.211770952 -0.00505881058 0.97647059 1 0.827450991
v 0.187607646 -0.222376466 -0.0150966467 0.97647059 1 0.827450991
v 0.174087912 -0.231988713 -0.0248963814 0.97647059 1 0.827450991
v 0.159652829 -0.240611255 -0.034303505 0.97647059 1 0.827450991
v 0.144349679 -0.248254195 -0.0431696437 0.97647059 1 0.827450991
v 0.128237337 -0.254932433 -0.0513549708 0.97647059 1 0.827450991
v 0.111386508 -0.260664195 -0.0587303676 0.97647059 1 0.827450991
v 0.0938789621 -0.265469462 -0.0651795939 0.97647059 1 0.827450991
v 0.0758067667 -0.269368023 -0.0706008598 0.97647059 1 0.827450991
v 0.0572711527 -0.272378504 -0.0749087483 0.97647059 1 0.827450991
v 0.0383809321 -0.274516612 -0.0780352652 0.97647059 1 0.827450991
v 0.0192509107 -0.275794417 -0.0799311101 0.97647059 1 0.827450991
v -1.24980355e-08 -0.276219457 -0.0805663839 0.97647059 1 0.827450991
v -0.0192509741 -0.275794417 -0.0799311027 0.97647059 1 0.827450991
v -0.0383809917 -0.274516582 -0.0780352354 0.97647059 1 0.827450991
v -0.0572712086 -0.272378474 -0.0749087185 0.97647059 1 0.827450991
v -0.0758068264 -0.269368023 -0.0706008449 0.97647059 1 0.827450991
v -0.0938789696 -0.265469432 -0.0651795715 0.97647059 1 0.827450991
v -0.111386538 -0.260664165 -0.0587303564 0.97647059 1 0.827450991
v -0.128237382 -0.254932374 -0.0513549298 0.97647059 1 0.827450991
v -0.144349709 -0.24825415 -0.0431696102 0.97647059 1 0.827450991
v -0.159652904 -0.24061127 -0.0343034826 0.97647059 1 0.827450991
v -0.174087942 -0.231988698 -0.0248963591 0.97647059 1 0.827450991
v -0.18760772 -0.222376421 -0.0150966048 0.97647059 1 0.827450991
v -0.200176775 -0.211770907 -0.00505876774 0.97647059 1 0.827450991
v -0.211770937 -0.200176731 0.00505880825 0.97647059 1 0.827450991
v -0.222376466 -0.187607646 0.0150966449 0.97647059 1 0.827450991
v -0.231988713 -0.174087852 0.0248963926 0.97647059 1 0.827450991
v -0.240611285 -0.159652859 0.0343035161 0.97647059 1 0.827450991
v -0.248254165 -0.14434965 0.0431696437 0.97647059 1 0.827450991
v -0.254932433 -0.128237322 0.0513549745 0.97647059 1 0.827450991
v -0.260664225 -0.11138647 0.0587303974 0.97647059 1 0.827450991
v -0.265469462 -0.093878895 0.0651795939 0.97647059 1 0.827450991
v -0.269368052 -0.0758067295 0.0706008896 0.97647059 1 0.827450991
v -0.272378504 -0.057271108 0.0749087557 0.97647059 1 0.827450991
v -0.274516612 -0.0383808874 0.0780352652 0.97647059 1 0.827450991
v -0.275794417 -0.0192509368 0.0799311101 0.97647059 1 0.827450991
v -0.276219457 4.26771791e-08 0.0805663839 0.97647059 1 0.827450991
v -0.275794417 0.0192510057 0.0799311027 0.97647059 1 0.827450991
v -0.274516582 0.0383810215 0.0780352354 0.97647059 1 0.827450991
v -0.272378474 0.0572712384 0.0749087185 0.97647059 1 0.827450991
v -0.269368023 0.0758068562 0.0706008375 0.97647059 1 0.827450991
v -0.265469432 0.0938790515 0.0651795566 0.97647059 1 0.827450991
v -0.260664165 0.111386597 0.0587303303 0.97647059 1 0.827450991
v -0.254932374 0.128237441 0.0513549112 0.97647059 1 0.827450991
v -0.248254135 0.144349769 0.0431695804 0.97647059 1 0.827450991
v -0.24061124 0.159652889 0.0343034789 0.97647059 1 0.827450991
v -0.231988698 0.174087912 0.0248963609 0.97647059 1 0.827450991
v -0.222376421 0.187607706 0.0150966076 0.97647059 1 0.827450991
v -0.211770937 0.20017679 0.00505877053 0.97647059 1 0.827450991
v -0.200176701 0.211770982 -0.00505884457 0.97647059 1 0.827450991
v -0.187607571 0.222376466 -0.0150966784 0.97647059 1 0.827450991
v -0.174087808 0.231988743 -0.024896428 0.97647059 1 0.827450991
v -0.15965277 0.2406113 -0.034303546 0.97647059 1 0.827450991
v -0.14434959 0.248254195 -0.0431696773 0.97647059 1 0.827450991
v -0.128237262 0.254932463 -0.0513550043 0.97647059 1 0.827450991
v -0.111386418 0.260664254 -0.0587304197 0.97647059 1 0.827450991
v -0.0938788727 0.265469462 -0.0651796013 0.97647059 1 0.827450991
v -0.0758066624 0.269368082 -0.070600912 0.97647059 1 0.827450991
v -0.0572710671 0.272378504 -0.0749087483 0.97647059 1 0.827450991
v -0.0383808203 0.274516612 -0.0780352801 0.97647059 1 0.827450991
v -0.0192508288 0.275794417 -0.0799311176 0.97647059 1 0.827450991
v -1.24980355e-08 0.276219457 -0.0805663839 0.97647059 1 0.827450991
v 0.019250948 0.275794417 -0.0799311101 0.97647059 1 0.827450991
v 0.0383809693 0.274516612 -0.0780352578 0.97647059 1 0.827450991
v 0.0572712198 0.272378474 -0.0749087185 0.97647059 1 0.827450991
v 0.0758068338 0.269368023 -0.0706008449 0.97647059 1 0.827450991
v 0.093878977 0.265469432 -0.0651795641 0.97647059 1 0.827450991
v 0.111386545 0.260664165 -0.0587303564 0.97647059 1 0.827450991
v 0.128237426 0.254932374 -0.0513549224 0.97647059 1 0.827450991
v 0.144349739 0.248254165 -0.0431696102 0.97647059 1 0.827450991
v 0.159652904 0.240611225 -0.0343034714 0.97647059 1 0.827450991
v 0.174087957 0.231988683 -0.0248963442 0.97647059 1 0.827450991
v 0.187607735 0.222376391 -0.0150965909 0.97647059 1 0.827450991
v 0.200176805 0.211770877 -0.00505874353 0.97647059 1 0.827450991
v 0.211770996 0.200176671 0.00505886087 0.97647059 1 0.827450991
v 0.222376496 0.187607542 0.0150967035 0.97647059 1 0.827450991
v 0.231988788 0.174087808 0.0248964466 0.97647059 1 0.827450991
v 0.240611345 0.15965277 0.0343035646 0.97647059 1 0.827450991
v 0.24825424 0.14434959 0.0431696996 0.97647059 1 0.827450991
v 0.254932433 0.128237233 0.0513550043 0.97647059 1 0.827450991
v 0.260664254 0.111386389 0.0587304346 0.97647059 1 0.827450991
v 0.265469462 0.0938788131 0.0651796237 0.97647059 1 0.827450991
v 0.269368082 0.0758066326 0.070600912 0.97647059 1 0.827450991
v 0.272378504 0.057271149 0.0749087483 0.97647059 1 0.827450991
v 0.274516612 0.0383809283 0.0780352652 0.97647059 1 0.827450991
v 0.275794417 0.019250907 0.0799311101 0.97647059 1 0.827450991
v 0.242085055 0 0.0610658973 0.97647059 1 0.827450991
v 0.241686523 -0.0164590348 0.0605843775 0.97647059 1 0.827450991
v 0.240489706 -0.0328234434 0.0591473989 0.97647059 1 0.827450991
v 0.238490984 -0.0490000285 0.05677763 0.97647059 1 0.827450991
v 0.235684782 -0.0648983866 0.0535124503 0.97647059 1 0.827450991
v 0.232063875 -0.0804322213 0.0494033545 0.97647059 1 0.827450991
v 0.22762014 -0.0955205336 0.044515118 0.97647059 1 0.827450991
v 0.222345531 -0.110088594 0.0389248654 0.97647059 1 0.827450991
v 0.216232792 -0.124068812 0.0327207372 0.97647059 1 0.827450991
v 0.209276661 -0.137401357 0.0260005966 0.97647059 1 0.827450991
v 0.201474726 -0.150034547 0.0188703965 0.97647059 1 0.827450991
v 0.19282876 -0.161925048 0.0114426026 0.97647059 1 0.827450991
v 0.183345482 -0.173037723 0.00383435027 0.97647059 1 0.827450991
v 0.173037708 -0.183345512 -0.00383436354 0.97647059 1 0.827450991
v 0.161925018 -0.192828774 -0.0114426157 0.97647059 1 0.827450991
v 0.150034562 -0.201474726 -0.0188703947 0.97647059 1 0.827450991
v 0.137401342 -0.209276661 -0.0260006003 0.97647059 1 0.827450991
v 0.124068797 -0.216232821 -0.0327207521 0.97647059 1 0.827450991
v 0.110088557 -0.222345546 -0.0389248803 0.97647059 1 0.827450991
v 0.0955205187 -0.227620125 -0.044515118 0.97647059 1 0.827450991
v 0.0804322213 -0.23206386 -0.0494033583 0.97647059 1 0.827450991
v 0.0648983642 -0.235684782 -0.053512454 0.97647059 1 0.827450991
v 0.0490000024 -0.238491014 -0.0567776412 0.97647059 1 0.827450991
v 0.0328234136 -0.240489706 -0.0591474026 0.97647059 1 0.827450991
v 0.0164589994 -0.241686523 -0.0605843775 0.97647059 1 0.827450991
v -1.08617293e-08 -0.242085055 -0.0610658973 0.97647059 1 0.827450991
v -0.0164590534 -0.241686523 -0.0605843738 0.97647059 1 0.827450991
v -0.0328234695 -0.240489691 -0.0591473952 0.97647059 1 0.827450991
v -0.0490000546 -0.238490984 -0.0567776226 0.97647059 1 0.827450991
v -0.0648984089 -0.235684752 -0.0535124391 0.97647059 1 0.827450991
v -0.0804322287 -0.23206383 -0.0494033396 0.97647059 1 0.827450991
v -0.0955205411 -0.22762011 -0.0445151106 0.97647059 1 0.827450991
v -0.110088609 -0.222345516 -0.038924858 0.97647059 1 0.827450991
v -0.124068841 -0.216232792 -0.0327207297 0.97647059 1 0.827450991
v -0.137401387 -0.209276646 -0.026000578 0.97647059 1 0.827450991
v -0.150034592 -0.201474711 -0.0188703779 0.97647059 1 0.827450991
v -0.161925077 -0.19282873 -0.0114425831 0.97647059 1 0.827450991
v -0.173037753 -0.183345452 -0.00383433071 0.97647059 1 0.827450991
v -0.183345497 -0.173037708 0.00383436168 0.97647059 1 0.827450991
v -0.192828774 -0.161925018 0.0114426138 0.97647059 1 0.827450991
v -0.201474756 -0.150034532 0.0188704077 0.97647059 1 0.827450991
v -0.209276691 -0.137401357 0.0260006078 0.97647059 1 0.827450991
v -0.216232806 -0.124068774 0.0327207521 0.97647059 1 0.827450991
v -0.222345546 -0.11008855 0.0389248841 0.97647059 1 0.827450991
v -0.227620155 -0.0955204889 0.0445151366 0.97647059 1 0.827450991
v -0.23206386 -0.0804321691 0.049403362 0.97647059 1 0.827450991
v -0.235684797 -0.064898327 0.0535124652 0.97647059 1 0.827450991
v -0.238490999 -0.0489999577 0.0567776412 0.97647059 1 0.827450991
v -0.240489706 -0.0328233764 0.0591474064 0.97647059 1 0.827450991
v -0.241686523 -0.0164590217 0.0605843775 0.97647059 1 0.827450991
v -0.242085055 3.71933808e-08 0.0610658973 0.97647059 1 0.827450991
v -0.241686523 0.0164590813 0.0605843738 0.97647059 1 0.827450991
v -0.240489691 0.0328234956 0.0591473915 0.97647059 1 0.827450991
v -0.238490999 0.0490000807 0.0567776263 0.97647059 1 0.827450991
v -0.235684752 0.0648984388 0.0535124317 0.97647059 1 0.827450991
v -0.232063815 0.0804322883 0.049403321 0.97647059 1 0.827450991
v -0.227620095 0.0955205932 0.0445150919 0.97647059 1 0.827450991
v -0.222345501 0.110088646 0.0389248319 0.97647059 1 0.827450991
v -0.216232777 0.124068879 0.0327207036 0.97647059 1 0.827450991
v -0.209276631 0.137401387 0.0260005761 0.97647059 1 0.827450991
v -0.201474711 0.150034577 0.0188703798 0.97647059 1 0.827450991
v -0.192828745 0.161925077 0.0114425868 0.97647059 1 0.827450991
v -0.183345467 0.173037753 0.00383433257 0.97647059 1 0.827450991
v -0.173037678 0.183345526 -0.00383438962 0.97647059 1 0.827450991
v -0.161924973 0.192828804 -0.0114426389 0.97647059 1 0.827450991
v -0.150034487 0.201474771 -0.0188704319 0.97647059 1 0.827450991
v -0.137401283 0.209276691 -0.0260006264 0.97647059 1 0.827450991
v -0.12406873 0.216232836 -0.0327207781 0.97647059 1 0.827450991
v -0.11008849 0.222345561 -0.038924899 0.97647059 1 0.827450991
v -0.0955204666 0.22762017 -0.0445151478 0.97647059 1 0.827450991
v -0.0804321095 0.23206386 -0.0494033732 0.97647059 1 0.827450991
v -0.0648982972 0.235684797 -0.0535124727 0.97647059 1 0.827450991
v -0.0489999354 0.238491029 -0.0567776486 0.97647059 1 0.827450991
v -0.0328233428 0.240489706 -0.0591474101 0.97647059 1 0.827450991
v -0.0164589267 0.241686508 -0.0605843738 0.97647059 1 0.827450991
v -1.08617293e-08 0.242085055 -0.0610658973 0.97647059 1 0.827450991
v 0.016459031 0.241686523 -0.0605843775 0.97647059 1 0.827450991
v 0.0328234471 0.240489721 -0.0591474064 0.97647059 1 0.827450991
v 0.049000062 0.238490984 -0.0567776226 0.97647059 1 0.827450991
v 0.064898394 0.235684767 -0.0535124466 0.97647059 1 0.827450991
v 0.0804322362 0.23206383 -0.0494033359 0.97647059 1 0.827450991
v 0.095520556 0.227620125 -0.0445151143 0.97647059 1 0.827450991
v 0.110088624 0.222345531 -0.038924858 0.97647059 1 0.827450991
v 0.124068849 0.216232792 -0.032720726 0.97647059 1 0.827450991
v 0.137401402 0.209276617 -0.0260005705 0.97647059 1 0.827450991
v 0.150034606 0.201474681 -0.0188703649 0.97647059 1 0.827450991
v 0.161925092 0.192828715 -0.0114425728 0.97647059 1 0.827450991
v 0.173037782 0.183345437 -0.00383431255 0.97647059 1 0.827450991
v 0.183345541 0.173037648 0.00383440126 0.97647059 1 0.827450991
v 0.192828819 0.161924958 0.011442651 0.97647059 1 0.827450991
v 0.201474801 0.150034472 0.0188704468 0.97647059 1 0.827450991
v 0.209276721 0.137401268 0.0260006487 0.97647059 1 0.827450991
v 0.216232851 0.124068715 0.0327207819 0.97647059 1 0.827450991
v 0.222345561 0.110088482 0.0389249027 0.97647059 1 0.827450991
v 0.22762017 0.095520407 0.044515159 0.97647059 1 0.827450991
v 0.23206386 0.0804320872 0.0494033806 0.97647059 1 0.827450991
v 0.235684797 0.0648982376 0.0535124801 0.97647059 1 0.827450991
v 0.238491014 0.0489999987 0.0567776412 0.97647059 1 0.827450991
v 0.240489706 0.0328234099 0.0591474026 0.97647059 1 0.827450991
v 0.241686523 0.0164589975 0.0605843775 0.97647059 1 0.827450991
v 0.21182099 0 0.046285335 0.97647059 1 0.827450991
v 0.211455256 -0.0141307395 0.0459203683 0.97647059 1 0.827450991
v 0.210357651 -0.0281861331 0.0448312052 0.97647059 1 0.827450991
v 0.208526954 -0.0420918278 0.043035008 0.97647059 1 0.827450991
v 0.205961585 -0.0557754152 0.0405601487 0.97647059 1 0.827450991
v 0.202659547 -0.0691673532 0.0374456272 0.97647059 1 0.827450991
v 0.198619097 -0.0822017938 0.0337405615 0.97647059 1 0.827450991
v 0.193839252 -0.0948172808 0.0295033772 0.97647059 1 0.827450991
v 0.188320443 -0.106957361 0.0248009246 0.97647059 1 0.827450991
v 0.182064965 -0.11857105 0.0197073352 0.97647059 1 0.827450991
v 0.175077856 -0.129613101 0.0143029541 0.97647059 1 0.827450991
v 0.167367503 -0.140044287 0.00867300294 0.97647059 1 0.827450991
v 0.158946261 -0.149831206 0.002906268 0.97647059 1 0.827450991
v 0.149831176 -0.158946291 -0.0029062829 0.97647059 1 0.827450991
v 0.140044272 -0.167367503 -0.00867300667 0.97647059 1 0.827450991
v 0.129613101 -0.175077841 -0.0143029569 0.97647059 1 0.827450991
v 0.118571013 -0.18206495 -0.0197073407 0.97647059 1 0.827450991
v 0.106957331 -0.188320443 -0.0248009283 0.97647059 1 0.827450991
v 0.094817251 -0.193839267 -0.0295033921 0.97647059 1 0.827450991
v 0.0822017938 -0.198619097 -0.0337405615 0.97647059 1 0.827450991
v 0.0691673532 -0.202659547 -0.0374456309 0.97647059 1 0.827450991
v 0.0557753965 -0.20596157 -0.0405601449 0.97647059 1 0.827450991
v 0.0420918055 -0.208526984 -0.0430350192 0.97647059 1 0.827450991
v 0.0281861108 -0.210357651 -0.0448312052 0.97647059 1 0.827450991
v 0.0141307097 -0.211455256 -0.0459203683 0.97647059 1 0.827450991
v -9.44366185e-09 -0.21182099 -0.046285335 0.97647059 1 0.827450991
v -0.0141307563 -0.211455256 -0.0459203683 0.97647059 1 0.827450991
v -0.0281861536 -0.210357621 -0.044831194 0.97647059 1 0.827450991
v -0.0420918539 -0.208526969 -0.0430350117 0.97647059 1 0.827450991
v -0.0557754375 -0.20596157 -0.0405601338 0.97647059 1 0.827450991
v -0.0691673607 -0.202659518 -0.0374456197 0.97647059 1 0.827450991
v -0.0822018012 -0.198619053 -0.0337405466 0.97647059 1 0.827450991
v -0.0948172882 -0.193839252 -0.0295033753 0.97647059 1 0.827450991
v -0.106957369 -0.188320413 -0.0248009115 0.97647059 1 0.827450991
v -0.11857105 -0.18206495 -0.019707324 0.97647059 1 0.827450991
v -0.129613146 -0.175077841 -0.014302941 0.97647059 1 0.827450991
v -0.140044317 -0.167367488 -0.0086729899 0.97647059 1 0.827450991
v -0.149831221 -0.158946246 -0.00290625845 0.97647059 1 0.827450991
v -0.158946276 -0.149831176 0.0029062815 0.97647059 1 0.827450991
v -0.167367518 -0.140044257 0.00867301133 0.97647059 1 0.827450991
v -0.17507787 -0.129613101 0.0143029634 0.97647059 1 0.827450991
v -0.182064965 -0.118571021 0.0197073482 0.97647059 1 0.827450991
v -0.188320428 -0.106957309 0.0248009264 0.97647059 1 0.827450991
v -0.193839267 -0.0948172435 0.0295033939 0.97647059 1 0.827450991
v -0.198619097 -0.082201764 0.0337405726 0.97647059 1 0.827450991
v -0.202659562 -0.069167316 0.0374456383 0.97647059 1 0.827450991
v -0.2059616 -0.0557753667 0.0405601598 0.97647059 1 0.827450991
v -0.208526969 -0.0420917682 0.0430350192 0.97647059 1 0.827450991
v -0.210357636 -0.0281860735 0.0448312014 0.97647059 1 0.827450991
v -0.211455256 -0.0141307293 0.0459203683 0.97647059 1 0.827450991
v -0.21182099 3.24061133e-08 0.046285335 0.97647059 1 0.827450991
v -0.211455256 0.0141307805 0.0459203683 0.97647059 1 0.827450991
v -0.210357621 0.028186176 0.0448311903 0.97647059 1 0.827450991
v -0.208526969 0.0420918763 0.043035008 0.97647059 1 0.827450991
v -0.20596157 0.0557754599 0.04056013 0.97647059 1 0.827450991
v -0.202659518 0.0691674128 0.0374456123 0.97647059 1 0.827450991
v -0.198619053 0.0822018534 0.0337405391 0.97647059 1 0.827450991
v -0.193839252 0.0948173404 0.0295033623 0.97647059 1 0.827450991
v -0.188320398 0.106957406 0.0248008948 0.97647059 1 0.827450991
v -0.182064936 0.118571043 0.0197073221 0.97647059 1 0.827450991
v -0.175077841 0.129613131 0.0143029429 0.97647059 1 0.827450991
v -0.167367488 0.140044317 0.00867299084 0.97647059 1 0.827450991
v -0.158946276 0.149831235 0.00290626031 0.97647059 1 0.827450991
v -0.149831146 0.15894632 -0.00290630246 0.97647059 1 0.827450991
v -0.140044212 0.167367518 -0.00867302995 0.97647059 1 0.827450991
v -0.129613057 0.175077885 -0.0143029839 0.97647059 1 0.827450991
v -0.118570954 0.18206498 -0.0197073612 0.97647059 1 0.827450991
v -0.106957279 0.188320458 -0.0248009507 0.97647059 1 0.827450991
v -0.0948171988 0.193839297 -0.0295034107 0.97647059 1 0.827450991
v -0.0822017118 0.198619112 -0.0337405875 0.97647059 1 0.827450991
v -0.0691672862 0.202659532 -0.0374456346 0.97647059 1 0.827450991
v -0.0557753406 0.2059616 -0.0405601636 0.97647059 1 0.827450991
v -0.0420917496 0.208527014 -0.0430350341 0.97647059 1 0.827450991
v -0.0281860474 0.210357636 -0.0448312052 0.97647059 1 0.827450991
v -0.0141306482 0.211455241 -0.0459203646 0.97647059 1 0.827450991
v -9.44366185e-09 0.21182099 -0.046285335 0.97647059 1 0.827450991
v 0.0141307376 0.211455256 -0.0459203683 0.97647059 1 0.827450991
v 0.028186135 0.210357651 -0.0448312052 0.97647059 1 0.827450991
v 0.0420918539 0.208526969 -0.0430350117 0.97647059 1 0.827450991
v 0.055775445 0.20596157 -0.0405601338 0.97647059 1 0.827450991
v 0.0691673681 0.202659532 -0.0374456234 0.97647059 1 0.827450991
v 0.0822018161 0.198619068 -0.0337405503 0.97647059 1 0.827450991
v 0.0948173031 0.193839267 -0.0295033772 0.97647059 1 0.827450991
v 0.106957376 0.188320413 -0.0248009097 0.97647059 1 0.827450991
v 0.118571065 0.182064936 -0.0197073221 0.97647059 1 0.827450991
v 0.129613161 0.175077826 -0.0143029327 0.97647059 1 0.827450991
v 0.140044332 0.167367473 -0.00867298152 0.97647059 1 0.827450991
v 0.149831235 0.158946231 -0.00290624425 0.97647059 1 0.827450991
v 0.15894635 0.149831131 0.00290631736 0.97647059 1 0.827450991
v 0.167367548 0.140044183 0.00867304485 0.97647059 1 0.827450991
v 0.1750779 0.129613027 0.0143029978 0.97647059 1 0.827450991
v 0.18206498 0.118570939 0.0197073687 0.97647059 1 0.827450991
v 0.188320458 0.106957257 0.0248009488 0.97647059 1 0.827450991
v 0.193839297 0.0948171839 0.0295034163 0.97647059 1 0.827450991
v 0.198619097 0.082201682 0.0337405838 0.97647059 1 0.827450991
v 0.202659547 0.0691672489 0.0374456458 0.97647059 1 0.827450991
v 0.2059616 0.0557752885 0.0405601636 0.97647059 1 0.827450991
v 0.208526984 0.0420918055 0.0430350192 0.97647059 1 0.827450991
v 0.210357651 0.0281861071 0.0448312052 0.97647059 1 0.827450991
v 0.211455256 0.0141307069 0.0459203683 0.97647059 1 0.827450991
v 0.185112387 0 0.0350823104 0.97647059 1 0.827450991
v 0.184781596 -0.0121712638 0.0348056778 0.97647059 1 0.827450991
v 0.183789268 -0.0242815707 0.0339801349 0.97647059 1 0.827450991
v 0.182135686 -0.0362706706 0.0326187015 0.97647059 1 0.827450991
v 0.179821596 -0.0480796881 0.0307428651 0.97647059 1 0.827450991
v 0.176848054 -0.0596517511 0.0283821896 0.97647059 1 0.827450991
v 0.173217073 -0.0709326118 0.0255739056 0.97647059 1 0.827450991
v 0.168931842 -0.0818711519 0.022362303 0.97647059 1 0.827450991
v 0.163997084 -0.0924197957 0.0187980402 0.97647059 1 0.827450991
v 0.15841946 -0.102534905 0.0149373198 0.97647059 1 0.827450991
v 0.152207941 -0.112176917 0.0108410297 0.97647059 1 0.827450991
v 0.145374417 -0.121310666 0.006573766 0.97647059 1 0.827450991
v 0.137933969 -0.129905239 0.00220283167 0.97647059 1 0.827450991
v 0.129905224 -0.137933999 -0.00220283889 0.97647059 1 0.827450991
v 0.121310651 -0.145374432 -0.00657377345 0.97647059 1 0.827450991
v 0.112176925 -0.152207941 -0.0108410288 0.97647059 1 0.827450991
v 0.102534875 -0.158419445 -0.0149373244 0.97647059 1 0.827450991
v 0.0924197808 -0.163997099 -0.0187980458 0.97647059 1 0.827450991
v 0.0818711221 -0.168931872 -0.0223623123 0.97647059 1 0.827450991
v 0.0709326118 -0.173217073 -0.0255739056 0.97647059 1 0.827450991
v 0.0596517399 -0.176848039 -0.0283821877 0.97647059 1 0.827450991
v 0.0480796732 -0.179821596 -0.0307428669 0.97647059 1 0.827450991
v 0.0362706557 -0.182135716 -0.0326187089 0.97647059 1 0.827450991
v 0.0242815502 -0.183789268 -0.0339801386 0.97647059 1 0.827450991
v 0.0121712359 -0.184781596 -0.0348056778 0.97647059 1 0.827450991
v -8.21338197e-09 -0.185112387 -0.0350823104 0.97647059 1 0.827450991
v -0.0121712759 -0.184781596 -0.0348056741 0.97647059 1 0.827450991
v -0.0242815893 -0.183789253 -0.0339801349 0.97647059 1 0.827450991
v -0.0362706929 -0.182135701 -0.0326187015 0.97647059 1 0.827450991
v -0.048079703 -0.179821551 -0.030742852 0.97647059 1 0.827450991
v -0.0596517511 -0.176848024 -0.028382184 0.97647059 1 0.827450991
v -0.0709326267 -0.173217058 -0.0255739 0.97647059 1 0.827450991
v -0.0818711594 -0.168931842 -0.0223622993 0.97647059 1 0.827450991
v -0.0924198031 -0.163997054 -0.0187980291 0.97647059 1 0.827450991
v -0.102534905 -0.15841943 -0.0149373114 0.97647059 1 0.827450991
v -0.112176947 -0.152207926 -0.0108410176 0.97647059 1 0.827450991
v -0.121310689 -0.145374417 -0.00657375529 0.97647059 1 0.827450991
v -0.129905239 -0.137933955 -0.00220282027 0.97647059 1 0.827450991
v -0.137933984 -0.129905224 0.00220283773 0.97647059 1 0.827450991
v -0.145374432 -0.121310651 0.00657377252 0.97647059 1 0.827450991
v -0.152207956 -0.112176903 0.0108410344 0.97647059 1 0.827450991
v -0.158419475 -0.102534883 0.0149373291 0.97647059 1 0.827450991
v -0.163997084 -0.0924197584 0.018798044 0.97647059 1 0.827450991
v -0.168931872 -0.0818711221 0.0223623142 0.97647059 1 0.827450991
v -0.173217088 -0.070932582 0.0255739149 0.97647059 1 0.827450991
v -0.176848039 -0.0596517026 0.0283821877 0.97647059 1 0.827450991
v -0.179821596 -0.0480796434 0.0307428744 0.97647059 1 0.827450991
v -0.182135701 -0.0362706259 0.0326187052 0.97647059 1 0.827450991
v -0.183789268 -0.0242815204 0.0339801386 0.97647059 1 0.827450991
v -0.184781596 -0.0121712526 0.0348056778 0.97647059 1 0.827450991
v -0.185112387 2.82296853e-08 0.0350823104 0.97647059 1 0.827450991
v -0.184781596 0.0121712973 0.0348056741 0.97647059 1 0.827450991
v -0.183789253 0.0242816098 0.0339801311 0.97647059 1 0.827450991
v -0.182135701 0.0362707153 0.0326187015 0.97647059 1 0.827450991
v -0.179821566 0.0480797254 0.0307428539 0.97647059 1 0.827450991
v -0.176847994 0.059651792 0.0283821672 0.97647059 1 0.827450991
v -0.173217043 0.070932664 0.0255738888 0.97647059 1 0.827450991
v -0.168931842 0.0818711966 0.0223622881 0.97647059 1 0.827450991
v -0.163997084 0.0924198478 0.0187980216 0.97647059 1 0.827450991
v -0.15841943 0.102534905 0.0149373123 0.97647059 1 0.827450991
v -0.152207926 0.112176947 0.0108410204 0.97647059 1 0.827450991
v -0.145374432 0.121310689 0.00657375716 0.97647059 1 0.827450991
v -0.137933969 0.129905254 0.00220282143 0.97647059 1 0.827450991
v -0.129905194 0.137934014 -0.00220285379 0.97647059 1 0.827450991
v -0.121310614 0.145374462 -0.00657378836 0.97647059 1 0.827450991
v -0.112176873 0.152207971 -0.0108410502 0.97647059 1 0.827450991
v -0.102534823 0.15841946 -0.0149373384 0.97647059 1 0.827450991
v -0.0924197361 0.163997114 -0.0187980626 0.97647059 1 0.827450991
v -0.0818710849 0.168931901 -0.0223623291 0.97647059 1 0.827450991
v -0.0709325448 0.173217103 -0.0255739242 0.97647059 1 0.827450991
v -0.059651684 0.176848039 -0.0283821914 0.97647059 1 0.827450991
v -0.0480796061 0.17982161 -0.0307428818 0.97647059 1 0.827450991
v -0.0362705849 0.182135746 -0.0326187238 0.97647059 1 0.827450991
v -0.0242814962 0.183789253 -0.0339801349 0.97647059 1 0.827450991
v -0.0121711846 0.184781596 -0.0348056778 0.97647059 1 0.827450991
v -8.21338197e-09 0.185112387 -0.0350823104 0.97647059 1 0.827450991
v 0.0121712591 0.184781596 -0.0348056778 0.97647059 1 0.827450991
v 0.0242815744 0.183789283 -0.0339801386 0.97647059 1 0.827450991
v 0.0362707004 0.182135701 -0.0326187015 0.97647059 1 0.827450991
v 0.0480797105 0.179821551 -0.030742852 0.97647059 1 0.827450991
v 0.0596517585 0.176848024 -0.0283821821 0.97647059 1 0.827450991
v 0.0709326267 0.173217058 -0.0255739 0.97647059 1 0.827450991
v 0.0818711743 0.168931857 -0.0223623011 0.97647059 1 0.827450991
v 0.092419818 0.163997069 -0.0187980309 0.97647059 1 0.827450991
v 0.10253492 0.158419415 -0.0149373095 0.97647059 1 0.827450991
v 0.11217697 0.152207911 -0.0108410083 0.97647059 1 0.827450991
v 0.121310711 0.145374388 -0.00657374458 0.97647059 1 0.827450991
v 0.129905254 0.137933925 -0.00220281328 0.97647059 1 0.827450991
v 0.137934029 0.129905179 0.00220286078 0.97647059 1 0.827450991
v 0.145374477 0.121310592 0.00657379907 0.97647059 1 0.827450991
v 0.152208 0.112176865 0.0108410576 0.97647059 1 0.827450991
v 0.15841949 0.102534816 0.0149373477 0.97647059 1 0.827450991
v 0.163997129 0.0924197212 0.01879807 0.97647059 1 0.827450991
v 0.168931887 0.08187107 0.0223623309 0.97647059 1 0.827450991
v 0.173217118 0.0709325299 0.0255739316 0.97647059 1 0.827450991
v 0.176848054 0.0596516579 0.0283822063 0.97647059 1 0.827450991
v 0.17982161 0.0480795838 0.0307428837 0.97647059 1 0.827450991
v 0.182135716 0.0362706557 0.0326187089 0.97647059 1 0.827450991
v 0.183789268 0.0242815483 0.0339801386 0.97647059 1 0.827450991
v 0.184781596 0.0121712349 0.0348056778 0.97647059 1 0.827450991
v 0.161621794 0 0.0265908986 0.97647059 1 0.827450991
v 0.161325619 -0.0105099063 0.0263812225 0.97647059 1 0.827450991
v 0.160437465 -0.02096981 0.0257554967 0.97647059 1 0.827450991
v 0.15895842 -0.0313302055 0.0247235894 0.97647059 1 0.827450991
v 0.156890467 -0.0415425748 0.0233017784 0.97647059 1 0.827450991
v 0.154236525 -0.0515598543 0.0215124898 0.97647059 1 0.827450991
v 0.151000604 -0.061336834 0.0193839315 0.97647059 1 0.827450991
v 0.147188112 -0.0708305761 0.0169496704 0.97647059 1 0.827450991
v 0.142806083 -0.0800007135 0.0142481122 0.97647059 1 0.827450991
v 0.137863308 -0.0888097361 0.0113218511 0.97647059 1 0.827450991
v 0.13237074 -0.0972230881 0.00821703766 0.97647059 1 0.827450991
v 0.12634173 -0.105209514 0.00498263491 0.97647059 1 0.827450991
v 0.119792134 -0.112740822 0.00166965241 0.97647059 1 0.827450991
v 0.112740815 -0.119792148 -0.00166965788 0.97647059 1 0.827450991
v 0.105209492 -0.12634173 -0.0049826405 0.97647059 1 0.827450991
v 0.0972230956 -0.13237074 -0.00821703672 0.97647059 1 0.827450991
v 0.0888097063 -0.137863293 -0.0113218548 0.97647059 1 0.827450991
v 0.080000706 -0.142806083 -0.0142481197 0.97647059 1 0.827450991
v 0.0708305612 -0.147188142 -0.0169496816 0.97647059 1 0.827450991
v 0.061336834 -0.151000604 -0.0193839315 0.97647059 1 0.827450991
v 0.0515598468 -0.154236525 -0.0215124898 0.97647059 1 0.827450991
v 0.0415425636 -0.156890467 -0.0233017802 0.97647059 1 0.827450991
v 0.0313301906 -0.158958435 -0.0247235931 0.97647059 1 0.827450991
v 0.0209697876 -0.16043745 -0.0257554948 0.97647059 1 0.827450991
v 0.0105098831 -0.161325619 -0.0263812225 0.97647059 1 0.827450991
v -7.14512804e-09 -0.161621794 -0.0265908986 0.97647059 1 0.827450991
v -0.0105099184 -0.161325619 -0.0263812207 0.97647059 1 0.827450991
v -0.0209698249 -0.160437465 -0.0257554948 0.97647059 1 0.827450991
v -0.0313302204 -0.15895842 -0.0247235857 0.97647059 1 0.827450991
v -0.0415425934 -0.156890452 -0.0233017746 0.97647059 1 0.827450991
v -0.051559858 -0.154236525 -0.0215124879 0.97647059 1 0.827450991
v -0.0613368414 -0.151000589 -0.0193839241 0.97647059 1 0.827450991
v -0.0708305836 -0.147188112 -0.0169496704 0.97647059 1 0.827450991
v -0.0800007284 -0.142806068 -0.0142481076 0.97647059 1 0.827450991
v -0.0888097361 -0.137863293 -0.0113218455 0.97647059 1 0.827450991
v -0.0972231254 -0.13237074 -0.0082170302 0.97647059 1 0.827450991
v -0.105209537 -0.126341701 -0.004982627 0.97647059 1 0.827450991
v -0.112740844 -0.119792119 -0.0016696438 0.97647059 1 0.827450991
v -0.119792141 -0.112740815 0.00166965707 0.97647059 1 0.827450991
v -0.12634173 -0.105209492 0.00498264004 0.97647059 1 0.827450991
v -0.132370755 -0.0972230807 0.00821704138 0.97647059 1 0.827450991
v -0.137863323 -0.0888097137 0.0113218585 0.97647059 1 0.827450991
v -0.142806068 -0.0800006911 0.0142481187 0.97647059 1 0.827450991
v -0.147188142 -0.0708305538 0.0169496834 0.97647059 1 0.827450991
v -0.151000619 -0.0613368079 0.0193839371 0.97647059 1 0.827450991
v -0.154236525 -0.0515598133 0.0215124916 0.97647059 1 0.827450991
v -0.156890482 -0.0415425412 0.0233017877 0.97647059 1 0.827450991
v -0.15895842 -0.0313301608 0.0247235931 0.97647059 1 0.827450991
v -0.160437435 -0.0209697634 0.0257554967 0.97647059 1 0.827450991
v -0.161325619 -0.010509897 0.0263812225 0.97647059 1 0.827450991
v -0.161621794 2.4587985e-08 0.0265908986 0.97647059 1 0.827450991
v -0.161325619 0.0105099361 0.0263812207 0.97647059 1 0.827450991
v -0.160437465 0.0209698416 0.025755493 0.97647059 1 0.827450991
v -0.15895842 0.031330239 0.0247235838 0.97647059 1 0.827450991
v -0.156890452 0.041542612 0.0233017709 0.97647059 1 0.827450991
v -0.154236495 0.0515598916 0.0215124767 0.97647059 1 0.827450991
v -0.151000574 0.061336875 0.0193839166 0.97647059 1 0.827450991
v -0.147188112 0.0708306283 0.0169496629 0.97647059 1 0.827450991
v -0.142806068 0.0800007656 0.0142481001 0.97647059 1 0.827450991
v -0.137863293 0.0888097361 0.0113218455 0.97647059 1 0.827450991
v -0.13237074 0.0972231179 0.00821703114 0.97647059 1 0.827450991
v -0.126341715 0.105209537 0.00498262839 0.97647059 1 0.827450991
v -0.119792141 0.112740852 0.00166964473 0.97647059 1 0.827450991
v -0.112740822 0.119792141 -0.00166965649 0.97647059 1 0.827450991
v -0.105209455 0.126341745 -0.00498265121 0.97647059 1 0.827450991
v -0.0972230509 0.13237077 -0.00821705349 0.97647059 1 0.827450991
v -0.088809669 0.137863323 -0.0113218678 0.97647059 1 0.827450991
v -0.0800006613 0.142806098 -0.0142481299 0.97647059 1 0.827450991
v -0.0708305165 0.147188157 -0.0169496909 0.97647059 1 0.827450991
v -0.0613367744 0.151000634 -0.0193839446 0.97647059 1 0.827450991
v -0.0515597947 0.154236525 -0.0215124954 0.97647059 1 0.827450991
v -0.0415425077 0.156890497 -0.0233017933 0.97647059 1 0.827450991
v -0.0313301273 0.15895845 -0.0247236025 0.97647059 1 0.827450991
v -0.0209697429 0.160437435 -0.0257554986 0.97647059 1 0.827450991
v -0.0105098384 0.161325619 -0.0263812244 0.97647059 1 0.827450991
v -7.14512804e-09 0.161621794 -0.0265908986 0.97647059 1 0.827450991
v 0.0105099035 0.161325619 -0.0263812225 0.97647059 1 0.827450991
v 0.02096981 0.160437465 -0.0257554967 0.97647059 1 0.827450991
v 0.0313302279 0.15895842 -0.0247235857 0.97647059 1 0.827450991
v 0.0415426008 0.156890452 -0.0233017746 0.97647059 1 0.827450991
v 0.0515598617 0.154236525 -0.021512486 0.97647059 1 0.827450991
v 0.0613368452 0.151000589 -0.0193839241 0.97647059 1 0.827450991
v 0.0708305985 0.147188127 -0.0169496704 0.97647059 1 0.827450991
v 0.0800007358 0.142806068 -0.0142481066 0.97647059 1 0.827450991
v 0.088809751 0.137863293 -0.0113218455 0.97647059 1 0.827450991
v 0.0972231328 0.132370725 -0.00821702555 0.97647059 1 0.827450991
v 0.105209552 0.126341686 -0.00498261908 0.97647059 1 0.827450991
v 0.112740859 0.119792111 -0.00166963576 0.97647059 1 0.827450991
v 0.119792193 0.112740785 0.00166967476 0.97647059 1 0.827450991
v 0.12634176 0.10520944 0.00498265959 0.97647059 1 0.827450991
v 0.1323708 0.0972230434 0.00821706466 0.97647059 1 0.827450991
v 0.137863353 0.0888096541 0.0113218771 0.97647059 1 0.827450991
v 0.142806113 0.0800006539 0.0142481364 0.97647059 1 0.827450991
v 0.147188157 0.0708305091 0.0169496927 0.97647059 1 0.827450991
v 0.151000634 0.0613367595 0.0193839502 0.97647059 1 0.827450991
v 0.154236525 0.0515597612 0.0215125028 0.97647059 1 0.827450991
v 0.156890497 0.0415424854 0.0233017951 0.97647059 1 0.827450991
v 0.158958435 0.0313301869 0.0247235931 0.97647059 1 0.827450991
v 0.16043745 0.0209697857 0.0257554948 0.97647059 1 0.827450991
v 0.161325619 0.0105098803 0.0263812225 0.97647059 1 0.827450991
v 0.141013697 0 0.0201547649 0.97647059 1 0.827450991
v 0.140750468 -0.0090929307 0.0199958421 0.97647059 1 0.827450991
v 0.139961228 -0.0181443505 0.0195215661 0.97647059 1 0.827450991
v 0.138647541 -0.0271131117 0.0187394265 0.97647059 1 0.827450991
v 0.136812031 -0.0359587856 0.017661754 0.97647059 1 0.827450991
v 0.134458497 -0.0446419828 0.0163055509 0.97647059 1 0.827450991
v 0.131591931 -0.0531247184 0.0146921938 0.97647059 1 0.827450991
v 0.128218815 -0.0613706261 0.0128471283 0.97647059 1 0.827450991
v 0.124347158 -0.0693452507 0.010799462 0.97647059 1 0.827450991
v 0.119986653 -0.0770162493 0.00858148094 0.97647059 1 0.827450991
v 0.115148835 -0.0843534768 0.0062281643 0.97647059 1 0.827450991
v 0.109847292 -0.091329284 0.00377662247 0.97647059 1 0.827450991
v 0.104097784 -0.0979183242 0.00126552535 0.97647059 1 0.827450991
v 0.0979183167 -0.104097806 -0.00126552954 0.97647059 1 0.827450991
v 0.0913292766 -0.109847322 -0.00377662946 0.97647059 1 0.827450991
v 0.0843534768 -0.115148835 -0.0062281657 0.97647059 1 0.827450991
v 0.0770162269 -0.119986638 -0.00858148281 0.97647059 1 0.827450991
v 0.0693452433 -0.12434718 -0.0107994676 0.97647059 1 0.827450991
v 0.0613706075 -0.12821883 -0.0128471339 0.97647059 1 0.827450991
v 0.0531247184 -0.131591931 -0.0146921938 0.97647059 1 0.827450991
v 0.0446419828 -0.134458497 -0.0163055509 0.97647059 1 0.827450991
v 0.0359587707 -0.136812031 -0.0176617559 0.97647059 1 0.827450991
v 0.0271130968 -0.138647541 -0.0187394284 0.97647059 1 0.827450991
v 0.0181443319 -0.139961228 -0.019521568 0.97647059 1 0.827450991
v 0.00909291115 -0.140750468 -0.0199958421 0.97647059 1 0.827450991
v -6.21696916e-09 -0.141013697 -0.0201547649 0.97647059 1 0.827450991
v -0.00909294188 -0.140750468 -0.0199958421 0.97647059 1 0.827450991
v -0.0181443617 -0.139961213 -0.0195215642 0.97647059 1 0.827450991
v -0.0271131266 -0.138647541 -0.0187394246 0.97647059 1 0.827450991
v -0.0359587967 -0.136812031 -0.0176617522 0.97647059 1 0.827450991
v -0.0446419865 -0.134458482 -0.0163055453 0.97647059 1 0.827450991
v -0.0531247258 -0.131591916 -0.0146921892 0.97647059 1 0.827450991
v -0.0613706298 -0.128218815 -0.0128471274 0.97647059 1 0.827450991
v -0.0693452656 -0.12434715 -0.0107994583 0.97647059 1 0.827450991
v -0.0770162567 -0.119986646 -0.00858147722 0.97647059 1 0.827450991
v -0.0843535066 -0.115148813 -0.00622815778 0.97647059 1 0.827450991
v -0.0913293064 -0.1098473 -0.00377661898 0.97647059 1 0.827450991
v -0.0979183391 -0.104097769 -0.00126551883 0.97647059 1 0.827450991
v -0.104097791 -0.0979183167 0.00126552896 0.97647059 1 0.827450991
v -0.109847322 -0.0913292766 0.00377662876 0.97647059 1 0.827450991
v -0.11514885 -0.0843534842 0.00622816849 0.97647059 1 0.827450991
v -0.119986661 -0.0770162344 0.00858148653 0.97647059 1 0.827450991
v -0.124347165 -0.0693452284 0.0107994666 0.97647059 1 0.827450991
v -0.12821883 -0.0613706 0.0128471358 0.97647059 1 0.827450991
v -0.131591931 -0.0531246923 0.0146921957 0.97647059 1 0.827450991
v -0.134458497 -0.044641953 0.0163055528 0.97647059 1 0.827450991
v -0.136812046 -0.0359587446 0.0176617596 0.97647059 1 0.827450991
v -0.138647541 -0.0271130763 0.0187394302 0.97647059 1 0.827450991
v -0.139961228 -0.0181443114 0.019521568 0.97647059 1 0.827450991
v -0.140750468 -0.00909292419 0.0199958421 0.97647059 1 0.827450991
v -0.141013697 2.14137454e-08 0.0201547649 0.97647059 1 0.827450991
v -0.140750468 0.00909295771 0.0199958421 0.97647059 1 0.827450991
v -0.139961213 0.0181443766 0.0195215642 0.97647059 1 0.827450991
v -0.138647556 0.0271131434 0.0187394265 0.97647059 1 0.827450991
v -0.136812031 0.0359588116 0.0176617503 0.97647059 1 0.827450991
v -0.134458467 0.04464202 0.0163055398 0.97647059 1 0.827450991
v -0.131591901 0.0531247556 0.0146921827 0.97647059 1 0.827450991
v -0.1282188 0.0613706596 0.0128471199 0.97647059 1 0.827450991
v -0.124347135 0.069345288 0.0107994508 0.97647059 1 0.827450991
v -0.119986631 0.0770162493 0.00858147629 0.97647059 1 0.827450991
v -0.115148827 0.0843535066 0.00622815965 0.97647059 1 0.827450991
v -0.1098473 0.0913292989 0.00377661944 0.97647059 1 0.827450991
v -0.104097791 0.0979183465 0.00126551953 0.97647059 1 0.827450991
v -0.0979182944 0.104097821 -0.00126553804 0.97647059 1 0.827450991
v -0.0913292393 0.10984733 -0.00377663714 0.97647059 1 0.827450991
v -0.084353447 0.115148857 -0.00622817641 0.97647059 1 0.827450991
v -0.0770161897 0.119986668 -0.00858149305 0.97647059 1 0.827450991
v -0.069345206 0.12434718 -0.010799475 0.97647059 1 0.827450991
v -0.0613705702 0.128218845 -0.0128471423 0.97647059 1 0.827450991
v -0.0531246662 0.131591946 -0.014692205 0.97647059 1 0.827450991
v -0.0446419418 0.134458497 -0.0163055547 0.97647059 1 0.827450991
v -0.0359587185 0.136812061 -0.0176617671 0.97647059 1 0.827450991
v -0.0271130428 0.138647556 -0.018739434 0.97647059 1 0.827450991
v -0.0181442946 0.139961228 -0.0195215698 0.97647059 1 0.827450991
v -0.00909287203 0.140750468 -0.019995844 0.97647059 1 0.827450991
v -6.21696916e-09 0.141013697 -0.0201547649 0.97647059 1 0.827450991
v 0.00909292884 0.140750468 -0.0199958421 0.97647059 1 0.827450991
v 0.0181443673 0.139961213 -0.0195215642 0.97647059 1 0.827450991
v 0.0271131136 0.138647541 -0.0187394265 0.97647059 1 0.827450991
v 0.0359587856 0.136812031 -0.017661754 0.97647059 1 0.827450991
v 0.0446419902 0.134458482 -0.0163055453 0.97647059 1 0.827450991
v 0.053124737 0.131591931 -0.014692191 0.97647059 1 0.827450991
v 0.061370641 0.128218815 -0.0128471283 0.97647059 1 0.827450991
v 0.0693452731 0.124347158 -0.0107994592 0.97647059 1 0.827450991
v 0.0770162567 0.119986624 -0.00858147442 0.97647059 1 0.827450991
v 0.0843535215 0.11514882 -0.00622815546 0.97647059 1 0.827450991
v 0.0913293138 0.109847292 -0.00377661525 0.97647059 1 0.827450991
v 0.097918354 0.104097761 -0.00126551266 0.97647059 1 0.827450991
v 0.104097836 0.0979182944 0.00126554235 0.97647059 1 0.827450991
v 0.109847359 0.0913292319 0.00377664412 0.97647059 1 0.827450991
v 0.11514888 0.084353447 0.00622818107 0.97647059 1 0.827450991
v 0.119986676 0.0770161822 0.00858149678 0.97647059 1 0.827450991
v 0.124347202 0.069345206 0.0107994787 0.97647059 1 0.827450991
v 0.128218845 0.0613705628 0.0128471451 0.97647059 1 0.827450991
v 0.131591946 0.053124655 0.0146922041 0.97647059 1 0.827450991
v 0.134458482 0.044641912 0.0163055547 0.97647059 1 0.827450991
v 0.136812061 0.0359587036 0.0176617689 0.97647059 1 0.827450991
v 0.138647541 0.0271130968 0.0187394284 0.97647059 1 0.827450991
v 0.139961228 0.0181443319 0.019521568 0.97647059 1 0.827450991
v 0.140750468 0.00909291022 0.0199958421 0.97647059 1 0.827450991
v 0.122968562 0 0.0152764516 0.97647059 1 0.827450991
v 0.122735821 -0.00787871238 0.0151559943 0.97647059 1 0.827450991
v 0.122038171 -0.0157226194 0.0147965178 0.97647059 1 0.827450991
v 0.120877273 -0.0234971866 0.0142036853 0.97647059 1 0.827450991
v 0.119256087 -0.0311683994 0.0133868558 0.97647059 1 0.827450991
v 0.117178693 -0.038703043 0.0123589104 0.97647059 1 0.827450991
v 0.114650488 -0.0460689142 0.0111360541 0.97647059 1 0.827450991
v 0.111678235 -0.0532350577 0.0097375745 0.97647059 1 0.827450991
v 0.108270183 -0.0601719022 0.00818553101 0.97647059 1 0.827450991
v 0.104436085 -0.0668515265 0.00650439691 0.97647059 1 0.827450991
v 0.100187324 -0.073247619 0.00472068274 0.97647059 1 0.827450991
v 0.0955370665 -0.0793358386 0.00286252052 0.97647059 1 0.827450991
v 0.0905001909 -0.0850935578 0.000959214056 0.97647059 1 0.827450991
v 0.0850935504 -0.0905002132 -0.000959217374 0.97647059 1 0.827450991
v 0.0793358162 -0.0955370665 -0.00286252331 0.97647059 1 0.827450991
v 0.0732476264 -0.100187324 -0.00472068228 0.97647059 1 0.827450991
v 0.0668515041 -0.104436077 -0.00650439877 0.97647059 1 0.827450991
v 0.0601718947 -0.108270198 -0.00818553474 0.97647059 1 0.827450991
v 0.0532350391 -0.11167825 -0.00973757915 0.97647059 1 0.827450991
v 0.0460689142 -0.114650488 -0.0111360541 0.97647059 1 0.827450991
v 0.038703043 -0.117178693 -0.0123589113 0.97647059 1 0.827450991
v 0.0311683901 -0.119256087 -0.0133868568 0.97647059 1 0.827450991
v 0.0234971717 -0.120877281 -0.0142036863 0.97647059 1 0.827450991
v 0.0157226063 -0.122038163 -0.0147965169 0.97647059 1 0.827450991
v 0.00787869561 -0.122735821 -0.0151559943 0.97647059 1 0.827450991
v -5.41014256e-09 -0.122968562 -0.0152764516 0.97647059 1 0.827450991
v -0.00787872169 -0.122735821 -0.0151559934 0.97647059 1 0.827450991
v -0.0157226305 -0.122038148 -0.0147965131 0.97647059 1 0.827450991
v -0.0234971978 -0.120877273 -0.0142036835 0.97647059 1 0.827450991
v -0.0311684143 -0.119256079 -0.013386854 0.97647059 1 0.827450991
v -0.0387030505 -0.117178686 -0.0123589085 0.97647059 1 0.827450991
v -0.0460689291 -0.11465048 -0.0111360522 0.97647059 1 0.827450991
v -0.0532350615 -0.111678235 -0.0097375745 0.97647059 1 0.827450991
v -0.0601719134 -0.108270176 -0.00818552822 0.97647059 1 0.827450991
v -0.0668515265 -0.10443607 -0.00650439318 0.97647059 1 0.827450991
v -0.0732476488 -0.100187317 -0.00472067855 0.97647059 1 0.827450991
v -0.0793358535 -0.0955370516 -0.00286251586 0.97647059 1 0.827450991
v -0.0850935727 -0.0905001834 -0.000959209283 0.97647059 1 0.827450991
v -0.0905002058 -0.0850935504 0.000959216908 0.97647059 1 0.827450991
v -0.0955370665 -0.0793358162 0.00286252284 0.97647059 1 0.827450991
v -0.100187331 -0.0732476115 0.00472068507 0.97647059 1 0.827450991
v -0.104436085 -0.0668515041 0.00650440017 0.97647059 1 0.827450991
v -0.108270191 -0.0601718836 0.00818553474 0.97647059 1 0.827450991
v -0.11167825 -0.0532350354 0.00973758008 0.97647059 1 0.827450991
v -0.114650495 -0.0460688956 0.0111360578 0.97647059 1 0.827450991
v -0.117178693 -0.0387030207 0.0123589123 0.97647059 1 0.827450991
v -0.119256094 -0.0311683696 0.0133868596 0.97647059 1 0.827450991
v -0.120877281 -0.0234971531 0.0142036881 0.97647059 1 0.827450991
v -0.122038163 -0.0157225877 0.0147965178 0.97647059 1 0.827450991
v -0.122735821 -0.00787870586 0.0151559943 0.97647059 1 0.827450991
v -0.122968562 1.86477607e-08 0.0152764516 0.97647059 1 0.827450991
v -0.122735821 0.00787873566 0.0151559934 0.97647059 1 0.827450991
v -0.122038148 0.0157226436 0.0147965122 0.97647059 1 0.827450991
v -0.120877273 0.023497209 0.0142036825 0.97647059 1 0.827450991
v -0.119256079 0.0311684273 0.0133868521 0.97647059 1 0.827450991
v -0.117178679 0.0387030803 0.0123589039 0.97647059 1 0.827450991
v -0.114650466 0.0460689478 0.0111360457 0.97647059 1 0.827450991
v -0.111678228 0.0532350875 0.00973756891 0.97647059 1 0.827450991
v -0.108270168 0.0601719357 0.00818552356 0.97647059 1 0.827450991
v -0.10443607 0.0668515265 0.00650439365 0.97647059 1 0.827450991
v -0.100187317 0.0732476413 0.00472067902 0.97647059 1 0.827450991
v -0.095537059 0.079335846 0.00286251656 0.97647059 1 0.827450991
v -0.0905001983 0.0850935802 0.000959209749 0.97647059 1 0.827450991
v -0.0850935355 0.0905002281 -0.000959223835 0.97647059 1 0.827450991
v -0.0793357939 0.0955370814 -0.00286252983 0.97647059 1 0.827450991
v -0.0732475966 0.100187354 -0.00472069252 0.97647059 1 0.827450991
v -0.0668514743 0.104436092 -0.00650440576 0.97647059 1 0.827450991
v -0.0601718612 0.108270206 -0.00818554126 0.97647059 1 0.827450991
v -0.0532350093 0.111678265 -0.00973758567 0.97647059 1 0.827450991
v -0.0460688844 0.114650503 -0.0111360606 0.97647059 1 0.827450991
v -0.038703002 0.117178686 -0.0123589132 0.97647059 1 0.827450991
v -0.0311683584 0.119256102 -0.0133868633 0.97647059 1 0.827450991
v -0.02349714 0.120877288 -0.0142036891 0.97647059 1 0.827450991
v -0.0157225728 0.122038163 -0.0147965187 0.97647059 1 0.827450991
v -0.00787866209 0.122735813 -0.0151559934 0.97647059 1 0.827450991
v -5.41014256e-09 0.122968562 -0.0152764516 0.97647059 1 0.827450991
v 0.00787871052 0.122735821 -0.0151559943 0.97647059 1 0.827450991
v 0.0157226212 0.122038171 -0.0147965178 0.97647059 1 0.827450991
v 0.0234972015 0.120877273 -0.0142036835 0.97647059 1 0.827450991
v 0.0311684031 0.119256079 -0.0133868549 0.97647059 1 0.827450991
v 0.0387030542 0.117178693 -0.0123589085 0.97647059 1 0.827450991
v 0.0460689291 0.11465048 -0.0111360522 0.97647059 1 0.827450991
v 0.0532350689 0.111678243 -0.0097375745 0.97647059 1 0.827450991
v 0.0601719171 0.108270176 -0.00818552729 0.97647059 1 0.827450991
v 0.0668515414 0.104436055 -0.00650438853 0.97647059 1 0.827450991
v 0.0732476562 0.100187309 -0.00472067576 0.97647059 1 0.827450991
v 0.0793358535 0.0955370367 -0.0028625126 0.97647059 1 0.827450991
v 0.0850935876 0.090500176 -0.000959204626 0.97647059 1 0.827450991
v 0.0905002356 0.0850935206 0.00095922692 0.97647059 1 0.827450991
v 0.0955370888 0.079335779 0.00286253449 0.97647059 1 0.827450991
v 0.100187361 0.0732475892 0.00472069532 0.97647059 1 0.827450991
v 0.1044361 0.0668514594 0.00650441041 0.97647059 1 0.827450991
v 0.10827022 0.0601718538 0.00818554498 0.97647059 1 0.827450991
v 0.111678265 0.0532350019 0.00973758753 0.97647059 1 0.827450991
v 0.11465051 0.0460688621 0.0111360643 0.97647059 1 0.827450991
v 0.117178701 0.0387029797 0.0123589179 0.97647059 1 0.827450991
v 0.119256102 0.0311683323 0.0133868642 0.97647059 1 0.827450991
v 0.120877281 0.0234971717 0.0142036863 0.97647059 1 0.827450991
v 0.122038163 0.0157226045 0.0147965169 0.97647059 1 0.827450991
v 0.122735821 0.00787869468 0.0151559943 0.97647059 1 0.827450991
v 0.107189968 0 0.0115788979 0.97647059 1 0.827450991
v 0.106984988 -0.00683441386 0.0114875948 0.97647059 1 0.827450991
v 0.10637065 -0.0136394063 0.0112151261 0.97647059 1 0.827450991
v 0.105348632 -0.020385759 0.0107657854 0.97647059 1 0.827450991
v 0.103921913 -0.0270446539 0.0101466654 0.97647059 1 0.827450991
v 0.102094591 -0.0335878618 0.00936752558 0.97647059 1 0.827450991
v 0.0998720303 -0.0399879366 0.00844065286 0.97647059 1 0.827450991
v 0.0972608775 -0.0462183729 0.00738066481 0.97647059 1 0.827450991
v 0.094269149 -0.0522537418 0.00620428333 0.97647059 1 0.827450991
v 0.0909061953 -0.0580698475 0.00493005384 0.97647059 1 0.827450991
v 0.0871828347 -0.0636437908 0.00357807544 0.97647059 1 0.827450991
v 0.0831113756 -0.0689541399 0.00216966798 0.97647059 1 0.827450991
v 0.0787056014 -0.0739808977 0.000727043254 0.97647059 1 0.827450991
v 0.0739808902 -0.0787056088 -0.000727045699 0.97647059 1 0.827450991
v 0.0689541325 -0.083111383 -0.00216967054 0.97647059 1 0.827450991
v 0.0636437908 -0.0871828347 -0.00357807497 0.97647059 1 0.827450991
v 0.0580698326 -0.0909061953 -0.0049300557 0.97647059 1 0.827450991
v 0.0522537343 -0.0942691565 -0.00620428519 0.97647059 1 0.827450991
v 0.0462183617 -0.0972608924 -0.00738066947 0.97647059 1 0.827450991
v 0.0399879366 -0.0998720303 -0.00844065286 0.97647059 1 0.827450991
v 0.0335878581 -0.102094591 -0.00936752558 0.97647059 1 0.827450991
v 0.0270446427 -0.103921913 -0.0101466663 0.97647059 1 0.827450991
v 0.0203857478 -0.105348639 -0.0107657881 0.97647059 1 0.827450991
v 0.0136393933 -0.106370643 -0.0112151261 0.97647059 1 0.827450991
v 0.00683439896 -0.106984988 -0.0114875948 0.97647059 1 0.827450991
v -4.70852912e-09 -0.107189968 -0.0115788979 0.97647059 1 0.827450991
v -0.00683442177 -0.106984988 -0.0114875948 0.97647059 1 0.827450991
v -0.0136394165 -0.106370635 -0.0112151252 0.97647059 1 0.827450991
v -0.0203857683 -0.105348632 -0.0107657844 0.97647059 1 0.827450991
v -0.0270446651 -0.103921905 -0.0101466635 0.97647059 1 0.827450991
v -0.0335878618 -0.102094576 -0.00936752278 0.97647059 1 0.827450991
v -0.0399879441 -0.0998720229 -0.00844065007 0.97647059 1 0.827450991
v -0.0462183803 -0.0972608775 -0.00738066528 0.97647059 1 0.827450991
v -0.0522537492 -0.0942691416 -0.00620428007 0.97647059 1 0.827450991
v -0.0580698512 -0.0909061879 -0.00493005197 0.97647059 1 0.827450991
v -0.0636438131 -0.0871828347 -0.00357807218 0.97647059 1 0.827450991
v -0.0689541548 -0.0831113607 -0.00216966448 0.97647059 1 0.827450991
v -0.0739809051 -0.0787055865 -0.000727039587 0.97647059 1 0.827450991
v -0.0787056088 -0.0739808902 0.00072704535 0.97647059 1 0.827450991
v -0.083111383 -0.0689541325 0.00216967007 0.97647059 1 0.827450991
v -0.0871828496 -0.0636437833 0.00357807777 0.97647059 1 0.827450991
v -0.0909062028 -0.0580698326 0.0049300571 0.97647059 1 0.827450991
v -0.0942691565 -0.0522537269 0.00620428612 0.97647059 1 0.827450991
v -0.0972608924 -0.046218358 0.00738066994 0.97647059 1 0.827450991
v -0.0998720378 -0.039987918 0.00844065566 0.97647059 1 0.827450991
v -0.102094591 -0.0335878357 0.00936752651 0.97647059 1 0.827450991
v -0.10392192 -0.027044626 0.0101466682 0.97647059 1 0.827450991
v -0.105348639 -0.020385731 0.0107657872 0.97647059 1 0.827450991
v -0.106370643 -0.0136393774 0.0112151271 0.97647059 1 0.827450991
v -0.106984988 -0.00683440827 0.0114875948 0.97647059 1 0.827450991
v -0.107189968 1.6238042e-08 0.0115788979 0.97647059 1 0.827450991
v -0.106984988 0.00683443388 0.0114875948 0.97647059 1 0.827450991
v -0.106370635 0.0136394277 0.0112151243 0.97647059 1 0.827450991
v -0.105348632 0.0203857794 0.0107657835 0.97647059 1 0.827450991
v -0.103921905 0.0270446781 0.0101466626 0.97647059 1 0.827450991
v -0.102094576 0.0335878879 0.00936751999 0.97647059 1 0.827450991
v -0.0998720154 0.0399879664 0.00844064727 0.97647059 1 0.827450991
v -0.09726087 0.046218399 0.00738066016 0.97647059 1 0.827450991
v -0.0942691416 0.0522537716 0.00620427681 0.97647059 1 0.827450991
v -0.0909061879 0.0580698475 0.00493005151 0.97647059 1 0.827450991
v -0.0871828347 0.0636438057 0.00357807265 0.97647059 1 0.827450991
v -0.0831113607 0.0689541474 0.00216966472 0.97647059 1 0.827450991
v -0.0787056014 0.0739809126 0.000727039936 0.97647059 1 0.827450991
v -0.0739808977 0.0787056088 -0.000727045059 0.97647059 1 0.827450991
v -0.0689541101 0.0831113979 -0.00216967519 0.97647059 1 0.827450991
v -0.0636437833 0.0871828422 -0.0035780773 0.97647059 1 0.827450991
v -0.0580697991 0.0909062028 -0.00493006036 0.97647059 1 0.827450991
v -0.0522537082 0.0942691714 -0.00620429078 0.97647059 1 0.827450991
v -0.0462183356 0.0972609073 -0.00738067413 0.97647059 1 0.827450991
v -0.0399879105 0.0998720452 -0.00844065845 0.97647059 1 0.827450991
v -0.0335878246 0.102094583 -0.00936752651 0.97647059 1 0.827450991
v -0.0270446055 0.103921935 -0.0101466719 0.97647059 1 0.827450991
v -0.0203857198 0.105348647 -0.01076579 0.97647059 1 0.827450991
v -0.0136393532 0.106370643 -0.011215128 0.97647059 1 0.827450991
v -0.00683437008 0.106984988 -0.0114875957 0.97647059 1 0.827450991
v -4.70852912e-09 0.107189968 -0.0115788979 0.97647059 1 0.827450991
v 0.00683441199 0.106984988 -0.0114875948 0.97647059 1 0.827450991
v 0.0136394082 0.10637065 -0.0112151261 0.97647059 1 0.827450991
v 0.020385772 0.105348632 -0.0107657844 0.97647059 1 0.827450991
v 0.0270446688 0.103921905 -0.0101466635 0.97647059 1 0.827450991
v 0.0335878693 0.102094583 -0.00936752371 0.97647059 1 0.827450991
v 0.0399879478 0.0998720229 -0.00844065193 0.97647059 1 0.827450991
v 0.0462183841 0.0972608775 -0.00738066481 0.97647059 1 0.827450991
v 0.0522537567 0.0942691416 -0.00620428054 0.97647059 1 0.827450991
v 0.0580698587 0.0909061879 -0.00493005104 0.97647059 1 0.827450991
v 0.0636438206 0.0871828273 -0.00357807009 0.97647059 1 0.827450991
v 0.0689541623 0.0831113532 -0.00216966239 0.97647059 1 0.827450991
v 0.0739809126 0.0787055716 -0.00072703592 0.97647059 1 0.827450991
v 0.0787056386 0.0739808679 0.000727053033 0.97647059 1 0.827450991
v 0.0831113979 0.0689541027 0.00216967752 0.97647059 1 0.827450991
v 0.0871828645 0.0636437535 0.00357808638 0.97647059 1 0.827450991
v 0.0909062251 0.0580698028 0.00493006362 0.97647059 1 0.827450991
v 0.0942691714 0.0522536933 0.00620429171 0.97647059 1 0.827450991
v 0.0972609073 0.0462183245 0.00738067552 0.97647059 1 0.827450991
v 0.0998720452 0.0399878845 0.00844066031 0.97647059 1 0.827450991
v 0.102094598 0.0335878059 0.00936753117 0.97647059 1 0.827450991
v 0.103921928 0.0270445924 0.0101466719 0.97647059 1 0.827450991
v 0.105348639 0.0203857478 0.0107657881 0.97647059 1 0.827450991
v 0.106370643 0.0136393923 0.0112151261 0.97647059 1 0.827450991
v 0.106984988 0.00683439802 0.0114875948 0.97647059 1 0.827450991
v 0.0934078991 0 0.0087763099 0.97647059 1 0.827450991
v 0.093227908 -0.00593369314 0.00870710704 0.97647059 1 0.827450991
v 0.0926884413 -0.0118423514 0.0085005872 0.97647059 1 0.827450991
v 0.0917911902 -0.0177010987 0.00816000532 0.97647059 1 0.827450991
v 0.0905389935 -0.0234853681 0.00769073889 0.97647059 1 0.827450991
v 0.0889357626 -0.0291710403 0.00710018491 0.97647059 1 0.827450991
v 0.0869865939 -0.0347346105 0.00639765384 0.97647059 1 0.827450991
v 0.0846978128 -0.0401532911 0.00559422979 0.97647059 1 0.827450991
v 0.0820769146 -0.0454051495 0.00470258156 0.97647059 1 0.827450991
v 0.0791326463 -0.0504692122 0.00373677164 0.97647059 1 0.827450991
v 0.0758749843 -0.0553255193 0.0027120281 0.97647059 1 0.827450991
v 0.0723152086 -0.0599552915 0.00164451438 0.97647059 1 0.827450991
v 0.068465896 -0.0643408746 0.0005510677 0.97647059 1 0.827450991
v 0.0643408746 -0.0684659034 -0.000551069563 0.97647059 1 0.827450991
v 0.0599552803 -0.0723152235 -0.00164451718 0.97647059 1 0.827450991
v 0.055325523 -0.0758749843 -0.00271202787 0.97647059 1 0.827450991
v 0.0504691973 -0.0791326463 -0.00373677164 0.97647059 1 0.827450991
v 0.045405142 -0.0820769221 -0.00470258296 0.97647059 1 0.827450991
v 0.0401532799 -0.0846978202 -0.00559423212 0.97647059 1 0.827450991
v 0.0347346067 -0.0869865939 -0.0063976543 0.97647059 1 0.827450991
v 0.0291710384 -0.0889357626 -0.00710018538 0.97647059 1 0.827450991
v 0.0234853569 -0.090538986 -0.00769073749 0.97647059 1 0.827450991
v 0.0177010894 -0.0917911977 -0.00816000719 0.97647059 1 0.827450991
v 0.0118423412 -0.0926884413 -0.0085005872 0.97647059 1 0.827450991
v 0.00593367964 -0.0932279006 -0.00870710611 0.97647059 1 0.827450991
v -4.09823642e-09 -0.0934078991 -0.0087763099 0.97647059 1 0.827450991
v -0.00593370013 -0.093227908 -0.00870710704 0.97647059 1 0.827450991
v -0.0118423598 -0.0926884338 -0.00850058533 0.97647059 1 0.827450991
v -0.017701108 -0.0917911902 -0.00816000346 0.97647059 1 0.827450991
v -0.0234853756 -0.0905389786 -0.00769073609 0.97647059 1 0.827450991
v -0.0291710384 -0.0889357403 -0.00710018212 0.97647059 1 0.827450991
v -0.0347346142 -0.0869865865 -0.00639765337 0.97647059 1 0.827450991
v -0.0401532948 -0.0846978128 -0.00559422886 0.97647059 1 0.827450991
v -0.0454051569 -0.0820768997 -0.00470257876 0.97647059 1 0.827450991
v -0.050469216 -0.0791326389 -0.00373676862 0.97647059 1 0.827450991
v -0.0553255416 -0.0758749843 -0.00271202624 0.97647059 1 0.827450991
v -0.0599553101 -0.0723152086 -0.00164451299 0.97647059 1 0.827450991
v -0.0643408895 -0.0684658885 -0.000551065023 0.97647059 1 0.827450991
v -0.068465896 -0.0643408746 0.000551069272 0.97647059 1 0.827450991
v -0.0723152235 -0.0599552803 0.00164451695 0.97647059 1 0.827450991
v -0.0758749992 -0.0553255156 0.00271202996 0.97647059 1 0.827450991
v -0.0791326538 -0.0504692048 0.00373677281 0.97647059 1 0.827450991
v -0.0820769146 -0.0454051346 0.00470258249 0.97647059 1 0.827450991
v -0.0846978202 -0.0401532762 0.00559423259 0.97647059 1 0.827450991
v -0.0869866014 -0.0347345918 0.00639765663 0.97647059 1 0.827450991
v -0.0889357552 -0.0291710198 0.00710018585 0.97647059 1 0.827450991
v -0.090538986 -0.023485342 0.00769073935 0.97647059 1 0.827450991
v -0.0917911902 -0.0177010745 0.00816000625 0.97647059 1 0.827450991
v -0.0926884413 -0.0118423272 0.00850058813 0.97647059 1 0.827450991
v -0.0932279006 -0.00593368756 0.00870710611 0.97647059 1 0.827450991
v -0.0934078991 1.41390473e-08 0.0087763099 0.97647059 1 0.827450991
v -0.093227908 0.00593371037 0.00870710704 0.97647059 1 0.827450991
v -0.0926884338 0.01184237 0.00850058533 0.97647059 1 0.827450991
v -0.0917911902 0.0177011173 0.00816000346 0.97647059 1 0.827450991
v -0.0905389786 0.0234853849 0.00769073516 0.97647059 1 0.827450991
v -0.0889357328 0.0291710608 0.00710017933 0.97647059 1 0.827450991
v -0.086986579 0.0347346328 0.00639764965 0.97647059 1 0.827450991
v -0.0846978053 0.0401533172 0.0055942256 0.97647059 1 0.827450991
v -0.0820768997 0.0454051718 0.00470257597 0.97647059 1 0.827450991
v -0.0791326389 0.050469216 0.00373676885 0.97647059 1 0.827450991
v -0.0758749843 0.0553255379 0.00271202647 0.97647059 1 0.827450991
v -0.0723152086 0.0599553026 0.00164451322 0.97647059 1 0.827450991
v -0.068465896 0.0643408895 0.000551065197 0.97647059 1 0.827450991
v -0.0643408597 0.0684659183 -0.000551073288 0.97647059 1 0.827450991
v -0.0599552654 0.072315231 -0.00164452079 0.97647059 1 0.827450991
v -0.0553254969 0.0758749992 -0.00271203346 0.97647059 1 0.827450991
v -0.050469175 0.0791326612 -0.00373677607 0.97647059 1 0.827450991
v -0.0454051197 0.0820769295 -0.00470258715 0.97647059 1 0.827450991
v -0.0401532575 0.0846978351 -0.00559423584 0.97647059 1 0.827450991
v -0.0347345769 0.0869866088 -0.00639765989 0.97647059 1 0.827450991
v -0.0291710086 0.0889357552 -0.00710018538 0.97647059 1 0.827450991
v -0.0234853253 0.0905390084 -0.00769074354 0.97647059 1 0.827450991
v -0.017701054 0.0917912051 -0.00816000998 0.97647059 1 0.827450991
v -0.0118423058 0.0926884413 -0.00850058813 0.97647059 1 0.827450991
v -0.00593365449 0.0932279006 -0.00870710704 0.97647059 1 0.827450991
v -4.09823642e-09 0.0934078991 -0.0087763099 0.97647059 1 0.827450991
v 0.00593369175 0.093227908 -0.00870710704 0.97647059 1 0.827450991
v 0.0118423523 0.0926884413 -0.0085005872 0.97647059 1 0.827450991
v 0.0177011099 0.0917911902 -0.00816000346 0.97647059 1 0.827450991
v 0.0234853774 0.0905389786 -0.00769073609 0.97647059 1 0.827450991
v 0.029171044 0.0889357477 -0.00710018305 0.97647059 1 0.827450991
v 0.0347346179 0.0869865865 -0.00639765337 0.97647059 1 0.827450991
v 0.0401533023 0.0846978202 -0.00559422886 0.97647059 1 0.827450991
v 0.0454051606 0.0820769072 -0.00470257923 0.97647059 1 0.827450991
v 0.0504692197 0.0791326314 -0.00373676815 0.97647059 1 0.827450991
v 0.0553255491 0.0758749768 -0.00271202461 0.97647059 1 0.827450991
v 0.0599553138 0.0723152086 -0.00164451136 0.97647059 1 0.827450991
v 0.0643409044 0.068465881 -0.000551062345 0.97647059 1 0.827450991
v 0.0684659183 0.0643408522 0.000551075034 0.97647059 1 0.827450991
v 0.0723152384 0.0599552579 0.00164452253 0.97647059 1 0.827450991
v 0.0758750215 0.0553254969 0.00271203578 0.97647059 1 0.827450991
v 0.0791326687 0.0504691713 0.00373677909 0.97647059 1 0.827450991
v 0.082076937 0.0454051122 0.00470258901 0.97647059 1 0.827450991
v 0.0846978426 0.0401532538 0.00559423724 0.97647059 1 0.827450991
v 0.0869866088 0.0347345695 0.00639766036 0.97647059 1 0.827450991
v 0.0889357552 0.02917099 0.00710018771 0.97647059 1 0.827450991
v 0.0905390009 0.0234853141 0.00769074354 0.97647059 1 0.827450991
v 0.0917911977 0.0177010894 0.00816000719 0.97647059 1 0.827450991
v 0.0926884413 0.0118423402 0.0085005872 0.97647059 1 0.827450991
v 0.0932279006 0.00593367824 0.00870710611 0.97647059 1 0.827450991
v 0.0813793689 0 0.00665206881 0.97647059 1 0.827450991
v 0.0812216327 -0.00515509536 0.00659961533 0.97647059 1 0.827450991
v 0.0807489455 -0.0102887796 0.00644308189 0.97647059 1 0.827450991
v 0.0799628571 -0.0153797651 0.0061849365 0.97647059 1 0.827450991
v 0.0788660198 -0.0204070006 0.0058292523 0.97647059 1 0.827450991
v 0.0774620771 -0.0253498033 0.00538163679 0.97647059 1 0.827450991
v 0.0757557675 -0.030187957 0.00484914891 0.97647059 1 0.827450991
v 0.0737529173 -0.0349018201 0.00424018782 0.97647059 1 0.827450991
v 0.0714603961 -0.0394724272 0.00356435496 0.97647059 1 0.827450991
v 0.0688862354 -0.0438815765 0.0028323126 0.97647059 1 0.827450991
v 0.0660394877 -0.0481118895 0.00205560215 0.97647059 1 0.827450991
v 0.0629303455 -0.0521469153 0.00124647189 0.97647059 1 0.827450991
v 0.0595701039 -0.0559711531 0.000417685864 0.97647059 1 0.827450991
v 0.0559711456 -0.0595701151 -0.000417687261 0.97647059 1 0.827450991
v 0.0521469079 -0.062930353 -0.00124647398 0.97647059 1 0.827450991
v 0.0481118932 -0.0660394877 -0.00205560192 0.97647059 1 0.827450991
v 0.0438815616 -0.0688862279 -0.0028323133 0.97647059 1 0.827450991
v 0.0394724198 -0.071460411 -0.00356435752 0.97647059 1 0.827450991
v 0.0349018052 -0.0737529173 -0.00424018875 0.97647059 1 0.827450991
v 0.0301879551 -0.0757557675 -0.00484914938 0.97647059 1 0.827450991
v 0.0253497995 -0.0774620771 -0.00538163725 0.97647059 1 0.827450991
v 0.0204069931 -0.0788660124 -0.00582925184 0.97647059 1 0.827450991
v 0.0153797567 -0.079962872 -0.00618493743 0.97647059 1 0.827450991
v 0.0102887703 -0.0807489455 -0.00644308235 0.97647059 1 0.827450991
v 0.00515508465 -0.0812216327 -0.00659961533 0.97647059 1 0.827450991
v -3.5672667e-09 -0.0813793689 -0.00665206881 0.97647059 1 0.827450991
v -0.00515510142 -0.0812216327 -0.00659961486 0.97647059 1 0.827450991
v -0.010288788 -0.0807489455 -0.00644308142 0.97647059 1 0.827450991
v -0.0153797716 -0.0799628571 -0.00618493557 0.97647059 1 0.827450991
v -0.0204070099 -0.0788660124 -0.00582925044 0.97647059 1 0.827450991
v -0.0253498051 -0.0774620771 -0.00538163632 0.97647059 1 0.827450991
v -0.0301879589 -0.0757557601 -0.00484914798 0.97647059 1 0.827450991
v -0.0349018238 -0.0737529173 -0.00424018688 0.97647059 1 0.827450991
v -0.0394724309 -0.0714603961 -0.00356435473 0.97647059 1 0.827450991
v -0.0438815802 -0.0688862279 -0.00283231121 0.97647059 1 0.827450991
v -0.0481119044 -0.0660394803 -0.00205560005 0.97647059 1 0.827450991
v -0.0521469302 -0.0629303455 -0.00124647073 0.97647059 1 0.827450991
v -0.0559711605 -0.0595700927 -0.000417683739 0.97647059 1 0.827450991
v -0.0595701076 -0.0559711456 0.000417687057 0.97647059 1 0.827450991
v -0.062930353 -0.0521469079 0.00124647375 0.97647059 1 0.827450991
v -0.0660394877 -0.0481118783 0.00205560285 0.97647059 1 0.827450991
v -0.0688862354 -0.0438815616 0.00283231377 0.97647059 1 0.827450991
v -0.0714604035 -0.0394724123 0.00356435752 0.97647059 1 0.827450991
v -0.0737529173 -0.0349018052 0.00424018921 0.97647059 1 0.827450991
v -0.075755775 -0.0301879421 0.00484915124 0.97647059 1 0.827450991
v -0.0774620771 -0.0253497828 0.00538163772 0.97647059 1 0.827450991
v -0.0788660273 -0.0204069819 0.0058292537 0.97647059 1 0.827450991
v -0.079962872 -0.0153797446 0.00618493836 0.97647059 1 0.827450991
v -0.080748938 -0.0102887573 0.00644308189 0.97647059 1 0.827450991
v -0.0812216327 -0.00515509117 0.00659961533 0.97647059 1 0.827450991
v -0.0813793689 1.23109372e-08 0.00665206881 0.97647059 1 0.827450991
v -0.0812216327 0.00515511073 0.00659961486 0.97647059 1 0.827450991
v -0.0807489455 0.0102887964 0.00644308096 0.97647059 1 0.827450991
v -0.0799628645 0.0153797818 0.00618493604 0.97647059 1 0.827450991
v -0.0788660124 0.0204070173 0.00582924997 0.97647059 1 0.827450991
v -0.0774620622 0.0253498219 0.00538163353 0.97647059 1 0.827450991
v -0.0757557526 0.0301879756 0.00484914612 0.97647059 1 0.827450991
v -0.0737529024 0.0349018387 0.00424018409 0.97647059 1 0.827450991
v -0.0714603961 0.0394724496 0.00356435287 0.97647059 1 0.827450991
v -0.0688862205 0.0438815765 0.00283231121 0.97647059 1 0.827450991
v -0.0660394877 0.0481119044 0.00205560052 0.97647059 1 0.827450991
v -0.0629303381 0.0521469228 0.00124647073 0.97647059 1 0.827450991
v -0.0595701039 0.055971168 0.000417683943 0.97647059 1 0.827450991
v -0.0559711382 0.0595701225 -0.000417690084 0.97647059 1 0.827450991
v -0.052146893 0.0629303604 -0.00124647678 0.97647059 1 0.827450991
v -0.0481118634 0.0660394952 -0.00205560587 0.97647059 1 0.827450991
v -0.043881543 0.0688862428 -0.00283231656 0.97647059 1 0.827450991
v -0.0394724011 0.0714604184 -0.00356436078 0.97647059 1 0.827450991
v -0.0349018052 0.0737529173 -0.00424018875 0.97647059 1 0.827450991
v -0.0301879235 0.0757557824 -0.00484915311 0.97647059 1 0.827450991
v -0.0253497753 0.0774620771 -0.00538163818 0.97647059 1 0.827450991
v -0.020406967 0.0788660422 -0.00582925649 0.97647059 1 0.827450991
v -0.0153797353 0.0799628794 -0.00618493883 0.97647059 1 0.827450991
v -0.010288748 0.080748938 -0.00644308235 0.97647059 1 0.827450991
v -0.0051550623 0.0812216327 -0.00659961579 0.97647059 1 0.827450991
v -3.5672667e-09 0.0813793689 -0.00665206881 0.97647059 1 0.827450991
v 0.00515509443 0.0812216327 -0.00659961533 0.97647059 1 0.827450991
v 0.0102887806 0.0807489455 -0.00644308189 0.97647059 1 0.827450991
v 0.0153797744 0.0799628571 -0.00618493557 0.97647059 1 0.827450991
v 0.0204070117 0.0788660124 -0.00582925044 0.97647059 1 0.827450991
v 0.025349807 0.0774620771 -0.00538163586 0.97647059 1 0.827450991
v 0.0301879626 0.0757557601 -0.00484914798 0.97647059 1 0.827450991
v 0.0349018313 0.0737529248 -0.00424018735 0.97647059 1 0.827450991
v 0.0394724421 0.0714603886 -0.0035643531 0.97647059 1 0.827450991
v 0.0438815802 0.0688862205 -0.00283231051 0.97647059 1 0.827450991
v 0.0481119119 0.0660394728 -0.00205559819 0.97647059 1 0.827450991
v 0.0521469377 0.0629303381 -0.00124646956 0.97647059 1 0.827450991
v 0.0559711717 0.059570089 -0.000417681702 0.97647059 1 0.827450991
v 0.05957013 0.055971127 0.000417691423 0.97647059 1 0.827450991
v 0.0629303753 0.0521468893 0.00124647899 0.97647059 1 0.827450991
v 0.0660395101 0.0481118634 0.00205560727 0.97647059 1 0.827450991
v 0.0688862503 0.0438815393 0.00283231796 0.97647059 1 0.827450991
v 0.0714604259 0.0394723937 0.00356436195 0.97647059 1 0.827450991
v 0.0737529248 0.0349017829 0.00424019247 0.97647059 1 0.827450991
v 0.075755775 0.030187916 0.00484915311 0.97647059 1 0.827450991
v 0.0774620846 0.0253497586 0.00538164005 0.97647059 1 0.827450991
v 0.0788660347 0.0204069559 0.00582925556 0.97647059 1 0.827450991
v 0.079962872 0.0153797548 0.00618493743 0.97647059 1 0.827450991
v 0.0807489455 0.0102887694 0.00644308235 0.97647059 1 0.827450991
v 0.0812216327 0.00515508326 0.00659961533 0.97647059 1 0.827450991
v 0.0708875954 0 0.00504198438 0.97647059 1 0.827450991
v 0.0707495958 -0.00448092353 0.00500222808 0.97647059 1 0.827450991
v 0.0703360662 -0.00894345995 0.00488358224 0.97647059 1 0.827450991
v 0.0696484372 -0.0133693181 0.00468791835 0.97647059 1 0.827450991
v 0.0686891228 -0.0177404005 0.00441832468 0.97647059 1 0.827450991
v 0.0674614683 -0.0220388975 0.00407905178 0.97647059 1 0.827450991
v 0.0659697726 -0.0262473784 0.00367544917 0.97647059 1 0.827450991
v 0.0642193258 -0.0303488765 0.00321388221 0.97647059 1 0.827450991
v 0.0622163601 -0.0343269594 0.00270163058 0.97647059 1 0.827450991
v 0.059968099 -0.0381658226 0.00214677234 0.97647059 1 0.827450991
v 0.0574826859 -0.0418503284 0.0015580582 0.97647059 1 0.827450991
v 0.0547692776 -0.0453661084 0.000944773376 0.97647059 1 0.827450991
v 0.0518378913 -0.0486995429 0.000316588121 0.97647059 1 0.827450991
v 0.0486995429 -0.0518379062 -0.000316589227 0.97647059 1 0.827450991
v 0.0453660972 -0.0547692813 -0.000944774423 0.97647059 1 0.827450991
v 0.0418503284 -0.0574826896 -0.00155805855 0.97647059 1 0.827450991
v 0.0381658114 -0.0599680915 -0.00214677304 0.97647059 1 0.827450991
v 0.0343269557 -0.0622163638 -0.00270163151 0.97647059 1 0.827450991
v 0.0303488635 -0.0642193183 -0.00321388268 0.97647059 1 0.827450991
v 0.0262473784 -0.0659697726 -0.00367544917 0.97647059 1 0.827450991
v 0.0220388956 -0.0674614683 -0.00407905225 0.97647059 1 0.827450991
v 0.0177403949 -0.0686891228 -0.00441832468 0.97647059 1 0.827450991
v 0.0133693106 -0.0696484447 -0.00468791882 0.97647059 1 0.827450991
v 0.0089434525 -0.0703360662 -0.00488358224 0.97647059 1 0.827450991
v 0.00448091468 -0.0707495958 -0.00500222808 0.97647059 1 0.827450991
v -3.10523474e-09 -0.0708875954 -0.00504198438 0.97647059 1 0.827450991
v -0.00448092958 -0.0707495958 -0.00500222761 0.97647059 1 0.827450991
v -0.00894346647 -0.0703360587 -0.00488358084 0.97647059 1 0.827450991
v -0.0133693265 -0.0696484447 -0.00468791882 0.97647059 1 0.827450991
v -0.0177404098 -0.0686891228 -0.00441832375 0.97647059 1 0.827450991
v -0.0220388994 -0.0674614608 -0.00407905132 0.97647059 1 0.827450991
v -0.0262473822 -0.0659697577 -0.00367544778 0.97647059 1 0.827450991
v -0.0303488802 -0.0642193183 -0.00321388151 0.97647059 1 0.827450991
v -0.0343269669 -0.0622163564 -0.00270162965 0.97647059 1 0.827450991
v -0.0381658264 -0.0599680953 -0.00214677164 0.97647059 1 0.827450991
v -0.0418503433 -0.0574826896 -0.00155805738 0.97647059 1 0.827450991
v -0.0453661159 -0.0547692701 -0.000944771804 0.97647059 1 0.827450991
v -0.0486995503 -0.0518378839 -0.000316586491 0.97647059 1 0.827450991
v -0.0518378988 -0.0486995429 0.000316589081 0.97647059 1 0.827450991
v -0.0547692813 -0.0453660972 0.000944774249 0.97647059 1 0.827450991
v -0.0574827008 -0.0418503247 0.00155805983 0.97647059 1 0.827450991
v -0.0599681027 -0.0381658152 0.00214677374 0.97647059 1 0.827450991
v -0.0622163638 -0.034326952 0.00270163175 0.97647059 1 0.827450991
v -0.0642193183 -0.0303488616 0.00321388291 0.97647059 1 0.827450991
v -0.0659697726 -0.0262473673 0.00367545034 0.97647059 1 0.827450991
v -0.0674614608 -0.0220388807 0.00407905225 0.97647059 1 0.827450991
v -0.0686891302 -0.0177403837 0.00441832561 0.97647059 1 0.827450991
v -0.0696484447 -0.0133692995 0.00468791928 0.97647059 1 0.827450991
v -0.0703360662 -0.00894344132 0.0048835827 0.97647059 1 0.827450991
v -0.0707495958 -0.00448092027 0.00500222808 0.97647059 1 0.827450991
v -0.0708875954 1.07189022e-08 0.00504198438 0.97647059 1 0.827450991
v -0.0707495958 0.0044809375 0.00500222761 0.97647059 1 0.827450991
v -0.0703360662 0.00894347485 0.00488358131 0.97647059 1 0.827450991
v -0.0696484447 0.0133693339 0.00468791835 0.97647059 1 0.827450991
v -0.0686891302 0.0177404191 0.00441832421 0.97647059 1 0.827450991
v -0.0674614534 0.0220389143 0.00407904945 0.97647059 1 0.827450991
v -0.0659697503 0.0262473971 0.00367544638 0.97647059 1 0.827450991
v -0.0642193109 0.0303488914 0.00321387919 0.97647059 1 0.827450991
v -0.0622163452 0.034326978 0.00270162732 0.97647059 1 0.827450991
v -0.0599680878 0.0381658226 0.00214677118 0.97647059 1 0.827450991
v -0.0574826896 0.0418503359 0.0015580575 0.97647059 1 0.827450991
v -0.0547692701 0.0453661121 0.00094477192 0.97647059 1 0.827450991
v -0.0518378913 0.0486995541 0.000316586666 0.97647059 1 0.827450991
v -0.048699528 0.0518379062 -0.000316591293 0.97647059 1 0.827450991
v -0.0453660823 0.054769285 -0.000944776344 0.97647059 1 0.827450991
v -0.0418503098 0.0574827045 -0.00155806181 0.97647059 1 0.827450991
v -0.0381657928 0.0599681064 -0.0021467756 0.97647059 1 0.827450991
v -0.034326937 0.0622163713 -0.00270163384 0.97647059 1 0.827450991
v -0.0303488467 0.0642193332 -0.00321388477 0.97647059 1 0.827450991
v -0.0262473505 0.0659697726 -0.00367545104 0.97647059 1 0.827450991
v -0.0220388751 0.0674614608 -0.00407905271 0.97647059 1 0.827450991
v -0.0177403782 0.0686891377 -0.00441832701 0.97647059 1 0.827450991
v -0.0133692855 0.0696484596 -0.00468792114 0.97647059 1 0.827450991
v -0.00894343294 0.0703360662 -0.00488358317 0.97647059 1 0.827450991
v -0.00448089512 0.0707495958 -0.00500222808 0.97647059 1 0.827450991
v -3.10523474e-09 0.0708875954 -0.00504198438 0.97647059 1 0.827450991
v 0.00448092306 0.0707495958 -0.00500222808 0.97647059 1 0.827450991
v 0.00894346088 0.0703360662 -0.00488358224 0.97647059 1 0.827450991
v 0.01336932 0.0696484447 -0.00468791928 0.97647059 1 0.827450991
v 0.0177404117 0.0686891228 -0.00441832375 0.97647059 1 0.827450991
v 0.0220389012 0.0674614608 -0.00407905132 0.97647059 1 0.827450991
v 0.026247384 0.0659697577 -0.00367544778 0.97647059 1 0.827450991
v 0.0303488821 0.0642193183 -0.00321388128 0.97647059 1 0.827450991
v 0.0343269706 0.0622163564 -0.00270162942 0.97647059 1 0.827450991
v 0.0381658264 0.0599680841 -0.00214677094 0.97647059 1 0.827450991
v 0.0418503471 0.0574826859 -0.00155805645 0.97647059 1 0.827450991
v 0.0453661196 0.0547692664 -0.000944770873 0.97647059 1 0.827450991
v 0.0486995578 0.0518378764 -0.000316584948 0.97647059 1 0.827450991
v 0.0518379174 0.0486995243 0.00031659237 0.97647059 1 0.827450991
v 0.0547692925 0.0453660712 0.000944777916 0.97647059 1 0.827450991
v 0.0574827157 0.0418503024 0.00155806355 0.97647059 1 0.827450991
v 0.0599681139 0.0381657928 0.00214677677 0.97647059 1 0.827450991
v 0.0622163676 0.0343269259 0.00270163361 0.97647059 1 0.827450991
v 0.0642193332 0.0303488467 0.00321388594 0.97647059 1 0.827450991
v 0.0659697726 0.0262473468 0.00367545174 0.97647059 1 0.827450991
v 0.0674614683 0.0220388602 0.00407905411 0.97647059 1 0.827450991
v 0.0686891377 0.0177403614 0.00441832794 0.97647059 1 0.827450991
v 0.0696484447 0.0133693106 0.00468791882 0.97647059 1 0.827450991
v 0.0703360662 0.00894345157 0.00488358224 0.97647059 1 0.827450991
v 0.0707495958 0.00448091375 0.00500222808 0.97647059 1 0.827450991
v 0.0617404133 0 0.00382160884 0.97647059 1 0.827450991
v 0.0616198219 -0.00389641291 0.0037914745 0.97647059 1 0.827450991
v 0.0612584837 -0.00777698494 0.00370154646 0.97647059 1 0.827450991
v 0.06065768 -0.0116259521 0.00355324172 0.97647059 1 0.827450991
v 0.0598195978 -0.0154277105 0.00334890164 0.97647059 1 0.827450991
v 0.0587472394 -0.0191668831 0.00309174717 0.97647059 1 0.827450991
v 0.0574444719 -0.0228284057 0.00278583285 0.97647059 1 0.827450991
v 0.0559160635 -0.026397597 0.00243598479 0.97647059 1 0.827450991
v 0.0541676022 -0.0298602059 0.00204772037 0.97647059 1 0.827450991
v 0.0522055179 -0.0332024954 0.00162716175 0.97647059 1 0.827450991
v 0.050037086 -0.0364112891 0.00118094205 0.97647059 1 0.827450991
v 0.0476704203 -0.0394740291 0.000716097711 0.97647059 1 0.827450991
v 0.0451144241 -0.0423788056 0.000239960267 0.97647059 1 0.827450991
v 0.0423788019 -0.0451144278 -0.000239961038 0.97647059 1 0.827450991
v 0.0394740216 -0.047670424 -0.000716098526 0.97647059 1 0.827450991
v 0.0364112929 -0.050037086 -0.00118094194 0.97647059 1 0.827450991
v 0.033202488 -0.0522055142 -0.00162716222 0.97647059 1 0.827450991
v 0.0298602004 -0.0541676059 -0.00204772106 0.97647059 1 0.827450991
v 0.0263975896 -0.0559160747 -0.00243598619 0.97647059 1 0.827450991
v 0.0228284057 -0.0574444719 -0.00278583285 0.97647059 1 0.827450991
v 0.0191668812 -0.0587472357 -0.00309174717 0.97647059 1 0.827450991
v 0.0154277049 -0.059819594 -0.0033489014 0.97647059 1 0.827450991
v 0.0116259465 -0.0606576875 -0.00355324219 0.97647059 1 0.827450991
v 0.00777697843 -0.0612584837 -0.0037015467 0.97647059 1 0.827450991
v 0.00389640476 -0.0616198219 -0.0037914745 0.97647059 1 0.827450991
v -2.70314038e-09 -0.0617404133 -0.00382160884 0.97647059 1 0.827450991
v -0.00389641779 -0.0616198257 -0.00379147474 0.97647059 1 0.827450991
v -0.007776991 -0.0612584762 -0.00370154576 0.97647059 1 0.827450991
v -0.0116259595 -0.0606576838 -0.00355324149 0.97647059 1 0.827450991
v -0.0154277161 -0.0598195866 -0.00334890047 0.97647059 1 0.827450991
v -0.0191668831 -0.0587472282 -0.00309174624 0.97647059 1 0.827450991
v -0.0228284113 -0.0574444681 -0.00278583239 0.97647059 1 0.827450991
v -0.0263975989 -0.0559160635 -0.00243598456 0.97647059 1 0.827450991
v -0.0298602097 -0.0541675948 -0.00204771943 0.97647059 1 0.827450991
v -0.0332024992 -0.0522055142 -0.00162716105 0.97647059 1 0.827450991
v -0.0364113003 -0.0500370823 -0.00118094089 0.97647059 1 0.827450991
v -0.0394740365 -0.0476704165 -0.000716096605 0.97647059 1 0.827450991
v -0.042378813 -0.0451144166 -0.000239959045 0.97647059 1 0.827450991
v -0.0451144241 -0.0423788019 0.000239960922 0.97647059 1 0.827450991
v -0.047670424 -0.0394740216 0.00071609841 0.97647059 1 0.827450991
v -0.0500370935 -0.0364112854 0.00118094275 0.97647059 1 0.827450991
v -0.0522055216 -0.033202488 0.0016271628 0.97647059 1 0.827450991
v -0.0541676022 -0.0298601948 0.00204772106 0.97647059 1 0.827450991
v -0.0559160747 -0.0263975877 0.00243598642 0.97647059 1 0.827450991
v -0.0574444756 -0.0228283964 0.00278583379 0.97647059 1 0.827450991
v -0.0587472394 -0.01916687 0.00309174787 0.97647059 1 0.827450991
v -0.0598196015 -0.0154276956 0.00334890257 0.97647059 1 0.827450991
v -0.0606576875 -0.0116259372 0.00355324266 0.97647059 1 0.827450991
v -0.0612584837 -0.00777696911 0.00370154693 0.97647059 1 0.827450991
v -0.0616198219 -0.00389640988 0.0037914745 0.97647059 1 0.827450991
v -0.0617404133 9.33255517e-09 0.00382160884 0.97647059 1 0.827450991
v -0.0616198257 0.00389642478 0.00379147474 0.97647059 1 0.827450991
v -0.06125848 0.00777699798 0.003701546 0.97647059 1 0.827450991
v -0.0606576838 0.0116259661 0.00355324126 0.97647059 1 0.827450991
v -0.0598195866 0.0154277226 0.00334890001 0.97647059 1 0.827450991
v -0.0587472245 0.019166898 0.00309174508 0.97647059 1 0.827450991
v -0.0574444644 0.0228284243 0.00278583122 0.97647059 1 0.827450991
v -0.0559160598 0.0263976119 0.00243598316 0.97647059 1 0.827450991
v -0.054167591 0.0298602208 0.00204771827 0.97647059 1 0.827450991
v -0.0522055142 0.0332024992 0.00162716117 0.97647059 1 0.827450991
v -0.0500370823 0.0364112966 0.00118094101 0.97647059 1 0.827450991
v -0.0476704203 0.0394740365 0.000716096838 0.97647059 1 0.827450991
v -0.0451144241 0.0423788168 0.000239959161 0.97647059 1 0.827450991
v -0.0423787981 0.045114439 -0.000239962683 0.97647059 1 0.827450991
v -0.0394740105 0.0476704314 -0.000716100156 0.97647059 1 0.827450991
v -0.0364112742 0.0500370972 -0.00118094427 0.97647059 1 0.827450991
v -0.0332024693 0.0522055216 -0.00162716396 0.97647059 1 0.827450991
v -0.0298601855 0.0541676097 -0.00204772269 0.97647059 1 0.827450991
v -0.0263975747 0.0559160821 -0.00243598782 0.97647059 1 0.827450991
v -0.0228283852 0.057444483 -0.00278583542 0.97647059 1 0.827450991
v -0.0191668645 0.0587472357 -0.00309174787 0.97647059 1 0.827450991
v -0.0154276825 0.0598196052 -0.0033489035 0.97647059 1 0.827450991
v -0.0116259241 0.0606576949 -0.00355324382 0.97647059 1 0.827450991
v -0.0077769612 0.06125848 -0.0037015467 0.97647059 1 0.827450991
v -0.00389638823 0.0616198219 -0.00379147474 0.97647059 1 0.827450991
v -2.70314038e-09 0.0617404133 -0.00382160884 0.97647059 1 0.827450991
v 0.00389641221 0.0616198219 -0.0037914745 0.97647059 1 0.827450991
v 0.00777698588 0.0612584837 -0.00370154646 0.97647059 1 0.827450991
v 0.0116259614 0.0606576838 -0.00355324149 0.97647059 1 0.827450991
v 0.0154277179 0.0598195866 -0.00334890047 0.97647059 1 0.827450991
v 0.0191668849 0.0587472282 -0.00309174601 0.97647059 1 0.827450991
v 0.0228284132 0.0574444681 -0.00278583239 0.97647059 1 0.827450991
v 0.0263976101 0.0559160635 -0.00243598386 0.97647059 1 0.827450991
v 0.0298602115 0.0541675948 -0.0020477192 0.97647059 1 0.827450991
v 0.0332025029 0.0522055104 -0.00162716082 0.97647059 1 0.827450991
v 0.036411304 0.0500370786 -0.00118094019 0.97647059 1 0.827450991
v 0.0394740403 0.0476704091 -0.000716095848 0.97647059 1 0.827450991
v 0.0423788205 0.0451144129 -0.000239958332 0.97647059 1 0.827450991
v 0.0451144427 0.0423787907 0.000239963454 0.97647059 1 0.827450991
v 0.0476704389 0.039474003 0.00071610132 0.97647059 1 0.827450991
v 0.0500371046 0.0364112705 0.00118094508 0.97647059 1 0.827450991
v 0.0522055328 0.0332024693 0.00162716501 0.97647059 1 0.827450991
v 0.0541676134 0.0298601817 0.00204772293 0.97647059 1 0.827450991
v 0.0559160784 0.0263975691 0.00243598782 0.97647059 1 0.827450991
v 0.0574444868 0.0228283815 0.00278583588 0.97647059 1 0.827450991
v 0.0587472394 0.0191668514 0.0030917488 0.97647059 1 0.827450991
v 0.0598196015 0.0154276751 0.00334890326 0.97647059 1 0.827450991
v 0.0606576875 0.0116259465 0.00355324219 0.97647059 1 0.827450991
v 0.0612584837 0.00777697749 0.0037015467 0.97647059 1 0.827450991
v 0.0616198219 0.00389640429 0.0037914745 0.97647059 1 0.827450991
v 0.0537682585 0 0.00289661647 0.97647059 1 0.827450991
v 0.0536629781 -0.00338913687 0.00287377578 0.97647059 1 0.827450991
v 0.0533475205 -0.00676459214 0.00280561415 0.97647059 1 0.827450991
v 0.0528230406 -0.0101127494 0.00269320584 0.97647059 1 0.827450991
v 0.0520914793 -0.013420119 0.00253832433 0.97647059 1 0.827450991
v 0.0511555336 -0.0166734066 0.00234341226 0.97647059 1 0.827450991
v 0.0500186533 -0.0198595654 0.0021115425 0.97647059 1 0.827450991
v 0.0486850701 -0.0229658689 0.00184637262 0.97647059 1 0.827450991
v 0.0471597575 -0.0259799547 0.00155208458 0.97647059 1 0.827450991
v 0.0454484336 -0.0288898796 0.00123331917 0.97647059 1 0.827450991
v 0.0435575359 -0.0316841565 0.000895103673 0.97647059 1 0.827450991
v 0.0414942279 -0.0343518406 0.000542771537 0.97647059 1 0.827450991
v 0.039266374 -0.0368825197 0.000181879645 0.97647059 1 0.827450991
v 0.036882516 -0.0392663814 -0.00018188059 0.97647059 1 0.827450991
v 0.0343518369 -0.0414942317 -0.000542772119 0.97647059 1 0.827450991
v 0.0316841602 -0.0435575359 -0.000895103556 0.97647059 1 0.827450991
v 0.0288898703 -0.0454484299 -0.00123331952 0.97647059 1 0.827450991
v 0.025979951 -0.0471597575 -0.00155208504 0.97647059 1 0.827450991
v 0.0229658633 -0.0486850739 -0.00184637331 0.97647059 1 0.827450991
v 0.0198595654 -0.0500186533 -0.0021115425 0.97647059 1 0.827450991
v 0.0166734047 -0.0511555336 -0.00234341226 0.97647059 1 0.827450991
v 0.0134201152 -0.0520914793 -0.00253832457 0.97647059 1 0.827450991
v 0.0101127438 -0.0528230444 -0.00269320607 0.97647059 1 0.827450991
v 0.00676458655 -0.0533475205 -0.00280561438 0.97647059 1 0.827450991
v 0.00338912965 -0.0536629781 -0.00287377578 0.97647059 1 0.827450991
v -2.35317632e-09 -0.0537682585 -0.00289661647 0.97647059 1 0.827450991
v -0.00338914082 -0.0536629781 -0.00287377578 0.97647059 1 0.827450991
v -0.00676459726 -0.0533475168 -0.00280561368 0.97647059 1 0.827450991
v -0.010112755 -0.0528230406 -0.00269320561 0.97647059 1 0.827450991
v -0.0134201255 -0.0520914756 -0.00253832387 0.97647059 1 0.827450991
v -0.0166734066 -0.0511555262 -0.00234341179 0.97647059 1 0.827450991
v -0.019859571 -0.0500186495 -0.00211154227 0.97647059 1 0.827450991
v -0.0229658727 -0.0486850664 -0.00184637227 0.97647059 1 0.827450991
v -0.0259799603 -0.0471597537 -0.001552084 0.97647059 1 0.827450991
v -0.0288898796 -0.0454484262 -0.00123331847 0.97647059 1 0.827450991
v -0.031684164 -0.0435575284 -0.000895102683 0.97647059 1 0.827450991
v -0.0343518481 -0.0414942205 -0.000542770606 0.97647059 1 0.827450991
v -0.0368825234 -0.0392663702 -0.000181878713 0.97647059 1 0.827450991
v -0.0392663777 -0.036882516 0.000181880168 0.97647059 1 0.827450991
v -0.0414942317 -0.0343518369 0.000542772061 0.97647059 1 0.827450991
v -0.0435575396 -0.0316841528 0.00089510408 0.97647059 1 0.827450991
v -0.0454484336 -0.0288898721 0.00123331987 0.97647059 1 0.827450991
v -0.0471597575 -0.0259799473 0.00155208528 0.97647059 1 0.827450991
v -0.0486850739 -0.0229658615 0.00184637355 0.97647059 1 0.827450991
v -0.050018657 -0.019859558 0.0021115432 0.97647059 1 0.827450991
v -0.0511555336 -0.0166733935 0.00234341272 0.97647059 1 0.827450991
v -0.052091483 -0.0134201059 0.00253832503 0.97647059 1 0.827450991
v -0.0528230444 -0.0101127354 0.0026932063 0.97647059 1 0.827450991
v -0.0533475205 -0.00676457863 0.00280561461 0.97647059 1 0.827450991
v -0.0536629781 -0.00338913407 0.00287377578 0.97647059 1 0.827450991
v -0.0537682585 8.12538836e-09 0.00289661647 0.97647059 1 0.827450991
v -0.0536629781 0.00338914688 0.00287377578 0.97647059 1 0.827450991
v -0.0533475168 0.00676460285 0.00280561368 0.97647059 1 0.827450991
v -0.0528230406 0.0101127606 0.00269320537 0.97647059 1 0.827450991
v -0.0520914756 0.0134201311 0.00253832364 0.97647059 1 0.827450991
v -0.0511555262 0.0166734196 0.00234341086 0.97647059 1 0.827450991
v -0.0500186458 0.0198595822 0.00211154134 0.97647059 1 0.827450991
v -0.0486850627 0.0229658838 0.00184637133 0.97647059 1 0.827450991
v -0.0471597463 0.0259799678 0.00155208271 0.97647059 1 0.827450991
v -0.0454484262 0.0288898796 0.00123331859 0.97647059 1 0.827450991
v -0.0435575321 0.031684164 0.000895102858 0.97647059 1 0.827450991
v -0.0414942205 0.0343518443 0.000542770722 0.97647059 1 0.827450991
v -0.039266374 0.0368825234 0.000181878786 0.97647059 1 0.827450991
v -0.0368825085 0.0392663889 -0.000181881478 0.97647059 1 0.827450991
v -0.0343518257 0.0414942391 -0.000542773341 0.97647059 1 0.827450991
v -0.0316841416 0.0435575433 -0.000895105244 0.97647059 1 0.827450991
v -0.0288898554 0.0454484336 -0.0012333208 0.97647059 1 0.827450991
v -0.025979938 0.0471597649 -0.00155208644 0.97647059 1 0.827450991
v -0.0229658503 0.0486850813 -0.00184637459 0.97647059 1 0.827450991
v -0.0198595468 0.0500186607 -0.00211154413 0.97647059 1 0.827450991
v -0.0166733824 0.0511555374 -0.00234341342 0.97647059 1 0.827450991
v -0.0134201013 0.0520914868 -0.0025383255 0.97647059 1 0.827450991
v -0.0101127299 0.0528230481 -0.00269320654 0.97647059 1 0.827450991
v -0.00676457165 0.0533475168 -0.00280561438 0.97647059 1 0.827450991
v -0.00338911498 0.0536629781 -0.00287377601 0.97647059 1 0.827450991
v -2.35317632e-09 0.0537682585 -0.00289661647 0.97647059 1 0.827450991
v 0.00338913593 0.0536629781 -0.00287377578 0.97647059 1 0.827450991
v 0.00676459307 0.0533475205 -0.00280561415 0.97647059 1 0.827450991
v 0.0101127503 0.0528230406 -0.00269320584 0.97647059 1 0.827450991
v 0.0134201208 0.0520914793 -0.00253832433 0.97647059 1 0.827450991
v 0.0166734103 0.0511555299 -0.00234341179 0.97647059 1 0.827450991
v 0.0198595729 0.0500186495 -0.00211154227 0.97647059 1 0.827450991
v 0.0229658764 0.0486850701 -0.00184637227 0.97647059 1 0.827450991
v 0.0259799622 0.0471597537 -0.00155208388 0.97647059 1 0.827450991
v 0.0288898833 0.0454484224 -0.00123331835 0.97647059 1 0.827450991
v 0.0316841677 0.0435575247 -0.000895102159 0.97647059 1 0.827450991
v 0.0343518518 0.0414942168 -0.00054277014 0.97647059 1 0.827450991
v 0.0368825272 0.0392663628 -0.000181877796 0.97647059 1 0.827450991
v 0.0392663926 0.0368825011 0.00018188206 0.97647059 1 0.827450991
v 0.0414942428 0.0343518183 0.000542774273 0.97647059 1 0.827450991
v 0.0435575508 0.0316841379 0.000895106292 0.97647059 1 0.827450991
v 0.0454484411 0.0288898554 0.0012333215 0.97647059 1 0.827450991
v 0.0471597686 0.0259799324 0.00155208702 0.97647059 1 0.827450991
v 0.0486850813 0.0229658466 0.00184637494 0.97647059 1 0.827450991
v 0.0500186644 0.0198595431 0.00211154437 0.97647059 1 0.827450991
v 0.0511555374 0.0166733786 0.00234341365 0.97647059 1 0.827450991
v 0.0520914868 0.0134200891 0.00253832573 0.97647059 1 0.827450991
v 0.0528230444 0.0101127429 0.00269320607 0.97647059 1 0.827450991
v 0.0533475205 0.00676458562 0.00280561438 0.97647059 1 0.827450991
v 0.0536629781 0.00338912872 0.00287377578 0.97647059 1 0.827450991
v 0.0468219966 0 0.00219551171 0.97647059 1 0.827450991
v 0.0467301458 -0.0029485561 0.00217820005 0.97647059 1 0.827450991
v 0.0464549325 -0.00588527368 0.0021265361 0.97647059 1 0.827450991
v 0.0459973812 -0.00879836734 0.00204133522 0.97647059 1 0.827450991
v 0.0453592129 -0.0116761588 0.00192394131 0.97647059 1 0.827450991
v 0.0445428267 -0.0145071326 0.00177620666 0.97647059 1 0.827450991
v 0.0435512774 -0.0172799788 0.00160045945 0.97647059 1 0.827450991
v 0.0423883088 -0.019983653 0.00139947166 0.97647059 1 0.827450991
v 0.0410583243 -0.0226074141 0.00117641385 0.97647059 1 0.827450991
v 0.0395663753 -0.0251408815 0.000934803393 0.97647059 1 0.827450991
v 0.0379181318 -0.0275740493 0.000678450509 0.97647059 1 0.827450991
v 0.0361199118 -0.029897375 0.000411397661 0.97647059 1 0.827450991
v 0.0341786183 -0.0321017615 0.000137857016 0.97647059 1 0.827450991
v 0.0321017578 -0.0341786221 -0.000137857467 0.97647059 1 0.827450991
v 0.0298973694 -0.0361199081 -0.000411397836 0.97647059 1 0.827450991
v 0.027574053 -0.0379181318 -0.000678450451 0.97647059 1 0.827450991
v 0.0251408722 -0.0395663679 -0.000934803509 0.97647059 1 0.827450991
v 0.0226074122 -0.041058328 -0.00117641455 0.97647059 1 0.827450991
v 0.0199836474 -0.0423883125 -0.00139947224 0.97647059 1 0.827450991
v 0.0172799788 -0.0435512774 -0.00160045945 0.97647059 1 0.827450991
v 0.0145071307 -0.044542823 -0.00177620642 0.97647059 1 0.827450991
v 0.011676155 -0.0453592129 -0.00192394143 0.97647059 1 0.827450991
v 0.00879836176 -0.0459973775 -0.00204133498 0.97647059 1 0.827450991
v 0.00588526856 -0.0464549325 -0.00212653633 0.97647059 1 0.827450991
v 0.00294854981 -0.0467301458 -0.00217820005 0.97647059 1 0.827450991
v -2.04856243e-09 -0.0468219966 -0.00219551171 0.97647059 1 0.827450991
v -0.00294855959 -0.0467301458 -0.00217819982 0.97647059 1 0.827450991
v -0.00588527741 -0.0464549214 -0.0021265354 0.97647059 1 0.827450991
v -0.008798372 -0.0459973812 -0.00204133498 0.97647059 1 0.827450991
v -0.0116761643 -0.0453592092 -0.00192394108 0.97647059 1 0.827450991
v -0.0145071335 -0.0445428193 -0.00177620619 0.97647059 1 0.827450991
v -0.0172799826 -0.0435512736 -0.00160045887 0.97647059 1 0.827450991
v -0.0199836548 -0.0423883088 -0.00139947142 0.97647059 1 0.827450991
v -0.0226074196 -0.0410583206 -0.0011764135 0.97647059 1 0.827450991
v -0.0251408815 -0.0395663679 -0.000934802811 0.97647059 1 0.827450991
v -0.0275740586 -0.0379181243 -0.000678449811 0.97647059 1 0.827450991
v -0.0298973825 -0.0361199081 -0.000411397079 0.97647059 1 0.827450991
v -0.0321017653 -0.0341786072 -0.000137856288 0.97647059 1 0.827450991
v -0.0341786183 -0.0321017578 0.000137857409 0.97647059 1 0.827450991
v -0.0361199118 -0.0298973676 0.00041139801 0.97647059 1 0.827450991
v -0.0379181355 -0.0275740474 0.000678450859 0.97647059 1 0.827450991
v -0.039566379 -0.025140876 0.000934803975 0.97647059 1 0.827450991
v -0.041058328 -0.0226074085 0.00117641443 0.97647059 1 0.827450991
v -0.0423883125 -0.0199836455 0.00139947236 0.97647059 1 0.827450991
v -0.0435512736 -0.0172799695 0.00160045945 0.97647059 1 0.827450991
v -0.0445428193 -0.0145071205 0.00177620666 0.97647059 1 0.827450991
v -0.0453592129 -0.0116761476 0.00192394189 0.97647059 1 0.827450991
v -0.0459973775 -0.00879835524 0.00204133545 0.97647059 1 0.827450991
v -0.0464549288 -0.00588526111 0.00212653587 0.97647059 1 0.827450991
v -0.0467301458 -0.00294855353 0.00217820005 0.97647059 1 0.827450991
v -0.0468219966 7.07428471e-09 0.00219551171 0.97647059 1 0.827450991
v -0.0467301458 0.00294856471 0.00217819982 0.97647059 1 0.827450991
v -0.0464549214 0.00588528253 0.00212653517 0.97647059 1 0.827450991
v -0.0459973812 0.00879837759 0.00204133475 0.97647059 1 0.827450991
v -0.0453592092 0.011676169 0.00192394084 0.97647059 1 0.827450991
v -0.0445428155 0.0145071447 0.00177620549 0.97647059 1 0.827450991
v -0.0435512699 0.0172799919 0.00160045817 0.97647059 1 0.827450991
v -0.0423883051 0.019983666 0.00139947061 0.97647059 1 0.827450991
v -0.0410583131 0.0226074252 0.00117641257 0.97647059 1 0.827450991
v -0.0395663679 0.0251408815 0.000934802869 0.97647059 1 0.827450991
v -0.0379181243 0.0275740549 0.000678449869 0.97647059 1 0.827450991
v -0.0361199081 0.0298973806 0.000411397137 0.97647059 1 0.827450991
v -0.0341786183 0.032101769 0.00013785639 0.97647059 1 0.827450991
v -0.0321017541 0.0341786295 -0.000137858398 0.97647059 1 0.827450991
v -0.0298973583 0.0361199155 -0.000411399 0.97647059 1 0.827450991
v -0.0275740381 0.0379181392 -0.000678451848 0.97647059 1 0.827450991
v -0.025140861 0.0395663753 -0.000934804615 0.97647059 1 0.827450991
v -0.022607401 0.0410583355 -0.00117641559 0.97647059 1 0.827450991
v -0.0199836381 0.04238832 -0.0013994734 0.97647059 1 0.827450991
v -0.0172799658 0.0435512811 -0.00160046003 0.97647059 1 0.827450991
v -0.0145071167 0.0445428193 -0.00177620689 0.97647059 1 0.827450991
v -0.0116761448 0.0453592204 -0.00192394271 0.97647059 1 0.827450991
v -0.00879835058 0.0459973849 -0.00204133568 0.97647059 1 0.827450991
v -0.00588525552 0.0464549288 -0.0021265361 0.97647059 1 0.827450991
v -0.002948537 0.0467301421 -0.00217819959 0.97647059 1 0.827450991
v -2.04856243e-09 0.0468219966 -0.00219551171 0.97647059 1 0.827450991
v 0.0029485554 0.0467301458 -0.00217820005 0.97647059 1 0.827450991
v 0.00588527415 0.0464549325 -0.0021265361 0.97647059 1 0.827450991
v 0.00879836828 0.0459973812 -0.00204133522 0.97647059 1 0.827450991
v 0.0116761662 0.0453592092 -0.00192394108 0.97647059 1 0.827450991
v 0.0145071344 0.0445428193 -0.00177620607 0.97647059 1 0.827450991
v 0.0172799844 0.0435512774 -0.00160045922 0.97647059 1 0.827450991
v 0.0199836586 0.0423883088 -0.00139947166 0.97647059 1 0.827450991
v 0.0226074196 0.0410583206 -0.00117641338 0.97647059 1 0.827450991
v 0.0251408834 0.0395663641 -0.000934802578 0.97647059 1 0.827450991
v 0.0275740586 0.0379181206 -0.000678449287 0.97647059 1 0.827450991
v 0.0298973862 0.0361199044 -0.000411396672 0.97647059 1 0.827450991
v 0.032101769 0.0341786072 -0.000137855619 0.97647059 1 0.827450991
v 0.0341786332 0.0321017466 0.000137859111 0.97647059 1 0.827450991
v 0.036119923 0.0298973527 0.000411399698 0.97647059 1 0.827450991
v 0.0379181392 0.0275740344 0.000678452081 0.97647059 1 0.827450991
v 0.0395663828 0.0251408592 0.000934805081 0.97647059 1 0.827450991
v 0.0410583355 0.0226073954 0.00117641571 0.97647059 1 0.827450991
v 0.04238832 0.0199836325 0.0013994734 0.97647059 1 0.827450991
v 0.0435512811 0.0172799565 0.00160046038 0.97647059 1 0.827450991
v 0.0445428267 0.0145071084 0.00177620759 0.97647059 1 0.827450991
v 0.0453592204 0.0116761336 0.00192394271 0.97647059 1 0.827450991
v 0.0459973775 0.00879836176 0.00204133498 0.97647059 1 0.827450991
v 0.0464549325 0.0058852681 0.00212653633 0.97647059 1 0.827450991
v 0.0467301458 0.00294854911 0.00217820005 0.97647059 1 0.827450991
v 0.0407708026 0 0.00166410394 0.97647059 1 0.827450991
v 0.0406907089 -0.00256568077 0.00165098242 0.97647059 1 0.827450991
v 0.0404507257 -0.00512110256 0.00161182345 0.97647059 1 0.827450991
v 0.0400517583 -0.00765605271 0.00154724473 0.97647059 1 0.827450991
v 0.039495334 -0.0101604043 0.00145826535 0.97647059 1 0.827450991
v 0.0387835614 -0.0126241716 0.00134628871 0.97647059 1 0.827450991
v 0.0379191414 -0.0150375385 0.00121307978 0.97647059 1 0.827450991
v 0.0369053669 -0.017390918 0.00106073963 0.97647059 1 0.827450991
v 0.0357461348 -0.0196749698 0.000891671167 0.97647059 1 0.827450991
v 0.0344458707 -0.0218806677 0.00070854096 0.97647059 1 0.827450991
v 0.0330095701 -0.023999298 0.000514236337 0.97647059 1 0.827450991
v 0.0314427763 -0.0260225423 0.000311821845 0.97647059 1 0.827450991
v 0.0297515523 -0.0279424619 0.000104489714 0.97647059 1 0.827450991
v 0.02794246 -0.0297515579 -0.000104490064 0.97647059 1 0.827450991
v 0.0260225385 -0.03144278 -0.000311822165 0.97647059 1 0.827450991
v 0.0239992999 -0.0330095701 -0.000514236337 0.97647059 1 0.827450991
v 0.0218806621 -0.0344458669 -0.000708541134 0.97647059 1 0.827450991
v 0.0196749661 -0.0357461385 -0.000891671691 0.97647059 1 0.827450991
v 0.0173909124 -0.0369053744 -0.00106074009 0.97647059 1 0.827450991
v 0.0150375385 -0.0379191414 -0.00121307978 0.97647059 1 0.827450991
v 0.0126241706 -0.0387835614 -0.00134628871 0.97647059 1 0.827450991
v 0.0101604005 -0.039495334 -0.00145826547 0.97647059 1 0.827450991
v 0.00765604759 -0.040051762 -0.00154724484 0.97647059 1 0.827450991
v 0.0051210979 -0.0404507257 -0.00161182345 0.97647059 1 0.827450991
v 0.00256567518 -0.0406907089 -0.00165098242 0.97647059 1 0.827450991
v -1.7834072e-09 -0.0407708026 -0.00166410394 0.97647059 1 0.827450991
v -0.00256568403 -0.0406907126 -0.00165098254 0.97647059 1 0.827450991
v -0.00512110628 -0.0404507183 -0.00161182298 0.97647059 1 0.827450991
v -0.00765605643 -0.0400517583 -0.00154724449 0.97647059 1 0.827450991
v -0.0101604089 -0.0394953303 -0.00145826512 0.97647059 1 0.827450991
v -0.0126241716 -0.0387835577 -0.00134628825 0.97647059 1 0.827450991
v -0.0150375403 -0.0379191376 -0.00121307932 0.97647059 1 0.827450991
v -0.0173909198 -0.0369053707 -0.00106073974 0.97647059 1 0.827450991
v -0.0196749717 -0.0357461311 -0.000891671109 0.97647059 1 0.827450991
v -0.0218806714 -0.0344458669 -0.000708540669 0.97647059 1 0.827450991
v -0.0239993054 -0.0330095664 -0.000514235813 0.97647059 1 0.827450991
v -0.0260225497 -0.0314427763 -0.000311821379 0.97647059 1 0.827450991
v -0.0279424656 -0.0297515467 -0.000104489183 0.97647059 1 0.827450991
v -0.0297515541 -0.02794246 0.000104490013 0.97647059 1 0.827450991
v -0.03144278 -0.0260225385 0.000311822136 0.97647059 1 0.827450991
v -0.0330095738 -0.0239992943 0.000514236628 0.97647059 1 0.827450991
v -0.0344458707 -0.0218806621 0.000708541309 0.97647059 1 0.827450991
v -0.0357461385 -0.0196749624 0.000891671807 0.97647059 1 0.827450991
v -0.0369053744 -0.0173909105 0.00106074021 0.97647059 1 0.827450991
v -0.0379191414 -0.015037531 0.0012130799 0.97647059 1 0.827450991
v -0.0387835614 -0.0126241622 0.00134628883 0.97647059 1 0.827450991
v -0.0394953378 -0.010160394 0.0014582657 0.97647059 1 0.827450991
v -0.040051762 -0.00765604153 0.00154724496 0.97647059 1 0.827450991
v -0.0404507257 -0.00512109185 0.00161182357 0.97647059 1 0.827450991
v -0.0406907089 -0.00256567867 0.00165098242 0.97647059 1 0.827450991
v -0.0407708026 6.15909723e-09 0.00166410394 0.97647059 1 0.827450991
v -0.0406907126 0.00256568845 0.00165098254 0.97647059 1 0.827450991
v -0.0404507183 0.00512111047 0.00161182287 0.97647059 1 0.827450991
v -0.0400517583 0.00765606062 0.00154724438 0.97647059 1 0.827450991
v -0.0394953303 0.0101604136 0.001458265 0.97647059 1 0.827450991
v -0.038783554 0.0126241818 0.00134628778 0.97647059 1 0.827450991
v -0.0379191339 0.0150375497 0.00121307885 0.97647059 1 0.827450991
v -0.0369053669 0.0173909273 0.00106073893 0.97647059 1 0.827450991
v -0.0357461311 0.0196749792 0.000891670526 0.97647059 1 0.827450991
v -0.0344458632 0.0218806677 0.000708540611 0.97647059 1 0.827450991
v -0.0330095701 0.0239993036 0.000514235988 0.97647059 1 0.827450991
v -0.0314427726 0.026022546 0.00031182135 0.97647059 1 0.827450991
v -0.0297515523 0.0279424693 0.000104489241 0.97647059 1 0.827450991
v -0.0279424544 0.0297515616 -0.000104490769 0.97647059 1 0.827450991
v -0.0260225311 0.0314427838 -0.000311822863 0.97647059 1 0.827450991
v -0.0239992868 0.0330095775 -0.000514237327 0.97647059 1 0.827450991
v -0.021880649 0.0344458707 -0.000708541833 0.97647059 1 0.827450991
v -0.0196749549 0.0357461423 -0.000891672506 0.97647059 1 0.827450991
v -0.0173909031 0.0369053818 -0.00106074102 0.97647059 1 0.827450991
v -0.0150375273 0.0379191451 -0.00121308025 0.97647059 1 0.827450991
v -0.0126241585 0.0387835614 -0.00134628895 0.97647059 1 0.827450991
v -0.0101603866 0.0394953415 -0.0014582664 0.97647059 1 0.827450991
v -0.00765603315 0.0400517657 -0.00154724566 0.97647059 1 0.827450991
v -0.00512108626 0.040450722 -0.00161182333 0.97647059 1 0.827450991
v -0.00256566424 0.0406907089 -0.00165098242 0.97647059 1 0.827450991
v -1.7834072e-09 0.0407708026 -0.00166410394 0.97647059 1 0.827450991
v 0.00256568007 0.0406907089 -0.00165098242 0.97647059 1 0.827450991
v 0.00512110302 0.0404507257 -0.00161182345 0.97647059 1 0.827450991
v 0.00765605737 0.0400517583 -0.00154724449 0.97647059 1 0.827450991
v 0.0101604098 0.0394953303 -0.00145826512 0.97647059 1 0.827450991
v 0.0126241725 0.0387835577 -0.00134628813 0.97647059 1 0.827450991
v 0.0150375422 0.0379191376 -0.00121307932 0.97647059 1 0.827450991
v 0.0173909217 0.0369053707 -0.00106073963 0.97647059 1 0.827450991
v 0.0196749754 0.0357461348 -0.000891671167 0.97647059 1 0.827450991
v 0.0218806714 0.0344458632 -0.000708540436 0.97647059 1 0.827450991
v 0.0239993092 0.0330095664 -0.000514235639 0.97647059 1 0.827450991
v 0.0260225534 0.0314427726 -0.000311821088 0.97647059 1 0.827450991
v 0.0279424693 0.0297515448 -0.000104488674 0.97647059 1 0.827450991
v 0.0297515653 0.0279424489 0.000104491104 0.97647059 1 0.827450991
v 0.0314427912 0.0260225255 0.000311823387 0.97647059 1 0.827450991
v 0.033009585 0.0239992868 0.000514237734 0.97647059 1 0.827450991
v 0.0344458781 0.021880649 0.000708542299 0.97647059 1 0.827450991
v 0.035746146 0.0196749512 0.000891672797 0.97647059 1 0.827450991
v 0.0369053781 0.0173908994 0.00106074102 0.97647059 1 0.827450991
v 0.0379191451 0.0150375199 0.0012130806 0.97647059 1 0.827450991
v 0.0387835652 0.0126241501 0.00134628941 0.97647059 1 0.827450991
v 0.0394953378 0.0101603819 0.00145826628 0.97647059 1 0.827450991
v 0.040051762 0.00765604759 0.00154724484 0.97647059 1 0.827450991
v 0.0404507257 0.00512109743 0.00161182345 0.97647059 1 0.827450991
v 0.0406907089 0.00256567472 0.00165098242 0.97647059 1 0.827450991
v 0.0355001353 0 0.00126131997 0.97647059 1 0.827450991
v 0.0354303196 -0.00223280746 0.00125137414 0.97647059 1 0.827450991
v 0.0352211408 -0.00445671473 0.00122169347 0.97647059 1 0.827450991
v 0.0348733887 -0.00666286191 0.0011727456 0.97647059 1 0.827450991
v 0.0343884081 -0.00884245988 0.00110530283 0.97647059 1 0.827450991
v 0.0337680615 -0.0109868404 0.00102042954 0.97647059 1 0.827450991
v 0.0330147147 -0.0130874785 0.000919462647 0.97647059 1 0.827450991
v 0.032131277 -0.0151360445 0.00080399547 0.97647059 1 0.827450991
v 0.0311211515 -0.0171244182 0.000675848976 0.97647059 1 0.827450991
v 0.0299882349 -0.0190447401 0.000537043787 0.97647059 1 0.827450991
v 0.0287369061 -0.0208894331 0.000389769266 0.97647059 1 0.827450991
v 0.0273720231 -0.0226512421 0.000236347681 0.97647059 1 0.827450991
v 0.0258988813 -0.0243232399 7.91987331e-05 0.97647059 1 0.827450991
v 0.0243232399 -0.0258988887 -7.91990242e-05 0.97647059 1 0.827450991
v 0.0226512384 -0.027372025 -0.000236347943 0.97647059 1 0.827450991
v 0.020889435 -0.0287369061 -0.000389769237 0.97647059 1 0.827450991
v 0.0190447364 -0.0299882349 -0.000537044019 0.97647059 1 0.827450991
v 0.0171244144 -0.0311211534 -0.000675849209 0.97647059 1 0.827450991
v 0.0151360389 -0.0321312808 -0.000803995819 0.97647059 1 0.827450991
v 0.0130874785 -0.0330147147 -0.000919462647 0.97647059 1 0.827450991
v 0.0109868394 -0.0337680615 -0.00102042954 0.97647059 1 0.827450991
v 0.00884245615 -0.0343884081 -0.00110530283 0.97647059 1 0.827450991
v 0.00666285772 -0.0348733924 -0.00117274572 0.97647059 1 0.827450991
v 0.004456711 -0.0352211408 -0.00122169359 0.97647059 1 0.827450991
v 0.00223280233 -0.0354303196 -0.00125137414 0.97647059 1 0.827450991
v -1.55259094e-09 -0.0355001353 -0.00126131997 0.97647059 1 0.827450991
v -0.00223280978 -0.0354303196 -0.00125137402 0.97647059 1 0.827450991
v -0.00445671799 -0.0352211334 -0.00122169324 0.97647059 1 0.827450991
v -0.00666286517 -0.0348733887 -0.00117274548 0.97647059 1 0.827450991
v -0.00884246361 -0.0343884081 -0.00110530294 0.97647059 1 0.827450991
v -0.0109868404 -0.0337680578 -0.00102042919 0.97647059 1 0.827450991
v -0.0130874813 -0.033014711 -0.000919462531 0.97647059 1 0.827450991
v -0.0151360454 -0.032131277 -0.000803995354 0.97647059 1 0.827450991
v -0.0171244219 -0.0311211497 -0.000675848743 0.97647059 1 0.827450991
v -0.0190447439 -0.0299882349 -0.00053704367 0.97647059 1 0.827450991
v -0.0208894387 -0.0287369024 -0.000389768858 0.97647059 1 0.827450991
v -0.0226512495 -0.0273720212 -0.000236347332 0.97647059 1 0.827450991
v -0.0243232436 -0.0258988775 -7.9198333e-05 0.97647059 1 0.827450991
v -0.0258988868 -0.0243232399 7.91989805e-05 0.97647059 1 0.827450991
v -0.027372025 -0.0226512384 0.0002363479 0.97647059 1 0.827450991
v -0.028736908 -0.0208894312 0.00038976947 0.97647059 1 0.827450991
v -0.0299882367 -0.0190447364 0.000537044136 0.97647059 1 0.827450991
v -0.0311211534 -0.0171244126 0.000675849267 0.97647059 1 0.827450991
v -0.0321312808 -0.015136038 0.000803995936 0.97647059 1 0.827450991
v -0.0330147184 -0.0130874729 0.000919462997 0.97647059 1 0.827450991
v -0.0337680615 -0.010986832 0.00102042966 0.97647059 1 0.827450991
v -0.0343884118 -0.0088424515 0.00110530341 0.97647059 1 0.827450991
v -0.0348733924 -0.00666285213 0.00117274583 0.97647059 1 0.827450991
v -0.0352211408 -0.00445670588 0.0012216937 0.97647059 1 0.827450991
v -0.0354303196 -0.00223280536 0.00125137414 0.97647059 1 0.827450991
v -0.0355001353 5.36226974e-09 0.00126131997 0.97647059 1 0.827450991
v -0.0354303196 0.00223281374 0.00125137402 0.97647059 1 0.827450991
v -0.0352211334 0.00445672171 0.00122169312 0.97647059 1 0.827450991
v -0.0348733887 0.00666286843 0.00117274537 0.97647059 1 0.827450991
v -0.0343884081 0.00884246733 0.00110530283 0.97647059 1 0.827450991
v -0.0337680541 0.0109868487 0.00102042884 0.97647059 1 0.827450991
v -0.033014711 0.0130874887 0.000919462123 0.97647059 1 0.827450991
v -0.032131277 0.0151360538 0.000803995063 0.97647059 1 0.827450991
v -0.0311211478 0.0171244275 0.000675848278 0.97647059 1 0.827450991
v -0.029988233 0.019044742 0.000537043612 0.97647059 1 0.827450991
v -0.0287369043 0.0208894387 0.000389768975 0.97647059 1 0.827450991
v -0.0273720212 0.0226512477 0.000236347361 0.97647059 1 0.827450991
v -0.0258988831 0.0243232455 7.91983839e-05 0.97647059 1 0.827450991
v -0.0243232362 0.0258988924 -7.91995553e-05 0.97647059 1 0.827450991
v -0.0226512328 0.0273720287 -0.000236348467 0.97647059 1 0.827450991
v -0.0208894238 0.0287369117 -0.000389770023 0.97647059 1 0.827450991
v -0.0190447252 0.0299882367 -0.000537044485 0.97647059 1 0.827450991
v -0.017124407 0.031121159 -0.000675849791 0.97647059 1 0.827450991
v -0.0151360314 0.0321312882 -0.000803996518 0.97647059 1 0.827450991
v -0.0130874701 0.0330147184 -0.000919463229 0.97647059 1 0.827450991
v -0.0109868292 0.0337680615 -0.00102042977 0.97647059 1 0.827450991
v -0.00884244498 0.0343884192 -0.00110530388 0.97647059 1 0.827450991
v -0.00666284515 0.0348733962 -0.0011727463 0.97647059 1 0.827450991
v -0.00445670122 0.0352211371 -0.00122169347 0.97647059 1 0.827450991
v -0.00223279279 0.0354303196 -0.00125137414 0.97647059 1 0.827450991
v -1.55259094e-09 0.0355001353 -0.00126131997 0.97647059 1 0.827450991
v 0.00223280652 0.0354303196 -0.00125137414 0.97647059 1 0.827450991
v 0.00445671519 0.0352211408 -0.00122169347 0.97647059 1 0.827450991
v 0.0066628661 0.0348733887 -0.00117274548 0.97647059 1 0.827450991
v 0.00884246174 0.0343884118 -0.00110530306 0.97647059 1 0.827450991
v 0.0109868413 0.0337680578 -0.00102042919 0.97647059 1 0.827450991
v 0.0130874822 0.033014711 -0.000919462531 0.97647059 1 0.827450991
v 0.0151360519 0.032131277 -0.000803995237 0.97647059 1 0.827450991
v 0.0171244219 0.0311211497 -0.000675848685 0.97647059 1 0.827450991
v 0.0190447439 0.0299882293 -0.000537043496 0.97647059 1 0.827450991
v 0.0208894406 0.0287369005 -0.000389768626 0.97647059 1 0.827450991
v 0.0226512495 0.0273720156 -0.000236347056 0.97647059 1 0.827450991
v 0.0243232511 0.0258988794 -7.91979692e-05 0.97647059 1 0.827450991
v 0.0258988962 0.0243232306 7.919981e-05 0.97647059 1 0.827450991
v 0.0273720324 0.0226512272 0.00023634886 0.97647059 1 0.827450991
v 0.0287369154 0.0208894219 0.000389770255 0.97647059 1 0.827450991
v 0.0299882423 0.0190447252 0.000537044893 0.97647059 1 0.827450991
v 0.0311211608 0.0171244033 0.000675850024 0.97647059 1 0.827450991
v 0.0321312845 0.0151360286 0.000803996518 0.97647059 1 0.827450991
v 0.0330147184 0.0130874617 0.000919463229 0.97647059 1 0.827450991
v 0.0337680615 0.0109868217 0.00102042977 0.97647059 1 0.827450991
v 0.0343884155 0.00884244032 0.00110530376 0.97647059 1 0.827450991
v 0.0348733924 0.00666285772 0.00117274572 0.97647059 1 0.827450991
v 0.0352211408 0.00445671054 0.00122169359 0.97647059 1 0.827450991
v 0.0354303196 0.0022328021 0.00125137414 0.97647059 1 0.827450991
v 0.030909827 0 0.000956026663 0.97647059 1 0.827450991
v 0.0308489893 -0.00194330898 0.00094848813 0.97647059 1 0.827450991
v 0.0306667108 -0.00387889054 0.000925991393 0.97647059 1 0.827450991
v 0.0303636864 -0.00579904998 0.000888890994 0.97647059 1 0.827450991
v 0.0299410988 -0.00769615732 0.000837772503 0.97647059 1 0.827450991
v 0.0294005759 -0.00956267864 0.000773441861 0.97647059 1 0.827450991
v 0.0287441965 -0.0113912085 0.000696913456 0.97647059 1 0.827450991
v 0.0279745106 -0.013174505 0.000609394221 0.97647059 1 0.827450991
v 0.0270945039 -0.0149055049 0.000512264669 0.97647059 1 0.827450991
v 0.0261075869 -0.0165773723 0.000407056272 0.97647059 1 0.827450991
v 0.0250175931 -0.0181835033 0.000295428472 0.97647059 1 0.827450991
v 0.0238287691 -0.0197175834 0.00017914144 0.97647059 1 0.827450991
v 0.0225457549 -0.0211735684 6.00292697e-05 0.97647059 1 0.827450991
v 0.0211735684 -0.0225457586 -6.0029477e-05 0.97647059 1 0.827450991
v 0.0197175778 -0.0238287691 -0.000179141629 0.97647059 1 0.827450991
v 0.0181835052 -0.0250175931 -0.000295428443 0.97647059 1 0.827450991
v 0.0165773667 -0.0261075851 -0.000407056446 0.97647059 1 0.827450991
v 0.014905503 -0.0270945076 -0.000512264844 0.97647059 1 0.827450991
v 0.0131745003 -0.0279745143 -0.000609394512 0.97647059 1 0.827450991
v 0.0113912085 -0.0287441947 -0.000696913339 0.97647059 1 0.827450991
v 0.0095626777 -0.0294005759 -0.00077344192 0.97647059 1 0.827450991
v 0.00769615499 -0.0299410988 -0.000837772561 0.97647059 1 0.827450991
v 0.00579904718 -0.0303636901 -0.000888891169 0.97647059 1 0.827450991
v 0.00387888728 -0.0306667108 -0.000925991451 0.97647059 1 0.827450991
v 0.00194330479 -0.0308489893 -0.00094848813 0.97647059 1 0.827450991
v -1.35165956e-09 -0.030909827 -0.000956026663 0.97647059 1 0.827450991
v -0.00194331119 -0.0308489893 -0.000948488072 0.97647059 1 0.827450991
v -0.00387889356 -0.0306667071 -0.000925991277 0.97647059 1 0.827450991
v -0.0057990537 -0.0303636882 -0.000888890994 0.97647059 1 0.827450991
v -0.00769616058 -0.029941095 -0.000837772328 0.97647059 1 0.827450991
v -0.00956267864 -0.0294005722 -0.000773441745 0.97647059 1 0.827450991
v -0.0113912113 -0.0287441947 -0.000696913339 0.97647059 1 0.827450991
v -0.0131745059 -0.0279745106 -0.000609394163 0.97647059 1 0.827450991
v -0.0149055067 -0.0270945001 -0.000512264436 0.97647059 1 0.827450991
v -0.0165773723 -0.0261075832 -0.000407056097 0.97647059 1 0.827450991
v -0.0181835089 -0.0250175893 -0.000295428152 0.97647059 1 0.827450991
v -0.0197175872 -0.0238287672 -0.000179141163 0.97647059 1 0.827450991
v -0.0211735722 -0.0225457512 -6.00289641e-05 0.97647059 1 0.827450991
v -0.0225457568 -0.0211735684 6.00294479e-05 0.97647059 1 0.827450991
v -0.0238287691 -0.0197175778 0.0001791416 0.97647059 1 0.827450991
v -0.0250175949 -0.0181835014 0.000295428617 0.97647059 1 0.827450991
v -0.0261075888 -0.0165773686 0.000407056534 0.97647059 1 0.827450991
v -0.0270945057 -0.0149055002 0.000512264902 0.97647059 1 0.827450991
v -0.0279745143 -0.0131744994 0.00060939457 0.97647059 1 0.827450991
v -0.0287441984 -0.0113912039 0.000696913688 0.97647059 1 0.827450991
v -0.0294005759 -0.00956267212 0.000773442036 0.97647059 1 0.827450991
v -0.0299411006 -0.00769614987 0.000837772735 0.97647059 1 0.827450991
v -0.0303636901 -0.00579904253 0.000888891285 0.97647059 1 0.827450991
v -0.0306667089 -0.00387888262 0.000925991451 0.97647059 1 0.827450991
v -0.0308489893 -0.00194330735 0.00094848813 0.97647059 1 0.827450991
v -0.030909827 4.66850691e-09 0.000956026663 0.97647059 1 0.827450991
v -0.0308489893 0.00194331468 0.000948488072 0.97647059 1 0.827450991
v -0.0306667071 0.00387889682 0.000925991219 0.97647059 1 0.827450991
v -0.0303636882 0.00579905696 0.000888890936 0.97647059 1 0.827450991
v -0.0299410969 0.00769616431 0.00083777227 0.97647059 1 0.827450991
v -0.0294005685 0.00956268609 0.000773441396 0.97647059 1 0.827450991
v -0.0287441909 0.0113912169 0.000696912932 0.97647059 1 0.827450991
v -0.0279745087 0.0131745124 0.000609393814 0.97647059 1 0.827450991
v -0.0270944983 0.0149055123 0.000512264087 0.97647059 1 0.827450991
v -0.0261075832 0.0165773723 0.000407056126 0.97647059 1 0.827450991
v -0.0250175912 0.018183507 0.00029542821 0.97647059 1 0.827450991
v -0.0238287672 0.0197175853 0.000179141192 0.97647059 1 0.827450991
v -0.022545753 0.021173574 6.00289932e-05 0.97647059 1 0.827450991
v -0.0211735703 0.0225457568 -6.00294261e-05 0.97647059 1 0.827450991
v -0.0197175741 0.0238287747 -0.000179142036 0.97647059 1 0.827450991
v -0.0181834958 0.0250175986 -0.000295429025 0.97647059 1 0.827450991
v -0.0165773593 0.0261075888 -0.000407056854 0.97647059 1 0.827450991
v -0.0149054946 0.0270945095 -0.000512265251 0.97647059 1 0.827450991
v -0.0131744938 0.027974518 -0.00060939492 0.97647059 1 0.827450991
v -0.0113911983 0.0287442021 -0.000696913979 0.97647059 1 0.827450991
v -0.00956266839 0.029400574 -0.000773442094 0.97647059 1 0.827450991
v -0.00769614382 0.0299411025 -0.000837772968 0.97647059 1 0.827450991
v -0.00579903927 0.030363692 -0.000888891343 0.97647059 1 0.827450991
v -0.0038788789 0.0306667089 -0.00092599151 0.97647059 1 0.827450991
v -0.00194329652 0.0308489893 -0.000948488188 0.97647059 1 0.827450991
v -1.35165956e-09 0.030909827 -0.000956026663 0.97647059 1 0.827450991
v 0.00194330851 0.0308489893 -0.00094848813 0.97647059 1 0.827450991
v 0.003878891 0.0306667108 -0.000925991393 0.97647059 1 0.827450991
v 0.00579905463 0.0303636882 -0.000888890994 0.97647059 1 0.827450991
v 0.00769615825 0.0299410969 -0.000837772444 0.97647059 1 0.827450991
v 0.00956267957 0.0294005722 -0.000773441687 0.97647059 1 0.827450991
v 0.0113912122 0.0287441947 -0.000696913339 0.97647059 1 0.827450991
v 0.0131745115 0.0279745106 -0.000609393988 0.97647059 1 0.827450991
v 0.0149055086 0.027094502 -0.000512264436 0.97647059 1 0.827450991
v 0.0165773723 0.0261075795 -0.000407055981 0.97647059 1 0.827450991
v 0.0181835108 0.0250175875 -0.000295427977 0.97647059 1 0.827450991
v 0.019717589 0.0238287654 -0.000179140989 0.97647059 1 0.827450991
v 0.0211735778 0.0225457493 -6.00286767e-05 0.97647059 1 0.827450991
v 0.0225457642 0.0211735591 6.00300664e-05 0.97647059 1 0.827450991
v 0.0238287766 0.0197175685 0.000179142327 0.97647059 1 0.827450991
v 0.0250176005 0.0181834921 0.000295429316 0.97647059 1 0.827450991
v 0.0261075925 0.0165773574 0.000407057087 0.97647059 1 0.827450991
v 0.0270945095 0.0149054918 0.000512265251 0.97647059 1 0.827450991
v 0.027974518 0.0131744919 0.000609395036 0.97647059 1 0.827450991
v 0.0287442021 0.0113911945 0.000696914096 0.97647059 1 0.827450991
v 0.0294005759 0.0095626628 0.000773442327 0.97647059 1 0.827450991
v 0.0299411025 0.00769614056 0.000837773026 0.97647059 1 0.827450991
v 0.0303636901 0.00579904718 0.000888891169 0.97647059 1 0.827450991
v 0.0306667108 0.00387888681 0.000925991451 0.97647059 1 0.827450991
v 0.0308489893 0.00194330455 0.00094848813 0.97647059 1 0.827450991
v 0.0269124024 0 0.000724627462 0.97647059 1 0.827450991
v 0.0268594008 -0.00169147039 0.000718913623 0.97647059 1 0.827450991
v 0.0267005954 -0.00337622687 0.00070186198 0.97647059 1 0.827450991
v 0.0264366064 -0.00504758442 0.000673741568 0.97647059 1 0.827450991
v 0.0260684565 -0.00669891015 0.000634995755 0.97647059 1 0.827450991
v 0.0255975798 -0.00832365919 0.000586236012 0.97647059 1 0.827450991
v 0.0250257961 -0.00991539378 0.000528230623 0.97647059 1 0.827450991
v 0.0243553352 -0.0114678117 0.000461894844 0.97647059 1 0.827450991
v 0.0235888083 -0.0129747717 0.000388274784 0.97647059 1 0.827450991
v 0.0227292012 -0.0144303236 0.000308531307 0.97647059 1 0.827450991
v 0.0217798613 -0.0158287194 0.000223922179 0.97647059 1 0.827450991
v 0.0207445063 -0.0171644557 0.000135781578 0.97647059 1 0.827450991
v 0.01962718 -0.0184322689 4.54996334e-05 0.97647059 1 0.827450991
v 0.018432267 -0.0196271837 -4.54997826e-05 0.97647059 1 0.827450991
v 0.017164452 -0.0207445063 -0.000135781738 0.97647059 1 0.827450991
v 0.0158287212 -0.0217798613 -0.000223922165 0.97647059 1 0.827450991
v 0.0144303199 -0.0227291994 -0.000308531424 0.97647059 1 0.827450991
v 0.0129747689 -0.0235888083 -0.000388274901 0.97647059 1 0.827450991
v 0.011467807 -0.0243553389 -0.000461895048 0.97647059 1 0.827450991
v 0.00991539285 -0.0250257961 -0.000528230681 0.97647059 1 0.827450991
v 0.00832365919 -0.0255975798 -0.000586236012 0.97647059 1 0.827450991
v 0.00669890828 -0.0260684565 -0.000634995813 0.97647059 1 0.827450991
v 0.00504758116 -0.0264366083 -0.000673741626 0.97647059 1 0.827450991
v 0.00337622361 -0.0267005954 -0.00070186198 0.97647059 1 0.827450991
v 0.00169146678 -0.0268594008 -0.000718913623 0.97647059 1 0.827450991
v -1.17674015e-09 -0.0269124024 -0.000724627462 0.97647059 1 0.827450991
v -0.00169147237 -0.0268594008 -0.000718913565 0.97647059 1 0.827450991
v -0.0033762292 -0.0267005917 -0.000701861805 0.97647059 1 0.827450991
v -0.00504758721 -0.0264366064 -0.00067374151 0.97647059 1 0.827450991
v -0.00669891341 -0.0260684546 -0.000634995697 0.97647059 1 0.827450991
v -0.00832365919 -0.0255975742 -0.000586235779 0.97647059 1 0.827450991
v -0.00991539471 -0.0250257943 -0.000528230506 0.97647059 1 0.827450991
v -0.0114678117 -0.0243553352 -0.000461894786 0.97647059 1 0.827450991
v -0.0129747735 -0.0235888045 -0.00038827458 0.97647059 1 0.827450991
v -0.0144303245 -0.0227291975 -0.000308531162 0.97647059 1 0.827450991
v -0.015828725 -0.0217798594 -0.000223921961 0.97647059 1 0.827450991
v -0.0171644576 -0.0207445025 -0.00013578136 0.97647059 1 0.827450991
v -0.0184322726 -0.0196271762 -4.54994006e-05 0.97647059 1 0.827450991
v -0.0196271818 -0.018432267 4.54997607e-05 0.97647059 1 0.827450991
v -0.0207445063 -0.017164452 0.000135781709 0.97647059 1 0.827450991
v -0.0217798632 -0.0158287175 0.000223922296 0.97647059 1 0.827450991
v -0.0227292012 -0.0144303208 0.000308531511 0.97647059 1 0.827450991
v -0.0235888083 -0.0129747679 0.000388274959 0.97647059 1 0.827450991
v -0.0243553389 -0.0114678061 0.000461895106 0.97647059 1 0.827450991
v -0.025025798 -0.00991538912 0.000528230856 0.97647059 1 0.827450991
v -0.0255975798 -0.0083236536 0.000586236129 0.97647059 1 0.827450991
v -0.0260684602 -0.00669890409 0.000634996046 0.97647059 1 0.827450991
v -0.0264366083 -0.00504757743 0.000673741684 0.97647059 1 0.827450991
v -0.0267005954 -0.00337621965 0.000701862038 0.97647059 1 0.827450991
v -0.0268594008 -0.00169146899 0.000718913623 0.97647059 1 0.827450991
v -0.0269124024 4.06448653e-09 0.000724627462 0.97647059 1 0.827450991
v -0.0268594008 0.00169147539 0.000718913565 0.97647059 1 0.827450991
v -0.0267005935 0.00337623223 0.000701861863 0.97647059 1 0.827450991
v -0.0264366064 0.00504759001 0.000673741451 0.97647059 1 0.827450991
v -0.0260684565 0.00669891667 0.000634995697 0.97647059 1 0.827450991
v -0.0255975742 0.00832366571 0.000586235605 0.97647059 1 0.827450991
v -0.0250257924 0.0099154003 0.000528230274 0.97647059 1 0.827450991
v -0.0243553333 0.0114678172 0.000461894553 0.97647059 1 0.827450991
v -0.0235888027 0.0129747782 0.000388274319 0.97647059 1 0.827450991
v -0.0227291975 0.0144303245 0.000308531191 0.97647059 1 0.827450991
v -0.0217798594 0.0158287231 0.00022392199 0.97647059 1 0.827450991
v -0.0207445025 0.0171644576 0.000135781374 0.97647059 1 0.827450991
v -0.0196271781 0.0184322726 4.54994151e-05 0.97647059 1 0.827450991
v -0.0184322651 0.0196271855 -4.55000918e-05 0.97647059 1 0.827450991
v -0.0171644464 0.02074451 -0.000135782029 0.97647059 1 0.827450991
v -0.0158287119 0.0217798669 -0.000223922616 0.97647059 1 0.827450991
v -0.0144303124 0.0227292031 -0.000308531744 0.97647059 1 0.827450991
v -0.0129747633 0.023588812 -0.00038827525 0.97647059 1 0.827450991
v -0.0114677995 0.0243553407 -0.000461895281 0.97647059 1 0.827450991
v -0.00991538633 0.0250257999 -0.000528230972 0.97647059 1 0.827450991
v -0.00832365174 0.0255975798 -0.000586236187 0.97647059 1 0.827450991
v -0.0066989013 0.0260684602 -0.000634996104 0.97647059 1 0.827450991
v -0.00504757138 0.0264366101 -0.000673741859 0.97647059 1 0.827450991
v -0.00337621639 0.0267005954 -0.000701862096 0.97647059 1 0.827450991
v -0.00169145945 0.0268593989 -0.000718913623 0.97647059 1 0.827450991
v -1.17674015e-09 0.0269124024 -0.000724627462 0.97647059 1 0.827450991
v 0.00169146992 0.0268594008 -0.000718913623 0.97647059 1 0.827450991
v 0.00337622687 0.0267005954 -0.00070186198 0.97647059 1 0.827450991
v 0.00504758768 0.0264366064 -0.00067374151 0.97647059 1 0.827450991
v 0.00669891434 0.0260684546 -0.000634995697 0.97647059 1 0.827450991
v 0.00832366385 0.0255975761 -0.000586235779 0.97647059 1 0.827450991
v 0.00991539564 0.0250257961 -0.000528230623 0.97647059 1 0.827450991
v 0.0114678126 0.0243553352 -0.000461894757 0.97647059 1 0.827450991
v 0.0129747735 0.0235888045 -0.000388274551 0.97647059 1 0.827450991
v 0.0144303255 0.0227291957 -0.000308531133 0.97647059 1 0.827450991
v 0.015828725 0.0217798576 -0.000223921816 0.97647059 1 0.827450991
v 0.0171644595 0.0207445007 -0.000135781229 0.97647059 1 0.827450991
v 0.0184322745 0.0196271744 -4.54992587e-05 0.97647059 1 0.827450991
v 0.0196271874 0.0184322614 4.55002373e-05 0.97647059 1 0.827450991
v 0.0207445137 0.0171644446 0.000135782262 0.97647059 1 0.827450991
v 0.0217798688 0.01582871 0.000223922849 0.97647059 1 0.827450991
v 0.022729205 0.0144303115 0.000308531919 0.97647059 1 0.827450991
v 0.0235888138 0.0129747605 0.000388275366 0.97647059 1 0.827450991
v 0.0243553407 0.0114677995 0.000461895455 0.97647059 1 0.827450991
v 0.0250257999 0.00991538074 0.000528231089 0.97647059 1 0.827450991
v 0.0255975816 0.00832364615 0.000586236361 0.97647059 1 0.827450991
v 0.0260684602 0.00669889571 0.000634996279 0.97647059 1 0.827450991
v 0.0264366083 0.00504758116 0.000673741626 0.97647059 1 0.827450991
v 0.0267005954 0.00337622338 0.00070186198 0.97647059 1 0.827450991
v 0.0268594008 0.00169146631 0.000718913623 0.97647059 1 0.827450991
v 0.0234315079 0 0.000549236604 0.97647059 1 0.827450991
v 0.0233853385 -0.00147234986 0.000544905837 0.97647059 1 0.827450991
v 0.023247011 -0.00293886382 0.000531981466 0.97647059 1 0.827450991
v 0.0230170619 -0.00439372985 0.000510667276 0.97647059 1 0.827450991
v 0.0226963907 -0.00583118387 0.000481299678 0.97647059 1 0.827450991
v 0.0222862475 -0.00724553131 0.000444341858 0.97647059 1 0.827450991
v 0.0217882264 -0.00863117538 0.000400376244 0.97647059 1 0.827450991
v 0.021204276 -0.0099826334 0.000350096554 0.97647059 1 0.827450991
v 0.020536676 -0.0112945652 0.000294295722 0.97647059 1 0.827450991
v 0.019788038 -0.0125617869 0.000233853629 0.97647059 1 0.827450991
v 0.0189612843 -0.0137792975 0.000169723426 0.97647059 1 0.827450991
v 0.0180596616 -0.0149423024 0.000102916645 0.97647059 1 0.827450991
v 0.017086694 -0.0160462148 3.44867731e-05 0.97647059 1 0.827450991
v 0.016046213 -0.0170866959 -3.44868895e-05 0.97647059 1 0.827450991
v 0.0149422996 -0.0180596635 -0.000102916762 0.97647059 1 0.827450991
v 0.0137792984 -0.0189612843 -0.000169723411 0.97647059 1 0.827450991
v 0.0125617851 -0.019788038 -0.000233853672 0.97647059 1 0.827450991
v 0.0112945633 -0.0205366779 -0.000294295809 0.97647059 1 0.827450991
v 0.00998263154 -0.0212042797 -0.000350096758 0.97647059 1 0.827450991
v 0.00863117538 -0.0217882264 -0.000400376244 0.97647059 1 0.827450991
v 0.00724553084 -0.0222862475 -0.000444341887 0.97647059 1 0.827450991
v 0.00583118107 -0.0226963889 -0.000481299678 0.97647059 1 0.827450991
v 0.00439372752 -0.0230170656 -0.000510667451 0.97647059 1 0.827450991
v 0.00293886126 -0.023247011 -0.000531981466 0.97647059 1 0.827450991
v 0.00147234672 -0.0233853385 -0.000544905837 0.97647059 1 0.827450991
v -1.0244624e-09 -0.0234315079 -0.000549236604 0.97647059 1 0.827450991
v -0.00147235161 -0.0233853385 -0.000544905779 0.97647059 1 0.827450991
v -0.00293886592 -0.0232470091 -0.000531981292 0.97647059 1 0.827450991
v -0.00439373218 -0.0230170619 -0.000510667218 0.97647059 1 0.827450991
v -0.00583118573 -0.0226963889 -0.000481299561 0.97647059 1 0.827450991
v -0.00724553177 -0.0222862456 -0.000444341713 0.97647059 1 0.827450991
v -0.00863117632 -0.0217882227 -0.000400376128 0.97647059 1 0.827450991
v -0.00998263434 -0.0212042741 -0.000350096496 0.97647059 1 0.827450991
v -0.011294567 -0.0205366742 -0.000294295576 0.97647059 1 0.827450991
v -0.0125617897 -0.0197880361 -0.000233853469 0.97647059 1 0.827450991
v -0.0137793021 -0.0189612843 -0.000169723295 0.97647059 1 0.827450991
v -0.0149423052 -0.0180596579 -0.000102916478 0.97647059 1 0.827450991
v -0.0160462167 -0.0170866903 -3.44865985e-05 0.97647059 1 0.827450991
v -0.0170866959 -0.016046213 3.44868713e-05 0.97647059 1 0.827450991
v -0.0180596635 -0.0149422996 0.000102916747 0.97647059 1 0.827450991
v -0.018961288 -0.0137792965 0.000169723557 0.97647059 1 0.827450991
v -0.0197880398 -0.0125617851 0.000233853716 0.97647059 1 0.827450991
v -0.0205366779 -0.0112945624 0.000294295867 0.97647059 1 0.827450991
v -0.0212042797 -0.00998263061 0.000350096787 0.97647059 1 0.827450991
v -0.0217882302 -0.00863117259 0.000400376477 0.97647059 1 0.827450991
v -0.0222862475 -0.00724552618 0.000444341887 0.97647059 1 0.827450991
v -0.0226963907 -0.00583117735 0.000481299765 0.97647059 1 0.827450991
v -0.0230170637 -0.00439372379 0.000510667393 0.97647059 1 0.827450991
v -0.023247011 -0.00293885777 0.000531981525 0.97647059 1 0.827450991
v -0.0233853385 -0.00147234858 0.000544905837 0.97647059 1 0.827450991
v -0.0234315079 3.53860474e-09 0.000549236604 0.97647059 1 0.827450991
v -0.0233853385 0.00147235417 0.000544905779 0.97647059 1 0.827450991
v -0.0232470091 0.00293886848 0.000531981292 0.97647059 1 0.827450991
v -0.0230170637 0.00439373497 0.000510667276 0.97647059 1 0.827450991
v -0.0226963889 0.00583118806 0.000481299503 0.97647059 1 0.827450991
v -0.0222862419 0.00724553643 0.000444341509 0.97647059 1 0.827450991
v -0.0217882227 0.00863118097 0.000400375982 0.97647059 1 0.827450991
v -0.0212042741 0.00998263992 0.000350096292 0.97647059 1 0.827450991
v -0.0205366723 0.0112945708 0.000294295372 0.97647059 1 0.827450991
v -0.0197880361 0.0125617888 0.00023385344 0.97647059 1 0.827450991
v -0.0189612843 0.0137793012 0.000169723309 0.97647059 1 0.827450991
v -0.0180596579 0.0149423033 0.000102916492 0.97647059 1 0.827450991
v -0.017086694 0.0160462186 3.44866166e-05 0.97647059 1 0.827450991
v -0.0160462093 0.0170866996 -3.44871223e-05 0.97647059 1 0.827450991
v -0.014942294 0.0180596635 -0.000102916973 0.97647059 1 0.827450991
v -0.0137792928 0.0189612899 -0.000169723789 0.97647059 1 0.827450991
v -0.0125617785 0.0197880417 -0.000233853891 0.97647059 1 0.827450991
v -0.0112945577 0.0205366816 -0.000294296071 0.97647059 1 0.827450991
v -0.00998262595 0.0212042816 -0.000350096991 0.97647059 1 0.827450991
v -0.008631167 0.0217882302 -0.000400376623 0.97647059 1 0.827450991
v -0.00724552339 0.0222862456 -0.000444341887 0.97647059 1 0.827450991
v -0.00583117316 0.0226963963 -0.000481300056 0.97647059 1 0.827450991
v -0.00439371914 0.0230170656 -0.000510667567 0.97647059 1 0.827450991
v -0.00293885497 0.023247011 -0.000531981525 0.97647059 1 0.827450991
v -0.00147234043 0.0233853385 -0.000544905895 0.97647059 1 0.827450991
v -1.0244624e-09 0.0234315079 -0.000549236604 0.97647059 1 0.827450991
v 0.00147234951 0.0233853385 -0.000544905837 0.97647059 1 0.827450991
v 0.00293886405 0.023247011 -0.000531981466 0.97647059 1 0.827450991
v 0.00439373311 0.0230170619 -0.000510667218 0.97647059 1 0.827450991
v 0.00583118619 0.0226963889 -0.000481299561 0.97647059 1 0.827450991
v 0.0072455327 0.0222862475 -0.000444341771 0.97647059 1 0.827450991
v 0.00863117818 0.0217882246 -0.000400376186 0.97647059 1 0.827450991
v 0.0099826362 0.021204276 -0.000350096525 0.97647059 1 0.827450991
v 0.011294568 0.020536676 -0.000294295605 0.97647059 1 0.827450991
v 0.0125617906 0.0197880361 -0.00023385344 0.97647059 1 0.827450991
v 0.013779304 0.0189612806 -0.000169723106 0.97647059 1 0.827450991
v 0.0149423061 0.0180596579 -0.000102916376 0.97647059 1 0.827450991
v 0.0160462186 0.0170866884 -3.44864275e-05 0.97647059 1 0.827450991
v 0.0170867015 0.0160462093 3.44872387e-05 0.97647059 1 0.827450991
v 0.0180596653 0.0149422921 0.000102917074 0.97647059 1 0.827450991
v 0.0189612918 0.013779291 0.000169723891 0.97647059 1 0.827450991
v 0.0197880417 0.0125617776 0.000233853993 0.97647059 1 0.827450991
v 0.0205366816 0.0112945559 0.000294296187 0.97647059 1 0.827450991
v 0.0212042797 0.00998262316 0.000350096991 0.97647059 1 0.827450991
v 0.0217882302 0.00863116421 0.000400376652 0.97647059 1 0.827450991
v 0.0222862493 0.0072455192 0.000444342091 0.97647059 1 0.827450991
v 0.0226963945 0.00583117036 0.000481299998 0.97647059 1 0.827450991
v 0.0230170656 0.00439372752 0.000510667451 0.97647059 1 0.827450991
v 0.023247011 0.00293886103 0.000531981466 0.97647059 1 0.827450991
v 0.0233853385 0.00147234648 0.000544905837 0.97647059 1 0.827450991
v 0.0204005484 0 0.000416297902 0.97647059 1 0.827450991
v 0.0203603376 -0.00128166913 0.000413015281 0.97647059 1 0.827450991
v 0.0202398617 -0.00255826372 0.000403219135 0.97647059 1 0.827450991
v 0.0200395882 -0.00382472947 0.000387063919 0.97647059 1 0.827450991
v 0.0197603069 -0.00507605262 0.000364804611 0.97647059 1 0.827450991
v 0.0194031037 -0.00630728155 0.000336792087 0.97647059 1 0.827450991
v 0.0189693775 -0.00751354638 0.000303468114 0.97647059 1 0.827450991
v 0.0184608251 -0.00869007967 0.000265358249 0.97647059 1 0.827450991
v 0.0178794395 -0.0098322304 0.0002230635 0.97647059 1 0.827450991
v 0.0172274988 -0.0109354882 0.000177250986 0.97647059 1 0.827450991
v 0.0165075548 -0.011995499 0.000128643063 0.97647059 1 0.827450991
v 0.0157224368 -0.013008086 7.80064074e-05 0.97647059 1 0.827450991
v 0.0148752276 -0.0139692556 2.61395035e-05 0.97647059 1 0.827450991
v 0.0139692547 -0.0148752294 -2.61395908e-05 0.97647059 1 0.827450991
v 0.0130080832 -0.0157224387 -7.80064947e-05 0.97647059 1 0.827450991
v 0.011995499 -0.0165075567 -0.000128643107 0.97647059 1 0.827450991
v 0.0109354854 -0.0172274988 -0.000177251059 0.97647059 1 0.827450991
v 0.0098322276 -0.0178794414 -0.000223063616 0.97647059 1 0.827450991
v 0.00869007688 -0.0184608269 -0.000265358336 0.97647059 1 0.827450991
v 0.00751354638 -0.0189693775 -0.000303468114 0.97647059 1 0.827450991
v 0.00630728109 -0.0194031037 -0.000336792116 0.97647059 1 0.827450991
v 0.00507605076 -0.0197603051 -0.000364804582 0.97647059 1 0.827450991
v 0.00382472738 -0.0200395901 -0.000387064036 0.97647059 1 0.827450991
v 0.00255826162 -0.0202398617 -0.000403219165 0.97647059 1 0.827450991
v 0.00128166645 -0.0203603376 -0.000413015281 0.97647059 1 0.827450991
v -8.91893781e-10 -0.0204005484 -0.000416297902 0.97647059 1 0.827450991
v -0.00128167064 -0.0203603376 -0.000413015252 0.97647059 1 0.827450991
v -0.00255826581 -0.0202398598 -0.000403219106 0.97647059 1 0.827450991
v -0.00382473134 -0.0200395882 -0.000387063861 0.97647059 1 0.827450991
v -0.00507605448 -0.0197603032 -0.000364804495 0.97647059 1 0.827450991
v -0.00630728249 -0.0194031037 -0.000336792058 0.97647059 1 0.827450991
v -0.00751354778 -0.0189693738 -0.000303467998 0.97647059 1 0.827450991
v -0.00869008061 -0.0184608251 -0.000265358191 0.97647059 1 0.827450991
v -0.00983223133 -0.0178794395 -0.000223063471 0.97647059 1 0.827450991
v -0.0109354891 -0.017227497 -0.000177250913 0.97647059 1 0.827450991
v -0.0119955018 -0.0165075548 -0.000128642976 0.97647059 1 0.827450991
v -0.0130080888 -0.015722435 -7.80062765e-05 0.97647059 1 0.827450991
v -0.0139692575 -0.0148752229 -2.61393634e-05 0.97647059 1 0.827450991
v -0.0148752285 -0.0139692547 2.6139578e-05 0.97647059 1 0.827450991
v -0.0157224387 -0.0130080832 7.80064875e-05 0.97647059 1 0.827450991
v -0.0165075585 -0.0119954962 0.00012864318 0.97647059 1 0.827450991
v -0.0172275007 -0.0109354854 0.000177251102 0.97647059 1 0.827450991
v -0.0178794414 -0.00983222667 0.000223063646 0.97647059 1 0.827450991
v -0.0184608269 -0.00869007688 0.000265358365 0.97647059 1 0.827450991
v -0.0189693794 -0.00751354359 0.000303468201 0.97647059 1 0.827450991
v -0.0194031037 -0.0063072769 0.000336792116 0.97647059 1 0.827450991
v -0.0197603069 -0.00507604796 0.000364804728 0.97647059 1 0.827450991
v -0.0200395901 -0.00382472435 0.000387064065 0.97647059 1 0.827450991
v -0.0202398617 -0.00255825836 0.000403219194 0.97647059 1 0.827450991
v -0.0203603376 -0.00128166808 0.000413015281 0.97647059 1 0.827450991
v -0.0204005484 3.0807572e-09 0.000416297902 0.97647059 1 0.827450991
v -0.0203603376 0.00128167297 0.000413015252 0.97647059 1 0.827450991
v -0.0202398598 0.00255826791 0.000403219077 0.97647059 1 0.827450991
v -0.0200395882 0.00382473343 0.000387063832 0.97647059 1 0.827450991
v -0.0197603032 0.00507605681 0.000364804437 0.97647059 1 0.827450991
v -0.0194031019 0.00630728714 0.000336791942 0.97647059 1 0.827450991
v -0.0189693738 0.00751355197 0.000303467881 0.97647059 1 0.827450991
v -0.0184608232 0.00869008526 0.000265358045 0.97647059 1 0.827450991
v -0.0178794377 0.00983223505 0.000223063325 0.97647059 1 0.827450991
v -0.017227497 0.0109354891 0.000177250928 0.97647059 1 0.827450991
v -0.0165075548 0.0119955 0.000128642991 0.97647059 1 0.827450991
v -0.015722435 0.0130080869 7.8006291e-05 0.97647059 1 0.827450991
v -0.0148752257 0.0139692584 2.61393798e-05 0.97647059 1 0.827450991
v -0.0139692528 0.0148752322 -2.61397672e-05 0.97647059 1 0.827450991
v -0.0130080786 0.0157224406 -7.80066548e-05 0.97647059 1 0.827450991
v -0.0119954934 0.0165075604 -0.000128643369 0.97647059 1 0.827450991
v -0.0109354807 0.0172275025 -0.000177251277 0.97647059 1 0.827450991
v -0.00983222295 0.0178794432 -0.00022306382 0.97647059 1 0.827450991
v -0.00869007222 0.0184608288 -0.000265358511 0.97647059 1 0.827450991
v -0.00751354173 0.0189693794 -0.000303468289 0.97647059 1 0.827450991
v -0.00630727503 0.0194031037 -0.000336792145 0.97647059 1 0.827450991
v -0.00507604331 0.0197603088 -0.000364804815 0.97647059 1 0.827450991
v -0.00382471969 0.0200395919 -0.000387064152 0.97647059 1 0.827450991
v -0.0025582558 0.0202398617 -0.000403219223 0.97647059 1 0.827450991
v -0.00128166098 0.0203603376 -0.00041301531 0.97647059 1 0.827450991
v -8.91893781e-10 0.0204005484 -0.000416297902 0.97647059 1 0.827450991
v 0.0012816689 0.0203603376 -0.000413015281 0.97647059 1 0.827450991
v 0.00255826395 0.0202398617 -0.000403219135 0.97647059 1 0.827450991
v 0.0038247318 0.0200395882 -0.000387063861 0.97647059 1 0.827450991
v 0.00507605541 0.0197603032 -0.000364804495 0.97647059 1 0.827450991
v 0.00630728295 0.0194031037 -0.000336792029 0.97647059 1 0.827450991
v 0.00751354825 0.0189693738 -0.000303467998 0.97647059 1 0.827450991
v 0.00869008154 0.0184608251 -0.000265358161 0.97647059 1 0.827450991
v 0.00983223226 0.0178794395 -0.000223063456 0.97647059 1 0.827450991
v 0.0109354891 0.0172274951 -0.000177250855 0.97647059 1 0.827450991
v 0.0119955027 0.0165075529 -0.000128642903 0.97647059 1 0.827450991
v 0.0130080907 0.0157224331 -7.80061528e-05 0.97647059 1 0.827450991
v 0.0139692612 0.0148752239 -2.61392433e-05 0.97647059 1 0.827450991
v 0.0148752332 0.01396925 2.61398509e-05 0.97647059 1 0.827450991
v 0.0157224443 0.0130080776 7.80068003e-05 0.97647059 1 0.827450991
v 0.0165075604 0.0119954916 0.000128643442 0.97647059 1 0.827450991
v 0.0172275044 0.0109354779 0.000177251393 0.97647059 1 0.827450991
v 0.0178794451 0.00983222108 0.000223063893 0.97647059 1 0.827450991
v 0.0184608288 0.00869007129 0.000265358569 0.97647059 1 0.827450991
v 0.0189693794 0.00751353707 0.000303468318 0.97647059 1 0.827450991
v 0.0194031056 0.00630727084 0.000336792262 0.97647059 1 0.827450991
v 0.0197603088 0.00507604145 0.000364804844 0.97647059 1 0.827450991
v 0.0200395901 0.00382472714 0.000387064036 0.97647059 1 0.827450991
v 0.0202398617 0.00255826116 0.000403219165 0.97647059 1 0.827450991
v 0.0203603376 0.0012816661 0.000413015281 0.97647059 1 0.827450991
v 0.017761467 0 0.000315536076 0.97647059 1 0.827450991
v 0.0177264493 -0.00111571897 0.000313047989 0.97647059 1 0.827450991
v 0.0176215284 -0.00222702371 0.000305622933 0.97647059 1 0.827450991
v 0.0174471196 -0.00332951848 0.00029337802 0.97647059 1 0.827450991
v 0.0172039066 -0.0044188411 0.000276506355 0.97647059 1 0.827450991
v 0.0168928374 -0.00549068395 0.000255274063 0.97647059 1 0.827450991
v 0.0165151358 -0.00654081022 0.000230015896 0.97647059 1 0.827450991
v 0.0160722807 -0.00756507041 0.000201130184 0.97647059 1 0.827450991
v 0.0155660119 -0.00855941698 0.000169072664 0.97647059 1 0.827450991
v 0.014998314 -0.00951992534 0.000134348695 0.97647059 1 0.827450991
v 0.0143714165 -0.0104428045 9.75059666e-05 0.97647059 1 0.827450991
v 0.0136877848 -0.0113244141 5.91255339e-05 0.97647059 1 0.827450991
v 0.0129501037 -0.01216128 1.9812629e-05 0.97647059 1 0.827450991
v 0.0121612791 -0.0129501065 -1.98126963e-05 0.97647059 1 0.827450991
v 0.0113244122 -0.0136877857 -5.9125603e-05 0.97647059 1 0.827450991
v 0.0104428045 -0.0143714175 -9.75059957e-05 0.97647059 1 0.827450991
v 0.00951992348 -0.014998314 -0.000134348753 0.97647059 1 0.827450991
v 0.00855941512 -0.0155660128 -0.000169072722 0.97647059 1 0.827450991
v 0.00756506808 -0.0160722844 -0.000201130315 0.97647059 1 0.827450991
v 0.00654081022 -0.0165151358 -0.000230015896 0.97647059 1 0.827450991
v 0.00549068348 -0.0168928374 -0.000255274063 0.97647059 1 0.827450991
v 0.00441884017 -0.0172039066 -0.000276506384 0.97647059 1 0.827450991
v 0.00332951662 -0.0174471214 -0.000293378049 0.97647059 1 0.827450991
v 0.00222702185 -0.0176215284 -0.000305622962 0.97647059 1 0.827450991
v 0.00111571664 -0.0177264493 -0.000313047989 0.97647059 1 0.827450991
v -7.76482323e-10 -0.017761467 -0.000315536076 0.97647059 1 0.827450991
v -0.00111572037 -0.0177264493 -0.00031304796 0.97647059 1 0.827450991
v -0.00222702557 -0.0176215284 -0.000305622903 0.97647059 1 0.827450991
v -0.00332952035 -0.0174471196 -0.000293377991 0.97647059 1 0.827450991
v -0.00441884343 -0.0172039047 -0.000276506325 0.97647059 1 0.827450991
v -0.00549068488 -0.0168928355 -0.000255274033 0.97647059 1 0.827450991
v -0.00654081115 -0.0165151339 -0.000230015823 0.97647059 1 0.827450991
v -0.00756507041 -0.0160722807 -0.000201130169 0.97647059 1 0.827450991
v -0.00855941884 -0.01556601 -0.000169072606 0.97647059 1 0.827450991
v -0.00951992627 -0.014998313 -0.000134348636 0.97647059 1 0.827450991
v -0.0104428064 -0.0143714156 -9.75059011e-05 0.97647059 1 0.827450991
v -0.0113244168 -0.0136877829 -5.91254357e-05 0.97647059 1 0.827450991
v -0.0121612819 -0.0129501019 -1.9812529e-05 0.97647059 1 0.827450991
v -0.0129501056 -0.0121612791 1.98126854e-05 0.97647059 1 0.827450991
v -0.0136877857 -0.0113244122 5.91255921e-05 0.97647059 1 0.827450991
v -0.0143714184 -0.0104428027 9.75060466e-05 0.97647059 1 0.827450991
v -0.0149983149 -0.00951992348 0.000134348782 0.97647059 1 0.827450991
v -0.0155660128 -0.00855941419 0.000169072737 0.97647059 1 0.827450991
v -0.0160722844 -0.00756506762 0.000201130344 0.97647059 1 0.827450991
v -0.0165151376 -0.00654080743 0.000230015969 0.97647059 1 0.827450991
v -0.0168928374 -0.00549068023 0.000255274121 0.97647059 1 0.827450991
v -0.0172039066 -0.00441883691 0.000276506442 0.97647059 1 0.827450991
v -0.0174471196 -0.00332951359 0.00029337802 0.97647059 1 0.827450991
v -0.0176215284 -0.00222701929 0.000305622962 0.97647059 1 0.827450991
v -0.0177264493 -0.00111571804 0.000313047989 0.97647059 1 0.827450991
v -0.017761467 2.68214451e-09 0.000315536076 0.97647059 1 0.827450991
v -0.0177264493 0.00111572235 0.00031304796 0.97647059 1 0.827450991
v -0.0176215284 0.00222702743 0.000305622903 0.97647059 1 0.827450991
v -0.0174471196 0.00332952221 0.000293377961 0.97647059 1 0.827450991
v -0.0172039047 0.00441884529 0.000276506296 0.97647059 1 0.827450991
v -0.0168928355 0.00549068907 0.000255273946 0.97647059 1 0.827450991
v -0.0165151339 0.00654081535 0.000230015765 0.97647059 1 0.827450991
v -0.0160722807 0.00756507507 0.000201130097 0.97647059 1 0.827450991
v -0.0155660091 0.00855942164 0.000169072504 0.97647059 1 0.827450991
v -0.014998313 0.00951992627 0.000134348651 0.97647059 1 0.827450991
v -0.0143714156 0.0104428055 9.75059083e-05 0.97647059 1 0.827450991
v -0.0136877829 0.0113244159 5.91254466e-05 0.97647059 1 0.827450991
v -0.0129501028 0.0121612819 1.98125363e-05 0.97647059 1 0.827450991
v -0.0121612763 0.0129501084 -1.98128291e-05 0.97647059 1 0.827450991
v -0.0113244075 0.0136877866 -5.91257231e-05 0.97647059 1 0.827450991
v -0.010442799 0.0143714212 -9.75061921e-05 0.97647059 1 0.827450991
v -0.00951991882 0.0149983168 -0.000134348913 0.97647059 1 0.827450991
v -0.00855941139 0.0155660147 -0.000169072868 0.97647059 1 0.827450991
v -0.00756506389 0.0160722863 -0.000201130446 0.97647059 1 0.827450991
v -0.00654080603 0.0165151376 -0.000230016027 0.97647059 1 0.827450991
v -0.00549067603 0.0168928374 -0.00025527415 0.97647059 1 0.827450991
v -0.00441883318 0.0172039084 -0.0002765065 0.97647059 1 0.827450991
v -0.0033295122 0.0174471214 -0.000293378107 0.97647059 1 0.827450991
v -0.00222701719 0.0176215284 -0.000305622991 0.97647059 1 0.827450991
v -0.00111571187 0.0177264493 -0.000313048018 0.97647059 1 0.827450991
v -7.76482323e-10 0.017761467 -0.000315536076 0.97647059 1 0.827450991
v 0.00111571874 0.0177264493 -0.000313047989 0.97647059 1 0.827450991
v 0.00222702394 0.0176215284 -0.000305622933 0.97647059 1 0.827450991
v 0.00332952081 0.0174471196 -0.000293377991 0.97647059 1 0.827450991
v 0.00441884389 0.0172039047 -0.000276506325 0.97647059 1 0.827450991
v 0.00549068535 0.0168928355 -0.000255274004 0.97647059 1 0.827450991
v 0.00654081209 0.0165151358 -0.000230015867 0.97647059 1 0.827450991
v 0.00756507181 0.0160722807 -0.000201130184 0.97647059 1 0.827450991
v 0.00855941884 0.01556601 -0.000169072591 0.97647059 1 0.827450991
v 0.0095199272 0.0149983121 -0.000134348622 0.97647059 1 0.827450991
v 0.0104428083 0.0143714147 -9.75058138e-05 0.97647059 1 0.827450991
v 0.0113244178 0.0136877811 -5.91253811e-05 0.97647059 1 0.827450991
v 0.0121612838 0.0129501009 -1.98124326e-05 0.97647059 1 0.827450991
v 0.0129501093 0.0121612744 1.98128928e-05 0.97647059 1 0.827450991
v 0.0136877894 0.0113244066 5.91258322e-05 0.97647059 1 0.827450991
v 0.0143714221 0.0104427971 9.75062867e-05 0.97647059 1 0.827450991
v 0.0149983177 0.00951991789 0.000134348971 0.97647059 1 0.827450991
v 0.0155660156 0.00855941046 0.000169072897 0.97647059 1 0.827450991
v 0.0160722863 0.00756506296 0.00020113049 0.97647059 1 0.827450991
v 0.0165151376 0.00654080184 0.000230016056 0.97647059 1 0.827450991
v 0.0168928392 0.0054906751 0.000255274237 0.97647059 1 0.827450991
v 0.0172039084 0.00441883132 0.000276506529 0.97647059 1 0.827450991
v 0.0174471214 0.00332951662 0.000293378049 0.97647059 1 0.827450991
v 0.0176215284 0.00222702161 0.000305622962 0.97647059 1 0.827450991
v 0.0177264493 0.0011157163 0.000313047989 0.97647059 1 0.827450991
v 0.0154636577 0 0.000239162851 0.97647059 1 0.827450991
v 0.0154331643 -0.000971279514 0.00023727701 0.97647059 1 0.827450991
v 0.0153418006 -0.0019387186 0.000231649145 0.97647059 1 0.827450991
v 0.0151899233 -0.00289849262 0.000222367991 0.97647059 1 0.827450991
v 0.0149781341 -0.00384680624 0.000209580001 0.97647059 1 0.827450991
v 0.0147072617 -0.0047799116 0.000193486834 0.97647059 1 0.827450991
v 0.014378367 -0.00569412205 0.000174342233 0.97647059 1 0.827450991
v 0.0139927445 -0.00658582477 0.000152448105 0.97647059 1 0.827450991
v 0.0135519095 -0.00745149888 0.000128149855 0.97647059 1 0.827450991
v 0.0130575942 -0.0082877269 0.000101830577 0.97647059 1 0.827450991
v 0.0125117414 -0.00909120776 7.39053867e-05 0.97647059 1 0.827450991
v 0.0119164968 -0.00985877402 4.48146275e-05 0.97647059 1 0.827450991
v 0.0112742046 -0.0105873961 1.50171245e-05 0.97647059 1 0.827450991
v 0.0105873952 -0.0112742065 -1.50171745e-05 0.97647059 1 0.827450991
v 0.00985877216 -0.0119164977 -4.48146784e-05 0.97647059 1 0.827450991
v 0.00909120869 -0.0125117414 -7.39053794e-05 0.97647059 1 0.827450991
v 0.00828772504 -0.0130575942 -0.000101830607 0.97647059 1 0.827450991
v 0.00745149748 -0.0135519104 -0.000128149899 0.97647059 1 0.827450991
v 0.00658582244 -0.0139927454 -0.000152448163 0.97647059 1 0.827450991
v 0.00569412205 -0.014378367 -0.000174342233 0.97647059 1 0.827450991
v 0.0047799116 -0.0147072617 -0.000193486849 0.97647059 1 0.827450991
v 0.00384680508 -0.0149781341 -0.000209580016 0.97647059 1 0.827450991
v 0.00289849075 -0.0151899243 -0.000222368006 0.97647059 1 0.827450991
v 0.00193871697 -0.0153418006 -0.000231649159 0.97647059 1 0.827450991
v 0.000971277419 -0.0154331643 -0.00023727701 0.97647059 1 0.827450991
v -6.76006529e-10 -0.0154636577 -0.000239162851 0.97647059 1 0.827450991
v -0.000971280679 -0.0154331643 -0.000237276996 0.97647059 1 0.827450991
v -0.00193872012 -0.0153417988 -0.000231649101 0.97647059 1 0.827450991
v -0.00289849401 -0.0151899233 -0.000222367962 0.97647059 1 0.827450991
v -0.0038468081 -0.0149781331 -0.000209579972 0.97647059 1 0.827450991
v -0.00477991207 -0.0147072598 -0.000193486805 0.97647059 1 0.827450991
v -0.00569412252 -0.0143783651 -0.00017434216 0.97647059 1 0.827450991
v -0.00658582523 -0.0139927445 -0.00015244809 0.97647059 1 0.827450991
v -0.00745150028 -0.0135519085 -0.000128149812 0.97647059 1 0.827450991
v -0.00828772783 -0.0130575933 -0.000101830534 0.97647059 1 0.827450991
v -0.00909120962 -0.0125117386 -7.39052994e-05 0.97647059 1 0.827450991
v -0.00985877588 -0.0119164959 -4.48145584e-05 0.97647059 1 0.827450991
v -0.010587398 -0.0112742027 -1.50170472e-05 0.97647059 1 0.827450991
v -0.0112742055 -0.0105873952 1.50171672e-05 0.97647059 1 0.827450991
v -0.0119164977 -0.00985877216 4.48146711e-05 0.97647059 1 0.827450991
v -0.0125117414 -0.00909120589 7.39054158e-05 0.97647059 1 0.827450991
v -0.0130575951 -0.00828772504 0.000101830643 0.97647059 1 0.827450991
v -0.0135519104 -0.00745149655 0.000128149914 0.97647059 1 0.827450991
v -0.0139927454 -0.00658582198 0.000152448178 0.97647059 1 0.827450991
v -0.0143783679 -0.00569411926 0.000174342276 0.97647059 1 0.827450991
v -0.0147072617 -0.00477990834 0.000193486863 0.97647059 1 0.827450991
v -0.014978135 -0.00384680252 0.000209580059 0.97647059 1 0.827450991
v -0.0151899243 -0.00289848843 0.000222368035 0.97647059 1 0.827450991
v -0.0153417997 -0.00193871453 0.000231649145 0.97647059 1 0.827450991
v -0.0154331643 -0.0009712787 0.00023727701 0.97647059 1 0.827450991
v -0.0154636577 2.33510433e-09 0.000239162851 0.97647059 1 0.827450991
v -0.0154331643 0.000971282367 0.000237276996 0.97647059 1 0.827450991
v -0.0153417988 0.00193872163 0.000231649086 0.97647059 1 0.827450991
v -0.0151899233 0.00289849541 0.000222367948 0.97647059 1 0.827450991
v -0.0149781331 0.00384680973 0.000209579943 0.97647059 1 0.827450991
v -0.0147072589 0.00477991579 0.000193486732 0.97647059 1 0.827450991
v -0.0143783642 0.00569412578 0.000174342087 0.97647059 1 0.827450991
v -0.0139927436 0.00658582849 0.000152448018 0.97647059 1 0.827450991
v -0.0135519076 0.00745150307 0.000128149724 0.97647059 1 0.827450991
v -0.0130575933 0.00828772783 0.000101830534 0.97647059 1 0.827450991
v -0.0125117395 0.00909120962 7.39053212e-05 0.97647059 1 0.827450991
v -0.0119164959 0.00985877495 4.48145656e-05 0.97647059 1 0.827450991
v -0.0112742046 0.0105873989 1.50170563e-05 0.97647059 1 0.827450991
v -0.0105873933 0.0112742083 -1.50172755e-05 0.97647059 1 0.827450991
v -0.00985876936 0.0119164996 -4.48147766e-05 0.97647059 1 0.827450991
v -0.0090912031 0.0125117432 -7.39055249e-05 0.97647059 1 0.827450991
v -0.00828772038 0.0130575961 -0.000101830716 0.97647059 1 0.827450991
v -0.00745149329 0.0135519113 -0.000128149986 0.97647059 1 0.827450991
v -0.00658581918 0.0139927482 -0.00015244828 0.97647059 1 0.827450991
v -0.005694116 0.0143783689 -0.000174342349 0.97647059 1 0.827450991
v -0.00477990508 0.0147072617 -0.000193486907 0.97647059 1 0.827450991
v -0.00384679949 0.0149781369 -0.000209580132 0.97647059 1 0.827450991
v -0.0028984868 0.0151899252 -0.000222368049 0.97647059 1 0.827450991
v -0.00193871267 0.0153417997 -0.000231649159 0.97647059 1 0.827450991
v -0.000971273228 0.0154331634 -0.000237276996 0.97647059 1 0.827450991
v -6.76006529e-10 0.0154636577 -0.000239162851 0.97647059 1 0.827450991
v 0.000971279282 0.0154331643 -0.00023727701 0.97647059 1 0.827450991
v 0.00193871884 0.0153418006 -0.000231649145 0.97647059 1 0.827450991
v 0.00289849448 0.0151899233 -0.000222367962 0.97647059 1 0.827450991
v 0.00384680694 0.0149781341 -0.000209580001 0.97647059 1 0.827450991
v 0.004779913 0.0147072608 -0.000193486805 0.97647059 1 0.827450991
v 0.00569412345 0.0143783661 -0.000174342189 0.97647059 1 0.827450991
v 0.00658582617 0.0139927454 -0.000152448105 0.97647059 1 0.827450991
v 0.00745150074 0.0135519085 -0.000128149797 0.97647059 1 0.827450991
v 0.00828772876 0.0130575923 -0.000101830512 0.97647059 1 0.827450991
v 0.00909121055 0.0125117376 -7.39052557e-05 0.97647059 1 0.827450991
v 0.00985877775 0.0119164931 -4.4814482e-05 0.97647059 1 0.827450991
v 0.0105873998 0.0112742018 -1.50169744e-05 0.97647059 1 0.827450991
v 0.0112742102 0.0105873914 1.50173255e-05 0.97647059 1 0.827450991
v 0.0119165014 0.0098587675 4.4814853e-05 0.97647059 1 0.827450991
v 0.0125117451 0.00909120217 7.39056049e-05 0.97647059 1 0.827450991
v 0.013057597 0.00828772038 0.000101830774 0.97647059 1 0.827450991
v 0.0135519132 0.00745149236 0.000128150044 0.97647059 1 0.827450991
v 0.0139927482 0.00658581825 0.000152448309 0.97647059 1 0.827450991
v 0.0143783689 0.0056941146 0.000174342349 0.97647059 1 0.827450991
v 0.0147072626 0.00477990368 0.000193486951 0.97647059 1 0.827450991
v 0.0149781359 0.00384679763 0.000209580132 0.97647059 1 0.827450991
v 0.0151899243 0.00289849075 0.000222368006 0.97647059 1 0.827450991
v 0.0153418006 0.00193871674 0.000231649159 0.97647059 1 0.827450991
v 0.0154331643 0.000971277186 0.00023727701 0.97647059 1 0.827450991
v 0.0134630352 0 0.000181275231 0.97647059 1 0.827450991
v 0.0134364823 -0.000845554459 0.000179845825 0.97647059 1 0.827450991
v 0.0133569269 -0.0016877671 0.000175580135 0.97647059 1 0.827450991
v 0.013224679 -0.00252330978 0.000168545434 0.97647059 1 0.827450991
v 0.0130402632 -0.00334887998 0.000158852679 0.97647059 1 0.827450991
v 0.0128044039 -0.00416121632 0.00014665474 0.97647059 1 0.827450991
v 0.0125180241 -0.00495710969 0.000132143949 0.97647059 1 0.827450991
v 0.0121822534 -0.00573341642 0.00011554917 0.97647059 1 0.827450991
v 0.0117984088 -0.00648707105 9.7132106e-05 0.97647059 1 0.827450991
v 0.0113680055 -0.00721509894 7.71832201e-05 0.97647059 1 0.827450991
v 0.0108927339 -0.00791462604 5.60171247e-05 0.97647059 1 0.827450991
v 0.010374465 -0.00858289283 3.39675717e-05 0.97647059 1 0.827450991
v 0.00981524121 -0.00921726506 1.13823398e-05 0.97647059 1 0.827450991
v 0.00921726506 -0.00981524214 -1.13823771e-05 0.97647059 1 0.827450991
v 0.0085828919 -0.010374466 -3.3967608e-05 0.97647059 1 0.827450991
v 0.00791462697 -0.0108927339 -5.60171175e-05 0.97647059 1 0.827450991
v 0.00721509755 -0.0113680055 -7.71832565e-05 0.97647059 1 0.827450991
v 0.00648707012 -0.0117984097 -9.71321497e-05 0.97647059 1 0.827450991
v 0.00573341455 -0.0121822534 -0.000115549214 0.97647059 1 0.827450991
v 0.00495710969 -0.0125180241 -0.000132143949 0.97647059 1 0.827450991
v 0.00416121585 -0.0128044039 -0.000146654755 0.97647059 1 0.827450991
v 0.00334887905 -0.0130402632 -0.000158852694 0.97647059 1 0.827450991
v 0.00252330839 -0.0132246809 -0.000168545463 0.97647059 1 0.827450991
v 0.0016877657 -0.0133569269 -0.00017558015 0.97647059 1 0.827450991
v 0.000845552655 -0.0134364823 -0.000179845825 0.97647059 1 0.827450991
v -5.88533278e-10 -0.0134630352 -0.000181275231 0.97647059 1 0.827450991
v -0.000845555449 -0.0134364823 -0.000179845811 0.97647059 1 0.827450991
v -0.00168776838 -0.013356925 -0.000175580106 0.97647059 1 0.827450991
v -0.00252331095 -0.013224679 -0.000168545419 0.97647059 1 0.827450991
v -0.00334888161 -0.0130402623 -0.00015885265 0.97647059 1 0.827450991
v -0.00416121632 -0.012804402 -0.000146654726 0.97647059 1 0.827450991
v -0.00495711062 -0.0125180222 -0.000132143919 0.97647059 1 0.827450991
v -0.00573341735 -0.0121822525 -0.000115549148 0.97647059 1 0.827450991
v -0.00648707198 -0.0117984079 -9.71320769e-05 0.97647059 1 0.827450991
v -0.00721509987 -0.0113680046 -7.7183191e-05 0.97647059 1 0.827450991
v -0.0079146279 -0.010892733 -5.60170629e-05 0.97647059 1 0.827450991
v -0.00858289562 -0.0103744641 -3.39675171e-05 0.97647059 1 0.827450991
v -0.00921726692 -0.00981523935 -1.13822816e-05 0.97647059 1 0.827450991
v -0.00981524121 -0.00921726506 1.13823717e-05 0.97647059 1 0.827450991
v -0.010374466 -0.0085828919 3.39676044e-05 0.97647059 1 0.827450991
v -0.0108927349 -0.00791462511 5.60171502e-05 0.97647059 1 0.827450991
v -0.0113680065 -0.00721509755 7.71832711e-05 0.97647059 1 0.827450991
v -0.0117984097 -0.00648706919 9.7132157e-05 0.97647059 1 0.827450991
v -0.0121822534 -0.00573341455 0.000115549221 0.97647059 1 0.827450991
v -0.012518025 -0.00495710736 0.000132143992 0.97647059 1 0.827450991
v -0.0128044039 -0.00416121306 0.000146654769 0.97647059 1 0.827450991
v -0.0130402651 -0.00334887719 0.000158852738 0.97647059 1 0.827450991
v -0.01322468 -0.00252330629 0.000168545463 0.97647059 1 0.827450991
v -0.0133569269 -0.00168776372 0.000175580164 0.97647059 1 0.827450991
v -0.0134364823 -0.000845553761 0.000179845825 0.97647059 1 0.827450991
v -0.0134630352 2.03296535e-09 0.000181275231 0.97647059 1 0.827450991
v -0.0134364823 0.000845556962 0.000179845811 0.97647059 1 0.827450991
v -0.013356925 0.00168776978 0.000175580106 0.97647059 1 0.827450991
v -0.013224679 0.00252331235 0.000168545404 0.97647059 1 0.827450991
v -0.0130402632 0.00334888324 0.00015885265 0.97647059 1 0.827450991
v -0.012804402 0.00416121958 0.000146654667 0.97647059 1 0.827450991
v -0.0125180213 0.00495711342 0.000132143876 0.97647059 1 0.827450991
v -0.0121822516 0.00573342014 0.000115549083 0.97647059 1 0.827450991
v -0.011798407 0.00648707431 9.71320114e-05 0.97647059 1 0.827450991
v -0.0113680037 0.00721509941 7.7183191e-05 0.97647059 1 0.827450991
v -0.010892733 0.00791462697 5.60170702e-05 0.97647059 1 0.827450991
v -0.0103744641 0.00858289469 3.39675244e-05 0.97647059 1 0.827450991
v -0.00981524028 0.00921726786 1.13822862e-05 0.97647059 1 0.827450991
v -0.00921726506 0.00981524121 -1.1382368e-05 0.97647059 1 0.827450991
v -0.0085828891 0.0103744678 -3.39676844e-05 0.97647059 1 0.827450991
v -0.00791462231 0.0108927367 -5.60172302e-05 0.97647059 1 0.827450991
v -0.00721509382 0.0113680074 -7.71833365e-05 0.97647059 1 0.827450991
v -0.00648706686 0.0117984116 -9.7132237e-05 0.97647059 1 0.827450991
v -0.00573341176 0.0121822553 -0.000115549286 0.97647059 1 0.827450991
v -0.00495710457 0.0125180259 -0.00013214405 0.97647059 1 0.827450991
v -0.00416121213 0.0128044039 -0.000146654798 0.97647059 1 0.827450991
v -0.00334887439 0.013040266 -0.000158852781 0.97647059 1 0.827450991
v -0.00252330489 0.0132246818 -0.000168545492 0.97647059 1 0.827450991
v -0.00168776209 0.0133569269 -0.000175580164 0.97647059 1 0.827450991
v -0.000845548988 0.0134364814 -0.000179845825 0.97647059 1 0.827450991
v -5.88533278e-10 0.0134630352 -0.000181275231 0.97647059 1 0.827450991
v 0.000845554227 0.0134364823 -0.000179845825 0.97647059 1 0.827450991
v 0.00168776733 0.0133569269 -0.000175580135 0.97647059 1 0.827450991
v 0.00252331141 0.013224679 -0.000168545419 0.97647059 1 0.827450991
v 0.00334888068 0.0130402632 -0.000158852679 0.97647059 1 0.827450991
v 0.00416121725 0.012804403 -0.000146654726 0.97647059 1 0.827450991
v 0.00495711109 0.0125180231 -0.000132143934 0.97647059 1 0.827450991
v 0.00573341781 0.0121822534 -0.000115549155 0.97647059 1 0.827450991
v 0.00648707245 0.0117984079 -9.71320624e-05 0.97647059 1 0.827450991
v 0.00721510081 0.0113680037 -7.71831765e-05 0.97647059 1 0.827450991
v 0.00791462883 0.0108927321 -5.60170301e-05 0.97647059 1 0.827450991
v 0.00858289655 0.0103744632 -3.39674625e-05 0.97647059 1 0.827450991
v 0.00921726879 0.00981523842 -1.13822261e-05 0.97647059 1 0.827450991
v 0.00981524587 0.00921726227 1.13824917e-05 0.97647059 1 0.827450991
v 0.0103744697 0.00858288724 3.39677426e-05 0.97647059 1 0.827450991
v 0.0108927377 0.00791462138 5.6017263e-05 0.97647059 1 0.827450991
v 0.0113680074 0.00721509196 7.71833948e-05 0.97647059 1 0.827450991
v 0.0117984125 0.00648706593 9.71322661e-05 0.97647059 1 0.827450991
v 0.0121822543 0.00573341036 0.000115549301 0.97647059 1 0.827450991
v 0.0125180269 0.0049571041 0.00013214408 0.97647059 1 0.827450991
v 0.0128044048 0.00416120933 0.000146654842 0.97647059 1 0.827450991
v 0.013040266 0.003348873 0.000158852781 0.97647059 1 0.827450991
v 0.0132246809 0.00252330839 0.000168545463 0.97647059 1 0.827450991
v 0.0133569269 0.00168776547 0.00017558015 0.97647059 1 0.827450991
v 0.0134364823 0.000845552539 0.000179845825 0.97647059 1 0.827450991
v 0.0117211901 0 0.000137398878 0.97647059 1 0.827450991
v 0.0116980691 -0.000736113812 0.000136315444 0.97647059 1 0.827450991
v 0.0116288001 -0.00146931969 0.000133082285 0.97647059 1 0.827450991
v 0.0115136486 -0.00219672034 0.000127750245 0.97647059 1 0.827450991
v 0.0113530755 -0.00291544246 0.000120403551 0.97647059 1 0.827450991
v 0.0111477096 -0.00362264691 0.000111158042 0.97647059 1 0.827450991
v 0.0108983573 -0.00431554113 0.000100159472 0.97647059 1 0.827450991
v 0.0106060021 -0.00499138888 8.75813348e-05 0.97647059 1 0.827450991
v 0.0102717932 -0.005647521 7.36219954e-05 0.97647059 1 0.827450991
v 0.00989704859 -0.00628134934 5.85015914e-05 0.97647059 1 0.827450991
v 0.00948324148 -0.00689036818 4.24585851e-05 0.97647059 1 0.827450991
v 0.00903200451 -0.00747218076 2.57459706e-05 0.97647059 1 0.827450991
v 0.00854511186 -0.00802448764 8.62732759e-06 0.97647059 1 0.827450991
v 0.00802448671 -0.00854511373 -8.62735669e-06 0.97647059 1 0.827450991
v 0.00747217983 -0.00903200451 -2.57459815e-05 0.97647059 1 0.827450991
v 0.00689036911 -0.00948324148 -4.24585814e-05 0.97647059 1 0.827450991
v 0.00628134748 -0.00989704765 -5.85016096e-05 0.97647059 1 0.827450991
v 0.00564752007 -0.0102717942 -7.36220172e-05 0.97647059 1 0.827450991
v 0.00499138748 -0.010606003 -8.75813639e-05 0.97647059 1 0.827450991
v 0.00431554113 -0.0108983573 -0.000100159472 0.97647059 1 0.827450991
v 0.00362264691 -0.0111477096 -0.00011115805 0.97647059 1 0.827450991
v 0.00291544152 -0.0113530755 -0.000120403558 0.97647059 1 0.827450991
v 0.00219671894 -0.0115136495 -0.00012775026 0.97647059 1 0.827450991
v 0.00146931829 -0.0116287991 -0.000133082256 0.97647059 1 0.827450991
v 0.000736112241 -0.0116980691 -0.000136315444 0.97647059 1 0.827450991
v -5.12379306e-10 -0.0117211901 -0.000137398878 0.97647059 1 0.827450991
v -0.000736114685 -0.0116980691 -0.000136315444 0.97647059 1 0.827450991
v -0.00146932062 -0.0116287973 -0.000133082227 0.97647059 1 0.827450991
v -0.0021967215 -0.0115136486 -0.000127750231 0.97647059 1 0.827450991
v -0.00291544385 -0.0113530755 -0.000120403536 0.97647059 1 0.827450991
v -0.00362264737 -0.0111477086 -0.00011115802 0.97647059 1 0.827450991
v -0.00431554159 -0.0108983563 -0.000100159436 0.97647059 1 0.827450991
v -0.00499138935 -0.0106060011 -8.75813203e-05 0.97647059 1 0.827450991
v -0.0056475224 -0.0102717923 -7.36219663e-05 0.97647059 1 0.827450991
v -0.00628134934 -0.00989704765 -5.85015587e-05 0.97647059 1 0.827450991
v -0.00689037051 -0.00948324054 -4.24585414e-05 0.97647059 1 0.827450991
v -0.00747218262 -0.00903200358 -2.57459287e-05 0.97647059 1 0.827450991
v -0.00802448951 -0.00854511093 -8.62728393e-06 0.97647059 1 0.827450991
v -0.0085451128 -0.00802448671 8.62735214e-06 0.97647059 1 0.827450991
v -0.00903200544 -0.00747217936 2.57459942e-05 0.97647059 1 0.827450991
v -0.00948324241 -0.00689036772 4.24586069e-05 0.97647059 1 0.827450991
v -0.00989704952 -0.00628134795 5.85016278e-05 0.97647059 1 0.827450991
v -0.0102717942 -0.0056475196 7.36220245e-05 0.97647059 1 0.827450991
v -0.010606003 -0.00499138702 8.75813712e-05 0.97647059 1 0.827450991
v -0.0108983582 -0.00431553926 0.000100159501 0.97647059 1 0.827450991
v -0.0111477096 -0.00362264458 0.000111158064 0.97647059 1 0.827450991
v -0.0113530764 -0.00291543966 0.000120403587 0.97647059 1 0.827450991
v -0.0115136495 -0.00219671731 0.000127750274 0.97647059 1 0.827450991
v -0.0116287991 -0.00146931654 0.000133082271 0.97647059 1 0.827450991
v -0.0116980691 -0.000736113172 0.000136315444 0.97647059 1 0.827450991
v -0.0117211901 1.76991877e-09 0.000137398878 0.97647059 1 0.827450991
v -0.01169807 0.000736116024 0.000136315459 0.97647059 1 0.827450991
v -0.0116287973 0.0014693219 0.000133082227 0.97647059 1 0.827450991
v -0.0115136486 0.00219672266 0.000127750216 0.97647059 1 0.827450991
v -0.0113530755 0.00291544502 0.000120403522 0.97647059 1 0.827450991
v -0.0111477077 0.00362265017 0.000111157977 0.97647059 1 0.827450991
v -0.0108983563 0.00431554439 0.000100159414 0.97647059 1 0.827450991
v -0.0106060011 0.00499139214 8.75812693e-05 0.97647059 1 0.827450991
v -0.0102717923 0.00564752426 7.36219226e-05 0.97647059 1 0.827450991
v -0.00989704765 0.00628134934 5.85015623e-05 0.97647059 1 0.827450991
v -0.00948324148 0.00689037004 4.24585487e-05 0.97647059 1 0.827450991
v -0.00903200265 0.00747218123 2.57459305e-05 0.97647059 1 0.827450991
v -0.00854511093 0.00802448951 8.62728666e-06 0.97647059 1 0.827450991
v -0.00802448578 0.00854511466 -8.6274149e-06 0.97647059 1 0.827450991
v -0.00747217704 0.00903200638 -2.57460561e-05 0.97647059 1 0.827450991
v -0.00689036539 0.00948324427 -4.24586688e-05 0.97647059 1 0.827450991
v -0.00628134469 0.00989705045 -5.85016787e-05 0.97647059 1 0.827450991
v -0.00564751728 0.0102717951 -7.36220827e-05 0.97647059 1 0.827450991
v -0.00499138515 0.0106060049 -8.75814294e-05 0.97647059 1 0.827450991
v -0.00431553833 0.0108983591 -0.00010015953 0.97647059 1 0.827450991
v -0.00362264342 0.0111477096 -0.000111158079 0.97647059 1 0.827450991
v -0.0029154385 0.0113530764 -0.000120403602 0.97647059 1 0.827450991
v -0.00219671451 0.0115136504 -0.000127750289 0.97647059 1 0.827450991
v -0.00146931398 0.0116288001 -0.000133082285 0.97647059 1 0.827450991
v -0.000736109097 0.0116980691 -0.000136315459 0.97647059 1 0.827450991
v -5.12379306e-10 0.0117211901 -0.000137398878 0.97647059 1 0.827450991
v 0.000736113638 0.0116980691 -0.000136315444 0.97647059 1 0.827450991
v 0.0014693198 0.0116288001 -0.000133082285 0.97647059 1 0.827450991
v 0.00219672034 0.0115136486 -0.000127750245 0.97647059 1 0.827450991
v 0.00291544409 0.0113530746 -0.000120403507 0.97647059 1 0.827450991
v 0.00362264807 0.0111477096 -0.00011115802 0.97647059 1 0.827450991
v 0.00431554252 0.0108983573 -0.000100159457 0.97647059 1 0.827450991
v 0.00499139028 0.0106060021 -8.75813203e-05 0.97647059 1 0.827450991
v 0.0056475224 0.0102717923 -7.3621959e-05 0.97647059 1 0.827450991
v 0.00628135027 0.00989704672 -5.85015514e-05 0.97647059 1 0.827450991
v 0.00689037098 0.00948323961 -4.2458516e-05 0.97647059 1 0.827450991
v 0.00747218356 0.00903200265 -2.57459051e-05 0.97647059 1 0.827450991
v 0.00802449044 0.00854511 -8.62724119e-06 0.97647059 1 0.827450991
v 0.00854511559 0.00802448392 8.62744218e-06 0.97647059 1 0.827450991
v 0.00903200824 0.00747217564 2.57460979e-05 0.97647059 1 0.827450991
v 0.0094832452 0.00689036446 4.24587124e-05 0.97647059 1 0.827450991
v 0.00989705138 0.00628134375 5.8501726e-05 0.97647059 1 0.827450991
v 0.010271796 0.00564751634 7.36221045e-05 0.97647059 1 0.827450991
v 0.0106060039 0.00499138376 8.75814367e-05 0.97647059 1 0.827450991
v 0.0108983601 0.004315536 0.000100159559 0.97647059 1 0.827450991
v 0.0111477105 0.00362264109 0.000111158108 0.97647059 1 0.827450991
v 0.0113530774 0.00291543594 0.000120403623 0.97647059 1 0.827450991
v 0.0115136495 0.00219671871 0.00012775026 0.97647059 1 0.827450991
v 0.0116287991 0.00146931817 0.000133082256 0.97647059 1 0.827450991
v 0.0116980691 0.000736112124 0.000136315444 0.97647059 1 0.827450991
v 0.010204671 0 0.000104142535 0.97647059 1 0.827450991
v 0.0101845395 -0.000640845101 0.000103321341 0.97647059 1 0.827450991
v 0.010124227 -0.00127915933 0.000100870719 0.97647059 1 0.827450991
v 0.0100239655 -0.00191242096 9.68292588e-05 0.97647059 1 0.827450991
v 0.00988415722 -0.00253812969 9.12607939e-05 0.97647059 1 0.827450991
v 0.00970534794 -0.00315381284 8.42530935e-05 0.97647059 1 0.827450991
v 0.00948824175 -0.00375704118 7.59166505e-05 0.97647059 1 0.827450991
v 0.00923369452 -0.00434543192 6.6382956e-05 0.97647059 1 0.827450991
v 0.0089427093 -0.00491666235 5.58023639e-05 0.97647059 1 0.827450991
v 0.00861643255 -0.00546847843 4.43417302e-05 0.97647059 1 0.827450991
v 0.00825614948 -0.00599870086 3.21818152e-05 0.97647059 1 0.827450991
v 0.00786327664 -0.00650523882 1.95143439e-05 0.97647059 1 0.827450991
v 0.00743936794 -0.00698609324 6.53914913e-06 0.97647059 1 0.827450991
v 0.00698609324 -0.0074393698 -6.53917186e-06 0.97647059 1 0.827450991
v 0.00650523789 -0.00786327757 -1.95143766e-05 0.97647059 1 0.827450991
v 0.00599870132 -0.00825614948 -3.21818115e-05 0.97647059 1 0.827450991
v 0.00546847703 -0.00861643255 -4.43417448e-05 0.97647059 1 0.827450991
v 0.00491666142 -0.00894271024 -5.58023821e-05 0.97647059 1 0.827450991
v 0.00434543053 -0.00923369452 -6.63829705e-05 0.97647059 1 0.827450991
v 0.00375704118 -0.00948824175 -7.59166505e-05 0.97647059 1 0.827450991
v 0.00315381284 -0.00970534794 -8.42531008e-05 0.97647059 1 0.827450991
v 0.00253812852 -0.00988415722 -9.12608011e-05 0.97647059 1 0.827450991
v 0.00191242003 -0.0100239683 -9.68293025e-05 0.97647059 1 0.827450991
v 0.00127915805 -0.010124227 -0.000100870726 0.97647059 1 0.827450991
v 0.000640843762 -0.0101845395 -0.000103321341 0.97647059 1 0.827450991
v -4.46080034e-10 -0.010204671 -0.000104142535 0.97647059 1 0.827450991
v -0.000640845858 -0.0101845395 -0.000103321334 0.97647059 1 0.827450991
v -0.00127916015 -0.0101242261 -0.000100870711 0.97647059 1 0.827450991
v -0.00191242201 -0.0100239664 -9.68292661e-05 0.97647059 1 0.827450991
v -0.00253813015 -0.00988415536 -9.12607647e-05 0.97647059 1 0.827450991
v -0.00315381307 -0.00970534608 -8.42530717e-05 0.97647059 1 0.827450991
v -0.00375704165 -0.00948824082 -7.59166287e-05 0.97647059 1 0.827450991
v -0.00434543286 -0.00923369452 -6.63829414e-05 0.97647059 1 0.827450991
v -0.00491666282 -0.00894270837 -5.58023348e-05 0.97647059 1 0.827450991
v -0.00546847843 -0.00861643162 -4.43417048e-05 0.97647059 1 0.827450991
v -0.00599870272 -0.00825614762 -3.21817824e-05 0.97647059 1 0.827450991
v -0.00650524069 -0.00786327664 -1.95143257e-05 0.97647059 1 0.827450991
v -0.00698609464 -0.00743936701 -6.53911593e-06 0.97647059 1 0.827450991
v -0.00743936934 -0.00698609324 6.53916868e-06 0.97647059 1 0.827450991
v -0.00786327757 -0.00650523789 1.95143748e-05 0.97647059 1 0.827450991
v -0.00825614948 -0.00599869993 3.21818297e-05 0.97647059 1 0.827450991
v -0.00861643348 -0.0054684775 4.43417593e-05 0.97647059 1 0.827450991
v -0.00894271024 -0.00491666095 5.58023894e-05 0.97647059 1 0.827450991
v -0.00923369452 -0.00434543006 6.63829778e-05 0.97647059 1 0.827450991
v -0.00948824268 -0.00375703955 7.59166724e-05 0.97647059 1 0.827450991
v -0.00970534887 -0.00315381098 8.42531153e-05 0.97647059 1 0.827450991
v -0.00988415908 -0.00253812713 9.12608302e-05 0.97647059 1 0.827450991
v -0.0100239674 -0.0019124184 9.68293025e-05 0.97647059 1 0.827450991
v -0.0101242261 -0.00127915642 0.000100870719 0.97647059 1 0.827450991
v -0.0101845395 -0.000640844577 0.000103321341 0.97647059 1 0.827450991
v -0.010204671 1.54090751e-09 0.000104142535 0.97647059 1 0.827450991
v -0.0101845395 0.000640847022 0.000103321334 0.97647059 1 0.827450991
v -0.0101242261 0.00127916131 0.000100870711 0.97647059 1 0.827450991
v -0.0100239664 0.00191242306 9.68292588e-05 0.97647059 1 0.827450991
v -0.00988415629 0.00253813155 9.1260772e-05 0.97647059 1 0.827450991
v -0.00970534608 0.00315381563 8.42530426e-05 0.97647059 1 0.827450991
v -0.00948823895 0.00375704351 7.59165778e-05 0.97647059 1 0.827450991
v -0.00923369359 0.00434543472 6.63829051e-05 0.97647059 1 0.827450991
v -0.00894270744 0.00491666468 5.58022984e-05 0.97647059 1 0.827450991
v -0.00861643162 0.00546847843 4.43417084e-05 0.97647059 1 0.827450991
v -0.00825614762 0.00599870179 3.21817861e-05 0.97647059 1 0.827450991
v -0.00786327664 0.00650524022 1.95143293e-05 0.97647059 1 0.827450991
v -0.0074393684 0.0069860951 6.53911911e-06 0.97647059 1 0.827450991
v -0.00698609138 0.00743937073 -6.53921506e-06 0.97647059 1 0.827450991
v -0.00650523603 0.00786327943 -1.95144203e-05 0.97647059 1 0.827450991
v -0.00599869806 0.00825615134 -3.2181877e-05 0.97647059 1 0.827450991
v -0.00546847424 0.00861643441 -4.43417957e-05 0.97647059 1 0.827450991
v -0.00491665863 0.00894271024 -5.58024221e-05 0.97647059 1 0.827450991
v -0.0043454282 0.00923369639 -6.63830142e-05 0.97647059 1 0.827450991
v -0.00375703839 0.00948824268 -7.59166869e-05 0.97647059 1 0.827450991
v -0.00315380981 0.00970534794 -8.42531153e-05 0.97647059 1 0.827450991
v -0.00253812596 0.00988415908 -9.12608448e-05 0.97647059 1 0.827450991
v -0.00191241631 0.0100239683 -9.68293316e-05 0.97647059 1 0.827450991
v -0.00127915526 0.0101242261 -0.000100870726 0.97647059 1 0.827450991
v -0.000640840968 0.0101845395 -0.000103321348 0.97647059 1 0.827450991
v -4.46080034e-10 0.010204671 -0.000104142535 0.97647059 1 0.827450991
v 0.000640844926 0.0101845395 -0.000103321341 0.97647059 1 0.827450991
v 0.00127915933 0.010124227 -0.000100870719 0.97647059 1 0.827450991
v 0.00191242236 0.0100239664 -9.68292661e-05 0.97647059 1 0.827450991
v 0.00253813062 0.00988415536 -9.12607647e-05 0.97647059 1 0.827450991
v 0.00315381377 0.00970534701 -8.4253079e-05 0.97647059 1 0.827450991
v 0.00375704188 0.00948824082 -7.59166287e-05 0.97647059 1 0.827450991
v 0.00434543286 0.00923369452 -6.63829342e-05 0.97647059 1 0.827450991
v 0.00491666328 0.00894270837 -5.58023312e-05 0.97647059 1 0.827450991
v 0.00546847936 0.00861643068 -4.43417011e-05 0.97647059 1 0.827450991
v 0.00599870319 0.00825614668 -3.21817497e-05 0.97647059 1 0.827450991
v 0.00650524115 0.00786327571 -1.95143075e-05 0.97647059 1 0.827450991
v 0.00698609557 0.00743936608 -6.5390841e-06 0.97647059 1 0.827450991
v 0.00743937166 0.00698609091 6.53923689e-06 0.97647059 1 0.827450991
v 0.00786328129 0.0065052351 1.95144567e-05 0.97647059 1 0.827450991
v 0.00825615134 0.0059986976 3.21818952e-05 0.97647059 1 0.827450991
v 0.00861643534 0.00546847377 4.43418321e-05 0.97647059 1 0.827450991
v 0.00894271117 0.00491665816 5.58024294e-05 0.97647059 1 0.827450991
v 0.00923369639 0.00434542773 6.6383036e-05 0.97647059 1 0.827450991
v 0.00948824268 0.00375703652 7.59167087e-05 0.97647059 1 0.827450991
v 0.00970534794 0.00315380795 8.42531445e-05 0.97647059 1 0.827450991
v 0.00988415815 0.00253812363 9.12608521e-05 0.97647059 1 0.827450991
v 0.0100239683 0.00191241992 9.68293025e-05 0.97647059 1 0.827450991
v 0.010124227 0.00127915794 0.000100870726 0.97647059 1 0.827450991
v 0.0101845395 0.000640843646 0.000103321341 0.97647059 1 0.827450991
v 0.0088843368 0 7.89355909e-05 0.97647059 1 0.827450991
v 0.00886680931 -0.000557910593 7.83131618e-05 0.97647059 1 0.827450991
v 0.00881429762 -0.00111361803 7.64557044e-05 0.97647059 1 0.827450991
v 0.00872700196 -0.00166492781 7.33924462e-05 0.97647059 1 0.827450991
v 0.00860527437 -0.00220966293 6.91717723e-05 0.97647059 1 0.827450991
v 0.00844959076 -0.00274567236 6.3860236e-05 0.97647059 1 0.827450991
v 0.00826056488 -0.00327083981 5.75415688e-05 0.97647059 1 0.827450991
v 0.00803894177 -0.0037830926 5.03154333e-05 0.97647059 1 0.827450991
v 0.00778559316 -0.00428040791 4.22958001e-05 0.97647059 1 0.827450991
v 0.00750152022 -0.00476082368 3.36091325e-05 0.97647059 1 0.827450991
v 0.00718784099 -0.00522244163 2.43924369e-05 0.97647059 1 0.827450991
v 0.00684579136 -0.00566344336 1.4791045e-05 0.97647059 1 0.827450991
v 0.0064767208 -0.00608208682 4.9563946e-06 0.97647059 1 0.827450991
v 0.00608208682 -0.00647672266 -4.95641234e-06 0.97647059 1 0.827450991
v 0.00566344289 -0.00684579229 -1.47910641e-05 0.97647059 1 0.827450991
v 0.00522244209 -0.00718784099 -2.43924351e-05 0.97647059 1 0.827450991
v 0.00476082182 -0.00750151975 -3.36091398e-05 0.97647059 1 0.827450991
v 0.00428040745 -0.00778559409 -4.22958146e-05 0.97647059 1 0.827450991
v 0.00378309167 -0.0080389427 -5.03154552e-05 0.97647059 1 0.827450991
v 0.00327083981 -0.00826056488 -5.75415688e-05 0.97647059 1 0.827450991
v 0.00274567213 -0.00844959076 -6.38602432e-05 0.97647059 1 0.827450991
v 0.00220966199 -0.00860527437 -6.91717723e-05 0.97647059 1 0.827450991
v 0.001664927 -0.00872700289 -7.33924608e-05 0.97647059 1 0.827450991
v 0.00111361709 -0.00881429762 -7.64557117e-05 0.97647059 1 0.827450991
v 0.00055790937 -0.00886680931 -7.83131618e-05 0.97647059 1 0.827450991
v -3.88359678e-10 -0.0088843368 -7.89355909e-05 0.97647059 1 0.827450991
v -0.000557911233 -0.00886680931 -7.83131545e-05 0.97647059 1 0.827450991
v -0.00111361884 -0.00881429575 -7.64556826e-05 0.97647059 1 0.827450991
v -0.00166492863 -0.00872700196 -7.33924317e-05 0.97647059 1 0.827450991
v -0.00220966386 -0.00860527344 -6.91717578e-05 0.97647059 1 0.827450991
v -0.00274567259 -0.00844959076 -6.38602287e-05 0.97647059 1 0.827450991
v -0.00327084027 -0.00826056395 -5.7541547e-05 0.97647059 1 0.827450991
v -0.0037830933 -0.00803894177 -5.03154261e-05 0.97647059 1 0.827450991
v -0.00428040884 -0.00778559269 -4.22957855e-05 0.97647059 1 0.827450991
v -0.00476082414 -0.00750151975 -3.3609118e-05 0.97647059 1 0.827450991
v -0.00522244303 -0.0071878396 -2.43924114e-05 0.97647059 1 0.827450991
v -0.00566344475 -0.00684579089 -1.47910232e-05 0.97647059 1 0.827450991
v -0.00608208776 -0.00647671986 -4.95636959e-06 0.97647059 1 0.827450991
v -0.00647672219 -0.00608208682 4.95640961e-06 0.97647059 1 0.827450991
v -0.00684579229 -0.00566344289 1.47910614e-05 0.97647059 1 0.827450991
v -0.00718784146 -0.00522244116 2.43924496e-05 0.97647059 1 0.827450991
v -0.00750152068 -0.00476082228 3.36091543e-05 0.97647059 1 0.827450991
v -0.00778559409 -0.00428040698 4.22958183e-05 0.97647059 1 0.827450991
v -0.0080389427 -0.00378309144 5.03154588e-05 0.97647059 1 0.827450991
v -0.00826056581 -0.00327083864 5.7541587e-05 0.97647059 1 0.827450991
v -0.00844959076 -0.00274567027 6.38602432e-05 0.97647059 1 0.827450991
v -0.0086052753 -0.00220966083 6.91718014e-05 0.97647059 1 0.827450991
v -0.00872700196 -0.00166492548 7.33924608e-05 0.97647059 1 0.827450991
v -0.00881429669 -0.00111361558 7.64556971e-05 0.97647059 1 0.827450991
v -0.00886680931 -0.000557910127 7.83131618e-05 0.97647059 1 0.827450991
v -0.0088843368 1.34152733e-09 7.89355909e-05 0.97647059 1 0.827450991
v -0.00886680931 0.000557912223 7.83131545e-05 0.97647059 1 0.827450991
v -0.00881429575 0.00111361977 7.64556753e-05 0.97647059 1 0.827450991
v -0.00872700196 0.00166492956 7.33924317e-05 0.97647059 1 0.827450991
v -0.00860527437 0.00220966502 6.91717651e-05 0.97647059 1 0.827450991
v -0.0084495889 0.00274567446 6.38601923e-05 0.97647059 1 0.827450991
v -0.00826056395 0.0032708426 5.75415361e-05 0.97647059 1 0.827450991
v -0.00803894084 0.00378309493 5.03153969e-05 0.97647059 1 0.827450991
v -0.0077855913 0.00428041024 4.22957492e-05 0.97647059 1 0.827450991
v -0.00750151929 0.00476082368 3.36091143e-05 0.97647059 1 0.827450991
v -0.0071878396 0.00522244256 2.43924133e-05 0.97647059 1 0.827450991
v -0.00684579089 0.00566344429 1.4791025e-05 0.97647059 1 0.827450991
v -0.00647672126 0.00608208869 4.95637232e-06 0.97647059 1 0.827450991
v -0.00608208543 0.00647672312 -4.95644463e-06 0.97647059 1 0.827450991
v -0.00566344056 0.00684579276 -1.47910941e-05 0.97647059 1 0.827450991
v -0.0052224393 0.00718784239 -2.43924842e-05 0.97647059 1 0.827450991
v -0.00476081995 0.00750152115 -3.36091798e-05 0.97647059 1 0.827450991
v -0.00428040512 0.00778559502 -4.2295851e-05 0.97647059 1 0.827450991
v -0.00378308911 0.0080389427 -5.0315477e-05 0.97647059 1 0.827450991
v -0.00327083771 0.00826056581 -5.75416016e-05 0.97647059 1 0.827450991
v -0.00274566957 0.00844959076 -6.38602505e-05 0.97647059 1 0.827450991
v -0.0022096592 0.00860527717 -6.91718378e-05 0.97647059 1 0.827450991
v -0.00166492362 0.00872700382 -7.33924826e-05 0.97647059 1 0.827450991
v -0.0011136136 0.00881429669 -7.64557044e-05 0.97647059 1 0.827450991
v -0.000557906984 0.00886680931 -7.83131691e-05 0.97647059 1 0.827450991
v -3.88359678e-10 0.0088843368 -7.89355909e-05 0.97647059 1 0.827450991
v 0.000557910418 0.00886680931 -7.83131618e-05 0.97647059 1 0.827450991
v 0.00111361814 0.00881429762 -7.64557044e-05 0.97647059 1 0.827450991
v 0.00166492886 0.00872700196 -7.33924317e-05 0.97647059 1 0.827450991
v 0.00220966316 0.00860527437 -6.91717723e-05 0.97647059 1 0.827450991
v 0.00274567329 0.0084495917 -6.38602432e-05 0.97647059 1 0.827450991
v 0.00327084051 0.00826056395 -5.7541547e-05 0.97647059 1 0.827450991
v 0.00378309353 0.00803894177 -5.03154224e-05 0.97647059 1 0.827450991
v 0.00428040931 0.00778559269 -4.22957819e-05 0.97647059 1 0.827450991
v 0.00476082461 0.00750151789 -3.36090925e-05 0.97647059 1 0.827450991
v 0.00522244303 0.00718783867 -2.43923932e-05 0.97647059 1 0.827450991
v 0.00566344475 0.0068457895 -1.47910059e-05 0.97647059 1 0.827450991
v 0.00608208915 0.0064767194 -4.95634549e-06 0.97647059 1 0.827450991
v 0.00647672359 0.00608208403 4.95646054e-06 0.97647059 1 0.827450991
v 0.00684579369 0.00566343963 1.47911187e-05 0.97647059 1 0.827450991
v 0.00718784286 0.00522243883 2.43924987e-05 0.97647059 1 0.827450991
v 0.00750152254 0.00476081995 3.36092016e-05 0.97647059 1 0.827450991
v 0.00778559456 0.00428040372 4.22958583e-05 0.97647059 1 0.827450991
v 0.00803894363 0.00378308888 5.03154952e-05 0.97647059 1 0.827450991
v 0.00826056581 0.00327083585 5.75416088e-05 0.97647059 1 0.827450991
v 0.0084495917 0.00274566794 6.38602723e-05 0.97647059 1 0.827450991
v 0.00860527623 0.00220965804 6.91718233e-05 0.97647059 1 0.827450991
v 0.00872700289 0.00166492688 7.33924608e-05 0.97647059 1 0.827450991
v 0.00881429762 0.00111361698 7.64557117e-05 0.97647059 1 0.827450991
v 0.00886680931 0.000557909254 7.83131618e-05 0.97647059 1 0.827450991
v 0.00773481885 0 5.98298066e-05 0.97647059 1 0.827450991
v 0.00771955866 -0.000485711818 5.93580335e-05 0.97647059 1 0.827450991
v 0.00767383771 -0.000969505927 5.79501502e-05 0.97647059 1 0.827450991
v 0.00759783434 -0.00144947204 5.56283412e-05 0.97647059 1 0.827450991
v 0.00749185262 -0.00192371546 5.24292591e-05 0.97647059 1 0.827450991
v 0.00735630607 -0.00239036279 4.84033371e-05 0.97647059 1 0.827450991
v 0.00719173066 -0.00284757302 4.36140581e-05 0.97647059 1 0.827450991
v 0.0069987746 -0.00329354103 3.813695e-05 0.97647059 1 0.827450991
v 0.00677819829 -0.00372650591 3.20584113e-05 0.97647059 1 0.827450991
v 0.00653087348 -0.00414475938 2.54742972e-05 0.97647059 1 0.827450991
v 0.00625777198 -0.00454664975 1.84884266e-05 0.97647059 1 0.827450991
v 0.0059599732 -0.00493059261 1.1210981e-05 0.97647059 1 0.827450991
v 0.00563865015 -0.00529507222 3.75673631e-06 0.97647059 1 0.827450991
v 0.00529507175 -0.00563865108 -3.75674881e-06 0.97647059 1 0.827450991
v 0.00493059214 -0.00595997414 -1.12109947e-05 0.97647059 1 0.827450991
v 0.00454665022 -0.00625777198 -1.84884248e-05 0.97647059 1 0.827450991
v 0.00414475845 -0.00653087348 -2.54742972e-05 0.97647059 1 0.827450991
v 0.00372650544 -0.00677819923 -3.20584259e-05 0.97647059 1 0.827450991
v 0.0032935401 -0.00699877506 -3.81369646e-05 0.97647059 1 0.827450991
v 0.00284757279 -0.0071917302 -4.36140508e-05 0.97647059 1 0.827450991
v 0.00239036279 -0.00735630607 -4.84033408e-05 0.97647059 1 0.827450991
v 0.00192371465 -0.00749185216 -5.24292554e-05 0.97647059 1 0.827450991
v 0.00144947134 -0.00759783527 -5.56283521e-05 0.97647059 1 0.827450991
v 0.000969505112 -0.00767383771 -5.79501539e-05 0.97647059 1 0.827450991
v 0.000485710771 -0.00771955866 -5.93580335e-05 0.97647059 1 0.827450991
v -3.38108236e-10 -0.00773481885 -5.98298066e-05 0.97647059 1 0.827450991
v -0.00048571243 -0.00771955913 -5.93580371e-05 0.97647059 1 0.827450991
v -0.000969506626 -0.00767383631 -5.7950132e-05 0.97647059 1 0.827450991
v -0.00144947297 -0.0075978348 -5.56283412e-05 0.97647059 1 0.827450991
v -0.00192371604 -0.00749185169 -5.24292445e-05 0.97647059 1 0.827450991
v -0.00239036325 -0.00735630561 -4.84033262e-05 0.97647059 1 0.827450991
v -0.00284757349 -0.00719172927 -4.36140399e-05 0.97647059 1 0.827450991
v -0.00329354149 -0.00699877413 -3.81369427e-05 0.97647059 1 0.827450991
v -0.00372650661 -0.00677819783 -3.20584004e-05 0.97647059 1 0.827450991
v -0.00414475985 -0.00653087301 -2.54742754e-05 0.97647059 1 0.827450991
v -0.00454665115 -0.00625777151 -1.84884084e-05 0.97647059 1 0.827450991
v -0.004930594 -0.0059599732 -1.12109647e-05 0.97647059 1 0.827450991
v -0.00529507315 -0.00563864969 -3.75671698e-06 0.97647059 1 0.827450991
v -0.00563865062 -0.00529507175 3.75674699e-06 0.97647059 1 0.827450991
v -0.00595997414 -0.00493059214 1.12109929e-05 0.97647059 1 0.827450991
v -0.00625777245 -0.00454664929 1.84884339e-05 0.97647059 1 0.827450991
v -0.00653087394 -0.00414475892 2.54743063e-05 0.97647059 1 0.827450991
v -0.00677819876 -0.00372650474 3.20584259e-05 0.97647059 1 0.827450991
v -0.00699877506 -0.00329353986 3.81369682e-05 0.97647059 1 0.827450991
v -0.00719173066 -0.00284757162 4.36140654e-05 0.97647059 1 0.827450991
v -0.00735630607 -0.00239036139 4.84033444e-05 0.97647059 1 0.827450991
v -0.00749185309 -0.0019237136 5.24292773e-05 0.97647059 1 0.827450991
v -0.00759783527 -0.00144947018 5.56283594e-05 0.97647059 1 0.827450991
v -0.00767383771 -0.000969504006 5.79501575e-05 0.97647059 1 0.827450991
v -0.00771955866 -0.000485711411 5.93580335e-05 0.97647059 1 0.827450991
v -0.00773481885 1.16794474e-09 5.98298066e-05 0.97647059 1 0.827450991
v -0.00771955913 0.000485713303 5.93580371e-05 0.97647059 1 0.827450991
v -0.00767383678 0.000969507499 5.79501357e-05 0.97647059 1 0.827450991
v -0.0075978348 0.00144947378 5.56283376e-05 0.97647059 1 0.827450991
v -0.00749185169 0.00192371686 5.24292373e-05 0.97647059 1 0.827450991
v -0.00735630514 0.00239036512 4.8403308e-05 0.97647059 1 0.827450991
v -0.00719172927 0.00284757512 4.36140253e-05 0.97647059 1 0.827450991
v -0.00699877366 0.00329354312 3.81369209e-05 0.97647059 1 0.827450991
v -0.00677819736 0.00372650777 3.20583749e-05 0.97647059 1 0.827450991
v -0.00653087301 0.00414475985 2.54742772e-05 0.97647059 1 0.827450991
v -0.00625777151 0.00454665069 1.84884102e-05 0.97647059 1 0.827450991
v -0.00595997274 0.00493059354 1.12109656e-05 0.97647059 1 0.827450991
v -0.00563865015 0.00529507361 3.7567188e-06 0.97647059 1 0.827450991
v -0.00529507222 0.00563865062 -3.75674563e-06 0.97647059 1 0.827450991
v -0.00493059075 0.00595997507 -1.12110201e-05 0.97647059 1 0.827450991
v -0.00454664789 0.00625777384 -1.8488463e-05 0.97647059 1 0.827450991
v -0.00414475659 0.00653087487 -2.54743281e-05 0.97647059 1 0.827450991
v -0.00372650335 0.00677819969 -3.20584513e-05 0.97647059 1 0.827450991
v -0.00329353823 0.00699877599 -3.813699e-05 0.97647059 1 0.827450991
v -0.00284757023 0.00719173159 -4.36140872e-05 0.97647059 1 0.827450991
v -0.00239036046 0.00735630607 -4.8403348e-05 0.97647059 1 0.827450991
v -0.00192371197 0.00749185355 -5.24292918e-05 0.97647059 1 0.827450991
v -0.00144946843 0.00759783573 -5.56283703e-05 0.97647059 1 0.827450991
v -0.000969502202 0.00767383771 -5.79501575e-05 0.97647059 1 0.827450991
v -0.000485708704 0.00771955866 -5.93580371e-05 0.97647059 1 0.827450991
v -3.38108236e-10 0.00773481885 -5.98298066e-05 0.97647059 1 0.827450991
v 0.000485711702 0.00771955866 -5.93580335e-05 0.97647059 1 0.827450991
v 0.000969506043 0.00767383771 -5.79501502e-05 0.97647059 1 0.827450991
v 0.00144947227 0.0075978348 -5.56283485e-05 0.97647059 1 0.827450991
v 0.00192371628 0.00749185169 -5.24292445e-05 0.97647059 1 0.827450991
v 0.00239036349 0.00735630561 -4.84033226e-05 0.97647059 1 0.827450991
v 0.00284757372 0.00719172927 -4.36140399e-05 0.97647059 1 0.827450991
v 0.00329354196 0.0069987746 -3.81369427e-05 0.97647059 1 0.827450991
v 0.00372650684 0.00677819783 -3.20583968e-05 0.97647059 1 0.827450991
v 0.00414476031 0.00653087208 -2.54742699e-05 0.97647059 1 0.827450991
v 0.00454665162 0.00625777105 -1.84883975e-05 0.97647059 1 0.827450991
v 0.00493059447 0.00595997274 -1.12109547e-05 0.97647059 1 0.827450991
v 0.00529507361 0.00563864876 -3.75669833e-06 0.97647059 1 0.827450991
v 0.00563865295 0.00529506989 3.75679338e-06 0.97647059 1 0.827450991
v 0.005959976 0.00493058981 1.12110383e-05 0.97647059 1 0.827450991
v 0.00625777431 0.00454664743 1.84884739e-05 0.97647059 1 0.827450991
v 0.00653087534 0.00414475612 2.54743481e-05 0.97647059 1 0.827450991
v 0.00677820016 0.00372650265 3.20584477e-05 0.97647059 1 0.827450991
v 0.00699877599 0.003293538 3.81369937e-05 0.97647059 1 0.827450991
v 0.00719173159 0.00284756976 4.36140908e-05 0.97647059 1 0.827450991
v 0.00735630654 0.00239035883 4.8403359e-05 0.97647059 1 0.827450991
v 0.00749185355 0.00192371104 5.24292882e-05 0.97647059 1 0.827450991
v 0.00759783527 0.00144947122 5.56283521e-05 0.97647059 1 0.827450991
v 0.00767383771 0.000969504996 5.79501539e-05 0.97647059 1 0.827450991
v 0.00771955866 0.000485710741 5.93580335e-05 0.97647059 1 0.827450991
g 
usemtl /mat/principledshader4
f 1 102 2
f 1 101 102
f 2 103 3
f 2 102 103
f 3 104 4
f 3 103 104
f 4 105 5
f 4 104 105
f 5 106 6
f 5 105 106
f 6 107 7
f 6 106 107
f 7 108 8
f 7 107 108
f 8 109 9
f 8 108 109
f 9 110 10
f 9 109 110
f 10 111 11
f 10 110 111
f 11 112 12
f 11 111 112
f 12 113 13
f 12 112 113
f 13 114 14
f 13 113 114
f 14 115 15
f 14 114 115
f 15 116 16
f 15 115 116
f 16 117 17
f 16 116 117
f 17 118 18
f 17 117 118
f 18 119 19
f 18 118 119
f 19 120 20
f 19 119 120
f 20 121 21
f 20 120 121
f 21 122 22
f 21 121 122
f 22 123 23
f 22 122 123
f 23 124 24
f 23 123 124
f 24 125 25
f 24 124 125
f 25 126 26
f 25 125 126
f 26 127 27
f 26 126 127
f 27 128 28
f 27 127 128
f 28 129 29
f 28 128 129
f 29 130 30
f 29 129 130
f 30 131 31
f 30 130 131
f 31 132 32
f 31 131 132
f 32 133 33
f 32 132 133
f 33 134 34
f 33 133 134
f 34 135 35
f 34 134 135
f 35 136 36
f 35 135 136
f 36 137 37
f 36 136 137
f 37 138 38
f 37 137 138
f 38 139 39
f 38 138 139
f 39 140 40
f 39 139 140
f 40 141 41
f 40 140 141
f 41 142 42
f 41 141 142
f 42 143 43
f 42 142 143
f 43 144 44
f 43 143 144
f 44 145 45
f 44 144 145
f 45 146 46
f 45 145 146
f 46 147 47
f 46 146 147
f 47 148 48
f 47 147 148
f 48 149 49
f 48 148 149
f 49 150 50
f 49 149 150
f 50 151 51
f 50 150 151
f 51 152 52
f 51 151 152
f 52 153 53
f 52 152 153
f 53 154 54
f 53 153 154
f 54 155 55
f 54 154 155
f 55 156 56
f 55 155 156
f 56 157 57
f 56 156 157
f 57 158 58
f 57 157 158
f 58 159 59
f 58 158 159
f 59 160 60
f 59 159 160
f 60 161 61
f 60 160 161
f 61 162 62
f 61 161 162
f 62 163 63
f 62 162 163
f 63 164 64
f 63 163 164
f 64 165 65
f 64 164 165
f 65 166 66
f 65 165 166
f 66 167 67
f 66 166 167
f 67 168 68
f 67 167 168
f 68 169 69
f 68 168 169
f 69 170 70
f 69 169 170
f 70 171 71
f 70 170 171
f 71 172 72
f 71 171 172
f 72 173 73
f 72 172 173
f 73 174 74
f 73 173 174
f 74 175 75
f 74 174 175
f 75 176 76
f 75 175 176
f 76 177 77
f 76 176 177
f 77 178 78
f 77 177 178
f 78 179 79
f 78 178 179
f 79 180 80
f 79 179 180
f 80 181 81
f 80 180 181
f 81 182 82
f 81 181 182
f 82 183 83
f 82 182 183
f 83 184 84
f 83 183 184
f 84 185 85
f 84 184 185
f 85 186 86
f 85 185 186
f 86 187 87
f 86 186 187
f 87 188 88
f 87 187 188
f 88 189 89
f 88 188 189
f 89 190 90
f 89 189 190
f 90 191 91
f 90 190 191
f 91 192 92
f 91 191 192
f 92 193 93
f 92 192 193
f 93 194 94
f 93 193 194
f 94 195 95
f 94 194 195
f 95 196 96
f 95 195 196
f 96 197 97
f 96 196 197
f 97 198 98
f 97 197 198
f 98 199 99
f 98 198 199
f 99 200 100
f 99 199 200
f 100 101 1
f 100 200 101
f 101 202 102
f 101 201 202
f 102 203 103
f 102 202 203
f 103 204 104
f 103 203 204
f 104 205 105
f 104 204 205
f 105 206 106
f 105 205 206
f 106 207 107
f 106 206 207
f 107 208 108
f 107 207 208
f 108 209 109
f 108 208 209
f 109 210 110
f 109 209 210
f 110 211 111
f 110 210 211
f 111 212 112
f 111 211 212
f 112 213 113
f 112 212 213
f 113 214 114
f 113 213 214
f 114 215 115
f 114 214 215
f 115 216 116
f 115 215 216
f 116 217 117
f 116 216 217
f 117 218 118
f 117 217 218
f 118 219 119
f 118 218 219
f 119 220 120
f 119 219 220
f 120 221 121
f 120 220 221
f 121 222 122
f 121 221 222
f 122 223 123
f 122 222 223
f 123 224 124
f 123 223 224
f 124 225 125
f 124 224 225
f 125 226 126
f 125 225 226
f 126 227 127
f 126 226 227
f 127 228 128
f 127 227 228
f 128 229 129
f 128 228 229
f 129 230 130
f 129 229 230
f 130 231 131
f 130 230 231
f 131 232 132
f 131 231 232
f 132 233 133
f 132 232 233
f 133 234 134
f 133 233 234
f 134 235 135
f 134 234 235
f 135 236 136
f 135 235 236
f 136 237 137
f 136 236 237
f 137 238 138
f 137 237 238
f 138 239 139
f 138 238 239
f 139 240 140
f 139 239 240
f 140 241 141
f 140 240 241
f 141 242 142
f 141 241 242
f 142 243 143
f 142 242 243
f 143 244 144
f 143 243 244
f 144 245 145
f 144 244 245
f 145 246 146
f 145 245 246
f 146 247 147
f 146 246 247
f 147 248 148
f 147 247 248
f 148 249 149
f 148 248 249
f 149 250 150
f 149 249 250
f 150 251 151
f 150 250 251
f 151 252 152
f 151 251 252
f 152 253 153
f 152 252 253
f 153 254 154
f 153 253 254
f 154 255 155
f 154 254 255
f 155 256 156
f 155 255 256
f 156 257 157
f 156 256 257
f 157 258 158
f 157 257 258
f 158 259 159
f 158 258 259
f 159 260 160
f 159 259 260
f 160 261 161
f 160 260 261
f 161 262 162
f 161 261 262
f 162 263 163
f 162 262 263
f 163 264 164
f 163 263 264
f 164 265 165
f 164 264 265
f 165 266 166
f 165 265 266
f 166 267 167
f 166 266 267
f 167 268 168
f 167 267 268
f 168 269 169
f 168 268 269
f 169 270 170
f 169 269 270
f 170 271 171
f 170 270 271
f 171 272 172
f 171 271 272
f 172 273 173
f 172 272 273
f 173 274 174
f 173 273 274
f 174 275 175
f 174 274 275
f 175 276 176
f 175 275 276
f 176 277 177
f 176 276 277
f 177 278 178
f 177 277 278
f 178 279 179
f 178 278 279
f 179 280 180
f 179 279 280
f 180 281 181
f 180 280 281
f 181 282 182
f 181 281 282
f 182 283 183
f 182 282 283
f 183 284 184
f 183 283 284
f 184 285 185
f 184 284 285
f 185 286 186
f 185 285 286
f 186 287 187
f 186 286 287
f 187 288 188
f 187 287 288
f 188 289 189
f 188 288 289
f 189 290 190
f 189 289 290
f 190 291 191
f 190 290 291
f 191 292 192
f 191 291 292
f 192 293 193
f 192 292 293
f 193 294 194
f 193 293 294
f 194 295 195
f 194 294 295
f 195 296 196
f 195 295 296
f 196 297 197
f 196 296 297
f 197 298 198
f 197 297 298
f 198 299 199
f 198 298 299
f 199 300 200
f 199 299 300
f 200 201 101
f 200 300 201
f 201 302 202
f 201 301 302
f 202 303 203
f 202 302 303
f 203 304 204
f 203 303 304
f 204 305 205
f 204 304 305
f 205 306 206
f 205 305 306
f 206 307 207
f 206 306 307
f 207 308 208
f 207 307 308
f 208 309 209
f 208 308 309
f 209 310 210
f 209 309 310
f 210 311 211
f 210 310 311
f 211 312 212
f 211 311 312
f 212 313 213
f 212 312 313
f 213 314 214
f 213 313 314
f 214 315 215
f 214 314 315
f 215 316 216
f 215 315 316
f 216 317 217
f 216 316 317
f 217 318 218
f 217 317 318
f 218 319 219
f 218 318 319
f 219 320 220
f 219 319 320
f 220 321 221
f 220 320 321
f 221 322 222
f 221 321 322
f 222 323 223
f 222 322 323
f 223 324 224
f 223 323 324
f 224 325 225
f 224 324 325
f 225 326 226
f 225 325 326
f 226 327 227
f 226 326 327
f 227 328 228
f 227 327 328
f 228 329 229
f 228 328 329
f 229 330 230
f 229 329 330
f 230 331 231
f 230 330 331
f 231 332 232
f 231 331 332
f 232 333 233
f 232 332 333
f 233 334 234
f 233 333 334
f 234 335 235
f 234 334 335
f 235 336 236
f 235 335 336
f 236 337 237
f 236 336 337
f 237 338 238
f 237 337 338
f 238 339 239
f 238 338 339
f 239 340 240
f 239 339 340
f 240 341 241
f 240 340 341
f 241 342 242
f 241 341 342
f 242 343 243
f 242 342 343
f 243 344 244
f 243 343 344
f 244 345 245
f 244 344 345
f 245 346 246
f 245 345 346
f 246 347 247
f 246 346 347
f 247 348 248
f 247 347 348
f 248 349 249
f 248 348 349
f 249 350 250
f 249 349 350
f 250 351 251
f 250 350 351
f 251 352 252
f 251 351 352
f 252 353 253
f 252 352 353
f 253 354 254
f 253 353 354
f 254 355 255
f 254 354 355
f 255 356 256
f 255 355 356
f 256 357 257
f 256 356 357
f 257 358 258
f 257 357 358
f 258 359 259
f 258 358 359
f 259 360 260
f 259 359 360
f 260 361 261
f 260 360 361
f 261 362 262
f 261 361 362
f 262 363 263
f 262 362 363
f 263 364 264
f 263 363 364
f 264 365 265
f 264 364 365
f 265 366 266
f 265 365 366
f 266 367 267
f 266 366 367
f 267 368 268
f 267 367 368
f 268 369 269
f 268 368 369
f 269 370 270
f 269 369 370
f 270 371 271
f 270 370 371
f 271 372 272
f 271 371 372
f 272 373 273
f 272 372 373
f 273 374 274
f 273 373 374
f 274 375 275
f 274 374 375
f 275 376 276
f 275 375 376
f 276 377 277
f 276 376 377
f 277 378 278
f 277 377 378
f 278 379 279
f 278 378 379
f 279 380 280
f 279 379 380
f 280 381 281
f 280 380 381
f 281 382 282
f 281 381 382
f 282 383 283
f 282 382 383
f 283 384 284
f 283 383 384
f 284 385 285
f 284 384 385
f 285 386 286
f 285 385 386
f 286 387 287
f 286 386 387
f 287 388 288
f 287 387 388
f 288 389 289
f 288 388 389
f 289 390 290
f 289 389 390
f 290 391 291
f 290 390 391
f 291 392 292
f 291 391 392
f 292 393 293
f 292 392 393
f 293 394 294
f 293 393 394
f 294 395 295
f 294 394 395
f 295 396 296
f 295 395 396
f 296 397 297
f 296 396 397
f 297 398 298
f 297 397 398
f 298 399 299
f 298 398 399
f 299 400 300
f 299 399 400
f 300 301 201
f 300 400 301
f 301 402 302
f 301 401 402
f 302 403 303
f 302 402 403
f 303 404 304
f 303 403 404
f 304 405 305
f 304 404 405
f 305 406 306
f 305 405 406
f 306 407 307
f 306 406 407
f 307 408 308
f 307 407 408
f 308 409 309
f 308 408 409
f 309 410 310
f 309 409 410
f 310 411 311
f 310 410 411
f 311 412 312
f 311 411 412
f 312 413 313
f 312 412 413
f 313 414 314
f 313 413 414
f 314 415 315
f 314 414 415
f 315 416 316
f 315 415 416
f 316 417 317
f 316 416 417
f 317 418 318
f 317 417 418
f 318 419 319
f 318 418 419
f 319 420 320
f 319 419 420
f 320 421 321
f 320 420 421
f 321 422 322
f 321 421 422
f 322 423 323
f 322 422 423
f 323 424 324
f 323 423 424
f 324 425 325
f 324 424 425
f 325 426 326
f 325 425 426
f 326 427 327
f 326 426 427
f 327 428 328
f 327 427 428
f 328 429 329
f 328 428 429
f 329 430 330
f 329 429 430
f 330 431 331
f 330 430 431
f 331 432 332
f 331 431 432
f 332 433 333
f 332 432 433
f 333 434 334
f 333 433 434
f 334 435 335
f 334 434 435
f 335 436 336
f 335 435 436
f 336 437 337
f 336 436 437
f 337 438 338
f 337 437 438
f 338 439 339
f 338 438 439
f 339 440 340
f 339 439 440
f 340 441 341
f 340 440 441
f 341 442 342
f 341 441 442
f 342 443 343
f 342 442 443
f 343 444 344
f 343 443 444
f 344 445 345
f 344 444 445
f 345 446 346
f 345 445 446
f 346 447 347
f 346 446 447
f 347 448 348
f 347 447 448
f 348 449 349
f 348 448 449
f 349 450 350
f 349 449 450
f 350 451 351
f 350 450 451
f 351 452 352
f 351 451 452
f 352 453 353
f 352 452 453
f 353 454 354
f 353 453 454
f 354 455 355
f 354 454 455
f 355 456 356
f 355 455 456
f 356 457 357
f 356 456 457
f 357 458 358
f 357 457 458
f 358 459 359
f 358 458 459
f 359 460 360
f 359 459 460
f 360 461 361
f 360 460 461
f 361 462 362
f 361 461 462
f 362 463 363
f 362 462 463
f 363 464 364
f 363 463 464
f 364 465 365
f 364 464 465
f 365 466 366
f 365 465 466
f 366 467 367
f 366 466 467
f 367 468 368
f 367 467 468
f 368 469 369
f 368 468 469
f 369 470 370
f 369 469 470
f 370 471 371
f 370 470 471
f 371 472 372
f 371 471 472
f 372 473 373
f 372 472 473
f 373 474 374
f 373 473 474
f 374 475 375
f 374 474 475
f 375 476 376
f 375 475 476
f 376 477 377
f 376 476 477
f 377 478 378
f 377 477 478
f 378 479 379
f 378 478 479
f 379 480 380
f 379 479 480
f 380 481 381
f 380 480 481
f 381 482 382
f 381 481 482
f 382 483 383
f 382 482 483
f 383 484 384
f 383 483 484
f 384 485 385
f 384 484 485
f 385 486 386
f 385 485 486
f 386 487 387
f 386 486 487
f 387 488 388
f 387 487 488
f 388 489 389
f 388 488 489
f 389 490 390
f 389 489 490
f 390 491 391
f 390 490 491
f 391 492 392
f 391 491 492
f 392 493 393
f 392 492 493
f 393 494 394
f 393 493 494
f 394 495 395
f 394 494 495
f 395 496 396
f 395 495 496
f 396 497 397
f 396 496 497
f 397 498 398
f 397 497 498
f 398 499 399
f 398 498 499
f 399 500 400
f 399 499 500
f 400 401 301
f 400 500 401
f 401 502 402
f 401 501 502
f 402 503 403
f 402 502 503
f 403 504 404
f 403 503 504
f 404 505 405
f 404 504 505
f 405 506 406
f 405 505 506
f 406 507 407
f 406 506 507
f 407 508 408
f 407 507 508
f 408 509 409
f 408 508 509
f 409 510 410
f 409 509 510
f 410 511 411
f 410 510 511
f 411 512 412
f 411 511 512
f 412 513 413
f 412 512 513
f 413 514 414
f 413 513 514
f 414 515 415
f 414 514 515
f 415 516 416
f 415 515 516
f 416 517 417
f 416 516 517
f 417 518 418
f 417 517 518
f 418 519 419
f 418 518 519
f 419 520 420
f 419 519 520
f 420 521 421
f 420 520 521
f 421 522 422
f 421 521 522
f 422 523 423
f 422 522 523
f 423 524 424
f 423 523 524
f 424 525 425
f 424 524 525
f 425 526 426
f 425 525 526
f 426 527 427
f 426 526 527
f 427 528 428
f 427 527 528
f 428 529 429
f 428 528 529
f 429 530 430
f 429 529 530
f 430 531 431
f 430 530 531
f 431 532 432
f 431 531 532
f 432 533 433
f 432 532 533
f 433 534 434
f 433 533 534
f 434 535 435
f 434 534 535
f 435 536 436
f 435 535 536
f 436 537 437
f 436 536 537
f 437 538 438
f 437 537 538
f 438 539 439
f 438 538 539
f 439 540 440
f 439 539 540
f 440 541 441
f 440 540 541
f 441 542 442
f 441 541 542
f 442 543 443
f 442 542 543
f 443 544 444
f 443 543 544
f 444 545 445
f 444 544 545
f 445 546 446
f 445 545 546
f 446 547 447
f 446 546 547
f 447 548 448
f 447 547 548
f 448 549 449
f 448 548 549
f 449 550 450
f 449 549 550
f 450 551 451
f 450 550 551
f 451 552 452
f 451 551 552
f 452 553 453
f 452 552 553
f 453 554 454
f 453 553 554
f 454 555 455
f 454 554 555
f 455 556 456
f 455 555 556
f 456 557 457
f 456 556 557
f 457 558 458
f 457 557 558
f 458 559 459
f 458 558 559
f 459 560 460
f 459 559 560
f 460 561 461
f 460 560 561
f 461 562 462
f 461 561 562
f 462 563 463
f 462 562 563
f 463 564 464
f 463 563 564
f 464 565 465
f 464 564 565
f 465 566 466
f 465 565 566
f 466 567 467
f 466 566 567
f 467 568 468
f 467 567 568
f 468 569 469
f 468 568 569
f 469 570 470
f 469 569 570
f 470 571 471
f 470 570 571
f 471 572 472
f 471 571 572
f 472 573 473
f 472 572 573
f 473 574 474
f 473 573 574
f 474 575 475
f 474 574 575
f 475 576 476
f 475 575 576
f 476 577 477
f 476 576 577
f 477 578 478
f 477 577 578
f 478 579 479
f 478 578 579
f 479 580 480
f 479 579 580
f 480 581 481
f 480 580 581
f 481 582 482
f 481 581 582
f 482 583 483
f 482 582 583
f 483 584 484
f 483 583 584
f 484 585 485
f 484 584 585
f 485 586 486
f 485 585 586
f 486 587 487
f 486 586 587
f 487 588 488
f 487 587 588
f 488 589 489
f 488 588 589
f 489 590 490
f 489 589 590
f 490 591 491
f 490 590 591
f 491 592 492
f 491 591 592
f 492 593 493
f 492 592 593
f 493 594 494
f 493 593 594
f 494 595 495
f 494 594 595
f 495 596 496
f 495 595 596
f 496 597 497
f 496 596 597
f 497 598 498
f 497 597 598
f 498 599 499
f 498 598 599
f 499 600 500
f 499 599 600
f 500 501 401
f 500 600 501
f 501 602 502
f 501 601 602
f 502 603 503
f 502 602 603
f 503 604 504
f 503 603 604
f 504 605 505
f 504 604 605
f 505 606 506
f 505 605 606
f 506 607 507
f 506 606 607
f 507 608 508
f 507 607 608
f 508 609 509
f 508 608 609
f 509 610 510
f 509 609 610
f 510 611 511
f 510 610 611
f 511 612 512
f 511 611 612
f 512 613 513
f 512 612 613
f 513 614 514
f 513 613 614
f 514 615 515
f 514 614 615
f 515 616 516
f 515 615 616
f 516 617 517
f 516 616 617
f 517 618 518
f 517 617 618
f 518 619 519
f 518 618 619
f 519 620 520
f 519 619 620
f 520 621 521
f 520 620 621
f 521 622 522
f 521 621 622
f 522 623 523
f 522 622 623
f 523 624 524
f 523 623 624
f 524 625 525
f 524 624 625
f 525 626 526
f 525 625 626
f 526 627 527
f 526 626 627
f 527 628 528
f 527 627 628
f 528 629 529
f 528 628 629
f 529 630 530
f 529 629 630
f 530 631 531
f 530 630 631
f 531 632 532
f 531 631 632
f 532 633 533
f 532 632 633
f 533 634 534
f 533 633 634
f 534 635 535
f 534 634 635
f 535 636 536
f 535 635 636
f 536 637 537
f 536 636 637
f 537 638 538
f 537 637 638
f 538 639 539
f 538 638 639
f 539 640 540
f 539 639 640
f 540 641 541
f 540 640 641
f 541 642 542
f 541 641 642
f 542 643 543
f 542 642 643
f 543 644 544
f 543 643 644
f 544 645 545
f 544 644 645
f 545 646 546
f 545 645 646
f 546 647 547
f 546 646 647
f 547 648 548
f 547 647 648
f 548 649 549
f 548 648 649
f 549 650 550
f 549 649 650
f 550 651 551
f 550 650 651
f 551 652 552
f 551 651 652
f 552 653 553
f 552 652 653
f 553 654 554
f 553 653 654
f 554 655 555
f 554 654 655
f 555 656 556
f 555 655 656
f 556 657 557
f 556 656 657
f 557 658 558
f 557 657 658
f 558 659 559
f 558 658 659
f 559 660 560
f 559 659 660
f 560 661 561
f 560 660 661
f 561 662 562
f 561 661 662
f 562 663 563
f 562 662 663
f 563 664 564
f 563 663 664
f 564 665 565
f 564 664 665
f 565 666 566
f 565 665 666
f 566 667 567
f 566 666 667
f 567 668 568
f 567 667 668
f 568 669 569
f 568 668 669
f 569 670 570
f 569 669 670
f 570 671 571
f 570 670 671
f 571 672 572
f 571 671 672
f 572 673 573
f 572 672 673
f 573 674 574
f 573 673 674
f 574 675 575
f 574 674 675
f 575 676 576
f 575 675 676
f 576 677 577
f 576 676 677
f 577 678 578
f 577 677 678
f 578 679 579
f 578 678 679
f 579 680 580
f 579 679 680
f 580 681 581
f 580 680 681
f 581 682 582
f 581 681 682
f 582 683 583
f 582 682 683
f 583 684 584
f 583 683 684
f 584 685 585
f 584 684 685
f 585 686 586
f 585 685 686
f 586 687 587
f 586 686 687
f 587 688 588
f 587 687 688
f 588 689 589
f 588 688 689
f 589 690 590
f 589 689 690
f 590 691 591
f 590 690 691
f 591 692 592
f 591 691 692
f 592 693 593
f 592 692 693
f 593 694 594
f 593 693 694
f 594 695 595
f 594 694 695
f 595 696 596
f 595 695 696
f 596 697 597
f 596 696 697
f 597 698 598
f 597 697 698
f 598 699 599
f 598 698 699
f 599 700 600
f 599 699 700
f 600 601 501
f 600 700 601
f 601 702 602
f 601 701 702
f 602 703 603
f 602 702 703
f 603 704 604
f 603 703 704
f 604 705 605
f 604 704 705
f 605 706 606
f 605 705 706
f 606 707 607
f 606 706 707
f 607 708 608
f 607 707 708
f 608 709 609
f 608 708 709
f 609 710 610
f 609 709 710
f 610 711 611
f 610 710 711
f 611 712 612
f 611 711 712
f 612 713 613
f 612 712 713
f 613 714 614
f 613 713 714
f 614 715 615
f 614 714 715
f 615 716 616
f 615 715 716
f 616 717 617
f 616 716 717
f 617 718 618
f 617 717 718
f 618 719 619
f 618 718 719
f 619 720 620
f 619 719 720
f 620 721 621
f 620 720 721
f 621 722 622
f 621 721 722
f 622 723 623
f 622 722 723
f 623 724 624
f 623 723 724
f 624 725 625
f 624 724 725
f 625 726 626
f 625 725 726
f 626 727 627
f 626 726 727
f 627 728 628
f 627 727 728
f 628 729 629
f 628 728 729
f 629 730 630
f 629 729 730
f 630 731 631
f 630 730 731
f 631 732 632
f 631 731 732
f 632 733 633
f 632 732 733
f 633 734 634
f 633 733 734
f 634 735 635
f 634 734 735
f 635 736 636
f 635 735 736
f 636 737 637
f 636 736 737
f 637 738 638
f 637 737 738
f 638 739 639
f 638 738 739
f 639 740 640
f 639 739 740
f 640 741 641
f 640 740 741
f 641 742 642
f 641 741 742
f 642 743 643
f 642 742 743
f 643 744 644
f 643 743 744
f 644 745 645
f 644 744 745
f 645 746 646
f 645 745 746
f 646 747 647
f 646 746 747
f 647 748 648
f 647 747 748
f 648 749 649
f 648 748 749
f 649 750 650
f 649 749 750
f 650 751 651
f 650 750 751
f 651 752 652
f 651 751 752
f 652 753 653
f 652 752 753
f 653 754 654
f 653 753 754
f 654 755 655
f 654 754 755
f 655 756 656
f 655 755 756
f 656 757 657
f 656 756 757
f 657 758 658
f 657 757 758
f 658 759 659
f 658 758 759
f 659 760 660
f 659 759 760
f 660 761 661
f 660 760 761
f 661 762 662
f 661 761 762
f 662 763 663
f 662 762 763
f 663 764 664
f 663 763 764
f 664 765 665
f 664 764 765
f 665 766 666
f 665 765 766
f 666 767 667
f 666 766 767
f 667 768 668
f 667 767 768
f 668 769 669
f 668 768 769
f 669 770 670
f 669 769 770
f 670 771 671
f 670 770 771
f 671 772 672
f 671 771 772
f 672 773 673
f 672 772 773
f 673 774 674
f 673 773 774
f 674 775 675
f 674 774 775
f 675 776 676
f 675 775 776
f 676 777 677
f 676 776 777
f 677 778 678
f 677 777 778
f 678 779 679
f 678 778 779
f 679 780 680
f 679 779 780
f 680 781 681
f 680 780 781
f 681 782 682
f 681 781 782
f 682 783 683
f 682 782 783
f 683 784 684
f 683 783 784
f 684 785 685
f 684 784 785
f 685 786 686
f 685 785 786
f 686 787 687
f 686 786 787
f 687 788 688
f 687 787 788
f 688 789 689
f 688 788 789
f 689 790 690
f 689 789 790
f 690 791 691
f 690 790 791
f 691 792 692
f 691 791 792
f 692 793 693
f 692 792 793
f 693 794 694
f 693 793 794
f 694 795 695
f 694 794 795
f 695 796 696
f 695 795 796
f 696 797 697
f 696 796 797
f 697 798 698
f 697 797 798
f 698 799 699
f 698 798 799
f 699 800 700
f 699 799 800
f 700 701 601
f 700 800 701
f 701 802 702
f 701 801 802
f 702 803 703
f 702 802 803
f 703 804 704
f 703 803 804
f 704 805 705
f 704 804 805
f 705 806 706
f 705 805 806
f 706 807 707
f 706 806 807
f 707 808 708
f 707 807 808
f 708 809 709
f 708 808 809
f 709 810 710
f 709 809 810
f 710 811 711
f 710 810 811
f 711 812 712
f 711 811 812
f 712 813 713
f 712 812 813
f 713 814 714
f 713 813 814
f 714 815 715
f 714 814 815
f 715 816 716
f 715 815 816
f 716 817 717
f 716 816 817
f 717 818 718
f 717 817 818
f 718 819 719
f 718 818 819
f 719 820 720
f 719 819 820
f 720 821 721
f 720 820 821
f 721 822 722
f 721 821 822
f 722 823 723
f 722 822 823
f 723 824 724
f 723 823 824
f 724 825 725
f 724 824 825
f 725 826 726
f 725 825 826
f 726 827 727
f 726 826 827
f 727 828 728
f 727 827 828
f 728 829 729
f 728 828 829
f 729 830 730
f 729 829 830
f 730 831 731
f 730 830 831
f 731 832 732
f 731 831 832
f 732 833 733
f 732 832 833
f 733 834 734
f 733 833 834
f 734 835 735
f 734 834 835
f 735 836 736
f 735 835 836
f 736 837 737
f 736 836 837
f 737 838 738
f 737 837 838
f 738 839 739
f 738 838 839
f 739 840 740
f 739 839 840
f 740 841 741
f 740 840 841
f 741 842 742
f 741 841 842
f 742 843 743
f 742 842 843
f 743 844 744
f 743 843 844
f 744 845 745
f 744 844 845
f 745 846 746
f 745 845 846
f 746 847 747
f 746 846 847
f 747 848 748
f 747 847 848
f 748 849 749
f 748 848 849
f 749 850 750
f 749 849 850
f 750 851 751
f 750 850 851
f 751 852 752
f 751 851 852
f 752 853 753
f 752 852 853
f 753 854 754
f 753 853 854
f 754 855 755
f 754 854 855
f 755 856 756
f 755 855 856
f 756 857 757
f 756 856 857
f 757 858 758
f 757 857 858
f 758 859 759
f 758 858 859
f 759 860 760
f 759 859 860
f 760 861 761
f 760 860 861
f 761 862 762
f 761 861 862
f 762 863 763
f 762 862 863
f 763 864 764
f 763 863 864
f 764 865 765
f 764 864 865
f 765 866 766
f 765 865 866
f 766 867 767
f 766 866 867
f 767 868 768
f 767 867 868
f 768 869 769
f 768 868 869
f 769 870 770
f 769 869 870
f 770 871 771
f 770 870 871
f 771 872 772
f 771 871 872
f 772 873 773
f 772 872 873
f 773 874 774
f 773 873 874
f 774 875 775
f 774 874 875
f 775 876 776
f 775 875 876
f 776 877 777
f 776 876 877
f 777 878 778
f 777 877 878
f 778 879 779
f 778 878 879
f 779 880 780
f 779 879 880
f 780 881 781
f 780 880 881
f 781 882 782
f 781 881 882
f 782 883 783
f 782 882 883
f 783 884 784
f 783 883 884
f 784 885 785
f 784 884 885
f 785 886 786
f 785 885 886
f 786 887 787
f 786 886 887
f 787 888 788
f 787 887 888
f 788 889 789
f 788 888 889
f 789 890 790
f 789 889 890
f 790 891 791
f 790 890 891
f 791 892 792
f 791 891 892
f 792 893 793
f 792 892 893
f 793 894 794
f 793 893 894
f 794 895 795
f 794 894 895
f 795 896 796
f 795 895 896
f 796 897 797
f 796 896 897
f 797 898 798
f 797 897 898
f 798 899 799
f 798 898 899
f 799 900 800
f 799 899 900
f 800 801 701
f 800 900 801
f 801 902 802
f 801 901 902
f 802 903 803
f 802 902 903
f 803 904 804
f 803 903 904
f 804 905 805
f 804 904 905
f 805 906 806
f 805 905 906
f 806 907 807
f 806 906 907
f 807 908 808
f 807 907 908
f 808 909 809
f 808 908 909
f 809 910 810
f 809 909 910
f 810 911 811
f 810 910 911
f 811 912 812
f 811 911 912
f 812 913 813
f 812 912 913
f 813 914 814
f 813 913 914
f 814 915 815
f 814 914 915
f 815 916 816
f 815 915 916
f 816 917 817
f 816 916 917
f 817 918 818
f 817 917 918
f 818 919 819
f 818 918 919
f 819 920 820
f 819 919 920
f 820 921 821
f 820 920 921
f 821 922 822
f 821 921 922
f 822 923 823
f 822 922 923
f 823 924 824
f 823 923 924
f 824 925 825
f 824 924 925
f 825 926 826
f 825 925 926
f 826 927 827
f 826 926 927
f 827 928 828
f 827 927 928
f 828 929 829
f 828 928 929
f 829 930 830
f 829 929 930
f 830 931 831
f 830 930 931
f 831 932 832
f 831 931 932
f 832 933 833
f 832 932 933
f 833 934 834
f 833 933 934
f 834 935 835
f 834 934 935
f 835 936 836
f 835 935 936
f 836 937 837
f 836 936 937
f 837 938 838
f 837 937 938
f 838 939 839
f 838 938 939
f 839 940 840
f 839 939 940
f 840 941 841
f 840 940 941
f 841 942 842
f 841 941 942
f 842 943 843
f 842 942 943
f 843 944 844
f 843 943 944
f 844 945 845
f 844 944 945
f 845 946 846
f 845 945 946
f 846 947 847
f 846 946 947
f 847 948 848
f 847 947 948
f 848 949 849
f 848 948 949
f 849 950 850
f 849 949 950
f 850 951 851
f 850 950 951
f 851 952 852
f 851 951 952
f 852 953 853
f 852 952 953
f 853 954 854
f 853 953 954
f 854 955 855
f 854 954 955
f 855 956 856
f 855 955 956
f 856 957 857
f 856 956 957
f 857 958 858
f 857 957 958
f 858 959 859
f 858 958 959
f 859 960 860
f 859 959 960
f 860 961 861
f 860 960 961
f 861 962 862
f 861 961 962
f 862 963 863
f 862 962 963
f 863 964 864
f 863 963 964
f 864 965 865
f 864 964 965
f 865 966 866
f 865 965 966
f 866 967 867
f 866 966 967
f 867 968 868
f 867 967 968
f 868 969 869
f 868 968 969
f 869 970 870
f 869 969 970
f 870 971 871
f 870 970 971
f 871 972 872
f 871 971 972
f 872 973 873
f 872 972 973
f 873 974 874
f 873 973 974
f 874 975 875
f 874 974 975
f 875 976 876
f 875 975 976
f 876 977 877
f 876 976 977
f 877 978 878
f 877 977 978
f 878 979 879
f 878 978 979
f 879 980 880
f 879 979 980
f 880 981 881
f 880 980 981
f 881 982 882
f 881 981 982
f 882 983 883
f 882 982 983
f 883 984 884
f 883 983 984
f 884 985 885
f 884 984 985
f 885 986 886
f 885 985 986
f 886 987 887
f 886 986 987
f 887 988 888
f 887 987 988
f 888 989 889
f 888 988 989
f 889 990 890
f 889 989 990
f 890 991 891
f 890 990 991
f 891 992 892
f 891 991 992
f 892 993 893
f 892 992 993
f 893 994 894
f 893 993 994
f 894 995 895
f 894 994 995
f 895 996 896
f 895 995 996
f 896 997 897
f 896 996 997
f 897 998 898
f 897 997 998
f 898 999 899
f 898 998 999
f 899 1000 900
f 899 999 1000
f 900 901 801
f 900 1000 901
f 901 1002 902
f 901 1001 1002
f 902 1003 903
f 902 1002 1003
f 903 1004 904
f 903 1003 1004
f 904 1005 905
f 904 1004 1005
f 905 1006 906
f 905 1005 1006
f 906 1007 907
f 906 1006 1007
f 907 1008 908
f 907 1007 1008
f 908 1009 909
f 908 1008 1009
f 909 1010 910
f 909 1009 1010
f 910 1011 911
f 910 1010 1011
f 911 1012 912
f 911 1011 1012
f 912 1013 913
f 912 1012 1013
f 913 1014 914
f 913 1013 1014
f 914 1015 915
f 914 1014 1015
f 915 1016 916
f 915 1015 1016
f 916 1017 917
f 916 1016 1017
f 917 1018 918
f 917 1017 1018
f 918 1019 919
f 918 1018 1019
f 919 1020 920
f 919 1019 1020
f 920 1021 921
f 920 1020 1021
f 921 1022 922
f 921 1021 1022
f 922 1023 923
f 922 1022 1023
f 923 1024 924
f 923 1023 1024
f 924 1025 925
f 924 1024 1025
f 925 1026 926
f 925 1025 1026
f 926 1027 927
f 926 1026 1027
f 927 1028 928
f 927 1027 1028
f 928 1029 929
f 928 1028 1029
f 929 1030 930
f 929 1029 1030
f 930 1031 931
f 930 1030 1031
f 931 1032 932
f 931 1031 1032
f 932 1033 933
f 932 1032 1033
f 933 1034 934
f 933 1033 1034
f 934 1035 935
f 934 1034 1035
f 935 1036 936
f 935 1035 1036
f 936 1037 937
f 936 1036 1037
f 937 1038 938
f 937 1037 1038
f 938 1039 939
f 938 1038 1039
f 939 1040 940
f 939 1039 1040
f 940 1041 941
f 940 1040 1041
f 941 1042 942
f 941 1041 1042
f 942 1043 943
f 942 1042 1043
f 943 1044 944
f 943 1043 1044
f 944 1045 945
f 944 1044 1045
f 945 1046 946
f 945 1045 1046
f 946 1047 947
f 946 1046 1047
f 947 1048 948
f 947 1047 1048
f 948 1049 949
f 948 1048 1049
f 949 1050 950
f 949 1049 1050
f 950 1051 951
f 950 1050 1051
f 951 1052 952
f 951 1051 1052
f 952 1053 953
f 952 1052 1053
f 953 1054 954
f 953 1053 1054
f 954 1055 955
f 954 1054 1055
f 955 1056 956
f 955 1055 1056
f 956 1057 957
f 956 1056 1057
f 957 1058 958
f 957 1057 1058
f 958 1059 959
f 958 1058 1059
f 959 1060 960
f 959 1059 1060
f 960 1061 961
f 960 1060 1061
f 961 1062 962
f 961 1061 1062
f 962 1063 963
f 962 1062 1063
f 963 1064 964
f 963 1063 1064
f 964 1065 965
f 964 1064 1065
f 965 1066 966
f 965 1065 1066
f 966 1067 967
f 966 1066 1067
f 967 1068 968
f 967 1067 1068
f 968 1069 969
f 968 1068 1069
f 969 1070 970
f 969 1069 1070
f 970 1071 971
f 970 1070 1071
f 971 1072 972
f 971 1071 1072
f 972 1073 973
f 972 1072 1073
f 973 1074 974
f 973 1073 1074
f 974 1075 975
f 974 1074 1075
f 975 1076 976
f 975 1075 1076
f 976 1077 977
f 976 1076 1077
f 977 1078 978
f 977 1077 1078
f 978 1079 979
f 978 1078 1079
f 979 1080 980
f 979 1079 1080
f 980 1081 981
f 980 1080 1081
f 981 1082 982
f 981 1081 1082
f 982 1083 983
f 982 1082 1083
f 983 1084 984
f 983 1083 1084
f 984 1085 985
f 984 1084 1085
f 985 1086 986
f 985 1085 1086
f 986 1087 987
f 986 1086 1087
f 987 1088 988
f 987 1087 1088
f 988 1089 989
f 988 1088 1089
f 989 1090 990
f 989 1089 1090
f 990 1091 991
f 990 1090 1091
f 991 1092 992
f 991 1091 1092
f 992 1093 993
f 992 1092 1093
f 993 1094 994
f 993 1093 1094
f 994 1095 995
f 994 1094 1095
f 995 1096 996
f 995 1095 1096
f 996 1097 997
f 996 1096 1097
f 997 1098 998
f 997 1097 1098
f 998 1099 999
f 998 1098 1099
f 999 1100 1000
f 999 1099 1100
f 1000 1001 901
f 1000 1100 1001
f 1001 1102 1002
f 1001 1101 1102
f 1002 1103 1003
f 1002 1102 1103
f 1003 1104 1004
f 1003 1103 1104
f 1004 1105 1005
f 1004 1104 1105
f 1005 1106 1006
f 1005 1105 1106
f 1006 1107 1007
f 1006 1106 1107
f 1007 1108 1008
f 1007 1107 1108
f 1008 1109 1009
f 1008 1108 1109
f 1009 1110 1010
f 1009 1109 1110
f 1010 1111 1011
f 1010 1110 1111
f 1011 1112 1012
f 1011 1111 1112
f 1012 1113 1013
f 1012 1112 1113
f 1013 1114 1014
f 1013 1113 1114
f 1014 1115 1015
f 1014 1114 1115
f 1015 1116 1016
f 1015 1115 1116
f 1016 1117 1017
f 1016 1116 1117
f 1017 1118 1018
f 1017 1117 1118
f 1018 1119 1019
f 1018 1118 1119
f 1019 1120 1020
f 1019 1119 1120
f 1020 1121 1021
f 1020 1120 1121
f 1021 1122 1022
f 1021 1121 1122
f 1022 1123 1023
f 1022 1122 1123
f 1023 1124 1024
f 1023 1123 1124
f 1024 1125 1025
f 1024 1124 1125
f 1025 1126 1026
f 1025 1125 1126
f 1026 1127 1027
f 1026 1126 1127
f 1027 1128 1028
f 1027 1127 1128
f 1028 1129 1029
f 1028 1128 1129
f 1029 1130 1030
f 1029 1129 1130
f 1030 1131 1031
f 1030 1130 1131
f 1031 1132 1032
f 1031 1131 1132
f 1032 1133 1033
f 1032 1132 1133
f 1033 1134 1034
f 1033 1133 1134
f 1034 1135 1035
f 1034 1134 1135
f 1035 1136 1036
f 1035 1135 1136
f 1036 1137 1037
f 1036 1136 1137
f 1037 1138 1038
f 1037 1137 1138
f 1038 1139 1039
f 1038 1138 1139
f 1039 1140 1040
f 1039 1139 1140
f 1040 1141 1041
f 1040 1140 1141
f 1041 1142 1042
f 1041 1141 1142
f 1042 1143 1043
f 1042 1142 1143
f 1043 1144 1044
f 1043 1143 1144
f 1044 1145 1045
f 1044 1144 1145
f 1045 1146 1046
f 1045 1145 1146
f 1046 1147 1047
f 1046 1146 1147
f 1047 1148 1048
f 1047 1147 1148
f 1048 1149 1049
f 1048 1148 1149
f 1049 1150 1050
f 1049 1149 1150
f 1050 1151 1051
f 1050 1150 1151
f 1051 1152 1052
f 1051 1151 1152
f 1052 1153 1053
f 1052 1152 1153
f 1053 1154 1054
f 1053 1153 1154
f 1054 1155 1055
f 1054 1154 1155
f 1055 1156 1056
f 1055 1155 1156
f 1056 1157 1057
f 1056 1156 1157
f 1057 1158 1058
f 1057 1157 1158
f 1058 1159 1059
f 1058 1158 1159
f 1059 1160 1060
f 1059 1159 1160
f 1060 1161 1061
f 1060 1160 1161
f 1061 1162 1062
f 1061 1161 1162
f 1062 1163 1063
f 1062 1162 1163
f 1063 1164 1064
f 1063 1163 1164
f 1064 1165 1065
f 1064 1164 1165
f 1065 1166 1066
f 1065 1165 1166
f 1066 1167 1067
f 1066 1166 1167
f 1067 1168 1068
f 1067 1167 1168
f 1068 1169 1069
f 1068 1168 1169
f 1069 1170 1070
f 1069 1169 1170
f 1070 1171 1071
f 1070 1170 1171
f 1071 1172 1072
f 1071 1171 1172
f 1072 1173 1073
f 1072 1172 1173
f 1073 1174 1074
f 1073 1173 1174
f 1074 1175 1075
f 1074 1174 1175
f 1075 1176 1076
f 1075 1175 1176
f 1076 1177 1077
f 1076 1176 1177
f 1077 1178 1078
f 1077 1177 1178
f 1078 1179 1079
f 1078 1178 1179
f 1079 1180 1080
f 1079 1179 1180
f 1080 1181 1081
f 1080 1180 1181
f 1081 1182 1082
f 1081 1181 1182
f 1082 1183 1083
f 1082 1182 1183
f 1083 1184 1084
f 1083 1183 1184
f 1084 1185 1085
f 1084 1184 1185
f 1085 1186 1086
f 1085 1185 1186
f 1086 1187 1087
f 1086 1186 1187
f 1087 1188 1088
f 1087 1187 1188
f 1088 1189 1089
f 1088 1188 1189
f 1089 1190 1090
f 1089 1189 1190
f 1090 1191 1091
f 1090 1190 1191
f 1091 1192 1092
f 1091 1191 1192
f 1092 1193 1093
f 1092 1192 1193
f 1093 1194 1094
f 1093 1193 1194
f 1094 1195 1095
f 1094 1194 1195
f 1095 1196 1096
f 1095 1195 1196
f 1096 1197 1097
f 1096 1196 1197
f 1097 1198 1098
f 1097 1197 1198
f 1098 1199 1099
f 1098 1198 1199
f 1099 1200 1100
f 1099 1199 1200
f 1100 1101 1001
f 1100 1200 1101
f 1101 1202 1102
f 1101 1201 1202
f 1102 1203 1103
f 1102 1202 1203
f 1103 1204 1104
f 1103 1203 1204
f 1104 1205 1105
f 1104 1204 1205
f 1105 1206 1106
f 1105 1205 1206
f 1106 1207 1107
f 1106 1206 1207
f 1107 1208 1108
f 1107 1207 1208
f 1108 1209 1109
f 1108 1208 1209
f 1109 1210 1110
f 1109 1209 1210
f 1110 1211 1111
f 1110 1210 1211
f 1111 1212 1112
f 1111 1211 1212
f 1112 1213 1113
f 1112 1212 1213
f 1113 1214 1114
f 1113 1213 1214
f 1114 1215 1115
f 1114 1214 1215
f 1115 1216 1116
f 1115 1215 1216
f 1116 1217 1117
f 1116 1216 1217
f 1117 1218 1118
f 1117 1217 1218
f 1118 1219 1119
f 1118 1218 1219
f 1119 1220 1120
f 1119 1219 1220
f 1120 1221 1121
f 1120 1220 1221
f 1121 1222 1122
f 1121 1221 1222
f 1122 1223 1123
f 1122 1222 1223
f 1123 1224 1124
f 1123 1223 1224
f 1124 1225 1125
f 1124 1224 1225
f 1125 1226 1126
f 1125 1225 1226
f 1126 1227 1127
f 1126 1226 1227
f 1127 1228 1128
f 1127 1227 1228
f 1128 1229 1129
f 1128 1228 1229
f 1129 1230 1130
f 1129 1229 1230
f 1130 1231 1131
f 1130 1230 1231
f 1131 1232 1132
f 1131 1231 1232
f 1132 1233 1133
f 1132 1232 1233
f 1133 1234 1134
f 1133 1233 1234
f 1134 1235 1135
f 1134 1234 1235
f 1135 1236 1136
f 1135 1235 1236
f 1136 1237 1137
f 1136 1236 1237
f 1137 1238 1138
f 1137 1237 1238
f 1138 1239 1139
f 1138 1238 1239
f 1139 1240 1140
f 1139 1239 1240
f 1140 1241 1141
f 1140 1240 1241
f 1141 1242 1142
f 1141 1241 1242
f 1142 1243 1143
f 1142 1242 1243
f 1143 1244 1144
f 1143 1243 1244
f 1144 1245 1145
f 1144 1244 1245
f 1145 1246 1146
f 1145 1245 1246
f 1146 1247 1147
f 1146 1246 1247
f 1147 1248 1148
f 1147 1247 1248
f 1148 1249 1149
f 1148 1248 1249
f 1149 1250 1150
f 1149 1249 1250
f 1150 1251 1151
f 1150 1250 1251
f 1151 1252 1152
f 1151 1251 1252
f 1152 1253 1153
f 1152 1252 1253
f 1153 1254 1154
f 1153 1253 1254
f 1154 1255 1155
f 1154 1254 1255
f 1155 1256 1156
f 1155 1255 1256
f 1156 1257 1157
f 1156 1256 1257
f 1157 1258 1158
f 1157 1257 1258
f 1158 1259 1159
f 1158 1258 1259
f 1159 1260 1160
f 1159 1259 1260
f 1160 1261 1161
f 1160 1260 1261
f 1161 1262 1162
f 1161 1261 1262
f 1162 1263 1163
f 1162 1262 1263
f 1163 1264 1164
f 1163 1263 1264
f 1164 1265 1165
f 1164 1264 1265
f 1165 1266 1166
f 1165 1265 1266
f 1166 1267 1167
f 1166 1266 1267
f 1167 1268 1168
f 1167 1267 1268
f 1168 1269 1169
f 1168 1268 1269
f 1169 1270 1170
f 1169 1269 1270
f 1170 1271 1171
f 1170 1270 1271
f 1171 1272 1172
f 1171 1271 1272
f 1172 1273 1173
f 1172 1272 1273
f 1173 1274 1174
f 1173 1273 1274
f 1174 1275 1175
f 1174 1274 1275
f 1175 1276 1176
f 1175 1275 1276
f 1176 1277 1177
f 1176 1276 1277
f 1177 1278 1178
f 1177 1277 1278
f 1178 1279 1179
f 1178 1278 1279
f 1179 1280 1180
f 1179 1279 1280
f 1180 1281 1181
f 1180 1280 1281
f 1181 1282 1182
f 1181 1281 1282
f 1182 1283 1183
f 1182 1282 1283
f 1183 1284 1184
f 1183 1283 1284
f 1184 1285 1185
f 1184 1284 1285
f 1185 1286 1186
f 1185 1285 1286
f 1186 1287 1187
f 1186 1286 1287
f 1187 1288 1188
f 1187 1287 1288
f 1188 1289 1189
f 1188 1288 1289
f 1189 1290 1190
f 1189 1289 1290
f 1190 1291 1191
f 1190 1290 1291
f 1191 1292 1192
f 1191 1291 1292
f 1192 1293 1193
f 1192 1292 1293
f 1193 1294 1194
f 1193 1293 1294
f 1194 1295 1195
f 1194 1294 1295
f 1195 1296 1196
f 1195 1295 1296
f 1196 1297 1197
f 1196 1296 1297
f 1197 1298 1198
f 1197 1297 1298
f 1198 1299 1199
f 1198 1298 1299
f 1199 1300 1200
f 1199 1299 1300
f 1200 1201 1101
f 1200 1300 1201
f 1201 1302 1202
f 1201 1301 1302
f 1202 1303 1203
f 1202 1302 1303
f 1203 1304 1204
f 1203 1303 1304
f 1204 1305 1205
f 1204 1304 1305
f 1205 1306 1206
f 1205 1305 1306
f 1206 1307 1207
f 1206 1306 1307
f 1207 1308 1208
f 1207 1307 1308
f 1208 1309 1209
f 1208 1308 1309
f 1209 1310 1210
f 1209 1309 1310
f 1210 1311 1211
f 1210 1310 1311
f 1211 1312 1212
f 1211 1311 1312
f 1212 1313 1213
f 1212 1312 1313
f 1213 1314 1214
f 1213 1313 1314
f 1214 1315 1215
f 1214 1314 1315
f 1215 1316 1216
f 1215 1315 1316
f 1216 1317 1217
f 1216 1316 1317
f 1217 1318 1218
f 1217 1317 1318
f 1218 1319 1219
f 1218 1318 1319
f 1219 1320 1220
f 1219 1319 1320
f 1220 1321 1221
f 1220 1320 1321
f 1221 1322 1222
f 1221 1321 1322
f 1222 1323 1223
f 1222 1322 1323
f 1223 1324 1224
f 1223 1323 1324
f 1224 1325 1225
f 1224 1324 1325
f 1225 1326 1226
f 1225 1325 1326
f 1226 1327 1227
f 1226 1326 1327
f 1227 1328 1228
f 1227 1327 1328
f 1228 1329 1229
f 1228 1328 1329
f 1229 1330 1230
f 1229 1329 1330
f 1230 1331 1231
f 1230 1330 1331
f 1231 1332 1232
f 1231 1331 1332
f 1232 1333 1233
f 1232 1332 1333
f 1233 1334 1234
f 1233 1333 1334
f 1234 1335 1235
f 1234 1334 1335
f 1235 1336 1236
f 1235 1335 1336
f 1236 1337 1237
f 1236 1336 1337
f 1237 1338 1238
f 1237 1337 1338
f 1238 1339 1239
f 1238 1338 1339
f 1239 1340 1240
f 1239 1339 1340
f 1240 1341 1241
f 1240 1340 1341
f 1241 1342 1242
f 1241 1341 1342
f 1242 1343 1243
f 1242 1342 1343
f 1243 1344 1244
f 1243 1343 1344
f 1244 1345 1245
f 1244 1344 1345
f 1245 1346 1246
f 1245 1345 1346
f 1246 1347 1247
f 1246 1346 1347
f 1247 1348 1248
f 1247 1347 1348
f 1248 1349 1249
f 1248 1348 1349
f 1249 1350 1250
f 1249 1349 1350
f 1250 1351 1251
f 1250 1350 1351
f 1251 1352 1252
f 1251 1351 1352
f 1252 1353 1253
f 1252 1352 1353
f 1253 1354 1254
f 1253 1353 1354
f 1254 1355 1255
f 1254 1354 1355
f 1255 1356 1256
f 1255 1355 1356
f 1256 1357 1257
f 1256 1356 1357
f 1257 1358 1258
f 1257 1357 1358
f 1258 1359 1259
f 1258 1358 1359
f 1259 1360 1260
f 1259 1359 1360
f 1260 1361 1261
f 1260 1360 1361
f 1261 1362 1262
f 1261 1361 1362
f 1262 1363 1263
f 1262 1362 1363
f 1263 1364 1264
f 1263 1363 1364
f 1264 1365 1265
f 1264 1364 1365
f 1265 1366 1266
f 1265 1365 1366
f 1266 1367 1267
f 1266 1366 1367
f 1267 1368 1268
f 1267 1367 1368
f 1268 1369 1269
f 1268 1368 1369
f 1269 1370 1270
f 1269 1369 1370
f 1270 1371 1271
f 1270 1370 1371
f 1271 1372 1272
f 1271 1371 1372
f 1272 1373 1273
f 1272 1372 1373
f 1273 1374 1274
f 1273 1373 1374
f 1274 1375 1275
f 1274 1374 1375
f 1275 1376 1276
f 1275 1375 1376
f 1276 1377 1277
f 1276 1376 1377
f 1277 1378 1278
f 1277 1377 1378
f 1278 1379 1279
f 1278 1378 1379
f 1279 1380 1280
f 1279 1379 1380
f 1280 1381 1281
f 1280 1380 1381
f 1281 1382 1282
f 1281 1381 1382
f 1282 1383 1283
f 1282 1382 1383
f 1283 1384 1284
f 1283 1383 1384
f 1284 1385 1285
f 1284 1384 1385
f 1285 1386 1286
f 1285 1385 1386
f 1286 1387 1287
f 1286 1386 1387
f 1287 1388 1288
f 1287 1387 1388
f 1288 1389 1289
f 1288 1388 1389
f 1289 1390 1290
f 1289 1389 1390
f 1290 1391 1291
f 1290 1390 1391
f 1291 1392 1292
f 1291 1391 1392
f 1292 1393 1293
f 1292 1392 1393
f 1293 1394 1294
f 1293 1393 1394
f 1294 1395 1295
f 1294 1394 1395
f 1295 1396 1296
f 1295 1395 1396
f 1296 1397 1297
f 1296 1396 1397
f 1297 1398 1298
f 1297 1397 1398
f 1298 1399 1299
f 1298 1398 1399
f 1299 1400 1300
f 1299 1399 1400
f 1300 1301 1201
f 1300 1400 1301
f 1301 1402 1302
f 1301 1401 1402
f 1302 1403 1303
f 1302 1402 1403
f 1303 1404 1304
f 1303 1403 1404
f 1304 1405 1305
f 1304 1404 1405
f 1305 1406 1306
f 1305 1405 1406
f 1306 1407 1307
f 1306 1406 1407
f 1307 1408 1308
f 1307 1407 1408
f 1308 1409 1309
f 1308 1408 1409
f 1309 1410 1310
f 1309 1409 1410
f 1310 1411 1311
f 1310 1410 1411
f 1311 1412 1312
f 1311 1411 1412
f 1312 1413 1313
f 1312 1412 1413
f 1313 1414 1314
f 1313 1413 1414
f 1314 1415 1315
f 1314 1414 1415
f 1315 1416 1316
f 1315 1415 1416
f 1316 1417 1317
f 1316 1416 1417
f 1317 1418 1318
f 1317 1417 1418
f 1318 1419 1319
f 1318 1418 1419
f 1319 1420 1320
f 1319 1419 1420
f 1320 1421 1321
f 1320 1420 1421
f 1321 1422 1322
f 1321 1421 1422
f 1322 1423 1323
f 1322 1422 1423
f 1323 1424 1324
f 1323 1423 1424
f 1324 1425 1325
f 1324 1424 1425
f 1325 1426 1326
f 1325 1425 1426
f 1326 1427 1327
f 1326 1426 1427
f 1327 1428 1328
f 1327 1427 1428
f 1328 1429 1329
f 1328 1428 1429
f 1329 1430 1330
f 1329 1429 1430
f 1330 1431 1331
f 1330 1430 1431
f 1331 1432 1332
f 1331 1431 1432
f 1332 1433 1333
f 1332 1432 1433
f 1333 1434 1334
f 1333 1433 1434
f 1334 1435 1335
f 1334 1434 1435
f 1335 1436 1336
f 1335 1435 1436
f 1336 1437 1337
f 1336 1436 1437
f 1337 1438 1338
f 1337 1437 1438
f 1338 1439 1339
f 1338 1438 1439
f 1339 1440 1340
f 1339 1439 1440
f 1340 1441 1341
f 1340 1440 1441
f 1341 1442 1342
f 1341 1441 1442
f 1342 1443 1343
f 1342 1442 1443
f 1343 1444 1344
f 1343 1443 1444
f 1344 1445 1345
f 1344 1444 1445
f 1345 1446 1346
f 1345 1445 1446
f 1346 1447 1347
f 1346 1446 1447
f 1347 1448 1348
f 1347 1447 1448
f 1348 1449 1349
f 1348 1448 1449
f 1349 1450 1350
f 1349 1449 1450
f 1350 1451 1351
f 1350 1450 1451
f 1351 1452 1352
f 1351 1451 1452
f 1352 1453 1353
f 1352 1452 1453
f 1353 1454 1354
f 1353 1453 1454
f 1354 1455 1355
f 1354 1454 1455
f 1355 1456 1356
f 1355 1455 1456
f 1356 1457 1357
f 1356 1456 1457
f 1357 1458 1358
f 1357 1457 1458
f 1358 1459 1359
f 1358 1458 1459
f 1359 1460 1360
f 1359 1459 1460
f 1360 1461 1361
f 1360 1460 1461
f 1361 1462 1362
f 1361 1461 1462
f 1362 1463 1363
f 1362 1462 1463
f 1363 1464 1364
f 1363 1463 1464
f 1364 1465 1365
f 1364 1464 1465
f 1365 1466 1366
f 1365 1465 1466
f 1366 1467 1367
f 1366 1466 1467
f 1367 1468 1368
f 1367 1467 1468
f 1368 1469 1369
f 1368 1468 1469
f 1369 1470 1370
f 1369 1469 1470
f 1370 1471 1371
f 1370 1470 1471
f 1371 1472 1372
f 1371 1471 1472
f 1372 1473 1373
f 1372 1472 1473
f 1373 1474 1374
f 1373 1473 1474
f 1374 1475 1375
f 1374 1474 1475
f 1375 1476 1376
f 1375 1475 1476
f 1376 1477 1377
f 1376 1476 1477
f 1377 1478 1378
f 1377 1477 1478
f 1378 1479 1379
f 1378 1478 1479
f 1379 1480 1380
f 1379 1479 1480
f 1380 1481 1381
f 1380 1480 1481
f 1381 1482 1382
f 1381 1481 1482
f 1382 1483 1383
f 1382 1482 1483
f 1383 1484 1384
f 1383 1483 1484
f 1384 1485 1385
f 1384 1484 1485
f 1385 1486 1386
f 1385 1485 1486
f 1386 1487 1387
f 1386 1486 1487
f 1387 1488 1388
f 1387 1487 1488
f 1388 1489 1389
f 1388 1488 1489
f 1389 1490 1390
f 1389 1489 1490
f 1390 1491 1391
f 1390 1490 1491
f 1391 1492 1392
f 1391 1491 1492
f 1392 1493 1393
f 1392 1492 1493
f 1393 1494 1394
f 1393 1493 1494
f 1394 1495 1395
f 1394 1494 1495
f 1395 1496 1396
f 1395 1495 1496
f 1396 1497 1397
f 1396 1496 1497
f 1397 1498 1398
f 1397 1497 1498
f 1398 1499 1399
f 1398 1498 1499
f 1399 1500 1400
f 1399 1499 1500
f 1400 1401 1301
f 1400 1500 1401
f 1401 1502 1402
f 1401 1501 1502
f 1402 1503 1403
f 1402 1502 1503
f 1403 1504 1404
f 1403 1503 1504
f 1404 1505 1405
f 1404 1504 1505
f 1405 1506 1406
f 1405 1505 1506
f 1406 1507 1407
f 1406 1506 1507
f 1407 1508 1408
f 1407 1507 1508
f 1408 1509 1409
f 1408 1508 1509
f 1409 1510 1410
f 1409 1509 1510
f 1410 1511 1411
f 1410 1510 1511
f 1411 1512 1412
f 1411 1511 1512
f 1412 1513 1413
f 1412 1512 1513
f 1413 1514 1414
f 1413 1513 1514
f 1414 1515 1415
f 1414 1514 1515
f 1415 1516 1416
f 1415 1515 1516
f 1416 1517 1417
f 1416 1516 1517
f 1417 1518 1418
f 1417 1517 1518
f 1418 1519 1419
f 1418 1518 1519
f 1419 1520 1420
f 1419 1519 1520
f 1420 1521 1421
f 1420 1520 1521
f 1421 1522 1422
f 1421 1521 1522
f 1422 1523 1423
f 1422 1522 1523
f 1423 1524 1424
f 1423 1523 1524
f 1424 1525 1425
f 1424 1524 1525
f 1425 1526 1426
f 1425 1525 1526
f 1426 1527 1427
f 1426 1526 1527
f 1427 1528 1428
f 1427 1527 1528
f 1428 1529 1429
f 1428 1528 1529
f 1429 1530 1430
f 1429 1529 1530
f 1430 1531 1431
f 1430 1530 1531
f 1431 1532 1432
f 1431 1531 1532
f 1432 1533 1433
f 1432 1532 1533
f 1433 1534 1434
f 1433 1533 1534
f 1434 1535 1435
f 1434 1534 1535
f 1435 1536 1436
f 1435 1535 1536
f 1436 1537 1437
f 1436 1536 1537
f 1437 1538 1438
f 1437 1537 1538
f 1438 1539 1439
f 1438 1538 1539
f 1439 1540 1440
f 1439 1539 1540
f 1440 1541 1441
f 1440 1540 1541
f 1441 1542 1442
f 1441 1541 1542
f 1442 1543 1443
f 1442 1542 1543
f 1443 1544 1444
f 1443 1543 1544
f 1444 1545 1445
f 1444 1544 1545
f 1445 1546 1446
f 1445 1545 1546
f 1446 1547 1447
f 1446 1546 1547
f 1447 1548 1448
f 1447 1547 1548
f 1448 1549 1449
f 1448 1548 1549
f 1449 1550 1450
f 1449 1549 1550
f 1450 1551 1451
f 1450 1550 1551
f 1451 1552 1452
f 1451 1551 1552
f 1452 1553 1453
f 1452 1552 1553
f 1453 1554 1454
f 1453 1553 1554
f 1454 1555 1455
f 1454 1554 1555
f 1455 1556 1456
f 1455 1555 1556
f 1456 1557 1457
f 1456 1556 1557
f 1457 1558 1458
f 1457 1557 1558
f 1458 1559 1459
f 1458 1558 1559
f 1459 1560 1460
f 1459 1559 1560
f 1460 1561 1461
f 1460 1560 1561
f 1461 1562 1462
f 1461 1561 1562
f 1462 1563 1463
f 1462 1562 1563
f 1463 1564 1464
f 1463 1563 1564
f 1464 1565 1465
f 1464 1564 1565
f 1465 1566 1466
f 1465 1565 1566
f 1466 1567 1467
f 1466 1566 1567
f 1467 1568 1468
f 1467 1567 1568
f 1468 1569 1469
f 1468 1568 1569
f 1469 1570 1470
f 1469 1569 1570
f 1470 1571 1471
f 1470 1570 1571
f 1471 1572 1472
f 1471 1571 1572
f 1472 1573 1473
f 1472 1572 1573
f 1473 1574 1474
f 1473 1573 1574
f 1474 1575 1475
f 1474 1574 1575
f 1475 1576 1476
f 1475 1575 1576
f 1476 1577 1477
f 1476 1576 1577
f 1477 1578 1478
f 1477 1577 1578
f 1478 1579 1479
f 1478 1578 1579
f 1479 1580 1480
f 1479 1579 1580
f 1480 1581 1481
f 1480 1580 1581
f 1481 1582 1482
f 1481 1581 1582
f 1482 1583 1483
f 1482 1582 1583
f 1483 1584 1484
f 1483 1583 1584
f 1484 1585 1485
f 1484 1584 1585
f 1485 1586 1486
f 1485 1585 1586
f 1486 1587 1487
f 1486 1586 1587
f 1487 1588 1488
f 1487 1587 1588
f 1488 1589 1489
f 1488 1588 1589
f 1489 1590 1490
f 1489 1589 1590
f 1490 1591 1491
f 1490 1590 1591
f 1491 1592 1492
f 1491 1591 1592
f 1492 1593 1493
f 1492 1592 1593
f 1493 1594 1494
f 1493 1593 1594
f 1494 1595 1495
f 1494 1594 1595
f 1495 1596 1496
f 1495 1595 1596
f 1496 1597 1497
f 1496 1596 1597
f 1497 1598 1498
f 1497 1597 1598
f 1498 1599 1499
f 1498 1598 1599
f 1499 1600 1500
f 1499 1599 1600
f 1500 1501 1401
f 1500 1600 1501
f 1501 1602 1502
f 1501 1601 1602
f 1502 1603 1503
f 1502 1602 1603
f 1503 1604 1504
f 1503 1603 1604
f 1504 1605 1505
f 1504 1604 1605
f 1505 1606 1506
f 1505 1605 1606
f 1506 1607 1507
f 1506 1606 1607
f 1507 1608 1508
f 1507 1607 1608
f 1508 1609 1509
f 1508 1608 1609
f 1509 1610 1510
f 1509 1609 1610
f 1510 1611 1511
f 1510 1610 1611
f 1511 1612 1512
f 1511 1611 1612
f 1512 1613 1513
f 1512 1612 1613
f 1513 1614 1514
f 1513 1613 1614
f 1514 1615 1515
f 1514 1614 1615
f 1515 1616 1516
f 1515 1615 1616
f 1516 1617 1517
f 1516 1616 1617
f 1517 1618 1518
f 1517 1617 1618
f 1518 1619 1519
f 1518 1618 1619
f 1519 1620 1520
f 1519 1619 1620
f 1520 1621 1521
f 1520 1620 1621
f 1521 1622 1522
f 1521 1621 1622
f 1522 1623 1523
f 1522 1622 1623
f 1523 1624 1524
f 1523 1623 1624
f 1524 1625 1525
f 1524 1624 1625
f 1525 1626 1526
f 1525 1625 1626
f 1526 1627 1527
f 1526 1626 1627
f 1527 1628 1528
f 1527 1627 1628
f 1528 1629 1529
f 1528 1628 1629
f 1529 1630 1530
f 1529 1629 1630
f 1530 1631 1531
f 1530 1630 1631
f 1531 1632 1532
f 1531 1631 1632
f 1532 1633 1533
f 1532 1632 1633
f 1533 1634 1534
f 1533 1633 1634
f 1534 1635 1535
f 1534 1634 1635
f 1535 1636 1536
f 1535 1635 1636
f 1536 1637 1537
f 1536 1636 1637
f 1537 1638 1538
f 1537 1637 1638
f 1538 1639 1539
f 1538 1638 1639
f 1539 1640 1540
f 1539 1639 1640
f 1540 1641 1541
f 1540 1640 1641
f 1541 1642 1542
f 1541 1641 1642
f 1542 1643 1543
f 1542 1642 1643
f 1543 1644 1544
f 1543 1643 1644
f 1544 1645 1545
f 1544 1644 1645
f 1545 1646 1546
f 1545 1645 1646
f 1546 1647 1547
f 1546 1646 1647
f 1547 1648 1548
f 1547 1647 1648
f 1548 1649 1549
f 1548 1648 1649
f 1549 1650 1550
f 1549 1649 1650
f 1550 1651 1551
f 1550 1650 1651
f 1551 1652 1552
f 1551 1651 1652
f 1552 1653 1553
f 1552 1652 1653
f 1553 1654 1554
f 1553 1653 1654
f 1554 1655 1555
f 1554 1654 1655
f 1555 1656 1556
f 1555 1655 1656
f 1556 1657 1557
f 1556 1656 1657
f 1557 1658 1558
f 1557 1657 1658
f 1558 1659 1559
f 1558 1658 1659
f 1559 1660 1560
f 1559 1659 1660
f 1560 1661 1561
f 1560 1660 1661
f 1561 1662 1562
f 1561 1661 1662
f 1562 1663 1563
f 1562 1662 1663
f 1563 1664 1564
f 1563 1663 1664
f 1564 1665 1565
f 1564 1664 1665
f 1565 1666 1566
f 1565 1665 1666
f 1566 1667 1567
f 1566 1666 1667
f 1567 1668 1568
f 1567 1667 1668
f 1568 1669 1569
f 1568 1668 1669
f 1569 1670 1570
f 1569 1669 1670
f 1570 1671 1571
f 1570 1670 1671
f 1571 1672 1572
f 1571 1671 1672
f 1572 1673 1573
f 1572 1672 1673
f 1573 1674 1574
f 1573 1673 1674
f 1574 1675 1575
f 1574 1674 1675
f 1575 1676 1576
f 1575 1675 1676
f 1576 1677 1577
f 1576 1676 1677
f 1577 1678 1578
f 1577 1677 1678
f 1578 1679 1579
f 1578 1678 1679
f 1579 1680 1580
f 1579 1679 1680
f 1580 1681 1581
f 1580 1680 1681
f 1581 1682 1582
f 1581 1681 1682
f 1582 1683 1583
f 1582 1682 1683
f 1583 1684 1584
f 1583 1683 1684
f 1584 1685 1585
f 1584 1684 1685
f 1585 1686 1586
f 1585 1685 1686
f 1586 1687 1587
f 1586 1686 1687
f 1587 1688 1588
f 1587 1687 1688
f 1588 1689 1589
f 1588 1688 1689
f 1589 1690 1590
f 1589 1689 1690
f 1590 1691 1591
f 1590 1690 1691
f 1591 1692 1592
f 1591 1691 1692
f 1592 1693 1593
f 1592 1692 1693
f 1593 1694 1594
f 1593 1693 1694
f 1594 1695 1595
f 1594 1694 1695
f 1595 1696 1596
f 1595 1695 1696
f 1596 1697 1597
f 1596 1696 1697
f 1597 1698 1598
f 1597 1697 1698
f 1598 1699 1599
f 1598 1698 1699
f 1599 1700 1600
f 1599 1699 1700
f 1600 1601 1501
f 1600 1700 1601
f 1601 1702 1602
f 1601 1701 1702
f 1602 1703 1603
f 1602 1702 1703
f 1603 1704 1604
f 1603 1703 1704
f 1604 1705 1605
f 1604 1704 1705
f 1605 1706 1606
f 1605 1705 1706
f 1606 1707 1607
f 1606 1706 1707
f 1607 1708 1608
f 1607 1707 1708
f 1608 1709 1609
f 1608 1708 1709
f 1609 1710 1610
f 1609 1709 1710
f 1610 1711 1611
f 1610 1710 1711
f 1611 1712 1612
f 1611 1711 1712
f 1612 1713 1613
f 1612 1712 1713
f 1613 1714 1614
f 1613 1713 1714
f 1614 1715 1615
f 1614 1714 1715
f 1615 1716 1616
f 1615 1715 1716
f 1616 1717 1617
f 1616 1716 1717
f 1617 1718 1618
f 1617 1717 1718
f 1618 1719 1619
f 1618 1718 1719
f 1619 1720 1620
f 1619 1719 1720
f 1620 1721 1621
f 1620 1720 1721
f 1621 1722 1622
f 1621 1721 1722
f 1622 1723 1623
f 1622 1722 1723
f 1623 1724 1624
f 1623 1723 1724
f 1624 1725 1625
f 1624 1724 1725
f 1625 1726 1626
f 1625 1725 1726
f 1626 1727 1627
f 1626 1726 1727
f 1627 1728 1628
f 1627 1727 1728
f 1628 1729 1629
f 1628 1728 1729
f 1629 1730 1630
f 1629 1729 1730
f 1630 1731 1631
f 1630 1730 1731
f 1631 1732 1632
f 1631 1731 1732
f 1632 1733 1633
f 1632 1732 1733
f 1633 1734 1634
f 1633 1733 1734
f 1634 1735 1635
f 1634 1734 1735
f 1635 1736 1636
f 1635 1735 1736
f 1636 1737 1637
f 1636 1736 1737
f 1637 1738 1638
f 1637 1737 1738
f 1638 1739 1639
f 1638 1738 1739
f 1639 1740 1640
f 1639 1739 1740
f 1640 1741 1641
f 1640 1740 1741
f 1641 1742 1642
f 1641 1741 1742
f 1642 1743 1643
f 1642 1742 1743
f 1643 1744 1644
f 1643 1743 1744
f 1644 1745 1645
f 1644 1744 1745
f 1645 1746 1646
f 1645 1745 1746
f 1646 1747 1647
f 1646 1746 1747
f 1647 1748 1648
f 1647 1747 1748
f 1648 1749 1649
f 1648 1748 1749
f 1649 1750 1650
f 1649 1749 1750
f 1650 1751 1651
f 1650 1750 1751
f 1651 1752 1652
f 1651 1751 1752
f 1652 1753 1653
f 1652 1752 1753
f 1653 1754 1654
f 1653 1753 1754
f 1654 1755 1655
f 1654 1754 1755
f 1655 1756 1656
f 1655 1755 1756
f 1656 1757 1657
f 1656 1756 1757
f 1657 1758 1658
f 1657 1757 1758
f 1658 1759 1659
f 1658 1758 1759
f 1659 1760 1660
f 1659 1759 1760
f 1660 1761 1661
f 1660 1760 1761
f 1661 1762 1662
f 1661 1761 1762
f 1662 1763 1663
f 1662 1762 1763
f 1663 1764 1664
f 1663 1763 1764
f 1664 1765 1665
f 1664 1764 1765
f 1665 1766 1666
f 1665 1765 1766
f 1666 1767 1667
f 1666 1766 1767
f 1667 1768 1668
f 1667 1767 1768
f 1668 1769 1669
f 1668 1768 1769
f 1669 1770 1670
f 1669 1769 1770
f 1670 1771 1671
f 1670 1770 1771
f 1671 1772 1672
f 1671 1771 1772
f 1672 1773 1673
f 1672 1772 1773
f 1673 1774 1674
f 1673 1773 1774
f 1674 1775 1675
f 1674 1774 1775
f 1675 1776 1676
f 1675 1775 1776
f 1676 1777 1677
f 1676 1776 1777
f 1677 1778 1678
f 1677 1777 1778
f 1678 1779 1679
f 1678 1778 1779
f 1679 1780 1680
f 1679 1779 1780
f 1680 1781 1681
f 1680 1780 1781
f 1681 1782 1682
f 1681 1781 1782
f 1682 1783 1683
f 1682 1782 1783
f 1683 1784 1684
f 1683 1783 1784
f 1684 1785 1685
f 1684 1784 1785
f 1685 1786 1686
f 1685 1785 1786
f 1686 1787 1687
f 1686 1786 1787
f 1687 1788 1688
f 1687 1787 1788
f 1688 1789 1689
f 1688 1788 1789
f 1689 1790 1690
f 1689 1789 1790
f 1690 1791 1691
f 1690 1790 1791
f 1691 1792 1692
f 1691 1791 1792
f 1692 1793 1693
f 1692 1792 1793
f 1693 1794 1694
f 1693 1793 1794
f 1694 1795 1695
f 1694 1794 1795
f 1695 1796 1696
f 1695 1795 1796
f 1696 1797 1697
f 1696 1796 1797
f 1697 1798 1698
f 1697 1797 1798
f 1698 1799 1699
f 1698 1798 1799
f 1699 1800 1700
f 1699 1799 1800
f 1700 1701 1601
f 1700 1800 1701
f 1701 1802 1702
f 1701 1801 1802
f 1702 1803 1703
f 1702 1802 1803
f 1703 1804 1704
f 1703 1803 1804
f 1704 1805 1705
f 1704 1804 1805
f 1705 1806 1706
f 1705 1805 1806
f 1706 1807 1707
f 1706 1806 1807
f 1707 1808 1708
f 1707 1807 1808
f 1708 1809 1709
f 1708 1808 1809
f 1709 1810 1710
f 1709 1809 1810
f 1710 1811 1711
f 1710 1810 1811
f 1711 1812 1712
f 1711 1811 1812
f 1712 1813 1713
f 1712 1812 1813
f 1713 1814 1714
f 1713 1813 1814
f 1714 1815 1715
f 1714 1814 1815
f 1715 1816 1716
f 1715 1815 1816
f 1716 1817 1717
f 1716 1816 1817
f 1717 1818 1718
f 1717 1817 1818
f 1718 1819 1719
f 1718 1818 1819
f 1719 1820 1720
f 1719 1819 1820
f 1720 1821 1721
f 1720 1820 1821
f 1721 1822 1722
f 1721 1821 1822
f 1722 1823 1723
f 1722 1822 1823
f 1723 1824 1724
f 1723 1823 1824
f 1724 1825 1725
f 1724 1824 1825
f 1725 1826 1726
f 1725 1825 1826
f 1726 1827 1727
f 1726 1826 1827
f 1727 1828 1728
f 1727 1827 1828
f 1728 1829 1729
f 1728 1828 1829
f 1729 1830 1730
f 1729 1829 1830
f 1730 1831 1731
f 1730 1830 1831
f 1731 1832 1732
f 1731 1831 1832
f 1732 1833 1733
f 1732 1832 1833
f 1733 1834 1734
f 1733 1833 1834
f 1734 1835 1735
f 1734 1834 1835
f 1735 1836 1736
f 1735 1835 1836
f 1736 1837 1737
f 1736 1836 1837
f 1737 1838 1738
f 1737 1837 1838
f 1738 1839 1739
f 1738 1838 1839
f 1739 1840 1740
f 1739 1839 1840
f 1740 1841 1741
f 1740 1840 1841
f 1741 1842 1742
f 1741 1841 1842
f 1742 1843 1743
f 1742 1842 1843
f 1743 1844 1744
f 1743 1843 1844
f 1744 1845 1745
f 1744 1844 1845
f 1745 1846 1746
f 1745 1845 1846
f 1746 1847 1747
f 1746 1846 1847
f 1747 1848 1748
f 1747 1847 1848
f 1748 1849 1749
f 1748 1848 1849
f 1749 1850 1750
f 1749 1849 1850
f 1750 1851 1751
f 1750 1850 1851
f 1751 1852 1752
f 1751 1851 1852
f 1752 1853 1753
f 1752 1852 1853
f 1753 1854 1754
f 1753 1853 1854
f 1754 1855 1755
f 1754 1854 1855
f 1755 1856 1756
f 1755 1855 1856
f 1756 1857 1757
f 1756 1856 1857
f 1757 1858 1758
f 1757 1857 1858
f 1758 1859 1759
f 1758 1858 1859
f 1759 1860 1760
f 1759 1859 1860
f 1760 1861 1761
f 1760 1860 1861
f 1761 1862 1762
f 1761 1861 1862
f 1762 1863 1763
f 1762 1862 1863
f 1763 1864 1764
f 1763 1863 1864
f 1764 1865 1765
f 1764 1864 1865
f 1765 1866 1766
f 1765 1865 1866
f 1766 1867 1767
f 1766 1866 1867
f 1767 1868 1768
f 1767 1867 1868
f 1768 1869 1769
f 1768 1868 1869
f 1769 1870 1770
f 1769 1869 1870
f 1770 1871 1771
f 1770 1870 1871
f 1771 1872 1772
f 1771 1871 1872
f 1772 1873 1773
f 1772 1872 1873
f 1773 1874 1774
f 1773 1873 1874
f 1774 1875 1775
f 1774 1874 1875
f 1775 1876 1776
f 1775 1875 1876
f 1776 1877 1777
f 1776 1876 1877
f 1777 1878 1778
f 1777 1877 1878
f 1778 1879 1779
f 1778 1878 1879
f 1779 1880 1780
f 1779 1879 1880
f 1780 1881 1781
f 1780 1880 1881
f 1781 1882 1782
f 1781 1881 1882
f 1782 1883 1783
f 1782 1882 1883
f 1783 1884 1784
f 1783 1883 1884
f 1784 1885 1785
f 1784 1884 1885
f 1785 1886 1786
f 1785 1885 1886
f 1786 1887 1787
f 1786 1886 1887
f 1787 1888 1788
f 1787 1887 1888
f 1788 1889 1789
f 1788 1888 1889
f 1789 1890 1790
f 1789 1889 1890
f 1790 1891 1791
f 1790 1890 1891
f 1791 1892 1792
f 1791 1891 1892
f 1792 1893 1793
f 1792 1892 1893
f 1793 1894 1794
f 1793 1893 1894
f 1794 1895 1795
f 1794 1894 1895
f 1795 1896 1796
f 1795 1895 1896
f 1796 1897 1797
f 1796 1896 1897
f 1797 1898 1798
f 1797 1897 1898
f 1798 1899 1799
f 1798 1898 1899
f 1799 1900 1800
f 1799 1899 1900
f 1800 1801 1701
f 1800 1900 1801
f 1801 1902 1802
f 1801 1901 1902
f 1802 1903 1803
f 1802 1902 1903
f 1803 1904 1804
f 1803 1903 1904
f 1804 1905 1805
f 1804 1904 1905
f 1805 1906 1806
f 1805 1905 1906
f 1806 1907 1807
f 1806 1906 1907
f 1807 1908 1808
f 1807 1907 1908
f 1808 1909 1809
f 1808 1908 1909
f 1809 1910 1810
f 1809 1909 1910
f 1810 1911 1811
f 1810 1910 1911
f 1811 1912 1812
f 1811 1911 1912
f 1812 1913 1813
f 1812 1912 1913
f 1813 1914 1814
f 1813 1913 1914
f 1814 1915 1815
f 1814 1914 1915
f 1815 1916 1816
f 1815 1915 1916
f 1816 1917 1817
f 1816 1916 1917
f 1817 1918 1818
f 1817 1917 1918
f 1818 1919 1819
f 1818 1918 1919
f 1819 1920 1820
f 1819 1919 1920
f 1820 1921 1821
f 1820 1920 1921
f 1821 1922 1822
f 1821 1921 1922
f 1822 1923 1823
f 1822 1922 1923
f 1823 1924 1824
f 1823 1923 1924
f 1824 1925 1825
f 1824 1924 1925
f 1825 1926 1826
f 1825 1925 1926
f 1826 1927 1827
f 1826 1926 1927
f 1827 1928 1828
f 1827 1927 1928
f 1828 1929 1829
f 1828 1928 1929
f 1829 1930 1830
f 1829 1929 1930
f 1830 1931 1831
f 1830 1930 1931
f 1831 1932 1832
f 1831 1931 1932
f 1832 1933 1833
f 1832 1932 1933
f 1833 1934 1834
f 1833 1933 1934
f 1834 1935 1835
f 1834 1934 1935
f 1835 1936 1836
f 1835 1935 1936
f 1836 1937 1837
f 1836 1936 1937
f 1837 1938 1838
f 1837 1937 1938
f 1838 1939 1839
f 1838 1938 1939
f 1839 1940 1840
f 1839 1939 1940
f 1840 1941 1841
f 1840 1940 1941
f 1841 1942 1842
f 1841 1941 1942
f 1842 1943 1843
f 1842 1942 1943
f 1843 1944 1844
f 1843 1943 1944
f 1844 1945 1845
f 1844 1944 1945
f 1845 1946 1846
f 1845 1945 1946
f 1846 1947 1847
f 1846 1946 1947
f 1847 1948 1848
f 1847 1947 1948
f 1848 1949 1849
f 1848 1948 1949
f 1849 1950 1850
f 1849 1949 1950
f 1850 1951 1851
f 1850 1950 1951
f 1851 1952 1852
f 1851 1951 1952
f 1852 1953 1853
f 1852 1952 1953
f 1853 1954 1854
f 1853 1953 1954
f 1854 1955 1855
f 1854 1954 1955
f 1855 1956 1856
f 1855 1955 1956
f 1856 1957 1857
f 1856 1956 1957
f 1857 1958 1858
f 1857 1957 1958
f 1858 1959 1859
f 1858 1958 1959
f 1859 1960 1860
f 1859 1959 1960
f 1860 1961 1861
f 1860 1960 1961
f 1861 1962 1862
f 1861 1961 1962
f 1862 1963 1863
f 1862 1962 1963
f 1863 1964 1864
f 1863 1963 1964
f 1864 1965 1865
f 1864 1964 1965
f 1865 1966 1866
f 1865 1965 1966
f 1866 1967 1867
f 1866 1966 1967
f 1867 1968 1868
f 1867 1967 1968
f 1868 1969 1869
f 1868 1968 1969
f 1869 1970 1870
f 1869 1969 1970
f 1870 1971 1871
f 1870 1970 1971
f 1871 1972 1872
f 1871 1971 1972
f 1872 1973 1873
f 1872 1972 1973
f 1873 1974 1874
f 1873 1973 1974
f 1874 1975 1875
f 1874 1974 1975
f 1875 1976 1876
f 1875 1975 1976
f 1876 1977 1877
f 1876 1976 1977
f 1877 1978 1878
f 1877 1977 1978
f 1878 1979 1879
f 1878 1978 1979
f 1879 1980 1880
f 1879 1979 1980
f 1880 1981 1881
f 1880 1980 1981
f 1881 1982 1882
f 1881 1981 1982
f 1882 1983 1883
f 1882 1982 1983
f 1883 1984 1884
f 1883 1983 1984
f 1884 1985 1885
f 1884 1984 1985
f 1885 1986 1886
f 1885 1985 1986
f 1886 1987 1887
f 1886 1986 1987
f 1887 1988 1888
f 1887 1987 1988
f 1888 1989 1889
f 1888 1988 1989
f 1889 1990 1890
f 1889 1989 1990
f 1890 1991 1891
f 1890 1990 1991
f 1891 1992 1892
f 1891 1991 1992
f 1892 1993 1893
f 1892 1992 1993
f 1893 1994 1894
f 1893 1993 1994
f 1894 1995 1895
f 1894 1994 1995
f 1895 1996 1896
f 1895 1995 1996
f 1896 1997 1897
f 1896 1996 1997
f 1897 1998 1898
f 1897 1997 1998
f 1898 1999 1899
f 1898 1998 1999
f 1899 2000 1900
f 1899 1999 2000
f 1900 1901 1801
f 1900 2000 1901
f 1901 2002 1902
f 1901 2001 2002
f 1902 2003 1903
f 1902 2002 2003
f 1903 2004 1904
f 1903 2003 2004
f 1904 2005 1905
f 1904 2004 2005
f 1905 2006 1906
f 1905 2005 2006
f 1906 2007 1907
f 1906 2006 2007
f 1907 2008 1908
f 1907 2007 2008
f 1908 2009 1909
f 1908 2008 2009
f 1909 2010 1910
f 1909 2009 2010
f 1910 2011 1911
f 1910 2010 2011
f 1911 2012 1912
f 1911 2011 2012
f 1912 2013 1913
f 1912 2012 2013
f 1913 2014 1914
f 1913 2013 2014
f 1914 2015 1915
f 1914 2014 2015
f 1915 2016 1916
f 1915 2015 2016
f 1916 2017 1917
f 1916 2016 2017
f 1917 2018 1918
f 1917 2017 2018
f 1918 2019 1919
f 1918 2018 2019
f 1919 2020 1920
f 1919 2019 2020
f 1920 2021 1921
f 1920 2020 2021
f 1921 2022 1922
f 1921 2021 2022
f 1922 2023 1923
f 1922 2022 2023
f 1923 2024 1924
f 1923 2023 2024
f 1924 2025 1925
f 1924 2024 2025
f 1925 2026 1926
f 1925 2025 2026
f 1926 2027 1927
f 1926 2026 2027
f 1927 2028 1928
f 1927 2027 2028
f 1928 2029 1929
f 1928 2028 2029
f 1929 2030 1930
f 1929 2029 2030
f 1930 2031 1931
f 1930 2030 2031
f 1931 2032 1932
f 1931 2031 2032
f 1932 2033 1933
f 1932 2032 2033
f 1933 2034 1934
f 1933 2033 2034
f 1934 2035 1935
f 1934 2034 2035
f 1935 2036 1936
f 1935 2035 2036
f 1936 2037 1937
f 1936 2036 2037
f 1937 2038 1938
f 1937 2037 2038
f 1938 2039 1939
f 1938 2038 2039
f 1939 2040 1940
f 1939 2039 2040
f 1940 2041 1941
f 1940 2040 2041
f 1941 2042 1942
f 1941 2041 2042
f 1942 2043 1943
f 1942 2042 2043
f 1943 2044 1944
f 1943 2043 2044
f 1944 2045 1945
f 1944 2044 2045
f 1945 2046 1946
f 1945 2045 2046
f 1946 2047 1947
f 1946 2046 2047
f 1947 2048 1948
f 1947 2047 2048
f 1948 2049 1949
f 1948 2048 2049
f 1949 2050 1950
f 1949 2049 2050
f 1950 2051 1951
f 1950 2050 2051
f 1951 2052 1952
f 1951 2051 2052
f 1952 2053 1953
f 1952 2052 2053
f 1953 2054 1954
f 1953 2053 2054
f 1954 2055 1955
f 1954 2054 2055
f 1955 2056 1956
f 1955 2055 2056
f 1956 2057 1957
f 1956 2056 2057
f 1957 2058 1958
f 1957 2057 2058
f 1958 2059 1959
f 1958 2058 2059
f 1959 2060 1960
f 1959 2059 2060
f 1960 2061 1961
f 1960 2060 2061
f 1961 2062 1962
f 1961 2061 2062
f 1962 2063 1963
f 1962 2062 2063
f 1963 2064 1964
f 1963 2063 2064
f 1964 2065 1965
f 1964 2064 2065
f 1965 2066 1966
f 1965 2065 2066
f 1966 2067 1967
f 1966 2066 2067
f 1967 2068 1968
f 1967 2067 2068
f 1968 2069 1969
f 1968 2068 2069
f 1969 2070 1970
f 1969 2069 2070
f 1970 2071 1971
f 1970 2070 2071
f 1971 2072 1972
f 1971 2071 2072
f 1972 2073 1973
f 1972 2072 2073
f 1973 2074 1974
f 1973 2073 2074
f 1974 2075 1975
f 1974 2074 2075
f 1975 2076 1976
f 1975 2075 2076
f 1976 2077 1977
f 1976 2076 2077
f 1977 2078 1978
f 1977 2077 2078
f 1978 2079 1979
f 1978 2078 2079
f 1979 2080 1980
f 1979 2079 2080
f 1980 2081 1981
f 1980 2080 2081
f 1981 2082 1982
f 1981 2081 2082
f 1982 2083 1983
f 1982 2082 2083
f 1983 2084 1984
f 1983 2083 2084
f 1984 2085 1985
f 1984 2084 2085
f 1985 2086 1986
f 1985 2085 2086
f 1986 2087 1987
f 1986 2086 2087
f 1987 2088 1988
f 1987 2087 2088
f 1988 2089 1989
f 1988 2088 2089
f 1989 2090 1990
f 1989 2089 2090
f 1990 2091 1991
f 1990 2090 2091
f 1991 2092 1992
f 1991 2091 2092
f 1992 2093 1993
f 1992 2092 2093
f 1993 2094 1994
f 1993 2093 2094
f 1994 2095 1995
f 1994 2094 2095
f 1995 2096 1996
f 1995 2095 2096
f 1996 2097 1997
f 1996 2096 2097
f 1997 2098 1998
f 1997 2097 2098
f 1998 2099 1999
f 1998 2098 2099
f 1999 2100 2000
f 1999 2099 2100
f 2000 2001 1901
f 2000 2100 2001
f 2001 2102 2002
f 2001 2101 2102
f 2002 2103 2003
f 2002 2102 2103
f 2003 2104 2004
f 2003 2103 2104
f 2004 2105 2005
f 2004 2104 2105
f 2005 2106 2006
f 2005 2105 2106
f 2006 2107 2007
f 2006 2106 2107
f 2007 2108 2008
f 2007 2107 2108
f 2008 2109 2009
f 2008 2108 2109
f 2009 2110 2010
f 2009 2109 2110
f 2010 2111 2011
f 2010 2110 2111
f 2011 2112 2012
f 2011 2111 2112
f 2012 2113 2013
f 2012 2112 2113
f 2013 2114 2014
f 2013 2113 2114
f 2014 2115 2015
f 2014 2114 2115
f 2015 2116 2016
f 2015 2115 2116
f 2016 2117 2017
f 2016 2116 2117
f 2017 2118 2018
f 2017 2117 2118
f 2018 2119 2019
f 2018 2118 2119
f 2019 2120 2020
f 2019 2119 2120
f 2020 2121 2021
f 2020 2120 2121
f 2021 2122 2022
f 2021 2121 2122
f 2022 2123 2023
f 2022 2122 2123
f 2023 2124 2024
f 2023 2123 2124
f 2024 2125 2025
f 2024 2124 2125
f 2025 2126 2026
f 2025 2125 2126
f 2026 2127 2027
f 2026 2126 2127
f 2027 2128 2028
f 2027 2127 2128
f 2028 2129 2029
f 2028 2128 2129
f 2029 2130 2030
f 2029 2129 2130
f 2030 2131 2031
f 2030 2130 2131
f 2031 2132 2032
f 2031 2131 2132
f 2032 2133 2033
f 2032 2132 2133
f 2033 2134 2034
f 2033 2133 2134
f 2034 2135 2035
f 2034 2134 2135
f 2035 2136 2036
f 2035 2135 2136
f 2036 2137 2037
f 2036 2136 2137
f 2037 2138 2038
f 2037 2137 2138
f 2038 2139 2039
f 2038 2138 2139
f 2039 2140 2040
f 2039 2139 2140
f 2040 2141 2041
f 2040 2140 2141
f 2041 2142 2042
f 2041 2141 2142
f 2042 2143 2043
f 2042 2142 2143
f 2043 2144 2044
f 2043 2143 2144
f 2044 2145 2045
f 2044 2144 2145
f 2045 2146 2046
f 2045 2145 2146
f 2046 2147 2047
f 2046 2146 2147
f 2047 2148 2048
f 2047 2147 2148
f 2048 2149 2049
f 2048 2148 2149
f 2049 2150 2050
f 2049 2149 2150
f 2050 2151 2051
f 2050 2150 2151
f 2051 2152 2052
f 2051 2151 2152
f 2052 2153 2053
f 2052 2152 2153
f 2053 2154 2054
f 2053 2153 2154
f 2054 2155 2055
f 2054 2154 2155
f 2055 2156 2056
f 2055 2155 2156
f 2056 2157 2057
f 2056 2156 2157
f 2057 2158 2058
f 2057 2157 2158
f 2058 2159 2059
f 2058 2158 2159
f 2059 2160 2060
f 2059 2159 2160
f 2060 2161 2061
f 2060 2160 2161
f 2061 2162 2062
f 2061 2161 2162
f 2062 2163 2063
f 2062 2162 2163
f 2063 2164 2064
f 2063 2163 2164
f 2064 2165 2065
f 2064 2164 2165
f 2065 2166 2066
f 2065 2165 2166
f 2066 2167 2067
f 2066 2166 2167
f 2067 2168 2068
f 2067 2167 2168
f 2068 2169 2069
f 2068 2168 2169
f 2069 2170 2070
f 2069 2169 2170
f 2070 2171 2071
f 2070 2170 2171
f 2071 2172 2072
f 2071 2171 2172
f 2072 2173 2073
f 2072 2172 2173
f 2073 2174 2074
f 2073 2173 2174
f 2074 2175 2075
f 2074 2174 2175
f 2075 2176 2076
f 2075 2175 2176
f 2076 2177 2077
f 2076 2176 2177
f 2077 2178 2078
f 2077 2177 2178
f 2078 2179 2079
f 2078 2178 2179
f 2079 2180 2080
f 2079 2179 2180
f 2080 2181 2081
f 2080 2180 2181
f 2081 2182 2082
f 2081 2181 2182
f 2082 2183 2083
f 2082 2182 2183
f 2083 2184 2084
f 2083 2183 2184
f 2084 2185 2085
f 2084 2184 2185
f 2085 2186 2086
f 2085 2185 2186
f 2086 2187 2087
f 2086 2186 2187
f 2087 2188 2088
f 2087 2187 2188
f 2088 2189 2089
f 2088 2188 2189
f 2089 2190 2090
f 2089 2189 2190
f 2090 2191 2091
f 2090 2190 2191
f 2091 2192 2092
f 2091 2191 2192
f 2092 2193 2093
f 2092 2192 2193
f 2093 2194 2094
f 2093 2193 2194
f 2094 2195 2095
f 2094 2194 2195
f 2095 2196 2096
f 2095 2195 2196
f 2096 2197 2097
f 2096 2196 2197
f 2097 2198 2098
f 2097 2197 2198
f 2098 2199 2099
f 2098 2198 2199
f 2099 2200 2100
f 2099 2199 2200
f 2100 2101 2001
f 2100 2200 2101
f 2101 2202 2102
f 2101 2201 2202
f 2102 2203 2103
f 2102 2202 2203
f 2103 2204 2104
f 2103 2203 2204
f 2104 2205 2105
f 2104 2204 2205
f 2105 2206 2106
f 2105 2205 2206
f 2106 2207 2107
f 2106 2206 2207
f 2107 2208 2108
f 2107 2207 2208
f 2108 2209 2109
f 2108 2208 2209
f 2109 2210 2110
f 2109 2209 2210
f 2110 2211 2111
f 2110 2210 2211
f 2111 2212 2112
f 2111 2211 2212
f 2112 2213 2113
f 2112 2212 2213
f 2113 2214 2114
f 2113 2213 2214
f 2114 2215 2115
f 2114 2214 2215
f 2115 2216 2116
f 2115 2215 2216
f 2116 2217 2117
f 2116 2216 2217
f 2117 2218 2118
f 2117 2217 2218
f 2118 2219 2119
f 2118 2218 2219
f 2119 2220 2120
f 2119 2219 2220
f 2120 2221 2121
f 2120 2220 2221
f 2121 2222 2122
f 2121 2221 2222
f 2122 2223 2123
f 2122 2222 2223
f 2123 2224 2124
f 2123 2223 2224
f 2124 2225 2125
f 2124 2224 2225
f 2125 2226 2126
f 2125 2225 2226
f 2126 2227 2127
f 2126 2226 2227
f 2127 2228 2128
f 2127 2227 2228
f 2128 2229 2129
f 2128 2228 2229
f 2129 2230 2130
f 2129 2229 2230
f 2130 2231 2131
f 2130 2230 2231
f 2131 2232 2132
f 2131 2231 2232
f 2132 2233 2133
f 2132 2232 2233
f 2133 2234 2134
f 2133 2233 2234
f 2134 2235 2135
f 2134 2234 2235
f 2135 2236 2136
f 2135 2235 2236
f 2136 2237 2137
f 2136 2236 2237
f 2137 2238 2138
f 2137 2237 2238
f 2138 2239 2139
f 2138 2238 2239
f 2139 2240 2140
f 2139 2239 2240
f 2140 2241 2141
f 2140 2240 2241
f 2141 2242 2142
f 2141 2241 2242
f 2142 2243 2143
f 2142 2242 2243
f 2143 2244 2144
f 2143 2243 2244
f 2144 2245 2145
f 2144 2244 2245
f 2145 2246 2146
f 2145 2245 2246
f 2146 2247 2147
f 2146 2246 2247
f 2147 2248 2148
f 2147 2247 2248
f 2148 2249 2149
f 2148 2248 2249
f 2149 2250 2150
f 2149 2249 2250
f 2150 2251 2151
f 2150 2250 2251
f 2151 2252 2152
f 2151 2251 2252
f 2152 2253 2153
f 2152 2252 2253
f 2153 2254 2154
f 2153 2253 2254
f 2154 2255 2155
f 2154 2254 2255
f 2155 2256 2156
f 2155 2255 2256
f 2156 2257 2157
f 2156 2256 2257
f 2157 2258 2158
f 2157 2257 2258
f 2158 2259 2159
f 2158 2258 2259
f 2159 2260 2160
f 2159 2259 2260
f 2160 2261 2161
f 2160 2260 2261
f 2161 2262 2162
f 2161 2261 2262
f 2162 2263 2163
f 2162 2262 2263
f 2163 2264 2164
f 2163 2263 2264
f 2164 2265 2165
f 2164 2264 2265
f 2165 2266 2166
f 2165 2265 2266
f 2166 2267 2167
f 2166 2266 2267
f 2167 2268 2168
f 2167 2267 2268
f 2168 2269 2169
f 2168 2268 2269
f 2169 2270 2170
f 2169 2269 2270
f 2170 2271 2171
f 2170 2270 2271
f 2171 2272 2172
f 2171 2271 2272
f 2172 2273 2173
f 2172 2272 2273
f 2173 2274 2174
f 2173 2273 2274
f 2174 2275 2175
f 2174 2274 2275
f 2175 2276 2176
f 2175 2275 2276
f 2176 2277 2177
f 2176 2276 2277
f 2177 2278 2178
f 2177 2277 2278
f 2178 2279 2179
f 2178 2278 2279
f 2179 2280 2180
f 2179 2279 2280
f 2180 2281 2181
f 2180 2280 2281
f 2181 2282 2182
f 2181 2281 2282
f 2182 2283 2183
f 2182 2282 2283
f 2183 2284 2184
f 2183 2283 2284
f 2184 2285 2185
f 2184 2284 2285
f 2185 2286 2186
f 2185 2285 2286
f 2186 2287 2187
f 2186 2286 2287
f 2187 2288 2188
f 2187 2287 2288
f 2188 2289 2189
f 2188 2288 2289
f 2189 2290 2190
f 2189 2289 2290
f 2190 2291 2191
f 2190 2290 2291
f 2191 2292 2192
f 2191 2291 2292
f 2192 2293 2193
f 2192 2292 2293
f 2193 2294 2194
f 2193 2293 2294
f 2194 2295 2195
f 2194 2294 2295
f 2195 2296 2196
f 2195 2295 2296
f 2196 2297 2197
f 2196 2296 2297
f 2197 2298 2198
f 2197 2297 2298
f 2198 2299 2199
f 2198 2298 2299
f 2199 2300 2200
f 2199 2299 2300
f 2200 2201 2101
f 2200 2300 2201
f 2201 2302 2202
f 2201 2301 2302
f 2202 2303 2203
f 2202 2302 2303
f 2203 2304 2204
f 2203 2303 2304
f 2204 2305 2205
f 2204 2304 2305
f 2205 2306 2206
f 2205 2305 2306
f 2206 2307 2207
f 2206 2306 2307
f 2207 2308 2208
f 2207 2307 2308
f 2208 2309 2209
f 2208 2308 2309
f 2209 2310 2210
f 2209 2309 2310
f 2210 2311 2211
f 2210 2310 2311
f 2211 2312 2212
f 2211 2311 2312
f 2212 2313 2213
f 2212 2312 2313
f 2213 2314 2214
f 2213 2313 2314
f 2214 2315 2215
f 2214 2314 2315
f 2215 2316 2216
f 2215 2315 2316
f 2216 2317 2217
f 2216 2316 2317
f 2217 2318 2218
f 2217 2317 2318
f 2218 2319 2219
f 2218 2318 2319
f 2219 2320 2220
f 2219 2319 2320
f 2220 2321 2221
f 2220 2320 2321
f 2221 2322 2222
f 2221 2321 2322
f 2222 2323 2223
f 2222 2322 2323
f 2223 2324 2224
f 2223 2323 2324
f 2224 2325 2225
f 2224 2324 2325
f 2225 2326 2226
f 2225 2325 2326
f 2226 2327 2227
f 2226 2326 2327
f 2227 2328 2228
f 2227 2327 2328
f 2228 2329 2229
f 2228 2328 2329
f 2229 2330 2230
f 2229 2329 2330
f 2230 2331 2231
f 2230 2330 2331
f 2231 2332 2232
f 2231 2331 2332
f 2232 2333 2233
f 2232 2332 2333
f 2233 2334 2234
f 2233 2333 2334
f 2234 2335 2235
f 2234 2334 2335
f 2235 2336 2236
f 2235 2335 2336
f 2236 2337 2237
f 2236 2336 2337
f 2237 2338 2238
f 2237 2337 2338
f 2238 2339 2239
f 2238 2338 2339
f 2239 2340 2240
f 2239 2339 2340
f 2240 2341 2241
f 2240 2340 2341
f 2241 2342 2242
f 2241 2341 2342
f 2242 2343 2243
f 2242 2342 2343
f 2243 2344 2244
f 2243 2343 2344
f 2244 2345 2245
f 2244 2344 2345
f 2245 2346 2246
f 2245 2345 2346
f 2246 2347 2247
f 2246 2346 2347
f 2247 2348 2248
f 2247 2347 2348
f 2248 2349 2249
f 2248 2348 2349
f 2249 2350 2250
f 2249 2349 2350
f 2250 2351 2251
f 2250 2350 2351
f 2251 2352 2252
f 2251 2351 2352
f 2252 2353 2253
f 2252 2352 2353
f 2253 2354 2254
f 2253 2353 2354
f 2254 2355 2255
f 2254 2354 2355
f 2255 2356 2256
f 2255 2355 2356
f 2256 2357 2257
f 2256 2356 2357
f 2257 2358 2258
f 2257 2357 2358
f 2258 2359 2259
f 2258 2358 2359
f 2259 2360 2260
f 2259 2359 2360
f 2260 2361 2261
f 2260 2360 2361
f 2261 2362 2262
f 2261 2361 2362
f 2262 2363 2263
f 2262 2362 2363
f 2263 2364 2264
f 2263 2363 2364
f 2264 2365 2265
f 2264 2364 2365
f 2265 2366 2266
f 2265 2365 2366
f 2266 2367 2267
f 2266 2366 2367
f 2267 2368 2268
f 2267 2367 2368
f 2268 2369 2269
f 2268 2368 2369
f 2269 2370 2270
f 2269 2369 2370
f 2270 2371 2271
f 2270 2370 2371
f 2271 2372 2272
f 2271 2371 2372
f 2272 2373 2273
f 2272 2372 2373
f 2273 2374 2274
f 2273 2373 2374
f 2274 2375 2275
f 2274 2374 2375
f 2275 2376 2276
f 2275 2375 2376
f 2276 2377 2277
f 2276 2376 2377
f 2277 2378 2278
f 2277 2377 2378
f 2278 2379 2279
f 2278 2378 2379
f 2279 2380 2280
f 2279 2379 2380
f 2280 2381 2281
f 2280 2380 2381
f 2281 2382 2282
f 2281 2381 2382
f 2282 2383 2283
f 2282 2382 2383
f 2283 2384 2284
f 2283 2383 2384
f 2284 2385 2285
f 2284 2384 2385
f 2285 2386 2286
f 2285 2385 2386
f 2286 2387 2287
f 2286 2386 2387
f 2287 2388 2288
f 2287 2387 2388
f 2288 2389 2289
f 2288 2388 2389
f 2289 2390 2290
f 2289 2389 2390
f 2290 2391 2291
f 2290 2390 2391
f 2291 2392 2292
f 2291 2391 2392
f 2292 2393 2293
f 2292 2392 2393
f 2293 2394 2294
f 2293 2393 2394
f 2294 2395 2295
f 2294 2394 2395
f 2295 2396 2296
f 2295 2395 2396
f 2296 2397 2297
f 2296 2396 2397
f 2297 2398 2298
f 2297 2397 2398
f 2298 2399 2299
f 2298 2398 2399
f 2299 2400 2300
f 2299 2399 2400
f 2300 2301 2201
f 2300 2400 2301
f 2301 2402 2302
f 2301 2401 2402
f 2302 2403 2303
f 2302 2402 2403
f 2303 2404 2304
f 2303 2403 2404
f 2304 2405 2305
f 2304 2404 2405
f 2305 2406 2306
f 2305 2405 2406
f 2306 2407 2307
f 2306 2406 2407
f 2307 2408 2308
f 2307 2407 2408
f 2308 2409 2309
f 2308 2408 2409
f 2309 2410 2310
f 2309 2409 2410
f 2310 2411 2311
f 2310 2410 2411
f 2311 2412 2312
f 2311 2411 2412
f 2312 2413 2313
f 2312 2412 2413
f 2313 2414 2314
f 2313 2413 2414
f 2314 2415 2315
f 2314 2414 2415
f 2315 2416 2316
f 2315 2415 2416
f 2316 2417 2317
f 2316 2416 2417
f 2317 2418 2318
f 2317 2417 2418
f 2318 2419 2319
f 2318 2418 2419
f 2319 2420 2320
f 2319 2419 2420
f 2320 2421 2321
f 2320 2420 2421
f 2321 2422 2322
f 2321 2421 2422
f 2322 2423 2323
f 2322 2422 2423
f 2323 2424 2324
f 2323 2423 2424
f 2324 2425 2325
f 2324 2424 2425
f 2325 2426 2326
f 2325 2425 2426
f 2326 2427 2327
f 2326 2426 2427
f 2327 2428 2328
f 2327 2427 2428
f 2328 2429 2329
f 2328 2428 2429
f 2329 2430 2330
f 2329 2429 2430
f 2330 2431 2331
f 2330 2430 2431
f 2331 2432 2332
f 2331 2431 2432
f 2332 2433 2333
f 2332 2432 2433
f 2333 2434 2334
f 2333 2433 2434
f 2334 2435 2335
f 2334 2434 2435
f 2335 2436 2336
f 2335 2435 2436
f 2336 2437 2337
f 2336 2436 2437
f 2337 2438 2338
f 2337 2437 2438
f 2338 2439 2339
f 2338 2438 2439
f 2339 2440 2340
f 2339 2439 2440
f 2340 2441 2341
f 2340 2440 2441
f 2341 2442 2342
f 2341 2441 2442
f 2342 2443 2343
f 2342 2442 2443
f 2343 2444 2344
f 2343 2443 2444
f 2344 2445 2345
f 2344 2444 2445
f 2345 2446 2346
f 2345 2445 2446
f 2346 2447 2347
f 2346 2446 2447
f 2347 2448 2348
f 2347 2447 2448
f 2348 2449 2349
f 2348 2448 2449
f 2349 2450 2350
f 2349 2449 2450
f 2350 2451 2351
f 2350 2450 2451
f 2351 2452 2352
f 2351 2451 2452
f 2352 2453 2353
f 2352 2452 2453
f 2353 2454 2354
f 2353 2453 2454
f 2354 2455 2355
f 2354 2454 2455
f 2355 2456 2356
f 2355 2455 2456
f 2356 2457 2357
f 2356 2456 2457
f 2357 2458 2358
f 2357 2457 2458
f 2358 2459 2359
f 2358 2458 2459
f 2359 2460 2360
f 2359 2459 2460
f 2360 2461 2361
f 2360 2460 2461
f 2361 2462 2362
f 2361 2461 2462
f 2362 2463 2363
f 2362 2462 2463
f 2363 2464 2364
f 2363 2463 2464
f 2364 2465 2365
f 2364 2464 2465
f 2365 2466 2366
f 2365 2465 2466
f 2366 2467 2367
f 2366 2466 2467
f 2367 2468 2368
f 2367 2467 2468
f 2368 2469 2369
f 2368 2468 2469
f 2369 2470 2370
f 2369 2469 2470
f 2370 2471 2371
f 2370 2470 2471
f 2371 2472 2372
f 2371 2471 2472
f 2372 2473 2373
f 2372 2472 2473
f 2373 2474 2374
f 2373 2473 2474
f 2374 2475 2375
f 2374 2474 2475
f 2375 2476 2376
f 2375 2475 2476
f 2376 2477 2377
f 2376 2476 2477
f 2377 2478 2378
f 2377 2477 2478
f 2378 2479 2379
f 2378 2478 2479
f 2379 2480 2380
f 2379 2479 2480
f 2380 2481 2381
f 2380 2480 2481
f 2381 2482 2382
f 2381 2481 2482
f 2382 2483 2383
f 2382 2482 2483
f 2383 2484 2384
f 2383 2483 2484
f 2384 2485 2385
f 2384 2484 2485
f 2385 2486 2386
f 2385 2485 2486
f 2386 2487 2387
f 2386 2486 2487
f 2387 2488 2388
f 2387 2487 2488
f 2388 2489 2389
f 2388 2488 2489
f 2389 2490 2390
f 2389 2489 2490
f 2390 2491 2391
f 2390 2490 2491
f 2391 2492 2392
f 2391 2491 2492
f 2392 2493 2393
f 2392 2492 2493
f 2393 2494 2394
f 2393 2493 2494
f 2394 2495 2395
f 2394 2494 2495
f 2395 2496 2396
f 2395 2495 2496
f 2396 2497 2397
f 2396 2496 2497
f 2397 2498 2398
f 2397 2497 2498
f 2398 2499 2399
f 2398 2498 2499
f 2399 2500 2400
f 2399 2499 2500
f 2400 2401 2301
f 2400 2500 2401
f 2401 2502 2402
f 2401 2501 2502
f 2402 2503 2403
f 2402 2502 2503
f 2403 2504 2404
f 2403 2503 2504
f 2404 2505 2405
f 2404 2504 2505
f 2405 2506 2406
f 2405 2505 2506
f 2406 2507 2407
f 2406 2506 2507
f 2407 2508 2408
f 2407 2507 2508
f 2408 2509 2409
f 2408 2508 2509
f 2409 2510 2410
f 2409 2509 2510
f 2410 2511 2411
f 2410 2510 2511
f 2411 2512 2412
f 2411 2511 2512
f 2412 2513 2413
f 2412 2512 2513
f 2413 2514 2414
f 2413 2513 2514
f 2414 2515 2415
f 2414 2514 2515
f 2415 2516 2416
f 2415 2515 2516
f 2416 2517 2417
f 2416 2516 2517
f 2417 2518 2418
f 2417 2517 2518
f 2418 2519 2419
f 2418 2518 2519
f 2419 2520 2420
f 2419 2519 2520
f 2420 2521 2421
f 2420 2520 2521
f 2421 2522 2422
f 2421 2521 2522
f 2422 2523 2423
f 2422 2522 2523
f 2423 2524 2424
f 2423 2523 2524
f 2424 2525 2425
f 2424 2524 2525
f 2425 2526 2426
f 2425 2525 2526
f 2426 2527 2427
f 2426 2526 2527
f 2427 2528 2428
f 2427 2527 2528
f 2428 2529 2429
f 2428 2528 2529
f 2429 2530 2430
f 2429 2529 2530
f 2430 2531 2431
f 2430 2530 2531
f 2431 2532 2432
f 2431 2531 2532
f 2432 2533 2433
f 2432 2532 2533
f 2433 2534 2434
f 2433 2533 2534
f 2434 2535 2435
f 2434 2534 2535
f 2435 2536 2436
f 2435 2535 2536
f 2436 2537 2437
f 2436 2536 2537
f 2437 2538 2438
f 2437 2537 2538
f 2438 2539 2439
f 2438 2538 2539
f 2439 2540 2440
f 2439 2539 2540
f 2440 2541 2441
f 2440 2540 2541
f 2441 2542 2442
f 2441 2541 2542
f 2442 2543 2443
f 2442 2542 2543
f 2443 2544 2444
f 2443 2543 2544
f 2444 2545 2445
f 2444 2544 2545
f 2445 2546 2446
f 2445 2545 2546
f 2446 2547 2447
f 2446 2546 2547
f 2447 2548 2448
f 2447 2547 2548
f 2448 2549 2449
f 2448 2548 2549
f 2449 2550 2450
f 2449 2549 2550
f 2450 2551 2451
f 2450 2550 2551
f 2451 2552 2452
f 2451 2551 2552
f 2452 2553 2453
f 2452 2552 2553
f 2453 2554 2454
f 2453 2553 2554
f 2454 2555 2455
f 2454 2554 2555
f 2455 2556 2456
f 2455 2555 2556
f 2456 2557 2457
f 2456 2556 2557
f 2457 2558 2458
f 2457 2557 2558
f 2458 2559 2459
f 2458 2558 2559
f 2459 2560 2460
f 2459 2559 2560
f 2460 2561 2461
f 2460 2560 2561
f 2461 2562 2462
f 2461 2561 2562
f 2462 2563 2463
f 2462 2562 2563
f 2463 2564 2464
f 2463 2563 2564
f 2464 2565 2465
f 2464 2564 2565
f 2465 2566 2466
f 2465 2565 2566
f 2466 2567 2467
f 2466 2566 2567
f 2467 2568 2468
f 2467 2567 2568
f 2468 2569 2469
f 2468 2568 2569
f 2469 2570 2470
f 2469 2569 2570
f 2470 2571 2471
f 2470 2570 2571
f 2471 2572 2472
f 2471 2571 2572
f 2472 2573 2473
f 2472 2572 2573
f 2473 2574 2474
f 2473 2573 2574
f 2474 2575 2475
f 2474 2574 2575
f 2475 2576 2476
f 2475 2575 2576
f 2476 2577 2477
f 2476 2576 2577
f 2477 2578 2478
f 2477 2577 2578
f 2478 2579 2479
f 2478 2578 2579
f 2479 2580 2480
f 2479 2579 2580
f 2480 2581 2481
f 2480 2580 2581
f 2481 2582 2482
f 2481 2581 2582
f 2482 2583 2483
f 2482 2582 2583
f 2483 2584 2484
f 2483 2583 2584
f 2484 2585 2485
f 2484 2584 2585
f 2485 2586 2486
f 2485 2585 2586
f 2486 2587 2487
f 2486 2586 2587
f 2487 2588 2488
f 2487 2587 2588
f 2488 2589 2489
f 2488 2588 2589
f 2489 2590 2490
f 2489 2589 2590
f 2490 2591 2491
f 2490 2590 2591
f 2491 2592 2492
f 2491 2591 2592
f 2492 2593 2493
f 2492 2592 2593
f 2493 2594 2494
f 2493 2593 2594
f 2494 2595 2495
f 2494 2594 2595
f 2495 2596 2496
f 2495 2595 2596
f 2496 2597 2497
f 2496 2596 2597
f 2497 2598 2498
f 2497 2597 2598
f 2498 2599 2499
f 2498 2598 2599
f 2499 2600 2500
f 2499 2599 2600
f 2500 2501 2401
f 2500 2600 2501
f 2501 2602 2502
f 2501 2601 2602
f 2502 2603 2503
f 2502 2602 2603
f 2503 2604 2504
f 2503 2603 2604
f 2504 2605 2505
f 2504 2604 2605
f 2505 2606 2506
f 2505 2605 2606
f 2506 2607 2507
f 2506 2606 2607
f 2507 2608 2508
f 2507 2607 2608
f 2508 2609 2509
f 2508 2608 2609
f 2509 2610 2510
f 2509 2609 2610
f 2510 2611 2511
f 2510 2610 2611
f 2511 2612 2512
f 2511 2611 2612
f 2512 2613 2513
f 2512 2612 2613
f 2513 2614 2514
f 2513 2613 2614
f 2514 2615 2515
f 2514 2614 2615
f 2515 2616 2516
f 2515 2615 2616
f 2516 2617 2517
f 2516 2616 2617
f 2517 2618 2518
f 2517 2617 2618
f 2518 2619 2519
f 2518 2618 2619
f 2519 2620 2520
f 2519 2619 2620
f 2520 2621 2521
f 2520 2620 2621
f 2521 2622 2522
f 2521 2621 2622
f 2522 2623 2523
f 2522 2622 2623
f 2523 2624 2524
f 2523 2623 2624
f 2524 2625 2525
f 2524 2624 2625
f 2525 2626 2526
f 2525 2625 2626
f 2526 2627 2527
f 2526 2626 2627
f 2527 2628 2528
f 2527 2627 2628
f 2528 2629 2529
f 2528 2628 2629
f 2529 2630 2530
f 2529 2629 2630
f 2530 2631 2531
f 2530 2630 2631
f 2531 2632 2532
f 2531 2631 2632
f 2532 2633 2533
f 2532 2632 2633
f 2533 2634 2534
f 2533 2633 2634
f 2534 2635 2535
f 2534 2634 2635
f 2535 2636 2536
f 2535 2635 2636
f 2536 2637 2537
f 2536 2636 2637
f 2537 2638 2538
f 2537 2637 2638
f 2538 2639 2539
f 2538 2638 2639
f 2539 2640 2540
f 2539 2639 2640
f 2540 2641 2541
f 2540 2640 2641
f 2541 2642 2542
f 2541 2641 2642
f 2542 2643 2543
f 2542 2642 2643
f 2543 2644 2544
f 2543 2643 2644
f 2544 2645 2545
f 2544 2644 2645
f 2545 2646 2546
f 2545 2645 2646
f 2546 2647 2547
f 2546 2646 2647
f 2547 2648 2548
f 2547 2647 2648
f 2548 2649 2549
f 2548 2648 2649
f 2549 2650 2550
f 2549 2649 2650
f 2550 2651 2551
f 2550 2650 2651
f 2551 2652 2552
f 2551 2651 2652
f 2552 2653 2553
f 2552 2652 2653
f 2553 2654 2554
f 2553 2653 2654
f 2554 2655 2555
f 2554 2654 2655
f 2555 2656 2556
f 2555 2655 2656
f 2556 2657 2557
f 2556 2656 2657
f 2557 2658 2558
f 2557 2657 2658
f 2558 2659 2559
f 2558 2658 2659
f 2559 2660 2560
f 2559 2659 2660
f 2560 2661 2561
f 2560 2660 2661
f 2561 2662 2562
f 2561 2661 2662
f 2562 2663 2563
f 2562 2662 2663
f 2563 2664 2564
f 2563 2663 2664
f 2564 2665 2565
f 2564 2664 2665
f 2565 2666 2566
f 2565 2665 2666
f 2566 2667 2567
f 2566 2666 2667
f 2567 2668 2568
f 2567 2667 2668
f 2568 2669 2569
f 2568 2668 2669
f 2569 2670 2570
f 2569 2669 2670
f 2570 2671 2571
f 2570 2670 2671
f 2571 2672 2572
f 2571 2671 2672
f 2572 2673 2573
f 2572 2672 2673
f 2573 2674 2574
f 2573 2673 2674
f 2574 2675 2575
f 2574 2674 2675
f 2575 2676 2576
f 2575 2675 2676
f 2576 2677 2577
f 2576 2676 2677
f 2577 2678 2578
f 2577 2677 2678
f 2578 2679 2579
f 2578 2678 2679
f 2579 2680 2580
f 2579 2679 2680
f 2580 2681 2581
f 2580 2680 2681
f 2581 2682 2582
f 2581 2681 2682
f 2582 2683 2583
f 2582 2682 2683
f 2583 2684 2584
f 2583 2683 2684
f 2584 2685 2585
f 2584 2684 2685
f 2585 2686 2586
f 2585 2685 2686
f 2586 2687 2587
f 2586 2686 2687
f 2587 2688 2588
f 2587 2687 2688
f 2588 2689 2589
f 2588 2688 2689
f 2589 2690 2590
f 2589 2689 2690
f 2590 2691 2591
f 2590 2690 2691
f 2591 2692 2592
f 2591 2691 2692
f 2592 2693 2593
f 2592 2692 2693
f 2593 2694 2594
f 2593 2693 2694
f 2594 2695 2595
f 2594 2694 2695
f 2595 2696 2596
f 2595 2695 2696
f 2596 2697 2597
f 2596 2696 2697
f 2597 2698 2598
f 2597 2697 2698
f 2598 2699 2599
f 2598 2698 2699
f 2599 2700 2600
f 2599 2699 2700
f 2600 2601 2501
f 2600 2700 2601
f 2601 2702 2602
f 2601 2701 2702
f 2602 2703 2603
f 2602 2702 2703
f 2603 2704 2604
f 2603 2703 2704
f 2604 2705 2605
f 2604 2704 2705
f 2605 2706 2606
f 2605 2705 2706
f 2606 2707 2607
f 2606 2706 2707
f 2607 2708 2608
f 2607 2707 2708
f 2608 2709 2609
f 2608 2708 2709
f 2609 2710 2610
f 2609 2709 2710
f 2610 2711 2611
f 2610 2710 2711
f 2611 2712 2612
f 2611 2711 2712
f 2612 2713 2613
f 2612 2712 2713
f 2613 2714 2614
f 2613 2713 2714
f 2614 2715 2615
f 2614 2714 2715
f 2615 2716 2616
f 2615 2715 2716
f 2616 2717 2617
f 2616 2716 2717
f 2617 2718 2618
f 2617 2717 2718
f 2618 2719 2619
f 2618 2718 2719
f 2619 2720 2620
f 2619 2719 2720
f 2620 2721 2621
f 2620 2720 2721
f 2621 2722 2622
f 2621 2721 2722
f 2622 2723 2623
f 2622 2722 2723
f 2623 2724 2624
f 2623 2723 2724
f 2624 2725 2625
f 2624 2724 2725
f 2625 2726 2626
f 2625 2725 2726
f 2626 2727 2627
f 2626 2726 2727
f 2627 2728 2628
f 2627 2727 2728
f 2628 2729 2629
f 2628 2728 2729
f 2629 2730 2630
f 2629 2729 2730
f 2630 2731 2631
f 2630 2730 2731
f 2631 2732 2632
f 2631 2731 2732
f 2632 2733 2633
f 2632 2732 2733
f 2633 2734 2634
f 2633 2733 2734
f 2634 2735 2635
f 2634 2734 2735
f 2635 2736 2636
f 2635 2735 2736
f 2636 2737 2637
f 2636 2736 2737
f 2637 2738 2638
f 2637 2737 2738
f 2638 2739 2639
f 2638 2738 2739
f 2639 2740 2640
f 2639 2739 2740
f 2640 2741 2641
f 2640 2740 2741
f 2641 2742 2642
f 2641 2741 2742
f 2642 2743 2643
f 2642 2742 2743
f 2643 2744 2644
f 2643 2743 2744
f 2644 2745 2645
f 2644 2744 2745
f 2645 2746 2646
f 2645 2745 2746
f 2646 2747 2647
f 2646 2746 2747
f 2647 2748 2648
f 2647 2747 2748
f 2648 2749 2649
f 2648 2748 2749
f 2649 2750 2650
f 2649 2749 2750
f 2650 2751 2651
f 2650 2750 2751
f 2651 2752 2652
f 2651 2751 2752
f 2652 2753 2653
f 2652 2752 2753
f 2653 2754 2654
f 2653 2753 2754
f 2654 2755 2655
f 2654 2754 2755
f 2655 2756 2656
f 2655 2755 2756
f 2656 2757 2657
f 2656 2756 2757
f 2657 2758 2658
f 2657 2757 2758
f 2658 2759 2659
f 2658 2758 2759
f 2659 2760 2660
f 2659 2759 2760
f 2660 2761 2661
f 2660 2760 2761
f 2661 2762 2662
f 2661 2761 2762
f 2662 2763 2663
f 2662 2762 2763
f 2663 2764 2664
f 2663 2763 2764
f 2664 2765 2665
f 2664 2764 2765
f 2665 2766 2666
f 2665 2765 2766
f 2666 2767 2667
f 2666 2766 2767
f 2667 2768 2668
f 2667 2767 2768
f 2668 2769 2669
f 2668 2768 2769
f 2669 2770 2670
f 2669 2769 2770
f 2670 2771 2671
f 2670 2770 2771
f 2671 2772 2672
f 2671 2771 2772
f 2672 2773 2673
f 2672 2772 2773
f 2673 2774 2674
f 2673 2773 2774
f 2674 2775 2675
f 2674 2774 2775
f 2675 2776 2676
f 2675 2775 2776
f 2676 2777 2677
f 2676 2776 2777
f 2677 2778 2678
f 2677 2777 2778
f 2678 2779 2679
f 2678 2778 2779
f 2679 2780 2680
f 2679 2779 2780
f 2680 2781 2681
f 2680 2780 2781
f 2681 2782 2682
f 2681 2781 2782
f 2682 2783 2683
f 2682 2782 2783
f 2683 2784 2684
f 2683 2783 2784
f 2684 2785 2685
f 2684 2784 2785
f 2685 2786 2686
f 2685 2785 2786
f 2686 2787 2687
f 2686 2786 2787
f 2687 2788 2688
f 2687 2787 2788
f 2688 2789 2689
f 2688 2788 2789
f 2689 2790 2690
f 2689 2789 2790
f 2690 2791 2691
f 2690 2790 2791
f 2691 2792 2692
f 2691 2791 2792
f 2692 2793 2693
f 2692 2792 2793
f 2693 2794 2694
f 2693 2793 2794
f 2694 2795 2695
f 2694 2794 2795
f 2695 2796 2696
f 2695 2795 2796
f 2696 2797 2697
f 2696 2796 2797
f 2697 2798 2698
f 2697 2797 2798
f 2698 2799 2699
f 2698 2798 2799
f 2699 2800 2700
f 2699 2799 2800
f 2700 2701 2601
f 2700 2800 2701
f 2701 2802 2702
f 2701 2801 2802
f 2702 2803 2703
f 2702 2802 2803
f 2703 2804 2704
f 2703 2803 2804
f 2704 2805 2705
f 2704 2804 2805
f 2705 2806 2706
f 2705 2805 2806
f 2706 2807 2707
f 2706 2806 2807
f 2707 2808 2708
f 2707 2807 2808
f 2708 2809 2709
f 2708 2808 2809
f 2709 2810 2710
f 2709 2809 2810
f 2710 2811 2711
f 2710 2810 2811
f 2711 2812 2712
f 2711 2811 2812
f 2712 2813 2713
f 2712 2812 2813
f 2713 2814 2714
f 2713 2813 2814
f 2714 2815 2715
f 2714 2814 2815
f 2715 2816 2716
f 2715 2815 2816
f 2716 2817 2717
f 2716 2816 2817
f 2717 2818 2718
f 2717 2817 2818
f 2718 2819 2719
f 2718 2818 2819
f 2719 2820 2720
f 2719 2819 2820
f 2720 2821 2721
f 2720 2820 2821
f 2721 2822 2722
f 2721 2821 2822
f 2722 2823 2723
f 2722 2822 2823
f 2723 2824 2724
f 2723 2823 2824
f 2724 2825 2725
f 2724 2824 2825
f 2725 2826 2726
f 2725 2825 2826
f 2726 2827 2727
f 2726 2826 2827
f 2727 2828 2728
f 2727 2827 2828
f 2728 2829 2729
f 2728 2828 2829
f 2729 2830 2730
f 2729 2829 2830
f 2730 2831 2731
f 2730 2830 2831
f 2731 2832 2732
f 2731 2831 2832
f 2732 2833 2733
f 2732 2832 2833
f 2733 2834 2734
f 2733 2833 2834
f 2734 2835 2735
f 2734 2834 2835
f 2735 2836 2736
f 2735 2835 2836
f 2736 2837 2737
f 2736 2836 2837
f 2737 2838 2738
f 2737 2837 2838
f 2738 2839 2739
f 2738 2838 2839
f 2739 2840 2740
f 2739 2839 2840
f 2740 2841 2741
f 2740 2840 2841
f 2741 2842 2742
f 2741 2841 2842
f 2742 2843 2743
f 2742 2842 2843
f 2743 2844 2744
f 2743 2843 2844
f 2744 2845 2745
f 2744 2844 2845
f 2745 2846 2746
f 2745 2845 2846
f 2746 2847 2747
f 2746 2846 2847
f 2747 2848 2748
f 2747 2847 2848
f 2748 2849 2749
f 2748 2848 2849
f 2749 2850 2750
f 2749 2849 2850
f 2750 2851 2751
f 2750 2850 2851
f 2751 2852 2752
f 2751 2851 2852
f 2752 2853 2753
f 2752 2852 2853
f 2753 2854 2754
f 2753 2853 2854
f 2754 2855 2755
f 2754 2854 2855
f 2755 2856 2756
f 2755 2855 2856
f 2756 2857 2757
f 2756 2856 2857
f 2757 2858 2758
f 2757 2857 2858
f 2758 2859 2759
f 2758 2858 2859
f 2759 2860 2760
f 2759 2859 2860
f 2760 2861 2761
f 2760 2860 2861
f 2761 2862 2762
f 2761 2861 2862
f 2762 2863 2763
f 2762 2862 2863
f 2763 2864 2764
f 2763 2863 2864
f 2764 2865 2765
f 2764 2864 2865
f 2765 2866 2766
f 2765 2865 2866
f 2766 2867 2767
f 2766 2866 2867
f 2767 2868 2768
f 2767 2867 2868
f 2768 2869 2769
f 2768 2868 2869
f 2769 2870 2770
f 2769 2869 2870
f 2770 2871 2771
f 2770 2870 2871
f 2771 2872 2772
f 2771 2871 2872
f 2772 2873 2773
f 2772 2872 2873
f 2773 2874 2774
f 2773 2873 2874
f 2774 2875 2775
f 2774 2874 2875
f 2775 2876 2776
f 2775 2875 2876
f 2776 2877 2777
f 2776 2876 2877
f 2777 2878 2778
f 2777 2877 2878
f 2778 2879 2779
f 2778 2878 2879
f 2779 2880 2780
f 2779 2879 2880
f 2780 2881 2781
f 2780 2880 2881
f 2781 2882 2782
f 2781 2881 2882
f 2782 2883 2783
f 2782 2882 2883
f 2783 2884 2784
f 2783 2883 2884
f 2784 2885 2785
f 2784 2884 2885
f 2785 2886 2786
f 2785 2885 2886
f 2786 2887 2787
f 2786 2886 2887
f 2787 2888 2788
f 2787 2887 2888
f 2788 2889 2789
f 2788 2888 2889
f 2789 2890 2790
f 2789 2889 2890
f 2790 2891 2791
f 2790 2890 2891
f 2791 2892 2792
f 2791 2891 2892
f 2792 2893 2793
f 2792 2892 2893
f 2793 2894 2794
f 2793 2893 2894
f 2794 2895 2795
f 2794 2894 2895
f 2795 2896 2796
f 2795 2895 2896
f 2796 2897 2797
f 2796 2896 2897
f 2797 2898 2798
f 2797 2897 2898
f 2798 2899 2799
f 2798 2898 2899
f 2799 2900 2800
f 2799 2899 2900
f 2800 2801 2701
f 2800 2900 2801
f 2801 2902 2802
f 2801 2901 2902
f 2802 2903 2803
f 2802 2902 2903
f 2803 2904 2804
f 2803 2903 2904
f 2804 2905 2805
f 2804 2904 2905
f 2805 2906 2806
f 2805 2905 2906
f 2806 2907 2807
f 2806 2906 2907
f 2807 2908 2808
f 2807 2907 2908
f 2808 2909 2809
f 2808 2908 2909
f 2809 2910 2810
f 2809 2909 2910
f 2810 2911 2811
f 2810 2910 2911
f 2811 2912 2812
f 2811 2911 2912
f 2812 2913 2813
f 2812 2912 2913
f 2813 2914 2814
f 2813 2913 2914
f 2814 2915 2815
f 2814 2914 2915
f 2815 2916 2816
f 2815 2915 2916
f 2816 2917 2817
f 2816 2916 2917
f 2817 2918 2818
f 2817 2917 2918
f 2818 2919 2819
f 2818 2918 2919
f 2819 2920 2820
f 2819 2919 2920
f 2820 2921 2821
f 2820 2920 2921
f 2821 2922 2822
f 2821 2921 2922
f 2822 2923 2823
f 2822 2922 2923
f 2823 2924 2824
f 2823 2923 2924
f 2824 2925 2825
f 2824 2924 2925
f 2825 2926 2826
f 2825 2925 2926
f 2826 2927 2827
f 2826 2926 2927
f 2827 2928 2828
f 2827 2927 2928
f 2828 2929 2829
f 2828 2928 2929
f 2829 2930 2830
f 2829 2929 2930
f 2830 2931 2831
f 2830 2930 2931
f 2831 2932 2832
f 2831 2931 2932
f 2832 2933 2833
f 2832 2932 2933
f 2833 2934 2834
f 2833 2933 2934
f 2834 2935 2835
f 2834 2934 2935
f 2835 2936 2836
f 2835 2935 2936
f 2836 2937 2837
f 2836 2936 2937
f 2837 2938 2838
f 2837 2937 2938
f 2838 2939 2839
f 2838 2938 2939
f 2839 2940 2840
f 2839 2939 2940
f 2840 2941 2841
f 2840 2940 2941
f 2841 2942 2842
f 2841 2941 2942
f 2842 2943 2843
f 2842 2942 2943
f 2843 2944 2844
f 2843 2943 2944
f 2844 2945 2845
f 2844 2944 2945
f 2845 2946 2846
f 2845 2945 2946
f 2846 2947 2847
f 2846 2946 2947
f 2847 2948 2848
f 2847 2947 2948
f 2848 2949 2849
f 2848 2948 2949
f 2849 2950 2850
f 2849 2949 2950
f 2850 2951 2851
f 2850 2950 2951
f 2851 2952 2852
f 2851 2951 2952
f 2852 2953 2853
f 2852 2952 2953
f 2853 2954 2854
f 2853 2953 2954
f 2854 2955 2855
f 2854 2954 2955
f 2855 2956 2856
f 2855 2955 2956
f 2856 2957 2857
f 2856 2956 2957
f 2857 2958 2858
f 2857 2957 2958
f 2858 2959 2859
f 2858 2958 2959
f 2859 2960 2860
f 2859 2959 2960
f 2860 2961 2861
f 2860 2960 2961
f 2861 2962 2862
f 2861 2961 2962
f 2862 2963 2863
f 2862 2962 2963
f 2863 2964 2864
f 2863 2963 2964
f 2864 2965 2865
f 2864 2964 2965
f 2865 2966 2866
f 2865 2965 2966
f 2866 2967 2867
f 2866 2966 2967
f 2867 2968 2868
f 2867 2967 2968
f 2868 2969 2869
f 2868 2968 2969
f 2869 2970 2870
f 2869 2969 2970
f 2870 2971 2871
f 2870 2970 2971
f 2871 2972 2872
f 2871 2971 2972
f 2872 2973 2873
f 2872 2972 2973
f 2873 2974 2874
f 2873 2973 2974
f 2874 2975 2875
f 2874 2974 2975
f 2875 2976 2876
f 2875 2975 2976
f 2876 2977 2877
f 2876 2976 2977
f 2877 2978 2878
f 2877 2977 2978
f 2878 2979 2879
f 2878 2978 2979
f 2879 2980 2880
f 2879 2979 2980
f 2880 2981 2881
f 2880 2980 2981
f 2881 2982 2882
f 2881 2981 2982
f 2882 2983 2883
f 2882 2982 2983
f 2883 2984 2884
f 2883 2983 2984
f 2884 2985 2885
f 2884 2984 2985
f 2885 2986 2886
f 2885 2985 2986
f 2886 2987 2887
f 2886 2986 2987
f 2887 2988 2888
f 2887 2987 2988
f 2888 2989 2889
f 2888 2988 2989
f 2889 2990 2890
f 2889 2989 2990
f 2890 2991 2891
f 2890 2990 2991
f 2891 2992 2892
f 2891 2991 2992
f 2892 2993 2893
f 2892 2992 2993
f 2893 2994 2894
f 2893 2993 2994
f 2894 2995 2895
f 2894 2994 2995
f 2895 2996 2896
f 2895 2995 2996
f 2896 2997 2897
f 2896 2996 2997
f 2897 2998 2898
f 2897 2997 2998
f 2898 2999 2899
f 2898 2998 2999
f 2899 3000 2900
f 2899 2999 3000
f 2900 2901 2801
f 2900 3000 2901
f 2901 3002 2902
f 2901 3001 3002
f 2902 3003 2903
f 2902 3002 3003
f 2903 3004 2904
f 2903 3003 3004
f 2904 3005 2905
f 2904 3004 3005
f 2905 3006 2906
f 2905 3005 3006
f 2906 3007 2907
f 2906 3006 3007
f 2907 3008 2908
f 2907 3007 3008
f 2908 3009 2909
f 2908 3008 3009
f 2909 3010 2910
f 2909 3009 3010
f 2910 3011 2911
f 2910 3010 3011
f 2911 3012 2912
f 2911 3011 3012
f 2912 3013 2913
f 2912 3012 3013
f 2913 3014 2914
f 2913 3013 3014
f 2914 3015 2915
f 2914 3014 3015
f 2915 3016 2916
f 2915 3015 3016
f 2916 3017 2917
f 2916 3016 3017
f 2917 3018 2918
f 2917 3017 3018
f 2918 3019 2919
f 2918 3018 3019
f 2919 3020 2920
f 2919 3019 3020
f 2920 3021 2921
f 2920 3020 3021
f 2921 3022 2922
f 2921 3021 3022
f 2922 3023 2923
f 2922 3022 3023
f 2923 3024 2924
f 2923 3023 3024
f 2924 3025 2925
f 2924 3024 3025
f 2925 3026 2926
f 2925 3025 3026
f 2926 3027 2927
f 2926 3026 3027
f 2927 3028 2928
f 2927 3027 3028
f 2928 3029 2929
f 2928 3028 3029
f 2929 3030 2930
f 2929 3029 3030
f 2930 3031 2931
f 2930 3030 3031
f 2931 3032 2932
f 2931 3031 3032
f 2932 3033 2933
f 2932 3032 3033
f 2933 3034 2934
f 2933 3033 3034
f 2934 3035 2935
f 2934 3034 3035
f 2935 3036 2936
f 2935 3035 3036
f 2936 3037 2937
f 2936 3036 3037
f 2937 3038 2938
f 2937 3037 3038
f 2938 3039 2939
f 2938 3038 3039
f 2939 3040 2940
f 2939 3039 3040
f 2940 3041 2941
f 2940 3040 3041
f 2941 3042 2942
f 2941 3041 3042
f 2942 3043 2943
f 2942 3042 3043
f 2943 3044 2944
f 2943 3043 3044
f 2944 3045 2945
f 2944 3044 3045
f 2945 3046 2946
f 2945 3045 3046
f 2946 3047 2947
f 2946 3046 3047
f 2947 3048 2948
f 2947 3047 3048
f 2948 3049 2949
f 2948 3048 3049
f 2949 3050 2950
f 2949 3049 3050
f 2950 3051 2951
f 2950 3050 3051
f 2951 3052 2952
f 2951 3051 3052
f 2952 3053 2953
f 2952 3052 3053
f 2953 3054 2954
f 2953 3053 3054
f 2954 3055 2955
f 2954 3054 3055
f 2955 3056 2956
f 2955 3055 3056
f 2956 3057 2957
f 2956 3056 3057
f 2957 3058 2958
f 2957 3057 3058
f 2958 3059 2959
f 2958 3058 3059
f 2959 3060 2960
f 2959 3059 3060
f 2960 3061 2961
f 2960 3060 3061
f 2961 3062 2962
f 2961 3061 3062
f 2962 3063 2963
f 2962 3062 3063
f 2963 3064 2964
f 2963 3063 3064
f 2964 3065 2965
f 2964 3064 3065
f 2965 3066 2966
f 2965 3065 3066
f 2966 3067 2967
f 2966 3066 3067
f 2967 3068 2968
f 2967 3067 3068
f 2968 3069 2969
f 2968 3068 3069
f 2969 3070 2970
f 2969 3069 3070
f 2970 3071 2971
f 2970 3070 3071
f 2971 3072 2972
f 2971 3071 3072
f 2972 3073 2973
f 2972 3072 3073
f 2973 3074 2974
f 2973 3073 3074
f 2974 3075 2975
f 2974 3074 3075
f 2975 3076 2976
f 2975 3075 3076
f 2976 3077 2977
f 2976 3076 3077
f 2977 3078 2978
f 2977 3077 3078
f 2978 3079 2979
f 2978 3078 3079
f 2979 3080 2980
f 2979 3079 3080
f 2980 3081 2981
f 2980 3080 3081
f 2981 3082 2982
f 2981 3081 3082
f 2982 3083 2983
f 2982 3082 3083
f 2983 3084 2984
f 2983 3083 3084
f 2984 3085 2985
f 2984 3084 3085
f 2985 3086 2986
f 2985 3085 3086
f 2986 3087 2987
f 2986 3086 3087
f 2987 3088 2988
f 2987 3087 3088
f 2988 3089 2989
f 2988 3088 3089
f 2989 3090 2990
f 2989 3089 3090
f 2990 3091 2991
f 2990 3090 3091
f 2991 3092 2992
f 2991 3091 3092
f 2992 3093 2993
f 2992 3092 3093
f 2993 3094 2994
f 2993 3093 3094
f 2994 3095 2995
f 2994 3094 3095
f 2995 3096 2996
f 2995 3095 3096
f 2996 3097 2997
f 2996 3096 3097
f 2997 3098 2998
f 2997 3097 3098
f 2998 3099 2999
f 2998 3098 3099
f 2999 3100 3000
f 2999 3099 3100
f 3000 3001 2901
f 3000 3100 3001
f 3001 3102 3002
f 3001 3101 3102
f 3002 3103 3003
f 3002 3102 3103
f 3003 3104 3004
f 3003 3103 3104
f 3004 3105 3005
f 3004 3104 3105
f 3005 3106 3006
f 3005 3105 3106
f 3006 3107 3007
f 3006 3106 3107
f 3007 3108 3008
f 3007 3107 3108
f 3008 3109 3009
f 3008 3108 3109
f 3009 3110 3010
f 3009 3109 3110
f 3010 3111 3011
f 3010 3110 3111
f 3011 3112 3012
f 3011 3111 3112
f 3012 3113 3013
f 3012 3112 3113
f 3013 3114 3014
f 3013 3113 3114
f 3014 3115 3015
f 3014 3114 3115
f 3015 3116 3016
f 3015 3115 3116
f 3016 3117 3017
f 3016 3116 3117
f 3017 3118 3018
f 3017 3117 3118
f 3018 3119 3019
f 3018 3118 3119
f 3019 3120 3020
f 3019 3119 3120
f 3020 3121 3021
f 3020 3120 3121
f 3021 3122 3022
f 3021 3121 3122
f 3022 3123 3023
f 3022 3122 3123
f 3023 3124 3024
f 3023 3123 3124
f 3024 3125 3025
f 3024 3124 3125
f 3025 3126 3026
f 3025 3125 3126
f 3026 3127 3027
f 3026 3126 3127
f 3027 3128 3028
f 3027 3127 3128
f 3028 3129 3029
f 3028 3128 3129
f 3029 3130 3030
f 3029 3129 3130
f 3030 3131 3031
f 3030 3130 3131
f 3031 3132 3032
f 3031 3131 3132
f 3032 3133 3033
f 3032 3132 3133
f 3033 3134 3034
f 3033 3133 3134
f 3034 3135 3035
f 3034 3134 3135
f 3035 3136 3036
f 3035 3135 3136
f 3036 3137 3037
f 3036 3136 3137
f 3037 3138 3038
f 3037 3137 3138
f 3038 3139 3039
f 3038 3138 3139
f 3039 3140 3040
f 3039 3139 3140
f 3040 3141 3041
f 3040 3140 3141
f 3041 3142 3042
f 3041 3141 3142
f 3042 3143 3043
f 3042 3142 3143
f 3043 3144 3044
f 3043 3143 3144
f 3044 3145 3045
f 3044 3144 3145
f 3045 3146 3046
f 3045 3145 3146
f 3046 3147 3047
f 3046 3146 3147
f 3047 3148 3048
f 3047 3147 3148
f 3048 3149 3049
f 3048 3148 3149
f 3049 3150 3050
f 3049 3149 3150
f 3050 3151 3051
f 3050 3150 3151
f 3051 3152 3052
f 3051 3151 3152
f 3052 3153 3053
f 3052 3152 3153
f 3053 3154 3054
f 3053 3153 3154
f 3054 3155 3055
f 3054 3154 3155
f 3055 3156 3056
f 3055 3155 3156
f 3056 3157 3057
f 3056 3156 3157
f 3057 3158 3058
f 3057 3157 3158
f 3058 3159 3059
f 3058 3158 3159
f 3059 3160 3060
f 3059 3159 3160
f 3060 3161 3061
f 3060 3160 3161
f 3061 3162 3062
f 3061 3161 3162
f 3062 3163 3063
f 3062 3162 3163
f 3063 3164 3064
f 3063 3163 3164
f 3064 3165 3065
f 3064 3164 3165
f 3065 3166 3066
f 3065 3165 3166
f 3066 3167 3067
f 3066 3166 3167
f 3067 3168 3068
f 3067 3167 3168
f 3068 3169 3069
f 3068 3168 3169
f 3069 3170 3070
f 3069 3169 3170
f 3070 3171 3071
f 3070 3170 3171
f 3071 3172 3072
f 3071 3171 3172
f 3072 3173 3073
f 3072 3172 3173
f 3073 3174 3074
f 3073 3173 3174
f 3074 3175 3075
f 3074 3174 3175
f 3075 3176 3076
f 3075 3175 3176
f 3076 3177 3077
f 3076 3176 3177
f 3077 3178 3078
f 3077 3177 3178
f 3078 3179 3079
f 3078 3178 3179
f 3079 3180 3080
f 3079 3179 3180
f 3080 3181 3081
f 3080 3180 3181
f 3081 3182 3082
f 3081 3181 3182
f 3082 3183 3083
f 3082 3182 3183
f 3083 3184 3084
f 3083 3183 3184
f 3084 3185 3085
f 3084 3184 3185
f 3085 3186 3086
f 3085 3185 3186
f 3086 3187 3087
f 3086 3186 3187
f 3087 3188 3088
f 3087 3187 3188
f 3088 3189 3089
f 3088 3188 3189
f 3089 3190 3090
f 3089 3189 3190
f 3090 3191 3091
f 3090 3190 3191
f 3091 3192 3092
f 3091 3191 3192
f 3092 3193 3093
f 3092 3192 3193
f 3093 3194 3094
f 3093 3193 3194
f 3094 3195 3095
f 3094 3194 3195
f 3095 3196 3096
f 3095 3195 3196
f 3096 3197 3097
f 3096 3196 3197
f 3097 3198 3098
f 3097 3197 3198
f 3098 3199 3099
f 3098 3198 3199
f 3099 3200 3100
f 3099 3199 3200
f 3100 3101 3001
f 3100 3200 3101
f 3101 3202 3102
f 3101 3201 3202
f 3102 3203 3103
f 3102 3202 3203
f 3103 3204 3104
f 3103 3203 3204
f 3104 3205 3105
f 3104 3204 3205
f 3105 3206 3106
f 3105 3205 3206
f 3106 3207 3107
f 3106 3206 3207
f 3107 3208 3108
f 3107 3207 3208
f 3108 3209 3109
f 3108 3208 3209
f 3109 3210 3110
f 3109 3209 3210
f 3110 3211 3111
f 3110 3210 3211
f 3111 3212 3112
f 3111 3211 3212
f 3112 3213 3113
f 3112 3212 3213
f 3113 3214 3114
f 3113 3213 3214
f 3114 3215 3115
f 3114 3214 3215
f 3115 3216 3116
f 3115 3215 3216
f 3116 3217 3117
f 3116 3216 3217
f 3117 3218 3118
f 3117 3217 3218
f 3118 3219 3119
f 3118 3218 3219
f 3119 3220 3120
f 3119 3219 3220
f 3120 3221 3121
f 3120 3220 3221
f 3121 3222 3122
f 3121 3221 3222
f 3122 3223 3123
f 3122 3222 3223
f 3123 3224 3124
f 3123 3223 3224
f 3124 3225 3125
f 3124 3224 3225
f 3125 3226 3126
f 3125 3225 3226
f 3126 3227 3127
f 3126 3226 3227
f 3127 3228 3128
f 3127 3227 3228
f 3128 3229 3129
f 3128 3228 3229
f 3129 3230 3130
f 3129 3229 3230
f 3130 3231 3131
f 3130 3230 3231
f 3131 3232 3132
f 3131 3231 3232
f 3132 3233 3133
f 3132 3232 3233
f 3133 3234 3134
f 3133 3233 3234
f 3134 3235 3135
f 3134 3234 3235
f 3135 3236 3136
f 3135 3235 3236
f 3136 3237 3137
f 3136 3236 3237
f 3137 3238 3138
f 3137 3237 3238
f 3138 3239 3139
f 3138 3238 3239
f 3139 3240 3140
f 3139 3239 3240
f 3140 3241 3141
f 3140 3240 3241
f 3141 3242 3142
f 3141 3241 3242
f 3142 3243 3143
f 3142 3242 3243
f 3143 3244 3144
f 3143 3243 3244
f 3144 3245 3145
f 3144 3244 3245
f 3145 3246 3146
f 3145 3245 3246
f 3146 3247 3147
f 3146 3246 3247
f 3147 3248 3148
f 3147 3247 3248
f 3148 3249 3149
f 3148 3248 3249
f 3149 3250 3150
f 3149 3249 3250
f 3150 3251 3151
f 3150 3250 3251
f 3151 3252 3152
f 3151 3251 3252
f 3152 3253 3153
f 3152 3252 3253
f 3153 3254 3154
f 3153 3253 3254
f 3154 3255 3155
f 3154 3254 3255
f 3155 3256 3156
f 3155 3255 3256
f 3156 3257 3157
f 3156 3256 3257
f 3157 3258 3158
f 3157 3257 3258
f 3158 3259 3159
f 3158 3258 3259
f 3159 3260 3160
f 3159 3259 3260
f 3160 3261 3161
f 3160 3260 3261
f 3161 3262 3162
f 3161 3261 3262
f 3162 3263 3163
f 3162 3262 3263
f 3163 3264 3164
f 3163 3263 3264
f 3164 3265 3165
f 3164 3264 3265
f 3165 3266 3166
f 3165 3265 3266
f 3166 3267 3167
f 3166 3266 3267
f 3167 3268 3168
f 3167 3267 3268
f 3168 3269 3169
f 3168 3268 3269
f 3169 3270 3170
f 3169 3269 3270
f 3170 3271 3171
f 3170 3270 3271
f 3171 3272 3172
f 3171 3271 3272
f 3172 3273 3173
f 3172 3272 3273
f 3173 3274 3174
f 3173 3273 3274
f 3174 3275 3175
f 3174 3274 3275
f 3175 3276 3176
f 3175 3275 3276
f 3176 3277 3177
f 3176 3276 3277
f 3177 3278 3178
f 3177 3277 3278
f 3178 3279 3179
f 3178 3278 3279
f 3179 3280 3180
f 3179 3279 3280
f 3180 3281 3181
f 3180 3280 3281
f 3181 3282 3182
f 3181 3281 3282
f 3182 3283 3183
f 3182 3282 3283
f 3183 3284 3184
f 3183 3283 3284
f 3184 3285 3185
f 3184 3284 3285
f 3185 3286 3186
f 3185 3285 3286
f 3186 3287 3187
f 3186 3286 3287
f 3187 3288 3188
f 3187 3287 3288
f 3188 3289 3189
f 3188 3288 3289
f 3189 3290 3190
f 3189 3289 3290
f 3190 3291 3191
f 3190 3290 3291
f 3191 3292 3192
f 3191 3291 3292
f 3192 3293 3193
f 3192 3292 3293
f 3193 3294 3194
f 3193 3293 3294
f 3194 3295 3195
f 3194 3294 3295
f 3195 3296 3196
f 3195 3295 3296
f 3196 3297 3197
f 3196 3296 3297
f 3197 3298 3198
f 3197 3297 3298
f 3198 3299 3199
f 3198 3298 3299
f 3199 3300 3200
f 3199 3299 3300
f 3200 3201 3101
f 3200 3300 3201
f 3201 3302 3202
f 3201 3301 3302
f 3202 3303 3203
f 3202 3302 3303
f 3203 3304 3204
f 3203 3303 3304
f 3204 3305 3205
f 3204 3304 3305
f 3205 3306 3206
f 3205 3305 3306
f 3206 3307 3207
f 3206 3306 3307
f 3207 3308 3208
f 3207 3307 3308
f 3208 3309 3209
f 3208 3308 3309
f 3209 3310 3210
f 3209 3309 3310
f 3210 3311 3211
f 3210 3310 3311
f 3211 3312 3212
f 3211 3311 3312
f 3212 3313 3213
f 3212 3312 3313
f 3213 3314 3214
f 3213 3313 3314
f 3214 3315 3215
f 3214 3314 3315
f 3215 3316 3216
f 3215 3315 3316
f 3216 3317 3217
f 3216 3316 3317
f 3217 3318 3218
f 3217 3317 3318
f 3218 3319 3219
f 3218 3318 3319
f 3219 3320 3220
f 3219 3319 3320
f 3220 3321 3221
f 3220 3320 3321
f 3221 3322 3222
f 3221 3321 3322
f 3222 3323 3223
f 3222 3322 3323
f 3223 3324 3224
f 3223 3323 3324
f 3224 3325 3225
f 3224 3324 3325
f 3225 3326 3226
f 3225 3325 3326
f 3226 3327 3227
f 3226 3326 3327
f 3227 3328 3228
f 3227 3327 3328
f 3228 3329 3229
f 3228 3328 3329
f 3229 3330 3230
f 3229 3329 3330
f 3230 3331 3231
f 3230 3330 3331
f 3231 3332 3232
f 3231 3331 3332
f 3232 3333 3233
f 3232 3332 3333
f 3233 3334 3234
f 3233 3333 3334
f 3234 3335 3235
f 3234 3334 3335
f 3235 3336 3236
f 3235 3335 3336
f 3236 3337 3237
f 3236 3336 3337
f 3237 3338 3238
f 3237 3337 3338
f 3238 3339 3239
f 3238 3338 3339
f 3239 3340 3240
f 3239 3339 3340
f 3240 3341 3241
f 3240 3340 3341
f 3241 3342 3242
f 3241 3341 3342
f 3242 3343 3243
f 3242 3342 3343
f 3243 3344 3244
f 3243 3343 3344
f 3244 3345 3245
f 3244 3344 3345
f 3245 3346 3246
f 3245 3345 3346
f 3246 3347 3247
f 3246 3346 3347
f 3247 3348 3248
f 3247 3347 3348
f 3248 3349 3249
f 3248 3348 3349
f 3249 3350 3250
f 3249 3349 3350
f 3250 3351 3251
f 3250 3350 3351
f 3251 3352 3252
f 3251 3351 3352
f 3252 3353 3253
f 3252 3352 3353
f 3253 3354 3254
f 3253 3353 3354
f 3254 3355 3255
f 3254 3354 3355
f 3255 3356 3256
f 3255 3355 3356
f 3256 3357 3257
f 3256 3356 3357
f 3257 3358 3258
f 3257 3357 3358
f 3258 3359 3259
f 3258 3358 3359
f 3259 3360 3260
f 3259 3359 3360
f 3260 3361 3261
f 3260 3360 3361
f 3261 3362 3262
f 3261 3361 3362
f 3262 3363 3263
f 3262 3362 3363
f 3263 3364 3264
f 3263 3363 3364
f 3264 3365 3265
f 3264 3364 3365
f 3265 3366 3266
f 3265 3365 3366
f 3266 3367 3267
f 3266 3366 3367
f 3267 3368 3268
f 3267 3367 3368
f 3268 3369 3269
f 3268 3368 3369
f 3269 3370 3270
f 3269 3369 3370
f 3270 3371 3271
f 3270 3370 3371
f 3271 3372 3272
f 3271 3371 3372
f 3272 3373 3273
f 3272 3372 3373
f 3273 3374 3274
f 3273 3373 3374
f 3274 3375 3275
f 3274 3374 3375
f 3275 3376 3276
f 3275 3375 3376
f 3276 3377 3277
f 3276 3376 3377
f 3277 3378 3278
f 3277 3377 3378
f 3278 3379 3279
f 3278 3378 3379
f 3279 3380 3280
f 3279 3379 3380
f 3280 3381 3281
f 3280 3380 3381
f 3281 3382 3282
f 3281 3381 3382
f 3282 3383 3283
f 3282 3382 3383
f 3283 3384 3284
f 3283 3383 3384
f 3284 3385 3285
f 3284 3384 3385
f 3285 3386 3286
f 3285 3385 3386
f 3286 3387 3287
f 3286 3386 3387
f 3287 3388 3288
f 3287 3387 3388
f 3288 3389 3289
f 3288 3388 3389
f 3289 3390 3290
f 3289 3389 3390
f 3290 3391 3291
f 3290 3390 3391
f 3291 3392 3292
f 3291 3391 3392
f 3292 3393 3293
f 3292 3392 3393
f 3293 3394 3294
f 3293 3393 3394
f 3294 3395 3295
f 3294 3394 3395
f 3295 3396 3296
f 3295 3395 3396
f 3296 3397 3297
f 3296 3396 3397
f 3297 3398 3298
f 3297 3397 3398
f 3298 3399 3299
f 3298 3398 3399
f 3299 3400 3300
f 3299 3399 3400
f 3300 3301 3201
f 3300 3400 3301
f 3301 3402 3302
f 3301 3401 3402
f 3302 3403 3303
f 3302 3402 3403
f 3303 3404 3304
f 3303 3403 3404
f 3304 3405 3305
f 3304 3404 3405
f 3305 3406 3306
f 3305 3405 3406
f 3306 3407 3307
f 3306 3406 3407
f 3307 3408 3308
f 3307 3407 3408
f 3308 3409 3309
f 3308 3408 3409
f 3309 3410 3310
f 3309 3409 3410
f 3310 3411 3311
f 3310 3410 3411
f 3311 3412 3312
f 3311 3411 3412
f 3312 3413 3313
f 3312 3412 3413
f 3313 3414 3314
f 3313 3413 3414
f 3314 3415 3315
f 3314 3414 3415
f 3315 3416 3316
f 3315 3415 3416
f 3316 3417 3317
f 3316 3416 3417
f 3317 3418 3318
f 3317 3417 3418
f 3318 3419 3319
f 3318 3418 3419
f 3319 3420 3320
f 3319 3419 3420
f 3320 3421 3321
f 3320 3420 3421
f 3321 3422 3322
f 3321 3421 3422
f 3322 3423 3323
f 3322 3422 3423
f 3323 3424 3324
f 3323 3423 3424
f 3324 3425 3325
f 3324 3424 3425
f 3325 3426 3326
f 3325 3425 3426
f 3326 3427 3327
f 3326 3426 3427
f 3327 3428 3328
f 3327 3427 3428
f 3328 3429 3329
f 3328 3428 3429
f 3329 3430 3330
f 3329 3429 3430
f 3330 3431 3331
f 3330 3430 3431
f 3331 3432 3332
f 3331 3431 3432
f 3332 3433 3333
f 3332 3432 3433
f 3333 3434 3334
f 3333 3433 3434
f 3334 3435 3335
f 3334 3434 3435
f 3335 3436 3336
f 3335 3435 3436
f 3336 3437 3337
f 3336 3436 3437
f 3337 3438 3338
f 3337 3437 3438
f 3338 3439 3339
f 3338 3438 3439
f 3339 3440 3340
f 3339 3439 3440
f 3340 3441 3341
f 3340 3440 3441
f 3341 3442 3342
f 3341 3441 3442
f 3342 3443 3343
f 3342 3442 3443
f 3343 3444 3344
f 3343 3443 3444
f 3344 3445 3345
f 3344 3444 3445
f 3345 3446 3346
f 3345 3445 3446
f 3346 3447 3347
f 3346 3446 3447
f 3347 3448 3348
f 3347 3447 3448
f 3348 3449 3349
f 3348 3448 3449
f 3349 3450 3350
f 3349 3449 3450
f 3350 3451 3351
f 3350 3450 3451
f 3351 3452 3352
f 3351 3451 3452
f 3352 3453 3353
f 3352 3452 3453
f 3353 3454 3354
f 3353 3453 3454
f 3354 3455 3355
f 3354 3454 3455
f 3355 3456 3356
f 3355 3455 3456
f 3356 3457 3357
f 3356 3456 3457
f 3357 3458 3358
f 3357 3457 3458
f 3358 3459 3359
f 3358 3458 3459
f 3359 3460 3360
f 3359 3459 3460
f 3360 3461 3361
f 3360 3460 3461
f 3361 3462 3362
f 3361 3461 3462
f 3362 3463 3363
f 3362 3462 3463
f 3363 3464 3364
f 3363 3463 3464
f 3364 3465 3365
f 3364 3464 3465
f 3365 3466 3366
f 3365 3465 3466
f 3366 3467 3367
f 3366 3466 3467
f 3367 3468 3368
f 3367 3467 3468
f 3368 3469 3369
f 3368 3468 3469
f 3369 3470 3370
f 3369 3469 3470
f 3370 3471 3371
f 3370 3470 3471
f 3371 3472 3372
f 3371 3471 3472
f 3372 3473 3373
f 3372 3472 3473
f 3373 3474 3374
f 3373 3473 3474
f 3374 3475 3375
f 3374 3474 3475
f 3375 3476 3376
f 3375 3475 3476
f 3376 3477 3377
f 3376 3476 3477
f 3377 3478 3378
f 3377 3477 3478
f 3378 3479 3379
f 3378 3478 3479
f 3379 3480 3380
f 3379 3479 3480
f 3380 3481 3381
f 3380 3480 3481
f 3381 3482 3382
f 3381 3481 3482
f 3382 3483 3383
f 3382 3482 3483
f 3383 3484 3384
f 3383 3483 3484
f 3384 3485 3385
f 3384 3484 3485
f 3385 3486 3386
f 3385 3485 3486
f 3386 3487 3387
f 3386 3486 3487
f 3387 3488 3388
f 3387 3487 3488
f 3388 3489 3389
f 3388 3488 3489
f 3389 3490 3390
f 3389 3489 3490
f 3390 3491 3391
f 3390 3490 3491
f 3391 3492 3392
f 3391 3491 3492
f 3392 3493 3393
f 3392 3492 3493
f 3393 3494 3394
f 3393 3493 3494
f 3394 3495 3395
f 3394 3494 3495
f 3395 3496 3396
f 3395 3495 3496
f 3396 3497 3397
f 3396 3496 3497
f 3397 3498 3398
f 3397 3497 3498
f 3398 3499 3399
f 3398 3498 3499
f 3399 3500 3400
f 3399 3499 3500
f 3400 3401 3301
f 3400 3500 3401
f 3401 3502 3402
f 3401 3501 3502
f 3402 3503 3403
f 3402 3502 3503
f 3403 3504 3404
f 3403 3503 3504
f 3404 3505 3405
f 3404 3504 3505
f 3405 3506 3406
f 3405 3505 3506
f 3406 3507 3407
f 3406 3506 3507
f 3407 3508 3408
f 3407 3507 3508
f 3408 3509 3409
f 3408 3508 3509
f 3409 3510 3410
f 3409 3509 3510
f 3410 3511 3411
f 3410 3510 3511
f 3411 3512 3412
f 3411 3511 3512
f 3412 3513 3413
f 3412 3512 3513
f 3413 3514 3414
f 3413 3513 3514
f 3414 3515 3415
f 3414 3514 3515
f 3415 3516 3416
f 3415 3515 3516
f 3416 3517 3417
f 3416 3516 3517
f 3417 3518 3418
f 3417 3517 3518
f 3418 3519 3419
f 3418 3518 3519
f 3419 3520 3420
f 3419 3519 3520
f 3420 3521 3421
f 3420 3520 3521
f 3421 3522 3422
f 3421 3521 3522
f 3422 3523 3423
f 3422 3522 3523
f 3423 3524 3424
f 3423 3523 3524
f 3424 3525 3425
f 3424 3524 3525
f 3425 3526 3426
f 3425 3525 3526
f 3426 3527 3427
f 3426 3526 3527
f 3427 3528 3428
f 3427 3527 3528
f 3428 3529 3429
f 3428 3528 3529
f 3429 3530 3430
f 3429 3529 3530
f 3430 3531 3431
f 3430 3530 3531
f 3431 3532 3432
f 3431 3531 3532
f 3432 3533 3433
f 3432 3532 3533
f 3433 3534 3434
f 3433 3533 3534
f 3434 3535 3435
f 3434 3534 3535
f 3435 3536 3436
f 3435 3535 3536
f 3436 3537 3437
f 3436 3536 3537
f 3437 3538 3438
f 3437 3537 3538
f 3438 3539 3439
f 3438 3538 3539
f 3439 3540 3440
f 3439 3539 3540
f 3440 3541 3441
f 3440 3540 3541
f 3441 3542 3442
f 3441 3541 3542
f 3442 3543 3443
f 3442 3542 3543
f 3443 3544 3444
f 3443 3543 3544
f 3444 3545 3445
f 3444 3544 3545
f 3445 3546 3446
f 3445 3545 3546
f 3446 3547 3447
f 3446 3546 3547
f 3447 3548 3448
f 3447 3547 3548
f 3448 3549 3449
f 3448 3548 3549
f 3449 3550 3450
f 3449 3549 3550
f 3450 3551 3451
f 3450 3550 3551
f 3451 3552 3452
f 3451 3551 3552
f 3452 3553 3453
f 3452 3552 3553
f 3453 3554 3454
f 3453 3553 3554
f 3454 3555 3455
f 3454 3554 3555
f 3455 3556 3456
f 3455 3555 3556
f 3456 3557 3457
f 3456 3556 3557
f 3457 3558 3458
f 3457 3557 3558
f 3458 3559 3459
f 3458 3558 3559
f 3459 3560 3460
f 3459 3559 3560
f 3460 3561 3461
f 3460 3560 3561
f 3461 3562 3462
f 3461 3561 3562
f 3462 3563 3463
f 3462 3562 3563
f 3463 3564 3464
f 3463 3563 3564
f 3464 3565 3465
f 3464 3564 3565
f 3465 3566 3466
f 3465 3565 3566
f 3466 3567 3467
f 3466 3566 3567
f 3467 3568 3468
f 3467 3567 3568
f 3468 3569 3469
f 3468 3568 3569
f 3469 3570 3470
f 3469 3569 3570
f 3470 3571 3471
f 3470 3570 3571
f 3471 3572 3472
f 3471 3571 3572
f 3472 3573 3473
f 3472 3572 3573
f 3473 3574 3474
f 3473 3573 3574
f 3474 3575 3475
f 3474 3574 3575
f 3475 3576 3476
f 3475 3575 3576
f 3476 3577 3477
f 3476 3576 3577
f 3477 3578 3478
f 3477 3577 3578
f 3478 3579 3479
f 3478 3578 3579
f 3479 3580 3480
f 3479 3579 3580
f 3480 3581 3481
f 3480 3580 3581
f 3481 3582 3482
f 3481 3581 3582
f 3482 3583 3483
f 3482 3582 3583
f 3483 3584 3484
f 3483 3583 3584
f 3484 3585 3485
f 3484 3584 3585
f 3485 3586 3486
f 3485 3585 3586
f 3486 3587 3487
f 3486 3586 3587
f 3487 3588 3488
f 3487 3587 3588
f 3488 3589 3489
f 3488 3588 3589
f 3489 3590 3490
f 3489 3589 3590
f 3490 3591 3491
f 3490 3590 3591
f 3491 3592 3492
f 3491 3591 3592
f 3492 3593 3493
f 3492 3592 3593
f 3493 3594 3494
f 3493 3593 3594
f 3494 3595 3495
f 3494 3594 3595
f 3495 3596 3496
f 3495 3595 3596
f 3496 3597 3497
f 3496 3596 3597
f 3497 3598 3498
f 3497 3597 3598
f 3498 3599 3499
f 3498 3598 3599
f 3499 3600 3500
f 3499 3599 3600
f 3500 3501 3401
f 3500 3600 3501
f 3501 3602 3502
f 3501 3601 3602
f 3502 3603 3503
f 3502 3602 3603
f 3503 3604 3504
f 3503 3603 3604
f 3504 3605 3505
f 3504 3604 3605
f 3505 3606 3506
f 3505 3605 3606
f 3506 3607 3507
f 3506 3606 3607
f 3507 3608 3508
f 3507 3607 3608
f 3508 3609 3509
f 3508 3608 3609
f 3509 3610 3510
f 3509 3609 3610
f 3510 3611 3511
f 3510 3610 3611
f 3511 3612 3512
f 3511 3611 3612
f 3512 3613 3513
f 3512 3612 3613
f 3513 3614 3514
f 3513 3613 3614
f 3514 3615 3515
f 3514 3614 3615
f 3515 3616 3516
f 3515 3615 3616
f 3516 3617 3517
f 3516 3616 3617
f 3517 3618 3518
f 3517 3617 3618
f 3518 3619 3519
f 3518 3618 3619
f 3519 3620 3520
f 3519 3619 3620
f 3520 3621 3521
f 3520 3620 3621
f 3521 3622 3522
f 3521 3621 3622
f 3522 3623 3523
f 3522 3622 3623
f 3523 3624 3524
f 3523 3623 3624
f 3524 3625 3525
f 3524 3624 3625
f 3525 3626 3526
f 3525 3625 3626
f 3526 3627 3527
f 3526 3626 3627
f 3527 3628 3528
f 3527 3627 3628
f 3528 3629 3529
f 3528 3628 3629
f 3529 3630 3530
f 3529 3629 3630
f 3530 3631 3531
f 3530 3630 3631
f 3531 3632 3532
f 3531 3631 3632
f 3532 3633 3533
f 3532 3632 3633
f 3533 3634 3534
f 3533 3633 3634
f 3534 3635 3535
f 3534 3634 3635
f 3535 3636 3536
f 3535 3635 3636
f 3536 3637 3537
f 3536 3636 3637
f 3537 3638 3538
f 3537 3637 3638
f 3538 3639 3539
f 3538 3638 3639
f 3539 3640 3540
f 3539 3639 3640
f 3540 3641 3541
f 3540 3640 3641
f 3541 3642 3542
f 3541 3641 3642
f 3542 3643 3543
f 3542 3642 3643
f 3543 3644 3544
f 3543 3643 3644
f 3544 3645 3545
f 3544 3644 3645
f 3545 3646 3546
f 3545 3645 3646
f 3546 3647 3547
f 3546 3646 3647
f 3547 3648 3548
f 3547 3647 3648
f 3548 3649 3549
f 3548 3648 3649
f 3549 3650 3550
f 3549 3649 3650
f 3550 3651 3551
f 3550 3650 3651
f 3551 3652 3552
f 3551 3651 3652
f 3552 3653 3553
f 3552 3652 3653
f 3553 3654 3554
f 3553 3653 3654
f 3554 3655 3555
f 3554 3654 3655
f 3555 3656 3556
f 3555 3655 3656
f 3556 3657 3557
f 3556 3656 3657
f 3557 3658 3558
f 3557 3657 3658
f 3558 3659 3559
f 3558 3658 3659
f 3559 3660 3560
f 3559 3659 3660
f 3560 3661 3561
f 3560 3660 3661
f 3561 3662 3562
f 3561 3661 3662
f 3562 3663 3563
f 3562 3662 3663
f 3563 3664 3564
f 3563 3663 3664
f 3564 3665 3565
f 3564 3664 3665
f 3565 3666 3566
f 3565 3665 3666
f 3566 3667 3567
f 3566 3666 3667
f 3567 3668 3568
f 3567 3667 3668
f 3568 3669 3569
f 3568 3668 3669
f 3569 3670 3570
f 3569 3669 3670
f 3570 3671 3571
f 3570 3670 3671
f 3571 3672 3572
f 3571 3671 3672
f 3572 3673 3573
f 3572 3672 3673
f 3573 3674 3574
f 3573 3673 3674
f 3574 3675 3575
f 3574 3674 3675
f 3575 3676 3576
f 3575 3675 3676
f 3576 3677 3577
f 3576 3676 3677
f 3577 3678 3578
f 3577 3677 3678
f 3578 3679 3579
f 3578 3678 3679
f 3579 3680 3580
f 3579 3679 3680
f 3580 3681 3581
f 3580 3680 3681
f 3581 3682 3582
f 3581 3681 3682
f 3582 3683 3583
f 3582 3682 3683
f 3583 3684 3584
f 3583 3683 3684
f 3584 3685 3585
f 3584 3684 3685
f 3585 3686 3586
f 3585 3685 3686
f 3586 3687 3587
f 3586 3686 3687
f 3587 3688 3588
f 3587 3687 3688
f 3588 3689 3589
f 3588 3688 3689
f 3589 3690 3590
f 3589 3689 3690
f 3590 3691 3591
f 3590 3690 3691
f 3591 3692 3592
f 3591 3691 3692
f 3592 3693 3593
f 3592 3692 3693
f 3593 3694 3594
f 3593 3693 3694
f 3594 3695 3595
f 3594 3694 3695
f 3595 3696 3596
f 3595 3695 3696
f 3596 3697 3597
f 3596 3696 3697
f 3597 3698 3598
f 3597 3697 3698
f 3598 3699 3599
f 3598 3698 3699
f 3599 3700 3600
f 3599 3699 3700
f 3600 3601 3501
f 3600 3700 3601
f 3601 3702 3602
f 3601 3701 3702
f 3602 3703 3603
f 3602 3702 3703
f 3603 3704 3604
f 3603 3703 3704
f 3604 3705 3605
f 3604 3704 3705
f 3605 3706 3606
f 3605 3705 3706
f 3606 3707 3607
f 3606 3706 3707
f 3607 3708 3608
f 3607 3707 3708
f 3608 3709 3609
f 3608 3708 3709
f 3609 3710 3610
f 3609 3709 3710
f 3610 3711 3611
f 3610 3710 3711
f 3611 3712 3612
f 3611 3711 3712
f 3612 3713 3613
f 3612 3712 3713
f 3613 3714 3614
f 3613 3713 3714
f 3614 3715 3615
f 3614 3714 3715
f 3615 3716 3616
f 3615 3715 3716
f 3616 3717 3617
f 3616 3716 3717
f 3617 3718 3618
f 3617 3717 3718
f 3618 3719 3619
f 3618 3718 3719
f 3619 3720 3620
f 3619 3719 3720
f 3620 3721 3621
f 3620 3720 3721
f 3621 3722 3622
f 3621 3721 3722
f 3622 3723 3623
f 3622 3722 3723
f 3623 3724 3624
f 3623 3723 3724
f 3624 3725 3625
f 3624 3724 3725
f 3625 3726 3626
f 3625 3725 3726
f 3626 3727 3627
f 3626 3726 3727
f 3627 3728 3628
f 3627 3727 3728
f 3628 3729 3629
f 3628 3728 3729
f 3629 3730 3630
f 3629 3729 3730
f 3630 3731 3631
f 3630 3730 3731
f 3631 3732 3632
f 3631 3731 3732
f 3632 3733 3633
f 3632 3732 3733
f 3633 3734 3634
f 3633 3733 3734
f 3634 3735 3635
f 3634 3734 3735
f 3635 3736 3636
f 3635 3735 3736
f 3636 3737 3637
f 3636 3736 3737
f 3637 3738 3638
f 3637 3737 3738
f 3638 3739 3639
f 3638 3738 3739
f 3639 3740 3640
f 3639 3739 3740
f 3640 3741 3641
f 3640 3740 3741
f 3641 3742 3642
f 3641 3741 3742
f 3642 3743 3643
f 3642 3742 3743
f 3643 3744 3644
f 3643 3743 3744
f 3644 3745 3645
f 3644 3744 3745
f 3645 3746 3646
f 3645 3745 3746
f 3646 3747 3647
f 3646 3746 3747
f 3647 3748 3648
f 3647 3747 3748
f 3648 3749 3649
f 3648 3748 3749
f 3649 3750 3650
f 3649 3749 3750
f 3650 3751 3651
f 3650 3750 3751
f 3651 3752 3652
f 3651 3751 3752
f 3652 3753 3653
f 3652 3752 3753
f 3653 3754 3654
f 3653 3753 3754
f 3654 3755 3655
f 3654 3754 3755
f 3655 3756 3656
f 3655 3755 3756
f 3656 3757 3657
f 3656 3756 3757
f 3657 3758 3658
f 3657 3757 3758
f 3658 3759 3659
f 3658 3758 3759
f 3659 3760 3660
f 3659 3759 3760
f 3660 3761 3661
f 3660 3760 3761
f 3661 3762 3662
f 3661 3761 3762
f 3662 3763 3663
f 3662 3762 3763
f 3663 3764 3664
f 3663 3763 3764
f 3664 3765 3665
f 3664 3764 3765
f 3665 3766 3666
f 3665 3765 3766
f 3666 3767 3667
f 3666 3766 3767
f 3667 3768 3668
f 3667 3767 3768
f 3668 3769 3669
f 3668 3768 3769
f 3669 3770 3670
f 3669 3769 3770
f 3670 3771 3671
f 3670 3770 3771
f 3671 3772 3672
f 3671 3771 3772
f 3672 3773 3673
f 3672 3772 3773
f 3673 3774 3674
f 3673 3773 3774
f 3674 3775 3675
f 3674 3774 3775
f 3675 3776 3676
f 3675 3775 3776
f 3676 3777 3677
f 3676 3776 3777
f 3677 3778 3678
f 3677 3777 3778
f 3678 3779 3679
f 3678 3778 3779
f 3679 3780 3680
f 3679 3779 3780
f 3680 3781 3681
f 3680 3780 3781
f 3681 3782 3682
f 3681 3781 3782
f 3682 3783 3683
f 3682 3782 3783
f 3683 3784 3684
f 3683 3783 3784
f 3684 3785 3685
f 3684 3784 3785
f 3685 3786 3686
f 3685 3785 3786
f 3686 3787 3687
f 3686 3786 3787
f 3687 3788 3688
f 3687 3787 3788
f 3688 3789 3689
f 3688 3788 3789
f 3689 3790 3690
f 3689 3789 3790
f 3690 3791 3691
f 3690 3790 3791
f 3691 3792 3692
f 3691 3791 3792
f 3692 3793 3693
f 3692 3792 3793
f 3693 3794 3694
f 3693 3793 3794
f 3694 3795 3695
f 3694 3794 3795
f 3695 3796 3696
f 3695 3795 3796
f 3696 3797 3697
f 3696 3796 3797
f 3697 3798 3698
f 3697 3797 3798
f 3698 3799 3699
f 3698 3798 3799
f 3699 3800 3700
f 3699 3799 3800
f 3700 3701 3601
f 3700 3800 3701
f 3701 3802 3702
f 3701 3801 3802
f 3702 3803 3703
f 3702 3802 3803
f 3703 3804 3704
f 3703 3803 3804
f 3704 3805 3705
f 3704 3804 3805
f 3705 3806 3706
f 3705 3805 3806
f 3706 3807 3707
f 3706 3806 3807
f 3707 3808 3708
f 3707 3807 3808
f 3708 3809 3709
f 3708 3808 3809
f 3709 3810 3710
f 3709 3809 3810
f 3710 3811 3711
f 3710 3810 3811
f 3711 3812 3712
f 3711 3811 3812
f 3712 3813 3713
f 3712 3812 3813
f 3713 3814 3714
f 3713 3813 3814
f 3714 3815 3715
f 3714 3814 3815
f 3715 3816 3716
f 3715 3815 3816
f 3716 3817 3717
f 3716 3816 3817
f 3717 3818 3718
f 3717 3817 3818
f 3718 3819 3719
f 3718 3818 3819
f 3719 3820 3720
f 3719 3819 3820
f 3720 3821 3721
f 3720 3820 3821
f 3721 3822 3722
f 3721 3821 3822
f 3722 3823 3723
f 3722 3822 3823
f 3723 3824 3724
f 3723 3823 3824
f 3724 3825 3725
f 3724 3824 3825
f 3725 3826 3726
f 3725 3825 3826
f 3726 3827 3727
f 3726 3826 3827
f 3727 3828 3728
f 3727 3827 3828
f 3728 3829 3729
f 3728 3828 3829
f 3729 3830 3730
f 3729 3829 3830
f 3730 3831 3731
f 3730 3830 3831
f 3731 3832 3732
f 3731 3831 3832
f 3732 3833 3733
f 3732 3832 3833
f 3733 3834 3734
f 3733 3833 3834
f 3734 3835 3735
f 3734 3834 3835
f 3735 3836 3736
f 3735 3835 3836
f 3736 3837 3737
f 3736 3836 3837
f 3737 3838 3738
f 3737 3837 3838
f 3738 3839 3739
f 3738 3838 3839
f 3739 3840 3740
f 3739 3839 3840
f 3740 3841 3741
f 3740 3840 3841
f 3741 3842 3742
f 3741 3841 3842
f 3742 3843 3743
f 3742 3842 3843
f 3743 3844 3744
f 3743 3843 3844
f 3744 3845 3745
f 3744 3844 3845
f 3745 3846 3746
f 3745 3845 3846
f 3746 3847 3747
f 3746 3846 3847
f 3747 3848 3748
f 3747 3847 3848
f 3748 3849 3749
f 3748 3848 3849
f 3749 3850 3750
f 3749 3849 3850
f 3750 3851 3751
f 3750 3850 3851
f 3751 3852 3752
f 3751 3851 3852
f 3752 3853 3753
f 3752 3852 3853
f 3753 3854 3754
f 3753 3853 3854
f 3754 3855 3755
f 3754 3854 3855
f 3755 3856 3756
f 3755 3855 3856
f 3756 3857 3757
f 3756 3856 3857
f 3757 3858 3758
f 3757 3857 3858
f 3758 3859 3759
f 3758 3858 3859
f 3759 3860 3760
f 3759 3859 3860
f 3760 3861 3761
f 3760 3860 3861
f 3761 3862 3762
f 3761 3861 3862
f 3762 3863 3763
f 3762 3862 3863
f 3763 3864 3764
f 3763 3863 3864
f 3764 3865 3765
f 3764 3864 3865
f 3765 3866 3766
f 3765 3865 3866
f 3766 3867 3767
f 3766 3866 3867
f 3767 3868 3768
f 3767 3867 3868
f 3768 3869 3769
f 3768 3868 3869
f 3769 3870 3770
f 3769 3869 3870
f 3770 3871 3771
f 3770 3870 3871
f 3771 3872 3772
f 3771 3871 3872
f 3772 3873 3773
f 3772 3872 3873
f 3773 3874 3774
f 3773 3873 3874
f 3774 3875 3775
f 3774 3874 3875
f 3775 3876 3776
f 3775 3875 3876
f 3776 3877 3777
f 3776 3876 3877
f 3777 3878 3778
f 3777 3877 3878
f 3778 3879 3779
f 3778 3878 3879
f 3779 3880 3780
f 3779 3879 3880
f 3780 3881 3781
f 3780 3880 3881
f 3781 3882 3782
f 3781 3881 3882
f 3782 3883 3783
f 3782 3882 3883
f 3783 3884 3784
f 3783 3883 3884
f 3784 3885 3785
f 3784 3884 3885
f 3785 3886 3786
f 3785 3885 3886
f 3786 3887 3787
f 3786 3886 3887
f 3787 3888 3788
f 3787 3887 3888
f 3788 3889 3789
f 3788 3888 3889
f 3789 3890 3790
f 3789 3889 3890
f 3790 3891 3791
f 3790 3890 3891
f 3791 3892 3792
f 3791 3891 3892
f 3792 3893 3793
f 3792 3892 3893
f 3793 3894 3794
f 3793 3893 3894
f 3794 3895 3795
f 3794 3894 3895
f 3795 3896 3796
f 3795 3895 3896
f 3796 3897 3797
f 3796 3896 3897
f 3797 3898 3798
f 3797 3897 3898
f 3798 3899 3799
f 3798 3898 3899
f 3799 3900 3800
f 3799 3899 3900
f 3800 3801 3701
f 3800 3900 3801
f 3801 3902 3802
f 3801 3901 3902
f 3802 3903 3803
f 3802 3902 3903
f 3803 3904 3804
f 3803 3903 3904
f 3804 3905 3805
f 3804 3904 3905
f 3805 3906 3806
f 3805 3905 3906
f 3806 3907 3807
f 3806 3906 3907
f 3807 3908 3808
f 3807 3907 3908
f 3808 3909 3809
f 3808 3908 3909
f 3809 3910 3810
f 3809 3909 3910
f 3810 3911 3811
f 3810 3910 3911
f 3811 3912 3812
f 3811 3911 3912
f 3812 3913 3813
f 3812 3912 3913
f 3813 3914 3814
f 3813 3913 3914
f 3814 3915 3815
f 3814 3914 3915
f 3815 3916 3816
f 3815 3915 3916
f 3816 3917 3817
f 3816 3916 3917
f 3817 3918 3818
f 3817 3917 3918
f 3818 3919 3819
f 3818 3918 3919
f 3819 3920 3820
f 3819 3919 3920
f 3820 3921 3821
f 3820 3920 3921
f 3821 3922 3822
f 3821 3921 3922
f 3822 3923 3823
f 3822 3922 3923
f 3823 3924 3824
f 3823 3923 3924
f 3824 3925 3825
f 3824 3924 3925
f 3825 3926 3826
f 3825 3925 3926
f 3826 3927 3827
f 3826 3926 3927
f 3827 3928 3828
f 3827 3927 3928
f 3828 3929 3829
f 3828 3928 3929
f 3829 3930 3830
f 3829 3929 3930
f 3830 3931 3831
f 3830 3930 3931
f 3831 3932 3832
f 3831 3931 3932
f 3832 3933 3833
f 3832 3932 3933
f 3833 3934 3834
f 3833 3933 3934
f 3834 3935 3835
f 3834 3934 3935
f 3835 3936 3836
f 3835 3935 3936
f 3836 3937 3837
f 3836 3936 3937
f 3837 3938 3838
f 3837 3937 3938
f 3838 3939 3839
f 3838 3938 3939
f 3839 3940 3840
f 3839 3939 3940
f 3840 3941 3841
f 3840 3940 3941
f 3841 3942 3842
f 3841 3941 3942
f 3842 3943 3843
f 3842 3942 3943
f 3843 3944 3844
f 3843 3943 3944
f 3844 3945 3845
f 3844 3944 3945
f 3845 3946 3846
f 3845 3945 3946
f 3846 3947 3847
f 3846 3946 3947
f 3847 3948 3848
f 3847 3947 3948
f 3848 3949 3849
f 3848 3948 3949
f 3849 3950 3850
f 3849 3949 3950
f 3850 3951 3851
f 3850 3950 3951
f 3851 3952 3852
f 3851 3951 3952
f 3852 3953 3853
f 3852 3952 3953
f 3853 3954 3854
f 3853 3953 3954
f 3854 3955 3855
f 3854 3954 3955
f 3855 3956 3856
f 3855 3955 3956
f 3856 3957 3857
f 3856 3956 3957
f 3857 3958 3858
f 3857 3957 3958
f 3858 3959 3859
f 3858 3958 3959
f 3859 3960 3860
f 3859 3959 3960
f 3860 3961 3861
f 3860 3960 3961
f 3861 3962 3862
f 3861 3961 3962
f 3862 3963 3863
f 3862 3962 3963
f 3863 3964 3864
f 3863 3963 3964
f 3864 3965 3865
f 3864 3964 3965
f 3865 3966 3866
f 3865 3965 3966
f 3866 3967 3867
f 3866 3966 3967
f 3867 3968 3868
f 3867 3967 3968
f 3868 3969 3869
f 3868 3968 3969
f 3869 3970 3870
f 3869 3969 3970
f 3870 3971 3871
f 3870 3970 3971
f 3871 3972 3872
f 3871 3971 3972
f 3872 3973 3873
f 3872 3972 3973
f 3873 3974 3874
f 3873 3973 3974
f 3874 3975 3875
f 3874 3974 3975
f 3875 3976 3876
f 3875 3975 3976
f 3876 3977 3877
f 3876 3976 3977
f 3877 3978 3878
f 3877 3977 3978
f 3878 3979 3879
f 3878 3978 3979
f 3879 3980 3880
f 3879 3979 3980
f 3880 3981 3881
f 3880 3980 3981
f 3881 3982 3882
f 3881 3981 3982
f 3882 3983 3883
f 3882 3982 3983
f 3883 3984 3884
f 3883 3983 3984
f 3884 3985 3885
f 3884 3984 3985
f 3885 3986 3886
f 3885 3985 3986
f 3886 3987 3887
f 3886 3986 3987
f 3887 3988 3888
f 3887 3987 3988
f 3888 3989 3889
f 3888 3988 3989
f 3889 3990 3890
f 3889 3989 3990
f 3890 3991 3891
f 3890 3990 3991
f 3891 3992 3892
f 3891 3991 3992
f 3892 3993 3893
f 3892 3992 3993
f 3893 3994 3894
f 3893 3993 3994
f 3894 3995 3895
f 3894 3994 3995
f 3895 3996 3896
f 3895 3995 3996
f 3896 3997 3897
f 3896 3996 3997
f 3897 3998 3898
f 3897 3997 3998
f 3898 3999 3899
f 3898 3998 3999
f 3899 4000 3900
f 3899 3999 4000
f 3900 3901 3801
f 3900 4000 3901
